=== PANDA download — Radboud only (masks-only) ===
  Data root: /common/omarmlab/members/anh/panda_data
nfs.researchhpc.storage:/ifs/esserislcl01/common  4.7P  3.0P  1.8P  64% /common
Radboud masks: 5060 total, 4645 to download
  FAIL train_label_masks/15d988a363c6d81572a8ed9ccc3f46f6_mask.tiff: 429 Client Error: Too Many Requests for url: https://api.kaggle.com/v1/competitions.CompetitionApiService/DownloadDataFile

  FAIL train_label_masks/15ea2d5d326ff73f1f5b25bf7721232a_mask.tiff: 429 Client Error: Too Many Requests for url: https://api.kaggle.com/v1/competitions.CompetitionApiService/DownloadDataFile

  FAIL train_label_masks/15ee33d8a2845dd72a240f17db87000b_mask.tiff: 429 Client Error: Too Many Requests for url: https://api.kaggle.com/v1/competitions.CompetitionApiService/DownloadDataFile

  FAIL train_label_masks/160a477ebf1063575de0657e87aee1c2_mask.tiff: 429 Client Error: Too Many Requests for url: https://api.kaggle.com/v1/competitions.CompetitionApiService/DownloadDataFile

  FAIL train_label_masks/160a724e4f6c877d8175fdf7d07a0a67_mask.tiff: 429 Client Error: Too Many Requests for url: https://api.kaggle.com/v1/competitions.CompetitionApiService/DownloadDataFile

  FAIL train_label_masks/161e2fc76e242f0b8861888cf41d0e18_mask.tiff: 429 Client Error: Too Many Requests for url: https://api.kaggle.com/v1/competitions.CompetitionApiService/DownloadDataFile

  FAIL train_label_masks/16245569965bf8a154f6bd2defc8df7e_mask.tiff: 429 Client Error: Too Many Requests for url: https://api.kaggle.com/v1/competitions.CompetitionApiService/DownloadDataFile

  FAIL train_label_masks/16272df65f00bdc126b5ca32de2b3a6b_mask.tiff: 429 Client Error: Too Many Requests for url: https://api.kaggle.com/v1/competitions.CompetitionApiService/DownloadDataFile

  FAIL train_label_masks/162cd4fc05480042f1429d3eaed599d8_mask.tiff: 429 Client Error: Too Many Requests for url: https://api.kaggle.com/v1/competitions.CompetitionApiService/DownloadDataFile

  FAIL train_label_masks/163fabe883fcd17de4f899ca8ede45a8_mask.tiff: 429 Client Error: Too Many Requests for url: https://api.kaggle.com/v1/competitions.CompetitionApiService/DownloadDataFile

  FAIL train_label_masks/1665277114b8f7349da97f801a0e8061_mask.tiff: 429 Client Error: Too Many Requests for url: https://api.kaggle.com/v1/competitions.CompetitionApiService/DownloadDataFile

  FAIL train_label_masks/166631bd73e53e8ebb1ab844dcd6d3dd_mask.tiff: 429 Client Error: Too Many Requests for url: https://api.kaggle.com/v1/competitions.CompetitionApiService/DownloadDataFile

  FAIL train_label_masks/166f7618e2d9e5c9b05e4dd358f7659e_mask.tiff: 429 Client Error: Too Many Requests for url: https://api.kaggle.com/v1/competitions.CompetitionApiService/DownloadDataFile

  FAIL train_label_masks/167ff6e9aa4e03593520c277f4071557_mask.tiff: 429 Client Error: Too Many Requests for url: https://api.kaggle.com/v1/competitions.CompetitionApiService/DownloadDataFile

  FAIL train_label_masks/169d9147cecd82694d89707040728d5a_mask.tiff: 429 Client Error: Too Many Requests for url: https://api.kaggle.com/v1/competitions.CompetitionApiService/DownloadDataFile

  FAIL train_label_masks/16a9e8227156e2d8598cd22e633610be_mask.tiff: 429 Client Error: Too Many Requests for url: https://api.kaggle.com/v1/competitions.CompetitionApiService/DownloadDataFile

  FAIL train_label_masks/16ad51c0a769aa6dd7d09671faca0b4e_mask.tiff: 429 Client Error: Too Many Requests for url: https://api.kaggle.com/v1/competitions.CompetitionApiService/DownloadDataFile

  FAIL train_label_masks/16cc34b16c0b30e43e8c33f572440ae6_mask.tiff: 429 Client Error: Too Many Requests for url: https://api.kaggle.com/v1/competitions.CompetitionApiService/DownloadDataFile

  FAIL train_label_masks/16d60f4cf354e55767cd9ad2b7ccc4bb_mask.tiff: 429 Client Error: Too Many Requests for url: https://api.kaggle.com/v1/competitions.CompetitionApiService/DownloadDataFile

  FAIL train_label_masks/16d80dbe6d4b3bf22ecf54833b17f3ec_mask.tiff: 429 Client Error: Too Many Requests for url: https://api.kaggle.com/v1/competitions.CompetitionApiService/DownloadDataFile

  FAIL train_label_masks/170c91c206648c545cfe69c718c059f2_mask.tiff: 429 Client Error: Too Many Requests for url: https://api.kaggle.com/v1/competitions.CompetitionApiService/DownloadDataFile

  FAIL train_label_masks/171f7bcb6ead41478ece0bc757ea7e09_mask.tiff: 429 Client Error: Too Many Requests for url: https://api.kaggle.com/v1/competitions.CompetitionApiService/DownloadDataFile

  FAIL train_label_masks/17234e71a8ef40303017a71da8988a9e_mask.tiff: 429 Client Error: Too Many Requests for url: https://api.kaggle.com/v1/competitions.CompetitionApiService/DownloadDataFile

  FAIL train_label_masks/17364682bc0141eab397828f49642a60_mask.tiff: 429 Client Error: Too Many Requests for url: https://api.kaggle.com/v1/competitions.CompetitionApiService/DownloadDataFile

  FAIL train_label_masks/173b49fe81aff971168dc5d7ef4124d8_mask.tiff: 429 Client Error: Too Many Requests for url: https://api.kaggle.com/v1/competitions.CompetitionApiService/DownloadDataFile

  FAIL train_label_masks/173f4e37ce1592690c9bb78b99eafb1c_mask.tiff: 429 Client Error: Too Many Requests for url: https://api.kaggle.com/v1/competitions.CompetitionApiService/DownloadDataFile

  FAIL train_label_masks/1748c4d7cfd4014f04809b6371935286_mask.tiff: 429 Client Error: Too Many Requests for url: https://api.kaggle.com/v1/competitions.CompetitionApiService/DownloadDataFile

  FAIL train_label_masks/17537cf7df9f40a7ffb523b4d2a2bb8e_mask.tiff: 429 Client Error: Too Many Requests for url: https://api.kaggle.com/v1/competitions.CompetitionApiService/DownloadDataFile

  FAIL train_label_masks/177832eff75d0ffb22520e6c8a052e6f_mask.tiff: 429 Client Error: Too Many Requests for url: https://api.kaggle.com/v1/competitions.CompetitionApiService/DownloadDataFile

  FAIL train_label_masks/1784ab09ff0d41a78a89e36226bf3eb5_mask.tiff: 429 Client Error: Too Many Requests for url: https://api.kaggle.com/v1/competitions.CompetitionApiService/DownloadDataFile

  FAIL train_label_masks/1796a7081ed86d83fddf677904d3843f_mask.tiff: 429 Client Error: Too Many Requests for url: https://api.kaggle.com/v1/competitions.CompetitionApiService/DownloadDataFile

  FAIL train_label_masks/17a486c9252622e27c2714de7e7695b7_mask.tiff: 429 Client Error: Too Many Requests for url: https://api.kaggle.com/v1/competitions.CompetitionApiService/DownloadDataFile

  FAIL train_label_masks/17ae9e54799a59930cca9015e503ac07_mask.tiff: 429 Client Error: Too Many Requests for url: https://api.kaggle.com/v1/competitions.CompetitionApiService/DownloadDataFile

  FAIL train_label_masks/17b83466a22a8a96ccf3a7cccd83068f_mask.tiff: 429 Client Error: Too Many Requests for url: https://api.kaggle.com/v1/competitions.CompetitionApiService/DownloadDataFile

  FAIL train_label_masks/17bf343efd84faecfcdbfcd7eda18280_mask.tiff: 429 Client Error: Too Many Requests for url: https://api.kaggle.com/v1/competitions.CompetitionApiService/DownloadDataFile

  FAIL train_label_masks/17ce197283f339f4ab406de74d03f6b2_mask.tiff: 429 Client Error: Too Many Requests for url: https://api.kaggle.com/v1/competitions.CompetitionApiService/DownloadDataFile

  FAIL train_label_masks/17ceaa3198ace548e0fd65b95c800a32_mask.tiff: 429 Client Error: Too Many Requests for url: https://api.kaggle.com/v1/competitions.CompetitionApiService/DownloadDataFile

  FAIL train_label_masks/17e1f862d37507d9b5a73208ef30ccc6_mask.tiff: 429 Client Error: Too Many Requests for url: https://api.kaggle.com/v1/competitions.CompetitionApiService/DownloadDataFile

  FAIL train_label_masks/17e370eedaa11c265e5cabb3601a2fd2_mask.tiff: 429 Client Error: Too Many Requests for url: https://api.kaggle.com/v1/competitions.CompetitionApiService/DownloadDataFile

  FAIL train_label_masks/17f368585f7e3bd1a82bdfa88b85e5e1_mask.tiff: 429 Client Error: Too Many Requests for url: https://api.kaggle.com/v1/competitions.CompetitionApiService/DownloadDataFile

  FAIL train_label_masks/1806b2c1ff66377269ffc9a26ffde9d7_mask.tiff: 429 Client Error: Too Many Requests for url: https://api.kaggle.com/v1/competitions.CompetitionApiService/DownloadDataFile

  FAIL train_label_masks/180e2320aefbf3dfecab785446bc555b_mask.tiff: 429 Client Error: Too Many Requests for url: https://api.kaggle.com/v1/competitions.CompetitionApiService/DownloadDataFile

  FAIL train_label_masks/18157fa5a744739d34a3c498e4aa8dab_mask.tiff: 429 Client Error: Too Many Requests for url: https://api.kaggle.com/v1/competitions.CompetitionApiService/DownloadDataFile

  FAIL train_label_masks/1836f6539ccc9e37d426603cc4526f8b_mask.tiff: 429 Client Error: Too Many Requests for url: https://api.kaggle.com/v1/competitions.CompetitionApiService/DownloadDataFile

  FAIL train_label_masks/1844a09c66e370d856cefb21f5e82be4_mask.tiff: 429 Client Error: Too Many Requests for url: https://api.kaggle.com/v1/competitions.CompetitionApiService/DownloadDataFile

  FAIL train_label_masks/184a184ac82d72d499f99b67d6a1c631_mask.tiff: 429 Client Error: Too Many Requests for url: https://api.kaggle.com/v1/competitions.CompetitionApiService/DownloadDataFile

  FAIL train_label_masks/184ade4deb68e6299183b68f1289ca5b_mask.tiff: 429 Client Error: Too Many Requests for url: https://api.kaggle.com/v1/competitions.CompetitionApiService/DownloadDataFile

  FAIL train_label_masks/18533bc08197fa92ff063ad89ceddc89_mask.tiff: 429 Client Error: Too Many Requests for url: https://api.kaggle.com/v1/competitions.CompetitionApiService/DownloadDataFile

  FAIL train_label_masks/18566c8e26d5b14f599fc92acec008e0_mask.tiff: 429 Client Error: Too Many Requests for url: https://api.kaggle.com/v1/competitions.CompetitionApiService/DownloadDataFile

  FAIL train_label_masks/1866ab99cc028bbb8ed656f1181215f1_mask.tiff: 429 Client Error: Too Many Requests for url: https://api.kaggle.com/v1/competitions.CompetitionApiService/DownloadDataFile

  FAIL train_label_masks/1879de2690c241fab002235b2d6e0d6a_mask.tiff: 429 Client Error: Too Many Requests for url: https://api.kaggle.com/v1/competitions.CompetitionApiService/DownloadDataFile

  FAIL train_label_masks/1894dd1e67ddfc62a309e78ef7ffc5e3_mask.tiff: 429 Client Error: Too Many Requests for url: https://api.kaggle.com/v1/competitions.CompetitionApiService/DownloadDataFile

  FAIL train_label_masks/1896b63650679d190184e973cb3f2be6_mask.tiff: 429 Client Error: Too Many Requests for url: https://api.kaggle.com/v1/competitions.CompetitionApiService/DownloadDataFile

  FAIL train_label_masks/18a3bb8a5a0e5449d25195eb10804e39_mask.tiff: 429 Client Error: Too Many Requests for url: https://api.kaggle.com/v1/competitions.CompetitionApiService/DownloadDataFile

  FAIL train_label_masks/18e8d0f069454b4492f5502f15883589_mask.tiff: 429 Client Error: Too Many Requests for url: https://api.kaggle.com/v1/competitions.CompetitionApiService/DownloadDataFile

  FAIL train_label_masks/18eb49f9b5f5b45b3a93717ec10bfd7e_mask.tiff: 429 Client Error: Too Many Requests for url: https://api.kaggle.com/v1/competitions.CompetitionApiService/DownloadDataFile

  FAIL train_label_masks/192ef6b5c13cb775f8a1d3047c627d99_mask.tiff: 429 Client Error: Too Many Requests for url: https://api.kaggle.com/v1/competitions.CompetitionApiService/DownloadDataFile

  FAIL train_label_masks/1932ff2c873d7b98914c8bf50a32f263_mask.tiff: 429 Client Error: Too Many Requests for url: https://api.kaggle.com/v1/competitions.CompetitionApiService/DownloadDataFile

  FAIL train_label_masks/1955abe61aaf0edc0a62aed6d25f00e5_mask.tiff: 429 Client Error: Too Many Requests for url: https://api.kaggle.com/v1/competitions.CompetitionApiService/DownloadDataFile

  FAIL train_label_masks/19638106770d8d0494e4d1ccf64e1662_mask.tiff: 429 Client Error: Too Many Requests for url: https://api.kaggle.com/v1/competitions.CompetitionApiService/DownloadDataFile

  FAIL train_label_masks/196f3b66be713d67db88cd412ed8768d_mask.tiff: 429 Client Error: Too Many Requests for url: https://api.kaggle.com/v1/competitions.CompetitionApiService/DownloadDataFile

  FAIL train_label_masks/198fa06f052feedc1684e42829c137fc_mask.tiff: 429 Client Error: Too Many Requests for url: https://api.kaggle.com/v1/competitions.CompetitionApiService/DownloadDataFile

  FAIL train_label_masks/19963a5a3c42675307056e0be36851cf_mask.tiff: 429 Client Error: Too Many Requests for url: https://api.kaggle.com/v1/competitions.CompetitionApiService/DownloadDataFile

  FAIL train_label_masks/19cd8d1657528f7d4895398a6fd093ec_mask.tiff: 429 Client Error: Too Many Requests for url: https://api.kaggle.com/v1/competitions.CompetitionApiService/DownloadDataFile

  FAIL train_label_masks/19f3f3265bd80f1ee68cff968541639a_mask.tiff: 429 Client Error: Too Many Requests for url: https://api.kaggle.com/v1/competitions.CompetitionApiService/DownloadDataFile

  FAIL train_label_masks/1a09038fa60de37d48cdec28144cf98e_mask.tiff: 429 Client Error: Too Many Requests for url: https://api.kaggle.com/v1/competitions.CompetitionApiService/DownloadDataFile

  FAIL train_label_masks/1a0f9b33bff0a3649d79b7bf01203e04_mask.tiff: 429 Client Error: Too Many Requests for url: https://api.kaggle.com/v1/competitions.CompetitionApiService/DownloadDataFile

  FAIL train_label_masks/1a1229aa03a98248db658d6c2ae18478_mask.tiff: 429 Client Error: Too Many Requests for url: https://api.kaggle.com/v1/competitions.CompetitionApiService/DownloadDataFile

  FAIL train_label_masks/1a2aac625091eebb572f8b74bb8d1ce2_mask.tiff: 429 Client Error: Too Many Requests for url: https://api.kaggle.com/v1/competitions.CompetitionApiService/DownloadDataFile

  FAIL train_label_masks/1a33d8ea1893170a972d67e493d59396_mask.tiff: 429 Client Error: Too Many Requests for url: https://api.kaggle.com/v1/competitions.CompetitionApiService/DownloadDataFile

  FAIL train_label_masks/1a3d0f31cb39106c08c2ee02c36f0348_mask.tiff: 429 Client Error: Too Many Requests for url: https://api.kaggle.com/v1/competitions.CompetitionApiService/DownloadDataFile

  FAIL train_label_masks/1a4aaf5d3dbf7898979d11578955e780_mask.tiff: 429 Client Error: Too Many Requests for url: https://api.kaggle.com/v1/competitions.CompetitionApiService/DownloadDataFile

  FAIL train_label_masks/1a4ca4766f17d9244e867783c042fb53_mask.tiff: 429 Client Error: Too Many Requests for url: https://api.kaggle.com/v1/competitions.CompetitionApiService/DownloadDataFile

  FAIL train_label_masks/1a60c75983db9d7a7d8acada5151700e_mask.tiff: 429 Client Error: Too Many Requests for url: https://api.kaggle.com/v1/competitions.CompetitionApiService/DownloadDataFile

  FAIL train_label_masks/1a66b4d3dbb1089891835d2698c6deec_mask.tiff: 429 Client Error: Too Many Requests for url: https://api.kaggle.com/v1/competitions.CompetitionApiService/DownloadDataFile

  FAIL train_label_masks/1a789c6c69c689629ac6e8c11eb0f5fa_mask.tiff: 429 Client Error: Too Many Requests for url: https://api.kaggle.com/v1/competitions.CompetitionApiService/DownloadDataFile

  FAIL train_label_masks/1a9dc3df5b76c7c4968530cdc05df1ec_mask.tiff: 429 Client Error: Too Many Requests for url: https://api.kaggle.com/v1/competitions.CompetitionApiService/DownloadDataFile

  FAIL train_label_masks/1aa5ff56e243cbc8ed0e140a7148f3fd_mask.tiff: 429 Client Error: Too Many Requests for url: https://api.kaggle.com/v1/competitions.CompetitionApiService/DownloadDataFile

  FAIL train_label_masks/1aaa3e8a1b4a738cb9a2d358dd45dbc5_mask.tiff: 429 Client Error: Too Many Requests for url: https://api.kaggle.com/v1/competitions.CompetitionApiService/DownloadDataFile

  FAIL train_label_masks/1ab5733eafcd0a2baede5e06d4195915_mask.tiff: 429 Client Error: Too Many Requests for url: https://api.kaggle.com/v1/competitions.CompetitionApiService/DownloadDataFile

  FAIL train_label_masks/1abb6882a5cba3d9c166736825bbe101_mask.tiff: 429 Client Error: Too Many Requests for url: https://api.kaggle.com/v1/competitions.CompetitionApiService/DownloadDataFile

  FAIL train_label_masks/1ac5fed19cf6f44db9a4dfa85aefce4a_mask.tiff: 429 Client Error: Too Many Requests for url: https://api.kaggle.com/v1/competitions.CompetitionApiService/DownloadDataFile

  FAIL train_label_masks/1ad3541a3fe674e74dba9b3507eea0d7_mask.tiff: 429 Client Error: Too Many Requests for url: https://api.kaggle.com/v1/competitions.CompetitionApiService/DownloadDataFile

  FAIL train_label_masks/1ad725c53a59666f85d84dbea616000f_mask.tiff: 429 Client Error: Too Many Requests for url: https://api.kaggle.com/v1/competitions.CompetitionApiService/DownloadDataFile

  FAIL train_label_masks/1ae5bb38e69e00f22cb087a4d2237b43_mask.tiff: 429 Client Error: Too Many Requests for url: https://api.kaggle.com/v1/competitions.CompetitionApiService/DownloadDataFile

  FAIL train_label_masks/1afb7eb814308f8491a88398a6068422_mask.tiff: 429 Client Error: Too Many Requests for url: https://api.kaggle.com/v1/competitions.CompetitionApiService/DownloadDataFile

  FAIL train_label_masks/1b04602fffd6117606d1a05efa96daaf_mask.tiff: 429 Client Error: Too Many Requests for url: https://api.kaggle.com/v1/competitions.CompetitionApiService/DownloadDataFile

  FAIL train_label_masks/1b0ad4aabcc4be89e9134534ac554a19_mask.tiff: 429 Client Error: Too Many Requests for url: https://api.kaggle.com/v1/competitions.CompetitionApiService/DownloadDataFile

  FAIL train_label_masks/1b117dcc119ec9a258eccc88bd419b0f_mask.tiff: 429 Client Error: Too Many Requests for url: https://api.kaggle.com/v1/competitions.CompetitionApiService/DownloadDataFile

  FAIL train_label_masks/1b176c9049260a8843b97349ccdd3eb7_mask.tiff: 429 Client Error: Too Many Requests for url: https://api.kaggle.com/v1/competitions.CompetitionApiService/DownloadDataFile

  FAIL train_label_masks/1b1d9451010fce1234639d728e25f3ec_mask.tiff: 429 Client Error: Too Many Requests for url: https://api.kaggle.com/v1/competitions.CompetitionApiService/DownloadDataFile

  FAIL train_label_masks/1b323176137e2d3b0fa66c691af7168e_mask.tiff: 429 Client Error: Too Many Requests for url: https://api.kaggle.com/v1/competitions.CompetitionApiService/DownloadDataFile

  FAIL train_label_masks/1b395ce8fd3eee21b0feb260e477a197_mask.tiff: 429 Client Error: Too Many Requests for url: https://api.kaggle.com/v1/competitions.CompetitionApiService/DownloadDataFile

  FAIL train_label_masks/1b4e035a6233cc3d80ececed44532129_mask.tiff: 429 Client Error: Too Many Requests for url: https://api.kaggle.com/v1/competitions.CompetitionApiService/DownloadDataFile

  FAIL train_label_masks/1b6ada2e6a396b9fc86ec1905b3c017d_mask.tiff: 429 Client Error: Too Many Requests for url: https://api.kaggle.com/v1/competitions.CompetitionApiService/DownloadDataFile

  FAIL train_label_masks/1b86a85640e5832e6b27d89c8f99adf9_mask.tiff: 429 Client Error: Too Many Requests for url: https://api.kaggle.com/v1/competitions.CompetitionApiService/DownloadDataFile

  FAIL train_label_masks/1b95a0c32503e4549326e820a57127fd_mask.tiff: 429 Client Error: Too Many Requests for url: https://api.kaggle.com/v1/competitions.CompetitionApiService/DownloadDataFile

  FAIL train_label_masks/1bc342d4ebef1660782a5a477f916083_mask.tiff: 429 Client Error: Too Many Requests for url: https://api.kaggle.com/v1/competitions.CompetitionApiService/DownloadDataFile

  FAIL train_label_masks/1bd161a24fc63eed0e1bc3742e0dc7fd_mask.tiff: 429 Client Error: Too Many Requests for url: https://api.kaggle.com/v1/competitions.CompetitionApiService/DownloadDataFile

  FAIL train_label_masks/1bd7ebd175fec439e449bb17786dd824_mask.tiff: 429 Client Error: Too Many Requests for url: https://api.kaggle.com/v1/competitions.CompetitionApiService/DownloadDataFile

  FAIL train_label_masks/1bdf2c81b6b6aad6aae2818a844957f0_mask.tiff: 429 Client Error: Too Many Requests for url: https://api.kaggle.com/v1/competitions.CompetitionApiService/DownloadDataFile

  FAIL train_label_masks/1be5a513d61c97663d45df55e8d62d8b_mask.tiff: 429 Client Error: Too Many Requests for url: https://api.kaggle.com/v1/competitions.CompetitionApiService/DownloadDataFile

  FAIL train_label_masks/1bf0cb1e3f0b2ce35b9b0a406cd225c5_mask.tiff: 429 Client Error: Too Many Requests for url: https://api.kaggle.com/v1/competitions.CompetitionApiService/DownloadDataFile

  FAIL train_label_masks/1c0fbb1d600f761847294c4b8019edfe_mask.tiff: 429 Client Error: Too Many Requests for url: https://api.kaggle.com/v1/competitions.CompetitionApiService/DownloadDataFile

  FAIL train_label_masks/1c239449d7f8707211a0e6821848a1c1_mask.tiff: 429 Client Error: Too Many Requests for url: https://api.kaggle.com/v1/competitions.CompetitionApiService/DownloadDataFile

  FAIL train_label_masks/1c3080e8967bbcebcec87dd2041db7de_mask.tiff: 429 Client Error: Too Many Requests for url: https://api.kaggle.com/v1/competitions.CompetitionApiService/DownloadDataFile

  FAIL train_label_masks/1c36c6b2d051fd1952232efb2613808d_mask.tiff: 429 Client Error: Too Many Requests for url: https://api.kaggle.com/v1/competitions.CompetitionApiService/DownloadDataFile

  FAIL train_label_masks/1c3cb1efbcd042da9d3f1939f4c8418d_mask.tiff: 429 Client Error: Too Many Requests for url: https://api.kaggle.com/v1/competitions.CompetitionApiService/DownloadDataFile

  FAIL train_label_masks/1c4653246dc78308252d47160786ad15_mask.tiff: 429 Client Error: Too Many Requests for url: https://api.kaggle.com/v1/competitions.CompetitionApiService/DownloadDataFile

  FAIL train_label_masks/1c6073151697059354f3b8b03d9c4c8e_mask.tiff: 429 Client Error: Too Many Requests for url: https://api.kaggle.com/v1/competitions.CompetitionApiService/DownloadDataFile

  FAIL train_label_masks/1c63335d177c12cab2b3baa2ccf4c328_mask.tiff: 429 Client Error: Too Many Requests for url: https://api.kaggle.com/v1/competitions.CompetitionApiService/DownloadDataFile

  FAIL train_label_masks/1c6e04c29601f73eed22bd7b6381b8e1_mask.tiff: 429 Client Error: Too Many Requests for url: https://api.kaggle.com/v1/competitions.CompetitionApiService/DownloadDataFile

  FAIL train_label_masks/1c8a65cafba1a82092bf5ff231205f71_mask.tiff: 429 Client Error: Too Many Requests for url: https://api.kaggle.com/v1/competitions.CompetitionApiService/DownloadDataFile

  FAIL train_label_masks/1c96795fe1c10e5bdd3911731edfc623_mask.tiff: 429 Client Error: Too Many Requests for url: https://api.kaggle.com/v1/competitions.CompetitionApiService/DownloadDataFile

  FAIL train_label_masks/1c9bf14436cc28f6281f44f73d6fddc8_mask.tiff: 429 Client Error: Too Many Requests for url: https://api.kaggle.com/v1/competitions.CompetitionApiService/DownloadDataFile

  FAIL train_label_masks/1cb4a7d3594586b84849e63b828de968_mask.tiff: 429 Client Error: Too Many Requests for url: https://api.kaggle.com/v1/competitions.CompetitionApiService/DownloadDataFile

  FAIL train_label_masks/1cb56f571749e201e1e37e166d32b0bf_mask.tiff: 429 Client Error: Too Many Requests for url: https://api.kaggle.com/v1/competitions.CompetitionApiService/DownloadDataFile

  FAIL train_label_masks/1cdd6def1e3099a9763938457cf0b4be_mask.tiff: 429 Client Error: Too Many Requests for url: https://api.kaggle.com/v1/competitions.CompetitionApiService/DownloadDataFile

  FAIL train_label_masks/1cf5843c2a55f70a2e93c6107424b545_mask.tiff: 429 Client Error: Too Many Requests for url: https://api.kaggle.com/v1/competitions.CompetitionApiService/DownloadDataFile

  FAIL train_label_masks/1d05f36a330dd277b194f98a84a08ee8_mask.tiff: 429 Client Error: Too Many Requests for url: https://api.kaggle.com/v1/competitions.CompetitionApiService/DownloadDataFile

  FAIL train_label_masks/1d09b5fc1bf2482cdb2e3eb93b94226f_mask.tiff: 429 Client Error: Too Many Requests for url: https://api.kaggle.com/v1/competitions.CompetitionApiService/DownloadDataFile

  FAIL train_label_masks/1d0aa0b565ed9bdbc6c1f4a00bbc4f3d_mask.tiff: 429 Client Error: Too Many Requests for url: https://api.kaggle.com/v1/competitions.CompetitionApiService/DownloadDataFile

  FAIL train_label_masks/1d1163f720942d79ca68721d8f634914_mask.tiff: 429 Client Error: Too Many Requests for url: https://api.kaggle.com/v1/competitions.CompetitionApiService/DownloadDataFile

  FAIL train_label_masks/1d2e39029f1d50a22bd157b3fc4f6b16_mask.tiff: 429 Client Error: Too Many Requests for url: https://api.kaggle.com/v1/competitions.CompetitionApiService/DownloadDataFile

  FAIL train_label_masks/1d2f6f79ee18460e6b18e3710c87e8a2_mask.tiff: 429 Client Error: Too Many Requests for url: https://api.kaggle.com/v1/competitions.CompetitionApiService/DownloadDataFile

  FAIL train_label_masks/1d311ab3363fde90bede7d9f3919f5d8_mask.tiff: 429 Client Error: Too Many Requests for url: https://api.kaggle.com/v1/competitions.CompetitionApiService/DownloadDataFile

  FAIL train_label_masks/1d33889037497d32695ac48a786af6d5_mask.tiff: 429 Client Error: Too Many Requests for url: https://api.kaggle.com/v1/competitions.CompetitionApiService/DownloadDataFile

  FAIL train_label_masks/1d363430fe95e7bf857cd20b5759a9cb_mask.tiff: 429 Client Error: Too Many Requests for url: https://api.kaggle.com/v1/competitions.CompetitionApiService/DownloadDataFile

  FAIL train_label_masks/1d3b91cb4283e31af1436b4f55396623_mask.tiff: 429 Client Error: Too Many Requests for url: https://api.kaggle.com/v1/competitions.CompetitionApiService/DownloadDataFile

  FAIL train_label_masks/1d3d8045a44963e4367b437fdf361dc5_mask.tiff: 429 Client Error: Too Many Requests for url: https://api.kaggle.com/v1/competitions.CompetitionApiService/DownloadDataFile

  FAIL train_label_masks/1d432fcf31474114a1f5f12268b9a1ab_mask.tiff: 429 Client Error: Too Many Requests for url: https://api.kaggle.com/v1/competitions.CompetitionApiService/DownloadDataFile

  FAIL train_label_masks/1d435035f56a641e0fa2c9eea34bd8f2_mask.tiff: 429 Client Error: Too Many Requests for url: https://api.kaggle.com/v1/competitions.CompetitionApiService/DownloadDataFile

  FAIL train_label_masks/1d46f4df1dfdf3fa0a06b21e9f9ae99a_mask.tiff: 429 Client Error: Too Many Requests for url: https://api.kaggle.com/v1/competitions.CompetitionApiService/DownloadDataFile

  FAIL train_label_masks/1d4fe16db48e399d3967a6c07f4cf8b1_mask.tiff: 429 Client Error: Too Many Requests for url: https://api.kaggle.com/v1/competitions.CompetitionApiService/DownloadDataFile

  FAIL train_label_masks/1d5d638e25521b927dd533db4fadbd46_mask.tiff: 429 Client Error: Too Many Requests for url: https://api.kaggle.com/v1/competitions.CompetitionApiService/DownloadDataFile

  FAIL train_label_masks/1d735506b1d8339520792d6e8ccb2194_mask.tiff: 429 Client Error: Too Many Requests for url: https://api.kaggle.com/v1/competitions.CompetitionApiService/DownloadDataFile

  FAIL train_label_masks/1d7d62aa2c349f831a43aa023412bd1c_mask.tiff: 429 Client Error: Too Many Requests for url: https://api.kaggle.com/v1/competitions.CompetitionApiService/DownloadDataFile

  FAIL train_label_masks/1d8de93e7c638323a0572bbc7e3c927e_mask.tiff: 429 Client Error: Too Many Requests for url: https://api.kaggle.com/v1/competitions.CompetitionApiService/DownloadDataFile

  FAIL train_label_masks/1d93f2db56a439730528e78b5a8c6c65_mask.tiff: 429 Client Error: Too Many Requests for url: https://api.kaggle.com/v1/competitions.CompetitionApiService/DownloadDataFile

  FAIL train_label_masks/1da6dabc916a5258e4bf7b9eb425cbda_mask.tiff: 429 Client Error: Too Many Requests for url: https://api.kaggle.com/v1/competitions.CompetitionApiService/DownloadDataFile

  FAIL train_label_masks/1dbfecc5bf240a1989bcb423693c7109_mask.tiff: 429 Client Error: Too Many Requests for url: https://api.kaggle.com/v1/competitions.CompetitionApiService/DownloadDataFile

  FAIL train_label_masks/1dd5326b67781543971d89e31d32ab9b_mask.tiff: 429 Client Error: Too Many Requests for url: https://api.kaggle.com/v1/competitions.CompetitionApiService/DownloadDataFile

  FAIL train_label_masks/1dd5d88d1e936e032ebb4840b46546f3_mask.tiff: 429 Client Error: Too Many Requests for url: https://api.kaggle.com/v1/competitions.CompetitionApiService/DownloadDataFile

  FAIL train_label_masks/1dd805b0572515c3eac56564cddf181c_mask.tiff: 429 Client Error: Too Many Requests for url: https://api.kaggle.com/v1/competitions.CompetitionApiService/DownloadDataFile

  FAIL train_label_masks/1dd96a0c9793cac8d8900c57c3e8a7bf_mask.tiff: 429 Client Error: Too Many Requests for url: https://api.kaggle.com/v1/competitions.CompetitionApiService/DownloadDataFile

  FAIL train_label_masks/1dda4dfc7a97b5f37085727da5852db2_mask.tiff: 429 Client Error: Too Many Requests for url: https://api.kaggle.com/v1/competitions.CompetitionApiService/DownloadDataFile

  FAIL train_label_masks/1df32b02eaa3cfad5d8c51a3e289cfc1_mask.tiff: 429 Client Error: Too Many Requests for url: https://api.kaggle.com/v1/competitions.CompetitionApiService/DownloadDataFile

  FAIL train_label_masks/1df63c491243a9f5c0ad727672be2763_mask.tiff: 429 Client Error: Too Many Requests for url: https://api.kaggle.com/v1/competitions.CompetitionApiService/DownloadDataFile

  FAIL train_label_masks/1df857f30247a04b2a529e8addb5f3d1_mask.tiff: 429 Client Error: Too Many Requests for url: https://api.kaggle.com/v1/competitions.CompetitionApiService/DownloadDataFile

  FAIL train_label_masks/1e0379988bc494245913cc4bb10fb8c1_mask.tiff: 429 Client Error: Too Many Requests for url: https://api.kaggle.com/v1/competitions.CompetitionApiService/DownloadDataFile

  FAIL train_label_masks/1e0ad5923738c6350a87ba9bac5ffeea_mask.tiff: 429 Client Error: Too Many Requests for url: https://api.kaggle.com/v1/competitions.CompetitionApiService/DownloadDataFile

  FAIL train_label_masks/1e150406bd29518c7c0bd1e8efd28705_mask.tiff: 429 Client Error: Too Many Requests for url: https://api.kaggle.com/v1/competitions.CompetitionApiService/DownloadDataFile

  FAIL train_label_masks/1e1862f8927813cacf7391cc55848ba4_mask.tiff: 429 Client Error: Too Many Requests for url: https://api.kaggle.com/v1/competitions.CompetitionApiService/DownloadDataFile

  FAIL train_label_masks/1e1abceed2668f2c40f13039733f6d0f_mask.tiff: 429 Client Error: Too Many Requests for url: https://api.kaggle.com/v1/competitions.CompetitionApiService/DownloadDataFile

  FAIL train_label_masks/1e1f00a9410f29e4d4c9920530d883c0_mask.tiff: 429 Client Error: Too Many Requests for url: https://api.kaggle.com/v1/competitions.CompetitionApiService/DownloadDataFile

  FAIL train_label_masks/1e23449104568325e9c5a032351dfdc6_mask.tiff: 429 Client Error: Too Many Requests for url: https://api.kaggle.com/v1/competitions.CompetitionApiService/DownloadDataFile

  FAIL train_label_masks/1e3397833ac1ae92d092f0662f9cb259_mask.tiff: 429 Client Error: Too Many Requests for url: https://api.kaggle.com/v1/competitions.CompetitionApiService/DownloadDataFile

  FAIL train_label_masks/1e4a12af1b4c664a5f7c2b4460a1aead_mask.tiff: 429 Client Error: Too Many Requests for url: https://api.kaggle.com/v1/competitions.CompetitionApiService/DownloadDataFile

  FAIL train_label_masks/1e5b35728a6af734a4723f480bafafa9_mask.tiff: 429 Client Error: Too Many Requests for url: https://api.kaggle.com/v1/competitions.CompetitionApiService/DownloadDataFile

  FAIL train_label_masks/1e644a98460e4f7ea50717720a001efd_mask.tiff: 429 Client Error: Too Many Requests for url: https://api.kaggle.com/v1/competitions.CompetitionApiService/DownloadDataFile

  FAIL train_label_masks/1e73a4d3e89de944a6c309defde99839_mask.tiff: 429 Client Error: Too Many Requests for url: https://api.kaggle.com/v1/competitions.CompetitionApiService/DownloadDataFile

  FAIL train_label_masks/1e781756a0e97724ca9592a7a9d8623d_mask.tiff: 429 Client Error: Too Many Requests for url: https://api.kaggle.com/v1/competitions.CompetitionApiService/DownloadDataFile

  FAIL train_label_masks/1e820904c1e4c84e7e11162145c5bc2c_mask.tiff: 429 Client Error: Too Many Requests for url: https://api.kaggle.com/v1/competitions.CompetitionApiService/DownloadDataFile

  FAIL train_label_masks/1e840659f5bfc1b50403eb1f2743c632_mask.tiff: 429 Client Error: Too Many Requests for url: https://api.kaggle.com/v1/competitions.CompetitionApiService/DownloadDataFile

  FAIL train_label_masks/1eab1d74f5c90e353ce5f4440b502bc3_mask.tiff: 429 Client Error: Too Many Requests for url: https://api.kaggle.com/v1/competitions.CompetitionApiService/DownloadDataFile

  FAIL train_label_masks/1eac3c664f2d65ed9aa575797fa5a682_mask.tiff: 429 Client Error: Too Many Requests for url: https://api.kaggle.com/v1/competitions.CompetitionApiService/DownloadDataFile

  FAIL train_label_masks/1ebba2e4d644831ac586b7bda5eda313_mask.tiff: 429 Client Error: Too Many Requests for url: https://api.kaggle.com/v1/competitions.CompetitionApiService/DownloadDataFile

  FAIL train_label_masks/1ebc8e2c122b49ce263fdd8d7839b029_mask.tiff: 429 Client Error: Too Many Requests for url: https://api.kaggle.com/v1/competitions.CompetitionApiService/DownloadDataFile

  FAIL train_label_masks/1ec31c0ef1a94feed5942cfb9643f077_mask.tiff: 429 Client Error: Too Many Requests for url: https://api.kaggle.com/v1/competitions.CompetitionApiService/DownloadDataFile

  FAIL train_label_masks/1ec4cf5fe065308a0fc66057b6043020_mask.tiff: 429 Client Error: Too Many Requests for url: https://api.kaggle.com/v1/competitions.CompetitionApiService/DownloadDataFile

  FAIL train_label_masks/1ed6debd60ccda239c0f6eb93306ee26_mask.tiff: 429 Client Error: Too Many Requests for url: https://api.kaggle.com/v1/competitions.CompetitionApiService/DownloadDataFile

  FAIL train_label_masks/1ee1681eddf2ebd32e9207c583db4d09_mask.tiff: 429 Client Error: Too Many Requests for url: https://api.kaggle.com/v1/competitions.CompetitionApiService/DownloadDataFile

  FAIL train_label_masks/1f060ebd06b1a771a40c42acf064f694_mask.tiff: 429 Client Error: Too Many Requests for url: https://api.kaggle.com/v1/competitions.CompetitionApiService/DownloadDataFile

  FAIL train_label_masks/1f1440204eba45ff4f999795c7d52040_mask.tiff: 429 Client Error: Too Many Requests for url: https://api.kaggle.com/v1/competitions.CompetitionApiService/DownloadDataFile

  FAIL train_label_masks/1f16f094f5488694af5785d517bda17b_mask.tiff: 429 Client Error: Too Many Requests for url: https://api.kaggle.com/v1/competitions.CompetitionApiService/DownloadDataFile

  FAIL train_label_masks/1f43e244b01c44b24a7086ed2dee7bff_mask.tiff: 429 Client Error: Too Many Requests for url: https://api.kaggle.com/v1/competitions.CompetitionApiService/DownloadDataFile

  FAIL train_label_masks/1f60da87c3550bcd5f66be5f76416113_mask.tiff: 429 Client Error: Too Many Requests for url: https://api.kaggle.com/v1/competitions.CompetitionApiService/DownloadDataFile

  FAIL train_label_masks/1f6da112dfe5edad33a992c7906ef1cc_mask.tiff: 429 Client Error: Too Many Requests for url: https://api.kaggle.com/v1/competitions.CompetitionApiService/DownloadDataFile

  FAIL train_label_masks/1f722fff98986499a0aea339cd05a75d_mask.tiff: 429 Client Error: Too Many Requests for url: https://api.kaggle.com/v1/competitions.CompetitionApiService/DownloadDataFile

  FAIL train_label_masks/1f73af67719cfb51ccbe7673118cacf4_mask.tiff: 429 Client Error: Too Many Requests for url: https://api.kaggle.com/v1/competitions.CompetitionApiService/DownloadDataFile

  FAIL train_label_masks/1f7819845dfc427b9fb10a3420deaba4_mask.tiff: 429 Client Error: Too Many Requests for url: https://api.kaggle.com/v1/competitions.CompetitionApiService/DownloadDataFile

  FAIL train_label_masks/1f80aa9a268b5ba64292bd4f7d88fe33_mask.tiff: 429 Client Error: Too Many Requests for url: https://api.kaggle.com/v1/competitions.CompetitionApiService/DownloadDataFile

  FAIL train_label_masks/1f86b6a526481bc5d2ca18d94f94f062_mask.tiff: 429 Client Error: Too Many Requests for url: https://api.kaggle.com/v1/competitions.CompetitionApiService/DownloadDataFile

  FAIL train_label_masks/1f8b5cd484f0cb5965d03ca696ad0171_mask.tiff: 429 Client Error: Too Many Requests for url: https://api.kaggle.com/v1/competitions.CompetitionApiService/DownloadDataFile

  FAIL train_label_masks/1f8c98a43c6e755c2b3a785db72520e1_mask.tiff: 429 Client Error: Too Many Requests for url: https://api.kaggle.com/v1/competitions.CompetitionApiService/DownloadDataFile

  FAIL train_label_masks/1fa5537c8bba02102cbd68fe9b4abd27_mask.tiff: 429 Client Error: Too Many Requests for url: https://api.kaggle.com/v1/competitions.CompetitionApiService/DownloadDataFile

  FAIL train_label_masks/1fc02c67c10dae06aa3f259d8374a31a_mask.tiff: 429 Client Error: Too Many Requests for url: https://api.kaggle.com/v1/competitions.CompetitionApiService/DownloadDataFile

  FAIL train_label_masks/1fc2550b52a90b15a9b20484c012b6dc_mask.tiff: 429 Client Error: Too Many Requests for url: https://api.kaggle.com/v1/competitions.CompetitionApiService/DownloadDataFile

  FAIL train_label_masks/1febe89c017446eadebd0fce9a68b537_mask.tiff: 429 Client Error: Too Many Requests for url: https://api.kaggle.com/v1/competitions.CompetitionApiService/DownloadDataFile

  FAIL train_label_masks/1ff3c2c6abd78e3c115939d98644f15e_mask.tiff: 429 Client Error: Too Many Requests for url: https://api.kaggle.com/v1/competitions.CompetitionApiService/DownloadDataFile

  FAIL train_label_masks/2009aa01bb165a3c8a6b3d5a633ca9ce_mask.tiff: 429 Client Error: Too Many Requests for url: https://api.kaggle.com/v1/competitions.CompetitionApiService/DownloadDataFile

  FAIL train_label_masks/20295d0f4917e297c4827296397fbec1_mask.tiff: 429 Client Error: Too Many Requests for url: https://api.kaggle.com/v1/competitions.CompetitionApiService/DownloadDataFile

  FAIL train_label_masks/203256da67cb1aab601d3af3f13d5db5_mask.tiff: 429 Client Error: Too Many Requests for url: https://api.kaggle.com/v1/competitions.CompetitionApiService/DownloadDataFile

  FAIL train_label_masks/20340e3ee5bd16fdb06dabb63079c835_mask.tiff: 429 Client Error: Too Many Requests for url: https://api.kaggle.com/v1/competitions.CompetitionApiService/DownloadDataFile

  FAIL train_label_masks/203c6d9817fc00d1b1fdcc6eae2118b4_mask.tiff: 429 Client Error: Too Many Requests for url: https://api.kaggle.com/v1/competitions.CompetitionApiService/DownloadDataFile

  FAIL train_label_masks/204a1ddef1580e571872b2d4e424b4fe_mask.tiff: 429 Client Error: Too Many Requests for url: https://api.kaggle.com/v1/competitions.CompetitionApiService/DownloadDataFile

  FAIL train_label_masks/20546599b4a51afc9eb43344f42df611_mask.tiff: 429 Client Error: Too Many Requests for url: https://api.kaggle.com/v1/competitions.CompetitionApiService/DownloadDataFile

  FAIL train_label_masks/205afeef1c18c6455b3a99703cdfb8df_mask.tiff: 429 Client Error: Too Many Requests for url: https://api.kaggle.com/v1/competitions.CompetitionApiService/DownloadDataFile

  FAIL train_label_masks/2071295e7aaa84c087939f5017e7f7b3_mask.tiff: 429 Client Error: Too Many Requests for url: https://api.kaggle.com/v1/competitions.CompetitionApiService/DownloadDataFile

  FAIL train_label_masks/208025030fedd3a2e858890eff150f36_mask.tiff: 429 Client Error: Too Many Requests for url: https://api.kaggle.com/v1/competitions.CompetitionApiService/DownloadDataFile

  FAIL train_label_masks/20a39638af25bbc0fd5ee384b9af48a0_mask.tiff: 429 Client Error: Too Many Requests for url: https://api.kaggle.com/v1/competitions.CompetitionApiService/DownloadDataFile

  FAIL train_label_masks/20a8699c8e439631be7e4bcf6242598d_mask.tiff: 429 Client Error: Too Many Requests for url: https://api.kaggle.com/v1/competitions.CompetitionApiService/DownloadDataFile

  FAIL train_label_masks/20be7c34058e2f24ef3bb0cda3c376d5_mask.tiff: 429 Client Error: Too Many Requests for url: https://api.kaggle.com/v1/competitions.CompetitionApiService/DownloadDataFile

  FAIL train_label_masks/20c05ea5426b6c50b857057ad0ef7126_mask.tiff: 429 Client Error: Too Many Requests for url: https://api.kaggle.com/v1/competitions.CompetitionApiService/DownloadDataFile

  FAIL train_label_masks/20ec7cf1e184baab03dad85a1a601532_mask.tiff: 429 Client Error: Too Many Requests for url: https://api.kaggle.com/v1/competitions.CompetitionApiService/DownloadDataFile

  FAIL train_label_masks/20f97907e71dbc8c945a87ecbe31a781_mask.tiff: 429 Client Error: Too Many Requests for url: https://api.kaggle.com/v1/competitions.CompetitionApiService/DownloadDataFile

  FAIL train_label_masks/20fe45e5ea3022602775d0aa86e8ef94_mask.tiff: 429 Client Error: Too Many Requests for url: https://api.kaggle.com/v1/competitions.CompetitionApiService/DownloadDataFile

  FAIL train_label_masks/2102cdaee1284c7da24effe67551ee87_mask.tiff: 429 Client Error: Too Many Requests for url: https://api.kaggle.com/v1/competitions.CompetitionApiService/DownloadDataFile

  FAIL train_label_masks/210411ec362d79a5e34b8b0fdbd60745_mask.tiff: 429 Client Error: Too Many Requests for url: https://api.kaggle.com/v1/competitions.CompetitionApiService/DownloadDataFile

  FAIL train_label_masks/211a6f165958a7c3f77b5a9b83cb111e_mask.tiff: 429 Client Error: Too Many Requests for url: https://api.kaggle.com/v1/competitions.CompetitionApiService/DownloadDataFile

  FAIL train_label_masks/2131ddffffd2ccdc49b3c50edecf9d6e_mask.tiff: 429 Client Error: Too Many Requests for url: https://api.kaggle.com/v1/competitions.CompetitionApiService/DownloadDataFile

  FAIL train_label_masks/213e65c07731d28dae53ba58fbb85889_mask.tiff: 429 Client Error: Too Many Requests for url: https://api.kaggle.com/v1/competitions.CompetitionApiService/DownloadDataFile

  FAIL train_label_masks/214461bdbd0837e1188244d0cad99460_mask.tiff: 429 Client Error: Too Many Requests for url: https://api.kaggle.com/v1/competitions.CompetitionApiService/DownloadDataFile

  FAIL train_label_masks/214c897059e8c37741b74163b21ef4c9_mask.tiff: 429 Client Error: Too Many Requests for url: https://api.kaggle.com/v1/competitions.CompetitionApiService/DownloadDataFile

  FAIL train_label_masks/216f065ac7c14bff00b1b64208a7c5ad_mask.tiff: 429 Client Error: Too Many Requests for url: https://api.kaggle.com/v1/competitions.CompetitionApiService/DownloadDataFile

  FAIL train_label_masks/21707f5853f0d1d7f0cdd6cf4c49a704_mask.tiff: 429 Client Error: Too Many Requests for url: https://api.kaggle.com/v1/competitions.CompetitionApiService/DownloadDataFile

  FAIL train_label_masks/21708bb4798bdebb4bffb7414bce44cd_mask.tiff: 429 Client Error: Too Many Requests for url: https://api.kaggle.com/v1/competitions.CompetitionApiService/DownloadDataFile

  FAIL train_label_masks/21842d9a9ebb1e4efb6527fa04163452_mask.tiff: 429 Client Error: Too Many Requests for url: https://api.kaggle.com/v1/competitions.CompetitionApiService/DownloadDataFile

  FAIL train_label_masks/21d307db700f7fc8904081fe0894c81d_mask.tiff: 429 Client Error: Too Many Requests for url: https://api.kaggle.com/v1/competitions.CompetitionApiService/DownloadDataFile

  FAIL train_label_masks/21d90fcd566bcc6dc30b056ba7675a32_mask.tiff: 429 Client Error: Too Many Requests for url: https://api.kaggle.com/v1/competitions.CompetitionApiService/DownloadDataFile

  FAIL train_label_masks/21da367ab5b9d2b74882cbd626042608_mask.tiff: 429 Client Error: Too Many Requests for url: https://api.kaggle.com/v1/competitions.CompetitionApiService/DownloadDataFile

  FAIL train_label_masks/21dcd35e0e0aaa2e5453c871874a8ae1_mask.tiff: 429 Client Error: Too Many Requests for url: https://api.kaggle.com/v1/competitions.CompetitionApiService/DownloadDataFile

  FAIL train_label_masks/21e2ecf1c1b82030c3096263fef8b927_mask.tiff: 429 Client Error: Too Many Requests for url: https://api.kaggle.com/v1/competitions.CompetitionApiService/DownloadDataFile

  FAIL train_label_masks/21e4e2533162dc9eea4b2508b0d3df46_mask.tiff: 429 Client Error: Too Many Requests for url: https://api.kaggle.com/v1/competitions.CompetitionApiService/DownloadDataFile

  FAIL train_label_masks/21e9ed95b0e48b751b987794aa9cfd8d_mask.tiff: 429 Client Error: Too Many Requests for url: https://api.kaggle.com/v1/competitions.CompetitionApiService/DownloadDataFile

  FAIL train_label_masks/21f3767f9a827e5b9f64d2a47594ad27_mask.tiff: 429 Client Error: Too Many Requests for url: https://api.kaggle.com/v1/competitions.CompetitionApiService/DownloadDataFile

  FAIL train_label_masks/2203dab5343f7f0da21b7fce128232db_mask.tiff: 429 Client Error: Too Many Requests for url: https://api.kaggle.com/v1/competitions.CompetitionApiService/DownloadDataFile

  FAIL train_label_masks/2230a7655194054d5b1d2b52998d1585_mask.tiff: 429 Client Error: Too Many Requests for url: https://api.kaggle.com/v1/competitions.CompetitionApiService/DownloadDataFile

  FAIL train_label_masks/223a54a99ae228f5ff2dd37df24889c4_mask.tiff: 429 Client Error: Too Many Requests for url: https://api.kaggle.com/v1/competitions.CompetitionApiService/DownloadDataFile

  FAIL train_label_masks/223e1179a9dcf7c13871234edc99fc1b_mask.tiff: 429 Client Error: Too Many Requests for url: https://api.kaggle.com/v1/competitions.CompetitionApiService/DownloadDataFile

  FAIL train_label_masks/224103c42d4b1a3ae6407993940b1e52_mask.tiff: 429 Client Error: Too Many Requests for url: https://api.kaggle.com/v1/competitions.CompetitionApiService/DownloadDataFile

  FAIL train_label_masks/226301ee1193716a8079c58d8669b4f9_mask.tiff: 429 Client Error: Too Many Requests for url: https://api.kaggle.com/v1/competitions.CompetitionApiService/DownloadDataFile

  FAIL train_label_masks/226579a577a7a7487e97cb9c9a2c3886_mask.tiff: 429 Client Error: Too Many Requests for url: https://api.kaggle.com/v1/competitions.CompetitionApiService/DownloadDataFile

  FAIL train_label_masks/2268c3174c1c0890af7ae1bae4c8cd74_mask.tiff: 429 Client Error: Too Many Requests for url: https://api.kaggle.com/v1/competitions.CompetitionApiService/DownloadDataFile

  FAIL train_label_masks/22929b2cf2dd413c3a4f6f737d02a74c_mask.tiff: 429 Client Error: Too Many Requests for url: https://api.kaggle.com/v1/competitions.CompetitionApiService/DownloadDataFile

  FAIL train_label_masks/22aa8069a9ed5dd4884ae19dd73ad716_mask.tiff: 429 Client Error: Too Many Requests for url: https://api.kaggle.com/v1/competitions.CompetitionApiService/DownloadDataFile

  FAIL train_label_masks/22bd68be2b5e83226add4783a892a467_mask.tiff: 429 Client Error: Too Many Requests for url: https://api.kaggle.com/v1/competitions.CompetitionApiService/DownloadDataFile

  FAIL train_label_masks/22c2e58ea58b90066e98d86bfb8a0baf_mask.tiff: 429 Client Error: Too Many Requests for url: https://api.kaggle.com/v1/competitions.CompetitionApiService/DownloadDataFile

  FAIL train_label_masks/22d0fa89e2f644d9c6ef77735619d760_mask.tiff: 429 Client Error: Too Many Requests for url: https://api.kaggle.com/v1/competitions.CompetitionApiService/DownloadDataFile

  FAIL train_label_masks/2309b313ab206df1adf09d970478f4c0_mask.tiff: 429 Client Error: Too Many Requests for url: https://api.kaggle.com/v1/competitions.CompetitionApiService/DownloadDataFile

  FAIL train_label_masks/2314634bf328b5e24bc7a5a3d82c08ee_mask.tiff: 429 Client Error: Too Many Requests for url: https://api.kaggle.com/v1/competitions.CompetitionApiService/DownloadDataFile

  FAIL train_label_masks/231c7be81560497b2015a0b9a9a04d32_mask.tiff: 429 Client Error: Too Many Requests for url: https://api.kaggle.com/v1/competitions.CompetitionApiService/DownloadDataFile

  FAIL train_label_masks/232539a9ca7dcc82d7a5577e394305f3_mask.tiff: 429 Client Error: Too Many Requests for url: https://api.kaggle.com/v1/competitions.CompetitionApiService/DownloadDataFile

  FAIL train_label_masks/2325cbe32251cf6efe75a15e756493af_mask.tiff: 429 Client Error: Too Many Requests for url: https://api.kaggle.com/v1/competitions.CompetitionApiService/DownloadDataFile

  FAIL train_label_masks/23414fe2aed7c291d2036527c761874e_mask.tiff: 429 Client Error: Too Many Requests for url: https://api.kaggle.com/v1/competitions.CompetitionApiService/DownloadDataFile

  FAIL train_label_masks/234fc34638b5b9a3a3ba25e514fd47f5_mask.tiff: 429 Client Error: Too Many Requests for url: https://api.kaggle.com/v1/competitions.CompetitionApiService/DownloadDataFile

  FAIL train_label_masks/2362d93816e6dff7db5f3de85b660777_mask.tiff: 429 Client Error: Too Many Requests for url: https://api.kaggle.com/v1/competitions.CompetitionApiService/DownloadDataFile

  FAIL train_label_masks/2364e13161b373f7d463220e68eea803_mask.tiff: 429 Client Error: Too Many Requests for url: https://api.kaggle.com/v1/competitions.CompetitionApiService/DownloadDataFile

  FAIL train_label_masks/236bc413143580332dbb51863d097b4f_mask.tiff: 429 Client Error: Too Many Requests for url: https://api.kaggle.com/v1/competitions.CompetitionApiService/DownloadDataFile

  FAIL train_label_masks/237d42417a3621368cfb0a3280d3f252_mask.tiff: 429 Client Error: Too Many Requests for url: https://api.kaggle.com/v1/competitions.CompetitionApiService/DownloadDataFile

  FAIL train_label_masks/237f5ce41bb73c120e10024a66602ea7_mask.tiff: 429 Client Error: Too Many Requests for url: https://api.kaggle.com/v1/competitions.CompetitionApiService/DownloadDataFile

  FAIL train_label_masks/239660e9bd9561c6167ab5b46105b035_mask.tiff: 429 Client Error: Too Many Requests for url: https://api.kaggle.com/v1/competitions.CompetitionApiService/DownloadDataFile

  FAIL train_label_masks/239e61368d2da4c31752f3d7a9173f6f_mask.tiff: 429 Client Error: Too Many Requests for url: https://api.kaggle.com/v1/competitions.CompetitionApiService/DownloadDataFile

  FAIL train_label_masks/23a5352a05eb718d38fc0e2e8e22e9b5_mask.tiff: 429 Client Error: Too Many Requests for url: https://api.kaggle.com/v1/competitions.CompetitionApiService/DownloadDataFile

  FAIL train_label_masks/23c27ba471cabbfa0732dd9029c68ad5_mask.tiff: 429 Client Error: Too Many Requests for url: https://api.kaggle.com/v1/competitions.CompetitionApiService/DownloadDataFile

  FAIL train_label_masks/23c7e23b418a44db2d86d9cde9b7ba3f_mask.tiff: 429 Client Error: Too Many Requests for url: https://api.kaggle.com/v1/competitions.CompetitionApiService/DownloadDataFile

  FAIL train_label_masks/23da95939f6c2de791206800db861c1c_mask.tiff: 429 Client Error: Too Many Requests for url: https://api.kaggle.com/v1/competitions.CompetitionApiService/DownloadDataFile

  FAIL train_label_masks/24018895d65de3eab9c2f29b071bf2e8_mask.tiff: 429 Client Error: Too Many Requests for url: https://api.kaggle.com/v1/competitions.CompetitionApiService/DownloadDataFile

  FAIL train_label_masks/24059c009e9ce9f671be3182eb6e24e3_mask.tiff: 429 Client Error: Too Many Requests for url: https://api.kaggle.com/v1/competitions.CompetitionApiService/DownloadDataFile

  FAIL train_label_masks/2409b82676fa73d6a71cde9839222b4b_mask.tiff: 429 Client Error: Too Many Requests for url: https://api.kaggle.com/v1/competitions.CompetitionApiService/DownloadDataFile

  FAIL train_label_masks/24307a99905df0ceeb4e945c0b876d16_mask.tiff: 429 Client Error: Too Many Requests for url: https://api.kaggle.com/v1/competitions.CompetitionApiService/DownloadDataFile

  FAIL train_label_masks/243111debafd72d448a03ca22a0be2d7_mask.tiff: 429 Client Error: Too Many Requests for url: https://api.kaggle.com/v1/competitions.CompetitionApiService/DownloadDataFile

  FAIL train_label_masks/243d8c9814f5982607fd7297137bc801_mask.tiff: 429 Client Error: Too Many Requests for url: https://api.kaggle.com/v1/competitions.CompetitionApiService/DownloadDataFile

  FAIL train_label_masks/2442cc58025c02b3d153183bb0f65bd4_mask.tiff: 429 Client Error: Too Many Requests for url: https://api.kaggle.com/v1/competitions.CompetitionApiService/DownloadDataFile

  FAIL train_label_masks/244d9617bd58fa1db73ab4c1f40d298e_mask.tiff: 429 Client Error: Too Many Requests for url: https://api.kaggle.com/v1/competitions.CompetitionApiService/DownloadDataFile

  FAIL train_label_masks/2464608febcd797682b2392b5badbc2d_mask.tiff: 429 Client Error: Too Many Requests for url: https://api.kaggle.com/v1/competitions.CompetitionApiService/DownloadDataFile

  FAIL train_label_masks/2470531626032d9f836359f11fd4fdf7_mask.tiff: 429 Client Error: Too Many Requests for url: https://api.kaggle.com/v1/competitions.CompetitionApiService/DownloadDataFile

  FAIL train_label_masks/248849ede6c19a5b38182908836cb666_mask.tiff: 429 Client Error: Too Many Requests for url: https://api.kaggle.com/v1/competitions.CompetitionApiService/DownloadDataFile

  FAIL train_label_masks/248fc842149898be28b346ce1fb15ab1_mask.tiff: 429 Client Error: Too Many Requests for url: https://api.kaggle.com/v1/competitions.CompetitionApiService/DownloadDataFile

  FAIL train_label_masks/24b0dda87e02e90f4bdc747a8a1964a6_mask.tiff: 429 Client Error: Too Many Requests for url: https://api.kaggle.com/v1/competitions.CompetitionApiService/DownloadDataFile

  FAIL train_label_masks/24b5ae892c0ba535fc16f5cddcbf8dcd_mask.tiff: 429 Client Error: Too Many Requests for url: https://api.kaggle.com/v1/competitions.CompetitionApiService/DownloadDataFile

  FAIL train_label_masks/24c0f0bf150365059c0e8a4e1fef058b_mask.tiff: 429 Client Error: Too Many Requests for url: https://api.kaggle.com/v1/competitions.CompetitionApiService/DownloadDataFile

  FAIL train_label_masks/24c1e1cef9fbcbd82978ebe7d14334cb_mask.tiff: 429 Client Error: Too Many Requests for url: https://api.kaggle.com/v1/competitions.CompetitionApiService/DownloadDataFile

  FAIL train_label_masks/24c62d554f43181518499236941d6163_mask.tiff: 429 Client Error: Too Many Requests for url: https://api.kaggle.com/v1/competitions.CompetitionApiService/DownloadDataFile

  FAIL train_label_masks/24c94ed90d7bc1ea0353ebf23c887536_mask.tiff: 429 Client Error: Too Many Requests for url: https://api.kaggle.com/v1/competitions.CompetitionApiService/DownloadDataFile

  FAIL train_label_masks/24cbc57ba378971a02cf24479cd7933d_mask.tiff: 429 Client Error: Too Many Requests for url: https://api.kaggle.com/v1/competitions.CompetitionApiService/DownloadDataFile

  FAIL train_label_masks/24ccdd39791fcac60d157701cb18c200_mask.tiff: 429 Client Error: Too Many Requests for url: https://api.kaggle.com/v1/competitions.CompetitionApiService/DownloadDataFile

  FAIL train_label_masks/24e915870a8fcdc0277c197e2eb80934_mask.tiff: 429 Client Error: Too Many Requests for url: https://api.kaggle.com/v1/competitions.CompetitionApiService/DownloadDataFile

  FAIL train_label_masks/24ecf26ce811ea7f0116d7ea5388bc4a_mask.tiff: 429 Client Error: Too Many Requests for url: https://api.kaggle.com/v1/competitions.CompetitionApiService/DownloadDataFile

  FAIL train_label_masks/24f81c84fd8d2d14490060c548f7d9c1_mask.tiff: 429 Client Error: Too Many Requests for url: https://api.kaggle.com/v1/competitions.CompetitionApiService/DownloadDataFile

  FAIL train_label_masks/250e91349b32a3a0a04153a94c9c5844_mask.tiff: 429 Client Error: Too Many Requests for url: https://api.kaggle.com/v1/competitions.CompetitionApiService/DownloadDataFile

  FAIL train_label_masks/2516fcb7500ad40ce411cdca7a7d9873_mask.tiff: 429 Client Error: Too Many Requests for url: https://api.kaggle.com/v1/competitions.CompetitionApiService/DownloadDataFile

  FAIL train_label_masks/25193f2e5eb320bb11ac639eb5dc11c3_mask.tiff: 429 Client Error: Too Many Requests for url: https://api.kaggle.com/v1/competitions.CompetitionApiService/DownloadDataFile

  FAIL train_label_masks/251e12eeb15fcbbd0a39cd7928c74345_mask.tiff: 429 Client Error: Too Many Requests for url: https://api.kaggle.com/v1/competitions.CompetitionApiService/DownloadDataFile

  FAIL train_label_masks/254fbd7f21925ba7732800213af7ed47_mask.tiff: 429 Client Error: Too Many Requests for url: https://api.kaggle.com/v1/competitions.CompetitionApiService/DownloadDataFile

  FAIL train_label_masks/25637fe69d28ce0cb944c631222a6b52_mask.tiff: 429 Client Error: Too Many Requests for url: https://api.kaggle.com/v1/competitions.CompetitionApiService/DownloadDataFile

  FAIL train_label_masks/2577c90f6ee46adf9d3f7c16ba8db9c3_mask.tiff: 429 Client Error: Too Many Requests for url: https://api.kaggle.com/v1/competitions.CompetitionApiService/DownloadDataFile

  FAIL train_label_masks/257d6a1beca738d4411347c728f5bf7b_mask.tiff: 429 Client Error: Too Many Requests for url: https://api.kaggle.com/v1/competitions.CompetitionApiService/DownloadDataFile

  FAIL train_label_masks/259178ac6e1413c067aa7b0f01a13f7a_mask.tiff: 429 Client Error: Too Many Requests for url: https://api.kaggle.com/v1/competitions.CompetitionApiService/DownloadDataFile

  FAIL train_label_masks/2592cfd1d3e053e519598bab9423d279_mask.tiff: 429 Client Error: Too Many Requests for url: https://api.kaggle.com/v1/competitions.CompetitionApiService/DownloadDataFile

  FAIL train_label_masks/25961aea3db8652eeb0bbce7b0b539e0_mask.tiff: 429 Client Error: Too Many Requests for url: https://api.kaggle.com/v1/competitions.CompetitionApiService/DownloadDataFile

  FAIL train_label_masks/25a213edbcc763a0b37c60d060c028a6_mask.tiff: 429 Client Error: Too Many Requests for url: https://api.kaggle.com/v1/competitions.CompetitionApiService/DownloadDataFile

  FAIL train_label_masks/25a27922edaf3f338e8693ededcbe1c2_mask.tiff: 429 Client Error: Too Many Requests for url: https://api.kaggle.com/v1/competitions.CompetitionApiService/DownloadDataFile

  FAIL train_label_masks/25c0f98758c3fb09bc2070d1dca0a299_mask.tiff: 429 Client Error: Too Many Requests for url: https://api.kaggle.com/v1/competitions.CompetitionApiService/DownloadDataFile

  FAIL train_label_masks/25c2e6b1c5a915c24df1732d4de8e435_mask.tiff: 429 Client Error: Too Many Requests for url: https://api.kaggle.com/v1/competitions.CompetitionApiService/DownloadDataFile

  FAIL train_label_masks/25c5c31bc182f9c26fb4c084e1fa2df4_mask.tiff: 429 Client Error: Too Many Requests for url: https://api.kaggle.com/v1/competitions.CompetitionApiService/DownloadDataFile

  FAIL train_label_masks/25caa73d08a34c0bedd8034cb4a623b5_mask.tiff: 429 Client Error: Too Many Requests for url: https://api.kaggle.com/v1/competitions.CompetitionApiService/DownloadDataFile

  FAIL train_label_masks/25d8ff4fcd3f85d69a672b69d29b6339_mask.tiff: 429 Client Error: Too Many Requests for url: https://api.kaggle.com/v1/competitions.CompetitionApiService/DownloadDataFile

  FAIL train_label_masks/25e85593a9a51bbe10d9a2821cb096d9_mask.tiff: 429 Client Error: Too Many Requests for url: https://api.kaggle.com/v1/competitions.CompetitionApiService/DownloadDataFile

  FAIL train_label_masks/25f05be992338d0229bf3a5cd110143c_mask.tiff: 429 Client Error: Too Many Requests for url: https://api.kaggle.com/v1/competitions.CompetitionApiService/DownloadDataFile

  FAIL train_label_masks/25f8b4140df3fcadc642f18b4279582d_mask.tiff: 429 Client Error: Too Many Requests for url: https://api.kaggle.com/v1/competitions.CompetitionApiService/DownloadDataFile

  FAIL train_label_masks/260f6b664eeb6504635f86287f781e4c_mask.tiff: 429 Client Error: Too Many Requests for url: https://api.kaggle.com/v1/competitions.CompetitionApiService/DownloadDataFile

  FAIL train_label_masks/26149968f810b690fca81375c1d74373_mask.tiff: 429 Client Error: Too Many Requests for url: https://api.kaggle.com/v1/competitions.CompetitionApiService/DownloadDataFile

  FAIL train_label_masks/2626d578899ee91a14a09bab13ae8b07_mask.tiff: 429 Client Error: Too Many Requests for url: https://api.kaggle.com/v1/competitions.CompetitionApiService/DownloadDataFile

  FAIL train_label_masks/2627c765b74591958e7ba12fd857f80e_mask.tiff: 429 Client Error: Too Many Requests for url: https://api.kaggle.com/v1/competitions.CompetitionApiService/DownloadDataFile

  FAIL train_label_masks/26346b4e789c4f7c871f5f0e689b41d5_mask.tiff: 429 Client Error: Too Many Requests for url: https://api.kaggle.com/v1/competitions.CompetitionApiService/DownloadDataFile

  FAIL train_label_masks/264e5e8732450598190acec51da65cdc_mask.tiff: 429 Client Error: Too Many Requests for url: https://api.kaggle.com/v1/competitions.CompetitionApiService/DownloadDataFile

  FAIL train_label_masks/265e7f265773d27e1770a3cd3ce05677_mask.tiff: 429 Client Error: Too Many Requests for url: https://api.kaggle.com/v1/competitions.CompetitionApiService/DownloadDataFile

  FAIL train_label_masks/2673584f9398ce0acb21a86a1a711088_mask.tiff: 429 Client Error: Too Many Requests for url: https://api.kaggle.com/v1/competitions.CompetitionApiService/DownloadDataFile

  FAIL train_label_masks/267f0ec89d4c07f0a113e4ebceca7d54_mask.tiff: 429 Client Error: Too Many Requests for url: https://api.kaggle.com/v1/competitions.CompetitionApiService/DownloadDataFile

  FAIL train_label_masks/268dcbd78318c0108974c5f99e1dca78_mask.tiff: 429 Client Error: Too Many Requests for url: https://api.kaggle.com/v1/competitions.CompetitionApiService/DownloadDataFile

  FAIL train_label_masks/26a271cd2fdd034304566deb6bcfdafe_mask.tiff: 429 Client Error: Too Many Requests for url: https://api.kaggle.com/v1/competitions.CompetitionApiService/DownloadDataFile

  FAIL train_label_masks/26b5257856e96a2a3d3d3e681ae13aa1_mask.tiff: 429 Client Error: Too Many Requests for url: https://api.kaggle.com/v1/competitions.CompetitionApiService/DownloadDataFile

  FAIL train_label_masks/26bc992079d504e172e50fb565915bf7_mask.tiff: 429 Client Error: Too Many Requests for url: https://api.kaggle.com/v1/competitions.CompetitionApiService/DownloadDataFile

  FAIL train_label_masks/26db031a2a246f6525d08296fad489f6_mask.tiff: 429 Client Error: Too Many Requests for url: https://api.kaggle.com/v1/competitions.CompetitionApiService/DownloadDataFile

  FAIL train_label_masks/26f57dc441fe3aeb40c8ab299e49137e_mask.tiff: 429 Client Error: Too Many Requests for url: https://api.kaggle.com/v1/competitions.CompetitionApiService/DownloadDataFile

  FAIL train_label_masks/26f717c6128d8e5d0854376f01893c8a_mask.tiff: 429 Client Error: Too Many Requests for url: https://api.kaggle.com/v1/competitions.CompetitionApiService/DownloadDataFile

  FAIL train_label_masks/272500bbbd8c3ee4e2769a0e2ecf51d0_mask.tiff: 429 Client Error: Too Many Requests for url: https://api.kaggle.com/v1/competitions.CompetitionApiService/DownloadDataFile

  FAIL train_label_masks/273aca7c9745bca16dcfb07930f0fc52_mask.tiff: 429 Client Error: Too Many Requests for url: https://api.kaggle.com/v1/competitions.CompetitionApiService/DownloadDataFile

  FAIL train_label_masks/275322852b2d7d5cff8a19cc5e72ff4e_mask.tiff: 429 Client Error: Too Many Requests for url: https://api.kaggle.com/v1/competitions.CompetitionApiService/DownloadDataFile

  FAIL train_label_masks/27556fdb820073abe367089a67ab87d3_mask.tiff: 429 Client Error: Too Many Requests for url: https://api.kaggle.com/v1/competitions.CompetitionApiService/DownloadDataFile

  FAIL train_label_masks/275adc34d57f1e6ce223e7a462569fbe_mask.tiff: 429 Client Error: Too Many Requests for url: https://api.kaggle.com/v1/competitions.CompetitionApiService/DownloadDataFile

  FAIL train_label_masks/275d8bdfde4df9a23274d06788c7ec38_mask.tiff: 429 Client Error: Too Many Requests for url: https://api.kaggle.com/v1/competitions.CompetitionApiService/DownloadDataFile

  FAIL train_label_masks/276ed80762773462f05abc10da5228c8_mask.tiff: 429 Client Error: Too Many Requests for url: https://api.kaggle.com/v1/competitions.CompetitionApiService/DownloadDataFile

  FAIL train_label_masks/276fe273713496862d1e614288e3f670_mask.tiff: 429 Client Error: Too Many Requests for url: https://api.kaggle.com/v1/competitions.CompetitionApiService/DownloadDataFile

  FAIL train_label_masks/2794fc86e8d4ab7388b0d6b198559572_mask.tiff: 429 Client Error: Too Many Requests for url: https://api.kaggle.com/v1/competitions.CompetitionApiService/DownloadDataFile

  FAIL train_label_masks/279a99068552ce9002067ae78064169c_mask.tiff: 429 Client Error: Too Many Requests for url: https://api.kaggle.com/v1/competitions.CompetitionApiService/DownloadDataFile

  FAIL train_label_masks/27a0805c02fc2d0fa9baff39ab5f36d6_mask.tiff: 429 Client Error: Too Many Requests for url: https://api.kaggle.com/v1/competitions.CompetitionApiService/DownloadDataFile

  FAIL train_label_masks/27a17fc7cc2919bb39ac51dae3c377a5_mask.tiff: 429 Client Error: Too Many Requests for url: https://api.kaggle.com/v1/competitions.CompetitionApiService/DownloadDataFile

  FAIL train_label_masks/27b0d570a40d5c3679f508e9bc181e8c_mask.tiff: 429 Client Error: Too Many Requests for url: https://api.kaggle.com/v1/competitions.CompetitionApiService/DownloadDataFile

  FAIL train_label_masks/27b29f95c9715edd273ed25920611a63_mask.tiff: 429 Client Error: Too Many Requests for url: https://api.kaggle.com/v1/competitions.CompetitionApiService/DownloadDataFile

  FAIL train_label_masks/27e9213748b0ca86fc5c49d1279102ee_mask.tiff: 429 Client Error: Too Many Requests for url: https://api.kaggle.com/v1/competitions.CompetitionApiService/DownloadDataFile

  FAIL train_label_masks/27edf875a1201b124fd11124451dad4e_mask.tiff: 429 Client Error: Too Many Requests for url: https://api.kaggle.com/v1/competitions.CompetitionApiService/DownloadDataFile

  FAIL train_label_masks/27f3dbbf2b9a5e59f508dc6b0c23d5cb_mask.tiff: 429 Client Error: Too Many Requests for url: https://api.kaggle.com/v1/competitions.CompetitionApiService/DownloadDataFile

  FAIL train_label_masks/27fd3bb44c76fb86e26ca77b4e92f7a0_mask.tiff: 429 Client Error: Too Many Requests for url: https://api.kaggle.com/v1/competitions.CompetitionApiService/DownloadDataFile

  FAIL train_label_masks/280220720b546eacfa223edf513ec94e_mask.tiff: 429 Client Error: Too Many Requests for url: https://api.kaggle.com/v1/competitions.CompetitionApiService/DownloadDataFile

  FAIL train_label_masks/2819283411c64ee7b3c4885044bcaa0a_mask.tiff: 429 Client Error: Too Many Requests for url: https://api.kaggle.com/v1/competitions.CompetitionApiService/DownloadDataFile

  FAIL train_label_masks/281fcc161aa1fe329f1ab8d9ae73636b_mask.tiff: 429 Client Error: Too Many Requests for url: https://api.kaggle.com/v1/competitions.CompetitionApiService/DownloadDataFile

  FAIL train_label_masks/2823c18cde8d2c294a0f8d1cdc4c1a1e_mask.tiff: 429 Client Error: Too Many Requests for url: https://api.kaggle.com/v1/competitions.CompetitionApiService/DownloadDataFile

  FAIL train_label_masks/282661ce17b00e09fff141cc827d6849_mask.tiff: 429 Client Error: Too Many Requests for url: https://api.kaggle.com/v1/competitions.CompetitionApiService/DownloadDataFile

  FAIL train_label_masks/282cb9398d53504c4fdae1e18d2dbfbf_mask.tiff: 429 Client Error: Too Many Requests for url: https://api.kaggle.com/v1/competitions.CompetitionApiService/DownloadDataFile

  FAIL train_label_masks/283624a201d08d9abc72c51af1da7923_mask.tiff: 429 Client Error: Too Many Requests for url: https://api.kaggle.com/v1/competitions.CompetitionApiService/DownloadDataFile

  FAIL train_label_masks/284dcd2d3d6d09fab242477dce6b69d1_mask.tiff: 429 Client Error: Too Many Requests for url: https://api.kaggle.com/v1/competitions.CompetitionApiService/DownloadDataFile

  FAIL train_label_masks/285186bdcabfd05a4d4fe4be52983a59_mask.tiff: 429 Client Error: Too Many Requests for url: https://api.kaggle.com/v1/competitions.CompetitionApiService/DownloadDataFile

  FAIL train_label_masks/285e28ef159dc6a54e18cc1962136596_mask.tiff: 429 Client Error: Too Many Requests for url: https://api.kaggle.com/v1/competitions.CompetitionApiService/DownloadDataFile

  FAIL train_label_masks/287288c13cab7312a9ced8268cad03ef_mask.tiff: 429 Client Error: Too Many Requests for url: https://api.kaggle.com/v1/competitions.CompetitionApiService/DownloadDataFile

  FAIL train_label_masks/28794c06886c4abf3946538620e3e36d_mask.tiff: 429 Client Error: Too Many Requests for url: https://api.kaggle.com/v1/competitions.CompetitionApiService/DownloadDataFile

  FAIL train_label_masks/287954ebec5531c31c41010a31ca23b8_mask.tiff: 429 Client Error: Too Many Requests for url: https://api.kaggle.com/v1/competitions.CompetitionApiService/DownloadDataFile

  FAIL train_label_masks/287de3ae1fa63dec27e7b5f42cfe7c66_mask.tiff: 429 Client Error: Too Many Requests for url: https://api.kaggle.com/v1/competitions.CompetitionApiService/DownloadDataFile

  FAIL train_label_masks/288a512bf5affa970a81d9c553feef40_mask.tiff: 429 Client Error: Too Many Requests for url: https://api.kaggle.com/v1/competitions.CompetitionApiService/DownloadDataFile

  FAIL train_label_masks/289b6b44f1e8014f82a8eaf8dd9e480d_mask.tiff: 429 Client Error: Too Many Requests for url: https://api.kaggle.com/v1/competitions.CompetitionApiService/DownloadDataFile

  FAIL train_label_masks/28c2858a4d611799f6748464e1eb825d_mask.tiff: 429 Client Error: Too Many Requests for url: https://api.kaggle.com/v1/competitions.CompetitionApiService/DownloadDataFile

  FAIL train_label_masks/28ca3539cc4b25b0a3d571c1fe108aba_mask.tiff: 429 Client Error: Too Many Requests for url: https://api.kaggle.com/v1/competitions.CompetitionApiService/DownloadDataFile

  FAIL train_label_masks/28ca63263be7194fbefbfaedd0637469_mask.tiff: 429 Client Error: Too Many Requests for url: https://api.kaggle.com/v1/competitions.CompetitionApiService/DownloadDataFile

  FAIL train_label_masks/28d2e92f40bdd98d7cd5275fa448fe2d_mask.tiff: 429 Client Error: Too Many Requests for url: https://api.kaggle.com/v1/competitions.CompetitionApiService/DownloadDataFile

  FAIL train_label_masks/28d634f91167158876095cfed86ec0d1_mask.tiff: 429 Client Error: Too Many Requests for url: https://api.kaggle.com/v1/competitions.CompetitionApiService/DownloadDataFile

  FAIL train_label_masks/28de07f534e1942fb63732ccd9e09338_mask.tiff: 429 Client Error: Too Many Requests for url: https://api.kaggle.com/v1/competitions.CompetitionApiService/DownloadDataFile

  FAIL train_label_masks/28e51d6764c6d71b78406be1fb53b76b_mask.tiff: 429 Client Error: Too Many Requests for url: https://api.kaggle.com/v1/competitions.CompetitionApiService/DownloadDataFile

  FAIL train_label_masks/28e69ed7b2c2b132b29d50a9ccaf6238_mask.tiff: 429 Client Error: Too Many Requests for url: https://api.kaggle.com/v1/competitions.CompetitionApiService/DownloadDataFile

  FAIL train_label_masks/28eaf92d73381366c785c97a675762a4_mask.tiff: 429 Client Error: Too Many Requests for url: https://api.kaggle.com/v1/competitions.CompetitionApiService/DownloadDataFile

  FAIL train_label_masks/28f4e2984fc653938374f54b1af98fa1_mask.tiff: 429 Client Error: Too Many Requests for url: https://api.kaggle.com/v1/competitions.CompetitionApiService/DownloadDataFile

  FAIL train_label_masks/28fe202d59a8ebbac9bb63ea093236d8_mask.tiff: 429 Client Error: Too Many Requests for url: https://api.kaggle.com/v1/competitions.CompetitionApiService/DownloadDataFile

  FAIL train_label_masks/2902a2f38703f59632892819a1c72377_mask.tiff: 429 Client Error: Too Many Requests for url: https://api.kaggle.com/v1/competitions.CompetitionApiService/DownloadDataFile

  FAIL train_label_masks/29053c264a170a054de97ff356245dfc_mask.tiff: 429 Client Error: Too Many Requests for url: https://api.kaggle.com/v1/competitions.CompetitionApiService/DownloadDataFile

  FAIL train_label_masks/291ae123af90c4831e5a504e909e52ec_mask.tiff: 429 Client Error: Too Many Requests for url: https://api.kaggle.com/v1/competitions.CompetitionApiService/DownloadDataFile

  FAIL train_label_masks/291b2132e1fb9131478b8d691406874b_mask.tiff: 429 Client Error: Too Many Requests for url: https://api.kaggle.com/v1/competitions.CompetitionApiService/DownloadDataFile

  FAIL train_label_masks/29266f4feb6766468bce536888b3bc0c_mask.tiff: 429 Client Error: Too Many Requests for url: https://api.kaggle.com/v1/competitions.CompetitionApiService/DownloadDataFile

  FAIL train_label_masks/292c42388727f251a0d1ca66efda85fd_mask.tiff: 429 Client Error: Too Many Requests for url: https://api.kaggle.com/v1/competitions.CompetitionApiService/DownloadDataFile

  FAIL train_label_masks/294017fb97e4fec299eb8e83fd2d3be2_mask.tiff: 429 Client Error: Too Many Requests for url: https://api.kaggle.com/v1/competitions.CompetitionApiService/DownloadDataFile

  FAIL train_label_masks/294a347e030930d5a794a62fd5b6bf5b_mask.tiff: 429 Client Error: Too Many Requests for url: https://api.kaggle.com/v1/competitions.CompetitionApiService/DownloadDataFile

  FAIL train_label_masks/294c41defe507592692b93bb10c33123_mask.tiff: 429 Client Error: Too Many Requests for url: https://api.kaggle.com/v1/competitions.CompetitionApiService/DownloadDataFile

  FAIL train_label_masks/294ceada24790459c1b9d4392fb07f4c_mask.tiff: 429 Client Error: Too Many Requests for url: https://api.kaggle.com/v1/competitions.CompetitionApiService/DownloadDataFile

  FAIL train_label_masks/295e1526a3281254a94586b9980a3056_mask.tiff: 429 Client Error: Too Many Requests for url: https://api.kaggle.com/v1/competitions.CompetitionApiService/DownloadDataFile

  FAIL train_label_masks/295f60908595262b10bfd016661819fd_mask.tiff: 429 Client Error: Too Many Requests for url: https://api.kaggle.com/v1/competitions.CompetitionApiService/DownloadDataFile

  FAIL train_label_masks/29717c0234da6f914f61eb927d138896_mask.tiff: 429 Client Error: Too Many Requests for url: https://api.kaggle.com/v1/competitions.CompetitionApiService/DownloadDataFile

  FAIL train_label_masks/297276e5cd02ffae7626e025bedfd9fa_mask.tiff: 429 Client Error: Too Many Requests for url: https://api.kaggle.com/v1/competitions.CompetitionApiService/DownloadDataFile

  FAIL train_label_masks/29828828368fdf428816c8268444833e_mask.tiff: 429 Client Error: Too Many Requests for url: https://api.kaggle.com/v1/competitions.CompetitionApiService/DownloadDataFile

  FAIL train_label_masks/298a2bcc8923a18f24c1368eadf10d9e_mask.tiff: 429 Client Error: Too Many Requests for url: https://api.kaggle.com/v1/competitions.CompetitionApiService/DownloadDataFile

  FAIL train_label_masks/298d780b37c48a65e22016e482978113_mask.tiff: 429 Client Error: Too Many Requests for url: https://api.kaggle.com/v1/competitions.CompetitionApiService/DownloadDataFile

  FAIL train_label_masks/299cbccbc459c1c8c2685a92fb3c9182_mask.tiff: 429 Client Error: Too Many Requests for url: https://api.kaggle.com/v1/competitions.CompetitionApiService/DownloadDataFile

  FAIL train_label_masks/299cda5b6769ede928f02624c46f1bf0_mask.tiff: 429 Client Error: Too Many Requests for url: https://api.kaggle.com/v1/competitions.CompetitionApiService/DownloadDataFile

  FAIL train_label_masks/29b03a7c58dbdb44f46d936788d8eb66_mask.tiff: 429 Client Error: Too Many Requests for url: https://api.kaggle.com/v1/competitions.CompetitionApiService/DownloadDataFile

  FAIL train_label_masks/29baf6f84e1414443d5fcd1ddb1af08b_mask.tiff: 429 Client Error: Too Many Requests for url: https://api.kaggle.com/v1/competitions.CompetitionApiService/DownloadDataFile

  FAIL train_label_masks/29cf9fd036abf9bb241580d247b39b1b_mask.tiff: 429 Client Error: Too Many Requests for url: https://api.kaggle.com/v1/competitions.CompetitionApiService/DownloadDataFile

  FAIL train_label_masks/29d140073e1fe204faacd8b1ff2086d8_mask.tiff: 429 Client Error: Too Many Requests for url: https://api.kaggle.com/v1/competitions.CompetitionApiService/DownloadDataFile

  FAIL train_label_masks/29d70921c5346342007bb79603c58303_mask.tiff: 429 Client Error: Too Many Requests for url: https://api.kaggle.com/v1/competitions.CompetitionApiService/DownloadDataFile

  FAIL train_label_masks/29e2cfb8a5b8b437876e531f8c5f753c_mask.tiff: 429 Client Error: Too Many Requests for url: https://api.kaggle.com/v1/competitions.CompetitionApiService/DownloadDataFile

  FAIL train_label_masks/29e8b967adbf884c2660762866e364eb_mask.tiff: 429 Client Error: Too Many Requests for url: https://api.kaggle.com/v1/competitions.CompetitionApiService/DownloadDataFile

  FAIL train_label_masks/29eed8a71c8bee8fc007b0fe4edcc712_mask.tiff: 429 Client Error: Too Many Requests for url: https://api.kaggle.com/v1/competitions.CompetitionApiService/DownloadDataFile

  FAIL train_label_masks/29fe9e445bbf0c9d84aec6799cbba4a5_mask.tiff: 429 Client Error: Too Many Requests for url: https://api.kaggle.com/v1/competitions.CompetitionApiService/DownloadDataFile

  FAIL train_label_masks/29ff1c9442a8be9179e198c0c82f2623_mask.tiff: 429 Client Error: Too Many Requests for url: https://api.kaggle.com/v1/competitions.CompetitionApiService/DownloadDataFile

  FAIL train_label_masks/2a1a6a11e1eca0c26b102832b362a5f3_mask.tiff: 429 Client Error: Too Many Requests for url: https://api.kaggle.com/v1/competitions.CompetitionApiService/DownloadDataFile

  FAIL train_label_masks/2a1c3373688904fcabbdeb4a177972f8_mask.tiff: 429 Client Error: Too Many Requests for url: https://api.kaggle.com/v1/competitions.CompetitionApiService/DownloadDataFile

  FAIL train_label_masks/2a3883e1ff960fefc4b94fe5b1b0391e_mask.tiff: 429 Client Error: Too Many Requests for url: https://api.kaggle.com/v1/competitions.CompetitionApiService/DownloadDataFile

  FAIL train_label_masks/2a484c7522f0a5e3a41654eb2c452fd8_mask.tiff: 429 Client Error: Too Many Requests for url: https://api.kaggle.com/v1/competitions.CompetitionApiService/DownloadDataFile

  FAIL train_label_masks/2a4acf0e2db5c6fab745a163af60259b_mask.tiff: 429 Client Error: Too Many Requests for url: https://api.kaggle.com/v1/competitions.CompetitionApiService/DownloadDataFile

  FAIL train_label_masks/2a4cff606b103cb1698560ba1dee0eb6_mask.tiff: 429 Client Error: Too Many Requests for url: https://api.kaggle.com/v1/competitions.CompetitionApiService/DownloadDataFile

  FAIL train_label_masks/2a560b45f1696770fecd76bb8ca75c59_mask.tiff: 429 Client Error: Too Many Requests for url: https://api.kaggle.com/v1/competitions.CompetitionApiService/DownloadDataFile

  FAIL train_label_masks/2a5c483208aa31a6867e091f6f14bbc5_mask.tiff: 429 Client Error: Too Many Requests for url: https://api.kaggle.com/v1/competitions.CompetitionApiService/DownloadDataFile

  FAIL train_label_masks/2a6d0c4bd562bb83e9863a175af50de4_mask.tiff: 429 Client Error: Too Many Requests for url: https://api.kaggle.com/v1/competitions.CompetitionApiService/DownloadDataFile

  FAIL train_label_masks/2a709812f21cab8f45ccc91371b7dc5f_mask.tiff: 429 Client Error: Too Many Requests for url: https://api.kaggle.com/v1/competitions.CompetitionApiService/DownloadDataFile

  FAIL train_label_masks/2a837ababa0cb124818a3b4852244711_mask.tiff: 429 Client Error: Too Many Requests for url: https://api.kaggle.com/v1/competitions.CompetitionApiService/DownloadDataFile

  FAIL train_label_masks/2a84040c18505be27e6eaab8b2dce6cd_mask.tiff: 429 Client Error: Too Many Requests for url: https://api.kaggle.com/v1/competitions.CompetitionApiService/DownloadDataFile

  FAIL train_label_masks/2a8a6a2ae403793e716160d1bf5b5441_mask.tiff: 429 Client Error: Too Many Requests for url: https://api.kaggle.com/v1/competitions.CompetitionApiService/DownloadDataFile

  FAIL train_label_masks/2a8d5c257563e9fdad0a0ecb62d63a9d_mask.tiff: 429 Client Error: Too Many Requests for url: https://api.kaggle.com/v1/competitions.CompetitionApiService/DownloadDataFile

  FAIL train_label_masks/2a8e0ac626666a2e86b868ff22249946_mask.tiff: 429 Client Error: Too Many Requests for url: https://api.kaggle.com/v1/competitions.CompetitionApiService/DownloadDataFile

  FAIL train_label_masks/2a8f8a39a833b8f141e0474b097fdb36_mask.tiff: 429 Client Error: Too Many Requests for url: https://api.kaggle.com/v1/competitions.CompetitionApiService/DownloadDataFile

  FAIL train_label_masks/2aa5b4c0381297847a846c197a4208b3_mask.tiff: 429 Client Error: Too Many Requests for url: https://api.kaggle.com/v1/competitions.CompetitionApiService/DownloadDataFile

  FAIL train_label_masks/2ab52c52ba33baff64d3de0c8e10bf82_mask.tiff: 429 Client Error: Too Many Requests for url: https://api.kaggle.com/v1/competitions.CompetitionApiService/DownloadDataFile

  FAIL train_label_masks/2ad0a0582297b6f2ddb131796e300ee3_mask.tiff: 429 Client Error: Too Many Requests for url: https://api.kaggle.com/v1/competitions.CompetitionApiService/DownloadDataFile

  FAIL train_label_masks/2ad0f2857a4552a25127205fd04a5e9f_mask.tiff: 429 Client Error: Too Many Requests for url: https://api.kaggle.com/v1/competitions.CompetitionApiService/DownloadDataFile

  FAIL train_label_masks/2ae016457e8ff8e21723a91b57a96d7d_mask.tiff: 429 Client Error: Too Many Requests for url: https://api.kaggle.com/v1/competitions.CompetitionApiService/DownloadDataFile

  FAIL train_label_masks/2ae687e6a07ac70f9391efc3c3a08746_mask.tiff: 429 Client Error: Too Many Requests for url: https://api.kaggle.com/v1/competitions.CompetitionApiService/DownloadDataFile

  FAIL train_label_masks/2af2dd6d1fb4012582c9932ab3147492_mask.tiff: 429 Client Error: Too Many Requests for url: https://api.kaggle.com/v1/competitions.CompetitionApiService/DownloadDataFile

  FAIL train_label_masks/2afc7c9cd96699ecb7d88a8a6f387628_mask.tiff: 429 Client Error: Too Many Requests for url: https://api.kaggle.com/v1/competitions.CompetitionApiService/DownloadDataFile

  FAIL train_label_masks/2b03baa16076f3848892001f9f5d392a_mask.tiff: 429 Client Error: Too Many Requests for url: https://api.kaggle.com/v1/competitions.CompetitionApiService/DownloadDataFile

  FAIL train_label_masks/2b12c146454d425994569aa61bceb435_mask.tiff: 429 Client Error: Too Many Requests for url: https://api.kaggle.com/v1/competitions.CompetitionApiService/DownloadDataFile

  FAIL train_label_masks/2b1ea815af8da3697c64c682855f9b3b_mask.tiff: 429 Client Error: Too Many Requests for url: https://api.kaggle.com/v1/competitions.CompetitionApiService/DownloadDataFile

  FAIL train_label_masks/2b2866cb48fb18fa8dadd200798c5feb_mask.tiff: 429 Client Error: Too Many Requests for url: https://api.kaggle.com/v1/competitions.CompetitionApiService/DownloadDataFile

  FAIL train_label_masks/2b2d9708e830ea9fb021f1f7ad96f25b_mask.tiff: 429 Client Error: Too Many Requests for url: https://api.kaggle.com/v1/competitions.CompetitionApiService/DownloadDataFile

  FAIL train_label_masks/2b340c9844077ddcdf641adac5f116e3_mask.tiff: 429 Client Error: Too Many Requests for url: https://api.kaggle.com/v1/competitions.CompetitionApiService/DownloadDataFile

  FAIL train_label_masks/2b3f728f3f223570a4e2424ea6dd6e11_mask.tiff: 429 Client Error: Too Many Requests for url: https://api.kaggle.com/v1/competitions.CompetitionApiService/DownloadDataFile

  FAIL train_label_masks/2b4e8eac6e778eddf0fe5b64e7ab47a8_mask.tiff: 429 Client Error: Too Many Requests for url: https://api.kaggle.com/v1/competitions.CompetitionApiService/DownloadDataFile

  FAIL train_label_masks/2b730c057bde4c56e79f693e3d577138_mask.tiff: 429 Client Error: Too Many Requests for url: https://api.kaggle.com/v1/competitions.CompetitionApiService/DownloadDataFile

  FAIL train_label_masks/2b8bc8c425c959228db9a99fd1b4ec66_mask.tiff: 429 Client Error: Too Many Requests for url: https://api.kaggle.com/v1/competitions.CompetitionApiService/DownloadDataFile

  FAIL train_label_masks/2b8cded1eb60bf2f5c97be4576341a07_mask.tiff: 429 Client Error: Too Many Requests for url: https://api.kaggle.com/v1/competitions.CompetitionApiService/DownloadDataFile

  FAIL train_label_masks/2b943dfeaa727bb8c9a6d8047350f57d_mask.tiff: 429 Client Error: Too Many Requests for url: https://api.kaggle.com/v1/competitions.CompetitionApiService/DownloadDataFile

  FAIL train_label_masks/2b959b442154e1f4627cb95d04c31745_mask.tiff: 429 Client Error: Too Many Requests for url: https://api.kaggle.com/v1/competitions.CompetitionApiService/DownloadDataFile

  FAIL train_label_masks/2baf0e44d4c112ec9d268029638ea7f8_mask.tiff: 429 Client Error: Too Many Requests for url: https://api.kaggle.com/v1/competitions.CompetitionApiService/DownloadDataFile

  FAIL train_label_masks/2bb4f3202acd0b3cd10ffae292b6edf8_mask.tiff: 429 Client Error: Too Many Requests for url: https://api.kaggle.com/v1/competitions.CompetitionApiService/DownloadDataFile

  FAIL train_label_masks/2be0fecc99253c5c199d478c1f655579_mask.tiff: 429 Client Error: Too Many Requests for url: https://api.kaggle.com/v1/competitions.CompetitionApiService/DownloadDataFile

  FAIL train_label_masks/2be8c910fac204ab798528ec628e7495_mask.tiff: 429 Client Error: Too Many Requests for url: https://api.kaggle.com/v1/competitions.CompetitionApiService/DownloadDataFile

  FAIL train_label_masks/2bed4be8e6d950d76394d0552c59ddfa_mask.tiff: 429 Client Error: Too Many Requests for url: https://api.kaggle.com/v1/competitions.CompetitionApiService/DownloadDataFile

  FAIL train_label_masks/2c0e4995c6e82389dc1964ab5ac6a407_mask.tiff: 429 Client Error: Too Many Requests for url: https://api.kaggle.com/v1/competitions.CompetitionApiService/DownloadDataFile

  FAIL train_label_masks/2c657f6c839abdd8fd4a6dc72dabc6ca_mask.tiff: 429 Client Error: Too Many Requests for url: https://api.kaggle.com/v1/competitions.CompetitionApiService/DownloadDataFile

  FAIL train_label_masks/2c688d7d92059ab3bac7c190dd6e31cd_mask.tiff: 429 Client Error: Too Many Requests for url: https://api.kaggle.com/v1/competitions.CompetitionApiService/DownloadDataFile

  FAIL train_label_masks/2c6b8913a7bae36c8ceb01fbd102d74f_mask.tiff: 429 Client Error: Too Many Requests for url: https://api.kaggle.com/v1/competitions.CompetitionApiService/DownloadDataFile

  FAIL train_label_masks/2c6daebe0963942f9b960aa3814b0b75_mask.tiff: 429 Client Error: Too Many Requests for url: https://api.kaggle.com/v1/competitions.CompetitionApiService/DownloadDataFile

  FAIL train_label_masks/2ca08ec99224f03e8db1f92682ce82d0_mask.tiff: 429 Client Error: Too Many Requests for url: https://api.kaggle.com/v1/competitions.CompetitionApiService/DownloadDataFile

  FAIL train_label_masks/2ca8a7fcf79d56c8e9fd54cdfabc402c_mask.tiff: 429 Client Error: Too Many Requests for url: https://api.kaggle.com/v1/competitions.CompetitionApiService/DownloadDataFile

  FAIL train_label_masks/2caca376bbc989ff677e3c82928b5fd2_mask.tiff: 429 Client Error: Too Many Requests for url: https://api.kaggle.com/v1/competitions.CompetitionApiService/DownloadDataFile

  FAIL train_label_masks/2caf855d25d357626f5ea914bdfe5774_mask.tiff: 429 Client Error: Too Many Requests for url: https://api.kaggle.com/v1/competitions.CompetitionApiService/DownloadDataFile

  FAIL train_label_masks/2cd038d5c85feb0a8da44407e4fb6a5a_mask.tiff: 429 Client Error: Too Many Requests for url: https://api.kaggle.com/v1/competitions.CompetitionApiService/DownloadDataFile

  FAIL train_label_masks/2cd0a5200034022b5e594f200bb8073d_mask.tiff: 429 Client Error: Too Many Requests for url: https://api.kaggle.com/v1/competitions.CompetitionApiService/DownloadDataFile

  FAIL train_label_masks/2ce127e7731155d1373bfbd0abdc368b_mask.tiff: 429 Client Error: Too Many Requests for url: https://api.kaggle.com/v1/competitions.CompetitionApiService/DownloadDataFile

  FAIL train_label_masks/2ce35862db5e157ec48188318c015576_mask.tiff: 429 Client Error: Too Many Requests for url: https://api.kaggle.com/v1/competitions.CompetitionApiService/DownloadDataFile

  FAIL train_label_masks/2cf0ca3050e57483195091e21cfbbab6_mask.tiff: 429 Client Error: Too Many Requests for url: https://api.kaggle.com/v1/competitions.CompetitionApiService/DownloadDataFile

  FAIL train_label_masks/2cf2371193eb1c0cf34ca2562004d5e2_mask.tiff: 429 Client Error: Too Many Requests for url: https://api.kaggle.com/v1/competitions.CompetitionApiService/DownloadDataFile

  FAIL train_label_masks/2d04835e3b30fd9dcf1fe23dfc9812d9_mask.tiff: 429 Client Error: Too Many Requests for url: https://api.kaggle.com/v1/competitions.CompetitionApiService/DownloadDataFile

  FAIL train_label_masks/2d0be5f801037c5471b96ed3984a4e15_mask.tiff: 429 Client Error: Too Many Requests for url: https://api.kaggle.com/v1/competitions.CompetitionApiService/DownloadDataFile

  FAIL train_label_masks/2d0f5c3a7e2c2fc4bd659e853380fb20_mask.tiff: 429 Client Error: Too Many Requests for url: https://api.kaggle.com/v1/competitions.CompetitionApiService/DownloadDataFile

  FAIL train_label_masks/2d1ab39f0ff6e7285467da5c26750d20_mask.tiff: 429 Client Error: Too Many Requests for url: https://api.kaggle.com/v1/competitions.CompetitionApiService/DownloadDataFile

  FAIL train_label_masks/2d1b57132c3a9858f4d983a10e07e9a0_mask.tiff: 429 Client Error: Too Many Requests for url: https://api.kaggle.com/v1/competitions.CompetitionApiService/DownloadDataFile

  FAIL train_label_masks/2d2b8462838f388306beebdc1e2994d0_mask.tiff: 429 Client Error: Too Many Requests for url: https://api.kaggle.com/v1/competitions.CompetitionApiService/DownloadDataFile

  FAIL train_label_masks/2d4511f3f129efc2865691aa75e5eb0a_mask.tiff: 429 Client Error: Too Many Requests for url: https://api.kaggle.com/v1/competitions.CompetitionApiService/DownloadDataFile

  FAIL train_label_masks/2d476f44e80b5536c71dc3793b0a2bc9_mask.tiff: 429 Client Error: Too Many Requests for url: https://api.kaggle.com/v1/competitions.CompetitionApiService/DownloadDataFile

  FAIL train_label_masks/2d4909a3958f29872fe825878a8df373_mask.tiff: 429 Client Error: Too Many Requests for url: https://api.kaggle.com/v1/competitions.CompetitionApiService/DownloadDataFile

  FAIL train_label_masks/2d972bda9d6baa13d47dbcfec586429e_mask.tiff: 429 Client Error: Too Many Requests for url: https://api.kaggle.com/v1/competitions.CompetitionApiService/DownloadDataFile

  FAIL train_label_masks/2da314766cfe9d62f7bd6a60cfd856bb_mask.tiff: 429 Client Error: Too Many Requests for url: https://api.kaggle.com/v1/competitions.CompetitionApiService/DownloadDataFile

  FAIL train_label_masks/2daec36424a8f2afeaa4aad3d33a1589_mask.tiff: 429 Client Error: Too Many Requests for url: https://api.kaggle.com/v1/competitions.CompetitionApiService/DownloadDataFile

  FAIL train_label_masks/2dd9b8080f0f72ec8521d3d72a4bf018_mask.tiff: 429 Client Error: Too Many Requests for url: https://api.kaggle.com/v1/competitions.CompetitionApiService/DownloadDataFile

  FAIL train_label_masks/2de0597cbb7af462bfdb7b1c4f935248_mask.tiff: 429 Client Error: Too Many Requests for url: https://api.kaggle.com/v1/competitions.CompetitionApiService/DownloadDataFile

  FAIL train_label_masks/2de16bc6e49ce2a2e371f01824f78600_mask.tiff: 429 Client Error: Too Many Requests for url: https://api.kaggle.com/v1/competitions.CompetitionApiService/DownloadDataFile

  FAIL train_label_masks/2de26a8634efd177cb8b6085adcbd33b_mask.tiff: 429 Client Error: Too Many Requests for url: https://api.kaggle.com/v1/competitions.CompetitionApiService/DownloadDataFile

  FAIL train_label_masks/2dfc3c0d45043aa9d7aee9560f487a43_mask.tiff: 429 Client Error: Too Many Requests for url: https://api.kaggle.com/v1/competitions.CompetitionApiService/DownloadDataFile

  FAIL train_label_masks/2e1107832601b1d8e00fef91a5a41f69_mask.tiff: 429 Client Error: Too Many Requests for url: https://api.kaggle.com/v1/competitions.CompetitionApiService/DownloadDataFile

  FAIL train_label_masks/2e1b1f41e613f0592627547bf4b49cb2_mask.tiff: 429 Client Error: Too Many Requests for url: https://api.kaggle.com/v1/competitions.CompetitionApiService/DownloadDataFile

  FAIL train_label_masks/2e24b2e477e5650b425ae9d58eff5654_mask.tiff: 429 Client Error: Too Many Requests for url: https://api.kaggle.com/v1/competitions.CompetitionApiService/DownloadDataFile

  FAIL train_label_masks/2e2d3ed2069dd704dde97c3d6d194b94_mask.tiff: 429 Client Error: Too Many Requests for url: https://api.kaggle.com/v1/competitions.CompetitionApiService/DownloadDataFile

  FAIL train_label_masks/2e4281fa0f1f749d052579c9855476cf_mask.tiff: 429 Client Error: Too Many Requests for url: https://api.kaggle.com/v1/competitions.CompetitionApiService/DownloadDataFile

  FAIL train_label_masks/2e5002e01c53488e4f40c4a68b3cd4b6_mask.tiff: 429 Client Error: Too Many Requests for url: https://api.kaggle.com/v1/competitions.CompetitionApiService/DownloadDataFile

  FAIL train_label_masks/2e703d55529a045980adc4fde731b100_mask.tiff: 429 Client Error: Too Many Requests for url: https://api.kaggle.com/v1/competitions.CompetitionApiService/DownloadDataFile

  FAIL train_label_masks/2e8e1273e497a95810ed43ca7eaf09c6_mask.tiff: 429 Client Error: Too Many Requests for url: https://api.kaggle.com/v1/competitions.CompetitionApiService/DownloadDataFile

  FAIL train_label_masks/2e9e4edca77424744faf152caf4408bc_mask.tiff: 429 Client Error: Too Many Requests for url: https://api.kaggle.com/v1/competitions.CompetitionApiService/DownloadDataFile

  FAIL train_label_masks/2ea5a65f8c7316df537b5f8caf4146d3_mask.tiff: 429 Client Error: Too Many Requests for url: https://api.kaggle.com/v1/competitions.CompetitionApiService/DownloadDataFile

  FAIL train_label_masks/2eb5bcf03e017074aeab169637feb019_mask.tiff: 429 Client Error: Too Many Requests for url: https://api.kaggle.com/v1/competitions.CompetitionApiService/DownloadDataFile

  FAIL train_label_masks/2ebc99a3c4af2b3f021ab423c0ab1e8a_mask.tiff: 429 Client Error: Too Many Requests for url: https://api.kaggle.com/v1/competitions.CompetitionApiService/DownloadDataFile

  FAIL train_label_masks/2ebf6b50e4c245e4078976a271b7aa79_mask.tiff: 429 Client Error: Too Many Requests for url: https://api.kaggle.com/v1/competitions.CompetitionApiService/DownloadDataFile

  FAIL train_label_masks/2ec367872ec7245522d6090ae792d6e0_mask.tiff: 429 Client Error: Too Many Requests for url: https://api.kaggle.com/v1/competitions.CompetitionApiService/DownloadDataFile

  FAIL train_label_masks/2edf6cc7696c91d86eb86413fa9c82d7_mask.tiff: 429 Client Error: Too Many Requests for url: https://api.kaggle.com/v1/competitions.CompetitionApiService/DownloadDataFile

  FAIL train_label_masks/2ee04159001b56e9f28dfa9541e1b9fb_mask.tiff: 429 Client Error: Too Many Requests for url: https://api.kaggle.com/v1/competitions.CompetitionApiService/DownloadDataFile

  FAIL train_label_masks/2ee5b3ee58d54264c2a037ea1c0ada4b_mask.tiff: 429 Client Error: Too Many Requests for url: https://api.kaggle.com/v1/competitions.CompetitionApiService/DownloadDataFile

  FAIL train_label_masks/2ee68cce1ed0a65cf352ed55488979a0_mask.tiff: 429 Client Error: Too Many Requests for url: https://api.kaggle.com/v1/competitions.CompetitionApiService/DownloadDataFile

  FAIL train_label_masks/2ef31e571dd843c12f74ac96c3793d9f_mask.tiff: 429 Client Error: Too Many Requests for url: https://api.kaggle.com/v1/competitions.CompetitionApiService/DownloadDataFile

  FAIL train_label_masks/2efc345029c31b8c52f224ced1029ff8_mask.tiff: 429 Client Error: Too Many Requests for url: https://api.kaggle.com/v1/competitions.CompetitionApiService/DownloadDataFile

  FAIL train_label_masks/2f051c3fc82f154a76189c707c3293ea_mask.tiff: 429 Client Error: Too Many Requests for url: https://api.kaggle.com/v1/competitions.CompetitionApiService/DownloadDataFile

  FAIL train_label_masks/2f06601cb2159b6b369e145d19e59081_mask.tiff: 429 Client Error: Too Many Requests for url: https://api.kaggle.com/v1/competitions.CompetitionApiService/DownloadDataFile

  FAIL train_label_masks/2f0a9b15f067539455c1a5548a114f78_mask.tiff: 429 Client Error: Too Many Requests for url: https://api.kaggle.com/v1/competitions.CompetitionApiService/DownloadDataFile

  FAIL train_label_masks/2f1c751ab10b8b009b3391ae86acf6c3_mask.tiff: 429 Client Error: Too Many Requests for url: https://api.kaggle.com/v1/competitions.CompetitionApiService/DownloadDataFile

  FAIL train_label_masks/2f27c52c7d58fbe0818d6531d3707c78_mask.tiff: 429 Client Error: Too Many Requests for url: https://api.kaggle.com/v1/competitions.CompetitionApiService/DownloadDataFile

  FAIL train_label_masks/2f307cc31799996529e44c0bcc87b9dd_mask.tiff: 429 Client Error: Too Many Requests for url: https://api.kaggle.com/v1/competitions.CompetitionApiService/DownloadDataFile

  FAIL train_label_masks/2f36ff8187d5edeea79ad2e87763a89b_mask.tiff: 429 Client Error: Too Many Requests for url: https://api.kaggle.com/v1/competitions.CompetitionApiService/DownloadDataFile

  FAIL train_label_masks/2f491a451632c349642a575a9275f8d8_mask.tiff: 429 Client Error: Too Many Requests for url: https://api.kaggle.com/v1/competitions.CompetitionApiService/DownloadDataFile

  FAIL train_label_masks/2f5379bf67ca1190c7f168736d9d8efc_mask.tiff: 429 Client Error: Too Many Requests for url: https://api.kaggle.com/v1/competitions.CompetitionApiService/DownloadDataFile

  FAIL train_label_masks/2f66cb1103d6a05264fcc8e8841a6890_mask.tiff: 429 Client Error: Too Many Requests for url: https://api.kaggle.com/v1/competitions.CompetitionApiService/DownloadDataFile

  FAIL train_label_masks/2f711ff54c15f3d9d627cb5e98b278fb_mask.tiff: 429 Client Error: Too Many Requests for url: https://api.kaggle.com/v1/competitions.CompetitionApiService/DownloadDataFile

  FAIL train_label_masks/2f9ffca172b0c51947b406ad19c4ea94_mask.tiff: 429 Client Error: Too Many Requests for url: https://api.kaggle.com/v1/competitions.CompetitionApiService/DownloadDataFile

  FAIL train_label_masks/2fb49b4bb80d5c1f3b5b2fc44fa8a763_mask.tiff: 429 Client Error: Too Many Requests for url: https://api.kaggle.com/v1/competitions.CompetitionApiService/DownloadDataFile

  FAIL train_label_masks/2fb68d6713a52e322692dbc99ac82444_mask.tiff: 429 Client Error: Too Many Requests for url: https://api.kaggle.com/v1/competitions.CompetitionApiService/DownloadDataFile

  FAIL train_label_masks/2fb988029403766a9fe962f57cefe124_mask.tiff: 429 Client Error: Too Many Requests for url: https://api.kaggle.com/v1/competitions.CompetitionApiService/DownloadDataFile

  FAIL train_label_masks/2fc6bf2ccab59b08bb4b3cb2ee0602d9_mask.tiff: 429 Client Error: Too Many Requests for url: https://api.kaggle.com/v1/competitions.CompetitionApiService/DownloadDataFile

  FAIL train_label_masks/2fd30e8bcadfd927b8280fb9d7fdb610_mask.tiff: 429 Client Error: Too Many Requests for url: https://api.kaggle.com/v1/competitions.CompetitionApiService/DownloadDataFile

  FAIL train_label_masks/2fd7cbd01f3cecb64e915a0a62121cda_mask.tiff: 429 Client Error: Too Many Requests for url: https://api.kaggle.com/v1/competitions.CompetitionApiService/DownloadDataFile

  FAIL train_label_masks/2fdc521c56b6cce0e7907d05a8db1f25_mask.tiff: 429 Client Error: Too Many Requests for url: https://api.kaggle.com/v1/competitions.CompetitionApiService/DownloadDataFile

  FAIL train_label_masks/2fe856ea963cd9d023f693db12fe696e_mask.tiff: 429 Client Error: Too Many Requests for url: https://api.kaggle.com/v1/competitions.CompetitionApiService/DownloadDataFile

  FAIL train_label_masks/2ff57a1bdcf1e23c8a7ee5b37e4c3aba_mask.tiff: 429 Client Error: Too Many Requests for url: https://api.kaggle.com/v1/competitions.CompetitionApiService/DownloadDataFile

  FAIL train_label_masks/301d13eb98beab38bf58e20fe04bc68e_mask.tiff: 429 Client Error: Too Many Requests for url: https://api.kaggle.com/v1/competitions.CompetitionApiService/DownloadDataFile

  FAIL train_label_masks/30214f9a2c610f550a40501fd11d74b1_mask.tiff: 429 Client Error: Too Many Requests for url: https://api.kaggle.com/v1/competitions.CompetitionApiService/DownloadDataFile

  FAIL train_label_masks/302fb7c22e2b2addcb939501b25882f9_mask.tiff: 429 Client Error: Too Many Requests for url: https://api.kaggle.com/v1/competitions.CompetitionApiService/DownloadDataFile

  FAIL train_label_masks/303090fcc31ecc2584e6addeadfa1402_mask.tiff: 429 Client Error: Too Many Requests for url: https://api.kaggle.com/v1/competitions.CompetitionApiService/DownloadDataFile

  FAIL train_label_masks/30353f220e31776ecc7610f803d9b6d4_mask.tiff: 429 Client Error: Too Many Requests for url: https://api.kaggle.com/v1/competitions.CompetitionApiService/DownloadDataFile

  FAIL train_label_masks/304a3ffc48df61727191b465d69f9544_mask.tiff: 429 Client Error: Too Many Requests for url: https://api.kaggle.com/v1/competitions.CompetitionApiService/DownloadDataFile

  FAIL train_label_masks/304ae907fcbca6426b7a2015eeffd501_mask.tiff: 429 Client Error: Too Many Requests for url: https://api.kaggle.com/v1/competitions.CompetitionApiService/DownloadDataFile

  FAIL train_label_masks/30524fa719ca467beaeed0879835ae7a_mask.tiff: 429 Client Error: Too Many Requests for url: https://api.kaggle.com/v1/competitions.CompetitionApiService/DownloadDataFile

  FAIL train_label_masks/306c500894cef0f73406f227152ef357_mask.tiff: 429 Client Error: Too Many Requests for url: https://api.kaggle.com/v1/competitions.CompetitionApiService/DownloadDataFile

  FAIL train_label_masks/30703edaf3bf39b0d04685f0f0a1d43b_mask.tiff: 429 Client Error: Too Many Requests for url: https://api.kaggle.com/v1/competitions.CompetitionApiService/DownloadDataFile

  FAIL train_label_masks/30714dc10ad30cb8cda2ed487ebd4934_mask.tiff: 429 Client Error: Too Many Requests for url: https://api.kaggle.com/v1/competitions.CompetitionApiService/DownloadDataFile

  FAIL train_label_masks/3077b49eba93c24a339086c57db4edc1_mask.tiff: 429 Client Error: Too Many Requests for url: https://api.kaggle.com/v1/competitions.CompetitionApiService/DownloadDataFile

  FAIL train_label_masks/308af8bc571b7c2e743a35d7489e4e32_mask.tiff: 429 Client Error: Too Many Requests for url: https://api.kaggle.com/v1/competitions.CompetitionApiService/DownloadDataFile

  FAIL train_label_masks/308d663fc07a63cf1650b8ece0b26565_mask.tiff: 429 Client Error: Too Many Requests for url: https://api.kaggle.com/v1/competitions.CompetitionApiService/DownloadDataFile

  FAIL train_label_masks/3094f0e7f338e708620942f9f939c7cf_mask.tiff: 429 Client Error: Too Many Requests for url: https://api.kaggle.com/v1/competitions.CompetitionApiService/DownloadDataFile

  FAIL train_label_masks/30a51ed1a47b8312c8607b32e37cce85_mask.tiff: 429 Client Error: Too Many Requests for url: https://api.kaggle.com/v1/competitions.CompetitionApiService/DownloadDataFile

  FAIL train_label_masks/30a54c050c9eb531d2709b05ede484ce_mask.tiff: 429 Client Error: Too Many Requests for url: https://api.kaggle.com/v1/competitions.CompetitionApiService/DownloadDataFile

  FAIL train_label_masks/30b055a2178ca6019b4d891dfe253e6f_mask.tiff: 429 Client Error: Too Many Requests for url: https://api.kaggle.com/v1/competitions.CompetitionApiService/DownloadDataFile

  FAIL train_label_masks/30cedc1713c3941e5b45ac98586b8208_mask.tiff: 429 Client Error: Too Many Requests for url: https://api.kaggle.com/v1/competitions.CompetitionApiService/DownloadDataFile

  FAIL train_label_masks/30d1afcfeaf59da8e4f527df77e92aa9_mask.tiff: 429 Client Error: Too Many Requests for url: https://api.kaggle.com/v1/competitions.CompetitionApiService/DownloadDataFile

  FAIL train_label_masks/30dbd061bed3964c478e64269bb5870e_mask.tiff: 429 Client Error: Too Many Requests for url: https://api.kaggle.com/v1/competitions.CompetitionApiService/DownloadDataFile

  FAIL train_label_masks/30dfff7ddc76129a2a53329c4e52511a_mask.tiff: 429 Client Error: Too Many Requests for url: https://api.kaggle.com/v1/competitions.CompetitionApiService/DownloadDataFile

  FAIL train_label_masks/30eb8e531d1c9116964b7fbf45bf95bc_mask.tiff: 429 Client Error: Too Many Requests for url: https://api.kaggle.com/v1/competitions.CompetitionApiService/DownloadDataFile

  FAIL train_label_masks/30ec590d9ad752737dae45f47f2b37cb_mask.tiff: 429 Client Error: Too Many Requests for url: https://api.kaggle.com/v1/competitions.CompetitionApiService/DownloadDataFile

  FAIL train_label_masks/30fe4507ced857a7c09246018e2c0c3e_mask.tiff: 429 Client Error: Too Many Requests for url: https://api.kaggle.com/v1/competitions.CompetitionApiService/DownloadDataFile

  FAIL train_label_masks/3109bea8f9be6a92c492ccf55c2ec5a1_mask.tiff: 429 Client Error: Too Many Requests for url: https://api.kaggle.com/v1/competitions.CompetitionApiService/DownloadDataFile

  FAIL train_label_masks/310c156419ea422872c92052fddd902b_mask.tiff: 429 Client Error: Too Many Requests for url: https://api.kaggle.com/v1/competitions.CompetitionApiService/DownloadDataFile

  FAIL train_label_masks/3111867f5335731289a4feb3db5644b7_mask.tiff: 429 Client Error: Too Many Requests for url: https://api.kaggle.com/v1/competitions.CompetitionApiService/DownloadDataFile

  FAIL train_label_masks/3112c494c644128c2a0f7fbc1e9a23f1_mask.tiff: 429 Client Error: Too Many Requests for url: https://api.kaggle.com/v1/competitions.CompetitionApiService/DownloadDataFile

  FAIL train_label_masks/314264cd7bbe279f88f6777fb1f107e8_mask.tiff: 429 Client Error: Too Many Requests for url: https://api.kaggle.com/v1/competitions.CompetitionApiService/DownloadDataFile

  FAIL train_label_masks/3153fb3c7de0d4451a51d7899b9107dc_mask.tiff: 429 Client Error: Too Many Requests for url: https://api.kaggle.com/v1/competitions.CompetitionApiService/DownloadDataFile

  FAIL train_label_masks/3155aef3abdeacd75a4758c212d93e42_mask.tiff: 429 Client Error: Too Many Requests for url: https://api.kaggle.com/v1/competitions.CompetitionApiService/DownloadDataFile

  FAIL train_label_masks/316a926df7392be710915fdaaebbf18b_mask.tiff: 429 Client Error: Too Many Requests for url: https://api.kaggle.com/v1/competitions.CompetitionApiService/DownloadDataFile

  FAIL train_label_masks/3179817b3335bbbb5af4adafb46ed8dc_mask.tiff: 429 Client Error: Too Many Requests for url: https://api.kaggle.com/v1/competitions.CompetitionApiService/DownloadDataFile

  FAIL train_label_masks/3184f4b67b1ab07cb39e2e3e4b381c16_mask.tiff: 429 Client Error: Too Many Requests for url: https://api.kaggle.com/v1/competitions.CompetitionApiService/DownloadDataFile

  FAIL train_label_masks/3188f3061a095a59f0ba6130014a3679_mask.tiff: 429 Client Error: Too Many Requests for url: https://api.kaggle.com/v1/competitions.CompetitionApiService/DownloadDataFile

  FAIL train_label_masks/318cb948ba8cb28995204b0a7ebba6d4_mask.tiff: 429 Client Error: Too Many Requests for url: https://api.kaggle.com/v1/competitions.CompetitionApiService/DownloadDataFile

  FAIL train_label_masks/318ff075e5d3a785584049343b93843b_mask.tiff: 429 Client Error: Too Many Requests for url: https://api.kaggle.com/v1/competitions.CompetitionApiService/DownloadDataFile

  FAIL train_label_masks/31a2c62376a98ed5062bbe72a92b3541_mask.tiff: 429 Client Error: Too Many Requests for url: https://api.kaggle.com/v1/competitions.CompetitionApiService/DownloadDataFile

  FAIL train_label_masks/31a3f7a3ae29edf51a356c3e8eaa023e_mask.tiff: 429 Client Error: Too Many Requests for url: https://api.kaggle.com/v1/competitions.CompetitionApiService/DownloadDataFile

  FAIL train_label_masks/31b7e0ab60877ab8de35a95e04629144_mask.tiff: 429 Client Error: Too Many Requests for url: https://api.kaggle.com/v1/competitions.CompetitionApiService/DownloadDataFile

  FAIL train_label_masks/31cf52bcc7a77d04bb82932c235c796f_mask.tiff: 429 Client Error: Too Many Requests for url: https://api.kaggle.com/v1/competitions.CompetitionApiService/DownloadDataFile

  FAIL train_label_masks/31dcc24ac04b9c4b00e5b898dfab4c91_mask.tiff: 429 Client Error: Too Many Requests for url: https://api.kaggle.com/v1/competitions.CompetitionApiService/DownloadDataFile

  FAIL train_label_masks/31e2791b5cab69a7ad81589bf9da9c4e_mask.tiff: 429 Client Error: Too Many Requests for url: https://api.kaggle.com/v1/competitions.CompetitionApiService/DownloadDataFile

  FAIL train_label_masks/31e4a1bbfc15b961823e2abfe8a835e2_mask.tiff: 429 Client Error: Too Many Requests for url: https://api.kaggle.com/v1/competitions.CompetitionApiService/DownloadDataFile

  FAIL train_label_masks/31e82faf725d625e322f58692dd90ac1_mask.tiff: 429 Client Error: Too Many Requests for url: https://api.kaggle.com/v1/competitions.CompetitionApiService/DownloadDataFile

  FAIL train_label_masks/31e9a210cfaf76f2df69e8b484cad534_mask.tiff: 429 Client Error: Too Many Requests for url: https://api.kaggle.com/v1/competitions.CompetitionApiService/DownloadDataFile

  FAIL train_label_masks/31f51b7b36414dc9f0ddda7cac67328f_mask.tiff: 429 Client Error: Too Many Requests for url: https://api.kaggle.com/v1/competitions.CompetitionApiService/DownloadDataFile

  FAIL train_label_masks/320a5a8ed48d1d03103a79659913c987_mask.tiff: 429 Client Error: Too Many Requests for url: https://api.kaggle.com/v1/competitions.CompetitionApiService/DownloadDataFile

  FAIL train_label_masks/321320123f2c3f9cf54d408e903abdf9_mask.tiff: 429 Client Error: Too Many Requests for url: https://api.kaggle.com/v1/competitions.CompetitionApiService/DownloadDataFile

  FAIL train_label_masks/321b013478d7d444ba897b75e9f71805_mask.tiff: 429 Client Error: Too Many Requests for url: https://api.kaggle.com/v1/competitions.CompetitionApiService/DownloadDataFile

  FAIL train_label_masks/32291426a698e316ff990f4b93e27e98_mask.tiff: 429 Client Error: Too Many Requests for url: https://api.kaggle.com/v1/competitions.CompetitionApiService/DownloadDataFile

  FAIL train_label_masks/328cde17511e4aa4e62e485d4dc0cea7_mask.tiff: 429 Client Error: Too Many Requests for url: https://api.kaggle.com/v1/competitions.CompetitionApiService/DownloadDataFile

  FAIL train_label_masks/32a1954e415796b8d5f01ff1a6d7b1c5_mask.tiff: 429 Client Error: Too Many Requests for url: https://api.kaggle.com/v1/competitions.CompetitionApiService/DownloadDataFile

  FAIL train_label_masks/32a9b5b85a1b52d9a9a677aef9d0b837_mask.tiff: 429 Client Error: Too Many Requests for url: https://api.kaggle.com/v1/competitions.CompetitionApiService/DownloadDataFile

  FAIL train_label_masks/32ed7a2359cfebfb8db4eb360c784adf_mask.tiff: 429 Client Error: Too Many Requests for url: https://api.kaggle.com/v1/competitions.CompetitionApiService/DownloadDataFile

  FAIL train_label_masks/32fcd30edb849c78bb61c64a00a0ac79_mask.tiff: 429 Client Error: Too Many Requests for url: https://api.kaggle.com/v1/competitions.CompetitionApiService/DownloadDataFile

  FAIL train_label_masks/32ff402bc897175da9f8cef21d98e3f7_mask.tiff: 429 Client Error: Too Many Requests for url: https://api.kaggle.com/v1/competitions.CompetitionApiService/DownloadDataFile

  FAIL train_label_masks/330823f8120df480aefdbf1d107747ba_mask.tiff: 429 Client Error: Too Many Requests for url: https://api.kaggle.com/v1/competitions.CompetitionApiService/DownloadDataFile

  FAIL train_label_masks/33169dcbdfa0088266152accc011f8c8_mask.tiff: 429 Client Error: Too Many Requests for url: https://api.kaggle.com/v1/competitions.CompetitionApiService/DownloadDataFile

  FAIL train_label_masks/331df8bf3a7f766dfe45ed525040fa85_mask.tiff: 429 Client Error: Too Many Requests for url: https://api.kaggle.com/v1/competitions.CompetitionApiService/DownloadDataFile

  FAIL train_label_masks/333bc859088cb64ca1d20af155b8bf57_mask.tiff: 429 Client Error: Too Many Requests for url: https://api.kaggle.com/v1/competitions.CompetitionApiService/DownloadDataFile

  FAIL train_label_masks/33431b7e55430ad8b17a6a61f9ce8f88_mask.tiff: 429 Client Error: Too Many Requests for url: https://api.kaggle.com/v1/competitions.CompetitionApiService/DownloadDataFile

  FAIL train_label_masks/3353690a5d3c6a384c545ef8caf56f95_mask.tiff: 429 Client Error: Too Many Requests for url: https://api.kaggle.com/v1/competitions.CompetitionApiService/DownloadDataFile

  FAIL train_label_masks/337243a9bd89017f962fcd5bf3cf9d64_mask.tiff: 429 Client Error: Too Many Requests for url: https://api.kaggle.com/v1/competitions.CompetitionApiService/DownloadDataFile

  FAIL train_label_masks/337917b03be19ec176ed5b3e77f6e55b_mask.tiff: 429 Client Error: Too Many Requests for url: https://api.kaggle.com/v1/competitions.CompetitionApiService/DownloadDataFile

  FAIL train_label_masks/337be23a5a57efd390460172053fe5b7_mask.tiff: 429 Client Error: Too Many Requests for url: https://api.kaggle.com/v1/competitions.CompetitionApiService/DownloadDataFile

  FAIL train_label_masks/3381ea445ec8554a5cb3e7d3153fc0c1_mask.tiff: 429 Client Error: Too Many Requests for url: https://api.kaggle.com/v1/competitions.CompetitionApiService/DownloadDataFile

  FAIL train_label_masks/338e30b609bbf80246203caf63a2f0a0_mask.tiff: 429 Client Error: Too Many Requests for url: https://api.kaggle.com/v1/competitions.CompetitionApiService/DownloadDataFile

  FAIL train_label_masks/33988246de7efa7c24f3c2224cba333e_mask.tiff: 429 Client Error: Too Many Requests for url: https://api.kaggle.com/v1/competitions.CompetitionApiService/DownloadDataFile

  FAIL train_label_masks/339af1c837c6046bcf11ef8f6ee7a3c3_mask.tiff: 429 Client Error: Too Many Requests for url: https://api.kaggle.com/v1/competitions.CompetitionApiService/DownloadDataFile

  FAIL train_label_masks/339bae6b7ac013bc70f243812c863125_mask.tiff: 429 Client Error: Too Many Requests for url: https://api.kaggle.com/v1/competitions.CompetitionApiService/DownloadDataFile

  FAIL train_label_masks/33b1d7be5b5cc5230d25191ea8305d9a_mask.tiff: 429 Client Error: Too Many Requests for url: https://api.kaggle.com/v1/competitions.CompetitionApiService/DownloadDataFile

  FAIL train_label_masks/33c4d18be1caa7b19589365bf1abba5b_mask.tiff: 429 Client Error: Too Many Requests for url: https://api.kaggle.com/v1/competitions.CompetitionApiService/DownloadDataFile

  FAIL train_label_masks/33deab5742944fa2f58e248c572f04d1_mask.tiff: 429 Client Error: Too Many Requests for url: https://api.kaggle.com/v1/competitions.CompetitionApiService/DownloadDataFile

  FAIL train_label_masks/33ec4577b716c843eb1224b41204aab2_mask.tiff: 429 Client Error: Too Many Requests for url: https://api.kaggle.com/v1/competitions.CompetitionApiService/DownloadDataFile

  FAIL train_label_masks/33f9166b614aff651d1f0cb240dc98af_mask.tiff: 429 Client Error: Too Many Requests for url: https://api.kaggle.com/v1/competitions.CompetitionApiService/DownloadDataFile

  FAIL train_label_masks/340236fc3587d38939e3dd669bbfe3e8_mask.tiff: 429 Client Error: Too Many Requests for url: https://api.kaggle.com/v1/competitions.CompetitionApiService/DownloadDataFile

  FAIL train_label_masks/34159ad757c19c1bded93e4505dc2903_mask.tiff: 429 Client Error: Too Many Requests for url: https://api.kaggle.com/v1/competitions.CompetitionApiService/DownloadDataFile

  FAIL train_label_masks/341c392a86a83c179d50ff99330f067c_mask.tiff: 429 Client Error: Too Many Requests for url: https://api.kaggle.com/v1/competitions.CompetitionApiService/DownloadDataFile

  FAIL train_label_masks/3421d5f3e6fbeccf4ccfc51ca0e7e911_mask.tiff: 429 Client Error: Too Many Requests for url: https://api.kaggle.com/v1/competitions.CompetitionApiService/DownloadDataFile

  FAIL train_label_masks/3424fa4daa40e0bb944a1f579ca895ca_mask.tiff: 429 Client Error: Too Many Requests for url: https://api.kaggle.com/v1/competitions.CompetitionApiService/DownloadDataFile

  FAIL train_label_masks/342cf992c6259c1e9dd731d27a4573cc_mask.tiff: 429 Client Error: Too Many Requests for url: https://api.kaggle.com/v1/competitions.CompetitionApiService/DownloadDataFile

  FAIL train_label_masks/343071a8c11157ff068bfcdbc0f76ca9_mask.tiff: 429 Client Error: Too Many Requests for url: https://api.kaggle.com/v1/competitions.CompetitionApiService/DownloadDataFile

  FAIL train_label_masks/3444f3932c7c9d04bb8fcb095037ad06_mask.tiff: 429 Client Error: Too Many Requests for url: https://api.kaggle.com/v1/competitions.CompetitionApiService/DownloadDataFile

  FAIL train_label_masks/344764125b7586cb29d3af60106bd807_mask.tiff: 429 Client Error: Too Many Requests for url: https://api.kaggle.com/v1/competitions.CompetitionApiService/DownloadDataFile

  FAIL train_label_masks/344cc56a75aa993d5b20be3f31210879_mask.tiff: 429 Client Error: Too Many Requests for url: https://api.kaggle.com/v1/competitions.CompetitionApiService/DownloadDataFile

  FAIL train_label_masks/345f3e86a3dcc26dce73ceeacc5a4a0a_mask.tiff: 429 Client Error: Too Many Requests for url: https://api.kaggle.com/v1/competitions.CompetitionApiService/DownloadDataFile

  FAIL train_label_masks/3479b69cf34e5241ddabe268dc304c56_mask.tiff: 429 Client Error: Too Many Requests for url: https://api.kaggle.com/v1/competitions.CompetitionApiService/DownloadDataFile

  FAIL train_label_masks/3482a1ac6b5279fb56a14504a6c9fed2_mask.tiff: 429 Client Error: Too Many Requests for url: https://api.kaggle.com/v1/competitions.CompetitionApiService/DownloadDataFile

  FAIL train_label_masks/349b1b6fa6ffc5625b8eedabf03d5948_mask.tiff: 429 Client Error: Too Many Requests for url: https://api.kaggle.com/v1/competitions.CompetitionApiService/DownloadDataFile

  FAIL train_label_masks/34a48086263adb0c3245ec2bbb925809_mask.tiff: 429 Client Error: Too Many Requests for url: https://api.kaggle.com/v1/competitions.CompetitionApiService/DownloadDataFile

  FAIL train_label_masks/34af9f01d464fb37f9e55eb51996d0a7_mask.tiff: 429 Client Error: Too Many Requests for url: https://api.kaggle.com/v1/competitions.CompetitionApiService/DownloadDataFile

  FAIL train_label_masks/34bf9dcd2f03642e6d42163091900112_mask.tiff: 429 Client Error: Too Many Requests for url: https://api.kaggle.com/v1/competitions.CompetitionApiService/DownloadDataFile

  FAIL train_label_masks/34c3b4aca1bfb10df42aff5eb5f87281_mask.tiff: 429 Client Error: Too Many Requests for url: https://api.kaggle.com/v1/competitions.CompetitionApiService/DownloadDataFile

  FAIL train_label_masks/34decd8752d355a11b8428eef2c3b614_mask.tiff: 429 Client Error: Too Many Requests for url: https://api.kaggle.com/v1/competitions.CompetitionApiService/DownloadDataFile

  FAIL train_label_masks/34f9cb8a992bc7fab6593d27d59f6abe_mask.tiff: 429 Client Error: Too Many Requests for url: https://api.kaggle.com/v1/competitions.CompetitionApiService/DownloadDataFile

  FAIL train_label_masks/3516c82481d652069ea4d5ab5e082041_mask.tiff: 429 Client Error: Too Many Requests for url: https://api.kaggle.com/v1/competitions.CompetitionApiService/DownloadDataFile

  FAIL train_label_masks/3517a8727c26bcdb6846648c9867692a_mask.tiff: 429 Client Error: Too Many Requests for url: https://api.kaggle.com/v1/competitions.CompetitionApiService/DownloadDataFile

  FAIL train_label_masks/3531763820dc825219b9d6283721a959_mask.tiff: 429 Client Error: Too Many Requests for url: https://api.kaggle.com/v1/competitions.CompetitionApiService/DownloadDataFile

  FAIL train_label_masks/3533ae4b2d7f1502831838390504af3a_mask.tiff: 429 Client Error: Too Many Requests for url: https://api.kaggle.com/v1/competitions.CompetitionApiService/DownloadDataFile

  FAIL train_label_masks/35590689349e29d6540a7c14f8a3d42c_mask.tiff: 429 Client Error: Too Many Requests for url: https://api.kaggle.com/v1/competitions.CompetitionApiService/DownloadDataFile

  FAIL train_label_masks/3569276c714b74577335c6b5860f0659_mask.tiff: 429 Client Error: Too Many Requests for url: https://api.kaggle.com/v1/competitions.CompetitionApiService/DownloadDataFile

  FAIL train_label_masks/357bb7135ffd688bbd6ae0efc984342e_mask.tiff: 429 Client Error: Too Many Requests for url: https://api.kaggle.com/v1/competitions.CompetitionApiService/DownloadDataFile

  FAIL train_label_masks/35b2e442142f53c58e83e1a0f0636472_mask.tiff: 429 Client Error: Too Many Requests for url: https://api.kaggle.com/v1/competitions.CompetitionApiService/DownloadDataFile

  FAIL train_label_masks/35b3399925cc2f2f00d65c842b6cf536_mask.tiff: 429 Client Error: Too Many Requests for url: https://api.kaggle.com/v1/competitions.CompetitionApiService/DownloadDataFile

  FAIL train_label_masks/35b5971800492e04d2ecd6b3439b0017_mask.tiff: 429 Client Error: Too Many Requests for url: https://api.kaggle.com/v1/competitions.CompetitionApiService/DownloadDataFile

  FAIL train_label_masks/35c7912e941c9bf21594deeda6c891e2_mask.tiff: 429 Client Error: Too Many Requests for url: https://api.kaggle.com/v1/competitions.CompetitionApiService/DownloadDataFile

  FAIL train_label_masks/35d511cc9aa867856fadbe6ebf464d78_mask.tiff: 429 Client Error: Too Many Requests for url: https://api.kaggle.com/v1/competitions.CompetitionApiService/DownloadDataFile

  FAIL train_label_masks/35df658da1f793bd9cab0a1ff94fdf33_mask.tiff: 429 Client Error: Too Many Requests for url: https://api.kaggle.com/v1/competitions.CompetitionApiService/DownloadDataFile

  FAIL train_label_masks/35e310aa5194c62964c02048ac88ca64_mask.tiff: 429 Client Error: Too Many Requests for url: https://api.kaggle.com/v1/competitions.CompetitionApiService/DownloadDataFile

  FAIL train_label_masks/35e8dd323072ad8efa1ae1db44921669_mask.tiff: 429 Client Error: Too Many Requests for url: https://api.kaggle.com/v1/competitions.CompetitionApiService/DownloadDataFile

  FAIL train_label_masks/35e9245ad46540a9485b220e4fd16ea4_mask.tiff: 429 Client Error: Too Many Requests for url: https://api.kaggle.com/v1/competitions.CompetitionApiService/DownloadDataFile

  FAIL train_label_masks/35f629e359399d425289242b698b3f66_mask.tiff: 429 Client Error: Too Many Requests for url: https://api.kaggle.com/v1/competitions.CompetitionApiService/DownloadDataFile

  FAIL train_label_masks/3600b9f393854a0c456904beaff22ae9_mask.tiff: 429 Client Error: Too Many Requests for url: https://api.kaggle.com/v1/competitions.CompetitionApiService/DownloadDataFile

  FAIL train_label_masks/3605ec5ecd6cd8f36a046746b1888cad_mask.tiff: 429 Client Error: Too Many Requests for url: https://api.kaggle.com/v1/competitions.CompetitionApiService/DownloadDataFile

  FAIL train_label_masks/360b8957b3c406f10d61a23161609476_mask.tiff: 429 Client Error: Too Many Requests for url: https://api.kaggle.com/v1/competitions.CompetitionApiService/DownloadDataFile

  FAIL train_label_masks/361e1ffe1964442b325efbfb9f682a26_mask.tiff: 429 Client Error: Too Many Requests for url: https://api.kaggle.com/v1/competitions.CompetitionApiService/DownloadDataFile

  FAIL train_label_masks/3625e6a2deae10c191a3fc3b6fde9fdf_mask.tiff: 429 Client Error: Too Many Requests for url: https://api.kaggle.com/v1/competitions.CompetitionApiService/DownloadDataFile

  FAIL train_label_masks/362766cafc41f19dd03cd605c9cb8fdd_mask.tiff: 429 Client Error: Too Many Requests for url: https://api.kaggle.com/v1/competitions.CompetitionApiService/DownloadDataFile

  FAIL train_label_masks/363cd7b84bf86e6c8cd7073897b97232_mask.tiff: 429 Client Error: Too Many Requests for url: https://api.kaggle.com/v1/competitions.CompetitionApiService/DownloadDataFile

  FAIL train_label_masks/365966c438c314e225b1c81cccacb187_mask.tiff: 429 Client Error: Too Many Requests for url: https://api.kaggle.com/v1/competitions.CompetitionApiService/DownloadDataFile

  FAIL train_label_masks/3659fd7b7207e8a9c2595c04aef3587e_mask.tiff: 429 Client Error: Too Many Requests for url: https://api.kaggle.com/v1/competitions.CompetitionApiService/DownloadDataFile

  FAIL train_label_masks/365b34d59b0132366fd9feb0138ca7ff_mask.tiff: 429 Client Error: Too Many Requests for url: https://api.kaggle.com/v1/competitions.CompetitionApiService/DownloadDataFile

  FAIL train_label_masks/3661d2a88cc96afa89958c09f5818789_mask.tiff: 429 Client Error: Too Many Requests for url: https://api.kaggle.com/v1/competitions.CompetitionApiService/DownloadDataFile

  FAIL train_label_masks/366cff575902d8a3e43cf0634e05d96c_mask.tiff: 429 Client Error: Too Many Requests for url: https://api.kaggle.com/v1/competitions.CompetitionApiService/DownloadDataFile

  FAIL train_label_masks/367107929408ad6c749310a0f665bdac_mask.tiff: 429 Client Error: Too Many Requests for url: https://api.kaggle.com/v1/competitions.CompetitionApiService/DownloadDataFile

  FAIL train_label_masks/367f122e80bcd0bffc02f6a04c1d8234_mask.tiff: 429 Client Error: Too Many Requests for url: https://api.kaggle.com/v1/competitions.CompetitionApiService/DownloadDataFile

  FAIL train_label_masks/369a3711e3d38086b74319999fcf77f5_mask.tiff: 429 Client Error: Too Many Requests for url: https://api.kaggle.com/v1/competitions.CompetitionApiService/DownloadDataFile

  FAIL train_label_masks/36b09d17def11b696c090d9faff277d6_mask.tiff: 429 Client Error: Too Many Requests for url: https://api.kaggle.com/v1/competitions.CompetitionApiService/DownloadDataFile

  FAIL train_label_masks/36b55596d75cb210bce9db1166353568_mask.tiff: 429 Client Error: Too Many Requests for url: https://api.kaggle.com/v1/competitions.CompetitionApiService/DownloadDataFile

  FAIL train_label_masks/36b63b6aac630b8b13f9097001c0bf5b_mask.tiff: 429 Client Error: Too Many Requests for url: https://api.kaggle.com/v1/competitions.CompetitionApiService/DownloadDataFile

  FAIL train_label_masks/36b7bc1afe9dab20f17f4853e362bc68_mask.tiff: 429 Client Error: Too Many Requests for url: https://api.kaggle.com/v1/competitions.CompetitionApiService/DownloadDataFile

  FAIL train_label_masks/36c8f9a16788be091884e5cd1688767f_mask.tiff: 429 Client Error: Too Many Requests for url: https://api.kaggle.com/v1/competitions.CompetitionApiService/DownloadDataFile

  FAIL train_label_masks/36dd11dbc0aba4413623bdc44775e6fe_mask.tiff: 429 Client Error: Too Many Requests for url: https://api.kaggle.com/v1/competitions.CompetitionApiService/DownloadDataFile

  FAIL train_label_masks/36e1858ce9463be49695c4517cc3855c_mask.tiff: 429 Client Error: Too Many Requests for url: https://api.kaggle.com/v1/competitions.CompetitionApiService/DownloadDataFile

  FAIL train_label_masks/36eeee47a868b8ac66b6ece9e6372984_mask.tiff: 429 Client Error: Too Many Requests for url: https://api.kaggle.com/v1/competitions.CompetitionApiService/DownloadDataFile

  FAIL train_label_masks/37355e29029bdc13096902e0d82a9b88_mask.tiff: 429 Client Error: Too Many Requests for url: https://api.kaggle.com/v1/competitions.CompetitionApiService/DownloadDataFile

  FAIL train_label_masks/373c3e3962c89a016c118cd3b4dac926_mask.tiff: 429 Client Error: Too Many Requests for url: https://api.kaggle.com/v1/competitions.CompetitionApiService/DownloadDataFile

  FAIL train_label_masks/374d5401159d9bf39ce20b395d82c0b4_mask.tiff: 429 Client Error: Too Many Requests for url: https://api.kaggle.com/v1/competitions.CompetitionApiService/DownloadDataFile

  FAIL train_label_masks/3752b697cae9f81a9d5ffe44dac58e7a_mask.tiff: 429 Client Error: Too Many Requests for url: https://api.kaggle.com/v1/competitions.CompetitionApiService/DownloadDataFile

  FAIL train_label_masks/3754b01d3ce8fb9f89062dd30929b7f0_mask.tiff: 429 Client Error: Too Many Requests for url: https://api.kaggle.com/v1/competitions.CompetitionApiService/DownloadDataFile

  FAIL train_label_masks/375771fed439d26b5374aae3f6b1d653_mask.tiff: 429 Client Error: Too Many Requests for url: https://api.kaggle.com/v1/competitions.CompetitionApiService/DownloadDataFile

  FAIL train_label_masks/375b2c9501320b35ceb638a3274812aa_mask.tiff: 429 Client Error: Too Many Requests for url: https://api.kaggle.com/v1/competitions.CompetitionApiService/DownloadDataFile

  FAIL train_label_masks/3768074389f48288edbc2c79261dea2b_mask.tiff: 429 Client Error: Too Many Requests for url: https://api.kaggle.com/v1/competitions.CompetitionApiService/DownloadDataFile

  FAIL train_label_masks/376a68a1f7236d0fc5586d3d96442295_mask.tiff: 429 Client Error: Too Many Requests for url: https://api.kaggle.com/v1/competitions.CompetitionApiService/DownloadDataFile

  FAIL train_label_masks/376ef68c69c0f8d101868342a2d50b55_mask.tiff: 429 Client Error: Too Many Requests for url: https://api.kaggle.com/v1/competitions.CompetitionApiService/DownloadDataFile

  FAIL train_label_masks/3772be22ed5750f38e3eb653984d9b02_mask.tiff: 429 Client Error: Too Many Requests for url: https://api.kaggle.com/v1/competitions.CompetitionApiService/DownloadDataFile

  FAIL train_label_masks/378e5f9c174b753e2269e584ba82a086_mask.tiff: 429 Client Error: Too Many Requests for url: https://api.kaggle.com/v1/competitions.CompetitionApiService/DownloadDataFile

  FAIL train_label_masks/3795ba90ba4303d37accaa4eaf82c747_mask.tiff: 429 Client Error: Too Many Requests for url: https://api.kaggle.com/v1/competitions.CompetitionApiService/DownloadDataFile

  FAIL train_label_masks/37a8139578e30b6572bfd3d2145e6543_mask.tiff: 429 Client Error: Too Many Requests for url: https://api.kaggle.com/v1/competitions.CompetitionApiService/DownloadDataFile

  FAIL train_label_masks/37aba3bbad701308106b141471c063f0_mask.tiff: 429 Client Error: Too Many Requests for url: https://api.kaggle.com/v1/competitions.CompetitionApiService/DownloadDataFile

  FAIL train_label_masks/37b66efe115f778ffd604c60995ec946_mask.tiff: 429 Client Error: Too Many Requests for url: https://api.kaggle.com/v1/competitions.CompetitionApiService/DownloadDataFile

  FAIL train_label_masks/37cbb00ca8f207cb9fde012b0ad7d670_mask.tiff: 429 Client Error: Too Many Requests for url: https://api.kaggle.com/v1/competitions.CompetitionApiService/DownloadDataFile

  FAIL train_label_masks/37d3511b61cfe994b82147b5d4b09ae4_mask.tiff: 429 Client Error: Too Many Requests for url: https://api.kaggle.com/v1/competitions.CompetitionApiService/DownloadDataFile

  FAIL train_label_masks/37e79d004dc122c05eab8e55f22214d0_mask.tiff: 429 Client Error: Too Many Requests for url: https://api.kaggle.com/v1/competitions.CompetitionApiService/DownloadDataFile

  FAIL train_label_masks/37f2d6ab184a9f4a3d3eedf3aa35dff9_mask.tiff: 429 Client Error: Too Many Requests for url: https://api.kaggle.com/v1/competitions.CompetitionApiService/DownloadDataFile

  FAIL train_label_masks/381d70c821fce9d79032bc113f10ec43_mask.tiff: 429 Client Error: Too Many Requests for url: https://api.kaggle.com/v1/competitions.CompetitionApiService/DownloadDataFile

  FAIL train_label_masks/3822f7eb7af4fcf5d490147fb171e436_mask.tiff: 429 Client Error: Too Many Requests for url: https://api.kaggle.com/v1/competitions.CompetitionApiService/DownloadDataFile

  FAIL train_label_masks/382ddc25ec205c031a76956d6060bd2b_mask.tiff: 429 Client Error: Too Many Requests for url: https://api.kaggle.com/v1/competitions.CompetitionApiService/DownloadDataFile

  FAIL train_label_masks/383832c3a141f0c57b3bdef29a9b2b76_mask.tiff: 429 Client Error: Too Many Requests for url: https://api.kaggle.com/v1/competitions.CompetitionApiService/DownloadDataFile

  FAIL train_label_masks/3848fce177d0cc469f4ca60d802445af_mask.tiff: 429 Client Error: Too Many Requests for url: https://api.kaggle.com/v1/competitions.CompetitionApiService/DownloadDataFile

  FAIL train_label_masks/3858dedc8e091fc0315c50e7f8d74a56_mask.tiff: 429 Client Error: Too Many Requests for url: https://api.kaggle.com/v1/competitions.CompetitionApiService/DownloadDataFile

  FAIL train_label_masks/389758c9e3aad00e774d581150f372db_mask.tiff: 429 Client Error: Too Many Requests for url: https://api.kaggle.com/v1/competitions.CompetitionApiService/DownloadDataFile

  FAIL train_label_masks/389853c7149f7007e467b20351b1f552_mask.tiff: 429 Client Error: Too Many Requests for url: https://api.kaggle.com/v1/competitions.CompetitionApiService/DownloadDataFile

  FAIL train_label_masks/389a3fcfddfbd92bdcb69da5b10d383c_mask.tiff: 429 Client Error: Too Many Requests for url: https://api.kaggle.com/v1/competitions.CompetitionApiService/DownloadDataFile

  FAIL train_label_masks/38a49c3566f387a867629c5f6c31a72a_mask.tiff: 429 Client Error: Too Many Requests for url: https://api.kaggle.com/v1/competitions.CompetitionApiService/DownloadDataFile

  FAIL train_label_masks/38abe3550726a4a1f947fd0732ded83d_mask.tiff: 429 Client Error: Too Many Requests for url: https://api.kaggle.com/v1/competitions.CompetitionApiService/DownloadDataFile

  FAIL train_label_masks/38b05b6f866c00580bb9cf735d1acddf_mask.tiff: 429 Client Error: Too Many Requests for url: https://api.kaggle.com/v1/competitions.CompetitionApiService/DownloadDataFile

  FAIL train_label_masks/38b57271d9d5c552236511e9c5d4cf04_mask.tiff: 429 Client Error: Too Many Requests for url: https://api.kaggle.com/v1/competitions.CompetitionApiService/DownloadDataFile

  FAIL train_label_masks/38be72b06e0e96e493a90c4f583a6e10_mask.tiff: 429 Client Error: Too Many Requests for url: https://api.kaggle.com/v1/competitions.CompetitionApiService/DownloadDataFile

  FAIL train_label_masks/38c6319c29001aba4db299be8dcfb874_mask.tiff: 429 Client Error: Too Many Requests for url: https://api.kaggle.com/v1/competitions.CompetitionApiService/DownloadDataFile

  FAIL train_label_masks/38c790605d5648f283412ecbf56537b8_mask.tiff: 429 Client Error: Too Many Requests for url: https://api.kaggle.com/v1/competitions.CompetitionApiService/DownloadDataFile

  FAIL train_label_masks/38d5fe1d5718ada9a476c7690dfcfde0_mask.tiff: 429 Client Error: Too Many Requests for url: https://api.kaggle.com/v1/competitions.CompetitionApiService/DownloadDataFile

  FAIL train_label_masks/38da5a625694c55fccb0c6daeb2fdd58_mask.tiff: 429 Client Error: Too Many Requests for url: https://api.kaggle.com/v1/competitions.CompetitionApiService/DownloadDataFile

  FAIL train_label_masks/38e5d191e77117979a52ba888ea2df9e_mask.tiff: 429 Client Error: Too Many Requests for url: https://api.kaggle.com/v1/competitions.CompetitionApiService/DownloadDataFile

  FAIL train_label_masks/38ef6c8f4020a8fd27316f43493aec40_mask.tiff: 429 Client Error: Too Many Requests for url: https://api.kaggle.com/v1/competitions.CompetitionApiService/DownloadDataFile

  FAIL train_label_masks/38f32b275b2bf74ee659cd5acdb14a8b_mask.tiff: 429 Client Error: Too Many Requests for url: https://api.kaggle.com/v1/competitions.CompetitionApiService/DownloadDataFile

  FAIL train_label_masks/3901caec5d914bf20a44f176469b0294_mask.tiff: 429 Client Error: Too Many Requests for url: https://api.kaggle.com/v1/competitions.CompetitionApiService/DownloadDataFile

  FAIL train_label_masks/39026a5b4f7486acd7ab9d02482ff69b_mask.tiff: 429 Client Error: Too Many Requests for url: https://api.kaggle.com/v1/competitions.CompetitionApiService/DownloadDataFile

  FAIL train_label_masks/390b6c326276221cb3659d2132fb7d3e_mask.tiff: 429 Client Error: Too Many Requests for url: https://api.kaggle.com/v1/competitions.CompetitionApiService/DownloadDataFile

  FAIL train_label_masks/3916b0e11e209f1afa4cbcadb3f1b9dc_mask.tiff: 429 Client Error: Too Many Requests for url: https://api.kaggle.com/v1/competitions.CompetitionApiService/DownloadDataFile

  FAIL train_label_masks/391ffc7ec4eefb3d19575a93b7641bcc_mask.tiff: 429 Client Error: Too Many Requests for url: https://api.kaggle.com/v1/competitions.CompetitionApiService/DownloadDataFile

  FAIL train_label_masks/3949bb0d5d659f89f895295ffef07153_mask.tiff: 429 Client Error: Too Many Requests for url: https://api.kaggle.com/v1/competitions.CompetitionApiService/DownloadDataFile

  FAIL train_label_masks/3991d93434432a7e3bd6402baa719af9_mask.tiff: 429 Client Error: Too Many Requests for url: https://api.kaggle.com/v1/competitions.CompetitionApiService/DownloadDataFile

  FAIL train_label_masks/39aa993dd0320beff42381bc9b6b498a_mask.tiff: 429 Client Error: Too Many Requests for url: https://api.kaggle.com/v1/competitions.CompetitionApiService/DownloadDataFile

  FAIL train_label_masks/39b14d182b154dde40a68ef7e9486065_mask.tiff: 429 Client Error: Too Many Requests for url: https://api.kaggle.com/v1/competitions.CompetitionApiService/DownloadDataFile

  FAIL train_label_masks/39eb89fcccf2ffc38f65fc9874435d40_mask.tiff: 429 Client Error: Too Many Requests for url: https://api.kaggle.com/v1/competitions.CompetitionApiService/DownloadDataFile

  FAIL train_label_masks/39f36065811dabb953b5fa41f826f669_mask.tiff: 429 Client Error: Too Many Requests for url: https://api.kaggle.com/v1/competitions.CompetitionApiService/DownloadDataFile

  FAIL train_label_masks/3a08f79c589a9e1d00a258e86a1331ce_mask.tiff: 429 Client Error: Too Many Requests for url: https://api.kaggle.com/v1/competitions.CompetitionApiService/DownloadDataFile

  FAIL train_label_masks/3a182bad75cc603d81f6b423849fc6a4_mask.tiff: 429 Client Error: Too Many Requests for url: https://api.kaggle.com/v1/competitions.CompetitionApiService/DownloadDataFile

  FAIL train_label_masks/3a1ddf8e4a84bd270520fc080f4a3f0a_mask.tiff: 429 Client Error: Too Many Requests for url: https://api.kaggle.com/v1/competitions.CompetitionApiService/DownloadDataFile

  FAIL train_label_masks/3a2543c397bd17d87f9f73ac1a1a6646_mask.tiff: 429 Client Error: Too Many Requests for url: https://api.kaggle.com/v1/competitions.CompetitionApiService/DownloadDataFile

  FAIL train_label_masks/3a307aeade076ae4aab09ae25a5d30b1_mask.tiff: 429 Client Error: Too Many Requests for url: https://api.kaggle.com/v1/competitions.CompetitionApiService/DownloadDataFile

  FAIL train_label_masks/3a4465af672ccb78b09364132ba9e4d4_mask.tiff: 429 Client Error: Too Many Requests for url: https://api.kaggle.com/v1/competitions.CompetitionApiService/DownloadDataFile

  FAIL train_label_masks/3a5a4b141bdcd49744bc7fbd4f880e22_mask.tiff: 429 Client Error: Too Many Requests for url: https://api.kaggle.com/v1/competitions.CompetitionApiService/DownloadDataFile

  FAIL train_label_masks/3a6161c02efaf0c49fe4dc6ffd76c838_mask.tiff: 429 Client Error: Too Many Requests for url: https://api.kaggle.com/v1/competitions.CompetitionApiService/DownloadDataFile

  FAIL train_label_masks/3a76c877851189ebc84fc86afe311276_mask.tiff: 429 Client Error: Too Many Requests for url: https://api.kaggle.com/v1/competitions.CompetitionApiService/DownloadDataFile

  FAIL train_label_masks/3a787189b5d4eeb7bee8f05aa825775a_mask.tiff: 429 Client Error: Too Many Requests for url: https://api.kaggle.com/v1/competitions.CompetitionApiService/DownloadDataFile

  FAIL train_label_masks/3a8216ba5ef23e99868f7c17e8e64411_mask.tiff: 429 Client Error: Too Many Requests for url: https://api.kaggle.com/v1/competitions.CompetitionApiService/DownloadDataFile

  FAIL train_label_masks/3a88831048e734048b59f99f3e2e7133_mask.tiff: 429 Client Error: Too Many Requests for url: https://api.kaggle.com/v1/competitions.CompetitionApiService/DownloadDataFile

  FAIL train_label_masks/3a9d5791b0cc64ff0dae5dd26e6006ab_mask.tiff: 429 Client Error: Too Many Requests for url: https://api.kaggle.com/v1/competitions.CompetitionApiService/DownloadDataFile

  FAIL train_label_masks/3aab40b14fab46f52f53a5f85bf8ea34_mask.tiff: 429 Client Error: Too Many Requests for url: https://api.kaggle.com/v1/competitions.CompetitionApiService/DownloadDataFile

  FAIL train_label_masks/3acfefa2f174d9f3f555cae12f5394ee_mask.tiff: 429 Client Error: Too Many Requests for url: https://api.kaggle.com/v1/competitions.CompetitionApiService/DownloadDataFile

  FAIL train_label_masks/3ad48056423f5a0710d13d943f112fe1_mask.tiff: 429 Client Error: Too Many Requests for url: https://api.kaggle.com/v1/competitions.CompetitionApiService/DownloadDataFile

  FAIL train_label_masks/3ae9efed0835dad28f0c0763533290f1_mask.tiff: 429 Client Error: Too Many Requests for url: https://api.kaggle.com/v1/competitions.CompetitionApiService/DownloadDataFile

  FAIL train_label_masks/3aeefd7ef9247470d465682c556c0c61_mask.tiff: 429 Client Error: Too Many Requests for url: https://api.kaggle.com/v1/competitions.CompetitionApiService/DownloadDataFile

  FAIL train_label_masks/3af3acea1b27322f4739f69684830d32_mask.tiff: 429 Client Error: Too Many Requests for url: https://api.kaggle.com/v1/competitions.CompetitionApiService/DownloadDataFile

  FAIL train_label_masks/3b1a389348b3caccc230ca8693c52f93_mask.tiff: 429 Client Error: Too Many Requests for url: https://api.kaggle.com/v1/competitions.CompetitionApiService/DownloadDataFile

  FAIL train_label_masks/3b23e245e4e96ba6f40da04fce214731_mask.tiff: 429 Client Error: Too Many Requests for url: https://api.kaggle.com/v1/competitions.CompetitionApiService/DownloadDataFile

  FAIL train_label_masks/3b270128881636a1af2e73865943fb1f_mask.tiff: 429 Client Error: Too Many Requests for url: https://api.kaggle.com/v1/competitions.CompetitionApiService/DownloadDataFile

  FAIL train_label_masks/3b537df59920e10d46f14627abcd3227_mask.tiff: 429 Client Error: Too Many Requests for url: https://api.kaggle.com/v1/competitions.CompetitionApiService/DownloadDataFile

  FAIL train_label_masks/3b56a9aa8513f7510315549ac025c54c_mask.tiff: 429 Client Error: Too Many Requests for url: https://api.kaggle.com/v1/competitions.CompetitionApiService/DownloadDataFile

  FAIL train_label_masks/3b58fcd7537d02088146c3b4d1ba1e38_mask.tiff: 429 Client Error: Too Many Requests for url: https://api.kaggle.com/v1/competitions.CompetitionApiService/DownloadDataFile

  FAIL train_label_masks/3b5b3a2cc026cf58cc19bfa66b4873e3_mask.tiff: 429 Client Error: Too Many Requests for url: https://api.kaggle.com/v1/competitions.CompetitionApiService/DownloadDataFile

  FAIL train_label_masks/3b60ca0ed4e75480321776ba7aeba987_mask.tiff: 429 Client Error: Too Many Requests for url: https://api.kaggle.com/v1/competitions.CompetitionApiService/DownloadDataFile

  FAIL train_label_masks/3b67a134303b04e051676227c1f8c8bd_mask.tiff: 429 Client Error: Too Many Requests for url: https://api.kaggle.com/v1/competitions.CompetitionApiService/DownloadDataFile

  FAIL train_label_masks/3b7f094d2e4a2c14d38961d386f9b2ca_mask.tiff: 429 Client Error: Too Many Requests for url: https://api.kaggle.com/v1/competitions.CompetitionApiService/DownloadDataFile

  FAIL train_label_masks/3b82f3a80bd8bef6a0353a4443185c4e_mask.tiff: 429 Client Error: Too Many Requests for url: https://api.kaggle.com/v1/competitions.CompetitionApiService/DownloadDataFile

  FAIL train_label_masks/3b89fac978a021d49806d2f75cc9f4c2_mask.tiff: 429 Client Error: Too Many Requests for url: https://api.kaggle.com/v1/competitions.CompetitionApiService/DownloadDataFile

  FAIL train_label_masks/3b994de767ea6fb282fe774f88f3fe3d_mask.tiff: 429 Client Error: Too Many Requests for url: https://api.kaggle.com/v1/competitions.CompetitionApiService/DownloadDataFile

  FAIL train_label_masks/3b9c3ae2d2f1abe1498d4c746769aaa0_mask.tiff: 429 Client Error: Too Many Requests for url: https://api.kaggle.com/v1/competitions.CompetitionApiService/DownloadDataFile

  FAIL train_label_masks/3b9f1f0f05ca4c7cfd2000d7ae41f242_mask.tiff: 429 Client Error: Too Many Requests for url: https://api.kaggle.com/v1/competitions.CompetitionApiService/DownloadDataFile

  FAIL train_label_masks/3babb9b35e40e2bea17239a5a3ffeaec_mask.tiff: 429 Client Error: Too Many Requests for url: https://api.kaggle.com/v1/competitions.CompetitionApiService/DownloadDataFile

  FAIL train_label_masks/3bb8426f5536b507843d3c99ab0a5e8e_mask.tiff: 429 Client Error: Too Many Requests for url: https://api.kaggle.com/v1/competitions.CompetitionApiService/DownloadDataFile

  FAIL train_label_masks/3bdd92d91566a9719c76ca639db6a143_mask.tiff: 429 Client Error: Too Many Requests for url: https://api.kaggle.com/v1/competitions.CompetitionApiService/DownloadDataFile

  FAIL train_label_masks/3c01808e1ea1eba5f6cdd015c4738426_mask.tiff: 429 Client Error: Too Many Requests for url: https://api.kaggle.com/v1/competitions.CompetitionApiService/DownloadDataFile

  FAIL train_label_masks/3c0e4614fe9fc45936749d12d29bb127_mask.tiff: 429 Client Error: Too Many Requests for url: https://api.kaggle.com/v1/competitions.CompetitionApiService/DownloadDataFile

  FAIL train_label_masks/3c2dd628b93ce49260c21b8aa9d8fba5_mask.tiff: 429 Client Error: Too Many Requests for url: https://api.kaggle.com/v1/competitions.CompetitionApiService/DownloadDataFile

  FAIL train_label_masks/3c2fbe79b388eddfbdb3dfdbc36eec6d_mask.tiff: 429 Client Error: Too Many Requests for url: https://api.kaggle.com/v1/competitions.CompetitionApiService/DownloadDataFile

  FAIL train_label_masks/3c3b1cae5538b0e4dcdfd6bdb492fd9a_mask.tiff: 429 Client Error: Too Many Requests for url: https://api.kaggle.com/v1/competitions.CompetitionApiService/DownloadDataFile

  FAIL train_label_masks/3c4ae78a64e6f263d159a9fac556ec7b_mask.tiff: 429 Client Error: Too Many Requests for url: https://api.kaggle.com/v1/competitions.CompetitionApiService/DownloadDataFile

  FAIL train_label_masks/3c659b2837afab3af6b952fcbaa6a515_mask.tiff: 429 Client Error: Too Many Requests for url: https://api.kaggle.com/v1/competitions.CompetitionApiService/DownloadDataFile

  FAIL train_label_masks/3c65a1c66c85c220069dcd52c3bf026e_mask.tiff: 429 Client Error: Too Many Requests for url: https://api.kaggle.com/v1/competitions.CompetitionApiService/DownloadDataFile

  FAIL train_label_masks/3c6610ef769e5c09d9e7b9d2c2fddb40_mask.tiff: 429 Client Error: Too Many Requests for url: https://api.kaggle.com/v1/competitions.CompetitionApiService/DownloadDataFile

  FAIL train_label_masks/3c685ed0f92e30f6ffeb5cea7cef5994_mask.tiff: 429 Client Error: Too Many Requests for url: https://api.kaggle.com/v1/competitions.CompetitionApiService/DownloadDataFile

  FAIL train_label_masks/3c7975c16b2cdfb94d17b86f33219f65_mask.tiff: 429 Client Error: Too Many Requests for url: https://api.kaggle.com/v1/competitions.CompetitionApiService/DownloadDataFile

  FAIL train_label_masks/3c87d6e4b488073a424d625d6130dd25_mask.tiff: 429 Client Error: Too Many Requests for url: https://api.kaggle.com/v1/competitions.CompetitionApiService/DownloadDataFile

  FAIL train_label_masks/3c8b636f1d0af8f8e4d5cfa2479b4069_mask.tiff: 429 Client Error: Too Many Requests for url: https://api.kaggle.com/v1/competitions.CompetitionApiService/DownloadDataFile

  FAIL train_label_masks/3c978c3d50eeb3eb1dc90ec153ea3637_mask.tiff: 429 Client Error: Too Many Requests for url: https://api.kaggle.com/v1/competitions.CompetitionApiService/DownloadDataFile

  FAIL train_label_masks/3ca86b49aa2b914b30f2dd25c0431b9c_mask.tiff: 429 Client Error: Too Many Requests for url: https://api.kaggle.com/v1/competitions.CompetitionApiService/DownloadDataFile

  FAIL train_label_masks/3cb4631d3f2db61bfa503633d37dc45a_mask.tiff: 429 Client Error: Too Many Requests for url: https://api.kaggle.com/v1/competitions.CompetitionApiService/DownloadDataFile

  FAIL train_label_masks/3cb832450f38c16278b3c78d15f7be7f_mask.tiff: 429 Client Error: Too Many Requests for url: https://api.kaggle.com/v1/competitions.CompetitionApiService/DownloadDataFile

  FAIL train_label_masks/3cffc0a753d8225be623b0660c597d2d_mask.tiff: 429 Client Error: Too Many Requests for url: https://api.kaggle.com/v1/competitions.CompetitionApiService/DownloadDataFile

  FAIL train_label_masks/3d0fd9f2d0044ce12d01fd6eeeb32161_mask.tiff: 429 Client Error: Too Many Requests for url: https://api.kaggle.com/v1/competitions.CompetitionApiService/DownloadDataFile

  FAIL train_label_masks/3d334ec1be0544fd6fff794a77631eef_mask.tiff: 429 Client Error: Too Many Requests for url: https://api.kaggle.com/v1/competitions.CompetitionApiService/DownloadDataFile

  FAIL train_label_masks/3d3988b1b72273ee018b40c5acd51e43_mask.tiff: 429 Client Error: Too Many Requests for url: https://api.kaggle.com/v1/competitions.CompetitionApiService/DownloadDataFile

  FAIL train_label_masks/3d3de59a9cdafdb58eb5ffde8dab8d70_mask.tiff: 429 Client Error: Too Many Requests for url: https://api.kaggle.com/v1/competitions.CompetitionApiService/DownloadDataFile

  FAIL train_label_masks/3d459935dae8bbeb5bda9cfc40e4b3ab_mask.tiff: 429 Client Error: Too Many Requests for url: https://api.kaggle.com/v1/competitions.CompetitionApiService/DownloadDataFile

  FAIL train_label_masks/3d478da1e66bfacc7567914809447099_mask.tiff: 429 Client Error: Too Many Requests for url: https://api.kaggle.com/v1/competitions.CompetitionApiService/DownloadDataFile

  FAIL train_label_masks/3d4cb6729fd4c519f65029c56605aca3_mask.tiff: 429 Client Error: Too Many Requests for url: https://api.kaggle.com/v1/competitions.CompetitionApiService/DownloadDataFile

  FAIL train_label_masks/3d4cd7d76ac3fd28bcb64af6e7a4ad9e_mask.tiff: 429 Client Error: Too Many Requests for url: https://api.kaggle.com/v1/competitions.CompetitionApiService/DownloadDataFile

  FAIL train_label_masks/3d4dfa23ca380f4883de30231e679fe0_mask.tiff: 429 Client Error: Too Many Requests for url: https://api.kaggle.com/v1/competitions.CompetitionApiService/DownloadDataFile

  FAIL train_label_masks/3d5b16b57612afc445ab30c74f2b6972_mask.tiff: 429 Client Error: Too Many Requests for url: https://api.kaggle.com/v1/competitions.CompetitionApiService/DownloadDataFile

  FAIL train_label_masks/3d667d7f5829b3d76b3b0cc52bd71719_mask.tiff: 429 Client Error: Too Many Requests for url: https://api.kaggle.com/v1/competitions.CompetitionApiService/DownloadDataFile

  FAIL train_label_masks/3d7a6ed3325520d2325441bb3ede70ea_mask.tiff: 429 Client Error: Too Many Requests for url: https://api.kaggle.com/v1/competitions.CompetitionApiService/DownloadDataFile

  FAIL train_label_masks/3d7c76e3d1106d038356561b67b4ac1a_mask.tiff: 429 Client Error: Too Many Requests for url: https://api.kaggle.com/v1/competitions.CompetitionApiService/DownloadDataFile

  FAIL train_label_masks/3d8afdc0aaa84acf0f6dec7cc35415b7_mask.tiff: 429 Client Error: Too Many Requests for url: https://api.kaggle.com/v1/competitions.CompetitionApiService/DownloadDataFile

  FAIL train_label_masks/3d8d028bd6c5663eb4721bd74002000b_mask.tiff: 429 Client Error: Too Many Requests for url: https://api.kaggle.com/v1/competitions.CompetitionApiService/DownloadDataFile

  FAIL train_label_masks/3d996f4f37fbcafa4a98f6cc8205784f_mask.tiff: 429 Client Error: Too Many Requests for url: https://api.kaggle.com/v1/competitions.CompetitionApiService/DownloadDataFile

  FAIL train_label_masks/3da913b3f89eefa02a90c878ebc4c3ae_mask.tiff: 429 Client Error: Too Many Requests for url: https://api.kaggle.com/v1/competitions.CompetitionApiService/DownloadDataFile

  FAIL train_label_masks/3db32216102af6f7106c9124bf71d097_mask.tiff: 429 Client Error: Too Many Requests for url: https://api.kaggle.com/v1/competitions.CompetitionApiService/DownloadDataFile

  FAIL train_label_masks/3dedb469b5184d4d8920dd9b6af01139_mask.tiff: 429 Client Error: Too Many Requests for url: https://api.kaggle.com/v1/competitions.CompetitionApiService/DownloadDataFile

  FAIL train_label_masks/3df9fd5c97b9d9a7a92c284a5df2117e_mask.tiff: 429 Client Error: Too Many Requests for url: https://api.kaggle.com/v1/competitions.CompetitionApiService/DownloadDataFile

  FAIL train_label_masks/3e07800d6b2beb390b39f0c534bfd719_mask.tiff: 429 Client Error: Too Many Requests for url: https://api.kaggle.com/v1/competitions.CompetitionApiService/DownloadDataFile

  FAIL train_label_masks/3e1160cd1ee5bb7c72a9ab1b5837eba2_mask.tiff: 429 Client Error: Too Many Requests for url: https://api.kaggle.com/v1/competitions.CompetitionApiService/DownloadDataFile

  FAIL train_label_masks/3e16a4a0816d8380163af60dfc884195_mask.tiff: 429 Client Error: Too Many Requests for url: https://api.kaggle.com/v1/competitions.CompetitionApiService/DownloadDataFile

  FAIL train_label_masks/3e3d938e4279c4339473f26a7eb5020e_mask.tiff: 429 Client Error: Too Many Requests for url: https://api.kaggle.com/v1/competitions.CompetitionApiService/DownloadDataFile

  FAIL train_label_masks/3e508c22af058baeb48beebd9b03be01_mask.tiff: 429 Client Error: Too Many Requests for url: https://api.kaggle.com/v1/competitions.CompetitionApiService/DownloadDataFile

  FAIL train_label_masks/3e52207d9b9e15dd09d12b56f67d00b4_mask.tiff: 429 Client Error: Too Many Requests for url: https://api.kaggle.com/v1/competitions.CompetitionApiService/DownloadDataFile

  FAIL train_label_masks/3e5bee4290a7ad08e44522df7ed98763_mask.tiff: 429 Client Error: Too Many Requests for url: https://api.kaggle.com/v1/competitions.CompetitionApiService/DownloadDataFile

  FAIL train_label_masks/3e5fc2e7be262fb77362fb82e4850774_mask.tiff: 429 Client Error: Too Many Requests for url: https://api.kaggle.com/v1/competitions.CompetitionApiService/DownloadDataFile

  FAIL train_label_masks/3e6e4a8f49b190ff3656c6cb85dae975_mask.tiff: 429 Client Error: Too Many Requests for url: https://api.kaggle.com/v1/competitions.CompetitionApiService/DownloadDataFile

  FAIL train_label_masks/3e6e9a534a8d92999185e99dc4293bee_mask.tiff: 429 Client Error: Too Many Requests for url: https://api.kaggle.com/v1/competitions.CompetitionApiService/DownloadDataFile

  FAIL train_label_masks/3e732d5a09c2dda7ecdedc6662475e90_mask.tiff: 429 Client Error: Too Many Requests for url: https://api.kaggle.com/v1/competitions.CompetitionApiService/DownloadDataFile

  FAIL train_label_masks/3e8bd1b2ba7150e058216de2fe2bb3fc_mask.tiff: 429 Client Error: Too Many Requests for url: https://api.kaggle.com/v1/competitions.CompetitionApiService/DownloadDataFile

  FAIL train_label_masks/3e96addcbf4c1869d8f520348646cd60_mask.tiff: 429 Client Error: Too Many Requests for url: https://api.kaggle.com/v1/competitions.CompetitionApiService/DownloadDataFile

  FAIL train_label_masks/3e98e7fe83ebc7f729bb90b07d023bbc_mask.tiff: 429 Client Error: Too Many Requests for url: https://api.kaggle.com/v1/competitions.CompetitionApiService/DownloadDataFile

  FAIL train_label_masks/3ea2b7849d7ce4fccad168565e8e669e_mask.tiff: 429 Client Error: Too Many Requests for url: https://api.kaggle.com/v1/competitions.CompetitionApiService/DownloadDataFile

  FAIL train_label_masks/3ea446fb35b118a634e5f5ce509f672b_mask.tiff: 429 Client Error: Too Many Requests for url: https://api.kaggle.com/v1/competitions.CompetitionApiService/DownloadDataFile

  FAIL train_label_masks/3eadfdb7feb929568275aab75c0c0710_mask.tiff: 429 Client Error: Too Many Requests for url: https://api.kaggle.com/v1/competitions.CompetitionApiService/DownloadDataFile

  FAIL train_label_masks/3eb6557970969fb02f3429f7ba779c4c_mask.tiff: 429 Client Error: Too Many Requests for url: https://api.kaggle.com/v1/competitions.CompetitionApiService/DownloadDataFile

  FAIL train_label_masks/3ecd13e82ee7dedd1ae1749a16cac7a1_mask.tiff: 429 Client Error: Too Many Requests for url: https://api.kaggle.com/v1/competitions.CompetitionApiService/DownloadDataFile

  FAIL train_label_masks/3ed6a37e2e5a9a48ebfe9a8f6e2f1a39_mask.tiff: 429 Client Error: Too Many Requests for url: https://api.kaggle.com/v1/competitions.CompetitionApiService/DownloadDataFile

  FAIL train_label_masks/3edccb2b905b03511825b5413f1ddce0_mask.tiff: 429 Client Error: Too Many Requests for url: https://api.kaggle.com/v1/competitions.CompetitionApiService/DownloadDataFile

  FAIL train_label_masks/3ee16cef000a96c344248a90e5cfccd2_mask.tiff: 429 Client Error: Too Many Requests for url: https://api.kaggle.com/v1/competitions.CompetitionApiService/DownloadDataFile

  FAIL train_label_masks/3ee71993acdc2ab83790ea25fafe319d_mask.tiff: 429 Client Error: Too Many Requests for url: https://api.kaggle.com/v1/competitions.CompetitionApiService/DownloadDataFile

  FAIL train_label_masks/3ee83e295ae1fca3fbee89fb67666bc1_mask.tiff: 429 Client Error: Too Many Requests for url: https://api.kaggle.com/v1/competitions.CompetitionApiService/DownloadDataFile

  FAIL train_label_masks/3eee912c7daba1d6c5c6968ef71b5570_mask.tiff: 429 Client Error: Too Many Requests for url: https://api.kaggle.com/v1/competitions.CompetitionApiService/DownloadDataFile

  FAIL train_label_masks/3ef789f8caa7186261ad9f77bb552c7a_mask.tiff: 429 Client Error: Too Many Requests for url: https://api.kaggle.com/v1/competitions.CompetitionApiService/DownloadDataFile

  FAIL train_label_masks/3f09402aa669e0e9f91b7f158c8708cc_mask.tiff: 429 Client Error: Too Many Requests for url: https://api.kaggle.com/v1/competitions.CompetitionApiService/DownloadDataFile

  FAIL train_label_masks/3f0c4e9f8fb3b846e49bb1ca2b3021ef_mask.tiff: 429 Client Error: Too Many Requests for url: https://api.kaggle.com/v1/competitions.CompetitionApiService/DownloadDataFile

  FAIL train_label_masks/3f1932eefb6de2c9b6666565a6b93765_mask.tiff: 429 Client Error: Too Many Requests for url: https://api.kaggle.com/v1/competitions.CompetitionApiService/DownloadDataFile

  FAIL train_label_masks/3f1eb8236e85a6f701f658153f4ecfa6_mask.tiff: 429 Client Error: Too Many Requests for url: https://api.kaggle.com/v1/competitions.CompetitionApiService/DownloadDataFile

  FAIL train_label_masks/3f232e619560395c4a99f858d76fb5d7_mask.tiff: 429 Client Error: Too Many Requests for url: https://api.kaggle.com/v1/competitions.CompetitionApiService/DownloadDataFile

  FAIL train_label_masks/3f3aba7575fc6aed6c5512cfa3c11e86_mask.tiff: 429 Client Error: Too Many Requests for url: https://api.kaggle.com/v1/competitions.CompetitionApiService/DownloadDataFile

  FAIL train_label_masks/3f3ea480b6f8748d6e826f1c1d6474e3_mask.tiff: 429 Client Error: Too Many Requests for url: https://api.kaggle.com/v1/competitions.CompetitionApiService/DownloadDataFile

  FAIL train_label_masks/3f3f6a1f515cd9ae79e323a4759f0888_mask.tiff: 429 Client Error: Too Many Requests for url: https://api.kaggle.com/v1/competitions.CompetitionApiService/DownloadDataFile

  FAIL train_label_masks/3f5ace05ae2e2cee322fdee09da53f0a_mask.tiff: 429 Client Error: Too Many Requests for url: https://api.kaggle.com/v1/competitions.CompetitionApiService/DownloadDataFile

  FAIL train_label_masks/3f5bab6cda2430e7cdf7ab27566599c8_mask.tiff: 429 Client Error: Too Many Requests for url: https://api.kaggle.com/v1/competitions.CompetitionApiService/DownloadDataFile

  FAIL train_label_masks/3f6bcb7f394cd841f7eb69b7d0786f9a_mask.tiff: 429 Client Error: Too Many Requests for url: https://api.kaggle.com/v1/competitions.CompetitionApiService/DownloadDataFile

  FAIL train_label_masks/3f7aa0cadbf025a6bb6d728412e6e100_mask.tiff: 429 Client Error: Too Many Requests for url: https://api.kaggle.com/v1/competitions.CompetitionApiService/DownloadDataFile

  FAIL train_label_masks/3fa1e5427fd312f27072d99cb14a63d3_mask.tiff: 429 Client Error: Too Many Requests for url: https://api.kaggle.com/v1/competitions.CompetitionApiService/DownloadDataFile

  FAIL train_label_masks/3faad4959dbc001b2529a158822193df_mask.tiff: 429 Client Error: Too Many Requests for url: https://api.kaggle.com/v1/competitions.CompetitionApiService/DownloadDataFile

  FAIL train_label_masks/3fbe2ab4f1952e0ffa467c88154b5b14_mask.tiff: 429 Client Error: Too Many Requests for url: https://api.kaggle.com/v1/competitions.CompetitionApiService/DownloadDataFile

  FAIL train_label_masks/3ff30b9406f4c44c9b8dba47615f1fca_mask.tiff: 429 Client Error: Too Many Requests for url: https://api.kaggle.com/v1/competitions.CompetitionApiService/DownloadDataFile

  FAIL train_label_masks/3ffc717414973b70eeebb9fb3d273c5d_mask.tiff: 429 Client Error: Too Many Requests for url: https://api.kaggle.com/v1/competitions.CompetitionApiService/DownloadDataFile

  FAIL train_label_masks/402fa51bb615b1a88200c65ce22c76fe_mask.tiff: 429 Client Error: Too Many Requests for url: https://api.kaggle.com/v1/competitions.CompetitionApiService/DownloadDataFile

  FAIL train_label_masks/4031bad3ffbcd79f42330f3853bec9b2_mask.tiff: 429 Client Error: Too Many Requests for url: https://api.kaggle.com/v1/competitions.CompetitionApiService/DownloadDataFile

  FAIL train_label_masks/4035885f764d0e277b0a7f058711c6ba_mask.tiff: 429 Client Error: Too Many Requests for url: https://api.kaggle.com/v1/competitions.CompetitionApiService/DownloadDataFile

  FAIL train_label_masks/403b430abd712f623f549ec1bba52c4d_mask.tiff: 429 Client Error: Too Many Requests for url: https://api.kaggle.com/v1/competitions.CompetitionApiService/DownloadDataFile

  FAIL train_label_masks/40518fec8d209aefe091ede58473d00d_mask.tiff: 429 Client Error: Too Many Requests for url: https://api.kaggle.com/v1/competitions.CompetitionApiService/DownloadDataFile

  FAIL train_label_masks/4056ca62c7372fc17eb1cb55d58f0866_mask.tiff: 429 Client Error: Too Many Requests for url: https://api.kaggle.com/v1/competitions.CompetitionApiService/DownloadDataFile

  FAIL train_label_masks/4059e344d07af05771b57fc3c89a7549_mask.tiff: 429 Client Error: Too Many Requests for url: https://api.kaggle.com/v1/competitions.CompetitionApiService/DownloadDataFile

  FAIL train_label_masks/4096244b63ae69345283dd7bad8609d0_mask.tiff: 429 Client Error: Too Many Requests for url: https://api.kaggle.com/v1/competitions.CompetitionApiService/DownloadDataFile

  FAIL train_label_masks/409d6815cecdf483be748a75c63c0b2e_mask.tiff: 429 Client Error: Too Many Requests for url: https://api.kaggle.com/v1/competitions.CompetitionApiService/DownloadDataFile

  FAIL train_label_masks/40a7138f52ba6bcb66a4cdc432280261_mask.tiff: 429 Client Error: Too Many Requests for url: https://api.kaggle.com/v1/competitions.CompetitionApiService/DownloadDataFile

  FAIL train_label_masks/40b2f139228855bf5f5551e8bd872ef5_mask.tiff: 429 Client Error: Too Many Requests for url: https://api.kaggle.com/v1/competitions.CompetitionApiService/DownloadDataFile

  FAIL train_label_masks/40be6eabc1be4bd88eabd38aa07ac9ca_mask.tiff: 429 Client Error: Too Many Requests for url: https://api.kaggle.com/v1/competitions.CompetitionApiService/DownloadDataFile

  FAIL train_label_masks/40d6e4442b79b10865ca062d189c8913_mask.tiff: 429 Client Error: Too Many Requests for url: https://api.kaggle.com/v1/competitions.CompetitionApiService/DownloadDataFile

  FAIL train_label_masks/40d72d6f5f5d4f243e448d8ff1838f2e_mask.tiff: 429 Client Error: Too Many Requests for url: https://api.kaggle.com/v1/competitions.CompetitionApiService/DownloadDataFile

  FAIL train_label_masks/40d8910aae2678a68e643f3e01cceb1d_mask.tiff: 429 Client Error: Too Many Requests for url: https://api.kaggle.com/v1/competitions.CompetitionApiService/DownloadDataFile

  FAIL train_label_masks/40f53e192b5ef10af5d9f176cb1705bc_mask.tiff: 429 Client Error: Too Many Requests for url: https://api.kaggle.com/v1/competitions.CompetitionApiService/DownloadDataFile

  FAIL train_label_masks/4151b86419c21be19898dd73724a03c3_mask.tiff: 429 Client Error: Too Many Requests for url: https://api.kaggle.com/v1/competitions.CompetitionApiService/DownloadDataFile

  FAIL train_label_masks/4166b08dab8537c35b51cb89616ef6e1_mask.tiff: 429 Client Error: Too Many Requests for url: https://api.kaggle.com/v1/competitions.CompetitionApiService/DownloadDataFile

  FAIL train_label_masks/4170f061044a480249355b4dcc4306cc_mask.tiff: 429 Client Error: Too Many Requests for url: https://api.kaggle.com/v1/competitions.CompetitionApiService/DownloadDataFile

  FAIL train_label_masks/41785d75132693f972b4f95b0f4e5e95_mask.tiff: 429 Client Error: Too Many Requests for url: https://api.kaggle.com/v1/competitions.CompetitionApiService/DownloadDataFile

  FAIL train_label_masks/41890d6114a8efe1afa054303c9b6b9a_mask.tiff: 429 Client Error: Too Many Requests for url: https://api.kaggle.com/v1/competitions.CompetitionApiService/DownloadDataFile

  FAIL train_label_masks/418aa1d085fe63ffb9c5510a9075f8e5_mask.tiff: 429 Client Error: Too Many Requests for url: https://api.kaggle.com/v1/competitions.CompetitionApiService/DownloadDataFile

  FAIL train_label_masks/418e1cef9d164228667371028ca7071c_mask.tiff: 429 Client Error: Too Many Requests for url: https://api.kaggle.com/v1/competitions.CompetitionApiService/DownloadDataFile

  FAIL train_label_masks/418e6b6e39af708710e1e497ca629ee8_mask.tiff: 429 Client Error: Too Many Requests for url: https://api.kaggle.com/v1/competitions.CompetitionApiService/DownloadDataFile

  FAIL train_label_masks/41a057757b0520ff53068b6dcce9731e_mask.tiff: 429 Client Error: Too Many Requests for url: https://api.kaggle.com/v1/competitions.CompetitionApiService/DownloadDataFile

  FAIL train_label_masks/41b5859aa0d162eb72387b3ee8a8903e_mask.tiff: 429 Client Error: Too Many Requests for url: https://api.kaggle.com/v1/competitions.CompetitionApiService/DownloadDataFile

  FAIL train_label_masks/41cb4989ff5f99e7fee7af7e666e8319_mask.tiff: 429 Client Error: Too Many Requests for url: https://api.kaggle.com/v1/competitions.CompetitionApiService/DownloadDataFile

  FAIL train_label_masks/41d7b7080bd5422ea9e0539b9f085c3a_mask.tiff: 429 Client Error: Too Many Requests for url: https://api.kaggle.com/v1/competitions.CompetitionApiService/DownloadDataFile

  FAIL train_label_masks/41da5a69cd944b9556aef7d8829db011_mask.tiff: 429 Client Error: Too Many Requests for url: https://api.kaggle.com/v1/competitions.CompetitionApiService/DownloadDataFile

  FAIL train_label_masks/41eabdf6d7f3a3ac22d0f7a83aea1053_mask.tiff: 429 Client Error: Too Many Requests for url: https://api.kaggle.com/v1/competitions.CompetitionApiService/DownloadDataFile

  FAIL train_label_masks/4203ec2a8c71bf1876526fb0111b8235_mask.tiff: 429 Client Error: Too Many Requests for url: https://api.kaggle.com/v1/competitions.CompetitionApiService/DownloadDataFile

  FAIL train_label_masks/42045280ad96d543a1edb099b0b05940_mask.tiff: 429 Client Error: Too Many Requests for url: https://api.kaggle.com/v1/competitions.CompetitionApiService/DownloadDataFile

  FAIL train_label_masks/421f3a986df6902d4d872a71bf93d6c5_mask.tiff: 429 Client Error: Too Many Requests for url: https://api.kaggle.com/v1/competitions.CompetitionApiService/DownloadDataFile

  FAIL train_label_masks/424695a2886897279fd2d40c394d7848_mask.tiff: 429 Client Error: Too Many Requests for url: https://api.kaggle.com/v1/competitions.CompetitionApiService/DownloadDataFile

  FAIL train_label_masks/42482ed25f9001ae44f6148432da91d7_mask.tiff: 429 Client Error: Too Many Requests for url: https://api.kaggle.com/v1/competitions.CompetitionApiService/DownloadDataFile

  FAIL train_label_masks/425d3b83fe4750a2ac67b978263995fe_mask.tiff: 429 Client Error: Too Many Requests for url: https://api.kaggle.com/v1/competitions.CompetitionApiService/DownloadDataFile

  FAIL train_label_masks/4271f838ba2f13ffd46386db5248e904_mask.tiff: 429 Client Error: Too Many Requests for url: https://api.kaggle.com/v1/competitions.CompetitionApiService/DownloadDataFile

  FAIL train_label_masks/4274afab5a0dfcdb8296d351150a754a_mask.tiff: 429 Client Error: Too Many Requests for url: https://api.kaggle.com/v1/competitions.CompetitionApiService/DownloadDataFile

  FAIL train_label_masks/427f804eef0ccf5d4f858288d6399c7d_mask.tiff: 429 Client Error: Too Many Requests for url: https://api.kaggle.com/v1/competitions.CompetitionApiService/DownloadDataFile

  FAIL train_label_masks/428f0c9a110cf7cae62d620a4306ceaf_mask.tiff: 429 Client Error: Too Many Requests for url: https://api.kaggle.com/v1/competitions.CompetitionApiService/DownloadDataFile

  FAIL train_label_masks/42bdc13df1e2910577c98462716c6075_mask.tiff: 429 Client Error: Too Many Requests for url: https://api.kaggle.com/v1/competitions.CompetitionApiService/DownloadDataFile

  FAIL train_label_masks/42c0d2324381e596483e201577d0d9b0_mask.tiff: 429 Client Error: Too Many Requests for url: https://api.kaggle.com/v1/competitions.CompetitionApiService/DownloadDataFile

  FAIL train_label_masks/42c97dfa8a8d7ab5ee5ddcc6a5c968da_mask.tiff: 429 Client Error: Too Many Requests for url: https://api.kaggle.com/v1/competitions.CompetitionApiService/DownloadDataFile

  FAIL train_label_masks/42cb31b9fc4dca6da8112c72600ce8e3_mask.tiff: 429 Client Error: Too Many Requests for url: https://api.kaggle.com/v1/competitions.CompetitionApiService/DownloadDataFile

  FAIL train_label_masks/42cb627feeceb770537e6c322c763dbf_mask.tiff: 429 Client Error: Too Many Requests for url: https://api.kaggle.com/v1/competitions.CompetitionApiService/DownloadDataFile

  FAIL train_label_masks/430d7fb12afa81a367453073a1dd899f_mask.tiff: 429 Client Error: Too Many Requests for url: https://api.kaggle.com/v1/competitions.CompetitionApiService/DownloadDataFile

  FAIL train_label_masks/431054766be0a31b6a652aa5d1caea41_mask.tiff: 429 Client Error: Too Many Requests for url: https://api.kaggle.com/v1/competitions.CompetitionApiService/DownloadDataFile

  FAIL train_label_masks/43111f9c3a9aca9f3b1daf09f392f3c8_mask.tiff: 429 Client Error: Too Many Requests for url: https://api.kaggle.com/v1/competitions.CompetitionApiService/DownloadDataFile

  FAIL train_label_masks/4318a5e5772810d926a7c82899c772d2_mask.tiff: 429 Client Error: Too Many Requests for url: https://api.kaggle.com/v1/competitions.CompetitionApiService/DownloadDataFile

  FAIL train_label_masks/43276423852d930b27c86103e63d8288_mask.tiff: 429 Client Error: Too Many Requests for url: https://api.kaggle.com/v1/competitions.CompetitionApiService/DownloadDataFile

  FAIL train_label_masks/432abc4bb7e9413b738f13e982b11868_mask.tiff: 429 Client Error: Too Many Requests for url: https://api.kaggle.com/v1/competitions.CompetitionApiService/DownloadDataFile

  FAIL train_label_masks/432ec3aa0403cfd011d4489879fada9c_mask.tiff: 429 Client Error: Too Many Requests for url: https://api.kaggle.com/v1/competitions.CompetitionApiService/DownloadDataFile

  FAIL train_label_masks/433a1eea85c4450c1814a8ad781ff244_mask.tiff: 429 Client Error: Too Many Requests for url: https://api.kaggle.com/v1/competitions.CompetitionApiService/DownloadDataFile

  FAIL train_label_masks/4351d8299a773ed099cc12148b61fefd_mask.tiff: 429 Client Error: Too Many Requests for url: https://api.kaggle.com/v1/competitions.CompetitionApiService/DownloadDataFile

  FAIL train_label_masks/435661930d09e42e5217033238c404c0_mask.tiff: 429 Client Error: Too Many Requests for url: https://api.kaggle.com/v1/competitions.CompetitionApiService/DownloadDataFile

  FAIL train_label_masks/435f5526bfee811bcd4bbf54ad40b600_mask.tiff: 429 Client Error: Too Many Requests for url: https://api.kaggle.com/v1/competitions.CompetitionApiService/DownloadDataFile

  FAIL train_label_masks/436b91d1faa3d2c896f31e1b91b868a3_mask.tiff: 429 Client Error: Too Many Requests for url: https://api.kaggle.com/v1/competitions.CompetitionApiService/DownloadDataFile

  FAIL train_label_masks/436fe677570dbf833a4298a1f0346edf_mask.tiff: 429 Client Error: Too Many Requests for url: https://api.kaggle.com/v1/competitions.CompetitionApiService/DownloadDataFile

  FAIL train_label_masks/436fff2e0e75ea2ef844b57d88d3c212_mask.tiff: 429 Client Error: Too Many Requests for url: https://api.kaggle.com/v1/competitions.CompetitionApiService/DownloadDataFile

  FAIL train_label_masks/4393d46b83d4747ed613d11040dbffed_mask.tiff: 429 Client Error: Too Many Requests for url: https://api.kaggle.com/v1/competitions.CompetitionApiService/DownloadDataFile

  FAIL train_label_masks/439d66d2d3cb43a3208fd15917941334_mask.tiff: 429 Client Error: Too Many Requests for url: https://api.kaggle.com/v1/competitions.CompetitionApiService/DownloadDataFile

  FAIL train_label_masks/43b6a97c91c43fd8cd8a66210e2dfce5_mask.tiff: 429 Client Error: Too Many Requests for url: https://api.kaggle.com/v1/competitions.CompetitionApiService/DownloadDataFile

  FAIL train_label_masks/43c2e485e4b5b12e1e5da69bcff065a4_mask.tiff: 429 Client Error: Too Many Requests for url: https://api.kaggle.com/v1/competitions.CompetitionApiService/DownloadDataFile

  FAIL train_label_masks/43dd1d762afad36444938fa931630a93_mask.tiff: 429 Client Error: Too Many Requests for url: https://api.kaggle.com/v1/competitions.CompetitionApiService/DownloadDataFile

  FAIL train_label_masks/43f1934ed5821f2b4897e6535b432668_mask.tiff: 429 Client Error: Too Many Requests for url: https://api.kaggle.com/v1/competitions.CompetitionApiService/DownloadDataFile

  FAIL train_label_masks/43f7943591b6d78cf4ddec563d020487_mask.tiff: 429 Client Error: Too Many Requests for url: https://api.kaggle.com/v1/competitions.CompetitionApiService/DownloadDataFile

  FAIL train_label_masks/43fb03bd110f08e7c36fcbfcf43feccf_mask.tiff: 429 Client Error: Too Many Requests for url: https://api.kaggle.com/v1/competitions.CompetitionApiService/DownloadDataFile

  FAIL train_label_masks/441265c6b4598e9bcd10bc10eb6293cc_mask.tiff: 429 Client Error: Too Many Requests for url: https://api.kaggle.com/v1/competitions.CompetitionApiService/DownloadDataFile

  FAIL train_label_masks/441b527337da4319cf700b6e7da9fa0c_mask.tiff: 429 Client Error: Too Many Requests for url: https://api.kaggle.com/v1/competitions.CompetitionApiService/DownloadDataFile

  FAIL train_label_masks/44350cd9c0b41005308e65c2d9ee8ac1_mask.tiff: 429 Client Error: Too Many Requests for url: https://api.kaggle.com/v1/competitions.CompetitionApiService/DownloadDataFile

  FAIL train_label_masks/4444987df780434b2dba8306b086fd64_mask.tiff: 429 Client Error: Too Many Requests for url: https://api.kaggle.com/v1/competitions.CompetitionApiService/DownloadDataFile

  FAIL train_label_masks/444ef94933b8b3cf2560688a9dadc004_mask.tiff: 429 Client Error: Too Many Requests for url: https://api.kaggle.com/v1/competitions.CompetitionApiService/DownloadDataFile

  FAIL train_label_masks/446664c5c1545096585825aad5bc9310_mask.tiff: 429 Client Error: Too Many Requests for url: https://api.kaggle.com/v1/competitions.CompetitionApiService/DownloadDataFile

  FAIL train_label_masks/4466722a9c574e8572224b7e853d4f53_mask.tiff: 429 Client Error: Too Many Requests for url: https://api.kaggle.com/v1/competitions.CompetitionApiService/DownloadDataFile

  FAIL train_label_masks/447ceabf87de7431032ef708132594d5_mask.tiff: 429 Client Error: Too Many Requests for url: https://api.kaggle.com/v1/competitions.CompetitionApiService/DownloadDataFile

  FAIL train_label_masks/44a0e59d540e47bd78f739e49f4b0680_mask.tiff: 429 Client Error: Too Many Requests for url: https://api.kaggle.com/v1/competitions.CompetitionApiService/DownloadDataFile

  FAIL train_label_masks/44a18e239f8354b5347d91855a2508bd_mask.tiff: 429 Client Error: Too Many Requests for url: https://api.kaggle.com/v1/competitions.CompetitionApiService/DownloadDataFile

  FAIL train_label_masks/44bd92639cb37e2cc41d253bc4671241_mask.tiff: 429 Client Error: Too Many Requests for url: https://api.kaggle.com/v1/competitions.CompetitionApiService/DownloadDataFile

  FAIL train_label_masks/44dc73a9af8cd93c44706b4152bb449a_mask.tiff: 429 Client Error: Too Many Requests for url: https://api.kaggle.com/v1/competitions.CompetitionApiService/DownloadDataFile

  FAIL train_label_masks/44f1555353574ac79ce07ae55f40a932_mask.tiff: 429 Client Error: Too Many Requests for url: https://api.kaggle.com/v1/competitions.CompetitionApiService/DownloadDataFile

  FAIL train_label_masks/44f20df33112cfc1ae49f18ee2efc913_mask.tiff: 429 Client Error: Too Many Requests for url: https://api.kaggle.com/v1/competitions.CompetitionApiService/DownloadDataFile

  FAIL train_label_masks/44f60ac5d5d82e5c72d077e50701863d_mask.tiff: 429 Client Error: Too Many Requests for url: https://api.kaggle.com/v1/competitions.CompetitionApiService/DownloadDataFile

  FAIL train_label_masks/44fa7e7bcc30222e8313bb28bbbf3b73_mask.tiff: 429 Client Error: Too Many Requests for url: https://api.kaggle.com/v1/competitions.CompetitionApiService/DownloadDataFile

  FAIL train_label_masks/44fe9866a8fbfc80642bd800e2e4954b_mask.tiff: 429 Client Error: Too Many Requests for url: https://api.kaggle.com/v1/competitions.CompetitionApiService/DownloadDataFile

  FAIL train_label_masks/4502c2c9c9c1041564225b9d8fad13c1_mask.tiff: 429 Client Error: Too Many Requests for url: https://api.kaggle.com/v1/competitions.CompetitionApiService/DownloadDataFile

  FAIL train_label_masks/450f03b3f86c156365c1f7ef8e38f995_mask.tiff: 429 Client Error: Too Many Requests for url: https://api.kaggle.com/v1/competitions.CompetitionApiService/DownloadDataFile

  FAIL train_label_masks/4517c109e23cf3b572373db82b519303_mask.tiff: 429 Client Error: Too Many Requests for url: https://api.kaggle.com/v1/competitions.CompetitionApiService/DownloadDataFile

  FAIL train_label_masks/451b173c2c31ffe1cdd3528da102b3f7_mask.tiff: 429 Client Error: Too Many Requests for url: https://api.kaggle.com/v1/competitions.CompetitionApiService/DownloadDataFile

  FAIL train_label_masks/4520cef8cba78d1b80ed7de894c416b5_mask.tiff: 429 Client Error: Too Many Requests for url: https://api.kaggle.com/v1/competitions.CompetitionApiService/DownloadDataFile

  FAIL train_label_masks/4529b55616610e6206384be8245d1238_mask.tiff: 429 Client Error: Too Many Requests for url: https://api.kaggle.com/v1/competitions.CompetitionApiService/DownloadDataFile

  FAIL train_label_masks/452eca104841c28098e3ea454f9626c5_mask.tiff: 429 Client Error: Too Many Requests for url: https://api.kaggle.com/v1/competitions.CompetitionApiService/DownloadDataFile

  FAIL train_label_masks/45536830c0c451c9397571656c5f36ce_mask.tiff: 429 Client Error: Too Many Requests for url: https://api.kaggle.com/v1/competitions.CompetitionApiService/DownloadDataFile

  FAIL train_label_masks/4556ea2541ab33c9fb2461d1aeed2bc6_mask.tiff: 429 Client Error: Too Many Requests for url: https://api.kaggle.com/v1/competitions.CompetitionApiService/DownloadDataFile

  FAIL train_label_masks/45910500e405b732fd6c0d50c921e3f4_mask.tiff: 429 Client Error: Too Many Requests for url: https://api.kaggle.com/v1/competitions.CompetitionApiService/DownloadDataFile

  FAIL train_label_masks/4599ff734c6e613e38adc41ce8f798b4_mask.tiff: 429 Client Error: Too Many Requests for url: https://api.kaggle.com/v1/competitions.CompetitionApiService/DownloadDataFile

  FAIL train_label_masks/45b107368018ae2d6174aa5c1c6aa29c_mask.tiff: 429 Client Error: Too Many Requests for url: https://api.kaggle.com/v1/competitions.CompetitionApiService/DownloadDataFile

  FAIL train_label_masks/45b722a9c968f995fcc13d1e59cbcc88_mask.tiff: 429 Client Error: Too Many Requests for url: https://api.kaggle.com/v1/competitions.CompetitionApiService/DownloadDataFile

  FAIL train_label_masks/45b99a45cfdae3158c6de1062c90055d_mask.tiff: 429 Client Error: Too Many Requests for url: https://api.kaggle.com/v1/competitions.CompetitionApiService/DownloadDataFile

  FAIL train_label_masks/45bc46a31180f65994e37850418e237b_mask.tiff: 429 Client Error: Too Many Requests for url: https://api.kaggle.com/v1/competitions.CompetitionApiService/DownloadDataFile

  FAIL train_label_masks/45d0ddf0aeb9b7f3c8e6c19c4405ac99_mask.tiff: 429 Client Error: Too Many Requests for url: https://api.kaggle.com/v1/competitions.CompetitionApiService/DownloadDataFile

  FAIL train_label_masks/45e58b0ddd95fcf40dd592e293e301aa_mask.tiff: 429 Client Error: Too Many Requests for url: https://api.kaggle.com/v1/competitions.CompetitionApiService/DownloadDataFile

  FAIL train_label_masks/45e754f2ea20f3fc8df0d9f7d358ac90_mask.tiff: 429 Client Error: Too Many Requests for url: https://api.kaggle.com/v1/competitions.CompetitionApiService/DownloadDataFile

  FAIL train_label_masks/4600b8e6025b7af1836bedf33e2b5c66_mask.tiff: 429 Client Error: Too Many Requests for url: https://api.kaggle.com/v1/competitions.CompetitionApiService/DownloadDataFile

  FAIL train_label_masks/4607eab3c100ba73a7815b20fb2f3cdb_mask.tiff: 429 Client Error: Too Many Requests for url: https://api.kaggle.com/v1/competitions.CompetitionApiService/DownloadDataFile

  FAIL train_label_masks/460b108f9429430e435d2b25e8bdb251_mask.tiff: 429 Client Error: Too Many Requests for url: https://api.kaggle.com/v1/competitions.CompetitionApiService/DownloadDataFile

  FAIL train_label_masks/46139ecde6bc5abd09e0dc4116c85fb3_mask.tiff: 429 Client Error: Too Many Requests for url: https://api.kaggle.com/v1/competitions.CompetitionApiService/DownloadDataFile

  FAIL train_label_masks/4621bcbbece53892b356cd1d7ca6d884_mask.tiff: 429 Client Error: Too Many Requests for url: https://api.kaggle.com/v1/competitions.CompetitionApiService/DownloadDataFile

  FAIL train_label_masks/462839866ad252b9bbf2c34be653745e_mask.tiff: 429 Client Error: Too Many Requests for url: https://api.kaggle.com/v1/competitions.CompetitionApiService/DownloadDataFile

  FAIL train_label_masks/462d4231224f8acdc85dc9449f803a2d_mask.tiff: 429 Client Error: Too Many Requests for url: https://api.kaggle.com/v1/competitions.CompetitionApiService/DownloadDataFile

  FAIL train_label_masks/4639b28cdc127ee5809e2223d50035ed_mask.tiff: 429 Client Error: Too Many Requests for url: https://api.kaggle.com/v1/competitions.CompetitionApiService/DownloadDataFile

  FAIL train_label_masks/463b0017e84cfe5ed9e1e78c99a22554_mask.tiff: 429 Client Error: Too Many Requests for url: https://api.kaggle.com/v1/competitions.CompetitionApiService/DownloadDataFile

  FAIL train_label_masks/4648da3952ca9db5259d110694b9ea8d_mask.tiff: 429 Client Error: Too Many Requests for url: https://api.kaggle.com/v1/competitions.CompetitionApiService/DownloadDataFile

  FAIL train_label_masks/464d35ac0644183c0891abde15a042c7_mask.tiff: 429 Client Error: Too Many Requests for url: https://api.kaggle.com/v1/competitions.CompetitionApiService/DownloadDataFile

  FAIL train_label_masks/464f8dbd8b906717dd1eb94a344f7262_mask.tiff: 429 Client Error: Too Many Requests for url: https://api.kaggle.com/v1/competitions.CompetitionApiService/DownloadDataFile

  FAIL train_label_masks/466a84e8d13813e7aabfe440f437d990_mask.tiff: 429 Client Error: Too Many Requests for url: https://api.kaggle.com/v1/competitions.CompetitionApiService/DownloadDataFile

  FAIL train_label_masks/4674372bd1be97535314d987e253a6c5_mask.tiff: 429 Client Error: Too Many Requests for url: https://api.kaggle.com/v1/competitions.CompetitionApiService/DownloadDataFile

  FAIL train_label_masks/46746de2fa12c4170dcc2eee96f63b0a_mask.tiff: 429 Client Error: Too Many Requests for url: https://api.kaggle.com/v1/competitions.CompetitionApiService/DownloadDataFile

  FAIL train_label_masks/467e6dae0cb2eb1af21e9cc3c602fde7_mask.tiff: 429 Client Error: Too Many Requests for url: https://api.kaggle.com/v1/competitions.CompetitionApiService/DownloadDataFile

  FAIL train_label_masks/467f8386fb72e5fe9970db33c8791302_mask.tiff: 429 Client Error: Too Many Requests for url: https://api.kaggle.com/v1/competitions.CompetitionApiService/DownloadDataFile

  FAIL train_label_masks/4695453e7447f0c2266995c8dc4c0f78_mask.tiff: 429 Client Error: Too Many Requests for url: https://api.kaggle.com/v1/competitions.CompetitionApiService/DownloadDataFile

  FAIL train_label_masks/46ba7e08ffab2db7ec66bc84b2f7efbe_mask.tiff: 429 Client Error: Too Many Requests for url: https://api.kaggle.com/v1/competitions.CompetitionApiService/DownloadDataFile

  FAIL train_label_masks/46bf558b24bcdfe1f3ae711b02b53a63_mask.tiff: 429 Client Error: Too Many Requests for url: https://api.kaggle.com/v1/competitions.CompetitionApiService/DownloadDataFile

  FAIL train_label_masks/46d067b212c4dda9e6f87c8b82f22d79_mask.tiff: 429 Client Error: Too Many Requests for url: https://api.kaggle.com/v1/competitions.CompetitionApiService/DownloadDataFile

  FAIL train_label_masks/46de8984e7374ec2a14fe538720cf688_mask.tiff: 429 Client Error: Too Many Requests for url: https://api.kaggle.com/v1/competitions.CompetitionApiService/DownloadDataFile

  FAIL train_label_masks/46f1c6a77e6de339e042fbb6334ae713_mask.tiff: 429 Client Error: Too Many Requests for url: https://api.kaggle.com/v1/competitions.CompetitionApiService/DownloadDataFile

  FAIL train_label_masks/46f767c8c76697a603e52b56a33f86a0_mask.tiff: 429 Client Error: Too Many Requests for url: https://api.kaggle.com/v1/competitions.CompetitionApiService/DownloadDataFile

  FAIL train_label_masks/470af261bcc43fceb068eb58692928d2_mask.tiff: 429 Client Error: Too Many Requests for url: https://api.kaggle.com/v1/competitions.CompetitionApiService/DownloadDataFile

  FAIL train_label_masks/4721d191d9f8a869dc31fd220e5bd1e1_mask.tiff: 429 Client Error: Too Many Requests for url: https://api.kaggle.com/v1/competitions.CompetitionApiService/DownloadDataFile

  FAIL train_label_masks/473af71fb330ea26e33a3c24eaa14b6f_mask.tiff: 429 Client Error: Too Many Requests for url: https://api.kaggle.com/v1/competitions.CompetitionApiService/DownloadDataFile

  FAIL train_label_masks/4747cb458c0eb0122fe1624184d3b2e0_mask.tiff: 429 Client Error: Too Many Requests for url: https://api.kaggle.com/v1/competitions.CompetitionApiService/DownloadDataFile

  FAIL train_label_masks/474f496f367f6208122c95f70015cbcf_mask.tiff: 429 Client Error: Too Many Requests for url: https://api.kaggle.com/v1/competitions.CompetitionApiService/DownloadDataFile

  FAIL train_label_masks/4758f0c0f3fbcc8dee2d2c898b4c40f5_mask.tiff: 429 Client Error: Too Many Requests for url: https://api.kaggle.com/v1/competitions.CompetitionApiService/DownloadDataFile

  FAIL train_label_masks/476f0dfb144aee7d5422dcc3b2b97a9f_mask.tiff: 429 Client Error: Too Many Requests for url: https://api.kaggle.com/v1/competitions.CompetitionApiService/DownloadDataFile

  FAIL train_label_masks/47791bc4ed9a7eb5329f4af7c4bbb84d_mask.tiff: 429 Client Error: Too Many Requests for url: https://api.kaggle.com/v1/competitions.CompetitionApiService/DownloadDataFile

  FAIL train_label_masks/478261713d5379009e2f1be1ad3deb63_mask.tiff: 429 Client Error: Too Many Requests for url: https://api.kaggle.com/v1/competitions.CompetitionApiService/DownloadDataFile

  FAIL train_label_masks/479200a381febadfd767615fbe77c3ea_mask.tiff: 429 Client Error: Too Many Requests for url: https://api.kaggle.com/v1/competitions.CompetitionApiService/DownloadDataFile

  FAIL train_label_masks/479c67e60b431a189c31e65be43f3741_mask.tiff: 429 Client Error: Too Many Requests for url: https://api.kaggle.com/v1/competitions.CompetitionApiService/DownloadDataFile

  FAIL train_label_masks/479e2541da741a1bad39571b15c96a18_mask.tiff: 429 Client Error: Too Many Requests for url: https://api.kaggle.com/v1/competitions.CompetitionApiService/DownloadDataFile

  FAIL train_label_masks/47d2d79be7e67f1ead3b0443e5901aaf_mask.tiff: 429 Client Error: Too Many Requests for url: https://api.kaggle.com/v1/competitions.CompetitionApiService/DownloadDataFile

  FAIL train_label_masks/47de9353032a12ede4ea28c8217b8a35_mask.tiff: 429 Client Error: Too Many Requests for url: https://api.kaggle.com/v1/competitions.CompetitionApiService/DownloadDataFile

  FAIL train_label_masks/47ebeac86bb4d9eb51f2cb5ce110a823_mask.tiff: 429 Client Error: Too Many Requests for url: https://api.kaggle.com/v1/competitions.CompetitionApiService/DownloadDataFile

  FAIL train_label_masks/47f34de873955e8e03e954e3882d747f_mask.tiff: 429 Client Error: Too Many Requests for url: https://api.kaggle.com/v1/competitions.CompetitionApiService/DownloadDataFile

  FAIL train_label_masks/47f750f4872babd55dfbe6864811b5b5_mask.tiff: 429 Client Error: Too Many Requests for url: https://api.kaggle.com/v1/competitions.CompetitionApiService/DownloadDataFile

  FAIL train_label_masks/4800ba489b63f1cf36762ddef7683867_mask.tiff: 429 Client Error: Too Many Requests for url: https://api.kaggle.com/v1/competitions.CompetitionApiService/DownloadDataFile

  FAIL train_label_masks/480dc522c58d59f6a6eb7b5351352d16_mask.tiff: 429 Client Error: Too Many Requests for url: https://api.kaggle.com/v1/competitions.CompetitionApiService/DownloadDataFile

  FAIL train_label_masks/48176351db9eb0d9066ac09610039e6d_mask.tiff: 429 Client Error: Too Many Requests for url: https://api.kaggle.com/v1/competitions.CompetitionApiService/DownloadDataFile

  FAIL train_label_masks/48440a60d18ab8e5a6f09de20a50bb27_mask.tiff: 429 Client Error: Too Many Requests for url: https://api.kaggle.com/v1/competitions.CompetitionApiService/DownloadDataFile

  FAIL train_label_masks/4848dd56a8f4a49a77f8535469b9de1e_mask.tiff: 429 Client Error: Too Many Requests for url: https://api.kaggle.com/v1/competitions.CompetitionApiService/DownloadDataFile

  FAIL train_label_masks/4859aea02180c9b02fbd1be4e538240c_mask.tiff: 429 Client Error: Too Many Requests for url: https://api.kaggle.com/v1/competitions.CompetitionApiService/DownloadDataFile

  FAIL train_label_masks/4867b2a030243b9079a0bf08db01cb03_mask.tiff: 429 Client Error: Too Many Requests for url: https://api.kaggle.com/v1/competitions.CompetitionApiService/DownloadDataFile

  FAIL train_label_masks/487ca72fd110eee2985954aeda10f456_mask.tiff: 429 Client Error: Too Many Requests for url: https://api.kaggle.com/v1/competitions.CompetitionApiService/DownloadDataFile

  FAIL train_label_masks/487dd5dc98d2980278b5be229dd56e60_mask.tiff: 429 Client Error: Too Many Requests for url: https://api.kaggle.com/v1/competitions.CompetitionApiService/DownloadDataFile

  FAIL train_label_masks/48896f2b866e9694586b3377025c4927_mask.tiff: 429 Client Error: Too Many Requests for url: https://api.kaggle.com/v1/competitions.CompetitionApiService/DownloadDataFile

  FAIL train_label_masks/4889d1102cccd3a96257d9966309d793_mask.tiff: 429 Client Error: Too Many Requests for url: https://api.kaggle.com/v1/competitions.CompetitionApiService/DownloadDataFile

  FAIL train_label_masks/48978e6f6ae7bcc2044599737aee9b8d_mask.tiff: 429 Client Error: Too Many Requests for url: https://api.kaggle.com/v1/competitions.CompetitionApiService/DownloadDataFile

  FAIL train_label_masks/48a55edac048e97e80e63a7c55bf2afa_mask.tiff: 429 Client Error: Too Many Requests for url: https://api.kaggle.com/v1/competitions.CompetitionApiService/DownloadDataFile

  FAIL train_label_masks/48ace73483c38f13d786c4da72ecf25e_mask.tiff: 429 Client Error: Too Many Requests for url: https://api.kaggle.com/v1/competitions.CompetitionApiService/DownloadDataFile

  FAIL train_label_masks/48b90b806560b21a02cbfcea8a2b3977_mask.tiff: 429 Client Error: Too Many Requests for url: https://api.kaggle.com/v1/competitions.CompetitionApiService/DownloadDataFile

  FAIL train_label_masks/48df3ca910d365bdea427ed5b7c31808_mask.tiff: 429 Client Error: Too Many Requests for url: https://api.kaggle.com/v1/competitions.CompetitionApiService/DownloadDataFile

  FAIL train_label_masks/490417dca347af4b988ecbe11c54db52_mask.tiff: 429 Client Error: Too Many Requests for url: https://api.kaggle.com/v1/competitions.CompetitionApiService/DownloadDataFile

  FAIL train_label_masks/49133c1015b7f1695b6225f4b0f1985c_mask.tiff: 429 Client Error: Too Many Requests for url: https://api.kaggle.com/v1/competitions.CompetitionApiService/DownloadDataFile

  FAIL train_label_masks/491f1c9e8e27e4660ed001d968610ed6_mask.tiff: 429 Client Error: Too Many Requests for url: https://api.kaggle.com/v1/competitions.CompetitionApiService/DownloadDataFile

  FAIL train_label_masks/492bf65046ad2ac9f710930418b15a75_mask.tiff: 429 Client Error: Too Many Requests for url: https://api.kaggle.com/v1/competitions.CompetitionApiService/DownloadDataFile

  FAIL train_label_masks/494a1bf06ff096d5949754b5d31f6805_mask.tiff: 429 Client Error: Too Many Requests for url: https://api.kaggle.com/v1/competitions.CompetitionApiService/DownloadDataFile

  FAIL train_label_masks/495141a4b5d6dc8067a636025981f25e_mask.tiff: 429 Client Error: Too Many Requests for url: https://api.kaggle.com/v1/competitions.CompetitionApiService/DownloadDataFile

  FAIL train_label_masks/4953f5a813043846c5e93b13adbcd1df_mask.tiff: 429 Client Error: Too Many Requests for url: https://api.kaggle.com/v1/competitions.CompetitionApiService/DownloadDataFile

  FAIL train_label_masks/4968e5f9e8c2d58318e33902e4617575_mask.tiff: 429 Client Error: Too Many Requests for url: https://api.kaggle.com/v1/competitions.CompetitionApiService/DownloadDataFile

  FAIL train_label_masks/49764620319a820dfd2e6738861b1aa0_mask.tiff: 429 Client Error: Too Many Requests for url: https://api.kaggle.com/v1/competitions.CompetitionApiService/DownloadDataFile

  FAIL train_label_masks/497813868ecc84bc315997f428262cd7_mask.tiff: 429 Client Error: Too Many Requests for url: https://api.kaggle.com/v1/competitions.CompetitionApiService/DownloadDataFile

  FAIL train_label_masks/497cc4009e9ae310b54de6412cbf8b4a_mask.tiff: 429 Client Error: Too Many Requests for url: https://api.kaggle.com/v1/competitions.CompetitionApiService/DownloadDataFile

  FAIL train_label_masks/497e1c9755641be4757136f16b8a8fad_mask.tiff: 429 Client Error: Too Many Requests for url: https://api.kaggle.com/v1/competitions.CompetitionApiService/DownloadDataFile

  FAIL train_label_masks/498406f8f2e057bd58e5ec040e78c3ba_mask.tiff: 429 Client Error: Too Many Requests for url: https://api.kaggle.com/v1/competitions.CompetitionApiService/DownloadDataFile

  FAIL train_label_masks/4989c79e165ce9eaae95f44820c11b6a_mask.tiff: 429 Client Error: Too Many Requests for url: https://api.kaggle.com/v1/competitions.CompetitionApiService/DownloadDataFile

  FAIL train_label_masks/4996dee45b988e6e90cdaac8d5efbe7d_mask.tiff: 429 Client Error: Too Many Requests for url: https://api.kaggle.com/v1/competitions.CompetitionApiService/DownloadDataFile

  FAIL train_label_masks/49a0c86e2a3844bf8173990d5a5ad279_mask.tiff: 429 Client Error: Too Many Requests for url: https://api.kaggle.com/v1/competitions.CompetitionApiService/DownloadDataFile

  FAIL train_label_masks/49a2ed9b6af2a48a788b9dd6066bdb0a_mask.tiff: 429 Client Error: Too Many Requests for url: https://api.kaggle.com/v1/competitions.CompetitionApiService/DownloadDataFile

  FAIL train_label_masks/49ad3b1fca450036f56b4844f178b837_mask.tiff: 429 Client Error: Too Many Requests for url: https://api.kaggle.com/v1/competitions.CompetitionApiService/DownloadDataFile

  FAIL train_label_masks/49adfe9cc766f35827b1db55e01d8cca_mask.tiff: 429 Client Error: Too Many Requests for url: https://api.kaggle.com/v1/competitions.CompetitionApiService/DownloadDataFile

  FAIL train_label_masks/49b4a94bd361663636f85ad747ad0da3_mask.tiff: 429 Client Error: Too Many Requests for url: https://api.kaggle.com/v1/competitions.CompetitionApiService/DownloadDataFile

  FAIL train_label_masks/49cf4320931ec7b716d8782ce29c4549_mask.tiff: 429 Client Error: Too Many Requests for url: https://api.kaggle.com/v1/competitions.CompetitionApiService/DownloadDataFile

  FAIL train_label_masks/49db2dc6d2b8ec83e08ecb69182012e1_mask.tiff: 429 Client Error: Too Many Requests for url: https://api.kaggle.com/v1/competitions.CompetitionApiService/DownloadDataFile

  FAIL train_label_masks/49db41e3293630f0b1a566d7c9a8f07e_mask.tiff: 429 Client Error: Too Many Requests for url: https://api.kaggle.com/v1/competitions.CompetitionApiService/DownloadDataFile

  FAIL train_label_masks/49f0eacee68196c3e5b997ee6d82214e_mask.tiff: 429 Client Error: Too Many Requests for url: https://api.kaggle.com/v1/competitions.CompetitionApiService/DownloadDataFile

  FAIL train_label_masks/49f730814453082b10d8fc713bd511ee_mask.tiff: 429 Client Error: Too Many Requests for url: https://api.kaggle.com/v1/competitions.CompetitionApiService/DownloadDataFile

  FAIL train_label_masks/4a17b334e64ab52c7861d0b251b4fa34_mask.tiff: 429 Client Error: Too Many Requests for url: https://api.kaggle.com/v1/competitions.CompetitionApiService/DownloadDataFile

  FAIL train_label_masks/4a2aec11bc2def9644ba9756f888ec24_mask.tiff: 429 Client Error: Too Many Requests for url: https://api.kaggle.com/v1/competitions.CompetitionApiService/DownloadDataFile

  FAIL train_label_masks/4a3e6e77b42a7e8f8b2dec472667bdbe_mask.tiff: 429 Client Error: Too Many Requests for url: https://api.kaggle.com/v1/competitions.CompetitionApiService/DownloadDataFile

  FAIL train_label_masks/4a40f41b4f18ff0dffee2fefbb19ed3f_mask.tiff: 429 Client Error: Too Many Requests for url: https://api.kaggle.com/v1/competitions.CompetitionApiService/DownloadDataFile

  FAIL train_label_masks/4a445aac57bd6e284f3ea4bd3ee9198f_mask.tiff: 429 Client Error: Too Many Requests for url: https://api.kaggle.com/v1/competitions.CompetitionApiService/DownloadDataFile

  FAIL train_label_masks/4a617782fe5e92440236591606d83bef_mask.tiff: 429 Client Error: Too Many Requests for url: https://api.kaggle.com/v1/competitions.CompetitionApiService/DownloadDataFile

  FAIL train_label_masks/4a7a70d00251af024d70dab5a7e8d228_mask.tiff: 429 Client Error: Too Many Requests for url: https://api.kaggle.com/v1/competitions.CompetitionApiService/DownloadDataFile

  FAIL train_label_masks/4aac539cdb139eb4549013b591084c4f_mask.tiff: 429 Client Error: Too Many Requests for url: https://api.kaggle.com/v1/competitions.CompetitionApiService/DownloadDataFile

  FAIL train_label_masks/4aae2215d4d4ca911f61b2f159c188d5_mask.tiff: 429 Client Error: Too Many Requests for url: https://api.kaggle.com/v1/competitions.CompetitionApiService/DownloadDataFile

  FAIL train_label_masks/4ab8281e038c2ca2f391b11d65e4366b_mask.tiff: 429 Client Error: Too Many Requests for url: https://api.kaggle.com/v1/competitions.CompetitionApiService/DownloadDataFile

  FAIL train_label_masks/4abd945d8f4651d4c8c8204db470a005_mask.tiff: 429 Client Error: Too Many Requests for url: https://api.kaggle.com/v1/competitions.CompetitionApiService/DownloadDataFile

  FAIL train_label_masks/4abf4f8b4b7768af6eb06d3ef31b1e09_mask.tiff: 429 Client Error: Too Many Requests for url: https://api.kaggle.com/v1/competitions.CompetitionApiService/DownloadDataFile

  FAIL train_label_masks/4ada62a4e80e0cc01ceac327b2f5c57f_mask.tiff: 429 Client Error: Too Many Requests for url: https://api.kaggle.com/v1/competitions.CompetitionApiService/DownloadDataFile

  FAIL train_label_masks/4b0ef01c012aa7824c2f92984edb8210_mask.tiff: 429 Client Error: Too Many Requests for url: https://api.kaggle.com/v1/competitions.CompetitionApiService/DownloadDataFile

  FAIL train_label_masks/4b2af68b112c6842e2fce65b9f69473a_mask.tiff: 429 Client Error: Too Many Requests for url: https://api.kaggle.com/v1/competitions.CompetitionApiService/DownloadDataFile

  FAIL train_label_masks/4b3f9fe89534fa5231f41be4a1a6c739_mask.tiff: 429 Client Error: Too Many Requests for url: https://api.kaggle.com/v1/competitions.CompetitionApiService/DownloadDataFile

  FAIL train_label_masks/4b6bda9f84d5ceb4ba81db95e382933c_mask.tiff: 429 Client Error: Too Many Requests for url: https://api.kaggle.com/v1/competitions.CompetitionApiService/DownloadDataFile

  FAIL train_label_masks/4b6ed79396add87dafb5a4d6846c6972_mask.tiff: 429 Client Error: Too Many Requests for url: https://api.kaggle.com/v1/competitions.CompetitionApiService/DownloadDataFile

  FAIL train_label_masks/4b7e051415b19b60bff4ee689eefdc7b_mask.tiff: 429 Client Error: Too Many Requests for url: https://api.kaggle.com/v1/competitions.CompetitionApiService/DownloadDataFile

  FAIL train_label_masks/4b9636cb1e3f5012072099379e9af72e_mask.tiff: 429 Client Error: Too Many Requests for url: https://api.kaggle.com/v1/competitions.CompetitionApiService/DownloadDataFile

  FAIL train_label_masks/4b992f28f2ad9809948ec801fee0078b_mask.tiff: 429 Client Error: Too Many Requests for url: https://api.kaggle.com/v1/competitions.CompetitionApiService/DownloadDataFile

  FAIL train_label_masks/4b9990a038b7b29a12d971fb17372c2e_mask.tiff: 429 Client Error: Too Many Requests for url: https://api.kaggle.com/v1/competitions.CompetitionApiService/DownloadDataFile

  FAIL train_label_masks/4ba2c9a9103bbbaa575dfb3b888dc195_mask.tiff: 429 Client Error: Too Many Requests for url: https://api.kaggle.com/v1/competitions.CompetitionApiService/DownloadDataFile

  FAIL train_label_masks/4ba91dfdc9e3dadbf2a947592ec3ac0c_mask.tiff: 429 Client Error: Too Many Requests for url: https://api.kaggle.com/v1/competitions.CompetitionApiService/DownloadDataFile

  FAIL train_label_masks/4bb4bbbd6dec06f9938c52cbdfa0b1c9_mask.tiff: 429 Client Error: Too Many Requests for url: https://api.kaggle.com/v1/competitions.CompetitionApiService/DownloadDataFile

  FAIL train_label_masks/4bc5aa61ba3fdc8c4257a621fda84e6b_mask.tiff: 429 Client Error: Too Many Requests for url: https://api.kaggle.com/v1/competitions.CompetitionApiService/DownloadDataFile

  FAIL train_label_masks/4bd5c18dcdfe52d9b4cdc9a85199f5cb_mask.tiff: 429 Client Error: Too Many Requests for url: https://api.kaggle.com/v1/competitions.CompetitionApiService/DownloadDataFile

  FAIL train_label_masks/4be06d7d1bc7ea4676a57de44d76f76c_mask.tiff: 429 Client Error: Too Many Requests for url: https://api.kaggle.com/v1/competitions.CompetitionApiService/DownloadDataFile

  FAIL train_label_masks/4be68ecd2fdbbf7a19ccb574950badd7_mask.tiff: 429 Client Error: Too Many Requests for url: https://api.kaggle.com/v1/competitions.CompetitionApiService/DownloadDataFile

  FAIL train_label_masks/4bf5a250183e162fdabe2e6080a46cce_mask.tiff: 429 Client Error: Too Many Requests for url: https://api.kaggle.com/v1/competitions.CompetitionApiService/DownloadDataFile

  FAIL train_label_masks/4c25d8ba4a2ecabe2b69b901c994e2dd_mask.tiff: 429 Client Error: Too Many Requests for url: https://api.kaggle.com/v1/competitions.CompetitionApiService/DownloadDataFile

  FAIL train_label_masks/4c2b7a2554d56944bbd074abfd206134_mask.tiff: 429 Client Error: Too Many Requests for url: https://api.kaggle.com/v1/competitions.CompetitionApiService/DownloadDataFile

  FAIL train_label_masks/4c4c624b8db2f481703c4ee6dea58bc2_mask.tiff: 429 Client Error: Too Many Requests for url: https://api.kaggle.com/v1/competitions.CompetitionApiService/DownloadDataFile

  FAIL train_label_masks/4c52ceaed5d168bffd8f2e0175a6ebbd_mask.tiff: 429 Client Error: Too Many Requests for url: https://api.kaggle.com/v1/competitions.CompetitionApiService/DownloadDataFile

  FAIL train_label_masks/4c547c4817c06b4e77da45768358eb98_mask.tiff: 429 Client Error: Too Many Requests for url: https://api.kaggle.com/v1/competitions.CompetitionApiService/DownloadDataFile

  FAIL train_label_masks/4c6a0e8134aee15172b8e37dd7972680_mask.tiff: 429 Client Error: Too Many Requests for url: https://api.kaggle.com/v1/competitions.CompetitionApiService/DownloadDataFile

  FAIL train_label_masks/4c72ab6a23ced34d785ea2e413239639_mask.tiff: 429 Client Error: Too Many Requests for url: https://api.kaggle.com/v1/competitions.CompetitionApiService/DownloadDataFile

  FAIL train_label_masks/4c7318b58b1d1485e7c4b02e2f983e4f_mask.tiff: 429 Client Error: Too Many Requests for url: https://api.kaggle.com/v1/competitions.CompetitionApiService/DownloadDataFile

  FAIL train_label_masks/4c7ab20052bb5e2a11e998f4b8936898_mask.tiff: 429 Client Error: Too Many Requests for url: https://api.kaggle.com/v1/competitions.CompetitionApiService/DownloadDataFile

  FAIL train_label_masks/4c9894ef150c2661e2c1ad333542f058_mask.tiff: 429 Client Error: Too Many Requests for url: https://api.kaggle.com/v1/competitions.CompetitionApiService/DownloadDataFile

  FAIL train_label_masks/4c9cb3b8e0f18845b3911cdc31d6fa94_mask.tiff: 429 Client Error: Too Many Requests for url: https://api.kaggle.com/v1/competitions.CompetitionApiService/DownloadDataFile

  FAIL train_label_masks/4ca21d08bb5a350a586fca9867943535_mask.tiff: 429 Client Error: Too Many Requests for url: https://api.kaggle.com/v1/competitions.CompetitionApiService/DownloadDataFile

  FAIL train_label_masks/4cb2407fb053b89d54b59d0ba09aecc1_mask.tiff: 429 Client Error: Too Many Requests for url: https://api.kaggle.com/v1/competitions.CompetitionApiService/DownloadDataFile

  FAIL train_label_masks/4cc1691f988cd4596b2a38d1e64c18ce_mask.tiff: 429 Client Error: Too Many Requests for url: https://api.kaggle.com/v1/competitions.CompetitionApiService/DownloadDataFile

  FAIL train_label_masks/4ccf0ed8147b12fd0214ef72b3f574b9_mask.tiff: 429 Client Error: Too Many Requests for url: https://api.kaggle.com/v1/competitions.CompetitionApiService/DownloadDataFile

  FAIL train_label_masks/4ce70385b1b2a8d59d8d52f303e76285_mask.tiff: 429 Client Error: Too Many Requests for url: https://api.kaggle.com/v1/competitions.CompetitionApiService/DownloadDataFile

  FAIL train_label_masks/4cf118a3431367ed792a1a9444a948d9_mask.tiff: 429 Client Error: Too Many Requests for url: https://api.kaggle.com/v1/competitions.CompetitionApiService/DownloadDataFile

  FAIL train_label_masks/4cf55b23a96f8015915487ff129d585c_mask.tiff: 429 Client Error: Too Many Requests for url: https://api.kaggle.com/v1/competitions.CompetitionApiService/DownloadDataFile

  FAIL train_label_masks/4d13e4678b695a9b5e8793ba8ac8da2e_mask.tiff: 429 Client Error: Too Many Requests for url: https://api.kaggle.com/v1/competitions.CompetitionApiService/DownloadDataFile

  FAIL train_label_masks/4d16a16f6528437aac495b6428d9bf61_mask.tiff: 429 Client Error: Too Many Requests for url: https://api.kaggle.com/v1/competitions.CompetitionApiService/DownloadDataFile

  FAIL train_label_masks/4d1dc70143798d122476599ffc3df68b_mask.tiff: 429 Client Error: Too Many Requests for url: https://api.kaggle.com/v1/competitions.CompetitionApiService/DownloadDataFile

  FAIL train_label_masks/4d30d4e5e4ad03b56b9125263caff7ee_mask.tiff: 429 Client Error: Too Many Requests for url: https://api.kaggle.com/v1/competitions.CompetitionApiService/DownloadDataFile

  FAIL train_label_masks/4d37cd687a4b6e52762a21f7e6b3f3c0_mask.tiff: 429 Client Error: Too Many Requests for url: https://api.kaggle.com/v1/competitions.CompetitionApiService/DownloadDataFile

  FAIL train_label_masks/4d3882bcb3cfa5661e84b381063d2917_mask.tiff: 429 Client Error: Too Many Requests for url: https://api.kaggle.com/v1/competitions.CompetitionApiService/DownloadDataFile

  FAIL train_label_masks/4d4b6d9c4e2ff4aef7674ac4ae960893_mask.tiff: 429 Client Error: Too Many Requests for url: https://api.kaggle.com/v1/competitions.CompetitionApiService/DownloadDataFile

  FAIL train_label_masks/4d65e71e1e9562f67cebf7cfb462c5ae_mask.tiff: 429 Client Error: Too Many Requests for url: https://api.kaggle.com/v1/competitions.CompetitionApiService/DownloadDataFile

  FAIL train_label_masks/4d6ba6a91775bd4f88b2e2432daaf829_mask.tiff: 429 Client Error: Too Many Requests for url: https://api.kaggle.com/v1/competitions.CompetitionApiService/DownloadDataFile

  FAIL train_label_masks/4d729d269ecb5ccfde006fc7ad498280_mask.tiff: 429 Client Error: Too Many Requests for url: https://api.kaggle.com/v1/competitions.CompetitionApiService/DownloadDataFile

  FAIL train_label_masks/4d803d599e3aa34b4d4d97b0e3a6ff5b_mask.tiff: 429 Client Error: Too Many Requests for url: https://api.kaggle.com/v1/competitions.CompetitionApiService/DownloadDataFile

  FAIL train_label_masks/4d891865079692c7dafac84d6e422bc1_mask.tiff: 429 Client Error: Too Many Requests for url: https://api.kaggle.com/v1/competitions.CompetitionApiService/DownloadDataFile

  FAIL train_label_masks/4d8fea743c615b679a4de32c4d8e87b6_mask.tiff: 429 Client Error: Too Many Requests for url: https://api.kaggle.com/v1/competitions.CompetitionApiService/DownloadDataFile

  FAIL train_label_masks/4d929aa6fe44ea0737891aff4f927818_mask.tiff: 429 Client Error: Too Many Requests for url: https://api.kaggle.com/v1/competitions.CompetitionApiService/DownloadDataFile

  FAIL train_label_masks/4d9f14a6dab9f3df7a12bf708cb4aedc_mask.tiff: 429 Client Error: Too Many Requests for url: https://api.kaggle.com/v1/competitions.CompetitionApiService/DownloadDataFile

  FAIL train_label_masks/4da76442dc5402b98d767140b2661a58_mask.tiff: 429 Client Error: Too Many Requests for url: https://api.kaggle.com/v1/competitions.CompetitionApiService/DownloadDataFile

  FAIL train_label_masks/4db9a5906b55661f277770dee7a4e3c8_mask.tiff: 429 Client Error: Too Many Requests for url: https://api.kaggle.com/v1/competitions.CompetitionApiService/DownloadDataFile

  FAIL train_label_masks/4dc731d30fb8010b313c357fa56459e3_mask.tiff: 429 Client Error: Too Many Requests for url: https://api.kaggle.com/v1/competitions.CompetitionApiService/DownloadDataFile

  FAIL train_label_masks/4dcd3e9109bd390a86bb0f72cfc80a8f_mask.tiff: 429 Client Error: Too Many Requests for url: https://api.kaggle.com/v1/competitions.CompetitionApiService/DownloadDataFile

  FAIL train_label_masks/4dee4ae085e3e0d17e61e97bfd182fdf_mask.tiff: 429 Client Error: Too Many Requests for url: https://api.kaggle.com/v1/competitions.CompetitionApiService/DownloadDataFile

  FAIL train_label_masks/4df489a9cfb4d30f8613a9dcdcdb6697_mask.tiff: 429 Client Error: Too Many Requests for url: https://api.kaggle.com/v1/competitions.CompetitionApiService/DownloadDataFile

  FAIL train_label_masks/4e11f7a0a2623f4e9f110e81c3bd9683_mask.tiff: 429 Client Error: Too Many Requests for url: https://api.kaggle.com/v1/competitions.CompetitionApiService/DownloadDataFile

  FAIL train_label_masks/4e1247214b51cb4a801fa001251195f4_mask.tiff: 429 Client Error: Too Many Requests for url: https://api.kaggle.com/v1/competitions.CompetitionApiService/DownloadDataFile

  FAIL train_label_masks/4e4ce0014805e5233656108980fc35a5_mask.tiff: 429 Client Error: Too Many Requests for url: https://api.kaggle.com/v1/competitions.CompetitionApiService/DownloadDataFile

  FAIL train_label_masks/4e5805c117559a84553665683578f1be_mask.tiff: 429 Client Error: Too Many Requests for url: https://api.kaggle.com/v1/competitions.CompetitionApiService/DownloadDataFile

  FAIL train_label_masks/4e5c75b501c348de7af7620dab9d783e_mask.tiff: 429 Client Error: Too Many Requests for url: https://api.kaggle.com/v1/competitions.CompetitionApiService/DownloadDataFile

  FAIL train_label_masks/4e60bebc14d01b30a0873ba7ee026dac_mask.tiff: 429 Client Error: Too Many Requests for url: https://api.kaggle.com/v1/competitions.CompetitionApiService/DownloadDataFile

  FAIL train_label_masks/4e80b5738f591c7d0d91889c2bdfd39d_mask.tiff: 429 Client Error: Too Many Requests for url: https://api.kaggle.com/v1/competitions.CompetitionApiService/DownloadDataFile

  FAIL train_label_masks/4e8d7f8d403847cc6c2f08d80f4ba223_mask.tiff: 429 Client Error: Too Many Requests for url: https://api.kaggle.com/v1/competitions.CompetitionApiService/DownloadDataFile

  FAIL train_label_masks/4e95048eb0c0413e5fc648b1447cf651_mask.tiff: 429 Client Error: Too Many Requests for url: https://api.kaggle.com/v1/competitions.CompetitionApiService/DownloadDataFile

  FAIL train_label_masks/4e978306ab3277fb0a1d62b802eb1054_mask.tiff: 429 Client Error: Too Many Requests for url: https://api.kaggle.com/v1/competitions.CompetitionApiService/DownloadDataFile

  FAIL train_label_masks/4ebbb0e1da2ee61497432d8410567368_mask.tiff: 429 Client Error: Too Many Requests for url: https://api.kaggle.com/v1/competitions.CompetitionApiService/DownloadDataFile

  FAIL train_label_masks/4ec11bb76ae0ea613a8137379dfea508_mask.tiff: 429 Client Error: Too Many Requests for url: https://api.kaggle.com/v1/competitions.CompetitionApiService/DownloadDataFile

  FAIL train_label_masks/4ec6654ea6a3bb662c245cb0e45e6f6b_mask.tiff: 429 Client Error: Too Many Requests for url: https://api.kaggle.com/v1/competitions.CompetitionApiService/DownloadDataFile

  FAIL train_label_masks/4ecad8aefbc2ce6931baaee0cda6955b_mask.tiff: 429 Client Error: Too Many Requests for url: https://api.kaggle.com/v1/competitions.CompetitionApiService/DownloadDataFile

  FAIL train_label_masks/4ed29df24a54fba2e6ee2c14716c2e62_mask.tiff: 429 Client Error: Too Many Requests for url: https://api.kaggle.com/v1/competitions.CompetitionApiService/DownloadDataFile

  FAIL train_label_masks/4edba0c8cc0e39bac58aba99442b60a8_mask.tiff: 429 Client Error: Too Many Requests for url: https://api.kaggle.com/v1/competitions.CompetitionApiService/DownloadDataFile

  FAIL train_label_masks/4ef6decdc9422567eb07d8048f0febb6_mask.tiff: 429 Client Error: Too Many Requests for url: https://api.kaggle.com/v1/competitions.CompetitionApiService/DownloadDataFile

  FAIL train_label_masks/4f066c3230d1e0d5f38a1837ea1a86e6_mask.tiff: 429 Client Error: Too Many Requests for url: https://api.kaggle.com/v1/competitions.CompetitionApiService/DownloadDataFile

  FAIL train_label_masks/4f06726cf77125734cf939b3ed5978ab_mask.tiff: 429 Client Error: Too Many Requests for url: https://api.kaggle.com/v1/competitions.CompetitionApiService/DownloadDataFile

  FAIL train_label_masks/4f0d03d08a5583138eaed5761f895d28_mask.tiff: 429 Client Error: Too Many Requests for url: https://api.kaggle.com/v1/competitions.CompetitionApiService/DownloadDataFile

  FAIL train_label_masks/4f39a9611ee346e4b00b151cda92bbeb_mask.tiff: 429 Client Error: Too Many Requests for url: https://api.kaggle.com/v1/competitions.CompetitionApiService/DownloadDataFile

  FAIL train_label_masks/4f504a9f8f34f1c73dd28eff81be423d_mask.tiff: 429 Client Error: Too Many Requests for url: https://api.kaggle.com/v1/competitions.CompetitionApiService/DownloadDataFile

  FAIL train_label_masks/4f5285ebe78a5683adfc861fc684baf6_mask.tiff: 429 Client Error: Too Many Requests for url: https://api.kaggle.com/v1/competitions.CompetitionApiService/DownloadDataFile

  FAIL train_label_masks/4f7b524ea37437c9dc146096f3494928_mask.tiff: 429 Client Error: Too Many Requests for url: https://api.kaggle.com/v1/competitions.CompetitionApiService/DownloadDataFile

  FAIL train_label_masks/4f7d297df486c7ce49e855d0471b7158_mask.tiff: 429 Client Error: Too Many Requests for url: https://api.kaggle.com/v1/competitions.CompetitionApiService/DownloadDataFile

  FAIL train_label_masks/4f8506ad3366270f12cd7a31641495cb_mask.tiff: 429 Client Error: Too Many Requests for url: https://api.kaggle.com/v1/competitions.CompetitionApiService/DownloadDataFile

  FAIL train_label_masks/4f8c97e95011e0949b32fb9f3118177a_mask.tiff: 429 Client Error: Too Many Requests for url: https://api.kaggle.com/v1/competitions.CompetitionApiService/DownloadDataFile

  FAIL train_label_masks/4f8ea724680d43c27a0a2f022fbee4d8_mask.tiff: 429 Client Error: Too Many Requests for url: https://api.kaggle.com/v1/competitions.CompetitionApiService/DownloadDataFile

  FAIL train_label_masks/4fae900c0644c8418c2028629afbd4e5_mask.tiff: 429 Client Error: Too Many Requests for url: https://api.kaggle.com/v1/competitions.CompetitionApiService/DownloadDataFile

  FAIL train_label_masks/4fb0466bef8ba34cfb92cafa959f029d_mask.tiff: 429 Client Error: Too Many Requests for url: https://api.kaggle.com/v1/competitions.CompetitionApiService/DownloadDataFile

  FAIL train_label_masks/4fbcad209342f96710a73a57aa14a55f_mask.tiff: 429 Client Error: Too Many Requests for url: https://api.kaggle.com/v1/competitions.CompetitionApiService/DownloadDataFile

  FAIL train_label_masks/4fcadcef9e166eca9ec5652633434ed4_mask.tiff: 429 Client Error: Too Many Requests for url: https://api.kaggle.com/v1/competitions.CompetitionApiService/DownloadDataFile

  FAIL train_label_masks/4fce030094773bdf132fd81c5febce40_mask.tiff: 429 Client Error: Too Many Requests for url: https://api.kaggle.com/v1/competitions.CompetitionApiService/DownloadDataFile

  FAIL train_label_masks/4fdb930e10a03f26ab85cabf770b5ec6_mask.tiff: 429 Client Error: Too Many Requests for url: https://api.kaggle.com/v1/competitions.CompetitionApiService/DownloadDataFile

  FAIL train_label_masks/4ff695dbae442434b502b0605fd14675_mask.tiff: 429 Client Error: Too Many Requests for url: https://api.kaggle.com/v1/competitions.CompetitionApiService/DownloadDataFile

  FAIL train_label_masks/5000abf0b5e24707cbad9f17e50db021_mask.tiff: 429 Client Error: Too Many Requests for url: https://api.kaggle.com/v1/competitions.CompetitionApiService/DownloadDataFile

  FAIL train_label_masks/5000f1e3635cd4bf1ac50930e885e935_mask.tiff: 429 Client Error: Too Many Requests for url: https://api.kaggle.com/v1/competitions.CompetitionApiService/DownloadDataFile

  FAIL train_label_masks/5005f9cc40ba417daf4ceefa86fab751_mask.tiff: 429 Client Error: Too Many Requests for url: https://api.kaggle.com/v1/competitions.CompetitionApiService/DownloadDataFile

  FAIL train_label_masks/500b90c3e7eba2e3b25818a8c1834d45_mask.tiff: 429 Client Error: Too Many Requests for url: https://api.kaggle.com/v1/competitions.CompetitionApiService/DownloadDataFile

  FAIL train_label_masks/500d4f7a12600df45965673dd4642d4f_mask.tiff: 429 Client Error: Too Many Requests for url: https://api.kaggle.com/v1/competitions.CompetitionApiService/DownloadDataFile

  FAIL train_label_masks/501403e5c13c7b86bc9312d087a6e490_mask.tiff: 429 Client Error: Too Many Requests for url: https://api.kaggle.com/v1/competitions.CompetitionApiService/DownloadDataFile

  FAIL train_label_masks/501d3573cecce3ad9086a63df9794ebb_mask.tiff: 429 Client Error: Too Many Requests for url: https://api.kaggle.com/v1/competitions.CompetitionApiService/DownloadDataFile

  FAIL train_label_masks/501eb15b8ae1aa3507aaf0b3ba6ca231_mask.tiff: 429 Client Error: Too Many Requests for url: https://api.kaggle.com/v1/competitions.CompetitionApiService/DownloadDataFile

  FAIL train_label_masks/50385e37db3576fbc30b26f7258921cd_mask.tiff: 429 Client Error: Too Many Requests for url: https://api.kaggle.com/v1/competitions.CompetitionApiService/DownloadDataFile

  FAIL train_label_masks/50467a6acf3c242827713dc6dd1b5836_mask.tiff: 429 Client Error: Too Many Requests for url: https://api.kaggle.com/v1/competitions.CompetitionApiService/DownloadDataFile

  FAIL train_label_masks/506eec1a2c0a806ef10ff76a9934cfe0_mask.tiff: 429 Client Error: Too Many Requests for url: https://api.kaggle.com/v1/competitions.CompetitionApiService/DownloadDataFile

  FAIL train_label_masks/507ac341d0a68f80c382a8f1b9b2793c_mask.tiff: 429 Client Error: Too Many Requests for url: https://api.kaggle.com/v1/competitions.CompetitionApiService/DownloadDataFile

  FAIL train_label_masks/507bb5873324858d94e7ea6bd043fa66_mask.tiff: 429 Client Error: Too Many Requests for url: https://api.kaggle.com/v1/competitions.CompetitionApiService/DownloadDataFile

  FAIL train_label_masks/5088ad926fb0b20d97de089d851dfabd_mask.tiff: 429 Client Error: Too Many Requests for url: https://api.kaggle.com/v1/competitions.CompetitionApiService/DownloadDataFile

  FAIL train_label_masks/508c23fef3f24c9301f5b02aec0ffb10_mask.tiff: 429 Client Error: Too Many Requests for url: https://api.kaggle.com/v1/competitions.CompetitionApiService/DownloadDataFile

  FAIL train_label_masks/50a159e2f93214ad4ebb0ec9c5d428f7_mask.tiff: 429 Client Error: Too Many Requests for url: https://api.kaggle.com/v1/competitions.CompetitionApiService/DownloadDataFile

  FAIL train_label_masks/50c1a18ccd556a1cc34f3b21e34fe03d_mask.tiff: 429 Client Error: Too Many Requests for url: https://api.kaggle.com/v1/competitions.CompetitionApiService/DownloadDataFile

  FAIL train_label_masks/50d2485d0802f6b27cff432ed6f8be70_mask.tiff: 429 Client Error: Too Many Requests for url: https://api.kaggle.com/v1/competitions.CompetitionApiService/DownloadDataFile

  FAIL train_label_masks/50dca6da456cc4a4970e94207fb9e8d4_mask.tiff: 429 Client Error: Too Many Requests for url: https://api.kaggle.com/v1/competitions.CompetitionApiService/DownloadDataFile

  FAIL train_label_masks/50f74e7e621541065c3b5955d41782f2_mask.tiff: 429 Client Error: Too Many Requests for url: https://api.kaggle.com/v1/competitions.CompetitionApiService/DownloadDataFile

  FAIL train_label_masks/50fb0ac6d41c214effff1c9cd462dd30_mask.tiff: 429 Client Error: Too Many Requests for url: https://api.kaggle.com/v1/competitions.CompetitionApiService/DownloadDataFile

  FAIL train_label_masks/510b8a17456853b447d70002bf5bac19_mask.tiff: 429 Client Error: Too Many Requests for url: https://api.kaggle.com/v1/competitions.CompetitionApiService/DownloadDataFile

  FAIL train_label_masks/5112ffdb6b267c33eb57cb47580d7bb5_mask.tiff: 429 Client Error: Too Many Requests for url: https://api.kaggle.com/v1/competitions.CompetitionApiService/DownloadDataFile

  FAIL train_label_masks/511a33b7aeb1153407ed2d55cae001c8_mask.tiff: 429 Client Error: Too Many Requests for url: https://api.kaggle.com/v1/competitions.CompetitionApiService/DownloadDataFile

  FAIL train_label_masks/5121187bc98e8e74d926c47644cdcf7b_mask.tiff: 429 Client Error: Too Many Requests for url: https://api.kaggle.com/v1/competitions.CompetitionApiService/DownloadDataFile

  FAIL train_label_masks/51241cdb2f2dfd0093b8448f4a0e00d9_mask.tiff: 429 Client Error: Too Many Requests for url: https://api.kaggle.com/v1/competitions.CompetitionApiService/DownloadDataFile

  FAIL train_label_masks/514bd15da8c32fabbd07c8b00a147173_mask.tiff: 429 Client Error: Too Many Requests for url: https://api.kaggle.com/v1/competitions.CompetitionApiService/DownloadDataFile

  FAIL train_label_masks/514f766f399e03368682786c5d23f3e8_mask.tiff: 429 Client Error: Too Many Requests for url: https://api.kaggle.com/v1/competitions.CompetitionApiService/DownloadDataFile

  FAIL train_label_masks/5153df72c43ac1de852e734075691c30_mask.tiff: 429 Client Error: Too Many Requests for url: https://api.kaggle.com/v1/competitions.CompetitionApiService/DownloadDataFile

  FAIL train_label_masks/51614a1f724e95ac43d0fcb6e990c759_mask.tiff: 429 Client Error: Too Many Requests for url: https://api.kaggle.com/v1/competitions.CompetitionApiService/DownloadDataFile

  FAIL train_label_masks/516598fef0cb4c22e42999b3df120e2c_mask.tiff: 429 Client Error: Too Many Requests for url: https://api.kaggle.com/v1/competitions.CompetitionApiService/DownloadDataFile

  FAIL train_label_masks/5166d94b7a25c6b05b399b16c65a2b6a_mask.tiff: 429 Client Error: Too Many Requests for url: https://api.kaggle.com/v1/competitions.CompetitionApiService/DownloadDataFile

  FAIL train_label_masks/516f93fd6b07daa49fb374122d2664c3_mask.tiff: 429 Client Error: Too Many Requests for url: https://api.kaggle.com/v1/competitions.CompetitionApiService/DownloadDataFile

  FAIL train_label_masks/51aa1de7c4bbf08d3dacf37183832cbe_mask.tiff: 429 Client Error: Too Many Requests for url: https://api.kaggle.com/v1/competitions.CompetitionApiService/DownloadDataFile

  FAIL train_label_masks/51acf15cbc6a76eb67f442f1d9dfa7a0_mask.tiff: 429 Client Error: Too Many Requests for url: https://api.kaggle.com/v1/competitions.CompetitionApiService/DownloadDataFile

  FAIL train_label_masks/51b79eb617718f11e64587422e6877b0_mask.tiff: 429 Client Error: Too Many Requests for url: https://api.kaggle.com/v1/competitions.CompetitionApiService/DownloadDataFile

  FAIL train_label_masks/51b9b885a29947706f22bc545238cb84_mask.tiff: 429 Client Error: Too Many Requests for url: https://api.kaggle.com/v1/competitions.CompetitionApiService/DownloadDataFile

  FAIL train_label_masks/51be6e37c81a33e80ec75248f001fab8_mask.tiff: 429 Client Error: Too Many Requests for url: https://api.kaggle.com/v1/competitions.CompetitionApiService/DownloadDataFile

  FAIL train_label_masks/51c3d460a2f37b0c8948478f702bddb4_mask.tiff: 429 Client Error: Too Many Requests for url: https://api.kaggle.com/v1/competitions.CompetitionApiService/DownloadDataFile

  FAIL train_label_masks/51c7177f25e8c372ae2dce6af0ef5a5f_mask.tiff: 429 Client Error: Too Many Requests for url: https://api.kaggle.com/v1/competitions.CompetitionApiService/DownloadDataFile

  FAIL train_label_masks/51d0d7b3a0f1769117ed6e3d64445f33_mask.tiff: 429 Client Error: Too Many Requests for url: https://api.kaggle.com/v1/competitions.CompetitionApiService/DownloadDataFile

  FAIL train_label_masks/51dabbb3c216c71fa662fbad9f947939_mask.tiff: 429 Client Error: Too Many Requests for url: https://api.kaggle.com/v1/competitions.CompetitionApiService/DownloadDataFile

  FAIL train_label_masks/51ea992db967a0b925588ee2eee322ab_mask.tiff: 429 Client Error: Too Many Requests for url: https://api.kaggle.com/v1/competitions.CompetitionApiService/DownloadDataFile

  FAIL train_label_masks/51eff3eca711a0e2dc3153a420c98c8d_mask.tiff: 429 Client Error: Too Many Requests for url: https://api.kaggle.com/v1/competitions.CompetitionApiService/DownloadDataFile

  FAIL train_label_masks/51f70b98526218f921f34b110f55ceff_mask.tiff: 429 Client Error: Too Many Requests for url: https://api.kaggle.com/v1/competitions.CompetitionApiService/DownloadDataFile

  FAIL train_label_masks/51fc45502634ba97726929d243438c63_mask.tiff: 429 Client Error: Too Many Requests for url: https://api.kaggle.com/v1/competitions.CompetitionApiService/DownloadDataFile

  FAIL train_label_masks/5203b6b2f6c3e46cdb2f09b9d99a5ecd_mask.tiff: 429 Client Error: Too Many Requests for url: https://api.kaggle.com/v1/competitions.CompetitionApiService/DownloadDataFile

  FAIL train_label_masks/5204134e82ce75b1109cc1913d81abc6_mask.tiff: 429 Client Error: Too Many Requests for url: https://api.kaggle.com/v1/competitions.CompetitionApiService/DownloadDataFile

  FAIL train_label_masks/521da07cca3ad8a9615ad591d9375538_mask.tiff: 429 Client Error: Too Many Requests for url: https://api.kaggle.com/v1/competitions.CompetitionApiService/DownloadDataFile

  FAIL train_label_masks/5220a2cb778f8567ebf7f81ab2b103ff_mask.tiff: 429 Client Error: Too Many Requests for url: https://api.kaggle.com/v1/competitions.CompetitionApiService/DownloadDataFile

  FAIL train_label_masks/52385ac03a42f5ba4629f4c486abe591_mask.tiff: 429 Client Error: Too Many Requests for url: https://api.kaggle.com/v1/competitions.CompetitionApiService/DownloadDataFile

  FAIL train_label_masks/5252182ded15f6179aba4b367c0215dc_mask.tiff: 429 Client Error: Too Many Requests for url: https://api.kaggle.com/v1/competitions.CompetitionApiService/DownloadDataFile

  FAIL train_label_masks/5255e5cae8fc9b03ddb4dc1c2512f355_mask.tiff: 429 Client Error: Too Many Requests for url: https://api.kaggle.com/v1/competitions.CompetitionApiService/DownloadDataFile

  FAIL train_label_masks/527d8fc0ea1ef55212f4f2ffd6c4ad68_mask.tiff: 429 Client Error: Too Many Requests for url: https://api.kaggle.com/v1/competitions.CompetitionApiService/DownloadDataFile

  FAIL train_label_masks/528423d80e99a91576623f1772942237_mask.tiff: 429 Client Error: Too Many Requests for url: https://api.kaggle.com/v1/competitions.CompetitionApiService/DownloadDataFile

  FAIL train_label_masks/5289380c455996a3c27b717c7cc2937e_mask.tiff: 429 Client Error: Too Many Requests for url: https://api.kaggle.com/v1/competitions.CompetitionApiService/DownloadDataFile

  FAIL train_label_masks/529ba9e8521115b9d2a606a2dd5ef7e9_mask.tiff: 429 Client Error: Too Many Requests for url: https://api.kaggle.com/v1/competitions.CompetitionApiService/DownloadDataFile

  FAIL train_label_masks/52d9b14996bd9f5c59cb765cd276f111_mask.tiff: 429 Client Error: Too Many Requests for url: https://api.kaggle.com/v1/competitions.CompetitionApiService/DownloadDataFile

  FAIL train_label_masks/52e38cf820ba3f92ca415cb2a2672ea0_mask.tiff: 429 Client Error: Too Many Requests for url: https://api.kaggle.com/v1/competitions.CompetitionApiService/DownloadDataFile

  FAIL train_label_masks/52f458343920a7409c42f4ec0a9cc8e0_mask.tiff: 429 Client Error: Too Many Requests for url: https://api.kaggle.com/v1/competitions.CompetitionApiService/DownloadDataFile

  FAIL train_label_masks/530d4ae320630f972f49d861a4724fb1_mask.tiff: 429 Client Error: Too Many Requests for url: https://api.kaggle.com/v1/competitions.CompetitionApiService/DownloadDataFile

  FAIL train_label_masks/530f322b76df13d90d37b08b7c592e39_mask.tiff: 429 Client Error: Too Many Requests for url: https://api.kaggle.com/v1/competitions.CompetitionApiService/DownloadDataFile

  FAIL train_label_masks/53112d6426aa20a446eac73f72ef0458_mask.tiff: 429 Client Error: Too Many Requests for url: https://api.kaggle.com/v1/competitions.CompetitionApiService/DownloadDataFile

  FAIL train_label_masks/5312696946a2592c9e0f09a25f1d080b_mask.tiff: 429 Client Error: Too Many Requests for url: https://api.kaggle.com/v1/competitions.CompetitionApiService/DownloadDataFile

  FAIL train_label_masks/531a7f47d8e6e7733e86000e5f793168_mask.tiff: 429 Client Error: Too Many Requests for url: https://api.kaggle.com/v1/competitions.CompetitionApiService/DownloadDataFile

  FAIL train_label_masks/531ce6a7fd3f8699de151e1f07b57970_mask.tiff: 429 Client Error: Too Many Requests for url: https://api.kaggle.com/v1/competitions.CompetitionApiService/DownloadDataFile

  FAIL train_label_masks/5338e73d016150c190a2c4671919b4ba_mask.tiff: 429 Client Error: Too Many Requests for url: https://api.kaggle.com/v1/competitions.CompetitionApiService/DownloadDataFile

  FAIL train_label_masks/53416873e47e7e576ec17bdfa919b405_mask.tiff: 429 Client Error: Too Many Requests for url: https://api.kaggle.com/v1/competitions.CompetitionApiService/DownloadDataFile

  FAIL train_label_masks/536be1ccbccc0bf357bbc7e5e0a270c0_mask.tiff: 429 Client Error: Too Many Requests for url: https://api.kaggle.com/v1/competitions.CompetitionApiService/DownloadDataFile

  FAIL train_label_masks/539afe8ddc8d58e7a0c07463298fb019_mask.tiff: 429 Client Error: Too Many Requests for url: https://api.kaggle.com/v1/competitions.CompetitionApiService/DownloadDataFile

  FAIL train_label_masks/53a053373822079628726191fc5b76d6_mask.tiff: 429 Client Error: Too Many Requests for url: https://api.kaggle.com/v1/competitions.CompetitionApiService/DownloadDataFile

  FAIL train_label_masks/53a0d392e204cdbaa181fe636dd62600_mask.tiff: 429 Client Error: Too Many Requests for url: https://api.kaggle.com/v1/competitions.CompetitionApiService/DownloadDataFile

  FAIL train_label_masks/53b8f259c520cdd1d4b795642340055e_mask.tiff: 429 Client Error: Too Many Requests for url: https://api.kaggle.com/v1/competitions.CompetitionApiService/DownloadDataFile

  FAIL train_label_masks/53c13f2dba313251cb0e86eeedda6bbd_mask.tiff: 429 Client Error: Too Many Requests for url: https://api.kaggle.com/v1/competitions.CompetitionApiService/DownloadDataFile

  FAIL train_label_masks/53c42a394b9b949e8fe7c66df360aa5e_mask.tiff: 429 Client Error: Too Many Requests for url: https://api.kaggle.com/v1/competitions.CompetitionApiService/DownloadDataFile

  FAIL train_label_masks/53c8c3db02019962528b008bd8594ef5_mask.tiff: 429 Client Error: Too Many Requests for url: https://api.kaggle.com/v1/competitions.CompetitionApiService/DownloadDataFile

  FAIL train_label_masks/53d6abac96a4473077a3d3f20018c016_mask.tiff: 429 Client Error: Too Many Requests for url: https://api.kaggle.com/v1/competitions.CompetitionApiService/DownloadDataFile

  FAIL train_label_masks/53d70323e7fb65b9cdb2bb3c3b211bdd_mask.tiff: 429 Client Error: Too Many Requests for url: https://api.kaggle.com/v1/competitions.CompetitionApiService/DownloadDataFile

  FAIL train_label_masks/53dfff0cecd06c15f600d334e7324b78_mask.tiff: 429 Client Error: Too Many Requests for url: https://api.kaggle.com/v1/competitions.CompetitionApiService/DownloadDataFile

  FAIL train_label_masks/53f9f8b1c02567febb3209a7671117c1_mask.tiff: 429 Client Error: Too Many Requests for url: https://api.kaggle.com/v1/competitions.CompetitionApiService/DownloadDataFile

  FAIL train_label_masks/53fd8c8bf3e1a9cc53ee823331428bc2_mask.tiff: 429 Client Error: Too Many Requests for url: https://api.kaggle.com/v1/competitions.CompetitionApiService/DownloadDataFile

  FAIL train_label_masks/5412642aeef99bc006be1cb1d8689ccd_mask.tiff: 429 Client Error: Too Many Requests for url: https://api.kaggle.com/v1/competitions.CompetitionApiService/DownloadDataFile

  FAIL train_label_masks/54126c6e72a07999bc079390f3af679b_mask.tiff: 429 Client Error: Too Many Requests for url: https://api.kaggle.com/v1/competitions.CompetitionApiService/DownloadDataFile

  FAIL train_label_masks/544a71ab7a8564bf9af28402c82d70b7_mask.tiff: 429 Client Error: Too Many Requests for url: https://api.kaggle.com/v1/competitions.CompetitionApiService/DownloadDataFile

  FAIL train_label_masks/54515690660c4f26e7d466d569220fac_mask.tiff: 429 Client Error: Too Many Requests for url: https://api.kaggle.com/v1/competitions.CompetitionApiService/DownloadDataFile

  FAIL train_label_masks/5456189d4e5c15a790a868b70fd25625_mask.tiff: 429 Client Error: Too Many Requests for url: https://api.kaggle.com/v1/competitions.CompetitionApiService/DownloadDataFile

  FAIL train_label_masks/545d14287912a7a53a64fe279a92097e_mask.tiff: 429 Client Error: Too Many Requests for url: https://api.kaggle.com/v1/competitions.CompetitionApiService/DownloadDataFile

  FAIL train_label_masks/5467682efb785fda8ad40d44e33f1f87_mask.tiff: 429 Client Error: Too Many Requests for url: https://api.kaggle.com/v1/competitions.CompetitionApiService/DownloadDataFile

  FAIL train_label_masks/548590e1e989bb302539aa8ef1e9809c_mask.tiff: 429 Client Error: Too Many Requests for url: https://api.kaggle.com/v1/competitions.CompetitionApiService/DownloadDataFile

  FAIL train_label_masks/548a1b47c6c3d002e1fab2d2959404db_mask.tiff: 429 Client Error: Too Many Requests for url: https://api.kaggle.com/v1/competitions.CompetitionApiService/DownloadDataFile

  FAIL train_label_masks/5491324b554f337dc1eaf3e0c93eebb4_mask.tiff: 429 Client Error: Too Many Requests for url: https://api.kaggle.com/v1/competitions.CompetitionApiService/DownloadDataFile

  FAIL train_label_masks/5497b569f15cb7ea779cc176d1faebe0_mask.tiff: 429 Client Error: Too Many Requests for url: https://api.kaggle.com/v1/competitions.CompetitionApiService/DownloadDataFile

  FAIL train_label_masks/549f87924e4800a7112f6edd5c250ebe_mask.tiff: 429 Client Error: Too Many Requests for url: https://api.kaggle.com/v1/competitions.CompetitionApiService/DownloadDataFile

  FAIL train_label_masks/54c0ade41f99b4f8d141628ee9c6be50_mask.tiff: 429 Client Error: Too Many Requests for url: https://api.kaggle.com/v1/competitions.CompetitionApiService/DownloadDataFile

  FAIL train_label_masks/54ce318108d4c1b9a721ecf571400f1d_mask.tiff: 429 Client Error: Too Many Requests for url: https://api.kaggle.com/v1/competitions.CompetitionApiService/DownloadDataFile

  FAIL train_label_masks/54d6c9c73ffff3037136f02ad78da625_mask.tiff: 429 Client Error: Too Many Requests for url: https://api.kaggle.com/v1/competitions.CompetitionApiService/DownloadDataFile

  FAIL train_label_masks/5504b8b281b572e1da90774ff3f207c6_mask.tiff: 429 Client Error: Too Many Requests for url: https://api.kaggle.com/v1/competitions.CompetitionApiService/DownloadDataFile

  FAIL train_label_masks/55204bdec9718d7d1e3c17a8f452c0f5_mask.tiff: 429 Client Error: Too Many Requests for url: https://api.kaggle.com/v1/competitions.CompetitionApiService/DownloadDataFile

  FAIL train_label_masks/55321af8983669e2145d69e518fbc54c_mask.tiff: 429 Client Error: Too Many Requests for url: https://api.kaggle.com/v1/competitions.CompetitionApiService/DownloadDataFile

  FAIL train_label_masks/5534719b308ca4fb9f6662a81eb3e002_mask.tiff: 429 Client Error: Too Many Requests for url: https://api.kaggle.com/v1/competitions.CompetitionApiService/DownloadDataFile

  FAIL train_label_masks/553fa72290f35f2cb58beef577855ad8_mask.tiff: 429 Client Error: Too Many Requests for url: https://api.kaggle.com/v1/competitions.CompetitionApiService/DownloadDataFile

  FAIL train_label_masks/554970412cd2907b5a93ee5ec013965e_mask.tiff: 429 Client Error: Too Many Requests for url: https://api.kaggle.com/v1/competitions.CompetitionApiService/DownloadDataFile

  FAIL train_label_masks/554c017aec32fb7b6448c3ba22d3f0e4_mask.tiff: 429 Client Error: Too Many Requests for url: https://api.kaggle.com/v1/competitions.CompetitionApiService/DownloadDataFile

  FAIL train_label_masks/5554bf43ed8256dff3a716d9811a7afb_mask.tiff: 429 Client Error: Too Many Requests for url: https://api.kaggle.com/v1/competitions.CompetitionApiService/DownloadDataFile

  FAIL train_label_masks/5558579da28c0c6bed9ec761982439f7_mask.tiff: 429 Client Error: Too Many Requests for url: https://api.kaggle.com/v1/competitions.CompetitionApiService/DownloadDataFile

  FAIL train_label_masks/555d77d0fe4570a4697b91b9608d325e_mask.tiff: 429 Client Error: Too Many Requests for url: https://api.kaggle.com/v1/competitions.CompetitionApiService/DownloadDataFile

  FAIL train_label_masks/5560bd3b03194cf9cdb514f7254b17b5_mask.tiff: 429 Client Error: Too Many Requests for url: https://api.kaggle.com/v1/competitions.CompetitionApiService/DownloadDataFile

  FAIL train_label_masks/5563ecd2b196ed9f44541bb2ce32505a_mask.tiff: 429 Client Error: Too Many Requests for url: https://api.kaggle.com/v1/competitions.CompetitionApiService/DownloadDataFile

  FAIL train_label_masks/5568eb519a51d50f5b2ac52321a6efdd_mask.tiff: 429 Client Error: Too Many Requests for url: https://api.kaggle.com/v1/competitions.CompetitionApiService/DownloadDataFile

  FAIL train_label_masks/55871a7a0ec1e0958ce44dd101d48be7_mask.tiff: 429 Client Error: Too Many Requests for url: https://api.kaggle.com/v1/competitions.CompetitionApiService/DownloadDataFile

  FAIL train_label_masks/55a01c1ebef6b40ac9916b6abe9b57b0_mask.tiff: 429 Client Error: Too Many Requests for url: https://api.kaggle.com/v1/competitions.CompetitionApiService/DownloadDataFile

  FAIL train_label_masks/55b2b9388cfcde42069bee4804274884_mask.tiff: 429 Client Error: Too Many Requests for url: https://api.kaggle.com/v1/competitions.CompetitionApiService/DownloadDataFile

  FAIL train_label_masks/55b803fc495e1b30553a8b5b589eab7a_mask.tiff: 429 Client Error: Too Many Requests for url: https://api.kaggle.com/v1/competitions.CompetitionApiService/DownloadDataFile

  FAIL train_label_masks/55bc19f33c8e76d179d4fff167424383_mask.tiff: 429 Client Error: Too Many Requests for url: https://api.kaggle.com/v1/competitions.CompetitionApiService/DownloadDataFile

  FAIL train_label_masks/55be95a3ff46370abfe9883b2293e630_mask.tiff: 429 Client Error: Too Many Requests for url: https://api.kaggle.com/v1/competitions.CompetitionApiService/DownloadDataFile

  FAIL train_label_masks/55c0eded30c834f91a4a717776f781e2_mask.tiff: 429 Client Error: Too Many Requests for url: https://api.kaggle.com/v1/competitions.CompetitionApiService/DownloadDataFile

  FAIL train_label_masks/55c836a2684cfeb94928d662a52344d5_mask.tiff: 429 Client Error: Too Many Requests for url: https://api.kaggle.com/v1/competitions.CompetitionApiService/DownloadDataFile

  FAIL train_label_masks/55d91c32710982de78a975ed0f45395c_mask.tiff: 429 Client Error: Too Many Requests for url: https://api.kaggle.com/v1/competitions.CompetitionApiService/DownloadDataFile

  FAIL train_label_masks/55dae64aaea4bd532b6889d0632517de_mask.tiff: 429 Client Error: Too Many Requests for url: https://api.kaggle.com/v1/competitions.CompetitionApiService/DownloadDataFile

  FAIL train_label_masks/55e4c013d70e60e4db9425f9f6fd8997_mask.tiff: 429 Client Error: Too Many Requests for url: https://api.kaggle.com/v1/competitions.CompetitionApiService/DownloadDataFile

  FAIL train_label_masks/56019667ff344d5bd98e7fbcbc6396bb_mask.tiff: 429 Client Error: Too Many Requests for url: https://api.kaggle.com/v1/competitions.CompetitionApiService/DownloadDataFile

  FAIL train_label_masks/5618c8129a6db9d5d94bb26f2b58fe4f_mask.tiff: 429 Client Error: Too Many Requests for url: https://api.kaggle.com/v1/competitions.CompetitionApiService/DownloadDataFile

  FAIL train_label_masks/562ed7c01bf09ec8162007d798ff0b51_mask.tiff: 429 Client Error: Too Many Requests for url: https://api.kaggle.com/v1/competitions.CompetitionApiService/DownloadDataFile

  FAIL train_label_masks/5647968e4639e4dced2cf6448af91eb7_mask.tiff: 429 Client Error: Too Many Requests for url: https://api.kaggle.com/v1/competitions.CompetitionApiService/DownloadDataFile

  FAIL train_label_masks/56595a1d570f2b10b5149b84a4767ce7_mask.tiff: 429 Client Error: Too Many Requests for url: https://api.kaggle.com/v1/competitions.CompetitionApiService/DownloadDataFile

  FAIL train_label_masks/565b748e64e5f6895bb1abce1a7ec163_mask.tiff: 429 Client Error: Too Many Requests for url: https://api.kaggle.com/v1/competitions.CompetitionApiService/DownloadDataFile

  FAIL train_label_masks/56a882d88e118dcb77a63bfdbdf0b716_mask.tiff: 429 Client Error: Too Many Requests for url: https://api.kaggle.com/v1/competitions.CompetitionApiService/DownloadDataFile

  FAIL train_label_masks/56b18e1507691def89ef7f07fd124136_mask.tiff: 429 Client Error: Too Many Requests for url: https://api.kaggle.com/v1/competitions.CompetitionApiService/DownloadDataFile

  FAIL train_label_masks/56b4f13d2216fa1eeb2adcb1db711c2b_mask.tiff: 429 Client Error: Too Many Requests for url: https://api.kaggle.com/v1/competitions.CompetitionApiService/DownloadDataFile

  FAIL train_label_masks/56b528601b6b868a62fd4d73a1a0d74f_mask.tiff: 429 Client Error: Too Many Requests for url: https://api.kaggle.com/v1/competitions.CompetitionApiService/DownloadDataFile

  FAIL train_label_masks/56c011c71edcba80e2c4fb87d1d0f26e_mask.tiff: 429 Client Error: Too Many Requests for url: https://api.kaggle.com/v1/competitions.CompetitionApiService/DownloadDataFile

  FAIL train_label_masks/56c263aad2786ca2d7247e1b57e32705_mask.tiff: 429 Client Error: Too Many Requests for url: https://api.kaggle.com/v1/competitions.CompetitionApiService/DownloadDataFile

  FAIL train_label_masks/56cbb29cfb7448a5250255d7c729102b_mask.tiff: 429 Client Error: Too Many Requests for url: https://api.kaggle.com/v1/competitions.CompetitionApiService/DownloadDataFile

  FAIL train_label_masks/56deba64468141b0968ad8899b121b15_mask.tiff: 429 Client Error: Too Many Requests for url: https://api.kaggle.com/v1/competitions.CompetitionApiService/DownloadDataFile

  FAIL train_label_masks/56e5d931e0c46a942e76aaa95485b9cd_mask.tiff: 429 Client Error: Too Many Requests for url: https://api.kaggle.com/v1/competitions.CompetitionApiService/DownloadDataFile

  FAIL train_label_masks/56e6cfc2a0ae0f493cf1a98689ca2afe_mask.tiff: 429 Client Error: Too Many Requests for url: https://api.kaggle.com/v1/competitions.CompetitionApiService/DownloadDataFile

  FAIL train_label_masks/571ff890388328af4b5cc76183ce8189_mask.tiff: 429 Client Error: Too Many Requests for url: https://api.kaggle.com/v1/competitions.CompetitionApiService/DownloadDataFile

  FAIL train_label_masks/5724a6703905a9e591fe7f6017eab790_mask.tiff: 429 Client Error: Too Many Requests for url: https://api.kaggle.com/v1/competitions.CompetitionApiService/DownloadDataFile

  FAIL train_label_masks/573ad8015383dce02cbe6dd1b9b0819c_mask.tiff: 429 Client Error: Too Many Requests for url: https://api.kaggle.com/v1/competitions.CompetitionApiService/DownloadDataFile

  FAIL train_label_masks/573cdbd8eda0e7ccf8a1df177f1764cc_mask.tiff: 429 Client Error: Too Many Requests for url: https://api.kaggle.com/v1/competitions.CompetitionApiService/DownloadDataFile

  FAIL train_label_masks/5740b936c0d44c94933f19203ad483ba_mask.tiff: 429 Client Error: Too Many Requests for url: https://api.kaggle.com/v1/competitions.CompetitionApiService/DownloadDataFile

  FAIL train_label_masks/5752b761672c420fc1df9cbaf860bcd6_mask.tiff: 429 Client Error: Too Many Requests for url: https://api.kaggle.com/v1/competitions.CompetitionApiService/DownloadDataFile

  FAIL train_label_masks/5764f6df31c3c05b73dfc0fe5c7bad04_mask.tiff: 429 Client Error: Too Many Requests for url: https://api.kaggle.com/v1/competitions.CompetitionApiService/DownloadDataFile

  FAIL train_label_masks/577a95c3a3a0fb362b7282fdf9311015_mask.tiff: 429 Client Error: Too Many Requests for url: https://api.kaggle.com/v1/competitions.CompetitionApiService/DownloadDataFile

  FAIL train_label_masks/5793129d5309364fe1d706764c78cf3e_mask.tiff: 429 Client Error: Too Many Requests for url: https://api.kaggle.com/v1/competitions.CompetitionApiService/DownloadDataFile

  FAIL train_label_masks/57ac237fd7804341517927ced4353c71_mask.tiff: 429 Client Error: Too Many Requests for url: https://api.kaggle.com/v1/competitions.CompetitionApiService/DownloadDataFile

  FAIL train_label_masks/57af8fa4543f49ebd8daf1fde15b9c8c_mask.tiff: 429 Client Error: Too Many Requests for url: https://api.kaggle.com/v1/competitions.CompetitionApiService/DownloadDataFile

  FAIL train_label_masks/57d5a6b61ecf835c28863f3e6e2e4fd0_mask.tiff: 429 Client Error: Too Many Requests for url: https://api.kaggle.com/v1/competitions.CompetitionApiService/DownloadDataFile

  FAIL train_label_masks/57d82e5381a64e28e1daae58c9806ab5_mask.tiff: 429 Client Error: Too Many Requests for url: https://api.kaggle.com/v1/competitions.CompetitionApiService/DownloadDataFile

  FAIL train_label_masks/57fedc6c794b7ef4e0011fb9882ccaf9_mask.tiff: 429 Client Error: Too Many Requests for url: https://api.kaggle.com/v1/competitions.CompetitionApiService/DownloadDataFile

  FAIL train_label_masks/5811cebb423e45f0e351da2dd159e40f_mask.tiff: 429 Client Error: Too Many Requests for url: https://api.kaggle.com/v1/competitions.CompetitionApiService/DownloadDataFile

  FAIL train_label_masks/5816a0df3d7ee85e541bc091cd279e9b_mask.tiff: 429 Client Error: Too Many Requests for url: https://api.kaggle.com/v1/competitions.CompetitionApiService/DownloadDataFile

  FAIL train_label_masks/581a0ecff3a2c886dbf5725909d210fe_mask.tiff: 429 Client Error: Too Many Requests for url: https://api.kaggle.com/v1/competitions.CompetitionApiService/DownloadDataFile

  FAIL train_label_masks/581ddcc26091de4814ecf37300c7c297_mask.tiff: 429 Client Error: Too Many Requests for url: https://api.kaggle.com/v1/competitions.CompetitionApiService/DownloadDataFile

  FAIL train_label_masks/5842e1854d2e47373e8ede504d525071_mask.tiff: 429 Client Error: Too Many Requests for url: https://api.kaggle.com/v1/competitions.CompetitionApiService/DownloadDataFile

  FAIL train_label_masks/5846acd1f690271cfb0264154dcccdd9_mask.tiff: 429 Client Error: Too Many Requests for url: https://api.kaggle.com/v1/competitions.CompetitionApiService/DownloadDataFile

  FAIL train_label_masks/58476708525d4b4fb5308d069645e097_mask.tiff: 429 Client Error: Too Many Requests for url: https://api.kaggle.com/v1/competitions.CompetitionApiService/DownloadDataFile

  FAIL train_label_masks/584dd714859c8d8ac50860e98f36075b_mask.tiff: 429 Client Error: Too Many Requests for url: https://api.kaggle.com/v1/competitions.CompetitionApiService/DownloadDataFile

  FAIL train_label_masks/585673c1e2a7911db8386224726284ed_mask.tiff: 429 Client Error: Too Many Requests for url: https://api.kaggle.com/v1/competitions.CompetitionApiService/DownloadDataFile

  FAIL train_label_masks/585bf47f399249d4bc1e18a0aad69d2a_mask.tiff: 429 Client Error: Too Many Requests for url: https://api.kaggle.com/v1/competitions.CompetitionApiService/DownloadDataFile

  FAIL train_label_masks/586eb142ad433841c18b748e580ab771_mask.tiff: 429 Client Error: Too Many Requests for url: https://api.kaggle.com/v1/competitions.CompetitionApiService/DownloadDataFile

  FAIL train_label_masks/5895a94c14efb95f4a0369383f64f4ac_mask.tiff: 429 Client Error: Too Many Requests for url: https://api.kaggle.com/v1/competitions.CompetitionApiService/DownloadDataFile

  FAIL train_label_masks/589c60dd4940000360acc551fd112705_mask.tiff: 429 Client Error: Too Many Requests for url: https://api.kaggle.com/v1/competitions.CompetitionApiService/DownloadDataFile

  FAIL train_label_masks/589fb4c43782864aa69fb1b7d08abe1c_mask.tiff: 429 Client Error: Too Many Requests for url: https://api.kaggle.com/v1/competitions.CompetitionApiService/DownloadDataFile

  FAIL train_label_masks/58accdf477bd85e51be2e67c291b0896_mask.tiff: 429 Client Error: Too Many Requests for url: https://api.kaggle.com/v1/competitions.CompetitionApiService/DownloadDataFile

  FAIL train_label_masks/58b7c3ce1d0d5a2c1d9f321695d60577_mask.tiff: 429 Client Error: Too Many Requests for url: https://api.kaggle.com/v1/competitions.CompetitionApiService/DownloadDataFile

  FAIL train_label_masks/58c59865a2b61e6dcd15fdd75c03f8ce_mask.tiff: 429 Client Error: Too Many Requests for url: https://api.kaggle.com/v1/competitions.CompetitionApiService/DownloadDataFile

  FAIL train_label_masks/58c9ebcb84cf500f25352367f27fba56_mask.tiff: 429 Client Error: Too Many Requests for url: https://api.kaggle.com/v1/competitions.CompetitionApiService/DownloadDataFile

  FAIL train_label_masks/58d13c5b7c1d86814e7a9451fef0d9d5_mask.tiff: 429 Client Error: Too Many Requests for url: https://api.kaggle.com/v1/competitions.CompetitionApiService/DownloadDataFile

  FAIL train_label_masks/58d439e1cf180a952bd059b6be710665_mask.tiff: 429 Client Error: Too Many Requests for url: https://api.kaggle.com/v1/competitions.CompetitionApiService/DownloadDataFile

  FAIL train_label_masks/58e94ef72ca17c465d4702f55e6c0751_mask.tiff: 429 Client Error: Too Many Requests for url: https://api.kaggle.com/v1/competitions.CompetitionApiService/DownloadDataFile

  FAIL train_label_masks/59001f029aafc4adc0971c0397df6173_mask.tiff: 429 Client Error: Too Many Requests for url: https://api.kaggle.com/v1/competitions.CompetitionApiService/DownloadDataFile

  FAIL train_label_masks/5911dece5388c4291ffe22e700bed829_mask.tiff: 429 Client Error: Too Many Requests for url: https://api.kaggle.com/v1/competitions.CompetitionApiService/DownloadDataFile

  FAIL train_label_masks/591a3db736f25c66b1261f01615e599b_mask.tiff: 429 Client Error: Too Many Requests for url: https://api.kaggle.com/v1/competitions.CompetitionApiService/DownloadDataFile

  FAIL train_label_masks/591be7bd1ced8a42f257d9a467cb7133_mask.tiff: 429 Client Error: Too Many Requests for url: https://api.kaggle.com/v1/competitions.CompetitionApiService/DownloadDataFile

  FAIL train_label_masks/591da133fabcfdfa629d09729d356cda_mask.tiff: 429 Client Error: Too Many Requests for url: https://api.kaggle.com/v1/competitions.CompetitionApiService/DownloadDataFile

  FAIL train_label_masks/59273487fefd0612a56959315cc476a1_mask.tiff: 429 Client Error: Too Many Requests for url: https://api.kaggle.com/v1/competitions.CompetitionApiService/DownloadDataFile

  FAIL train_label_masks/593ebf6ab700617588d4570293721619_mask.tiff: 429 Client Error: Too Many Requests for url: https://api.kaggle.com/v1/competitions.CompetitionApiService/DownloadDataFile

  FAIL train_label_masks/5972250394f2673e5a8ba5fa29cd9754_mask.tiff: 429 Client Error: Too Many Requests for url: https://api.kaggle.com/v1/competitions.CompetitionApiService/DownloadDataFile

  FAIL train_label_masks/59750807e9d7869288cc60f7c318314d_mask.tiff: 429 Client Error: Too Many Requests for url: https://api.kaggle.com/v1/competitions.CompetitionApiService/DownloadDataFile

  FAIL train_label_masks/598d897fefcc795632c3a0323dfcfe3d_mask.tiff: 429 Client Error: Too Many Requests for url: https://api.kaggle.com/v1/competitions.CompetitionApiService/DownloadDataFile

  FAIL train_label_masks/599109af85cae9e827c3e89982f0033d_mask.tiff: 429 Client Error: Too Many Requests for url: https://api.kaggle.com/v1/competitions.CompetitionApiService/DownloadDataFile

  FAIL train_label_masks/599648926096c44487968b630f9b4fb9_mask.tiff: 429 Client Error: Too Many Requests for url: https://api.kaggle.com/v1/competitions.CompetitionApiService/DownloadDataFile

  FAIL train_label_masks/59a0932027596ac986f52a74d30217bd_mask.tiff: 429 Client Error: Too Many Requests for url: https://api.kaggle.com/v1/competitions.CompetitionApiService/DownloadDataFile

  FAIL train_label_masks/59aa903a1ceb3e9793bedda411a4a2cd_mask.tiff: 429 Client Error: Too Many Requests for url: https://api.kaggle.com/v1/competitions.CompetitionApiService/DownloadDataFile

  FAIL train_label_masks/59afbd8eceb90a30ccfb99eb039fa5eb_mask.tiff: 429 Client Error: Too Many Requests for url: https://api.kaggle.com/v1/competitions.CompetitionApiService/DownloadDataFile

  FAIL train_label_masks/59bb9950d1b0ae165609203a9bd76383_mask.tiff: 429 Client Error: Too Many Requests for url: https://api.kaggle.com/v1/competitions.CompetitionApiService/DownloadDataFile

  FAIL train_label_masks/59bc7df93b3b01dc3a1f3935555c3009_mask.tiff: 429 Client Error: Too Many Requests for url: https://api.kaggle.com/v1/competitions.CompetitionApiService/DownloadDataFile

  FAIL train_label_masks/59c0c23b3f025bbe58e86162602ec4db_mask.tiff: 429 Client Error: Too Many Requests for url: https://api.kaggle.com/v1/competitions.CompetitionApiService/DownloadDataFile

  FAIL train_label_masks/59d4bea62436f927dca8046cd737af55_mask.tiff: 429 Client Error: Too Many Requests for url: https://api.kaggle.com/v1/competitions.CompetitionApiService/DownloadDataFile

  FAIL train_label_masks/59d833e569743be1b04d6494358ed3ff_mask.tiff: 429 Client Error: Too Many Requests for url: https://api.kaggle.com/v1/competitions.CompetitionApiService/DownloadDataFile

  FAIL train_label_masks/59df439b2cd91c2cd68f3a0917ab470d_mask.tiff: 429 Client Error: Too Many Requests for url: https://api.kaggle.com/v1/competitions.CompetitionApiService/DownloadDataFile

  FAIL train_label_masks/59ef609e7ecd81d89e8d8cb3efd73646_mask.tiff: 429 Client Error: Too Many Requests for url: https://api.kaggle.com/v1/competitions.CompetitionApiService/DownloadDataFile

  FAIL train_label_masks/59f2e4a9a209e933826447819f890aec_mask.tiff: 429 Client Error: Too Many Requests for url: https://api.kaggle.com/v1/competitions.CompetitionApiService/DownloadDataFile

  FAIL train_label_masks/5a04db2e75874b0e5c55ee71692ea92c_mask.tiff: 429 Client Error: Too Many Requests for url: https://api.kaggle.com/v1/competitions.CompetitionApiService/DownloadDataFile

  FAIL train_label_masks/5a112beb1fb4921df86062b489f41928_mask.tiff: 429 Client Error: Too Many Requests for url: https://api.kaggle.com/v1/competitions.CompetitionApiService/DownloadDataFile

  FAIL train_label_masks/5a147e41134b03ab6a358b3db92d30ef_mask.tiff: 429 Client Error: Too Many Requests for url: https://api.kaggle.com/v1/competitions.CompetitionApiService/DownloadDataFile

  FAIL train_label_masks/5a19b7514d9adb447ed6aa694811f1eb_mask.tiff: 429 Client Error: Too Many Requests for url: https://api.kaggle.com/v1/competitions.CompetitionApiService/DownloadDataFile

  FAIL train_label_masks/5a3e3dc26a1d2a473855a6161d870a96_mask.tiff: 429 Client Error: Too Many Requests for url: https://api.kaggle.com/v1/competitions.CompetitionApiService/DownloadDataFile

  FAIL train_label_masks/5a43ead356b201d82362ee5af3dc8364_mask.tiff: 429 Client Error: Too Many Requests for url: https://api.kaggle.com/v1/competitions.CompetitionApiService/DownloadDataFile

  FAIL train_label_masks/5a46e8adec9c72070618f776583dd581_mask.tiff: 429 Client Error: Too Many Requests for url: https://api.kaggle.com/v1/competitions.CompetitionApiService/DownloadDataFile

  FAIL train_label_masks/5a6125bdeb2906ba9267a26e98de56e5_mask.tiff: 429 Client Error: Too Many Requests for url: https://api.kaggle.com/v1/competitions.CompetitionApiService/DownloadDataFile

  FAIL train_label_masks/5a6b69b21fd586cb4d71597a614c07e5_mask.tiff: 429 Client Error: Too Many Requests for url: https://api.kaggle.com/v1/competitions.CompetitionApiService/DownloadDataFile

  FAIL train_label_masks/5a89e95c1dfe4f320ac954517281f9eb_mask.tiff: 429 Client Error: Too Many Requests for url: https://api.kaggle.com/v1/competitions.CompetitionApiService/DownloadDataFile

  FAIL train_label_masks/5a8ea27b08b81d698970b6eb520a05dc_mask.tiff: 429 Client Error: Too Many Requests for url: https://api.kaggle.com/v1/competitions.CompetitionApiService/DownloadDataFile

  FAIL train_label_masks/5a94f8031f8dfc6f222e1f4c2df0fade_mask.tiff: 429 Client Error: Too Many Requests for url: https://api.kaggle.com/v1/competitions.CompetitionApiService/DownloadDataFile

  FAIL train_label_masks/5aa7cc54ea328d8b61385a4cd2ff2352_mask.tiff: 429 Client Error: Too Many Requests for url: https://api.kaggle.com/v1/competitions.CompetitionApiService/DownloadDataFile

  FAIL train_label_masks/5abf7737cdd199a1b7ca5af6d653696f_mask.tiff: 429 Client Error: Too Many Requests for url: https://api.kaggle.com/v1/competitions.CompetitionApiService/DownloadDataFile

  FAIL train_label_masks/5acd1d61963dcd5d76670a85904815bf_mask.tiff: 429 Client Error: Too Many Requests for url: https://api.kaggle.com/v1/competitions.CompetitionApiService/DownloadDataFile

  FAIL train_label_masks/5acd886e33ce9f50a7c738c4c3dd8503_mask.tiff: 429 Client Error: Too Many Requests for url: https://api.kaggle.com/v1/competitions.CompetitionApiService/DownloadDataFile

  FAIL train_label_masks/5ad5cca8bc4c96585d42a6f8369be1e7_mask.tiff: 429 Client Error: Too Many Requests for url: https://api.kaggle.com/v1/competitions.CompetitionApiService/DownloadDataFile

  FAIL train_label_masks/5ad9615573f2a12025d6c4fe8754b548_mask.tiff: 429 Client Error: Too Many Requests for url: https://api.kaggle.com/v1/competitions.CompetitionApiService/DownloadDataFile

  FAIL train_label_masks/5ade4e241be260978daf1da130754c6a_mask.tiff: 429 Client Error: Too Many Requests for url: https://api.kaggle.com/v1/competitions.CompetitionApiService/DownloadDataFile

  FAIL train_label_masks/5ae2d48a5907763cfad33ce3a1d911f4_mask.tiff: 429 Client Error: Too Many Requests for url: https://api.kaggle.com/v1/competitions.CompetitionApiService/DownloadDataFile

  FAIL train_label_masks/5af447057c0eb2ca945c12c398f670f9_mask.tiff: 429 Client Error: Too Many Requests for url: https://api.kaggle.com/v1/competitions.CompetitionApiService/DownloadDataFile

  FAIL train_label_masks/5af696841a9c6453f9f667bdab0621e5_mask.tiff: 429 Client Error: Too Many Requests for url: https://api.kaggle.com/v1/competitions.CompetitionApiService/DownloadDataFile

  FAIL train_label_masks/5af8bba8cb7a8edb4bf416d4dd4d5228_mask.tiff: 429 Client Error: Too Many Requests for url: https://api.kaggle.com/v1/competitions.CompetitionApiService/DownloadDataFile

  FAIL train_label_masks/5b003d43ec0ce5979062442486f84cf7_mask.tiff: 429 Client Error: Too Many Requests for url: https://api.kaggle.com/v1/competitions.CompetitionApiService/DownloadDataFile

  FAIL train_label_masks/5b068fcb3a6af7142be9e39d24d1a8bf_mask.tiff: 429 Client Error: Too Many Requests for url: https://api.kaggle.com/v1/competitions.CompetitionApiService/DownloadDataFile

  FAIL train_label_masks/5b0c8d324c53998d7353ad17e591fd46_mask.tiff: 429 Client Error: Too Many Requests for url: https://api.kaggle.com/v1/competitions.CompetitionApiService/DownloadDataFile

  FAIL train_label_masks/5b281fbdb595d08a630ec51d418a3196_mask.tiff: 429 Client Error: Too Many Requests for url: https://api.kaggle.com/v1/competitions.CompetitionApiService/DownloadDataFile

  FAIL train_label_masks/5b2c1fcb4a370400b64df671560fb733_mask.tiff: 429 Client Error: Too Many Requests for url: https://api.kaggle.com/v1/competitions.CompetitionApiService/DownloadDataFile

  FAIL train_label_masks/5b35810de01fe586e598f49e17cfcecc_mask.tiff: 429 Client Error: Too Many Requests for url: https://api.kaggle.com/v1/competitions.CompetitionApiService/DownloadDataFile

  FAIL train_label_masks/5b439c3bf2ed699b136dc5ca939873bc_mask.tiff: 429 Client Error: Too Many Requests for url: https://api.kaggle.com/v1/competitions.CompetitionApiService/DownloadDataFile

  FAIL train_label_masks/5b4d05a2a6b70bbb2ee716979a7fb120_mask.tiff: 429 Client Error: Too Many Requests for url: https://api.kaggle.com/v1/competitions.CompetitionApiService/DownloadDataFile

  FAIL train_label_masks/5b503f5a5b80bbdd98128d346e9a72b7_mask.tiff: 429 Client Error: Too Many Requests for url: https://api.kaggle.com/v1/competitions.CompetitionApiService/DownloadDataFile

  FAIL train_label_masks/5b5ecc77a66ee3e3d5ea183b2bf81553_mask.tiff: 429 Client Error: Too Many Requests for url: https://api.kaggle.com/v1/competitions.CompetitionApiService/DownloadDataFile

  FAIL train_label_masks/5b63be15731e9414734353fa1b91adb4_mask.tiff: 429 Client Error: Too Many Requests for url: https://api.kaggle.com/v1/competitions.CompetitionApiService/DownloadDataFile

  FAIL train_label_masks/5b8542dc1477f67d3d1c5984b83c14b7_mask.tiff: 429 Client Error: Too Many Requests for url: https://api.kaggle.com/v1/competitions.CompetitionApiService/DownloadDataFile

  FAIL train_label_masks/5bbfd8d8ffeddab6682224295a180bb2_mask.tiff: 429 Client Error: Too Many Requests for url: https://api.kaggle.com/v1/competitions.CompetitionApiService/DownloadDataFile

  FAIL train_label_masks/5bc396007c667e5fec6587d07a9af93e_mask.tiff: 429 Client Error: Too Many Requests for url: https://api.kaggle.com/v1/competitions.CompetitionApiService/DownloadDataFile

  FAIL train_label_masks/5bccc3ae5587647b3f6b3a1f807bd9ed_mask.tiff: 429 Client Error: Too Many Requests for url: https://api.kaggle.com/v1/competitions.CompetitionApiService/DownloadDataFile

  FAIL train_label_masks/5bd19956ab63289395ba2b259a9aa8d1_mask.tiff: 429 Client Error: Too Many Requests for url: https://api.kaggle.com/v1/competitions.CompetitionApiService/DownloadDataFile

  FAIL train_label_masks/5bd1ec348f050f3e5642a23207012a23_mask.tiff: 429 Client Error: Too Many Requests for url: https://api.kaggle.com/v1/competitions.CompetitionApiService/DownloadDataFile

  FAIL train_label_masks/5beed3b27daf64fe7fbc4d065883826e_mask.tiff: 429 Client Error: Too Many Requests for url: https://api.kaggle.com/v1/competitions.CompetitionApiService/DownloadDataFile

  FAIL train_label_masks/5c023def11d24939459afd3e3cb69620_mask.tiff: 429 Client Error: Too Many Requests for url: https://api.kaggle.com/v1/competitions.CompetitionApiService/DownloadDataFile

  FAIL train_label_masks/5c083ab21fc57c0954468ab46aa7fb16_mask.tiff: 429 Client Error: Too Many Requests for url: https://api.kaggle.com/v1/competitions.CompetitionApiService/DownloadDataFile

  FAIL train_label_masks/5c2226e06c1c417be01fdd49ce5501b9_mask.tiff: 429 Client Error: Too Many Requests for url: https://api.kaggle.com/v1/competitions.CompetitionApiService/DownloadDataFile

  FAIL train_label_masks/5c2c7009ec9100ff2473a4d4d6c1029d_mask.tiff: 429 Client Error: Too Many Requests for url: https://api.kaggle.com/v1/competitions.CompetitionApiService/DownloadDataFile

  FAIL train_label_masks/5c49f67702374025434387903daffdb7_mask.tiff: 429 Client Error: Too Many Requests for url: https://api.kaggle.com/v1/competitions.CompetitionApiService/DownloadDataFile

  FAIL train_label_masks/5c4baef054d63b3b93c99a885fc94fac_mask.tiff: 429 Client Error: Too Many Requests for url: https://api.kaggle.com/v1/competitions.CompetitionApiService/DownloadDataFile

  FAIL train_label_masks/5c5a01104830e536fb03a7eb9bc02045_mask.tiff: 429 Client Error: Too Many Requests for url: https://api.kaggle.com/v1/competitions.CompetitionApiService/DownloadDataFile

  FAIL train_label_masks/5c6a9d25b7c602062f4095c2518aa46a_mask.tiff: 429 Client Error: Too Many Requests for url: https://api.kaggle.com/v1/competitions.CompetitionApiService/DownloadDataFile

  FAIL train_label_masks/5c707b3792821638b84b524ef9ad3d4e_mask.tiff: 429 Client Error: Too Many Requests for url: https://api.kaggle.com/v1/competitions.CompetitionApiService/DownloadDataFile

  FAIL train_label_masks/5c7e3c7f2b7fbfaf98f2172e2eaa8f28_mask.tiff: 429 Client Error: Too Many Requests for url: https://api.kaggle.com/v1/competitions.CompetitionApiService/DownloadDataFile

  FAIL train_label_masks/5c845f5a01b97dd479aeef86b465605f_mask.tiff: 429 Client Error: Too Many Requests for url: https://api.kaggle.com/v1/competitions.CompetitionApiService/DownloadDataFile

  FAIL train_label_masks/5c90deb93f9fd965642b6edda6561bde_mask.tiff: 429 Client Error: Too Many Requests for url: https://api.kaggle.com/v1/competitions.CompetitionApiService/DownloadDataFile

  FAIL train_label_masks/5c9407c366d62c4e309a5fa61a48b7b7_mask.tiff: 429 Client Error: Too Many Requests for url: https://api.kaggle.com/v1/competitions.CompetitionApiService/DownloadDataFile

  FAIL train_label_masks/5c975e69eee9359ebe8da3f2a376fefb_mask.tiff: 429 Client Error: Too Many Requests for url: https://api.kaggle.com/v1/competitions.CompetitionApiService/DownloadDataFile

  FAIL train_label_masks/5ca13bda1c8a128938a5cb71e54f692c_mask.tiff: 429 Client Error: Too Many Requests for url: https://api.kaggle.com/v1/competitions.CompetitionApiService/DownloadDataFile

  FAIL train_label_masks/5cc8a6260ae47db4e4e69717ab8c405e_mask.tiff: 429 Client Error: Too Many Requests for url: https://api.kaggle.com/v1/competitions.CompetitionApiService/DownloadDataFile

  FAIL train_label_masks/5cd64763e1df1acf97df32f5e310bcd6_mask.tiff: 429 Client Error: Too Many Requests for url: https://api.kaggle.com/v1/competitions.CompetitionApiService/DownloadDataFile

  FAIL train_label_masks/5cfcd6a8451b2ed8355ac4800c80f7c7_mask.tiff: 429 Client Error: Too Many Requests for url: https://api.kaggle.com/v1/competitions.CompetitionApiService/DownloadDataFile

  FAIL train_label_masks/5d00686aeee37bfef71ad623ab4abaa5_mask.tiff: 429 Client Error: Too Many Requests for url: https://api.kaggle.com/v1/competitions.CompetitionApiService/DownloadDataFile

  FAIL train_label_masks/5d04a3fbf6bc76e526f4d1c3d763229f_mask.tiff: 429 Client Error: Too Many Requests for url: https://api.kaggle.com/v1/competitions.CompetitionApiService/DownloadDataFile

  FAIL train_label_masks/5d0c978f62978e8647b417f60d51e51f_mask.tiff: 429 Client Error: Too Many Requests for url: https://api.kaggle.com/v1/competitions.CompetitionApiService/DownloadDataFile

  FAIL train_label_masks/5d13a41bc7d00f8f089392106b073b3e_mask.tiff: 429 Client Error: Too Many Requests for url: https://api.kaggle.com/v1/competitions.CompetitionApiService/DownloadDataFile

  FAIL train_label_masks/5d19888551175c95a3b3cdd5da9dcd6a_mask.tiff: 429 Client Error: Too Many Requests for url: https://api.kaggle.com/v1/competitions.CompetitionApiService/DownloadDataFile

  FAIL train_label_masks/5d28dc81420bc0e2ee5d3ac90d5153ef_mask.tiff: 429 Client Error: Too Many Requests for url: https://api.kaggle.com/v1/competitions.CompetitionApiService/DownloadDataFile

  FAIL train_label_masks/5d3dfae104348251b8fbc99f8d39a601_mask.tiff: 429 Client Error: Too Many Requests for url: https://api.kaggle.com/v1/competitions.CompetitionApiService/DownloadDataFile

  FAIL train_label_masks/5d438b93171c54575c3248d799952a8c_mask.tiff: 429 Client Error: Too Many Requests for url: https://api.kaggle.com/v1/competitions.CompetitionApiService/DownloadDataFile

  FAIL train_label_masks/5d4c1d0660adfbe7f9ddf63432709eb1_mask.tiff: 429 Client Error: Too Many Requests for url: https://api.kaggle.com/v1/competitions.CompetitionApiService/DownloadDataFile

  FAIL train_label_masks/5d5ba6a776e985a917f0028258d6593a_mask.tiff: 429 Client Error: Too Many Requests for url: https://api.kaggle.com/v1/competitions.CompetitionApiService/DownloadDataFile

  FAIL train_label_masks/5d656ef89286db380f879cb6bfadd731_mask.tiff: 429 Client Error: Too Many Requests for url: https://api.kaggle.com/v1/competitions.CompetitionApiService/DownloadDataFile

  FAIL train_label_masks/5d68ab03ab12677506d8afb5b545c5b3_mask.tiff: 429 Client Error: Too Many Requests for url: https://api.kaggle.com/v1/competitions.CompetitionApiService/DownloadDataFile

  FAIL train_label_masks/5d7632f1794e2cebb36e21c51c9f4402_mask.tiff: 429 Client Error: Too Many Requests for url: https://api.kaggle.com/v1/competitions.CompetitionApiService/DownloadDataFile

  FAIL train_label_masks/5d884cc90873f1f8d9e25cd126887986_mask.tiff: 429 Client Error: Too Many Requests for url: https://api.kaggle.com/v1/competitions.CompetitionApiService/DownloadDataFile

  FAIL train_label_masks/5da72569e3908391620c3fc13b3fd821_mask.tiff: 429 Client Error: Too Many Requests for url: https://api.kaggle.com/v1/competitions.CompetitionApiService/DownloadDataFile

  FAIL train_label_masks/5daca040bbf1338462417b7a5dd820a3_mask.tiff: 429 Client Error: Too Many Requests for url: https://api.kaggle.com/v1/competitions.CompetitionApiService/DownloadDataFile

  FAIL train_label_masks/5dbe471927123756883dc4ec6121a72c_mask.tiff: 429 Client Error: Too Many Requests for url: https://api.kaggle.com/v1/competitions.CompetitionApiService/DownloadDataFile

  FAIL train_label_masks/5dcd43e6710799fbb64f0c250a13d0ff_mask.tiff: 429 Client Error: Too Many Requests for url: https://api.kaggle.com/v1/competitions.CompetitionApiService/DownloadDataFile

  FAIL train_label_masks/5de86ab9d9c631edb965696097e8dc92_mask.tiff: 429 Client Error: Too Many Requests for url: https://api.kaggle.com/v1/competitions.CompetitionApiService/DownloadDataFile

  FAIL train_label_masks/5de921452c721c77d8ffa775b9241542_mask.tiff: 429 Client Error: Too Many Requests for url: https://api.kaggle.com/v1/competitions.CompetitionApiService/DownloadDataFile

  FAIL train_label_masks/5dfa62a4dcf79b511d935096233f35e3_mask.tiff: 429 Client Error: Too Many Requests for url: https://api.kaggle.com/v1/competitions.CompetitionApiService/DownloadDataFile

  FAIL train_label_masks/5dfac783c03cb58f51dd856ecc2bc16c_mask.tiff: 429 Client Error: Too Many Requests for url: https://api.kaggle.com/v1/competitions.CompetitionApiService/DownloadDataFile

  FAIL train_label_masks/5dfb4fde4486edf9f5863e61a1ba016c_mask.tiff: 429 Client Error: Too Many Requests for url: https://api.kaggle.com/v1/competitions.CompetitionApiService/DownloadDataFile

  FAIL train_label_masks/5e063bb2352ec2d6dfefa038d9bcb70d_mask.tiff: 429 Client Error: Too Many Requests for url: https://api.kaggle.com/v1/competitions.CompetitionApiService/DownloadDataFile

  FAIL train_label_masks/5e165e0f062426606dc1b5c217689129_mask.tiff: 429 Client Error: Too Many Requests for url: https://api.kaggle.com/v1/competitions.CompetitionApiService/DownloadDataFile

  FAIL train_label_masks/5e334341a65fa0b9148fd9eddabbe5b0_mask.tiff: 429 Client Error: Too Many Requests for url: https://api.kaggle.com/v1/competitions.CompetitionApiService/DownloadDataFile

  FAIL train_label_masks/5e61b98028b2e0014f5686a04c6cb48c_mask.tiff: 429 Client Error: Too Many Requests for url: https://api.kaggle.com/v1/competitions.CompetitionApiService/DownloadDataFile

  FAIL train_label_masks/5e64107898d585bd15e99b0f8056138a_mask.tiff: 429 Client Error: Too Many Requests for url: https://api.kaggle.com/v1/competitions.CompetitionApiService/DownloadDataFile

  FAIL train_label_masks/5e79a8e720579946198a701deeed3a4a_mask.tiff: 429 Client Error: Too Many Requests for url: https://api.kaggle.com/v1/competitions.CompetitionApiService/DownloadDataFile

  FAIL train_label_masks/5e7fe1a769c7dd7871d42af620720625_mask.tiff: 429 Client Error: Too Many Requests for url: https://api.kaggle.com/v1/competitions.CompetitionApiService/DownloadDataFile

  FAIL train_label_masks/5e8b71155d862948b6e0da88f0b41789_mask.tiff: 429 Client Error: Too Many Requests for url: https://api.kaggle.com/v1/competitions.CompetitionApiService/DownloadDataFile

  FAIL train_label_masks/5e9265276fdaddcc7b37bb29f1e78d04_mask.tiff: 429 Client Error: Too Many Requests for url: https://api.kaggle.com/v1/competitions.CompetitionApiService/DownloadDataFile

  FAIL train_label_masks/5ea330d8b0924c0a4d0619ad49c6dd28_mask.tiff: 429 Client Error: Too Many Requests for url: https://api.kaggle.com/v1/competitions.CompetitionApiService/DownloadDataFile

  FAIL train_label_masks/5ea6feafb6765b6916a259e60eb89354_mask.tiff: 429 Client Error: Too Many Requests for url: https://api.kaggle.com/v1/competitions.CompetitionApiService/DownloadDataFile

  FAIL train_label_masks/5ebc2544193fed9aa6e846641a8d8f1e_mask.tiff: 429 Client Error: Too Many Requests for url: https://api.kaggle.com/v1/competitions.CompetitionApiService/DownloadDataFile

  FAIL train_label_masks/5ecebd2186ad8871c59a607bbd6d3a6d_mask.tiff: 429 Client Error: Too Many Requests for url: https://api.kaggle.com/v1/competitions.CompetitionApiService/DownloadDataFile

  FAIL train_label_masks/5ed3bb060e0e6d7fe6472f1982e530e9_mask.tiff: 429 Client Error: Too Many Requests for url: https://api.kaggle.com/v1/competitions.CompetitionApiService/DownloadDataFile

  FAIL train_label_masks/5ed6b9a9612f58fb7a5ed2c9b9b32fe4_mask.tiff: 429 Client Error: Too Many Requests for url: https://api.kaggle.com/v1/competitions.CompetitionApiService/DownloadDataFile

  FAIL train_label_masks/5edc82d679cc29b4d7720bdc45c1ad45_mask.tiff: 429 Client Error: Too Many Requests for url: https://api.kaggle.com/v1/competitions.CompetitionApiService/DownloadDataFile

  FAIL train_label_masks/5ee927ed5d354f5f72e5d341276eb5be_mask.tiff: 429 Client Error: Too Many Requests for url: https://api.kaggle.com/v1/competitions.CompetitionApiService/DownloadDataFile

  FAIL train_label_masks/5eeb5f06877a051a7a7f99ff151919c3_mask.tiff: 429 Client Error: Too Many Requests for url: https://api.kaggle.com/v1/competitions.CompetitionApiService/DownloadDataFile

  FAIL train_label_masks/5ef0bfdc969fb9d7bbadab5f9c10a3da_mask.tiff: 429 Client Error: Too Many Requests for url: https://api.kaggle.com/v1/competitions.CompetitionApiService/DownloadDataFile

  FAIL train_label_masks/5ef24c35ed7f184da05305d08ea1fd68_mask.tiff: 429 Client Error: Too Many Requests for url: https://api.kaggle.com/v1/competitions.CompetitionApiService/DownloadDataFile

  FAIL train_label_masks/5efaa05e7bf93a2c91c7c2592dcb8b64_mask.tiff: 429 Client Error: Too Many Requests for url: https://api.kaggle.com/v1/competitions.CompetitionApiService/DownloadDataFile

  FAIL train_label_masks/5f0f7d362bd640eaef0be4076229a7ef_mask.tiff: 429 Client Error: Too Many Requests for url: https://api.kaggle.com/v1/competitions.CompetitionApiService/DownloadDataFile

  FAIL train_label_masks/5f1ccf6d3f6fc9977f54755c8d96784a_mask.tiff: 429 Client Error: Too Many Requests for url: https://api.kaggle.com/v1/competitions.CompetitionApiService/DownloadDataFile

  FAIL train_label_masks/5f223137ea4f913a22c5a3074195d37c_mask.tiff: 429 Client Error: Too Many Requests for url: https://api.kaggle.com/v1/competitions.CompetitionApiService/DownloadDataFile

  FAIL train_label_masks/5f26395749b5f5c85bafdc8bbdfcda3b_mask.tiff: 429 Client Error: Too Many Requests for url: https://api.kaggle.com/v1/competitions.CompetitionApiService/DownloadDataFile

  FAIL train_label_masks/5f3435341b61628b1e308362c52a9460_mask.tiff: 429 Client Error: Too Many Requests for url: https://api.kaggle.com/v1/competitions.CompetitionApiService/DownloadDataFile

  FAIL train_label_masks/5f40e0b339592b1b70f17134a06abf98_mask.tiff: 429 Client Error: Too Many Requests for url: https://api.kaggle.com/v1/competitions.CompetitionApiService/DownloadDataFile

  FAIL train_label_masks/5f537ae857febf9281dd301fd9ccb5f2_mask.tiff: 429 Client Error: Too Many Requests for url: https://api.kaggle.com/v1/competitions.CompetitionApiService/DownloadDataFile

  FAIL train_label_masks/5f554a63b2a187b75a1764282fbf10b6_mask.tiff: 429 Client Error: Too Many Requests for url: https://api.kaggle.com/v1/competitions.CompetitionApiService/DownloadDataFile

  FAIL train_label_masks/5f6b700d24076d52b81361befbc88af1_mask.tiff: 429 Client Error: Too Many Requests for url: https://api.kaggle.com/v1/competitions.CompetitionApiService/DownloadDataFile

  FAIL train_label_masks/5f712fa46f7c0d69e8d9a4b6cd9327bc_mask.tiff: 429 Client Error: Too Many Requests for url: https://api.kaggle.com/v1/competitions.CompetitionApiService/DownloadDataFile

  FAIL train_label_masks/5f7ebc491021150fdb969866ad5f6d81_mask.tiff: 429 Client Error: Too Many Requests for url: https://api.kaggle.com/v1/competitions.CompetitionApiService/DownloadDataFile

  FAIL train_label_masks/5f7f609c150bb74255eef591bba15ab1_mask.tiff: 429 Client Error: Too Many Requests for url: https://api.kaggle.com/v1/competitions.CompetitionApiService/DownloadDataFile

  FAIL train_label_masks/5f8b30f872042fe9cc2b0b312094f156_mask.tiff: 429 Client Error: Too Many Requests for url: https://api.kaggle.com/v1/competitions.CompetitionApiService/DownloadDataFile

  FAIL train_label_masks/5f8e07348acca9f1d02c329f4efb7516_mask.tiff: 429 Client Error: Too Many Requests for url: https://api.kaggle.com/v1/competitions.CompetitionApiService/DownloadDataFile

  FAIL train_label_masks/5f95d17c869a6b92214c6b0c2aebfccb_mask.tiff: 429 Client Error: Too Many Requests for url: https://api.kaggle.com/v1/competitions.CompetitionApiService/DownloadDataFile

  FAIL train_label_masks/5fdca67311d04c9f5625d73a6bd4e825_mask.tiff: 429 Client Error: Too Many Requests for url: https://api.kaggle.com/v1/competitions.CompetitionApiService/DownloadDataFile

  FAIL train_label_masks/5fefc2506c90deddd4bd9854b52895c9_mask.tiff: 429 Client Error: Too Many Requests for url: https://api.kaggle.com/v1/competitions.CompetitionApiService/DownloadDataFile

  FAIL train_label_masks/5ffcf2372542336fe4ee3585bd07b6f2_mask.tiff: 429 Client Error: Too Many Requests for url: https://api.kaggle.com/v1/competitions.CompetitionApiService/DownloadDataFile

  FAIL train_label_masks/60083d3faae39b546e94bd206cf4c9cd_mask.tiff: 429 Client Error: Too Many Requests for url: https://api.kaggle.com/v1/competitions.CompetitionApiService/DownloadDataFile

  FAIL train_label_masks/601216d398fcb7c5f0e05f69ac5734e4_mask.tiff: 429 Client Error: Too Many Requests for url: https://api.kaggle.com/v1/competitions.CompetitionApiService/DownloadDataFile

  FAIL train_label_masks/601b0ee3f58bd12e3f3f1ff3a91d2ac1_mask.tiff: 429 Client Error: Too Many Requests for url: https://api.kaggle.com/v1/competitions.CompetitionApiService/DownloadDataFile

  FAIL train_label_masks/601ffcbed401250430f367a898cb3e3c_mask.tiff: 429 Client Error: Too Many Requests for url: https://api.kaggle.com/v1/competitions.CompetitionApiService/DownloadDataFile

  FAIL train_label_masks/6022674dabca016474586aa350e7a67e_mask.tiff: 429 Client Error: Too Many Requests for url: https://api.kaggle.com/v1/competitions.CompetitionApiService/DownloadDataFile

  FAIL train_label_masks/6029eceba97e1f924eec2b51df4f8daf_mask.tiff: 429 Client Error: Too Many Requests for url: https://api.kaggle.com/v1/competitions.CompetitionApiService/DownloadDataFile

  FAIL train_label_masks/602dcec72143bd0f1eabfad244f081dd_mask.tiff: 429 Client Error: Too Many Requests for url: https://api.kaggle.com/v1/competitions.CompetitionApiService/DownloadDataFile

  FAIL train_label_masks/603ae4e9d3655f21702d565d880f626c_mask.tiff: 429 Client Error: Too Many Requests for url: https://api.kaggle.com/v1/competitions.CompetitionApiService/DownloadDataFile

  FAIL train_label_masks/605dda4fe6ac848340fecec8714fe760_mask.tiff: 429 Client Error: Too Many Requests for url: https://api.kaggle.com/v1/competitions.CompetitionApiService/DownloadDataFile

  FAIL train_label_masks/6071aa8ba6c71f822201674f662a2058_mask.tiff: 429 Client Error: Too Many Requests for url: https://api.kaggle.com/v1/competitions.CompetitionApiService/DownloadDataFile

  FAIL train_label_masks/607afab0ebabe2ae01a282ebf467a7ee_mask.tiff: 429 Client Error: Too Many Requests for url: https://api.kaggle.com/v1/competitions.CompetitionApiService/DownloadDataFile

  FAIL train_label_masks/607fa473648e6c39d6eeaf4efcd9e898_mask.tiff: 429 Client Error: Too Many Requests for url: https://api.kaggle.com/v1/competitions.CompetitionApiService/DownloadDataFile

  FAIL train_label_masks/60a15dda8570e347a3529a062fb1d5c9_mask.tiff: 429 Client Error: Too Many Requests for url: https://api.kaggle.com/v1/competitions.CompetitionApiService/DownloadDataFile

  FAIL train_label_masks/60a18d14b13eb21b56f3d3e77a315af7_mask.tiff: 429 Client Error: Too Many Requests for url: https://api.kaggle.com/v1/competitions.CompetitionApiService/DownloadDataFile

  FAIL train_label_masks/60a69fdcc33d3b859dfc2a1cc081254f_mask.tiff: 429 Client Error: Too Many Requests for url: https://api.kaggle.com/v1/competitions.CompetitionApiService/DownloadDataFile

  FAIL train_label_masks/60a98f3fee72df06894ae985cd171b06_mask.tiff: 429 Client Error: Too Many Requests for url: https://api.kaggle.com/v1/competitions.CompetitionApiService/DownloadDataFile

  FAIL train_label_masks/60bf955e8135c580681a253469151ed6_mask.tiff: 429 Client Error: Too Many Requests for url: https://api.kaggle.com/v1/competitions.CompetitionApiService/DownloadDataFile

  FAIL train_label_masks/60d21b09253d29039ad12e751e6f2f5a_mask.tiff: 429 Client Error: Too Many Requests for url: https://api.kaggle.com/v1/competitions.CompetitionApiService/DownloadDataFile

  FAIL train_label_masks/60d32cd009e0175fe8607166861cd430_mask.tiff: 429 Client Error: Too Many Requests for url: https://api.kaggle.com/v1/competitions.CompetitionApiService/DownloadDataFile

  FAIL train_label_masks/60e51083a75aa5283aadde7f110df48e_mask.tiff: 429 Client Error: Too Many Requests for url: https://api.kaggle.com/v1/competitions.CompetitionApiService/DownloadDataFile

  FAIL train_label_masks/60f316434ad13b545269024f949698cc_mask.tiff: 429 Client Error: Too Many Requests for url: https://api.kaggle.com/v1/competitions.CompetitionApiService/DownloadDataFile

  FAIL train_label_masks/610489a9612f4f28cd140e8326c909fa_mask.tiff: 429 Client Error: Too Many Requests for url: https://api.kaggle.com/v1/competitions.CompetitionApiService/DownloadDataFile

  FAIL train_label_masks/6107645595db6058bffe3bc4b260883f_mask.tiff: 429 Client Error: Too Many Requests for url: https://api.kaggle.com/v1/competitions.CompetitionApiService/DownloadDataFile

  FAIL train_label_masks/6109a474ebb5c73ef1dc5fe36c6f7df2_mask.tiff: 429 Client Error: Too Many Requests for url: https://api.kaggle.com/v1/competitions.CompetitionApiService/DownloadDataFile

  FAIL train_label_masks/612aa3391b33578ba22ef3d3f3ef9d90_mask.tiff: 429 Client Error: Too Many Requests for url: https://api.kaggle.com/v1/competitions.CompetitionApiService/DownloadDataFile

  FAIL train_label_masks/615b584af86176f21b7a609807c56197_mask.tiff: 429 Client Error: Too Many Requests for url: https://api.kaggle.com/v1/competitions.CompetitionApiService/DownloadDataFile

  FAIL train_label_masks/615b8a4e40699ea384e5f518ac0c68b4_mask.tiff: 429 Client Error: Too Many Requests for url: https://api.kaggle.com/v1/competitions.CompetitionApiService/DownloadDataFile

  FAIL train_label_masks/6166cc11159083920af9b3c14670f8b4_mask.tiff: 429 Client Error: Too Many Requests for url: https://api.kaggle.com/v1/competitions.CompetitionApiService/DownloadDataFile

  FAIL train_label_masks/616abef9b646a96fb3f9fa9171d98e28_mask.tiff: 429 Client Error: Too Many Requests for url: https://api.kaggle.com/v1/competitions.CompetitionApiService/DownloadDataFile

  FAIL train_label_masks/61838ed2c863a4b4d7b851854f990941_mask.tiff: 429 Client Error: Too Many Requests for url: https://api.kaggle.com/v1/competitions.CompetitionApiService/DownloadDataFile

  FAIL train_label_masks/618efc798c3906c2dc60618853c7e2e2_mask.tiff: 429 Client Error: Too Many Requests for url: https://api.kaggle.com/v1/competitions.CompetitionApiService/DownloadDataFile

  FAIL train_label_masks/61aa2232965122bd1e0d87d933bdf8bd_mask.tiff: 429 Client Error: Too Many Requests for url: https://api.kaggle.com/v1/competitions.CompetitionApiService/DownloadDataFile

  FAIL train_label_masks/61af9a116d196c47cc049a122eb7b7f3_mask.tiff: 429 Client Error: Too Many Requests for url: https://api.kaggle.com/v1/competitions.CompetitionApiService/DownloadDataFile

  FAIL train_label_masks/61b70ccd7da821f89bae917b204242a5_mask.tiff: 429 Client Error: Too Many Requests for url: https://api.kaggle.com/v1/competitions.CompetitionApiService/DownloadDataFile

  FAIL train_label_masks/61d53ad3869b865564520488312443f2_mask.tiff: 429 Client Error: Too Many Requests for url: https://api.kaggle.com/v1/competitions.CompetitionApiService/DownloadDataFile

  FAIL train_label_masks/620261483418740878617c4e04015457_mask.tiff: 429 Client Error: Too Many Requests for url: https://api.kaggle.com/v1/competitions.CompetitionApiService/DownloadDataFile

  FAIL train_label_masks/620a6fbf50a7463ed0a8932782d7b969_mask.tiff: 429 Client Error: Too Many Requests for url: https://api.kaggle.com/v1/competitions.CompetitionApiService/DownloadDataFile

  FAIL train_label_masks/6210281e975f738e94a5643d366e3b09_mask.tiff: 429 Client Error: Too Many Requests for url: https://api.kaggle.com/v1/competitions.CompetitionApiService/DownloadDataFile

  FAIL train_label_masks/6210ddaf9f3e233411579da0ea9a0484_mask.tiff: 429 Client Error: Too Many Requests for url: https://api.kaggle.com/v1/competitions.CompetitionApiService/DownloadDataFile

  FAIL train_label_masks/621f180f39962cf8dc87f62cf681200b_mask.tiff: 429 Client Error: Too Many Requests for url: https://api.kaggle.com/v1/competitions.CompetitionApiService/DownloadDataFile

  FAIL train_label_masks/62202e376a671af629cc7c309561ff56_mask.tiff: 429 Client Error: Too Many Requests for url: https://api.kaggle.com/v1/competitions.CompetitionApiService/DownloadDataFile

  FAIL train_label_masks/6226ebfc1f9b743a8b02db4eb7145738_mask.tiff: 429 Client Error: Too Many Requests for url: https://api.kaggle.com/v1/competitions.CompetitionApiService/DownloadDataFile

  FAIL train_label_masks/62274c435774e0ed7a219c9c3b693bce_mask.tiff: 429 Client Error: Too Many Requests for url: https://api.kaggle.com/v1/competitions.CompetitionApiService/DownloadDataFile

  FAIL train_label_masks/622e036c40d720a7bf557668980ea1ce_mask.tiff: 429 Client Error: Too Many Requests for url: https://api.kaggle.com/v1/competitions.CompetitionApiService/DownloadDataFile

  FAIL train_label_masks/622fc40ffe3f5307f850d3e6e3e738a4_mask.tiff: 429 Client Error: Too Many Requests for url: https://api.kaggle.com/v1/competitions.CompetitionApiService/DownloadDataFile

  FAIL train_label_masks/623055537fd299a566acf58214ae2133_mask.tiff: 429 Client Error: Too Many Requests for url: https://api.kaggle.com/v1/competitions.CompetitionApiService/DownloadDataFile

  FAIL train_label_masks/623155cecfa8cc671054be004d6cb2cf_mask.tiff: 429 Client Error: Too Many Requests for url: https://api.kaggle.com/v1/competitions.CompetitionApiService/DownloadDataFile

  FAIL train_label_masks/6232504a502236dc3e38f9fe46619308_mask.tiff: 429 Client Error: Too Many Requests for url: https://api.kaggle.com/v1/competitions.CompetitionApiService/DownloadDataFile

  FAIL train_label_masks/62493361edf8bb1ee5391d66b64af60f_mask.tiff: 429 Client Error: Too Many Requests for url: https://api.kaggle.com/v1/competitions.CompetitionApiService/DownloadDataFile

  FAIL train_label_masks/6259bdf29094e9a832bb47b970ff8cce_mask.tiff: 429 Client Error: Too Many Requests for url: https://api.kaggle.com/v1/competitions.CompetitionApiService/DownloadDataFile

  FAIL train_label_masks/625e6a283b25f0a077a714b3adce614c_mask.tiff: 429 Client Error: Too Many Requests for url: https://api.kaggle.com/v1/competitions.CompetitionApiService/DownloadDataFile

  FAIL train_label_masks/62605db0277dd94dd1fab196966d8c18_mask.tiff: 429 Client Error: Too Many Requests for url: https://api.kaggle.com/v1/competitions.CompetitionApiService/DownloadDataFile

  FAIL train_label_masks/626469f984e371b3f674799c022a64ab_mask.tiff: 429 Client Error: Too Many Requests for url: https://api.kaggle.com/v1/competitions.CompetitionApiService/DownloadDataFile

  FAIL train_label_masks/62795965d1330a135f09938efb22fb6f_mask.tiff: 429 Client Error: Too Many Requests for url: https://api.kaggle.com/v1/competitions.CompetitionApiService/DownloadDataFile

  FAIL train_label_masks/627aeb9327a85228458ad20ecd8d77c3_mask.tiff: 429 Client Error: Too Many Requests for url: https://api.kaggle.com/v1/competitions.CompetitionApiService/DownloadDataFile

  FAIL train_label_masks/62a71ed08b3b22927770cebec65e380a_mask.tiff: 429 Client Error: Too Many Requests for url: https://api.kaggle.com/v1/competitions.CompetitionApiService/DownloadDataFile

  FAIL train_label_masks/62a976bdc21bd2c8a34de5ec3d192857_mask.tiff: 429 Client Error: Too Many Requests for url: https://api.kaggle.com/v1/competitions.CompetitionApiService/DownloadDataFile

  FAIL train_label_masks/62bfdd9e66e2cfee7f6e69c7d22b11f2_mask.tiff: 429 Client Error: Too Many Requests for url: https://api.kaggle.com/v1/competitions.CompetitionApiService/DownloadDataFile

  FAIL train_label_masks/62c56362b10d68cfaf8000485da3de5e_mask.tiff: 429 Client Error: Too Many Requests for url: https://api.kaggle.com/v1/competitions.CompetitionApiService/DownloadDataFile

  FAIL train_label_masks/62dafe3f86f1f7048c16ac69f74cb293_mask.tiff: 429 Client Error: Too Many Requests for url: https://api.kaggle.com/v1/competitions.CompetitionApiService/DownloadDataFile

  FAIL train_label_masks/62dc9e6f426847d6d58e12c30e35a35a_mask.tiff: 429 Client Error: Too Many Requests for url: https://api.kaggle.com/v1/competitions.CompetitionApiService/DownloadDataFile

  FAIL train_label_masks/62de6f2b44980a0b7d2a926f828446b1_mask.tiff: 429 Client Error: Too Many Requests for url: https://api.kaggle.com/v1/competitions.CompetitionApiService/DownloadDataFile

  FAIL train_label_masks/62e36f7cc417a5e10b21466267b327ca_mask.tiff: 429 Client Error: Too Many Requests for url: https://api.kaggle.com/v1/competitions.CompetitionApiService/DownloadDataFile

  FAIL train_label_masks/62eab77211bf839bdd26e6ca7c93bc00_mask.tiff: 429 Client Error: Too Many Requests for url: https://api.kaggle.com/v1/competitions.CompetitionApiService/DownloadDataFile

  FAIL train_label_masks/62f29d7816c09c527192a40eb137cc25_mask.tiff: 429 Client Error: Too Many Requests for url: https://api.kaggle.com/v1/competitions.CompetitionApiService/DownloadDataFile

  FAIL train_label_masks/63006577b07056d2789dedce40da466d_mask.tiff: 429 Client Error: Too Many Requests for url: https://api.kaggle.com/v1/competitions.CompetitionApiService/DownloadDataFile

  FAIL train_label_masks/6303244b26eef8e081298bfeac827403_mask.tiff: 429 Client Error: Too Many Requests for url: https://api.kaggle.com/v1/competitions.CompetitionApiService/DownloadDataFile

  FAIL train_label_masks/63080d06c66488c4c30285e0363ca0ad_mask.tiff: 429 Client Error: Too Many Requests for url: https://api.kaggle.com/v1/competitions.CompetitionApiService/DownloadDataFile

  FAIL train_label_masks/630b89cbf5bec0ab752aa3a8688930f0_mask.tiff: 429 Client Error: Too Many Requests for url: https://api.kaggle.com/v1/competitions.CompetitionApiService/DownloadDataFile

  FAIL train_label_masks/630cd3bb436af3e09290f7f4458b8f60_mask.tiff: 429 Client Error: Too Many Requests for url: https://api.kaggle.com/v1/competitions.CompetitionApiService/DownloadDataFile

  FAIL train_label_masks/630ead3f5eee9ca3d292d65a785d480b_mask.tiff: 429 Client Error: Too Many Requests for url: https://api.kaggle.com/v1/competitions.CompetitionApiService/DownloadDataFile

  FAIL train_label_masks/63119b7889164b2153a2ec1c829ea853_mask.tiff: 429 Client Error: Too Many Requests for url: https://api.kaggle.com/v1/competitions.CompetitionApiService/DownloadDataFile

  FAIL train_label_masks/63226114e772943ce7f8017d9f5d4b90_mask.tiff: 429 Client Error: Too Many Requests for url: https://api.kaggle.com/v1/competitions.CompetitionApiService/DownloadDataFile

  FAIL train_label_masks/6329256633b051f1e2b903afa9b5ef26_mask.tiff: 429 Client Error: Too Many Requests for url: https://api.kaggle.com/v1/competitions.CompetitionApiService/DownloadDataFile

  FAIL train_label_masks/632bb32084df3f4c50164c2c684d34ab_mask.tiff: 429 Client Error: Too Many Requests for url: https://api.kaggle.com/v1/competitions.CompetitionApiService/DownloadDataFile

  FAIL train_label_masks/633389c0591bdabc6cfd4b0d4fc245e4_mask.tiff: 429 Client Error: Too Many Requests for url: https://api.kaggle.com/v1/competitions.CompetitionApiService/DownloadDataFile

  FAIL train_label_masks/63405137826f43487be86096f7191a76_mask.tiff: 429 Client Error: Too Many Requests for url: https://api.kaggle.com/v1/competitions.CompetitionApiService/DownloadDataFile

  FAIL train_label_masks/63640094b0365a514d60fc15e94de729_mask.tiff: 429 Client Error: Too Many Requests for url: https://api.kaggle.com/v1/competitions.CompetitionApiService/DownloadDataFile

  FAIL train_label_masks/636430b4495809e379c2623c22f95d59_mask.tiff: 429 Client Error: Too Many Requests for url: https://api.kaggle.com/v1/competitions.CompetitionApiService/DownloadDataFile

  FAIL train_label_masks/637209e621c8714a1f636e38542efe91_mask.tiff: 429 Client Error: Too Many Requests for url: https://api.kaggle.com/v1/competitions.CompetitionApiService/DownloadDataFile

  FAIL train_label_masks/6372e988e276e2b77a2ce257ed1b21aa_mask.tiff: 429 Client Error: Too Many Requests for url: https://api.kaggle.com/v1/competitions.CompetitionApiService/DownloadDataFile

  FAIL train_label_masks/637816ad02733d3306ae64bd0d2b6bee_mask.tiff: 429 Client Error: Too Many Requests for url: https://api.kaggle.com/v1/competitions.CompetitionApiService/DownloadDataFile

  FAIL train_label_masks/637bca124ad0ca9466e48b63b898bccd_mask.tiff: 429 Client Error: Too Many Requests for url: https://api.kaggle.com/v1/competitions.CompetitionApiService/DownloadDataFile

  FAIL train_label_masks/6392947d42a28861f68363b1f2e536e5_mask.tiff: 429 Client Error: Too Many Requests for url: https://api.kaggle.com/v1/competitions.CompetitionApiService/DownloadDataFile

  FAIL train_label_masks/63943deba402196b1f80f92b23881ddc_mask.tiff: 429 Client Error: Too Many Requests for url: https://api.kaggle.com/v1/competitions.CompetitionApiService/DownloadDataFile

  FAIL train_label_masks/63a41234a703cd382686631e0dde6986_mask.tiff: 429 Client Error: Too Many Requests for url: https://api.kaggle.com/v1/competitions.CompetitionApiService/DownloadDataFile

  FAIL train_label_masks/63b703a3294579f3e31f1a7afcf3ce20_mask.tiff: 429 Client Error: Too Many Requests for url: https://api.kaggle.com/v1/competitions.CompetitionApiService/DownloadDataFile

  FAIL train_label_masks/63b975bcb48f646d7d48bcb0d5e16b98_mask.tiff: 429 Client Error: Too Many Requests for url: https://api.kaggle.com/v1/competitions.CompetitionApiService/DownloadDataFile

  FAIL train_label_masks/63d658e884c126ee082316a9b764cc0e_mask.tiff: 429 Client Error: Too Many Requests for url: https://api.kaggle.com/v1/competitions.CompetitionApiService/DownloadDataFile

  FAIL train_label_masks/63e3797b14a1c9dbedcaa4c5be4b9924_mask.tiff: 429 Client Error: Too Many Requests for url: https://api.kaggle.com/v1/competitions.CompetitionApiService/DownloadDataFile

  FAIL train_label_masks/63e602ffc3e1fc9e5f05e13a74999f02_mask.tiff: 429 Client Error: Too Many Requests for url: https://api.kaggle.com/v1/competitions.CompetitionApiService/DownloadDataFile

  FAIL train_label_masks/63e71c21ffc027a4b9f256840072e28f_mask.tiff: 429 Client Error: Too Many Requests for url: https://api.kaggle.com/v1/competitions.CompetitionApiService/DownloadDataFile

  FAIL train_label_masks/63ec04bc1c32dd36fc1bfa2846a0c98f_mask.tiff: 429 Client Error: Too Many Requests for url: https://api.kaggle.com/v1/competitions.CompetitionApiService/DownloadDataFile

  FAIL train_label_masks/63f857539684850528531dc73ded627e_mask.tiff: 429 Client Error: Too Many Requests for url: https://api.kaggle.com/v1/competitions.CompetitionApiService/DownloadDataFile

  FAIL train_label_masks/63f8656a7b3d99b56154a4098568b894_mask.tiff: 429 Client Error: Too Many Requests for url: https://api.kaggle.com/v1/competitions.CompetitionApiService/DownloadDataFile

  FAIL train_label_masks/6426935440acd920bae26da8165ca680_mask.tiff: 429 Client Error: Too Many Requests for url: https://api.kaggle.com/v1/competitions.CompetitionApiService/DownloadDataFile

  FAIL train_label_masks/644009d197e73a26659353807e116e84_mask.tiff: 429 Client Error: Too Many Requests for url: https://api.kaggle.com/v1/competitions.CompetitionApiService/DownloadDataFile

  FAIL train_label_masks/64463f7b842c077b705e42f2dec8aec5_mask.tiff: 429 Client Error: Too Many Requests for url: https://api.kaggle.com/v1/competitions.CompetitionApiService/DownloadDataFile

  FAIL train_label_masks/6447c06bb4e5d34646a8e0c97c10b588_mask.tiff: 429 Client Error: Too Many Requests for url: https://api.kaggle.com/v1/competitions.CompetitionApiService/DownloadDataFile

  FAIL train_label_masks/64486f84f721d5873cc034802f8c31bc_mask.tiff: 429 Client Error: Too Many Requests for url: https://api.kaggle.com/v1/competitions.CompetitionApiService/DownloadDataFile

  FAIL train_label_masks/644bfd69ca745dd7e1884a4f4c2fc408_mask.tiff: 429 Client Error: Too Many Requests for url: https://api.kaggle.com/v1/competitions.CompetitionApiService/DownloadDataFile

  FAIL train_label_masks/644c556ebc3fc0c4345e328f8523308c_mask.tiff: 429 Client Error: Too Many Requests for url: https://api.kaggle.com/v1/competitions.CompetitionApiService/DownloadDataFile

  FAIL train_label_masks/6453e55d3511f7cacb8075f5bb82fd97_mask.tiff: 429 Client Error: Too Many Requests for url: https://api.kaggle.com/v1/competitions.CompetitionApiService/DownloadDataFile

  FAIL train_label_masks/64649896d23df686ff9bb201501a40e3_mask.tiff: 429 Client Error: Too Many Requests for url: https://api.kaggle.com/v1/competitions.CompetitionApiService/DownloadDataFile

  FAIL train_label_masks/6465a5ab1539fe69d2392408606dfade_mask.tiff: 429 Client Error: Too Many Requests for url: https://api.kaggle.com/v1/competitions.CompetitionApiService/DownloadDataFile

  FAIL train_label_masks/6468063d0445cf082716fa830a507de2_mask.tiff: 429 Client Error: Too Many Requests for url: https://api.kaggle.com/v1/competitions.CompetitionApiService/DownloadDataFile

  FAIL train_label_masks/647d3abfe758692da202e00ba263b41d_mask.tiff: 429 Client Error: Too Many Requests for url: https://api.kaggle.com/v1/competitions.CompetitionApiService/DownloadDataFile

  FAIL train_label_masks/647f4dabc53f943acbffbde9db87e35e_mask.tiff: 429 Client Error: Too Many Requests for url: https://api.kaggle.com/v1/competitions.CompetitionApiService/DownloadDataFile

  FAIL train_label_masks/64836a799f01a425ff277deed36210cf_mask.tiff: 429 Client Error: Too Many Requests for url: https://api.kaggle.com/v1/competitions.CompetitionApiService/DownloadDataFile

  FAIL train_label_masks/64954ebb400f1081a5710905ce114a2c_mask.tiff: 429 Client Error: Too Many Requests for url: https://api.kaggle.com/v1/competitions.CompetitionApiService/DownloadDataFile

  FAIL train_label_masks/64a33315a1c5d2f6aa9f04a9c2ff4650_mask.tiff: 429 Client Error: Too Many Requests for url: https://api.kaggle.com/v1/competitions.CompetitionApiService/DownloadDataFile

  FAIL train_label_masks/64bad048716c6feb71b7e86d4de897ef_mask.tiff: 429 Client Error: Too Many Requests for url: https://api.kaggle.com/v1/competitions.CompetitionApiService/DownloadDataFile

  FAIL train_label_masks/64c46cb52749df98dafa527d439fa606_mask.tiff: 429 Client Error: Too Many Requests for url: https://api.kaggle.com/v1/competitions.CompetitionApiService/DownloadDataFile

  FAIL train_label_masks/64c7193405afef922cfda4c959bfd28f_mask.tiff: 429 Client Error: Too Many Requests for url: https://api.kaggle.com/v1/competitions.CompetitionApiService/DownloadDataFile

  FAIL train_label_masks/64d853ef2f8fd85e3a9b09d3791780e7_mask.tiff: 429 Client Error: Too Many Requests for url: https://api.kaggle.com/v1/competitions.CompetitionApiService/DownloadDataFile

  FAIL train_label_masks/64d89f6270efae268f99717bfbf288e8_mask.tiff: 429 Client Error: Too Many Requests for url: https://api.kaggle.com/v1/competitions.CompetitionApiService/DownloadDataFile

  FAIL train_label_masks/64da3d4f81810f32e01269233955515e_mask.tiff: 429 Client Error: Too Many Requests for url: https://api.kaggle.com/v1/competitions.CompetitionApiService/DownloadDataFile

  FAIL train_label_masks/64e742d9850512f85145eeca0811dc0e_mask.tiff: 429 Client Error: Too Many Requests for url: https://api.kaggle.com/v1/competitions.CompetitionApiService/DownloadDataFile

  FAIL train_label_masks/64e7f3ba0ab29790d1ad571eed45f655_mask.tiff: 429 Client Error: Too Many Requests for url: https://api.kaggle.com/v1/competitions.CompetitionApiService/DownloadDataFile

  FAIL train_label_masks/64f90b30989176a0f3534d184d69e964_mask.tiff: 429 Client Error: Too Many Requests for url: https://api.kaggle.com/v1/competitions.CompetitionApiService/DownloadDataFile

  FAIL train_label_masks/64fb4585a1a2f2ec2cdfe6e0e831dddf_mask.tiff: 429 Client Error: Too Many Requests for url: https://api.kaggle.com/v1/competitions.CompetitionApiService/DownloadDataFile

  FAIL train_label_masks/65002e22794ec60c9b98df5a6a75b609_mask.tiff: 429 Client Error: Too Many Requests for url: https://api.kaggle.com/v1/competitions.CompetitionApiService/DownloadDataFile

  FAIL train_label_masks/650dabf1b46d9fd75380b11c772e6bf6_mask.tiff: 429 Client Error: Too Many Requests for url: https://api.kaggle.com/v1/competitions.CompetitionApiService/DownloadDataFile

  FAIL train_label_masks/651871fee7a4c9e53028c99294709f41_mask.tiff: 429 Client Error: Too Many Requests for url: https://api.kaggle.com/v1/competitions.CompetitionApiService/DownloadDataFile

  FAIL train_label_masks/6523c91279b338c2527c4fb6c80ab542_mask.tiff: 429 Client Error: Too Many Requests for url: https://api.kaggle.com/v1/competitions.CompetitionApiService/DownloadDataFile

  FAIL train_label_masks/6549ae500a4a645d44efb7a611c5ab21_mask.tiff: 429 Client Error: Too Many Requests for url: https://api.kaggle.com/v1/competitions.CompetitionApiService/DownloadDataFile

  FAIL train_label_masks/658be675223ffa5509203009eb7bba89_mask.tiff: 429 Client Error: Too Many Requests for url: https://api.kaggle.com/v1/competitions.CompetitionApiService/DownloadDataFile

  FAIL train_label_masks/659605aeb955654bfd576bea20447b06_mask.tiff: 429 Client Error: Too Many Requests for url: https://api.kaggle.com/v1/competitions.CompetitionApiService/DownloadDataFile

  FAIL train_label_masks/65a653ff2eae408f815ffce6898173ca_mask.tiff: 429 Client Error: Too Many Requests for url: https://api.kaggle.com/v1/competitions.CompetitionApiService/DownloadDataFile

  FAIL train_label_masks/65ac6785f8184368e0a4a2e031b048d4_mask.tiff: 429 Client Error: Too Many Requests for url: https://api.kaggle.com/v1/competitions.CompetitionApiService/DownloadDataFile

  FAIL train_label_masks/65b59d73dd788168afab76694d39529c_mask.tiff: 429 Client Error: Too Many Requests for url: https://api.kaggle.com/v1/competitions.CompetitionApiService/DownloadDataFile

  FAIL train_label_masks/65bcc0e4ef30b49600530a2c5c5e8d14_mask.tiff: 429 Client Error: Too Many Requests for url: https://api.kaggle.com/v1/competitions.CompetitionApiService/DownloadDataFile

  FAIL train_label_masks/65bed78cb62fb1647b84775d6e98c553_mask.tiff: 429 Client Error: Too Many Requests for url: https://api.kaggle.com/v1/competitions.CompetitionApiService/DownloadDataFile

  FAIL train_label_masks/65bf2cc6f9ed1eed86b8e7a908efe834_mask.tiff: 429 Client Error: Too Many Requests for url: https://api.kaggle.com/v1/competitions.CompetitionApiService/DownloadDataFile

  FAIL train_label_masks/65cf80cfe609bc8c8a5268c72dcbacd4_mask.tiff: 429 Client Error: Too Many Requests for url: https://api.kaggle.com/v1/competitions.CompetitionApiService/DownloadDataFile

  FAIL train_label_masks/65eeb8a6bb20edfef24a0a9760336819_mask.tiff: 429 Client Error: Too Many Requests for url: https://api.kaggle.com/v1/competitions.CompetitionApiService/DownloadDataFile

  FAIL train_label_masks/65f6854bc7b6c9e360645a242afaff3d_mask.tiff: 429 Client Error: Too Many Requests for url: https://api.kaggle.com/v1/competitions.CompetitionApiService/DownloadDataFile

  FAIL train_label_masks/65fc1018a8862bdbe4d8a063c3130a0e_mask.tiff: 429 Client Error: Too Many Requests for url: https://api.kaggle.com/v1/competitions.CompetitionApiService/DownloadDataFile

  FAIL train_label_masks/660731988fc83bd94ff232ce81367420_mask.tiff: 429 Client Error: Too Many Requests for url: https://api.kaggle.com/v1/competitions.CompetitionApiService/DownloadDataFile

  FAIL train_label_masks/6610773ae6ab13f5fca25de96945cc4c_mask.tiff: 429 Client Error: Too Many Requests for url: https://api.kaggle.com/v1/competitions.CompetitionApiService/DownloadDataFile

  FAIL train_label_masks/66197db203b87630238f7199434cccba_mask.tiff: 429 Client Error: Too Many Requests for url: https://api.kaggle.com/v1/competitions.CompetitionApiService/DownloadDataFile

  FAIL train_label_masks/664e570c2dc978f6711795f6a8c9bc6c_mask.tiff: 429 Client Error: Too Many Requests for url: https://api.kaggle.com/v1/competitions.CompetitionApiService/DownloadDataFile

  FAIL train_label_masks/6651573b179734d9205f592604191b67_mask.tiff: 429 Client Error: Too Many Requests for url: https://api.kaggle.com/v1/competitions.CompetitionApiService/DownloadDataFile

  FAIL train_label_masks/66557aa92abab5f0eaa6a7c03d17bff1_mask.tiff: 429 Client Error: Too Many Requests for url: https://api.kaggle.com/v1/competitions.CompetitionApiService/DownloadDataFile

  FAIL train_label_masks/665fcad8a2159796d111633809f6d0b3_mask.tiff: 429 Client Error: Too Many Requests for url: https://api.kaggle.com/v1/competitions.CompetitionApiService/DownloadDataFile

  FAIL train_label_masks/665fd2746696d225966ae4f714203914_mask.tiff: 429 Client Error: Too Many Requests for url: https://api.kaggle.com/v1/competitions.CompetitionApiService/DownloadDataFile

  FAIL train_label_masks/66617150a489dc0628762098b0fd8e99_mask.tiff: 429 Client Error: Too Many Requests for url: https://api.kaggle.com/v1/competitions.CompetitionApiService/DownloadDataFile

  FAIL train_label_masks/6680a6ff460fc841b3898bc55926a3dd_mask.tiff: 429 Client Error: Too Many Requests for url: https://api.kaggle.com/v1/competitions.CompetitionApiService/DownloadDataFile

  FAIL train_label_masks/668c4850b2f821babc8ff8c7e877b9b2_mask.tiff: 429 Client Error: Too Many Requests for url: https://api.kaggle.com/v1/competitions.CompetitionApiService/DownloadDataFile

  FAIL train_label_masks/66ac9acd0174425c2ad47448fc55ca45_mask.tiff: 429 Client Error: Too Many Requests for url: https://api.kaggle.com/v1/competitions.CompetitionApiService/DownloadDataFile

  FAIL train_label_masks/66bf5fa7e14d885f38e3dc61a64f41ab_mask.tiff: 429 Client Error: Too Many Requests for url: https://api.kaggle.com/v1/competitions.CompetitionApiService/DownloadDataFile

  FAIL train_label_masks/66c2c9894033a7e09a33548f4e51c2be_mask.tiff: 429 Client Error: Too Many Requests for url: https://api.kaggle.com/v1/competitions.CompetitionApiService/DownloadDataFile

  FAIL train_label_masks/66c3f1134c199363086f278ec30c3e7a_mask.tiff: 429 Client Error: Too Many Requests for url: https://api.kaggle.com/v1/competitions.CompetitionApiService/DownloadDataFile

  FAIL train_label_masks/66cad79a848b2b9476a2517a80314327_mask.tiff: 429 Client Error: Too Many Requests for url: https://api.kaggle.com/v1/competitions.CompetitionApiService/DownloadDataFile

  FAIL train_label_masks/66dc57a3320d9abd25eaf8b74c07c7bb_mask.tiff: 429 Client Error: Too Many Requests for url: https://api.kaggle.com/v1/competitions.CompetitionApiService/DownloadDataFile

  FAIL train_label_masks/66ed3b7961aea86a4a44a6798884b6bc_mask.tiff: 429 Client Error: Too Many Requests for url: https://api.kaggle.com/v1/competitions.CompetitionApiService/DownloadDataFile

  FAIL train_label_masks/66f04788a17915feba394290384e13a4_mask.tiff: 429 Client Error: Too Many Requests for url: https://api.kaggle.com/v1/competitions.CompetitionApiService/DownloadDataFile

  FAIL train_label_masks/66f5cc9041b6485114cf9555c31e908d_mask.tiff: 429 Client Error: Too Many Requests for url: https://api.kaggle.com/v1/competitions.CompetitionApiService/DownloadDataFile

  FAIL train_label_masks/66fab9d13c7a0f1e81b77887bb8a535a_mask.tiff: 429 Client Error: Too Many Requests for url: https://api.kaggle.com/v1/competitions.CompetitionApiService/DownloadDataFile

  FAIL train_label_masks/66fb8b64a9acb2fbf59d4f002db34bf8_mask.tiff: 429 Client Error: Too Many Requests for url: https://api.kaggle.com/v1/competitions.CompetitionApiService/DownloadDataFile

  FAIL train_label_masks/67221cc31ec6ad9e106de548f7aa5823_mask.tiff: 429 Client Error: Too Many Requests for url: https://api.kaggle.com/v1/competitions.CompetitionApiService/DownloadDataFile

  FAIL train_label_masks/673035951194fa335f11d0bb408449de_mask.tiff: 429 Client Error: Too Many Requests for url: https://api.kaggle.com/v1/competitions.CompetitionApiService/DownloadDataFile

  FAIL train_label_masks/67319450f16093d1be341212bc57c86f_mask.tiff: 429 Client Error: Too Many Requests for url: https://api.kaggle.com/v1/competitions.CompetitionApiService/DownloadDataFile

  FAIL train_label_masks/6731d5ddd7e968439e757ac850feb2ad_mask.tiff: 429 Client Error: Too Many Requests for url: https://api.kaggle.com/v1/competitions.CompetitionApiService/DownloadDataFile

  FAIL train_label_masks/673449b5e46a844b12b1599781684591_mask.tiff: 429 Client Error: Too Many Requests for url: https://api.kaggle.com/v1/competitions.CompetitionApiService/DownloadDataFile

  FAIL train_label_masks/673fea26c4fa022353f635b89d6fd4b2_mask.tiff: 429 Client Error: Too Many Requests for url: https://api.kaggle.com/v1/competitions.CompetitionApiService/DownloadDataFile

  FAIL train_label_masks/6742b677fba068f36457e397969997a6_mask.tiff: 429 Client Error: Too Many Requests for url: https://api.kaggle.com/v1/competitions.CompetitionApiService/DownloadDataFile

  FAIL train_label_masks/6748bc59dcdccfef45a9f45c1dac18a1_mask.tiff: 429 Client Error: Too Many Requests for url: https://api.kaggle.com/v1/competitions.CompetitionApiService/DownloadDataFile

  FAIL train_label_masks/67560153b5cec1288c56658e789b31e9_mask.tiff: 429 Client Error: Too Many Requests for url: https://api.kaggle.com/v1/competitions.CompetitionApiService/DownloadDataFile

  FAIL train_label_masks/6760ab28d1d6c11409a0e285bd82fa78_mask.tiff: 429 Client Error: Too Many Requests for url: https://api.kaggle.com/v1/competitions.CompetitionApiService/DownloadDataFile

  FAIL train_label_masks/677998d30fbf0b08e100dc31f2fcc0ee_mask.tiff: 429 Client Error: Too Many Requests for url: https://api.kaggle.com/v1/competitions.CompetitionApiService/DownloadDataFile

  FAIL train_label_masks/677df124099dae6692b714e62ca24c05_mask.tiff: 429 Client Error: Too Many Requests for url: https://api.kaggle.com/v1/competitions.CompetitionApiService/DownloadDataFile

  FAIL train_label_masks/678662d4740c7fff8751b9c57bbf25a0_mask.tiff: 429 Client Error: Too Many Requests for url: https://api.kaggle.com/v1/competitions.CompetitionApiService/DownloadDataFile

  FAIL train_label_masks/67bc9a23a87b07457464561b22515733_mask.tiff: 429 Client Error: Too Many Requests for url: https://api.kaggle.com/v1/competitions.CompetitionApiService/DownloadDataFile

  FAIL train_label_masks/67e16e12cd58ddb642e5e2412b5807dc_mask.tiff: 429 Client Error: Too Many Requests for url: https://api.kaggle.com/v1/competitions.CompetitionApiService/DownloadDataFile

  FAIL train_label_masks/67e80d7930675251b17a42baf5920293_mask.tiff: 429 Client Error: Too Many Requests for url: https://api.kaggle.com/v1/competitions.CompetitionApiService/DownloadDataFile

  FAIL train_label_masks/67e855cca15a9930d065bf9f14241b41_mask.tiff: 429 Client Error: Too Many Requests for url: https://api.kaggle.com/v1/competitions.CompetitionApiService/DownloadDataFile

  FAIL train_label_masks/67fa39eefb55953ca818c7c46d3a8369_mask.tiff: 429 Client Error: Too Many Requests for url: https://api.kaggle.com/v1/competitions.CompetitionApiService/DownloadDataFile

  FAIL train_label_masks/6811459c1bf02a325e7b475a97abbdb5_mask.tiff: 429 Client Error: Too Many Requests for url: https://api.kaggle.com/v1/competitions.CompetitionApiService/DownloadDataFile

  FAIL train_label_masks/684007dfab2690881f18447158417ead_mask.tiff: 429 Client Error: Too Many Requests for url: https://api.kaggle.com/v1/competitions.CompetitionApiService/DownloadDataFile

  FAIL train_label_masks/6844032932a3939565e936a523174b6d_mask.tiff: 429 Client Error: Too Many Requests for url: https://api.kaggle.com/v1/competitions.CompetitionApiService/DownloadDataFile

  FAIL train_label_masks/6852a90de22d33d9a04d831ba37395a3_mask.tiff: 429 Client Error: Too Many Requests for url: https://api.kaggle.com/v1/competitions.CompetitionApiService/DownloadDataFile

  FAIL train_label_masks/685746f405341f7cdd4fcfef07b41bda_mask.tiff: 429 Client Error: Too Many Requests for url: https://api.kaggle.com/v1/competitions.CompetitionApiService/DownloadDataFile

  FAIL train_label_masks/685903725349cde80b2be656ab872194_mask.tiff: 429 Client Error: Too Many Requests for url: https://api.kaggle.com/v1/competitions.CompetitionApiService/DownloadDataFile

  FAIL train_label_masks/6875cac943f84443b8e7c2a44ee809f2_mask.tiff: 429 Client Error: Too Many Requests for url: https://api.kaggle.com/v1/competitions.CompetitionApiService/DownloadDataFile

  FAIL train_label_masks/687caedb62d68fd4692af68d695efc1c_mask.tiff: 429 Client Error: Too Many Requests for url: https://api.kaggle.com/v1/competitions.CompetitionApiService/DownloadDataFile

  FAIL train_label_masks/687d89772580c411d434b346e1e6c505_mask.tiff: 429 Client Error: Too Many Requests for url: https://api.kaggle.com/v1/competitions.CompetitionApiService/DownloadDataFile

  FAIL train_label_masks/68825cc3e6cac82167c6c7ccee576b2b_mask.tiff: 429 Client Error: Too Many Requests for url: https://api.kaggle.com/v1/competitions.CompetitionApiService/DownloadDataFile

  FAIL train_label_masks/6890c90884c340a88a661384550e6339_mask.tiff: 429 Client Error: Too Many Requests for url: https://api.kaggle.com/v1/competitions.CompetitionApiService/DownloadDataFile

  FAIL train_label_masks/689100903a58c5d137f281c058b85856_mask.tiff: 429 Client Error: Too Many Requests for url: https://api.kaggle.com/v1/competitions.CompetitionApiService/DownloadDataFile

  FAIL train_label_masks/68a362123aff27d79dbc5284a948030c_mask.tiff: 429 Client Error: Too Many Requests for url: https://api.kaggle.com/v1/competitions.CompetitionApiService/DownloadDataFile

  FAIL train_label_masks/68a68e1d6735eed0b0aec0022e5da010_mask.tiff: 429 Client Error: Too Many Requests for url: https://api.kaggle.com/v1/competitions.CompetitionApiService/DownloadDataFile

  FAIL train_label_masks/68d28aa1831633cd996a227062f03bee_mask.tiff: 429 Client Error: Too Many Requests for url: https://api.kaggle.com/v1/competitions.CompetitionApiService/DownloadDataFile

  FAIL train_label_masks/68d72c5e4c104168c1a12ef520fbed6c_mask.tiff: 429 Client Error: Too Many Requests for url: https://api.kaggle.com/v1/competitions.CompetitionApiService/DownloadDataFile

  FAIL train_label_masks/68e3ae430a2afe28f0f09ba08891145c_mask.tiff: 429 Client Error: Too Many Requests for url: https://api.kaggle.com/v1/competitions.CompetitionApiService/DownloadDataFile

  FAIL train_label_masks/68e6f2bbdbb308624ed004484a1da2b8_mask.tiff: 429 Client Error: Too Many Requests for url: https://api.kaggle.com/v1/competitions.CompetitionApiService/DownloadDataFile

  FAIL train_label_masks/68ef1f45254c298cac176cabb6c0fe58_mask.tiff: 429 Client Error: Too Many Requests for url: https://api.kaggle.com/v1/competitions.CompetitionApiService/DownloadDataFile

  FAIL train_label_masks/68f5d0cf51594a0eea7f8d19447d4d61_mask.tiff: 429 Client Error: Too Many Requests for url: https://api.kaggle.com/v1/competitions.CompetitionApiService/DownloadDataFile

  FAIL train_label_masks/6905286a3f8f3d33dfa27a738f2b7f67_mask.tiff: 429 Client Error: Too Many Requests for url: https://api.kaggle.com/v1/competitions.CompetitionApiService/DownloadDataFile

  FAIL train_label_masks/69187b17ca2488b677f9a79e44654277_mask.tiff: 429 Client Error: Too Many Requests for url: https://api.kaggle.com/v1/competitions.CompetitionApiService/DownloadDataFile

  FAIL train_label_masks/691a9e62ce9f6633c08462c398f7e140_mask.tiff: 429 Client Error: Too Many Requests for url: https://api.kaggle.com/v1/competitions.CompetitionApiService/DownloadDataFile

  FAIL train_label_masks/691ff411542b91ee34c47726a5665c47_mask.tiff: 429 Client Error: Too Many Requests for url: https://api.kaggle.com/v1/competitions.CompetitionApiService/DownloadDataFile

  FAIL train_label_masks/69240805aeb7c006dffd474b1253139f_mask.tiff: 429 Client Error: Too Many Requests for url: https://api.kaggle.com/v1/competitions.CompetitionApiService/DownloadDataFile

  FAIL train_label_masks/6944574816971eda40c20e1e05ad501d_mask.tiff: 429 Client Error: Too Many Requests for url: https://api.kaggle.com/v1/competitions.CompetitionApiService/DownloadDataFile

  FAIL train_label_masks/695603da155d297ae307ae2d52abfba4_mask.tiff: 429 Client Error: Too Many Requests for url: https://api.kaggle.com/v1/competitions.CompetitionApiService/DownloadDataFile

  FAIL train_label_masks/6966c2b9fa1ae59141ab221b32d878cf_mask.tiff: 429 Client Error: Too Many Requests for url: https://api.kaggle.com/v1/competitions.CompetitionApiService/DownloadDataFile

  FAIL train_label_masks/696e3791b5590f7fe3c22fbe1ee369b4_mask.tiff: 429 Client Error: Too Many Requests for url: https://api.kaggle.com/v1/competitions.CompetitionApiService/DownloadDataFile

  FAIL train_label_masks/6976004fb0e04f4435b0e1e127032881_mask.tiff: 429 Client Error: Too Many Requests for url: https://api.kaggle.com/v1/competitions.CompetitionApiService/DownloadDataFile

  FAIL train_label_masks/6979ba75d53caea50d85c1df133f5009_mask.tiff: 429 Client Error: Too Many Requests for url: https://api.kaggle.com/v1/competitions.CompetitionApiService/DownloadDataFile

  FAIL train_label_masks/69a64d49e142407d3512c068889c0490_mask.tiff: 429 Client Error: Too Many Requests for url: https://api.kaggle.com/v1/competitions.CompetitionApiService/DownloadDataFile

  FAIL train_label_masks/69a68245b813fb5a105dff02d32c6143_mask.tiff: 429 Client Error: Too Many Requests for url: https://api.kaggle.com/v1/competitions.CompetitionApiService/DownloadDataFile

  FAIL train_label_masks/69ab9dae3fcb1bcb79683b95e4836252_mask.tiff: 429 Client Error: Too Many Requests for url: https://api.kaggle.com/v1/competitions.CompetitionApiService/DownloadDataFile

  FAIL train_label_masks/69d0aae1adb4068191d4b119e45bfddc_mask.tiff: 429 Client Error: Too Many Requests for url: https://api.kaggle.com/v1/competitions.CompetitionApiService/DownloadDataFile

  FAIL train_label_masks/69d6fdc8e8bed1323f7dd9055aeb0e6b_mask.tiff: 429 Client Error: Too Many Requests for url: https://api.kaggle.com/v1/competitions.CompetitionApiService/DownloadDataFile

  FAIL train_label_masks/69da9f886fc4413167b8b144da775269_mask.tiff: 429 Client Error: Too Many Requests for url: https://api.kaggle.com/v1/competitions.CompetitionApiService/DownloadDataFile

  FAIL train_label_masks/69e1d84705d16c89fb361da179c7303e_mask.tiff: 429 Client Error: Too Many Requests for url: https://api.kaggle.com/v1/competitions.CompetitionApiService/DownloadDataFile

  FAIL train_label_masks/69e6550df1d1713b0bde6c627c42deab_mask.tiff: 429 Client Error: Too Many Requests for url: https://api.kaggle.com/v1/competitions.CompetitionApiService/DownloadDataFile

  FAIL train_label_masks/69ec87fc8b561ab7d3ba7b86b10e2356_mask.tiff: 429 Client Error: Too Many Requests for url: https://api.kaggle.com/v1/competitions.CompetitionApiService/DownloadDataFile

  FAIL train_label_masks/69f0dfb6f42c910861aa0bbb23a12639_mask.tiff: 429 Client Error: Too Many Requests for url: https://api.kaggle.com/v1/competitions.CompetitionApiService/DownloadDataFile

  FAIL train_label_masks/69f32b20f51e4166809a29e594764865_mask.tiff: 429 Client Error: Too Many Requests for url: https://api.kaggle.com/v1/competitions.CompetitionApiService/DownloadDataFile

  FAIL train_label_masks/6a10c173386248ef4f11ce0cedc0622e_mask.tiff: 429 Client Error: Too Many Requests for url: https://api.kaggle.com/v1/competitions.CompetitionApiService/DownloadDataFile

  FAIL train_label_masks/6a1d806e8de5224e3134a345e2ee8f74_mask.tiff: 429 Client Error: Too Many Requests for url: https://api.kaggle.com/v1/competitions.CompetitionApiService/DownloadDataFile

  FAIL train_label_masks/6a1dcc77903fd69eda1aa8a631630e0d_mask.tiff: 429 Client Error: Too Many Requests for url: https://api.kaggle.com/v1/competitions.CompetitionApiService/DownloadDataFile

  FAIL train_label_masks/6a2889f097b3501ebc0343427e9e0c3e_mask.tiff: 429 Client Error: Too Many Requests for url: https://api.kaggle.com/v1/competitions.CompetitionApiService/DownloadDataFile

  FAIL train_label_masks/6a363e70baf98838b0093f9ae93052fd_mask.tiff: 429 Client Error: Too Many Requests for url: https://api.kaggle.com/v1/competitions.CompetitionApiService/DownloadDataFile

  FAIL train_label_masks/6a43f7e8b37e4f8a63ba3f178ef78016_mask.tiff: 429 Client Error: Too Many Requests for url: https://api.kaggle.com/v1/competitions.CompetitionApiService/DownloadDataFile

  FAIL train_label_masks/6a452b5662c18fdefc5dd4c8669eb781_mask.tiff: 429 Client Error: Too Many Requests for url: https://api.kaggle.com/v1/competitions.CompetitionApiService/DownloadDataFile

  FAIL train_label_masks/6a4705f723c23536d58a72341e0eac1f_mask.tiff: 429 Client Error: Too Many Requests for url: https://api.kaggle.com/v1/competitions.CompetitionApiService/DownloadDataFile

  FAIL train_label_masks/6a5cc0b66b8d4af9c13f1303c6de5ffb_mask.tiff: 429 Client Error: Too Many Requests for url: https://api.kaggle.com/v1/competitions.CompetitionApiService/DownloadDataFile

  FAIL train_label_masks/6a8bc78952e550d8374655274bf3e0fc_mask.tiff: 429 Client Error: Too Many Requests for url: https://api.kaggle.com/v1/competitions.CompetitionApiService/DownloadDataFile

  FAIL train_label_masks/6a8d4ffb2841130c1817f5650b52d4cd_mask.tiff: 429 Client Error: Too Many Requests for url: https://api.kaggle.com/v1/competitions.CompetitionApiService/DownloadDataFile

  FAIL train_label_masks/6aa05e4c2cd649f22d309c40540b4230_mask.tiff: 429 Client Error: Too Many Requests for url: https://api.kaggle.com/v1/competitions.CompetitionApiService/DownloadDataFile

  FAIL train_label_masks/6ab7bc76941454c4ec71eb754f066f30_mask.tiff: 429 Client Error: Too Many Requests for url: https://api.kaggle.com/v1/competitions.CompetitionApiService/DownloadDataFile

  FAIL train_label_masks/6ac0b26f19900930a2ec02c9f5187b53_mask.tiff: 429 Client Error: Too Many Requests for url: https://api.kaggle.com/v1/competitions.CompetitionApiService/DownloadDataFile

  FAIL train_label_masks/6ac47ff65ded3ec22e05cf158462c9f2_mask.tiff: 429 Client Error: Too Many Requests for url: https://api.kaggle.com/v1/competitions.CompetitionApiService/DownloadDataFile

  FAIL train_label_masks/6ac9e66e78a3eb76259395c7b3ed8dac_mask.tiff: 429 Client Error: Too Many Requests for url: https://api.kaggle.com/v1/competitions.CompetitionApiService/DownloadDataFile

  FAIL train_label_masks/6ad47e443a0aa5454dd965a108d38c32_mask.tiff: 429 Client Error: Too Many Requests for url: https://api.kaggle.com/v1/competitions.CompetitionApiService/DownloadDataFile

  FAIL train_label_masks/6ad5640ca76614728d3b699a703ef3c8_mask.tiff: 429 Client Error: Too Many Requests for url: https://api.kaggle.com/v1/competitions.CompetitionApiService/DownloadDataFile

  FAIL train_label_masks/6ad78c89d6b8feadad6d3ad85c743e32_mask.tiff: 429 Client Error: Too Many Requests for url: https://api.kaggle.com/v1/competitions.CompetitionApiService/DownloadDataFile

  FAIL train_label_masks/6ae06c0101d0cfa56d4ca5c6aaa7750b_mask.tiff: 429 Client Error: Too Many Requests for url: https://api.kaggle.com/v1/competitions.CompetitionApiService/DownloadDataFile

  FAIL train_label_masks/6ae973c0f3341e2eb19e08dfe4ee42fc_mask.tiff: 429 Client Error: Too Many Requests for url: https://api.kaggle.com/v1/competitions.CompetitionApiService/DownloadDataFile

  FAIL train_label_masks/6aea011ff6ec9fe22091bb4cc83fe56c_mask.tiff: 429 Client Error: Too Many Requests for url: https://api.kaggle.com/v1/competitions.CompetitionApiService/DownloadDataFile

  FAIL train_label_masks/6aff87e11871f4ce9682eec497239c71_mask.tiff: 429 Client Error: Too Many Requests for url: https://api.kaggle.com/v1/competitions.CompetitionApiService/DownloadDataFile

  FAIL train_label_masks/6b10e2f8cd5d3add0fd7f2f932e86fa5_mask.tiff: 429 Client Error: Too Many Requests for url: https://api.kaggle.com/v1/competitions.CompetitionApiService/DownloadDataFile

  FAIL train_label_masks/6b1293bfb8877f750a8cf054e4e0a29e_mask.tiff: 429 Client Error: Too Many Requests for url: https://api.kaggle.com/v1/competitions.CompetitionApiService/DownloadDataFile

  FAIL train_label_masks/6b1d4be55542e687bcfdc4d91b4078b5_mask.tiff: 429 Client Error: Too Many Requests for url: https://api.kaggle.com/v1/competitions.CompetitionApiService/DownloadDataFile

  FAIL train_label_masks/6b3066448fce3a65fbe2bda2b8e6b364_mask.tiff: 429 Client Error: Too Many Requests for url: https://api.kaggle.com/v1/competitions.CompetitionApiService/DownloadDataFile

  FAIL train_label_masks/6b356b6a114a7663f2dbe960f217601c_mask.tiff: 429 Client Error: Too Many Requests for url: https://api.kaggle.com/v1/competitions.CompetitionApiService/DownloadDataFile

  FAIL train_label_masks/6b44920a6758d2dc91635ccb975b3bb7_mask.tiff: 429 Client Error: Too Many Requests for url: https://api.kaggle.com/v1/competitions.CompetitionApiService/DownloadDataFile

  FAIL train_label_masks/6b47d60ee262e38e5bf082837c3ca24d_mask.tiff: 429 Client Error: Too Many Requests for url: https://api.kaggle.com/v1/competitions.CompetitionApiService/DownloadDataFile

  FAIL train_label_masks/6b4c77b671e8412d65773f9614816db0_mask.tiff: 429 Client Error: Too Many Requests for url: https://api.kaggle.com/v1/competitions.CompetitionApiService/DownloadDataFile

  FAIL train_label_masks/6b512a45bd8ca759e655c2d551dec2d9_mask.tiff: 429 Client Error: Too Many Requests for url: https://api.kaggle.com/v1/competitions.CompetitionApiService/DownloadDataFile

  FAIL train_label_masks/6b53efd54fcafb28657d482fc492fd61_mask.tiff: 429 Client Error: Too Many Requests for url: https://api.kaggle.com/v1/competitions.CompetitionApiService/DownloadDataFile

  FAIL train_label_masks/6b551001da9ab34a28cf56529df5fad9_mask.tiff: 429 Client Error: Too Many Requests for url: https://api.kaggle.com/v1/competitions.CompetitionApiService/DownloadDataFile

  FAIL train_label_masks/6b5ce8b4c2b7c2655752c4c561059328_mask.tiff: 429 Client Error: Too Many Requests for url: https://api.kaggle.com/v1/competitions.CompetitionApiService/DownloadDataFile

  FAIL train_label_masks/6b69560eba8205a182f996d752402036_mask.tiff: 429 Client Error: Too Many Requests for url: https://api.kaggle.com/v1/competitions.CompetitionApiService/DownloadDataFile

  FAIL train_label_masks/6b84c34486bb12dd87599bf6bb5d7bb1_mask.tiff: 429 Client Error: Too Many Requests for url: https://api.kaggle.com/v1/competitions.CompetitionApiService/DownloadDataFile

  FAIL train_label_masks/6b8b24a489695a356845b7fa1485b599_mask.tiff: 429 Client Error: Too Many Requests for url: https://api.kaggle.com/v1/competitions.CompetitionApiService/DownloadDataFile

  FAIL train_label_masks/6b8bcd9c84523e1151cefad443a137c2_mask.tiff: 429 Client Error: Too Many Requests for url: https://api.kaggle.com/v1/competitions.CompetitionApiService/DownloadDataFile

  FAIL train_label_masks/6b8cf7e2a5e9329b19070013a442cc89_mask.tiff: 429 Client Error: Too Many Requests for url: https://api.kaggle.com/v1/competitions.CompetitionApiService/DownloadDataFile

  FAIL train_label_masks/6b8e655888a58c55a714c15b849a2c71_mask.tiff: 429 Client Error: Too Many Requests for url: https://api.kaggle.com/v1/competitions.CompetitionApiService/DownloadDataFile

  FAIL train_label_masks/6baaf1d0cb562d864baedc5db3acaf11_mask.tiff: 429 Client Error: Too Many Requests for url: https://api.kaggle.com/v1/competitions.CompetitionApiService/DownloadDataFile

  FAIL train_label_masks/6bb4cd81976d643a0fdb67c50636d01c_mask.tiff: 429 Client Error: Too Many Requests for url: https://api.kaggle.com/v1/competitions.CompetitionApiService/DownloadDataFile

  FAIL train_label_masks/6bb5a1ea7cae19a7a11fa7cbd55a7410_mask.tiff: 429 Client Error: Too Many Requests for url: https://api.kaggle.com/v1/competitions.CompetitionApiService/DownloadDataFile

  FAIL train_label_masks/6bcc536d2db29034ac0c8974df500981_mask.tiff: 429 Client Error: Too Many Requests for url: https://api.kaggle.com/v1/competitions.CompetitionApiService/DownloadDataFile

  FAIL train_label_masks/6bd476d515d75746bf716e578c704c3b_mask.tiff: 429 Client Error: Too Many Requests for url: https://api.kaggle.com/v1/competitions.CompetitionApiService/DownloadDataFile

  FAIL train_label_masks/6bdd4158abad8cc5af266f1845eb065d_mask.tiff: 429 Client Error: Too Many Requests for url: https://api.kaggle.com/v1/competitions.CompetitionApiService/DownloadDataFile

  FAIL train_label_masks/6bdf65f6a0afc05e0f9eb9b9bb2a7efd_mask.tiff: 429 Client Error: Too Many Requests for url: https://api.kaggle.com/v1/competitions.CompetitionApiService/DownloadDataFile

  FAIL train_label_masks/6be53a9c6190b5a9240fac9b5b5eef58_mask.tiff: 429 Client Error: Too Many Requests for url: https://api.kaggle.com/v1/competitions.CompetitionApiService/DownloadDataFile

  FAIL train_label_masks/6bfa122b5832ffd442a8123153f5d252_mask.tiff: 429 Client Error: Too Many Requests for url: https://api.kaggle.com/v1/competitions.CompetitionApiService/DownloadDataFile

  FAIL train_label_masks/6c1ff5288e07d67d22055a334df30094_mask.tiff: 429 Client Error: Too Many Requests for url: https://api.kaggle.com/v1/competitions.CompetitionApiService/DownloadDataFile

  FAIL train_label_masks/6c20932e84b65fdc93dcfa63d9fdf1d5_mask.tiff: 429 Client Error: Too Many Requests for url: https://api.kaggle.com/v1/competitions.CompetitionApiService/DownloadDataFile

  FAIL train_label_masks/6c31153c5dffb6276f8adee046a09166_mask.tiff: 429 Client Error: Too Many Requests for url: https://api.kaggle.com/v1/competitions.CompetitionApiService/DownloadDataFile

  FAIL train_label_masks/6c3599d5faf73b34fe8d64fac9368483_mask.tiff: 429 Client Error: Too Many Requests for url: https://api.kaggle.com/v1/competitions.CompetitionApiService/DownloadDataFile

  FAIL train_label_masks/6c42113e5d51c2f864e0bd40fc14b657_mask.tiff: 429 Client Error: Too Many Requests for url: https://api.kaggle.com/v1/competitions.CompetitionApiService/DownloadDataFile

  FAIL train_label_masks/6c7c3d7b1d1fc86bcb91b75b18f67656_mask.tiff: 429 Client Error: Too Many Requests for url: https://api.kaggle.com/v1/competitions.CompetitionApiService/DownloadDataFile

  FAIL train_label_masks/6c8b94e99dbb1f65b73e1e8e32469689_mask.tiff: 429 Client Error: Too Many Requests for url: https://api.kaggle.com/v1/competitions.CompetitionApiService/DownloadDataFile

  FAIL train_label_masks/6c96bbaf8306071cfec8d90f54ede8c2_mask.tiff: 429 Client Error: Too Many Requests for url: https://api.kaggle.com/v1/competitions.CompetitionApiService/DownloadDataFile

  FAIL train_label_masks/6ca88a3bb8a632f16616864d13fd4f92_mask.tiff: 429 Client Error: Too Many Requests for url: https://api.kaggle.com/v1/competitions.CompetitionApiService/DownloadDataFile

  FAIL train_label_masks/6ca9348a09b4bceff7a738ae8b37f369_mask.tiff: 429 Client Error: Too Many Requests for url: https://api.kaggle.com/v1/competitions.CompetitionApiService/DownloadDataFile

  FAIL train_label_masks/6caa7b567d4e6f6911014f796e288999_mask.tiff: 429 Client Error: Too Many Requests for url: https://api.kaggle.com/v1/competitions.CompetitionApiService/DownloadDataFile

  FAIL train_label_masks/6cbc6f7259cb45a4086cd584aec53857_mask.tiff: 429 Client Error: Too Many Requests for url: https://api.kaggle.com/v1/competitions.CompetitionApiService/DownloadDataFile

  FAIL train_label_masks/6cd581a4c4e0314e1479c0c4a24f4eb3_mask.tiff: 429 Client Error: Too Many Requests for url: https://api.kaggle.com/v1/competitions.CompetitionApiService/DownloadDataFile

  FAIL train_label_masks/6ce32756e33b10bd4569aa15b5db3355_mask.tiff: 429 Client Error: Too Many Requests for url: https://api.kaggle.com/v1/competitions.CompetitionApiService/DownloadDataFile

  FAIL train_label_masks/6cf483d54bbae9d7fc1009a5e2cf782d_mask.tiff: 429 Client Error: Too Many Requests for url: https://api.kaggle.com/v1/competitions.CompetitionApiService/DownloadDataFile

  FAIL train_label_masks/6cff031b8d7dd8c2cf34364ad1ee6c1a_mask.tiff: 429 Client Error: Too Many Requests for url: https://api.kaggle.com/v1/competitions.CompetitionApiService/DownloadDataFile

  FAIL train_label_masks/6d0a1caf87967cd36a6a2a850f8b6c52_mask.tiff: 429 Client Error: Too Many Requests for url: https://api.kaggle.com/v1/competitions.CompetitionApiService/DownloadDataFile

  FAIL train_label_masks/6d2bcf1b97f6731338a530650f776fb4_mask.tiff: 429 Client Error: Too Many Requests for url: https://api.kaggle.com/v1/competitions.CompetitionApiService/DownloadDataFile

  FAIL train_label_masks/6d2cf90cf2df03cf1d9f2eb38362f58d_mask.tiff: 429 Client Error: Too Many Requests for url: https://api.kaggle.com/v1/competitions.CompetitionApiService/DownloadDataFile

  FAIL train_label_masks/6d451a9fd1764df154ba4c19c16ad79f_mask.tiff: 429 Client Error: Too Many Requests for url: https://api.kaggle.com/v1/competitions.CompetitionApiService/DownloadDataFile

  FAIL train_label_masks/6d4e9ec6aafe17b5e3b2845905610c2a_mask.tiff: 429 Client Error: Too Many Requests for url: https://api.kaggle.com/v1/competitions.CompetitionApiService/DownloadDataFile

  FAIL train_label_masks/6d567f83ca7130da285fcb26d3537762_mask.tiff: 429 Client Error: Too Many Requests for url: https://api.kaggle.com/v1/competitions.CompetitionApiService/DownloadDataFile

  FAIL train_label_masks/6d5c07d90c18669e961483005a6a8a7b_mask.tiff: 429 Client Error: Too Many Requests for url: https://api.kaggle.com/v1/competitions.CompetitionApiService/DownloadDataFile

  FAIL train_label_masks/6d5cb5353d700dfd4e6380508535e41b_mask.tiff: 429 Client Error: Too Many Requests for url: https://api.kaggle.com/v1/competitions.CompetitionApiService/DownloadDataFile

  FAIL train_label_masks/6d86f19eb226c49cad23b4b0d5ba9ef9_mask.tiff: 429 Client Error: Too Many Requests for url: https://api.kaggle.com/v1/competitions.CompetitionApiService/DownloadDataFile

  FAIL train_label_masks/6d9a037aa211ac62d0701d625de70904_mask.tiff: 429 Client Error: Too Many Requests for url: https://api.kaggle.com/v1/competitions.CompetitionApiService/DownloadDataFile

  FAIL train_label_masks/6db636a5372b53a603ac3a5bde9abba0_mask.tiff: 429 Client Error: Too Many Requests for url: https://api.kaggle.com/v1/competitions.CompetitionApiService/DownloadDataFile

  FAIL train_label_masks/6dcece3682e1f8d8772be8dd3649b1ab_mask.tiff: 429 Client Error: Too Many Requests for url: https://api.kaggle.com/v1/competitions.CompetitionApiService/DownloadDataFile

  FAIL train_label_masks/6ddb61c8bad32ffc60da3a6c96e85b49_mask.tiff: 429 Client Error: Too Many Requests for url: https://api.kaggle.com/v1/competitions.CompetitionApiService/DownloadDataFile

  FAIL train_label_masks/6de1c3a8bc0ecbbe70b3b679ef52e776_mask.tiff: 429 Client Error: Too Many Requests for url: https://api.kaggle.com/v1/competitions.CompetitionApiService/DownloadDataFile

  FAIL train_label_masks/6deb79f9bae408e2b5bec3b5bb5414dd_mask.tiff: 429 Client Error: Too Many Requests for url: https://api.kaggle.com/v1/competitions.CompetitionApiService/DownloadDataFile

  FAIL train_label_masks/6dfc6b0ab1aa81cb550e52ca291cbb64_mask.tiff: 429 Client Error: Too Many Requests for url: https://api.kaggle.com/v1/competitions.CompetitionApiService/DownloadDataFile

  FAIL train_label_masks/6e04223880c3cae8aa29366304c2bf7f_mask.tiff: 429 Client Error: Too Many Requests for url: https://api.kaggle.com/v1/competitions.CompetitionApiService/DownloadDataFile

  FAIL train_label_masks/6e0dbb5af39a9b7199796dbe16fc5765_mask.tiff: 429 Client Error: Too Many Requests for url: https://api.kaggle.com/v1/competitions.CompetitionApiService/DownloadDataFile

  FAIL train_label_masks/6e1fa7c1156d3e0dda56638b893d86b6_mask.tiff: 429 Client Error: Too Many Requests for url: https://api.kaggle.com/v1/competitions.CompetitionApiService/DownloadDataFile

  FAIL train_label_masks/6e229bc5d46c2bb07cb0ab6b64c30a48_mask.tiff: 429 Client Error: Too Many Requests for url: https://api.kaggle.com/v1/competitions.CompetitionApiService/DownloadDataFile

  FAIL train_label_masks/6e2e6f847032e2b8823d91cd52b3ef2a_mask.tiff: 429 Client Error: Too Many Requests for url: https://api.kaggle.com/v1/competitions.CompetitionApiService/DownloadDataFile

  FAIL train_label_masks/6e320ef7485ec6c55962007956985821_mask.tiff: 429 Client Error: Too Many Requests for url: https://api.kaggle.com/v1/competitions.CompetitionApiService/DownloadDataFile

  FAIL train_label_masks/6e4122eef9edf14c7ba932cfb9321788_mask.tiff: 429 Client Error: Too Many Requests for url: https://api.kaggle.com/v1/competitions.CompetitionApiService/DownloadDataFile

  FAIL train_label_masks/6e4491b337dde383cdf2a75685dee968_mask.tiff: 429 Client Error: Too Many Requests for url: https://api.kaggle.com/v1/competitions.CompetitionApiService/DownloadDataFile

  FAIL train_label_masks/6e492df128e671c548bf49fd855c42ce_mask.tiff: 429 Client Error: Too Many Requests for url: https://api.kaggle.com/v1/competitions.CompetitionApiService/DownloadDataFile

  FAIL train_label_masks/6e4dcecad6279bd08a31ec5d920a4984_mask.tiff: 429 Client Error: Too Many Requests for url: https://api.kaggle.com/v1/competitions.CompetitionApiService/DownloadDataFile

  FAIL train_label_masks/6e52a788e36a88c5267d49e219051d05_mask.tiff: 429 Client Error: Too Many Requests for url: https://api.kaggle.com/v1/competitions.CompetitionApiService/DownloadDataFile

  FAIL train_label_masks/6e694031c3e263b2f9da1aa122897266_mask.tiff: 429 Client Error: Too Many Requests for url: https://api.kaggle.com/v1/competitions.CompetitionApiService/DownloadDataFile

  FAIL train_label_masks/6e6c2361d595ec7d96bccb42051c0f4a_mask.tiff: 429 Client Error: Too Many Requests for url: https://api.kaggle.com/v1/competitions.CompetitionApiService/DownloadDataFile

  FAIL train_label_masks/6e70fa6670bda66963853ad613e8fcc5_mask.tiff: 429 Client Error: Too Many Requests for url: https://api.kaggle.com/v1/competitions.CompetitionApiService/DownloadDataFile

  FAIL train_label_masks/6e79fc78cf67358d3d16daec5573b5a3_mask.tiff: 429 Client Error: Too Many Requests for url: https://api.kaggle.com/v1/competitions.CompetitionApiService/DownloadDataFile

  FAIL train_label_masks/6e84edfad5dc1ebd5bf547931febf704_mask.tiff: 429 Client Error: Too Many Requests for url: https://api.kaggle.com/v1/competitions.CompetitionApiService/DownloadDataFile

  FAIL train_label_masks/6e8abccc98b71d43a680d69b3f9af124_mask.tiff: 429 Client Error: Too Many Requests for url: https://api.kaggle.com/v1/competitions.CompetitionApiService/DownloadDataFile

  FAIL train_label_masks/6e9f8456612b8c7ee6c4a5027539bf80_mask.tiff: 429 Client Error: Too Many Requests for url: https://api.kaggle.com/v1/competitions.CompetitionApiService/DownloadDataFile

  FAIL train_label_masks/6ea2b59534558f0d4b86d1a3891d611d_mask.tiff: 429 Client Error: Too Many Requests for url: https://api.kaggle.com/v1/competitions.CompetitionApiService/DownloadDataFile

  FAIL train_label_masks/6ea3b98851bd9ec5522236152b8998a3_mask.tiff: 429 Client Error: Too Many Requests for url: https://api.kaggle.com/v1/competitions.CompetitionApiService/DownloadDataFile

  FAIL train_label_masks/6eb1da90c9630e7c86f282c7eea4fe94_mask.tiff: 429 Client Error: Too Many Requests for url: https://api.kaggle.com/v1/competitions.CompetitionApiService/DownloadDataFile

  FAIL train_label_masks/6edc4da86334190089f6a093bf258ab6_mask.tiff: 429 Client Error: Too Many Requests for url: https://api.kaggle.com/v1/competitions.CompetitionApiService/DownloadDataFile

  FAIL train_label_masks/6ee0840e4cec3865e228b5f96fe0b188_mask.tiff: 429 Client Error: Too Many Requests for url: https://api.kaggle.com/v1/competitions.CompetitionApiService/DownloadDataFile

  FAIL train_label_masks/6ef357192c2530ee54e1bd38a3231e00_mask.tiff: 429 Client Error: Too Many Requests for url: https://api.kaggle.com/v1/competitions.CompetitionApiService/DownloadDataFile

  FAIL train_label_masks/6eff61540d687bb80f2eda923b2dca9b_mask.tiff: 429 Client Error: Too Many Requests for url: https://api.kaggle.com/v1/competitions.CompetitionApiService/DownloadDataFile

  FAIL train_label_masks/6f0935638b47295c4e35008366c8768b_mask.tiff: 429 Client Error: Too Many Requests for url: https://api.kaggle.com/v1/competitions.CompetitionApiService/DownloadDataFile

  FAIL train_label_masks/6f23c9de94899d380bd7a075209ef415_mask.tiff: 429 Client Error: Too Many Requests for url: https://api.kaggle.com/v1/competitions.CompetitionApiService/DownloadDataFile

  FAIL train_label_masks/6f310463d3868e86be87adddeccdde19_mask.tiff: 429 Client Error: Too Many Requests for url: https://api.kaggle.com/v1/competitions.CompetitionApiService/DownloadDataFile

  FAIL train_label_masks/6f3aa87bfb96c835247c272ea0ea1848_mask.tiff: 429 Client Error: Too Many Requests for url: https://api.kaggle.com/v1/competitions.CompetitionApiService/DownloadDataFile

  FAIL train_label_masks/6f50ffdccefb38de120dfb796577fd5b_mask.tiff: 429 Client Error: Too Many Requests for url: https://api.kaggle.com/v1/competitions.CompetitionApiService/DownloadDataFile

  FAIL train_label_masks/6f5722cf3b8e5a90dc1e0eff127c4632_mask.tiff: 429 Client Error: Too Many Requests for url: https://api.kaggle.com/v1/competitions.CompetitionApiService/DownloadDataFile

  FAIL train_label_masks/6f75edad6dfc45ab8a79af4e5168a439_mask.tiff: 429 Client Error: Too Many Requests for url: https://api.kaggle.com/v1/competitions.CompetitionApiService/DownloadDataFile

  FAIL train_label_masks/6f7964ccd7bf337793b91b0a2c4266ca_mask.tiff: 429 Client Error: Too Many Requests for url: https://api.kaggle.com/v1/competitions.CompetitionApiService/DownloadDataFile

  FAIL train_label_masks/6f8bf6cfb0c020fdfef1ddb79a250464_mask.tiff: 429 Client Error: Too Many Requests for url: https://api.kaggle.com/v1/competitions.CompetitionApiService/DownloadDataFile

  FAIL train_label_masks/6fd2d42591da02ae878e2d5c74bcc98f_mask.tiff: 429 Client Error: Too Many Requests for url: https://api.kaggle.com/v1/competitions.CompetitionApiService/DownloadDataFile

  FAIL train_label_masks/6fe956eb5739f0877752cba783828cd2_mask.tiff: 429 Client Error: Too Many Requests for url: https://api.kaggle.com/v1/competitions.CompetitionApiService/DownloadDataFile

  FAIL train_label_masks/70084ac115617e9243c963abc3295fac_mask.tiff: 429 Client Error: Too Many Requests for url: https://api.kaggle.com/v1/competitions.CompetitionApiService/DownloadDataFile

  FAIL train_label_masks/700a11960e7458ed75689c47eeebe141_mask.tiff: 429 Client Error: Too Many Requests for url: https://api.kaggle.com/v1/competitions.CompetitionApiService/DownloadDataFile

  FAIL train_label_masks/700e60e9a130333e62698a1c4ef46fa0_mask.tiff: 429 Client Error: Too Many Requests for url: https://api.kaggle.com/v1/competitions.CompetitionApiService/DownloadDataFile

  FAIL train_label_masks/7011aee2bad0c61f658a9e50aa0469e3_mask.tiff: 429 Client Error: Too Many Requests for url: https://api.kaggle.com/v1/competitions.CompetitionApiService/DownloadDataFile

  FAIL train_label_masks/701a0c1cbb556697609f4f45a8c0a7c7_mask.tiff: 429 Client Error: Too Many Requests for url: https://api.kaggle.com/v1/competitions.CompetitionApiService/DownloadDataFile

  FAIL train_label_masks/702a3a5fd638c2f5ca38ed562122b407_mask.tiff: 429 Client Error: Too Many Requests for url: https://api.kaggle.com/v1/competitions.CompetitionApiService/DownloadDataFile

  FAIL train_label_masks/702c576df7dfbf43e3c17cd29f804ef9_mask.tiff: 429 Client Error: Too Many Requests for url: https://api.kaggle.com/v1/competitions.CompetitionApiService/DownloadDataFile

  FAIL train_label_masks/704ca230d7cec3203271cf5fee986b9e_mask.tiff: 429 Client Error: Too Many Requests for url: https://api.kaggle.com/v1/competitions.CompetitionApiService/DownloadDataFile

  FAIL train_label_masks/70537a4b7d85e72fb377f1ced5ebd5a2_mask.tiff: 429 Client Error: Too Many Requests for url: https://api.kaggle.com/v1/competitions.CompetitionApiService/DownloadDataFile

  FAIL train_label_masks/706a5789a3517393a583829512a1fb8d_mask.tiff: 429 Client Error: Too Many Requests for url: https://api.kaggle.com/v1/competitions.CompetitionApiService/DownloadDataFile

  FAIL train_label_masks/708b83343fa17388231d1c86557e4396_mask.tiff: 429 Client Error: Too Many Requests for url: https://api.kaggle.com/v1/competitions.CompetitionApiService/DownloadDataFile

  FAIL train_label_masks/70a840557099db07a37542bdf701df90_mask.tiff: 429 Client Error: Too Many Requests for url: https://api.kaggle.com/v1/competitions.CompetitionApiService/DownloadDataFile

  FAIL train_label_masks/70b8788b7d72841a18ebf2e47e70e24e_mask.tiff: 429 Client Error: Too Many Requests for url: https://api.kaggle.com/v1/competitions.CompetitionApiService/DownloadDataFile

  FAIL train_label_masks/70bbf2767eaa120fd0d4c12c9f598bb8_mask.tiff: 429 Client Error: Too Many Requests for url: https://api.kaggle.com/v1/competitions.CompetitionApiService/DownloadDataFile

  FAIL train_label_masks/70d813b5e09d4fdac98c761c15c28a62_mask.tiff: 429 Client Error: Too Many Requests for url: https://api.kaggle.com/v1/competitions.CompetitionApiService/DownloadDataFile

  FAIL train_label_masks/70f266d7117c3fc1430abb4636790078_mask.tiff: 429 Client Error: Too Many Requests for url: https://api.kaggle.com/v1/competitions.CompetitionApiService/DownloadDataFile

  FAIL train_label_masks/70f608a3fafa4e75e3201a78962109b0_mask.tiff: 429 Client Error: Too Many Requests for url: https://api.kaggle.com/v1/competitions.CompetitionApiService/DownloadDataFile

  FAIL train_label_masks/70f71c6fa7ad2baeaff157a299e276a0_mask.tiff: 429 Client Error: Too Many Requests for url: https://api.kaggle.com/v1/competitions.CompetitionApiService/DownloadDataFile

  FAIL train_label_masks/70f9db53cebf8b01b447b1a1de031eb4_mask.tiff: 429 Client Error: Too Many Requests for url: https://api.kaggle.com/v1/competitions.CompetitionApiService/DownloadDataFile

  FAIL train_label_masks/70fa73960db8729c176876aefff96562_mask.tiff: 429 Client Error: Too Many Requests for url: https://api.kaggle.com/v1/competitions.CompetitionApiService/DownloadDataFile

  FAIL train_label_masks/7105b8ee8d4c00c513b334fdfdcd6c49_mask.tiff: 429 Client Error: Too Many Requests for url: https://api.kaggle.com/v1/competitions.CompetitionApiService/DownloadDataFile

  FAIL train_label_masks/7120c2334b94794a94cf54a4ef1a2303_mask.tiff: 429 Client Error: Too Many Requests for url: https://api.kaggle.com/v1/competitions.CompetitionApiService/DownloadDataFile

  FAIL train_label_masks/71284c0b091060bd4d353a9e94c8a491_mask.tiff: 429 Client Error: Too Many Requests for url: https://api.kaggle.com/v1/competitions.CompetitionApiService/DownloadDataFile

  FAIL train_label_masks/713f7390942cd359d21b5340f1508427_mask.tiff: 429 Client Error: Too Many Requests for url: https://api.kaggle.com/v1/competitions.CompetitionApiService/DownloadDataFile

  FAIL train_label_masks/714fe03e012bb674fd7f3fc8f6763c3e_mask.tiff: 429 Client Error: Too Many Requests for url: https://api.kaggle.com/v1/competitions.CompetitionApiService/DownloadDataFile

  FAIL train_label_masks/71558dd96f24a06b1d3c9db21c183bd8_mask.tiff: 429 Client Error: Too Many Requests for url: https://api.kaggle.com/v1/competitions.CompetitionApiService/DownloadDataFile

  FAIL train_label_masks/715ab49e9cccf79ffa3987714d818f79_mask.tiff: 429 Client Error: Too Many Requests for url: https://api.kaggle.com/v1/competitions.CompetitionApiService/DownloadDataFile

  FAIL train_label_masks/716055036e3c107c1531535fbf8f5cf1_mask.tiff: 429 Client Error: Too Many Requests for url: https://api.kaggle.com/v1/competitions.CompetitionApiService/DownloadDataFile

  FAIL train_label_masks/71680defe4772070e47b0b407ddccce7_mask.tiff: 429 Client Error: Too Many Requests for url: https://api.kaggle.com/v1/competitions.CompetitionApiService/DownloadDataFile

  FAIL train_label_masks/719a8909e15987594a62462fe4fa60e9_mask.tiff: 429 Client Error: Too Many Requests for url: https://api.kaggle.com/v1/competitions.CompetitionApiService/DownloadDataFile

  FAIL train_label_masks/71a3a451b367b93c6128e26c1516379d_mask.tiff: 429 Client Error: Too Many Requests for url: https://api.kaggle.com/v1/competitions.CompetitionApiService/DownloadDataFile

  FAIL train_label_masks/71abdfb52804bed1259c90f7b414e178_mask.tiff: 429 Client Error: Too Many Requests for url: https://api.kaggle.com/v1/competitions.CompetitionApiService/DownloadDataFile

  FAIL train_label_masks/71ca19a708b9e60d55b034cc6ab5a978_mask.tiff: 429 Client Error: Too Many Requests for url: https://api.kaggle.com/v1/competitions.CompetitionApiService/DownloadDataFile

  FAIL train_label_masks/71dbcf5569584dac2aae88cf712d22b1_mask.tiff: 429 Client Error: Too Many Requests for url: https://api.kaggle.com/v1/competitions.CompetitionApiService/DownloadDataFile

  FAIL train_label_masks/71e7c927ed3da27ceae3de5699ff2f86_mask.tiff: 429 Client Error: Too Many Requests for url: https://api.kaggle.com/v1/competitions.CompetitionApiService/DownloadDataFile

  FAIL train_label_masks/71e9b5fc5cd1125e0d4c4d54c2a1c701_mask.tiff: 429 Client Error: Too Many Requests for url: https://api.kaggle.com/v1/competitions.CompetitionApiService/DownloadDataFile

  FAIL train_label_masks/71f3ff8361e8d200a0b497ec2cdc2097_mask.tiff: 429 Client Error: Too Many Requests for url: https://api.kaggle.com/v1/competitions.CompetitionApiService/DownloadDataFile

  FAIL train_label_masks/71f72c0faf8f61d142ab33c4865ca538_mask.tiff: 429 Client Error: Too Many Requests for url: https://api.kaggle.com/v1/competitions.CompetitionApiService/DownloadDataFile

  FAIL train_label_masks/71fc7343524aad2c6953b454f7dce67c_mask.tiff: 429 Client Error: Too Many Requests for url: https://api.kaggle.com/v1/competitions.CompetitionApiService/DownloadDataFile

  FAIL train_label_masks/72273ecaf2d7de847ce3555519a6257a_mask.tiff: 429 Client Error: Too Many Requests for url: https://api.kaggle.com/v1/competitions.CompetitionApiService/DownloadDataFile

  FAIL train_label_masks/7234d2bf2df91f65e94e9ecc4ec5827d_mask.tiff: 429 Client Error: Too Many Requests for url: https://api.kaggle.com/v1/competitions.CompetitionApiService/DownloadDataFile

  FAIL train_label_masks/723a7750742b4b7630fe743c74ce9cad_mask.tiff: 429 Client Error: Too Many Requests for url: https://api.kaggle.com/v1/competitions.CompetitionApiService/DownloadDataFile

  FAIL train_label_masks/724fe51b29e0e47c8598ca4d3947287f_mask.tiff: 429 Client Error: Too Many Requests for url: https://api.kaggle.com/v1/competitions.CompetitionApiService/DownloadDataFile

  FAIL train_label_masks/725f6e74ba6aed08098c779047a19559_mask.tiff: 429 Client Error: Too Many Requests for url: https://api.kaggle.com/v1/competitions.CompetitionApiService/DownloadDataFile

  FAIL train_label_masks/725fc40fce67c6980c56cc17eafd0eb0_mask.tiff: 429 Client Error: Too Many Requests for url: https://api.kaggle.com/v1/competitions.CompetitionApiService/DownloadDataFile

  FAIL train_label_masks/7269db31c46c18a2c42711373b7ac592_mask.tiff: 429 Client Error: Too Many Requests for url: https://api.kaggle.com/v1/competitions.CompetitionApiService/DownloadDataFile

  FAIL train_label_masks/7274571a802c724b6bb60c4e0ba08bee_mask.tiff: 429 Client Error: Too Many Requests for url: https://api.kaggle.com/v1/competitions.CompetitionApiService/DownloadDataFile

  FAIL train_label_masks/72a669da75812594654ab2097000c32c_mask.tiff: 429 Client Error: Too Many Requests for url: https://api.kaggle.com/v1/competitions.CompetitionApiService/DownloadDataFile

  FAIL train_label_masks/72aa3eb389001c2e3ceeb58e7b48dfe9_mask.tiff: 429 Client Error: Too Many Requests for url: https://api.kaggle.com/v1/competitions.CompetitionApiService/DownloadDataFile

  FAIL train_label_masks/72b46ce40040292c972e5c8fc84f857d_mask.tiff: 429 Client Error: Too Many Requests for url: https://api.kaggle.com/v1/competitions.CompetitionApiService/DownloadDataFile

  FAIL train_label_masks/72b9ca2c11e1a849e053013cd5e22d56_mask.tiff: 429 Client Error: Too Many Requests for url: https://api.kaggle.com/v1/competitions.CompetitionApiService/DownloadDataFile

  FAIL train_label_masks/72bac273a1df78ff5d3c8628a95f8fba_mask.tiff: 429 Client Error: Too Many Requests for url: https://api.kaggle.com/v1/competitions.CompetitionApiService/DownloadDataFile

  FAIL train_label_masks/72bd56326bacd70420b41ec463aae7e8_mask.tiff: 429 Client Error: Too Many Requests for url: https://api.kaggle.com/v1/competitions.CompetitionApiService/DownloadDataFile

  FAIL train_label_masks/72d976f2ad72cdab7c812f170cfa8a4f_mask.tiff: 429 Client Error: Too Many Requests for url: https://api.kaggle.com/v1/competitions.CompetitionApiService/DownloadDataFile

  FAIL train_label_masks/72e64850d127c65815492af84473a26e_mask.tiff: 429 Client Error: Too Many Requests for url: https://api.kaggle.com/v1/competitions.CompetitionApiService/DownloadDataFile

  FAIL train_label_masks/72e6fcfe23c7eec6a0474b9d86c2f506_mask.tiff: 429 Client Error: Too Many Requests for url: https://api.kaggle.com/v1/competitions.CompetitionApiService/DownloadDataFile

  FAIL train_label_masks/72e996bf235d7bcec83fd9c8f7de1977_mask.tiff: 429 Client Error: Too Many Requests for url: https://api.kaggle.com/v1/competitions.CompetitionApiService/DownloadDataFile

  FAIL train_label_masks/72ef48dc4b05d21859f3842c373e5216_mask.tiff: 429 Client Error: Too Many Requests for url: https://api.kaggle.com/v1/competitions.CompetitionApiService/DownloadDataFile

  FAIL train_label_masks/73264c925b3bf362738f380706b0f6b7_mask.tiff: 429 Client Error: Too Many Requests for url: https://api.kaggle.com/v1/competitions.CompetitionApiService/DownloadDataFile

  FAIL train_label_masks/733dbfd0b96484c20b09ecdc4e4b095c_mask.tiff: 429 Client Error: Too Many Requests for url: https://api.kaggle.com/v1/competitions.CompetitionApiService/DownloadDataFile

  FAIL train_label_masks/735ed10b9f870ff45482454f55b1d807_mask.tiff: 429 Client Error: Too Many Requests for url: https://api.kaggle.com/v1/competitions.CompetitionApiService/DownloadDataFile

  FAIL train_label_masks/738aeefd8bc05ac71e2ea552828e97da_mask.tiff: 429 Client Error: Too Many Requests for url: https://api.kaggle.com/v1/competitions.CompetitionApiService/DownloadDataFile

  FAIL train_label_masks/738c290ad6589e07a3c07158f691dbf9_mask.tiff: 429 Client Error: Too Many Requests for url: https://api.kaggle.com/v1/competitions.CompetitionApiService/DownloadDataFile

  FAIL train_label_masks/738e10c912a9f554aa16122f48181c50_mask.tiff: 429 Client Error: Too Many Requests for url: https://api.kaggle.com/v1/competitions.CompetitionApiService/DownloadDataFile

  FAIL train_label_masks/73a68f27d9581434d99b621f0c2a434c_mask.tiff: 429 Client Error: Too Many Requests for url: https://api.kaggle.com/v1/competitions.CompetitionApiService/DownloadDataFile

  FAIL train_label_masks/73b0a645fdadb31c74ffba963d4350bc_mask.tiff: 429 Client Error: Too Many Requests for url: https://api.kaggle.com/v1/competitions.CompetitionApiService/DownloadDataFile

  FAIL train_label_masks/73ca95633a46136d909f5ad45c7ddda1_mask.tiff: 429 Client Error: Too Many Requests for url: https://api.kaggle.com/v1/competitions.CompetitionApiService/DownloadDataFile

  FAIL train_label_masks/73cd33025927b81dd36dda93a35b93db_mask.tiff: 429 Client Error: Too Many Requests for url: https://api.kaggle.com/v1/competitions.CompetitionApiService/DownloadDataFile

  FAIL train_label_masks/73ef865e4905cc6276f0123c87af0882_mask.tiff: 429 Client Error: Too Many Requests for url: https://api.kaggle.com/v1/competitions.CompetitionApiService/DownloadDataFile

  FAIL train_label_masks/73f6bfb643e1d0d8d3868b7f1f0cd33d_mask.tiff: 429 Client Error: Too Many Requests for url: https://api.kaggle.com/v1/competitions.CompetitionApiService/DownloadDataFile

  FAIL train_label_masks/74121dc7165c19a5d72bdbe3eaeb90d2_mask.tiff: 429 Client Error: Too Many Requests for url: https://api.kaggle.com/v1/competitions.CompetitionApiService/DownloadDataFile

  FAIL train_label_masks/741f6260e0f75b64a72e9a905003c29d_mask.tiff: 429 Client Error: Too Many Requests for url: https://api.kaggle.com/v1/competitions.CompetitionApiService/DownloadDataFile

  FAIL train_label_masks/742e58363ad59930dd29cd4d23e3e2e0_mask.tiff: 429 Client Error: Too Many Requests for url: https://api.kaggle.com/v1/competitions.CompetitionApiService/DownloadDataFile

  FAIL train_label_masks/74340eaeb135c761155f1a7f198f17dc_mask.tiff: 429 Client Error: Too Many Requests for url: https://api.kaggle.com/v1/competitions.CompetitionApiService/DownloadDataFile

  FAIL train_label_masks/7436cdbf9876ac812cdc3ea7557aadaa_mask.tiff: 429 Client Error: Too Many Requests for url: https://api.kaggle.com/v1/competitions.CompetitionApiService/DownloadDataFile

  FAIL train_label_masks/7453f914420e9b89a68dae903210b8b8_mask.tiff: 429 Client Error: Too Many Requests for url: https://api.kaggle.com/v1/competitions.CompetitionApiService/DownloadDataFile

  FAIL train_label_masks/7459ad1c89716d7160c67bd1b7083f0f_mask.tiff: 429 Client Error: Too Many Requests for url: https://api.kaggle.com/v1/competitions.CompetitionApiService/DownloadDataFile

  FAIL train_label_masks/745fb454d6a8791d6cd69d1aa4dc90ba_mask.tiff: 429 Client Error: Too Many Requests for url: https://api.kaggle.com/v1/competitions.CompetitionApiService/DownloadDataFile

  FAIL train_label_masks/745ff65e8c4d1006694049e1da8b938b_mask.tiff: 429 Client Error: Too Many Requests for url: https://api.kaggle.com/v1/competitions.CompetitionApiService/DownloadDataFile

  FAIL train_label_masks/746b95b3a32975082d0ad357527ad701_mask.tiff: 429 Client Error: Too Many Requests for url: https://api.kaggle.com/v1/competitions.CompetitionApiService/DownloadDataFile

  FAIL train_label_masks/746cfe9ab71459d51eb0fbdb72348ae8_mask.tiff: 429 Client Error: Too Many Requests for url: https://api.kaggle.com/v1/competitions.CompetitionApiService/DownloadDataFile

  FAIL train_label_masks/747573e239e3461456074695b68c1524_mask.tiff: 429 Client Error: Too Many Requests for url: https://api.kaggle.com/v1/competitions.CompetitionApiService/DownloadDataFile

  FAIL train_label_masks/748ddaf8e51c84b260335520e97a8cd7_mask.tiff: 429 Client Error: Too Many Requests for url: https://api.kaggle.com/v1/competitions.CompetitionApiService/DownloadDataFile

  FAIL train_label_masks/749bbeaeb604f1b95ef49b17f9ffa417_mask.tiff: 429 Client Error: Too Many Requests for url: https://api.kaggle.com/v1/competitions.CompetitionApiService/DownloadDataFile

  FAIL train_label_masks/749cd48d71d41aef0b04653f898caa7b_mask.tiff: 429 Client Error: Too Many Requests for url: https://api.kaggle.com/v1/competitions.CompetitionApiService/DownloadDataFile

  FAIL train_label_masks/749daa61a4a9b3adc9be11e75a38b9e0_mask.tiff: 429 Client Error: Too Many Requests for url: https://api.kaggle.com/v1/competitions.CompetitionApiService/DownloadDataFile

  FAIL train_label_masks/74a3e5ce5ddfb279a32bbcd378b5474b_mask.tiff: 429 Client Error: Too Many Requests for url: https://api.kaggle.com/v1/competitions.CompetitionApiService/DownloadDataFile

  FAIL train_label_masks/750cf428f4f94ee2c4142320505b57e2_mask.tiff: 429 Client Error: Too Many Requests for url: https://api.kaggle.com/v1/competitions.CompetitionApiService/DownloadDataFile

  FAIL train_label_masks/751b5369155b1086d5a5f3feeb21bdc5_mask.tiff: 429 Client Error: Too Many Requests for url: https://api.kaggle.com/v1/competitions.CompetitionApiService/DownloadDataFile

  FAIL train_label_masks/753743ff6e00c61a67516723909f71d7_mask.tiff: 429 Client Error: Too Many Requests for url: https://api.kaggle.com/v1/competitions.CompetitionApiService/DownloadDataFile

  FAIL train_label_masks/7537c295737f3a982a8859919c962c66_mask.tiff: 429 Client Error: Too Many Requests for url: https://api.kaggle.com/v1/competitions.CompetitionApiService/DownloadDataFile

  FAIL train_label_masks/75423e7c7aec5ed80bc70b62e9ff62c0_mask.tiff: 429 Client Error: Too Many Requests for url: https://api.kaggle.com/v1/competitions.CompetitionApiService/DownloadDataFile

  FAIL train_label_masks/7545bb72e9432d63018ce7cc1c0ad80b_mask.tiff: 429 Client Error: Too Many Requests for url: https://api.kaggle.com/v1/competitions.CompetitionApiService/DownloadDataFile

  FAIL train_label_masks/7569c687588682f6eb814d95ef223ceb_mask.tiff: 429 Client Error: Too Many Requests for url: https://api.kaggle.com/v1/competitions.CompetitionApiService/DownloadDataFile

  FAIL train_label_masks/756d99387536d5721fcf4cf590627179_mask.tiff: 429 Client Error: Too Many Requests for url: https://api.kaggle.com/v1/competitions.CompetitionApiService/DownloadDataFile

  FAIL train_label_masks/757b927de93c8083c392f2248529d29a_mask.tiff: 429 Client Error: Too Many Requests for url: https://api.kaggle.com/v1/competitions.CompetitionApiService/DownloadDataFile

  FAIL train_label_masks/75835cc8ccb7fe86356cebdb35006fab_mask.tiff: 429 Client Error: Too Many Requests for url: https://api.kaggle.com/v1/competitions.CompetitionApiService/DownloadDataFile

  FAIL train_label_masks/7584a04126c380a776b9a27c23ca2a1d_mask.tiff: 429 Client Error: Too Many Requests for url: https://api.kaggle.com/v1/competitions.CompetitionApiService/DownloadDataFile

  FAIL train_label_masks/758abc79f666a398d3d3bde30eb9db2e_mask.tiff: 429 Client Error: Too Many Requests for url: https://api.kaggle.com/v1/competitions.CompetitionApiService/DownloadDataFile

  FAIL train_label_masks/759b9eca357202fc550e17cf10daed11_mask.tiff: 429 Client Error: Too Many Requests for url: https://api.kaggle.com/v1/competitions.CompetitionApiService/DownloadDataFile

  FAIL train_label_masks/75a60b119d3a12f697976603962372e3_mask.tiff: 429 Client Error: Too Many Requests for url: https://api.kaggle.com/v1/competitions.CompetitionApiService/DownloadDataFile

  FAIL train_label_masks/75be11818843990c70ba0b6ed753f3c0_mask.tiff: 429 Client Error: Too Many Requests for url: https://api.kaggle.com/v1/competitions.CompetitionApiService/DownloadDataFile

  FAIL train_label_masks/75cf9bec1ba79a53d29d9d81762e1817_mask.tiff: 429 Client Error: Too Many Requests for url: https://api.kaggle.com/v1/competitions.CompetitionApiService/DownloadDataFile

  FAIL train_label_masks/75d6fbb7553743b1b4231df1f327de28_mask.tiff: 429 Client Error: Too Many Requests for url: https://api.kaggle.com/v1/competitions.CompetitionApiService/DownloadDataFile

  FAIL train_label_masks/75dc1015740869115a4caed7e345b591_mask.tiff: 429 Client Error: Too Many Requests for url: https://api.kaggle.com/v1/competitions.CompetitionApiService/DownloadDataFile

  FAIL train_label_masks/75e0312b501f37b88a274858cb8e7275_mask.tiff: 429 Client Error: Too Many Requests for url: https://api.kaggle.com/v1/competitions.CompetitionApiService/DownloadDataFile

  FAIL train_label_masks/75e041fb7c1d1188888c2010c856095b_mask.tiff: 429 Client Error: Too Many Requests for url: https://api.kaggle.com/v1/competitions.CompetitionApiService/DownloadDataFile

  FAIL train_label_masks/760c42976ae580bcfe3381ccb4bc2a2e_mask.tiff: 429 Client Error: Too Many Requests for url: https://api.kaggle.com/v1/competitions.CompetitionApiService/DownloadDataFile

  FAIL train_label_masks/760f8945b00dc239d46a48bc34909eb6_mask.tiff: 429 Client Error: Too Many Requests for url: https://api.kaggle.com/v1/competitions.CompetitionApiService/DownloadDataFile

  FAIL train_label_masks/7624415370e093d21a25464df6b3fbff_mask.tiff: 429 Client Error: Too Many Requests for url: https://api.kaggle.com/v1/competitions.CompetitionApiService/DownloadDataFile

  FAIL train_label_masks/7641921e308edd4de40ad5f83db43a04_mask.tiff: 429 Client Error: Too Many Requests for url: https://api.kaggle.com/v1/competitions.CompetitionApiService/DownloadDataFile

  FAIL train_label_masks/764ec457d473f52c479f2abbb21ce157_mask.tiff: 429 Client Error: Too Many Requests for url: https://api.kaggle.com/v1/competitions.CompetitionApiService/DownloadDataFile

  FAIL train_label_masks/76511406b9d7b53a531f4205c0660a6b_mask.tiff: 429 Client Error: Too Many Requests for url: https://api.kaggle.com/v1/competitions.CompetitionApiService/DownloadDataFile

  FAIL train_label_masks/76512fc338f0cdc3252fb1e4a0d7709c_mask.tiff: 429 Client Error: Too Many Requests for url: https://api.kaggle.com/v1/competitions.CompetitionApiService/DownloadDataFile

  FAIL train_label_masks/76541217a60105571466b759358ab8df_mask.tiff: 429 Client Error: Too Many Requests for url: https://api.kaggle.com/v1/competitions.CompetitionApiService/DownloadDataFile

  FAIL train_label_masks/7657e325f5f8e11b05ea3428ba89b53d_mask.tiff: 429 Client Error: Too Many Requests for url: https://api.kaggle.com/v1/competitions.CompetitionApiService/DownloadDataFile

  FAIL train_label_masks/765ac70e1d7527d06ecb6f5b7fb2247a_mask.tiff: 429 Client Error: Too Many Requests for url: https://api.kaggle.com/v1/competitions.CompetitionApiService/DownloadDataFile

  FAIL train_label_masks/765f379ba8bbc988d29c8e706512d053_mask.tiff: 429 Client Error: Too Many Requests for url: https://api.kaggle.com/v1/competitions.CompetitionApiService/DownloadDataFile

  FAIL train_label_masks/76646d841dfa7b647f6034e73417c1ee_mask.tiff: 429 Client Error: Too Many Requests for url: https://api.kaggle.com/v1/competitions.CompetitionApiService/DownloadDataFile

  FAIL train_label_masks/766a40322fe11a3794eada34c348b5cc_mask.tiff: 429 Client Error: Too Many Requests for url: https://api.kaggle.com/v1/competitions.CompetitionApiService/DownloadDataFile

  FAIL train_label_masks/7670f6b1a24f876a30afc5f33043ede7_mask.tiff: 429 Client Error: Too Many Requests for url: https://api.kaggle.com/v1/competitions.CompetitionApiService/DownloadDataFile

  FAIL train_label_masks/767cafac7ddffdb276f3f31b61c1b7ea_mask.tiff: 429 Client Error: Too Many Requests for url: https://api.kaggle.com/v1/competitions.CompetitionApiService/DownloadDataFile

  FAIL train_label_masks/7680283193608f46ad4f0d95550c16a5_mask.tiff: 429 Client Error: Too Many Requests for url: https://api.kaggle.com/v1/competitions.CompetitionApiService/DownloadDataFile

  FAIL train_label_masks/768098d5b47a4b3e2f18993da3bda0a4_mask.tiff: 429 Client Error: Too Many Requests for url: https://api.kaggle.com/v1/competitions.CompetitionApiService/DownloadDataFile

  FAIL train_label_masks/768c8df7881cfb1cae96959206e73732_mask.tiff: 429 Client Error: Too Many Requests for url: https://api.kaggle.com/v1/competitions.CompetitionApiService/DownloadDataFile

  FAIL train_label_masks/76a17a9705fd4ab2ccdcdd83fb7245ce_mask.tiff: 429 Client Error: Too Many Requests for url: https://api.kaggle.com/v1/competitions.CompetitionApiService/DownloadDataFile

  FAIL train_label_masks/76a8ff1f9493e07c2e6cd013e3ee0d49_mask.tiff: 429 Client Error: Too Many Requests for url: https://api.kaggle.com/v1/competitions.CompetitionApiService/DownloadDataFile

  FAIL train_label_masks/76b8865c3acb3c9ac2d796f523bd2da7_mask.tiff: 429 Client Error: Too Many Requests for url: https://api.kaggle.com/v1/competitions.CompetitionApiService/DownloadDataFile

  FAIL train_label_masks/76c8934b7350a3ad777b94f624390dbf_mask.tiff: 429 Client Error: Too Many Requests for url: https://api.kaggle.com/v1/competitions.CompetitionApiService/DownloadDataFile

  FAIL train_label_masks/76d1bcd4b79d27c2171a0d6107b31349_mask.tiff: 429 Client Error: Too Many Requests for url: https://api.kaggle.com/v1/competitions.CompetitionApiService/DownloadDataFile

  FAIL train_label_masks/76d4adfe37540b9f618888092c2bc162_mask.tiff: 429 Client Error: Too Many Requests for url: https://api.kaggle.com/v1/competitions.CompetitionApiService/DownloadDataFile

  FAIL train_label_masks/7703dca0de143ad38738f53bee104632_mask.tiff: 429 Client Error: Too Many Requests for url: https://api.kaggle.com/v1/competitions.CompetitionApiService/DownloadDataFile

  FAIL train_label_masks/77086e72bf6d11aa544700a8a3e5da45_mask.tiff: 429 Client Error: Too Many Requests for url: https://api.kaggle.com/v1/competitions.CompetitionApiService/DownloadDataFile

  FAIL train_label_masks/77138e87f7edb07f8ba62c62652f47e5_mask.tiff: 429 Client Error: Too Many Requests for url: https://api.kaggle.com/v1/competitions.CompetitionApiService/DownloadDataFile

  FAIL train_label_masks/771b4d1f002ddd740017d6e4371df8d0_mask.tiff: 429 Client Error: Too Many Requests for url: https://api.kaggle.com/v1/competitions.CompetitionApiService/DownloadDataFile

  FAIL train_label_masks/772161b22125c50b1d78d9b8c8a2bca2_mask.tiff: 429 Client Error: Too Many Requests for url: https://api.kaggle.com/v1/competitions.CompetitionApiService/DownloadDataFile

  FAIL train_label_masks/773997a45c3f0aa4f7483f3972e4b53f_mask.tiff: 429 Client Error: Too Many Requests for url: https://api.kaggle.com/v1/competitions.CompetitionApiService/DownloadDataFile

  FAIL train_label_masks/773d5f35cb242573885d18d302a9157c_mask.tiff: 429 Client Error: Too Many Requests for url: https://api.kaggle.com/v1/competitions.CompetitionApiService/DownloadDataFile

  FAIL train_label_masks/773e080a5857ba8c0669c435af2f1095_mask.tiff: 429 Client Error: Too Many Requests for url: https://api.kaggle.com/v1/competitions.CompetitionApiService/DownloadDataFile

  FAIL train_label_masks/774b7c9a6f5c6a81a411cb46f697fac5_mask.tiff: 429 Client Error: Too Many Requests for url: https://api.kaggle.com/v1/competitions.CompetitionApiService/DownloadDataFile

  FAIL train_label_masks/774c9b631a29f191836b1078a6c3a67c_mask.tiff: 429 Client Error: Too Many Requests for url: https://api.kaggle.com/v1/competitions.CompetitionApiService/DownloadDataFile

  FAIL train_label_masks/77545268b9c0cec2fd73b7cb9e03d66b_mask.tiff: 429 Client Error: Too Many Requests for url: https://api.kaggle.com/v1/competitions.CompetitionApiService/DownloadDataFile

  FAIL train_label_masks/775abecd4e7149acd83c9c3c55e2834c_mask.tiff: 429 Client Error: Too Many Requests for url: https://api.kaggle.com/v1/competitions.CompetitionApiService/DownloadDataFile

  FAIL train_label_masks/775d39466b474d54ae714215034c5a83_mask.tiff: 429 Client Error: Too Many Requests for url: https://api.kaggle.com/v1/competitions.CompetitionApiService/DownloadDataFile

  FAIL train_label_masks/777e89beb78fc98db5806423fe7f7254_mask.tiff: 429 Client Error: Too Many Requests for url: https://api.kaggle.com/v1/competitions.CompetitionApiService/DownloadDataFile

  FAIL train_label_masks/7788ddca67e3faf4da246eacc60675a3_mask.tiff: 429 Client Error: Too Many Requests for url: https://api.kaggle.com/v1/competitions.CompetitionApiService/DownloadDataFile

  FAIL train_label_masks/778bd33e4eb7fbc28402051743b78aa2_mask.tiff: 429 Client Error: Too Many Requests for url: https://api.kaggle.com/v1/competitions.CompetitionApiService/DownloadDataFile

  FAIL train_label_masks/7790f122a65e43cbf84165a610eefcfd_mask.tiff: 429 Client Error: Too Many Requests for url: https://api.kaggle.com/v1/competitions.CompetitionApiService/DownloadDataFile

  FAIL train_label_masks/77a014f1f7f9ca5f6f0b32f204d4ab59_mask.tiff: 429 Client Error: Too Many Requests for url: https://api.kaggle.com/v1/competitions.CompetitionApiService/DownloadDataFile

  FAIL train_label_masks/77a4c2c4f65015fe548e5c07db9e805d_mask.tiff: 429 Client Error: Too Many Requests for url: https://api.kaggle.com/v1/competitions.CompetitionApiService/DownloadDataFile

  FAIL train_label_masks/77a8d4500bd331027b965e1b1e581ab1_mask.tiff: 429 Client Error: Too Many Requests for url: https://api.kaggle.com/v1/competitions.CompetitionApiService/DownloadDataFile

  FAIL train_label_masks/77c6467a0d8f88ea46a6544c06b092b1_mask.tiff: 429 Client Error: Too Many Requests for url: https://api.kaggle.com/v1/competitions.CompetitionApiService/DownloadDataFile

  FAIL train_label_masks/77d2d284e6b6962f2761d1d37797c465_mask.tiff: 429 Client Error: Too Many Requests for url: https://api.kaggle.com/v1/competitions.CompetitionApiService/DownloadDataFile

  FAIL train_label_masks/77d849c7c5d20f1e604e304a8dd676ce_mask.tiff: 429 Client Error: Too Many Requests for url: https://api.kaggle.com/v1/competitions.CompetitionApiService/DownloadDataFile

  FAIL train_label_masks/77de0e765d8729e7386589f21961279f_mask.tiff: 429 Client Error: Too Many Requests for url: https://api.kaggle.com/v1/competitions.CompetitionApiService/DownloadDataFile

  FAIL train_label_masks/77e8a9d9718a78c7602a4cd5d1f98da5_mask.tiff: 429 Client Error: Too Many Requests for url: https://api.kaggle.com/v1/competitions.CompetitionApiService/DownloadDataFile

  FAIL train_label_masks/780229c1e7700155517861f277640f97_mask.tiff: 429 Client Error: Too Many Requests for url: https://api.kaggle.com/v1/competitions.CompetitionApiService/DownloadDataFile

  FAIL train_label_masks/78138d4fc0b8fceb04138cd44d4a4fdd_mask.tiff: 429 Client Error: Too Many Requests for url: https://api.kaggle.com/v1/competitions.CompetitionApiService/DownloadDataFile

  FAIL train_label_masks/7817ae2d392ba4f6cb9104fbe70b6274_mask.tiff: 429 Client Error: Too Many Requests for url: https://api.kaggle.com/v1/competitions.CompetitionApiService/DownloadDataFile

  FAIL train_label_masks/784c60e4447c017aaa12f2013352b92b_mask.tiff: 429 Client Error: Too Many Requests for url: https://api.kaggle.com/v1/competitions.CompetitionApiService/DownloadDataFile

  FAIL train_label_masks/785b6f565b34da9587a5fc441edbd49b_mask.tiff: 429 Client Error: Too Many Requests for url: https://api.kaggle.com/v1/competitions.CompetitionApiService/DownloadDataFile

  FAIL train_label_masks/787b336dec5e8a7dd9d993a9b23b773c_mask.tiff: 429 Client Error: Too Many Requests for url: https://api.kaggle.com/v1/competitions.CompetitionApiService/DownloadDataFile

  FAIL train_label_masks/7889a8d815877c63420df1750271bd24_mask.tiff: 429 Client Error: Too Many Requests for url: https://api.kaggle.com/v1/competitions.CompetitionApiService/DownloadDataFile

  FAIL train_label_masks/789a88aa6341166fa4e3e08647d3d0e8_mask.tiff: 429 Client Error: Too Many Requests for url: https://api.kaggle.com/v1/competitions.CompetitionApiService/DownloadDataFile

  FAIL train_label_masks/78a5b3a0da3234789fac1ba1110ccc40_mask.tiff: 429 Client Error: Too Many Requests for url: https://api.kaggle.com/v1/competitions.CompetitionApiService/DownloadDataFile

  FAIL train_label_masks/78ad8ce5fe537a97afaf19db3e99628b_mask.tiff: 429 Client Error: Too Many Requests for url: https://api.kaggle.com/v1/competitions.CompetitionApiService/DownloadDataFile

  FAIL train_label_masks/78b2a52265722810be3fc2f3a562630c_mask.tiff: 429 Client Error: Too Many Requests for url: https://api.kaggle.com/v1/competitions.CompetitionApiService/DownloadDataFile

  FAIL train_label_masks/78bd2af7d449cc2185aaf861f61531aa_mask.tiff: 429 Client Error: Too Many Requests for url: https://api.kaggle.com/v1/competitions.CompetitionApiService/DownloadDataFile

  FAIL train_label_masks/78d0d8888cb53a305dd5931d7cdb84eb_mask.tiff: 429 Client Error: Too Many Requests for url: https://api.kaggle.com/v1/competitions.CompetitionApiService/DownloadDataFile

  FAIL train_label_masks/78d70c1732ef444ad636a5d3e2ae733c_mask.tiff: 429 Client Error: Too Many Requests for url: https://api.kaggle.com/v1/competitions.CompetitionApiService/DownloadDataFile

  FAIL train_label_masks/78df50e8abf5d8e54049be64afc39e92_mask.tiff: 429 Client Error: Too Many Requests for url: https://api.kaggle.com/v1/competitions.CompetitionApiService/DownloadDataFile

  FAIL train_label_masks/78e15fff6ef70715b6f5b44caf905f97_mask.tiff: 429 Client Error: Too Many Requests for url: https://api.kaggle.com/v1/competitions.CompetitionApiService/DownloadDataFile

  FAIL train_label_masks/78e46173ed26ae262dc182236d017937_mask.tiff: 429 Client Error: Too Many Requests for url: https://api.kaggle.com/v1/competitions.CompetitionApiService/DownloadDataFile

  FAIL train_label_masks/78fa6eadfc403f3440ef91db24d387b6_mask.tiff: 429 Client Error: Too Many Requests for url: https://api.kaggle.com/v1/competitions.CompetitionApiService/DownloadDataFile

  FAIL train_label_masks/78fb9c534fe83124d15dfd2b64f62e17_mask.tiff: 429 Client Error: Too Many Requests for url: https://api.kaggle.com/v1/competitions.CompetitionApiService/DownloadDataFile

  FAIL train_label_masks/7907a6d9eb98127ed4906b37b5f52c7b_mask.tiff: 429 Client Error: Too Many Requests for url: https://api.kaggle.com/v1/competitions.CompetitionApiService/DownloadDataFile

  FAIL train_label_masks/79538de71a078ec7348f0340f8a7e995_mask.tiff: 429 Client Error: Too Many Requests for url: https://api.kaggle.com/v1/competitions.CompetitionApiService/DownloadDataFile

  FAIL train_label_masks/79651b24fbb072aba80cd457ccee57f8_mask.tiff: 429 Client Error: Too Many Requests for url: https://api.kaggle.com/v1/competitions.CompetitionApiService/DownloadDataFile

  FAIL train_label_masks/7982c501352a5974743b000378f161b8_mask.tiff: 429 Client Error: Too Many Requests for url: https://api.kaggle.com/v1/competitions.CompetitionApiService/DownloadDataFile

  FAIL train_label_masks/7989dc8593e576e3c44df1054d5d4686_mask.tiff: 429 Client Error: Too Many Requests for url: https://api.kaggle.com/v1/competitions.CompetitionApiService/DownloadDataFile

  FAIL train_label_masks/798b6d2cc34c30279d4155deebf16647_mask.tiff: 429 Client Error: Too Many Requests for url: https://api.kaggle.com/v1/competitions.CompetitionApiService/DownloadDataFile

  FAIL train_label_masks/798bad8db4b90b6a0c012465a8fbc344_mask.tiff: 429 Client Error: Too Many Requests for url: https://api.kaggle.com/v1/competitions.CompetitionApiService/DownloadDataFile

  FAIL train_label_masks/799cb4b13d53dcd60058a4dd35a933e6_mask.tiff: 429 Client Error: Too Many Requests for url: https://api.kaggle.com/v1/competitions.CompetitionApiService/DownloadDataFile

  FAIL train_label_masks/799e5493454e8e8e4f75d383846625b0_mask.tiff: 429 Client Error: Too Many Requests for url: https://api.kaggle.com/v1/competitions.CompetitionApiService/DownloadDataFile

  FAIL train_label_masks/79af987e53cfb0bf7187058829f811e0_mask.tiff: 429 Client Error: Too Many Requests for url: https://api.kaggle.com/v1/competitions.CompetitionApiService/DownloadDataFile

  FAIL train_label_masks/79b3f2787261e5c96b3c9bf9a33c7537_mask.tiff: 429 Client Error: Too Many Requests for url: https://api.kaggle.com/v1/competitions.CompetitionApiService/DownloadDataFile

  FAIL train_label_masks/79c0ed7b8274042a87f647a1e03d01e8_mask.tiff: 429 Client Error: Too Many Requests for url: https://api.kaggle.com/v1/competitions.CompetitionApiService/DownloadDataFile

  FAIL train_label_masks/79c8f162b231aebb6c639afa3f4395ae_mask.tiff: 429 Client Error: Too Many Requests for url: https://api.kaggle.com/v1/competitions.CompetitionApiService/DownloadDataFile

  FAIL train_label_masks/79d835c5885552240b7e7dd5a5201dde_mask.tiff: 429 Client Error: Too Many Requests for url: https://api.kaggle.com/v1/competitions.CompetitionApiService/DownloadDataFile

  FAIL train_label_masks/79f2a04c4e2d558d425dc137ca300e14_mask.tiff: 429 Client Error: Too Many Requests for url: https://api.kaggle.com/v1/competitions.CompetitionApiService/DownloadDataFile

  FAIL train_label_masks/7a037cc442f5e4795192c1631d5af535_mask.tiff: 429 Client Error: Too Many Requests for url: https://api.kaggle.com/v1/competitions.CompetitionApiService/DownloadDataFile

  FAIL train_label_masks/7a059d43b8f1c7c231a2257df8a1a9cb_mask.tiff: 429 Client Error: Too Many Requests for url: https://api.kaggle.com/v1/competitions.CompetitionApiService/DownloadDataFile

  FAIL train_label_masks/7a0a36bc6119e3d78474e6c8ca875725_mask.tiff: 429 Client Error: Too Many Requests for url: https://api.kaggle.com/v1/competitions.CompetitionApiService/DownloadDataFile

  FAIL train_label_masks/7a1b601b146af835cef2bc71ea599c65_mask.tiff: 429 Client Error: Too Many Requests for url: https://api.kaggle.com/v1/competitions.CompetitionApiService/DownloadDataFile

  FAIL train_label_masks/7a2980fb744ca6ea7a9b5d9fa4d838bb_mask.tiff: 429 Client Error: Too Many Requests for url: https://api.kaggle.com/v1/competitions.CompetitionApiService/DownloadDataFile

  FAIL train_label_masks/7a464bac7623466f449cbc7279d79f85_mask.tiff: 429 Client Error: Too Many Requests for url: https://api.kaggle.com/v1/competitions.CompetitionApiService/DownloadDataFile

  FAIL train_label_masks/7a7cf950c048a74193c9420df36cff77_mask.tiff: 429 Client Error: Too Many Requests for url: https://api.kaggle.com/v1/competitions.CompetitionApiService/DownloadDataFile

  FAIL train_label_masks/7a7df1b2eabf6a5b55cba56cd312fcc5_mask.tiff: 429 Client Error: Too Many Requests for url: https://api.kaggle.com/v1/competitions.CompetitionApiService/DownloadDataFile

  FAIL train_label_masks/7a8adc17b081d43dd1131c4a9fffdf01_mask.tiff: 429 Client Error: Too Many Requests for url: https://api.kaggle.com/v1/competitions.CompetitionApiService/DownloadDataFile

  FAIL train_label_masks/7ac75b11d166936c552ce33e170afd4a_mask.tiff: 429 Client Error: Too Many Requests for url: https://api.kaggle.com/v1/competitions.CompetitionApiService/DownloadDataFile

  FAIL train_label_masks/7acd16338dbb2d1fa02cd6f3b80436a3_mask.tiff: 429 Client Error: Too Many Requests for url: https://api.kaggle.com/v1/competitions.CompetitionApiService/DownloadDataFile

  FAIL train_label_masks/7ad575414ac3516485d5ed13602aa8b8_mask.tiff: 429 Client Error: Too Many Requests for url: https://api.kaggle.com/v1/competitions.CompetitionApiService/DownloadDataFile

  FAIL train_label_masks/7adbbe8f689e5d5c0593855b056f7019_mask.tiff: 429 Client Error: Too Many Requests for url: https://api.kaggle.com/v1/competitions.CompetitionApiService/DownloadDataFile

  FAIL train_label_masks/7ae412eda1a4203bb31484fdcdf0864d_mask.tiff: 429 Client Error: Too Many Requests for url: https://api.kaggle.com/v1/competitions.CompetitionApiService/DownloadDataFile

  FAIL train_label_masks/7af4089a1002c57b8418fffe9c9f2eee_mask.tiff: 429 Client Error: Too Many Requests for url: https://api.kaggle.com/v1/competitions.CompetitionApiService/DownloadDataFile

  FAIL train_label_masks/7af6609d5476131b9810df1ec0b4a037_mask.tiff: 429 Client Error: Too Many Requests for url: https://api.kaggle.com/v1/competitions.CompetitionApiService/DownloadDataFile

  FAIL train_label_masks/7b0067248bea443b4d8c135e4b626028_mask.tiff: 429 Client Error: Too Many Requests for url: https://api.kaggle.com/v1/competitions.CompetitionApiService/DownloadDataFile

  FAIL train_label_masks/7b167a43593cb2fcbdd16b62c995ea2c_mask.tiff: 429 Client Error: Too Many Requests for url: https://api.kaggle.com/v1/competitions.CompetitionApiService/DownloadDataFile

  FAIL train_label_masks/7b22fd3e61cb1d3649fa02db994ab146_mask.tiff: 429 Client Error: Too Many Requests for url: https://api.kaggle.com/v1/competitions.CompetitionApiService/DownloadDataFile

  FAIL train_label_masks/7b4620ce61fb768c0ad330e3bd9caacd_mask.tiff: 429 Client Error: Too Many Requests for url: https://api.kaggle.com/v1/competitions.CompetitionApiService/DownloadDataFile

  FAIL train_label_masks/7b5b2d7f86f7725b0ea4f0ed3b4807de_mask.tiff: 429 Client Error: Too Many Requests for url: https://api.kaggle.com/v1/competitions.CompetitionApiService/DownloadDataFile

  FAIL train_label_masks/7b5c303bc727db87d76486bc15084adf_mask.tiff: 429 Client Error: Too Many Requests for url: https://api.kaggle.com/v1/competitions.CompetitionApiService/DownloadDataFile

  FAIL train_label_masks/7b7884a293fae272689b6d18e245dbe7_mask.tiff: 429 Client Error: Too Many Requests for url: https://api.kaggle.com/v1/competitions.CompetitionApiService/DownloadDataFile

  FAIL train_label_masks/7b87b209b60e844a1b74a6e92edaa89b_mask.tiff: 429 Client Error: Too Many Requests for url: https://api.kaggle.com/v1/competitions.CompetitionApiService/DownloadDataFile

  FAIL train_label_masks/7b8d2f39e387bc0a54504377f8318247_mask.tiff: 429 Client Error: Too Many Requests for url: https://api.kaggle.com/v1/competitions.CompetitionApiService/DownloadDataFile

  FAIL train_label_masks/7baf8e46e8720b8b2d379d2ed3b776b2_mask.tiff: 429 Client Error: Too Many Requests for url: https://api.kaggle.com/v1/competitions.CompetitionApiService/DownloadDataFile

  FAIL train_label_masks/7bb1820c1aa24e37399fdf647a1ed64a_mask.tiff: 429 Client Error: Too Many Requests for url: https://api.kaggle.com/v1/competitions.CompetitionApiService/DownloadDataFile

  FAIL train_label_masks/7bb9269813e03e9e784a87f3a2486f04_mask.tiff: 429 Client Error: Too Many Requests for url: https://api.kaggle.com/v1/competitions.CompetitionApiService/DownloadDataFile

  FAIL train_label_masks/7bd0182b68e2eaafde6ed8ad0dd6e3bf_mask.tiff: 429 Client Error: Too Many Requests for url: https://api.kaggle.com/v1/competitions.CompetitionApiService/DownloadDataFile

  FAIL train_label_masks/7bd46f8d2cc1f459bd176828df350655_mask.tiff: 429 Client Error: Too Many Requests for url: https://api.kaggle.com/v1/competitions.CompetitionApiService/DownloadDataFile

  FAIL train_label_masks/7bdba25e2792ffaa6255a2d4914efe41_mask.tiff: 429 Client Error: Too Many Requests for url: https://api.kaggle.com/v1/competitions.CompetitionApiService/DownloadDataFile

  FAIL train_label_masks/7bed5662489bd913da7e9792f715c1ed_mask.tiff: 429 Client Error: Too Many Requests for url: https://api.kaggle.com/v1/competitions.CompetitionApiService/DownloadDataFile

  FAIL train_label_masks/7c03cedfde9bdd397d67c010fe7e61e2_mask.tiff: 429 Client Error: Too Many Requests for url: https://api.kaggle.com/v1/competitions.CompetitionApiService/DownloadDataFile

  FAIL train_label_masks/7c064b4fa48467ba6c1ff3b8a6c28bac_mask.tiff: 429 Client Error: Too Many Requests for url: https://api.kaggle.com/v1/competitions.CompetitionApiService/DownloadDataFile

  FAIL train_label_masks/7c0c6effa413bf976a309753c40f8bbe_mask.tiff: 429 Client Error: Too Many Requests for url: https://api.kaggle.com/v1/competitions.CompetitionApiService/DownloadDataFile

  FAIL train_label_masks/7c3ee27216049d5308310f02fba18dbb_mask.tiff: 429 Client Error: Too Many Requests for url: https://api.kaggle.com/v1/competitions.CompetitionApiService/DownloadDataFile

  FAIL train_label_masks/7c440d8eb7dbda63b0b45b7773fa8279_mask.tiff: 429 Client Error: Too Many Requests for url: https://api.kaggle.com/v1/competitions.CompetitionApiService/DownloadDataFile

  FAIL train_label_masks/7c6e364decc2c2e63a40ee36a1694770_mask.tiff: 429 Client Error: Too Many Requests for url: https://api.kaggle.com/v1/competitions.CompetitionApiService/DownloadDataFile

  FAIL train_label_masks/7c7189f32365e258a898eb268281337a_mask.tiff: 429 Client Error: Too Many Requests for url: https://api.kaggle.com/v1/competitions.CompetitionApiService/DownloadDataFile

  FAIL train_label_masks/7c79546e808a9c6ae95c15bfe3b4b590_mask.tiff: 429 Client Error: Too Many Requests for url: https://api.kaggle.com/v1/competitions.CompetitionApiService/DownloadDataFile

  FAIL train_label_masks/7c7ba4a041b9bedb14fd83e7da0ac6e2_mask.tiff: 429 Client Error: Too Many Requests for url: https://api.kaggle.com/v1/competitions.CompetitionApiService/DownloadDataFile

  FAIL train_label_masks/7c846f20f6dadd1b95311d19e120f438_mask.tiff: 429 Client Error: Too Many Requests for url: https://api.kaggle.com/v1/competitions.CompetitionApiService/DownloadDataFile

  FAIL train_label_masks/7c86ff19f62a250146e4a6c55168e0b9_mask.tiff: 429 Client Error: Too Many Requests for url: https://api.kaggle.com/v1/competitions.CompetitionApiService/DownloadDataFile

  FAIL train_label_masks/7c879895184685f2ade71c54e63960d8_mask.tiff: 429 Client Error: Too Many Requests for url: https://api.kaggle.com/v1/competitions.CompetitionApiService/DownloadDataFile

  FAIL train_label_masks/7c90a7a9ea4b644c26fa03ffd564676c_mask.tiff: 429 Client Error: Too Many Requests for url: https://api.kaggle.com/v1/competitions.CompetitionApiService/DownloadDataFile

  FAIL train_label_masks/7c9d2571c6ced829b53f37465b030c5b_mask.tiff: 429 Client Error: Too Many Requests for url: https://api.kaggle.com/v1/competitions.CompetitionApiService/DownloadDataFile

  FAIL train_label_masks/7c9f666901629ca31c8dad289aa18211_mask.tiff: 429 Client Error: Too Many Requests for url: https://api.kaggle.com/v1/competitions.CompetitionApiService/DownloadDataFile

  FAIL train_label_masks/7cbab4cb4f2b654dab01864409304a36_mask.tiff: 429 Client Error: Too Many Requests for url: https://api.kaggle.com/v1/competitions.CompetitionApiService/DownloadDataFile

  FAIL train_label_masks/7cbeecc6a98ff2a1f4acd69161732d52_mask.tiff: 429 Client Error: Too Many Requests for url: https://api.kaggle.com/v1/competitions.CompetitionApiService/DownloadDataFile

  FAIL train_label_masks/7cc3935f0c256daf77c943ca91f2fcd3_mask.tiff: 429 Client Error: Too Many Requests for url: https://api.kaggle.com/v1/competitions.CompetitionApiService/DownloadDataFile

  FAIL train_label_masks/7cda8336608881de4ecf64d5319721ec_mask.tiff: 429 Client Error: Too Many Requests for url: https://api.kaggle.com/v1/competitions.CompetitionApiService/DownloadDataFile

  FAIL train_label_masks/7d0ddf6bf84b1b3d6c8dafe1ab13c4ec_mask.tiff: 429 Client Error: Too Many Requests for url: https://api.kaggle.com/v1/competitions.CompetitionApiService/DownloadDataFile

  FAIL train_label_masks/7d1d9ad923a9f67ffbb27c9d3c62ab06_mask.tiff: 429 Client Error: Too Many Requests for url: https://api.kaggle.com/v1/competitions.CompetitionApiService/DownloadDataFile

  FAIL train_label_masks/7d300ac8ceabc7e29843d849dc54c474_mask.tiff: 429 Client Error: Too Many Requests for url: https://api.kaggle.com/v1/competitions.CompetitionApiService/DownloadDataFile

  FAIL train_label_masks/7d3af9f4ccc93603028c8bcacf2d4dff_mask.tiff: 429 Client Error: Too Many Requests for url: https://api.kaggle.com/v1/competitions.CompetitionApiService/DownloadDataFile

  FAIL train_label_masks/7d579241dab0290d2f36f36ef460a5fb_mask.tiff: 429 Client Error: Too Many Requests for url: https://api.kaggle.com/v1/competitions.CompetitionApiService/DownloadDataFile

  FAIL train_label_masks/7d581d0082d6ee0a32165b0f8fe216d8_mask.tiff: 429 Client Error: Too Many Requests for url: https://api.kaggle.com/v1/competitions.CompetitionApiService/DownloadDataFile

  FAIL train_label_masks/7d5dbfb91ce9be33221e4ba9358326fd_mask.tiff: 429 Client Error: Too Many Requests for url: https://api.kaggle.com/v1/competitions.CompetitionApiService/DownloadDataFile

  FAIL train_label_masks/7d60fa34382d46eddec04ec8acb4cb52_mask.tiff: 429 Client Error: Too Many Requests for url: https://api.kaggle.com/v1/competitions.CompetitionApiService/DownloadDataFile

  FAIL train_label_masks/7d61619d2dfb5efc0f22a4d48775698d_mask.tiff: 429 Client Error: Too Many Requests for url: https://api.kaggle.com/v1/competitions.CompetitionApiService/DownloadDataFile

  FAIL train_label_masks/7d75d4e19e3190f348b45a143b777862_mask.tiff: 429 Client Error: Too Many Requests for url: https://api.kaggle.com/v1/competitions.CompetitionApiService/DownloadDataFile

  FAIL train_label_masks/7d80be46df79c4afb186fc953f934399_mask.tiff: 429 Client Error: Too Many Requests for url: https://api.kaggle.com/v1/competitions.CompetitionApiService/DownloadDataFile

  FAIL train_label_masks/7d86c5e09004e3016838f192ecaac540_mask.tiff: 429 Client Error: Too Many Requests for url: https://api.kaggle.com/v1/competitions.CompetitionApiService/DownloadDataFile

  FAIL train_label_masks/7d86f8993e77d4f99ed19b2965d5067d_mask.tiff: 429 Client Error: Too Many Requests for url: https://api.kaggle.com/v1/competitions.CompetitionApiService/DownloadDataFile

  FAIL train_label_masks/7d87113027d6155a406eb732e2355040_mask.tiff: 429 Client Error: Too Many Requests for url: https://api.kaggle.com/v1/competitions.CompetitionApiService/DownloadDataFile

  FAIL train_label_masks/7db49c48802f5608f38c993982b1dcec_mask.tiff: 429 Client Error: Too Many Requests for url: https://api.kaggle.com/v1/competitions.CompetitionApiService/DownloadDataFile

  FAIL train_label_masks/7dc96e4c875886e486b787b3787249ac_mask.tiff: 429 Client Error: Too Many Requests for url: https://api.kaggle.com/v1/competitions.CompetitionApiService/DownloadDataFile

  FAIL train_label_masks/7dcb52d4a04fcb59f5596ca381ffad29_mask.tiff: 429 Client Error: Too Many Requests for url: https://api.kaggle.com/v1/competitions.CompetitionApiService/DownloadDataFile

  FAIL train_label_masks/7dd4b4c937f8c0ceb6a30e25391f45bf_mask.tiff: 429 Client Error: Too Many Requests for url: https://api.kaggle.com/v1/competitions.CompetitionApiService/DownloadDataFile

  FAIL train_label_masks/7de19911779711a8dd86be6f3e888910_mask.tiff: 429 Client Error: Too Many Requests for url: https://api.kaggle.com/v1/competitions.CompetitionApiService/DownloadDataFile

  FAIL train_label_masks/7df260d73a124534f81a62768190ba8b_mask.tiff: 429 Client Error: Too Many Requests for url: https://api.kaggle.com/v1/competitions.CompetitionApiService/DownloadDataFile

  FAIL train_label_masks/7e059274c3afb96b3a33191c804d5a0f_mask.tiff: 429 Client Error: Too Many Requests for url: https://api.kaggle.com/v1/competitions.CompetitionApiService/DownloadDataFile

  FAIL train_label_masks/7e1474b005f731b6948e86fddcee7541_mask.tiff: 429 Client Error: Too Many Requests for url: https://api.kaggle.com/v1/competitions.CompetitionApiService/DownloadDataFile

  FAIL train_label_masks/7e26b6fec976755158177577cf4c9183_mask.tiff: 429 Client Error: Too Many Requests for url: https://api.kaggle.com/v1/competitions.CompetitionApiService/DownloadDataFile

  FAIL train_label_masks/7e33e3ef6468638fc307b42f5b78e98e_mask.tiff: 429 Client Error: Too Many Requests for url: https://api.kaggle.com/v1/competitions.CompetitionApiService/DownloadDataFile

  FAIL train_label_masks/7e424dff3f544c36ace6d9219aea34ef_mask.tiff: 429 Client Error: Too Many Requests for url: https://api.kaggle.com/v1/competitions.CompetitionApiService/DownloadDataFile

  FAIL train_label_masks/7e43dec1572c29fac7a8e6ed7905e927_mask.tiff: 429 Client Error: Too Many Requests for url: https://api.kaggle.com/v1/competitions.CompetitionApiService/DownloadDataFile

  FAIL train_label_masks/7e6194d098fcf07efafbe3803cb4c321_mask.tiff: 429 Client Error: Too Many Requests for url: https://api.kaggle.com/v1/competitions.CompetitionApiService/DownloadDataFile

  FAIL train_label_masks/7e69ef88f9064f2df373d006968ca5a6_mask.tiff: 429 Client Error: Too Many Requests for url: https://api.kaggle.com/v1/competitions.CompetitionApiService/DownloadDataFile

  FAIL train_label_masks/7e77e55ae8c546ed11cf6ffd04dda106_mask.tiff: 429 Client Error: Too Many Requests for url: https://api.kaggle.com/v1/competitions.CompetitionApiService/DownloadDataFile

  FAIL train_label_masks/7e7c7d39cc9b962c510facf7b92e676d_mask.tiff: 429 Client Error: Too Many Requests for url: https://api.kaggle.com/v1/competitions.CompetitionApiService/DownloadDataFile

  FAIL train_label_masks/7e7e6dac3271a6cad2744ae393328a36_mask.tiff: 429 Client Error: Too Many Requests for url: https://api.kaggle.com/v1/competitions.CompetitionApiService/DownloadDataFile

  FAIL train_label_masks/7e8136cda906272497595cfb2088f4c4_mask.tiff: 429 Client Error: Too Many Requests for url: https://api.kaggle.com/v1/competitions.CompetitionApiService/DownloadDataFile

  FAIL train_label_masks/7eb79f3619425b7b26f3acb5de6c3fda_mask.tiff: 429 Client Error: Too Many Requests for url: https://api.kaggle.com/v1/competitions.CompetitionApiService/DownloadDataFile

  FAIL train_label_masks/7ec4b5a5d165debf9e06aba787d1ab7a_mask.tiff: 429 Client Error: Too Many Requests for url: https://api.kaggle.com/v1/competitions.CompetitionApiService/DownloadDataFile

  FAIL train_label_masks/7ec551736c90480bb8a6fafa54f3bf97_mask.tiff: 429 Client Error: Too Many Requests for url: https://api.kaggle.com/v1/competitions.CompetitionApiService/DownloadDataFile

  FAIL train_label_masks/7ee441bf99f40865e465910785ea56ce_mask.tiff: 429 Client Error: Too Many Requests for url: https://api.kaggle.com/v1/competitions.CompetitionApiService/DownloadDataFile

  FAIL train_label_masks/7ee503e117d755f91a4a5f75f643cb23_mask.tiff: 429 Client Error: Too Many Requests for url: https://api.kaggle.com/v1/competitions.CompetitionApiService/DownloadDataFile

  FAIL train_label_masks/7ef96252ee2a1ffe86730b31a54d12bc_mask.tiff: 429 Client Error: Too Many Requests for url: https://api.kaggle.com/v1/competitions.CompetitionApiService/DownloadDataFile

  FAIL train_label_masks/7efadcaf19d41014a98b2af2c491d458_mask.tiff: 429 Client Error: Too Many Requests for url: https://api.kaggle.com/v1/competitions.CompetitionApiService/DownloadDataFile

  FAIL train_label_masks/7efede6ad0155034347d7f2b9e50f2c7_mask.tiff: 429 Client Error: Too Many Requests for url: https://api.kaggle.com/v1/competitions.CompetitionApiService/DownloadDataFile

  FAIL train_label_masks/7f15c706a91ae8c7ccbfaae1897aa024_mask.tiff: 429 Client Error: Too Many Requests for url: https://api.kaggle.com/v1/competitions.CompetitionApiService/DownloadDataFile

  FAIL train_label_masks/7f4419ddb342092c27f745f7962fa7cd_mask.tiff: 429 Client Error: Too Many Requests for url: https://api.kaggle.com/v1/competitions.CompetitionApiService/DownloadDataFile

  FAIL train_label_masks/7f46d3906c54e47d26aa7d3114b36a9d_mask.tiff: 429 Client Error: Too Many Requests for url: https://api.kaggle.com/v1/competitions.CompetitionApiService/DownloadDataFile

  FAIL train_label_masks/7f57053f651025603c6b4246acd0ba54_mask.tiff: 429 Client Error: Too Many Requests for url: https://api.kaggle.com/v1/competitions.CompetitionApiService/DownloadDataFile

  FAIL train_label_masks/7f67cf96a4d9f32131fee1d436ecacc0_mask.tiff: 429 Client Error: Too Many Requests for url: https://api.kaggle.com/v1/competitions.CompetitionApiService/DownloadDataFile

  FAIL train_label_masks/7f79542601ada0fb6c5817169652ad93_mask.tiff: 429 Client Error: Too Many Requests for url: https://api.kaggle.com/v1/competitions.CompetitionApiService/DownloadDataFile

  FAIL train_label_masks/7f8e10f3342e3763a4251fbde58ba92e_mask.tiff: 429 Client Error: Too Many Requests for url: https://api.kaggle.com/v1/competitions.CompetitionApiService/DownloadDataFile

  FAIL train_label_masks/7f99c8b70a5d283079d10fefeae1d8a5_mask.tiff: 429 Client Error: Too Many Requests for url: https://api.kaggle.com/v1/competitions.CompetitionApiService/DownloadDataFile

  FAIL train_label_masks/7fa4634ab59a7832bc877fef162eacaa_mask.tiff: 429 Client Error: Too Many Requests for url: https://api.kaggle.com/v1/competitions.CompetitionApiService/DownloadDataFile

  FAIL train_label_masks/7fbd12db8dceaec4f97268f44853fc57_mask.tiff: 429 Client Error: Too Many Requests for url: https://api.kaggle.com/v1/competitions.CompetitionApiService/DownloadDataFile

  FAIL train_label_masks/7fd7f2b3b421239d1874a2feaf76af8b_mask.tiff: 429 Client Error: Too Many Requests for url: https://api.kaggle.com/v1/competitions.CompetitionApiService/DownloadDataFile

  FAIL train_label_masks/7fdda19fabed1c92c7ec50194dc96371_mask.tiff: 429 Client Error: Too Many Requests for url: https://api.kaggle.com/v1/competitions.CompetitionApiService/DownloadDataFile

  FAIL train_label_masks/7fe78b22d81b42d3bc08fca264448aa0_mask.tiff: 429 Client Error: Too Many Requests for url: https://api.kaggle.com/v1/competitions.CompetitionApiService/DownloadDataFile

  FAIL train_label_masks/8001484017154333b90372d0055508b8_mask.tiff: 429 Client Error: Too Many Requests for url: https://api.kaggle.com/v1/competitions.CompetitionApiService/DownloadDataFile

  FAIL train_label_masks/80037713c44260079fb5ffb8474aa9e2_mask.tiff: 429 Client Error: Too Many Requests for url: https://api.kaggle.com/v1/competitions.CompetitionApiService/DownloadDataFile

  FAIL train_label_masks/8013d514fff8374e2f0435f808a57d8e_mask.tiff: 429 Client Error: Too Many Requests for url: https://api.kaggle.com/v1/competitions.CompetitionApiService/DownloadDataFile

  FAIL train_label_masks/80175c7d26a0677a08f54c5b66af1555_mask.tiff: 429 Client Error: Too Many Requests for url: https://api.kaggle.com/v1/competitions.CompetitionApiService/DownloadDataFile

  FAIL train_label_masks/8033d6e0a204cb0881b3edea38f6167a_mask.tiff: 429 Client Error: Too Many Requests for url: https://api.kaggle.com/v1/competitions.CompetitionApiService/DownloadDataFile

  FAIL train_label_masks/8035c40dd9e78b21e6fdf6461613fb48_mask.tiff: 429 Client Error: Too Many Requests for url: https://api.kaggle.com/v1/competitions.CompetitionApiService/DownloadDataFile

  FAIL train_label_masks/80628cfdceb87d93ff1bc91e23fb5c92_mask.tiff: 429 Client Error: Too Many Requests for url: https://api.kaggle.com/v1/competitions.CompetitionApiService/DownloadDataFile

  FAIL train_label_masks/80645c22c26e113e14fd16a0fa837f54_mask.tiff: 429 Client Error: Too Many Requests for url: https://api.kaggle.com/v1/competitions.CompetitionApiService/DownloadDataFile

  FAIL train_label_masks/8065167dbab09db4ff16c3a34da435b8_mask.tiff: 429 Client Error: Too Many Requests for url: https://api.kaggle.com/v1/competitions.CompetitionApiService/DownloadDataFile

  FAIL train_label_masks/80705f12096390b55d4445485bae5eba_mask.tiff: 429 Client Error: Too Many Requests for url: https://api.kaggle.com/v1/competitions.CompetitionApiService/DownloadDataFile

  FAIL train_label_masks/808b08eee6fcba85c15f66c78d2ad293_mask.tiff: 429 Client Error: Too Many Requests for url: https://api.kaggle.com/v1/competitions.CompetitionApiService/DownloadDataFile

  FAIL train_label_masks/80983c7885cd02c9e9df539b58add687_mask.tiff: 429 Client Error: Too Many Requests for url: https://api.kaggle.com/v1/competitions.CompetitionApiService/DownloadDataFile

  FAIL train_label_masks/80a9fb86cc68aade057a0e680f3e5c0a_mask.tiff: 429 Client Error: Too Many Requests for url: https://api.kaggle.com/v1/competitions.CompetitionApiService/DownloadDataFile

  FAIL train_label_masks/80b57cbfbaa4a0565a5e4839c24223b6_mask.tiff: 429 Client Error: Too Many Requests for url: https://api.kaggle.com/v1/competitions.CompetitionApiService/DownloadDataFile

  FAIL train_label_masks/80b59404657a6290a06e8902430be7fc_mask.tiff: 429 Client Error: Too Many Requests for url: https://api.kaggle.com/v1/competitions.CompetitionApiService/DownloadDataFile

  FAIL train_label_masks/80ba4043de65596c18e5c0c1d5e3a29d_mask.tiff: 429 Client Error: Too Many Requests for url: https://api.kaggle.com/v1/competitions.CompetitionApiService/DownloadDataFile

  FAIL train_label_masks/80c676be159548673ff236d808209e33_mask.tiff: 429 Client Error: Too Many Requests for url: https://api.kaggle.com/v1/competitions.CompetitionApiService/DownloadDataFile

  FAIL train_label_masks/80c69b5f428d37636414e89a0adaf228_mask.tiff: 429 Client Error: Too Many Requests for url: https://api.kaggle.com/v1/competitions.CompetitionApiService/DownloadDataFile

  FAIL train_label_masks/80e3e86105889bdd720cc50a512cef2f_mask.tiff: 429 Client Error: Too Many Requests for url: https://api.kaggle.com/v1/competitions.CompetitionApiService/DownloadDataFile

  FAIL train_label_masks/80e4dd1d33d2559f42068e45284d527f_mask.tiff: 429 Client Error: Too Many Requests for url: https://api.kaggle.com/v1/competitions.CompetitionApiService/DownloadDataFile

  FAIL train_label_masks/80f7cfb8ff20d9aa8eebcd541d0d5fd4_mask.tiff: 429 Client Error: Too Many Requests for url: https://api.kaggle.com/v1/competitions.CompetitionApiService/DownloadDataFile

  FAIL train_label_masks/80fb0f7ade621da69c54fad193c70212_mask.tiff: 429 Client Error: Too Many Requests for url: https://api.kaggle.com/v1/competitions.CompetitionApiService/DownloadDataFile

  FAIL train_label_masks/810146d1299127c8a68efd9925fd1563_mask.tiff: 429 Client Error: Too Many Requests for url: https://api.kaggle.com/v1/competitions.CompetitionApiService/DownloadDataFile

  FAIL train_label_masks/810482a949cbe7f5cd785a1dd9f0122c_mask.tiff: 429 Client Error: Too Many Requests for url: https://api.kaggle.com/v1/competitions.CompetitionApiService/DownloadDataFile

  FAIL train_label_masks/812a1113758fbc57bd0dfd6fd6d9a1a4_mask.tiff: 429 Client Error: Too Many Requests for url: https://api.kaggle.com/v1/competitions.CompetitionApiService/DownloadDataFile

  FAIL train_label_masks/813691e100f1c3df95efc0113bf36e48_mask.tiff: 429 Client Error: Too Many Requests for url: https://api.kaggle.com/v1/competitions.CompetitionApiService/DownloadDataFile

  FAIL train_label_masks/8143e5473a650fd79750a6b4cf7c52e1_mask.tiff: 429 Client Error: Too Many Requests for url: https://api.kaggle.com/v1/competitions.CompetitionApiService/DownloadDataFile

  FAIL train_label_masks/814e03e0dabe52a24961a88e331c43f7_mask.tiff: 429 Client Error: Too Many Requests for url: https://api.kaggle.com/v1/competitions.CompetitionApiService/DownloadDataFile

  FAIL train_label_masks/815c0f16b5b809d54293c6c981c7daba_mask.tiff: 429 Client Error: Too Many Requests for url: https://api.kaggle.com/v1/competitions.CompetitionApiService/DownloadDataFile

  FAIL train_label_masks/81750e90bca04910ea17513321e4a204_mask.tiff: 429 Client Error: Too Many Requests for url: https://api.kaggle.com/v1/competitions.CompetitionApiService/DownloadDataFile

  FAIL train_label_masks/8179b356509349b2d8ecae80e6a4a826_mask.tiff: 429 Client Error: Too Many Requests for url: https://api.kaggle.com/v1/competitions.CompetitionApiService/DownloadDataFile

  FAIL train_label_masks/81862fbd04fd29d4ce360c92e7663b7f_mask.tiff: 429 Client Error: Too Many Requests for url: https://api.kaggle.com/v1/competitions.CompetitionApiService/DownloadDataFile

  FAIL train_label_masks/819253f1316d7cf6bdc41f8634e4b92f_mask.tiff: 429 Client Error: Too Many Requests for url: https://api.kaggle.com/v1/competitions.CompetitionApiService/DownloadDataFile

  FAIL train_label_masks/819d52e0a7764b66c39bc55875e71ba8_mask.tiff: 429 Client Error: Too Many Requests for url: https://api.kaggle.com/v1/competitions.CompetitionApiService/DownloadDataFile

  FAIL train_label_masks/81adb00db7e7b3034900a1f95a4dc257_mask.tiff: 429 Client Error: Too Many Requests for url: https://api.kaggle.com/v1/competitions.CompetitionApiService/DownloadDataFile

  FAIL train_label_masks/81b61c22e893d8f7d5d9a32e6ff1bc3c_mask.tiff: 429 Client Error: Too Many Requests for url: https://api.kaggle.com/v1/competitions.CompetitionApiService/DownloadDataFile

  FAIL train_label_masks/81b6b10c60f38572abf01c112ca59646_mask.tiff: 429 Client Error: Too Many Requests for url: https://api.kaggle.com/v1/competitions.CompetitionApiService/DownloadDataFile

  FAIL train_label_masks/81cdd8883ff6f9a18e75f2085db633be_mask.tiff: 429 Client Error: Too Many Requests for url: https://api.kaggle.com/v1/competitions.CompetitionApiService/DownloadDataFile

  FAIL train_label_masks/81d80ab1d978f1669977d2185e798d56_mask.tiff: 429 Client Error: Too Many Requests for url: https://api.kaggle.com/v1/competitions.CompetitionApiService/DownloadDataFile

  FAIL train_label_masks/81d946312f17a79100cf3471da48ac9b_mask.tiff: 429 Client Error: Too Many Requests for url: https://api.kaggle.com/v1/competitions.CompetitionApiService/DownloadDataFile

  FAIL train_label_masks/821b7c89e5f5879c21cefcdeb0df1657_mask.tiff: 429 Client Error: Too Many Requests for url: https://api.kaggle.com/v1/competitions.CompetitionApiService/DownloadDataFile

  FAIL train_label_masks/823097b40e8a02f6e06021b87322fc58_mask.tiff: 429 Client Error: Too Many Requests for url: https://api.kaggle.com/v1/competitions.CompetitionApiService/DownloadDataFile

  FAIL train_label_masks/8245e742febd6314e31245fb410ac00c_mask.tiff: 429 Client Error: Too Many Requests for url: https://api.kaggle.com/v1/competitions.CompetitionApiService/DownloadDataFile

  FAIL train_label_masks/824dfb4e8eb256cde52493d8667bfe10_mask.tiff: 429 Client Error: Too Many Requests for url: https://api.kaggle.com/v1/competitions.CompetitionApiService/DownloadDataFile

  FAIL train_label_masks/825c6002ff3ab0e041ebd7025ba41b4f_mask.tiff: 429 Client Error: Too Many Requests for url: https://api.kaggle.com/v1/competitions.CompetitionApiService/DownloadDataFile

  FAIL train_label_masks/8271c1f76156a5ba7e5f4f84155dffff_mask.tiff: 429 Client Error: Too Many Requests for url: https://api.kaggle.com/v1/competitions.CompetitionApiService/DownloadDataFile

  FAIL train_label_masks/82896ceb267497b41fe1d8271ecf0a6e_mask.tiff: 429 Client Error: Too Many Requests for url: https://api.kaggle.com/v1/competitions.CompetitionApiService/DownloadDataFile

  FAIL train_label_masks/828b6eff01c7a265a2f6812b89744860_mask.tiff: 429 Client Error: Too Many Requests for url: https://api.kaggle.com/v1/competitions.CompetitionApiService/DownloadDataFile

  FAIL train_label_masks/8299e52f9a53b39407d0950456562add_mask.tiff: 429 Client Error: Too Many Requests for url: https://api.kaggle.com/v1/competitions.CompetitionApiService/DownloadDataFile

  FAIL train_label_masks/82b8e31cf5bd59934af005c609d05e64_mask.tiff: 429 Client Error: Too Many Requests for url: https://api.kaggle.com/v1/competitions.CompetitionApiService/DownloadDataFile

  FAIL train_label_masks/82c289e2fb53713789599f77cf368bc6_mask.tiff: 429 Client Error: Too Many Requests for url: https://api.kaggle.com/v1/competitions.CompetitionApiService/DownloadDataFile

  FAIL train_label_masks/82dae0379e4a414709c98eb12dd5e711_mask.tiff: 429 Client Error: Too Many Requests for url: https://api.kaggle.com/v1/competitions.CompetitionApiService/DownloadDataFile

  FAIL train_label_masks/82f05aada3c46211732c067b8a63a6cc_mask.tiff: 429 Client Error: Too Many Requests for url: https://api.kaggle.com/v1/competitions.CompetitionApiService/DownloadDataFile

  FAIL train_label_masks/82f3e320faea249555b7b85c7cb4d071_mask.tiff: 429 Client Error: Too Many Requests for url: https://api.kaggle.com/v1/competitions.CompetitionApiService/DownloadDataFile

  FAIL train_label_masks/82fbcd590d5506b7ce1122ee7159449d_mask.tiff: 429 Client Error: Too Many Requests for url: https://api.kaggle.com/v1/competitions.CompetitionApiService/DownloadDataFile

  FAIL train_label_masks/8302a3549f2fd5a7bf56ee2b26706bc1_mask.tiff: 429 Client Error: Too Many Requests for url: https://api.kaggle.com/v1/competitions.CompetitionApiService/DownloadDataFile

  FAIL train_label_masks/830a3227ef20baac63414e821f96f740_mask.tiff: 429 Client Error: Too Many Requests for url: https://api.kaggle.com/v1/competitions.CompetitionApiService/DownloadDataFile

  FAIL train_label_masks/83300a2310d4bcca4194a54e5c276af0_mask.tiff: 429 Client Error: Too Many Requests for url: https://api.kaggle.com/v1/competitions.CompetitionApiService/DownloadDataFile

  FAIL train_label_masks/8334f4fbcf2dc31f0142d5b66ec36400_mask.tiff: 429 Client Error: Too Many Requests for url: https://api.kaggle.com/v1/competitions.CompetitionApiService/DownloadDataFile

  FAIL train_label_masks/833808e99964a029c6d6fc2bc156fad2_mask.tiff: 429 Client Error: Too Many Requests for url: https://api.kaggle.com/v1/competitions.CompetitionApiService/DownloadDataFile

  FAIL train_label_masks/83388ee25283c6bdc0cd5ed50b5fb50d_mask.tiff: 429 Client Error: Too Many Requests for url: https://api.kaggle.com/v1/competitions.CompetitionApiService/DownloadDataFile

  FAIL train_label_masks/835061458363b1b59aeb19f3a5d3e879_mask.tiff: 429 Client Error: Too Many Requests for url: https://api.kaggle.com/v1/competitions.CompetitionApiService/DownloadDataFile

  FAIL train_label_masks/835c2db7726b399c38e5e53f1c326ab6_mask.tiff: 429 Client Error: Too Many Requests for url: https://api.kaggle.com/v1/competitions.CompetitionApiService/DownloadDataFile

  FAIL train_label_masks/8364aaf55439cd2b1207b7bfa35d79a2_mask.tiff: 429 Client Error: Too Many Requests for url: https://api.kaggle.com/v1/competitions.CompetitionApiService/DownloadDataFile

  FAIL train_label_masks/83661e7cf8613383d40115b08568fef6_mask.tiff: 429 Client Error: Too Many Requests for url: https://api.kaggle.com/v1/competitions.CompetitionApiService/DownloadDataFile

  FAIL train_label_masks/836a1e6bea9fcd4f2c65d958fc2a7935_mask.tiff: 429 Client Error: Too Many Requests for url: https://api.kaggle.com/v1/competitions.CompetitionApiService/DownloadDataFile

  FAIL train_label_masks/838e413e9561b104afa20bdd1d02f8ae_mask.tiff: 429 Client Error: Too Many Requests for url: https://api.kaggle.com/v1/competitions.CompetitionApiService/DownloadDataFile

  FAIL train_label_masks/839955471941b6d2dffa2c4768fc3166_mask.tiff: 429 Client Error: Too Many Requests for url: https://api.kaggle.com/v1/competitions.CompetitionApiService/DownloadDataFile

  FAIL train_label_masks/83b8997aa1ebef2e386f3daf89226538_mask.tiff: 429 Client Error: Too Many Requests for url: https://api.kaggle.com/v1/competitions.CompetitionApiService/DownloadDataFile

  FAIL train_label_masks/83c1a647fece3c47e101b9e53b1fff0a_mask.tiff: 429 Client Error: Too Many Requests for url: https://api.kaggle.com/v1/competitions.CompetitionApiService/DownloadDataFile

  FAIL train_label_masks/83cc96d7745a5a6d2e27c4dcdc9431f8_mask.tiff: 429 Client Error: Too Many Requests for url: https://api.kaggle.com/v1/competitions.CompetitionApiService/DownloadDataFile

  FAIL train_label_masks/83d0de668184afcde783b9922ec962b1_mask.tiff: 429 Client Error: Too Many Requests for url: https://api.kaggle.com/v1/competitions.CompetitionApiService/DownloadDataFile

  FAIL train_label_masks/83f94c8caeae1de1d931051fd1dec5c6_mask.tiff: 429 Client Error: Too Many Requests for url: https://api.kaggle.com/v1/competitions.CompetitionApiService/DownloadDataFile

  FAIL train_label_masks/83ff615957c966e2f9defbc4339196a3_mask.tiff: 429 Client Error: Too Many Requests for url: https://api.kaggle.com/v1/competitions.CompetitionApiService/DownloadDataFile

  FAIL train_label_masks/8410fae68bb5de5c8c1b080810903bed_mask.tiff: 429 Client Error: Too Many Requests for url: https://api.kaggle.com/v1/competitions.CompetitionApiService/DownloadDataFile

  FAIL train_label_masks/84110cd444dd25fd974e0cdcd1df8065_mask.tiff: 429 Client Error: Too Many Requests for url: https://api.kaggle.com/v1/competitions.CompetitionApiService/DownloadDataFile

  FAIL train_label_masks/84135442a04a1324138d1df78ed185d3_mask.tiff: 429 Client Error: Too Many Requests for url: https://api.kaggle.com/v1/competitions.CompetitionApiService/DownloadDataFile

  FAIL train_label_masks/8423df90dddd142668c18b6ab5ff7f17_mask.tiff: 429 Client Error: Too Many Requests for url: https://api.kaggle.com/v1/competitions.CompetitionApiService/DownloadDataFile

  FAIL train_label_masks/842f019a8604e0323ab1a9fe53814f54_mask.tiff: 429 Client Error: Too Many Requests for url: https://api.kaggle.com/v1/competitions.CompetitionApiService/DownloadDataFile

  FAIL train_label_masks/8434a27f3a5aa65aac6fd2728c31297e_mask.tiff: 429 Client Error: Too Many Requests for url: https://api.kaggle.com/v1/competitions.CompetitionApiService/DownloadDataFile

  FAIL train_label_masks/84405e9c0ebeae71e44866948dbb6e92_mask.tiff: 429 Client Error: Too Many Requests for url: https://api.kaggle.com/v1/competitions.CompetitionApiService/DownloadDataFile

  FAIL train_label_masks/846ffdd927cf1a58e0c5a2507e83d85f_mask.tiff: 429 Client Error: Too Many Requests for url: https://api.kaggle.com/v1/competitions.CompetitionApiService/DownloadDataFile

  FAIL train_label_masks/847c0798ac88eb76035bab0da44cb71c_mask.tiff: 429 Client Error: Too Many Requests for url: https://api.kaggle.com/v1/competitions.CompetitionApiService/DownloadDataFile

  FAIL train_label_masks/847db624a7a975df11caca3c97743359_mask.tiff: 429 Client Error: Too Many Requests for url: https://api.kaggle.com/v1/competitions.CompetitionApiService/DownloadDataFile

  FAIL train_label_masks/848811eccf00a2b215360b0a94e581f5_mask.tiff: 429 Client Error: Too Many Requests for url: https://api.kaggle.com/v1/competitions.CompetitionApiService/DownloadDataFile

  FAIL train_label_masks/8488c41966af627575818380e131ffa4_mask.tiff: 429 Client Error: Too Many Requests for url: https://api.kaggle.com/v1/competitions.CompetitionApiService/DownloadDataFile

  FAIL train_label_masks/848d1942cc5b7feb97cc03d3ad08d6f9_mask.tiff: 429 Client Error: Too Many Requests for url: https://api.kaggle.com/v1/competitions.CompetitionApiService/DownloadDataFile

  FAIL train_label_masks/8495f8040d55ab4ac000fd91a137b0e1_mask.tiff: 429 Client Error: Too Many Requests for url: https://api.kaggle.com/v1/competitions.CompetitionApiService/DownloadDataFile

  FAIL train_label_masks/84a64d55903e7dfbad5e59693be25669_mask.tiff: 429 Client Error: Too Many Requests for url: https://api.kaggle.com/v1/competitions.CompetitionApiService/DownloadDataFile

  FAIL train_label_masks/84ac33bcd6d2f5efd71db64edf8dcd8b_mask.tiff: 429 Client Error: Too Many Requests for url: https://api.kaggle.com/v1/competitions.CompetitionApiService/DownloadDataFile

  FAIL train_label_masks/84ae5b7bd213e53668fa2eeba29ac60d_mask.tiff: 429 Client Error: Too Many Requests for url: https://api.kaggle.com/v1/competitions.CompetitionApiService/DownloadDataFile

  FAIL train_label_masks/84b1bdc06545ca9128c924dbc0b87715_mask.tiff: 429 Client Error: Too Many Requests for url: https://api.kaggle.com/v1/competitions.CompetitionApiService/DownloadDataFile

  FAIL train_label_masks/84bc390199b8e7466a020ca6abe11852_mask.tiff: 429 Client Error: Too Many Requests for url: https://api.kaggle.com/v1/competitions.CompetitionApiService/DownloadDataFile

  FAIL train_label_masks/84c489d89dcbf2ceeba8a30147b9e79b_mask.tiff: 429 Client Error: Too Many Requests for url: https://api.kaggle.com/v1/competitions.CompetitionApiService/DownloadDataFile

  FAIL train_label_masks/84d0f286cb639e7ceb3b185c62776100_mask.tiff: 429 Client Error: Too Many Requests for url: https://api.kaggle.com/v1/competitions.CompetitionApiService/DownloadDataFile

  FAIL train_label_masks/84da53ac6f8828a494a0a8c52a6cd158_mask.tiff: 429 Client Error: Too Many Requests for url: https://api.kaggle.com/v1/competitions.CompetitionApiService/DownloadDataFile

  FAIL train_label_masks/84ddef23ac361e8977e4673ac116b6dd_mask.tiff: 429 Client Error: Too Many Requests for url: https://api.kaggle.com/v1/competitions.CompetitionApiService/DownloadDataFile

  FAIL train_label_masks/84def2e319d3289cb0bda6a3d252ec55_mask.tiff: 429 Client Error: Too Many Requests for url: https://api.kaggle.com/v1/competitions.CompetitionApiService/DownloadDataFile

  FAIL train_label_masks/84ea71bf97d02addf393ea467a336996_mask.tiff: 429 Client Error: Too Many Requests for url: https://api.kaggle.com/v1/competitions.CompetitionApiService/DownloadDataFile

  FAIL train_label_masks/84f098dc3c4bbd751d9f5e66098bbeca_mask.tiff: 429 Client Error: Too Many Requests for url: https://api.kaggle.com/v1/competitions.CompetitionApiService/DownloadDataFile

  FAIL train_label_masks/84f400518ff3cba2786849ea4dc3bbfb_mask.tiff: 429 Client Error: Too Many Requests for url: https://api.kaggle.com/v1/competitions.CompetitionApiService/DownloadDataFile

  FAIL train_label_masks/85023ba8cc7feea2e418d107c5bb8e92_mask.tiff: 429 Client Error: Too Many Requests for url: https://api.kaggle.com/v1/competitions.CompetitionApiService/DownloadDataFile

  FAIL train_label_masks/8504a3bbeddc6147fe6b69c68100e3d3_mask.tiff: 429 Client Error: Too Many Requests for url: https://api.kaggle.com/v1/competitions.CompetitionApiService/DownloadDataFile

  FAIL train_label_masks/850b9fffc6972f75431db42dd07845a9_mask.tiff: 429 Client Error: Too Many Requests for url: https://api.kaggle.com/v1/competitions.CompetitionApiService/DownloadDataFile

  FAIL train_label_masks/8520e95c49091fe5676146fcedfb3793_mask.tiff: 429 Client Error: Too Many Requests for url: https://api.kaggle.com/v1/competitions.CompetitionApiService/DownloadDataFile

  FAIL train_label_masks/853e2ccb308b7e1119a563ca6e12a7ef_mask.tiff: 429 Client Error: Too Many Requests for url: https://api.kaggle.com/v1/competitions.CompetitionApiService/DownloadDataFile

  FAIL train_label_masks/8546b73cb1496ba85aed909ee151290b_mask.tiff: 429 Client Error: Too Many Requests for url: https://api.kaggle.com/v1/competitions.CompetitionApiService/DownloadDataFile

  FAIL train_label_masks/85476f0cdde5f4f30e47541d5ba44586_mask.tiff: 429 Client Error: Too Many Requests for url: https://api.kaggle.com/v1/competitions.CompetitionApiService/DownloadDataFile

  FAIL train_label_masks/85498a9955849a6c8292b35b66628cae_mask.tiff: 429 Client Error: Too Many Requests for url: https://api.kaggle.com/v1/competitions.CompetitionApiService/DownloadDataFile

  FAIL train_label_masks/855256cd7062aaf319512b1648249481_mask.tiff: 429 Client Error: Too Many Requests for url: https://api.kaggle.com/v1/competitions.CompetitionApiService/DownloadDataFile

  FAIL train_label_masks/85537a74e1872569f03e0fed5e8fb9eb_mask.tiff: 429 Client Error: Too Many Requests for url: https://api.kaggle.com/v1/competitions.CompetitionApiService/DownloadDataFile

  FAIL train_label_masks/85625c85e373a173e14ef00da2e5218d_mask.tiff: 429 Client Error: Too Many Requests for url: https://api.kaggle.com/v1/competitions.CompetitionApiService/DownloadDataFile

  FAIL train_label_masks/85696dd6d6be278037fdca733e136f2a_mask.tiff: 429 Client Error: Too Many Requests for url: https://api.kaggle.com/v1/competitions.CompetitionApiService/DownloadDataFile

  FAIL train_label_masks/8582b59b41635fa38401d1bddad66707_mask.tiff: 429 Client Error: Too Many Requests for url: https://api.kaggle.com/v1/competitions.CompetitionApiService/DownloadDataFile

  FAIL train_label_masks/85874a84d6fd4b14d5d9816650a6a17f_mask.tiff: 429 Client Error: Too Many Requests for url: https://api.kaggle.com/v1/competitions.CompetitionApiService/DownloadDataFile

  FAIL train_label_masks/858f5e5afdc19cfe16e0f8be97a28cd5_mask.tiff: 429 Client Error: Too Many Requests for url: https://api.kaggle.com/v1/competitions.CompetitionApiService/DownloadDataFile

  FAIL train_label_masks/85924446350920fb124b657160c966d7_mask.tiff: 429 Client Error: Too Many Requests for url: https://api.kaggle.com/v1/competitions.CompetitionApiService/DownloadDataFile

  FAIL train_label_masks/8596a2f7e68a0e11a5653fb2457db08f_mask.tiff: 429 Client Error: Too Many Requests for url: https://api.kaggle.com/v1/competitions.CompetitionApiService/DownloadDataFile

  FAIL train_label_masks/85b2c32f16826bea58d82dfd39b6d3e2_mask.tiff: 429 Client Error: Too Many Requests for url: https://api.kaggle.com/v1/competitions.CompetitionApiService/DownloadDataFile

  FAIL train_label_masks/85b31dab1e9985ed09bc99e6797348e0_mask.tiff: 429 Client Error: Too Many Requests for url: https://api.kaggle.com/v1/competitions.CompetitionApiService/DownloadDataFile

  FAIL train_label_masks/85b43e64b68fce39237fcfaf32d5a7d7_mask.tiff: 429 Client Error: Too Many Requests for url: https://api.kaggle.com/v1/competitions.CompetitionApiService/DownloadDataFile

  FAIL train_label_masks/85b7018a9e5287342a1392fb02ce24a1_mask.tiff: 429 Client Error: Too Many Requests for url: https://api.kaggle.com/v1/competitions.CompetitionApiService/DownloadDataFile

  FAIL train_label_masks/85b7b5e97f0556d09761a365234f1ac5_mask.tiff: 429 Client Error: Too Many Requests for url: https://api.kaggle.com/v1/competitions.CompetitionApiService/DownloadDataFile

  FAIL train_label_masks/85e36b2e92010c5d08a31ade8df8089c_mask.tiff: 429 Client Error: Too Many Requests for url: https://api.kaggle.com/v1/competitions.CompetitionApiService/DownloadDataFile

  FAIL train_label_masks/85ec340020fb63c782e84901880e8684_mask.tiff: 429 Client Error: Too Many Requests for url: https://api.kaggle.com/v1/competitions.CompetitionApiService/DownloadDataFile

  FAIL train_label_masks/85fb392d25b2a8c56e054b2e3cf4b0ad_mask.tiff: 429 Client Error: Too Many Requests for url: https://api.kaggle.com/v1/competitions.CompetitionApiService/DownloadDataFile

  FAIL train_label_masks/8605810b8ba16fa6e2854dedad10d573_mask.tiff: 429 Client Error: Too Many Requests for url: https://api.kaggle.com/v1/competitions.CompetitionApiService/DownloadDataFile

  FAIL train_label_masks/8634ef0b80d1353887839c0a4a36e074_mask.tiff: 429 Client Error: Too Many Requests for url: https://api.kaggle.com/v1/competitions.CompetitionApiService/DownloadDataFile

  FAIL train_label_masks/864442925e04b7c4018f5c6eeb021212_mask.tiff: 429 Client Error: Too Many Requests for url: https://api.kaggle.com/v1/competitions.CompetitionApiService/DownloadDataFile

  FAIL train_label_masks/8647686bb5a90fd797ab8ca2b9e40e1c_mask.tiff: 429 Client Error: Too Many Requests for url: https://api.kaggle.com/v1/competitions.CompetitionApiService/DownloadDataFile

  FAIL train_label_masks/8654f1e5bde97ee6dbb0c890aa9f10b3_mask.tiff: 429 Client Error: Too Many Requests for url: https://api.kaggle.com/v1/competitions.CompetitionApiService/DownloadDataFile

  FAIL train_label_masks/865f64d013137396b5cfc7bb3888a56e_mask.tiff: 429 Client Error: Too Many Requests for url: https://api.kaggle.com/v1/competitions.CompetitionApiService/DownloadDataFile

  FAIL train_label_masks/86756422e5a91331c0fc069fd3f8bc8a_mask.tiff: 429 Client Error: Too Many Requests for url: https://api.kaggle.com/v1/competitions.CompetitionApiService/DownloadDataFile

  FAIL train_label_masks/8679a305ae1cb7b2ed35c30529650e47_mask.tiff: 429 Client Error: Too Many Requests for url: https://api.kaggle.com/v1/competitions.CompetitionApiService/DownloadDataFile

  FAIL train_label_masks/867b35251feb629d68d6801ca1af88b3_mask.tiff: 429 Client Error: Too Many Requests for url: https://api.kaggle.com/v1/competitions.CompetitionApiService/DownloadDataFile

  FAIL train_label_masks/867b4fa9b0b2cc3aa0bafe948d72804a_mask.tiff: 429 Client Error: Too Many Requests for url: https://api.kaggle.com/v1/competitions.CompetitionApiService/DownloadDataFile

  FAIL train_label_masks/867bf41f609802d686b544b1f8afdcc2_mask.tiff: 429 Client Error: Too Many Requests for url: https://api.kaggle.com/v1/competitions.CompetitionApiService/DownloadDataFile

  FAIL train_label_masks/867e8aabc9463fb736371750b3082132_mask.tiff: 429 Client Error: Too Many Requests for url: https://api.kaggle.com/v1/competitions.CompetitionApiService/DownloadDataFile

  FAIL train_label_masks/8690e050e07c2c2aa86f442125b3424f_mask.tiff: 429 Client Error: Too Many Requests for url: https://api.kaggle.com/v1/competitions.CompetitionApiService/DownloadDataFile

  FAIL train_label_masks/8692eb523165283411d0ceef96c42592_mask.tiff: 429 Client Error: Too Many Requests for url: https://api.kaggle.com/v1/competitions.CompetitionApiService/DownloadDataFile

  FAIL train_label_masks/86983b5439f4a111cf6173c634302531_mask.tiff: 429 Client Error: Too Many Requests for url: https://api.kaggle.com/v1/competitions.CompetitionApiService/DownloadDataFile

  FAIL train_label_masks/86a2e973602ec382660c072fa42ca670_mask.tiff: 429 Client Error: Too Many Requests for url: https://api.kaggle.com/v1/competitions.CompetitionApiService/DownloadDataFile

  FAIL train_label_masks/86ac44c7c69cbaec3cb234023c436341_mask.tiff: 429 Client Error: Too Many Requests for url: https://api.kaggle.com/v1/competitions.CompetitionApiService/DownloadDataFile

  FAIL train_label_masks/86c1e0a1ff57b2fcf24955c8ec925f1c_mask.tiff: 429 Client Error: Too Many Requests for url: https://api.kaggle.com/v1/competitions.CompetitionApiService/DownloadDataFile

  FAIL train_label_masks/86ceb5f49a8c7f81b12ee87934f0a25d_mask.tiff: 429 Client Error: Too Many Requests for url: https://api.kaggle.com/v1/competitions.CompetitionApiService/DownloadDataFile

  FAIL train_label_masks/86d1fcf7709618cb03e0e05b08b1237e_mask.tiff: 429 Client Error: Too Many Requests for url: https://api.kaggle.com/v1/competitions.CompetitionApiService/DownloadDataFile

  FAIL train_label_masks/86d4621be3deca4f8d461e3abce7d585_mask.tiff: 429 Client Error: Too Many Requests for url: https://api.kaggle.com/v1/competitions.CompetitionApiService/DownloadDataFile

  FAIL train_label_masks/86d82664f0e63cf73f03404507a6e3aa_mask.tiff: 429 Client Error: Too Many Requests for url: https://api.kaggle.com/v1/competitions.CompetitionApiService/DownloadDataFile

  FAIL train_label_masks/86e8d69d149316c56146a31733406a3f_mask.tiff: 429 Client Error: Too Many Requests for url: https://api.kaggle.com/v1/competitions.CompetitionApiService/DownloadDataFile

  FAIL train_label_masks/86f0a558cecdc39f6ace44364795f747_mask.tiff: 429 Client Error: Too Many Requests for url: https://api.kaggle.com/v1/competitions.CompetitionApiService/DownloadDataFile

  FAIL train_label_masks/86fad088e10612415bb805aa7d53e387_mask.tiff: 429 Client Error: Too Many Requests for url: https://api.kaggle.com/v1/competitions.CompetitionApiService/DownloadDataFile

  FAIL train_label_masks/86ffb5b169bb7a72dffdf930233a446a_mask.tiff: 429 Client Error: Too Many Requests for url: https://api.kaggle.com/v1/competitions.CompetitionApiService/DownloadDataFile

  FAIL train_label_masks/87099c2824149296269d9a9598f68af6_mask.tiff: 429 Client Error: Too Many Requests for url: https://api.kaggle.com/v1/competitions.CompetitionApiService/DownloadDataFile

  FAIL train_label_masks/871e9ccf18d457762de141db98a043e7_mask.tiff: 429 Client Error: Too Many Requests for url: https://api.kaggle.com/v1/competitions.CompetitionApiService/DownloadDataFile

  FAIL train_label_masks/872d17b9bec7643af6c4e4685e05f407_mask.tiff: 429 Client Error: Too Many Requests for url: https://api.kaggle.com/v1/competitions.CompetitionApiService/DownloadDataFile

  FAIL train_label_masks/872dc7b2f6261284df1088e4ef2f8256_mask.tiff: 429 Client Error: Too Many Requests for url: https://api.kaggle.com/v1/competitions.CompetitionApiService/DownloadDataFile

  FAIL train_label_masks/874023604daab651e40939b852e94291_mask.tiff: 429 Client Error: Too Many Requests for url: https://api.kaggle.com/v1/competitions.CompetitionApiService/DownloadDataFile

  FAIL train_label_masks/8743d3eac43f246d21385f3070901b05_mask.tiff: 429 Client Error: Too Many Requests for url: https://api.kaggle.com/v1/competitions.CompetitionApiService/DownloadDataFile

  FAIL train_label_masks/87510693f49f12240fcbd3441a911c53_mask.tiff: 429 Client Error: Too Many Requests for url: https://api.kaggle.com/v1/competitions.CompetitionApiService/DownloadDataFile

  FAIL train_label_masks/8751f19f273f69ba8ea5c49dc9dd4654_mask.tiff: 429 Client Error: Too Many Requests for url: https://api.kaggle.com/v1/competitions.CompetitionApiService/DownloadDataFile

  FAIL train_label_masks/87564cf996f25607b3f4a3c2c3738f03_mask.tiff: 429 Client Error: Too Many Requests for url: https://api.kaggle.com/v1/competitions.CompetitionApiService/DownloadDataFile

  FAIL train_label_masks/87667e72b7fa0491a09fc9555894bfbe_mask.tiff: 429 Client Error: Too Many Requests for url: https://api.kaggle.com/v1/competitions.CompetitionApiService/DownloadDataFile

  FAIL train_label_masks/87668b74a71c46e1794107bb5f32d44d_mask.tiff: 429 Client Error: Too Many Requests for url: https://api.kaggle.com/v1/competitions.CompetitionApiService/DownloadDataFile

  FAIL train_label_masks/876d25db23f2f8ed17646186a30bb263_mask.tiff: 429 Client Error: Too Many Requests for url: https://api.kaggle.com/v1/competitions.CompetitionApiService/DownloadDataFile

  FAIL train_label_masks/877b69359277cf787d93cd17f4d2775a_mask.tiff: 429 Client Error: Too Many Requests for url: https://api.kaggle.com/v1/competitions.CompetitionApiService/DownloadDataFile

  FAIL train_label_masks/878be7ee5bdda3b29e2417f6dc93af64_mask.tiff: 429 Client Error: Too Many Requests for url: https://api.kaggle.com/v1/competitions.CompetitionApiService/DownloadDataFile

  FAIL train_label_masks/878e0b1bbfa299387e3afed9d7c372bf_mask.tiff: 429 Client Error: Too Many Requests for url: https://api.kaggle.com/v1/competitions.CompetitionApiService/DownloadDataFile

  FAIL train_label_masks/8794d36a3038f4537f7d261d3af4eebd_mask.tiff: 429 Client Error: Too Many Requests for url: https://api.kaggle.com/v1/competitions.CompetitionApiService/DownloadDataFile

  FAIL train_label_masks/87a1d44e21700bd0eb3db27371eb3999_mask.tiff: 429 Client Error: Too Many Requests for url: https://api.kaggle.com/v1/competitions.CompetitionApiService/DownloadDataFile

  FAIL train_label_masks/87a463cb0b4da2f78e25cd0986475367_mask.tiff: 429 Client Error: Too Many Requests for url: https://api.kaggle.com/v1/competitions.CompetitionApiService/DownloadDataFile

  FAIL train_label_masks/87bbc9137ece5aaeef9d67f6abeb99df_mask.tiff: 429 Client Error: Too Many Requests for url: https://api.kaggle.com/v1/competitions.CompetitionApiService/DownloadDataFile

  FAIL train_label_masks/87c150feed1c5b7c7b4f80739cfc1060_mask.tiff: 429 Client Error: Too Many Requests for url: https://api.kaggle.com/v1/competitions.CompetitionApiService/DownloadDataFile

  FAIL train_label_masks/87c2116787ff620957ecc95521bc3c0f_mask.tiff: 429 Client Error: Too Many Requests for url: https://api.kaggle.com/v1/competitions.CompetitionApiService/DownloadDataFile

  FAIL train_label_masks/87c639ec5365c2d6d61581be6407c8b6_mask.tiff: 429 Client Error: Too Many Requests for url: https://api.kaggle.com/v1/competitions.CompetitionApiService/DownloadDataFile

  FAIL train_label_masks/87cce4cbe31864141051ce2018ed29df_mask.tiff: 429 Client Error: Too Many Requests for url: https://api.kaggle.com/v1/competitions.CompetitionApiService/DownloadDataFile

  FAIL train_label_masks/87e53ffce13cd04e1e3fb3c1d15f4961_mask.tiff: 429 Client Error: Too Many Requests for url: https://api.kaggle.com/v1/competitions.CompetitionApiService/DownloadDataFile

  FAIL train_label_masks/87ead124230cbf0aa13bcfb238b7dcb6_mask.tiff: 429 Client Error: Too Many Requests for url: https://api.kaggle.com/v1/competitions.CompetitionApiService/DownloadDataFile

  FAIL train_label_masks/87ebd3322722faa0adfc6a3efb9e9bbb_mask.tiff: 429 Client Error: Too Many Requests for url: https://api.kaggle.com/v1/competitions.CompetitionApiService/DownloadDataFile

  FAIL train_label_masks/87edb3eb0b79782b9b7eec15dc294872_mask.tiff: 429 Client Error: Too Many Requests for url: https://api.kaggle.com/v1/competitions.CompetitionApiService/DownloadDataFile

  FAIL train_label_masks/87f54ef4d144fdbcc7a97541396e3a9b_mask.tiff: 429 Client Error: Too Many Requests for url: https://api.kaggle.com/v1/competitions.CompetitionApiService/DownloadDataFile

  FAIL train_label_masks/87fe5740deb9d4ef755cc157ff710cef_mask.tiff: 429 Client Error: Too Many Requests for url: https://api.kaggle.com/v1/competitions.CompetitionApiService/DownloadDataFile

  FAIL train_label_masks/8804dd9a9324daf031b2ad0c70387f01_mask.tiff: 429 Client Error: Too Many Requests for url: https://api.kaggle.com/v1/competitions.CompetitionApiService/DownloadDataFile

  FAIL train_label_masks/880a1fc64038757f0a332bdf8b81ef05_mask.tiff: 429 Client Error: Too Many Requests for url: https://api.kaggle.com/v1/competitions.CompetitionApiService/DownloadDataFile

  FAIL train_label_masks/8826e4b9c231e9b9a69a5f2e8efc815a_mask.tiff: 429 Client Error: Too Many Requests for url: https://api.kaggle.com/v1/competitions.CompetitionApiService/DownloadDataFile

  FAIL train_label_masks/88281522d27ef85887810dcc0cb89b14_mask.tiff: 429 Client Error: Too Many Requests for url: https://api.kaggle.com/v1/competitions.CompetitionApiService/DownloadDataFile

  FAIL train_label_masks/8835fd0dded2d34601a6fcf45e346b94_mask.tiff: 429 Client Error: Too Many Requests for url: https://api.kaggle.com/v1/competitions.CompetitionApiService/DownloadDataFile

  FAIL train_label_masks/883da8599360fdc5f7ce01ec771b2e65_mask.tiff: 429 Client Error: Too Many Requests for url: https://api.kaggle.com/v1/competitions.CompetitionApiService/DownloadDataFile

  FAIL train_label_masks/8845e2a5497b43f86bb2ff4b8a0abd97_mask.tiff: 429 Client Error: Too Many Requests for url: https://api.kaggle.com/v1/competitions.CompetitionApiService/DownloadDataFile

  FAIL train_label_masks/88591e92de81634c6b9870259b25d59c_mask.tiff: 429 Client Error: Too Many Requests for url: https://api.kaggle.com/v1/competitions.CompetitionApiService/DownloadDataFile

  FAIL train_label_masks/886682be4f834c17abfcbd5137374279_mask.tiff: 429 Client Error: Too Many Requests for url: https://api.kaggle.com/v1/competitions.CompetitionApiService/DownloadDataFile

  FAIL train_label_masks/886f91a0a9f9a927fe33dbd434397ae5_mask.tiff: 429 Client Error: Too Many Requests for url: https://api.kaggle.com/v1/competitions.CompetitionApiService/DownloadDataFile

  FAIL train_label_masks/887d935886b409acc14fa55a3c7e05ba_mask.tiff: 429 Client Error: Too Many Requests for url: https://api.kaggle.com/v1/competitions.CompetitionApiService/DownloadDataFile

  FAIL train_label_masks/889806fafef98aab5c400f36dd30aae2_mask.tiff: 429 Client Error: Too Many Requests for url: https://api.kaggle.com/v1/competitions.CompetitionApiService/DownloadDataFile

  FAIL train_label_masks/88bde4c99e9dff4e732dd21be1bb939b_mask.tiff: 429 Client Error: Too Many Requests for url: https://api.kaggle.com/v1/competitions.CompetitionApiService/DownloadDataFile

  FAIL train_label_masks/88e65e1d716893e6efdbd2464b3686fa_mask.tiff: 429 Client Error: Too Many Requests for url: https://api.kaggle.com/v1/competitions.CompetitionApiService/DownloadDataFile

  FAIL train_label_masks/88e8c1a2565db8751c65187bad6e3bf4_mask.tiff: 429 Client Error: Too Many Requests for url: https://api.kaggle.com/v1/competitions.CompetitionApiService/DownloadDataFile

  FAIL train_label_masks/88ef695f58a55195f0730b4090583f4c_mask.tiff: 429 Client Error: Too Many Requests for url: https://api.kaggle.com/v1/competitions.CompetitionApiService/DownloadDataFile

  FAIL train_label_masks/88fb00fabc97d341a95e97a593c3fc43_mask.tiff: 429 Client Error: Too Many Requests for url: https://api.kaggle.com/v1/competitions.CompetitionApiService/DownloadDataFile

  FAIL train_label_masks/88fcb6de1ead418b238f198a635179c0_mask.tiff: 429 Client Error: Too Many Requests for url: https://api.kaggle.com/v1/competitions.CompetitionApiService/DownloadDataFile

  FAIL train_label_masks/890d0c582d769f001e95fa6f38252daf_mask.tiff: 429 Client Error: Too Many Requests for url: https://api.kaggle.com/v1/competitions.CompetitionApiService/DownloadDataFile

  FAIL train_label_masks/89312c1f707db54b1efe684669e62fe9_mask.tiff: 429 Client Error: Too Many Requests for url: https://api.kaggle.com/v1/competitions.CompetitionApiService/DownloadDataFile

  FAIL train_label_masks/8948231e22708d60c8f855d7cbae5cf3_mask.tiff: 429 Client Error: Too Many Requests for url: https://api.kaggle.com/v1/competitions.CompetitionApiService/DownloadDataFile

  FAIL train_label_masks/8966778378acb202c1d6686486ba6039_mask.tiff: 429 Client Error: Too Many Requests for url: https://api.kaggle.com/v1/competitions.CompetitionApiService/DownloadDataFile

  FAIL train_label_masks/896728c112dfe5f55662f5f17656e076_mask.tiff: 429 Client Error: Too Many Requests for url: https://api.kaggle.com/v1/competitions.CompetitionApiService/DownloadDataFile

  FAIL train_label_masks/896ffc56e018a333454c4889a28459a2_mask.tiff: 429 Client Error: Too Many Requests for url: https://api.kaggle.com/v1/competitions.CompetitionApiService/DownloadDataFile

  FAIL train_label_masks/897ba1f3a78695935baabe54f649e95c_mask.tiff: 429 Client Error: Too Many Requests for url: https://api.kaggle.com/v1/competitions.CompetitionApiService/DownloadDataFile

  FAIL train_label_masks/898285bbfe20c9dc5ce9238a9cc6510f_mask.tiff: 429 Client Error: Too Many Requests for url: https://api.kaggle.com/v1/competitions.CompetitionApiService/DownloadDataFile

  FAIL train_label_masks/898c2d26d40846143d477f1b625971a1_mask.tiff: 429 Client Error: Too Many Requests for url: https://api.kaggle.com/v1/competitions.CompetitionApiService/DownloadDataFile

  FAIL train_label_masks/89912d7c7ffbad7504be4a75676fa4c2_mask.tiff: 429 Client Error: Too Many Requests for url: https://api.kaggle.com/v1/competitions.CompetitionApiService/DownloadDataFile

  FAIL train_label_masks/899208b5b6d4e2244928c3be37ca1a67_mask.tiff: 429 Client Error: Too Many Requests for url: https://api.kaggle.com/v1/competitions.CompetitionApiService/DownloadDataFile

  FAIL train_label_masks/89a1979b3baf29215a093228f11372e4_mask.tiff: 429 Client Error: Too Many Requests for url: https://api.kaggle.com/v1/competitions.CompetitionApiService/DownloadDataFile

  FAIL train_label_masks/89a8c3dacb902dfad95f51a5832d238d_mask.tiff: 429 Client Error: Too Many Requests for url: https://api.kaggle.com/v1/competitions.CompetitionApiService/DownloadDataFile

  FAIL train_label_masks/89afbbdd7813f149b3a047bc544046a8_mask.tiff: 429 Client Error: Too Many Requests for url: https://api.kaggle.com/v1/competitions.CompetitionApiService/DownloadDataFile

  FAIL train_label_masks/89b16d4fc1a0315739b2e6b02e0101a0_mask.tiff: 429 Client Error: Too Many Requests for url: https://api.kaggle.com/v1/competitions.CompetitionApiService/DownloadDataFile

  FAIL train_label_masks/89b546943efa4c35011b93b560303933_mask.tiff: 429 Client Error: Too Many Requests for url: https://api.kaggle.com/v1/competitions.CompetitionApiService/DownloadDataFile

  FAIL train_label_masks/89b62c165838d36fd294a57624db8e4f_mask.tiff: 429 Client Error: Too Many Requests for url: https://api.kaggle.com/v1/competitions.CompetitionApiService/DownloadDataFile

  FAIL train_label_masks/89ce8e0a494db9c7ddc68dbf58729c68_mask.tiff: 429 Client Error: Too Many Requests for url: https://api.kaggle.com/v1/competitions.CompetitionApiService/DownloadDataFile

  FAIL train_label_masks/89d67babd435cc76b1366455fd89044f_mask.tiff: 429 Client Error: Too Many Requests for url: https://api.kaggle.com/v1/competitions.CompetitionApiService/DownloadDataFile

  FAIL train_label_masks/89d9673df0dede5b57c52f98b43c1f9e_mask.tiff: 429 Client Error: Too Many Requests for url: https://api.kaggle.com/v1/competitions.CompetitionApiService/DownloadDataFile

  FAIL train_label_masks/89f418346fc412a6458aaa05a224af3a_mask.tiff: 429 Client Error: Too Many Requests for url: https://api.kaggle.com/v1/competitions.CompetitionApiService/DownloadDataFile

  FAIL train_label_masks/89f8bfd1bbefd9ed29720eee5713b2c9_mask.tiff: 429 Client Error: Too Many Requests for url: https://api.kaggle.com/v1/competitions.CompetitionApiService/DownloadDataFile

  FAIL train_label_masks/89fbdb6764c16e5901842b67da4b34c1_mask.tiff: 429 Client Error: Too Many Requests for url: https://api.kaggle.com/v1/competitions.CompetitionApiService/DownloadDataFile

  FAIL train_label_masks/8a1520420384d8c11733edd40969effc_mask.tiff: 429 Client Error: Too Many Requests for url: https://api.kaggle.com/v1/competitions.CompetitionApiService/DownloadDataFile

  FAIL train_label_masks/8a15e39a80cc29a4fff8c650f93e7f5c_mask.tiff: 429 Client Error: Too Many Requests for url: https://api.kaggle.com/v1/competitions.CompetitionApiService/DownloadDataFile

  FAIL train_label_masks/8a1deb06940aa081c0cd103659e57510_mask.tiff: 429 Client Error: Too Many Requests for url: https://api.kaggle.com/v1/competitions.CompetitionApiService/DownloadDataFile

  FAIL train_label_masks/8a21fc0aed2fd06a8b3fe4824c53413e_mask.tiff: 429 Client Error: Too Many Requests for url: https://api.kaggle.com/v1/competitions.CompetitionApiService/DownloadDataFile

  FAIL train_label_masks/8a308bfd3df0d8bda517873600971a84_mask.tiff: 429 Client Error: Too Many Requests for url: https://api.kaggle.com/v1/competitions.CompetitionApiService/DownloadDataFile

  FAIL train_label_masks/8a31a42bb904f022190f57733ccef19c_mask.tiff: 429 Client Error: Too Many Requests for url: https://api.kaggle.com/v1/competitions.CompetitionApiService/DownloadDataFile

  FAIL train_label_masks/8a3232e8b3b2512f2f6cba0a265d175e_mask.tiff: 429 Client Error: Too Many Requests for url: https://api.kaggle.com/v1/competitions.CompetitionApiService/DownloadDataFile

  FAIL train_label_masks/8a327e4efafb98dee0f93c40e64d761e_mask.tiff: 429 Client Error: Too Many Requests for url: https://api.kaggle.com/v1/competitions.CompetitionApiService/DownloadDataFile

  FAIL train_label_masks/8a415b0e974861fa00ae9d88f9e3b980_mask.tiff: 429 Client Error: Too Many Requests for url: https://api.kaggle.com/v1/competitions.CompetitionApiService/DownloadDataFile

  FAIL train_label_masks/8a539748fa4ea8902c3471f43911b7dd_mask.tiff: 429 Client Error: Too Many Requests for url: https://api.kaggle.com/v1/competitions.CompetitionApiService/DownloadDataFile

  FAIL train_label_masks/8aa35680beee94df712c211da5bda211_mask.tiff: 429 Client Error: Too Many Requests for url: https://api.kaggle.com/v1/competitions.CompetitionApiService/DownloadDataFile

  FAIL train_label_masks/8aaec063e9ddc9511008aaa0ae48d0ce_mask.tiff: 429 Client Error: Too Many Requests for url: https://api.kaggle.com/v1/competitions.CompetitionApiService/DownloadDataFile

  FAIL train_label_masks/8ad12c31792813c22bd2082d91642c91_mask.tiff: 429 Client Error: Too Many Requests for url: https://api.kaggle.com/v1/competitions.CompetitionApiService/DownloadDataFile

  FAIL train_label_masks/8adde008fe7f97d5bf11b602b89a6377_mask.tiff: 429 Client Error: Too Many Requests for url: https://api.kaggle.com/v1/competitions.CompetitionApiService/DownloadDataFile

  FAIL train_label_masks/8ae069858aecbad846f4d69d405f9bd6_mask.tiff: 429 Client Error: Too Many Requests for url: https://api.kaggle.com/v1/competitions.CompetitionApiService/DownloadDataFile

  FAIL train_label_masks/8aeccaf12d3173a0c09f873be67be5a5_mask.tiff: 429 Client Error: Too Many Requests for url: https://api.kaggle.com/v1/competitions.CompetitionApiService/DownloadDataFile

  FAIL train_label_masks/8af54c71033c8019017490db924dab70_mask.tiff: 429 Client Error: Too Many Requests for url: https://api.kaggle.com/v1/competitions.CompetitionApiService/DownloadDataFile

  FAIL train_label_masks/8b0f143a34251629cd7c0d34743d3e63_mask.tiff: 429 Client Error: Too Many Requests for url: https://api.kaggle.com/v1/competitions.CompetitionApiService/DownloadDataFile

  FAIL train_label_masks/8b11184f09d4d571d4f1ead51051f09c_mask.tiff: 429 Client Error: Too Many Requests for url: https://api.kaggle.com/v1/competitions.CompetitionApiService/DownloadDataFile

  FAIL train_label_masks/8b126306391fa2af0f8bea265f2c9666_mask.tiff: 429 Client Error: Too Many Requests for url: https://api.kaggle.com/v1/competitions.CompetitionApiService/DownloadDataFile

  FAIL train_label_masks/8b1293493098a9bd999ef0c0dfdee134_mask.tiff: 429 Client Error: Too Many Requests for url: https://api.kaggle.com/v1/competitions.CompetitionApiService/DownloadDataFile

  FAIL train_label_masks/8b1498de9e4860dfa6318d2426c9ffa8_mask.tiff: 429 Client Error: Too Many Requests for url: https://api.kaggle.com/v1/competitions.CompetitionApiService/DownloadDataFile

  FAIL train_label_masks/8b175b733c6b5a19f107d7cd9cdd1b06_mask.tiff: 429 Client Error: Too Many Requests for url: https://api.kaggle.com/v1/competitions.CompetitionApiService/DownloadDataFile

  FAIL train_label_masks/8b19e141c1741cb06bdff6bffc9503b1_mask.tiff: 429 Client Error: Too Many Requests for url: https://api.kaggle.com/v1/competitions.CompetitionApiService/DownloadDataFile

  FAIL train_label_masks/8b301972309a5509bbb5946b9f133e37_mask.tiff: 429 Client Error: Too Many Requests for url: https://api.kaggle.com/v1/competitions.CompetitionApiService/DownloadDataFile

  FAIL train_label_masks/8b36508994d132ac03c5effd255b6eaf_mask.tiff: 429 Client Error: Too Many Requests for url: https://api.kaggle.com/v1/competitions.CompetitionApiService/DownloadDataFile

  FAIL train_label_masks/8b44ccec7265270e0524c5ab658d1344_mask.tiff: 429 Client Error: Too Many Requests for url: https://api.kaggle.com/v1/competitions.CompetitionApiService/DownloadDataFile

  FAIL train_label_masks/8b45517c6411802b7f978e32cf741a33_mask.tiff: 429 Client Error: Too Many Requests for url: https://api.kaggle.com/v1/competitions.CompetitionApiService/DownloadDataFile

  FAIL train_label_masks/8b48c767af9bb73efebdd338e8f07891_mask.tiff: 429 Client Error: Too Many Requests for url: https://api.kaggle.com/v1/competitions.CompetitionApiService/DownloadDataFile

  FAIL train_label_masks/8b6bc283a0d345aaab935989639523eb_mask.tiff: 429 Client Error: Too Many Requests for url: https://api.kaggle.com/v1/competitions.CompetitionApiService/DownloadDataFile

  FAIL train_label_masks/8b8338194dd8175d057bdc068ba44945_mask.tiff: 429 Client Error: Too Many Requests for url: https://api.kaggle.com/v1/competitions.CompetitionApiService/DownloadDataFile

  FAIL train_label_masks/8b90a3312d9fc702a9ec8236e23065c7_mask.tiff: 429 Client Error: Too Many Requests for url: https://api.kaggle.com/v1/competitions.CompetitionApiService/DownloadDataFile

  FAIL train_label_masks/8bc15e3da3a5793c473465b6a5e709c6_mask.tiff: 429 Client Error: Too Many Requests for url: https://api.kaggle.com/v1/competitions.CompetitionApiService/DownloadDataFile

  FAIL train_label_masks/8bc819037a6ab2932c227d1ac800102f_mask.tiff: 429 Client Error: Too Many Requests for url: https://api.kaggle.com/v1/competitions.CompetitionApiService/DownloadDataFile

  FAIL train_label_masks/8be88cbd606502cf980f721d57c1c794_mask.tiff: 429 Client Error: Too Many Requests for url: https://api.kaggle.com/v1/competitions.CompetitionApiService/DownloadDataFile

  FAIL train_label_masks/8bf80024b1a7f12ce52136af81a930df_mask.tiff: 429 Client Error: Too Many Requests for url: https://api.kaggle.com/v1/competitions.CompetitionApiService/DownloadDataFile

  FAIL train_label_masks/8bfc4eb8d494eacb561c26623b3581ac_mask.tiff: 429 Client Error: Too Many Requests for url: https://api.kaggle.com/v1/competitions.CompetitionApiService/DownloadDataFile

  FAIL train_label_masks/8c2de4d3ad43ab2d960337fe7b14f0aa_mask.tiff: 429 Client Error: Too Many Requests for url: https://api.kaggle.com/v1/competitions.CompetitionApiService/DownloadDataFile

  FAIL train_label_masks/8c32b55128cb5d99d9c50b7904f9bf80_mask.tiff: 429 Client Error: Too Many Requests for url: https://api.kaggle.com/v1/competitions.CompetitionApiService/DownloadDataFile

  FAIL train_label_masks/8c5b4130d7ad948a6221527aa0087a10_mask.tiff: 429 Client Error: Too Many Requests for url: https://api.kaggle.com/v1/competitions.CompetitionApiService/DownloadDataFile

  FAIL train_label_masks/8c5c7ff38873658e6047f7bd39ba0a98_mask.tiff: 429 Client Error: Too Many Requests for url: https://api.kaggle.com/v1/competitions.CompetitionApiService/DownloadDataFile

  FAIL train_label_masks/8c64bb74f16d4a6c44c9b8ea5dee8543_mask.tiff: 429 Client Error: Too Many Requests for url: https://api.kaggle.com/v1/competitions.CompetitionApiService/DownloadDataFile

  FAIL train_label_masks/8c6971bef31fe34c629d35910abce194_mask.tiff: 429 Client Error: Too Many Requests for url: https://api.kaggle.com/v1/competitions.CompetitionApiService/DownloadDataFile

  FAIL train_label_masks/8c72125b59c871657b90358f53dab131_mask.tiff: 429 Client Error: Too Many Requests for url: https://api.kaggle.com/v1/competitions.CompetitionApiService/DownloadDataFile

  FAIL train_label_masks/8c8089988706688445a7a3ebb90c8e0a_mask.tiff: 429 Client Error: Too Many Requests for url: https://api.kaggle.com/v1/competitions.CompetitionApiService/DownloadDataFile

  FAIL train_label_masks/8c85b3c695c3a7ae3a9265cd7aa68769_mask.tiff: 429 Client Error: Too Many Requests for url: https://api.kaggle.com/v1/competitions.CompetitionApiService/DownloadDataFile

  FAIL train_label_masks/8c8fc85ded58f6e097a0aca8c56c35e0_mask.tiff: 429 Client Error: Too Many Requests for url: https://api.kaggle.com/v1/competitions.CompetitionApiService/DownloadDataFile

  FAIL train_label_masks/8ca4eea53dab8fb41f2ba01deb4e84db_mask.tiff: 429 Client Error: Too Many Requests for url: https://api.kaggle.com/v1/competitions.CompetitionApiService/DownloadDataFile

  FAIL train_label_masks/8cbc1d87857d1bc3eac98e09b7e10a3d_mask.tiff: 429 Client Error: Too Many Requests for url: https://api.kaggle.com/v1/competitions.CompetitionApiService/DownloadDataFile

  FAIL train_label_masks/8cc5179031ebbf5704f2cc33476dd5be_mask.tiff: 429 Client Error: Too Many Requests for url: https://api.kaggle.com/v1/competitions.CompetitionApiService/DownloadDataFile

  FAIL train_label_masks/8ccc9a1d1dd3379192c829ac6ab62550_mask.tiff: 429 Client Error: Too Many Requests for url: https://api.kaggle.com/v1/competitions.CompetitionApiService/DownloadDataFile

  FAIL train_label_masks/8cd17fa38b5f8f3e658bfa55e45f509b_mask.tiff: 429 Client Error: Too Many Requests for url: https://api.kaggle.com/v1/competitions.CompetitionApiService/DownloadDataFile

  FAIL train_label_masks/8ce7e69e255980b50a2f8a7289bce5a6_mask.tiff: 429 Client Error: Too Many Requests for url: https://api.kaggle.com/v1/competitions.CompetitionApiService/DownloadDataFile

  FAIL train_label_masks/8ced08fd98400f0dc7d3b1ebb782eb7b_mask.tiff: 429 Client Error: Too Many Requests for url: https://api.kaggle.com/v1/competitions.CompetitionApiService/DownloadDataFile

  FAIL train_label_masks/8cee5821fbe1d9167183271a8c6ae83a_mask.tiff: 429 Client Error: Too Many Requests for url: https://api.kaggle.com/v1/competitions.CompetitionApiService/DownloadDataFile

  FAIL train_label_masks/8cf19589a1981643086e40e44940a4c5_mask.tiff: 429 Client Error: Too Many Requests for url: https://api.kaggle.com/v1/competitions.CompetitionApiService/DownloadDataFile

  FAIL train_label_masks/8d023fab6d98cb21342681e0dda180d0_mask.tiff: 429 Client Error: Too Many Requests for url: https://api.kaggle.com/v1/competitions.CompetitionApiService/DownloadDataFile

  FAIL train_label_masks/8d042c218851d6c8385cb5f1e321ced6_mask.tiff: 429 Client Error: Too Many Requests for url: https://api.kaggle.com/v1/competitions.CompetitionApiService/DownloadDataFile

  FAIL train_label_masks/8d0a5af2726888ec9012768280f0837c_mask.tiff: 429 Client Error: Too Many Requests for url: https://api.kaggle.com/v1/competitions.CompetitionApiService/DownloadDataFile

  FAIL train_label_masks/8d2b245c0b16c142dcd57fa32cbc6d86_mask.tiff: 429 Client Error: Too Many Requests for url: https://api.kaggle.com/v1/competitions.CompetitionApiService/DownloadDataFile

  FAIL train_label_masks/8d2d81395c6a14a4683d92b7db8bf18b_mask.tiff: 429 Client Error: Too Many Requests for url: https://api.kaggle.com/v1/competitions.CompetitionApiService/DownloadDataFile

  FAIL train_label_masks/8d3f432144fb13e62d865a20dcfa7e82_mask.tiff: 429 Client Error: Too Many Requests for url: https://api.kaggle.com/v1/competitions.CompetitionApiService/DownloadDataFile

  FAIL train_label_masks/8d46a2e2abae5735ae3334c0b0fe8c34_mask.tiff: 429 Client Error: Too Many Requests for url: https://api.kaggle.com/v1/competitions.CompetitionApiService/DownloadDataFile

  FAIL train_label_masks/8d4d03f080d431387a79cfbca4065dbd_mask.tiff: 429 Client Error: Too Many Requests for url: https://api.kaggle.com/v1/competitions.CompetitionApiService/DownloadDataFile

  FAIL train_label_masks/8d5860e10e09ee25e066ee7fb699453d_mask.tiff: 429 Client Error: Too Many Requests for url: https://api.kaggle.com/v1/competitions.CompetitionApiService/DownloadDataFile

  FAIL train_label_masks/8d58a0c1160a5cea99d5073231becd89_mask.tiff: 429 Client Error: Too Many Requests for url: https://api.kaggle.com/v1/competitions.CompetitionApiService/DownloadDataFile

  FAIL train_label_masks/8d591bbdb85060fdda5c3c85f29ed9aa_mask.tiff: 429 Client Error: Too Many Requests for url: https://api.kaggle.com/v1/competitions.CompetitionApiService/DownloadDataFile

  FAIL train_label_masks/8d69850040ca70588cb37e7f0bc70390_mask.tiff: 429 Client Error: Too Many Requests for url: https://api.kaggle.com/v1/competitions.CompetitionApiService/DownloadDataFile

  FAIL train_label_masks/8d90013d52788c1e2f5f47ad80e65d48_mask.tiff: 429 Client Error: Too Many Requests for url: https://api.kaggle.com/v1/competitions.CompetitionApiService/DownloadDataFile

  FAIL train_label_masks/8d96e24f96029fb89ad33d017f1fbcfc_mask.tiff: 429 Client Error: Too Many Requests for url: https://api.kaggle.com/v1/competitions.CompetitionApiService/DownloadDataFile

  FAIL train_label_masks/8d9bf04e714c959d4c571030c51ee9f5_mask.tiff: 429 Client Error: Too Many Requests for url: https://api.kaggle.com/v1/competitions.CompetitionApiService/DownloadDataFile

  FAIL train_label_masks/8d9e28e97edc6598da7df0b5b7c098d6_mask.tiff: 429 Client Error: Too Many Requests for url: https://api.kaggle.com/v1/competitions.CompetitionApiService/DownloadDataFile

  FAIL train_label_masks/8db3ab06b4efd9c799bb2eb1e3e0289d_mask.tiff: 429 Client Error: Too Many Requests for url: https://api.kaggle.com/v1/competitions.CompetitionApiService/DownloadDataFile

  FAIL train_label_masks/8dbbf6f6aebb8aea3339f70dbfd7cf07_mask.tiff: 429 Client Error: Too Many Requests for url: https://api.kaggle.com/v1/competitions.CompetitionApiService/DownloadDataFile

  FAIL train_label_masks/8dbedd97ed2b7b01525d6800d52ae073_mask.tiff: 429 Client Error: Too Many Requests for url: https://api.kaggle.com/v1/competitions.CompetitionApiService/DownloadDataFile

  FAIL train_label_masks/8dc0d30245d16902077f9d5da16f1475_mask.tiff: 429 Client Error: Too Many Requests for url: https://api.kaggle.com/v1/competitions.CompetitionApiService/DownloadDataFile

  FAIL train_label_masks/8dc97d161e376446e0f2a80b6dbde788_mask.tiff: 429 Client Error: Too Many Requests for url: https://api.kaggle.com/v1/competitions.CompetitionApiService/DownloadDataFile

  FAIL train_label_masks/8dd1d17e02123008c58b1ab3652a613f_mask.tiff: 429 Client Error: Too Many Requests for url: https://api.kaggle.com/v1/competitions.CompetitionApiService/DownloadDataFile

  FAIL train_label_masks/8ddd6a0c4628dbfdcd6d3bcb0fa1ecbc_mask.tiff: 429 Client Error: Too Many Requests for url: https://api.kaggle.com/v1/competitions.CompetitionApiService/DownloadDataFile

  FAIL train_label_masks/8df43ebd07c7eb0eeac8346283dcb5f7_mask.tiff: 429 Client Error: Too Many Requests for url: https://api.kaggle.com/v1/competitions.CompetitionApiService/DownloadDataFile

  FAIL train_label_masks/8e03d0bfa55336cccbfa604e66a878fb_mask.tiff: 429 Client Error: Too Many Requests for url: https://api.kaggle.com/v1/competitions.CompetitionApiService/DownloadDataFile

  FAIL train_label_masks/8e10fdf7cf892cd38ba41c771557b0ce_mask.tiff: 429 Client Error: Too Many Requests for url: https://api.kaggle.com/v1/competitions.CompetitionApiService/DownloadDataFile

  FAIL train_label_masks/8e1caeb7b30b4cf3b1d07e777aca6a67_mask.tiff: 429 Client Error: Too Many Requests for url: https://api.kaggle.com/v1/competitions.CompetitionApiService/DownloadDataFile

  FAIL train_label_masks/8e244ea370ffdb16c4d50bd271c538a8_mask.tiff: 429 Client Error: Too Many Requests for url: https://api.kaggle.com/v1/competitions.CompetitionApiService/DownloadDataFile

  FAIL train_label_masks/8e25584bd03155d24a2adc00517a38e8_mask.tiff: 429 Client Error: Too Many Requests for url: https://api.kaggle.com/v1/competitions.CompetitionApiService/DownloadDataFile

  FAIL train_label_masks/8e3e843a0eebb79b5ed06f97c078eb87_mask.tiff: 429 Client Error: Too Many Requests for url: https://api.kaggle.com/v1/competitions.CompetitionApiService/DownloadDataFile

  FAIL train_label_masks/8e45b3d90a0b2ff168f2851d2b0efad7_mask.tiff: 429 Client Error: Too Many Requests for url: https://api.kaggle.com/v1/competitions.CompetitionApiService/DownloadDataFile

  FAIL train_label_masks/8e6db17e55f22d47faaeed270a79d288_mask.tiff: 429 Client Error: Too Many Requests for url: https://api.kaggle.com/v1/competitions.CompetitionApiService/DownloadDataFile

  FAIL train_label_masks/8e746b67fa47b5104b9cbe38c1c2014b_mask.tiff: 429 Client Error: Too Many Requests for url: https://api.kaggle.com/v1/competitions.CompetitionApiService/DownloadDataFile

  FAIL train_label_masks/8e8e466ee8644a88c48ff4decef87949_mask.tiff: 429 Client Error: Too Many Requests for url: https://api.kaggle.com/v1/competitions.CompetitionApiService/DownloadDataFile

  FAIL train_label_masks/8e9fa23bd67888cbddd7203f3a2db9fe_mask.tiff: 429 Client Error: Too Many Requests for url: https://api.kaggle.com/v1/competitions.CompetitionApiService/DownloadDataFile

  FAIL train_label_masks/8ea5bb9e2220e1906653030284775e1a_mask.tiff: 429 Client Error: Too Many Requests for url: https://api.kaggle.com/v1/competitions.CompetitionApiService/DownloadDataFile

  FAIL train_label_masks/8ea670bea099a4d37688e0bd5c400dcb_mask.tiff: 429 Client Error: Too Many Requests for url: https://api.kaggle.com/v1/competitions.CompetitionApiService/DownloadDataFile

  FAIL train_label_masks/8eb6325c279ad391cf4a54492db4c41a_mask.tiff: 429 Client Error: Too Many Requests for url: https://api.kaggle.com/v1/competitions.CompetitionApiService/DownloadDataFile

  FAIL train_label_masks/8ed0759dc9f237217ed150c21d9afeac_mask.tiff: 429 Client Error: Too Many Requests for url: https://api.kaggle.com/v1/competitions.CompetitionApiService/DownloadDataFile

  FAIL train_label_masks/8ed11de0354e0571d6972983dfcefd60_mask.tiff: 429 Client Error: Too Many Requests for url: https://api.kaggle.com/v1/competitions.CompetitionApiService/DownloadDataFile

  FAIL train_label_masks/8ed8da75b8a46d9e025378993e4dc41e_mask.tiff: 429 Client Error: Too Many Requests for url: https://api.kaggle.com/v1/competitions.CompetitionApiService/DownloadDataFile

  FAIL train_label_masks/8ef59d7cb53bf92b5c589f7377edb0d7_mask.tiff: 429 Client Error: Too Many Requests for url: https://api.kaggle.com/v1/competitions.CompetitionApiService/DownloadDataFile

  FAIL train_label_masks/8ef60407163c62c9fc4f2a3f6bf7691a_mask.tiff: 429 Client Error: Too Many Requests for url: https://api.kaggle.com/v1/competitions.CompetitionApiService/DownloadDataFile

  FAIL train_label_masks/8ef6bc4f6251b850e1b47f926d50968a_mask.tiff: 429 Client Error: Too Many Requests for url: https://api.kaggle.com/v1/competitions.CompetitionApiService/DownloadDataFile

  FAIL train_label_masks/8ef71bfdde4f67ce9c00e001e6946f5a_mask.tiff: 429 Client Error: Too Many Requests for url: https://api.kaggle.com/v1/competitions.CompetitionApiService/DownloadDataFile

  FAIL train_label_masks/8efb75ef39c5b55cffeac6d3d19cf238_mask.tiff: 429 Client Error: Too Many Requests for url: https://api.kaggle.com/v1/competitions.CompetitionApiService/DownloadDataFile

  FAIL train_label_masks/8efdb7429bd48a9e77862d5af5351267_mask.tiff: 429 Client Error: Too Many Requests for url: https://api.kaggle.com/v1/competitions.CompetitionApiService/DownloadDataFile

  FAIL train_label_masks/8f01bf374ae51581432658526d895b22_mask.tiff: 429 Client Error: Too Many Requests for url: https://api.kaggle.com/v1/competitions.CompetitionApiService/DownloadDataFile

  FAIL train_label_masks/8f18d0ffda3fb439d6ad4473d575409d_mask.tiff: 429 Client Error: Too Many Requests for url: https://api.kaggle.com/v1/competitions.CompetitionApiService/DownloadDataFile

  FAIL train_label_masks/8f264374ed3fa427615c1650218e7f21_mask.tiff: 429 Client Error: Too Many Requests for url: https://api.kaggle.com/v1/competitions.CompetitionApiService/DownloadDataFile

  FAIL train_label_masks/8f2bf8045c49c8e298b02cb62b1c57c9_mask.tiff: 429 Client Error: Too Many Requests for url: https://api.kaggle.com/v1/competitions.CompetitionApiService/DownloadDataFile

  FAIL train_label_masks/8f3594bd4bd9f8209fe59b965b431963_mask.tiff: 429 Client Error: Too Many Requests for url: https://api.kaggle.com/v1/competitions.CompetitionApiService/DownloadDataFile

  FAIL train_label_masks/8f4163f9e76ce4d47678985228bace09_mask.tiff: 429 Client Error: Too Many Requests for url: https://api.kaggle.com/v1/competitions.CompetitionApiService/DownloadDataFile

  FAIL train_label_masks/8f4389cc541dbe6eb4bcd793d0626891_mask.tiff: 429 Client Error: Too Many Requests for url: https://api.kaggle.com/v1/competitions.CompetitionApiService/DownloadDataFile

  FAIL train_label_masks/8f8d20fc6e9b6aa3b145e359e104eac4_mask.tiff: 429 Client Error: Too Many Requests for url: https://api.kaggle.com/v1/competitions.CompetitionApiService/DownloadDataFile

  FAIL train_label_masks/8fa7f6ad508c78ef7dbd621d579350b8_mask.tiff: 429 Client Error: Too Many Requests for url: https://api.kaggle.com/v1/competitions.CompetitionApiService/DownloadDataFile

  FAIL train_label_masks/8fae0151f134c7499934dfe20c700eb9_mask.tiff: 429 Client Error: Too Many Requests for url: https://api.kaggle.com/v1/competitions.CompetitionApiService/DownloadDataFile

  FAIL train_label_masks/8fb12946881047895dd14ed095a99367_mask.tiff: 429 Client Error: Too Many Requests for url: https://api.kaggle.com/v1/competitions.CompetitionApiService/DownloadDataFile

  FAIL train_label_masks/8fb9c792bb2152a5f3e2c60728be9af3_mask.tiff: 429 Client Error: Too Many Requests for url: https://api.kaggle.com/v1/competitions.CompetitionApiService/DownloadDataFile

  FAIL train_label_masks/8fc10ce3188de7e919b9f08fe5e6993c_mask.tiff: 429 Client Error: Too Many Requests for url: https://api.kaggle.com/v1/competitions.CompetitionApiService/DownloadDataFile

  FAIL train_label_masks/8fc8a9625136be2a7a2d0b394d82a382_mask.tiff: 429 Client Error: Too Many Requests for url: https://api.kaggle.com/v1/competitions.CompetitionApiService/DownloadDataFile

  FAIL train_label_masks/8fced11c69f98368c493a9fdb733544c_mask.tiff: 429 Client Error: Too Many Requests for url: https://api.kaggle.com/v1/competitions.CompetitionApiService/DownloadDataFile

  FAIL train_label_masks/900ca15382fabf04c7b62af369e0b551_mask.tiff: 429 Client Error: Too Many Requests for url: https://api.kaggle.com/v1/competitions.CompetitionApiService/DownloadDataFile

  FAIL train_label_masks/901a4d6d3cdfc23bf94bc1cb3e03fbc5_mask.tiff: 429 Client Error: Too Many Requests for url: https://api.kaggle.com/v1/competitions.CompetitionApiService/DownloadDataFile

  FAIL train_label_masks/901c286b8214018bb61ece49767c9004_mask.tiff: 429 Client Error: Too Many Requests for url: https://api.kaggle.com/v1/competitions.CompetitionApiService/DownloadDataFile

  FAIL train_label_masks/901d2acd51382d7568fd83389f704888_mask.tiff: 429 Client Error: Too Many Requests for url: https://api.kaggle.com/v1/competitions.CompetitionApiService/DownloadDataFile

  FAIL train_label_masks/902c91b64acca0e23028554022413337_mask.tiff: 429 Client Error: Too Many Requests for url: https://api.kaggle.com/v1/competitions.CompetitionApiService/DownloadDataFile

  FAIL train_label_masks/903c88d5dc12315b4f6e9d6ad6b82537_mask.tiff: 429 Client Error: Too Many Requests for url: https://api.kaggle.com/v1/competitions.CompetitionApiService/DownloadDataFile

  FAIL train_label_masks/904abf17bb3b1052483e2b026d2a2a7e_mask.tiff: 429 Client Error: Too Many Requests for url: https://api.kaggle.com/v1/competitions.CompetitionApiService/DownloadDataFile

  FAIL train_label_masks/905733a0eeb4e1e2fadca080fecd62da_mask.tiff: 429 Client Error: Too Many Requests for url: https://api.kaggle.com/v1/competitions.CompetitionApiService/DownloadDataFile

  FAIL train_label_masks/9064f0eb9ef8bbb376649033116fc380_mask.tiff: 429 Client Error: Too Many Requests for url: https://api.kaggle.com/v1/competitions.CompetitionApiService/DownloadDataFile

  FAIL train_label_masks/9079ffff621fc4e738b65b66587bfa47_mask.tiff: 429 Client Error: Too Many Requests for url: https://api.kaggle.com/v1/competitions.CompetitionApiService/DownloadDataFile

  FAIL train_label_masks/908d0fea96e1e85c8b7c772b397dbe8e_mask.tiff: 429 Client Error: Too Many Requests for url: https://api.kaggle.com/v1/competitions.CompetitionApiService/DownloadDataFile

  FAIL train_label_masks/908f1b399873681da17cd24b94c85714_mask.tiff: 429 Client Error: Too Many Requests for url: https://api.kaggle.com/v1/competitions.CompetitionApiService/DownloadDataFile

  FAIL train_label_masks/9098b613c1e7dc1e50790bbdaafd4828_mask.tiff: 429 Client Error: Too Many Requests for url: https://api.kaggle.com/v1/competitions.CompetitionApiService/DownloadDataFile

  FAIL train_label_masks/90a1a09e8b9543d69f9a90982ef5a789_mask.tiff: 429 Client Error: Too Many Requests for url: https://api.kaggle.com/v1/competitions.CompetitionApiService/DownloadDataFile

  FAIL train_label_masks/90b46d166cca71d23d7158ce41f5863c_mask.tiff: 429 Client Error: Too Many Requests for url: https://api.kaggle.com/v1/competitions.CompetitionApiService/DownloadDataFile

  FAIL train_label_masks/90b662751c94e02232830cc4b5d2db16_mask.tiff: 429 Client Error: Too Many Requests for url: https://api.kaggle.com/v1/competitions.CompetitionApiService/DownloadDataFile

  FAIL train_label_masks/90bded96836ea370356065826e6e5824_mask.tiff: 429 Client Error: Too Many Requests for url: https://api.kaggle.com/v1/competitions.CompetitionApiService/DownloadDataFile

  FAIL train_label_masks/90ca0914d80d3877bb710d95ab9de2be_mask.tiff: 429 Client Error: Too Many Requests for url: https://api.kaggle.com/v1/competitions.CompetitionApiService/DownloadDataFile

  FAIL train_label_masks/90d0e6728b0cae76570b1abb459b522a_mask.tiff: 429 Client Error: Too Many Requests for url: https://api.kaggle.com/v1/competitions.CompetitionApiService/DownloadDataFile

  FAIL train_label_masks/90f27b8f8e4c1ca220df5e199f7f21cf_mask.tiff: 429 Client Error: Too Many Requests for url: https://api.kaggle.com/v1/competitions.CompetitionApiService/DownloadDataFile

  FAIL train_label_masks/90f40766a31a51bef3e27e361a65fbd4_mask.tiff: 429 Client Error: Too Many Requests for url: https://api.kaggle.com/v1/competitions.CompetitionApiService/DownloadDataFile

  FAIL train_label_masks/9140f25d89ce21afd290027d237a1c36_mask.tiff: 429 Client Error: Too Many Requests for url: https://api.kaggle.com/v1/competitions.CompetitionApiService/DownloadDataFile

  FAIL train_label_masks/9144106abaaa37336cad2f4ef72d3fdc_mask.tiff: 429 Client Error: Too Many Requests for url: https://api.kaggle.com/v1/competitions.CompetitionApiService/DownloadDataFile

  FAIL train_label_masks/915845d6283e37f8855d3ac5c0bcd599_mask.tiff: 429 Client Error: Too Many Requests for url: https://api.kaggle.com/v1/competitions.CompetitionApiService/DownloadDataFile

  FAIL train_label_masks/9158baf42019752ef196d31796e7a768_mask.tiff: 429 Client Error: Too Many Requests for url: https://api.kaggle.com/v1/competitions.CompetitionApiService/DownloadDataFile

  FAIL train_label_masks/915a1e409a2d3349835d09098e364658_mask.tiff: 429 Client Error: Too Many Requests for url: https://api.kaggle.com/v1/competitions.CompetitionApiService/DownloadDataFile

  FAIL train_label_masks/915dd7918f5bbd16aa1ec7a677dcfe13_mask.tiff: 429 Client Error: Too Many Requests for url: https://api.kaggle.com/v1/competitions.CompetitionApiService/DownloadDataFile

  FAIL train_label_masks/91711a1d263ddd2559f5b91669cfcb4a_mask.tiff: 429 Client Error: Too Many Requests for url: https://api.kaggle.com/v1/competitions.CompetitionApiService/DownloadDataFile

  FAIL train_label_masks/91715bd01b55f5f06db540218cbb312d_mask.tiff: 429 Client Error: Too Many Requests for url: https://api.kaggle.com/v1/competitions.CompetitionApiService/DownloadDataFile

  FAIL train_label_masks/917bea3ff0173996f94b1adca79213e0_mask.tiff: 429 Client Error: Too Many Requests for url: https://api.kaggle.com/v1/competitions.CompetitionApiService/DownloadDataFile

  FAIL train_label_masks/917cd45a69cff65efa37f3946d4bb13a_mask.tiff: 429 Client Error: Too Many Requests for url: https://api.kaggle.com/v1/competitions.CompetitionApiService/DownloadDataFile

  FAIL train_label_masks/91939627c20f2e47fa4be433363bfd6d_mask.tiff: 429 Client Error: Too Many Requests for url: https://api.kaggle.com/v1/competitions.CompetitionApiService/DownloadDataFile

  FAIL train_label_masks/91943fddc4c32254d35553f7cef53683_mask.tiff: 429 Client Error: Too Many Requests for url: https://api.kaggle.com/v1/competitions.CompetitionApiService/DownloadDataFile

  FAIL train_label_masks/91a40f207d9a99e49866c204e28ce521_mask.tiff: 429 Client Error: Too Many Requests for url: https://api.kaggle.com/v1/competitions.CompetitionApiService/DownloadDataFile

  FAIL train_label_masks/91ab816a1696123b34d31e6b8fc00315_mask.tiff: 429 Client Error: Too Many Requests for url: https://api.kaggle.com/v1/competitions.CompetitionApiService/DownloadDataFile

  FAIL train_label_masks/91af122d94f80bb3d32eaed47bbce034_mask.tiff: 429 Client Error: Too Many Requests for url: https://api.kaggle.com/v1/competitions.CompetitionApiService/DownloadDataFile

  FAIL train_label_masks/91afb93637f5f86aacf904fcbe2bf5d9_mask.tiff: 429 Client Error: Too Many Requests for url: https://api.kaggle.com/v1/competitions.CompetitionApiService/DownloadDataFile

  FAIL train_label_masks/91b53c8308cd140ab55518b1df7a370d_mask.tiff: 429 Client Error: Too Many Requests for url: https://api.kaggle.com/v1/competitions.CompetitionApiService/DownloadDataFile

  FAIL train_label_masks/91c2e90cf320a9e3cbaeee14fd3b44e3_mask.tiff: 429 Client Error: Too Many Requests for url: https://api.kaggle.com/v1/competitions.CompetitionApiService/DownloadDataFile

  FAIL train_label_masks/91c2ff4afc2ebfc91581c582ac5ab3d5_mask.tiff: 429 Client Error: Too Many Requests for url: https://api.kaggle.com/v1/competitions.CompetitionApiService/DownloadDataFile

  FAIL train_label_masks/91cda229f5cca86a0d2c7bf78cfce02c_mask.tiff: 429 Client Error: Too Many Requests for url: https://api.kaggle.com/v1/competitions.CompetitionApiService/DownloadDataFile

  FAIL train_label_masks/91dd982fbff7aa72802fbd7391cd2eff_mask.tiff: 429 Client Error: Too Many Requests for url: https://api.kaggle.com/v1/competitions.CompetitionApiService/DownloadDataFile

  FAIL train_label_masks/91e29de2d26bec1ecc377921c0ff0a50_mask.tiff: 429 Client Error: Too Many Requests for url: https://api.kaggle.com/v1/competitions.CompetitionApiService/DownloadDataFile

  FAIL train_label_masks/91e2c35b8c9d4b6c1772f0589e6a81be_mask.tiff: 429 Client Error: Too Many Requests for url: https://api.kaggle.com/v1/competitions.CompetitionApiService/DownloadDataFile

  FAIL train_label_masks/91f209de31040146c9a61a8c7804bd34_mask.tiff: 429 Client Error: Too Many Requests for url: https://api.kaggle.com/v1/competitions.CompetitionApiService/DownloadDataFile

  FAIL train_label_masks/920249b849efbeedab4cbfe37d735404_mask.tiff: 429 Client Error: Too Many Requests for url: https://api.kaggle.com/v1/competitions.CompetitionApiService/DownloadDataFile

  FAIL train_label_masks/9217d01f99e5ae534da606486464a812_mask.tiff: 429 Client Error: Too Many Requests for url: https://api.kaggle.com/v1/competitions.CompetitionApiService/DownloadDataFile

  FAIL train_label_masks/921e586c2b5c9ac5b164f2229f7ea9f6_mask.tiff: 429 Client Error: Too Many Requests for url: https://api.kaggle.com/v1/competitions.CompetitionApiService/DownloadDataFile

  FAIL train_label_masks/9244b109ff28b15a04941fbc00a5caeb_mask.tiff: 429 Client Error: Too Many Requests for url: https://api.kaggle.com/v1/competitions.CompetitionApiService/DownloadDataFile

  FAIL train_label_masks/9269a7b94ac73d384512a87c1b38fd5a_mask.tiff: 429 Client Error: Too Many Requests for url: https://api.kaggle.com/v1/competitions.CompetitionApiService/DownloadDataFile

  FAIL train_label_masks/9275833e274c8ae8d514349c8c05fe2c_mask.tiff: 429 Client Error: Too Many Requests for url: https://api.kaggle.com/v1/competitions.CompetitionApiService/DownloadDataFile

  FAIL train_label_masks/9299df757a39cb1114a4345346048a68_mask.tiff: 429 Client Error: Too Many Requests for url: https://api.kaggle.com/v1/competitions.CompetitionApiService/DownloadDataFile

  FAIL train_label_masks/929cb4d0ec760882129e1853b335af17_mask.tiff: 429 Client Error: Too Many Requests for url: https://api.kaggle.com/v1/competitions.CompetitionApiService/DownloadDataFile

  FAIL train_label_masks/92a7876fa3e636c7cae555a615c6c192_mask.tiff: 429 Client Error: Too Many Requests for url: https://api.kaggle.com/v1/competitions.CompetitionApiService/DownloadDataFile

  FAIL train_label_masks/92a7e5f4fc41047d3f826cc90660c7a1_mask.tiff: 429 Client Error: Too Many Requests for url: https://api.kaggle.com/v1/competitions.CompetitionApiService/DownloadDataFile

  FAIL train_label_masks/92c47e36f3e35b80eb8798558ad37e10_mask.tiff: 429 Client Error: Too Many Requests for url: https://api.kaggle.com/v1/competitions.CompetitionApiService/DownloadDataFile

  FAIL train_label_masks/92d2a85fdb81d51f59c5781eb2c5d0a8_mask.tiff: 429 Client Error: Too Many Requests for url: https://api.kaggle.com/v1/competitions.CompetitionApiService/DownloadDataFile

  FAIL train_label_masks/92d2d3c1efe901481be93f2f1b4cc2df_mask.tiff: 429 Client Error: Too Many Requests for url: https://api.kaggle.com/v1/competitions.CompetitionApiService/DownloadDataFile

  FAIL train_label_masks/92d9151ac1696151907d63db1116efa1_mask.tiff: 429 Client Error: Too Many Requests for url: https://api.kaggle.com/v1/competitions.CompetitionApiService/DownloadDataFile

  FAIL train_label_masks/92e65cdbae33b846328b01eefe907fff_mask.tiff: 429 Client Error: Too Many Requests for url: https://api.kaggle.com/v1/competitions.CompetitionApiService/DownloadDataFile

  FAIL train_label_masks/92ed1808381455735456c3cbfb547ea6_mask.tiff: 429 Client Error: Too Many Requests for url: https://api.kaggle.com/v1/competitions.CompetitionApiService/DownloadDataFile

  FAIL train_label_masks/92fa83d9c589d7c819d52fd8ab461241_mask.tiff: 429 Client Error: Too Many Requests for url: https://api.kaggle.com/v1/competitions.CompetitionApiService/DownloadDataFile

  FAIL train_label_masks/9312f1d67670056fcff9a88c21a07e7a_mask.tiff: 429 Client Error: Too Many Requests for url: https://api.kaggle.com/v1/competitions.CompetitionApiService/DownloadDataFile

  FAIL train_label_masks/932af254f55ed4607b6a31c4fc69726f_mask.tiff: 429 Client Error: Too Many Requests for url: https://api.kaggle.com/v1/competitions.CompetitionApiService/DownloadDataFile

  FAIL train_label_masks/9335fbc722c3feb51e73c142238a0751_mask.tiff: 429 Client Error: Too Many Requests for url: https://api.kaggle.com/v1/competitions.CompetitionApiService/DownloadDataFile

  FAIL train_label_masks/933f22ce388303435d472aa4f9a56d66_mask.tiff: 429 Client Error: Too Many Requests for url: https://api.kaggle.com/v1/competitions.CompetitionApiService/DownloadDataFile

  FAIL train_label_masks/934b5d2a0804ebbf888544b5c8a178f4_mask.tiff: 429 Client Error: Too Many Requests for url: https://api.kaggle.com/v1/competitions.CompetitionApiService/DownloadDataFile

  FAIL train_label_masks/934f3bcb20dfdd3e184f53df0383b9e0_mask.tiff: 429 Client Error: Too Many Requests for url: https://api.kaggle.com/v1/competitions.CompetitionApiService/DownloadDataFile

  FAIL train_label_masks/9359e8987975c5e0d24dcb18e41270dd_mask.tiff: 429 Client Error: Too Many Requests for url: https://api.kaggle.com/v1/competitions.CompetitionApiService/DownloadDataFile

  FAIL train_label_masks/9362ecc68839f01d586019a2782f3552_mask.tiff: 429 Client Error: Too Many Requests for url: https://api.kaggle.com/v1/competitions.CompetitionApiService/DownloadDataFile

  FAIL train_label_masks/93757b4ce72684dad26c5e68b49829f7_mask.tiff: 429 Client Error: Too Many Requests for url: https://api.kaggle.com/v1/competitions.CompetitionApiService/DownloadDataFile

  FAIL train_label_masks/937d1baa30563087075199d0756f980d_mask.tiff: 429 Client Error: Too Many Requests for url: https://api.kaggle.com/v1/competitions.CompetitionApiService/DownloadDataFile

  FAIL train_label_masks/939821c6b92db7fa382c47c1c5c120e6_mask.tiff: 429 Client Error: Too Many Requests for url: https://api.kaggle.com/v1/competitions.CompetitionApiService/DownloadDataFile

  FAIL train_label_masks/93a53e5582574f10426754a9ee48619d_mask.tiff: 429 Client Error: Too Many Requests for url: https://api.kaggle.com/v1/competitions.CompetitionApiService/DownloadDataFile

  FAIL train_label_masks/93b69d2902a418c407b43b1da3248c8d_mask.tiff: 429 Client Error: Too Many Requests for url: https://api.kaggle.com/v1/competitions.CompetitionApiService/DownloadDataFile

  FAIL train_label_masks/93c3721f35d6693ac28d99f530b78233_mask.tiff: 429 Client Error: Too Many Requests for url: https://api.kaggle.com/v1/competitions.CompetitionApiService/DownloadDataFile

  FAIL train_label_masks/93c61a53aab1f24ced17419d1992bdf6_mask.tiff: 429 Client Error: Too Many Requests for url: https://api.kaggle.com/v1/competitions.CompetitionApiService/DownloadDataFile

  FAIL train_label_masks/93e2ce38e743146a128afb9ff3a61383_mask.tiff: 429 Client Error: Too Many Requests for url: https://api.kaggle.com/v1/competitions.CompetitionApiService/DownloadDataFile

  FAIL train_label_masks/93e402b3157850fc6995e60ebb11f70a_mask.tiff: 429 Client Error: Too Many Requests for url: https://api.kaggle.com/v1/competitions.CompetitionApiService/DownloadDataFile

  FAIL train_label_masks/93f366029ac746d84ea2aea80cc998e8_mask.tiff: 429 Client Error: Too Many Requests for url: https://api.kaggle.com/v1/competitions.CompetitionApiService/DownloadDataFile

  FAIL train_label_masks/93f72dd7ec242504056611151fff2dc5_mask.tiff: 429 Client Error: Too Many Requests for url: https://api.kaggle.com/v1/competitions.CompetitionApiService/DownloadDataFile

  FAIL train_label_masks/9403cc77efc7d9414204d12e31dadac1_mask.tiff: 429 Client Error: Too Many Requests for url: https://api.kaggle.com/v1/competitions.CompetitionApiService/DownloadDataFile

  FAIL train_label_masks/94357950df8207565fbe7d59a3084a1c_mask.tiff: 429 Client Error: Too Many Requests for url: https://api.kaggle.com/v1/competitions.CompetitionApiService/DownloadDataFile

  FAIL train_label_masks/944145f2933819f15c2c06746e839e97_mask.tiff: 429 Client Error: Too Many Requests for url: https://api.kaggle.com/v1/competitions.CompetitionApiService/DownloadDataFile

  FAIL train_label_masks/94430d425fcce2eb8de96209bbead0c5_mask.tiff: 429 Client Error: Too Many Requests for url: https://api.kaggle.com/v1/competitions.CompetitionApiService/DownloadDataFile

  FAIL train_label_masks/946e85479cd3ac3e73f2698c9cf01806_mask.tiff: 429 Client Error: Too Many Requests for url: https://api.kaggle.com/v1/competitions.CompetitionApiService/DownloadDataFile

  FAIL train_label_masks/947778d55b7cb029d9b22bd048534fe5_mask.tiff: 429 Client Error: Too Many Requests for url: https://api.kaggle.com/v1/competitions.CompetitionApiService/DownloadDataFile

  FAIL train_label_masks/949247a2b70a0976687f44de498ed601_mask.tiff: 429 Client Error: Too Many Requests for url: https://api.kaggle.com/v1/competitions.CompetitionApiService/DownloadDataFile

  FAIL train_label_masks/949b9f749f20ec960b36bd2fe50ac056_mask.tiff: 429 Client Error: Too Many Requests for url: https://api.kaggle.com/v1/competitions.CompetitionApiService/DownloadDataFile

  FAIL train_label_masks/94a91bf6dc832eda6a8f9fc70aae77bb_mask.tiff: 429 Client Error: Too Many Requests for url: https://api.kaggle.com/v1/competitions.CompetitionApiService/DownloadDataFile

  FAIL train_label_masks/94ad34192c1c300da99532bb24fd7bf3_mask.tiff: 429 Client Error: Too Many Requests for url: https://api.kaggle.com/v1/competitions.CompetitionApiService/DownloadDataFile

  FAIL train_label_masks/94de92cb54c50c8f9fab0e17d360041d_mask.tiff: 429 Client Error: Too Many Requests for url: https://api.kaggle.com/v1/competitions.CompetitionApiService/DownloadDataFile

  FAIL train_label_masks/94e121bc4a7091b881e8dd9b6c2be6b5_mask.tiff: 429 Client Error: Too Many Requests for url: https://api.kaggle.com/v1/competitions.CompetitionApiService/DownloadDataFile

  FAIL train_label_masks/94f02c7d0a57b89c1815e1e18314a037_mask.tiff: 429 Client Error: Too Many Requests for url: https://api.kaggle.com/v1/competitions.CompetitionApiService/DownloadDataFile

  FAIL train_label_masks/94f40cc47de223f60b575e508378ca9f_mask.tiff: 429 Client Error: Too Many Requests for url: https://api.kaggle.com/v1/competitions.CompetitionApiService/DownloadDataFile

  FAIL train_label_masks/94f7caa8da3e5c1d5507ddde7b6d6c24_mask.tiff: 429 Client Error: Too Many Requests for url: https://api.kaggle.com/v1/competitions.CompetitionApiService/DownloadDataFile

  FAIL train_label_masks/94f8884c0106deb59d2b6abfbc53fc74_mask.tiff: 429 Client Error: Too Many Requests for url: https://api.kaggle.com/v1/competitions.CompetitionApiService/DownloadDataFile

  FAIL train_label_masks/950719887cff5ded2cd4a8b4b1f76efb_mask.tiff: 429 Client Error: Too Many Requests for url: https://api.kaggle.com/v1/competitions.CompetitionApiService/DownloadDataFile

  FAIL train_label_masks/9526ed25cd1ac4113139593575131cd1_mask.tiff: 429 Client Error: Too Many Requests for url: https://api.kaggle.com/v1/competitions.CompetitionApiService/DownloadDataFile

  FAIL train_label_masks/954c4fc8d1287b99baa0d4937ecd0ac2_mask.tiff: 429 Client Error: Too Many Requests for url: https://api.kaggle.com/v1/competitions.CompetitionApiService/DownloadDataFile

  FAIL train_label_masks/954e9c58e7e2007d308584e35368996d_mask.tiff: 429 Client Error: Too Many Requests for url: https://api.kaggle.com/v1/competitions.CompetitionApiService/DownloadDataFile

  FAIL train_label_masks/955f09b99664b07b0cf18768c84f2253_mask.tiff: 429 Client Error: Too Many Requests for url: https://api.kaggle.com/v1/competitions.CompetitionApiService/DownloadDataFile

  FAIL train_label_masks/95687706ffc4a2750ca1709258cc88de_mask.tiff: 429 Client Error: Too Many Requests for url: https://api.kaggle.com/v1/competitions.CompetitionApiService/DownloadDataFile

  FAIL train_label_masks/957b6739a057adf1eef9ff91f31afe43_mask.tiff: 429 Client Error: Too Many Requests for url: https://api.kaggle.com/v1/competitions.CompetitionApiService/DownloadDataFile

  FAIL train_label_masks/9591a44ee456707bdc1def93f0007c35_mask.tiff: 429 Client Error: Too Many Requests for url: https://api.kaggle.com/v1/competitions.CompetitionApiService/DownloadDataFile

  FAIL train_label_masks/9599d5f691b56b56aac30664afa7ef45_mask.tiff: 429 Client Error: Too Many Requests for url: https://api.kaggle.com/v1/competitions.CompetitionApiService/DownloadDataFile

  FAIL train_label_masks/95a85a81c83b5998c80585869737df0b_mask.tiff: 429 Client Error: Too Many Requests for url: https://api.kaggle.com/v1/competitions.CompetitionApiService/DownloadDataFile

  FAIL train_label_masks/95c518378ccd428a5e674c3c668e9f2e_mask.tiff: 429 Client Error: Too Many Requests for url: https://api.kaggle.com/v1/competitions.CompetitionApiService/DownloadDataFile

  FAIL train_label_masks/95ceba057707ca5624053399bd2f14db_mask.tiff: 429 Client Error: Too Many Requests for url: https://api.kaggle.com/v1/competitions.CompetitionApiService/DownloadDataFile

  FAIL train_label_masks/95cef4ca534e7e446accec285266416c_mask.tiff: 429 Client Error: Too Many Requests for url: https://api.kaggle.com/v1/competitions.CompetitionApiService/DownloadDataFile

  FAIL train_label_masks/95eeb46ecc4a9693119627fedb8df55c_mask.tiff: 429 Client Error: Too Many Requests for url: https://api.kaggle.com/v1/competitions.CompetitionApiService/DownloadDataFile

  FAIL train_label_masks/9601f5a50ae3847ee3248320b84606ff_mask.tiff: 429 Client Error: Too Many Requests for url: https://api.kaggle.com/v1/competitions.CompetitionApiService/DownloadDataFile

  FAIL train_label_masks/96336251e59082cafc68f051bc448392_mask.tiff: 429 Client Error: Too Many Requests for url: https://api.kaggle.com/v1/competitions.CompetitionApiService/DownloadDataFile

  FAIL train_label_masks/963c4b548a8dea988860f21015eae898_mask.tiff: 429 Client Error: Too Many Requests for url: https://api.kaggle.com/v1/competitions.CompetitionApiService/DownloadDataFile

  FAIL train_label_masks/963cdce0573b4883f8c416d9808d6e84_mask.tiff: 429 Client Error: Too Many Requests for url: https://api.kaggle.com/v1/competitions.CompetitionApiService/DownloadDataFile

  FAIL train_label_masks/96415990a25ee1d758a8bc7ae97d593f_mask.tiff: 429 Client Error: Too Many Requests for url: https://api.kaggle.com/v1/competitions.CompetitionApiService/DownloadDataFile

  FAIL train_label_masks/964e3c2fc696bb6d6147b24dacabd54d_mask.tiff: 429 Client Error: Too Many Requests for url: https://api.kaggle.com/v1/competitions.CompetitionApiService/DownloadDataFile

  FAIL train_label_masks/9665b32251dfc1c438787d36e8b66dd0_mask.tiff: 429 Client Error: Too Many Requests for url: https://api.kaggle.com/v1/competitions.CompetitionApiService/DownloadDataFile

  FAIL train_label_masks/9676a10811c1fb71f39ce325e330cd06_mask.tiff: 429 Client Error: Too Many Requests for url: https://api.kaggle.com/v1/competitions.CompetitionApiService/DownloadDataFile

  FAIL train_label_masks/9687ac6e7ad6d4062635df2f0cd6d9de_mask.tiff: 429 Client Error: Too Many Requests for url: https://api.kaggle.com/v1/competitions.CompetitionApiService/DownloadDataFile

  FAIL train_label_masks/9690259f4f121c144d9510abe6818a4f_mask.tiff: 429 Client Error: Too Many Requests for url: https://api.kaggle.com/v1/competitions.CompetitionApiService/DownloadDataFile

  FAIL train_label_masks/96907a7abf71ca7e5e48b36514d6c7f2_mask.tiff: 429 Client Error: Too Many Requests for url: https://api.kaggle.com/v1/competitions.CompetitionApiService/DownloadDataFile

  FAIL train_label_masks/9693d8e04d91297655abf8424d769bef_mask.tiff: 429 Client Error: Too Many Requests for url: https://api.kaggle.com/v1/competitions.CompetitionApiService/DownloadDataFile

  FAIL train_label_masks/96aac9c3672cadf72e9e60d634bb145a_mask.tiff: 429 Client Error: Too Many Requests for url: https://api.kaggle.com/v1/competitions.CompetitionApiService/DownloadDataFile

  FAIL train_label_masks/96b25c6d10a1c6c3814433b014afae0f_mask.tiff: 429 Client Error: Too Many Requests for url: https://api.kaggle.com/v1/competitions.CompetitionApiService/DownloadDataFile

  FAIL train_label_masks/96b8bc9b8128ea796e39a4af6eccdbea_mask.tiff: 429 Client Error: Too Many Requests for url: https://api.kaggle.com/v1/competitions.CompetitionApiService/DownloadDataFile

  FAIL train_label_masks/96c62d8799651597247be49bf790d585_mask.tiff: 429 Client Error: Too Many Requests for url: https://api.kaggle.com/v1/competitions.CompetitionApiService/DownloadDataFile

  FAIL train_label_masks/96d899632a66fc8acc41e89ad288f00b_mask.tiff: 429 Client Error: Too Many Requests for url: https://api.kaggle.com/v1/competitions.CompetitionApiService/DownloadDataFile

  FAIL train_label_masks/96daa0c757713deeb2148c1952063648_mask.tiff: 429 Client Error: Too Many Requests for url: https://api.kaggle.com/v1/competitions.CompetitionApiService/DownloadDataFile

  FAIL train_label_masks/96dfad49d9f2d8eebfc93fa5aee86b42_mask.tiff: 429 Client Error: Too Many Requests for url: https://api.kaggle.com/v1/competitions.CompetitionApiService/DownloadDataFile

  FAIL train_label_masks/96e3a3cfac2bdbcf4b6dd1745f818131_mask.tiff: 429 Client Error: Too Many Requests for url: https://api.kaggle.com/v1/competitions.CompetitionApiService/DownloadDataFile

  FAIL train_label_masks/96ebc7a4719a1f87e0d0c6623e32e48a_mask.tiff: 429 Client Error: Too Many Requests for url: https://api.kaggle.com/v1/competitions.CompetitionApiService/DownloadDataFile

  FAIL train_label_masks/96fe9eb038ba77992ff6fd1b16ae9427_mask.tiff: 429 Client Error: Too Many Requests for url: https://api.kaggle.com/v1/competitions.CompetitionApiService/DownloadDataFile

  FAIL train_label_masks/9702e77a42c305656f1c099eafe7d7f9_mask.tiff: 429 Client Error: Too Many Requests for url: https://api.kaggle.com/v1/competitions.CompetitionApiService/DownloadDataFile

  FAIL train_label_masks/9716b5d2e13a28be3dc836134153720c_mask.tiff: 429 Client Error: Too Many Requests for url: https://api.kaggle.com/v1/competitions.CompetitionApiService/DownloadDataFile

  FAIL train_label_masks/971c7809d61b9389ac9359b72b95c1d6_mask.tiff: 429 Client Error: Too Many Requests for url: https://api.kaggle.com/v1/competitions.CompetitionApiService/DownloadDataFile

  FAIL train_label_masks/972205a215810bf6fe377303bfbe80de_mask.tiff: 429 Client Error: Too Many Requests for url: https://api.kaggle.com/v1/competitions.CompetitionApiService/DownloadDataFile

  FAIL train_label_masks/9732d77870c47958a27d32126266ef89_mask.tiff: 429 Client Error: Too Many Requests for url: https://api.kaggle.com/v1/competitions.CompetitionApiService/DownloadDataFile

  FAIL train_label_masks/97425535f7cd9edbfdcebb3d9fdce17b_mask.tiff: 429 Client Error: Too Many Requests for url: https://api.kaggle.com/v1/competitions.CompetitionApiService/DownloadDataFile

  FAIL train_label_masks/974916a28bb67ac840a9305d18d3cd61_mask.tiff: 429 Client Error: Too Many Requests for url: https://api.kaggle.com/v1/competitions.CompetitionApiService/DownloadDataFile

  FAIL train_label_masks/975e3dab22e437d040f2fd296a8d038f_mask.tiff: 429 Client Error: Too Many Requests for url: https://api.kaggle.com/v1/competitions.CompetitionApiService/DownloadDataFile

  FAIL train_label_masks/9761fb9e15e37b85ea603dbedd0db804_mask.tiff: 429 Client Error: Too Many Requests for url: https://api.kaggle.com/v1/competitions.CompetitionApiService/DownloadDataFile

  FAIL train_label_masks/97659f526c8c25f29175c9c5d36d31e7_mask.tiff: 429 Client Error: Too Many Requests for url: https://api.kaggle.com/v1/competitions.CompetitionApiService/DownloadDataFile

  FAIL train_label_masks/9772703b74227547ad49265a1f70b9c5_mask.tiff: 429 Client Error: Too Many Requests for url: https://api.kaggle.com/v1/competitions.CompetitionApiService/DownloadDataFile

  FAIL train_label_masks/9772f0e2dc3c38aa876aa4b6c4c85377_mask.tiff: 429 Client Error: Too Many Requests for url: https://api.kaggle.com/v1/competitions.CompetitionApiService/DownloadDataFile

  FAIL train_label_masks/977a4281401b63f74739845b3ec98023_mask.tiff: 429 Client Error: Too Many Requests for url: https://api.kaggle.com/v1/competitions.CompetitionApiService/DownloadDataFile

  FAIL train_label_masks/977d38c17c1f872ed1c550c52e984986_mask.tiff: 429 Client Error: Too Many Requests for url: https://api.kaggle.com/v1/competitions.CompetitionApiService/DownloadDataFile

  FAIL train_label_masks/97845cbd34d7c2f9ea7d76fa931f5412_mask.tiff: 429 Client Error: Too Many Requests for url: https://api.kaggle.com/v1/competitions.CompetitionApiService/DownloadDataFile

  FAIL train_label_masks/9793c3c2317f38143d21a5187bb35652_mask.tiff: 429 Client Error: Too Many Requests for url: https://api.kaggle.com/v1/competitions.CompetitionApiService/DownloadDataFile

  FAIL train_label_masks/97a072070bccd353b385580daed8b3f5_mask.tiff: 429 Client Error: Too Many Requests for url: https://api.kaggle.com/v1/competitions.CompetitionApiService/DownloadDataFile

  FAIL train_label_masks/97a83309575b765469e6a09250d92170_mask.tiff: 429 Client Error: Too Many Requests for url: https://api.kaggle.com/v1/competitions.CompetitionApiService/DownloadDataFile

  FAIL train_label_masks/97abbb3fc606bb28459310d1e295acd7_mask.tiff: 429 Client Error: Too Many Requests for url: https://api.kaggle.com/v1/competitions.CompetitionApiService/DownloadDataFile

  FAIL train_label_masks/97b36902754bad28b6fd335ddfc6db55_mask.tiff: 429 Client Error: Too Many Requests for url: https://api.kaggle.com/v1/competitions.CompetitionApiService/DownloadDataFile

  FAIL train_label_masks/97b7f54f14c7755f68592de20ea662b1_mask.tiff: 429 Client Error: Too Many Requests for url: https://api.kaggle.com/v1/competitions.CompetitionApiService/DownloadDataFile

  FAIL train_label_masks/97bf4d65f07954809658e01478408637_mask.tiff: 429 Client Error: Too Many Requests for url: https://api.kaggle.com/v1/competitions.CompetitionApiService/DownloadDataFile

  FAIL train_label_masks/97ccf4cd87889cfd0c918eabd453ace4_mask.tiff: 429 Client Error: Too Many Requests for url: https://api.kaggle.com/v1/competitions.CompetitionApiService/DownloadDataFile

  FAIL train_label_masks/97e55431d1082822b2aee62193b952ed_mask.tiff: 429 Client Error: Too Many Requests for url: https://api.kaggle.com/v1/competitions.CompetitionApiService/DownloadDataFile

  FAIL train_label_masks/97eafd1718347f62144da935984b7c60_mask.tiff: 429 Client Error: Too Many Requests for url: https://api.kaggle.com/v1/competitions.CompetitionApiService/DownloadDataFile

  FAIL train_label_masks/9800153dd8ccd37fc5453f60e6c77a78_mask.tiff: 429 Client Error: Too Many Requests for url: https://api.kaggle.com/v1/competitions.CompetitionApiService/DownloadDataFile

  FAIL train_label_masks/980231066d0cb7d43fc3993e6fb2f619_mask.tiff: 429 Client Error: Too Many Requests for url: https://api.kaggle.com/v1/competitions.CompetitionApiService/DownloadDataFile

  FAIL train_label_masks/98052e108edf90a5e0d327745ca0a2a0_mask.tiff: 429 Client Error: Too Many Requests for url: https://api.kaggle.com/v1/competitions.CompetitionApiService/DownloadDataFile

  FAIL train_label_masks/9825a1b0d9fd541a2849af0880927c88_mask.tiff: 429 Client Error: Too Many Requests for url: https://api.kaggle.com/v1/competitions.CompetitionApiService/DownloadDataFile

  FAIL train_label_masks/983631022096bc36a1a690d72db6b1d3_mask.tiff: 429 Client Error: Too Many Requests for url: https://api.kaggle.com/v1/competitions.CompetitionApiService/DownloadDataFile

  FAIL train_label_masks/9841424d99b28242ac069a04eccf5155_mask.tiff: 429 Client Error: Too Many Requests for url: https://api.kaggle.com/v1/competitions.CompetitionApiService/DownloadDataFile

  FAIL train_label_masks/9852092e24db80fb70f6fb0b4b8b9cbc_mask.tiff: 429 Client Error: Too Many Requests for url: https://api.kaggle.com/v1/competitions.CompetitionApiService/DownloadDataFile

  FAIL train_label_masks/9858e810bb88db4a43c7285c3bcf2f37_mask.tiff: 429 Client Error: Too Many Requests for url: https://api.kaggle.com/v1/competitions.CompetitionApiService/DownloadDataFile

  FAIL train_label_masks/9868a54bf110a952ac11af9f4659c5e1_mask.tiff: 429 Client Error: Too Many Requests for url: https://api.kaggle.com/v1/competitions.CompetitionApiService/DownloadDataFile

  FAIL train_label_masks/986d2e993e13ef22c77e011feead1079_mask.tiff: 429 Client Error: Too Many Requests for url: https://api.kaggle.com/v1/competitions.CompetitionApiService/DownloadDataFile

  FAIL train_label_masks/9872b4046512bedead9dc84501aed242_mask.tiff: 429 Client Error: Too Many Requests for url: https://api.kaggle.com/v1/competitions.CompetitionApiService/DownloadDataFile

  FAIL train_label_masks/98744dbf48a8428f1cada3cd7782ac92_mask.tiff: 429 Client Error: Too Many Requests for url: https://api.kaggle.com/v1/competitions.CompetitionApiService/DownloadDataFile

  FAIL train_label_masks/98761fc7b42140e02f2bb550dfdacbcb_mask.tiff: 429 Client Error: Too Many Requests for url: https://api.kaggle.com/v1/competitions.CompetitionApiService/DownloadDataFile

  FAIL train_label_masks/9878c2c100b5bad2fac735ef46a0321e_mask.tiff: 429 Client Error: Too Many Requests for url: https://api.kaggle.com/v1/competitions.CompetitionApiService/DownloadDataFile

  FAIL train_label_masks/9888f3ac3710823171421e5a5164b8de_mask.tiff: 429 Client Error: Too Many Requests for url: https://api.kaggle.com/v1/competitions.CompetitionApiService/DownloadDataFile

  FAIL train_label_masks/988c9deb4dc9996464fbccb6976dad1c_mask.tiff: 429 Client Error: Too Many Requests for url: https://api.kaggle.com/v1/competitions.CompetitionApiService/DownloadDataFile

  FAIL train_label_masks/98a3c3ff00d219ad6bdbf763af34f03e_mask.tiff: 429 Client Error: Too Many Requests for url: https://api.kaggle.com/v1/competitions.CompetitionApiService/DownloadDataFile

  FAIL train_label_masks/98a4ecddc18f1fb75a9eb0c75406c278_mask.tiff: 429 Client Error: Too Many Requests for url: https://api.kaggle.com/v1/competitions.CompetitionApiService/DownloadDataFile

  FAIL train_label_masks/98b0be22ce1333d629294c2748a81ed7_mask.tiff: 429 Client Error: Too Many Requests for url: https://api.kaggle.com/v1/competitions.CompetitionApiService/DownloadDataFile

  FAIL train_label_masks/98b3643c066287fc7f2418dfb7317dba_mask.tiff: 429 Client Error: Too Many Requests for url: https://api.kaggle.com/v1/competitions.CompetitionApiService/DownloadDataFile

  FAIL train_label_masks/98ba51c7a4ca7316ff1bc776365ca14d_mask.tiff: 429 Client Error: Too Many Requests for url: https://api.kaggle.com/v1/competitions.CompetitionApiService/DownloadDataFile

  FAIL train_label_masks/98c76020fd2e71039c259365994f76d6_mask.tiff: 429 Client Error: Too Many Requests for url: https://api.kaggle.com/v1/competitions.CompetitionApiService/DownloadDataFile

  FAIL train_label_masks/98c7ea676add7df440b5893d776f7a6d_mask.tiff: 429 Client Error: Too Many Requests for url: https://api.kaggle.com/v1/competitions.CompetitionApiService/DownloadDataFile

  FAIL train_label_masks/98c9716452737dafd3a149eb32aeee29_mask.tiff: 429 Client Error: Too Many Requests for url: https://api.kaggle.com/v1/competitions.CompetitionApiService/DownloadDataFile

  FAIL train_label_masks/98e64fe16f136205ade444bb3cdfaea8_mask.tiff: 429 Client Error: Too Many Requests for url: https://api.kaggle.com/v1/competitions.CompetitionApiService/DownloadDataFile

  FAIL train_label_masks/98ee892e5c8c6f3f01d3f1705f16401e_mask.tiff: 429 Client Error: Too Many Requests for url: https://api.kaggle.com/v1/competitions.CompetitionApiService/DownloadDataFile

  FAIL train_label_masks/98eff279b10d8e5186e406ef91de2f3f_mask.tiff: 429 Client Error: Too Many Requests for url: https://api.kaggle.com/v1/competitions.CompetitionApiService/DownloadDataFile

  FAIL train_label_masks/9904b0e39429fe1c957c7c1ee53bb248_mask.tiff: 429 Client Error: Too Many Requests for url: https://api.kaggle.com/v1/competitions.CompetitionApiService/DownloadDataFile

  FAIL train_label_masks/991b6a11393bf5d10e91a50f581cba68_mask.tiff: 429 Client Error: Too Many Requests for url: https://api.kaggle.com/v1/competitions.CompetitionApiService/DownloadDataFile

  FAIL train_label_masks/991d3df8e3ce4a9f4b0edc588070b0e7_mask.tiff: 429 Client Error: Too Many Requests for url: https://api.kaggle.com/v1/competitions.CompetitionApiService/DownloadDataFile

  FAIL train_label_masks/9921310eb85fdef96f5ec4b5bea102c5_mask.tiff: 429 Client Error: Too Many Requests for url: https://api.kaggle.com/v1/competitions.CompetitionApiService/DownloadDataFile

  FAIL train_label_masks/992494d03126bd7ffb678ab8f685a854_mask.tiff: 429 Client Error: Too Many Requests for url: https://api.kaggle.com/v1/competitions.CompetitionApiService/DownloadDataFile

  FAIL train_label_masks/9928acf6905a4a2542f6bb7c4748c89d_mask.tiff: 429 Client Error: Too Many Requests for url: https://api.kaggle.com/v1/competitions.CompetitionApiService/DownloadDataFile

  FAIL train_label_masks/995b9aea3d7f6ccda0440b9ec2bfc058_mask.tiff: 429 Client Error: Too Many Requests for url: https://api.kaggle.com/v1/competitions.CompetitionApiService/DownloadDataFile

  FAIL train_label_masks/995df9b93db1e396b57692c6c7f1d673_mask.tiff: 429 Client Error: Too Many Requests for url: https://api.kaggle.com/v1/competitions.CompetitionApiService/DownloadDataFile

  FAIL train_label_masks/995fed12984c02ca98b247732ea080c1_mask.tiff: 429 Client Error: Too Many Requests for url: https://api.kaggle.com/v1/competitions.CompetitionApiService/DownloadDataFile

  FAIL train_label_masks/9962fd78160191c674d0032acc13c4a7_mask.tiff: 429 Client Error: Too Many Requests for url: https://api.kaggle.com/v1/competitions.CompetitionApiService/DownloadDataFile

  FAIL train_label_masks/997973f9f9c08b7eabd1d7fe09050f00_mask.tiff: 429 Client Error: Too Many Requests for url: https://api.kaggle.com/v1/competitions.CompetitionApiService/DownloadDataFile

  FAIL train_label_masks/99962ae11ae7b8de3b7304c55b8581ab_mask.tiff: 429 Client Error: Too Many Requests for url: https://api.kaggle.com/v1/competitions.CompetitionApiService/DownloadDataFile

  FAIL train_label_masks/99a799d89d57d1dd0b40728a6b7796ee_mask.tiff: 429 Client Error: Too Many Requests for url: https://api.kaggle.com/v1/competitions.CompetitionApiService/DownloadDataFile

  FAIL train_label_masks/99a853d64658ebefa3f3ad008d4d9fcb_mask.tiff: 429 Client Error: Too Many Requests for url: https://api.kaggle.com/v1/competitions.CompetitionApiService/DownloadDataFile

  FAIL train_label_masks/99b5e6120fe11690a3f36994f2dba580_mask.tiff: 429 Client Error: Too Many Requests for url: https://api.kaggle.com/v1/competitions.CompetitionApiService/DownloadDataFile

  FAIL train_label_masks/99bc60c2d554be9304993efa0a5ef740_mask.tiff: 429 Client Error: Too Many Requests for url: https://api.kaggle.com/v1/competitions.CompetitionApiService/DownloadDataFile

  FAIL train_label_masks/99c6eb1d87928dfae4d098276b85b98c_mask.tiff: 429 Client Error: Too Many Requests for url: https://api.kaggle.com/v1/competitions.CompetitionApiService/DownloadDataFile

  FAIL train_label_masks/99cc5f5b9f1a86c14dc1970defb07799_mask.tiff: 429 Client Error: Too Many Requests for url: https://api.kaggle.com/v1/competitions.CompetitionApiService/DownloadDataFile

  FAIL train_label_masks/99ce1fa103014b5486f882bb82994acf_mask.tiff: 429 Client Error: Too Many Requests for url: https://api.kaggle.com/v1/competitions.CompetitionApiService/DownloadDataFile

  FAIL train_label_masks/99d9afb22b65ea97fcd21ce67e1ddb6c_mask.tiff: 429 Client Error: Too Many Requests for url: https://api.kaggle.com/v1/competitions.CompetitionApiService/DownloadDataFile

  FAIL train_label_masks/99df939d41052c33bbd4af1bb923846d_mask.tiff: 429 Client Error: Too Many Requests for url: https://api.kaggle.com/v1/competitions.CompetitionApiService/DownloadDataFile

  FAIL train_label_masks/99f60de23ae443fc267155050cf905eb_mask.tiff: 429 Client Error: Too Many Requests for url: https://api.kaggle.com/v1/competitions.CompetitionApiService/DownloadDataFile

  FAIL train_label_masks/99f67e0699d1a1230968cad37c3fa985_mask.tiff: 429 Client Error: Too Many Requests for url: https://api.kaggle.com/v1/competitions.CompetitionApiService/DownloadDataFile

  FAIL train_label_masks/99fb9478334093d729eeb281d522ed63_mask.tiff: 429 Client Error: Too Many Requests for url: https://api.kaggle.com/v1/competitions.CompetitionApiService/DownloadDataFile

  FAIL train_label_masks/9a0fc7a2679d20d5c7bab1f220316e58_mask.tiff: 429 Client Error: Too Many Requests for url: https://api.kaggle.com/v1/competitions.CompetitionApiService/DownloadDataFile

  FAIL train_label_masks/9a132baeb5431f2b38862baff1c367c7_mask.tiff: 429 Client Error: Too Many Requests for url: https://api.kaggle.com/v1/competitions.CompetitionApiService/DownloadDataFile

  FAIL train_label_masks/9a22abb1da9fc91bb8ae7b91bfe1451e_mask.tiff: 429 Client Error: Too Many Requests for url: https://api.kaggle.com/v1/competitions.CompetitionApiService/DownloadDataFile

  FAIL train_label_masks/9a3595bbbc36b9ae6880ad57ae3a597b_mask.tiff: 429 Client Error: Too Many Requests for url: https://api.kaggle.com/v1/competitions.CompetitionApiService/DownloadDataFile

  FAIL train_label_masks/9a3ad5844e796a97e725de8fa7518144_mask.tiff: 429 Client Error: Too Many Requests for url: https://api.kaggle.com/v1/competitions.CompetitionApiService/DownloadDataFile

  FAIL train_label_masks/9a4ba048c62623465d6a7a0d8549a657_mask.tiff: 429 Client Error: Too Many Requests for url: https://api.kaggle.com/v1/competitions.CompetitionApiService/DownloadDataFile

  FAIL train_label_masks/9a9ca5c457ad34e83f7e83002c61550f_mask.tiff: 429 Client Error: Too Many Requests for url: https://api.kaggle.com/v1/competitions.CompetitionApiService/DownloadDataFile

  FAIL train_label_masks/9aa99fdb2c7e1853041be93f9c36bbab_mask.tiff: 429 Client Error: Too Many Requests for url: https://api.kaggle.com/v1/competitions.CompetitionApiService/DownloadDataFile

  FAIL train_label_masks/9ad778a5756c42441beb803ad8318fec_mask.tiff: 429 Client Error: Too Many Requests for url: https://api.kaggle.com/v1/competitions.CompetitionApiService/DownloadDataFile

  FAIL train_label_masks/9aee8da9114ad6691c94054ca683777c_mask.tiff: 429 Client Error: Too Many Requests for url: https://api.kaggle.com/v1/competitions.CompetitionApiService/DownloadDataFile

  FAIL train_label_masks/9af692888cef9a1698853f1424cc6fe2_mask.tiff: 429 Client Error: Too Many Requests for url: https://api.kaggle.com/v1/competitions.CompetitionApiService/DownloadDataFile

  FAIL train_label_masks/9b16f18bbaecf31ae19380009a076862_mask.tiff: 429 Client Error: Too Many Requests for url: https://api.kaggle.com/v1/competitions.CompetitionApiService/DownloadDataFile

  FAIL train_label_masks/9b19a8b453e20a9b9e27385cb4f65056_mask.tiff: 429 Client Error: Too Many Requests for url: https://api.kaggle.com/v1/competitions.CompetitionApiService/DownloadDataFile

  FAIL train_label_masks/9b1f3966737b74ae375dd220e56806d1_mask.tiff: 429 Client Error: Too Many Requests for url: https://api.kaggle.com/v1/competitions.CompetitionApiService/DownloadDataFile

  FAIL train_label_masks/9b1ffef735e7269deed27dd7e8db6b42_mask.tiff: 429 Client Error: Too Many Requests for url: https://api.kaggle.com/v1/competitions.CompetitionApiService/DownloadDataFile

  FAIL train_label_masks/9b238129762edd83f472e5b3abf9e639_mask.tiff: 429 Client Error: Too Many Requests for url: https://api.kaggle.com/v1/competitions.CompetitionApiService/DownloadDataFile

  FAIL train_label_masks/9b4216a9961382139d571fb45e4652bb_mask.tiff: 429 Client Error: Too Many Requests for url: https://api.kaggle.com/v1/competitions.CompetitionApiService/DownloadDataFile

  FAIL train_label_masks/9b4f01490d9d27e94dd2f49f8f53053e_mask.tiff: 429 Client Error: Too Many Requests for url: https://api.kaggle.com/v1/competitions.CompetitionApiService/DownloadDataFile

  FAIL train_label_masks/9b56f501c6765027cce8a1a8ad797767_mask.tiff: 429 Client Error: Too Many Requests for url: https://api.kaggle.com/v1/competitions.CompetitionApiService/DownloadDataFile

  FAIL train_label_masks/9b688ada62f8dd3fb913afa90d5a3e07_mask.tiff: 429 Client Error: Too Many Requests for url: https://api.kaggle.com/v1/competitions.CompetitionApiService/DownloadDataFile

  FAIL train_label_masks/9b6cbe06b1f3e5620fd9ac5e69a8cb4e_mask.tiff: 429 Client Error: Too Many Requests for url: https://api.kaggle.com/v1/competitions.CompetitionApiService/DownloadDataFile

  FAIL train_label_masks/9b761ed6330d5b6e03b1a88a8c5cc56d_mask.tiff: 429 Client Error: Too Many Requests for url: https://api.kaggle.com/v1/competitions.CompetitionApiService/DownloadDataFile

  FAIL train_label_masks/9b78976098554461d749dc6ea6afc9ba_mask.tiff: 429 Client Error: Too Many Requests for url: https://api.kaggle.com/v1/competitions.CompetitionApiService/DownloadDataFile

  FAIL train_label_masks/9b7a3bed1f74654040a37290572015c5_mask.tiff: 429 Client Error: Too Many Requests for url: https://api.kaggle.com/v1/competitions.CompetitionApiService/DownloadDataFile

  FAIL train_label_masks/9b830287af42617f01b6c0c1c6730766_mask.tiff: 429 Client Error: Too Many Requests for url: https://api.kaggle.com/v1/competitions.CompetitionApiService/DownloadDataFile

  FAIL train_label_masks/9b92d948f0a8ca765ef5ca7ae650273d_mask.tiff: 429 Client Error: Too Many Requests for url: https://api.kaggle.com/v1/competitions.CompetitionApiService/DownloadDataFile

  FAIL train_label_masks/9b9b11aa65e492ece39e3fde93a89d82_mask.tiff: 429 Client Error: Too Many Requests for url: https://api.kaggle.com/v1/competitions.CompetitionApiService/DownloadDataFile

  FAIL train_label_masks/9ba74a2d19c4149c47a7c6661fb7eb5f_mask.tiff: 429 Client Error: Too Many Requests for url: https://api.kaggle.com/v1/competitions.CompetitionApiService/DownloadDataFile

  FAIL train_label_masks/9bb08719f4422442cba4253b2ba34b62_mask.tiff: 429 Client Error: Too Many Requests for url: https://api.kaggle.com/v1/competitions.CompetitionApiService/DownloadDataFile

  FAIL train_label_masks/9bb60a3f88287060ff55db1d8e1dce44_mask.tiff: 429 Client Error: Too Many Requests for url: https://api.kaggle.com/v1/competitions.CompetitionApiService/DownloadDataFile

  FAIL train_label_masks/9bc5cd695f30b6f98e65dc356cf6c656_mask.tiff: 429 Client Error: Too Many Requests for url: https://api.kaggle.com/v1/competitions.CompetitionApiService/DownloadDataFile

  FAIL train_label_masks/9bc70f1bfc8dbca7c881616b0198edcb_mask.tiff: 429 Client Error: Too Many Requests for url: https://api.kaggle.com/v1/competitions.CompetitionApiService/DownloadDataFile

  FAIL train_label_masks/9bc88ce8ad471cce57ed97cd33cb7f35_mask.tiff: 429 Client Error: Too Many Requests for url: https://api.kaggle.com/v1/competitions.CompetitionApiService/DownloadDataFile

  FAIL train_label_masks/9bd22fd158fa3999466350e7e5784d6d_mask.tiff: 429 Client Error: Too Many Requests for url: https://api.kaggle.com/v1/competitions.CompetitionApiService/DownloadDataFile

  FAIL train_label_masks/9bee26fca37e17fccd88264bece3d921_mask.tiff: 429 Client Error: Too Many Requests for url: https://api.kaggle.com/v1/competitions.CompetitionApiService/DownloadDataFile

  FAIL train_label_masks/9c181659ec10a2d3c0d61ce45ef6d16b_mask.tiff: 429 Client Error: Too Many Requests for url: https://api.kaggle.com/v1/competitions.CompetitionApiService/DownloadDataFile

  FAIL train_label_masks/9c24ae764d87098d03faccc2e2a579d0_mask.tiff: 429 Client Error: Too Many Requests for url: https://api.kaggle.com/v1/competitions.CompetitionApiService/DownloadDataFile

  FAIL train_label_masks/9c28f2bb8ecc9e89f8c141b768434d67_mask.tiff: 429 Client Error: Too Many Requests for url: https://api.kaggle.com/v1/competitions.CompetitionApiService/DownloadDataFile

  FAIL train_label_masks/9c2eafb5480094f718bc40213531b7d5_mask.tiff: 429 Client Error: Too Many Requests for url: https://api.kaggle.com/v1/competitions.CompetitionApiService/DownloadDataFile

  FAIL train_label_masks/9c37e4cad0a3fd8edae320d73c314e8c_mask.tiff: 429 Client Error: Too Many Requests for url: https://api.kaggle.com/v1/competitions.CompetitionApiService/DownloadDataFile

  FAIL train_label_masks/9c4e536fce834eef41a9d029af5193f8_mask.tiff: 429 Client Error: Too Many Requests for url: https://api.kaggle.com/v1/competitions.CompetitionApiService/DownloadDataFile

  FAIL train_label_masks/9c51659368b9df260684b25ecaca3f77_mask.tiff: 429 Client Error: Too Many Requests for url: https://api.kaggle.com/v1/competitions.CompetitionApiService/DownloadDataFile

  FAIL train_label_masks/9c5229cbfdd9234f73a514b0a2f0ad4b_mask.tiff: 429 Client Error: Too Many Requests for url: https://api.kaggle.com/v1/competitions.CompetitionApiService/DownloadDataFile

  FAIL train_label_masks/9c5565193a8ab6ddc3b303bc0a9cca09_mask.tiff: 429 Client Error: Too Many Requests for url: https://api.kaggle.com/v1/competitions.CompetitionApiService/DownloadDataFile

  FAIL train_label_masks/9c5e3c81373fb5b89448fb66e733802e_mask.tiff: 429 Client Error: Too Many Requests for url: https://api.kaggle.com/v1/competitions.CompetitionApiService/DownloadDataFile

  FAIL train_label_masks/9c5f79aa787a7462a986e26d1ba850d1_mask.tiff: 429 Client Error: Too Many Requests for url: https://api.kaggle.com/v1/competitions.CompetitionApiService/DownloadDataFile

  FAIL train_label_masks/9c848808794be6026fe4166547f40293_mask.tiff: 429 Client Error: Too Many Requests for url: https://api.kaggle.com/v1/competitions.CompetitionApiService/DownloadDataFile

  FAIL train_label_masks/9c86cbfe613e532936220f1c325cd108_mask.tiff: 429 Client Error: Too Many Requests for url: https://api.kaggle.com/v1/competitions.CompetitionApiService/DownloadDataFile

  FAIL train_label_masks/9c9a1315dee1ffce88d48728455c1199_mask.tiff: 429 Client Error: Too Many Requests for url: https://api.kaggle.com/v1/competitions.CompetitionApiService/DownloadDataFile

  FAIL train_label_masks/9cacb539b16561b6987029301b5f4bff_mask.tiff: 429 Client Error: Too Many Requests for url: https://api.kaggle.com/v1/competitions.CompetitionApiService/DownloadDataFile

  FAIL train_label_masks/9cb403f9210675606bac5259b8cdc3e3_mask.tiff: 429 Client Error: Too Many Requests for url: https://api.kaggle.com/v1/competitions.CompetitionApiService/DownloadDataFile

  FAIL train_label_masks/9cc0b83fe973227ce03e633f5c6e5d8b_mask.tiff: 429 Client Error: Too Many Requests for url: https://api.kaggle.com/v1/competitions.CompetitionApiService/DownloadDataFile

  FAIL train_label_masks/9cc90be7db3d19f91f43a903142d5bfb_mask.tiff: 429 Client Error: Too Many Requests for url: https://api.kaggle.com/v1/competitions.CompetitionApiService/DownloadDataFile

  FAIL train_label_masks/9cce5d6a3416ccdff35bc0a9eea562ca_mask.tiff: 429 Client Error: Too Many Requests for url: https://api.kaggle.com/v1/competitions.CompetitionApiService/DownloadDataFile

  FAIL train_label_masks/9cd1f9700bb8591c07051ddd50ccdbe7_mask.tiff: 429 Client Error: Too Many Requests for url: https://api.kaggle.com/v1/competitions.CompetitionApiService/DownloadDataFile

  FAIL train_label_masks/9d0a77ccfb9aec1bf877bbb23d703cc0_mask.tiff: 429 Client Error: Too Many Requests for url: https://api.kaggle.com/v1/competitions.CompetitionApiService/DownloadDataFile

  FAIL train_label_masks/9d14c42db92e5ba66f97630b55e1724f_mask.tiff: 429 Client Error: Too Many Requests for url: https://api.kaggle.com/v1/competitions.CompetitionApiService/DownloadDataFile

  FAIL train_label_masks/9d1bda4d28af5a9f5d1d96833cec1728_mask.tiff: 429 Client Error: Too Many Requests for url: https://api.kaggle.com/v1/competitions.CompetitionApiService/DownloadDataFile

  FAIL train_label_masks/9d283bf4e70970f0a5931a65dd0d5211_mask.tiff: 429 Client Error: Too Many Requests for url: https://api.kaggle.com/v1/competitions.CompetitionApiService/DownloadDataFile

  FAIL train_label_masks/9d2efe13ec9a77cb295d3098f869ad20_mask.tiff: 429 Client Error: Too Many Requests for url: https://api.kaggle.com/v1/competitions.CompetitionApiService/DownloadDataFile

  FAIL train_label_masks/9d37a84912687a7594646ce21657db2c_mask.tiff: 429 Client Error: Too Many Requests for url: https://api.kaggle.com/v1/competitions.CompetitionApiService/DownloadDataFile

  FAIL train_label_masks/9d4865f39effefd5da1afb0bb01157b1_mask.tiff: 429 Client Error: Too Many Requests for url: https://api.kaggle.com/v1/competitions.CompetitionApiService/DownloadDataFile

  FAIL train_label_masks/9d4c88beba0b2d533f205f1b615e6c7e_mask.tiff: 429 Client Error: Too Many Requests for url: https://api.kaggle.com/v1/competitions.CompetitionApiService/DownloadDataFile

  FAIL train_label_masks/9d53a24212ba6cb0107e681d9e39a9cc_mask.tiff: 429 Client Error: Too Many Requests for url: https://api.kaggle.com/v1/competitions.CompetitionApiService/DownloadDataFile

  FAIL train_label_masks/9d6c47919e951f12b90c5df731cc68bb_mask.tiff: 429 Client Error: Too Many Requests for url: https://api.kaggle.com/v1/competitions.CompetitionApiService/DownloadDataFile

  FAIL train_label_masks/9d71b6e91cbc9477bc21247c3c13fb4d_mask.tiff: 429 Client Error: Too Many Requests for url: https://api.kaggle.com/v1/competitions.CompetitionApiService/DownloadDataFile

  FAIL train_label_masks/9d80974f9e453383a53d81a9d5763691_mask.tiff: 429 Client Error: Too Many Requests for url: https://api.kaggle.com/v1/competitions.CompetitionApiService/DownloadDataFile

  FAIL train_label_masks/9d92d97c1e3f9c379cc65dcd59989f13_mask.tiff: 429 Client Error: Too Many Requests for url: https://api.kaggle.com/v1/competitions.CompetitionApiService/DownloadDataFile

  FAIL train_label_masks/9d98eb6c404f3c3d7191a8db379d2994_mask.tiff: 429 Client Error: Too Many Requests for url: https://api.kaggle.com/v1/competitions.CompetitionApiService/DownloadDataFile

  FAIL train_label_masks/9d9d0a78364c5603e14a5a644bab65ee_mask.tiff: 429 Client Error: Too Many Requests for url: https://api.kaggle.com/v1/competitions.CompetitionApiService/DownloadDataFile

  FAIL train_label_masks/9daae3ddf1e47ccd9d2013917e47f497_mask.tiff: 429 Client Error: Too Many Requests for url: https://api.kaggle.com/v1/competitions.CompetitionApiService/DownloadDataFile

  FAIL train_label_masks/9dc28ee23b2f728632e3ac9c1421e23b_mask.tiff: 429 Client Error: Too Many Requests for url: https://api.kaggle.com/v1/competitions.CompetitionApiService/DownloadDataFile

  FAIL train_label_masks/9dc34fcfebf02fc4fac7a84a1c99ca5d_mask.tiff: 429 Client Error: Too Many Requests for url: https://api.kaggle.com/v1/competitions.CompetitionApiService/DownloadDataFile

  FAIL train_label_masks/9dc4c474c8f4f01ec503bdcd3043e10a_mask.tiff: 429 Client Error: Too Many Requests for url: https://api.kaggle.com/v1/competitions.CompetitionApiService/DownloadDataFile

  FAIL train_label_masks/9dd40c0127d217bc4917e4db40e06e94_mask.tiff: 429 Client Error: Too Many Requests for url: https://api.kaggle.com/v1/competitions.CompetitionApiService/DownloadDataFile

  FAIL train_label_masks/9df270613df3c7eb10ec71bfc1aebde3_mask.tiff: 429 Client Error: Too Many Requests for url: https://api.kaggle.com/v1/competitions.CompetitionApiService/DownloadDataFile

  FAIL train_label_masks/9df49d12d43e709cb6b1f4c5878e8917_mask.tiff: 429 Client Error: Too Many Requests for url: https://api.kaggle.com/v1/competitions.CompetitionApiService/DownloadDataFile

  FAIL train_label_masks/9e03b5aae46d92a1442fd7e439b0c6bd_mask.tiff: 429 Client Error: Too Many Requests for url: https://api.kaggle.com/v1/competitions.CompetitionApiService/DownloadDataFile

  FAIL train_label_masks/9e06a908007f1dd46183826db9e80511_mask.tiff: 429 Client Error: Too Many Requests for url: https://api.kaggle.com/v1/competitions.CompetitionApiService/DownloadDataFile

  FAIL train_label_masks/9e0703920062ce903dad42cc471ca2a1_mask.tiff: 429 Client Error: Too Many Requests for url: https://api.kaggle.com/v1/competitions.CompetitionApiService/DownloadDataFile

  FAIL train_label_masks/9e0f4a948ca41284a9bfd7eedaa7aad3_mask.tiff: 429 Client Error: Too Many Requests for url: https://api.kaggle.com/v1/competitions.CompetitionApiService/DownloadDataFile

  FAIL train_label_masks/9e0fa510b3e5a89ab765dfa48957a4cc_mask.tiff: 429 Client Error: Too Many Requests for url: https://api.kaggle.com/v1/competitions.CompetitionApiService/DownloadDataFile

  FAIL train_label_masks/9e1d450a04253ab097601c9934fb5e6a_mask.tiff: 429 Client Error: Too Many Requests for url: https://api.kaggle.com/v1/competitions.CompetitionApiService/DownloadDataFile

  FAIL train_label_masks/9e25a72634b60efd066f96c715437686_mask.tiff: 429 Client Error: Too Many Requests for url: https://api.kaggle.com/v1/competitions.CompetitionApiService/DownloadDataFile

  FAIL train_label_masks/9e3843c81ae2badfb22d9a46813d4470_mask.tiff: 429 Client Error: Too Many Requests for url: https://api.kaggle.com/v1/competitions.CompetitionApiService/DownloadDataFile

  FAIL train_label_masks/9e40b83c6ac2b92e2426b717ed1a200e_mask.tiff: 429 Client Error: Too Many Requests for url: https://api.kaggle.com/v1/competitions.CompetitionApiService/DownloadDataFile

  FAIL train_label_masks/9e58c05c9e897384e5984a01d95ef6f0_mask.tiff: 429 Client Error: Too Many Requests for url: https://api.kaggle.com/v1/competitions.CompetitionApiService/DownloadDataFile

  FAIL train_label_masks/9e5cd1fc52ee72cb0658f1e403aa00ad_mask.tiff: 429 Client Error: Too Many Requests for url: https://api.kaggle.com/v1/competitions.CompetitionApiService/DownloadDataFile

  FAIL train_label_masks/9e5d11af345645e8379267b0d57a3b64_mask.tiff: 429 Client Error: Too Many Requests for url: https://api.kaggle.com/v1/competitions.CompetitionApiService/DownloadDataFile

  FAIL train_label_masks/9e74e07bb8b89e8dd32057c623238f98_mask.tiff: 429 Client Error: Too Many Requests for url: https://api.kaggle.com/v1/competitions.CompetitionApiService/DownloadDataFile

  FAIL train_label_masks/9e91403033e4553daef286da9884d860_mask.tiff: 429 Client Error: Too Many Requests for url: https://api.kaggle.com/v1/competitions.CompetitionApiService/DownloadDataFile

  FAIL train_label_masks/9e9ace16f4d20d98a65d3936b953f442_mask.tiff: 429 Client Error: Too Many Requests for url: https://api.kaggle.com/v1/competitions.CompetitionApiService/DownloadDataFile

  FAIL train_label_masks/9e9c36a50726e766d79a3871e0fead40_mask.tiff: 429 Client Error: Too Many Requests for url: https://api.kaggle.com/v1/competitions.CompetitionApiService/DownloadDataFile

  FAIL train_label_masks/9ea3d5c55a62b585a16189609d7146f3_mask.tiff: 429 Client Error: Too Many Requests for url: https://api.kaggle.com/v1/competitions.CompetitionApiService/DownloadDataFile

  FAIL train_label_masks/9eaa6f1eebca7c088a900d338a584827_mask.tiff: 429 Client Error: Too Many Requests for url: https://api.kaggle.com/v1/competitions.CompetitionApiService/DownloadDataFile

  FAIL train_label_masks/9eb2363b7198715afa3afcc85bdd0ba2_mask.tiff: 429 Client Error: Too Many Requests for url: https://api.kaggle.com/v1/competitions.CompetitionApiService/DownloadDataFile

  FAIL train_label_masks/9eb7f1c7814891f609ef2fd6d80cf80a_mask.tiff: 429 Client Error: Too Many Requests for url: https://api.kaggle.com/v1/competitions.CompetitionApiService/DownloadDataFile

  FAIL train_label_masks/9ec64c6c8719927e925732777d70254c_mask.tiff: 429 Client Error: Too Many Requests for url: https://api.kaggle.com/v1/competitions.CompetitionApiService/DownloadDataFile

  FAIL train_label_masks/9ecba0a5f5caa828df43867455405dd7_mask.tiff: 429 Client Error: Too Many Requests for url: https://api.kaggle.com/v1/competitions.CompetitionApiService/DownloadDataFile

  FAIL train_label_masks/9edf591d741baf346fc1ff0f42dd4ddc_mask.tiff: 429 Client Error: Too Many Requests for url: https://api.kaggle.com/v1/competitions.CompetitionApiService/DownloadDataFile

  FAIL train_label_masks/9effeea56c413b92340b89d1240769c1_mask.tiff: 429 Client Error: Too Many Requests for url: https://api.kaggle.com/v1/competitions.CompetitionApiService/DownloadDataFile

  FAIL train_label_masks/9f08d625fda6cb202fdc3193a476b1b1_mask.tiff: 429 Client Error: Too Many Requests for url: https://api.kaggle.com/v1/competitions.CompetitionApiService/DownloadDataFile

  FAIL train_label_masks/9f0b35ae59e3b5898cc4a5b4401e571c_mask.tiff: 429 Client Error: Too Many Requests for url: https://api.kaggle.com/v1/competitions.CompetitionApiService/DownloadDataFile

  FAIL train_label_masks/9f0d890a2dd6e2d2acde15c1fc6e649d_mask.tiff: 429 Client Error: Too Many Requests for url: https://api.kaggle.com/v1/competitions.CompetitionApiService/DownloadDataFile

  FAIL train_label_masks/9f17dc61c028d8f3b160c2ccbfbf884c_mask.tiff: 429 Client Error: Too Many Requests for url: https://api.kaggle.com/v1/competitions.CompetitionApiService/DownloadDataFile

  FAIL train_label_masks/9f3cb251707d9950d2f6a309fc1d8ae2_mask.tiff: 429 Client Error: Too Many Requests for url: https://api.kaggle.com/v1/competitions.CompetitionApiService/DownloadDataFile

  FAIL train_label_masks/9f417ac219c2a547808dd1c143f66e27_mask.tiff: 429 Client Error: Too Many Requests for url: https://api.kaggle.com/v1/competitions.CompetitionApiService/DownloadDataFile

  FAIL train_label_masks/9f526a7b7baa089ce9dfb5c7bd4e7250_mask.tiff: 429 Client Error: Too Many Requests for url: https://api.kaggle.com/v1/competitions.CompetitionApiService/DownloadDataFile

  FAIL train_label_masks/9f572190657b6219d9757d886e328690_mask.tiff: 429 Client Error: Too Many Requests for url: https://api.kaggle.com/v1/competitions.CompetitionApiService/DownloadDataFile

  FAIL train_label_masks/9f63a48ff9b5d0014f8685e43ad28d80_mask.tiff: 429 Client Error: Too Many Requests for url: https://api.kaggle.com/v1/competitions.CompetitionApiService/DownloadDataFile

  FAIL train_label_masks/9f68d1f1028d1c00612bdb13e20315e0_mask.tiff: 429 Client Error: Too Many Requests for url: https://api.kaggle.com/v1/competitions.CompetitionApiService/DownloadDataFile

  FAIL train_label_masks/9f7e34c8bd9a13d563a5a1a7a0f78b24_mask.tiff: 429 Client Error: Too Many Requests for url: https://api.kaggle.com/v1/competitions.CompetitionApiService/DownloadDataFile

  FAIL train_label_masks/9f887e6311f6062c5741bfae853edb80_mask.tiff: 429 Client Error: Too Many Requests for url: https://api.kaggle.com/v1/competitions.CompetitionApiService/DownloadDataFile

  FAIL train_label_masks/9f8dfe7b06ca41af4fa89f7deaf3b050_mask.tiff: 429 Client Error: Too Many Requests for url: https://api.kaggle.com/v1/competitions.CompetitionApiService/DownloadDataFile

  FAIL train_label_masks/9f8ffcb10930f5dd48949eceb79a869f_mask.tiff: 429 Client Error: Too Many Requests for url: https://api.kaggle.com/v1/competitions.CompetitionApiService/DownloadDataFile

  FAIL train_label_masks/9f94f5b3ae0b2cf5b345a46ba1a32f1b_mask.tiff: 429 Client Error: Too Many Requests for url: https://api.kaggle.com/v1/competitions.CompetitionApiService/DownloadDataFile

  FAIL train_label_masks/9fa42d765e1d7d376d4fddc4c590ab37_mask.tiff: 429 Client Error: Too Many Requests for url: https://api.kaggle.com/v1/competitions.CompetitionApiService/DownloadDataFile

  FAIL train_label_masks/9fa83904c27e09a6403eeb8dffe0b292_mask.tiff: 429 Client Error: Too Many Requests for url: https://api.kaggle.com/v1/competitions.CompetitionApiService/DownloadDataFile

  FAIL train_label_masks/9fb84dd896f468b8bf464912b810d202_mask.tiff: 429 Client Error: Too Many Requests for url: https://api.kaggle.com/v1/competitions.CompetitionApiService/DownloadDataFile

  FAIL train_label_masks/9fbd2b9d9b4c1f0b811515ea0d762d61_mask.tiff: 429 Client Error: Too Many Requests for url: https://api.kaggle.com/v1/competitions.CompetitionApiService/DownloadDataFile

  FAIL train_label_masks/9fdc67635e14822c347061fd50f40939_mask.tiff: 429 Client Error: Too Many Requests for url: https://api.kaggle.com/v1/competitions.CompetitionApiService/DownloadDataFile

  FAIL train_label_masks/9ffb0d108038b5e91cf647c4f4b61318_mask.tiff: 429 Client Error: Too Many Requests for url: https://api.kaggle.com/v1/competitions.CompetitionApiService/DownloadDataFile

  FAIL train_label_masks/9ffb9e9e7be39a7af216779a06a6302b_mask.tiff: 429 Client Error: Too Many Requests for url: https://api.kaggle.com/v1/competitions.CompetitionApiService/DownloadDataFile

  FAIL train_label_masks/a00844370a83e216bd79a161d794c423_mask.tiff: 429 Client Error: Too Many Requests for url: https://api.kaggle.com/v1/competitions.CompetitionApiService/DownloadDataFile

  FAIL train_label_masks/a0150f4d6d9f6f3b2b5a240b099df000_mask.tiff: 429 Client Error: Too Many Requests for url: https://api.kaggle.com/v1/competitions.CompetitionApiService/DownloadDataFile

  FAIL train_label_masks/a01a079113eb9c126a407defe6571315_mask.tiff: 429 Client Error: Too Many Requests for url: https://api.kaggle.com/v1/competitions.CompetitionApiService/DownloadDataFile

  FAIL train_label_masks/a02eb88c0bce1422d1173ac45db29666_mask.tiff: 429 Client Error: Too Many Requests for url: https://api.kaggle.com/v1/competitions.CompetitionApiService/DownloadDataFile

  FAIL train_label_masks/a038e9e20eea794b83a8b68c128b77fd_mask.tiff: 429 Client Error: Too Many Requests for url: https://api.kaggle.com/v1/competitions.CompetitionApiService/DownloadDataFile

  FAIL train_label_masks/a03e7ddadc046c8eaa40c95e416ad0a8_mask.tiff: 429 Client Error: Too Many Requests for url: https://api.kaggle.com/v1/competitions.CompetitionApiService/DownloadDataFile

  FAIL train_label_masks/a04846524f108bb046c4e39f3dcce5d3_mask.tiff: 429 Client Error: Too Many Requests for url: https://api.kaggle.com/v1/competitions.CompetitionApiService/DownloadDataFile

  FAIL train_label_masks/a04e7045f6c84f25498e256ebff77ac2_mask.tiff: 429 Client Error: Too Many Requests for url: https://api.kaggle.com/v1/competitions.CompetitionApiService/DownloadDataFile

  FAIL train_label_masks/a067b076fca33e4b22dd6f1024bfe369_mask.tiff: 429 Client Error: Too Many Requests for url: https://api.kaggle.com/v1/competitions.CompetitionApiService/DownloadDataFile

  FAIL train_label_masks/a068d48cb0127a48b4b8c8574b39a2e3_mask.tiff: 429 Client Error: Too Many Requests for url: https://api.kaggle.com/v1/competitions.CompetitionApiService/DownloadDataFile

  FAIL train_label_masks/a07104de6e1e00d2afcec36c7879836f_mask.tiff: 429 Client Error: Too Many Requests for url: https://api.kaggle.com/v1/competitions.CompetitionApiService/DownloadDataFile

  FAIL train_label_masks/a0714e2fe169ac0e6bfcacc028a4f391_mask.tiff: 429 Client Error: Too Many Requests for url: https://api.kaggle.com/v1/competitions.CompetitionApiService/DownloadDataFile

  FAIL train_label_masks/a081ddde3cf1cf227b66ca1273be9459_mask.tiff: 429 Client Error: Too Many Requests for url: https://api.kaggle.com/v1/competitions.CompetitionApiService/DownloadDataFile

  FAIL train_label_masks/a08bb66f1450552e0f8d32b4e6a89254_mask.tiff: 429 Client Error: Too Many Requests for url: https://api.kaggle.com/v1/competitions.CompetitionApiService/DownloadDataFile

  FAIL train_label_masks/a08c211e99f5213d2c8e93e39b02cd8f_mask.tiff: 429 Client Error: Too Many Requests for url: https://api.kaggle.com/v1/competitions.CompetitionApiService/DownloadDataFile

  FAIL train_label_masks/a08e24cff451d628df797efc4343e13c_mask.tiff: 429 Client Error: Too Many Requests for url: https://api.kaggle.com/v1/competitions.CompetitionApiService/DownloadDataFile

  FAIL train_label_masks/a099b54eb2b17f63033f310eba0a61fc_mask.tiff: 429 Client Error: Too Many Requests for url: https://api.kaggle.com/v1/competitions.CompetitionApiService/DownloadDataFile

  FAIL train_label_masks/a09c9526e3316571648552d78ac37c2d_mask.tiff: 429 Client Error: Too Many Requests for url: https://api.kaggle.com/v1/competitions.CompetitionApiService/DownloadDataFile

  FAIL train_label_masks/a09f18e1b9cc5c4874d683b06dad9802_mask.tiff: 429 Client Error: Too Many Requests for url: https://api.kaggle.com/v1/competitions.CompetitionApiService/DownloadDataFile

  FAIL train_label_masks/a0a19caa7f2b6ff84b3e5cf0aa3fc68e_mask.tiff: 429 Client Error: Too Many Requests for url: https://api.kaggle.com/v1/competitions.CompetitionApiService/DownloadDataFile

  FAIL train_label_masks/a0b7d920c249437e4e7aea315df4a0a0_mask.tiff: 429 Client Error: Too Many Requests for url: https://api.kaggle.com/v1/competitions.CompetitionApiService/DownloadDataFile

  FAIL train_label_masks/a0d4b7a115f83077d88361dd38399cf7_mask.tiff: 429 Client Error: Too Many Requests for url: https://api.kaggle.com/v1/competitions.CompetitionApiService/DownloadDataFile

  FAIL train_label_masks/a0df9f687c355120bbaecf0b38d21181_mask.tiff: 429 Client Error: Too Many Requests for url: https://api.kaggle.com/v1/competitions.CompetitionApiService/DownloadDataFile

  FAIL train_label_masks/a0dfaf8d608aac9ef3de97f3758ab484_mask.tiff: 429 Client Error: Too Many Requests for url: https://api.kaggle.com/v1/competitions.CompetitionApiService/DownloadDataFile

  FAIL train_label_masks/a0e3a20a3cbf77644e69b241910b994a_mask.tiff: 429 Client Error: Too Many Requests for url: https://api.kaggle.com/v1/competitions.CompetitionApiService/DownloadDataFile

  FAIL train_label_masks/a0e3ae771cc087ecfd5251a95043f1f0_mask.tiff: 429 Client Error: Too Many Requests for url: https://api.kaggle.com/v1/competitions.CompetitionApiService/DownloadDataFile

  FAIL train_label_masks/a0e79ca3b7a02a0d6c5ed69ab4a5c8b4_mask.tiff: 429 Client Error: Too Many Requests for url: https://api.kaggle.com/v1/competitions.CompetitionApiService/DownloadDataFile

  FAIL train_label_masks/a0f29ff13fb03dd08b6aaeaf4bcac6ed_mask.tiff: 429 Client Error: Too Many Requests for url: https://api.kaggle.com/v1/competitions.CompetitionApiService/DownloadDataFile

  FAIL train_label_masks/a10ba9a0d61fd41d9ca9aae25788504c_mask.tiff: 429 Client Error: Too Many Requests for url: https://api.kaggle.com/v1/competitions.CompetitionApiService/DownloadDataFile

  FAIL train_label_masks/a10cb9e1dcf60863dba57e77c45de0c5_mask.tiff: 429 Client Error: Too Many Requests for url: https://api.kaggle.com/v1/competitions.CompetitionApiService/DownloadDataFile

  FAIL train_label_masks/a112bfd9f4a972330c8fddf14477e458_mask.tiff: 429 Client Error: Too Many Requests for url: https://api.kaggle.com/v1/competitions.CompetitionApiService/DownloadDataFile

  FAIL train_label_masks/a1178eb5d4b1c938ee9fdafdbc85814d_mask.tiff: 429 Client Error: Too Many Requests for url: https://api.kaggle.com/v1/competitions.CompetitionApiService/DownloadDataFile

  FAIL train_label_masks/a1182a350f2f7c5b6d75aacaf5aededc_mask.tiff: 429 Client Error: Too Many Requests for url: https://api.kaggle.com/v1/competitions.CompetitionApiService/DownloadDataFile

  FAIL train_label_masks/a12ac7f1bc26fe59d642674fcbe45a30_mask.tiff: 429 Client Error: Too Many Requests for url: https://api.kaggle.com/v1/competitions.CompetitionApiService/DownloadDataFile

  FAIL train_label_masks/a12cf12bd480d36325d9141e5fce729d_mask.tiff: 429 Client Error: Too Many Requests for url: https://api.kaggle.com/v1/competitions.CompetitionApiService/DownloadDataFile

  FAIL train_label_masks/a14885c7da6514c0523a6977e2b205a4_mask.tiff: 429 Client Error: Too Many Requests for url: https://api.kaggle.com/v1/competitions.CompetitionApiService/DownloadDataFile

  FAIL train_label_masks/a1623edb50042b97567bc9662436c264_mask.tiff: 429 Client Error: Too Many Requests for url: https://api.kaggle.com/v1/competitions.CompetitionApiService/DownloadDataFile

  FAIL train_label_masks/a1697f266e95a820c676d18f380c6ce8_mask.tiff: 429 Client Error: Too Many Requests for url: https://api.kaggle.com/v1/competitions.CompetitionApiService/DownloadDataFile

  FAIL train_label_masks/a17e3c28db1efe5c03c927e64399f6aa_mask.tiff: 429 Client Error: Too Many Requests for url: https://api.kaggle.com/v1/competitions.CompetitionApiService/DownloadDataFile

  FAIL train_label_masks/a184260ef13d42e03b958406346024e2_mask.tiff: 429 Client Error: Too Many Requests for url: https://api.kaggle.com/v1/competitions.CompetitionApiService/DownloadDataFile

  FAIL train_label_masks/a18b8758447c5791c60f0b1ae0f7a653_mask.tiff: 429 Client Error: Too Many Requests for url: https://api.kaggle.com/v1/competitions.CompetitionApiService/DownloadDataFile

  FAIL train_label_masks/a19e008bb1811dbb0095b4cd4c3bc8c5_mask.tiff: 429 Client Error: Too Many Requests for url: https://api.kaggle.com/v1/competitions.CompetitionApiService/DownloadDataFile

  FAIL train_label_masks/a1abdacdaaa93b69a92c68cb5edf2560_mask.tiff: 429 Client Error: Too Many Requests for url: https://api.kaggle.com/v1/competitions.CompetitionApiService/DownloadDataFile

  FAIL train_label_masks/a1bd9874f482d6624b437a5c38f4c55a_mask.tiff: 429 Client Error: Too Many Requests for url: https://api.kaggle.com/v1/competitions.CompetitionApiService/DownloadDataFile

  FAIL train_label_masks/a1d31796040eff1d8223f486caa01ab8_mask.tiff: 429 Client Error: Too Many Requests for url: https://api.kaggle.com/v1/competitions.CompetitionApiService/DownloadDataFile

  FAIL train_label_masks/a1e5671c0ba2db75e3a16f55e58b1e7d_mask.tiff: 429 Client Error: Too Many Requests for url: https://api.kaggle.com/v1/competitions.CompetitionApiService/DownloadDataFile

  FAIL train_label_masks/a1eb67fb9f6f39764b1859e175f0995a_mask.tiff: 429 Client Error: Too Many Requests for url: https://api.kaggle.com/v1/competitions.CompetitionApiService/DownloadDataFile

  FAIL train_label_masks/a1edceba3500660a6c75be946b20242b_mask.tiff: 429 Client Error: Too Many Requests for url: https://api.kaggle.com/v1/competitions.CompetitionApiService/DownloadDataFile

  FAIL train_label_masks/a1f37b944f9590270b529e9f83610ebb_mask.tiff: 429 Client Error: Too Many Requests for url: https://api.kaggle.com/v1/competitions.CompetitionApiService/DownloadDataFile

  FAIL train_label_masks/a1f79e44db2ca88a3c1b330af1343d61_mask.tiff: 429 Client Error: Too Many Requests for url: https://api.kaggle.com/v1/competitions.CompetitionApiService/DownloadDataFile

  FAIL train_label_masks/a1fd7998cce64a8747a682bf524951bf_mask.tiff: 429 Client Error: Too Many Requests for url: https://api.kaggle.com/v1/competitions.CompetitionApiService/DownloadDataFile

  FAIL train_label_masks/a20eedc8f4a55e36f0bfc88bc5f8dd06_mask.tiff: 429 Client Error: Too Many Requests for url: https://api.kaggle.com/v1/competitions.CompetitionApiService/DownloadDataFile

  FAIL train_label_masks/a213e4e689988738b8fb764e958ca497_mask.tiff: 429 Client Error: Too Many Requests for url: https://api.kaggle.com/v1/competitions.CompetitionApiService/DownloadDataFile

  FAIL train_label_masks/a21c88c3d7c1a95eec2fdc7300fdfee0_mask.tiff: 429 Client Error: Too Many Requests for url: https://api.kaggle.com/v1/competitions.CompetitionApiService/DownloadDataFile

  FAIL train_label_masks/a21ea7caca40bc45f043ed27ae2b573d_mask.tiff: 429 Client Error: Too Many Requests for url: https://api.kaggle.com/v1/competitions.CompetitionApiService/DownloadDataFile

  FAIL train_label_masks/a23accdd92c621553d8e58b8b40eed83_mask.tiff: 429 Client Error: Too Many Requests for url: https://api.kaggle.com/v1/competitions.CompetitionApiService/DownloadDataFile

  FAIL train_label_masks/a260fec22534be7e93d7f456ada4f452_mask.tiff: 429 Client Error: Too Many Requests for url: https://api.kaggle.com/v1/competitions.CompetitionApiService/DownloadDataFile

  FAIL train_label_masks/a265cac37acf69f2cfeae8a184d0f510_mask.tiff: 429 Client Error: Too Many Requests for url: https://api.kaggle.com/v1/competitions.CompetitionApiService/DownloadDataFile

  FAIL train_label_masks/a273a79b0d6373074b9f75aafd1dd11c_mask.tiff: 429 Client Error: Too Many Requests for url: https://api.kaggle.com/v1/competitions.CompetitionApiService/DownloadDataFile

  FAIL train_label_masks/a279b450a867eb7acc4d2ef0731b3352_mask.tiff: 429 Client Error: Too Many Requests for url: https://api.kaggle.com/v1/competitions.CompetitionApiService/DownloadDataFile

  FAIL train_label_masks/a27a666f057315f08ce43d8da423e8ea_mask.tiff: 429 Client Error: Too Many Requests for url: https://api.kaggle.com/v1/competitions.CompetitionApiService/DownloadDataFile

  FAIL train_label_masks/a280d60407c69e37fad4d7290ac948a6_mask.tiff: 429 Client Error: Too Many Requests for url: https://api.kaggle.com/v1/competitions.CompetitionApiService/DownloadDataFile

  FAIL train_label_masks/a2847e414d4c2268731dbfe0281c0123_mask.tiff: 429 Client Error: Too Many Requests for url: https://api.kaggle.com/v1/competitions.CompetitionApiService/DownloadDataFile

  FAIL train_label_masks/a288e70d5f393dd6d804ad5e024cb5d3_mask.tiff: 429 Client Error: Too Many Requests for url: https://api.kaggle.com/v1/competitions.CompetitionApiService/DownloadDataFile

  FAIL train_label_masks/a28b628b33608b2cdadff12fc6aa2537_mask.tiff: 429 Client Error: Too Many Requests for url: https://api.kaggle.com/v1/competitions.CompetitionApiService/DownloadDataFile

  FAIL train_label_masks/a28d07249631a811d3c801881c7fee47_mask.tiff: 429 Client Error: Too Many Requests for url: https://api.kaggle.com/v1/competitions.CompetitionApiService/DownloadDataFile

  FAIL train_label_masks/a295321349862720b6541d443b46ee33_mask.tiff: 429 Client Error: Too Many Requests for url: https://api.kaggle.com/v1/competitions.CompetitionApiService/DownloadDataFile

  FAIL train_label_masks/a295b26b9db32ad2795fcdeef1d853db_mask.tiff: 429 Client Error: Too Many Requests for url: https://api.kaggle.com/v1/competitions.CompetitionApiService/DownloadDataFile

  FAIL train_label_masks/a2c07e3585c5b8788b71534866e4be73_mask.tiff: 429 Client Error: Too Many Requests for url: https://api.kaggle.com/v1/competitions.CompetitionApiService/DownloadDataFile

  FAIL train_label_masks/a2c484cd17f6001e7a0dae4f2f57039b_mask.tiff: 429 Client Error: Too Many Requests for url: https://api.kaggle.com/v1/competitions.CompetitionApiService/DownloadDataFile

  FAIL train_label_masks/a2c5c5ae99d08d1397b05dc19a5b6338_mask.tiff: 429 Client Error: Too Many Requests for url: https://api.kaggle.com/v1/competitions.CompetitionApiService/DownloadDataFile

  FAIL train_label_masks/a2dc114f81b3e3357364a679f764f1a9_mask.tiff: 429 Client Error: Too Many Requests for url: https://api.kaggle.com/v1/competitions.CompetitionApiService/DownloadDataFile

  FAIL train_label_masks/a2f1af7bf2b86cdabfcffe65d8424a3a_mask.tiff: 429 Client Error: Too Many Requests for url: https://api.kaggle.com/v1/competitions.CompetitionApiService/DownloadDataFile

  FAIL train_label_masks/a2fb69954b14fe15857b0f54515fc745_mask.tiff: 429 Client Error: Too Many Requests for url: https://api.kaggle.com/v1/competitions.CompetitionApiService/DownloadDataFile

  FAIL train_label_masks/a2fe40846d781b8b5e86e87da1955a8d_mask.tiff: 429 Client Error: Too Many Requests for url: https://api.kaggle.com/v1/competitions.CompetitionApiService/DownloadDataFile

  FAIL train_label_masks/a308ca65706ab18e463dbfa9b0c12e3a_mask.tiff: 429 Client Error: Too Many Requests for url: https://api.kaggle.com/v1/competitions.CompetitionApiService/DownloadDataFile

  FAIL train_label_masks/a31ca214faca4b030f4610c79e4e5b3f_mask.tiff: 429 Client Error: Too Many Requests for url: https://api.kaggle.com/v1/competitions.CompetitionApiService/DownloadDataFile

  FAIL train_label_masks/a331bd194ce409c37923a64ae652009f_mask.tiff: 429 Client Error: Too Many Requests for url: https://api.kaggle.com/v1/competitions.CompetitionApiService/DownloadDataFile

  FAIL train_label_masks/a335e00877d819f0aac867a166a50f7f_mask.tiff: 429 Client Error: Too Many Requests for url: https://api.kaggle.com/v1/competitions.CompetitionApiService/DownloadDataFile

  FAIL train_label_masks/a341bd2f51b0913bed2a23c315287002_mask.tiff: 429 Client Error: Too Many Requests for url: https://api.kaggle.com/v1/competitions.CompetitionApiService/DownloadDataFile

  FAIL train_label_masks/a34c0d728771285a18dfb156259eb817_mask.tiff: 429 Client Error: Too Many Requests for url: https://api.kaggle.com/v1/competitions.CompetitionApiService/DownloadDataFile

  FAIL train_label_masks/a36875e181db085aea379748f6664b10_mask.tiff: 429 Client Error: Too Many Requests for url: https://api.kaggle.com/v1/competitions.CompetitionApiService/DownloadDataFile

  FAIL train_label_masks/a36b91d58c9dae658708fac3ae14b969_mask.tiff: 429 Client Error: Too Many Requests for url: https://api.kaggle.com/v1/competitions.CompetitionApiService/DownloadDataFile

  FAIL train_label_masks/a36ee9f2bc558182239d85d1f7a74e9b_mask.tiff: 429 Client Error: Too Many Requests for url: https://api.kaggle.com/v1/competitions.CompetitionApiService/DownloadDataFile

  FAIL train_label_masks/a3794ec31a02fbf429486dd464f83d25_mask.tiff: 429 Client Error: Too Many Requests for url: https://api.kaggle.com/v1/competitions.CompetitionApiService/DownloadDataFile

  FAIL train_label_masks/a394fed15005cc8a75f1d75aa4192cd8_mask.tiff: 429 Client Error: Too Many Requests for url: https://api.kaggle.com/v1/competitions.CompetitionApiService/DownloadDataFile

  FAIL train_label_masks/a3a06e2c06260de535916eaaa629c466_mask.tiff: 429 Client Error: Too Many Requests for url: https://api.kaggle.com/v1/competitions.CompetitionApiService/DownloadDataFile

  FAIL train_label_masks/a3af37fbbe60a833bd33c10c2f88e9e9_mask.tiff: 429 Client Error: Too Many Requests for url: https://api.kaggle.com/v1/competitions.CompetitionApiService/DownloadDataFile

  FAIL train_label_masks/a3bf6f7cc8d798b1a4516f91837e4cdd_mask.tiff: 429 Client Error: Too Many Requests for url: https://api.kaggle.com/v1/competitions.CompetitionApiService/DownloadDataFile

  FAIL train_label_masks/a3ca38ce1d10c44103ba22d137be7c08_mask.tiff: 429 Client Error: Too Many Requests for url: https://api.kaggle.com/v1/competitions.CompetitionApiService/DownloadDataFile

  FAIL train_label_masks/a3d3ad2b05d3291a3353f6d2fa2f7245_mask.tiff: 429 Client Error: Too Many Requests for url: https://api.kaggle.com/v1/competitions.CompetitionApiService/DownloadDataFile

  FAIL train_label_masks/a3da6a9b33b3bbbbc3a2121a06a75ee3_mask.tiff: 429 Client Error: Too Many Requests for url: https://api.kaggle.com/v1/competitions.CompetitionApiService/DownloadDataFile

  FAIL train_label_masks/a3e1e3c26c6abb4c6a8f4df1a7a17a06_mask.tiff: 429 Client Error: Too Many Requests for url: https://api.kaggle.com/v1/competitions.CompetitionApiService/DownloadDataFile

  FAIL train_label_masks/a3fa13e9535729ec9cb08f17bc8c03cc_mask.tiff: 429 Client Error: Too Many Requests for url: https://api.kaggle.com/v1/competitions.CompetitionApiService/DownloadDataFile

  FAIL train_label_masks/a3fcf7e4e09f8910e49ecc061b5d8c17_mask.tiff: 429 Client Error: Too Many Requests for url: https://api.kaggle.com/v1/competitions.CompetitionApiService/DownloadDataFile

  FAIL train_label_masks/a420d76844dd359a2d3a268be4827768_mask.tiff: 429 Client Error: Too Many Requests for url: https://api.kaggle.com/v1/competitions.CompetitionApiService/DownloadDataFile

  FAIL train_label_masks/a43ae1d4fbbb8606f3e38d2f21824b61_mask.tiff: 429 Client Error: Too Many Requests for url: https://api.kaggle.com/v1/competitions.CompetitionApiService/DownloadDataFile

  FAIL train_label_masks/a43c01d2b679f67377e6909bd94128a5_mask.tiff: 429 Client Error: Too Many Requests for url: https://api.kaggle.com/v1/competitions.CompetitionApiService/DownloadDataFile

  FAIL train_label_masks/a44fd7663c5ae9bfd375e6dc75b497f6_mask.tiff: 429 Client Error: Too Many Requests for url: https://api.kaggle.com/v1/competitions.CompetitionApiService/DownloadDataFile

  FAIL train_label_masks/a4514f8a6800bf122ae746c4f573ee6f_mask.tiff: 429 Client Error: Too Many Requests for url: https://api.kaggle.com/v1/competitions.CompetitionApiService/DownloadDataFile

  FAIL train_label_masks/a45b686526ef8327fbd9e8b770984567_mask.tiff: 429 Client Error: Too Many Requests for url: https://api.kaggle.com/v1/competitions.CompetitionApiService/DownloadDataFile

  FAIL train_label_masks/a45c077803194bf256f58964f457d5cb_mask.tiff: 429 Client Error: Too Many Requests for url: https://api.kaggle.com/v1/competitions.CompetitionApiService/DownloadDataFile

  FAIL train_label_masks/a47472a2ba96c2936dacc23b938bd9b6_mask.tiff: 429 Client Error: Too Many Requests for url: https://api.kaggle.com/v1/competitions.CompetitionApiService/DownloadDataFile

  FAIL train_label_masks/a4759f06b88c45d2153555b988ac52a8_mask.tiff: 429 Client Error: Too Many Requests for url: https://api.kaggle.com/v1/competitions.CompetitionApiService/DownloadDataFile

  FAIL train_label_masks/a48b27a0f0f78595b8d71a4b373acf81_mask.tiff: 429 Client Error: Too Many Requests for url: https://api.kaggle.com/v1/competitions.CompetitionApiService/DownloadDataFile

  FAIL train_label_masks/a48e97856c956d50cc4f522574cd37fb_mask.tiff: 429 Client Error: Too Many Requests for url: https://api.kaggle.com/v1/competitions.CompetitionApiService/DownloadDataFile

  FAIL train_label_masks/a4a9813dc1218352743e38dc85c53f0f_mask.tiff: 429 Client Error: Too Many Requests for url: https://api.kaggle.com/v1/competitions.CompetitionApiService/DownloadDataFile

  FAIL train_label_masks/a4d8550e3c9eeb147f16812c33fe594e_mask.tiff: 429 Client Error: Too Many Requests for url: https://api.kaggle.com/v1/competitions.CompetitionApiService/DownloadDataFile

  FAIL train_label_masks/a4eca9510f704c55f2ac2cadd6bc2d6b_mask.tiff: 429 Client Error: Too Many Requests for url: https://api.kaggle.com/v1/competitions.CompetitionApiService/DownloadDataFile

  FAIL train_label_masks/a4edf7a1424c33511b31ce8b541c76e2_mask.tiff: 429 Client Error: Too Many Requests for url: https://api.kaggle.com/v1/competitions.CompetitionApiService/DownloadDataFile

  FAIL train_label_masks/a4ef4e6aecb75b4af94a115045b0b0d7_mask.tiff: 429 Client Error: Too Many Requests for url: https://api.kaggle.com/v1/competitions.CompetitionApiService/DownloadDataFile

  FAIL train_label_masks/a4effa6d0c2e32e36e45f32f9e7e4977_mask.tiff: 429 Client Error: Too Many Requests for url: https://api.kaggle.com/v1/competitions.CompetitionApiService/DownloadDataFile

  FAIL train_label_masks/a4f80816b9e11c4ac2ce7ffc2a526cd5_mask.tiff: 429 Client Error: Too Many Requests for url: https://api.kaggle.com/v1/competitions.CompetitionApiService/DownloadDataFile

  FAIL train_label_masks/a4ff02d4ba4e5f4420fab051ebd975aa_mask.tiff: 429 Client Error: Too Many Requests for url: https://api.kaggle.com/v1/competitions.CompetitionApiService/DownloadDataFile

  FAIL train_label_masks/a53b780941263a252bea531c73f2294d_mask.tiff: 429 Client Error: Too Many Requests for url: https://api.kaggle.com/v1/competitions.CompetitionApiService/DownloadDataFile

  FAIL train_label_masks/a54c950714ffed6411b859ac44766467_mask.tiff: 429 Client Error: Too Many Requests for url: https://api.kaggle.com/v1/competitions.CompetitionApiService/DownloadDataFile

  FAIL train_label_masks/a55cc8df950bcadf4cd61ff470d74246_mask.tiff: 429 Client Error: Too Many Requests for url: https://api.kaggle.com/v1/competitions.CompetitionApiService/DownloadDataFile

  FAIL train_label_masks/a5694e9a3cdc76a58c9ad784e909abcf_mask.tiff: 429 Client Error: Too Many Requests for url: https://api.kaggle.com/v1/competitions.CompetitionApiService/DownloadDataFile

  FAIL train_label_masks/a576f47b644facaa1aa60db9c41d9db1_mask.tiff: 429 Client Error: Too Many Requests for url: https://api.kaggle.com/v1/competitions.CompetitionApiService/DownloadDataFile

  FAIL train_label_masks/a579110fe1e670847d9d146404597750_mask.tiff: 429 Client Error: Too Many Requests for url: https://api.kaggle.com/v1/competitions.CompetitionApiService/DownloadDataFile

  FAIL train_label_masks/a58058bcddd545690af8cbb09f71783a_mask.tiff: 429 Client Error: Too Many Requests for url: https://api.kaggle.com/v1/competitions.CompetitionApiService/DownloadDataFile

  FAIL train_label_masks/a58d6425e3c86c6d532cd57dc7504c13_mask.tiff: 429 Client Error: Too Many Requests for url: https://api.kaggle.com/v1/competitions.CompetitionApiService/DownloadDataFile

  FAIL train_label_masks/a59374f392ff144bfbe15d5b03c23588_mask.tiff: 429 Client Error: Too Many Requests for url: https://api.kaggle.com/v1/competitions.CompetitionApiService/DownloadDataFile

  FAIL train_label_masks/a599d35b7674406256a5915ffbb23e33_mask.tiff: 429 Client Error: Too Many Requests for url: https://api.kaggle.com/v1/competitions.CompetitionApiService/DownloadDataFile

  FAIL train_label_masks/a59a439b05a88a8ed3210054269c7bca_mask.tiff: 429 Client Error: Too Many Requests for url: https://api.kaggle.com/v1/competitions.CompetitionApiService/DownloadDataFile

  FAIL train_label_masks/a5a27468f2a7a299cb8b952abb941705_mask.tiff: 429 Client Error: Too Many Requests for url: https://api.kaggle.com/v1/competitions.CompetitionApiService/DownloadDataFile

  FAIL train_label_masks/a5a7c62ef1e0d28a54c2da8355447c22_mask.tiff: 429 Client Error: Too Many Requests for url: https://api.kaggle.com/v1/competitions.CompetitionApiService/DownloadDataFile

  FAIL train_label_masks/a5b9c716881eaccb44574cbcef8f048b_mask.tiff: 429 Client Error: Too Many Requests for url: https://api.kaggle.com/v1/competitions.CompetitionApiService/DownloadDataFile

  FAIL train_label_masks/a5b9d82b7e211bf9e5d65ee738236366_mask.tiff: 429 Client Error: Too Many Requests for url: https://api.kaggle.com/v1/competitions.CompetitionApiService/DownloadDataFile

  FAIL train_label_masks/a5bf2186e2c5cfde1fad60a058d91364_mask.tiff: 429 Client Error: Too Many Requests for url: https://api.kaggle.com/v1/competitions.CompetitionApiService/DownloadDataFile

  FAIL train_label_masks/a5dbc558ca9c9612b608645238c15129_mask.tiff: 429 Client Error: Too Many Requests for url: https://api.kaggle.com/v1/competitions.CompetitionApiService/DownloadDataFile

  FAIL train_label_masks/a5e2deac3b93d0f64589072881e39ca7_mask.tiff: 429 Client Error: Too Many Requests for url: https://api.kaggle.com/v1/competitions.CompetitionApiService/DownloadDataFile

  FAIL train_label_masks/a5e35549c722d53da64190d30859d7f3_mask.tiff: 429 Client Error: Too Many Requests for url: https://api.kaggle.com/v1/competitions.CompetitionApiService/DownloadDataFile

  FAIL train_label_masks/a5e5be1ada0cffbfa2e935d487d32539_mask.tiff: 429 Client Error: Too Many Requests for url: https://api.kaggle.com/v1/competitions.CompetitionApiService/DownloadDataFile

  FAIL train_label_masks/a5f7e4be7d541aeab8b4b45f9a681300_mask.tiff: 429 Client Error: Too Many Requests for url: https://api.kaggle.com/v1/competitions.CompetitionApiService/DownloadDataFile

  FAIL train_label_masks/a5fafb0a3acf7f9e59d4a2549935798a_mask.tiff: 429 Client Error: Too Many Requests for url: https://api.kaggle.com/v1/competitions.CompetitionApiService/DownloadDataFile

  FAIL train_label_masks/a5fc7a2b37df563ea4ecad2d5c5b4778_mask.tiff: 429 Client Error: Too Many Requests for url: https://api.kaggle.com/v1/competitions.CompetitionApiService/DownloadDataFile

  FAIL train_label_masks/a62919a6ef21aba9bbf14e725f882b8e_mask.tiff: 429 Client Error: Too Many Requests for url: https://api.kaggle.com/v1/competitions.CompetitionApiService/DownloadDataFile

  FAIL train_label_masks/a656612b4ddb61780536400c117a9b91_mask.tiff: 429 Client Error: Too Many Requests for url: https://api.kaggle.com/v1/competitions.CompetitionApiService/DownloadDataFile

  FAIL train_label_masks/a6567125ec06dda3533e654d761ae78e_mask.tiff: 429 Client Error: Too Many Requests for url: https://api.kaggle.com/v1/competitions.CompetitionApiService/DownloadDataFile

  FAIL train_label_masks/a65a095302fbc94c8e21ae65e1ccd17e_mask.tiff: 429 Client Error: Too Many Requests for url: https://api.kaggle.com/v1/competitions.CompetitionApiService/DownloadDataFile

  FAIL train_label_masks/a65bd71b4d413c0d11b8e39e792c11ea_mask.tiff: 429 Client Error: Too Many Requests for url: https://api.kaggle.com/v1/competitions.CompetitionApiService/DownloadDataFile

  FAIL train_label_masks/a66acc12fbf3f3d375bac7f768336aa5_mask.tiff: 429 Client Error: Too Many Requests for url: https://api.kaggle.com/v1/competitions.CompetitionApiService/DownloadDataFile

  FAIL train_label_masks/a6b9b962c775ca68437a86bec79e6879_mask.tiff: 429 Client Error: Too Many Requests for url: https://api.kaggle.com/v1/competitions.CompetitionApiService/DownloadDataFile

  FAIL train_label_masks/a6bb14d29c43bd60e289adda03de9687_mask.tiff: 429 Client Error: Too Many Requests for url: https://api.kaggle.com/v1/competitions.CompetitionApiService/DownloadDataFile

  FAIL train_label_masks/a6c30b9c00539ff6e70c8fc774232c61_mask.tiff: 429 Client Error: Too Many Requests for url: https://api.kaggle.com/v1/competitions.CompetitionApiService/DownloadDataFile

  FAIL train_label_masks/a6da01c66cfebf7492f28f70bae9b5de_mask.tiff: 429 Client Error: Too Many Requests for url: https://api.kaggle.com/v1/competitions.CompetitionApiService/DownloadDataFile

  FAIL train_label_masks/a6df5267338c181ee62b42087d0e2292_mask.tiff: 429 Client Error: Too Many Requests for url: https://api.kaggle.com/v1/competitions.CompetitionApiService/DownloadDataFile

  FAIL train_label_masks/a6e3d28846a05057588ca4a6b7bbc3ee_mask.tiff: 429 Client Error: Too Many Requests for url: https://api.kaggle.com/v1/competitions.CompetitionApiService/DownloadDataFile

  FAIL train_label_masks/a6f080dbb9bf42ed3e8510972595c71c_mask.tiff: 429 Client Error: Too Many Requests for url: https://api.kaggle.com/v1/competitions.CompetitionApiService/DownloadDataFile

  FAIL train_label_masks/a6fac45c289010871304ffaf13f94d39_mask.tiff: 429 Client Error: Too Many Requests for url: https://api.kaggle.com/v1/competitions.CompetitionApiService/DownloadDataFile

  FAIL train_label_masks/a72727c39add8982af8cc5b32822bb40_mask.tiff: 429 Client Error: Too Many Requests for url: https://api.kaggle.com/v1/competitions.CompetitionApiService/DownloadDataFile

  FAIL train_label_masks/a733ebe1241b7fbe187b49b7b5853f7c_mask.tiff: 429 Client Error: Too Many Requests for url: https://api.kaggle.com/v1/competitions.CompetitionApiService/DownloadDataFile

  FAIL train_label_masks/a737733c443a5aab85263c0a8ad94e2b_mask.tiff: 429 Client Error: Too Many Requests for url: https://api.kaggle.com/v1/competitions.CompetitionApiService/DownloadDataFile

  FAIL train_label_masks/a740ac5e9722a89dd2c7afe87b92104a_mask.tiff: 429 Client Error: Too Many Requests for url: https://api.kaggle.com/v1/competitions.CompetitionApiService/DownloadDataFile

  FAIL train_label_masks/a74b7e612f31cff7ed905e3c92ae83d7_mask.tiff: 429 Client Error: Too Many Requests for url: https://api.kaggle.com/v1/competitions.CompetitionApiService/DownloadDataFile

  FAIL train_label_masks/a766e096ab436d7ae7a55eb46a4fcf5e_mask.tiff: 429 Client Error: Too Many Requests for url: https://api.kaggle.com/v1/competitions.CompetitionApiService/DownloadDataFile

  FAIL train_label_masks/a778ef2839b7492090564d78367aaddb_mask.tiff: 429 Client Error: Too Many Requests for url: https://api.kaggle.com/v1/competitions.CompetitionApiService/DownloadDataFile

  FAIL train_label_masks/a7af860641a927a5b59ffead7c595f1a_mask.tiff: 429 Client Error: Too Many Requests for url: https://api.kaggle.com/v1/competitions.CompetitionApiService/DownloadDataFile

  FAIL train_label_masks/a7b3150b3014d521b21d518ea94a9a00_mask.tiff: 429 Client Error: Too Many Requests for url: https://api.kaggle.com/v1/competitions.CompetitionApiService/DownloadDataFile

  FAIL train_label_masks/a7baba733c9e351d8938a493e9e96480_mask.tiff: 429 Client Error: Too Many Requests for url: https://api.kaggle.com/v1/competitions.CompetitionApiService/DownloadDataFile

  FAIL train_label_masks/a7ca49c094be4bd969166477d5631a90_mask.tiff: 429 Client Error: Too Many Requests for url: https://api.kaggle.com/v1/competitions.CompetitionApiService/DownloadDataFile

  FAIL train_label_masks/a7d18581b5402766aacf91d52e6143eb_mask.tiff: 429 Client Error: Too Many Requests for url: https://api.kaggle.com/v1/competitions.CompetitionApiService/DownloadDataFile

  FAIL train_label_masks/a7d5887200c7cea7046aa1adad829a1b_mask.tiff: 429 Client Error: Too Many Requests for url: https://api.kaggle.com/v1/competitions.CompetitionApiService/DownloadDataFile

  FAIL train_label_masks/a7eceb34129047ee2d36352e12e12fbc_mask.tiff: 429 Client Error: Too Many Requests for url: https://api.kaggle.com/v1/competitions.CompetitionApiService/DownloadDataFile

  FAIL train_label_masks/a807e743ad2020d229347aede1882a8f_mask.tiff: 429 Client Error: Too Many Requests for url: https://api.kaggle.com/v1/competitions.CompetitionApiService/DownloadDataFile

  FAIL train_label_masks/a80ae4f5811fa7a1042d78be4aedf45c_mask.tiff: 429 Client Error: Too Many Requests for url: https://api.kaggle.com/v1/competitions.CompetitionApiService/DownloadDataFile

  FAIL train_label_masks/a8133622df02940b40d4dc7c6c0b2712_mask.tiff: 429 Client Error: Too Many Requests for url: https://api.kaggle.com/v1/competitions.CompetitionApiService/DownloadDataFile

  FAIL train_label_masks/a81c58ea428c6c69d39e3555c2ace373_mask.tiff: 429 Client Error: Too Many Requests for url: https://api.kaggle.com/v1/competitions.CompetitionApiService/DownloadDataFile

  FAIL train_label_masks/a81d768e9eacac29f12201fbb1ed93ea_mask.tiff: 429 Client Error: Too Many Requests for url: https://api.kaggle.com/v1/competitions.CompetitionApiService/DownloadDataFile

  FAIL train_label_masks/a82ab9e22ff10be0575503d3262a1a61_mask.tiff: 429 Client Error: Too Many Requests for url: https://api.kaggle.com/v1/competitions.CompetitionApiService/DownloadDataFile

  FAIL train_label_masks/a82f9f71cde84001ecc92ccb09eccb5c_mask.tiff: 429 Client Error: Too Many Requests for url: https://api.kaggle.com/v1/competitions.CompetitionApiService/DownloadDataFile

  FAIL train_label_masks/a8321af1b53320df308a2dd4554fff52_mask.tiff: 429 Client Error: Too Many Requests for url: https://api.kaggle.com/v1/competitions.CompetitionApiService/DownloadDataFile

  FAIL train_label_masks/a8351b2fcaeee06e74f4481b7930cc78_mask.tiff: 429 Client Error: Too Many Requests for url: https://api.kaggle.com/v1/competitions.CompetitionApiService/DownloadDataFile

  FAIL train_label_masks/a8361109aecfa0496bd7ffe3d2520f70_mask.tiff: 429 Client Error: Too Many Requests for url: https://api.kaggle.com/v1/competitions.CompetitionApiService/DownloadDataFile

  FAIL train_label_masks/a83b0d472cd523b9d4fb96d01dbd547e_mask.tiff: 429 Client Error: Too Many Requests for url: https://api.kaggle.com/v1/competitions.CompetitionApiService/DownloadDataFile

  FAIL train_label_masks/a87bddaf67f7f888914f5f9590560c47_mask.tiff: 429 Client Error: Too Many Requests for url: https://api.kaggle.com/v1/competitions.CompetitionApiService/DownloadDataFile

  FAIL train_label_masks/a8a951c084f704fb77c2a3ab1c21b474_mask.tiff: 429 Client Error: Too Many Requests for url: https://api.kaggle.com/v1/competitions.CompetitionApiService/DownloadDataFile

  FAIL train_label_masks/a8b8f6be7310d77eb7e785e2f341a137_mask.tiff: 429 Client Error: Too Many Requests for url: https://api.kaggle.com/v1/competitions.CompetitionApiService/DownloadDataFile

  FAIL train_label_masks/a8bd3316f3eeb3613dc827e2a424c727_mask.tiff: 429 Client Error: Too Many Requests for url: https://api.kaggle.com/v1/competitions.CompetitionApiService/DownloadDataFile

  FAIL train_label_masks/a8d547b83d523669de401e539503ab03_mask.tiff: 429 Client Error: Too Many Requests for url: https://api.kaggle.com/v1/competitions.CompetitionApiService/DownloadDataFile

  FAIL train_label_masks/a8d65bc90e175baee47ae5b445ba2476_mask.tiff: 429 Client Error: Too Many Requests for url: https://api.kaggle.com/v1/competitions.CompetitionApiService/DownloadDataFile

  FAIL train_label_masks/a8e5f38315214944e502edfdc986ea2f_mask.tiff: 429 Client Error: Too Many Requests for url: https://api.kaggle.com/v1/competitions.CompetitionApiService/DownloadDataFile

  FAIL train_label_masks/a8e773eff750fc08a72de5075c79474f_mask.tiff: 429 Client Error: Too Many Requests for url: https://api.kaggle.com/v1/competitions.CompetitionApiService/DownloadDataFile

  FAIL train_label_masks/a8e96a9ccdebc9ad76b206493270f670_mask.tiff: 429 Client Error: Too Many Requests for url: https://api.kaggle.com/v1/competitions.CompetitionApiService/DownloadDataFile

  FAIL train_label_masks/a8f2080a44dfee4946ac69a53e8ed0b1_mask.tiff: 429 Client Error: Too Many Requests for url: https://api.kaggle.com/v1/competitions.CompetitionApiService/DownloadDataFile

  FAIL train_label_masks/a909701d8fa86ba27f313a84d5aa0d32_mask.tiff: 429 Client Error: Too Many Requests for url: https://api.kaggle.com/v1/competitions.CompetitionApiService/DownloadDataFile

  FAIL train_label_masks/a932bf147bd42e718b1fd9d7d53ad15a_mask.tiff: 429 Client Error: Too Many Requests for url: https://api.kaggle.com/v1/competitions.CompetitionApiService/DownloadDataFile

  FAIL train_label_masks/a93b3dcce91f31062dc01695f43cc8ba_mask.tiff: 429 Client Error: Too Many Requests for url: https://api.kaggle.com/v1/competitions.CompetitionApiService/DownloadDataFile

  FAIL train_label_masks/a94d63bd5c038c48f6a280233c3c7dd5_mask.tiff: 429 Client Error: Too Many Requests for url: https://api.kaggle.com/v1/competitions.CompetitionApiService/DownloadDataFile

  FAIL train_label_masks/a9534d1d06ad290d690bd88a164b9657_mask.tiff: 429 Client Error: Too Many Requests for url: https://api.kaggle.com/v1/competitions.CompetitionApiService/DownloadDataFile

  FAIL train_label_masks/a954e34aa74d5c6646a52e605263f187_mask.tiff: 429 Client Error: Too Many Requests for url: https://api.kaggle.com/v1/competitions.CompetitionApiService/DownloadDataFile

  FAIL train_label_masks/a9752cd05aa514a3102e9d8f0edeb8f7_mask.tiff: 429 Client Error: Too Many Requests for url: https://api.kaggle.com/v1/competitions.CompetitionApiService/DownloadDataFile

  FAIL train_label_masks/a979f5e3d61ebeec3dcbe8943c9316ca_mask.tiff: 429 Client Error: Too Many Requests for url: https://api.kaggle.com/v1/competitions.CompetitionApiService/DownloadDataFile

  FAIL train_label_masks/a9a2bdda9278e216b19a3a948f4f29ad_mask.tiff: 429 Client Error: Too Many Requests for url: https://api.kaggle.com/v1/competitions.CompetitionApiService/DownloadDataFile

  FAIL train_label_masks/a9dc6f6175a76e18031ad38fc9c08026_mask.tiff: 429 Client Error: Too Many Requests for url: https://api.kaggle.com/v1/competitions.CompetitionApiService/DownloadDataFile

  FAIL train_label_masks/a9de2f159602a6c08dde0551062fb74b_mask.tiff: 429 Client Error: Too Many Requests for url: https://api.kaggle.com/v1/competitions.CompetitionApiService/DownloadDataFile

  FAIL train_label_masks/a9ff261ddbae34cbbb6b5d5c0f2d1ce6_mask.tiff: 429 Client Error: Too Many Requests for url: https://api.kaggle.com/v1/competitions.CompetitionApiService/DownloadDataFile

  FAIL train_label_masks/aa082e66a044358b7222c7e2fb499a2b_mask.tiff: 429 Client Error: Too Many Requests for url: https://api.kaggle.com/v1/competitions.CompetitionApiService/DownloadDataFile

  FAIL train_label_masks/aa176f6d6e5674ccf6e19ef3aeb3e243_mask.tiff: 429 Client Error: Too Many Requests for url: https://api.kaggle.com/v1/competitions.CompetitionApiService/DownloadDataFile

  FAIL train_label_masks/aa1de252963cb99a7c6cf9288d809be7_mask.tiff: 429 Client Error: Too Many Requests for url: https://api.kaggle.com/v1/competitions.CompetitionApiService/DownloadDataFile

  FAIL train_label_masks/aa288e0ae818acf0dcd09b923c9a1abc_mask.tiff: 429 Client Error: Too Many Requests for url: https://api.kaggle.com/v1/competitions.CompetitionApiService/DownloadDataFile

  FAIL train_label_masks/aa3c01d5326e3ed117d9266d5ed6ef37_mask.tiff: 429 Client Error: Too Many Requests for url: https://api.kaggle.com/v1/competitions.CompetitionApiService/DownloadDataFile

  FAIL train_label_masks/aa3d385635fdfe96d5194d0f0991b565_mask.tiff: 429 Client Error: Too Many Requests for url: https://api.kaggle.com/v1/competitions.CompetitionApiService/DownloadDataFile

  FAIL train_label_masks/aa47209a146185e3bea1fa18b904304a_mask.tiff: 429 Client Error: Too Many Requests for url: https://api.kaggle.com/v1/competitions.CompetitionApiService/DownloadDataFile

  FAIL train_label_masks/aa4a74ecfa3460efebc1951c29b5a96a_mask.tiff: 429 Client Error: Too Many Requests for url: https://api.kaggle.com/v1/competitions.CompetitionApiService/DownloadDataFile

  FAIL train_label_masks/aa5f6291ddf9631c11f89925308051ed_mask.tiff: 429 Client Error: Too Many Requests for url: https://api.kaggle.com/v1/competitions.CompetitionApiService/DownloadDataFile

  FAIL train_label_masks/aa62014192d20318e7dbf1ccb091499d_mask.tiff: 429 Client Error: Too Many Requests for url: https://api.kaggle.com/v1/competitions.CompetitionApiService/DownloadDataFile

  FAIL train_label_masks/aa68bce6e7fd266e9839f591296166b0_mask.tiff: 429 Client Error: Too Many Requests for url: https://api.kaggle.com/v1/competitions.CompetitionApiService/DownloadDataFile

  FAIL train_label_masks/aa7000449538fe951e1c0dadc7ce9b44_mask.tiff: 429 Client Error: Too Many Requests for url: https://api.kaggle.com/v1/competitions.CompetitionApiService/DownloadDataFile

  FAIL train_label_masks/aa7ce2c5b9e3fba65a6502469a9e7d32_mask.tiff: 429 Client Error: Too Many Requests for url: https://api.kaggle.com/v1/competitions.CompetitionApiService/DownloadDataFile

  FAIL train_label_masks/aa8907057bf38a2c03b3e3a6cb72f9dd_mask.tiff: 429 Client Error: Too Many Requests for url: https://api.kaggle.com/v1/competitions.CompetitionApiService/DownloadDataFile

  FAIL train_label_masks/aa8ee3fd85494e92cc6595f97d42dc6a_mask.tiff: 429 Client Error: Too Many Requests for url: https://api.kaggle.com/v1/competitions.CompetitionApiService/DownloadDataFile

  FAIL train_label_masks/aa96214fca7ea520191a2263f0ee6ac0_mask.tiff: 429 Client Error: Too Many Requests for url: https://api.kaggle.com/v1/competitions.CompetitionApiService/DownloadDataFile

  FAIL train_label_masks/aa9be7d9f82e983d21e2746078b877d9_mask.tiff: 429 Client Error: Too Many Requests for url: https://api.kaggle.com/v1/competitions.CompetitionApiService/DownloadDataFile

  FAIL train_label_masks/aaaf612f7fec8578ed03e4075b429a21_mask.tiff: 429 Client Error: Too Many Requests for url: https://api.kaggle.com/v1/competitions.CompetitionApiService/DownloadDataFile

  FAIL train_label_masks/aab7d22839e8ac0821aa2cdd1650b39a_mask.tiff: 429 Client Error: Too Many Requests for url: https://api.kaggle.com/v1/competitions.CompetitionApiService/DownloadDataFile

  FAIL train_label_masks/aad4f67da18c05c09584db6539fded5d_mask.tiff: 429 Client Error: Too Many Requests for url: https://api.kaggle.com/v1/competitions.CompetitionApiService/DownloadDataFile

  FAIL train_label_masks/aadc8c10f196efb7e460e0c424aec805_mask.tiff: 429 Client Error: Too Many Requests for url: https://api.kaggle.com/v1/competitions.CompetitionApiService/DownloadDataFile

  FAIL train_label_masks/aae4be2e608ea6085e8f8b0f6f363d85_mask.tiff: 429 Client Error: Too Many Requests for url: https://api.kaggle.com/v1/competitions.CompetitionApiService/DownloadDataFile

  FAIL train_label_masks/aaee8c7e09fa4b50c160acd7e3302cfd_mask.tiff: 429 Client Error: Too Many Requests for url: https://api.kaggle.com/v1/competitions.CompetitionApiService/DownloadDataFile

  FAIL train_label_masks/aaef504823a0043ebc6063bc805baa38_mask.tiff: 429 Client Error: Too Many Requests for url: https://api.kaggle.com/v1/competitions.CompetitionApiService/DownloadDataFile

  FAIL train_label_masks/ab0c6950b69d38008bea90173b44aefa_mask.tiff: 429 Client Error: Too Many Requests for url: https://api.kaggle.com/v1/competitions.CompetitionApiService/DownloadDataFile

  FAIL train_label_masks/ab106ca32e9155aa7e68eabef8e2ed59_mask.tiff: 429 Client Error: Too Many Requests for url: https://api.kaggle.com/v1/competitions.CompetitionApiService/DownloadDataFile

  FAIL train_label_masks/ab17f187d0cf1522c838108906131162_mask.tiff: 429 Client Error: Too Many Requests for url: https://api.kaggle.com/v1/competitions.CompetitionApiService/DownloadDataFile

  FAIL train_label_masks/ab1f4d1aa956de906fa909f5fee8fbee_mask.tiff: 429 Client Error: Too Many Requests for url: https://api.kaggle.com/v1/competitions.CompetitionApiService/DownloadDataFile

  FAIL train_label_masks/ab4a7247e87d9cd8b7106a64b3dda927_mask.tiff: 429 Client Error: Too Many Requests for url: https://api.kaggle.com/v1/competitions.CompetitionApiService/DownloadDataFile

  FAIL train_label_masks/ab58a4a56d41cbe525cc50810dd2ce3a_mask.tiff: 429 Client Error: Too Many Requests for url: https://api.kaggle.com/v1/competitions.CompetitionApiService/DownloadDataFile

  FAIL train_label_masks/ab60f4ef0811fd3b8a75d257189e4662_mask.tiff: 429 Client Error: Too Many Requests for url: https://api.kaggle.com/v1/competitions.CompetitionApiService/DownloadDataFile

  FAIL train_label_masks/ab7f757a2343686945a621a662b6f667_mask.tiff: 429 Client Error: Too Many Requests for url: https://api.kaggle.com/v1/competitions.CompetitionApiService/DownloadDataFile

  FAIL train_label_masks/ab807d486725cdf5c662257d7a77d4de_mask.tiff: 429 Client Error: Too Many Requests for url: https://api.kaggle.com/v1/competitions.CompetitionApiService/DownloadDataFile

  FAIL train_label_masks/ab81e59d765182466b1c5dce9641cc38_mask.tiff: 429 Client Error: Too Many Requests for url: https://api.kaggle.com/v1/competitions.CompetitionApiService/DownloadDataFile

  FAIL train_label_masks/ab81f1e238ba4350b836f161a0c5c043_mask.tiff: 429 Client Error: Too Many Requests for url: https://api.kaggle.com/v1/competitions.CompetitionApiService/DownloadDataFile

  FAIL train_label_masks/ab8ad31b80419f9f49c6b62f25d6fe59_mask.tiff: 429 Client Error: Too Many Requests for url: https://api.kaggle.com/v1/competitions.CompetitionApiService/DownloadDataFile

  FAIL train_label_masks/ab953747c19632d5ff3078b84449596e_mask.tiff: 429 Client Error: Too Many Requests for url: https://api.kaggle.com/v1/competitions.CompetitionApiService/DownloadDataFile

  FAIL train_label_masks/ab969bb57aa412236a7cd33f64114030_mask.tiff: 429 Client Error: Too Many Requests for url: https://api.kaggle.com/v1/competitions.CompetitionApiService/DownloadDataFile

  FAIL train_label_masks/ab9737067730d88528e4f08a6ca140eb_mask.tiff: 429 Client Error: Too Many Requests for url: https://api.kaggle.com/v1/competitions.CompetitionApiService/DownloadDataFile

  FAIL train_label_masks/ab9b00885d5960b51efd3aa59cb95269_mask.tiff: 429 Client Error: Too Many Requests for url: https://api.kaggle.com/v1/competitions.CompetitionApiService/DownloadDataFile

  FAIL train_label_masks/aba474656aab9e8efc7c8c512fc1fb48_mask.tiff: 429 Client Error: Too Many Requests for url: https://api.kaggle.com/v1/competitions.CompetitionApiService/DownloadDataFile

  FAIL train_label_masks/aba52f1d32ab593c075801a10a98938b_mask.tiff: 429 Client Error: Too Many Requests for url: https://api.kaggle.com/v1/competitions.CompetitionApiService/DownloadDataFile

  FAIL train_label_masks/abb4ad0009ce57bca8d400acff5d34a8_mask.tiff: 429 Client Error: Too Many Requests for url: https://api.kaggle.com/v1/competitions.CompetitionApiService/DownloadDataFile

  FAIL train_label_masks/abc48431c594fdbb2441e59e9572bee6_mask.tiff: 429 Client Error: Too Many Requests for url: https://api.kaggle.com/v1/competitions.CompetitionApiService/DownloadDataFile

  FAIL train_label_masks/abefa7fbef36b2bcc0c67eebb672e820_mask.tiff: 429 Client Error: Too Many Requests for url: https://api.kaggle.com/v1/competitions.CompetitionApiService/DownloadDataFile

  FAIL train_label_masks/abf5960dc8f8c6ba6b9d987a6dc603c0_mask.tiff: 429 Client Error: Too Many Requests for url: https://api.kaggle.com/v1/competitions.CompetitionApiService/DownloadDataFile

  FAIL train_label_masks/abf805f154494f6b9fddf2b66c6e6c43_mask.tiff: 429 Client Error: Too Many Requests for url: https://api.kaggle.com/v1/competitions.CompetitionApiService/DownloadDataFile

  FAIL train_label_masks/abfe06f56b989f9e1d6034b12bb885d8_mask.tiff: 429 Client Error: Too Many Requests for url: https://api.kaggle.com/v1/competitions.CompetitionApiService/DownloadDataFile

  FAIL train_label_masks/ac07fd6531d7536124ceab1990d5227d_mask.tiff: 429 Client Error: Too Many Requests for url: https://api.kaggle.com/v1/competitions.CompetitionApiService/DownloadDataFile

  FAIL train_label_masks/ac22e5a3ef26a2942ff5c0d0edd11040_mask.tiff: 429 Client Error: Too Many Requests for url: https://api.kaggle.com/v1/competitions.CompetitionApiService/DownloadDataFile

  FAIL train_label_masks/ac2980962fa337ca0527b396bc62cf07_mask.tiff: 429 Client Error: Too Many Requests for url: https://api.kaggle.com/v1/competitions.CompetitionApiService/DownloadDataFile

  FAIL train_label_masks/ac2d6fd1aa1fe717c00e97b132ebc392_mask.tiff: 429 Client Error: Too Many Requests for url: https://api.kaggle.com/v1/competitions.CompetitionApiService/DownloadDataFile

  FAIL train_label_masks/ac32c2c755e496c5e7bc1949b78d36c9_mask.tiff: 429 Client Error: Too Many Requests for url: https://api.kaggle.com/v1/competitions.CompetitionApiService/DownloadDataFile

  FAIL train_label_masks/ac34101f332f6259e55a82c11d8bc304_mask.tiff: 429 Client Error: Too Many Requests for url: https://api.kaggle.com/v1/competitions.CompetitionApiService/DownloadDataFile

  FAIL train_label_masks/ac4184c39f8c07a414170dddbd84bcf6_mask.tiff: 429 Client Error: Too Many Requests for url: https://api.kaggle.com/v1/competitions.CompetitionApiService/DownloadDataFile

  FAIL train_label_masks/ac5d45906b56238e99d3f46ac94b35fc_mask.tiff: 429 Client Error: Too Many Requests for url: https://api.kaggle.com/v1/competitions.CompetitionApiService/DownloadDataFile

  FAIL train_label_masks/ac6110478f6edbee89ae89481e94b275_mask.tiff: 429 Client Error: Too Many Requests for url: https://api.kaggle.com/v1/competitions.CompetitionApiService/DownloadDataFile

  FAIL train_label_masks/ac8dd5aad49e4404fb74adb43e041a9a_mask.tiff: 429 Client Error: Too Many Requests for url: https://api.kaggle.com/v1/competitions.CompetitionApiService/DownloadDataFile

  FAIL train_label_masks/ac958e777983e02bdd9f1037e2cc3f1b_mask.tiff: 429 Client Error: Too Many Requests for url: https://api.kaggle.com/v1/competitions.CompetitionApiService/DownloadDataFile

  FAIL train_label_masks/aca465b1eb4bbea86b38939c897a462a_mask.tiff: 429 Client Error: Too Many Requests for url: https://api.kaggle.com/v1/competitions.CompetitionApiService/DownloadDataFile

  FAIL train_label_masks/aca61df8852daa183fa8cbf30a2e8660_mask.tiff: 429 Client Error: Too Many Requests for url: https://api.kaggle.com/v1/competitions.CompetitionApiService/DownloadDataFile

  FAIL train_label_masks/acb7fc21fae5acfeb3eae17fbefa0e58_mask.tiff: 429 Client Error: Too Many Requests for url: https://api.kaggle.com/v1/competitions.CompetitionApiService/DownloadDataFile

  FAIL train_label_masks/acc092b7ff833d1d9853a2efe449e66e_mask.tiff: 429 Client Error: Too Many Requests for url: https://api.kaggle.com/v1/competitions.CompetitionApiService/DownloadDataFile

  FAIL train_label_masks/acd9afcc1ca7c5ad56bf3a16f831b291_mask.tiff: 429 Client Error: Too Many Requests for url: https://api.kaggle.com/v1/competitions.CompetitionApiService/DownloadDataFile

  FAIL train_label_masks/acde9000c58a22bb2d5adea3a7be531a_mask.tiff: 429 Client Error: Too Many Requests for url: https://api.kaggle.com/v1/competitions.CompetitionApiService/DownloadDataFile

  FAIL train_label_masks/aceb8bd7daf96919fb9a126340671346_mask.tiff: 429 Client Error: Too Many Requests for url: https://api.kaggle.com/v1/competitions.CompetitionApiService/DownloadDataFile

  FAIL train_label_masks/ad0c63c4474947e4fe009453a3a6147d_mask.tiff: 429 Client Error: Too Many Requests for url: https://api.kaggle.com/v1/competitions.CompetitionApiService/DownloadDataFile

  FAIL train_label_masks/ad155660b0018e92984f4ea49e246731_mask.tiff: 429 Client Error: Too Many Requests for url: https://api.kaggle.com/v1/competitions.CompetitionApiService/DownloadDataFile

  FAIL train_label_masks/ad1592d1b4b1f734e59a92f5ebef305b_mask.tiff: 429 Client Error: Too Many Requests for url: https://api.kaggle.com/v1/competitions.CompetitionApiService/DownloadDataFile

  FAIL train_label_masks/ad44ed31dfb798af63c0d7a8df2fe1c9_mask.tiff: 429 Client Error: Too Many Requests for url: https://api.kaggle.com/v1/competitions.CompetitionApiService/DownloadDataFile

  FAIL train_label_masks/ad52bc1015f33bb777ea49504f87988a_mask.tiff: 429 Client Error: Too Many Requests for url: https://api.kaggle.com/v1/competitions.CompetitionApiService/DownloadDataFile

  FAIL train_label_masks/ad5d1bfe1f9da2bc7439ed54da5f4e46_mask.tiff: 429 Client Error: Too Many Requests for url: https://api.kaggle.com/v1/competitions.CompetitionApiService/DownloadDataFile

  FAIL train_label_masks/ad6a50e18cdcf0c1493d46f96caa4421_mask.tiff: 429 Client Error: Too Many Requests for url: https://api.kaggle.com/v1/competitions.CompetitionApiService/DownloadDataFile

  FAIL train_label_masks/ad6e90147030566df6b1353432f41662_mask.tiff: 429 Client Error: Too Many Requests for url: https://api.kaggle.com/v1/competitions.CompetitionApiService/DownloadDataFile

  FAIL train_label_masks/ad7215256adde5b4a70de73d561adbb8_mask.tiff: 429 Client Error: Too Many Requests for url: https://api.kaggle.com/v1/competitions.CompetitionApiService/DownloadDataFile

  FAIL train_label_masks/ad990202d6e12f56b9f354b707eab35b_mask.tiff: 429 Client Error: Too Many Requests for url: https://api.kaggle.com/v1/competitions.CompetitionApiService/DownloadDataFile

  FAIL train_label_masks/ad9edb9b14bbf3ae9abd4f861c5462c7_mask.tiff: 429 Client Error: Too Many Requests for url: https://api.kaggle.com/v1/competitions.CompetitionApiService/DownloadDataFile

  FAIL train_label_masks/ada7c1420efe8ad02c918ac619c30d37_mask.tiff: 429 Client Error: Too Many Requests for url: https://api.kaggle.com/v1/competitions.CompetitionApiService/DownloadDataFile

  FAIL train_label_masks/ada83813085876c62c8bf0481f1693cf_mask.tiff: 429 Client Error: Too Many Requests for url: https://api.kaggle.com/v1/competitions.CompetitionApiService/DownloadDataFile

  FAIL train_label_masks/adb134cdca78025db20a3607f72edc92_mask.tiff: 429 Client Error: Too Many Requests for url: https://api.kaggle.com/v1/competitions.CompetitionApiService/DownloadDataFile

  FAIL train_label_masks/adb6453b3935267a4d77a60fd75d807d_mask.tiff: 429 Client Error: Too Many Requests for url: https://api.kaggle.com/v1/competitions.CompetitionApiService/DownloadDataFile

  FAIL train_label_masks/adbfb2f1cecea96a904bd46ac74ba2f6_mask.tiff: 429 Client Error: Too Many Requests for url: https://api.kaggle.com/v1/competitions.CompetitionApiService/DownloadDataFile

  FAIL train_label_masks/adced66ab9dcf618633efe9f1b837fcc_mask.tiff: 429 Client Error: Too Many Requests for url: https://api.kaggle.com/v1/competitions.CompetitionApiService/DownloadDataFile

  FAIL train_label_masks/ade269705aa33afafa0e6af6d20db6df_mask.tiff: 429 Client Error: Too Many Requests for url: https://api.kaggle.com/v1/competitions.CompetitionApiService/DownloadDataFile

  FAIL train_label_masks/adef73f1a19ad047a97ba507c3312798_mask.tiff: 429 Client Error: Too Many Requests for url: https://api.kaggle.com/v1/competitions.CompetitionApiService/DownloadDataFile

  FAIL train_label_masks/ae0dc2c2d5aed206f4ce5c529684580c_mask.tiff: 429 Client Error: Too Many Requests for url: https://api.kaggle.com/v1/competitions.CompetitionApiService/DownloadDataFile

  FAIL train_label_masks/ae1c06e88f2823b7d13c453e8f1e2756_mask.tiff: 429 Client Error: Too Many Requests for url: https://api.kaggle.com/v1/competitions.CompetitionApiService/DownloadDataFile

  FAIL train_label_masks/ae1c6bd846449adbde74b0cba5cb7a19_mask.tiff: 429 Client Error: Too Many Requests for url: https://api.kaggle.com/v1/competitions.CompetitionApiService/DownloadDataFile

  FAIL train_label_masks/ae607241f09b3b41864703c488ccd111_mask.tiff: 429 Client Error: Too Many Requests for url: https://api.kaggle.com/v1/competitions.CompetitionApiService/DownloadDataFile

  FAIL train_label_masks/ae63763dc4f4fad673ec942dfe1c0ea9_mask.tiff: 429 Client Error: Too Many Requests for url: https://api.kaggle.com/v1/competitions.CompetitionApiService/DownloadDataFile

  FAIL train_label_masks/ae73856854dae06ef0423afdc995e9c8_mask.tiff: 429 Client Error: Too Many Requests for url: https://api.kaggle.com/v1/competitions.CompetitionApiService/DownloadDataFile

  FAIL train_label_masks/ae7dd6b6b0749f3b9b3001629b9db512_mask.tiff: 429 Client Error: Too Many Requests for url: https://api.kaggle.com/v1/competitions.CompetitionApiService/DownloadDataFile

  FAIL train_label_masks/ae8098ce32f49e4b96dda2dd5e02db2c_mask.tiff: 429 Client Error: Too Many Requests for url: https://api.kaggle.com/v1/competitions.CompetitionApiService/DownloadDataFile

  FAIL train_label_masks/ae8e97b303db472c11259508d07274d4_mask.tiff: 429 Client Error: Too Many Requests for url: https://api.kaggle.com/v1/competitions.CompetitionApiService/DownloadDataFile

  FAIL train_label_masks/ae91c33b37bf459a7e10f36209548637_mask.tiff: 429 Client Error: Too Many Requests for url: https://api.kaggle.com/v1/competitions.CompetitionApiService/DownloadDataFile

  FAIL train_label_masks/aeaa36ea58cad0b8121e59321ef1d41e_mask.tiff: 429 Client Error: Too Many Requests for url: https://api.kaggle.com/v1/competitions.CompetitionApiService/DownloadDataFile

  FAIL train_label_masks/aebe292567e0f8447fdc94994189a80a_mask.tiff: 429 Client Error: Too Many Requests for url: https://api.kaggle.com/v1/competitions.CompetitionApiService/DownloadDataFile

  FAIL train_label_masks/aecf833bf307570b6dd2b3f8d104e9c6_mask.tiff: 429 Client Error: Too Many Requests for url: https://api.kaggle.com/v1/competitions.CompetitionApiService/DownloadDataFile

  FAIL train_label_masks/aed7330d040f019f279d673133cbfe53_mask.tiff: 429 Client Error: Too Many Requests for url: https://api.kaggle.com/v1/competitions.CompetitionApiService/DownloadDataFile

  FAIL train_label_masks/aeec9f0bc83c16e7128b26e41a4d7ff4_mask.tiff: 429 Client Error: Too Many Requests for url: https://api.kaggle.com/v1/competitions.CompetitionApiService/DownloadDataFile

  FAIL train_label_masks/aef2f50710677c1204538d88d3475e63_mask.tiff: 429 Client Error: Too Many Requests for url: https://api.kaggle.com/v1/competitions.CompetitionApiService/DownloadDataFile

  FAIL train_label_masks/aef725315551b4ac4e392c6a642bf9a9_mask.tiff: 429 Client Error: Too Many Requests for url: https://api.kaggle.com/v1/competitions.CompetitionApiService/DownloadDataFile

  FAIL train_label_masks/aef75d4c390d838aabe56e2d601b6a13_mask.tiff: 429 Client Error: Too Many Requests for url: https://api.kaggle.com/v1/competitions.CompetitionApiService/DownloadDataFile

  FAIL train_label_masks/af1092d14c91de3eddbcb650f631c501_mask.tiff: 429 Client Error: Too Many Requests for url: https://api.kaggle.com/v1/competitions.CompetitionApiService/DownloadDataFile

  FAIL train_label_masks/af1411aecef861c7f39555f2a8b0e0d3_mask.tiff: 429 Client Error: Too Many Requests for url: https://api.kaggle.com/v1/competitions.CompetitionApiService/DownloadDataFile

  FAIL train_label_masks/af34155bb150ec04e0a358815337876c_mask.tiff: 429 Client Error: Too Many Requests for url: https://api.kaggle.com/v1/competitions.CompetitionApiService/DownloadDataFile

  FAIL train_label_masks/af3d444497d045a442cfe01a4269f47e_mask.tiff: 429 Client Error: Too Many Requests for url: https://api.kaggle.com/v1/competitions.CompetitionApiService/DownloadDataFile

  FAIL train_label_masks/af41a64b57d2f3244cab6f912383a6c1_mask.tiff: 429 Client Error: Too Many Requests for url: https://api.kaggle.com/v1/competitions.CompetitionApiService/DownloadDataFile

  FAIL train_label_masks/af4e9bbfb08853b7b2813331fbe5b877_mask.tiff: 429 Client Error: Too Many Requests for url: https://api.kaggle.com/v1/competitions.CompetitionApiService/DownloadDataFile

  FAIL train_label_masks/af6cadce7e6b5850580eda992822d871_mask.tiff: 429 Client Error: Too Many Requests for url: https://api.kaggle.com/v1/competitions.CompetitionApiService/DownloadDataFile

  FAIL train_label_masks/af6fbe10ab6b3bb50812e4c44b54438f_mask.tiff: 429 Client Error: Too Many Requests for url: https://api.kaggle.com/v1/competitions.CompetitionApiService/DownloadDataFile

  FAIL train_label_masks/af71c423997e01b837567d16bcced649_mask.tiff: 429 Client Error: Too Many Requests for url: https://api.kaggle.com/v1/competitions.CompetitionApiService/DownloadDataFile

  FAIL train_label_masks/af931670d9111cee444281fd1b8d1dec_mask.tiff: 429 Client Error: Too Many Requests for url: https://api.kaggle.com/v1/competitions.CompetitionApiService/DownloadDataFile

  FAIL train_label_masks/af994df40907edf1c3aefb45df954add_mask.tiff: 429 Client Error: Too Many Requests for url: https://api.kaggle.com/v1/competitions.CompetitionApiService/DownloadDataFile

  FAIL train_label_masks/afa70cee560c0b557c12a0cf0ca7611f_mask.tiff: 429 Client Error: Too Many Requests for url: https://api.kaggle.com/v1/competitions.CompetitionApiService/DownloadDataFile

  FAIL train_label_masks/afa9966f243d37df8f8cb04683163c89_mask.tiff: 429 Client Error: Too Many Requests for url: https://api.kaggle.com/v1/competitions.CompetitionApiService/DownloadDataFile

  FAIL train_label_masks/afaa3f61f49c3e47bbfa02f3d657994f_mask.tiff: 429 Client Error: Too Many Requests for url: https://api.kaggle.com/v1/competitions.CompetitionApiService/DownloadDataFile

  FAIL train_label_masks/afbd2c0c897b2a9cb459c5a598cfdd9c_mask.tiff: 429 Client Error: Too Many Requests for url: https://api.kaggle.com/v1/competitions.CompetitionApiService/DownloadDataFile

  FAIL train_label_masks/afd44b28311688efd18669bd0d463ccd_mask.tiff: 429 Client Error: Too Many Requests for url: https://api.kaggle.com/v1/competitions.CompetitionApiService/DownloadDataFile

  FAIL train_label_masks/afd477abb13dea3e8d517efcb19233c2_mask.tiff: 429 Client Error: Too Many Requests for url: https://api.kaggle.com/v1/competitions.CompetitionApiService/DownloadDataFile

  FAIL train_label_masks/afe59339b8fe3ed8a390ccdf9030f6b1_mask.tiff: 429 Client Error: Too Many Requests for url: https://api.kaggle.com/v1/competitions.CompetitionApiService/DownloadDataFile

  FAIL train_label_masks/afe7eb15c8438861ca43f2b20dccf260_mask.tiff: 429 Client Error: Too Many Requests for url: https://api.kaggle.com/v1/competitions.CompetitionApiService/DownloadDataFile

  FAIL train_label_masks/afeae451e576086d10c45a41545f7212_mask.tiff: 429 Client Error: Too Many Requests for url: https://api.kaggle.com/v1/competitions.CompetitionApiService/DownloadDataFile

  FAIL train_label_masks/aff9deb3016a3ba5db5a5edb22ecc982_mask.tiff: 429 Client Error: Too Many Requests for url: https://api.kaggle.com/v1/competitions.CompetitionApiService/DownloadDataFile

  FAIL train_label_masks/b0046f3ccf1c8d0535e0925a4dbc7232_mask.tiff: 429 Client Error: Too Many Requests for url: https://api.kaggle.com/v1/competitions.CompetitionApiService/DownloadDataFile

  FAIL train_label_masks/b01f92809dbfa747dc4d1881f400d99b_mask.tiff: 429 Client Error: Too Many Requests for url: https://api.kaggle.com/v1/competitions.CompetitionApiService/DownloadDataFile

  FAIL train_label_masks/b02d2e1a8b84a4e0786a8fbd2775d767_mask.tiff: 429 Client Error: Too Many Requests for url: https://api.kaggle.com/v1/competitions.CompetitionApiService/DownloadDataFile

  FAIL train_label_masks/b039337ade137a34e544fa1c5a17b4c3_mask.tiff: 429 Client Error: Too Many Requests for url: https://api.kaggle.com/v1/competitions.CompetitionApiService/DownloadDataFile

  FAIL train_label_masks/b03acf15d51eac8437639fc77ea84b9f_mask.tiff: 429 Client Error: Too Many Requests for url: https://api.kaggle.com/v1/competitions.CompetitionApiService/DownloadDataFile

  FAIL train_label_masks/b0404032716fda7bf95526f298822900_mask.tiff: 429 Client Error: Too Many Requests for url: https://api.kaggle.com/v1/competitions.CompetitionApiService/DownloadDataFile

  FAIL train_label_masks/b04286f0122e84d441129b1cbc2fa809_mask.tiff: 429 Client Error: Too Many Requests for url: https://api.kaggle.com/v1/competitions.CompetitionApiService/DownloadDataFile

  FAIL train_label_masks/b0602c9c2ffe204f7c0ab9b3386dd35d_mask.tiff: 429 Client Error: Too Many Requests for url: https://api.kaggle.com/v1/competitions.CompetitionApiService/DownloadDataFile

  FAIL train_label_masks/b0664a3b144f7f75e5620930a0a1a0bc_mask.tiff: 429 Client Error: Too Many Requests for url: https://api.kaggle.com/v1/competitions.CompetitionApiService/DownloadDataFile

  FAIL train_label_masks/b06e7d1627d5ec60135b82b4c0663898_mask.tiff: 429 Client Error: Too Many Requests for url: https://api.kaggle.com/v1/competitions.CompetitionApiService/DownloadDataFile

  FAIL train_label_masks/b07c8235c0ffccec16ec7caa70c1d4a9_mask.tiff: 429 Client Error: Too Many Requests for url: https://api.kaggle.com/v1/competitions.CompetitionApiService/DownloadDataFile

  FAIL train_label_masks/b09983414eb11c9fb676f29db50f32e2_mask.tiff: 429 Client Error: Too Many Requests for url: https://api.kaggle.com/v1/competitions.CompetitionApiService/DownloadDataFile

  FAIL train_label_masks/b0a13d9ac8f8200e12ae492f8155ef4e_mask.tiff: 429 Client Error: Too Many Requests for url: https://api.kaggle.com/v1/competitions.CompetitionApiService/DownloadDataFile

  FAIL train_label_masks/b0ab4a0b140dced554f47ecae7a62859_mask.tiff: 429 Client Error: Too Many Requests for url: https://api.kaggle.com/v1/competitions.CompetitionApiService/DownloadDataFile

  FAIL train_label_masks/b0b0bb292409f1613351c5a4c2f6a25a_mask.tiff: 429 Client Error: Too Many Requests for url: https://api.kaggle.com/v1/competitions.CompetitionApiService/DownloadDataFile

  FAIL train_label_masks/b0b38a63ab55065b25c3f5b839c8a72e_mask.tiff: 429 Client Error: Too Many Requests for url: https://api.kaggle.com/v1/competitions.CompetitionApiService/DownloadDataFile

  FAIL train_label_masks/b0b8b9f98e54aefbf88c4fca02fde51b_mask.tiff: 429 Client Error: Too Many Requests for url: https://api.kaggle.com/v1/competitions.CompetitionApiService/DownloadDataFile

  FAIL train_label_masks/b0ba9ace7fe4fb08dd1538d83425ec94_mask.tiff: 429 Client Error: Too Many Requests for url: https://api.kaggle.com/v1/competitions.CompetitionApiService/DownloadDataFile

  FAIL train_label_masks/b0c0c27f31e61e4baac76e71dd29287e_mask.tiff: 429 Client Error: Too Many Requests for url: https://api.kaggle.com/v1/competitions.CompetitionApiService/DownloadDataFile

  FAIL train_label_masks/b0d5c1e2c6bc18f2736f06feecccafb4_mask.tiff: 429 Client Error: Too Many Requests for url: https://api.kaggle.com/v1/competitions.CompetitionApiService/DownloadDataFile

  FAIL train_label_masks/b0db6c7062db390ce41581728f2ef122_mask.tiff: 429 Client Error: Too Many Requests for url: https://api.kaggle.com/v1/competitions.CompetitionApiService/DownloadDataFile

  FAIL train_label_masks/b0dc9662008d3c1d40f3b30d82a6ffe0_mask.tiff: 429 Client Error: Too Many Requests for url: https://api.kaggle.com/v1/competitions.CompetitionApiService/DownloadDataFile

  FAIL train_label_masks/b0de7c7d835587ccfe43edd3eb647817_mask.tiff: 429 Client Error: Too Many Requests for url: https://api.kaggle.com/v1/competitions.CompetitionApiService/DownloadDataFile

  FAIL train_label_masks/b0e4ac380ceb1b245dd4fe6052913919_mask.tiff: 429 Client Error: Too Many Requests for url: https://api.kaggle.com/v1/competitions.CompetitionApiService/DownloadDataFile

  FAIL train_label_masks/b0ee38976e71dfbfba705974713ee612_mask.tiff: 429 Client Error: Too Many Requests for url: https://api.kaggle.com/v1/competitions.CompetitionApiService/DownloadDataFile

  FAIL train_label_masks/b0fd3778526aec216e7db68d267c0897_mask.tiff: 429 Client Error: Too Many Requests for url: https://api.kaggle.com/v1/competitions.CompetitionApiService/DownloadDataFile

  FAIL train_label_masks/b10aafff8d0a4c426090fc772b6075f0_mask.tiff: 429 Client Error: Too Many Requests for url: https://api.kaggle.com/v1/competitions.CompetitionApiService/DownloadDataFile

  FAIL train_label_masks/b119f1fd77a7da8feb9fb211e894fdb9_mask.tiff: 429 Client Error: Too Many Requests for url: https://api.kaggle.com/v1/competitions.CompetitionApiService/DownloadDataFile

  FAIL train_label_masks/b13078f2ae0a4dd072a3509ab1b1a0f0_mask.tiff: 429 Client Error: Too Many Requests for url: https://api.kaggle.com/v1/competitions.CompetitionApiService/DownloadDataFile

  FAIL train_label_masks/b131ecef8477a09fa31aa0cf372c934e_mask.tiff: 429 Client Error: Too Many Requests for url: https://api.kaggle.com/v1/competitions.CompetitionApiService/DownloadDataFile

  FAIL train_label_masks/b133f9748d2e61bbd5bd7b55b60157fe_mask.tiff: 429 Client Error: Too Many Requests for url: https://api.kaggle.com/v1/competitions.CompetitionApiService/DownloadDataFile

  FAIL train_label_masks/b13961504ea859ff34a150bc19fed335_mask.tiff: 429 Client Error: Too Many Requests for url: https://api.kaggle.com/v1/competitions.CompetitionApiService/DownloadDataFile

  FAIL train_label_masks/b13de5e3add05a187e393d0eef314891_mask.tiff: 429 Client Error: Too Many Requests for url: https://api.kaggle.com/v1/competitions.CompetitionApiService/DownloadDataFile

  FAIL train_label_masks/b168c7aff6ddf56a19625abf2803744c_mask.tiff: 429 Client Error: Too Many Requests for url: https://api.kaggle.com/v1/competitions.CompetitionApiService/DownloadDataFile

  FAIL train_label_masks/b17e49275305849c5820c0e2976c245a_mask.tiff: 429 Client Error: Too Many Requests for url: https://api.kaggle.com/v1/competitions.CompetitionApiService/DownloadDataFile

  FAIL train_label_masks/b19b678ac181c02332d1ba7acb6ba436_mask.tiff: 429 Client Error: Too Many Requests for url: https://api.kaggle.com/v1/competitions.CompetitionApiService/DownloadDataFile

  FAIL train_label_masks/b1a8dc23435d6fea4a7847fcf02f9374_mask.tiff: 429 Client Error: Too Many Requests for url: https://api.kaggle.com/v1/competitions.CompetitionApiService/DownloadDataFile

  FAIL train_label_masks/b1b0e643bd13df0d2bfc1b051e2bd0fd_mask.tiff: 429 Client Error: Too Many Requests for url: https://api.kaggle.com/v1/competitions.CompetitionApiService/DownloadDataFile

  FAIL train_label_masks/b1c8b92e790c28010a3f0678db6638fc_mask.tiff: 429 Client Error: Too Many Requests for url: https://api.kaggle.com/v1/competitions.CompetitionApiService/DownloadDataFile

  FAIL train_label_masks/b1d93623521ae08ba520855009692683_mask.tiff: 429 Client Error: Too Many Requests for url: https://api.kaggle.com/v1/competitions.CompetitionApiService/DownloadDataFile

  FAIL train_label_masks/b1ecc44ba2bffeba5ad09c2a339f40fa_mask.tiff: 429 Client Error: Too Many Requests for url: https://api.kaggle.com/v1/competitions.CompetitionApiService/DownloadDataFile

  FAIL train_label_masks/b1f6f5539ae4fdb9b931788dda704712_mask.tiff: 429 Client Error: Too Many Requests for url: https://api.kaggle.com/v1/competitions.CompetitionApiService/DownloadDataFile

  FAIL train_label_masks/b1fbe9701b14bf285318abcbf002d5ea_mask.tiff: 429 Client Error: Too Many Requests for url: https://api.kaggle.com/v1/competitions.CompetitionApiService/DownloadDataFile

  FAIL train_label_masks/b1fc28c48cb6e83e5015074c3b61ae65_mask.tiff: 429 Client Error: Too Many Requests for url: https://api.kaggle.com/v1/competitions.CompetitionApiService/DownloadDataFile

  FAIL train_label_masks/b20b5b841b6f7c1726599e067de01bae_mask.tiff: 429 Client Error: Too Many Requests for url: https://api.kaggle.com/v1/competitions.CompetitionApiService/DownloadDataFile

  FAIL train_label_masks/b22a805186b5c95212db780854e5d2fe_mask.tiff: 429 Client Error: Too Many Requests for url: https://api.kaggle.com/v1/competitions.CompetitionApiService/DownloadDataFile

  FAIL train_label_masks/b23fa1eb9b60a23d45c43df4c20e180e_mask.tiff: 429 Client Error: Too Many Requests for url: https://api.kaggle.com/v1/competitions.CompetitionApiService/DownloadDataFile

  FAIL train_label_masks/b245cf055b22a9d837cc4f5c97b63a8c_mask.tiff: 429 Client Error: Too Many Requests for url: https://api.kaggle.com/v1/competitions.CompetitionApiService/DownloadDataFile

  FAIL train_label_masks/b2545fbd121c537ccb04c90cef91631c_mask.tiff: 429 Client Error: Too Many Requests for url: https://api.kaggle.com/v1/competitions.CompetitionApiService/DownloadDataFile

  FAIL train_label_masks/b25e5ec86bdfecb9335f0e683acfda87_mask.tiff: 429 Client Error: Too Many Requests for url: https://api.kaggle.com/v1/competitions.CompetitionApiService/DownloadDataFile

  FAIL train_label_masks/b263e89dbfd95e61cc803eabc460d4f6_mask.tiff: 429 Client Error: Too Many Requests for url: https://api.kaggle.com/v1/competitions.CompetitionApiService/DownloadDataFile

  FAIL train_label_masks/b267fa5f2c3b44774f06581ac05996b7_mask.tiff: 429 Client Error: Too Many Requests for url: https://api.kaggle.com/v1/competitions.CompetitionApiService/DownloadDataFile

  FAIL train_label_masks/b276c39d60d16cdcca065940ed55eeb8_mask.tiff: 429 Client Error: Too Many Requests for url: https://api.kaggle.com/v1/competitions.CompetitionApiService/DownloadDataFile

  FAIL train_label_masks/b289df6139ddbf04d953c2c01ec60405_mask.tiff: 429 Client Error: Too Many Requests for url: https://api.kaggle.com/v1/competitions.CompetitionApiService/DownloadDataFile

  FAIL train_label_masks/b28d4d6124a0ac2910a1629df758cc37_mask.tiff: 429 Client Error: Too Many Requests for url: https://api.kaggle.com/v1/competitions.CompetitionApiService/DownloadDataFile

  FAIL train_label_masks/b28f0f94ebc50f79d1b03cf0c0baa335_mask.tiff: 429 Client Error: Too Many Requests for url: https://api.kaggle.com/v1/competitions.CompetitionApiService/DownloadDataFile

  FAIL train_label_masks/b29e5425308f0f10cded9bb6c75b6049_mask.tiff: 429 Client Error: Too Many Requests for url: https://api.kaggle.com/v1/competitions.CompetitionApiService/DownloadDataFile

  FAIL train_label_masks/b2ade8c8cf0f8da5d999e116da8cf41c_mask.tiff: 429 Client Error: Too Many Requests for url: https://api.kaggle.com/v1/competitions.CompetitionApiService/DownloadDataFile

  FAIL train_label_masks/b2af2b481ff84df45b02df098e9a8e46_mask.tiff: 429 Client Error: Too Many Requests for url: https://api.kaggle.com/v1/competitions.CompetitionApiService/DownloadDataFile

  FAIL train_label_masks/b2b496615dbf9fb305bbc7ad5ac399c5_mask.tiff: 429 Client Error: Too Many Requests for url: https://api.kaggle.com/v1/competitions.CompetitionApiService/DownloadDataFile

  FAIL train_label_masks/b2b7e5ce81c5b70949de31185ee8a126_mask.tiff: 429 Client Error: Too Many Requests for url: https://api.kaggle.com/v1/competitions.CompetitionApiService/DownloadDataFile

  FAIL train_label_masks/b2d4e1936bbd844314468799f1f35443_mask.tiff: 429 Client Error: Too Many Requests for url: https://api.kaggle.com/v1/competitions.CompetitionApiService/DownloadDataFile

  FAIL train_label_masks/b2d9c8835a45e3ad96ecf8596de851e2_mask.tiff: 429 Client Error: Too Many Requests for url: https://api.kaggle.com/v1/competitions.CompetitionApiService/DownloadDataFile

  FAIL train_label_masks/b2dca2c953d270bc78478df8cf5ddb62_mask.tiff: 429 Client Error: Too Many Requests for url: https://api.kaggle.com/v1/competitions.CompetitionApiService/DownloadDataFile

  FAIL train_label_masks/b2de71e7e1619aa395f55e9859849f2f_mask.tiff: 429 Client Error: Too Many Requests for url: https://api.kaggle.com/v1/competitions.CompetitionApiService/DownloadDataFile

  FAIL train_label_masks/b2e49a8c3c4609119bb4673cf74cb7bc_mask.tiff: 429 Client Error: Too Many Requests for url: https://api.kaggle.com/v1/competitions.CompetitionApiService/DownloadDataFile

  FAIL train_label_masks/b2ed25818b60032cf273066b9ae43c0d_mask.tiff: 429 Client Error: Too Many Requests for url: https://api.kaggle.com/v1/competitions.CompetitionApiService/DownloadDataFile

  FAIL train_label_masks/b2fae9c1a4c6991d1d01c1fb6df00476_mask.tiff: 429 Client Error: Too Many Requests for url: https://api.kaggle.com/v1/competitions.CompetitionApiService/DownloadDataFile

  FAIL train_label_masks/b30b0cebda476de77bec3bff2374cf68_mask.tiff: 429 Client Error: Too Many Requests for url: https://api.kaggle.com/v1/competitions.CompetitionApiService/DownloadDataFile

  FAIL train_label_masks/b31d1678d2148a94702ffa5bd6ac3aba_mask.tiff: 429 Client Error: Too Many Requests for url: https://api.kaggle.com/v1/competitions.CompetitionApiService/DownloadDataFile

  FAIL train_label_masks/b31da8462061d770024e293ca92e0086_mask.tiff: 429 Client Error: Too Many Requests for url: https://api.kaggle.com/v1/competitions.CompetitionApiService/DownloadDataFile

  FAIL train_label_masks/b32c022c602405cbdd8c23ab0a4773d6_mask.tiff: 429 Client Error: Too Many Requests for url: https://api.kaggle.com/v1/competitions.CompetitionApiService/DownloadDataFile

  FAIL train_label_masks/b339154c789a5103d16f3cde70f20fb9_mask.tiff: 429 Client Error: Too Many Requests for url: https://api.kaggle.com/v1/competitions.CompetitionApiService/DownloadDataFile

  FAIL train_label_masks/b3438f39bb7db17a8c77e5520613de21_mask.tiff: 429 Client Error: Too Many Requests for url: https://api.kaggle.com/v1/competitions.CompetitionApiService/DownloadDataFile

  FAIL train_label_masks/b35a329a109e2b210463e639c8141f39_mask.tiff: 429 Client Error: Too Many Requests for url: https://api.kaggle.com/v1/competitions.CompetitionApiService/DownloadDataFile

  FAIL train_label_masks/b35fb32a848595f93b1d4b0700b90478_mask.tiff: 429 Client Error: Too Many Requests for url: https://api.kaggle.com/v1/competitions.CompetitionApiService/DownloadDataFile

  FAIL train_label_masks/b35fe0cb1edc0b16f24480fe83e8b987_mask.tiff: 429 Client Error: Too Many Requests for url: https://api.kaggle.com/v1/competitions.CompetitionApiService/DownloadDataFile

  FAIL train_label_masks/b368187a74f04f31a73030862c85e1b6_mask.tiff: 429 Client Error: Too Many Requests for url: https://api.kaggle.com/v1/competitions.CompetitionApiService/DownloadDataFile

  FAIL train_label_masks/b376949adfafff2fd24c30c4cd27dd58_mask.tiff: 429 Client Error: Too Many Requests for url: https://api.kaggle.com/v1/competitions.CompetitionApiService/DownloadDataFile

  FAIL train_label_masks/b376a3dc044849448f2fa1665243a840_mask.tiff: 429 Client Error: Too Many Requests for url: https://api.kaggle.com/v1/competitions.CompetitionApiService/DownloadDataFile

  FAIL train_label_masks/b3852036b9bab5f90891f5f18617b559_mask.tiff: 429 Client Error: Too Many Requests for url: https://api.kaggle.com/v1/competitions.CompetitionApiService/DownloadDataFile

  FAIL train_label_masks/b3853701d3e05b29f0e2c2bc0f85bd21_mask.tiff: 429 Client Error: Too Many Requests for url: https://api.kaggle.com/v1/competitions.CompetitionApiService/DownloadDataFile

  FAIL train_label_masks/b38e72d2908a5d20eff762250c94834d_mask.tiff: 429 Client Error: Too Many Requests for url: https://api.kaggle.com/v1/competitions.CompetitionApiService/DownloadDataFile

  FAIL train_label_masks/b393b5fdb1c3810f70c422cca50ff720_mask.tiff: 429 Client Error: Too Many Requests for url: https://api.kaggle.com/v1/competitions.CompetitionApiService/DownloadDataFile

  FAIL train_label_masks/b3a2dc7547bc580c6f3923c61db42051_mask.tiff: 429 Client Error: Too Many Requests for url: https://api.kaggle.com/v1/competitions.CompetitionApiService/DownloadDataFile

  FAIL train_label_masks/b3b6e6cf4fcbf6e6b9812f6b1097d7b8_mask.tiff: 429 Client Error: Too Many Requests for url: https://api.kaggle.com/v1/competitions.CompetitionApiService/DownloadDataFile

  FAIL train_label_masks/b3bd3ff9e2f3a2d68aa60f937787726c_mask.tiff: 429 Client Error: Too Many Requests for url: https://api.kaggle.com/v1/competitions.CompetitionApiService/DownloadDataFile

  FAIL train_label_masks/b3c60fbbe0aaf63d8ca7ffd939643934_mask.tiff: 429 Client Error: Too Many Requests for url: https://api.kaggle.com/v1/competitions.CompetitionApiService/DownloadDataFile

  FAIL train_label_masks/b3c9178d328c9a8362be6b7a55614287_mask.tiff: 429 Client Error: Too Many Requests for url: https://api.kaggle.com/v1/competitions.CompetitionApiService/DownloadDataFile

  FAIL train_label_masks/b405faaaaf67c571d5d64206eb162878_mask.tiff: 429 Client Error: Too Many Requests for url: https://api.kaggle.com/v1/competitions.CompetitionApiService/DownloadDataFile

  FAIL train_label_masks/b41f0b32a816a16c397a07996a997306_mask.tiff: 429 Client Error: Too Many Requests for url: https://api.kaggle.com/v1/competitions.CompetitionApiService/DownloadDataFile

  FAIL train_label_masks/b4265cba12f772b5bb29989f775f8906_mask.tiff: 429 Client Error: Too Many Requests for url: https://api.kaggle.com/v1/competitions.CompetitionApiService/DownloadDataFile

  FAIL train_label_masks/b428c7ddb14ad3f3ca9db0d3c01e8c04_mask.tiff: 429 Client Error: Too Many Requests for url: https://api.kaggle.com/v1/competitions.CompetitionApiService/DownloadDataFile

  FAIL train_label_masks/b4320e9769062a33fd948fa2593b1417_mask.tiff: 429 Client Error: Too Many Requests for url: https://api.kaggle.com/v1/competitions.CompetitionApiService/DownloadDataFile

  FAIL train_label_masks/b4375e422395f7dfdaa2619d18929446_mask.tiff: 429 Client Error: Too Many Requests for url: https://api.kaggle.com/v1/competitions.CompetitionApiService/DownloadDataFile

  FAIL train_label_masks/b440e34f6b1bc9abd0844a7ed19a6b45_mask.tiff: 429 Client Error: Too Many Requests for url: https://api.kaggle.com/v1/competitions.CompetitionApiService/DownloadDataFile

  FAIL train_label_masks/b460d9967f78062cb285d1bf3bb62d6d_mask.tiff: 429 Client Error: Too Many Requests for url: https://api.kaggle.com/v1/competitions.CompetitionApiService/DownloadDataFile

  FAIL train_label_masks/b463add08c217ce6678245a9873e38fe_mask.tiff: 429 Client Error: Too Many Requests for url: https://api.kaggle.com/v1/competitions.CompetitionApiService/DownloadDataFile

  FAIL train_label_masks/b464d85e4e09357df39fe623cb28fd5d_mask.tiff: 429 Client Error: Too Many Requests for url: https://api.kaggle.com/v1/competitions.CompetitionApiService/DownloadDataFile

  FAIL train_label_masks/b469e5dc0fe1674e4251027393658f1e_mask.tiff: 429 Client Error: Too Many Requests for url: https://api.kaggle.com/v1/competitions.CompetitionApiService/DownloadDataFile

  FAIL train_label_masks/b470c2276d978f63d5b1c8a5a9446212_mask.tiff: 429 Client Error: Too Many Requests for url: https://api.kaggle.com/v1/competitions.CompetitionApiService/DownloadDataFile

  FAIL train_label_masks/b4806746e850d3bdeee7b7491c93dc44_mask.tiff: 429 Client Error: Too Many Requests for url: https://api.kaggle.com/v1/competitions.CompetitionApiService/DownloadDataFile

  FAIL train_label_masks/b481b56617ce096435cb591adc6dd0b9_mask.tiff: 429 Client Error: Too Many Requests for url: https://api.kaggle.com/v1/competitions.CompetitionApiService/DownloadDataFile

  FAIL train_label_masks/b48211c0c0fba52fcc8d919d03ed005b_mask.tiff: 429 Client Error: Too Many Requests for url: https://api.kaggle.com/v1/competitions.CompetitionApiService/DownloadDataFile

  FAIL train_label_masks/b48da7b81527cb6b406f2187043d9626_mask.tiff: 429 Client Error: Too Many Requests for url: https://api.kaggle.com/v1/competitions.CompetitionApiService/DownloadDataFile

  FAIL train_label_masks/b498ef879c259999363dafe50f2b7acc_mask.tiff: 429 Client Error: Too Many Requests for url: https://api.kaggle.com/v1/competitions.CompetitionApiService/DownloadDataFile

  FAIL train_label_masks/b4a11816441242128acc772adf40d612_mask.tiff: 429 Client Error: Too Many Requests for url: https://api.kaggle.com/v1/competitions.CompetitionApiService/DownloadDataFile

  FAIL train_label_masks/b4bd3a393ca7c948b7e4d9b42c697fd3_mask.tiff: 429 Client Error: Too Many Requests for url: https://api.kaggle.com/v1/competitions.CompetitionApiService/DownloadDataFile

  FAIL train_label_masks/b4bebe718759817d5cf440821cf435d7_mask.tiff: 429 Client Error: Too Many Requests for url: https://api.kaggle.com/v1/competitions.CompetitionApiService/DownloadDataFile

  FAIL train_label_masks/b4c996e7f07d1193217664a4fbbfa704_mask.tiff: 429 Client Error: Too Many Requests for url: https://api.kaggle.com/v1/competitions.CompetitionApiService/DownloadDataFile

  FAIL train_label_masks/b4cf33ec7b1e290ddd47e83a454ada12_mask.tiff: 429 Client Error: Too Many Requests for url: https://api.kaggle.com/v1/competitions.CompetitionApiService/DownloadDataFile

  FAIL train_label_masks/b4e5cfe0f1616168c2a4524202c85327_mask.tiff: 429 Client Error: Too Many Requests for url: https://api.kaggle.com/v1/competitions.CompetitionApiService/DownloadDataFile

  FAIL train_label_masks/b4ec9258133fcb21d9c99fc2ae9d134e_mask.tiff: 429 Client Error: Too Many Requests for url: https://api.kaggle.com/v1/competitions.CompetitionApiService/DownloadDataFile

  FAIL train_label_masks/b4f0d7902a6f054dd1236f880fe1b872_mask.tiff: 429 Client Error: Too Many Requests for url: https://api.kaggle.com/v1/competitions.CompetitionApiService/DownloadDataFile

  FAIL train_label_masks/b4f14cae24e001bad06e5a7e42f1002b_mask.tiff: 429 Client Error: Too Many Requests for url: https://api.kaggle.com/v1/competitions.CompetitionApiService/DownloadDataFile

  FAIL train_label_masks/b521d20219d57de33e48f6ccda6a24c8_mask.tiff: 429 Client Error: Too Many Requests for url: https://api.kaggle.com/v1/competitions.CompetitionApiService/DownloadDataFile

  FAIL train_label_masks/b5343f9567df8a68c3276f8d8cdcc6a5_mask.tiff: 429 Client Error: Too Many Requests for url: https://api.kaggle.com/v1/competitions.CompetitionApiService/DownloadDataFile

  FAIL train_label_masks/b53c1a43644615b8e537cd4ea34d12e4_mask.tiff: 429 Client Error: Too Many Requests for url: https://api.kaggle.com/v1/competitions.CompetitionApiService/DownloadDataFile

  FAIL train_label_masks/b53d843700d9665439ec8791e4024d70_mask.tiff: 429 Client Error: Too Many Requests for url: https://api.kaggle.com/v1/competitions.CompetitionApiService/DownloadDataFile

  FAIL train_label_masks/b53db1580f4195765d45ddd7c4907e2a_mask.tiff: 429 Client Error: Too Many Requests for url: https://api.kaggle.com/v1/competitions.CompetitionApiService/DownloadDataFile

  FAIL train_label_masks/b55ebab767215763af3351cde52fc402_mask.tiff: 429 Client Error: Too Many Requests for url: https://api.kaggle.com/v1/competitions.CompetitionApiService/DownloadDataFile

  FAIL train_label_masks/b570fa2d524453edf2a5e5745be06f6d_mask.tiff: 429 Client Error: Too Many Requests for url: https://api.kaggle.com/v1/competitions.CompetitionApiService/DownloadDataFile

  FAIL train_label_masks/b574135984313cd2c096ecbe6daec632_mask.tiff: 429 Client Error: Too Many Requests for url: https://api.kaggle.com/v1/competitions.CompetitionApiService/DownloadDataFile

  FAIL train_label_masks/b57e87397f4281b1d3a918c7bd2c9e3a_mask.tiff: 429 Client Error: Too Many Requests for url: https://api.kaggle.com/v1/competitions.CompetitionApiService/DownloadDataFile

  FAIL train_label_masks/b58d4168888e852385cc411b9bf9b783_mask.tiff: 429 Client Error: Too Many Requests for url: https://api.kaggle.com/v1/competitions.CompetitionApiService/DownloadDataFile

  FAIL train_label_masks/b5925cdedf4c9c40b4249a39bfbbe35a_mask.tiff: 429 Client Error: Too Many Requests for url: https://api.kaggle.com/v1/competitions.CompetitionApiService/DownloadDataFile

  FAIL train_label_masks/b5981366ea2c3b0ea604092c3ba670ab_mask.tiff: 429 Client Error: Too Many Requests for url: https://api.kaggle.com/v1/competitions.CompetitionApiService/DownloadDataFile

  FAIL train_label_masks/b5a7d649e169bf6e9c7dbbcab7354c8a_mask.tiff: 429 Client Error: Too Many Requests for url: https://api.kaggle.com/v1/competitions.CompetitionApiService/DownloadDataFile

  FAIL train_label_masks/b5ad6c0446b987d1f33df121e2512331_mask.tiff: 429 Client Error: Too Many Requests for url: https://api.kaggle.com/v1/competitions.CompetitionApiService/DownloadDataFile

  FAIL train_label_masks/b5b2f06981b22750480a201e7d3baea4_mask.tiff: 429 Client Error: Too Many Requests for url: https://api.kaggle.com/v1/competitions.CompetitionApiService/DownloadDataFile

  FAIL train_label_masks/b5dfac1df6b023764367fc8f23de24f6_mask.tiff: 429 Client Error: Too Many Requests for url: https://api.kaggle.com/v1/competitions.CompetitionApiService/DownloadDataFile

  FAIL train_label_masks/b5fb7cc092dd1e0eefe0ff7d11b9e139_mask.tiff: 429 Client Error: Too Many Requests for url: https://api.kaggle.com/v1/competitions.CompetitionApiService/DownloadDataFile

  FAIL train_label_masks/b600f26e7bc2daf1917e4078496d37ac_mask.tiff: 429 Client Error: Too Many Requests for url: https://api.kaggle.com/v1/competitions.CompetitionApiService/DownloadDataFile

  FAIL train_label_masks/b604630290e6316c1cbc586733ed08c1_mask.tiff: 429 Client Error: Too Many Requests for url: https://api.kaggle.com/v1/competitions.CompetitionApiService/DownloadDataFile

  FAIL train_label_masks/b6084b84b97f67f4bd6adbf1fb74f2d2_mask.tiff: 429 Client Error: Too Many Requests for url: https://api.kaggle.com/v1/competitions.CompetitionApiService/DownloadDataFile

  FAIL train_label_masks/b61a1c350af793cba5f2e936ed314627_mask.tiff: 429 Client Error: Too Many Requests for url: https://api.kaggle.com/v1/competitions.CompetitionApiService/DownloadDataFile

  FAIL train_label_masks/b63cd7e9557adcd7ad081fd8bd069539_mask.tiff: 429 Client Error: Too Many Requests for url: https://api.kaggle.com/v1/competitions.CompetitionApiService/DownloadDataFile

  FAIL train_label_masks/b641f33ff342b590cf61baeea481716a_mask.tiff: 429 Client Error: Too Many Requests for url: https://api.kaggle.com/v1/competitions.CompetitionApiService/DownloadDataFile

  FAIL train_label_masks/b643e2b264348f36e8dfff03d78d193f_mask.tiff: 429 Client Error: Too Many Requests for url: https://api.kaggle.com/v1/competitions.CompetitionApiService/DownloadDataFile

  FAIL train_label_masks/b648dd9ceb6d90df1768261a382ec687_mask.tiff: 429 Client Error: Too Many Requests for url: https://api.kaggle.com/v1/competitions.CompetitionApiService/DownloadDataFile

  FAIL train_label_masks/b64b0fc3bbfde95fb265773a61962813_mask.tiff: 429 Client Error: Too Many Requests for url: https://api.kaggle.com/v1/competitions.CompetitionApiService/DownloadDataFile

  FAIL train_label_masks/b65129204d2b429ad4612276e2d2dd84_mask.tiff: 429 Client Error: Too Many Requests for url: https://api.kaggle.com/v1/competitions.CompetitionApiService/DownloadDataFile

  FAIL train_label_masks/b65538bb9960f77e666ad4a6dcb6a77e_mask.tiff: 429 Client Error: Too Many Requests for url: https://api.kaggle.com/v1/competitions.CompetitionApiService/DownloadDataFile

  FAIL train_label_masks/b673c0657c283f76f9020350bba98614_mask.tiff: 429 Client Error: Too Many Requests for url: https://api.kaggle.com/v1/competitions.CompetitionApiService/DownloadDataFile

  FAIL train_label_masks/b6755c19d24b7d3f8e0074c3ba9d32ba_mask.tiff: 429 Client Error: Too Many Requests for url: https://api.kaggle.com/v1/competitions.CompetitionApiService/DownloadDataFile

  FAIL train_label_masks/b677231c72557e88e600d142bd41649a_mask.tiff: 429 Client Error: Too Many Requests for url: https://api.kaggle.com/v1/competitions.CompetitionApiService/DownloadDataFile

  FAIL train_label_masks/b68551866ec91a3417b5c51a82f807bb_mask.tiff: 429 Client Error: Too Many Requests for url: https://api.kaggle.com/v1/competitions.CompetitionApiService/DownloadDataFile

  FAIL train_label_masks/b69f37414ea0d604250324f8bd0e10ec_mask.tiff: 429 Client Error: Too Many Requests for url: https://api.kaggle.com/v1/competitions.CompetitionApiService/DownloadDataFile

  FAIL train_label_masks/b6b310cbbe944d7bbe95811a2a6178ae_mask.tiff: 429 Client Error: Too Many Requests for url: https://api.kaggle.com/v1/competitions.CompetitionApiService/DownloadDataFile

  FAIL train_label_masks/b6b7accb239bacc0e3a8455acf3833fd_mask.tiff: 429 Client Error: Too Many Requests for url: https://api.kaggle.com/v1/competitions.CompetitionApiService/DownloadDataFile

  FAIL train_label_masks/b6bd9248ed2b894808d5a922f8c32d9f_mask.tiff: 429 Client Error: Too Many Requests for url: https://api.kaggle.com/v1/competitions.CompetitionApiService/DownloadDataFile

  FAIL train_label_masks/b6cffe7fcd24b70b911495e4120e6d84_mask.tiff: 429 Client Error: Too Many Requests for url: https://api.kaggle.com/v1/competitions.CompetitionApiService/DownloadDataFile

  FAIL train_label_masks/b6d692b8d90c1bd9273bc36690796a8e_mask.tiff: 429 Client Error: Too Many Requests for url: https://api.kaggle.com/v1/competitions.CompetitionApiService/DownloadDataFile

  FAIL train_label_masks/b6d811787ee589d5c13dfd8f3aa893f4_mask.tiff: 429 Client Error: Too Many Requests for url: https://api.kaggle.com/v1/competitions.CompetitionApiService/DownloadDataFile

  FAIL train_label_masks/b6ded09044a0e4415d7c2424f3597e3e_mask.tiff: 429 Client Error: Too Many Requests for url: https://api.kaggle.com/v1/competitions.CompetitionApiService/DownloadDataFile

  FAIL train_label_masks/b6f1c3c748055235a8130ee71f4d3efa_mask.tiff: 429 Client Error: Too Many Requests for url: https://api.kaggle.com/v1/competitions.CompetitionApiService/DownloadDataFile

  FAIL train_label_masks/b6f6624565452fa6d2ca4edb00db4204_mask.tiff: 429 Client Error: Too Many Requests for url: https://api.kaggle.com/v1/competitions.CompetitionApiService/DownloadDataFile

  FAIL train_label_masks/b6f90e7ab21daafd78c0c8f8d6370afa_mask.tiff: 429 Client Error: Too Many Requests for url: https://api.kaggle.com/v1/competitions.CompetitionApiService/DownloadDataFile

  FAIL train_label_masks/b70651a991d293e0fa741ebb1754e15e_mask.tiff: 429 Client Error: Too Many Requests for url: https://api.kaggle.com/v1/competitions.CompetitionApiService/DownloadDataFile

  FAIL train_label_masks/b7131510648c471e74823eced92cf622_mask.tiff: 429 Client Error: Too Many Requests for url: https://api.kaggle.com/v1/competitions.CompetitionApiService/DownloadDataFile

  FAIL train_label_masks/b7295985832c4130a410a77f37061107_mask.tiff: 429 Client Error: Too Many Requests for url: https://api.kaggle.com/v1/competitions.CompetitionApiService/DownloadDataFile

  FAIL train_label_masks/b7376a7ff7ba49a02361e8a6db3ec5b0_mask.tiff: 429 Client Error: Too Many Requests for url: https://api.kaggle.com/v1/competitions.CompetitionApiService/DownloadDataFile

  FAIL train_label_masks/b73bbfdac8fa640a792316345615b313_mask.tiff: 429 Client Error: Too Many Requests for url: https://api.kaggle.com/v1/competitions.CompetitionApiService/DownloadDataFile

  FAIL train_label_masks/b74de57b5c614e1a1bbd5475c5fdff3a_mask.tiff: 429 Client Error: Too Many Requests for url: https://api.kaggle.com/v1/competitions.CompetitionApiService/DownloadDataFile

  FAIL train_label_masks/b74f213d6ea14c190b0f65a953d662dd_mask.tiff: 429 Client Error: Too Many Requests for url: https://api.kaggle.com/v1/competitions.CompetitionApiService/DownloadDataFile

  FAIL train_label_masks/b7540ad7f233e9c19a6cb083945072fd_mask.tiff: 429 Client Error: Too Many Requests for url: https://api.kaggle.com/v1/competitions.CompetitionApiService/DownloadDataFile

  FAIL train_label_masks/b75dff02d2f6c823b0a475ce346be0fb_mask.tiff: 429 Client Error: Too Many Requests for url: https://api.kaggle.com/v1/competitions.CompetitionApiService/DownloadDataFile

  FAIL train_label_masks/b76e81e3f3d4feae50c826b07a7a919f_mask.tiff: 429 Client Error: Too Many Requests for url: https://api.kaggle.com/v1/competitions.CompetitionApiService/DownloadDataFile

  FAIL train_label_masks/b770d7a72514c3f30684c4e632580b6e_mask.tiff: 429 Client Error: Too Many Requests for url: https://api.kaggle.com/v1/competitions.CompetitionApiService/DownloadDataFile

  FAIL train_label_masks/b77a9076b560f05dec87198633e8e00b_mask.tiff: 429 Client Error: Too Many Requests for url: https://api.kaggle.com/v1/competitions.CompetitionApiService/DownloadDataFile

  FAIL train_label_masks/b788300a50ab73f893b63ce6a9c08f9d_mask.tiff: 429 Client Error: Too Many Requests for url: https://api.kaggle.com/v1/competitions.CompetitionApiService/DownloadDataFile

  FAIL train_label_masks/b790c95b8efb85a4e600533cf0444937_mask.tiff: 429 Client Error: Too Many Requests for url: https://api.kaggle.com/v1/competitions.CompetitionApiService/DownloadDataFile

  FAIL train_label_masks/b7932b71e15722e1908ad98af13d50fb_mask.tiff: 429 Client Error: Too Many Requests for url: https://api.kaggle.com/v1/competitions.CompetitionApiService/DownloadDataFile

  FAIL train_label_masks/b79a6f8a47e79bfc1dabc48c37d54464_mask.tiff: 429 Client Error: Too Many Requests for url: https://api.kaggle.com/v1/competitions.CompetitionApiService/DownloadDataFile

  FAIL train_label_masks/b800f38e7f2bb9751e332a03e92d2a1f_mask.tiff: 429 Client Error: Too Many Requests for url: https://api.kaggle.com/v1/competitions.CompetitionApiService/DownloadDataFile

  FAIL train_label_masks/b801c926e3101268f1b816bd658bcc2f_mask.tiff: 429 Client Error: Too Many Requests for url: https://api.kaggle.com/v1/competitions.CompetitionApiService/DownloadDataFile

  FAIL train_label_masks/b80e06d0a89a7b417b648fc8056b4442_mask.tiff: 429 Client Error: Too Many Requests for url: https://api.kaggle.com/v1/competitions.CompetitionApiService/DownloadDataFile

  FAIL train_label_masks/b81f068ea8c90ec259cf9212bbc24c22_mask.tiff: 429 Client Error: Too Many Requests for url: https://api.kaggle.com/v1/competitions.CompetitionApiService/DownloadDataFile

  FAIL train_label_masks/b828e67db7b84d0d18b5498c8c185874_mask.tiff: 429 Client Error: Too Many Requests for url: https://api.kaggle.com/v1/competitions.CompetitionApiService/DownloadDataFile

  FAIL train_label_masks/b82ed1b48b3493902aa7f60e8fd6e795_mask.tiff: 429 Client Error: Too Many Requests for url: https://api.kaggle.com/v1/competitions.CompetitionApiService/DownloadDataFile

  FAIL train_label_masks/b85c0e9e08d5b97d232f295fffe7f5a9_mask.tiff: 429 Client Error: Too Many Requests for url: https://api.kaggle.com/v1/competitions.CompetitionApiService/DownloadDataFile

  FAIL train_label_masks/b87d20bcf0c7492853ca6cd000e39666_mask.tiff: 429 Client Error: Too Many Requests for url: https://api.kaggle.com/v1/competitions.CompetitionApiService/DownloadDataFile

  FAIL train_label_masks/b87f6437fa78d839439ac3052ae57ac2_mask.tiff: 429 Client Error: Too Many Requests for url: https://api.kaggle.com/v1/competitions.CompetitionApiService/DownloadDataFile

  FAIL train_label_masks/b88c51aa5a61b5d36c12dd91f7b8fba8_mask.tiff: 429 Client Error: Too Many Requests for url: https://api.kaggle.com/v1/competitions.CompetitionApiService/DownloadDataFile

  FAIL train_label_masks/b896a5ef96069f889c0e72c59e48b917_mask.tiff: 429 Client Error: Too Many Requests for url: https://api.kaggle.com/v1/competitions.CompetitionApiService/DownloadDataFile

  FAIL train_label_masks/b8a598ecf3d3351a07ef690f0336b8a3_mask.tiff: 429 Client Error: Too Many Requests for url: https://api.kaggle.com/v1/competitions.CompetitionApiService/DownloadDataFile

  FAIL train_label_masks/b8affdee909004e05802b957c7d6e61c_mask.tiff: 429 Client Error: Too Many Requests for url: https://api.kaggle.com/v1/competitions.CompetitionApiService/DownloadDataFile

  FAIL train_label_masks/b8b2b97c2b6b1cb436a57dcefca7f78e_mask.tiff: 429 Client Error: Too Many Requests for url: https://api.kaggle.com/v1/competitions.CompetitionApiService/DownloadDataFile

  FAIL train_label_masks/b8b631f236cb607964c258ceac5eb0bb_mask.tiff: 429 Client Error: Too Many Requests for url: https://api.kaggle.com/v1/competitions.CompetitionApiService/DownloadDataFile

  FAIL train_label_masks/b8c6eb182fab355d181d222b34ae9dc1_mask.tiff: 429 Client Error: Too Many Requests for url: https://api.kaggle.com/v1/competitions.CompetitionApiService/DownloadDataFile

  FAIL train_label_masks/b8e52f4258cf7d069e9c5c2698e44e3e_mask.tiff: 429 Client Error: Too Many Requests for url: https://api.kaggle.com/v1/competitions.CompetitionApiService/DownloadDataFile

  FAIL train_label_masks/b8e6ad3dfea934569a772b61c88202da_mask.tiff: 429 Client Error: Too Many Requests for url: https://api.kaggle.com/v1/competitions.CompetitionApiService/DownloadDataFile

  FAIL train_label_masks/b8ec9675d05cc0c83f4b1060d5a71cc5_mask.tiff: 429 Client Error: Too Many Requests for url: https://api.kaggle.com/v1/competitions.CompetitionApiService/DownloadDataFile

  FAIL train_label_masks/b8f511d4afc6bed859861487f76a14d0_mask.tiff: 429 Client Error: Too Many Requests for url: https://api.kaggle.com/v1/competitions.CompetitionApiService/DownloadDataFile

  FAIL train_label_masks/b9008f036f702db353bf6e77470b1b05_mask.tiff: 429 Client Error: Too Many Requests for url: https://api.kaggle.com/v1/competitions.CompetitionApiService/DownloadDataFile

  FAIL train_label_masks/b912445f14c14f0583f573db5be18d7a_mask.tiff: 429 Client Error: Too Many Requests for url: https://api.kaggle.com/v1/competitions.CompetitionApiService/DownloadDataFile

  FAIL train_label_masks/b9402571270ab62c1e0a690fd33fc9e6_mask.tiff: 429 Client Error: Too Many Requests for url: https://api.kaggle.com/v1/competitions.CompetitionApiService/DownloadDataFile

  FAIL train_label_masks/b9445f54b56479caf17cc14534d4ff79_mask.tiff: 429 Client Error: Too Many Requests for url: https://api.kaggle.com/v1/competitions.CompetitionApiService/DownloadDataFile

  FAIL train_label_masks/b95035c00e6e99f3b4e3cd210700f6ce_mask.tiff: 429 Client Error: Too Many Requests for url: https://api.kaggle.com/v1/competitions.CompetitionApiService/DownloadDataFile

  FAIL train_label_masks/b96adba102a845d3fd6445ea5d7017bb_mask.tiff: 429 Client Error: Too Many Requests for url: https://api.kaggle.com/v1/competitions.CompetitionApiService/DownloadDataFile

  FAIL train_label_masks/b975fb616a704b596fd49c6ffce543a9_mask.tiff: 429 Client Error: Too Many Requests for url: https://api.kaggle.com/v1/competitions.CompetitionApiService/DownloadDataFile

  FAIL train_label_masks/b97714e3e07e57a9bfc005fc830a1723_mask.tiff: 429 Client Error: Too Many Requests for url: https://api.kaggle.com/v1/competitions.CompetitionApiService/DownloadDataFile

  FAIL train_label_masks/b9967e5cb3505cda331d9ab422127d51_mask.tiff: 429 Client Error: Too Many Requests for url: https://api.kaggle.com/v1/competitions.CompetitionApiService/DownloadDataFile

  FAIL train_label_masks/b99ca5db00eca6566d106abce9cba70c_mask.tiff: 429 Client Error: Too Many Requests for url: https://api.kaggle.com/v1/competitions.CompetitionApiService/DownloadDataFile

  FAIL train_label_masks/b9af529d72fbbca473b126588296c1e5_mask.tiff: 429 Client Error: Too Many Requests for url: https://api.kaggle.com/v1/competitions.CompetitionApiService/DownloadDataFile

  FAIL train_label_masks/b9c08ad54a17440c8901a5d5516a53c6_mask.tiff: 429 Client Error: Too Many Requests for url: https://api.kaggle.com/v1/competitions.CompetitionApiService/DownloadDataFile

  FAIL train_label_masks/b9d2a95c3c0787c9faa9901d5b86c5a1_mask.tiff: 429 Client Error: Too Many Requests for url: https://api.kaggle.com/v1/competitions.CompetitionApiService/DownloadDataFile

  FAIL train_label_masks/b9ddd69769597b7910120d47e6a93f06_mask.tiff: 429 Client Error: Too Many Requests for url: https://api.kaggle.com/v1/competitions.CompetitionApiService/DownloadDataFile

  FAIL train_label_masks/b9f40a94c801f5b9b958da3e4e270975_mask.tiff: 429 Client Error: Too Many Requests for url: https://api.kaggle.com/v1/competitions.CompetitionApiService/DownloadDataFile

  FAIL train_label_masks/b9f5c7310c0c300f7a116a6fabfbdebc_mask.tiff: 429 Client Error: Too Many Requests for url: https://api.kaggle.com/v1/competitions.CompetitionApiService/DownloadDataFile

  FAIL train_label_masks/b9f7b1047221dedd4fec6977eca016ec_mask.tiff: 429 Client Error: Too Many Requests for url: https://api.kaggle.com/v1/competitions.CompetitionApiService/DownloadDataFile

  FAIL train_label_masks/ba07ed13e035af4f49a9d6830685024c_mask.tiff: 429 Client Error: Too Many Requests for url: https://api.kaggle.com/v1/competitions.CompetitionApiService/DownloadDataFile

  FAIL train_label_masks/ba4a1e8412d6376304ae051d32184ce6_mask.tiff: 429 Client Error: Too Many Requests for url: https://api.kaggle.com/v1/competitions.CompetitionApiService/DownloadDataFile

  FAIL train_label_masks/ba4a7100888e96520a047cbd8f889371_mask.tiff: 429 Client Error: Too Many Requests for url: https://api.kaggle.com/v1/competitions.CompetitionApiService/DownloadDataFile

  FAIL train_label_masks/ba57c9eb0628f28c35722f0ebef5b620_mask.tiff: 429 Client Error: Too Many Requests for url: https://api.kaggle.com/v1/competitions.CompetitionApiService/DownloadDataFile

  FAIL train_label_masks/ba63dbc59e855af29d4ebab53063d296_mask.tiff: 429 Client Error: Too Many Requests for url: https://api.kaggle.com/v1/competitions.CompetitionApiService/DownloadDataFile

  FAIL train_label_masks/ba688af0eaf8cb53ccca7ee628a4691a_mask.tiff: 429 Client Error: Too Many Requests for url: https://api.kaggle.com/v1/competitions.CompetitionApiService/DownloadDataFile

  FAIL train_label_masks/ba79259f809a3397afb951e3f604bd90_mask.tiff: 429 Client Error: Too Many Requests for url: https://api.kaggle.com/v1/competitions.CompetitionApiService/DownloadDataFile

  FAIL train_label_masks/ba7b108db53cff0e6e5f04a51e11bac8_mask.tiff: 429 Client Error: Too Many Requests for url: https://api.kaggle.com/v1/competitions.CompetitionApiService/DownloadDataFile

  FAIL train_label_masks/ba7eaa33d6aca6ec1ce59e741e922664_mask.tiff: 429 Client Error: Too Many Requests for url: https://api.kaggle.com/v1/competitions.CompetitionApiService/DownloadDataFile

  FAIL train_label_masks/ba8d55330e6d36ab991e3bf8e4e489b2_mask.tiff: 429 Client Error: Too Many Requests for url: https://api.kaggle.com/v1/competitions.CompetitionApiService/DownloadDataFile

  FAIL train_label_masks/ba8e50f3e374a63eae8af2f9d9a7acb0_mask.tiff: 429 Client Error: Too Many Requests for url: https://api.kaggle.com/v1/competitions.CompetitionApiService/DownloadDataFile

  FAIL train_label_masks/ba90d2787827da36ae89c1512c8d5523_mask.tiff: 429 Client Error: Too Many Requests for url: https://api.kaggle.com/v1/competitions.CompetitionApiService/DownloadDataFile

  FAIL train_label_masks/ba99968b0499b6e2dca442a101a2259c_mask.tiff: 429 Client Error: Too Many Requests for url: https://api.kaggle.com/v1/competitions.CompetitionApiService/DownloadDataFile

  FAIL train_label_masks/baa52ab819b61626c7ca027dfca5bf31_mask.tiff: 429 Client Error: Too Many Requests for url: https://api.kaggle.com/v1/competitions.CompetitionApiService/DownloadDataFile

  FAIL train_label_masks/baae8c3655a07ca543a7baa09b29bb52_mask.tiff: 429 Client Error: Too Many Requests for url: https://api.kaggle.com/v1/competitions.CompetitionApiService/DownloadDataFile

  FAIL train_label_masks/bacad594d4d9ad882eda3a6738326d52_mask.tiff: 429 Client Error: Too Many Requests for url: https://api.kaggle.com/v1/competitions.CompetitionApiService/DownloadDataFile

  FAIL train_label_masks/bad219691caef5dabf2c41f8a9f531a9_mask.tiff: 429 Client Error: Too Many Requests for url: https://api.kaggle.com/v1/competitions.CompetitionApiService/DownloadDataFile

  FAIL train_label_masks/badbaf5d20db12b65b518ca473bfd12e_mask.tiff: 429 Client Error: Too Many Requests for url: https://api.kaggle.com/v1/competitions.CompetitionApiService/DownloadDataFile

  FAIL train_label_masks/bade12795492d77cea24cac88d383e39_mask.tiff: 429 Client Error: Too Many Requests for url: https://api.kaggle.com/v1/competitions.CompetitionApiService/DownloadDataFile

  FAIL train_label_masks/bae0ff238ba5e0f675f06a72a383bcd6_mask.tiff: 429 Client Error: Too Many Requests for url: https://api.kaggle.com/v1/competitions.CompetitionApiService/DownloadDataFile

  FAIL train_label_masks/bae29f6c79dd4b58689b3d7351a1da09_mask.tiff: 429 Client Error: Too Many Requests for url: https://api.kaggle.com/v1/competitions.CompetitionApiService/DownloadDataFile

  FAIL train_label_masks/bae54bf652188fba59938ca5822b096d_mask.tiff: 429 Client Error: Too Many Requests for url: https://api.kaggle.com/v1/competitions.CompetitionApiService/DownloadDataFile

  FAIL train_label_masks/bafd1d2508efae102d22e55633e9891f_mask.tiff: 429 Client Error: Too Many Requests for url: https://api.kaggle.com/v1/competitions.CompetitionApiService/DownloadDataFile

  FAIL train_label_masks/bafd986d05ece7f6ac85544866c21877_mask.tiff: 429 Client Error: Too Many Requests for url: https://api.kaggle.com/v1/competitions.CompetitionApiService/DownloadDataFile

  FAIL train_label_masks/bb0dfd783c80c4485da90113a01ea8ae_mask.tiff: 429 Client Error: Too Many Requests for url: https://api.kaggle.com/v1/competitions.CompetitionApiService/DownloadDataFile

  FAIL train_label_masks/bb11bbc200cb4a84814ddc37a78eeb98_mask.tiff: 429 Client Error: Too Many Requests for url: https://api.kaggle.com/v1/competitions.CompetitionApiService/DownloadDataFile

  FAIL train_label_masks/bb25d84b4c461fad076a63b4a048c811_mask.tiff: 429 Client Error: Too Many Requests for url: https://api.kaggle.com/v1/competitions.CompetitionApiService/DownloadDataFile

  FAIL train_label_masks/bb2ab3d537fc2ff5eda009019226c37b_mask.tiff: 429 Client Error: Too Many Requests for url: https://api.kaggle.com/v1/competitions.CompetitionApiService/DownloadDataFile

  FAIL train_label_masks/bb2def1b86b5ea93316769e51f0facde_mask.tiff: 429 Client Error: Too Many Requests for url: https://api.kaggle.com/v1/competitions.CompetitionApiService/DownloadDataFile

  FAIL train_label_masks/bb2fb7ab470f27bfd02dd9a42b6c5255_mask.tiff: 429 Client Error: Too Many Requests for url: https://api.kaggle.com/v1/competitions.CompetitionApiService/DownloadDataFile

  FAIL train_label_masks/bb3a7b890dcf2383df0b8c6636100512_mask.tiff: 429 Client Error: Too Many Requests for url: https://api.kaggle.com/v1/competitions.CompetitionApiService/DownloadDataFile

  FAIL train_label_masks/bb492e6591b672120e827dfd3f6be873_mask.tiff: 429 Client Error: Too Many Requests for url: https://api.kaggle.com/v1/competitions.CompetitionApiService/DownloadDataFile

  FAIL train_label_masks/bb575d53749fe2b8cb9ef5381d968808_mask.tiff: 429 Client Error: Too Many Requests for url: https://api.kaggle.com/v1/competitions.CompetitionApiService/DownloadDataFile

  FAIL train_label_masks/bb66f91b996df6a4a78aa9b7f3ea844b_mask.tiff: 429 Client Error: Too Many Requests for url: https://api.kaggle.com/v1/competitions.CompetitionApiService/DownloadDataFile

  FAIL train_label_masks/bb6a5808a184427408654f15790faf50_mask.tiff: 429 Client Error: Too Many Requests for url: https://api.kaggle.com/v1/competitions.CompetitionApiService/DownloadDataFile

  FAIL train_label_masks/bb89e53032c071629bee7a4ab2271519_mask.tiff: 429 Client Error: Too Many Requests for url: https://api.kaggle.com/v1/competitions.CompetitionApiService/DownloadDataFile

  FAIL train_label_masks/bb8c26c5d0ec96b601d3ac2bd4fb2283_mask.tiff: 429 Client Error: Too Many Requests for url: https://api.kaggle.com/v1/competitions.CompetitionApiService/DownloadDataFile

  FAIL train_label_masks/bb96341b3835968d02a0d02ff4def303_mask.tiff: 429 Client Error: Too Many Requests for url: https://api.kaggle.com/v1/competitions.CompetitionApiService/DownloadDataFile

  FAIL train_label_masks/bba3d3535ac1643bc9bb0bb1ca657b7d_mask.tiff: 429 Client Error: Too Many Requests for url: https://api.kaggle.com/v1/competitions.CompetitionApiService/DownloadDataFile

  FAIL train_label_masks/bbab8ff4a3f62c8d5355bb2d5ab8ed51_mask.tiff: 429 Client Error: Too Many Requests for url: https://api.kaggle.com/v1/competitions.CompetitionApiService/DownloadDataFile

  FAIL train_label_masks/bbb2cb27e4dde35199f7bf86bd845018_mask.tiff: 429 Client Error: Too Many Requests for url: https://api.kaggle.com/v1/competitions.CompetitionApiService/DownloadDataFile

  FAIL train_label_masks/bbbe47a9dda0f30ae9d6457531b84ffa_mask.tiff: 429 Client Error: Too Many Requests for url: https://api.kaggle.com/v1/competitions.CompetitionApiService/DownloadDataFile

  FAIL train_label_masks/bbc3af10b2b28e237b786efa802e226f_mask.tiff: 429 Client Error: Too Many Requests for url: https://api.kaggle.com/v1/competitions.CompetitionApiService/DownloadDataFile

  FAIL train_label_masks/bbcd685ce62f785a441a2c8246fa93a6_mask.tiff: 429 Client Error: Too Many Requests for url: https://api.kaggle.com/v1/competitions.CompetitionApiService/DownloadDataFile

  FAIL train_label_masks/bbde3819952e358ed7c67acd1cd4516e_mask.tiff: 429 Client Error: Too Many Requests for url: https://api.kaggle.com/v1/competitions.CompetitionApiService/DownloadDataFile

  FAIL train_label_masks/bc11ea87ebca072c04df741c44aeafb6_mask.tiff: 429 Client Error: Too Many Requests for url: https://api.kaggle.com/v1/competitions.CompetitionApiService/DownloadDataFile

  FAIL train_label_masks/bc1cf017913e28ca316244b52d1fc59d_mask.tiff: 429 Client Error: Too Many Requests for url: https://api.kaggle.com/v1/competitions.CompetitionApiService/DownloadDataFile

  FAIL train_label_masks/bc2518ea5985260ea91f96e2db178b5f_mask.tiff: 429 Client Error: Too Many Requests for url: https://api.kaggle.com/v1/competitions.CompetitionApiService/DownloadDataFile

  FAIL train_label_masks/bc3ea73616f606f303527da9e52796c8_mask.tiff: 429 Client Error: Too Many Requests for url: https://api.kaggle.com/v1/competitions.CompetitionApiService/DownloadDataFile

  FAIL train_label_masks/bc4305fd88503b73edcecdffeef190fa_mask.tiff: 429 Client Error: Too Many Requests for url: https://api.kaggle.com/v1/competitions.CompetitionApiService/DownloadDataFile

  FAIL train_label_masks/bc57d58be4d2adc326b4dd33e892d143_mask.tiff: 429 Client Error: Too Many Requests for url: https://api.kaggle.com/v1/competitions.CompetitionApiService/DownloadDataFile

  FAIL train_label_masks/bc6573ad91d8e29926a09ffdd0a14be5_mask.tiff: 429 Client Error: Too Many Requests for url: https://api.kaggle.com/v1/competitions.CompetitionApiService/DownloadDataFile

  FAIL train_label_masks/bc79710a91205883cbaf384d689b87d7_mask.tiff: 429 Client Error: Too Many Requests for url: https://api.kaggle.com/v1/competitions.CompetitionApiService/DownloadDataFile

  FAIL train_label_masks/bc8042b8de3ce084219ac65217fc9e0a_mask.tiff: 429 Client Error: Too Many Requests for url: https://api.kaggle.com/v1/competitions.CompetitionApiService/DownloadDataFile

  FAIL train_label_masks/bc8ca8636656c10658685c587f893dea_mask.tiff: 429 Client Error: Too Many Requests for url: https://api.kaggle.com/v1/competitions.CompetitionApiService/DownloadDataFile

  FAIL train_label_masks/bc93d165d96e4fa4883f130b3f7b9885_mask.tiff: 429 Client Error: Too Many Requests for url: https://api.kaggle.com/v1/competitions.CompetitionApiService/DownloadDataFile

  FAIL train_label_masks/bc9c6686eeb1ee886d3b461b2f584760_mask.tiff: 429 Client Error: Too Many Requests for url: https://api.kaggle.com/v1/competitions.CompetitionApiService/DownloadDataFile

  FAIL train_label_masks/bca42350673fb369f1fdbb6918bff701_mask.tiff: 429 Client Error: Too Many Requests for url: https://api.kaggle.com/v1/competitions.CompetitionApiService/DownloadDataFile

  FAIL train_label_masks/bcadcbc70af9a0f20cdbfcb2e6689b6c_mask.tiff: 429 Client Error: Too Many Requests for url: https://api.kaggle.com/v1/competitions.CompetitionApiService/DownloadDataFile

  FAIL train_label_masks/bcaf9c8890c50757bd3624d5bd39c270_mask.tiff: 429 Client Error: Too Many Requests for url: https://api.kaggle.com/v1/competitions.CompetitionApiService/DownloadDataFile

  FAIL train_label_masks/bcc84573e785de42d7af076ae2b30479_mask.tiff: 429 Client Error: Too Many Requests for url: https://api.kaggle.com/v1/competitions.CompetitionApiService/DownloadDataFile

  FAIL train_label_masks/bce6156cc1e42f3c62b14d424664c974_mask.tiff: 429 Client Error: Too Many Requests for url: https://api.kaggle.com/v1/competitions.CompetitionApiService/DownloadDataFile

  FAIL train_label_masks/bcfa17affb4e89ebd01a97c580ed4cdd_mask.tiff: 429 Client Error: Too Many Requests for url: https://api.kaggle.com/v1/competitions.CompetitionApiService/DownloadDataFile

  FAIL train_label_masks/bd044fc0a6c80e3f94bdbefb3d36cdff_mask.tiff: 429 Client Error: Too Many Requests for url: https://api.kaggle.com/v1/competitions.CompetitionApiService/DownloadDataFile

  FAIL train_label_masks/bd1a900e27cf317aa19176446e05df47_mask.tiff: 429 Client Error: Too Many Requests for url: https://api.kaggle.com/v1/competitions.CompetitionApiService/DownloadDataFile

  FAIL train_label_masks/bd2272491323c5b546c210316e6209b5_mask.tiff: 429 Client Error: Too Many Requests for url: https://api.kaggle.com/v1/competitions.CompetitionApiService/DownloadDataFile

  FAIL train_label_masks/bd27ef7b7228054c910c8622a54d9906_mask.tiff: 429 Client Error: Too Many Requests for url: https://api.kaggle.com/v1/competitions.CompetitionApiService/DownloadDataFile

  FAIL train_label_masks/bd2e601260328eb00f086c777d514bf2_mask.tiff: 429 Client Error: Too Many Requests for url: https://api.kaggle.com/v1/competitions.CompetitionApiService/DownloadDataFile

  FAIL train_label_masks/bd31a494912d04160fec50b16a4d330f_mask.tiff: 429 Client Error: Too Many Requests for url: https://api.kaggle.com/v1/competitions.CompetitionApiService/DownloadDataFile

  FAIL train_label_masks/bd3d353c7d62399239bbf5ecd28f729b_mask.tiff: 429 Client Error: Too Many Requests for url: https://api.kaggle.com/v1/competitions.CompetitionApiService/DownloadDataFile

  FAIL train_label_masks/bd465b5e566f6336037c548644e11e16_mask.tiff: 429 Client Error: Too Many Requests for url: https://api.kaggle.com/v1/competitions.CompetitionApiService/DownloadDataFile

  FAIL train_label_masks/bd4b881106dd6a8658ee1e9afdb1844f_mask.tiff: 429 Client Error: Too Many Requests for url: https://api.kaggle.com/v1/competitions.CompetitionApiService/DownloadDataFile

  FAIL train_label_masks/bd525e9a428797c9afb48a9ffdbe5160_mask.tiff: 429 Client Error: Too Many Requests for url: https://api.kaggle.com/v1/competitions.CompetitionApiService/DownloadDataFile

  FAIL train_label_masks/bd66532ff52dbf34da3607b05a1d8658_mask.tiff: 429 Client Error: Too Many Requests for url: https://api.kaggle.com/v1/competitions.CompetitionApiService/DownloadDataFile

  FAIL train_label_masks/bd6a39de18227e44730c228369cea0f4_mask.tiff: 429 Client Error: Too Many Requests for url: https://api.kaggle.com/v1/competitions.CompetitionApiService/DownloadDataFile

  FAIL train_label_masks/bd6c97b7f40595c43cc6a609f03a442b_mask.tiff: 429 Client Error: Too Many Requests for url: https://api.kaggle.com/v1/competitions.CompetitionApiService/DownloadDataFile

  FAIL train_label_masks/bd794a0fe18a2b0705a024096c77bac6_mask.tiff: 429 Client Error: Too Many Requests for url: https://api.kaggle.com/v1/competitions.CompetitionApiService/DownloadDataFile

  FAIL train_label_masks/bd7b04d0b48b5fc9d004e93b536f72aa_mask.tiff: 429 Client Error: Too Many Requests for url: https://api.kaggle.com/v1/competitions.CompetitionApiService/DownloadDataFile

  FAIL train_label_masks/bd8574cd5bcbedb9213ca45e8beb7561_mask.tiff: 429 Client Error: Too Many Requests for url: https://api.kaggle.com/v1/competitions.CompetitionApiService/DownloadDataFile

  FAIL train_label_masks/bd86f3cec249d54cd3bd64763da8612b_mask.tiff: 429 Client Error: Too Many Requests for url: https://api.kaggle.com/v1/competitions.CompetitionApiService/DownloadDataFile

  FAIL train_label_masks/bd9022853225c1e8a46bc9eca27533f0_mask.tiff: 429 Client Error: Too Many Requests for url: https://api.kaggle.com/v1/competitions.CompetitionApiService/DownloadDataFile

  FAIL train_label_masks/bd95b9c20d2a8dd686fb0f64432aa82f_mask.tiff: 429 Client Error: Too Many Requests for url: https://api.kaggle.com/v1/competitions.CompetitionApiService/DownloadDataFile

  FAIL train_label_masks/bd9f6b90049d6a63c66147e140bbc9eb_mask.tiff: 429 Client Error: Too Many Requests for url: https://api.kaggle.com/v1/competitions.CompetitionApiService/DownloadDataFile

  FAIL train_label_masks/bda25c48ac8086cccbf2397e13166046_mask.tiff: 429 Client Error: Too Many Requests for url: https://api.kaggle.com/v1/competitions.CompetitionApiService/DownloadDataFile

  FAIL train_label_masks/bdae289bd86165f1bcce2bd2afeb136e_mask.tiff: 429 Client Error: Too Many Requests for url: https://api.kaggle.com/v1/competitions.CompetitionApiService/DownloadDataFile

  FAIL train_label_masks/bdcf536c984be757589271cd6a80066e_mask.tiff: 429 Client Error: Too Many Requests for url: https://api.kaggle.com/v1/competitions.CompetitionApiService/DownloadDataFile

  FAIL train_label_masks/bdd7c058fbd05e43b11d0affb2e14dce_mask.tiff: 429 Client Error: Too Many Requests for url: https://api.kaggle.com/v1/competitions.CompetitionApiService/DownloadDataFile

  FAIL train_label_masks/bddf66c4edd97a2ca159d611ad3039ed_mask.tiff: 429 Client Error: Too Many Requests for url: https://api.kaggle.com/v1/competitions.CompetitionApiService/DownloadDataFile

  FAIL train_label_masks/bde825d297da93b518ecc510d1f17dfe_mask.tiff: 429 Client Error: Too Many Requests for url: https://api.kaggle.com/v1/competitions.CompetitionApiService/DownloadDataFile

  FAIL train_label_masks/bde972923c4b9cee7d3e2a0661f21583_mask.tiff: 429 Client Error: Too Many Requests for url: https://api.kaggle.com/v1/competitions.CompetitionApiService/DownloadDataFile

  FAIL train_label_masks/bdeb7ab6c22749f3a39e5a88ee4a0fa4_mask.tiff: 429 Client Error: Too Many Requests for url: https://api.kaggle.com/v1/competitions.CompetitionApiService/DownloadDataFile

  FAIL train_label_masks/bdeecdfb4808f38b4672273d3dfcad8d_mask.tiff: 429 Client Error: Too Many Requests for url: https://api.kaggle.com/v1/competitions.CompetitionApiService/DownloadDataFile

  FAIL train_label_masks/be1573a19286fcb2ab6fa14b32bd68a6_mask.tiff: 429 Client Error: Too Many Requests for url: https://api.kaggle.com/v1/competitions.CompetitionApiService/DownloadDataFile

  FAIL train_label_masks/be24de51dde9ba0c9808dd4bbd28dda3_mask.tiff: 429 Client Error: Too Many Requests for url: https://api.kaggle.com/v1/competitions.CompetitionApiService/DownloadDataFile

  FAIL train_label_masks/be2b21968d5ad6861b24d7ca54d44ad5_mask.tiff: 429 Client Error: Too Many Requests for url: https://api.kaggle.com/v1/competitions.CompetitionApiService/DownloadDataFile

  FAIL train_label_masks/be403ce415609008605d63396869ed2e_mask.tiff: 429 Client Error: Too Many Requests for url: https://api.kaggle.com/v1/competitions.CompetitionApiService/DownloadDataFile

  FAIL train_label_masks/be4ed7eb6be88b0c859a7dbdea0c90fc_mask.tiff: 429 Client Error: Too Many Requests for url: https://api.kaggle.com/v1/competitions.CompetitionApiService/DownloadDataFile

  FAIL train_label_masks/be548af60fd350e776d30cbf208312bd_mask.tiff: 429 Client Error: Too Many Requests for url: https://api.kaggle.com/v1/competitions.CompetitionApiService/DownloadDataFile

  FAIL train_label_masks/be56b8fd2f70cb10e72deae6baedcd51_mask.tiff: 429 Client Error: Too Many Requests for url: https://api.kaggle.com/v1/competitions.CompetitionApiService/DownloadDataFile

  FAIL train_label_masks/be636d17226e4adfd7ee577877591cac_mask.tiff: 429 Client Error: Too Many Requests for url: https://api.kaggle.com/v1/competitions.CompetitionApiService/DownloadDataFile

  FAIL train_label_masks/be85e2b33823aeebfbd13873dc207ddc_mask.tiff: 429 Client Error: Too Many Requests for url: https://api.kaggle.com/v1/competitions.CompetitionApiService/DownloadDataFile

  FAIL train_label_masks/be8ab2f5639440c2f2bb8680a2937d1e_mask.tiff: 429 Client Error: Too Many Requests for url: https://api.kaggle.com/v1/competitions.CompetitionApiService/DownloadDataFile

  FAIL train_label_masks/be8d828b7d90bca42ca4274f57e70cf5_mask.tiff: 429 Client Error: Too Many Requests for url: https://api.kaggle.com/v1/competitions.CompetitionApiService/DownloadDataFile

  FAIL train_label_masks/be95b2d37a7c10e553e074ad4cc98f78_mask.tiff: 429 Client Error: Too Many Requests for url: https://api.kaggle.com/v1/competitions.CompetitionApiService/DownloadDataFile

  FAIL train_label_masks/be9a14433ee7b842c1be4ba2eb5a19a7_mask.tiff: 429 Client Error: Too Many Requests for url: https://api.kaggle.com/v1/competitions.CompetitionApiService/DownloadDataFile

  FAIL train_label_masks/beac155ed4bdcad4a5a4ce22717a6c58_mask.tiff: 429 Client Error: Too Many Requests for url: https://api.kaggle.com/v1/competitions.CompetitionApiService/DownloadDataFile

  FAIL train_label_masks/beaeb46f623d7739758358065ecb0bab_mask.tiff: 429 Client Error: Too Many Requests for url: https://api.kaggle.com/v1/competitions.CompetitionApiService/DownloadDataFile

  FAIL train_label_masks/beb35c12ff6f8649daef79766c83750e_mask.tiff: 429 Client Error: Too Many Requests for url: https://api.kaggle.com/v1/competitions.CompetitionApiService/DownloadDataFile

  FAIL train_label_masks/beb4814f0ab05d6d6a16b2614b82dd04_mask.tiff: 429 Client Error: Too Many Requests for url: https://api.kaggle.com/v1/competitions.CompetitionApiService/DownloadDataFile

  FAIL train_label_masks/bebc85c00d7bbf56ebe048147b15ace4_mask.tiff: 429 Client Error: Too Many Requests for url: https://api.kaggle.com/v1/competitions.CompetitionApiService/DownloadDataFile

  FAIL train_label_masks/bec80e876b9ffa8f24cf85beaa431667_mask.tiff: 429 Client Error: Too Many Requests for url: https://api.kaggle.com/v1/competitions.CompetitionApiService/DownloadDataFile

  FAIL train_label_masks/bedeb6cf82f3257a34cfdad3dba80413_mask.tiff: 429 Client Error: Too Many Requests for url: https://api.kaggle.com/v1/competitions.CompetitionApiService/DownloadDataFile

  FAIL train_label_masks/befda4b7504b03a7d5e9ca92f2757c41_mask.tiff: 429 Client Error: Too Many Requests for url: https://api.kaggle.com/v1/competitions.CompetitionApiService/DownloadDataFile

  FAIL train_label_masks/bf1b395053b3d584ccee60148cef87b3_mask.tiff: 429 Client Error: Too Many Requests for url: https://api.kaggle.com/v1/competitions.CompetitionApiService/DownloadDataFile

  FAIL train_label_masks/bf1d001ccf13938721098d0f5f3ab546_mask.tiff: 429 Client Error: Too Many Requests for url: https://api.kaggle.com/v1/competitions.CompetitionApiService/DownloadDataFile

  FAIL train_label_masks/bf282897514555144100efbee376bce1_mask.tiff: 429 Client Error: Too Many Requests for url: https://api.kaggle.com/v1/competitions.CompetitionApiService/DownloadDataFile

  FAIL train_label_masks/bf5c95be359c44a28f03fcf7c7ffc2c8_mask.tiff: 429 Client Error: Too Many Requests for url: https://api.kaggle.com/v1/competitions.CompetitionApiService/DownloadDataFile

  FAIL train_label_masks/bf5ca3ecbaa49be10b5d9fde82049434_mask.tiff: 429 Client Error: Too Many Requests for url: https://api.kaggle.com/v1/competitions.CompetitionApiService/DownloadDataFile

  FAIL train_label_masks/bf743f62c0d2973268a95b6b5b9d59af_mask.tiff: 429 Client Error: Too Many Requests for url: https://api.kaggle.com/v1/competitions.CompetitionApiService/DownloadDataFile

  FAIL train_label_masks/bf76a6ee6ce516c2222395ec55e90917_mask.tiff: 429 Client Error: Too Many Requests for url: https://api.kaggle.com/v1/competitions.CompetitionApiService/DownloadDataFile

  FAIL train_label_masks/bf779325c9c16f04957839ba92518ab8_mask.tiff: 429 Client Error: Too Many Requests for url: https://api.kaggle.com/v1/competitions.CompetitionApiService/DownloadDataFile

  FAIL train_label_masks/bf7d0ac2494f0521ba444a5de2ab587f_mask.tiff: 429 Client Error: Too Many Requests for url: https://api.kaggle.com/v1/competitions.CompetitionApiService/DownloadDataFile

  FAIL train_label_masks/bf8add8e1cf28e124aa99ef2d0e15538_mask.tiff: 429 Client Error: Too Many Requests for url: https://api.kaggle.com/v1/competitions.CompetitionApiService/DownloadDataFile

  FAIL train_label_masks/bf8c6536be863b2e21d467ade2972889_mask.tiff: 429 Client Error: Too Many Requests for url: https://api.kaggle.com/v1/competitions.CompetitionApiService/DownloadDataFile

  FAIL train_label_masks/bf8c6975590c3aae1b61720457cfbfb2_mask.tiff: 429 Client Error: Too Many Requests for url: https://api.kaggle.com/v1/competitions.CompetitionApiService/DownloadDataFile

  FAIL train_label_masks/bf9725f0dc71d2ac533b21d7dff4b796_mask.tiff: 429 Client Error: Too Many Requests for url: https://api.kaggle.com/v1/competitions.CompetitionApiService/DownloadDataFile

  FAIL train_label_masks/bf990806f56c05b04af0ce599a4541bb_mask.tiff: 429 Client Error: Too Many Requests for url: https://api.kaggle.com/v1/competitions.CompetitionApiService/DownloadDataFile

  FAIL train_label_masks/bfa0d8a65df9b8c5230599c120f5aa99_mask.tiff: 429 Client Error: Too Many Requests for url: https://api.kaggle.com/v1/competitions.CompetitionApiService/DownloadDataFile

  FAIL train_label_masks/bfc0f3be45e3eff66989c2553cf39436_mask.tiff: 429 Client Error: Too Many Requests for url: https://api.kaggle.com/v1/competitions.CompetitionApiService/DownloadDataFile

  FAIL train_label_masks/bfc5aa2abac6018b587819bf87cb1f9a_mask.tiff: 429 Client Error: Too Many Requests for url: https://api.kaggle.com/v1/competitions.CompetitionApiService/DownloadDataFile

  FAIL train_label_masks/bfc6ccb20af434cfb505aafc00dce754_mask.tiff: 429 Client Error: Too Many Requests for url: https://api.kaggle.com/v1/competitions.CompetitionApiService/DownloadDataFile

  FAIL train_label_masks/bfcc9e5ac8e39cf903c5a70ca5f8e2e7_mask.tiff: 429 Client Error: Too Many Requests for url: https://api.kaggle.com/v1/competitions.CompetitionApiService/DownloadDataFile

  FAIL train_label_masks/bfcfacaf16cdb542c6e12e6deece7079_mask.tiff: 429 Client Error: Too Many Requests for url: https://api.kaggle.com/v1/competitions.CompetitionApiService/DownloadDataFile

  FAIL train_label_masks/bfd646393bd83e42b00c235a1082a6cf_mask.tiff: 429 Client Error: Too Many Requests for url: https://api.kaggle.com/v1/competitions.CompetitionApiService/DownloadDataFile

  FAIL train_label_masks/bfed9b44a06d5de60336ec6fe0365361_mask.tiff: 429 Client Error: Too Many Requests for url: https://api.kaggle.com/v1/competitions.CompetitionApiService/DownloadDataFile

  FAIL train_label_masks/c00150f4dde0bf6e3c62c57c33d77731_mask.tiff: 429 Client Error: Too Many Requests for url: https://api.kaggle.com/v1/competitions.CompetitionApiService/DownloadDataFile

  FAIL train_label_masks/c0097374d10cd4a1da1c4b1e6a86de64_mask.tiff: 429 Client Error: Too Many Requests for url: https://api.kaggle.com/v1/competitions.CompetitionApiService/DownloadDataFile

  FAIL train_label_masks/c00da4f9d10e27d80164b132d0959666_mask.tiff: 429 Client Error: Too Many Requests for url: https://api.kaggle.com/v1/competitions.CompetitionApiService/DownloadDataFile

  FAIL train_label_masks/c02993d3eb182a5a9f3ceb0fc47fb0fa_mask.tiff: 429 Client Error: Too Many Requests for url: https://api.kaggle.com/v1/competitions.CompetitionApiService/DownloadDataFile

  FAIL train_label_masks/c03d33fab2892def02106da2f342fa23_mask.tiff: 429 Client Error: Too Many Requests for url: https://api.kaggle.com/v1/competitions.CompetitionApiService/DownloadDataFile

  FAIL train_label_masks/c04e3f99d8842fed006ee780528e3241_mask.tiff: 429 Client Error: Too Many Requests for url: https://api.kaggle.com/v1/competitions.CompetitionApiService/DownloadDataFile

  FAIL train_label_masks/c0525532319412db3c662254463067aa_mask.tiff: 429 Client Error: Too Many Requests for url: https://api.kaggle.com/v1/competitions.CompetitionApiService/DownloadDataFile

  FAIL train_label_masks/c070301c3c6b834827e398708c6481b5_mask.tiff: 429 Client Error: Too Many Requests for url: https://api.kaggle.com/v1/competitions.CompetitionApiService/DownloadDataFile

  FAIL train_label_masks/c07ed66dfd3256b0d3500d8e46c4fd58_mask.tiff: 429 Client Error: Too Many Requests for url: https://api.kaggle.com/v1/competitions.CompetitionApiService/DownloadDataFile

  FAIL train_label_masks/c07f5f4ca0af11d11a755c72b638d966_mask.tiff: 429 Client Error: Too Many Requests for url: https://api.kaggle.com/v1/competitions.CompetitionApiService/DownloadDataFile

  FAIL train_label_masks/c0852776d3142ce132a90c6142bd7146_mask.tiff: 429 Client Error: Too Many Requests for url: https://api.kaggle.com/v1/competitions.CompetitionApiService/DownloadDataFile

  FAIL train_label_masks/c0908bfcf70cd527ccd3baa20f331a0a_mask.tiff: 429 Client Error: Too Many Requests for url: https://api.kaggle.com/v1/competitions.CompetitionApiService/DownloadDataFile

  FAIL train_label_masks/c0910c1a35e06c172ab6403b20a6b9f0_mask.tiff: 429 Client Error: Too Many Requests for url: https://api.kaggle.com/v1/competitions.CompetitionApiService/DownloadDataFile

  FAIL train_label_masks/c0a0956a39319920d02c5c4eb30c5e10_mask.tiff: 429 Client Error: Too Many Requests for url: https://api.kaggle.com/v1/competitions.CompetitionApiService/DownloadDataFile

  FAIL train_label_masks/c0a8a6e08e518643663b9635eea0eddc_mask.tiff: 429 Client Error: Too Many Requests for url: https://api.kaggle.com/v1/competitions.CompetitionApiService/DownloadDataFile

  FAIL train_label_masks/c0b74d23f8502804f3e047ff5129a57b_mask.tiff: 429 Client Error: Too Many Requests for url: https://api.kaggle.com/v1/competitions.CompetitionApiService/DownloadDataFile

  FAIL train_label_masks/c0d0ba963f8eb0021719349ef60c1aa6_mask.tiff: 429 Client Error: Too Many Requests for url: https://api.kaggle.com/v1/competitions.CompetitionApiService/DownloadDataFile

  FAIL train_label_masks/c0dbbf2b29da2ef0cab6bc7032e7ac92_mask.tiff: 429 Client Error: Too Many Requests for url: https://api.kaggle.com/v1/competitions.CompetitionApiService/DownloadDataFile

  FAIL train_label_masks/c0e652d920384bc328d1e1283178b566_mask.tiff: 429 Client Error: Too Many Requests for url: https://api.kaggle.com/v1/competitions.CompetitionApiService/DownloadDataFile

  FAIL train_label_masks/c0fe8ca3041bec9fb48e60537e3ab02f_mask.tiff: 429 Client Error: Too Many Requests for url: https://api.kaggle.com/v1/competitions.CompetitionApiService/DownloadDataFile

  FAIL train_label_masks/c105c2ca793d49297acb88eb4eb49c76_mask.tiff: 429 Client Error: Too Many Requests for url: https://api.kaggle.com/v1/competitions.CompetitionApiService/DownloadDataFile

  FAIL train_label_masks/c10d4753ac1782268289014b69697b90_mask.tiff: 429 Client Error: Too Many Requests for url: https://api.kaggle.com/v1/competitions.CompetitionApiService/DownloadDataFile

  FAIL train_label_masks/c10eb86a927f359f5d1e573927f19945_mask.tiff: 429 Client Error: Too Many Requests for url: https://api.kaggle.com/v1/competitions.CompetitionApiService/DownloadDataFile

  FAIL train_label_masks/c115a53d035363f2cc49ed0b98934b9a_mask.tiff: 429 Client Error: Too Many Requests for url: https://api.kaggle.com/v1/competitions.CompetitionApiService/DownloadDataFile

  FAIL train_label_masks/c1273fbac7df8d2188b1854ae6584e14_mask.tiff: 429 Client Error: Too Many Requests for url: https://api.kaggle.com/v1/competitions.CompetitionApiService/DownloadDataFile

  FAIL train_label_masks/c127660ea8547c6d1e13a2785791707c_mask.tiff: 429 Client Error: Too Many Requests for url: https://api.kaggle.com/v1/competitions.CompetitionApiService/DownloadDataFile

  FAIL train_label_masks/c129618431d0a7f63cf0c8e6c6da82c4_mask.tiff: 429 Client Error: Too Many Requests for url: https://api.kaggle.com/v1/competitions.CompetitionApiService/DownloadDataFile

  FAIL train_label_masks/c13682fc07a61cda3b9344b21b26c86e_mask.tiff: 429 Client Error: Too Many Requests for url: https://api.kaggle.com/v1/competitions.CompetitionApiService/DownloadDataFile

  FAIL train_label_masks/c137649e6a6e22b208cdf785a004603b_mask.tiff: 429 Client Error: Too Many Requests for url: https://api.kaggle.com/v1/competitions.CompetitionApiService/DownloadDataFile

  FAIL train_label_masks/c141ed8d4226eef5e743d77790063398_mask.tiff: 429 Client Error: Too Many Requests for url: https://api.kaggle.com/v1/competitions.CompetitionApiService/DownloadDataFile

  FAIL train_label_masks/c14beccd6b55d7b57cbc2304987b324b_mask.tiff: 429 Client Error: Too Many Requests for url: https://api.kaggle.com/v1/competitions.CompetitionApiService/DownloadDataFile

  FAIL train_label_masks/c14efea7c94be982c8045ff9d3c16266_mask.tiff: 429 Client Error: Too Many Requests for url: https://api.kaggle.com/v1/competitions.CompetitionApiService/DownloadDataFile

  FAIL train_label_masks/c15bffae592596f8f566239c725ec577_mask.tiff: 429 Client Error: Too Many Requests for url: https://api.kaggle.com/v1/competitions.CompetitionApiService/DownloadDataFile

  FAIL train_label_masks/c16bffeed45057312c510c1a5547bdd1_mask.tiff: 429 Client Error: Too Many Requests for url: https://api.kaggle.com/v1/competitions.CompetitionApiService/DownloadDataFile

  FAIL train_label_masks/c176b834c3a5045ac074fb70637cfa8d_mask.tiff: 429 Client Error: Too Many Requests for url: https://api.kaggle.com/v1/competitions.CompetitionApiService/DownloadDataFile

  FAIL train_label_masks/c176d5630828984c57bf0c94751145a8_mask.tiff: 429 Client Error: Too Many Requests for url: https://api.kaggle.com/v1/competitions.CompetitionApiService/DownloadDataFile

  FAIL train_label_masks/c17fbe7ddf1c9b5993bb144c00d5136b_mask.tiff: 429 Client Error: Too Many Requests for url: https://api.kaggle.com/v1/competitions.CompetitionApiService/DownloadDataFile

  FAIL train_label_masks/c18eeeb86a7027e6d3c7ca400d75c8e8_mask.tiff: 429 Client Error: Too Many Requests for url: https://api.kaggle.com/v1/competitions.CompetitionApiService/DownloadDataFile

  FAIL train_label_masks/c192a7c5a94aacbb3293267bf206bf5a_mask.tiff: 429 Client Error: Too Many Requests for url: https://api.kaggle.com/v1/competitions.CompetitionApiService/DownloadDataFile

  FAIL train_label_masks/c19623cc0d82d0d5f219400b027d8190_mask.tiff: 429 Client Error: Too Many Requests for url: https://api.kaggle.com/v1/competitions.CompetitionApiService/DownloadDataFile

  FAIL train_label_masks/c19bc72dee1df0b97ed8527521b57099_mask.tiff: 429 Client Error: Too Many Requests for url: https://api.kaggle.com/v1/competitions.CompetitionApiService/DownloadDataFile

  FAIL train_label_masks/c1b2ec5ced6e0232ca1cff1c559234f2_mask.tiff: 429 Client Error: Too Many Requests for url: https://api.kaggle.com/v1/competitions.CompetitionApiService/DownloadDataFile

  FAIL train_label_masks/c1d018bf50493567d288a9fdad021e6c_mask.tiff: 429 Client Error: Too Many Requests for url: https://api.kaggle.com/v1/competitions.CompetitionApiService/DownloadDataFile

  FAIL train_label_masks/c1e4a4cd769d4d64a1ea7905b8c30ff9_mask.tiff: 429 Client Error: Too Many Requests for url: https://api.kaggle.com/v1/competitions.CompetitionApiService/DownloadDataFile

  FAIL train_label_masks/c1f151640dce9fc4e33569700be7d52d_mask.tiff: 429 Client Error: Too Many Requests for url: https://api.kaggle.com/v1/competitions.CompetitionApiService/DownloadDataFile

  FAIL train_label_masks/c1f555f3260b361647b7084898613037_mask.tiff: 429 Client Error: Too Many Requests for url: https://api.kaggle.com/v1/competitions.CompetitionApiService/DownloadDataFile

  FAIL train_label_masks/c1fd67db197ac1e491453082982de933_mask.tiff: 429 Client Error: Too Many Requests for url: https://api.kaggle.com/v1/competitions.CompetitionApiService/DownloadDataFile

  FAIL train_label_masks/c1fd9dfbf6a743763409b6d1a26ab29c_mask.tiff: 429 Client Error: Too Many Requests for url: https://api.kaggle.com/v1/competitions.CompetitionApiService/DownloadDataFile

  FAIL train_label_masks/c1fdc376869d4832520659ead6e02eed_mask.tiff: 429 Client Error: Too Many Requests for url: https://api.kaggle.com/v1/competitions.CompetitionApiService/DownloadDataFile

  FAIL train_label_masks/c20411ec6a9141978e0712711bdfe0f0_mask.tiff: 429 Client Error: Too Many Requests for url: https://api.kaggle.com/v1/competitions.CompetitionApiService/DownloadDataFile

  FAIL train_label_masks/c2097792be4e003096aada72e7317a66_mask.tiff: 429 Client Error: Too Many Requests for url: https://api.kaggle.com/v1/competitions.CompetitionApiService/DownloadDataFile

  FAIL train_label_masks/c20a575ec424d136d14d1eb9a7c7be7c_mask.tiff: 429 Client Error: Too Many Requests for url: https://api.kaggle.com/v1/competitions.CompetitionApiService/DownloadDataFile

  FAIL train_label_masks/c211d5549cb4c71c25ebe6ba79ba85ae_mask.tiff: 429 Client Error: Too Many Requests for url: https://api.kaggle.com/v1/competitions.CompetitionApiService/DownloadDataFile

  FAIL train_label_masks/c2230eb928a225c9cbb7d247cbde2b4a_mask.tiff: 429 Client Error: Too Many Requests for url: https://api.kaggle.com/v1/competitions.CompetitionApiService/DownloadDataFile

  FAIL train_label_masks/c2296406fa9de6a029e798d89a1c8734_mask.tiff: 429 Client Error: Too Many Requests for url: https://api.kaggle.com/v1/competitions.CompetitionApiService/DownloadDataFile

  FAIL train_label_masks/c2306aeec8a202f0530df29f175fdc89_mask.tiff: 429 Client Error: Too Many Requests for url: https://api.kaggle.com/v1/competitions.CompetitionApiService/DownloadDataFile

  FAIL train_label_masks/c23936489d103366825cbd33c09d921c_mask.tiff: 429 Client Error: Too Many Requests for url: https://api.kaggle.com/v1/competitions.CompetitionApiService/DownloadDataFile

  FAIL train_label_masks/c23c7dc1f98cf30339ed926849413355_mask.tiff: 429 Client Error: Too Many Requests for url: https://api.kaggle.com/v1/competitions.CompetitionApiService/DownloadDataFile

  FAIL train_label_masks/c245396d5fb0a528ae2983ca28fca472_mask.tiff: 429 Client Error: Too Many Requests for url: https://api.kaggle.com/v1/competitions.CompetitionApiService/DownloadDataFile

  FAIL train_label_masks/c24b60c2684c21b33a3b88942ddb91f4_mask.tiff: 429 Client Error: Too Many Requests for url: https://api.kaggle.com/v1/competitions.CompetitionApiService/DownloadDataFile

  FAIL train_label_masks/c24bb6e1c14b242a4744d9854f738470_mask.tiff: 429 Client Error: Too Many Requests for url: https://api.kaggle.com/v1/competitions.CompetitionApiService/DownloadDataFile

  FAIL train_label_masks/c24be4bf9e9be5e7898cdd383233813b_mask.tiff: 429 Client Error: Too Many Requests for url: https://api.kaggle.com/v1/competitions.CompetitionApiService/DownloadDataFile

  FAIL train_label_masks/c25541fd4c6bf6f78e3f364d279b63cf_mask.tiff: 429 Client Error: Too Many Requests for url: https://api.kaggle.com/v1/competitions.CompetitionApiService/DownloadDataFile

  FAIL train_label_masks/c266773fdf88a75561821afdb49cc0e0_mask.tiff: 429 Client Error: Too Many Requests for url: https://api.kaggle.com/v1/competitions.CompetitionApiService/DownloadDataFile

  FAIL train_label_masks/c2701c13451133bb51ae89e03f77e88d_mask.tiff: 429 Client Error: Too Many Requests for url: https://api.kaggle.com/v1/competitions.CompetitionApiService/DownloadDataFile

  FAIL train_label_masks/c286cf324f3d429aaf5d3f903e5ce634_mask.tiff: 429 Client Error: Too Many Requests for url: https://api.kaggle.com/v1/competitions.CompetitionApiService/DownloadDataFile

  FAIL train_label_masks/c29a172145a30a79b05c6f0216a1dbef_mask.tiff: 429 Client Error: Too Many Requests for url: https://api.kaggle.com/v1/competitions.CompetitionApiService/DownloadDataFile

  FAIL train_label_masks/c29e03d8171d9e1b2ddafd0bdf8e6dff_mask.tiff: 429 Client Error: Too Many Requests for url: https://api.kaggle.com/v1/competitions.CompetitionApiService/DownloadDataFile

  FAIL train_label_masks/c2b0f5adcd95f930b892f269a7656f1c_mask.tiff: 429 Client Error: Too Many Requests for url: https://api.kaggle.com/v1/competitions.CompetitionApiService/DownloadDataFile

  FAIL train_label_masks/c2b4cc586b3984b248e7d095d4c0bd03_mask.tiff: 429 Client Error: Too Many Requests for url: https://api.kaggle.com/v1/competitions.CompetitionApiService/DownloadDataFile

  FAIL train_label_masks/c2cbc885637a451cb0218a599e1169c1_mask.tiff: 429 Client Error: Too Many Requests for url: https://api.kaggle.com/v1/competitions.CompetitionApiService/DownloadDataFile

  FAIL train_label_masks/c2ded53ea0656e34e71bc8993b90650d_mask.tiff: 429 Client Error: Too Many Requests for url: https://api.kaggle.com/v1/competitions.CompetitionApiService/DownloadDataFile

  FAIL train_label_masks/c2e7580519b62b7183c1924211ee8603_mask.tiff: 429 Client Error: Too Many Requests for url: https://api.kaggle.com/v1/competitions.CompetitionApiService/DownloadDataFile

  FAIL train_label_masks/c2edf539162ecaea59933196e84de2f5_mask.tiff: 429 Client Error: Too Many Requests for url: https://api.kaggle.com/v1/competitions.CompetitionApiService/DownloadDataFile

  FAIL train_label_masks/c2f90bbc5200609817a0745279582e72_mask.tiff: 429 Client Error: Too Many Requests for url: https://api.kaggle.com/v1/competitions.CompetitionApiService/DownloadDataFile

  FAIL train_label_masks/c303cc999de4cd885cdc8450af892c6e_mask.tiff: 429 Client Error: Too Many Requests for url: https://api.kaggle.com/v1/competitions.CompetitionApiService/DownloadDataFile

  FAIL train_label_masks/c3064f9d63880b237fb22d242a88bac9_mask.tiff: 429 Client Error: Too Many Requests for url: https://api.kaggle.com/v1/competitions.CompetitionApiService/DownloadDataFile

  FAIL train_label_masks/c306e9bf52ed33801003d17ae3f60d32_mask.tiff: 429 Client Error: Too Many Requests for url: https://api.kaggle.com/v1/competitions.CompetitionApiService/DownloadDataFile

  FAIL train_label_masks/c3145055564aaf6c2ecea73a04bbe476_mask.tiff: 429 Client Error: Too Many Requests for url: https://api.kaggle.com/v1/competitions.CompetitionApiService/DownloadDataFile

  FAIL train_label_masks/c3249c406e4f7d0f508c8bd96dd32c56_mask.tiff: 429 Client Error: Too Many Requests for url: https://api.kaggle.com/v1/competitions.CompetitionApiService/DownloadDataFile

  FAIL train_label_masks/c32fba73ac1af46b2ccfd549172f1227_mask.tiff: 429 Client Error: Too Many Requests for url: https://api.kaggle.com/v1/competitions.CompetitionApiService/DownloadDataFile

  FAIL train_label_masks/c35a5c6dd47f3c37f339ff296ef1c6fe_mask.tiff: 429 Client Error: Too Many Requests for url: https://api.kaggle.com/v1/competitions.CompetitionApiService/DownloadDataFile

  FAIL train_label_masks/c35e39e522cb0a93ecd114c71e72af05_mask.tiff: 429 Client Error: Too Many Requests for url: https://api.kaggle.com/v1/competitions.CompetitionApiService/DownloadDataFile

  FAIL train_label_masks/c37af9634aac2e27a80dbc6f115f583c_mask.tiff: 429 Client Error: Too Many Requests for url: https://api.kaggle.com/v1/competitions.CompetitionApiService/DownloadDataFile

  FAIL train_label_masks/c3967d215e9b501c70e72ae95e8dac51_mask.tiff: 429 Client Error: Too Many Requests for url: https://api.kaggle.com/v1/competitions.CompetitionApiService/DownloadDataFile

  FAIL train_label_masks/c3dab3559def60da07e5e8417427f28a_mask.tiff: 429 Client Error: Too Many Requests for url: https://api.kaggle.com/v1/competitions.CompetitionApiService/DownloadDataFile

  FAIL train_label_masks/c3e05f4e184d96d40bfb38631ab322df_mask.tiff: 429 Client Error: Too Many Requests for url: https://api.kaggle.com/v1/competitions.CompetitionApiService/DownloadDataFile

  FAIL train_label_masks/c3f5378fbec18534005c2d1e46f1cdfc_mask.tiff: 429 Client Error: Too Many Requests for url: https://api.kaggle.com/v1/competitions.CompetitionApiService/DownloadDataFile

  FAIL train_label_masks/c3f6dfc5c801b1f2aed4c9e318bd015d_mask.tiff: 429 Client Error: Too Many Requests for url: https://api.kaggle.com/v1/competitions.CompetitionApiService/DownloadDataFile

  FAIL train_label_masks/c3fbbd442c89676b42a2f49ef7428b30_mask.tiff: 429 Client Error: Too Many Requests for url: https://api.kaggle.com/v1/competitions.CompetitionApiService/DownloadDataFile

  FAIL train_label_masks/c415d5066e843809c2e74381c391cb7e_mask.tiff: 429 Client Error: Too Many Requests for url: https://api.kaggle.com/v1/competitions.CompetitionApiService/DownloadDataFile

  FAIL train_label_masks/c429c26a603910717dbf17e6e7035627_mask.tiff: 429 Client Error: Too Many Requests for url: https://api.kaggle.com/v1/competitions.CompetitionApiService/DownloadDataFile

  FAIL train_label_masks/c434b351328d1202d90d7468be10c46b_mask.tiff: 429 Client Error: Too Many Requests for url: https://api.kaggle.com/v1/competitions.CompetitionApiService/DownloadDataFile

  FAIL train_label_masks/c44346e3cf95312b241df6bb578ed119_mask.tiff: 429 Client Error: Too Many Requests for url: https://api.kaggle.com/v1/competitions.CompetitionApiService/DownloadDataFile

  FAIL train_label_masks/c445380a860360322df76605978e1618_mask.tiff: 429 Client Error: Too Many Requests for url: https://api.kaggle.com/v1/competitions.CompetitionApiService/DownloadDataFile

  FAIL train_label_masks/c44a5ab52208c849f13befab056c7559_mask.tiff: 429 Client Error: Too Many Requests for url: https://api.kaggle.com/v1/competitions.CompetitionApiService/DownloadDataFile

  FAIL train_label_masks/c45f0dc57180a2b709e13178001268ed_mask.tiff: 429 Client Error: Too Many Requests for url: https://api.kaggle.com/v1/competitions.CompetitionApiService/DownloadDataFile

  FAIL train_label_masks/c47bb0cc6fcfbd6379299ab3e6a9f07d_mask.tiff: 429 Client Error: Too Many Requests for url: https://api.kaggle.com/v1/competitions.CompetitionApiService/DownloadDataFile

  FAIL train_label_masks/c47cd88262e0b75801a3aa1bc96aba0a_mask.tiff: 429 Client Error: Too Many Requests for url: https://api.kaggle.com/v1/competitions.CompetitionApiService/DownloadDataFile

  FAIL train_label_masks/c4a30ab614d7d3e37e99434341191331_mask.tiff: 429 Client Error: Too Many Requests for url: https://api.kaggle.com/v1/competitions.CompetitionApiService/DownloadDataFile

  FAIL train_label_masks/c4b1a10db8b0cdece7a1498b2fcbda7f_mask.tiff: 429 Client Error: Too Many Requests for url: https://api.kaggle.com/v1/competitions.CompetitionApiService/DownloadDataFile

  FAIL train_label_masks/c4b83afb97bd83a7f8d83ce85cba4dc5_mask.tiff: 429 Client Error: Too Many Requests for url: https://api.kaggle.com/v1/competitions.CompetitionApiService/DownloadDataFile

  FAIL train_label_masks/c4b8e60fec9eabe9a9fdacce39f23d60_mask.tiff: 429 Client Error: Too Many Requests for url: https://api.kaggle.com/v1/competitions.CompetitionApiService/DownloadDataFile

  FAIL train_label_masks/c4bbe05f5d77f1a42bc95191285ab1bb_mask.tiff: 429 Client Error: Too Many Requests for url: https://api.kaggle.com/v1/competitions.CompetitionApiService/DownloadDataFile

  FAIL train_label_masks/c4bcc0bc2da6444a5e4300f7bd2f577c_mask.tiff: 429 Client Error: Too Many Requests for url: https://api.kaggle.com/v1/competitions.CompetitionApiService/DownloadDataFile

  FAIL train_label_masks/c4cb40675296c2f44f631bdc7a5d1e9b_mask.tiff: 429 Client Error: Too Many Requests for url: https://api.kaggle.com/v1/competitions.CompetitionApiService/DownloadDataFile

  FAIL train_label_masks/c4cba053efafeac85ec882e30ac6e498_mask.tiff: 429 Client Error: Too Many Requests for url: https://api.kaggle.com/v1/competitions.CompetitionApiService/DownloadDataFile

  FAIL train_label_masks/c4cde1827d4895957ca8507e37a3cf76_mask.tiff: 429 Client Error: Too Many Requests for url: https://api.kaggle.com/v1/competitions.CompetitionApiService/DownloadDataFile

  FAIL train_label_masks/c4d5155c07787c688cae24917bf96411_mask.tiff: 429 Client Error: Too Many Requests for url: https://api.kaggle.com/v1/competitions.CompetitionApiService/DownloadDataFile

  FAIL train_label_masks/c4e0ad6ea862813515ef53b70ad8021e_mask.tiff: 429 Client Error: Too Many Requests for url: https://api.kaggle.com/v1/competitions.CompetitionApiService/DownloadDataFile

  FAIL train_label_masks/c4f94dca8de4d7d1936cc955512fe4bc_mask.tiff: 429 Client Error: Too Many Requests for url: https://api.kaggle.com/v1/competitions.CompetitionApiService/DownloadDataFile

  FAIL train_label_masks/c4fb78f4b25153789d8c8b22b938d322_mask.tiff: 429 Client Error: Too Many Requests for url: https://api.kaggle.com/v1/competitions.CompetitionApiService/DownloadDataFile

  FAIL train_label_masks/c500818f3a0e7d3a10a0c567e9665035_mask.tiff: 429 Client Error: Too Many Requests for url: https://api.kaggle.com/v1/competitions.CompetitionApiService/DownloadDataFile

  FAIL train_label_masks/c507324c055ea7ec7a235159dc97675e_mask.tiff: 429 Client Error: Too Many Requests for url: https://api.kaggle.com/v1/competitions.CompetitionApiService/DownloadDataFile

  FAIL train_label_masks/c517993657aadfd868d6760a5136df94_mask.tiff: 429 Client Error: Too Many Requests for url: https://api.kaggle.com/v1/competitions.CompetitionApiService/DownloadDataFile

  FAIL train_label_masks/c52636abf2b202b4f65f5c85799ce363_mask.tiff: 429 Client Error: Too Many Requests for url: https://api.kaggle.com/v1/competitions.CompetitionApiService/DownloadDataFile

  FAIL train_label_masks/c53a5bd984d2bd2b8b3d0529b081fbcf_mask.tiff: 429 Client Error: Too Many Requests for url: https://api.kaggle.com/v1/competitions.CompetitionApiService/DownloadDataFile

  FAIL train_label_masks/c541704f5b5f35d974aab3378d11fd54_mask.tiff: 429 Client Error: Too Many Requests for url: https://api.kaggle.com/v1/competitions.CompetitionApiService/DownloadDataFile

  FAIL train_label_masks/c549a1ab70c4de9755941eb6269e13f6_mask.tiff: 429 Client Error: Too Many Requests for url: https://api.kaggle.com/v1/competitions.CompetitionApiService/DownloadDataFile

  FAIL train_label_masks/c54e20196fd1f02eef4fe02190e773d9_mask.tiff: 429 Client Error: Too Many Requests for url: https://api.kaggle.com/v1/competitions.CompetitionApiService/DownloadDataFile

  FAIL train_label_masks/c552cbc6d2aa2c35dcf0e005ebd37102_mask.tiff: 429 Client Error: Too Many Requests for url: https://api.kaggle.com/v1/competitions.CompetitionApiService/DownloadDataFile

  FAIL train_label_masks/c55d70318adf126c5f91d224c00d2c01_mask.tiff: 429 Client Error: Too Many Requests for url: https://api.kaggle.com/v1/competitions.CompetitionApiService/DownloadDataFile

  FAIL train_label_masks/c565cc5d7e32aa5bb05dfa84aa5f442f_mask.tiff: 429 Client Error: Too Many Requests for url: https://api.kaggle.com/v1/competitions.CompetitionApiService/DownloadDataFile

  FAIL train_label_masks/c5710c4b37ee5239e4bf57c55b0a6b6a_mask.tiff: 429 Client Error: Too Many Requests for url: https://api.kaggle.com/v1/competitions.CompetitionApiService/DownloadDataFile

  FAIL train_label_masks/c5764fe96b2725f1b48f2db0cf20cacb_mask.tiff: 429 Client Error: Too Many Requests for url: https://api.kaggle.com/v1/competitions.CompetitionApiService/DownloadDataFile

  FAIL train_label_masks/c57f886720b4042062b470f807bf1212_mask.tiff: 429 Client Error: Too Many Requests for url: https://api.kaggle.com/v1/competitions.CompetitionApiService/DownloadDataFile

  FAIL train_label_masks/c5935769ea277fc625da007d693f7cf2_mask.tiff: 429 Client Error: Too Many Requests for url: https://api.kaggle.com/v1/competitions.CompetitionApiService/DownloadDataFile

  FAIL train_label_masks/c59ab7f1ea4c892a0845646933cc3b60_mask.tiff: 429 Client Error: Too Many Requests for url: https://api.kaggle.com/v1/competitions.CompetitionApiService/DownloadDataFile

  FAIL train_label_masks/c59fbad418d8ef56859463c22c4fae79_mask.tiff: 429 Client Error: Too Many Requests for url: https://api.kaggle.com/v1/competitions.CompetitionApiService/DownloadDataFile

  FAIL train_label_masks/c5a4bb3e9ebfbb7762f7fefee9ee6d6a_mask.tiff: 429 Client Error: Too Many Requests for url: https://api.kaggle.com/v1/competitions.CompetitionApiService/DownloadDataFile

  FAIL train_label_masks/c5a4e4c6224fc6ac14e3e777a04258c1_mask.tiff: 429 Client Error: Too Many Requests for url: https://api.kaggle.com/v1/competitions.CompetitionApiService/DownloadDataFile

  FAIL train_label_masks/c5a693a66e80be6c0326c76a4b748a64_mask.tiff: 429 Client Error: Too Many Requests for url: https://api.kaggle.com/v1/competitions.CompetitionApiService/DownloadDataFile

  FAIL train_label_masks/c5b7afdd9e4cd1b13dd545fe28735620_mask.tiff: 429 Client Error: Too Many Requests for url: https://api.kaggle.com/v1/competitions.CompetitionApiService/DownloadDataFile

  FAIL train_label_masks/c5cd08b16fd00a4d27e66bc0b133c5fb_mask.tiff: 429 Client Error: Too Many Requests for url: https://api.kaggle.com/v1/competitions.CompetitionApiService/DownloadDataFile

  FAIL train_label_masks/c5d6646dda31ee94cf4bbfef14e08e76_mask.tiff: 429 Client Error: Too Many Requests for url: https://api.kaggle.com/v1/competitions.CompetitionApiService/DownloadDataFile

  FAIL train_label_masks/c5da6dbc1ed61b7ab06cd92b1dfbdaac_mask.tiff: 429 Client Error: Too Many Requests for url: https://api.kaggle.com/v1/competitions.CompetitionApiService/DownloadDataFile

  FAIL train_label_masks/c5e43f6957d317a37a98f97cb2b855a1_mask.tiff: 429 Client Error: Too Many Requests for url: https://api.kaggle.com/v1/competitions.CompetitionApiService/DownloadDataFile

  FAIL train_label_masks/c5e6c3efbdf833673fdfa3db1c6c4b23_mask.tiff: 429 Client Error: Too Many Requests for url: https://api.kaggle.com/v1/competitions.CompetitionApiService/DownloadDataFile

  FAIL train_label_masks/c5e9176fa34d3fc8caccc6bb1f35003c_mask.tiff: 429 Client Error: Too Many Requests for url: https://api.kaggle.com/v1/competitions.CompetitionApiService/DownloadDataFile

  FAIL train_label_masks/c5ebafd955baf6a9329a821547cad7c4_mask.tiff: 429 Client Error: Too Many Requests for url: https://api.kaggle.com/v1/competitions.CompetitionApiService/DownloadDataFile

  FAIL train_label_masks/c6064ec61ea9949ec065ed31f2565978_mask.tiff: 429 Client Error: Too Many Requests for url: https://api.kaggle.com/v1/competitions.CompetitionApiService/DownloadDataFile

  FAIL train_label_masks/c60d25e72004ddd6bc308d3a42ce6dba_mask.tiff: 429 Client Error: Too Many Requests for url: https://api.kaggle.com/v1/competitions.CompetitionApiService/DownloadDataFile

  FAIL train_label_masks/c614dc18ffa37f8007c2aead39e65342_mask.tiff: 429 Client Error: Too Many Requests for url: https://api.kaggle.com/v1/competitions.CompetitionApiService/DownloadDataFile

  FAIL train_label_masks/c62d1ee20abb4c019758656681c0b4d9_mask.tiff: 429 Client Error: Too Many Requests for url: https://api.kaggle.com/v1/competitions.CompetitionApiService/DownloadDataFile

  FAIL train_label_masks/c6441fa162ce23651c241f1014f96681_mask.tiff: 429 Client Error: Too Many Requests for url: https://api.kaggle.com/v1/competitions.CompetitionApiService/DownloadDataFile

  FAIL train_label_masks/c64c12966d164cd0bcc6bfef4ca95500_mask.tiff: 429 Client Error: Too Many Requests for url: https://api.kaggle.com/v1/competitions.CompetitionApiService/DownloadDataFile

  FAIL train_label_masks/c64dd4f75e74ee4c23f27a8d99a3ed19_mask.tiff: 429 Client Error: Too Many Requests for url: https://api.kaggle.com/v1/competitions.CompetitionApiService/DownloadDataFile

  FAIL train_label_masks/c6564f15d2fbe500571311dbdb16f78f_mask.tiff: 429 Client Error: Too Many Requests for url: https://api.kaggle.com/v1/competitions.CompetitionApiService/DownloadDataFile

  FAIL train_label_masks/c65fcde885b4f231d03cefb0fc75f4fa_mask.tiff: 429 Client Error: Too Many Requests for url: https://api.kaggle.com/v1/competitions.CompetitionApiService/DownloadDataFile

  FAIL train_label_masks/c67388909d55149c1e66baa48a22cdb5_mask.tiff: 429 Client Error: Too Many Requests for url: https://api.kaggle.com/v1/competitions.CompetitionApiService/DownloadDataFile

  FAIL train_label_masks/c686992bf74305e9f9965fd85c15eb4d_mask.tiff: 429 Client Error: Too Many Requests for url: https://api.kaggle.com/v1/competitions.CompetitionApiService/DownloadDataFile

  FAIL train_label_masks/c6aaacd8596e722608ac744e7355c0b3_mask.tiff: 429 Client Error: Too Many Requests for url: https://api.kaggle.com/v1/competitions.CompetitionApiService/DownloadDataFile

  FAIL train_label_masks/c6b4ba956e1d4fbe744d6e2839b4a723_mask.tiff: 429 Client Error: Too Many Requests for url: https://api.kaggle.com/v1/competitions.CompetitionApiService/DownloadDataFile

  FAIL train_label_masks/c6b8dec24dcca40d214475e2366047ef_mask.tiff: 429 Client Error: Too Many Requests for url: https://api.kaggle.com/v1/competitions.CompetitionApiService/DownloadDataFile

  FAIL train_label_masks/c6cf6f5137c7c67a77ea6a9f1ef73999_mask.tiff: 429 Client Error: Too Many Requests for url: https://api.kaggle.com/v1/competitions.CompetitionApiService/DownloadDataFile

  FAIL train_label_masks/c6d41e8b7c2c101b9a927d4f403ec451_mask.tiff: 429 Client Error: Too Many Requests for url: https://api.kaggle.com/v1/competitions.CompetitionApiService/DownloadDataFile

  FAIL train_label_masks/c6d58607cc6aeb36e4c1d65fed824e84_mask.tiff: 429 Client Error: Too Many Requests for url: https://api.kaggle.com/v1/competitions.CompetitionApiService/DownloadDataFile

  FAIL train_label_masks/c6d87f56f56c456d38f3b6967eb21eab_mask.tiff: 429 Client Error: Too Many Requests for url: https://api.kaggle.com/v1/competitions.CompetitionApiService/DownloadDataFile

  FAIL train_label_masks/c6fa52130011bd3d19b0222fce73ecad_mask.tiff: 429 Client Error: Too Many Requests for url: https://api.kaggle.com/v1/competitions.CompetitionApiService/DownloadDataFile

  FAIL train_label_masks/c6fa851e98eb9d30d6cd93f3b8c0eed7_mask.tiff: 429 Client Error: Too Many Requests for url: https://api.kaggle.com/v1/competitions.CompetitionApiService/DownloadDataFile

  FAIL train_label_masks/c700a1b37758fd69f789af12118d12b9_mask.tiff: 429 Client Error: Too Many Requests for url: https://api.kaggle.com/v1/competitions.CompetitionApiService/DownloadDataFile

  FAIL train_label_masks/c704708bcb669c0198feba47bf9f2c81_mask.tiff: 429 Client Error: Too Many Requests for url: https://api.kaggle.com/v1/competitions.CompetitionApiService/DownloadDataFile

  FAIL train_label_masks/c707c255c4694985f6f68331571bc656_mask.tiff: 429 Client Error: Too Many Requests for url: https://api.kaggle.com/v1/competitions.CompetitionApiService/DownloadDataFile

  FAIL train_label_masks/c7276eee7269730bae81a3fde5eb1668_mask.tiff: 429 Client Error: Too Many Requests for url: https://api.kaggle.com/v1/competitions.CompetitionApiService/DownloadDataFile

  FAIL train_label_masks/c74e766851d12e6c5775f1dacbe3843d_mask.tiff: 429 Client Error: Too Many Requests for url: https://api.kaggle.com/v1/competitions.CompetitionApiService/DownloadDataFile

  FAIL train_label_masks/c7579439b6073eed35a3df5a541b3949_mask.tiff: 429 Client Error: Too Many Requests for url: https://api.kaggle.com/v1/competitions.CompetitionApiService/DownloadDataFile

  FAIL train_label_masks/c76877d174f7020e6194d6b06aec770a_mask.tiff: 429 Client Error: Too Many Requests for url: https://api.kaggle.com/v1/competitions.CompetitionApiService/DownloadDataFile

  FAIL train_label_masks/c7793b26c758ddf3e9d6561c31d394d4_mask.tiff: 429 Client Error: Too Many Requests for url: https://api.kaggle.com/v1/competitions.CompetitionApiService/DownloadDataFile

  FAIL train_label_masks/c779f8e6464edd98859571efe4c0cc23_mask.tiff: 429 Client Error: Too Many Requests for url: https://api.kaggle.com/v1/competitions.CompetitionApiService/DownloadDataFile

  FAIL train_label_masks/c7895d9d29c159cc4d57f07cf7d755b2_mask.tiff: 429 Client Error: Too Many Requests for url: https://api.kaggle.com/v1/competitions.CompetitionApiService/DownloadDataFile

  FAIL train_label_masks/c794f26c98b4d7c37133809c2d3f8aa1_mask.tiff: 429 Client Error: Too Many Requests for url: https://api.kaggle.com/v1/competitions.CompetitionApiService/DownloadDataFile

  FAIL train_label_masks/c7a9409b4cc4821c6fb23346db4c2433_mask.tiff: 429 Client Error: Too Many Requests for url: https://api.kaggle.com/v1/competitions.CompetitionApiService/DownloadDataFile

  FAIL train_label_masks/c7b0847043525e321b2c48d04cd820e5_mask.tiff: 429 Client Error: Too Many Requests for url: https://api.kaggle.com/v1/competitions.CompetitionApiService/DownloadDataFile

  FAIL train_label_masks/c7b5025d6ca0352a9feb0b83f3ecf231_mask.tiff: 429 Client Error: Too Many Requests for url: https://api.kaggle.com/v1/competitions.CompetitionApiService/DownloadDataFile

  FAIL train_label_masks/c7b6d326275eb46a2ec8b2e29439a99c_mask.tiff: 429 Client Error: Too Many Requests for url: https://api.kaggle.com/v1/competitions.CompetitionApiService/DownloadDataFile

  FAIL train_label_masks/c7bb258907e3d1c4cb536166645f7d52_mask.tiff: 429 Client Error: Too Many Requests for url: https://api.kaggle.com/v1/competitions.CompetitionApiService/DownloadDataFile

  FAIL train_label_masks/c7bc54c0badbe7691fe5324a83f19cee_mask.tiff: 429 Client Error: Too Many Requests for url: https://api.kaggle.com/v1/competitions.CompetitionApiService/DownloadDataFile

  FAIL train_label_masks/c7bd85a7a10ef6226a9873afaf00d3a2_mask.tiff: 429 Client Error: Too Many Requests for url: https://api.kaggle.com/v1/competitions.CompetitionApiService/DownloadDataFile

  FAIL train_label_masks/c7e159377563c722314bcef3e9537c10_mask.tiff: 429 Client Error: Too Many Requests for url: https://api.kaggle.com/v1/competitions.CompetitionApiService/DownloadDataFile

  FAIL train_label_masks/c7e47afdac1930aadc6630b2ffdb161b_mask.tiff: 429 Client Error: Too Many Requests for url: https://api.kaggle.com/v1/competitions.CompetitionApiService/DownloadDataFile

  FAIL train_label_masks/c7ea3610f0489ff7431fe648ddc24750_mask.tiff: 429 Client Error: Too Many Requests for url: https://api.kaggle.com/v1/competitions.CompetitionApiService/DownloadDataFile

  FAIL train_label_masks/c7f98a0c815cd3e5e2e84aa10fa08a2c_mask.tiff: 429 Client Error: Too Many Requests for url: https://api.kaggle.com/v1/competitions.CompetitionApiService/DownloadDataFile

  FAIL train_label_masks/c815395bc70fe23c78b58cb3b6f2a19c_mask.tiff: 429 Client Error: Too Many Requests for url: https://api.kaggle.com/v1/competitions.CompetitionApiService/DownloadDataFile

  FAIL train_label_masks/c81f511f1a4c64ea7f20d8c47654632f_mask.tiff: 429 Client Error: Too Many Requests for url: https://api.kaggle.com/v1/competitions.CompetitionApiService/DownloadDataFile

  FAIL train_label_masks/c830e13bcc901a882b0107569025d583_mask.tiff: 429 Client Error: Too Many Requests for url: https://api.kaggle.com/v1/competitions.CompetitionApiService/DownloadDataFile

  FAIL train_label_masks/c8406145326f8bebae90c13caebc1c6f_mask.tiff: 429 Client Error: Too Many Requests for url: https://api.kaggle.com/v1/competitions.CompetitionApiService/DownloadDataFile

  FAIL train_label_masks/c84fea3b1bf5a15085976b66ba0877dc_mask.tiff: 429 Client Error: Too Many Requests for url: https://api.kaggle.com/v1/competitions.CompetitionApiService/DownloadDataFile

  FAIL train_label_masks/c867630b14137ca898056cb4eefe1696_mask.tiff: 429 Client Error: Too Many Requests for url: https://api.kaggle.com/v1/competitions.CompetitionApiService/DownloadDataFile

  FAIL train_label_masks/c86e99892a6b79cfb79b2770530b4864_mask.tiff: 429 Client Error: Too Many Requests for url: https://api.kaggle.com/v1/competitions.CompetitionApiService/DownloadDataFile

  FAIL train_label_masks/c874de63fb72b5c081bbea4a5a7aae65_mask.tiff: 429 Client Error: Too Many Requests for url: https://api.kaggle.com/v1/competitions.CompetitionApiService/DownloadDataFile

  FAIL train_label_masks/c8846813f6660c127897a5da55050d96_mask.tiff: 429 Client Error: Too Many Requests for url: https://api.kaggle.com/v1/competitions.CompetitionApiService/DownloadDataFile

  FAIL train_label_masks/c88c9fb51014147f35ff0030161fb90f_mask.tiff: 429 Client Error: Too Many Requests for url: https://api.kaggle.com/v1/competitions.CompetitionApiService/DownloadDataFile

  FAIL train_label_masks/c89f71d6c8fdc1bce0a230bdb46935fd_mask.tiff: 429 Client Error: Too Many Requests for url: https://api.kaggle.com/v1/competitions.CompetitionApiService/DownloadDataFile

  FAIL train_label_masks/c8a09a4ef05f4b37037251a76d8f5d68_mask.tiff: 429 Client Error: Too Many Requests for url: https://api.kaggle.com/v1/competitions.CompetitionApiService/DownloadDataFile

  FAIL train_label_masks/c8a621362f5189faa7df3a4e475126dc_mask.tiff: 429 Client Error: Too Many Requests for url: https://api.kaggle.com/v1/competitions.CompetitionApiService/DownloadDataFile

  FAIL train_label_masks/c8b125a6ec7dae848e5a0617cbb395f7_mask.tiff: 429 Client Error: Too Many Requests for url: https://api.kaggle.com/v1/competitions.CompetitionApiService/DownloadDataFile

  FAIL train_label_masks/c8cb1c570b772e3f7943e254ba096e9e_mask.tiff: 429 Client Error: Too Many Requests for url: https://api.kaggle.com/v1/competitions.CompetitionApiService/DownloadDataFile

  FAIL train_label_masks/c8de1c11089f06013182abb4b5bf754d_mask.tiff: 429 Client Error: Too Many Requests for url: https://api.kaggle.com/v1/competitions.CompetitionApiService/DownloadDataFile

  FAIL train_label_masks/c8ea4dc8fe6c8348dcc4db4d01c0c84a_mask.tiff: 429 Client Error: Too Many Requests for url: https://api.kaggle.com/v1/competitions.CompetitionApiService/DownloadDataFile

  FAIL train_label_masks/c8eb53f6ee052f08e7a4684e569cbc6a_mask.tiff: 429 Client Error: Too Many Requests for url: https://api.kaggle.com/v1/competitions.CompetitionApiService/DownloadDataFile

  FAIL train_label_masks/c8f5e704b9d4cc83d2ac4b7eec6d60ed_mask.tiff: 429 Client Error: Too Many Requests for url: https://api.kaggle.com/v1/competitions.CompetitionApiService/DownloadDataFile

  FAIL train_label_masks/c8f84d9ecff20af2842de863f6963dfa_mask.tiff: 429 Client Error: Too Many Requests for url: https://api.kaggle.com/v1/competitions.CompetitionApiService/DownloadDataFile

  FAIL train_label_masks/c8fa005ff34f3a8d77605437618f1878_mask.tiff: 429 Client Error: Too Many Requests for url: https://api.kaggle.com/v1/competitions.CompetitionApiService/DownloadDataFile

  FAIL train_label_masks/c8facc7f23303f74bb3ae3101a878bdf_mask.tiff: 429 Client Error: Too Many Requests for url: https://api.kaggle.com/v1/competitions.CompetitionApiService/DownloadDataFile

  FAIL train_label_masks/c907464eee427bcfd931eacfdf64a5d8_mask.tiff: 429 Client Error: Too Many Requests for url: https://api.kaggle.com/v1/competitions.CompetitionApiService/DownloadDataFile

  FAIL train_label_masks/c93a48dcf16ce84fd7276472ce356229_mask.tiff: 429 Client Error: Too Many Requests for url: https://api.kaggle.com/v1/competitions.CompetitionApiService/DownloadDataFile

  FAIL train_label_masks/c93b8d5f45fb7dea353560cba2eebdde_mask.tiff: 429 Client Error: Too Many Requests for url: https://api.kaggle.com/v1/competitions.CompetitionApiService/DownloadDataFile

  FAIL train_label_masks/c93d4db23236f4e9d44fb3e4966b0bd3_mask.tiff: 429 Client Error: Too Many Requests for url: https://api.kaggle.com/v1/competitions.CompetitionApiService/DownloadDataFile

  FAIL train_label_masks/c949b282b94808a40935c6cfe9f2fb67_mask.tiff: 429 Client Error: Too Many Requests for url: https://api.kaggle.com/v1/competitions.CompetitionApiService/DownloadDataFile

  FAIL train_label_masks/c95bfd7e7fcb784d245163e8305143cc_mask.tiff: 429 Client Error: Too Many Requests for url: https://api.kaggle.com/v1/competitions.CompetitionApiService/DownloadDataFile

  FAIL train_label_masks/c9600084eb770e9fd5eecff32421e4d3_mask.tiff: 429 Client Error: Too Many Requests for url: https://api.kaggle.com/v1/competitions.CompetitionApiService/DownloadDataFile

  FAIL train_label_masks/c9702f84cf4495e31190352abe61160d_mask.tiff: 429 Client Error: Too Many Requests for url: https://api.kaggle.com/v1/competitions.CompetitionApiService/DownloadDataFile

  FAIL train_label_masks/c979acbb9e62ffc47c44cd16adc3bfd2_mask.tiff: 429 Client Error: Too Many Requests for url: https://api.kaggle.com/v1/competitions.CompetitionApiService/DownloadDataFile

  FAIL train_label_masks/c993a5b569eace9eb753856fde10c151_mask.tiff: 429 Client Error: Too Many Requests for url: https://api.kaggle.com/v1/competitions.CompetitionApiService/DownloadDataFile

  FAIL train_label_masks/c9c295e486e0f7f7dfb4f0fde6ff8240_mask.tiff: 429 Client Error: Too Many Requests for url: https://api.kaggle.com/v1/competitions.CompetitionApiService/DownloadDataFile

  FAIL train_label_masks/c9cdb735d0efa9d3199d86a5a298b7b8_mask.tiff: 429 Client Error: Too Many Requests for url: https://api.kaggle.com/v1/competitions.CompetitionApiService/DownloadDataFile

  FAIL train_label_masks/ca0798453868081bc8aeeabb01847d4e_mask.tiff: 429 Client Error: Too Many Requests for url: https://api.kaggle.com/v1/competitions.CompetitionApiService/DownloadDataFile

  FAIL train_label_masks/ca1d0ba4f959e2f47667b94fa5e958c0_mask.tiff: 429 Client Error: Too Many Requests for url: https://api.kaggle.com/v1/competitions.CompetitionApiService/DownloadDataFile

  FAIL train_label_masks/ca66a5c35e8d7f0e026086d58922aca7_mask.tiff: 429 Client Error: Too Many Requests for url: https://api.kaggle.com/v1/competitions.CompetitionApiService/DownloadDataFile

  FAIL train_label_masks/ca6c4f4b24578588762712262de479ab_mask.tiff: 429 Client Error: Too Many Requests for url: https://api.kaggle.com/v1/competitions.CompetitionApiService/DownloadDataFile

  FAIL train_label_masks/ca7e20935c1f277b2ac228ab363b371a_mask.tiff: 429 Client Error: Too Many Requests for url: https://api.kaggle.com/v1/competitions.CompetitionApiService/DownloadDataFile

  FAIL train_label_masks/ca83118f81f560d2f8a27b80307089c3_mask.tiff: 429 Client Error: Too Many Requests for url: https://api.kaggle.com/v1/competitions.CompetitionApiService/DownloadDataFile

  FAIL train_label_masks/ca8d1d9139e69459bfbd3fdfbd909e8e_mask.tiff: 429 Client Error: Too Many Requests for url: https://api.kaggle.com/v1/competitions.CompetitionApiService/DownloadDataFile

  FAIL train_label_masks/caa14fb2f0bbb55d6718f0d090752a32_mask.tiff: 429 Client Error: Too Many Requests for url: https://api.kaggle.com/v1/competitions.CompetitionApiService/DownloadDataFile

  FAIL train_label_masks/caaf2645fd3ea43541dad8081e351689_mask.tiff: 429 Client Error: Too Many Requests for url: https://api.kaggle.com/v1/competitions.CompetitionApiService/DownloadDataFile

  FAIL train_label_masks/cab0adfc6e551c4cca471512b2e200fd_mask.tiff: 429 Client Error: Too Many Requests for url: https://api.kaggle.com/v1/competitions.CompetitionApiService/DownloadDataFile

  FAIL train_label_masks/cab39b2a0617d8bb4c0f2ae6859d2241_mask.tiff: 429 Client Error: Too Many Requests for url: https://api.kaggle.com/v1/competitions.CompetitionApiService/DownloadDataFile

  FAIL train_label_masks/cab3be5d1206bf586249afffb74ab846_mask.tiff: 429 Client Error: Too Many Requests for url: https://api.kaggle.com/v1/competitions.CompetitionApiService/DownloadDataFile

  FAIL train_label_masks/cab3d02d82d55997dfabc99e84516de7_mask.tiff: 429 Client Error: Too Many Requests for url: https://api.kaggle.com/v1/competitions.CompetitionApiService/DownloadDataFile

  FAIL train_label_masks/cab4f26bbd85ca92545f40bff547ae9b_mask.tiff: 429 Client Error: Too Many Requests for url: https://api.kaggle.com/v1/competitions.CompetitionApiService/DownloadDataFile

  FAIL train_label_masks/cac4a6e019153f88b52ae2fba6b20cef_mask.tiff: 429 Client Error: Too Many Requests for url: https://api.kaggle.com/v1/competitions.CompetitionApiService/DownloadDataFile

  FAIL train_label_masks/cacafc88559ad26efe04463c52195f4c_mask.tiff: 429 Client Error: Too Many Requests for url: https://api.kaggle.com/v1/competitions.CompetitionApiService/DownloadDataFile

  FAIL train_label_masks/cacf5097de53eb9db8566f3f48522bda_mask.tiff: 429 Client Error: Too Many Requests for url: https://api.kaggle.com/v1/competitions.CompetitionApiService/DownloadDataFile

  FAIL train_label_masks/cae077a0259202d61eaf7f10424b148a_mask.tiff: 429 Client Error: Too Many Requests for url: https://api.kaggle.com/v1/competitions.CompetitionApiService/DownloadDataFile

  FAIL train_label_masks/cae520ae95d1e52de8b6df570d995a11_mask.tiff: 429 Client Error: Too Many Requests for url: https://api.kaggle.com/v1/competitions.CompetitionApiService/DownloadDataFile

  FAIL train_label_masks/caee5cd6d6691f96111daa9a32dd6431_mask.tiff: 429 Client Error: Too Many Requests for url: https://api.kaggle.com/v1/competitions.CompetitionApiService/DownloadDataFile

  FAIL train_label_masks/cafac2ca8ceb7ff02a90fc2a2094def5_mask.tiff: 429 Client Error: Too Many Requests for url: https://api.kaggle.com/v1/competitions.CompetitionApiService/DownloadDataFile

  FAIL train_label_masks/cb0a506d82d41888c1e0b1d54649a53c_mask.tiff: 429 Client Error: Too Many Requests for url: https://api.kaggle.com/v1/competitions.CompetitionApiService/DownloadDataFile

  FAIL train_label_masks/cb1b1213d0db6f21fa337069570f296c_mask.tiff: 429 Client Error: Too Many Requests for url: https://api.kaggle.com/v1/competitions.CompetitionApiService/DownloadDataFile

  FAIL train_label_masks/cb3da5be4fa20fa73ff61d8b6f7d3492_mask.tiff: 429 Client Error: Too Many Requests for url: https://api.kaggle.com/v1/competitions.CompetitionApiService/DownloadDataFile

  FAIL train_label_masks/cb3e609099b77a0d25918e6837e2a5aa_mask.tiff: 429 Client Error: Too Many Requests for url: https://api.kaggle.com/v1/competitions.CompetitionApiService/DownloadDataFile

  FAIL train_label_masks/cb3e71bd3331bf85370d0a3a3071f47c_mask.tiff: 429 Client Error: Too Many Requests for url: https://api.kaggle.com/v1/competitions.CompetitionApiService/DownloadDataFile

  FAIL train_label_masks/cb447241302fbb5026b7cd6837232331_mask.tiff: 429 Client Error: Too Many Requests for url: https://api.kaggle.com/v1/competitions.CompetitionApiService/DownloadDataFile

  FAIL train_label_masks/cb4dce32e66ce659b386933a77ff59b1_mask.tiff: 429 Client Error: Too Many Requests for url: https://api.kaggle.com/v1/competitions.CompetitionApiService/DownloadDataFile

  FAIL train_label_masks/cb56eeb149fe1d3df30a43e374d7ab94_mask.tiff: 429 Client Error: Too Many Requests for url: https://api.kaggle.com/v1/competitions.CompetitionApiService/DownloadDataFile

  FAIL train_label_masks/cb5ce5e8af1a91fda5efb238e2e54f58_mask.tiff: 429 Client Error: Too Many Requests for url: https://api.kaggle.com/v1/competitions.CompetitionApiService/DownloadDataFile

  FAIL train_label_masks/cb64b562b53fad75ad9a575bb9150c00_mask.tiff: 429 Client Error: Too Many Requests for url: https://api.kaggle.com/v1/competitions.CompetitionApiService/DownloadDataFile

  FAIL train_label_masks/cb7b640bd2d43968c3bddbfaa66eb4b7_mask.tiff: 429 Client Error: Too Many Requests for url: https://api.kaggle.com/v1/competitions.CompetitionApiService/DownloadDataFile

  FAIL train_label_masks/cb88d17eb5534d45ea5377f92ff00bc5_mask.tiff: 429 Client Error: Too Many Requests for url: https://api.kaggle.com/v1/competitions.CompetitionApiService/DownloadDataFile

  FAIL train_label_masks/cb91772271b72c237c42f64fb6d2e84e_mask.tiff: 429 Client Error: Too Many Requests for url: https://api.kaggle.com/v1/competitions.CompetitionApiService/DownloadDataFile

  FAIL train_label_masks/cb9467b3ebfe0885daa1f6f2ce03196f_mask.tiff: 429 Client Error: Too Many Requests for url: https://api.kaggle.com/v1/competitions.CompetitionApiService/DownloadDataFile

  FAIL train_label_masks/cb9bc923249b183c8fc5b904f622695e_mask.tiff: 429 Client Error: Too Many Requests for url: https://api.kaggle.com/v1/competitions.CompetitionApiService/DownloadDataFile

  FAIL train_label_masks/cbaaf646e582b153aa87262de00bd4a0_mask.tiff: 429 Client Error: Too Many Requests for url: https://api.kaggle.com/v1/competitions.CompetitionApiService/DownloadDataFile

  FAIL train_label_masks/cbad739adf8a8bf6803b77f81946f8a4_mask.tiff: 429 Client Error: Too Many Requests for url: https://api.kaggle.com/v1/competitions.CompetitionApiService/DownloadDataFile

  FAIL train_label_masks/cbe58732cb94078090d6a35b712e19d8_mask.tiff: 429 Client Error: Too Many Requests for url: https://api.kaggle.com/v1/competitions.CompetitionApiService/DownloadDataFile

  FAIL train_label_masks/cbf05dbfcf24b4fc7dded902c1ac37e3_mask.tiff: 429 Client Error: Too Many Requests for url: https://api.kaggle.com/v1/competitions.CompetitionApiService/DownloadDataFile

  FAIL train_label_masks/cbff820f299b577e2af5ed136b6ef6eb_mask.tiff: 429 Client Error: Too Many Requests for url: https://api.kaggle.com/v1/competitions.CompetitionApiService/DownloadDataFile

  FAIL train_label_masks/cc2681fc29015a9c20bca401aba9d489_mask.tiff: 429 Client Error: Too Many Requests for url: https://api.kaggle.com/v1/competitions.CompetitionApiService/DownloadDataFile

  FAIL train_label_masks/cc43f8965a64a1f22b3162b91e7a1bcf_mask.tiff: 429 Client Error: Too Many Requests for url: https://api.kaggle.com/v1/competitions.CompetitionApiService/DownloadDataFile

  FAIL train_label_masks/cc49ab08ac59448bd5158ab994eb7350_mask.tiff: 429 Client Error: Too Many Requests for url: https://api.kaggle.com/v1/competitions.CompetitionApiService/DownloadDataFile

  FAIL train_label_masks/cc69b5e397b5d44eb220566b0bfbed78_mask.tiff: 429 Client Error: Too Many Requests for url: https://api.kaggle.com/v1/competitions.CompetitionApiService/DownloadDataFile

  FAIL train_label_masks/cc749cec9e37b3e141e62a6a33c6eaf3_mask.tiff: 429 Client Error: Too Many Requests for url: https://api.kaggle.com/v1/competitions.CompetitionApiService/DownloadDataFile

  FAIL train_label_masks/cc759aa48c28b7711bfbfc7ebbbd762d_mask.tiff: 429 Client Error: Too Many Requests for url: https://api.kaggle.com/v1/competitions.CompetitionApiService/DownloadDataFile

  FAIL train_label_masks/cc75ac1620668231d5cc98975937aad3_mask.tiff: 429 Client Error: Too Many Requests for url: https://api.kaggle.com/v1/competitions.CompetitionApiService/DownloadDataFile

  FAIL train_label_masks/cc8e0db9056592acd465f3457bc06177_mask.tiff: 429 Client Error: Too Many Requests for url: https://api.kaggle.com/v1/competitions.CompetitionApiService/DownloadDataFile

  FAIL train_label_masks/cca2cbc5a43349c6e79201e8ee02660b_mask.tiff: 429 Client Error: Too Many Requests for url: https://api.kaggle.com/v1/competitions.CompetitionApiService/DownloadDataFile

  FAIL train_label_masks/cca735c397880e88192e97d68b97754e_mask.tiff: 429 Client Error: Too Many Requests for url: https://api.kaggle.com/v1/competitions.CompetitionApiService/DownloadDataFile

  FAIL train_label_masks/ccc369b1011a0bf8ab0d11b2ac495bc8_mask.tiff: 429 Client Error: Too Many Requests for url: https://api.kaggle.com/v1/competitions.CompetitionApiService/DownloadDataFile

  FAIL train_label_masks/ccc36a9cc1e759ad828fafbb7694c4a6_mask.tiff: 429 Client Error: Too Many Requests for url: https://api.kaggle.com/v1/competitions.CompetitionApiService/DownloadDataFile

  FAIL train_label_masks/ccd8233766596e1c14e70f77740b87b5_mask.tiff: 429 Client Error: Too Many Requests for url: https://api.kaggle.com/v1/competitions.CompetitionApiService/DownloadDataFile

  FAIL train_label_masks/ccf41d11135d582d9e184970c7eff9c8_mask.tiff: 429 Client Error: Too Many Requests for url: https://api.kaggle.com/v1/competitions.CompetitionApiService/DownloadDataFile

  FAIL train_label_masks/ccf93fec7c1fccc631606b07af2342b9_mask.tiff: 429 Client Error: Too Many Requests for url: https://api.kaggle.com/v1/competitions.CompetitionApiService/DownloadDataFile

  FAIL train_label_masks/ccf9d24a414565e908da2e72beb306de_mask.tiff: 429 Client Error: Too Many Requests for url: https://api.kaggle.com/v1/competitions.CompetitionApiService/DownloadDataFile

  FAIL train_label_masks/cd0caa41fe8b3cfb5d80601d1065e597_mask.tiff: 429 Client Error: Too Many Requests for url: https://api.kaggle.com/v1/competitions.CompetitionApiService/DownloadDataFile

  FAIL train_label_masks/cd11306b822ad900babf0497b524d8d9_mask.tiff: 429 Client Error: Too Many Requests for url: https://api.kaggle.com/v1/competitions.CompetitionApiService/DownloadDataFile

  FAIL train_label_masks/cd248eb09a3e4a1ce70b2745f45ce332_mask.tiff: 429 Client Error: Too Many Requests for url: https://api.kaggle.com/v1/competitions.CompetitionApiService/DownloadDataFile

  FAIL train_label_masks/cd5ba6aadfeafe1aa567c7d18fe93660_mask.tiff: 429 Client Error: Too Many Requests for url: https://api.kaggle.com/v1/competitions.CompetitionApiService/DownloadDataFile

  FAIL train_label_masks/cd6173efcecbac38897f78131119e59c_mask.tiff: 429 Client Error: Too Many Requests for url: https://api.kaggle.com/v1/competitions.CompetitionApiService/DownloadDataFile

  FAIL train_label_masks/cd636fee80a3058dcd3f5428d997a153_mask.tiff: 429 Client Error: Too Many Requests for url: https://api.kaggle.com/v1/competitions.CompetitionApiService/DownloadDataFile

  FAIL train_label_masks/cd7175bb0b7c06c92b99d1432c12ebe0_mask.tiff: 429 Client Error: Too Many Requests for url: https://api.kaggle.com/v1/competitions.CompetitionApiService/DownloadDataFile

  FAIL train_label_masks/cd8d74b77f1fc44b5fb034049913af43_mask.tiff: 429 Client Error: Too Many Requests for url: https://api.kaggle.com/v1/competitions.CompetitionApiService/DownloadDataFile

  FAIL train_label_masks/cd9465086595101ef9564b9d8c303c38_mask.tiff: 429 Client Error: Too Many Requests for url: https://api.kaggle.com/v1/competitions.CompetitionApiService/DownloadDataFile

  FAIL train_label_masks/cd9b8f5118bb6e5bf92edb4a5aed4455_mask.tiff: 429 Client Error: Too Many Requests for url: https://api.kaggle.com/v1/competitions.CompetitionApiService/DownloadDataFile

  FAIL train_label_masks/cd9c3b20829419695429f656fc340821_mask.tiff: 429 Client Error: Too Many Requests for url: https://api.kaggle.com/v1/competitions.CompetitionApiService/DownloadDataFile

  FAIL train_label_masks/cdb4764932947b3b48d87c8322015b17_mask.tiff: 429 Client Error: Too Many Requests for url: https://api.kaggle.com/v1/competitions.CompetitionApiService/DownloadDataFile

  FAIL train_label_masks/cdb7663719497428b4d9243b76da3ace_mask.tiff: 429 Client Error: Too Many Requests for url: https://api.kaggle.com/v1/competitions.CompetitionApiService/DownloadDataFile

  FAIL train_label_masks/cdc62b9e07d25bb4ceac1ba9d09e6e12_mask.tiff: 429 Client Error: Too Many Requests for url: https://api.kaggle.com/v1/competitions.CompetitionApiService/DownloadDataFile

  FAIL train_label_masks/cdcf73225944d4e87e64f178371d897b_mask.tiff: 429 Client Error: Too Many Requests for url: https://api.kaggle.com/v1/competitions.CompetitionApiService/DownloadDataFile

  FAIL train_label_masks/cdd38de824722c0bf9d9494c258c6bf6_mask.tiff: 429 Client Error: Too Many Requests for url: https://api.kaggle.com/v1/competitions.CompetitionApiService/DownloadDataFile

  FAIL train_label_masks/cdddbff5034599ef91bdeb764280916c_mask.tiff: 429 Client Error: Too Many Requests for url: https://api.kaggle.com/v1/competitions.CompetitionApiService/DownloadDataFile

  FAIL train_label_masks/cde5025e8daabf4a99d549a6d76442f3_mask.tiff: 429 Client Error: Too Many Requests for url: https://api.kaggle.com/v1/competitions.CompetitionApiService/DownloadDataFile

  FAIL train_label_masks/cdf1f6e142dcabb9c481c919ada4a4c7_mask.tiff: 429 Client Error: Too Many Requests for url: https://api.kaggle.com/v1/competitions.CompetitionApiService/DownloadDataFile

  FAIL train_label_masks/cdf40333dfe2afec1a4c54d9eeb1ec7a_mask.tiff: 429 Client Error: Too Many Requests for url: https://api.kaggle.com/v1/competitions.CompetitionApiService/DownloadDataFile

  FAIL train_label_masks/cdffccb112b4bc1ccd2dcc1cc3e948cd_mask.tiff: 429 Client Error: Too Many Requests for url: https://api.kaggle.com/v1/competitions.CompetitionApiService/DownloadDataFile

  FAIL train_label_masks/ce04c1a8d8577bb9620620c0a62edb15_mask.tiff: 429 Client Error: Too Many Requests for url: https://api.kaggle.com/v1/competitions.CompetitionApiService/DownloadDataFile

  FAIL train_label_masks/ce07aae37ab28e6276bcab332a9706c9_mask.tiff: 429 Client Error: Too Many Requests for url: https://api.kaggle.com/v1/competitions.CompetitionApiService/DownloadDataFile

  FAIL train_label_masks/ce4609213e63dd5d89e2b249d3e00ac6_mask.tiff: 429 Client Error: Too Many Requests for url: https://api.kaggle.com/v1/competitions.CompetitionApiService/DownloadDataFile

  FAIL train_label_masks/ce5578cd0044db806cbfc334f9013316_mask.tiff: 429 Client Error: Too Many Requests for url: https://api.kaggle.com/v1/competitions.CompetitionApiService/DownloadDataFile

  FAIL train_label_masks/ce5f21729823eb5d67ce2d874844e70d_mask.tiff: 429 Client Error: Too Many Requests for url: https://api.kaggle.com/v1/competitions.CompetitionApiService/DownloadDataFile

  FAIL train_label_masks/ce6a38ef5d41129056e35b787bbba46e_mask.tiff: 429 Client Error: Too Many Requests for url: https://api.kaggle.com/v1/competitions.CompetitionApiService/DownloadDataFile

  FAIL train_label_masks/ce6affc23b0d11aebf574b6d14e26b79_mask.tiff: 429 Client Error: Too Many Requests for url: https://api.kaggle.com/v1/competitions.CompetitionApiService/DownloadDataFile

  FAIL train_label_masks/ce7817cab3ef2a86003458ddab80269b_mask.tiff: 429 Client Error: Too Many Requests for url: https://api.kaggle.com/v1/competitions.CompetitionApiService/DownloadDataFile

  FAIL train_label_masks/ce8f7d335ba01839ce10eaff44daff42_mask.tiff: 429 Client Error: Too Many Requests for url: https://api.kaggle.com/v1/competitions.CompetitionApiService/DownloadDataFile

  FAIL train_label_masks/ce9932f7fb31128b15ef9390cc78fe4b_mask.tiff: 429 Client Error: Too Many Requests for url: https://api.kaggle.com/v1/competitions.CompetitionApiService/DownloadDataFile

  FAIL train_label_masks/cec3c34a4776cfc9e2b867b8c420fd53_mask.tiff: 429 Client Error: Too Many Requests for url: https://api.kaggle.com/v1/competitions.CompetitionApiService/DownloadDataFile

  FAIL train_label_masks/cec81433693d2168ddee15f9bb37dc19_mask.tiff: 429 Client Error: Too Many Requests for url: https://api.kaggle.com/v1/competitions.CompetitionApiService/DownloadDataFile

  FAIL train_label_masks/cee7b2752a60314af93ae14dae4124ec_mask.tiff: 429 Client Error: Too Many Requests for url: https://api.kaggle.com/v1/competitions.CompetitionApiService/DownloadDataFile

  FAIL train_label_masks/cef4044dc0fb83b93818d1c410591e7b_mask.tiff: 429 Client Error: Too Many Requests for url: https://api.kaggle.com/v1/competitions.CompetitionApiService/DownloadDataFile

  FAIL train_label_masks/cf0fd3c2ca4f97a09395122792cc4f76_mask.tiff: 429 Client Error: Too Many Requests for url: https://api.kaggle.com/v1/competitions.CompetitionApiService/DownloadDataFile

  FAIL train_label_masks/cf19c18868fc35dfd2628358ca4b73f1_mask.tiff: 429 Client Error: Too Many Requests for url: https://api.kaggle.com/v1/competitions.CompetitionApiService/DownloadDataFile

  FAIL train_label_masks/cf1c7e7e632db44c5ca6de473da247e6_mask.tiff: 429 Client Error: Too Many Requests for url: https://api.kaggle.com/v1/competitions.CompetitionApiService/DownloadDataFile

  FAIL train_label_masks/cf28cb8b44e9549b766ece06085f647f_mask.tiff: 429 Client Error: Too Many Requests for url: https://api.kaggle.com/v1/competitions.CompetitionApiService/DownloadDataFile

  FAIL train_label_masks/cf2d2942b89d99574da83a3dea91d8fe_mask.tiff: 429 Client Error: Too Many Requests for url: https://api.kaggle.com/v1/competitions.CompetitionApiService/DownloadDataFile

  FAIL train_label_masks/cf30df304e1b75bc28624ef1d5c2cf6e_mask.tiff: 429 Client Error: Too Many Requests for url: https://api.kaggle.com/v1/competitions.CompetitionApiService/DownloadDataFile

  FAIL train_label_masks/cf330aa80b0a7c79250822622cef45da_mask.tiff: 429 Client Error: Too Many Requests for url: https://api.kaggle.com/v1/competitions.CompetitionApiService/DownloadDataFile

  FAIL train_label_masks/cf385dd3211d78cdcfa8c90c2bab5b37_mask.tiff: 429 Client Error: Too Many Requests for url: https://api.kaggle.com/v1/competitions.CompetitionApiService/DownloadDataFile

  FAIL train_label_masks/cf55f513b16209a90e3d71b1f5234c95_mask.tiff: 429 Client Error: Too Many Requests for url: https://api.kaggle.com/v1/competitions.CompetitionApiService/DownloadDataFile

  FAIL train_label_masks/cf6d2d5e9dd37892e7aeb4cd12f76db3_mask.tiff: 429 Client Error: Too Many Requests for url: https://api.kaggle.com/v1/competitions.CompetitionApiService/DownloadDataFile

  FAIL train_label_masks/cf7f123c8b625d018cd97190a3fb3d51_mask.tiff: 429 Client Error: Too Many Requests for url: https://api.kaggle.com/v1/competitions.CompetitionApiService/DownloadDataFile

  FAIL train_label_masks/cf811d5af1bb735310b1a7775cd2ee9f_mask.tiff: 429 Client Error: Too Many Requests for url: https://api.kaggle.com/v1/competitions.CompetitionApiService/DownloadDataFile

  FAIL train_label_masks/cf82146a7d5cfc712501c6471ccb882e_mask.tiff: 429 Client Error: Too Many Requests for url: https://api.kaggle.com/v1/competitions.CompetitionApiService/DownloadDataFile

  FAIL train_label_masks/cf8ab5a2ce0ff0b3d025ddb3ba1937a2_mask.tiff: 429 Client Error: Too Many Requests for url: https://api.kaggle.com/v1/competitions.CompetitionApiService/DownloadDataFile

  FAIL train_label_masks/cf8b47846bb4ca7eb4445600a32480b1_mask.tiff: 429 Client Error: Too Many Requests for url: https://api.kaggle.com/v1/competitions.CompetitionApiService/DownloadDataFile

  FAIL train_label_masks/cf9442b28b0296a240c1766e910ab08f_mask.tiff: 429 Client Error: Too Many Requests for url: https://api.kaggle.com/v1/competitions.CompetitionApiService/DownloadDataFile

  FAIL train_label_masks/cf98288a084de953fd69b8cde784b755_mask.tiff: 429 Client Error: Too Many Requests for url: https://api.kaggle.com/v1/competitions.CompetitionApiService/DownloadDataFile

  FAIL train_label_masks/cfaec8e16eae41da6abd659145a865f7_mask.tiff: 429 Client Error: Too Many Requests for url: https://api.kaggle.com/v1/competitions.CompetitionApiService/DownloadDataFile

  FAIL train_label_masks/cfc8739fcc8e3d89f162ef4718c4e4c5_mask.tiff: 429 Client Error: Too Many Requests for url: https://api.kaggle.com/v1/competitions.CompetitionApiService/DownloadDataFile

  FAIL train_label_masks/cfcd8b9846989be50730a0fcad497edd_mask.tiff: 429 Client Error: Too Many Requests for url: https://api.kaggle.com/v1/competitions.CompetitionApiService/DownloadDataFile

  FAIL train_label_masks/cfdac1ca5172b91340648a9c1ed43a65_mask.tiff: 429 Client Error: Too Many Requests for url: https://api.kaggle.com/v1/competitions.CompetitionApiService/DownloadDataFile

  FAIL train_label_masks/cfdcf7c4d670c85e658b4286c7807bed_mask.tiff: 429 Client Error: Too Many Requests for url: https://api.kaggle.com/v1/competitions.CompetitionApiService/DownloadDataFile

  FAIL train_label_masks/cffe816dc2dae6fb3f918ed68148d26a_mask.tiff: 429 Client Error: Too Many Requests for url: https://api.kaggle.com/v1/competitions.CompetitionApiService/DownloadDataFile

  FAIL train_label_masks/d003f5002399be95a85780d36462def4_mask.tiff: 429 Client Error: Too Many Requests for url: https://api.kaggle.com/v1/competitions.CompetitionApiService/DownloadDataFile

  FAIL train_label_masks/d02887ef5011de35ded020b2f1d6e922_mask.tiff: 429 Client Error: Too Many Requests for url: https://api.kaggle.com/v1/competitions.CompetitionApiService/DownloadDataFile

  FAIL train_label_masks/d02c1da03b5ef4fb5ea6b793a3c1fc79_mask.tiff: 429 Client Error: Too Many Requests for url: https://api.kaggle.com/v1/competitions.CompetitionApiService/DownloadDataFile

  FAIL train_label_masks/d0461ccb7f1b70ee7dc3188422e246d9_mask.tiff: 429 Client Error: Too Many Requests for url: https://api.kaggle.com/v1/competitions.CompetitionApiService/DownloadDataFile

  FAIL train_label_masks/d04a52ee5ed0a35c5741c7276eb0a063_mask.tiff: 429 Client Error: Too Many Requests for url: https://api.kaggle.com/v1/competitions.CompetitionApiService/DownloadDataFile

  FAIL train_label_masks/d067d3241f1340c9c54c1b78a5a780cf_mask.tiff: 429 Client Error: Too Many Requests for url: https://api.kaggle.com/v1/competitions.CompetitionApiService/DownloadDataFile

  FAIL train_label_masks/d069c3a1245936e89b9d7d8beff2f1d6_mask.tiff: 429 Client Error: Too Many Requests for url: https://api.kaggle.com/v1/competitions.CompetitionApiService/DownloadDataFile

  FAIL train_label_masks/d06caef003246b913feba14f74dc9e1a_mask.tiff: 429 Client Error: Too Many Requests for url: https://api.kaggle.com/v1/competitions.CompetitionApiService/DownloadDataFile

  FAIL train_label_masks/d0722f1c8a76133ce8400a4c1dafce5a_mask.tiff: 429 Client Error: Too Many Requests for url: https://api.kaggle.com/v1/competitions.CompetitionApiService/DownloadDataFile

  FAIL train_label_masks/d086283d558caa08041b9f13b1580737_mask.tiff: 429 Client Error: Too Many Requests for url: https://api.kaggle.com/v1/competitions.CompetitionApiService/DownloadDataFile

  FAIL train_label_masks/d088f8e0bbd26aeec7525368606a9fd4_mask.tiff: 429 Client Error: Too Many Requests for url: https://api.kaggle.com/v1/competitions.CompetitionApiService/DownloadDataFile

  FAIL train_label_masks/d08bd91bd82152478e446b6c0aca6d4a_mask.tiff: 429 Client Error: Too Many Requests for url: https://api.kaggle.com/v1/competitions.CompetitionApiService/DownloadDataFile

  FAIL train_label_masks/d09073da9721209068a47d2b842c63a9_mask.tiff: 429 Client Error: Too Many Requests for url: https://api.kaggle.com/v1/competitions.CompetitionApiService/DownloadDataFile

  FAIL train_label_masks/d0a19a35996817e2b7a5f4c6c35c57be_mask.tiff: 429 Client Error: Too Many Requests for url: https://api.kaggle.com/v1/competitions.CompetitionApiService/DownloadDataFile

  FAIL train_label_masks/d0acc11d83aab44601a615247aaa1622_mask.tiff: 429 Client Error: Too Many Requests for url: https://api.kaggle.com/v1/competitions.CompetitionApiService/DownloadDataFile

  FAIL train_label_masks/d0bd34262db1f6c9753c6ead015e347f_mask.tiff: 429 Client Error: Too Many Requests for url: https://api.kaggle.com/v1/competitions.CompetitionApiService/DownloadDataFile

  FAIL train_label_masks/d0cb73c9ad19c13c6fe93cc2c61cc073_mask.tiff: 429 Client Error: Too Many Requests for url: https://api.kaggle.com/v1/competitions.CompetitionApiService/DownloadDataFile

  FAIL train_label_masks/d0cf594c5106fb84e894c0b12013f367_mask.tiff: 429 Client Error: Too Many Requests for url: https://api.kaggle.com/v1/competitions.CompetitionApiService/DownloadDataFile

  FAIL train_label_masks/d0d12390438f3ed80f9651117dd961d7_mask.tiff: 429 Client Error: Too Many Requests for url: https://api.kaggle.com/v1/competitions.CompetitionApiService/DownloadDataFile

  FAIL train_label_masks/d0d27aeca4fd3a00340812c03b692f56_mask.tiff: 429 Client Error: Too Many Requests for url: https://api.kaggle.com/v1/competitions.CompetitionApiService/DownloadDataFile

  FAIL train_label_masks/d0e4a4827c5ce9d7cc92f05e25674b71_mask.tiff: 429 Client Error: Too Many Requests for url: https://api.kaggle.com/v1/competitions.CompetitionApiService/DownloadDataFile

  FAIL train_label_masks/d0fe5433525c2dd49ca417cc8a4c82e8_mask.tiff: 429 Client Error: Too Many Requests for url: https://api.kaggle.com/v1/competitions.CompetitionApiService/DownloadDataFile

  FAIL train_label_masks/d10444705e9e97c52affab94ba03f7be_mask.tiff: 429 Client Error: Too Many Requests for url: https://api.kaggle.com/v1/competitions.CompetitionApiService/DownloadDataFile

  FAIL train_label_masks/d1071efa4e88c78030b7fb2b46217943_mask.tiff: 429 Client Error: Too Many Requests for url: https://api.kaggle.com/v1/competitions.CompetitionApiService/DownloadDataFile

  FAIL train_label_masks/d1088ba933bd7066a3a777f542f61fa6_mask.tiff: 429 Client Error: Too Many Requests for url: https://api.kaggle.com/v1/competitions.CompetitionApiService/DownloadDataFile

  FAIL train_label_masks/d111dfd7a4f8fda7af0ea489a9dea0fd_mask.tiff: 429 Client Error: Too Many Requests for url: https://api.kaggle.com/v1/competitions.CompetitionApiService/DownloadDataFile

  FAIL train_label_masks/d11c87201830d5e0b853fe783ff28b70_mask.tiff: 429 Client Error: Too Many Requests for url: https://api.kaggle.com/v1/competitions.CompetitionApiService/DownloadDataFile

  FAIL train_label_masks/d12d9f200e1746eddbbe430243a46cb3_mask.tiff: 429 Client Error: Too Many Requests for url: https://api.kaggle.com/v1/competitions.CompetitionApiService/DownloadDataFile

  FAIL train_label_masks/d13eecf391803d164d6f0fd89f1871e8_mask.tiff: 429 Client Error: Too Many Requests for url: https://api.kaggle.com/v1/competitions.CompetitionApiService/DownloadDataFile

  FAIL train_label_masks/d14168b713f3ba30243a69837a001115_mask.tiff: 429 Client Error: Too Many Requests for url: https://api.kaggle.com/v1/competitions.CompetitionApiService/DownloadDataFile

  FAIL train_label_masks/d170e740852da74410caa708246dc4de_mask.tiff: 429 Client Error: Too Many Requests for url: https://api.kaggle.com/v1/competitions.CompetitionApiService/DownloadDataFile

  FAIL train_label_masks/d1766314b6c9a6f528f4cb6643798d41_mask.tiff: 429 Client Error: Too Many Requests for url: https://api.kaggle.com/v1/competitions.CompetitionApiService/DownloadDataFile

  FAIL train_label_masks/d1870bceedacbf78037200cae693a8ad_mask.tiff: 429 Client Error: Too Many Requests for url: https://api.kaggle.com/v1/competitions.CompetitionApiService/DownloadDataFile

  FAIL train_label_masks/d18c24df948f2d59ce38b6c97a0045d0_mask.tiff: 429 Client Error: Too Many Requests for url: https://api.kaggle.com/v1/competitions.CompetitionApiService/DownloadDataFile

  FAIL train_label_masks/d19246d956e226f8a41ad8848482c5fe_mask.tiff: 429 Client Error: Too Many Requests for url: https://api.kaggle.com/v1/competitions.CompetitionApiService/DownloadDataFile

  FAIL train_label_masks/d1a7929f14a24aad1e0f2178ae2ab08e_mask.tiff: 429 Client Error: Too Many Requests for url: https://api.kaggle.com/v1/competitions.CompetitionApiService/DownloadDataFile

  FAIL train_label_masks/d1a9750fbe2b10c8d52dfddf4cb1bde3_mask.tiff: 429 Client Error: Too Many Requests for url: https://api.kaggle.com/v1/competitions.CompetitionApiService/DownloadDataFile

  FAIL train_label_masks/d1baa7e7eae6ec14a7342a27ab6a4b37_mask.tiff: 429 Client Error: Too Many Requests for url: https://api.kaggle.com/v1/competitions.CompetitionApiService/DownloadDataFile

  FAIL train_label_masks/d1d01215e79310f53de9ccdb32842e4e_mask.tiff: 429 Client Error: Too Many Requests for url: https://api.kaggle.com/v1/competitions.CompetitionApiService/DownloadDataFile

  FAIL train_label_masks/d1d6ed6317466e46f6c8574d1508972d_mask.tiff: 429 Client Error: Too Many Requests for url: https://api.kaggle.com/v1/competitions.CompetitionApiService/DownloadDataFile

  FAIL train_label_masks/d1de8d4b1b39a0daeb0038f93931665d_mask.tiff: 429 Client Error: Too Many Requests for url: https://api.kaggle.com/v1/competitions.CompetitionApiService/DownloadDataFile

  FAIL train_label_masks/d1df1946a0d00bdf843cbbedbe98fa4b_mask.tiff: 429 Client Error: Too Many Requests for url: https://api.kaggle.com/v1/competitions.CompetitionApiService/DownloadDataFile

  FAIL train_label_masks/d1ebc07cf1375909d41a2021249820e5_mask.tiff: 429 Client Error: Too Many Requests for url: https://api.kaggle.com/v1/competitions.CompetitionApiService/DownloadDataFile

  FAIL train_label_masks/d1ec2a1c9426ba4bcd9a5bb5fd047ee9_mask.tiff: 429 Client Error: Too Many Requests for url: https://api.kaggle.com/v1/competitions.CompetitionApiService/DownloadDataFile

  FAIL train_label_masks/d21fc3c161dc9360ff603454f406f3c1_mask.tiff: 429 Client Error: Too Many Requests for url: https://api.kaggle.com/v1/competitions.CompetitionApiService/DownloadDataFile

  FAIL train_label_masks/d22031e32aaed68b8e5119271ed8b86f_mask.tiff: 429 Client Error: Too Many Requests for url: https://api.kaggle.com/v1/competitions.CompetitionApiService/DownloadDataFile

  FAIL train_label_masks/d22037cd1b81cea986e4c0a77c9fc2bd_mask.tiff: 429 Client Error: Too Many Requests for url: https://api.kaggle.com/v1/competitions.CompetitionApiService/DownloadDataFile

  FAIL train_label_masks/d238858042506302cfc15c63db81341b_mask.tiff: 429 Client Error: Too Many Requests for url: https://api.kaggle.com/v1/competitions.CompetitionApiService/DownloadDataFile

  FAIL train_label_masks/d2728eec000198df9000ee2bb07fe2b0_mask.tiff: 429 Client Error: Too Many Requests for url: https://api.kaggle.com/v1/competitions.CompetitionApiService/DownloadDataFile

  FAIL train_label_masks/d27cfb2b30e4b435f0d0e38997050988_mask.tiff: 429 Client Error: Too Many Requests for url: https://api.kaggle.com/v1/competitions.CompetitionApiService/DownloadDataFile

  FAIL train_label_masks/d284c0c04e9c24ed036a882a92823ec5_mask.tiff: 429 Client Error: Too Many Requests for url: https://api.kaggle.com/v1/competitions.CompetitionApiService/DownloadDataFile

  FAIL train_label_masks/d2a97eb750bf080454727f8b67a69d92_mask.tiff: 429 Client Error: Too Many Requests for url: https://api.kaggle.com/v1/competitions.CompetitionApiService/DownloadDataFile

  FAIL train_label_masks/d2b1ee78b2dd9b89d02a1f4a1113a801_mask.tiff: 429 Client Error: Too Many Requests for url: https://api.kaggle.com/v1/competitions.CompetitionApiService/DownloadDataFile

  FAIL train_label_masks/d2bc6a6beb7e4d86acecde314f99ce4c_mask.tiff: 429 Client Error: Too Many Requests for url: https://api.kaggle.com/v1/competitions.CompetitionApiService/DownloadDataFile

  FAIL train_label_masks/d2bd898f6bf18aab557c0d7d4fca4fc8_mask.tiff: 429 Client Error: Too Many Requests for url: https://api.kaggle.com/v1/competitions.CompetitionApiService/DownloadDataFile

  FAIL train_label_masks/d2c92272a7d4464173a9488c6d0c41ed_mask.tiff: 429 Client Error: Too Many Requests for url: https://api.kaggle.com/v1/competitions.CompetitionApiService/DownloadDataFile

  FAIL train_label_masks/d2c964910e2e8295fc329dd57918986f_mask.tiff: 429 Client Error: Too Many Requests for url: https://api.kaggle.com/v1/competitions.CompetitionApiService/DownloadDataFile

  FAIL train_label_masks/d2c9f2abe87b5415c2eb611e9f84ef82_mask.tiff: 429 Client Error: Too Many Requests for url: https://api.kaggle.com/v1/competitions.CompetitionApiService/DownloadDataFile

  FAIL train_label_masks/d2ddf3569a3480f94bccb1c995efd8ec_mask.tiff: 429 Client Error: Too Many Requests for url: https://api.kaggle.com/v1/competitions.CompetitionApiService/DownloadDataFile

  FAIL train_label_masks/d2e8ff5257ef522c1d7bef30c96d06df_mask.tiff: 429 Client Error: Too Many Requests for url: https://api.kaggle.com/v1/competitions.CompetitionApiService/DownloadDataFile

  FAIL train_label_masks/d2e99d97cea5ba41f7d2e30a221adee4_mask.tiff: 429 Client Error: Too Many Requests for url: https://api.kaggle.com/v1/competitions.CompetitionApiService/DownloadDataFile

  FAIL train_label_masks/d3108b3d03032e09e9c1f07492c110b8_mask.tiff: 429 Client Error: Too Many Requests for url: https://api.kaggle.com/v1/competitions.CompetitionApiService/DownloadDataFile

  FAIL train_label_masks/d313b85c97ec5f0a01d507f162665986_mask.tiff: 429 Client Error: Too Many Requests for url: https://api.kaggle.com/v1/competitions.CompetitionApiService/DownloadDataFile

  FAIL train_label_masks/d341e19a76135d79774f19f5e9ecc5a9_mask.tiff: 429 Client Error: Too Many Requests for url: https://api.kaggle.com/v1/competitions.CompetitionApiService/DownloadDataFile

  FAIL train_label_masks/d34c7fe759808771f0b2dc65ad0df03c_mask.tiff: 429 Client Error: Too Many Requests for url: https://api.kaggle.com/v1/competitions.CompetitionApiService/DownloadDataFile

  FAIL train_label_masks/d375f524d50db8fcf857eadcb70ef5d1_mask.tiff: 429 Client Error: Too Many Requests for url: https://api.kaggle.com/v1/competitions.CompetitionApiService/DownloadDataFile

  FAIL train_label_masks/d38193285da00a4e907e5947253ff486_mask.tiff: 429 Client Error: Too Many Requests for url: https://api.kaggle.com/v1/competitions.CompetitionApiService/DownloadDataFile

  FAIL train_label_masks/d383a65adb84e2f3032f0c68246224eb_mask.tiff: 429 Client Error: Too Many Requests for url: https://api.kaggle.com/v1/competitions.CompetitionApiService/DownloadDataFile

  FAIL train_label_masks/d38a9db63e100d405ddb1a932b53d92f_mask.tiff: 429 Client Error: Too Many Requests for url: https://api.kaggle.com/v1/competitions.CompetitionApiService/DownloadDataFile

  FAIL train_label_masks/d396752533648e870437e895a2a1d175_mask.tiff: 429 Client Error: Too Many Requests for url: https://api.kaggle.com/v1/competitions.CompetitionApiService/DownloadDataFile

  FAIL train_label_masks/d3b0cdab6ed795373d51671aa3ab0562_mask.tiff: 429 Client Error: Too Many Requests for url: https://api.kaggle.com/v1/competitions.CompetitionApiService/DownloadDataFile

  FAIL train_label_masks/d3b6c2650c9f201f3ff4ad20faafc23a_mask.tiff: 429 Client Error: Too Many Requests for url: https://api.kaggle.com/v1/competitions.CompetitionApiService/DownloadDataFile

  FAIL train_label_masks/d3c90e3b04360cdbeadad04e64cd5e2c_mask.tiff: 429 Client Error: Too Many Requests for url: https://api.kaggle.com/v1/competitions.CompetitionApiService/DownloadDataFile

  FAIL train_label_masks/d3d56ee887a17cd40e7b6cf630c8107c_mask.tiff: 429 Client Error: Too Many Requests for url: https://api.kaggle.com/v1/competitions.CompetitionApiService/DownloadDataFile

  FAIL train_label_masks/d3eb5180ac60d44370855f0c9c54f2b9_mask.tiff: 429 Client Error: Too Many Requests for url: https://api.kaggle.com/v1/competitions.CompetitionApiService/DownloadDataFile

  FAIL train_label_masks/d40022119792db6bb90f85d2d77c4d01_mask.tiff: 429 Client Error: Too Many Requests for url: https://api.kaggle.com/v1/competitions.CompetitionApiService/DownloadDataFile

  FAIL train_label_masks/d40af49780ea57bf40bd6248938a832e_mask.tiff: 429 Client Error: Too Many Requests for url: https://api.kaggle.com/v1/competitions.CompetitionApiService/DownloadDataFile

  FAIL train_label_masks/d41a958db22d495ee02e9672d1a3e532_mask.tiff: 429 Client Error: Too Many Requests for url: https://api.kaggle.com/v1/competitions.CompetitionApiService/DownloadDataFile

  FAIL train_label_masks/d41fec38141fa3f1a14262421c361b29_mask.tiff: 429 Client Error: Too Many Requests for url: https://api.kaggle.com/v1/competitions.CompetitionApiService/DownloadDataFile

  FAIL train_label_masks/d42062d1a58a8e6817c6ff8166e39301_mask.tiff: 429 Client Error: Too Many Requests for url: https://api.kaggle.com/v1/competitions.CompetitionApiService/DownloadDataFile

  FAIL train_label_masks/d42bd4e73a676fe81419f7c9b499a79f_mask.tiff: 429 Client Error: Too Many Requests for url: https://api.kaggle.com/v1/competitions.CompetitionApiService/DownloadDataFile

  FAIL train_label_masks/d437a7e3fa8a822dc781e7e9c5cbf06f_mask.tiff: 429 Client Error: Too Many Requests for url: https://api.kaggle.com/v1/competitions.CompetitionApiService/DownloadDataFile

  FAIL train_label_masks/d439005ae0aeb218bcc014e67c92aba0_mask.tiff: 429 Client Error: Too Many Requests for url: https://api.kaggle.com/v1/competitions.CompetitionApiService/DownloadDataFile

  FAIL train_label_masks/d451ec7b30cdbf594212c1bf7549a212_mask.tiff: 429 Client Error: Too Many Requests for url: https://api.kaggle.com/v1/competitions.CompetitionApiService/DownloadDataFile

  FAIL train_label_masks/d4557d562ab93564514e79c9dbbcc3cd_mask.tiff: 429 Client Error: Too Many Requests for url: https://api.kaggle.com/v1/competitions.CompetitionApiService/DownloadDataFile

  FAIL train_label_masks/d49075075de98ba225b3306bc8cfca44_mask.tiff: 429 Client Error: Too Many Requests for url: https://api.kaggle.com/v1/competitions.CompetitionApiService/DownloadDataFile

  FAIL train_label_masks/d49ec86c92a9a403ccd971a0e12fe734_mask.tiff: 429 Client Error: Too Many Requests for url: https://api.kaggle.com/v1/competitions.CompetitionApiService/DownloadDataFile

  FAIL train_label_masks/d4c24da9724759ae8e6ad6358b5cb620_mask.tiff: 429 Client Error: Too Many Requests for url: https://api.kaggle.com/v1/competitions.CompetitionApiService/DownloadDataFile

  FAIL train_label_masks/d4c6270294e180ad526ae4315a0c4249_mask.tiff: 429 Client Error: Too Many Requests for url: https://api.kaggle.com/v1/competitions.CompetitionApiService/DownloadDataFile

  FAIL train_label_masks/d4dcb1cd15053d17de19d2d63ddcb173_mask.tiff: 429 Client Error: Too Many Requests for url: https://api.kaggle.com/v1/competitions.CompetitionApiService/DownloadDataFile

  FAIL train_label_masks/d4e11ec26633ed74394b8df2228bfb75_mask.tiff: 429 Client Error: Too Many Requests for url: https://api.kaggle.com/v1/competitions.CompetitionApiService/DownloadDataFile

  FAIL train_label_masks/d4f83e0d9b46e89cd5e9da401f625bce_mask.tiff: 429 Client Error: Too Many Requests for url: https://api.kaggle.com/v1/competitions.CompetitionApiService/DownloadDataFile

  FAIL train_label_masks/d4f9cc7d8f83db9394cd95be9eb10b00_mask.tiff: 429 Client Error: Too Many Requests for url: https://api.kaggle.com/v1/competitions.CompetitionApiService/DownloadDataFile

  FAIL train_label_masks/d4fb7f6c56896aae15919a010984a8bd_mask.tiff: 429 Client Error: Too Many Requests for url: https://api.kaggle.com/v1/competitions.CompetitionApiService/DownloadDataFile

  FAIL train_label_masks/d5110b3363bff16460ad266f1ce4ea06_mask.tiff: 429 Client Error: Too Many Requests for url: https://api.kaggle.com/v1/competitions.CompetitionApiService/DownloadDataFile

  FAIL train_label_masks/d5235bb224047dae8ea4c5882dbc7e43_mask.tiff: 429 Client Error: Too Many Requests for url: https://api.kaggle.com/v1/competitions.CompetitionApiService/DownloadDataFile

  FAIL train_label_masks/d527d0d353eef920f47505af9fe37956_mask.tiff: 429 Client Error: Too Many Requests for url: https://api.kaggle.com/v1/competitions.CompetitionApiService/DownloadDataFile

  FAIL train_label_masks/d52bc4ddd5d4efb8a99e68bc9d597fa6_mask.tiff: 429 Client Error: Too Many Requests for url: https://api.kaggle.com/v1/competitions.CompetitionApiService/DownloadDataFile

  FAIL train_label_masks/d52d28b99ef14ecc6e55b92170b883e9_mask.tiff: 429 Client Error: Too Many Requests for url: https://api.kaggle.com/v1/competitions.CompetitionApiService/DownloadDataFile

  FAIL train_label_masks/d536c08dee5e770c64145b41e9c387b3_mask.tiff: 429 Client Error: Too Many Requests for url: https://api.kaggle.com/v1/competitions.CompetitionApiService/DownloadDataFile

  FAIL train_label_masks/d54603c7b6fda2615c5576d137c750c4_mask.tiff: 429 Client Error: Too Many Requests for url: https://api.kaggle.com/v1/competitions.CompetitionApiService/DownloadDataFile

  FAIL train_label_masks/d54a086123963adeb84c160160bac353_mask.tiff: 429 Client Error: Too Many Requests for url: https://api.kaggle.com/v1/competitions.CompetitionApiService/DownloadDataFile

  FAIL train_label_masks/d56d1e479d43741a7fd063355c415577_mask.tiff: 429 Client Error: Too Many Requests for url: https://api.kaggle.com/v1/competitions.CompetitionApiService/DownloadDataFile

  FAIL train_label_masks/d592f94339f67b9453dca75b5826f367_mask.tiff: 429 Client Error: Too Many Requests for url: https://api.kaggle.com/v1/competitions.CompetitionApiService/DownloadDataFile

  FAIL train_label_masks/d5a8225a2a912684b38167cc6da67bdd_mask.tiff: 429 Client Error: Too Many Requests for url: https://api.kaggle.com/v1/competitions.CompetitionApiService/DownloadDataFile

  FAIL train_label_masks/d5ac3e845ce7d8ae724837805912da91_mask.tiff: 429 Client Error: Too Many Requests for url: https://api.kaggle.com/v1/competitions.CompetitionApiService/DownloadDataFile

  FAIL train_label_masks/d5b260922fb628cf83d7960ef02c4e60_mask.tiff: 429 Client Error: Too Many Requests for url: https://api.kaggle.com/v1/competitions.CompetitionApiService/DownloadDataFile

  FAIL train_label_masks/d5bf3e7b1d30bf762b03b60d88177b20_mask.tiff: 429 Client Error: Too Many Requests for url: https://api.kaggle.com/v1/competitions.CompetitionApiService/DownloadDataFile

  FAIL train_label_masks/d5c07be135c27ed55327536e81fbb1bc_mask.tiff: 429 Client Error: Too Many Requests for url: https://api.kaggle.com/v1/competitions.CompetitionApiService/DownloadDataFile

  FAIL train_label_masks/d5c40ec532586debe95b6ff9f2233f0f_mask.tiff: 429 Client Error: Too Many Requests for url: https://api.kaggle.com/v1/competitions.CompetitionApiService/DownloadDataFile

  FAIL train_label_masks/d5c7f88f88f69807ac508571475473fe_mask.tiff: 429 Client Error: Too Many Requests for url: https://api.kaggle.com/v1/competitions.CompetitionApiService/DownloadDataFile

  FAIL train_label_masks/d5cab685b579ccaf021401bf2589b5f0_mask.tiff: 429 Client Error: Too Many Requests for url: https://api.kaggle.com/v1/competitions.CompetitionApiService/DownloadDataFile

  FAIL train_label_masks/d5cef9fcc30f71c7d24d00114bcfecd5_mask.tiff: 429 Client Error: Too Many Requests for url: https://api.kaggle.com/v1/competitions.CompetitionApiService/DownloadDataFile

  FAIL train_label_masks/d5e5a96868127d64112701488904e65b_mask.tiff: 429 Client Error: Too Many Requests for url: https://api.kaggle.com/v1/competitions.CompetitionApiService/DownloadDataFile

  FAIL train_label_masks/d60a54e0359baa5b161a897efa7e87ee_mask.tiff: 429 Client Error: Too Many Requests for url: https://api.kaggle.com/v1/competitions.CompetitionApiService/DownloadDataFile

  FAIL train_label_masks/d61cca1e607df1b865e3975a5b2d74da_mask.tiff: 429 Client Error: Too Many Requests for url: https://api.kaggle.com/v1/competitions.CompetitionApiService/DownloadDataFile

  FAIL train_label_masks/d6554a3cff6d6ceb5597382238954aa1_mask.tiff: 429 Client Error: Too Many Requests for url: https://api.kaggle.com/v1/competitions.CompetitionApiService/DownloadDataFile

  FAIL train_label_masks/d6587192c22af1403afb3c5283819cae_mask.tiff: 429 Client Error: Too Many Requests for url: https://api.kaggle.com/v1/competitions.CompetitionApiService/DownloadDataFile

  FAIL train_label_masks/d676924aa4d2c3259e47e91955fe161f_mask.tiff: 429 Client Error: Too Many Requests for url: https://api.kaggle.com/v1/competitions.CompetitionApiService/DownloadDataFile

  FAIL train_label_masks/d67b041b85b44bdde7dc852dcbc70033_mask.tiff: 429 Client Error: Too Many Requests for url: https://api.kaggle.com/v1/competitions.CompetitionApiService/DownloadDataFile

  FAIL train_label_masks/d6807acfabc838eb944b797b116d3fb4_mask.tiff: 429 Client Error: Too Many Requests for url: https://api.kaggle.com/v1/competitions.CompetitionApiService/DownloadDataFile

  FAIL train_label_masks/d691b50f9a08b2e6b9731add26f4e8a2_mask.tiff: 429 Client Error: Too Many Requests for url: https://api.kaggle.com/v1/competitions.CompetitionApiService/DownloadDataFile

  FAIL train_label_masks/d69244e15961cf6fb54d50a3baaaa46d_mask.tiff: 429 Client Error: Too Many Requests for url: https://api.kaggle.com/v1/competitions.CompetitionApiService/DownloadDataFile

  FAIL train_label_masks/d696555466a833e38bfa678c25cb8cde_mask.tiff: 429 Client Error: Too Many Requests for url: https://api.kaggle.com/v1/competitions.CompetitionApiService/DownloadDataFile

  FAIL train_label_masks/d6a278e15348ef7d083adf43578dfdbd_mask.tiff: 429 Client Error: Too Many Requests for url: https://api.kaggle.com/v1/competitions.CompetitionApiService/DownloadDataFile

  FAIL train_label_masks/d6b1c8ca6037b5ddca5d2086975a643b_mask.tiff: 429 Client Error: Too Many Requests for url: https://api.kaggle.com/v1/competitions.CompetitionApiService/DownloadDataFile

  FAIL train_label_masks/d6c1175d1961ea5a938d6a6ae26d2135_mask.tiff: 429 Client Error: Too Many Requests for url: https://api.kaggle.com/v1/competitions.CompetitionApiService/DownloadDataFile

  FAIL train_label_masks/d6d59930bb06a2c82edefc477a8a7639_mask.tiff: 429 Client Error: Too Many Requests for url: https://api.kaggle.com/v1/competitions.CompetitionApiService/DownloadDataFile

  FAIL train_label_masks/d6e746190b273d090aba70ccbdcf503c_mask.tiff: 429 Client Error: Too Many Requests for url: https://api.kaggle.com/v1/competitions.CompetitionApiService/DownloadDataFile

  FAIL train_label_masks/d6f1c51db42f3d11c7001141d7b417a7_mask.tiff: 429 Client Error: Too Many Requests for url: https://api.kaggle.com/v1/competitions.CompetitionApiService/DownloadDataFile

  FAIL train_label_masks/d6fbeba66fdfeaf442343cfd6f844a77_mask.tiff: 429 Client Error: Too Many Requests for url: https://api.kaggle.com/v1/competitions.CompetitionApiService/DownloadDataFile

  FAIL train_label_masks/d707d86264e14f3d3f5bac156693e8f9_mask.tiff: 429 Client Error: Too Many Requests for url: https://api.kaggle.com/v1/competitions.CompetitionApiService/DownloadDataFile

  FAIL train_label_masks/d7132253107215db7e9bd88b6a864c14_mask.tiff: 429 Client Error: Too Many Requests for url: https://api.kaggle.com/v1/competitions.CompetitionApiService/DownloadDataFile

  FAIL train_label_masks/d72d765ec852ae3f40b39fa6111aa1a0_mask.tiff: 429 Client Error: Too Many Requests for url: https://api.kaggle.com/v1/competitions.CompetitionApiService/DownloadDataFile

  FAIL train_label_masks/d72dce85f1954fe33809659f9cd14217_mask.tiff: 429 Client Error: Too Many Requests for url: https://api.kaggle.com/v1/competitions.CompetitionApiService/DownloadDataFile

  FAIL train_label_masks/d74a1b24f9d958f9a1b28298afc95168_mask.tiff: 429 Client Error: Too Many Requests for url: https://api.kaggle.com/v1/competitions.CompetitionApiService/DownloadDataFile

  FAIL train_label_masks/d74ad1248c21f6a8ab77a7462e1dec31_mask.tiff: 429 Client Error: Too Many Requests for url: https://api.kaggle.com/v1/competitions.CompetitionApiService/DownloadDataFile

  FAIL train_label_masks/d7502ac103c3191346e8d4217809fc22_mask.tiff: 429 Client Error: Too Many Requests for url: https://api.kaggle.com/v1/competitions.CompetitionApiService/DownloadDataFile

  FAIL train_label_masks/d76180b527e1b7748a99fc37a005d45b_mask.tiff: 429 Client Error: Too Many Requests for url: https://api.kaggle.com/v1/competitions.CompetitionApiService/DownloadDataFile

  FAIL train_label_masks/d7638720ca4ce4fec6b6afbf524feef9_mask.tiff: 429 Client Error: Too Many Requests for url: https://api.kaggle.com/v1/competitions.CompetitionApiService/DownloadDataFile

  FAIL train_label_masks/d76be95baca47c31d827d59abbe132b6_mask.tiff: 429 Client Error: Too Many Requests for url: https://api.kaggle.com/v1/competitions.CompetitionApiService/DownloadDataFile

  FAIL train_label_masks/d76c8504812e17930194614c25ba21fd_mask.tiff: 429 Client Error: Too Many Requests for url: https://api.kaggle.com/v1/competitions.CompetitionApiService/DownloadDataFile

  FAIL train_label_masks/d76f1860a05496c0eb2d8c6479f9bee6_mask.tiff: 429 Client Error: Too Many Requests for url: https://api.kaggle.com/v1/competitions.CompetitionApiService/DownloadDataFile

  FAIL train_label_masks/d77156c36bb14ea111fd2bfa22d8c9bc_mask.tiff: 429 Client Error: Too Many Requests for url: https://api.kaggle.com/v1/competitions.CompetitionApiService/DownloadDataFile

  FAIL train_label_masks/d78288ac0177943bc0eead193451098e_mask.tiff: 429 Client Error: Too Many Requests for url: https://api.kaggle.com/v1/competitions.CompetitionApiService/DownloadDataFile

  FAIL train_label_masks/d784ca64e4f87b880806a766f47119f8_mask.tiff: 429 Client Error: Too Many Requests for url: https://api.kaggle.com/v1/competitions.CompetitionApiService/DownloadDataFile

  FAIL train_label_masks/d79ef0a1d3b33827f0dcd0788bfaaeb2_mask.tiff: 429 Client Error: Too Many Requests for url: https://api.kaggle.com/v1/competitions.CompetitionApiService/DownloadDataFile

  FAIL train_label_masks/d7b7b3e3d85c768d7a453e50679f2a80_mask.tiff: 429 Client Error: Too Many Requests for url: https://api.kaggle.com/v1/competitions.CompetitionApiService/DownloadDataFile

  FAIL train_label_masks/d7bd6d0c6842670b171b5592dcc1e9bd_mask.tiff: 429 Client Error: Too Many Requests for url: https://api.kaggle.com/v1/competitions.CompetitionApiService/DownloadDataFile

  FAIL train_label_masks/d7d09ab8218cfe95d21ff22df45e75ff_mask.tiff: 429 Client Error: Too Many Requests for url: https://api.kaggle.com/v1/competitions.CompetitionApiService/DownloadDataFile

  FAIL train_label_masks/d7e2b72270a8d5d8a5f06ec87cff735b_mask.tiff: 429 Client Error: Too Many Requests for url: https://api.kaggle.com/v1/competitions.CompetitionApiService/DownloadDataFile

  FAIL train_label_masks/d7efea6d37699c9a32b715c0062ed3b3_mask.tiff: 429 Client Error: Too Many Requests for url: https://api.kaggle.com/v1/competitions.CompetitionApiService/DownloadDataFile

  FAIL train_label_masks/d7f13cf51705adfe64e2b31c332409ca_mask.tiff: 429 Client Error: Too Many Requests for url: https://api.kaggle.com/v1/competitions.CompetitionApiService/DownloadDataFile

  FAIL train_label_masks/d7f293887ea70c37b1c940ba372e1a2f_mask.tiff: 429 Client Error: Too Many Requests for url: https://api.kaggle.com/v1/competitions.CompetitionApiService/DownloadDataFile

  FAIL train_label_masks/d824fb0c3c990c807b57825f66716839_mask.tiff: 429 Client Error: Too Many Requests for url: https://api.kaggle.com/v1/competitions.CompetitionApiService/DownloadDataFile

  FAIL train_label_masks/d844c98b020831cd13e0dbed2f72e719_mask.tiff: 429 Client Error: Too Many Requests for url: https://api.kaggle.com/v1/competitions.CompetitionApiService/DownloadDataFile

  FAIL train_label_masks/d84c7a217e2277033342f89adf0ce7b6_mask.tiff: 429 Client Error: Too Many Requests for url: https://api.kaggle.com/v1/competitions.CompetitionApiService/DownloadDataFile

  FAIL train_label_masks/d84c84c7e96c8a3609150e6afc1f1186_mask.tiff: 429 Client Error: Too Many Requests for url: https://api.kaggle.com/v1/competitions.CompetitionApiService/DownloadDataFile

  FAIL train_label_masks/d8530375294e4c94c9c2aa2c7f79c13c_mask.tiff: 429 Client Error: Too Many Requests for url: https://api.kaggle.com/v1/competitions.CompetitionApiService/DownloadDataFile

  FAIL train_label_masks/d85e14b5f57f220ccd80ca6f02f6b56b_mask.tiff: 429 Client Error: Too Many Requests for url: https://api.kaggle.com/v1/competitions.CompetitionApiService/DownloadDataFile

  FAIL train_label_masks/d874fa822ef1370253f2e72f8d9b483f_mask.tiff: 429 Client Error: Too Many Requests for url: https://api.kaggle.com/v1/competitions.CompetitionApiService/DownloadDataFile

  FAIL train_label_masks/d8abf403ab5663c07528475647e0db5a_mask.tiff: 429 Client Error: Too Many Requests for url: https://api.kaggle.com/v1/competitions.CompetitionApiService/DownloadDataFile

  FAIL train_label_masks/d8b48c0404394e83af61c15ad7eea1a3_mask.tiff: 429 Client Error: Too Many Requests for url: https://api.kaggle.com/v1/competitions.CompetitionApiService/DownloadDataFile

  FAIL train_label_masks/d8b611006a6b9a4dfd31032107923951_mask.tiff: 429 Client Error: Too Many Requests for url: https://api.kaggle.com/v1/competitions.CompetitionApiService/DownloadDataFile

  FAIL train_label_masks/d8c62816ea17d4c932ed87af94647142_mask.tiff: 429 Client Error: Too Many Requests for url: https://api.kaggle.com/v1/competitions.CompetitionApiService/DownloadDataFile

  FAIL train_label_masks/d8e1bc485f60e8390bcef00dd924aaf4_mask.tiff: 429 Client Error: Too Many Requests for url: https://api.kaggle.com/v1/competitions.CompetitionApiService/DownloadDataFile

  FAIL train_label_masks/d8f6b2a76413e5b03d0ee89d2792e610_mask.tiff: 429 Client Error: Too Many Requests for url: https://api.kaggle.com/v1/competitions.CompetitionApiService/DownloadDataFile

  FAIL train_label_masks/d935f3eec2aded067a657c5cf3808d8e_mask.tiff: 429 Client Error: Too Many Requests for url: https://api.kaggle.com/v1/competitions.CompetitionApiService/DownloadDataFile

  FAIL train_label_masks/d94046cd69c8102ff1e1a871077c7984_mask.tiff: 429 Client Error: Too Many Requests for url: https://api.kaggle.com/v1/competitions.CompetitionApiService/DownloadDataFile

  FAIL train_label_masks/d960f3c9327c1baa21ed849d867e29a1_mask.tiff: 429 Client Error: Too Many Requests for url: https://api.kaggle.com/v1/competitions.CompetitionApiService/DownloadDataFile

  FAIL train_label_masks/d9652aa1aed6ef06e2c1f8181b734d9e_mask.tiff: 429 Client Error: Too Many Requests for url: https://api.kaggle.com/v1/competitions.CompetitionApiService/DownloadDataFile

  FAIL train_label_masks/d98d4b443eaaad06c3244e059b34053f_mask.tiff: 429 Client Error: Too Many Requests for url: https://api.kaggle.com/v1/competitions.CompetitionApiService/DownloadDataFile

  FAIL train_label_masks/d98de7b36e1362dfa74903ec96e53c15_mask.tiff: 429 Client Error: Too Many Requests for url: https://api.kaggle.com/v1/competitions.CompetitionApiService/DownloadDataFile

  FAIL train_label_masks/d996d408cbc9200c7254ab6955e31959_mask.tiff: 429 Client Error: Too Many Requests for url: https://api.kaggle.com/v1/competitions.CompetitionApiService/DownloadDataFile

  FAIL train_label_masks/d997bd54e6a545c95817a62b77fb43df_mask.tiff: 429 Client Error: Too Many Requests for url: https://api.kaggle.com/v1/competitions.CompetitionApiService/DownloadDataFile

  FAIL train_label_masks/d9a927bfb26b22cde6b52515c9adda7b_mask.tiff: 429 Client Error: Too Many Requests for url: https://api.kaggle.com/v1/competitions.CompetitionApiService/DownloadDataFile

  FAIL train_label_masks/d9ad3f3ed67f14c9c9b35a5c4e85400b_mask.tiff: 429 Client Error: Too Many Requests for url: https://api.kaggle.com/v1/competitions.CompetitionApiService/DownloadDataFile

  FAIL train_label_masks/d9b1722876190bd66e46ff2cec3847d6_mask.tiff: 429 Client Error: Too Many Requests for url: https://api.kaggle.com/v1/competitions.CompetitionApiService/DownloadDataFile

  FAIL train_label_masks/d9b76603ea5a351942248655981b90b0_mask.tiff: 429 Client Error: Too Many Requests for url: https://api.kaggle.com/v1/competitions.CompetitionApiService/DownloadDataFile

  FAIL train_label_masks/d9c9948c3c66446410dfc95adcafd115_mask.tiff: 429 Client Error: Too Many Requests for url: https://api.kaggle.com/v1/competitions.CompetitionApiService/DownloadDataFile

  FAIL train_label_masks/d9d9d64870b78f0bd2be305777f95e52_mask.tiff: 429 Client Error: Too Many Requests for url: https://api.kaggle.com/v1/competitions.CompetitionApiService/DownloadDataFile

  FAIL train_label_masks/da02528d2ac0b705067ad134179791d2_mask.tiff: 429 Client Error: Too Many Requests for url: https://api.kaggle.com/v1/competitions.CompetitionApiService/DownloadDataFile

  FAIL train_label_masks/da05399168ba25410d90c05f8f603012_mask.tiff: 429 Client Error: Too Many Requests for url: https://api.kaggle.com/v1/competitions.CompetitionApiService/DownloadDataFile

  FAIL train_label_masks/da07bf2ac3a36b2ff58e35561f15613f_mask.tiff: 429 Client Error: Too Many Requests for url: https://api.kaggle.com/v1/competitions.CompetitionApiService/DownloadDataFile

  FAIL train_label_masks/da15226ed2a9ca5a83e831a9c57f5380_mask.tiff: 429 Client Error: Too Many Requests for url: https://api.kaggle.com/v1/competitions.CompetitionApiService/DownloadDataFile

  FAIL train_label_masks/da1bf67eeb0d10c8021d69a0d6128f15_mask.tiff: 429 Client Error: Too Many Requests for url: https://api.kaggle.com/v1/competitions.CompetitionApiService/DownloadDataFile

  FAIL train_label_masks/da1de69a3097c5cecfc5a5c20f125340_mask.tiff: 429 Client Error: Too Many Requests for url: https://api.kaggle.com/v1/competitions.CompetitionApiService/DownloadDataFile

  FAIL train_label_masks/da2319b5a8f33c13bcf2380c25b78e37_mask.tiff: 429 Client Error: Too Many Requests for url: https://api.kaggle.com/v1/competitions.CompetitionApiService/DownloadDataFile

  FAIL train_label_masks/da2502ee900c4fd5653d4433d05c8cde_mask.tiff: 429 Client Error: Too Many Requests for url: https://api.kaggle.com/v1/competitions.CompetitionApiService/DownloadDataFile

  FAIL train_label_masks/da396e7a0a8a7c46f3e10c1ecf71459b_mask.tiff: 429 Client Error: Too Many Requests for url: https://api.kaggle.com/v1/competitions.CompetitionApiService/DownloadDataFile

  FAIL train_label_masks/da4b2e029abb2741bcfef60fa7ab10b0_mask.tiff: 429 Client Error: Too Many Requests for url: https://api.kaggle.com/v1/competitions.CompetitionApiService/DownloadDataFile

  FAIL train_label_masks/da517beeeaf103a75e2a716d46643b49_mask.tiff: 429 Client Error: Too Many Requests for url: https://api.kaggle.com/v1/competitions.CompetitionApiService/DownloadDataFile

  FAIL train_label_masks/da558caad449f980ef35d87f9bfc2fa4_mask.tiff: 429 Client Error: Too Many Requests for url: https://api.kaggle.com/v1/competitions.CompetitionApiService/DownloadDataFile

  FAIL train_label_masks/da5bbea85af39c137a264ee0bd56ef50_mask.tiff: 429 Client Error: Too Many Requests for url: https://api.kaggle.com/v1/competitions.CompetitionApiService/DownloadDataFile

  FAIL train_label_masks/da610fb22e9ba742ebb7a9117b2f24cc_mask.tiff: 429 Client Error: Too Many Requests for url: https://api.kaggle.com/v1/competitions.CompetitionApiService/DownloadDataFile

  FAIL train_label_masks/da781e50e8bab82212e5724e387f49f4_mask.tiff: 429 Client Error: Too Many Requests for url: https://api.kaggle.com/v1/competitions.CompetitionApiService/DownloadDataFile

  FAIL train_label_masks/da84230d35b22a900b153d5cb969a7a7_mask.tiff: 429 Client Error: Too Many Requests for url: https://api.kaggle.com/v1/competitions.CompetitionApiService/DownloadDataFile

  FAIL train_label_masks/da8a2cc5804ba27b9767059bb1a99e42_mask.tiff: 429 Client Error: Too Many Requests for url: https://api.kaggle.com/v1/competitions.CompetitionApiService/DownloadDataFile

  FAIL train_label_masks/da998451f0bdaf4e16b7b41c0881fcba_mask.tiff: 429 Client Error: Too Many Requests for url: https://api.kaggle.com/v1/competitions.CompetitionApiService/DownloadDataFile

  FAIL train_label_masks/daace2b519f2e64bb96e205344e39f50_mask.tiff: 429 Client Error: Too Many Requests for url: https://api.kaggle.com/v1/competitions.CompetitionApiService/DownloadDataFile

  FAIL train_label_masks/dab87401b1605f7d5eb9bf5a722486bc_mask.tiff: 429 Client Error: Too Many Requests for url: https://api.kaggle.com/v1/competitions.CompetitionApiService/DownloadDataFile

  FAIL train_label_masks/dabe405fe14fea8abeae766fdaa96185_mask.tiff: 429 Client Error: Too Many Requests for url: https://api.kaggle.com/v1/competitions.CompetitionApiService/DownloadDataFile

  FAIL train_label_masks/dacdcb2643b7fb7038e1f41cb31b4932_mask.tiff: 429 Client Error: Too Many Requests for url: https://api.kaggle.com/v1/competitions.CompetitionApiService/DownloadDataFile

  FAIL train_label_masks/dae2ef34973d1b237cfd6746923e2eec_mask.tiff: 429 Client Error: Too Many Requests for url: https://api.kaggle.com/v1/competitions.CompetitionApiService/DownloadDataFile

  FAIL train_label_masks/dae39ae3951b77dc5f245fae8b5a0f92_mask.tiff: 429 Client Error: Too Many Requests for url: https://api.kaggle.com/v1/competitions.CompetitionApiService/DownloadDataFile

  FAIL train_label_masks/dae6944419535df993a53a9c3b0f8245_mask.tiff: 429 Client Error: Too Many Requests for url: https://api.kaggle.com/v1/competitions.CompetitionApiService/DownloadDataFile

  FAIL train_label_masks/dae6cec7cfe92958d8586bd9ac1d7383_mask.tiff: 429 Client Error: Too Many Requests for url: https://api.kaggle.com/v1/competitions.CompetitionApiService/DownloadDataFile

  FAIL train_label_masks/daebef24cda2600dcb449a78a83c1858_mask.tiff: 429 Client Error: Too Many Requests for url: https://api.kaggle.com/v1/competitions.CompetitionApiService/DownloadDataFile

  FAIL train_label_masks/daf178053958c9d2e71a7c7bb9c3fbb7_mask.tiff: 429 Client Error: Too Many Requests for url: https://api.kaggle.com/v1/competitions.CompetitionApiService/DownloadDataFile

  FAIL train_label_masks/dafa723ac789768ed1e863cce1681e4f_mask.tiff: 429 Client Error: Too Many Requests for url: https://api.kaggle.com/v1/competitions.CompetitionApiService/DownloadDataFile

  FAIL train_label_masks/db047ccc6fbd5ba7b5c18321d7266384_mask.tiff: 429 Client Error: Too Many Requests for url: https://api.kaggle.com/v1/competitions.CompetitionApiService/DownloadDataFile

  FAIL train_label_masks/db197fde0bcf98431c68e0d443a88fe4_mask.tiff: 429 Client Error: Too Many Requests for url: https://api.kaggle.com/v1/competitions.CompetitionApiService/DownloadDataFile

  FAIL train_label_masks/db1d65d349a617c13f53307435d42113_mask.tiff: 429 Client Error: Too Many Requests for url: https://api.kaggle.com/v1/competitions.CompetitionApiService/DownloadDataFile

  FAIL train_label_masks/db2ba90004c04e2de4213fa0c2614f82_mask.tiff: 429 Client Error: Too Many Requests for url: https://api.kaggle.com/v1/competitions.CompetitionApiService/DownloadDataFile

  FAIL train_label_masks/db315d2478032abc3fa8faae6361497a_mask.tiff: 429 Client Error: Too Many Requests for url: https://api.kaggle.com/v1/competitions.CompetitionApiService/DownloadDataFile

  FAIL train_label_masks/db49e2f1ea7eed440df4003c40bd80e3_mask.tiff: 429 Client Error: Too Many Requests for url: https://api.kaggle.com/v1/competitions.CompetitionApiService/DownloadDataFile

  FAIL train_label_masks/db4f4e9261cf53d2fa74e15514d95680_mask.tiff: 429 Client Error: Too Many Requests for url: https://api.kaggle.com/v1/competitions.CompetitionApiService/DownloadDataFile

  FAIL train_label_masks/db50ae671fd181d31c89728e6a71e582_mask.tiff: 429 Client Error: Too Many Requests for url: https://api.kaggle.com/v1/competitions.CompetitionApiService/DownloadDataFile

  FAIL train_label_masks/db5eaab164a4b81f27444d1c80bc33ee_mask.tiff: 429 Client Error: Too Many Requests for url: https://api.kaggle.com/v1/competitions.CompetitionApiService/DownloadDataFile

  FAIL train_label_masks/db63c8584fb19a4425c8c80d86217af7_mask.tiff: 429 Client Error: Too Many Requests for url: https://api.kaggle.com/v1/competitions.CompetitionApiService/DownloadDataFile

  FAIL train_label_masks/db6bda8b9e54352f83df9308c7b200ad_mask.tiff: 429 Client Error: Too Many Requests for url: https://api.kaggle.com/v1/competitions.CompetitionApiService/DownloadDataFile

  FAIL train_label_masks/db72f176da2067093266eea7b743a949_mask.tiff: 429 Client Error: Too Many Requests for url: https://api.kaggle.com/v1/competitions.CompetitionApiService/DownloadDataFile

  FAIL train_label_masks/db8ff1904b4dbb6dced48061856d9849_mask.tiff: 429 Client Error: Too Many Requests for url: https://api.kaggle.com/v1/competitions.CompetitionApiService/DownloadDataFile

  FAIL train_label_masks/db9ab40f85a838fb688892d9080a3560_mask.tiff: 429 Client Error: Too Many Requests for url: https://api.kaggle.com/v1/competitions.CompetitionApiService/DownloadDataFile

  FAIL train_label_masks/dbad8f645978711294f000ea54f903d3_mask.tiff: 429 Client Error: Too Many Requests for url: https://api.kaggle.com/v1/competitions.CompetitionApiService/DownloadDataFile

  FAIL train_label_masks/dbbd706e74cdd87e423b5e28d3c7f25a_mask.tiff: 429 Client Error: Too Many Requests for url: https://api.kaggle.com/v1/competitions.CompetitionApiService/DownloadDataFile

  FAIL train_label_masks/dbd4f6f4fee92f77e8847f704635df6a_mask.tiff: 429 Client Error: Too Many Requests for url: https://api.kaggle.com/v1/competitions.CompetitionApiService/DownloadDataFile

  FAIL train_label_masks/dbea7c288aa2fe12ecb79d7138ad5896_mask.tiff: 429 Client Error: Too Many Requests for url: https://api.kaggle.com/v1/competitions.CompetitionApiService/DownloadDataFile

  FAIL train_label_masks/dbf09c7c30806ef30dca99273d05075b_mask.tiff: 429 Client Error: Too Many Requests for url: https://api.kaggle.com/v1/competitions.CompetitionApiService/DownloadDataFile

  FAIL train_label_masks/dbfc9c44024301555f3cc9118f1f3628_mask.tiff: 429 Client Error: Too Many Requests for url: https://api.kaggle.com/v1/competitions.CompetitionApiService/DownloadDataFile

  FAIL train_label_masks/dbfdda9b7152e19ea54e2868965fa675_mask.tiff: 429 Client Error: Too Many Requests for url: https://api.kaggle.com/v1/competitions.CompetitionApiService/DownloadDataFile

  FAIL train_label_masks/dc10032bf598b0a3268074de4bb2d7b6_mask.tiff: 429 Client Error: Too Many Requests for url: https://api.kaggle.com/v1/competitions.CompetitionApiService/DownloadDataFile

  FAIL train_label_masks/dc10e42ab879b08263be5aeb03a764c6_mask.tiff: 429 Client Error: Too Many Requests for url: https://api.kaggle.com/v1/competitions.CompetitionApiService/DownloadDataFile

  FAIL train_label_masks/dc2ec851fcbf594f11b023387ac15003_mask.tiff: 429 Client Error: Too Many Requests for url: https://api.kaggle.com/v1/competitions.CompetitionApiService/DownloadDataFile

  FAIL train_label_masks/dc34ce090ee7aa4ffe226b4314810434_mask.tiff: 429 Client Error: Too Many Requests for url: https://api.kaggle.com/v1/competitions.CompetitionApiService/DownloadDataFile

  FAIL train_label_masks/dc474e15a61e861a6a14f334e10a7934_mask.tiff: 429 Client Error: Too Many Requests for url: https://api.kaggle.com/v1/competitions.CompetitionApiService/DownloadDataFile

  FAIL train_label_masks/dc5a57e65f5f1e4aa7864083e55ea2c0_mask.tiff: 429 Client Error: Too Many Requests for url: https://api.kaggle.com/v1/competitions.CompetitionApiService/DownloadDataFile

  FAIL train_label_masks/dc5d3a5a2d4d114e5e4f3cd07fb55fc1_mask.tiff: 429 Client Error: Too Many Requests for url: https://api.kaggle.com/v1/competitions.CompetitionApiService/DownloadDataFile

  FAIL train_label_masks/dc65b5af33ea3c704de7e3c8b43d33c8_mask.tiff: 429 Client Error: Too Many Requests for url: https://api.kaggle.com/v1/competitions.CompetitionApiService/DownloadDataFile

  FAIL train_label_masks/dc6e3bbcf9449e2c13827e13e5724571_mask.tiff: 429 Client Error: Too Many Requests for url: https://api.kaggle.com/v1/competitions.CompetitionApiService/DownloadDataFile

  FAIL train_label_masks/dc7254ab21584e852fe556646c86d6f4_mask.tiff: 429 Client Error: Too Many Requests for url: https://api.kaggle.com/v1/competitions.CompetitionApiService/DownloadDataFile

  FAIL train_label_masks/dc7825252bd5c07e9a31c0651c989c77_mask.tiff: 429 Client Error: Too Many Requests for url: https://api.kaggle.com/v1/competitions.CompetitionApiService/DownloadDataFile

  FAIL train_label_masks/dca769d431e4b8b64a5c72d6a8663738_mask.tiff: 429 Client Error: Too Many Requests for url: https://api.kaggle.com/v1/competitions.CompetitionApiService/DownloadDataFile

  FAIL train_label_masks/dcc06d1ff01037f11254e5d5cc3c77d2_mask.tiff: 429 Client Error: Too Many Requests for url: https://api.kaggle.com/v1/competitions.CompetitionApiService/DownloadDataFile

  FAIL train_label_masks/dcc1dcad3b26cf0927b6f35228b5a058_mask.tiff: 429 Client Error: Too Many Requests for url: https://api.kaggle.com/v1/competitions.CompetitionApiService/DownloadDataFile

  FAIL train_label_masks/dcc20ce75933d9800e4ad6ab2943e359_mask.tiff: 429 Client Error: Too Many Requests for url: https://api.kaggle.com/v1/competitions.CompetitionApiService/DownloadDataFile

  FAIL train_label_masks/dccae7781a918f447f55273efa464ff0_mask.tiff: 429 Client Error: Too Many Requests for url: https://api.kaggle.com/v1/competitions.CompetitionApiService/DownloadDataFile

  FAIL train_label_masks/dcdea3763106a19e15cc052a3a251f9e_mask.tiff: 429 Client Error: Too Many Requests for url: https://api.kaggle.com/v1/competitions.CompetitionApiService/DownloadDataFile

  FAIL train_label_masks/dd025ef522443f0f1e0f2282d7145dde_mask.tiff: 429 Client Error: Too Many Requests for url: https://api.kaggle.com/v1/competitions.CompetitionApiService/DownloadDataFile

  FAIL train_label_masks/dd036a4ae490d912713ea354b58d8eb9_mask.tiff: 429 Client Error: Too Many Requests for url: https://api.kaggle.com/v1/competitions.CompetitionApiService/DownloadDataFile

  FAIL train_label_masks/dd1110c6430e3b1ac732be548a089886_mask.tiff: 429 Client Error: Too Many Requests for url: https://api.kaggle.com/v1/competitions.CompetitionApiService/DownloadDataFile

  FAIL train_label_masks/dd11c9143fb6c56396e0693465d2430e_mask.tiff: 429 Client Error: Too Many Requests for url: https://api.kaggle.com/v1/competitions.CompetitionApiService/DownloadDataFile

  FAIL train_label_masks/dd1c5062a0c646d6af4d2d77b4129db4_mask.tiff: 429 Client Error: Too Many Requests for url: https://api.kaggle.com/v1/competitions.CompetitionApiService/DownloadDataFile

  FAIL train_label_masks/dd1de3a4f68b088865866c04b3917f85_mask.tiff: 429 Client Error: Too Many Requests for url: https://api.kaggle.com/v1/competitions.CompetitionApiService/DownloadDataFile

  FAIL train_label_masks/dd26b0dd91cb20493617a9b82ab9d8fd_mask.tiff: 429 Client Error: Too Many Requests for url: https://api.kaggle.com/v1/competitions.CompetitionApiService/DownloadDataFile

  FAIL train_label_masks/dd43c81a6e0d49daefdbaa069e2bb095_mask.tiff: 429 Client Error: Too Many Requests for url: https://api.kaggle.com/v1/competitions.CompetitionApiService/DownloadDataFile

  FAIL train_label_masks/dd4a6b2c2370f47add9ec08e2f7e7458_mask.tiff: 429 Client Error: Too Many Requests for url: https://api.kaggle.com/v1/competitions.CompetitionApiService/DownloadDataFile

  FAIL train_label_masks/dd50be7fcf2324687a408fe09194f59e_mask.tiff: 429 Client Error: Too Many Requests for url: https://api.kaggle.com/v1/competitions.CompetitionApiService/DownloadDataFile

  FAIL train_label_masks/dd52af5bb1333bb7ce33ed9ca36454b4_mask.tiff: 429 Client Error: Too Many Requests for url: https://api.kaggle.com/v1/competitions.CompetitionApiService/DownloadDataFile

  FAIL train_label_masks/dd549fc1dbc7db15b94d1a0cfd7de309_mask.tiff: 429 Client Error: Too Many Requests for url: https://api.kaggle.com/v1/competitions.CompetitionApiService/DownloadDataFile

  FAIL train_label_masks/dd6ded8699cc4d3bf62c7e961b8a70ec_mask.tiff: 429 Client Error: Too Many Requests for url: https://api.kaggle.com/v1/competitions.CompetitionApiService/DownloadDataFile

  FAIL train_label_masks/dd893039103b58fddb9e41b1ad099d91_mask.tiff: 429 Client Error: Too Many Requests for url: https://api.kaggle.com/v1/competitions.CompetitionApiService/DownloadDataFile

  FAIL train_label_masks/dd918d3f330e54cd566615c46436495e_mask.tiff: 429 Client Error: Too Many Requests for url: https://api.kaggle.com/v1/competitions.CompetitionApiService/DownloadDataFile

  FAIL train_label_masks/dd97a5aebd7c8ed6fb24da05ad92da74_mask.tiff: 429 Client Error: Too Many Requests for url: https://api.kaggle.com/v1/competitions.CompetitionApiService/DownloadDataFile

  FAIL train_label_masks/dd9df5c972f38a062d8861f5b4513959_mask.tiff: 429 Client Error: Too Many Requests for url: https://api.kaggle.com/v1/competitions.CompetitionApiService/DownloadDataFile

  FAIL train_label_masks/dd9fbfd8ef47f7ce437fac74ea034f8c_mask.tiff: 429 Client Error: Too Many Requests for url: https://api.kaggle.com/v1/competitions.CompetitionApiService/DownloadDataFile

  FAIL train_label_masks/ddac26b8c4b0ab1a705a4aac427dd486_mask.tiff: 429 Client Error: Too Many Requests for url: https://api.kaggle.com/v1/competitions.CompetitionApiService/DownloadDataFile

  FAIL train_label_masks/ddb64fec2f66e001804e629c20867e59_mask.tiff: 429 Client Error: Too Many Requests for url: https://api.kaggle.com/v1/competitions.CompetitionApiService/DownloadDataFile

  FAIL train_label_masks/ddbeff8437def5f80c4890b394711ec2_mask.tiff: 429 Client Error: Too Many Requests for url: https://api.kaggle.com/v1/competitions.CompetitionApiService/DownloadDataFile

  FAIL train_label_masks/ddd0edc9c6eb676649934adbb8ab0f8b_mask.tiff: 429 Client Error: Too Many Requests for url: https://api.kaggle.com/v1/competitions.CompetitionApiService/DownloadDataFile

  FAIL train_label_masks/ddd2f284a0815fb717d5ad3ee2d0d3d8_mask.tiff: 429 Client Error: Too Many Requests for url: https://api.kaggle.com/v1/competitions.CompetitionApiService/DownloadDataFile

  FAIL train_label_masks/ddd302c374af146eeff0408e2b5da995_mask.tiff: 429 Client Error: Too Many Requests for url: https://api.kaggle.com/v1/competitions.CompetitionApiService/DownloadDataFile

  FAIL train_label_masks/de053910e530a0446edf0c8dc12d31e3_mask.tiff: 429 Client Error: Too Many Requests for url: https://api.kaggle.com/v1/competitions.CompetitionApiService/DownloadDataFile

  FAIL train_label_masks/de06480e9ad90fd6fbb3b2496eb6d35b_mask.tiff: 429 Client Error: Too Many Requests for url: https://api.kaggle.com/v1/competitions.CompetitionApiService/DownloadDataFile

  FAIL train_label_masks/de16d4d453830a7b68b20e591f41bc6c_mask.tiff: 429 Client Error: Too Many Requests for url: https://api.kaggle.com/v1/competitions.CompetitionApiService/DownloadDataFile

  FAIL train_label_masks/de40ff48038838a3dc494e839dde2945_mask.tiff: 429 Client Error: Too Many Requests for url: https://api.kaggle.com/v1/competitions.CompetitionApiService/DownloadDataFile

  FAIL train_label_masks/de4246495d322f1fba1889dd3783f0d5_mask.tiff: 429 Client Error: Too Many Requests for url: https://api.kaggle.com/v1/competitions.CompetitionApiService/DownloadDataFile

  FAIL train_label_masks/de4966a35d76fc988a17d78d895b2130_mask.tiff: 429 Client Error: Too Many Requests for url: https://api.kaggle.com/v1/competitions.CompetitionApiService/DownloadDataFile

  FAIL train_label_masks/de6b31466c0af9a7024de03a5540f1f7_mask.tiff: 429 Client Error: Too Many Requests for url: https://api.kaggle.com/v1/competitions.CompetitionApiService/DownloadDataFile

  FAIL train_label_masks/dec45a32f96c496a9141d49617286870_mask.tiff: 429 Client Error: Too Many Requests for url: https://api.kaggle.com/v1/competitions.CompetitionApiService/DownloadDataFile

  FAIL train_label_masks/dee5779947bf3e93291e7d4ca7e72ddf_mask.tiff: 429 Client Error: Too Many Requests for url: https://api.kaggle.com/v1/competitions.CompetitionApiService/DownloadDataFile

  FAIL train_label_masks/dee6f372d17c4f4457948f38d13970e9_mask.tiff: 429 Client Error: Too Many Requests for url: https://api.kaggle.com/v1/competitions.CompetitionApiService/DownloadDataFile

  FAIL train_label_masks/def34835d0079f5fdd5bfd81b01ff7ee_mask.tiff: 429 Client Error: Too Many Requests for url: https://api.kaggle.com/v1/competitions.CompetitionApiService/DownloadDataFile

  FAIL train_label_masks/def79acd1fba29e18079fd3925b7ae92_mask.tiff: 429 Client Error: Too Many Requests for url: https://api.kaggle.com/v1/competitions.CompetitionApiService/DownloadDataFile

  FAIL train_label_masks/defa7959933b0b63a3f8a39100ff100e_mask.tiff: 429 Client Error: Too Many Requests for url: https://api.kaggle.com/v1/competitions.CompetitionApiService/DownloadDataFile

  FAIL train_label_masks/df02f5c5fa4e85f143fef3593167ce62_mask.tiff: 429 Client Error: Too Many Requests for url: https://api.kaggle.com/v1/competitions.CompetitionApiService/DownloadDataFile

  FAIL train_label_masks/df18ac8990e89990e4b908f4d77c3aa2_mask.tiff: 429 Client Error: Too Many Requests for url: https://api.kaggle.com/v1/competitions.CompetitionApiService/DownloadDataFile

  FAIL train_label_masks/df29712be2badfd7ae0ef37d30759042_mask.tiff: 429 Client Error: Too Many Requests for url: https://api.kaggle.com/v1/competitions.CompetitionApiService/DownloadDataFile

  FAIL train_label_masks/df386686a83a221eda2801df56e60bcd_mask.tiff: 429 Client Error: Too Many Requests for url: https://api.kaggle.com/v1/competitions.CompetitionApiService/DownloadDataFile

  FAIL train_label_masks/df3d9c53189dd95a5888480835d341a9_mask.tiff: 429 Client Error: Too Many Requests for url: https://api.kaggle.com/v1/competitions.CompetitionApiService/DownloadDataFile

  FAIL train_label_masks/df4146c2cb4e97d9c227bdd90d4dc6f8_mask.tiff: 429 Client Error: Too Many Requests for url: https://api.kaggle.com/v1/competitions.CompetitionApiService/DownloadDataFile

  FAIL train_label_masks/df599862faf0cd78b880fa7f6644407e_mask.tiff: 429 Client Error: Too Many Requests for url: https://api.kaggle.com/v1/competitions.CompetitionApiService/DownloadDataFile

  FAIL train_label_masks/df6054cdf663fcc0fa704d6a45ce97ef_mask.tiff: 429 Client Error: Too Many Requests for url: https://api.kaggle.com/v1/competitions.CompetitionApiService/DownloadDataFile

  FAIL train_label_masks/df83132f9e6a7c8337e6cd91270f8f7d_mask.tiff: 429 Client Error: Too Many Requests for url: https://api.kaggle.com/v1/competitions.CompetitionApiService/DownloadDataFile

  FAIL train_label_masks/df8bd94723b96652f71fbdde64fc8669_mask.tiff: 429 Client Error: Too Many Requests for url: https://api.kaggle.com/v1/competitions.CompetitionApiService/DownloadDataFile

  FAIL train_label_masks/dfa98f57a4842a0f6d78d0c9e59380fa_mask.tiff: 429 Client Error: Too Many Requests for url: https://api.kaggle.com/v1/competitions.CompetitionApiService/DownloadDataFile

  FAIL train_label_masks/dfae643568b01d1f4ad5d86bac2f7994_mask.tiff: 429 Client Error: Too Many Requests for url: https://api.kaggle.com/v1/competitions.CompetitionApiService/DownloadDataFile

  FAIL train_label_masks/dfb8f57174971abbab14ad065b36769b_mask.tiff: 429 Client Error: Too Many Requests for url: https://api.kaggle.com/v1/competitions.CompetitionApiService/DownloadDataFile

  FAIL train_label_masks/dfb94f6d16ff40e04681be2c2fde7fcd_mask.tiff: 429 Client Error: Too Many Requests for url: https://api.kaggle.com/v1/competitions.CompetitionApiService/DownloadDataFile

  FAIL train_label_masks/dfefdf0717c69330a75f3cd28abcfff5_mask.tiff: 429 Client Error: Too Many Requests for url: https://api.kaggle.com/v1/competitions.CompetitionApiService/DownloadDataFile

  FAIL train_label_masks/dff285c9260f7f68f4e97fb6abd32043_mask.tiff: 429 Client Error: Too Many Requests for url: https://api.kaggle.com/v1/competitions.CompetitionApiService/DownloadDataFile

  FAIL train_label_masks/dffa5e1d1d4501837cc9aa54a56ae1a7_mask.tiff: 429 Client Error: Too Many Requests for url: https://api.kaggle.com/v1/competitions.CompetitionApiService/DownloadDataFile

  FAIL train_label_masks/e00211e28b1305eb266b08e6e9583df1_mask.tiff: 429 Client Error: Too Many Requests for url: https://api.kaggle.com/v1/competitions.CompetitionApiService/DownloadDataFile

  FAIL train_label_masks/e004796dbc56fa09c543d415a360c17b_mask.tiff: 429 Client Error: Too Many Requests for url: https://api.kaggle.com/v1/competitions.CompetitionApiService/DownloadDataFile

  FAIL train_label_masks/e005bc3ecd718b268588742a9e86d6f8_mask.tiff: 429 Client Error: Too Many Requests for url: https://api.kaggle.com/v1/competitions.CompetitionApiService/DownloadDataFile

  FAIL train_label_masks/e00a89e8381aefb07d23390b87fe5d48_mask.tiff: 429 Client Error: Too Many Requests for url: https://api.kaggle.com/v1/competitions.CompetitionApiService/DownloadDataFile

  FAIL train_label_masks/e02703af0349a0d093605123400dbf07_mask.tiff: 429 Client Error: Too Many Requests for url: https://api.kaggle.com/v1/competitions.CompetitionApiService/DownloadDataFile

  FAIL train_label_masks/e02a4e6752db30ddfe21a7c2cab7470b_mask.tiff: 429 Client Error: Too Many Requests for url: https://api.kaggle.com/v1/competitions.CompetitionApiService/DownloadDataFile

  FAIL train_label_masks/e03c543c7d61b179d0cb66f8c94f80cf_mask.tiff: 429 Client Error: Too Many Requests for url: https://api.kaggle.com/v1/competitions.CompetitionApiService/DownloadDataFile

  FAIL train_label_masks/e041b17de0e6fdf460f0258253cfcd98_mask.tiff: 429 Client Error: Too Many Requests for url: https://api.kaggle.com/v1/competitions.CompetitionApiService/DownloadDataFile

  FAIL train_label_masks/e04e11360525f7d13aaa9d4bba16ea7e_mask.tiff: 429 Client Error: Too Many Requests for url: https://api.kaggle.com/v1/competitions.CompetitionApiService/DownloadDataFile

  FAIL train_label_masks/e04ea71e821b0dffc431297b25b359de_mask.tiff: 429 Client Error: Too Many Requests for url: https://api.kaggle.com/v1/competitions.CompetitionApiService/DownloadDataFile

  FAIL train_label_masks/e05f477f1d1693f8b4a5e629bb0745b2_mask.tiff: 429 Client Error: Too Many Requests for url: https://api.kaggle.com/v1/competitions.CompetitionApiService/DownloadDataFile

  FAIL train_label_masks/e07f1b310d1a857c0c755fddfa07902a_mask.tiff: 429 Client Error: Too Many Requests for url: https://api.kaggle.com/v1/competitions.CompetitionApiService/DownloadDataFile

  FAIL train_label_masks/e08b3873a528bb51f5e099eddeedee5c_mask.tiff: 429 Client Error: Too Many Requests for url: https://api.kaggle.com/v1/competitions.CompetitionApiService/DownloadDataFile

  FAIL train_label_masks/e08e093639ae659b84c6d2c95f542f0e_mask.tiff: 429 Client Error: Too Many Requests for url: https://api.kaggle.com/v1/competitions.CompetitionApiService/DownloadDataFile

  FAIL train_label_masks/e0c2ac1e8919079234c7d0b9df13adff_mask.tiff: 429 Client Error: Too Many Requests for url: https://api.kaggle.com/v1/competitions.CompetitionApiService/DownloadDataFile

  FAIL train_label_masks/e0c370969267c34db431130a881e72f4_mask.tiff: 429 Client Error: Too Many Requests for url: https://api.kaggle.com/v1/competitions.CompetitionApiService/DownloadDataFile

  FAIL train_label_masks/e0ca5e9b18d9d563d7b6a4fe3d919f89_mask.tiff: 429 Client Error: Too Many Requests for url: https://api.kaggle.com/v1/competitions.CompetitionApiService/DownloadDataFile

  FAIL train_label_masks/e0d6698a658131c2240e15cf4f40efa1_mask.tiff: 429 Client Error: Too Many Requests for url: https://api.kaggle.com/v1/competitions.CompetitionApiService/DownloadDataFile

  FAIL train_label_masks/e0dbde719b3f28fa7ef3e429b44c6d41_mask.tiff: 429 Client Error: Too Many Requests for url: https://api.kaggle.com/v1/competitions.CompetitionApiService/DownloadDataFile

  FAIL train_label_masks/e0df25d68711d044c43e0612d185732c_mask.tiff: 429 Client Error: Too Many Requests for url: https://api.kaggle.com/v1/competitions.CompetitionApiService/DownloadDataFile

  FAIL train_label_masks/e10d5f4e9dd5c9adb81bbe1a744866ec_mask.tiff: 429 Client Error: Too Many Requests for url: https://api.kaggle.com/v1/competitions.CompetitionApiService/DownloadDataFile

  FAIL train_label_masks/e10ea1f294e02f216204a965c2fe09e0_mask.tiff: 429 Client Error: Too Many Requests for url: https://api.kaggle.com/v1/competitions.CompetitionApiService/DownloadDataFile

  FAIL train_label_masks/e10ebd20ef424d61222ccc5e97dcc76b_mask.tiff: 429 Client Error: Too Many Requests for url: https://api.kaggle.com/v1/competitions.CompetitionApiService/DownloadDataFile

  FAIL train_label_masks/e10ff644b1121aeaf5a060e6875f7867_mask.tiff: 429 Client Error: Too Many Requests for url: https://api.kaggle.com/v1/competitions.CompetitionApiService/DownloadDataFile

  FAIL train_label_masks/e11d21ce3b806da540de6ecb09affe67_mask.tiff: 429 Client Error: Too Many Requests for url: https://api.kaggle.com/v1/competitions.CompetitionApiService/DownloadDataFile

  FAIL train_label_masks/e13ad43ca93b81c3461ec29c1ca41106_mask.tiff: 429 Client Error: Too Many Requests for url: https://api.kaggle.com/v1/competitions.CompetitionApiService/DownloadDataFile

  FAIL train_label_masks/e142b7febd70389ad7034febac1e5cd9_mask.tiff: 429 Client Error: Too Many Requests for url: https://api.kaggle.com/v1/competitions.CompetitionApiService/DownloadDataFile

  FAIL train_label_masks/e15826e3b403aeca10aa2a512d3a9d60_mask.tiff: 429 Client Error: Too Many Requests for url: https://api.kaggle.com/v1/competitions.CompetitionApiService/DownloadDataFile

  FAIL train_label_masks/e162a1681d6e6ab5bf85a7eb71ef7f95_mask.tiff: 429 Client Error: Too Many Requests for url: https://api.kaggle.com/v1/competitions.CompetitionApiService/DownloadDataFile

  FAIL train_label_masks/e173f2b10faccbb5c9f5a0c38a2a1fd0_mask.tiff: 429 Client Error: Too Many Requests for url: https://api.kaggle.com/v1/competitions.CompetitionApiService/DownloadDataFile

  FAIL train_label_masks/e175edbb01ee93372ae54bdc1734bcf5_mask.tiff: 429 Client Error: Too Many Requests for url: https://api.kaggle.com/v1/competitions.CompetitionApiService/DownloadDataFile

  FAIL train_label_masks/e17b55972ff36346f98e17f963a057f0_mask.tiff: 429 Client Error: Too Many Requests for url: https://api.kaggle.com/v1/competitions.CompetitionApiService/DownloadDataFile

  FAIL train_label_masks/e187fc91f755db1d0885f19a0b333523_mask.tiff: 429 Client Error: Too Many Requests for url: https://api.kaggle.com/v1/competitions.CompetitionApiService/DownloadDataFile

  FAIL train_label_masks/e19325ebb64adc3293f7173d7a337409_mask.tiff: 429 Client Error: Too Many Requests for url: https://api.kaggle.com/v1/competitions.CompetitionApiService/DownloadDataFile

  FAIL train_label_masks/e1a521bd98594307f9b46be2b2d06d03_mask.tiff: 429 Client Error: Too Many Requests for url: https://api.kaggle.com/v1/competitions.CompetitionApiService/DownloadDataFile

  FAIL train_label_masks/e1b8d76e1ff3bb07fd92b1512e8c4ce5_mask.tiff: 429 Client Error: Too Many Requests for url: https://api.kaggle.com/v1/competitions.CompetitionApiService/DownloadDataFile

  FAIL train_label_masks/e1b95e3bcc154cf1819ce08b778adbc0_mask.tiff: 429 Client Error: Too Many Requests for url: https://api.kaggle.com/v1/competitions.CompetitionApiService/DownloadDataFile

  FAIL train_label_masks/e1cb7dd62d9f43421d5a01467307b98d_mask.tiff: 429 Client Error: Too Many Requests for url: https://api.kaggle.com/v1/competitions.CompetitionApiService/DownloadDataFile

  FAIL train_label_masks/e1cbad247a96593f8ea911d0edd8cfcb_mask.tiff: 429 Client Error: Too Many Requests for url: https://api.kaggle.com/v1/competitions.CompetitionApiService/DownloadDataFile

  FAIL train_label_masks/e1dad4d35e61a13a237774ccfb24ae9b_mask.tiff: 429 Client Error: Too Many Requests for url: https://api.kaggle.com/v1/competitions.CompetitionApiService/DownloadDataFile

  FAIL train_label_masks/e1ef8bc2099822e6b6872bbbf8b601ff_mask.tiff: 429 Client Error: Too Many Requests for url: https://api.kaggle.com/v1/competitions.CompetitionApiService/DownloadDataFile

  FAIL train_label_masks/e20c73041c5c5ac83c20a7c669f46e9a_mask.tiff: 429 Client Error: Too Many Requests for url: https://api.kaggle.com/v1/competitions.CompetitionApiService/DownloadDataFile

  FAIL train_label_masks/e2138754f55ba87cd4cdd2ccb8f0721d_mask.tiff: 429 Client Error: Too Many Requests for url: https://api.kaggle.com/v1/competitions.CompetitionApiService/DownloadDataFile

  FAIL train_label_masks/e2252a41bd6f1a9e7045e9f10dde5a20_mask.tiff: 429 Client Error: Too Many Requests for url: https://api.kaggle.com/v1/competitions.CompetitionApiService/DownloadDataFile

  FAIL train_label_masks/e241df65ca9194cb95c86f93ddd85bf7_mask.tiff: 429 Client Error: Too Many Requests for url: https://api.kaggle.com/v1/competitions.CompetitionApiService/DownloadDataFile

  FAIL train_label_masks/e2578d331ae6cb3bc649027498c8ff8d_mask.tiff: 429 Client Error: Too Many Requests for url: https://api.kaggle.com/v1/competitions.CompetitionApiService/DownloadDataFile

  FAIL train_label_masks/e2726cffee3499287c6f87b561dd228d_mask.tiff: 429 Client Error: Too Many Requests for url: https://api.kaggle.com/v1/competitions.CompetitionApiService/DownloadDataFile

  FAIL train_label_masks/e273dba6ce943ac5c5a2b2f0ca62fddd_mask.tiff: 429 Client Error: Too Many Requests for url: https://api.kaggle.com/v1/competitions.CompetitionApiService/DownloadDataFile

  FAIL train_label_masks/e278dc57dacfed61fa504133fda2d8c1_mask.tiff: 429 Client Error: Too Many Requests for url: https://api.kaggle.com/v1/competitions.CompetitionApiService/DownloadDataFile

  FAIL train_label_masks/e2876d9ebfde8e9b19701ac52b33dcd4_mask.tiff: 429 Client Error: Too Many Requests for url: https://api.kaggle.com/v1/competitions.CompetitionApiService/DownloadDataFile

  FAIL train_label_masks/e28c566407ff5c15179ef801e8fbfeaf_mask.tiff: 429 Client Error: Too Many Requests for url: https://api.kaggle.com/v1/competitions.CompetitionApiService/DownloadDataFile

  FAIL train_label_masks/e29f49849de6ff182d115fe2aa6cac3a_mask.tiff: 429 Client Error: Too Many Requests for url: https://api.kaggle.com/v1/competitions.CompetitionApiService/DownloadDataFile

  FAIL train_label_masks/e2b069d3db5dd82610abc684befac2d3_mask.tiff: 429 Client Error: Too Many Requests for url: https://api.kaggle.com/v1/competitions.CompetitionApiService/DownloadDataFile

  FAIL train_label_masks/e2c101f2e420716fe53e2c61109faddc_mask.tiff: 429 Client Error: Too Many Requests for url: https://api.kaggle.com/v1/competitions.CompetitionApiService/DownloadDataFile

  FAIL train_label_masks/e2da537552bbe880cf184b4cf998388c_mask.tiff: 429 Client Error: Too Many Requests for url: https://api.kaggle.com/v1/competitions.CompetitionApiService/DownloadDataFile

  FAIL train_label_masks/e2ecc681ff1778f6fa897e95221deab8_mask.tiff: 429 Client Error: Too Many Requests for url: https://api.kaggle.com/v1/competitions.CompetitionApiService/DownloadDataFile

  FAIL train_label_masks/e2efdfdce6c126897cef60cde252def7_mask.tiff: 429 Client Error: Too Many Requests for url: https://api.kaggle.com/v1/competitions.CompetitionApiService/DownloadDataFile

  FAIL train_label_masks/e2f04baa0bee5232b73ca726d29a870b_mask.tiff: 429 Client Error: Too Many Requests for url: https://api.kaggle.com/v1/competitions.CompetitionApiService/DownloadDataFile

  FAIL train_label_masks/e312107a00076baeb1f1dc9497d2cee6_mask.tiff: 429 Client Error: Too Many Requests for url: https://api.kaggle.com/v1/competitions.CompetitionApiService/DownloadDataFile

  FAIL train_label_masks/e313036329612a13d9c252f591eaff6d_mask.tiff: 429 Client Error: Too Many Requests for url: https://api.kaggle.com/v1/competitions.CompetitionApiService/DownloadDataFile

  FAIL train_label_masks/e31d9b2e94f0a5774796a8e8affe0180_mask.tiff: 429 Client Error: Too Many Requests for url: https://api.kaggle.com/v1/competitions.CompetitionApiService/DownloadDataFile

  FAIL train_label_masks/e32eaa0214217a140bd12cd1592d9558_mask.tiff: 429 Client Error: Too Many Requests for url: https://api.kaggle.com/v1/competitions.CompetitionApiService/DownloadDataFile

  FAIL train_label_masks/e3306507fac36d68ea6c6e20bda23200_mask.tiff: 429 Client Error: Too Many Requests for url: https://api.kaggle.com/v1/competitions.CompetitionApiService/DownloadDataFile

  FAIL train_label_masks/e33e2787c16fd3291299992fbabb7636_mask.tiff: 429 Client Error: Too Many Requests for url: https://api.kaggle.com/v1/competitions.CompetitionApiService/DownloadDataFile

  FAIL train_label_masks/e34cba2807a8776c31fa61f63ac567cf_mask.tiff: 429 Client Error: Too Many Requests for url: https://api.kaggle.com/v1/competitions.CompetitionApiService/DownloadDataFile

  FAIL train_label_masks/e3a34f11358350448279e275774a0263_mask.tiff: 429 Client Error: Too Many Requests for url: https://api.kaggle.com/v1/competitions.CompetitionApiService/DownloadDataFile

  FAIL train_label_masks/e3a86173361dbf0574a3781d540b5259_mask.tiff: 429 Client Error: Too Many Requests for url: https://api.kaggle.com/v1/competitions.CompetitionApiService/DownloadDataFile

  FAIL train_label_masks/e3e660456c62fb96e17658af48b3e7e4_mask.tiff: 429 Client Error: Too Many Requests for url: https://api.kaggle.com/v1/competitions.CompetitionApiService/DownloadDataFile

  FAIL train_label_masks/e3f0542a702cef736b649df9a3a98e8c_mask.tiff: 429 Client Error: Too Many Requests for url: https://api.kaggle.com/v1/competitions.CompetitionApiService/DownloadDataFile

  FAIL train_label_masks/e4004944daa2e2ab41f4d8cec3adec83_mask.tiff: 429 Client Error: Too Many Requests for url: https://api.kaggle.com/v1/competitions.CompetitionApiService/DownloadDataFile

  FAIL train_label_masks/e4018c330e40dbf522c073c22732cf38_mask.tiff: 429 Client Error: Too Many Requests for url: https://api.kaggle.com/v1/competitions.CompetitionApiService/DownloadDataFile

  FAIL train_label_masks/e42266419ea81e25ffbea2954c817ad5_mask.tiff: 429 Client Error: Too Many Requests for url: https://api.kaggle.com/v1/competitions.CompetitionApiService/DownloadDataFile

  FAIL train_label_masks/e4229a7cea9d61ea5485091142e2fd3e_mask.tiff: 429 Client Error: Too Many Requests for url: https://api.kaggle.com/v1/competitions.CompetitionApiService/DownloadDataFile

  FAIL train_label_masks/e424946aa014c140468320fda4683cb4_mask.tiff: 429 Client Error: Too Many Requests for url: https://api.kaggle.com/v1/competitions.CompetitionApiService/DownloadDataFile

  FAIL train_label_masks/e4368e6ebbcd17b0fef1f385f33fd5e0_mask.tiff: 429 Client Error: Too Many Requests for url: https://api.kaggle.com/v1/competitions.CompetitionApiService/DownloadDataFile

  FAIL train_label_masks/e439c55932821e4011f5c88291a80928_mask.tiff: 429 Client Error: Too Many Requests for url: https://api.kaggle.com/v1/competitions.CompetitionApiService/DownloadDataFile

  FAIL train_label_masks/e43ae1ef2cda811070e2c0a6d6154150_mask.tiff: 429 Client Error: Too Many Requests for url: https://api.kaggle.com/v1/competitions.CompetitionApiService/DownloadDataFile

  FAIL train_label_masks/e43ca92b64685313429257eab0e43c9f_mask.tiff: 429 Client Error: Too Many Requests for url: https://api.kaggle.com/v1/competitions.CompetitionApiService/DownloadDataFile

  FAIL train_label_masks/e45b0f108cd8bf28681860aec3120cbd_mask.tiff: 429 Client Error: Too Many Requests for url: https://api.kaggle.com/v1/competitions.CompetitionApiService/DownloadDataFile

  FAIL train_label_masks/e46cd9a60e519442571060be59a55149_mask.tiff: 429 Client Error: Too Many Requests for url: https://api.kaggle.com/v1/competitions.CompetitionApiService/DownloadDataFile

  FAIL train_label_masks/e47409feff05e7815c2908a2af47746b_mask.tiff: 429 Client Error: Too Many Requests for url: https://api.kaggle.com/v1/competitions.CompetitionApiService/DownloadDataFile

  FAIL train_label_masks/e4778d4b43e8e8877770edbfb2d4b3c1_mask.tiff: 429 Client Error: Too Many Requests for url: https://api.kaggle.com/v1/competitions.CompetitionApiService/DownloadDataFile

  FAIL train_label_masks/e479a841de401149c4f149ebe92cec7e_mask.tiff: 429 Client Error: Too Many Requests for url: https://api.kaggle.com/v1/competitions.CompetitionApiService/DownloadDataFile

  FAIL train_label_masks/e4858d718f97a3ff5dab42484f5b1bd7_mask.tiff: 429 Client Error: Too Many Requests for url: https://api.kaggle.com/v1/competitions.CompetitionApiService/DownloadDataFile

  FAIL train_label_masks/e49bc96b36f660bf3aa433ef119066eb_mask.tiff: 429 Client Error: Too Many Requests for url: https://api.kaggle.com/v1/competitions.CompetitionApiService/DownloadDataFile

  FAIL train_label_masks/e4bbe0282fbed7b4c2e82a36fec5246b_mask.tiff: 429 Client Error: Too Many Requests for url: https://api.kaggle.com/v1/competitions.CompetitionApiService/DownloadDataFile

  FAIL train_label_masks/e4c61dd08684fe6ca116c8610967f247_mask.tiff: 429 Client Error: Too Many Requests for url: https://api.kaggle.com/v1/competitions.CompetitionApiService/DownloadDataFile

  FAIL train_label_masks/e4ca3da3ff10350afd296ec9cc5b4ce5_mask.tiff: 429 Client Error: Too Many Requests for url: https://api.kaggle.com/v1/competitions.CompetitionApiService/DownloadDataFile

  FAIL train_label_masks/e4cabafdbaf00676b92fae9436dc4c6c_mask.tiff: 429 Client Error: Too Many Requests for url: https://api.kaggle.com/v1/competitions.CompetitionApiService/DownloadDataFile

  FAIL train_label_masks/e4ddc57e6642607be5809a7fd02bd612_mask.tiff: 429 Client Error: Too Many Requests for url: https://api.kaggle.com/v1/competitions.CompetitionApiService/DownloadDataFile

  FAIL train_label_masks/e4e8ee3d5d5ddfff49f6f12077146b33_mask.tiff: 429 Client Error: Too Many Requests for url: https://api.kaggle.com/v1/competitions.CompetitionApiService/DownloadDataFile

  FAIL train_label_masks/e4fe4288bba2a29f9ad2eadbce43cf80_mask.tiff: 429 Client Error: Too Many Requests for url: https://api.kaggle.com/v1/competitions.CompetitionApiService/DownloadDataFile

  FAIL train_label_masks/e525fcfd50e34dc1f10465e3ea7ec2c0_mask.tiff: 429 Client Error: Too Many Requests for url: https://api.kaggle.com/v1/competitions.CompetitionApiService/DownloadDataFile

  FAIL train_label_masks/e528d21e5e6c87a9a1579214f6ec345d_mask.tiff: 429 Client Error: Too Many Requests for url: https://api.kaggle.com/v1/competitions.CompetitionApiService/DownloadDataFile

  FAIL train_label_masks/e52afd1585ee4930b0005e42118a6e42_mask.tiff: 429 Client Error: Too Many Requests for url: https://api.kaggle.com/v1/competitions.CompetitionApiService/DownloadDataFile

  FAIL train_label_masks/e52c5685f6ebafcd377918e583486cb8_mask.tiff: 429 Client Error: Too Many Requests for url: https://api.kaggle.com/v1/competitions.CompetitionApiService/DownloadDataFile

  FAIL train_label_masks/e53ec7956c1284b527ad242b70c37b37_mask.tiff: 429 Client Error: Too Many Requests for url: https://api.kaggle.com/v1/competitions.CompetitionApiService/DownloadDataFile

  FAIL train_label_masks/e55a0a59287bb3e3c51a6775a3ef30dc_mask.tiff: 429 Client Error: Too Many Requests for url: https://api.kaggle.com/v1/competitions.CompetitionApiService/DownloadDataFile

  FAIL train_label_masks/e55c0c51b9ec0963d74029d2de84f85a_mask.tiff: 429 Client Error: Too Many Requests for url: https://api.kaggle.com/v1/competitions.CompetitionApiService/DownloadDataFile

  FAIL train_label_masks/e561cdb33e597cb88ab37af8d677eeac_mask.tiff: 429 Client Error: Too Many Requests for url: https://api.kaggle.com/v1/competitions.CompetitionApiService/DownloadDataFile

  FAIL train_label_masks/e5739e452d5b7c5e68c4171ece2557e3_mask.tiff: 429 Client Error: Too Many Requests for url: https://api.kaggle.com/v1/competitions.CompetitionApiService/DownloadDataFile

  FAIL train_label_masks/e573d5bd029fefceb5463707eb41a03a_mask.tiff: 429 Client Error: Too Many Requests for url: https://api.kaggle.com/v1/competitions.CompetitionApiService/DownloadDataFile

  FAIL train_label_masks/e5875827ce9f2f526f46eefff35ab893_mask.tiff: 429 Client Error: Too Many Requests for url: https://api.kaggle.com/v1/competitions.CompetitionApiService/DownloadDataFile

  FAIL train_label_masks/e59296cf7a004822a4cce233bcb221b3_mask.tiff: 429 Client Error: Too Many Requests for url: https://api.kaggle.com/v1/competitions.CompetitionApiService/DownloadDataFile

  FAIL train_label_masks/e5a3fc40ca910bbf6c4dc912da522e3c_mask.tiff: 429 Client Error: Too Many Requests for url: https://api.kaggle.com/v1/competitions.CompetitionApiService/DownloadDataFile

  FAIL train_label_masks/e5c045c4083859b242af4d1b3bc1dc65_mask.tiff: 429 Client Error: Too Many Requests for url: https://api.kaggle.com/v1/competitions.CompetitionApiService/DownloadDataFile

  FAIL train_label_masks/e5c048da7a875e04bc632e048223309f_mask.tiff: 429 Client Error: Too Many Requests for url: https://api.kaggle.com/v1/competitions.CompetitionApiService/DownloadDataFile

  FAIL train_label_masks/e5c110d0ec8087bc89e6f6a528a690ce_mask.tiff: 429 Client Error: Too Many Requests for url: https://api.kaggle.com/v1/competitions.CompetitionApiService/DownloadDataFile

  FAIL train_label_masks/e5dcae49fce83049904699a5001ec0b3_mask.tiff: 429 Client Error: Too Many Requests for url: https://api.kaggle.com/v1/competitions.CompetitionApiService/DownloadDataFile

  FAIL train_label_masks/e5e5afaa4adc21dd69b387dbcb91aa74_mask.tiff: 429 Client Error: Too Many Requests for url: https://api.kaggle.com/v1/competitions.CompetitionApiService/DownloadDataFile

  FAIL train_label_masks/e5fc40d67ca490bb598688f92a2eff6b_mask.tiff: 429 Client Error: Too Many Requests for url: https://api.kaggle.com/v1/competitions.CompetitionApiService/DownloadDataFile

  FAIL train_label_masks/e610af2c9bdb892102c1c239c836121f_mask.tiff: 429 Client Error: Too Many Requests for url: https://api.kaggle.com/v1/competitions.CompetitionApiService/DownloadDataFile

  FAIL train_label_masks/e61f5f4feabbb1cb6c09a2bd4494b916_mask.tiff: 429 Client Error: Too Many Requests for url: https://api.kaggle.com/v1/competitions.CompetitionApiService/DownloadDataFile

  FAIL train_label_masks/e62a7175ca466fb365631d124972c0a8_mask.tiff: 429 Client Error: Too Many Requests for url: https://api.kaggle.com/v1/competitions.CompetitionApiService/DownloadDataFile

  FAIL train_label_masks/e63d457e162ff5875c8475210734f704_mask.tiff: 429 Client Error: Too Many Requests for url: https://api.kaggle.com/v1/competitions.CompetitionApiService/DownloadDataFile

  FAIL train_label_masks/e64598d6884499b44b9bc615912f4f0e_mask.tiff: 429 Client Error: Too Many Requests for url: https://api.kaggle.com/v1/competitions.CompetitionApiService/DownloadDataFile

  FAIL train_label_masks/e65d809914de1f87fd337a75ac08454f_mask.tiff: 429 Client Error: Too Many Requests for url: https://api.kaggle.com/v1/competitions.CompetitionApiService/DownloadDataFile

  FAIL train_label_masks/e6827b24810e6447a2c88eb4661390b4_mask.tiff: 429 Client Error: Too Many Requests for url: https://api.kaggle.com/v1/competitions.CompetitionApiService/DownloadDataFile

  FAIL train_label_masks/e692db297233f27312315e8a5c75c32a_mask.tiff: 429 Client Error: Too Many Requests for url: https://api.kaggle.com/v1/competitions.CompetitionApiService/DownloadDataFile

  FAIL train_label_masks/e696a20c83939434527ea9a8b4d26d24_mask.tiff: 429 Client Error: Too Many Requests for url: https://api.kaggle.com/v1/competitions.CompetitionApiService/DownloadDataFile

  FAIL train_label_masks/e69f5703fc72f2b99a2cd8eef05a11e8_mask.tiff: 429 Client Error: Too Many Requests for url: https://api.kaggle.com/v1/competitions.CompetitionApiService/DownloadDataFile

  FAIL train_label_masks/e6a6f4658717ef0c20e18cc89b96f4e6_mask.tiff: 429 Client Error: Too Many Requests for url: https://api.kaggle.com/v1/competitions.CompetitionApiService/DownloadDataFile

  FAIL train_label_masks/e6a72561e752cce36b942ec74f168701_mask.tiff: 429 Client Error: Too Many Requests for url: https://api.kaggle.com/v1/competitions.CompetitionApiService/DownloadDataFile

  FAIL train_label_masks/e6b528e0bd6d4b69e3bfe318e550cbe1_mask.tiff: 429 Client Error: Too Many Requests for url: https://api.kaggle.com/v1/competitions.CompetitionApiService/DownloadDataFile

  FAIL train_label_masks/e6ba38a0847082104bfcbd7ec1bf6f49_mask.tiff: 429 Client Error: Too Many Requests for url: https://api.kaggle.com/v1/competitions.CompetitionApiService/DownloadDataFile

  FAIL train_label_masks/e6e7517d1d5ca7249c6fe106f4e7bb6c_mask.tiff: 429 Client Error: Too Many Requests for url: https://api.kaggle.com/v1/competitions.CompetitionApiService/DownloadDataFile

  FAIL train_label_masks/e6fe8d683d9d7f092c03992a23d901cc_mask.tiff: 429 Client Error: Too Many Requests for url: https://api.kaggle.com/v1/competitions.CompetitionApiService/DownloadDataFile

  FAIL train_label_masks/e702bc96a10e3ff51dca2e8eef71e4af_mask.tiff: 429 Client Error: Too Many Requests for url: https://api.kaggle.com/v1/competitions.CompetitionApiService/DownloadDataFile

  FAIL train_label_masks/e7043a7f067f15e7a833df1f0e9c7a7a_mask.tiff: 429 Client Error: Too Many Requests for url: https://api.kaggle.com/v1/competitions.CompetitionApiService/DownloadDataFile

  FAIL train_label_masks/e707ef8caf1f91a4aaee8231cfdcb353_mask.tiff: 429 Client Error: Too Many Requests for url: https://api.kaggle.com/v1/competitions.CompetitionApiService/DownloadDataFile

  FAIL train_label_masks/e70a78a696e2e294dc4ebaf48c449804_mask.tiff: 429 Client Error: Too Many Requests for url: https://api.kaggle.com/v1/competitions.CompetitionApiService/DownloadDataFile

  FAIL train_label_masks/e726a8eac36c3d91c3c4f9edba8ba713_mask.tiff: 429 Client Error: Too Many Requests for url: https://api.kaggle.com/v1/competitions.CompetitionApiService/DownloadDataFile

  FAIL train_label_masks/e739dc3b9262a94c9a5c206c39864278_mask.tiff: 429 Client Error: Too Many Requests for url: https://api.kaggle.com/v1/competitions.CompetitionApiService/DownloadDataFile

  FAIL train_label_masks/e73b08596d7a8aabfdddbddb4b8996eb_mask.tiff: 429 Client Error: Too Many Requests for url: https://api.kaggle.com/v1/competitions.CompetitionApiService/DownloadDataFile

  FAIL train_label_masks/e75ffb74501b1bdd328b0640fe71665b_mask.tiff: 429 Client Error: Too Many Requests for url: https://api.kaggle.com/v1/competitions.CompetitionApiService/DownloadDataFile

  FAIL train_label_masks/e7638f9443ea67c64e7befcfb52d35f2_mask.tiff: 429 Client Error: Too Many Requests for url: https://api.kaggle.com/v1/competitions.CompetitionApiService/DownloadDataFile

  FAIL train_label_masks/e76c15467a217238e680e38de3128f05_mask.tiff: 429 Client Error: Too Many Requests for url: https://api.kaggle.com/v1/competitions.CompetitionApiService/DownloadDataFile

  FAIL train_label_masks/e78a43e9cbfaae34ae2ad4929f2f8bcd_mask.tiff: 429 Client Error: Too Many Requests for url: https://api.kaggle.com/v1/competitions.CompetitionApiService/DownloadDataFile

  FAIL train_label_masks/e7ae2d3b70141b5cd11808dcd1f84148_mask.tiff: 429 Client Error: Too Many Requests for url: https://api.kaggle.com/v1/competitions.CompetitionApiService/DownloadDataFile

  FAIL train_label_masks/e7b24e5307a06a2547e4cc31df3e2d1f_mask.tiff: 429 Client Error: Too Many Requests for url: https://api.kaggle.com/v1/competitions.CompetitionApiService/DownloadDataFile

  FAIL train_label_masks/e7b8d4f1978aa78ee6d5ba378a12348f_mask.tiff: 429 Client Error: Too Many Requests for url: https://api.kaggle.com/v1/competitions.CompetitionApiService/DownloadDataFile

  FAIL train_label_masks/e7c1f39c7be220aa89d07d03514c85df_mask.tiff: 429 Client Error: Too Many Requests for url: https://api.kaggle.com/v1/competitions.CompetitionApiService/DownloadDataFile

  FAIL train_label_masks/e7db63dae4f1dbcfe945651219d34674_mask.tiff: 429 Client Error: Too Many Requests for url: https://api.kaggle.com/v1/competitions.CompetitionApiService/DownloadDataFile

  FAIL train_label_masks/e7ded102214a944d051a2628d5452faa_mask.tiff: 429 Client Error: Too Many Requests for url: https://api.kaggle.com/v1/competitions.CompetitionApiService/DownloadDataFile

  FAIL train_label_masks/e7e80a801e9a9102e87bcb514b13c660_mask.tiff: 429 Client Error: Too Many Requests for url: https://api.kaggle.com/v1/competitions.CompetitionApiService/DownloadDataFile

  FAIL train_label_masks/e7ec6453face5f38923755adeeda2677_mask.tiff: 429 Client Error: Too Many Requests for url: https://api.kaggle.com/v1/competitions.CompetitionApiService/DownloadDataFile

  FAIL train_label_masks/e7f434dd3d607e019828f9c1f0a66144_mask.tiff: 429 Client Error: Too Many Requests for url: https://api.kaggle.com/v1/competitions.CompetitionApiService/DownloadDataFile

  FAIL train_label_masks/e7f7bfb6b18e3a24a3d5a6815d796bc7_mask.tiff: 429 Client Error: Too Many Requests for url: https://api.kaggle.com/v1/competitions.CompetitionApiService/DownloadDataFile

  FAIL train_label_masks/e80386a9191e95c3547600d94dd3e3db_mask.tiff: 429 Client Error: Too Many Requests for url: https://api.kaggle.com/v1/competitions.CompetitionApiService/DownloadDataFile

  FAIL train_label_masks/e82301e658d765151edd7134a663c4e1_mask.tiff: 429 Client Error: Too Many Requests for url: https://api.kaggle.com/v1/competitions.CompetitionApiService/DownloadDataFile

  FAIL train_label_masks/e8290f572f0e2d4e85248dc375ed3b94_mask.tiff: 429 Client Error: Too Many Requests for url: https://api.kaggle.com/v1/competitions.CompetitionApiService/DownloadDataFile

  FAIL train_label_masks/e830b99a9330e3fa4feee8ac6f219083_mask.tiff: 429 Client Error: Too Many Requests for url: https://api.kaggle.com/v1/competitions.CompetitionApiService/DownloadDataFile

  FAIL train_label_masks/e831ed42fe3417009705f6ac32c63e67_mask.tiff: 429 Client Error: Too Many Requests for url: https://api.kaggle.com/v1/competitions.CompetitionApiService/DownloadDataFile

  FAIL train_label_masks/e833077427f0f5cceaba7f6d92bb3904_mask.tiff: 429 Client Error: Too Many Requests for url: https://api.kaggle.com/v1/competitions.CompetitionApiService/DownloadDataFile

  FAIL train_label_masks/e837cc2d7de77e4551d1135086763f82_mask.tiff: 429 Client Error: Too Many Requests for url: https://api.kaggle.com/v1/competitions.CompetitionApiService/DownloadDataFile

  FAIL train_label_masks/e838fccf83d4b5ba0b5915bc74a66a1d_mask.tiff: 429 Client Error: Too Many Requests for url: https://api.kaggle.com/v1/competitions.CompetitionApiService/DownloadDataFile

  FAIL train_label_masks/e84a9aadb35ccba696e45cc79779525e_mask.tiff: 429 Client Error: Too Many Requests for url: https://api.kaggle.com/v1/competitions.CompetitionApiService/DownloadDataFile

  FAIL train_label_masks/e8544928657b8fbb4fa8d67682ae4ee7_mask.tiff: 429 Client Error: Too Many Requests for url: https://api.kaggle.com/v1/competitions.CompetitionApiService/DownloadDataFile

  FAIL train_label_masks/e884656fcde94956590b64acd504a00d_mask.tiff: 429 Client Error: Too Many Requests for url: https://api.kaggle.com/v1/competitions.CompetitionApiService/DownloadDataFile

  FAIL train_label_masks/e887a1f9af6bc40cf27342b0644ae23d_mask.tiff: 429 Client Error: Too Many Requests for url: https://api.kaggle.com/v1/competitions.CompetitionApiService/DownloadDataFile

  FAIL train_label_masks/e89fd05c02c2297653d93f9bdaa71961_mask.tiff: 429 Client Error: Too Many Requests for url: https://api.kaggle.com/v1/competitions.CompetitionApiService/DownloadDataFile

  FAIL train_label_masks/e8ab164f380bb0c78f7566623bf5c8b7_mask.tiff: 429 Client Error: Too Many Requests for url: https://api.kaggle.com/v1/competitions.CompetitionApiService/DownloadDataFile

  FAIL train_label_masks/e8b5dc4dc51b355c689b8bed7d8cc7c1_mask.tiff: 429 Client Error: Too Many Requests for url: https://api.kaggle.com/v1/competitions.CompetitionApiService/DownloadDataFile

  FAIL train_label_masks/e8c4df5d82b20ace2d04f178e70b6dae_mask.tiff: 429 Client Error: Too Many Requests for url: https://api.kaggle.com/v1/competitions.CompetitionApiService/DownloadDataFile

  FAIL train_label_masks/e8ce5cd6a70ea33bf280e6fddc6da27f_mask.tiff: 429 Client Error: Too Many Requests for url: https://api.kaggle.com/v1/competitions.CompetitionApiService/DownloadDataFile

  FAIL train_label_masks/e8d79e4c9b85f70b581e3403241672e5_mask.tiff: 429 Client Error: Too Many Requests for url: https://api.kaggle.com/v1/competitions.CompetitionApiService/DownloadDataFile

  FAIL train_label_masks/e8efa9929870f9695be85d3ee7276518_mask.tiff: 429 Client Error: Too Many Requests for url: https://api.kaggle.com/v1/competitions.CompetitionApiService/DownloadDataFile

  FAIL train_label_masks/e8f7e16be2dbae2d6ac3cc218d9adb7c_mask.tiff: 429 Client Error: Too Many Requests for url: https://api.kaggle.com/v1/competitions.CompetitionApiService/DownloadDataFile

  FAIL train_label_masks/e90abe191f61b6fed6d6781c8305fe4b_mask.tiff: 429 Client Error: Too Many Requests for url: https://api.kaggle.com/v1/competitions.CompetitionApiService/DownloadDataFile

  FAIL train_label_masks/e90c8fb1ab71a448843dfec8f21a15c8_mask.tiff: 429 Client Error: Too Many Requests for url: https://api.kaggle.com/v1/competitions.CompetitionApiService/DownloadDataFile

  FAIL train_label_masks/e91823c58aa142ecda43d781dc322a9c_mask.tiff: 429 Client Error: Too Many Requests for url: https://api.kaggle.com/v1/competitions.CompetitionApiService/DownloadDataFile

  FAIL train_label_masks/e9193d66b4eb4c6778efdeb776c5caa3_mask.tiff: 429 Client Error: Too Many Requests for url: https://api.kaggle.com/v1/competitions.CompetitionApiService/DownloadDataFile

  FAIL train_label_masks/e920b4b7fadf9463723ecd4e5755c485_mask.tiff: 429 Client Error: Too Many Requests for url: https://api.kaggle.com/v1/competitions.CompetitionApiService/DownloadDataFile

  FAIL train_label_masks/e92dfc70e301a7e97540ac17cb56cdae_mask.tiff: 429 Client Error: Too Many Requests for url: https://api.kaggle.com/v1/competitions.CompetitionApiService/DownloadDataFile

  FAIL train_label_masks/e936e9d9d5d3a8136ae9e5c4ae048cdc_mask.tiff: 429 Client Error: Too Many Requests for url: https://api.kaggle.com/v1/competitions.CompetitionApiService/DownloadDataFile

  FAIL train_label_masks/e93b6d79a651c132ee0703fc60dc2199_mask.tiff: 429 Client Error: Too Many Requests for url: https://api.kaggle.com/v1/competitions.CompetitionApiService/DownloadDataFile

  FAIL train_label_masks/e948b70d1e102a039a6b93a4be16b323_mask.tiff: 429 Client Error: Too Many Requests for url: https://api.kaggle.com/v1/competitions.CompetitionApiService/DownloadDataFile

  FAIL train_label_masks/e956c0c77d87f17644ec64ccd2abd66a_mask.tiff: 429 Client Error: Too Many Requests for url: https://api.kaggle.com/v1/competitions.CompetitionApiService/DownloadDataFile

  FAIL train_label_masks/e95c6d365351c83dc999465682628033_mask.tiff: 429 Client Error: Too Many Requests for url: https://api.kaggle.com/v1/competitions.CompetitionApiService/DownloadDataFile

  FAIL train_label_masks/e96abe7cf94b26fff31bc9d9ab8820f5_mask.tiff: 429 Client Error: Too Many Requests for url: https://api.kaggle.com/v1/competitions.CompetitionApiService/DownloadDataFile

  FAIL train_label_masks/e97722ee42a5566b71eef7e75e9d86f0_mask.tiff: 429 Client Error: Too Many Requests for url: https://api.kaggle.com/v1/competitions.CompetitionApiService/DownloadDataFile

  FAIL train_label_masks/e97f116751795bc832eeefae3227ba0b_mask.tiff: 429 Client Error: Too Many Requests for url: https://api.kaggle.com/v1/competitions.CompetitionApiService/DownloadDataFile

  FAIL train_label_masks/e994de172996c57b3c414dd7192b500c_mask.tiff: 429 Client Error: Too Many Requests for url: https://api.kaggle.com/v1/competitions.CompetitionApiService/DownloadDataFile

  FAIL train_label_masks/e9a4f528b33479412ee019e155e1a197_mask.tiff: 429 Client Error: Too Many Requests for url: https://api.kaggle.com/v1/competitions.CompetitionApiService/DownloadDataFile

  FAIL train_label_masks/e9a7994951a592997e163b5a236496a5_mask.tiff: 429 Client Error: Too Many Requests for url: https://api.kaggle.com/v1/competitions.CompetitionApiService/DownloadDataFile

  FAIL train_label_masks/e9b16b6a3206f9a26acfb6fbeeab0458_mask.tiff: 429 Client Error: Too Many Requests for url: https://api.kaggle.com/v1/competitions.CompetitionApiService/DownloadDataFile

  FAIL train_label_masks/e9c30a0a07e89ca9ef91a04558d0318f_mask.tiff: 429 Client Error: Too Many Requests for url: https://api.kaggle.com/v1/competitions.CompetitionApiService/DownloadDataFile

  FAIL train_label_masks/e9d628364cf51891028163e0cfca628c_mask.tiff: 429 Client Error: Too Many Requests for url: https://api.kaggle.com/v1/competitions.CompetitionApiService/DownloadDataFile

  FAIL train_label_masks/e9db6929c47c3ce5ea489a1187e7e669_mask.tiff: 429 Client Error: Too Many Requests for url: https://api.kaggle.com/v1/competitions.CompetitionApiService/DownloadDataFile

  FAIL train_label_masks/e9df02bcca00d27da3a8088ea4e8b56c_mask.tiff: 429 Client Error: Too Many Requests for url: https://api.kaggle.com/v1/competitions.CompetitionApiService/DownloadDataFile

  FAIL train_label_masks/e9e062c3fcf872abdf5f44dc2c55345a_mask.tiff: 429 Client Error: Too Many Requests for url: https://api.kaggle.com/v1/competitions.CompetitionApiService/DownloadDataFile

  FAIL train_label_masks/e9f18c7e7ced779403e0b56d7b987827_mask.tiff: 429 Client Error: Too Many Requests for url: https://api.kaggle.com/v1/competitions.CompetitionApiService/DownloadDataFile

  FAIL train_label_masks/e9f33468a68c94621a437aee8674be96_mask.tiff: 429 Client Error: Too Many Requests for url: https://api.kaggle.com/v1/competitions.CompetitionApiService/DownloadDataFile

  FAIL train_label_masks/ea2f3faabd452477e8f792ca02925cd0_mask.tiff: 429 Client Error: Too Many Requests for url: https://api.kaggle.com/v1/competitions.CompetitionApiService/DownloadDataFile

  FAIL train_label_masks/ea4567ff965f38683bdc7c7af2e08ae4_mask.tiff: 429 Client Error: Too Many Requests for url: https://api.kaggle.com/v1/competitions.CompetitionApiService/DownloadDataFile

  FAIL train_label_masks/ea5816321370d9d813bb7107c2ed0074_mask.tiff: 429 Client Error: Too Many Requests for url: https://api.kaggle.com/v1/competitions.CompetitionApiService/DownloadDataFile

  FAIL train_label_masks/ea60e3c915ba5b5c9a8baa619e3752bc_mask.tiff: 429 Client Error: Too Many Requests for url: https://api.kaggle.com/v1/competitions.CompetitionApiService/DownloadDataFile

  FAIL train_label_masks/ea7279a8827f8457425682d436da34bb_mask.tiff: 429 Client Error: Too Many Requests for url: https://api.kaggle.com/v1/competitions.CompetitionApiService/DownloadDataFile

  FAIL train_label_masks/ea72eb500f523697eee190bcedc8f0dd_mask.tiff: 429 Client Error: Too Many Requests for url: https://api.kaggle.com/v1/competitions.CompetitionApiService/DownloadDataFile

  FAIL train_label_masks/ea954ce0f1563b69d79bd1c2b7129618_mask.tiff: 429 Client Error: Too Many Requests for url: https://api.kaggle.com/v1/competitions.CompetitionApiService/DownloadDataFile

  FAIL train_label_masks/ea9d52d65500acc9b9d89eb6b82cdcdf_mask.tiff: 429 Client Error: Too Many Requests for url: https://api.kaggle.com/v1/competitions.CompetitionApiService/DownloadDataFile

  FAIL train_label_masks/eaa98a57d64de34ccb77c1af98e1d39a_mask.tiff: 429 Client Error: Too Many Requests for url: https://api.kaggle.com/v1/competitions.CompetitionApiService/DownloadDataFile

  FAIL train_label_masks/eaae490bfc1d9f10fd34caf902a6900d_mask.tiff: 429 Client Error: Too Many Requests for url: https://api.kaggle.com/v1/competitions.CompetitionApiService/DownloadDataFile

  FAIL train_label_masks/eab6d4eae42fed6ed8ce52aa6b313a1c_mask.tiff: 429 Client Error: Too Many Requests for url: https://api.kaggle.com/v1/competitions.CompetitionApiService/DownloadDataFile

  FAIL train_label_masks/eacb0504ca2039d8b3e9707aa7badb2c_mask.tiff: 429 Client Error: Too Many Requests for url: https://api.kaggle.com/v1/competitions.CompetitionApiService/DownloadDataFile

  FAIL train_label_masks/eaeb7f15cb0618d6091ef52e685ec284_mask.tiff: 429 Client Error: Too Many Requests for url: https://api.kaggle.com/v1/competitions.CompetitionApiService/DownloadDataFile

  FAIL train_label_masks/eaec64217afad712384c73f33591e422_mask.tiff: 429 Client Error: Too Many Requests for url: https://api.kaggle.com/v1/competitions.CompetitionApiService/DownloadDataFile

  FAIL train_label_masks/eaee249fef6f67630053f6d398a2989f_mask.tiff: 429 Client Error: Too Many Requests for url: https://api.kaggle.com/v1/competitions.CompetitionApiService/DownloadDataFile

  FAIL train_label_masks/eb15bfa8f37ebcbd3bf26ea07060f491_mask.tiff: 429 Client Error: Too Many Requests for url: https://api.kaggle.com/v1/competitions.CompetitionApiService/DownloadDataFile

  FAIL train_label_masks/eb18e2e49ff4b26634ed4737a7d48b2a_mask.tiff: 429 Client Error: Too Many Requests for url: https://api.kaggle.com/v1/competitions.CompetitionApiService/DownloadDataFile

  FAIL train_label_masks/eb2267a9e6ad63f9c9d1386b8688ccc0_mask.tiff: 429 Client Error: Too Many Requests for url: https://api.kaggle.com/v1/competitions.CompetitionApiService/DownloadDataFile

  FAIL train_label_masks/eb2f1b1d27fbae69c7467a6bfd0ef5a8_mask.tiff: 429 Client Error: Too Many Requests for url: https://api.kaggle.com/v1/competitions.CompetitionApiService/DownloadDataFile

  FAIL train_label_masks/eb341a42f1e27d3af125fa1bcba8c799_mask.tiff: 429 Client Error: Too Many Requests for url: https://api.kaggle.com/v1/competitions.CompetitionApiService/DownloadDataFile

  FAIL train_label_masks/eb62229279cd8ab73c9ca81171f14762_mask.tiff: 429 Client Error: Too Many Requests for url: https://api.kaggle.com/v1/competitions.CompetitionApiService/DownloadDataFile

  FAIL train_label_masks/eb6d35c149072c75cee433ec81ba7c49_mask.tiff: 429 Client Error: Too Many Requests for url: https://api.kaggle.com/v1/competitions.CompetitionApiService/DownloadDataFile

  FAIL train_label_masks/eb81e4b7cf069e0660b747b0da1aa1a7_mask.tiff: 429 Client Error: Too Many Requests for url: https://api.kaggle.com/v1/competitions.CompetitionApiService/DownloadDataFile

  FAIL train_label_masks/eb846d2f14749c4913bf0affa0578d8d_mask.tiff: 429 Client Error: Too Many Requests for url: https://api.kaggle.com/v1/competitions.CompetitionApiService/DownloadDataFile

  FAIL train_label_masks/eb879c95e942688b2fde3061e313e5b8_mask.tiff: 429 Client Error: Too Many Requests for url: https://api.kaggle.com/v1/competitions.CompetitionApiService/DownloadDataFile

  FAIL train_label_masks/eb9821fc7f3a5af8d7b54a482478aaab_mask.tiff: 429 Client Error: Too Many Requests for url: https://api.kaggle.com/v1/competitions.CompetitionApiService/DownloadDataFile

  FAIL train_label_masks/eb9d4025d77205c0dda3d5f7431ce1b8_mask.tiff: 429 Client Error: Too Many Requests for url: https://api.kaggle.com/v1/competitions.CompetitionApiService/DownloadDataFile

  FAIL train_label_masks/ebb2cd4c02707a6d648b8e986f72210b_mask.tiff: 429 Client Error: Too Many Requests for url: https://api.kaggle.com/v1/competitions.CompetitionApiService/DownloadDataFile

  FAIL train_label_masks/ebb6a080d72e09f6481721ef9f88c472_mask.tiff: 429 Client Error: Too Many Requests for url: https://api.kaggle.com/v1/competitions.CompetitionApiService/DownloadDataFile

  FAIL train_label_masks/ebb6d5ca45942536f78beb451ee43cc4_mask.tiff: 429 Client Error: Too Many Requests for url: https://api.kaggle.com/v1/competitions.CompetitionApiService/DownloadDataFile

  FAIL train_label_masks/ebbdc2a69a66aa07cc0b56dee6b04e8d_mask.tiff: 429 Client Error: Too Many Requests for url: https://api.kaggle.com/v1/competitions.CompetitionApiService/DownloadDataFile

  FAIL train_label_masks/ebc0cf09e9f77d222af0b8015c409a01_mask.tiff: 429 Client Error: Too Many Requests for url: https://api.kaggle.com/v1/competitions.CompetitionApiService/DownloadDataFile

  FAIL train_label_masks/ebc22b45eb3ad26c9d9883d912038f6d_mask.tiff: 429 Client Error: Too Many Requests for url: https://api.kaggle.com/v1/competitions.CompetitionApiService/DownloadDataFile

  FAIL train_label_masks/ebd0b86bc3cf2b3fc044d8178f6541dc_mask.tiff: 429 Client Error: Too Many Requests for url: https://api.kaggle.com/v1/competitions.CompetitionApiService/DownloadDataFile

  FAIL train_label_masks/ebd3d4bfc5d1e9ce090e342869cbdefe_mask.tiff: 429 Client Error: Too Many Requests for url: https://api.kaggle.com/v1/competitions.CompetitionApiService/DownloadDataFile

  FAIL train_label_masks/ebd6034772ec8ea179c5a1802c6b886e_mask.tiff: 429 Client Error: Too Many Requests for url: https://api.kaggle.com/v1/competitions.CompetitionApiService/DownloadDataFile

  FAIL train_label_masks/ec009ae101199666b6840588867fc1d6_mask.tiff: 429 Client Error: Too Many Requests for url: https://api.kaggle.com/v1/competitions.CompetitionApiService/DownloadDataFile

  FAIL train_label_masks/ec15fa638f2a0a362a2d989a5cef16f5_mask.tiff: 429 Client Error: Too Many Requests for url: https://api.kaggle.com/v1/competitions.CompetitionApiService/DownloadDataFile

  FAIL train_label_masks/ec2657eff0395f0c0eddac5b35cf584a_mask.tiff: 429 Client Error: Too Many Requests for url: https://api.kaggle.com/v1/competitions.CompetitionApiService/DownloadDataFile

  FAIL train_label_masks/ec27b4eb30828414d29c522e2a958756_mask.tiff: 429 Client Error: Too Many Requests for url: https://api.kaggle.com/v1/competitions.CompetitionApiService/DownloadDataFile

  FAIL train_label_masks/ec31746a04ca87e961b4b9d4d6f6bd60_mask.tiff: 429 Client Error: Too Many Requests for url: https://api.kaggle.com/v1/competitions.CompetitionApiService/DownloadDataFile

  FAIL train_label_masks/ec357f56de67acf8abceb244a2cdf49b_mask.tiff: 429 Client Error: Too Many Requests for url: https://api.kaggle.com/v1/competitions.CompetitionApiService/DownloadDataFile

  FAIL train_label_masks/ec382d53fa1973de25c35af7af550aff_mask.tiff: 429 Client Error: Too Many Requests for url: https://api.kaggle.com/v1/competitions.CompetitionApiService/DownloadDataFile

  FAIL train_label_masks/ec3ec6bac5536595a5837020eb0fa482_mask.tiff: 429 Client Error: Too Many Requests for url: https://api.kaggle.com/v1/competitions.CompetitionApiService/DownloadDataFile

  FAIL train_label_masks/ec89dabdd536396aaad4020141dafbde_mask.tiff: 429 Client Error: Too Many Requests for url: https://api.kaggle.com/v1/competitions.CompetitionApiService/DownloadDataFile

  FAIL train_label_masks/eca065b700e4e44681c2b3d45235a6f9_mask.tiff: 429 Client Error: Too Many Requests for url: https://api.kaggle.com/v1/competitions.CompetitionApiService/DownloadDataFile

  FAIL train_label_masks/eca3e3fbd5646493a0c67b92d2fdd7ac_mask.tiff: 429 Client Error: Too Many Requests for url: https://api.kaggle.com/v1/competitions.CompetitionApiService/DownloadDataFile

  FAIL train_label_masks/eca989843a1006206f8af3503b71b66c_mask.tiff: 429 Client Error: Too Many Requests for url: https://api.kaggle.com/v1/competitions.CompetitionApiService/DownloadDataFile

  FAIL train_label_masks/ecad7ce730fc63ac02df4a9da719fa1c_mask.tiff: 429 Client Error: Too Many Requests for url: https://api.kaggle.com/v1/competitions.CompetitionApiService/DownloadDataFile

  FAIL train_label_masks/ecbfe1443366caf1e5c4e0d9985d5c85_mask.tiff: 429 Client Error: Too Many Requests for url: https://api.kaggle.com/v1/competitions.CompetitionApiService/DownloadDataFile

  FAIL train_label_masks/ecc3d16c7cbe0903bfe1bea8f3755236_mask.tiff: 429 Client Error: Too Many Requests for url: https://api.kaggle.com/v1/competitions.CompetitionApiService/DownloadDataFile

  FAIL train_label_masks/ecebd05f42f575630c79ca2c759246c4_mask.tiff: 429 Client Error: Too Many Requests for url: https://api.kaggle.com/v1/competitions.CompetitionApiService/DownloadDataFile

  FAIL train_label_masks/eced1d0653f7c472814889665013f114_mask.tiff: 429 Client Error: Too Many Requests for url: https://api.kaggle.com/v1/competitions.CompetitionApiService/DownloadDataFile

  FAIL train_label_masks/ed15d638e47b2a7c449674702e4d988c_mask.tiff: 429 Client Error: Too Many Requests for url: https://api.kaggle.com/v1/competitions.CompetitionApiService/DownloadDataFile

  FAIL train_label_masks/ed3028d82ffde075540a2d54abed2b15_mask.tiff: 429 Client Error: Too Many Requests for url: https://api.kaggle.com/v1/competitions.CompetitionApiService/DownloadDataFile

  FAIL train_label_masks/ed5eca047605a7a754ebc7889f76df63_mask.tiff: 429 Client Error: Too Many Requests for url: https://api.kaggle.com/v1/competitions.CompetitionApiService/DownloadDataFile

  FAIL train_label_masks/ed6df9ab166f61c7f18725ebfaa893f9_mask.tiff: 429 Client Error: Too Many Requests for url: https://api.kaggle.com/v1/competitions.CompetitionApiService/DownloadDataFile

  FAIL train_label_masks/ed8c726eee582f09bbb45d08344f428b_mask.tiff: 429 Client Error: Too Many Requests for url: https://api.kaggle.com/v1/competitions.CompetitionApiService/DownloadDataFile

  FAIL train_label_masks/ed9a38a9f1dfa898e536cd91f13d98b1_mask.tiff: 429 Client Error: Too Many Requests for url: https://api.kaggle.com/v1/competitions.CompetitionApiService/DownloadDataFile

  FAIL train_label_masks/eda25d74c2ca92594de5aab4cc100f5c_mask.tiff: 429 Client Error: Too Many Requests for url: https://api.kaggle.com/v1/competitions.CompetitionApiService/DownloadDataFile

  FAIL train_label_masks/eda6d9fc5d58f69f9ff9f6b4da136274_mask.tiff: 429 Client Error: Too Many Requests for url: https://api.kaggle.com/v1/competitions.CompetitionApiService/DownloadDataFile

  FAIL train_label_masks/eda92317b583435a810cac1dc7bb8025_mask.tiff: 429 Client Error: Too Many Requests for url: https://api.kaggle.com/v1/competitions.CompetitionApiService/DownloadDataFile

  FAIL train_label_masks/edb53390a53397b29cb85e21501b8efb_mask.tiff: 429 Client Error: Too Many Requests for url: https://api.kaggle.com/v1/competitions.CompetitionApiService/DownloadDataFile

  FAIL train_label_masks/edb56bb632e35b3d4f256d22c799cd93_mask.tiff: 429 Client Error: Too Many Requests for url: https://api.kaggle.com/v1/competitions.CompetitionApiService/DownloadDataFile

  FAIL train_label_masks/ee0a0e6973db6eff6dbd31ad6dc2beec_mask.tiff: 429 Client Error: Too Many Requests for url: https://api.kaggle.com/v1/competitions.CompetitionApiService/DownloadDataFile

  FAIL train_label_masks/ee1110b27defb401d09d65145d2c046c_mask.tiff: 429 Client Error: Too Many Requests for url: https://api.kaggle.com/v1/competitions.CompetitionApiService/DownloadDataFile

  FAIL train_label_masks/ee1605f1c4e68d7a52a07fae529e14f8_mask.tiff: 429 Client Error: Too Many Requests for url: https://api.kaggle.com/v1/competitions.CompetitionApiService/DownloadDataFile

  FAIL train_label_masks/ee17748d9c053471c135f5a397e26560_mask.tiff: 429 Client Error: Too Many Requests for url: https://api.kaggle.com/v1/competitions.CompetitionApiService/DownloadDataFile

  FAIL train_label_masks/ee2e1b4ce5e5290833a9a98da2d72c0f_mask.tiff: 429 Client Error: Too Many Requests for url: https://api.kaggle.com/v1/competitions.CompetitionApiService/DownloadDataFile

  FAIL train_label_masks/ee2eff16873d8db59ea97fb8ad5e58c7_mask.tiff: 429 Client Error: Too Many Requests for url: https://api.kaggle.com/v1/competitions.CompetitionApiService/DownloadDataFile

  FAIL train_label_masks/ee3cb4950320fa16061f3f3519f8e08e_mask.tiff: 429 Client Error: Too Many Requests for url: https://api.kaggle.com/v1/competitions.CompetitionApiService/DownloadDataFile

  FAIL train_label_masks/ee4492e15e54bfe1a23bc3af78158897_mask.tiff: 429 Client Error: Too Many Requests for url: https://api.kaggle.com/v1/competitions.CompetitionApiService/DownloadDataFile

  FAIL train_label_masks/ee5e98f996430e0ba9152fafb562596e_mask.tiff: 429 Client Error: Too Many Requests for url: https://api.kaggle.com/v1/competitions.CompetitionApiService/DownloadDataFile

  FAIL train_label_masks/ee607b2abd1f6a721b4765ead3fe7aeb_mask.tiff: 429 Client Error: Too Many Requests for url: https://api.kaggle.com/v1/competitions.CompetitionApiService/DownloadDataFile

  FAIL train_label_masks/ee61886bdebe2748009da564edb587cc_mask.tiff: 429 Client Error: Too Many Requests for url: https://api.kaggle.com/v1/competitions.CompetitionApiService/DownloadDataFile

  FAIL train_label_masks/ee690e4e9eb2bc1b23acaa64ecfedb3e_mask.tiff: 429 Client Error: Too Many Requests for url: https://api.kaggle.com/v1/competitions.CompetitionApiService/DownloadDataFile

  FAIL train_label_masks/ee810ac96bd9f15f5e06c372f6908c8c_mask.tiff: 429 Client Error: Too Many Requests for url: https://api.kaggle.com/v1/competitions.CompetitionApiService/DownloadDataFile

  FAIL train_label_masks/ee83e1603d89100f6546368fe275aaa5_mask.tiff: 429 Client Error: Too Many Requests for url: https://api.kaggle.com/v1/competitions.CompetitionApiService/DownloadDataFile

  FAIL train_label_masks/ee84768fd0b939e9fc7369652cba4a35_mask.tiff: 429 Client Error: Too Many Requests for url: https://api.kaggle.com/v1/competitions.CompetitionApiService/DownloadDataFile

  FAIL train_label_masks/ee9d46e743ccade3196701a6068fa860_mask.tiff: 429 Client Error: Too Many Requests for url: https://api.kaggle.com/v1/competitions.CompetitionApiService/DownloadDataFile

  FAIL train_label_masks/eea0cd8ab449057ce50b7d411b63d6e3_mask.tiff: 429 Client Error: Too Many Requests for url: https://api.kaggle.com/v1/competitions.CompetitionApiService/DownloadDataFile

  FAIL train_label_masks/eea47f9bc6d774e29cd36167365775bf_mask.tiff: 429 Client Error: Too Many Requests for url: https://api.kaggle.com/v1/competitions.CompetitionApiService/DownloadDataFile

  FAIL train_label_masks/eea7a758b49d5765cc9a8fe2ed6599fc_mask.tiff: 429 Client Error: Too Many Requests for url: https://api.kaggle.com/v1/competitions.CompetitionApiService/DownloadDataFile

  FAIL train_label_masks/eeb26ba1afa30bbf4f88d8c38b42c313_mask.tiff: 429 Client Error: Too Many Requests for url: https://api.kaggle.com/v1/competitions.CompetitionApiService/DownloadDataFile

  FAIL train_label_masks/eebbd95489903a9882da3fc42426d001_mask.tiff: 429 Client Error: Too Many Requests for url: https://api.kaggle.com/v1/competitions.CompetitionApiService/DownloadDataFile

  FAIL train_label_masks/eec44ee55b0dfc4a00a728d459a6c5bb_mask.tiff: 429 Client Error: Too Many Requests for url: https://api.kaggle.com/v1/competitions.CompetitionApiService/DownloadDataFile

  FAIL train_label_masks/eecab09cf5ba553de52a9b76a11e377a_mask.tiff: 429 Client Error: Too Many Requests for url: https://api.kaggle.com/v1/competitions.CompetitionApiService/DownloadDataFile

  FAIL train_label_masks/eecf7d092d41484bdbb80ec95f49bb03_mask.tiff: 429 Client Error: Too Many Requests for url: https://api.kaggle.com/v1/competitions.CompetitionApiService/DownloadDataFile

  FAIL train_label_masks/eed22b80775127e0a2143e287d79c575_mask.tiff: 429 Client Error: Too Many Requests for url: https://api.kaggle.com/v1/competitions.CompetitionApiService/DownloadDataFile

  FAIL train_label_masks/eee26d27dbba4e7dec07620c11328b62_mask.tiff: 429 Client Error: Too Many Requests for url: https://api.kaggle.com/v1/competitions.CompetitionApiService/DownloadDataFile

  FAIL train_label_masks/eee51ecfd7d7fe5b3f4c2ffe27fae0af_mask.tiff: 429 Client Error: Too Many Requests for url: https://api.kaggle.com/v1/competitions.CompetitionApiService/DownloadDataFile

  FAIL train_label_masks/eef409493827bfb3b3d0e74e156923d4_mask.tiff: 429 Client Error: Too Many Requests for url: https://api.kaggle.com/v1/competitions.CompetitionApiService/DownloadDataFile

  FAIL train_label_masks/eefb2c8c791cf40c6a5ca8b131d475f4_mask.tiff: 429 Client Error: Too Many Requests for url: https://api.kaggle.com/v1/competitions.CompetitionApiService/DownloadDataFile

  FAIL train_label_masks/ef49ceba7efcbd20b8cc1eda40b256fa_mask.tiff: 429 Client Error: Too Many Requests for url: https://api.kaggle.com/v1/competitions.CompetitionApiService/DownloadDataFile

  FAIL train_label_masks/ef55278e83dc8ce2b214880eb444d59d_mask.tiff: 429 Client Error: Too Many Requests for url: https://api.kaggle.com/v1/competitions.CompetitionApiService/DownloadDataFile

  FAIL train_label_masks/ef5dbd7a78bc04a0a5d236739ce11f20_mask.tiff: 429 Client Error: Too Many Requests for url: https://api.kaggle.com/v1/competitions.CompetitionApiService/DownloadDataFile

  FAIL train_label_masks/ef65ea2c6fcec3156ffb0034135f8d55_mask.tiff: 429 Client Error: Too Many Requests for url: https://api.kaggle.com/v1/competitions.CompetitionApiService/DownloadDataFile

  FAIL train_label_masks/ef68712b2ec4cd57f06e74889cc021b2_mask.tiff: 429 Client Error: Too Many Requests for url: https://api.kaggle.com/v1/competitions.CompetitionApiService/DownloadDataFile

  FAIL train_label_masks/ef77487acc19480876090652206c7e05_mask.tiff: 429 Client Error: Too Many Requests for url: https://api.kaggle.com/v1/competitions.CompetitionApiService/DownloadDataFile

  FAIL train_label_masks/ef78804e47bf8950bced09b56309ec0b_mask.tiff: 429 Client Error: Too Many Requests for url: https://api.kaggle.com/v1/competitions.CompetitionApiService/DownloadDataFile

  FAIL train_label_masks/ef7dabd0c4060d46ea36db75136bb57e_mask.tiff: 429 Client Error: Too Many Requests for url: https://api.kaggle.com/v1/competitions.CompetitionApiService/DownloadDataFile

  FAIL train_label_masks/ef7e5ebd23757e3446d0bc4c47dc8e96_mask.tiff: 429 Client Error: Too Many Requests for url: https://api.kaggle.com/v1/competitions.CompetitionApiService/DownloadDataFile

  FAIL train_label_masks/ef8cb1391e62cb6721eddf6e3495087d_mask.tiff: 429 Client Error: Too Many Requests for url: https://api.kaggle.com/v1/competitions.CompetitionApiService/DownloadDataFile

  FAIL train_label_masks/ef928aed9549e5dea8d67c57fb79e45f_mask.tiff: 429 Client Error: Too Many Requests for url: https://api.kaggle.com/v1/competitions.CompetitionApiService/DownloadDataFile

  FAIL train_label_masks/ef9626e7479e7749bc2dd093237ba966_mask.tiff: 429 Client Error: Too Many Requests for url: https://api.kaggle.com/v1/competitions.CompetitionApiService/DownloadDataFile

  FAIL train_label_masks/ef9853b01c42ddaeaad2b6261652f13e_mask.tiff: 429 Client Error: Too Many Requests for url: https://api.kaggle.com/v1/competitions.CompetitionApiService/DownloadDataFile

  FAIL train_label_masks/ef9c72d529806d9ba341476d4c159838_mask.tiff: 429 Client Error: Too Many Requests for url: https://api.kaggle.com/v1/competitions.CompetitionApiService/DownloadDataFile

  FAIL train_label_masks/efadb69675bdbc972dc32aac8f0aed11_mask.tiff: 429 Client Error: Too Many Requests for url: https://api.kaggle.com/v1/competitions.CompetitionApiService/DownloadDataFile

  FAIL train_label_masks/efbd55aede0638c4e82fb065d40fa238_mask.tiff: 429 Client Error: Too Many Requests for url: https://api.kaggle.com/v1/competitions.CompetitionApiService/DownloadDataFile

  FAIL train_label_masks/efd993cb48dce20304958c45829a3ff8_mask.tiff: 429 Client Error: Too Many Requests for url: https://api.kaggle.com/v1/competitions.CompetitionApiService/DownloadDataFile

  FAIL train_label_masks/efe3e59db69aff7eaab601851bfe16c4_mask.tiff: 429 Client Error: Too Many Requests for url: https://api.kaggle.com/v1/competitions.CompetitionApiService/DownloadDataFile

  FAIL train_label_masks/efe46c2ec61f23ebe0953e0777bb7e5d_mask.tiff: 429 Client Error: Too Many Requests for url: https://api.kaggle.com/v1/competitions.CompetitionApiService/DownloadDataFile

  FAIL train_label_masks/efe68e8f9916ca5966a513f11282491c_mask.tiff: 429 Client Error: Too Many Requests for url: https://api.kaggle.com/v1/competitions.CompetitionApiService/DownloadDataFile

  FAIL train_label_masks/efffcaf09935e68555f74277c387220a_mask.tiff: 429 Client Error: Too Many Requests for url: https://api.kaggle.com/v1/competitions.CompetitionApiService/DownloadDataFile

  FAIL train_label_masks/f0098375c984c08db1a94086d80e7f27_mask.tiff: 429 Client Error: Too Many Requests for url: https://api.kaggle.com/v1/competitions.CompetitionApiService/DownloadDataFile

  FAIL train_label_masks/f00a8cd34ac361a3292c2d2361bbaebe_mask.tiff: 429 Client Error: Too Many Requests for url: https://api.kaggle.com/v1/competitions.CompetitionApiService/DownloadDataFile

  FAIL train_label_masks/f00ec753b5618cfb30519db0947fe724_mask.tiff: 429 Client Error: Too Many Requests for url: https://api.kaggle.com/v1/competitions.CompetitionApiService/DownloadDataFile

  FAIL train_label_masks/f0185737bdd21451a34f41515395244f_mask.tiff: 429 Client Error: Too Many Requests for url: https://api.kaggle.com/v1/competitions.CompetitionApiService/DownloadDataFile

  FAIL train_label_masks/f0197942d5cd986426ed3550e562d495_mask.tiff: 429 Client Error: Too Many Requests for url: https://api.kaggle.com/v1/competitions.CompetitionApiService/DownloadDataFile

  FAIL train_label_masks/f02b9020d7bc40972be3d30d13b745c4_mask.tiff: 429 Client Error: Too Many Requests for url: https://api.kaggle.com/v1/competitions.CompetitionApiService/DownloadDataFile

  FAIL train_label_masks/f02badb2b1c69c914644ea89c3c5846f_mask.tiff: 429 Client Error: Too Many Requests for url: https://api.kaggle.com/v1/competitions.CompetitionApiService/DownloadDataFile

  FAIL train_label_masks/f03af6a10717282de524bec7dc01111f_mask.tiff: 429 Client Error: Too Many Requests for url: https://api.kaggle.com/v1/competitions.CompetitionApiService/DownloadDataFile

  FAIL train_label_masks/f051273bd75ea902b5a163fa772decac_mask.tiff: 429 Client Error: Too Many Requests for url: https://api.kaggle.com/v1/competitions.CompetitionApiService/DownloadDataFile

  FAIL train_label_masks/f05260d375197325c7cf1775306b9eb4_mask.tiff: 429 Client Error: Too Many Requests for url: https://api.kaggle.com/v1/competitions.CompetitionApiService/DownloadDataFile

  FAIL train_label_masks/f062f6c1128e0e9d51a76747d9018849_mask.tiff: 429 Client Error: Too Many Requests for url: https://api.kaggle.com/v1/competitions.CompetitionApiService/DownloadDataFile

  FAIL train_label_masks/f065aa3e43c7259d03e12b11bc9deb1f_mask.tiff: 429 Client Error: Too Many Requests for url: https://api.kaggle.com/v1/competitions.CompetitionApiService/DownloadDataFile

  FAIL train_label_masks/f06771072117359ea7dd8012054a3e5b_mask.tiff: 429 Client Error: Too Many Requests for url: https://api.kaggle.com/v1/competitions.CompetitionApiService/DownloadDataFile

  FAIL train_label_masks/f07384ef90c301fac9bf8fdc24cb88e8_mask.tiff: 429 Client Error: Too Many Requests for url: https://api.kaggle.com/v1/competitions.CompetitionApiService/DownloadDataFile

  FAIL train_label_masks/f079a9a9d4c30cbdc55917df9f5f6541_mask.tiff: 429 Client Error: Too Many Requests for url: https://api.kaggle.com/v1/competitions.CompetitionApiService/DownloadDataFile

  FAIL train_label_masks/f080aadb91c111b6e2e91ed6d7d12e5c_mask.tiff: 429 Client Error: Too Many Requests for url: https://api.kaggle.com/v1/competitions.CompetitionApiService/DownloadDataFile

  FAIL train_label_masks/f084f6eabe7932229687dfa7cbb3dbed_mask.tiff: 429 Client Error: Too Many Requests for url: https://api.kaggle.com/v1/competitions.CompetitionApiService/DownloadDataFile

  FAIL train_label_masks/f0921067172c8fe3062cfb2b77a9a549_mask.tiff: 429 Client Error: Too Many Requests for url: https://api.kaggle.com/v1/competitions.CompetitionApiService/DownloadDataFile

  FAIL train_label_masks/f0a73ffe7d71950702ebd0ef7efa86cb_mask.tiff: 429 Client Error: Too Many Requests for url: https://api.kaggle.com/v1/competitions.CompetitionApiService/DownloadDataFile

  FAIL train_label_masks/f0aa8148ce45747389ea072aaaae57ae_mask.tiff: 429 Client Error: Too Many Requests for url: https://api.kaggle.com/v1/competitions.CompetitionApiService/DownloadDataFile

  FAIL train_label_masks/f0bb29042dfb17421aac02138f8e9d20_mask.tiff: 429 Client Error: Too Many Requests for url: https://api.kaggle.com/v1/competitions.CompetitionApiService/DownloadDataFile

  FAIL train_label_masks/f0f6097376bf887f51d552bd033ae5d7_mask.tiff: 429 Client Error: Too Many Requests for url: https://api.kaggle.com/v1/competitions.CompetitionApiService/DownloadDataFile

  FAIL train_label_masks/f102169b07ee29e61ed6001725f076e7_mask.tiff: 429 Client Error: Too Many Requests for url: https://api.kaggle.com/v1/competitions.CompetitionApiService/DownloadDataFile

  FAIL train_label_masks/f1079a2a43462e7cbaa60faec097b2f6_mask.tiff: 429 Client Error: Too Many Requests for url: https://api.kaggle.com/v1/competitions.CompetitionApiService/DownloadDataFile

  FAIL train_label_masks/f13cd8ec6e6fde523a0a065b62086d3c_mask.tiff: 429 Client Error: Too Many Requests for url: https://api.kaggle.com/v1/competitions.CompetitionApiService/DownloadDataFile

  FAIL train_label_masks/f13eb7c6b71d6346bd1421117b18ff3d_mask.tiff: 429 Client Error: Too Many Requests for url: https://api.kaggle.com/v1/competitions.CompetitionApiService/DownloadDataFile

  FAIL train_label_masks/f14ab472f807f53303d5f1b27703936b_mask.tiff: 429 Client Error: Too Many Requests for url: https://api.kaggle.com/v1/competitions.CompetitionApiService/DownloadDataFile

  FAIL train_label_masks/f1536f338e098d87b1164712aff106ba_mask.tiff: 429 Client Error: Too Many Requests for url: https://api.kaggle.com/v1/competitions.CompetitionApiService/DownloadDataFile

  FAIL train_label_masks/f17470445cda06cb72f8c016bfcd4e79_mask.tiff: 429 Client Error: Too Many Requests for url: https://api.kaggle.com/v1/competitions.CompetitionApiService/DownloadDataFile

  FAIL train_label_masks/f187290ba0d588d11f47467ec93ce202_mask.tiff: 429 Client Error: Too Many Requests for url: https://api.kaggle.com/v1/competitions.CompetitionApiService/DownloadDataFile

  FAIL train_label_masks/f18cbfc916ac8e35595c53c801784470_mask.tiff: 429 Client Error: Too Many Requests for url: https://api.kaggle.com/v1/competitions.CompetitionApiService/DownloadDataFile

  FAIL train_label_masks/f1a65bcc3e01e8de90ea405984c61c4e_mask.tiff: 429 Client Error: Too Many Requests for url: https://api.kaggle.com/v1/competitions.CompetitionApiService/DownloadDataFile

  FAIL train_label_masks/f1a748bf771215ce5a166846e8d9af79_mask.tiff: 429 Client Error: Too Many Requests for url: https://api.kaggle.com/v1/competitions.CompetitionApiService/DownloadDataFile

  FAIL train_label_masks/f1a7f32a0a9ed7c50796a10e150df72b_mask.tiff: 429 Client Error: Too Many Requests for url: https://api.kaggle.com/v1/competitions.CompetitionApiService/DownloadDataFile

  FAIL train_label_masks/f1d829ed10a267d11e7e00c96d26e7c5_mask.tiff: 429 Client Error: Too Many Requests for url: https://api.kaggle.com/v1/competitions.CompetitionApiService/DownloadDataFile

  FAIL train_label_masks/f1f5f493f2f436a7049f899b4ca4bac6_mask.tiff: 429 Client Error: Too Many Requests for url: https://api.kaggle.com/v1/competitions.CompetitionApiService/DownloadDataFile

  FAIL train_label_masks/f1f74c4aecfa7f9baa760bb992e4c720_mask.tiff: 429 Client Error: Too Many Requests for url: https://api.kaggle.com/v1/competitions.CompetitionApiService/DownloadDataFile

  FAIL train_label_masks/f1f9aea9e0bb9845704f9871346811aa_mask.tiff: 429 Client Error: Too Many Requests for url: https://api.kaggle.com/v1/competitions.CompetitionApiService/DownloadDataFile

  FAIL train_label_masks/f2196dcfec3027846cdd304448f28fa5_mask.tiff: 429 Client Error: Too Many Requests for url: https://api.kaggle.com/v1/competitions.CompetitionApiService/DownloadDataFile

  FAIL train_label_masks/f220b26c6610f8210cf859a46feba5c1_mask.tiff: 429 Client Error: Too Many Requests for url: https://api.kaggle.com/v1/competitions.CompetitionApiService/DownloadDataFile

  FAIL train_label_masks/f236820cf87ca90929a81b8f4b2a3e3e_mask.tiff: 429 Client Error: Too Many Requests for url: https://api.kaggle.com/v1/competitions.CompetitionApiService/DownloadDataFile

  FAIL train_label_masks/f254c9da93b8616baf724c5ee515d4d4_mask.tiff: 429 Client Error: Too Many Requests for url: https://api.kaggle.com/v1/competitions.CompetitionApiService/DownloadDataFile

  FAIL train_label_masks/f265e72c4082cba007a8b21fb6cda60c_mask.tiff: 429 Client Error: Too Many Requests for url: https://api.kaggle.com/v1/competitions.CompetitionApiService/DownloadDataFile

  FAIL train_label_masks/f26cb783502346581823270926f1279c_mask.tiff: 429 Client Error: Too Many Requests for url: https://api.kaggle.com/v1/competitions.CompetitionApiService/DownloadDataFile

  FAIL train_label_masks/f28d60a3f5606122a0f412e1092c94a4_mask.tiff: 429 Client Error: Too Many Requests for url: https://api.kaggle.com/v1/competitions.CompetitionApiService/DownloadDataFile

  FAIL train_label_masks/f2b4695127e8d36d54b5214ac6675000_mask.tiff: 429 Client Error: Too Many Requests for url: https://api.kaggle.com/v1/competitions.CompetitionApiService/DownloadDataFile

  FAIL train_label_masks/f2d2bf5ba62bbc2dcd973520a6953f57_mask.tiff: 429 Client Error: Too Many Requests for url: https://api.kaggle.com/v1/competitions.CompetitionApiService/DownloadDataFile

  FAIL train_label_masks/f2d3ffcb3aa600272d70fe13b62a56e9_mask.tiff: 429 Client Error: Too Many Requests for url: https://api.kaggle.com/v1/competitions.CompetitionApiService/DownloadDataFile

  FAIL train_label_masks/f2d4965abc424e27c5d482ac0155ffd1_mask.tiff: 429 Client Error: Too Many Requests for url: https://api.kaggle.com/v1/competitions.CompetitionApiService/DownloadDataFile

  FAIL train_label_masks/f2d8b98b713b1587017e9e0e7ae33fc1_mask.tiff: 429 Client Error: Too Many Requests for url: https://api.kaggle.com/v1/competitions.CompetitionApiService/DownloadDataFile

  FAIL train_label_masks/f2e0a29fb9a4f366cf2cd9c3e535e852_mask.tiff: 429 Client Error: Too Many Requests for url: https://api.kaggle.com/v1/competitions.CompetitionApiService/DownloadDataFile

  FAIL train_label_masks/f2f9aa01d545ac770dce5e61e6d756d4_mask.tiff: 429 Client Error: Too Many Requests for url: https://api.kaggle.com/v1/competitions.CompetitionApiService/DownloadDataFile

  FAIL train_label_masks/f30cd94ed55475f5a660fed3cd4cda58_mask.tiff: 429 Client Error: Too Many Requests for url: https://api.kaggle.com/v1/competitions.CompetitionApiService/DownloadDataFile

  FAIL train_label_masks/f31359d4b52d6111001bd6a27a216821_mask.tiff: 429 Client Error: Too Many Requests for url: https://api.kaggle.com/v1/competitions.CompetitionApiService/DownloadDataFile

  FAIL train_label_masks/f317f98d0b35871e4363580090ed2e03_mask.tiff: 429 Client Error: Too Many Requests for url: https://api.kaggle.com/v1/competitions.CompetitionApiService/DownloadDataFile

  FAIL train_label_masks/f31c2c896158865d4665f289e2a79a68_mask.tiff: 429 Client Error: Too Many Requests for url: https://api.kaggle.com/v1/competitions.CompetitionApiService/DownloadDataFile

  FAIL train_label_masks/f32688fe7e4e02caeb04361b8e8d223c_mask.tiff: 429 Client Error: Too Many Requests for url: https://api.kaggle.com/v1/competitions.CompetitionApiService/DownloadDataFile

  FAIL train_label_masks/f33ee63b980e520ee01b85dc9edb8fa4_mask.tiff: 429 Client Error: Too Many Requests for url: https://api.kaggle.com/v1/competitions.CompetitionApiService/DownloadDataFile

  FAIL train_label_masks/f344628cd3bfd6e1cd80456bca9358ab_mask.tiff: 429 Client Error: Too Many Requests for url: https://api.kaggle.com/v1/competitions.CompetitionApiService/DownloadDataFile

  FAIL train_label_masks/f34713c3ba1e433268c056d42b29fef6_mask.tiff: 429 Client Error: Too Many Requests for url: https://api.kaggle.com/v1/competitions.CompetitionApiService/DownloadDataFile

  FAIL train_label_masks/f367f6252be10578dcadc00ded89ecd5_mask.tiff: 429 Client Error: Too Many Requests for url: https://api.kaggle.com/v1/competitions.CompetitionApiService/DownloadDataFile

  FAIL train_label_masks/f381888b35f1fac93c009d7cd38d1608_mask.tiff: 429 Client Error: Too Many Requests for url: https://api.kaggle.com/v1/competitions.CompetitionApiService/DownloadDataFile

  FAIL train_label_masks/f39bf22d9a2f313425ee201932bac91a_mask.tiff: 429 Client Error: Too Many Requests for url: https://api.kaggle.com/v1/competitions.CompetitionApiService/DownloadDataFile

  FAIL train_label_masks/f3b08a5e211d74b09025915fa906449a_mask.tiff: 429 Client Error: Too Many Requests for url: https://api.kaggle.com/v1/competitions.CompetitionApiService/DownloadDataFile

  FAIL train_label_masks/f3ce2fe86e455dbc9fc1ddbddf94c827_mask.tiff: 429 Client Error: Too Many Requests for url: https://api.kaggle.com/v1/competitions.CompetitionApiService/DownloadDataFile

  FAIL train_label_masks/f3d92b6ae8a2ad0325d714b395229e79_mask.tiff: 429 Client Error: Too Many Requests for url: https://api.kaggle.com/v1/competitions.CompetitionApiService/DownloadDataFile

  FAIL train_label_masks/f3e61a3dec438a366b62df1db47a4cd3_mask.tiff: 429 Client Error: Too Many Requests for url: https://api.kaggle.com/v1/competitions.CompetitionApiService/DownloadDataFile

  FAIL train_label_masks/f3efb47e8aa4c9c9f2a4cf9cae2431a5_mask.tiff: 429 Client Error: Too Many Requests for url: https://api.kaggle.com/v1/competitions.CompetitionApiService/DownloadDataFile

  FAIL train_label_masks/f3f3bf544a7f055fd753352e25ebc8c6_mask.tiff: 429 Client Error: Too Many Requests for url: https://api.kaggle.com/v1/competitions.CompetitionApiService/DownloadDataFile

  FAIL train_label_masks/f40c17b3402d3937434e08f419ebb3d9_mask.tiff: 429 Client Error: Too Many Requests for url: https://api.kaggle.com/v1/competitions.CompetitionApiService/DownloadDataFile

  FAIL train_label_masks/f41758ea4ca2fa1520cfe98a4c064e54_mask.tiff: 429 Client Error: Too Many Requests for url: https://api.kaggle.com/v1/competitions.CompetitionApiService/DownloadDataFile

  FAIL train_label_masks/f4303e98492beeae556655fdffe44d79_mask.tiff: 429 Client Error: Too Many Requests for url: https://api.kaggle.com/v1/competitions.CompetitionApiService/DownloadDataFile

  FAIL train_label_masks/f436cd9ab8b665b5383ad15479fa9cfc_mask.tiff: 429 Client Error: Too Many Requests for url: https://api.kaggle.com/v1/competitions.CompetitionApiService/DownloadDataFile

  FAIL train_label_masks/f43994e34472b340e138b082c25d01e7_mask.tiff: 429 Client Error: Too Many Requests for url: https://api.kaggle.com/v1/competitions.CompetitionApiService/DownloadDataFile

  FAIL train_label_masks/f4579a30dc195784ed21d13c601a2677_mask.tiff: 429 Client Error: Too Many Requests for url: https://api.kaggle.com/v1/competitions.CompetitionApiService/DownloadDataFile

  FAIL train_label_masks/f462949a2cc511afbc4e842a44cbe83e_mask.tiff: 429 Client Error: Too Many Requests for url: https://api.kaggle.com/v1/competitions.CompetitionApiService/DownloadDataFile

  FAIL train_label_masks/f4629ace176c759f45b68bca1ac2971d_mask.tiff: 429 Client Error: Too Many Requests for url: https://api.kaggle.com/v1/competitions.CompetitionApiService/DownloadDataFile

  FAIL train_label_masks/f46cfdd52edc05b57287b9b2bfbc058d_mask.tiff: 429 Client Error: Too Many Requests for url: https://api.kaggle.com/v1/competitions.CompetitionApiService/DownloadDataFile

  FAIL train_label_masks/f47ce13f49f1d36c3c2fe6be7d6fae4f_mask.tiff: 429 Client Error: Too Many Requests for url: https://api.kaggle.com/v1/competitions.CompetitionApiService/DownloadDataFile

  FAIL train_label_masks/f48064fda016dbc4391c353afb9e61c0_mask.tiff: 429 Client Error: Too Many Requests for url: https://api.kaggle.com/v1/competitions.CompetitionApiService/DownloadDataFile

  FAIL train_label_masks/f480b897adfe65f572f79d9f8d45ac9e_mask.tiff: 429 Client Error: Too Many Requests for url: https://api.kaggle.com/v1/competitions.CompetitionApiService/DownloadDataFile

  FAIL train_label_masks/f4863e65c0c0860027cd2a3f34bfe1f8_mask.tiff: 429 Client Error: Too Many Requests for url: https://api.kaggle.com/v1/competitions.CompetitionApiService/DownloadDataFile

  FAIL train_label_masks/f4b4036b067b9eb61cd9b86629ffb7dc_mask.tiff: 429 Client Error: Too Many Requests for url: https://api.kaggle.com/v1/competitions.CompetitionApiService/DownloadDataFile

  FAIL train_label_masks/f4cc3f49c4bd4fdc3422ed1b8c5c7676_mask.tiff: 429 Client Error: Too Many Requests for url: https://api.kaggle.com/v1/competitions.CompetitionApiService/DownloadDataFile

  FAIL train_label_masks/f4df16a55805e69f7013d79eca0c46a7_mask.tiff: 429 Client Error: Too Many Requests for url: https://api.kaggle.com/v1/competitions.CompetitionApiService/DownloadDataFile

  FAIL train_label_masks/f4ee61458d542b826014e72cb224a0b6_mask.tiff: 429 Client Error: Too Many Requests for url: https://api.kaggle.com/v1/competitions.CompetitionApiService/DownloadDataFile

  FAIL train_label_masks/f4f3ef89b6a3bcb0985e2061b97324c4_mask.tiff: 429 Client Error: Too Many Requests for url: https://api.kaggle.com/v1/competitions.CompetitionApiService/DownloadDataFile

  FAIL train_label_masks/f4fb736869313562fdc74a65b7b9eb2a_mask.tiff: 429 Client Error: Too Many Requests for url: https://api.kaggle.com/v1/competitions.CompetitionApiService/DownloadDataFile

  FAIL train_label_masks/f5096797acc9f645ea8674d77ca2418b_mask.tiff: 429 Client Error: Too Many Requests for url: https://api.kaggle.com/v1/competitions.CompetitionApiService/DownloadDataFile

  FAIL train_label_masks/f50e9b75a0d7c2e4ee32bbfb10eb7164_mask.tiff: 429 Client Error: Too Many Requests for url: https://api.kaggle.com/v1/competitions.CompetitionApiService/DownloadDataFile

  FAIL train_label_masks/f526a2ca5612d5913984a67edabaf991_mask.tiff: 429 Client Error: Too Many Requests for url: https://api.kaggle.com/v1/competitions.CompetitionApiService/DownloadDataFile

  FAIL train_label_masks/f52d96b6efd32aa558588dd2e8fe1dfd_mask.tiff: 429 Client Error: Too Many Requests for url: https://api.kaggle.com/v1/competitions.CompetitionApiService/DownloadDataFile

  FAIL train_label_masks/f534baed77c3ea8471dae9811cc235f1_mask.tiff: 429 Client Error: Too Many Requests for url: https://api.kaggle.com/v1/competitions.CompetitionApiService/DownloadDataFile

  FAIL train_label_masks/f539f2dcee1a03c730a2a5a9e2298fb7_mask.tiff: 429 Client Error: Too Many Requests for url: https://api.kaggle.com/v1/competitions.CompetitionApiService/DownloadDataFile

  FAIL train_label_masks/f53e64ef7fcd2a2074e0724b2efd4b32_mask.tiff: 429 Client Error: Too Many Requests for url: https://api.kaggle.com/v1/competitions.CompetitionApiService/DownloadDataFile

  FAIL train_label_masks/f5440c7daa9981ec029c955999443de8_mask.tiff: 429 Client Error: Too Many Requests for url: https://api.kaggle.com/v1/competitions.CompetitionApiService/DownloadDataFile

  FAIL train_label_masks/f54428f97db111809016916ab768f667_mask.tiff: 429 Client Error: Too Many Requests for url: https://api.kaggle.com/v1/competitions.CompetitionApiService/DownloadDataFile

  FAIL train_label_masks/f5453bb85ab33f0f99e56b296293737e_mask.tiff: 429 Client Error: Too Many Requests for url: https://api.kaggle.com/v1/competitions.CompetitionApiService/DownloadDataFile

  FAIL train_label_masks/f55f2ee739e6885b33a64d5171b7706c_mask.tiff: 429 Client Error: Too Many Requests for url: https://api.kaggle.com/v1/competitions.CompetitionApiService/DownloadDataFile

  FAIL train_label_masks/f5625710f6b895603f6c942dc6654861_mask.tiff: 429 Client Error: Too Many Requests for url: https://api.kaggle.com/v1/competitions.CompetitionApiService/DownloadDataFile

  FAIL train_label_masks/f5688ca07c152e6777383cc871031692_mask.tiff: 429 Client Error: Too Many Requests for url: https://api.kaggle.com/v1/competitions.CompetitionApiService/DownloadDataFile

  FAIL train_label_masks/f58d3c50b2dce653f173900c37651dd7_mask.tiff: 429 Client Error: Too Many Requests for url: https://api.kaggle.com/v1/competitions.CompetitionApiService/DownloadDataFile

  FAIL train_label_masks/f58f8cb8bd83644f21b052a526d69afe_mask.tiff: 429 Client Error: Too Many Requests for url: https://api.kaggle.com/v1/competitions.CompetitionApiService/DownloadDataFile

  FAIL train_label_masks/f59aa908b06ae529d212effa3888e2ea_mask.tiff: 429 Client Error: Too Many Requests for url: https://api.kaggle.com/v1/competitions.CompetitionApiService/DownloadDataFile

  FAIL train_label_masks/f5b849625162c608e13f0c04d24078d6_mask.tiff: 429 Client Error: Too Many Requests for url: https://api.kaggle.com/v1/competitions.CompetitionApiService/DownloadDataFile

  FAIL train_label_masks/f5bed5601a8e1f32043ff77755d957d0_mask.tiff: 429 Client Error: Too Many Requests for url: https://api.kaggle.com/v1/competitions.CompetitionApiService/DownloadDataFile

  FAIL train_label_masks/f5d40a40e34f8a090f44cb6589c26900_mask.tiff: 429 Client Error: Too Many Requests for url: https://api.kaggle.com/v1/competitions.CompetitionApiService/DownloadDataFile

  FAIL train_label_masks/f5d72b1f141a139c46446d263ceb5e7c_mask.tiff: 429 Client Error: Too Many Requests for url: https://api.kaggle.com/v1/competitions.CompetitionApiService/DownloadDataFile

  FAIL train_label_masks/f5de7d8fbfe197b5aefb3f312397e7b5_mask.tiff: 429 Client Error: Too Many Requests for url: https://api.kaggle.com/v1/competitions.CompetitionApiService/DownloadDataFile

  FAIL train_label_masks/f5e8369558d2238497eaeb1b6be9391e_mask.tiff: 429 Client Error: Too Many Requests for url: https://api.kaggle.com/v1/competitions.CompetitionApiService/DownloadDataFile

  FAIL train_label_masks/f61ec97dd1808dd49436c25aac6e0c4c_mask.tiff: 429 Client Error: Too Many Requests for url: https://api.kaggle.com/v1/competitions.CompetitionApiService/DownloadDataFile

  FAIL train_label_masks/f6224279854d1b5e5b41e7cd3182caef_mask.tiff: 429 Client Error: Too Many Requests for url: https://api.kaggle.com/v1/competitions.CompetitionApiService/DownloadDataFile

  FAIL train_label_masks/f63d515ee30f621b7a82acc3e00fdcc2_mask.tiff: 429 Client Error: Too Many Requests for url: https://api.kaggle.com/v1/competitions.CompetitionApiService/DownloadDataFile

  FAIL train_label_masks/f64a4e01ea89ad9bc824c044bd57c1e7_mask.tiff: 429 Client Error: Too Many Requests for url: https://api.kaggle.com/v1/competitions.CompetitionApiService/DownloadDataFile

  FAIL train_label_masks/f64bc2a754fc8d937ef7f307f381c9ef_mask.tiff: 429 Client Error: Too Many Requests for url: https://api.kaggle.com/v1/competitions.CompetitionApiService/DownloadDataFile

  FAIL train_label_masks/f653a47f9ec6465f92f08db9385e89ac_mask.tiff: 429 Client Error: Too Many Requests for url: https://api.kaggle.com/v1/competitions.CompetitionApiService/DownloadDataFile

  FAIL train_label_masks/f659913017aab32c0ac0d88d0ecfe62c_mask.tiff: 429 Client Error: Too Many Requests for url: https://api.kaggle.com/v1/competitions.CompetitionApiService/DownloadDataFile

  FAIL train_label_masks/f671b51a5aae50ac44610a380de4fdb7_mask.tiff: 429 Client Error: Too Many Requests for url: https://api.kaggle.com/v1/competitions.CompetitionApiService/DownloadDataFile

  FAIL train_label_masks/f68673db7c65bc80fde188dea0e39c0b_mask.tiff: 429 Client Error: Too Many Requests for url: https://api.kaggle.com/v1/competitions.CompetitionApiService/DownloadDataFile

  FAIL train_label_masks/f68f24390da7d3aa32817127bc5f7fa7_mask.tiff: 429 Client Error: Too Many Requests for url: https://api.kaggle.com/v1/competitions.CompetitionApiService/DownloadDataFile

  FAIL train_label_masks/f69847acf7a94039fa4d1fd3bd32ebac_mask.tiff: 429 Client Error: Too Many Requests for url: https://api.kaggle.com/v1/competitions.CompetitionApiService/DownloadDataFile

  FAIL train_label_masks/f6a5026c3875a441ac93945bd4ba9c18_mask.tiff: 429 Client Error: Too Many Requests for url: https://api.kaggle.com/v1/competitions.CompetitionApiService/DownloadDataFile

  FAIL train_label_masks/f6b3c12a983a398bfafee0027cf523d5_mask.tiff: 429 Client Error: Too Many Requests for url: https://api.kaggle.com/v1/competitions.CompetitionApiService/DownloadDataFile

  FAIL train_label_masks/f6b6d03d15615dd9affb3b3c77347747_mask.tiff: 429 Client Error: Too Many Requests for url: https://api.kaggle.com/v1/competitions.CompetitionApiService/DownloadDataFile

  FAIL train_label_masks/f6ba42262cffbab640e3da1e6c36a0e0_mask.tiff: 429 Client Error: Too Many Requests for url: https://api.kaggle.com/v1/competitions.CompetitionApiService/DownloadDataFile

  FAIL train_label_masks/f6bdf05486c92f8f69be83c174756110_mask.tiff: 429 Client Error: Too Many Requests for url: https://api.kaggle.com/v1/competitions.CompetitionApiService/DownloadDataFile

  FAIL train_label_masks/f6c0aa4b8c3f21c9077ea8bb373b4c84_mask.tiff: 429 Client Error: Too Many Requests for url: https://api.kaggle.com/v1/competitions.CompetitionApiService/DownloadDataFile

  FAIL train_label_masks/f6c9168b817597a74b8e4e774988d698_mask.tiff: 429 Client Error: Too Many Requests for url: https://api.kaggle.com/v1/competitions.CompetitionApiService/DownloadDataFile

  FAIL train_label_masks/f6de38334730ae611fbf46dd649b1476_mask.tiff: 429 Client Error: Too Many Requests for url: https://api.kaggle.com/v1/competitions.CompetitionApiService/DownloadDataFile

  FAIL train_label_masks/f6df497ddcb8f033d7c28c05fe242aaa_mask.tiff: 429 Client Error: Too Many Requests for url: https://api.kaggle.com/v1/competitions.CompetitionApiService/DownloadDataFile

  FAIL train_label_masks/f6ed84e1e5bdb1ee5d79e0f5353b42ef_mask.tiff: 429 Client Error: Too Many Requests for url: https://api.kaggle.com/v1/competitions.CompetitionApiService/DownloadDataFile

  FAIL train_label_masks/f6f6fd84d5275c9f2caa8edb15141607_mask.tiff: 429 Client Error: Too Many Requests for url: https://api.kaggle.com/v1/competitions.CompetitionApiService/DownloadDataFile

  FAIL train_label_masks/f6fcdf840d82229dee867cc75a7dd721_mask.tiff: 429 Client Error: Too Many Requests for url: https://api.kaggle.com/v1/competitions.CompetitionApiService/DownloadDataFile

  FAIL train_label_masks/f6ffc86aa0c22f0f0e6bb3b5c3dd79e9_mask.tiff: 429 Client Error: Too Many Requests for url: https://api.kaggle.com/v1/competitions.CompetitionApiService/DownloadDataFile

  FAIL train_label_masks/f70104d45bb1a6177e3a6826b0eaa030_mask.tiff: 429 Client Error: Too Many Requests for url: https://api.kaggle.com/v1/competitions.CompetitionApiService/DownloadDataFile

  FAIL train_label_masks/f709898cdc46cedb62cef65b87039218_mask.tiff: 429 Client Error: Too Many Requests for url: https://api.kaggle.com/v1/competitions.CompetitionApiService/DownloadDataFile

  FAIL train_label_masks/f70ed8ca14b13611e197cf07aae8f5f1_mask.tiff: 429 Client Error: Too Many Requests for url: https://api.kaggle.com/v1/competitions.CompetitionApiService/DownloadDataFile

  FAIL train_label_masks/f73836ebcc90a2855d78158b746169db_mask.tiff: 429 Client Error: Too Many Requests for url: https://api.kaggle.com/v1/competitions.CompetitionApiService/DownloadDataFile

  FAIL train_label_masks/f73951fddf77034c9fd44cb19f5fe6b5_mask.tiff: 429 Client Error: Too Many Requests for url: https://api.kaggle.com/v1/competitions.CompetitionApiService/DownloadDataFile

  FAIL train_label_masks/f73a4bb68c9e268f95ca9d8ce340cce9_mask.tiff: 429 Client Error: Too Many Requests for url: https://api.kaggle.com/v1/competitions.CompetitionApiService/DownloadDataFile

  FAIL train_label_masks/f73a9bc5c0cae8bd6729c95a7edd36b9_mask.tiff: 429 Client Error: Too Many Requests for url: https://api.kaggle.com/v1/competitions.CompetitionApiService/DownloadDataFile

  FAIL train_label_masks/f746e9703e48b20b6c64c1b9dce29d8a_mask.tiff: 429 Client Error: Too Many Requests for url: https://api.kaggle.com/v1/competitions.CompetitionApiService/DownloadDataFile

  FAIL train_label_masks/f74b179bb617e92a6122aeb16d85bc50_mask.tiff: 429 Client Error: Too Many Requests for url: https://api.kaggle.com/v1/competitions.CompetitionApiService/DownloadDataFile

  FAIL train_label_masks/f75c7cec3ddc9fbff27aca59b01c5bf5_mask.tiff: 429 Client Error: Too Many Requests for url: https://api.kaggle.com/v1/competitions.CompetitionApiService/DownloadDataFile

  FAIL train_label_masks/f776385879402e2940d3627015c3a58b_mask.tiff: 429 Client Error: Too Many Requests for url: https://api.kaggle.com/v1/competitions.CompetitionApiService/DownloadDataFile

  FAIL train_label_masks/f781b917555e1c9f7be865081d1daf7c_mask.tiff: 429 Client Error: Too Many Requests for url: https://api.kaggle.com/v1/competitions.CompetitionApiService/DownloadDataFile

  FAIL train_label_masks/f7956aab178ff4c161a505b6a050579f_mask.tiff: 429 Client Error: Too Many Requests for url: https://api.kaggle.com/v1/competitions.CompetitionApiService/DownloadDataFile

  FAIL train_label_masks/f79dc41910f957d0c15aadb49bff975c_mask.tiff: 429 Client Error: Too Many Requests for url: https://api.kaggle.com/v1/competitions.CompetitionApiService/DownloadDataFile

  FAIL train_label_masks/f7b41d0ca05e2d1de4fd4b3fd0ae4ef7_mask.tiff: 429 Client Error: Too Many Requests for url: https://api.kaggle.com/v1/competitions.CompetitionApiService/DownloadDataFile

  FAIL train_label_masks/f7b519160f85eb52ace93414ffce8982_mask.tiff: 429 Client Error: Too Many Requests for url: https://api.kaggle.com/v1/competitions.CompetitionApiService/DownloadDataFile

  FAIL train_label_masks/f7c97aeccfaeb2d9e84414c5c5e6db22_mask.tiff: 429 Client Error: Too Many Requests for url: https://api.kaggle.com/v1/competitions.CompetitionApiService/DownloadDataFile

  FAIL train_label_masks/f7ccce426ebb48fa278ff063858f9299_mask.tiff: 429 Client Error: Too Many Requests for url: https://api.kaggle.com/v1/competitions.CompetitionApiService/DownloadDataFile

  FAIL train_label_masks/f7d2a425f1cd82d6c06dc1b0fb0af869_mask.tiff: 429 Client Error: Too Many Requests for url: https://api.kaggle.com/v1/competitions.CompetitionApiService/DownloadDataFile

  FAIL train_label_masks/f7d30df03c85f640e735995c61e9e2f7_mask.tiff: 429 Client Error: Too Many Requests for url: https://api.kaggle.com/v1/competitions.CompetitionApiService/DownloadDataFile

  FAIL train_label_masks/f800a3979b283e4b697fa2aade0c1947_mask.tiff: 429 Client Error: Too Many Requests for url: https://api.kaggle.com/v1/competitions.CompetitionApiService/DownloadDataFile

  FAIL train_label_masks/f805582bbe48523bb1f118e4acc4a6af_mask.tiff: 429 Client Error: Too Many Requests for url: https://api.kaggle.com/v1/competitions.CompetitionApiService/DownloadDataFile

  FAIL train_label_masks/f80762497aaa467658859f20ca56f875_mask.tiff: 429 Client Error: Too Many Requests for url: https://api.kaggle.com/v1/competitions.CompetitionApiService/DownloadDataFile

  FAIL train_label_masks/f80e5b2afa3ebf635c446fa08a3d7a45_mask.tiff: 429 Client Error: Too Many Requests for url: https://api.kaggle.com/v1/competitions.CompetitionApiService/DownloadDataFile

  FAIL train_label_masks/f815e7ebafbbfa2578e3abadc8a5d15b_mask.tiff: 429 Client Error: Too Many Requests for url: https://api.kaggle.com/v1/competitions.CompetitionApiService/DownloadDataFile

  FAIL train_label_masks/f81f26aac99df0845173c6f8e21ab71e_mask.tiff: 429 Client Error: Too Many Requests for url: https://api.kaggle.com/v1/competitions.CompetitionApiService/DownloadDataFile

  FAIL train_label_masks/f82b48c5ef63a291660357ded12a7ab1_mask.tiff: 429 Client Error: Too Many Requests for url: https://api.kaggle.com/v1/competitions.CompetitionApiService/DownloadDataFile

  FAIL train_label_masks/f82ed3f5d1a4a974884f7180af4f9ba5_mask.tiff: 429 Client Error: Too Many Requests for url: https://api.kaggle.com/v1/competitions.CompetitionApiService/DownloadDataFile

  FAIL train_label_masks/f836bf8b2f7a52acc668fcd59ec0122f_mask.tiff: 429 Client Error: Too Many Requests for url: https://api.kaggle.com/v1/competitions.CompetitionApiService/DownloadDataFile

  FAIL train_label_masks/f8398798a9dcd88e7475154488b11a1a_mask.tiff: 429 Client Error: Too Many Requests for url: https://api.kaggle.com/v1/competitions.CompetitionApiService/DownloadDataFile

  FAIL train_label_masks/f83af16db53783f37f6614cf3bc3e5af_mask.tiff: 429 Client Error: Too Many Requests for url: https://api.kaggle.com/v1/competitions.CompetitionApiService/DownloadDataFile

  FAIL train_label_masks/f84a1ebc74a6004395262124e0ab1d9e_mask.tiff: 429 Client Error: Too Many Requests for url: https://api.kaggle.com/v1/competitions.CompetitionApiService/DownloadDataFile

  FAIL train_label_masks/f84c0dc5ef76aecaa17012a85a7f0a4e_mask.tiff: 429 Client Error: Too Many Requests for url: https://api.kaggle.com/v1/competitions.CompetitionApiService/DownloadDataFile

  FAIL train_label_masks/f84d60e83be2e1bbfdb1885a668bf3ba_mask.tiff: 429 Client Error: Too Many Requests for url: https://api.kaggle.com/v1/competitions.CompetitionApiService/DownloadDataFile

  FAIL train_label_masks/f85334e801a490f557571e1ee2ec7a5a_mask.tiff: 429 Client Error: Too Many Requests for url: https://api.kaggle.com/v1/competitions.CompetitionApiService/DownloadDataFile

  FAIL train_label_masks/f86f614f61dce71662f527ac82b3170b_mask.tiff: 429 Client Error: Too Many Requests for url: https://api.kaggle.com/v1/competitions.CompetitionApiService/DownloadDataFile

  FAIL train_label_masks/f88e932503d0e42467edb710bb8b9c46_mask.tiff: 429 Client Error: Too Many Requests for url: https://api.kaggle.com/v1/competitions.CompetitionApiService/DownloadDataFile

  FAIL train_label_masks/f891dd5e1bd40f5d223dca5673bbf182_mask.tiff: 429 Client Error: Too Many Requests for url: https://api.kaggle.com/v1/competitions.CompetitionApiService/DownloadDataFile

  FAIL train_label_masks/f8ddeae52360946c80eb4238e01415e1_mask.tiff: 429 Client Error: Too Many Requests for url: https://api.kaggle.com/v1/competitions.CompetitionApiService/DownloadDataFile

  FAIL train_label_masks/f8e31591718a4a1934728a9767c6459c_mask.tiff: 429 Client Error: Too Many Requests for url: https://api.kaggle.com/v1/competitions.CompetitionApiService/DownloadDataFile

  FAIL train_label_masks/f90b38ef792d1763de8a25d33fdff1cc_mask.tiff: 429 Client Error: Too Many Requests for url: https://api.kaggle.com/v1/competitions.CompetitionApiService/DownloadDataFile

  FAIL train_label_masks/f9285fe284ce30f4d249635062db619a_mask.tiff: 429 Client Error: Too Many Requests for url: https://api.kaggle.com/v1/competitions.CompetitionApiService/DownloadDataFile

  FAIL train_label_masks/f93148f68ff93c84d40d566a6cd1dbab_mask.tiff: 429 Client Error: Too Many Requests for url: https://api.kaggle.com/v1/competitions.CompetitionApiService/DownloadDataFile

  FAIL train_label_masks/f93152017b2e6dc0e9c6dbbf0400d438_mask.tiff: 429 Client Error: Too Many Requests for url: https://api.kaggle.com/v1/competitions.CompetitionApiService/DownloadDataFile

  FAIL train_label_masks/f9404d959c3c8f6ece797507374dc386_mask.tiff: 429 Client Error: Too Many Requests for url: https://api.kaggle.com/v1/competitions.CompetitionApiService/DownloadDataFile

  FAIL train_label_masks/f94a2f497ba431ae01c0d557d8c2a78f_mask.tiff: 429 Client Error: Too Many Requests for url: https://api.kaggle.com/v1/competitions.CompetitionApiService/DownloadDataFile

  FAIL train_label_masks/f95c0c54f064c14c0502f2b2d12f03ba_mask.tiff: 429 Client Error: Too Many Requests for url: https://api.kaggle.com/v1/competitions.CompetitionApiService/DownloadDataFile

  FAIL train_label_masks/f964b9543ed1fcd3fcda049d744a50bd_mask.tiff: 429 Client Error: Too Many Requests for url: https://api.kaggle.com/v1/competitions.CompetitionApiService/DownloadDataFile

  FAIL train_label_masks/f96885e98ce7050f21a86bb312f90c89_mask.tiff: 429 Client Error: Too Many Requests for url: https://api.kaggle.com/v1/competitions.CompetitionApiService/DownloadDataFile

  FAIL train_label_masks/f96b3fd2d48542ff38fc3454bea1bbdb_mask.tiff: 429 Client Error: Too Many Requests for url: https://api.kaggle.com/v1/competitions.CompetitionApiService/DownloadDataFile

  FAIL train_label_masks/f999e08da2e822cceea24d7201eec2bc_mask.tiff: 429 Client Error: Too Many Requests for url: https://api.kaggle.com/v1/competitions.CompetitionApiService/DownloadDataFile

  FAIL train_label_masks/f9b0585f3bed42786c6c9fc199e59dc8_mask.tiff: 429 Client Error: Too Many Requests for url: https://api.kaggle.com/v1/competitions.CompetitionApiService/DownloadDataFile

  FAIL train_label_masks/f9c0aa4cd5ad8ff43fcd67fd626964b0_mask.tiff: 429 Client Error: Too Many Requests for url: https://api.kaggle.com/v1/competitions.CompetitionApiService/DownloadDataFile

  FAIL train_label_masks/f9c3775b0d8868f38c4f86ca51ca84f6_mask.tiff: 429 Client Error: Too Many Requests for url: https://api.kaggle.com/v1/competitions.CompetitionApiService/DownloadDataFile

  FAIL train_label_masks/f9c41c926032f8ec5db4c05b86dd2749_mask.tiff: 429 Client Error: Too Many Requests for url: https://api.kaggle.com/v1/competitions.CompetitionApiService/DownloadDataFile

  FAIL train_label_masks/f9caed448e138e702ee5a2c906a671fc_mask.tiff: 429 Client Error: Too Many Requests for url: https://api.kaggle.com/v1/competitions.CompetitionApiService/DownloadDataFile

  FAIL train_label_masks/f9e7b42fd5a1fd18683a846ddfa94c8c_mask.tiff: 429 Client Error: Too Many Requests for url: https://api.kaggle.com/v1/competitions.CompetitionApiService/DownloadDataFile

  FAIL train_label_masks/fa185cbfa3c6bb40a7dd0397b88539d9_mask.tiff: 429 Client Error: Too Many Requests for url: https://api.kaggle.com/v1/competitions.CompetitionApiService/DownloadDataFile

  FAIL train_label_masks/fa1a79a5248bf5f5742fb14dabc070c6_mask.tiff: 429 Client Error: Too Many Requests for url: https://api.kaggle.com/v1/competitions.CompetitionApiService/DownloadDataFile

  FAIL train_label_masks/fa2d82bc5c90ce86b88046cd216fc720_mask.tiff: 429 Client Error: Too Many Requests for url: https://api.kaggle.com/v1/competitions.CompetitionApiService/DownloadDataFile

  FAIL train_label_masks/fa347f99ad391a7ce5800ac7d161080a_mask.tiff: 429 Client Error: Too Many Requests for url: https://api.kaggle.com/v1/competitions.CompetitionApiService/DownloadDataFile

  FAIL train_label_masks/fa6569eb827fcd7108ee7f22dac0ea11_mask.tiff: 429 Client Error: Too Many Requests for url: https://api.kaggle.com/v1/competitions.CompetitionApiService/DownloadDataFile

  FAIL train_label_masks/fa6a64b3a0c696072eb77fc03e2858df_mask.tiff: 429 Client Error: Too Many Requests for url: https://api.kaggle.com/v1/competitions.CompetitionApiService/DownloadDataFile

  FAIL train_label_masks/fa741c964934cb194701d6630356adb0_mask.tiff: 429 Client Error: Too Many Requests for url: https://api.kaggle.com/v1/competitions.CompetitionApiService/DownloadDataFile

  FAIL train_label_masks/fa74ab756f01ab6b562643955d297cba_mask.tiff: 429 Client Error: Too Many Requests for url: https://api.kaggle.com/v1/competitions.CompetitionApiService/DownloadDataFile

  FAIL train_label_masks/fab1d411448d12a807e3ded857ddeaed_mask.tiff: 429 Client Error: Too Many Requests for url: https://api.kaggle.com/v1/competitions.CompetitionApiService/DownloadDataFile

  FAIL train_label_masks/fab7172275db33a4e186e6deeb435a7b_mask.tiff: 429 Client Error: Too Many Requests for url: https://api.kaggle.com/v1/competitions.CompetitionApiService/DownloadDataFile

  FAIL train_label_masks/fac5bbaea8710fc47397548c8271757d_mask.tiff: 429 Client Error: Too Many Requests for url: https://api.kaggle.com/v1/competitions.CompetitionApiService/DownloadDataFile

  FAIL train_label_masks/fac68c117a18834ee2e9892083d82942_mask.tiff: 429 Client Error: Too Many Requests for url: https://api.kaggle.com/v1/competitions.CompetitionApiService/DownloadDataFile

  FAIL train_label_masks/fac926289d51ddb79e2739d2b075d627_mask.tiff: 429 Client Error: Too Many Requests for url: https://api.kaggle.com/v1/competitions.CompetitionApiService/DownloadDataFile

  FAIL train_label_masks/fad0fe747acf40fa1fdba4a7d115d8e4_mask.tiff: 429 Client Error: Too Many Requests for url: https://api.kaggle.com/v1/competitions.CompetitionApiService/DownloadDataFile

  FAIL train_label_masks/fae6996aeed84a9a75cbe726be46bab3_mask.tiff: 429 Client Error: Too Many Requests for url: https://api.kaggle.com/v1/competitions.CompetitionApiService/DownloadDataFile

  FAIL train_label_masks/fb01a0a69517bb47d7f4699b6217f69d_mask.tiff: 429 Client Error: Too Many Requests for url: https://api.kaggle.com/v1/competitions.CompetitionApiService/DownloadDataFile

  FAIL train_label_masks/fb25f7ff2cc4e75558a70c33645e3fb7_mask.tiff: 429 Client Error: Too Many Requests for url: https://api.kaggle.com/v1/competitions.CompetitionApiService/DownloadDataFile

  FAIL train_label_masks/fb39e72460b6da6ea5e9c8efbee2c78c_mask.tiff: 429 Client Error: Too Many Requests for url: https://api.kaggle.com/v1/competitions.CompetitionApiService/DownloadDataFile

  FAIL train_label_masks/fb43ecf486bd7ba5e818be2e68f36a4a_mask.tiff: 429 Client Error: Too Many Requests for url: https://api.kaggle.com/v1/competitions.CompetitionApiService/DownloadDataFile

  FAIL train_label_masks/fb5fd7ab15e699998a30b36fe169431b_mask.tiff: 429 Client Error: Too Many Requests for url: https://api.kaggle.com/v1/competitions.CompetitionApiService/DownloadDataFile

  FAIL train_label_masks/fb61f2df28791cf878406496100a8c95_mask.tiff: 429 Client Error: Too Many Requests for url: https://api.kaggle.com/v1/competitions.CompetitionApiService/DownloadDataFile

  FAIL train_label_masks/fb74231594a6b93c552c5bbb3a6bd699_mask.tiff: 429 Client Error: Too Many Requests for url: https://api.kaggle.com/v1/competitions.CompetitionApiService/DownloadDataFile

  FAIL train_label_masks/fb76b034689e5171652fab3ebc0a62a0_mask.tiff: 429 Client Error: Too Many Requests for url: https://api.kaggle.com/v1/competitions.CompetitionApiService/DownloadDataFile

  FAIL train_label_masks/fb80c40073a4016bf384f408ec048f55_mask.tiff: 429 Client Error: Too Many Requests for url: https://api.kaggle.com/v1/competitions.CompetitionApiService/DownloadDataFile

  FAIL train_label_masks/fb85ad4fd2bc74adf94bd9cc36ee63da_mask.tiff: 429 Client Error: Too Many Requests for url: https://api.kaggle.com/v1/competitions.CompetitionApiService/DownloadDataFile

  FAIL train_label_masks/fb8886059879eaac70139336cb525838_mask.tiff: 429 Client Error: Too Many Requests for url: https://api.kaggle.com/v1/competitions.CompetitionApiService/DownloadDataFile

  FAIL train_label_masks/fbacda290baa284a06ca8fccc2c7ee72_mask.tiff: 429 Client Error: Too Many Requests for url: https://api.kaggle.com/v1/competitions.CompetitionApiService/DownloadDataFile

  FAIL train_label_masks/fbb8090f001cfe840cbe84d42e70bab8_mask.tiff: 429 Client Error: Too Many Requests for url: https://api.kaggle.com/v1/competitions.CompetitionApiService/DownloadDataFile

  FAIL train_label_masks/fbc0c3145008a420b3b038e8820aba1b_mask.tiff: 429 Client Error: Too Many Requests for url: https://api.kaggle.com/v1/competitions.CompetitionApiService/DownloadDataFile

  FAIL train_label_masks/fbc9a26a3d51bab4d032b1273fd5edf9_mask.tiff: 429 Client Error: Too Many Requests for url: https://api.kaggle.com/v1/competitions.CompetitionApiService/DownloadDataFile

  FAIL train_label_masks/fbca4257157e8123cb38853b6dff7a57_mask.tiff: 429 Client Error: Too Many Requests for url: https://api.kaggle.com/v1/competitions.CompetitionApiService/DownloadDataFile

  FAIL train_label_masks/fbe139b6227a1430960fe9359826cf89_mask.tiff: 429 Client Error: Too Many Requests for url: https://api.kaggle.com/v1/competitions.CompetitionApiService/DownloadDataFile

  FAIL train_label_masks/fbec0ff75cf34743b0143538e59c4641_mask.tiff: 429 Client Error: Too Many Requests for url: https://api.kaggle.com/v1/competitions.CompetitionApiService/DownloadDataFile

  FAIL train_label_masks/fbec7a11045c409213445c592bdadfae_mask.tiff: 429 Client Error: Too Many Requests for url: https://api.kaggle.com/v1/competitions.CompetitionApiService/DownloadDataFile

  FAIL train_label_masks/fbed3981222546871069cdc71f07c996_mask.tiff: 429 Client Error: Too Many Requests for url: https://api.kaggle.com/v1/competitions.CompetitionApiService/DownloadDataFile

  FAIL train_label_masks/fbee536cc1352614dda57bcf0786f387_mask.tiff: 429 Client Error: Too Many Requests for url: https://api.kaggle.com/v1/competitions.CompetitionApiService/DownloadDataFile

  FAIL train_label_masks/fbf1493e0d0f80318eb52c41d91f2180_mask.tiff: 429 Client Error: Too Many Requests for url: https://api.kaggle.com/v1/competitions.CompetitionApiService/DownloadDataFile

  FAIL train_label_masks/fc0109ca8340e1cea99e1a26e40aebd4_mask.tiff: 429 Client Error: Too Many Requests for url: https://api.kaggle.com/v1/competitions.CompetitionApiService/DownloadDataFile

  FAIL train_label_masks/fc04eb6968b836409723ecf4e158d48d_mask.tiff: 429 Client Error: Too Many Requests for url: https://api.kaggle.com/v1/competitions.CompetitionApiService/DownloadDataFile

  FAIL train_label_masks/fc115a1b3e831ab2e51576d7e9a8b630_mask.tiff: 429 Client Error: Too Many Requests for url: https://api.kaggle.com/v1/competitions.CompetitionApiService/DownloadDataFile

  FAIL train_label_masks/fc276eb59d1ae3212d411c903167ea00_mask.tiff: 429 Client Error: Too Many Requests for url: https://api.kaggle.com/v1/competitions.CompetitionApiService/DownloadDataFile

  FAIL train_label_masks/fc2fd27c7f16ed0c6f522ef43f585727_mask.tiff: 429 Client Error: Too Many Requests for url: https://api.kaggle.com/v1/competitions.CompetitionApiService/DownloadDataFile

  FAIL train_label_masks/fc308eacf13a2a6c6b526e8bc8699f27_mask.tiff: 429 Client Error: Too Many Requests for url: https://api.kaggle.com/v1/competitions.CompetitionApiService/DownloadDataFile

  FAIL train_label_masks/fc3c4b863c8e9defaf8f430cdee91183_mask.tiff: 429 Client Error: Too Many Requests for url: https://api.kaggle.com/v1/competitions.CompetitionApiService/DownloadDataFile

  FAIL train_label_masks/fc3d822559662122337f17910e8ed922_mask.tiff: 429 Client Error: Too Many Requests for url: https://api.kaggle.com/v1/competitions.CompetitionApiService/DownloadDataFile

  FAIL train_label_masks/fc45d1e5ef73ee9ceccbe8cb04cc9f15_mask.tiff: 429 Client Error: Too Many Requests for url: https://api.kaggle.com/v1/competitions.CompetitionApiService/DownloadDataFile

  FAIL train_label_masks/fc547d2e786c1d19163f39dc576c0231_mask.tiff: 429 Client Error: Too Many Requests for url: https://api.kaggle.com/v1/competitions.CompetitionApiService/DownloadDataFile

  FAIL train_label_masks/fc5e5378432ef4e92306f05b309c4ebb_mask.tiff: 429 Client Error: Too Many Requests for url: https://api.kaggle.com/v1/competitions.CompetitionApiService/DownloadDataFile

  FAIL train_label_masks/fc6a695ba44f4b64425c522f590bac48_mask.tiff: 429 Client Error: Too Many Requests for url: https://api.kaggle.com/v1/competitions.CompetitionApiService/DownloadDataFile

  FAIL train_label_masks/fc841358b1ae7c119b6224d0076046f4_mask.tiff: 429 Client Error: Too Many Requests for url: https://api.kaggle.com/v1/competitions.CompetitionApiService/DownloadDataFile

  FAIL train_label_masks/fc8455773da14e90df050c6ce9f74882_mask.tiff: 429 Client Error: Too Many Requests for url: https://api.kaggle.com/v1/competitions.CompetitionApiService/DownloadDataFile

  FAIL train_label_masks/fc8679d6d29a34f76d3c2c7f128b9f54_mask.tiff: 429 Client Error: Too Many Requests for url: https://api.kaggle.com/v1/competitions.CompetitionApiService/DownloadDataFile

  FAIL train_label_masks/fca1f600d0d453a15d9251eb505523fc_mask.tiff: 429 Client Error: Too Many Requests for url: https://api.kaggle.com/v1/competitions.CompetitionApiService/DownloadDataFile

  FAIL train_label_masks/fca2d821dcae271ea5e5851df2f41538_mask.tiff: 429 Client Error: Too Many Requests for url: https://api.kaggle.com/v1/competitions.CompetitionApiService/DownloadDataFile

  FAIL train_label_masks/fcaa47a2c6a94bdd2ba3618c6f0f2050_mask.tiff: 429 Client Error: Too Many Requests for url: https://api.kaggle.com/v1/competitions.CompetitionApiService/DownloadDataFile

  FAIL train_label_masks/fcc021adb67098501a473a959211093c_mask.tiff: 429 Client Error: Too Many Requests for url: https://api.kaggle.com/v1/competitions.CompetitionApiService/DownloadDataFile

  FAIL train_label_masks/fccac9bf0994bca0248468a171980657_mask.tiff: 429 Client Error: Too Many Requests for url: https://api.kaggle.com/v1/competitions.CompetitionApiService/DownloadDataFile

  FAIL train_label_masks/fcf3ef06a3601448061b7b1adda97b89_mask.tiff: 429 Client Error: Too Many Requests for url: https://api.kaggle.com/v1/competitions.CompetitionApiService/DownloadDataFile

  FAIL train_label_masks/fcf954f576b072584d4271144e57f6d3_mask.tiff: 429 Client Error: Too Many Requests for url: https://api.kaggle.com/v1/competitions.CompetitionApiService/DownloadDataFile

  FAIL train_label_masks/fd05529859cf5ee53ab967a009dc7c06_mask.tiff: 429 Client Error: Too Many Requests for url: https://api.kaggle.com/v1/competitions.CompetitionApiService/DownloadDataFile

  FAIL train_label_masks/fd08b2bce422f40a465664f9a5f9afdd_mask.tiff: 429 Client Error: Too Many Requests for url: https://api.kaggle.com/v1/competitions.CompetitionApiService/DownloadDataFile

  FAIL train_label_masks/fd0bb45eba479a7f7d953f41d574bf9f_mask.tiff: 429 Client Error: Too Many Requests for url: https://api.kaggle.com/v1/competitions.CompetitionApiService/DownloadDataFile

  FAIL train_label_masks/fd1286054e5e7063369cabd6ecf7af13_mask.tiff: 429 Client Error: Too Many Requests for url: https://api.kaggle.com/v1/competitions.CompetitionApiService/DownloadDataFile

  FAIL train_label_masks/fd2ad62fe51a4ab6f4786f116d7e5eaa_mask.tiff: 429 Client Error: Too Many Requests for url: https://api.kaggle.com/v1/competitions.CompetitionApiService/DownloadDataFile

  FAIL train_label_masks/fd34d5fda33d3e8281837a2a4511f7fd_mask.tiff: 429 Client Error: Too Many Requests for url: https://api.kaggle.com/v1/competitions.CompetitionApiService/DownloadDataFile

  FAIL train_label_masks/fd3926d5158b0502b1a51811c50c3976_mask.tiff: 429 Client Error: Too Many Requests for url: https://api.kaggle.com/v1/competitions.CompetitionApiService/DownloadDataFile

  FAIL train_label_masks/fd3a19b58724189865a7b6bf3d70232c_mask.tiff: 429 Client Error: Too Many Requests for url: https://api.kaggle.com/v1/competitions.CompetitionApiService/DownloadDataFile

  FAIL train_label_masks/fd3b376d8b119c3a43e93e57710616fd_mask.tiff: 429 Client Error: Too Many Requests for url: https://api.kaggle.com/v1/competitions.CompetitionApiService/DownloadDataFile

  FAIL train_label_masks/fd545ee9fe42ed0eeb216fd4be3af3d2_mask.tiff: 429 Client Error: Too Many Requests for url: https://api.kaggle.com/v1/competitions.CompetitionApiService/DownloadDataFile

  FAIL train_label_masks/fd5604231cba46e8cb162a987e1fb3e4_mask.tiff: 429 Client Error: Too Many Requests for url: https://api.kaggle.com/v1/competitions.CompetitionApiService/DownloadDataFile

  FAIL train_label_masks/fd64300587559ec5de63c8c448c8b958_mask.tiff: 429 Client Error: Too Many Requests for url: https://api.kaggle.com/v1/competitions.CompetitionApiService/DownloadDataFile

  FAIL train_label_masks/fd672406fefb198aa1c5822e90c6170d_mask.tiff: 429 Client Error: Too Many Requests for url: https://api.kaggle.com/v1/competitions.CompetitionApiService/DownloadDataFile

  FAIL train_label_masks/fd6fe1a3985b17d067f2cb4d5bc1e6e1_mask.tiff: 429 Client Error: Too Many Requests for url: https://api.kaggle.com/v1/competitions.CompetitionApiService/DownloadDataFile

  FAIL train_label_masks/fd73fb132d70187e69bc0638323b0ef9_mask.tiff: 429 Client Error: Too Many Requests for url: https://api.kaggle.com/v1/competitions.CompetitionApiService/DownloadDataFile

  FAIL train_label_masks/fd7763888e090f5385c2c49944ce94ab_mask.tiff: 429 Client Error: Too Many Requests for url: https://api.kaggle.com/v1/competitions.CompetitionApiService/DownloadDataFile

  FAIL train_label_masks/fd8928cd1f06f33ff00e32f19c58abd3_mask.tiff: 429 Client Error: Too Many Requests for url: https://api.kaggle.com/v1/competitions.CompetitionApiService/DownloadDataFile

  FAIL train_label_masks/fd8c1f420a7c1c28bab654d0d8d3a6ba_mask.tiff: 429 Client Error: Too Many Requests for url: https://api.kaggle.com/v1/competitions.CompetitionApiService/DownloadDataFile

  FAIL train_label_masks/fd9f0f26e419167b09f3ae4f7a46c9fd_mask.tiff: 429 Client Error: Too Many Requests for url: https://api.kaggle.com/v1/competitions.CompetitionApiService/DownloadDataFile

  FAIL train_label_masks/fda6868aea710b2e286d1b575638050f_mask.tiff: 429 Client Error: Too Many Requests for url: https://api.kaggle.com/v1/competitions.CompetitionApiService/DownloadDataFile

  FAIL train_label_masks/fda9062ed96a20721634b82e5751c559_mask.tiff: 429 Client Error: Too Many Requests for url: https://api.kaggle.com/v1/competitions.CompetitionApiService/DownloadDataFile

  FAIL train_label_masks/fdb9d38ce2b5a1d31bb030cd2d3a03b9_mask.tiff: 429 Client Error: Too Many Requests for url: https://api.kaggle.com/v1/competitions.CompetitionApiService/DownloadDataFile

  FAIL train_label_masks/fdc20a833738385bedbdfdabe9721bde_mask.tiff: 429 Client Error: Too Many Requests for url: https://api.kaggle.com/v1/competitions.CompetitionApiService/DownloadDataFile

  FAIL train_label_masks/fe01b010f147bf3af7740f2f52b45da9_mask.tiff: 429 Client Error: Too Many Requests for url: https://api.kaggle.com/v1/competitions.CompetitionApiService/DownloadDataFile

  FAIL train_label_masks/fe025faa4c6e6de2a71f964b56de7c9c_mask.tiff: 429 Client Error: Too Many Requests for url: https://api.kaggle.com/v1/competitions.CompetitionApiService/DownloadDataFile

  FAIL train_label_masks/fe1f503420d2d5c4a723ef6c2e7efb1d_mask.tiff: 429 Client Error: Too Many Requests for url: https://api.kaggle.com/v1/competitions.CompetitionApiService/DownloadDataFile

  FAIL train_label_masks/fe309f77902a9790166ad50bbeda0eb5_mask.tiff: 429 Client Error: Too Many Requests for url: https://api.kaggle.com/v1/competitions.CompetitionApiService/DownloadDataFile

  FAIL train_label_masks/fe354e2b6f25e4f4110aed552eb55fc5_mask.tiff: 429 Client Error: Too Many Requests for url: https://api.kaggle.com/v1/competitions.CompetitionApiService/DownloadDataFile

  FAIL train_label_masks/fe5717205561fb01917f7e1a27ddc2a9_mask.tiff: 429 Client Error: Too Many Requests for url: https://api.kaggle.com/v1/competitions.CompetitionApiService/DownloadDataFile

  FAIL train_label_masks/fe592036b5e1fe67c781f61e6afc2e61_mask.tiff: 429 Client Error: Too Many Requests for url: https://api.kaggle.com/v1/competitions.CompetitionApiService/DownloadDataFile

  FAIL train_label_masks/fe6984b9e99ee331bb510c61f9e5ccd4_mask.tiff: 429 Client Error: Too Many Requests for url: https://api.kaggle.com/v1/competitions.CompetitionApiService/DownloadDataFile

  FAIL train_label_masks/fe79209ab178c89a9be62bc05b63f083_mask.tiff: 429 Client Error: Too Many Requests for url: https://api.kaggle.com/v1/competitions.CompetitionApiService/DownloadDataFile

  FAIL train_label_masks/fe7dac11b3c6b6f26332b086b5c0e12d_mask.tiff: 429 Client Error: Too Many Requests for url: https://api.kaggle.com/v1/competitions.CompetitionApiService/DownloadDataFile

  FAIL train_label_masks/fe89be6f6d97552f6b2f921c621f6dcb_mask.tiff: 429 Client Error: Too Many Requests for url: https://api.kaggle.com/v1/competitions.CompetitionApiService/DownloadDataFile

  FAIL train_label_masks/fe8b4d94ce299ed485c900f05ae508d3_mask.tiff: 429 Client Error: Too Many Requests for url: https://api.kaggle.com/v1/competitions.CompetitionApiService/DownloadDataFile

  FAIL train_label_masks/feac91652a1c5accff08217d19116f1c_mask.tiff: 429 Client Error: Too Many Requests for url: https://api.kaggle.com/v1/competitions.CompetitionApiService/DownloadDataFile

  FAIL train_label_masks/feacfbc5a71e6ed859ad3316770eab83_mask.tiff: 429 Client Error: Too Many Requests for url: https://api.kaggle.com/v1/competitions.CompetitionApiService/DownloadDataFile

  FAIL train_label_masks/feb0f0ab5eb812769d3a069b7be9dcf4_mask.tiff: 429 Client Error: Too Many Requests for url: https://api.kaggle.com/v1/competitions.CompetitionApiService/DownloadDataFile

  FAIL train_label_masks/feb2f7f43ac6cf1e333d15be177ddec7_mask.tiff: 429 Client Error: Too Many Requests for url: https://api.kaggle.com/v1/competitions.CompetitionApiService/DownloadDataFile

  FAIL train_label_masks/fec79645cf3b92343f453b945916af29_mask.tiff: 429 Client Error: Too Many Requests for url: https://api.kaggle.com/v1/competitions.CompetitionApiService/DownloadDataFile

  FAIL train_label_masks/fee448fd96ff07c374c19e8349baaf06_mask.tiff: 429 Client Error: Too Many Requests for url: https://api.kaggle.com/v1/competitions.CompetitionApiService/DownloadDataFile

  FAIL train_label_masks/feee2e895355a921f2b75b54debad328_mask.tiff: 429 Client Error: Too Many Requests for url: https://api.kaggle.com/v1/competitions.CompetitionApiService/DownloadDataFile

  FAIL train_label_masks/feef5163846ed7e60b2faef14e91de09_mask.tiff: 429 Client Error: Too Many Requests for url: https://api.kaggle.com/v1/competitions.CompetitionApiService/DownloadDataFile

  FAIL train_label_masks/fefe14a66d64bff9fa7d05ae8651adb7_mask.tiff: 429 Client Error: Too Many Requests for url: https://api.kaggle.com/v1/competitions.CompetitionApiService/DownloadDataFile

  FAIL train_label_masks/ff10f937c3d52eff6ad4dd733f2bc3ac_mask.tiff: 429 Client Error: Too Many Requests for url: https://api.kaggle.com/v1/competitions.CompetitionApiService/DownloadDataFile

  FAIL train_label_masks/ff1626f6c8a293bfde7583dcafde5d2c_mask.tiff: 429 Client Error: Too Many Requests for url: https://api.kaggle.com/v1/competitions.CompetitionApiService/DownloadDataFile

  FAIL train_label_masks/ff17b5e40b6243196d7c47b36efa4646_mask.tiff: 429 Client Error: Too Many Requests for url: https://api.kaggle.com/v1/competitions.CompetitionApiService/DownloadDataFile

  FAIL train_label_masks/ff1ca9ec7c9d1694dcacaf5176976967_mask.tiff: 429 Client Error: Too Many Requests for url: https://api.kaggle.com/v1/competitions.CompetitionApiService/DownloadDataFile

  FAIL train_label_masks/ff20d2d7c321ffb900fdf00de6d2eefd_mask.tiff: 429 Client Error: Too Many Requests for url: https://api.kaggle.com/v1/competitions.CompetitionApiService/DownloadDataFile

  FAIL train_label_masks/ff228af5af1389e09e293692ea479d98_mask.tiff: 429 Client Error: Too Many Requests for url: https://api.kaggle.com/v1/competitions.CompetitionApiService/DownloadDataFile

  FAIL train_label_masks/ff28b460869954e8ba28ff6b9919e46a_mask.tiff: 429 Client Error: Too Many Requests for url: https://api.kaggle.com/v1/competitions.CompetitionApiService/DownloadDataFile

  FAIL train_label_masks/ff30f31f767ae4d18f5145598f46f5fd_mask.tiff: 429 Client Error: Too Many Requests for url: https://api.kaggle.com/v1/competitions.CompetitionApiService/DownloadDataFile

  FAIL train_label_masks/ff3667b139539475d4de2aa1b2325c82_mask.tiff: 429 Client Error: Too Many Requests for url: https://api.kaggle.com/v1/competitions.CompetitionApiService/DownloadDataFile

  FAIL train_label_masks/ff53524d64cae1675216bbda40ad7cac_mask.tiff: 429 Client Error: Too Many Requests for url: https://api.kaggle.com/v1/competitions.CompetitionApiService/DownloadDataFile

  FAIL train_label_masks/ff80dfefc41b8863b476c5840f88fec0_mask.tiff: 429 Client Error: Too Many Requests for url: https://api.kaggle.com/v1/competitions.CompetitionApiService/DownloadDataFile

  FAIL train_label_masks/ff811b8f07ef6d31cb60dbd6ad7b0f6c_mask.tiff: 429 Client Error: Too Many Requests for url: https://api.kaggle.com/v1/competitions.CompetitionApiService/DownloadDataFile

  FAIL train_label_masks/ff9dd750be215c8ba38b5195de612253_mask.tiff: 429 Client Error: Too Many Requests for url: https://api.kaggle.com/v1/competitions.CompetitionApiService/DownloadDataFile

  FAIL train_label_masks/ffac6d538449832cbecba2c4f4908dfa_mask.tiff: 429 Client Error: Too Many Requests for url: https://api.kaggle.com/v1/competitions.CompetitionApiService/DownloadDataFile

  FAIL train_label_masks/ffaf4de97335595fb711d3985523106a_mask.tiff: 429 Client Error: Too Many Requests for url: https://api.kaggle.com/v1/competitions.CompetitionApiService/DownloadDataFile

  FAIL train_label_masks/ffb16f062dfe8fd1161eb29ad1bd80ab_mask.tiff: 429 Client Error: Too Many Requests for url: https://api.kaggle.com/v1/competitions.CompetitionApiService/DownloadDataFile

  FAIL train_label_masks/ffc70bf605de30aaa936533397a29d9c_mask.tiff: 429 Client Error: Too Many Requests for url: https://api.kaggle.com/v1/competitions.CompetitionApiService/DownloadDataFile

  FAIL train_label_masks/ffcbb41626c9267c5c20c4804bd5639a_mask.tiff: 429 Client Error: Too Many Requests for url: https://api.kaggle.com/v1/competitions.CompetitionApiService/DownloadDataFile

  FAIL train_label_masks/ffd2841373b39792ab0c84cccd066e31_mask.tiff: 429 Client Error: Too Many Requests for url: https://api.kaggle.com/v1/competitions.CompetitionApiService/DownloadDataFile

  FAIL train_label_masks/ffdc59cd580a1468eac0e6a32dd1ff2d_mask.tiff: 429 Client Error: Too Many Requests for url: https://api.kaggle.com/v1/competitions.CompetitionApiService/DownloadDataFile

  FAIL train_label_masks/ffe06afd66a93258f8fabdef6044e181_mask.tiff: 429 Client Error: Too Many Requests for url: https://api.kaggle.com/v1/competitions.CompetitionApiService/DownloadDataFile

  FAIL train_label_masks/ffe236a25d4cbed59438220799920749_mask.tiff: 429 Client Error: Too Many Requests for url: https://api.kaggle.com/v1/competitions.CompetitionApiService/DownloadDataFile

  FAIL train_label_masks/ffe9bcababc858e04840669e788065a1_mask.tiff: 429 Client Error: Too Many Requests for url: https://api.kaggle.com/v1/competitions.CompetitionApiService/DownloadDataFile

Mask files on disk: 415
Failed downloads: 4645 (first 5: ['15d988a363c6d81572a8ed9ccc3f46f6', '15ea2d5d326ff73f1f5b25bf7721232a', '15ee33d8a2845dd72a240f17db87000b', '160a477ebf1063575de0657e87aee1c2', '160a724e4f6c877d8175fdf7d07a0a67'])

Next: python src/clean_dataset.py --local-only --resume --sleep 0

=== Download complete (masks-only) ===
