cluster_id,n_members,keep_id,drop_ids,keep_n_patches,splits,cross_split,isup,gleason,image_ids
1,46,d6587192c22af1403afb3c5283819cae,00c15b23b30a5ba061358d9641118904;00c52cb4db1c7a5811a8f070a910c038;0373ed8a095e0a283da690de360ccc21;18e8d0f069454b4492f5502f15883589;1e1f00a9410f29e4d4c9920530d883c0;26149968f810b690fca81375c1d74373;36c8f9a16788be091884e5cd1688767f;3f3ea480b6f8748d6e826f1c1d6474e3;418e1cef9d164228667371028ca7071c;447ceabf87de7431032ef708132594d5;49b4a94bd361663636f85ad747ad0da3;53a053373822079628726191fc5b76d6;577a95c3a3a0fb362b7282fdf9311015;5d438b93171c54575c3248d799952a8c;6166cc11159083920af9b3c14670f8b4;63a41234a703cd382686631e0dde6986;651871fee7a4c9e53028c99294709f41;6b8cf7e2a5e9329b19070013a442cc89;6e79fc78cf67358d3d16daec5573b5a3;6fd2d42591da02ae878e2d5c74bcc98f;71f3ff8361e8d200a0b497ec2cdc2097;775abecd4e7149acd83c9c3c55e2834c;778bd33e4eb7fbc28402051743b78aa2;839955471941b6d2dffa2c4768fc3166;8826e4b9c231e9b9a69a5f2e8efc815a;9676a10811c1fb71f39ce325e330cd06;9c2eafb5480094f718bc40213531b7d5;a9de2f159602a6c08dde0551062fb74b;b0db6c7062db390ce41581728f2ef122;b376949adfafff2fd24c30c4cd27dd58;b3852036b9bab5f90891f5f18617b559;b7376a7ff7ba49a02361e8a6db3ec5b0;b7932b71e15722e1908ad98af13d50fb;c0dbbf2b29da2ef0cab6bc7032e7ac92;c1fd67db197ac1e491453082982de933;c445380a860360322df76605978e1618;cfdcf7c4d670c85e658b4286c7807bed;d2e99d97cea5ba41f7d2e30a221adee4;d5a8225a2a912684b38167cc6da67bdd;db6bda8b9e54352f83df9308c7b200ad;ddb64fec2f66e001804e629c20867e59;ebd3d4bfc5d1e9ce090e342869cbdefe;ec009ae101199666b6840588867fc1d6;fb01a0a69517bb47d7f4699b6217f69d;ff9dd750be215c8ba38b5195de612253,228,test;train;val,True,5,4+5,00c15b23b30a5ba061358d9641118904;00c52cb4db1c7a5811a8f070a910c038;0373ed8a095e0a283da690de360ccc21;18e8d0f069454b4492f5502f15883589;1e1f00a9410f29e4d4c9920530d883c0;26149968f810b690fca81375c1d74373;36c8f9a16788be091884e5cd1688767f;3f3ea480b6f8748d6e826f1c1d6474e3;418e1cef9d164228667371028ca7071c;447ceabf87de7431032ef708132594d5;49b4a94bd361663636f85ad747ad0da3;53a053373822079628726191fc5b76d6;577a95c3a3a0fb362b7282fdf9311015;5d438b93171c54575c3248d799952a8c;6166cc11159083920af9b3c14670f8b4;63a41234a703cd382686631e0dde6986;651871fee7a4c9e53028c99294709f41;6b8cf7e2a5e9329b19070013a442cc89;6e79fc78cf67358d3d16daec5573b5a3;6fd2d42591da02ae878e2d5c74bcc98f;71f3ff8361e8d200a0b497ec2cdc2097;775abecd4e7149acd83c9c3c55e2834c;778bd33e4eb7fbc28402051743b78aa2;839955471941b6d2dffa2c4768fc3166;8826e4b9c231e9b9a69a5f2e8efc815a;9676a10811c1fb71f39ce325e330cd06;9c2eafb5480094f718bc40213531b7d5;a9de2f159602a6c08dde0551062fb74b;b0db6c7062db390ce41581728f2ef122;b376949adfafff2fd24c30c4cd27dd58;b3852036b9bab5f90891f5f18617b559;b7376a7ff7ba49a02361e8a6db3ec5b0;b7932b71e15722e1908ad98af13d50fb;c0dbbf2b29da2ef0cab6bc7032e7ac92;c1fd67db197ac1e491453082982de933;c445380a860360322df76605978e1618;cfdcf7c4d670c85e658b4286c7807bed;d2e99d97cea5ba41f7d2e30a221adee4;d5a8225a2a912684b38167cc6da67bdd;d6587192c22af1403afb3c5283819cae;db6bda8b9e54352f83df9308c7b200ad;ddb64fec2f66e001804e629c20867e59;ebd3d4bfc5d1e9ce090e342869cbdefe;ec009ae101199666b6840588867fc1d6;fb01a0a69517bb47d7f4699b6217f69d;ff9dd750be215c8ba38b5195de612253
2,33,1cf5843c2a55f70a2e93c6107424b545,0838c82917cd9af681df249264d2769c;0cb39c742b3ee31e25527b3d31991f09;21e4e2533162dc9eea4b2508b0d3df46;2626d578899ee91a14a09bab13ae8b07;287288c13cab7312a9ced8268cad03ef;432abc4bb7e9413b738f13e982b11868;4444987df780434b2dba8306b086fd64;4f39a9611ee346e4b00b151cda92bbeb;500d4f7a12600df45965673dd4642d4f;5121187bc98e8e74d926c47644cdcf7b;5b503f5a5b80bbdd98128d346e9a72b7;668c4850b2f821babc8ff8c7e877b9b2;684007dfab2690881f18447158417ead;6f23c9de94899d380bd7a075209ef415;77a8d4500bd331027b965e1b1e581ab1;80b57cbfbaa4a0565a5e4839c24223b6;963c4b548a8dea988860f21015eae898;a0714e2fe169ac0e6bfcacc028a4f391;a4759f06b88c45d2153555b988ac52a8;a4ff02d4ba4e5f4420fab051ebd975aa;a766e096ab436d7ae7a55eb46a4fcf5e;a778ef2839b7492090564d78367aaddb;a83b0d472cd523b9d4fb96d01dbd547e;b85c0e9e08d5b97d232f295fffe7f5a9;badbaf5d20db12b65b518ca473bfd12e;c74e766851d12e6c5775f1dacbe3843d;c8de1c11089f06013182abb4b5bf754d;d844c98b020831cd13e0dbed2f72e719;e08b3873a528bb51f5e099eddeedee5c;e994de172996c57b3c414dd7192b500c;ee607b2abd1f6a721b4765ead3fe7aeb;fd5604231cba46e8cb162a987e1fb3e4,189,test;train;val,True,1,3+3,0838c82917cd9af681df249264d2769c;0cb39c742b3ee31e25527b3d31991f09;1cf5843c2a55f70a2e93c6107424b545;21e4e2533162dc9eea4b2508b0d3df46;2626d578899ee91a14a09bab13ae8b07;287288c13cab7312a9ced8268cad03ef;432abc4bb7e9413b738f13e982b11868;4444987df780434b2dba8306b086fd64;4f39a9611ee346e4b00b151cda92bbeb;500d4f7a12600df45965673dd4642d4f;5121187bc98e8e74d926c47644cdcf7b;5b503f5a5b80bbdd98128d346e9a72b7;668c4850b2f821babc8ff8c7e877b9b2;684007dfab2690881f18447158417ead;6f23c9de94899d380bd7a075209ef415;77a8d4500bd331027b965e1b1e581ab1;80b57cbfbaa4a0565a5e4839c24223b6;963c4b548a8dea988860f21015eae898;a0714e2fe169ac0e6bfcacc028a4f391;a4759f06b88c45d2153555b988ac52a8;a4ff02d4ba4e5f4420fab051ebd975aa;a766e096ab436d7ae7a55eb46a4fcf5e;a778ef2839b7492090564d78367aaddb;a83b0d472cd523b9d4fb96d01dbd547e;b85c0e9e08d5b97d232f295fffe7f5a9;badbaf5d20db12b65b518ca473bfd12e;c74e766851d12e6c5775f1dacbe3843d;c8de1c11089f06013182abb4b5bf754d;d844c98b020831cd13e0dbed2f72e719;e08b3873a528bb51f5e099eddeedee5c;e994de172996c57b3c414dd7192b500c;ee607b2abd1f6a721b4765ead3fe7aeb;fd5604231cba46e8cb162a987e1fb3e4
3,32,cc75ac1620668231d5cc98975937aad3,0b517956117177d8efec1a7efe60a985;0f83710916fcc2edf1a7a9a103fd48ac;10dc2544e17f8446dda51f9a9b05181c;11acf00f7aba60feb6c6626ceff0cc51;28eaf92d73381366c785c97a675762a4;2efc345029c31b8c52f224ced1029ff8;3d3de59a9cdafdb58eb5ffde8dab8d70;3f1932eefb6de2c9b6666565a6b93765;3fa1e5427fd312f27072d99cb14a63d3;3ffc717414973b70eeebb9fb3d273c5d;430d7fb12afa81a367453073a1dd899f;43276423852d930b27c86103e63d8288;5467682efb785fda8ad40d44e33f1f87;5c083ab21fc57c0954468ab46aa7fb16;61d53ad3869b865564520488312443f2;6d2bcf1b97f6731338a530650f776fb4;774c9b631a29f191836b1078a6c3a67c;9144106abaaa37336cad2f4ef72d3fdc;932af254f55ed4607b6a31c4fc69726f;9403cc77efc7d9414204d12e31dadac1;9793c3c2317f38143d21a5187bb35652;9921310eb85fdef96f5ec4b5bea102c5;a733ebe1241b7fbe187b49b7b5853f7c;b3c9178d328c9a8362be6b7a55614287;bdeb7ab6c22749f3a39e5a88ee4a0fa4;ce5578cd0044db806cbfc334f9013316;d2bd898f6bf18aab557c0d7d4fca4fc8;d2c964910e2e8295fc329dd57918986f;e69f5703fc72f2b99a2cd8eef05a11e8;e8544928657b8fbb4fa8d67682ae4ee7;f836bf8b2f7a52acc668fcd59ec0122f,199,test;train;val,True,2,3+4,0b517956117177d8efec1a7efe60a985;0f83710916fcc2edf1a7a9a103fd48ac;10dc2544e17f8446dda51f9a9b05181c;11acf00f7aba60feb6c6626ceff0cc51;28eaf92d73381366c785c97a675762a4;2efc345029c31b8c52f224ced1029ff8;3d3de59a9cdafdb58eb5ffde8dab8d70;3f1932eefb6de2c9b6666565a6b93765;3fa1e5427fd312f27072d99cb14a63d3;3ffc717414973b70eeebb9fb3d273c5d;430d7fb12afa81a367453073a1dd899f;43276423852d930b27c86103e63d8288;5467682efb785fda8ad40d44e33f1f87;5c083ab21fc57c0954468ab46aa7fb16;61d53ad3869b865564520488312443f2;6d2bcf1b97f6731338a530650f776fb4;774c9b631a29f191836b1078a6c3a67c;9144106abaaa37336cad2f4ef72d3fdc;932af254f55ed4607b6a31c4fc69726f;9403cc77efc7d9414204d12e31dadac1;9793c3c2317f38143d21a5187bb35652;9921310eb85fdef96f5ec4b5bea102c5;a733ebe1241b7fbe187b49b7b5853f7c;b3c9178d328c9a8362be6b7a55614287;bdeb7ab6c22749f3a39e5a88ee4a0fa4;cc75ac1620668231d5cc98975937aad3;ce5578cd0044db806cbfc334f9013316;d2bd898f6bf18aab557c0d7d4fca4fc8;d2c964910e2e8295fc329dd57918986f;e69f5703fc72f2b99a2cd8eef05a11e8;e8544928657b8fbb4fa8d67682ae4ee7;f836bf8b2f7a52acc668fcd59ec0122f
4,29,12942b14ee8cde158e33d537cc3582a9,148121423c7bdd1892bf501a2d5a800b;2a484c7522f0a5e3a41654eb2c452fd8;338e30b609bbf80246203caf63a2f0a0;3f3f6a1f515cd9ae79e323a4759f0888;44f20df33112cfc1ae49f18ee2efc913;48896f2b866e9694586b3377025c4927;5497b569f15cb7ea779cc176d1faebe0;5740b936c0d44c94933f19203ad483ba;5a6125bdeb2906ba9267a26e98de56e5;5ffcf2372542336fe4ee3585bd07b6f2;69f0dfb6f42c910861aa0bbb23a12639;6d2cf90cf2df03cf1d9f2eb38362f58d;75be11818843990c70ba0b6ed753f3c0;8a1520420384d8c11733edd40969effc;8efdb7429bd48a9e77862d5af5351267;9098b613c1e7dc1e50790bbdaafd4828;ae7dd6b6b0749f3b9b3001629b9db512;b01f92809dbfa747dc4d1881f400d99b;b1f6f5539ae4fdb9b931788dda704712;b4375e422395f7dfdaa2619d18929446;d6554a3cff6d6ceb5597382238954aa1;e241df65ca9194cb95c86f93ddd85bf7;e29f49849de6ff182d115fe2aa6cac3a;edb53390a53397b29cb85e21501b8efb;f344628cd3bfd6e1cd80456bca9358ab;fa741c964934cb194701d6630356adb0;fd05529859cf5ee53ab967a009dc7c06;fe6984b9e99ee331bb510c61f9e5ccd4,169,test;train;val,True,3,4+3,12942b14ee8cde158e33d537cc3582a9;148121423c7bdd1892bf501a2d5a800b;2a484c7522f0a5e3a41654eb2c452fd8;338e30b609bbf80246203caf63a2f0a0;3f3f6a1f515cd9ae79e323a4759f0888;44f20df33112cfc1ae49f18ee2efc913;48896f2b866e9694586b3377025c4927;5497b569f15cb7ea779cc176d1faebe0;5740b936c0d44c94933f19203ad483ba;5a6125bdeb2906ba9267a26e98de56e5;5ffcf2372542336fe4ee3585bd07b6f2;69f0dfb6f42c910861aa0bbb23a12639;6d2cf90cf2df03cf1d9f2eb38362f58d;75be11818843990c70ba0b6ed753f3c0;8a1520420384d8c11733edd40969effc;8efdb7429bd48a9e77862d5af5351267;9098b613c1e7dc1e50790bbdaafd4828;ae7dd6b6b0749f3b9b3001629b9db512;b01f92809dbfa747dc4d1881f400d99b;b1f6f5539ae4fdb9b931788dda704712;b4375e422395f7dfdaa2619d18929446;d6554a3cff6d6ceb5597382238954aa1;e241df65ca9194cb95c86f93ddd85bf7;e29f49849de6ff182d115fe2aa6cac3a;edb53390a53397b29cb85e21501b8efb;f344628cd3bfd6e1cd80456bca9358ab;fa741c964934cb194701d6630356adb0;fd05529859cf5ee53ab967a009dc7c06;fe6984b9e99ee331bb510c61f9e5ccd4
5,29,6e52a788e36a88c5267d49e219051d05,09471c7d6b4a7b117f7ab3a52d7828c4;129065b74e139bb331d985027c1da317;1496bd10b5eb474af7b764aed67309ba;1ebc8e2c122b49ce263fdd8d7839b029;26346b4e789c4f7c871f5f0e689b41d5;2c657f6c839abdd8fd4a6dc72dabc6ca;2eb5bcf03e017074aeab169637feb019;33f9166b614aff651d1f0cb240dc98af;473af71fb330ea26e33a3c24eaa14b6f;479c67e60b431a189c31e65be43f3741;495141a4b5d6dc8067a636025981f25e;4d729d269ecb5ccfde006fc7ad498280;4e5c75b501c348de7af7620dab9d783e;531a7f47d8e6e7733e86000e5f793168;5563ecd2b196ed9f44541bb2ce32505a;689100903a58c5d137f281c058b85856;7982c501352a5974743b000378f161b8;80a9fb86cc68aade057a0e680f3e5c0a;83388ee25283c6bdc0cd5ed50b5fb50d;848811eccf00a2b215360b0a94e581f5;8596a2f7e68a0e11a5653fb2457db08f;94f8884c0106deb59d2b6abfbc53fc74;b1c8b92e790c28010a3f0678db6638fc;b770d7a72514c3f30684c4e632580b6e;d76180b527e1b7748a99fc37a005d45b;d8f6b2a76413e5b03d0ee89d2792e610;ddd0edc9c6eb676649934adbb8ab0f8b;ff80dfefc41b8863b476c5840f88fec0,233,test;train;val,True,5,5+4,09471c7d6b4a7b117f7ab3a52d7828c4;129065b74e139bb331d985027c1da317;1496bd10b5eb474af7b764aed67309ba;1ebc8e2c122b49ce263fdd8d7839b029;26346b4e789c4f7c871f5f0e689b41d5;2c657f6c839abdd8fd4a6dc72dabc6ca;2eb5bcf03e017074aeab169637feb019;33f9166b614aff651d1f0cb240dc98af;473af71fb330ea26e33a3c24eaa14b6f;479c67e60b431a189c31e65be43f3741;495141a4b5d6dc8067a636025981f25e;4d729d269ecb5ccfde006fc7ad498280;4e5c75b501c348de7af7620dab9d783e;531a7f47d8e6e7733e86000e5f793168;5563ecd2b196ed9f44541bb2ce32505a;689100903a58c5d137f281c058b85856;6e52a788e36a88c5267d49e219051d05;7982c501352a5974743b000378f161b8;80a9fb86cc68aade057a0e680f3e5c0a;83388ee25283c6bdc0cd5ed50b5fb50d;848811eccf00a2b215360b0a94e581f5;8596a2f7e68a0e11a5653fb2457db08f;94f8884c0106deb59d2b6abfbc53fc74;b1c8b92e790c28010a3f0678db6638fc;b770d7a72514c3f30684c4e632580b6e;d76180b527e1b7748a99fc37a005d45b;d8f6b2a76413e5b03d0ee89d2792e610;ddd0edc9c6eb676649934adbb8ab0f8b;ff80dfefc41b8863b476c5840f88fec0
6,29,f52d96b6efd32aa558588dd2e8fe1dfd,0841bb278823ec53920d723881c7afd9;1df32b02eaa3cfad5d8c51a3e289cfc1;27f3dbbf2b9a5e59f508dc6b0c23d5cb;2c0e4995c6e82389dc1964ab5ac6a407;3c3b1cae5538b0e4dcdfd6bdb492fd9a;49764620319a820dfd2e6738861b1aa0;5a94f8031f8dfc6f222e1f4c2df0fade;691a9e62ce9f6633c08462c398f7e140;738e10c912a9f554aa16122f48181c50;81adb00db7e7b3034900a1f95a4dc257;81cdd8883ff6f9a18e75f2085db633be;87a1d44e21700bd0eb3db27371eb3999;92ed1808381455735456c3cbfb547ea6;9e0fa510b3e5a89ab765dfa48957a4cc;a28b628b33608b2cdadff12fc6aa2537;ae1c6bd846449adbde74b0cba5cb7a19;b2de71e7e1619aa395f55e9859849f2f;b673c0657c283f76f9020350bba98614;cbe58732cb94078090d6a35b712e19d8;cf19c18868fc35dfd2628358ca4b73f1;d72dce85f1954fe33809659f9cd14217;dd97a5aebd7c8ed6fb24da05ad92da74;e3a86173361dbf0574a3781d540b5259;e47409feff05e7815c2908a2af47746b;e75ffb74501b1bdd328b0640fe71665b;f61ec97dd1808dd49436c25aac6e0c4c;fe025faa4c6e6de2a71f964b56de7c9c;feee2e895355a921f2b75b54debad328,189,test;train;val,True,1,3+3,0841bb278823ec53920d723881c7afd9;1df32b02eaa3cfad5d8c51a3e289cfc1;27f3dbbf2b9a5e59f508dc6b0c23d5cb;2c0e4995c6e82389dc1964ab5ac6a407;3c3b1cae5538b0e4dcdfd6bdb492fd9a;49764620319a820dfd2e6738861b1aa0;5a94f8031f8dfc6f222e1f4c2df0fade;691a9e62ce9f6633c08462c398f7e140;738e10c912a9f554aa16122f48181c50;81adb00db7e7b3034900a1f95a4dc257;81cdd8883ff6f9a18e75f2085db633be;87a1d44e21700bd0eb3db27371eb3999;92ed1808381455735456c3cbfb547ea6;9e0fa510b3e5a89ab765dfa48957a4cc;a28b628b33608b2cdadff12fc6aa2537;ae1c6bd846449adbde74b0cba5cb7a19;b2de71e7e1619aa395f55e9859849f2f;b673c0657c283f76f9020350bba98614;cbe58732cb94078090d6a35b712e19d8;cf19c18868fc35dfd2628358ca4b73f1;d72dce85f1954fe33809659f9cd14217;dd97a5aebd7c8ed6fb24da05ad92da74;e3a86173361dbf0574a3781d540b5259;e47409feff05e7815c2908a2af47746b;e75ffb74501b1bdd328b0640fe71665b;f52d96b6efd32aa558588dd2e8fe1dfd;f61ec97dd1808dd49436c25aac6e0c4c;fe025faa4c6e6de2a71f964b56de7c9c;feee2e895355a921f2b75b54debad328
7,23,ff228af5af1389e09e293692ea479d98,20a39638af25bbc0fd5ee384b9af48a0;214c897059e8c37741b74163b21ef4c9;2fb49b4bb80d5c1f3b5b2fc44fa8a763;30b055a2178ca6019b4d891dfe253e6f;389853c7149f7007e467b20351b1f552;4639b28cdc127ee5809e2223d50035ed;51b9b885a29947706f22bc545238cb84;5911dece5388c4291ffe22e700bed829;612aa3391b33578ba22ef3d3f3ef9d90;7baf8e46e8720b8b2d379d2ed3b776b2;7d1d9ad923a9f67ffbb27c9d3c62ab06;7f15c706a91ae8c7ccbfaae1897aa024;86d4621be3deca4f8d461e3abce7d585;8b0f143a34251629cd7c0d34743d3e63;98052e108edf90a5e0d327745ca0a2a0;9b1f3966737b74ae375dd220e56806d1;a295321349862720b6541d443b46ee33;aae4be2e608ea6085e8f8b0f6f363d85;ab0c6950b69d38008bea90173b44aefa;ab953747c19632d5ff3078b84449596e;c6d87f56f56c456d38f3b6967eb21eab;f462949a2cc511afbc4e842a44cbe83e,202,test;train;val,True,4,4+4,20a39638af25bbc0fd5ee384b9af48a0;214c897059e8c37741b74163b21ef4c9;2fb49b4bb80d5c1f3b5b2fc44fa8a763;30b055a2178ca6019b4d891dfe253e6f;389853c7149f7007e467b20351b1f552;4639b28cdc127ee5809e2223d50035ed;51b9b885a29947706f22bc545238cb84;5911dece5388c4291ffe22e700bed829;612aa3391b33578ba22ef3d3f3ef9d90;7baf8e46e8720b8b2d379d2ed3b776b2;7d1d9ad923a9f67ffbb27c9d3c62ab06;7f15c706a91ae8c7ccbfaae1897aa024;86d4621be3deca4f8d461e3abce7d585;8b0f143a34251629cd7c0d34743d3e63;98052e108edf90a5e0d327745ca0a2a0;9b1f3966737b74ae375dd220e56806d1;a295321349862720b6541d443b46ee33;aae4be2e608ea6085e8f8b0f6f363d85;ab0c6950b69d38008bea90173b44aefa;ab953747c19632d5ff3078b84449596e;c6d87f56f56c456d38f3b6967eb21eab;f462949a2cc511afbc4e842a44cbe83e;ff228af5af1389e09e293692ea479d98
8,22,93c3721f35d6693ac28d99f530b78233,0325d6b779870b7bd216f3a81f6ab3d7;09271f0045c19ac6179771054455b2ce;21d90fcd566bcc6dc30b056ba7675a32;30dfff7ddc76129a2a53329c4e52511a;4d4b6d9c4e2ff4aef7674ac4ae960893;66fab9d13c7a0f1e81b77887bb8a535a;6e320ef7485ec6c55962007956985821;700e60e9a130333e62698a1c4ef46fa0;a45b686526ef8327fbd9e8b770984567;a87bddaf67f7f888914f5f9590560c47;b4bd3a393ca7c948b7e4d9b42c697fd3;b643e2b264348f36e8dfff03d78d193f;b7540ad7f233e9c19a6cb083945072fd;c6441fa162ce23651c241f1014f96681;d691b50f9a08b2e6b9731add26f4e8a2;e561cdb33e597cb88ab37af8d677eeac;e7ae2d3b70141b5cd11808dcd1f84148;eef409493827bfb3b3d0e74e156923d4;f58d3c50b2dce653f173900c37651dd7;fc547d2e786c1d19163f39dc576c0231;fe592036b5e1fe67c781f61e6afc2e61,166,train,False,0,negative,0325d6b779870b7bd216f3a81f6ab3d7;09271f0045c19ac6179771054455b2ce;21d90fcd566bcc6dc30b056ba7675a32;30dfff7ddc76129a2a53329c4e52511a;4d4b6d9c4e2ff4aef7674ac4ae960893;66fab9d13c7a0f1e81b77887bb8a535a;6e320ef7485ec6c55962007956985821;700e60e9a130333e62698a1c4ef46fa0;93c3721f35d6693ac28d99f530b78233;a45b686526ef8327fbd9e8b770984567;a87bddaf67f7f888914f5f9590560c47;b4bd3a393ca7c948b7e4d9b42c697fd3;b643e2b264348f36e8dfff03d78d193f;b7540ad7f233e9c19a6cb083945072fd;c6441fa162ce23651c241f1014f96681;d691b50f9a08b2e6b9731add26f4e8a2;e561cdb33e597cb88ab37af8d677eeac;e7ae2d3b70141b5cd11808dcd1f84148;eef409493827bfb3b3d0e74e156923d4;f58d3c50b2dce653f173900c37651dd7;fc547d2e786c1d19163f39dc576c0231;fe592036b5e1fe67c781f61e6afc2e61
9,21,4318a5e5772810d926a7c82899c772d2,1329fffac9982cca468efe133cfacf50;14b6e5e738edba8fb2a18cb95dc9af6a;36b55596d75cb210bce9db1166353568;3acfefa2f174d9f3f555cae12f5394ee;436b91d1faa3d2c896f31e1b91b868a3;47791bc4ed9a7eb5329f4af7c4bbb84d;4d9f14a6dab9f3df7a12bf708cb4aedc;5cfcd6a8451b2ed8355ac4800c80f7c7;623155cecfa8cc671054be004d6cb2cf;64f90b30989176a0f3534d184d69e964;78bd2af7d449cc2185aaf861f61531aa;798bad8db4b90b6a0c012465a8fbc344;7cbab4cb4f2b654dab01864409304a36;867e8aabc9463fb736371750b3082132;a28d07249631a811d3c801881c7fee47;adef73f1a19ad047a97ba507c3312798;b0b0bb292409f1613351c5a4c2f6a25a;d84c7a217e2277033342f89adf0ce7b6;f964b9543ed1fcd3fcda049d744a50bd;ffcbb41626c9267c5c20c4804bd5639a,205,test;train;val,True,4,3+5,1329fffac9982cca468efe133cfacf50;14b6e5e738edba8fb2a18cb95dc9af6a;36b55596d75cb210bce9db1166353568;3acfefa2f174d9f3f555cae12f5394ee;4318a5e5772810d926a7c82899c772d2;436b91d1faa3d2c896f31e1b91b868a3;47791bc4ed9a7eb5329f4af7c4bbb84d;4d9f14a6dab9f3df7a12bf708cb4aedc;5cfcd6a8451b2ed8355ac4800c80f7c7;623155cecfa8cc671054be004d6cb2cf;64f90b30989176a0f3534d184d69e964;78bd2af7d449cc2185aaf861f61531aa;798bad8db4b90b6a0c012465a8fbc344;7cbab4cb4f2b654dab01864409304a36;867e8aabc9463fb736371750b3082132;a28d07249631a811d3c801881c7fee47;adef73f1a19ad047a97ba507c3312798;b0b0bb292409f1613351c5a4c2f6a25a;d84c7a217e2277033342f89adf0ce7b6;f964b9543ed1fcd3fcda049d744a50bd;ffcbb41626c9267c5c20c4804bd5639a
10,21,51c3d460a2f37b0c8948478f702bddb4,0feceea983889baf5672d8caa4e22781;13a2f4b3f904a0893997c4fc8f2ec7d5;320a5a8ed48d1d03103a79659913c987;3516c82481d652069ea4d5ab5e082041;382ddc25ec205c031a76956d6060bd2b;45b99a45cfdae3158c6de1062c90055d;46139ecde6bc5abd09e0dc4116c85fb3;4a617782fe5e92440236591606d83bef;4c7ab20052bb5e2a11e998f4b8936898;7ec551736c90480bb8a6fafa54f3bf97;858f5e5afdc19cfe16e0f8be97a28cd5;89312c1f707db54b1efe684669e62fe9;9359e8987975c5e0d24dcb18e41270dd;9702e77a42c305656f1c099eafe7d7f9;ad1592d1b4b1f734e59a92f5ebef305b;b03acf15d51eac8437639fc77ea84b9f;c8facc7f23303f74bb3ae3101a878bdf;ce6affc23b0d11aebf574b6d14e26b79;dd9df5c972f38a062d8861f5b4513959;ee690e4e9eb2bc1b23acaa64ecfedb3e,211,test;train;val,True,4,4+4,0feceea983889baf5672d8caa4e22781;13a2f4b3f904a0893997c4fc8f2ec7d5;320a5a8ed48d1d03103a79659913c987;3516c82481d652069ea4d5ab5e082041;382ddc25ec205c031a76956d6060bd2b;45b99a45cfdae3158c6de1062c90055d;46139ecde6bc5abd09e0dc4116c85fb3;4a617782fe5e92440236591606d83bef;4c7ab20052bb5e2a11e998f4b8936898;51c3d460a2f37b0c8948478f702bddb4;7ec551736c90480bb8a6fafa54f3bf97;858f5e5afdc19cfe16e0f8be97a28cd5;89312c1f707db54b1efe684669e62fe9;9359e8987975c5e0d24dcb18e41270dd;9702e77a42c305656f1c099eafe7d7f9;ad1592d1b4b1f734e59a92f5ebef305b;b03acf15d51eac8437639fc77ea84b9f;c8facc7f23303f74bb3ae3101a878bdf;ce6affc23b0d11aebf574b6d14e26b79;dd9df5c972f38a062d8861f5b4513959;ee690e4e9eb2bc1b23acaa64ecfedb3e
11,21,c2ded53ea0656e34e71bc8993b90650d,1443a8d2509ecfda39e42fe18ce2d864;1afb7eb814308f8491a88398a6068422;1c6e04c29601f73eed22bd7b6381b8e1;1febe89c017446eadebd0fce9a68b537;2e9e4edca77424744faf152caf4408bc;30714dc10ad30cb8cda2ed487ebd4934;35b5971800492e04d2ecd6b3439b0017;4aae2215d4d4ca911f61b2f159c188d5;616abef9b646a96fb3f9fa9171d98e28;644009d197e73a26659353807e116e84;773d5f35cb242573885d18d302a9157c;7790f122a65e43cbf84165a610eefcfd;7d86f8993e77d4f99ed19b2965d5067d;85498a9955849a6c8292b35b66628cae;8cee5821fbe1d9167183271a8c6ae83a;b339154c789a5103d16f3cde70f20fb9;b4806746e850d3bdeee7b7491c93dc44;dbf09c7c30806ef30dca99273d05075b;e528d21e5e6c87a9a1579214f6ec345d;f815e7ebafbbfa2578e3abadc8a5d15b,226,test;train;val,True,2,3+4,1443a8d2509ecfda39e42fe18ce2d864;1afb7eb814308f8491a88398a6068422;1c6e04c29601f73eed22bd7b6381b8e1;1febe89c017446eadebd0fce9a68b537;2e9e4edca77424744faf152caf4408bc;30714dc10ad30cb8cda2ed487ebd4934;35b5971800492e04d2ecd6b3439b0017;4aae2215d4d4ca911f61b2f159c188d5;616abef9b646a96fb3f9fa9171d98e28;644009d197e73a26659353807e116e84;773d5f35cb242573885d18d302a9157c;7790f122a65e43cbf84165a610eefcfd;7d86f8993e77d4f99ed19b2965d5067d;85498a9955849a6c8292b35b66628cae;8cee5821fbe1d9167183271a8c6ae83a;b339154c789a5103d16f3cde70f20fb9;b4806746e850d3bdeee7b7491c93dc44;c2ded53ea0656e34e71bc8993b90650d;dbf09c7c30806ef30dca99273d05075b;e528d21e5e6c87a9a1579214f6ec345d;f815e7ebafbbfa2578e3abadc8a5d15b
12,20,9b19a8b453e20a9b9e27385cb4f65056,0cbfd6b7a0e0e936db19b032096621ad;3153fb3c7de0d4451a51d7899b9107dc;44bd92639cb37e2cc41d253bc4671241;548590e1e989bb302539aa8ef1e9809c;61b70ccd7da821f89bae917b204242a5;68a362123aff27d79dbc5284a948030c;7a059d43b8f1c7c231a2257df8a1a9cb;7a7df1b2eabf6a5b55cba56cd312fcc5;7b7884a293fae272689b6d18e245dbe7;8b126306391fa2af0f8bea265f2c9666;95a85a81c83b5998c80585869737df0b;96ebc7a4719a1f87e0d0c6623e32e48a;a308ca65706ab18e463dbfa9b0c12e3a;ad7215256adde5b4a70de73d561adbb8;b4265cba12f772b5bb29989f775f8906;bca42350673fb369f1fdbb6918bff701;cac4a6e019153f88b52ae2fba6b20cef;d85e14b5f57f220ccd80ca6f02f6b56b;ff28b460869954e8ba28ff6b9919e46a,159,train;val,True,4,4+4,0cbfd6b7a0e0e936db19b032096621ad;3153fb3c7de0d4451a51d7899b9107dc;44bd92639cb37e2cc41d253bc4671241;548590e1e989bb302539aa8ef1e9809c;61b70ccd7da821f89bae917b204242a5;68a362123aff27d79dbc5284a948030c;7a059d43b8f1c7c231a2257df8a1a9cb;7a7df1b2eabf6a5b55cba56cd312fcc5;7b7884a293fae272689b6d18e245dbe7;8b126306391fa2af0f8bea265f2c9666;95a85a81c83b5998c80585869737df0b;96ebc7a4719a1f87e0d0c6623e32e48a;9b19a8b453e20a9b9e27385cb4f65056;a308ca65706ab18e463dbfa9b0c12e3a;ad7215256adde5b4a70de73d561adbb8;b4265cba12f772b5bb29989f775f8906;bca42350673fb369f1fdbb6918bff701;cac4a6e019153f88b52ae2fba6b20cef;d85e14b5f57f220ccd80ca6f02f6b56b;ff28b460869954e8ba28ff6b9919e46a
13,20,c7793b26c758ddf3e9d6561c31d394d4,0b4fba162fc179a4cf63cc986f72ac4c;134d69e06d397dc06ed6794b737c63fd;35d511cc9aa867856fadbe6ebf464d78;3916b0e11e209f1afa4cbcadb3f1b9dc;47f34de873955e8e03e954e3882d747f;605dda4fe6ac848340fecec8714fe760;7d3af9f4ccc93603028c8bcacf2d4dff;7e6194d098fcf07efafbe3803cb4c321;83300a2310d4bcca4194a54e5c276af0;84405e9c0ebeae71e44866948dbb6e92;a53b780941263a252bea531c73f2294d;a8e5f38315214944e502edfdc986ea2f;aa176f6d6e5674ccf6e19ef3aeb3e243;bb8c26c5d0ec96b601d3ac2bd4fb2283;be56b8fd2f70cb10e72deae6baedcd51;c6aaacd8596e722608ac744e7355c0b3;d1766314b6c9a6f528f4cb6643798d41;ed5eca047605a7a754ebc7889f76df63;f4ee61458d542b826014e72cb224a0b6,198,test;train;val,True,5,4+5,0b4fba162fc179a4cf63cc986f72ac4c;134d69e06d397dc06ed6794b737c63fd;35d511cc9aa867856fadbe6ebf464d78;3916b0e11e209f1afa4cbcadb3f1b9dc;47f34de873955e8e03e954e3882d747f;605dda4fe6ac848340fecec8714fe760;7d3af9f4ccc93603028c8bcacf2d4dff;7e6194d098fcf07efafbe3803cb4c321;83300a2310d4bcca4194a54e5c276af0;84405e9c0ebeae71e44866948dbb6e92;a53b780941263a252bea531c73f2294d;a8e5f38315214944e502edfdc986ea2f;aa176f6d6e5674ccf6e19ef3aeb3e243;bb8c26c5d0ec96b601d3ac2bd4fb2283;be56b8fd2f70cb10e72deae6baedcd51;c6aaacd8596e722608ac744e7355c0b3;c7793b26c758ddf3e9d6561c31d394d4;d1766314b6c9a6f528f4cb6643798d41;ed5eca047605a7a754ebc7889f76df63;f4ee61458d542b826014e72cb224a0b6
14,19,bbcd685ce62f785a441a2c8246fa93a6,1131645a3637519663bd25b10778f048;11987580ef3e38921af9931918c88a26;1bd161a24fc63eed0e1bc3742e0dc7fd;2230a7655194054d5b1d2b52998d1585;3858dedc8e091fc0315c50e7f8d74a56;824dfb4e8eb256cde52493d8667bfe10;8ca4eea53dab8fb41f2ba01deb4e84db;8d46a2e2abae5735ae3334c0b0fe8c34;908f1b399873681da17cd24b94c85714;a04e7045f6c84f25498e256ebff77ac2;af6fbe10ab6b3bb50812e4c44b54438f;b0d5c1e2c6bc18f2736f06feecccafb4;b31d1678d2148a94702ffa5bd6ac3aba;b61a1c350af793cba5f2e936ed314627;c0e652d920384bc328d1e1283178b566;c7895d9d29c159cc4d57f07cf7d755b2;d10444705e9e97c52affab94ba03f7be;f90b38ef792d1763de8a25d33fdff1cc,124,test;train;val,True,1,3+3,1131645a3637519663bd25b10778f048;11987580ef3e38921af9931918c88a26;1bd161a24fc63eed0e1bc3742e0dc7fd;2230a7655194054d5b1d2b52998d1585;3858dedc8e091fc0315c50e7f8d74a56;824dfb4e8eb256cde52493d8667bfe10;8ca4eea53dab8fb41f2ba01deb4e84db;8d46a2e2abae5735ae3334c0b0fe8c34;908f1b399873681da17cd24b94c85714;a04e7045f6c84f25498e256ebff77ac2;af6fbe10ab6b3bb50812e4c44b54438f;b0d5c1e2c6bc18f2736f06feecccafb4;b31d1678d2148a94702ffa5bd6ac3aba;b61a1c350af793cba5f2e936ed314627;bbcd685ce62f785a441a2c8246fa93a6;c0e652d920384bc328d1e1283178b566;c7895d9d29c159cc4d57f07cf7d755b2;d10444705e9e97c52affab94ba03f7be;f90b38ef792d1763de8a25d33fdff1cc
15,19,b13961504ea859ff34a150bc19fed335,15be10044a3e4b704d0822432416fde4;25a27922edaf3f338e8693ededcbe1c2;478261713d5379009e2f1be1ad3deb63;500b90c3e7eba2e3b25818a8c1834d45;6b53efd54fcafb28657d482fc492fd61;6d567f83ca7130da285fcb26d3537762;757b927de93c8083c392f2248529d29a;82c289e2fb53713789599f77cf368bc6;85476f0cdde5f4f30e47541d5ba44586;a3794ec31a02fbf429486dd464f83d25;b95035c00e6e99f3b4e3cd210700f6ce;bfc5aa2abac6018b587819bf87cb1f9a;d2e8ff5257ef522c1d7bef30c96d06df;d49075075de98ba225b3306bc8cfca44;da84230d35b22a900b153d5cb969a7a7;eb9d4025d77205c0dda3d5f7431ce1b8;f0aa8148ce45747389ea072aaaae57ae;fd34d5fda33d3e8281837a2a4511f7fd,109,test;train;val,True,4,4+4,15be10044a3e4b704d0822432416fde4;25a27922edaf3f338e8693ededcbe1c2;478261713d5379009e2f1be1ad3deb63;500b90c3e7eba2e3b25818a8c1834d45;6b53efd54fcafb28657d482fc492fd61;6d567f83ca7130da285fcb26d3537762;757b927de93c8083c392f2248529d29a;82c289e2fb53713789599f77cf368bc6;85476f0cdde5f4f30e47541d5ba44586;a3794ec31a02fbf429486dd464f83d25;b13961504ea859ff34a150bc19fed335;b95035c00e6e99f3b4e3cd210700f6ce;bfc5aa2abac6018b587819bf87cb1f9a;d2e8ff5257ef522c1d7bef30c96d06df;d49075075de98ba225b3306bc8cfca44;da84230d35b22a900b153d5cb969a7a7;eb9d4025d77205c0dda3d5f7431ce1b8;f0aa8148ce45747389ea072aaaae57ae;fd34d5fda33d3e8281837a2a4511f7fd
16,18,3b89fac978a021d49806d2f75cc9f4c2,082fd0a9f827b00494feb039b53b5500;130019276ea41cbc9c01147481b1d6db;1d735506b1d8339520792d6e8ccb2194;1e3397833ac1ae92d092f0662f9cb259;287954ebec5531c31c41010a31ca23b8;30dbd061bed3964c478e64269bb5870e;3752b697cae9f81a9d5ffe44dac58e7a;38da5a625694c55fccb0c6daeb2fdd58;506eec1a2c0a806ef10ff76a9934cfe0;620261483418740878617c4e04015457;6c31153c5dffb6276f8adee046a09166;71284c0b091060bd4d353a9e94c8a491;77de0e765d8729e7386589f21961279f;8a21fc0aed2fd06a8b3fe4824c53413e;8d4d03f080d431387a79cfbca4065dbd;db50ae671fd181d31c89728e6a71e582;e46cd9a60e519442571060be59a55149,224,test;train;val,True,5,4+5,082fd0a9f827b00494feb039b53b5500;130019276ea41cbc9c01147481b1d6db;1d735506b1d8339520792d6e8ccb2194;1e3397833ac1ae92d092f0662f9cb259;287954ebec5531c31c41010a31ca23b8;30dbd061bed3964c478e64269bb5870e;3752b697cae9f81a9d5ffe44dac58e7a;38da5a625694c55fccb0c6daeb2fdd58;3b89fac978a021d49806d2f75cc9f4c2;506eec1a2c0a806ef10ff76a9934cfe0;620261483418740878617c4e04015457;6c31153c5dffb6276f8adee046a09166;71284c0b091060bd4d353a9e94c8a491;77de0e765d8729e7386589f21961279f;8a21fc0aed2fd06a8b3fe4824c53413e;8d4d03f080d431387a79cfbca4065dbd;db50ae671fd181d31c89728e6a71e582;e46cd9a60e519442571060be59a55149
17,17,6ac9e66e78a3eb76259395c7b3ed8dac,0277b937ddc8679ae69b3c54bfd714f1;040847f885854a69d231c46196288d46;0e5ede875ccdf25c8f1cb9b26fb64dc7;1665277114b8f7349da97f801a0e8061;1d3d8045a44963e4367b437fdf361dc5;1f43e244b01c44b24a7086ed2dee7bff;25e85593a9a51bbe10d9a2821cb096d9;78138d4fc0b8fceb04138cd44d4a4fdd;87a463cb0b4da2f78e25cd0986475367;8c5c7ff38873658e6047f7bd39ba0a98;9c181659ec10a2d3c0d61ce45ef6d16b;9ffb9e9e7be39a7af216779a06a6302b;ae607241f09b3b41864703c488ccd111;c44a5ab52208c849f13befab056c7559;cdffccb112b4bc1ccd2dcc1cc3e948cd;da02528d2ac0b705067ad134179791d2,177,test;train;val,True,5,5+4,0277b937ddc8679ae69b3c54bfd714f1;040847f885854a69d231c46196288d46;0e5ede875ccdf25c8f1cb9b26fb64dc7;1665277114b8f7349da97f801a0e8061;1d3d8045a44963e4367b437fdf361dc5;1f43e244b01c44b24a7086ed2dee7bff;25e85593a9a51bbe10d9a2821cb096d9;6ac9e66e78a3eb76259395c7b3ed8dac;78138d4fc0b8fceb04138cd44d4a4fdd;87a463cb0b4da2f78e25cd0986475367;8c5c7ff38873658e6047f7bd39ba0a98;9c181659ec10a2d3c0d61ce45ef6d16b;9ffb9e9e7be39a7af216779a06a6302b;ae607241f09b3b41864703c488ccd111;c44a5ab52208c849f13befab056c7559;cdffccb112b4bc1ccd2dcc1cc3e948cd;da02528d2ac0b705067ad134179791d2
18,17,a1edceba3500660a6c75be946b20242b,11a715facad7b619e3213ce126be1c77;1c9bf14436cc28f6281f44f73d6fddc8;1e73a4d3e89de944a6c309defde99839;48440a60d18ab8e5a6f09de20a50bb27;4848dd56a8f4a49a77f8535469b9de1e;4889d1102cccd3a96257d9966309d793;6caa7b567d4e6f6911014f796e288999;6e492df128e671c548bf49fd855c42ce;784c60e4447c017aaa12f2013352b92b;96e3a3cfac2bdbcf4b6dd1745f818131;a5fafb0a3acf7f9e59d4a2549935798a;a82ab9e22ff10be0575503d3262a1a61;bbbe47a9dda0f30ae9d6457531b84ffa;c9600084eb770e9fd5eecff32421e4d3;dae6944419535df993a53a9c3b0f8245;f4fb736869313562fdc74a65b7b9eb2a,153,test;train;val,True,4,4+4,11a715facad7b619e3213ce126be1c77;1c9bf14436cc28f6281f44f73d6fddc8;1e73a4d3e89de944a6c309defde99839;48440a60d18ab8e5a6f09de20a50bb27;4848dd56a8f4a49a77f8535469b9de1e;4889d1102cccd3a96257d9966309d793;6caa7b567d4e6f6911014f796e288999;6e492df128e671c548bf49fd855c42ce;784c60e4447c017aaa12f2013352b92b;96e3a3cfac2bdbcf4b6dd1745f818131;a1edceba3500660a6c75be946b20242b;a5fafb0a3acf7f9e59d4a2549935798a;a82ab9e22ff10be0575503d3262a1a61;bbbe47a9dda0f30ae9d6457531b84ffa;c9600084eb770e9fd5eecff32421e4d3;dae6944419535df993a53a9c3b0f8245;f4fb736869313562fdc74a65b7b9eb2a
19,17,a59374f392ff144bfbe15d5b03c23588,01d20d68bce47bec01d816b893630f18;27b29f95c9715edd273ed25920611a63;2e1107832601b1d8e00fef91a5a41f69;2fd30e8bcadfd927b8280fb9d7fdb610;3ae9efed0835dad28f0c0763533290f1;45b107368018ae2d6174aa5c1c6aa29c;58c59865a2b61e6dcd15fdd75c03f8ce;71a3a451b367b93c6128e26c1516379d;7c7ba4a041b9bedb14fd83e7da0ac6e2;af4e9bbfb08853b7b2813331fbe5b877;b8f511d4afc6bed859861487f76a14d0;bc8042b8de3ce084219ac65217fc9e0a;bfcc9e5ac8e39cf903c5a70ca5f8e2e7;cdf40333dfe2afec1a4c54d9eeb1ec7a;f1079a2a43462e7cbaa60faec097b2f6;f55f2ee739e6885b33a64d5171b7706c,154,test;train;val,True,1,3+3,01d20d68bce47bec01d816b893630f18;27b29f95c9715edd273ed25920611a63;2e1107832601b1d8e00fef91a5a41f69;2fd30e8bcadfd927b8280fb9d7fdb610;3ae9efed0835dad28f0c0763533290f1;45b107368018ae2d6174aa5c1c6aa29c;58c59865a2b61e6dcd15fdd75c03f8ce;71a3a451b367b93c6128e26c1516379d;7c7ba4a041b9bedb14fd83e7da0ac6e2;a59374f392ff144bfbe15d5b03c23588;af4e9bbfb08853b7b2813331fbe5b877;b8f511d4afc6bed859861487f76a14d0;bc8042b8de3ce084219ac65217fc9e0a;bfcc9e5ac8e39cf903c5a70ca5f8e2e7;cdf40333dfe2afec1a4c54d9eeb1ec7a;f1079a2a43462e7cbaa60faec097b2f6;f55f2ee739e6885b33a64d5171b7706c
20,16,85625c85e373a173e14ef00da2e5218d,06334c520d4bd54eb501a49f42158a80;1c239449d7f8707211a0e6821848a1c1;1dd5326b67781543971d89e31d32ab9b;35c7912e941c9bf21594deeda6c891e2;3e3d938e4279c4339473f26a7eb5020e;446664c5c1545096585825aad5bc9310;626469f984e371b3f674799c022a64ab;6a10c173386248ef4f11ce0cedc0622e;716055036e3c107c1531535fbf8f5cf1;7d80be46df79c4afb186fc953f934399;a5fc7a2b37df563ea4ecad2d5c5b4778;a81c58ea428c6c69d39e3555c2ace373;b0a13d9ac8f8200e12ae492f8155ef4e;cf1c7e7e632db44c5ca6de473da247e6;d874fa822ef1370253f2e72f8d9b483f,169,test;train,True,3,4+3,06334c520d4bd54eb501a49f42158a80;1c239449d7f8707211a0e6821848a1c1;1dd5326b67781543971d89e31d32ab9b;35c7912e941c9bf21594deeda6c891e2;3e3d938e4279c4339473f26a7eb5020e;446664c5c1545096585825aad5bc9310;626469f984e371b3f674799c022a64ab;6a10c173386248ef4f11ce0cedc0622e;716055036e3c107c1531535fbf8f5cf1;7d80be46df79c4afb186fc953f934399;85625c85e373a173e14ef00da2e5218d;a5fc7a2b37df563ea4ecad2d5c5b4778;a81c58ea428c6c69d39e3555c2ace373;b0a13d9ac8f8200e12ae492f8155ef4e;cf1c7e7e632db44c5ca6de473da247e6;d874fa822ef1370253f2e72f8d9b483f
21,15,9244b109ff28b15a04941fbc00a5caeb,0550b23f29085f41b10d165a46ad4371;145ae6f948b36cb450a7eeb9cbac4cfa;37355e29029bdc13096902e0d82a9b88;3a2543c397bd17d87f9f73ac1a1a6646;52e38cf820ba3f92ca415cb2a2672ea0;74a3e5ce5ddfb279a32bbcd378b5474b;aed7330d040f019f279d673133cbfe53;c2230eb928a225c9cbb7d247cbde2b4a;c6064ec61ea9949ec065ed31f2565978;cfc8739fcc8e3d89f162ef4718c4e4c5;d1ec2a1c9426ba4bcd9a5bb5fd047ee9;d76f1860a05496c0eb2d8c6479f9bee6;d7e2b72270a8d5d8a5f06ec87cff735b;def79acd1fba29e18079fd3925b7ae92,187,test;train;val,True,5,4+5,0550b23f29085f41b10d165a46ad4371;145ae6f948b36cb450a7eeb9cbac4cfa;37355e29029bdc13096902e0d82a9b88;3a2543c397bd17d87f9f73ac1a1a6646;52e38cf820ba3f92ca415cb2a2672ea0;74a3e5ce5ddfb279a32bbcd378b5474b;9244b109ff28b15a04941fbc00a5caeb;aed7330d040f019f279d673133cbfe53;c2230eb928a225c9cbb7d247cbde2b4a;c6064ec61ea9949ec065ed31f2565978;cfc8739fcc8e3d89f162ef4718c4e4c5;d1ec2a1c9426ba4bcd9a5bb5fd047ee9;d76f1860a05496c0eb2d8c6479f9bee6;d7e2b72270a8d5d8a5f06ec87cff735b;def79acd1fba29e18079fd3925b7ae92
22,14,8ed8da75b8a46d9e025378993e4dc41e,0eb4c1db923d5395c5eb15e8850804ed;2009aa01bb165a3c8a6b3d5a633ca9ce;4989c79e165ce9eaae95f44820c11b6a;4e8d7f8d403847cc6c2f08d80f4ba223;68d72c5e4c104168c1a12ef520fbed6c;8f8d20fc6e9b6aa3b145e359e104eac4;92c47e36f3e35b80eb8798558ad37e10;b53db1580f4195765d45ddd7c4907e2a;cf811d5af1bb735310b1a7775cd2ee9f;eb15bfa8f37ebcbd3bf26ea07060f491;ec3ec6bac5536595a5837020eb0fa482;fbee536cc1352614dda57bcf0786f387;fda6868aea710b2e286d1b575638050f,224,test;train;val,True,3,4+3,0eb4c1db923d5395c5eb15e8850804ed;2009aa01bb165a3c8a6b3d5a633ca9ce;4989c79e165ce9eaae95f44820c11b6a;4e8d7f8d403847cc6c2f08d80f4ba223;68d72c5e4c104168c1a12ef520fbed6c;8ed8da75b8a46d9e025378993e4dc41e;8f8d20fc6e9b6aa3b145e359e104eac4;92c47e36f3e35b80eb8798558ad37e10;b53db1580f4195765d45ddd7c4907e2a;cf811d5af1bb735310b1a7775cd2ee9f;eb15bfa8f37ebcbd3bf26ea07060f491;ec3ec6bac5536595a5837020eb0fa482;fbee536cc1352614dda57bcf0786f387;fda6868aea710b2e286d1b575638050f
23,14,9d37a84912687a7594646ce21657db2c,264e5e8732450598190acec51da65cdc;5a147e41134b03ab6a358b3db92d30ef;753743ff6e00c61a67516723909f71d7;9b9b11aa65e492ece39e3fde93a89d82;b440e34f6b1bc9abd0844a7ed19a6b45;bacad594d4d9ad882eda3a6738326d52;bcc84573e785de42d7af076ae2b30479;bd465b5e566f6336037c548644e11e16;c245396d5fb0a528ae2983ca28fca472;c3dab3559def60da07e5e8417427f28a;c59ab7f1ea4c892a0845646933cc3b60;d74ad1248c21f6a8ab77a7462e1dec31;e948b70d1e102a039a6b93a4be16b323,110,train;val,True,0,negative,264e5e8732450598190acec51da65cdc;5a147e41134b03ab6a358b3db92d30ef;753743ff6e00c61a67516723909f71d7;9b9b11aa65e492ece39e3fde93a89d82;9d37a84912687a7594646ce21657db2c;b440e34f6b1bc9abd0844a7ed19a6b45;bacad594d4d9ad882eda3a6738326d52;bcc84573e785de42d7af076ae2b30479;bd465b5e566f6336037c548644e11e16;c245396d5fb0a528ae2983ca28fca472;c3dab3559def60da07e5e8417427f28a;c59ab7f1ea4c892a0845646933cc3b60;d74ad1248c21f6a8ab77a7462e1dec31;e948b70d1e102a039a6b93a4be16b323
24,14,d06caef003246b913feba14f74dc9e1a,09a20094c83eaa9c6a8c4f7c92b4bac4;297276e5cd02ffae7626e025bedfd9fa;2ca08ec99224f03e8db1f92682ce82d0;60bf955e8135c580681a253469151ed6;610489a9612f4f28cd140e8326c909fa;6b44920a6758d2dc91635ccb975b3bb7;6deb79f9bae408e2b5bec3b5bb5414dd;73ef865e4905cc6276f0123c87af0882;76a17a9705fd4ab2ccdcdd83fb7245ce;80175c7d26a0677a08f54c5b66af1555;8364aaf55439cd2b1207b7bfa35d79a2;dae39ae3951b77dc5f245fae8b5a0f92;dfa98f57a4842a0f6d78d0c9e59380fa,224,test;train,True,5,5+5,09a20094c83eaa9c6a8c4f7c92b4bac4;297276e5cd02ffae7626e025bedfd9fa;2ca08ec99224f03e8db1f92682ce82d0;60bf955e8135c580681a253469151ed6;610489a9612f4f28cd140e8326c909fa;6b44920a6758d2dc91635ccb975b3bb7;6deb79f9bae408e2b5bec3b5bb5414dd;73ef865e4905cc6276f0123c87af0882;76a17a9705fd4ab2ccdcdd83fb7245ce;80175c7d26a0677a08f54c5b66af1555;8364aaf55439cd2b1207b7bfa35d79a2;d06caef003246b913feba14f74dc9e1a;dae39ae3951b77dc5f245fae8b5a0f92;dfa98f57a4842a0f6d78d0c9e59380fa
25,13,5338e73d016150c190a2c4671919b4ba,173b49fe81aff971168dc5d7ef4124d8;25a213edbcc763a0b37c60d060c028a6;3f0c4e9f8fb3b846e49bb1ca2b3021ef;8434a27f3a5aa65aac6fd2728c31297e;b2545fbd121c537ccb04c90cef91631c;b4f0d7902a6f054dd1236f880fe1b872;bd8574cd5bcbedb9213ca45e8beb7561;db1d65d349a617c13f53307435d42113;dd1de3a4f68b088865866c04b3917f85;e1dad4d35e61a13a237774ccfb24ae9b;f86f614f61dce71662f527ac82b3170b;fae6996aeed84a9a75cbe726be46bab3,140,test;train;val,True,2,3+4,173b49fe81aff971168dc5d7ef4124d8;25a213edbcc763a0b37c60d060c028a6;3f0c4e9f8fb3b846e49bb1ca2b3021ef;5338e73d016150c190a2c4671919b4ba;8434a27f3a5aa65aac6fd2728c31297e;b2545fbd121c537ccb04c90cef91631c;b4f0d7902a6f054dd1236f880fe1b872;bd8574cd5bcbedb9213ca45e8beb7561;db1d65d349a617c13f53307435d42113;dd1de3a4f68b088865866c04b3917f85;e1dad4d35e61a13a237774ccfb24ae9b;f86f614f61dce71662f527ac82b3170b;fae6996aeed84a9a75cbe726be46bab3
26,13,0bc3b1ea9b5e5af3355cfbd9eb7561a1,0bce55d17bcc628e62c843a2420e723d;19963a5a3c42675307056e0be36851cf;4db9a5906b55661f277770dee7a4e3c8;5203b6b2f6c3e46cdb2f09b9d99a5ecd;5dcd43e6710799fbb64f0c250a13d0ff;6aff87e11871f4ce9682eec497239c71;73f6bfb643e1d0d8d3868b7f1f0cd33d;905733a0eeb4e1e2fadca080fecd62da;9cc90be7db3d19f91f43a903142d5bfb;a1eb67fb9f6f39764b1859e175f0995a;c8fa005ff34f3a8d77605437618f1878;d7132253107215db7e9bd88b6a864c14,133,test;train;val,True,3,4+3,0bc3b1ea9b5e5af3355cfbd9eb7561a1;0bce55d17bcc628e62c843a2420e723d;19963a5a3c42675307056e0be36851cf;4db9a5906b55661f277770dee7a4e3c8;5203b6b2f6c3e46cdb2f09b9d99a5ecd;5dcd43e6710799fbb64f0c250a13d0ff;6aff87e11871f4ce9682eec497239c71;73f6bfb643e1d0d8d3868b7f1f0cd33d;905733a0eeb4e1e2fadca080fecd62da;9cc90be7db3d19f91f43a903142d5bfb;a1eb67fb9f6f39764b1859e175f0995a;c8fa005ff34f3a8d77605437618f1878;d7132253107215db7e9bd88b6a864c14
27,13,aaef504823a0043ebc6063bc805baa38,007433133235efc27a39f11df6940829;21f3767f9a827e5b9f64d2a47594ad27;53fd8c8bf3e1a9cc53ee823331428bc2;601216d398fcb7c5f0e05f69ac5734e4;785b6f565b34da9587a5fc441edbd49b;7c0c6effa413bf976a309753c40f8bbe;7e1474b005f731b6948e86fddcee7541;a93b3dcce91f31062dc01695f43cc8ba;ce6a38ef5d41129056e35b787bbba46e;e55c0c51b9ec0963d74029d2de84f85a;efbd55aede0638c4e82fb065d40fa238;f95c0c54f064c14c0502f2b2d12f03ba,177,test;train,True,0,negative,007433133235efc27a39f11df6940829;21f3767f9a827e5b9f64d2a47594ad27;53fd8c8bf3e1a9cc53ee823331428bc2;601216d398fcb7c5f0e05f69ac5734e4;785b6f565b34da9587a5fc441edbd49b;7c0c6effa413bf976a309753c40f8bbe;7e1474b005f731b6948e86fddcee7541;a93b3dcce91f31062dc01695f43cc8ba;aaef504823a0043ebc6063bc805baa38;ce6a38ef5d41129056e35b787bbba46e;e55c0c51b9ec0963d74029d2de84f85a;efbd55aede0638c4e82fb065d40fa238;f95c0c54f064c14c0502f2b2d12f03ba
28,13,d4557d562ab93564514e79c9dbbcc3cd,34c3b4aca1bfb10df42aff5eb5f87281;3babb9b35e40e2bea17239a5a3ffeaec;3eadfdb7feb929568275aab75c0c0710;51eff3eca711a0e2dc3153a420c98c8d;62dc9e6f426847d6d58e12c30e35a35a;92d2d3c1efe901481be93f2f1b4cc2df;99fb9478334093d729eeb281d522ed63;b76e81e3f3d4feae50c826b07a7a919f;cb447241302fbb5026b7cd6837232331;eca065b700e4e44681c2b3d45235a6f9;f84c0dc5ef76aecaa17012a85a7f0a4e;fcf954f576b072584d4271144e57f6d3,132,train,False,3,4+3,34c3b4aca1bfb10df42aff5eb5f87281;3babb9b35e40e2bea17239a5a3ffeaec;3eadfdb7feb929568275aab75c0c0710;51eff3eca711a0e2dc3153a420c98c8d;62dc9e6f426847d6d58e12c30e35a35a;92d2d3c1efe901481be93f2f1b4cc2df;99fb9478334093d729eeb281d522ed63;b76e81e3f3d4feae50c826b07a7a919f;cb447241302fbb5026b7cd6837232331;d4557d562ab93564514e79c9dbbcc3cd;eca065b700e4e44681c2b3d45235a6f9;f84c0dc5ef76aecaa17012a85a7f0a4e;fcf954f576b072584d4271144e57f6d3
29,13,9d283bf4e70970f0a5931a65dd0d5211,08ab45297bfe652cc0397f4b37719ba1;1dda4dfc7a97b5f37085727da5852db2;4600b8e6025b7af1836bedf33e2b5c66;4648da3952ca9db5259d110694b9ea8d;4c52ceaed5d168bffd8f2e0175a6ebbd;5568eb519a51d50f5b2ac52321a6efdd;8d9bf04e714c959d4c571030c51ee9f5;9b6cbe06b1f3e5620fd9ac5e69a8cb4e;cb0a506d82d41888c1e0b1d54649a53c;cdcf73225944d4e87e64f178371d897b;cfdac1ca5172b91340648a9c1ed43a65;f93148f68ff93c84d40d566a6cd1dbab,167,test;train,True,2,3+4,08ab45297bfe652cc0397f4b37719ba1;1dda4dfc7a97b5f37085727da5852db2;4600b8e6025b7af1836bedf33e2b5c66;4648da3952ca9db5259d110694b9ea8d;4c52ceaed5d168bffd8f2e0175a6ebbd;5568eb519a51d50f5b2ac52321a6efdd;8d9bf04e714c959d4c571030c51ee9f5;9b6cbe06b1f3e5620fd9ac5e69a8cb4e;9d283bf4e70970f0a5931a65dd0d5211;cb0a506d82d41888c1e0b1d54649a53c;cdcf73225944d4e87e64f178371d897b;cfdac1ca5172b91340648a9c1ed43a65;f93148f68ff93c84d40d566a6cd1dbab
30,13,5816a0df3d7ee85e541bc091cd279e9b,3ca86b49aa2b914b30f2dd25c0431b9c;4cf55b23a96f8015915487ff129d585c;4e11f7a0a2623f4e9f110e81c3bd9683;55a01c1ebef6b40ac9916b6abe9b57b0;81d80ab1d978f1669977d2185e798d56;8299e52f9a53b39407d0950456562add;853e2ccb308b7e1119a563ca6e12a7ef;89b546943efa4c35011b93b560303933;98e64fe16f136205ade444bb3cdfaea8;c306e9bf52ed33801003d17ae3f60d32;e142b7febd70389ad7034febac1e5cd9;f6b6d03d15615dd9affb3b3c77347747,152,test;train;val,True,5,5+4,3ca86b49aa2b914b30f2dd25c0431b9c;4cf55b23a96f8015915487ff129d585c;4e11f7a0a2623f4e9f110e81c3bd9683;55a01c1ebef6b40ac9916b6abe9b57b0;5816a0df3d7ee85e541bc091cd279e9b;81d80ab1d978f1669977d2185e798d56;8299e52f9a53b39407d0950456562add;853e2ccb308b7e1119a563ca6e12a7ef;89b546943efa4c35011b93b560303933;98e64fe16f136205ade444bb3cdfaea8;c306e9bf52ed33801003d17ae3f60d32;e142b7febd70389ad7034febac1e5cd9;f6b6d03d15615dd9affb3b3c77347747
31,13,cd7175bb0b7c06c92b99d1432c12ebe0,06eda4a6faca84e84a781fee2d5f47e1;3e6e9a534a8d92999185e99dc4293bee;4a2aec11bc2def9644ba9756f888ec24;51241cdb2f2dfd0093b8448f4a0e00d9;673035951194fa335f11d0bb408449de;69ec87fc8b561ab7d3ba7b86b10e2356;75835cc8ccb7fe86356cebdb35006fab;b9c08ad54a17440c8901a5d5516a53c6;da07bf2ac3a36b2ff58e35561f15613f;e8290f572f0e2d4e85248dc375ed3b94;eb2267a9e6ad63f9c9d1386b8688ccc0;ec89dabdd536396aaad4020141dafbde,199,test;train;val,True,0,negative,06eda4a6faca84e84a781fee2d5f47e1;3e6e9a534a8d92999185e99dc4293bee;4a2aec11bc2def9644ba9756f888ec24;51241cdb2f2dfd0093b8448f4a0e00d9;673035951194fa335f11d0bb408449de;69ec87fc8b561ab7d3ba7b86b10e2356;75835cc8ccb7fe86356cebdb35006fab;b9c08ad54a17440c8901a5d5516a53c6;cd7175bb0b7c06c92b99d1432c12ebe0;da07bf2ac3a36b2ff58e35561f15613f;e8290f572f0e2d4e85248dc375ed3b94;eb2267a9e6ad63f9c9d1386b8688ccc0;ec89dabdd536396aaad4020141dafbde
32,13,86e8d69d149316c56146a31733406a3f,337be23a5a57efd390460172053fe5b7;42bdc13df1e2910577c98462716c6075;66197db203b87630238f7199434cccba;8b19e141c1741cb06bdff6bffc9503b1;9269a7b94ac73d384512a87c1b38fd5a;a14885c7da6514c0523a6977e2b205a4;a34c0d728771285a18dfb156259eb817;ab58a4a56d41cbe525cc50810dd2ce3a;be24de51dde9ba0c9808dd4bbd28dda3;d375f524d50db8fcf857eadcb70ef5d1;ecad7ce730fc63ac02df4a9da719fa1c;f3f3bf544a7f055fd753352e25ebc8c6,158,test;train;val,True,5,4+5,337be23a5a57efd390460172053fe5b7;42bdc13df1e2910577c98462716c6075;66197db203b87630238f7199434cccba;86e8d69d149316c56146a31733406a3f;8b19e141c1741cb06bdff6bffc9503b1;9269a7b94ac73d384512a87c1b38fd5a;a14885c7da6514c0523a6977e2b205a4;a34c0d728771285a18dfb156259eb817;ab58a4a56d41cbe525cc50810dd2ce3a;be24de51dde9ba0c9808dd4bbd28dda3;d375f524d50db8fcf857eadcb70ef5d1;ecad7ce730fc63ac02df4a9da719fa1c;f3f3bf544a7f055fd753352e25ebc8c6
33,13,08e7beb9ca5dbe53b59cbb27639bffcf,08fc8cebe98efe59cf5b234d8de36356;1e820904c1e4c84e7e11162145c5bc2c;2e24b2e477e5650b425ae9d58eff5654;66fb8b64a9acb2fbf59d4f002db34bf8;6b84c34486bb12dd87599bf6bb5d7bb1;86ceb5f49a8c7f81b12ee87934f0a25d;b975fb616a704b596fd49c6ffce543a9;e7e80a801e9a9102e87bcb514b13c660;ed6df9ab166f61c7f18725ebfaa893f9;f079a9a9d4c30cbdc55917df9f5f6541;f6c0aa4b8c3f21c9077ea8bb373b4c84;fbf1493e0d0f80318eb52c41d91f2180,183,train;val,True,5,4+5,08e7beb9ca5dbe53b59cbb27639bffcf;08fc8cebe98efe59cf5b234d8de36356;1e820904c1e4c84e7e11162145c5bc2c;2e24b2e477e5650b425ae9d58eff5654;66fb8b64a9acb2fbf59d4f002db34bf8;6b84c34486bb12dd87599bf6bb5d7bb1;86ceb5f49a8c7f81b12ee87934f0a25d;b975fb616a704b596fd49c6ffce543a9;e7e80a801e9a9102e87bcb514b13c660;ed6df9ab166f61c7f18725ebfaa893f9;f079a9a9d4c30cbdc55917df9f5f6541;f6c0aa4b8c3f21c9077ea8bb373b4c84;fbf1493e0d0f80318eb52c41d91f2180
34,13,665fcad8a2159796d111633809f6d0b3,0e46418f938971abebfda741d6840e9b;239660e9bd9561c6167ab5b46105b035;28e51d6764c6d71b78406be1fb53b76b;367107929408ad6c749310a0f665bdac;47d2d79be7e67f1ead3b0443e5901aaf;4b7e051415b19b60bff4ee689eefdc7b;4dee4ae085e3e0d17e61e97bfd182fdf;5b281fbdb595d08a630ec51d418a3196;7670f6b1a24f876a30afc5f33043ede7;96aac9c3672cadf72e9e60d634bb145a;9fa42d765e1d7d376d4fddc4c590ab37;d111dfd7a4f8fda7af0ea489a9dea0fd,264,test;train;val,True,5,4+5,0e46418f938971abebfda741d6840e9b;239660e9bd9561c6167ab5b46105b035;28e51d6764c6d71b78406be1fb53b76b;367107929408ad6c749310a0f665bdac;47d2d79be7e67f1ead3b0443e5901aaf;4b7e051415b19b60bff4ee689eefdc7b;4dee4ae085e3e0d17e61e97bfd182fdf;5b281fbdb595d08a630ec51d418a3196;665fcad8a2159796d111633809f6d0b3;7670f6b1a24f876a30afc5f33043ede7;96aac9c3672cadf72e9e60d634bb145a;9fa42d765e1d7d376d4fddc4c590ab37;d111dfd7a4f8fda7af0ea489a9dea0fd
35,12,e89fd05c02c2297653d93f9bdaa71961,4f7d297df486c7ce49e855d0471b7158;501d3573cecce3ad9086a63df9794ebb;5112ffdb6b267c33eb57cb47580d7bb5;51d0d7b3a0f1769117ed6e3d64445f33;6748bc59dcdccfef45a9f45c1dac18a1;9dc4c474c8f4f01ec503bdcd3043e10a;a8b8f6be7310d77eb7e785e2f341a137;b428c7ddb14ad3f3ca9db0d3c01e8c04;b6f6624565452fa6d2ca4edb00db4204;b8a598ecf3d3351a07ef690f0336b8a3;dc65b5af33ea3c704de7e3c8b43d33c8,129,test;train;val,True,1,3+3,4f7d297df486c7ce49e855d0471b7158;501d3573cecce3ad9086a63df9794ebb;5112ffdb6b267c33eb57cb47580d7bb5;51d0d7b3a0f1769117ed6e3d64445f33;6748bc59dcdccfef45a9f45c1dac18a1;9dc4c474c8f4f01ec503bdcd3043e10a;a8b8f6be7310d77eb7e785e2f341a137;b428c7ddb14ad3f3ca9db0d3c01e8c04;b6f6624565452fa6d2ca4edb00db4204;b8a598ecf3d3351a07ef690f0336b8a3;dc65b5af33ea3c704de7e3c8b43d33c8;e89fd05c02c2297653d93f9bdaa71961
36,12,38abe3550726a4a1f947fd0732ded83d,05c4384280a459216bca38ea2a9230ec;198fa06f052feedc1684e42829c137fc;31e4a1bbfc15b961823e2abfe8a835e2;528423d80e99a91576623f1772942237;787b336dec5e8a7dd9d993a9b23b773c;7efede6ad0155034347d7f2b9e50f2c7;915dd7918f5bbd16aa1ec7a677dcfe13;9b92d948f0a8ca765ef5ca7ae650273d;a576f47b644facaa1aa60db9c41d9db1;bd794a0fe18a2b0705a024096c77bac6;c2edf539162ecaea59933196e84de2f5,166,train;val,True,1,3+3,05c4384280a459216bca38ea2a9230ec;198fa06f052feedc1684e42829c137fc;31e4a1bbfc15b961823e2abfe8a835e2;38abe3550726a4a1f947fd0732ded83d;528423d80e99a91576623f1772942237;787b336dec5e8a7dd9d993a9b23b773c;7efede6ad0155034347d7f2b9e50f2c7;915dd7918f5bbd16aa1ec7a677dcfe13;9b92d948f0a8ca765ef5ca7ae650273d;a576f47b644facaa1aa60db9c41d9db1;bd794a0fe18a2b0705a024096c77bac6;c2edf539162ecaea59933196e84de2f5
37,12,6a1dcc77903fd69eda1aa8a631630e0d,2823c18cde8d2c294a0f8d1cdc4c1a1e;4f066c3230d1e0d5f38a1837ea1a86e6;80c676be159548673ff236d808209e33;81b61c22e893d8f7d5d9a32e6ff1bc3c;89b62c165838d36fd294a57624db8e4f;947778d55b7cb029d9b22bd048534fe5;9772f0e2dc3c38aa876aa4b6c4c85377;a099b54eb2b17f63033f310eba0a61fc;b1fc28c48cb6e83e5015074c3b61ae65;cf2d2942b89d99574da83a3dea91d8fe;e3e660456c62fb96e17658af48b3e7e4,149,test;train,True,3,4+3,2823c18cde8d2c294a0f8d1cdc4c1a1e;4f066c3230d1e0d5f38a1837ea1a86e6;6a1dcc77903fd69eda1aa8a631630e0d;80c676be159548673ff236d808209e33;81b61c22e893d8f7d5d9a32e6ff1bc3c;89b62c165838d36fd294a57624db8e4f;947778d55b7cb029d9b22bd048534fe5;9772f0e2dc3c38aa876aa4b6c4c85377;a099b54eb2b17f63033f310eba0a61fc;b1fc28c48cb6e83e5015074c3b61ae65;cf2d2942b89d99574da83a3dea91d8fe;e3e660456c62fb96e17658af48b3e7e4
38,11,c2306aeec8a202f0530df29f175fdc89,00bbc1482301d16de3ff63238cfd0b34;771b4d1f002ddd740017d6e4371df8d0;77d849c7c5d20f1e604e304a8dd676ce;85874a84d6fd4b14d5d9816650a6a17f;96daa0c757713deeb2148c1952063648;c286cf324f3d429aaf5d3f903e5ce634;c93a48dcf16ce84fd7276472ce356229;e5c110d0ec8087bc89e6f6a528a690ce;eda6d9fc5d58f69f9ff9f6b4da136274;fbca4257157e8123cb38853b6dff7a57,227,test;train;val,True,2,3+4,00bbc1482301d16de3ff63238cfd0b34;771b4d1f002ddd740017d6e4371df8d0;77d849c7c5d20f1e604e304a8dd676ce;85874a84d6fd4b14d5d9816650a6a17f;96daa0c757713deeb2148c1952063648;c2306aeec8a202f0530df29f175fdc89;c286cf324f3d429aaf5d3f903e5ce634;c93a48dcf16ce84fd7276472ce356229;e5c110d0ec8087bc89e6f6a528a690ce;eda6d9fc5d58f69f9ff9f6b4da136274;fbca4257157e8123cb38853b6dff7a57
39,11,91ab816a1696123b34d31e6b8fc00315,1141ca7040f9f32bf84531cc1b1d9f51;30703edaf3bf39b0d04685f0f0a1d43b;620a6fbf50a7463ed0a8932782d7b969;63ec04bc1c32dd36fc1bfa2846a0c98f;64c46cb52749df98dafa527d439fa606;8dc97d161e376446e0f2a80b6dbde788;90bded96836ea370356065826e6e5824;df18ac8990e89990e4b908f4d77c3aa2;e04ea71e821b0dffc431297b25b359de;fca2d821dcae271ea5e5851df2f41538,127,test;train;val,True,3,4+3,1141ca7040f9f32bf84531cc1b1d9f51;30703edaf3bf39b0d04685f0f0a1d43b;620a6fbf50a7463ed0a8932782d7b969;63ec04bc1c32dd36fc1bfa2846a0c98f;64c46cb52749df98dafa527d439fa606;8dc97d161e376446e0f2a80b6dbde788;90bded96836ea370356065826e6e5824;91ab816a1696123b34d31e6b8fc00315;df18ac8990e89990e4b908f4d77c3aa2;e04ea71e821b0dffc431297b25b359de;fca2d821dcae271ea5e5851df2f41538
40,11,cb4dce32e66ce659b386933a77ff59b1,0076bcb66e46fb485f5ba432b9a1fe8a;0b1775f64d774ab69e50fc0d7a124036;25caa73d08a34c0bedd8034cb4a623b5;2d476f44e80b5536c71dc3793b0a2bc9;2f1c751ab10b8b009b3391ae86acf6c3;3fbe2ab4f1952e0ffa467c88154b5b14;5491324b554f337dc1eaf3e0c93eebb4;6210ddaf9f3e233411579da0ea9a0484;b5ad6c0446b987d1f33df121e2512331;cb3da5be4fa20fa73ff61d8b6f7d3492,178,test;train;val,True,3,4+3,0076bcb66e46fb485f5ba432b9a1fe8a;0b1775f64d774ab69e50fc0d7a124036;25caa73d08a34c0bedd8034cb4a623b5;2d476f44e80b5536c71dc3793b0a2bc9;2f1c751ab10b8b009b3391ae86acf6c3;3fbe2ab4f1952e0ffa467c88154b5b14;5491324b554f337dc1eaf3e0c93eebb4;6210ddaf9f3e233411579da0ea9a0484;b5ad6c0446b987d1f33df121e2512331;cb3da5be4fa20fa73ff61d8b6f7d3492;cb4dce32e66ce659b386933a77ff59b1
41,11,2268c3174c1c0890af7ae1bae4c8cd74,49133c1015b7f1695b6225f4b0f1985c;4ba91dfdc9e3dadbf2a947592ec3ac0c;647d3abfe758692da202e00ba263b41d;9b78976098554461d749dc6ea6afc9ba;9eb7f1c7814891f609ef2fd6d80cf80a;cb64b562b53fad75ad9a575bb9150c00;dc34ce090ee7aa4ffe226b4314810434;e3f0542a702cef736b649df9a3a98e8c;eb62229279cd8ab73c9ca81171f14762;f5d72b1f141a139c46446d263ceb5e7c,179,test;train;val,True,5,4+5,2268c3174c1c0890af7ae1bae4c8cd74;49133c1015b7f1695b6225f4b0f1985c;4ba91dfdc9e3dadbf2a947592ec3ac0c;647d3abfe758692da202e00ba263b41d;9b78976098554461d749dc6ea6afc9ba;9eb7f1c7814891f609ef2fd6d80cf80a;cb64b562b53fad75ad9a575bb9150c00;dc34ce090ee7aa4ffe226b4314810434;e3f0542a702cef736b649df9a3a98e8c;eb62229279cd8ab73c9ca81171f14762;f5d72b1f141a139c46446d263ceb5e7c
42,11,373c3e3962c89a016c118cd3b4dac926,5b2c1fcb4a370400b64df671560fb733;5f1ccf6d3f6fc9977f54755c8d96784a;664e570c2dc978f6711795f6a8c9bc6c;6b4c77b671e8412d65773f9614816db0;7d60fa34382d46eddec04ec8acb4cb52;8751f19f273f69ba8ea5c49dc9dd4654;b6f90e7ab21daafd78c0c8f8d6370afa;dc10032bf598b0a3268074de4bb2d7b6;e10ebd20ef424d61222ccc5e97dcc76b;e8c4df5d82b20ace2d04f178e70b6dae,121,train;val,True,4,4+4,373c3e3962c89a016c118cd3b4dac926;5b2c1fcb4a370400b64df671560fb733;5f1ccf6d3f6fc9977f54755c8d96784a;664e570c2dc978f6711795f6a8c9bc6c;6b4c77b671e8412d65773f9614816db0;7d60fa34382d46eddec04ec8acb4cb52;8751f19f273f69ba8ea5c49dc9dd4654;b6f90e7ab21daafd78c0c8f8d6370afa;dc10032bf598b0a3268074de4bb2d7b6;e10ebd20ef424d61222ccc5e97dcc76b;e8c4df5d82b20ace2d04f178e70b6dae
43,11,439d66d2d3cb43a3208fd15917941334,108f2256764d82324ed9b2416b958291;30353f220e31776ecc7610f803d9b6d4;72aa3eb389001c2e3ceeb58e7b48dfe9;7bb1820c1aa24e37399fdf647a1ed64a;8a1deb06940aa081c0cd103659e57510;a19e008bb1811dbb0095b4cd4c3bc8c5;ba7eaa33d6aca6ec1ce59e741e922664;d451ec7b30cdbf594212c1bf7549a212;e2da537552bbe880cf184b4cf998388c;ebd0b86bc3cf2b3fc044d8178f6541dc,151,test;train,True,1,3+3,108f2256764d82324ed9b2416b958291;30353f220e31776ecc7610f803d9b6d4;439d66d2d3cb43a3208fd15917941334;72aa3eb389001c2e3ceeb58e7b48dfe9;7bb1820c1aa24e37399fdf647a1ed64a;8a1deb06940aa081c0cd103659e57510;a19e008bb1811dbb0095b4cd4c3bc8c5;ba7eaa33d6aca6ec1ce59e741e922664;d451ec7b30cdbf594212c1bf7549a212;e2da537552bbe880cf184b4cf998388c;ebd0b86bc3cf2b3fc044d8178f6541dc
44,11,6a8bc78952e550d8374655274bf3e0fc,06ef45756a44d6ec0301b519700bf053;1abb6882a5cba3d9c166736825bbe101;2d0be5f801037c5471b96ed3984a4e15;7703dca0de143ad38738f53bee104632;813691e100f1c3df95efc0113bf36e48;8b6bc283a0d345aaab935989639523eb;92e65cdbae33b846328b01eefe907fff;b3853701d3e05b29f0e2c2bc0f85bd21;b8b2b97c2b6b1cb436a57dcefca7f78e;c0525532319412db3c662254463067aa,131,test;train,True,0,negative,06ef45756a44d6ec0301b519700bf053;1abb6882a5cba3d9c166736825bbe101;2d0be5f801037c5471b96ed3984a4e15;6a8bc78952e550d8374655274bf3e0fc;7703dca0de143ad38738f53bee104632;813691e100f1c3df95efc0113bf36e48;8b6bc283a0d345aaab935989639523eb;92e65cdbae33b846328b01eefe907fff;b3853701d3e05b29f0e2c2bc0f85bd21;b8b2b97c2b6b1cb436a57dcefca7f78e;c0525532319412db3c662254463067aa
45,10,83c1a647fece3c47e101b9e53b1fff0a,04f28a8f394396872b7a9ede5041a80c;21d307db700f7fc8904081fe0894c81d;360b8957b3c406f10d61a23161609476;5d656ef89286db380f879cb6bfadd731;6f3aa87bfb96c835247c272ea0ea1848;706a5789a3517393a583829512a1fb8d;7c9f666901629ca31c8dad289aa18211;b9f7b1047221dedd4fec6977eca016ec;d4c6270294e180ad526ae4315a0c4249,171,train;val,True,4,4+4,04f28a8f394396872b7a9ede5041a80c;21d307db700f7fc8904081fe0894c81d;360b8957b3c406f10d61a23161609476;5d656ef89286db380f879cb6bfadd731;6f3aa87bfb96c835247c272ea0ea1848;706a5789a3517393a583829512a1fb8d;7c9f666901629ca31c8dad289aa18211;83c1a647fece3c47e101b9e53b1fff0a;b9f7b1047221dedd4fec6977eca016ec;d4c6270294e180ad526ae4315a0c4249
46,10,be636d17226e4adfd7ee577877591cac,5a6b69b21fd586cb4d71597a614c07e5;67e855cca15a9930d065bf9f14241b41;78e46173ed26ae262dc182236d017937;7af4089a1002c57b8418fffe9c9f2eee;ac22e5a3ef26a2942ff5c0d0edd11040;af994df40907edf1c3aefb45df954add;b469e5dc0fe1674e4251027393658f1e;b6f1c3c748055235a8130ee71f4d3efa;e4018c330e40dbf522c073c22732cf38,184,train,False,0,negative,5a6b69b21fd586cb4d71597a614c07e5;67e855cca15a9930d065bf9f14241b41;78e46173ed26ae262dc182236d017937;7af4089a1002c57b8418fffe9c9f2eee;ac22e5a3ef26a2942ff5c0d0edd11040;af994df40907edf1c3aefb45df954add;b469e5dc0fe1674e4251027393658f1e;b6f1c3c748055235a8130ee71f4d3efa;be636d17226e4adfd7ee577877591cac;e4018c330e40dbf522c073c22732cf38
47,10,ecc3d16c7cbe0903bfe1bea8f3755236,29eed8a71c8bee8fc007b0fe4edcc712;3eee912c7daba1d6c5c6968ef71b5570;6303244b26eef8e081298bfeac827403;ab7f757a2343686945a621a662b6f667;aff9deb3016a3ba5db5a5edb22ecc982;c2f90bbc5200609817a0745279582e72;ca7e20935c1f277b2ac228ab363b371a;e8ab164f380bb0c78f7566623bf5c8b7;f062f6c1128e0e9d51a76747d9018849,55,test;train;val,True,1,3+3,29eed8a71c8bee8fc007b0fe4edcc712;3eee912c7daba1d6c5c6968ef71b5570;6303244b26eef8e081298bfeac827403;ab7f757a2343686945a621a662b6f667;aff9deb3016a3ba5db5a5edb22ecc982;c2f90bbc5200609817a0745279582e72;ca7e20935c1f277b2ac228ab363b371a;e8ab164f380bb0c78f7566623bf5c8b7;ecc3d16c7cbe0903bfe1bea8f3755236;f062f6c1128e0e9d51a76747d9018849
48,10,f50e9b75a0d7c2e4ee32bbfb10eb7164,0d3159cd1b2495cc82637ececf63ed41;1fa5537c8bba02102cbd68fe9b4abd27;237f5ce41bb73c120e10024a66602ea7;2a560b45f1696770fecd76bb8ca75c59;4fdb930e10a03f26ab85cabf770b5ec6;62274c435774e0ed7a219c9c3b693bce;b22a805186b5c95212db780854e5d2fe;cec3c34a4776cfc9e2b867b8c420fd53;f40c17b3402d3937434e08f419ebb3d9,183,test;train,True,4,3+5,0d3159cd1b2495cc82637ececf63ed41;1fa5537c8bba02102cbd68fe9b4abd27;237f5ce41bb73c120e10024a66602ea7;2a560b45f1696770fecd76bb8ca75c59;4fdb930e10a03f26ab85cabf770b5ec6;62274c435774e0ed7a219c9c3b693bce;b22a805186b5c95212db780854e5d2fe;cec3c34a4776cfc9e2b867b8c420fd53;f40c17b3402d3937434e08f419ebb3d9;f50e9b75a0d7c2e4ee32bbfb10eb7164
49,10,c0910c1a35e06c172ab6403b20a6b9f0,17e370eedaa11c265e5cabb3601a2fd2;1b1d9451010fce1234639d728e25f3ec;3f7aa0cadbf025a6bb6d728412e6e100;4ff695dbae442434b502b0605fd14675;874023604daab651e40939b852e94291;997973f9f9c08b7eabd1d7fe09050f00;e830b99a9330e3fa4feee8ac6f219083;eaa98a57d64de34ccb77c1af98e1d39a;fa185cbfa3c6bb40a7dd0397b88539d9,164,test;train;val,True,1,3+3,17e370eedaa11c265e5cabb3601a2fd2;1b1d9451010fce1234639d728e25f3ec;3f7aa0cadbf025a6bb6d728412e6e100;4ff695dbae442434b502b0605fd14675;874023604daab651e40939b852e94291;997973f9f9c08b7eabd1d7fe09050f00;c0910c1a35e06c172ab6403b20a6b9f0;e830b99a9330e3fa4feee8ac6f219083;eaa98a57d64de34ccb77c1af98e1d39a;fa185cbfa3c6bb40a7dd0397b88539d9
50,10,c779f8e6464edd98859571efe4c0cc23,0c16dad59425c963a1dba7a84638ece7;2b959b442154e1f4627cb95d04c31745;35590689349e29d6540a7c14f8a3d42c;4f5285ebe78a5683adfc861fc684baf6;63f8656a7b3d99b56154a4098568b894;98ba51c7a4ca7316ff1bc776365ca14d;a47472a2ba96c2936dacc23b938bd9b6;e43ae1ef2cda811070e2c0a6d6154150;f539f2dcee1a03c730a2a5a9e2298fb7,182,train,False,3,4+3,0c16dad59425c963a1dba7a84638ece7;2b959b442154e1f4627cb95d04c31745;35590689349e29d6540a7c14f8a3d42c;4f5285ebe78a5683adfc861fc684baf6;63f8656a7b3d99b56154a4098568b894;98ba51c7a4ca7316ff1bc776365ca14d;a47472a2ba96c2936dacc23b938bd9b6;c779f8e6464edd98859571efe4c0cc23;e43ae1ef2cda811070e2c0a6d6154150;f539f2dcee1a03c730a2a5a9e2298fb7
51,10,15ee33d8a2845dd72a240f17db87000b,111b574b0f3bed1be6764860d7ea7adf;1f8b5cd484f0cb5965d03ca696ad0171;298d780b37c48a65e22016e482978113;3353690a5d3c6a384c545ef8caf56f95;34decd8752d355a11b8428eef2c3b614;3c65a1c66c85c220069dcd52c3bf026e;62a976bdc21bd2c8a34de5ec3d192857;6de1c3a8bc0ecbbe70b3b679ef52e776;897ba1f3a78695935baabe54f649e95c,110,train,False,2,3+4,111b574b0f3bed1be6764860d7ea7adf;15ee33d8a2845dd72a240f17db87000b;1f8b5cd484f0cb5965d03ca696ad0171;298d780b37c48a65e22016e482978113;3353690a5d3c6a384c545ef8caf56f95;34decd8752d355a11b8428eef2c3b614;3c65a1c66c85c220069dcd52c3bf026e;62a976bdc21bd2c8a34de5ec3d192857;6de1c3a8bc0ecbbe70b3b679ef52e776;897ba1f3a78695935baabe54f649e95c
52,10,d13eecf391803d164d6f0fd89f1871e8,0bc4086b7c5ed0463dde3926f10fc298;390b6c326276221cb3659d2132fb7d3e;5ae2d48a5907763cfad33ce3a1d911f4;83f94c8caeae1de1d931051fd1dec5c6;8d591bbdb85060fdda5c3c85f29ed9aa;a3d3ad2b05d3291a3353f6d2fa2f7245;aa8907057bf38a2c03b3e3a6cb72f9dd;c211d5549cb4c71c25ebe6ba79ba85ae;c7f98a0c815cd3e5e2e84aa10fa08a2c,157,train,False,1,3+3,0bc4086b7c5ed0463dde3926f10fc298;390b6c326276221cb3659d2132fb7d3e;5ae2d48a5907763cfad33ce3a1d911f4;83f94c8caeae1de1d931051fd1dec5c6;8d591bbdb85060fdda5c3c85f29ed9aa;a3d3ad2b05d3291a3353f6d2fa2f7245;aa8907057bf38a2c03b3e3a6cb72f9dd;c211d5549cb4c71c25ebe6ba79ba85ae;c7f98a0c815cd3e5e2e84aa10fa08a2c;d13eecf391803d164d6f0fd89f1871e8
53,10,ab8ad31b80419f9f49c6b62f25d6fe59,01a5e35b1ae21f3cfbe100b4b6aef451;142bb88e0db1abb959a792eb24b646be;4758f0c0f3fbcc8dee2d2c898b4c40f5;585bf47f399249d4bc1e18a0aad69d2a;5c7e3c7f2b7fbfaf98f2172e2eaa8f28;836a1e6bea9fcd4f2c65d958fc2a7935;c5d6646dda31ee94cf4bbfef14e08e76;f9c0aa4cd5ad8ff43fcd67fd626964b0;fd73fb132d70187e69bc0638323b0ef9,180,test;train,True,4,4+4,01a5e35b1ae21f3cfbe100b4b6aef451;142bb88e0db1abb959a792eb24b646be;4758f0c0f3fbcc8dee2d2c898b4c40f5;585bf47f399249d4bc1e18a0aad69d2a;5c7e3c7f2b7fbfaf98f2172e2eaa8f28;836a1e6bea9fcd4f2c65d958fc2a7935;ab8ad31b80419f9f49c6b62f25d6fe59;c5d6646dda31ee94cf4bbfef14e08e76;f9c0aa4cd5ad8ff43fcd67fd626964b0;fd73fb132d70187e69bc0638323b0ef9
54,10,8f3594bd4bd9f8209fe59b965b431963,17f368585f7e3bd1a82bdfa88b85e5e1;30d1afcfeaf59da8e4f527df77e92aa9;4f06726cf77125734cf939b3ed5978ab;80037713c44260079fb5ffb8474aa9e2;8035c40dd9e78b21e6fdf6461613fb48;896ffc56e018a333454c4889a28459a2;ba99968b0499b6e2dca442a101a2259c;cacf5097de53eb9db8566f3f48522bda;ee84768fd0b939e9fc7369652cba4a35,173,train,False,2,3+4,17f368585f7e3bd1a82bdfa88b85e5e1;30d1afcfeaf59da8e4f527df77e92aa9;4f06726cf77125734cf939b3ed5978ab;80037713c44260079fb5ffb8474aa9e2;8035c40dd9e78b21e6fdf6461613fb48;896ffc56e018a333454c4889a28459a2;8f3594bd4bd9f8209fe59b965b431963;ba99968b0499b6e2dca442a101a2259c;cacf5097de53eb9db8566f3f48522bda;ee84768fd0b939e9fc7369652cba4a35
55,10,b4bebe718759817d5cf440821cf435d7,33ec4577b716c843eb1224b41204aab2;4d13e4678b695a9b5e8793ba8ac8da2e;6cd581a4c4e0314e1479c0c4a24f4eb3;8a327e4efafb98dee0f93c40e64d761e;8f18d0ffda3fb439d6ad4473d575409d;91af122d94f80bb3d32eaed47bbce034;a48e97856c956d50cc4f522574cd37fb;e4229a7cea9d61ea5485091142e2fd3e;f0f6097376bf887f51d552bd033ae5d7,196,train,False,2,3+4,33ec4577b716c843eb1224b41204aab2;4d13e4678b695a9b5e8793ba8ac8da2e;6cd581a4c4e0314e1479c0c4a24f4eb3;8a327e4efafb98dee0f93c40e64d761e;8f18d0ffda3fb439d6ad4473d575409d;91af122d94f80bb3d32eaed47bbce034;a48e97856c956d50cc4f522574cd37fb;b4bebe718759817d5cf440821cf435d7;e4229a7cea9d61ea5485091142e2fd3e;f0f6097376bf887f51d552bd033ae5d7
56,10,1a66b4d3dbb1089891835d2698c6deec,11cd4062d15d22baae8edc898f374563;1d2f6f79ee18460e6b18e3710c87e8a2;236bc413143580332dbb51863d097b4f;3e732d5a09c2dda7ecdedc6662475e90;5764f6df31c3c05b73dfc0fe5c7bad04;6680a6ff460fc841b3898bc55926a3dd;b368187a74f04f31a73030862c85e1b6;eaee249fef6f67630053f6d398a2989f;ffdc59cd580a1468eac0e6a32dd1ff2d,140,test;train;val,True,5,4+5,11cd4062d15d22baae8edc898f374563;1a66b4d3dbb1089891835d2698c6deec;1d2f6f79ee18460e6b18e3710c87e8a2;236bc413143580332dbb51863d097b4f;3e732d5a09c2dda7ecdedc6662475e90;5764f6df31c3c05b73dfc0fe5c7bad04;6680a6ff460fc841b3898bc55926a3dd;b368187a74f04f31a73030862c85e1b6;eaee249fef6f67630053f6d398a2989f;ffdc59cd580a1468eac0e6a32dd1ff2d
57,9,9d80974f9e453383a53d81a9d5763691,2362d93816e6dff7db5f3de85b660777;2ae687e6a07ac70f9391efc3c3a08746;6a4705f723c23536d58a72341e0eac1f;78ad8ce5fe537a97afaf19db3e99628b;d4fb7f6c56896aae15919a010984a8bd;e45b0f108cd8bf28681860aec3120cbd;e7ded102214a944d051a2628d5452faa;ff10f937c3d52eff6ad4dd733f2bc3ac,168,test;train;val,True,1,3+3,2362d93816e6dff7db5f3de85b660777;2ae687e6a07ac70f9391efc3c3a08746;6a4705f723c23536d58a72341e0eac1f;78ad8ce5fe537a97afaf19db3e99628b;9d80974f9e453383a53d81a9d5763691;d4fb7f6c56896aae15919a010984a8bd;e45b0f108cd8bf28681860aec3120cbd;e7ded102214a944d051a2628d5452faa;ff10f937c3d52eff6ad4dd733f2bc3ac
58,9,29baf6f84e1414443d5fcd1ddb1af08b,24059c009e9ce9f671be3182eb6e24e3;5d5ba6a776e985a917f0028258d6593a;850b9fffc6972f75431db42dd07845a9;96415990a25ee1d758a8bc7ae97d593f;9e03b5aae46d92a1442fd7e439b0c6bd;afe7eb15c8438861ca43f2b20dccf260;c4cde1827d4895957ca8507e37a3cf76;d676924aa4d2c3259e47e91955fe161f,39,test;train,True,0,negative,24059c009e9ce9f671be3182eb6e24e3;29baf6f84e1414443d5fcd1ddb1af08b;5d5ba6a776e985a917f0028258d6593a;850b9fffc6972f75431db42dd07845a9;96415990a25ee1d758a8bc7ae97d593f;9e03b5aae46d92a1442fd7e439b0c6bd;afe7eb15c8438861ca43f2b20dccf260;c4cde1827d4895957ca8507e37a3cf76;d676924aa4d2c3259e47e91955fe161f
59,9,2de16bc6e49ce2a2e371f01824f78600,4df489a9cfb4d30f8613a9dcdcdb6697;5dfac783c03cb58f51dd856ecc2bc16c;95cef4ca534e7e446accec285266416c;aa96214fca7ea520191a2263f0ee6ac0;ada83813085876c62c8bf0481f1693cf;f80e5b2afa3ebf635c446fa08a3d7a45;fb8886059879eaac70139336cb525838;fe354e2b6f25e4f4110aed552eb55fc5,179,test;train,True,2,3+4,2de16bc6e49ce2a2e371f01824f78600;4df489a9cfb4d30f8613a9dcdcdb6697;5dfac783c03cb58f51dd856ecc2bc16c;95cef4ca534e7e446accec285266416c;aa96214fca7ea520191a2263f0ee6ac0;ada83813085876c62c8bf0481f1693cf;f80e5b2afa3ebf635c446fa08a3d7a45;fb8886059879eaac70139336cb525838;fe354e2b6f25e4f4110aed552eb55fc5
60,9,dd1110c6430e3b1ac732be548a089886,07a14fa5b8f74272e4cc0a439dbc8f7f;0da0915a236f2fc98b299d6fdefe7b8b;10c7898fb3c68c0e1b268ddb57590eb3;43f1934ed5821f2b4897e6535b432668;92d2a85fdb81d51f59c5781eb2c5d0a8;9e40b83c6ac2b92e2426b717ed1a200e;ad6e90147030566df6b1353432f41662;b1fbe9701b14bf285318abcbf002d5ea,80,test;train;val,True,4,4+4,07a14fa5b8f74272e4cc0a439dbc8f7f;0da0915a236f2fc98b299d6fdefe7b8b;10c7898fb3c68c0e1b268ddb57590eb3;43f1934ed5821f2b4897e6535b432668;92d2a85fdb81d51f59c5781eb2c5d0a8;9e40b83c6ac2b92e2426b717ed1a200e;ad6e90147030566df6b1353432f41662;b1fbe9701b14bf285318abcbf002d5ea;dd1110c6430e3b1ac732be548a089886
61,9,82896ceb267497b41fe1d8271ecf0a6e,42c97dfa8a8d7ab5ee5ddcc6a5c968da;50dca6da456cc4a4970e94207fb9e8d4;67221cc31ec6ad9e106de548f7aa5823;78fa6eadfc403f3440ef91db24d387b6;95eeb46ecc4a9693119627fedb8df55c;b9f5c7310c0c300f7a116a6fabfbdebc;d0cb73c9ad19c13c6fe93cc2c61cc073;e65d809914de1f87fd337a75ac08454f,183,test;train;val,True,4,4+4,42c97dfa8a8d7ab5ee5ddcc6a5c968da;50dca6da456cc4a4970e94207fb9e8d4;67221cc31ec6ad9e106de548f7aa5823;78fa6eadfc403f3440ef91db24d387b6;82896ceb267497b41fe1d8271ecf0a6e;95eeb46ecc4a9693119627fedb8df55c;b9f5c7310c0c300f7a116a6fabfbdebc;d0cb73c9ad19c13c6fe93cc2c61cc073;e65d809914de1f87fd337a75ac08454f
62,9,70f71c6fa7ad2baeaff157a299e276a0,4ab8281e038c2ca2f391b11d65e4366b;60d21b09253d29039ad12e751e6f2f5a;63226114e772943ce7f8017d9f5d4b90;64a33315a1c5d2f6aa9f04a9c2ff4650;6db636a5372b53a603ac3a5bde9abba0;b276c39d60d16cdcca065940ed55eeb8;d7f293887ea70c37b1c940ba372e1a2f;df4146c2cb4e97d9c227bdd90d4dc6f8,119,test;train;val,True,2,3+4,4ab8281e038c2ca2f391b11d65e4366b;60d21b09253d29039ad12e751e6f2f5a;63226114e772943ce7f8017d9f5d4b90;64a33315a1c5d2f6aa9f04a9c2ff4650;6db636a5372b53a603ac3a5bde9abba0;70f71c6fa7ad2baeaff157a299e276a0;b276c39d60d16cdcca065940ed55eeb8;d7f293887ea70c37b1c940ba372e1a2f;df4146c2cb4e97d9c227bdd90d4dc6f8
63,9,aeec9f0bc83c16e7128b26e41a4d7ff4,44a18e239f8354b5347d91855a2508bd;5504b8b281b572e1da90774ff3f207c6;5895a94c14efb95f4a0369383f64f4ac;759b9eca357202fc550e17cf10daed11;9b830287af42617f01b6c0c1c6730766;a8d547b83d523669de401e539503ab03;c65fcde885b4f231d03cefb0fc75f4fa;f1f5f493f2f436a7049f899b4ca4bac6,173,test;train,True,4,4+4,44a18e239f8354b5347d91855a2508bd;5504b8b281b572e1da90774ff3f207c6;5895a94c14efb95f4a0369383f64f4ac;759b9eca357202fc550e17cf10daed11;9b830287af42617f01b6c0c1c6730766;a8d547b83d523669de401e539503ab03;aeec9f0bc83c16e7128b26e41a4d7ff4;c65fcde885b4f231d03cefb0fc75f4fa;f1f5f493f2f436a7049f899b4ca4bac6
64,8,42cb627feeceb770537e6c322c763dbf,23da95939f6c2de791206800db861c1c;24c94ed90d7bc1ea0353ebf23c887536;6b1d4be55542e687bcfdc4d91b4078b5;7a0a36bc6119e3d78474e6c8ca875725;91e2c35b8c9d4b6c1772f0589e6a81be;9ffb0d108038b5e91cf647c4f4b61318;ea954ce0f1563b69d79bd1c2b7129618,87,train;val,True,0,negative,23da95939f6c2de791206800db861c1c;24c94ed90d7bc1ea0353ebf23c887536;42cb627feeceb770537e6c322c763dbf;6b1d4be55542e687bcfdc4d91b4078b5;7a0a36bc6119e3d78474e6c8ca875725;91e2c35b8c9d4b6c1772f0589e6a81be;9ffb0d108038b5e91cf647c4f4b61318;ea954ce0f1563b69d79bd1c2b7129618
65,8,389758c9e3aad00e774d581150f372db,07a9fa12ce780b43fb5dfd7d24b861c6;3109bea8f9be6a92c492ccf55c2ec5a1;872d17b9bec7643af6c4e4685e05f407;877b69359277cf787d93cd17f4d2775a;8e6db17e55f22d47faaeed270a79d288;d2b1ee78b2dd9b89d02a1f4a1113a801;f73951fddf77034c9fd44cb19f5fe6b5,182,train,False,3,4+3,07a9fa12ce780b43fb5dfd7d24b861c6;3109bea8f9be6a92c492ccf55c2ec5a1;389758c9e3aad00e774d581150f372db;872d17b9bec7643af6c4e4685e05f407;877b69359277cf787d93cd17f4d2775a;8e6db17e55f22d47faaeed270a79d288;d2b1ee78b2dd9b89d02a1f4a1113a801;f73951fddf77034c9fd44cb19f5fe6b5
66,8,e2578d331ae6cb3bc649027498c8ff8d,2b2866cb48fb18fa8dadd200798c5feb;375b2c9501320b35ceb638a3274812aa;3a9d5791b0cc64ff0dae5dd26e6006ab;4c4c624b8db2f481703c4ee6dea58bc2;91939627c20f2e47fa4be433363bfd6d;a8361109aecfa0496bd7ffe3d2520f70;e424946aa014c140468320fda4683cb4,148,test;train;val,True,1,3+3,2b2866cb48fb18fa8dadd200798c5feb;375b2c9501320b35ceb638a3274812aa;3a9d5791b0cc64ff0dae5dd26e6006ab;4c4c624b8db2f481703c4ee6dea58bc2;91939627c20f2e47fa4be433363bfd6d;a8361109aecfa0496bd7ffe3d2520f70;e2578d331ae6cb3bc649027498c8ff8d;e424946aa014c140468320fda4683cb4
67,8,d54a086123963adeb84c160160bac353,0e1f3c283a5756b1372fc67e5230dd35;2d04835e3b30fd9dcf1fe23dfc9812d9;3ad48056423f5a0710d13d943f112fe1;70a840557099db07a37542bdf701df90;aaaf612f7fec8578ed03e4075b429a21;c176b834c3a5045ac074fb70637cfa8d;ef7e5ebd23757e3446d0bc4c47dc8e96,101,test;train,True,1,3+3,0e1f3c283a5756b1372fc67e5230dd35;2d04835e3b30fd9dcf1fe23dfc9812d9;3ad48056423f5a0710d13d943f112fe1;70a840557099db07a37542bdf701df90;aaaf612f7fec8578ed03e4075b429a21;c176b834c3a5045ac074fb70637cfa8d;d54a086123963adeb84c160160bac353;ef7e5ebd23757e3446d0bc4c47dc8e96
68,8,ea9d52d65500acc9b9d89eb6b82cdcdf,060121a06476ef401d8a21d6567dee6d;1ad3541a3fe674e74dba9b3507eea0d7;54126c6e72a07999bc079390f3af679b;a44fd7663c5ae9bfd375e6dc75b497f6;c266773fdf88a75561821afdb49cc0e0;c60d25e72004ddd6bc308d3a42ce6dba;d22031e32aaed68b8e5119271ed8b86f,110,test;train,True,1,3+3,060121a06476ef401d8a21d6567dee6d;1ad3541a3fe674e74dba9b3507eea0d7;54126c6e72a07999bc079390f3af679b;a44fd7663c5ae9bfd375e6dc75b497f6;c266773fdf88a75561821afdb49cc0e0;c60d25e72004ddd6bc308d3a42ce6dba;d22031e32aaed68b8e5119271ed8b86f;ea9d52d65500acc9b9d89eb6b82cdcdf
69,8,0bbbb6734f721f4df4d2ba60ade0ed15,259178ac6e1413c067aa7b0f01a13f7a;4a17b334e64ab52c7861d0b251b4fa34;50d2485d0802f6b27cff432ed6f8be70;751b5369155b1086d5a5f3feeb21bdc5;8d2b245c0b16c142dcd57fa32cbc6d86;980231066d0cb7d43fc3993e6fb2f619;f2196dcfec3027846cdd304448f28fa5,158,train;val,True,5,5+5,0bbbb6734f721f4df4d2ba60ade0ed15;259178ac6e1413c067aa7b0f01a13f7a;4a17b334e64ab52c7861d0b251b4fa34;50d2485d0802f6b27cff432ed6f8be70;751b5369155b1086d5a5f3feeb21bdc5;8d2b245c0b16c142dcd57fa32cbc6d86;980231066d0cb7d43fc3993e6fb2f619;f2196dcfec3027846cdd304448f28fa5
70,8,369a3711e3d38086b74319999fcf77f5,2be0fecc99253c5c199d478c1f655579;6ee0840e4cec3865e228b5f96fe0b188;b0b38a63ab55065b25c3f5b839c8a72e;bc8ca8636656c10658685c587f893dea;d3d56ee887a17cd40e7b6cf630c8107c;ea5816321370d9d813bb7107c2ed0074;fe1f503420d2d5c4a723ef6c2e7efb1d,144,train;val,True,2,3+4,2be0fecc99253c5c199d478c1f655579;369a3711e3d38086b74319999fcf77f5;6ee0840e4cec3865e228b5f96fe0b188;b0b38a63ab55065b25c3f5b839c8a72e;bc8ca8636656c10658685c587f893dea;d3d56ee887a17cd40e7b6cf630c8107c;ea5816321370d9d813bb7107c2ed0074;fe1f503420d2d5c4a723ef6c2e7efb1d
71,8,17364682bc0141eab397828f49642a60,06977be07ef2afb3ddfa7733f0c04917;0e65f90aa2b3fd3e49982839aa381583;1d432fcf31474114a1f5f12268b9a1ab;4502c2c9c9c1041564225b9d8fad13c1;97e55431d1082822b2aee62193b952ed;9c5229cbfdd9234f73a514b0a2f0ad4b;9e3843c81ae2badfb22d9a46813d4470,51,train;val,True,0,negative,06977be07ef2afb3ddfa7733f0c04917;0e65f90aa2b3fd3e49982839aa381583;17364682bc0141eab397828f49642a60;1d432fcf31474114a1f5f12268b9a1ab;4502c2c9c9c1041564225b9d8fad13c1;97e55431d1082822b2aee62193b952ed;9c5229cbfdd9234f73a514b0a2f0ad4b;9e3843c81ae2badfb22d9a46813d4470
72,8,6549ae500a4a645d44efb7a611c5ab21,2102cdaee1284c7da24effe67551ee87;8dd1d17e02123008c58b1ab3652a613f;a8a951c084f704fb77c2a3ab1c21b474;ad44ed31dfb798af63c0d7a8df2fe1c9;b35a329a109e2b210463e639c8141f39;be85e2b33823aeebfbd13873dc207ddc;e8d79e4c9b85f70b581e3403241672e5,176,test;train;val,True,2,3+4,2102cdaee1284c7da24effe67551ee87;6549ae500a4a645d44efb7a611c5ab21;8dd1d17e02123008c58b1ab3652a613f;a8a951c084f704fb77c2a3ab1c21b474;ad44ed31dfb798af63c0d7a8df2fe1c9;b35a329a109e2b210463e639c8141f39;be85e2b33823aeebfbd13873dc207ddc;e8d79e4c9b85f70b581e3403241672e5
73,8,d6fbeba66fdfeaf442343cfd6f844a77,09d4be69a2330cd49298bf30d29cc4e5;2b1ea815af8da3697c64c682855f9b3b;715ab49e9cccf79ffa3987714d818f79;88591e92de81634c6b9870259b25d59c;bb25d84b4c461fad076a63b4a048c811;c18eeeb86a7027e6d3c7ca400d75c8e8;c29a172145a30a79b05c6f0216a1dbef,147,test;train;val,True,0,negative,09d4be69a2330cd49298bf30d29cc4e5;2b1ea815af8da3697c64c682855f9b3b;715ab49e9cccf79ffa3987714d818f79;88591e92de81634c6b9870259b25d59c;bb25d84b4c461fad076a63b4a048c811;c18eeeb86a7027e6d3c7ca400d75c8e8;c29a172145a30a79b05c6f0216a1dbef;d6fbeba66fdfeaf442343cfd6f844a77
74,8,64c7193405afef922cfda4c959bfd28f,3381ea445ec8554a5cb3e7d3153fc0c1;33b1d7be5b5cc5230d25191ea8305d9a;340236fc3587d38939e3dd669bbfe3e8;9d98eb6c404f3c3d7191a8db379d2994;bd6a39de18227e44730c228369cea0f4;bfc0f3be45e3eff66989c2553cf39436;f6fcdf840d82229dee867cc75a7dd721,161,test;train;val,True,3,4+3,3381ea445ec8554a5cb3e7d3153fc0c1;33b1d7be5b5cc5230d25191ea8305d9a;340236fc3587d38939e3dd669bbfe3e8;64c7193405afef922cfda4c959bfd28f;9d98eb6c404f3c3d7191a8db379d2994;bd6a39de18227e44730c228369cea0f4;bfc0f3be45e3eff66989c2553cf39436;f6fcdf840d82229dee867cc75a7dd721
75,8,95ceba057707ca5624053399bd2f14db,29d70921c5346342007bb79603c58303;337243a9bd89017f962fcd5bf3cf9d64;53c8c3db02019962528b008bd8594ef5;cd636fee80a3058dcd3f5428d997a153;d3c90e3b04360cdbeadad04e64cd5e2c;f0a73ffe7d71950702ebd0ef7efa86cb;f9caed448e138e702ee5a2c906a671fc,147,train,False,0,negative,29d70921c5346342007bb79603c58303;337243a9bd89017f962fcd5bf3cf9d64;53c8c3db02019962528b008bd8594ef5;95ceba057707ca5624053399bd2f14db;cd636fee80a3058dcd3f5428d997a153;d3c90e3b04360cdbeadad04e64cd5e2c;f0a73ffe7d71950702ebd0ef7efa86cb;f9caed448e138e702ee5a2c906a671fc
76,8,01c669f3f6a18197285bdf357b45d477,2ab52c52ba33baff64d3de0c8e10bf82;45910500e405b732fd6c0d50c921e3f4;68825cc3e6cac82167c6c7ccee576b2b;86a2e973602ec382660c072fa42ca670;afe59339b8fe3ed8a390ccdf9030f6b1;b460d9967f78062cb285d1bf3bb62d6d;e53ec7956c1284b527ad242b70c37b37,179,test;train,True,2,3+4,01c669f3f6a18197285bdf357b45d477;2ab52c52ba33baff64d3de0c8e10bf82;45910500e405b732fd6c0d50c921e3f4;68825cc3e6cac82167c6c7ccee576b2b;86a2e973602ec382660c072fa42ca670;afe59339b8fe3ed8a390ccdf9030f6b1;b460d9967f78062cb285d1bf3bb62d6d;e53ec7956c1284b527ad242b70c37b37
77,8,6811459c1bf02a325e7b475a97abbdb5,2af2dd6d1fb4012582c9932ab3147492;508c23fef3f24c9301f5b02aec0ffb10;573cdbd8eda0e7ccf8a1df177f1764cc;9761fb9e15e37b85ea603dbedd0db804;ae8098ce32f49e4b96dda2dd5e02db2c;b1d93623521ae08ba520855009692683;cdb4764932947b3b48d87c8322015b17,49,train;val,True,4,4+4,2af2dd6d1fb4012582c9932ab3147492;508c23fef3f24c9301f5b02aec0ffb10;573cdbd8eda0e7ccf8a1df177f1764cc;6811459c1bf02a325e7b475a97abbdb5;9761fb9e15e37b85ea603dbedd0db804;ae8098ce32f49e4b96dda2dd5e02db2c;b1d93623521ae08ba520855009692683;cdb4764932947b3b48d87c8322015b17
78,8,13e0eb0bb20ae07ee32ce2d6a70ed9ff,06bf945aaacb9a67d9f2439d9a7d73ea;584dd714859c8d8ac50860e98f36075b;8ef59d7cb53bf92b5c589f7377edb0d7;a0150f4d6d9f6f3b2b5a240b099df000;d1a9750fbe2b10c8d52dfddf4cb1bde3;e49bc96b36f660bf3aa433ef119066eb;f00ec753b5618cfb30519db0947fe724,160,train;val,True,2,3+4,06bf945aaacb9a67d9f2439d9a7d73ea;13e0eb0bb20ae07ee32ce2d6a70ed9ff;584dd714859c8d8ac50860e98f36075b;8ef59d7cb53bf92b5c589f7377edb0d7;a0150f4d6d9f6f3b2b5a240b099df000;d1a9750fbe2b10c8d52dfddf4cb1bde3;e49bc96b36f660bf3aa433ef119066eb;f00ec753b5618cfb30519db0947fe724
79,8,9800153dd8ccd37fc5453f60e6c77a78,701a0c1cbb556697609f4f45a8c0a7c7;79c8f162b231aebb6c639afa3f4395ae;84d0f286cb639e7ceb3b185c62776100;a1f37b944f9590270b529e9f83610ebb;ba63dbc59e855af29d4ebab53063d296;bc11ea87ebca072c04df741c44aeafb6;ef9c72d529806d9ba341476d4c159838,201,test;train;val,True,5,5+4,701a0c1cbb556697609f4f45a8c0a7c7;79c8f162b231aebb6c639afa3f4395ae;84d0f286cb639e7ceb3b185c62776100;9800153dd8ccd37fc5453f60e6c77a78;a1f37b944f9590270b529e9f83610ebb;ba63dbc59e855af29d4ebab53063d296;bc11ea87ebca072c04df741c44aeafb6;ef9c72d529806d9ba341476d4c159838
80,8,819d52e0a7764b66c39bc55875e71ba8,0280f8b612771801229e2dde52371141;117322874280c217ec357f6de7b5c77f;2ad0f2857a4552a25127205fd04a5e9f;7ad575414ac3516485d5ed13602aa8b8;81862fbd04fd29d4ce360c92e7663b7f;84c489d89dcbf2ceeba8a30147b9e79b;b0b8b9f98e54aefbf88c4fca02fde51b,131,test;train;val,True,1,3+3,0280f8b612771801229e2dde52371141;117322874280c217ec357f6de7b5c77f;2ad0f2857a4552a25127205fd04a5e9f;7ad575414ac3516485d5ed13602aa8b8;81862fbd04fd29d4ce360c92e7663b7f;819d52e0a7764b66c39bc55875e71ba8;84c489d89dcbf2ceeba8a30147b9e79b;b0b8b9f98e54aefbf88c4fca02fde51b
81,8,70b8788b7d72841a18ebf2e47e70e24e,7624415370e093d21a25464df6b3fbff;7a037cc442f5e4795192c1631d5af535;898c2d26d40846143d477f1b625971a1;a7d5887200c7cea7046aa1adad829a1b;c00da4f9d10e27d80164b132d0959666;cae077a0259202d61eaf7f10424b148a;d54603c7b6fda2615c5576d137c750c4,119,train;val,True,2,3+4,70b8788b7d72841a18ebf2e47e70e24e;7624415370e093d21a25464df6b3fbff;7a037cc442f5e4795192c1631d5af535;898c2d26d40846143d477f1b625971a1;a7d5887200c7cea7046aa1adad829a1b;c00da4f9d10e27d80164b132d0959666;cae077a0259202d61eaf7f10424b148a;d54603c7b6fda2615c5576d137c750c4
82,8,85537a74e1872569f03e0fed5e8fb9eb,276ed80762773462f05abc10da5228c8;55c0eded30c834f91a4a717776f781e2;5f8e07348acca9f1d02c329f4efb7516;768c8df7881cfb1cae96959206e73732;78b2a52265722810be3fc2f3a562630c;c7e47afdac1930aadc6630b2ffdb161b;ce8f7d335ba01839ce10eaff44daff42,200,test;train;val,True,2,3+4,276ed80762773462f05abc10da5228c8;55c0eded30c834f91a4a717776f781e2;5f8e07348acca9f1d02c329f4efb7516;768c8df7881cfb1cae96959206e73732;78b2a52265722810be3fc2f3a562630c;85537a74e1872569f03e0fed5e8fb9eb;c7e47afdac1930aadc6630b2ffdb161b;ce8f7d335ba01839ce10eaff44daff42
83,8,8c64bb74f16d4a6c44c9b8ea5dee8543,40b2f139228855bf5f5551e8bd872ef5;c6564f15d2fbe500571311dbdb16f78f;d2c9f2abe87b5415c2eb611e9f84ef82;d784ca64e4f87b880806a766f47119f8;d7efea6d37699c9a32b715c0062ed3b3;efe68e8f9916ca5966a513f11282491c;f805582bbe48523bb1f118e4acc4a6af,156,train;val,True,1,3+3,40b2f139228855bf5f5551e8bd872ef5;8c64bb74f16d4a6c44c9b8ea5dee8543;c6564f15d2fbe500571311dbdb16f78f;d2c9f2abe87b5415c2eb611e9f84ef82;d784ca64e4f87b880806a766f47119f8;d7efea6d37699c9a32b715c0062ed3b3;efe68e8f9916ca5966a513f11282491c;f805582bbe48523bb1f118e4acc4a6af
84,8,ac07fd6531d7536124ceab1990d5227d,046b35ae95374bfb48cdca8d7c83233f;33988246de7efa7c24f3c2224cba333e;58e94ef72ca17c465d4702f55e6c0751;59c0c23b3f025bbe58e86162602ec4db;7fdda19fabed1c92c7ec50194dc96371;e78a43e9cbfaae34ae2ad4929f2f8bcd;f367f6252be10578dcadc00ded89ecd5,182,train;val,True,5,4+5,046b35ae95374bfb48cdca8d7c83233f;33988246de7efa7c24f3c2224cba333e;58e94ef72ca17c465d4702f55e6c0751;59c0c23b3f025bbe58e86162602ec4db;7fdda19fabed1c92c7ec50194dc96371;ac07fd6531d7536124ceab1990d5227d;e78a43e9cbfaae34ae2ad4929f2f8bcd;f367f6252be10578dcadc00ded89ecd5
85,7,98c7ea676add7df440b5893d776f7a6d,4a40f41b4f18ff0dffee2fefbb19ed3f;ad0c63c4474947e4fe009453a3a6147d;bfd646393bd83e42b00c235a1082a6cf;c2e7580519b62b7183c1924211ee8603;c59fbad418d8ef56859463c22c4fae79;e887a1f9af6bc40cf27342b0644ae23d,114,train;val,True,1,3+3,4a40f41b4f18ff0dffee2fefbb19ed3f;98c7ea676add7df440b5893d776f7a6d;ad0c63c4474947e4fe009453a3a6147d;bfd646393bd83e42b00c235a1082a6cf;c2e7580519b62b7183c1924211ee8603;c59fbad418d8ef56859463c22c4fae79;e887a1f9af6bc40cf27342b0644ae23d
86,7,427f804eef0ccf5d4f858288d6399c7d,4b9990a038b7b29a12d971fb17372c2e;4f504a9f8f34f1c73dd28eff81be423d;9312f1d67670056fcff9a88c21a07e7a;c874de63fb72b5c081bbea4a5a7aae65;d41a958db22d495ee02e9672d1a3e532;dec45a32f96c496a9141d49617286870,57,test;train;val,True,0,negative,427f804eef0ccf5d4f858288d6399c7d;4b9990a038b7b29a12d971fb17372c2e;4f504a9f8f34f1c73dd28eff81be423d;9312f1d67670056fcff9a88c21a07e7a;c874de63fb72b5c081bbea4a5a7aae65;d41a958db22d495ee02e9672d1a3e532;dec45a32f96c496a9141d49617286870
87,7,cb56eeb149fe1d3df30a43e374d7ab94,0bfcecec15bb9bef0c8e59e2776ee3c7;452eca104841c28098e3ea454f9626c5;81750e90bca04910ea17513321e4a204;99cc5f5b9f1a86c14dc1970defb07799;f48064fda016dbc4391c353afb9e61c0;f6f6fd84d5275c9f2caa8edb15141607,177,test;train,True,1,3+3,0bfcecec15bb9bef0c8e59e2776ee3c7;452eca104841c28098e3ea454f9626c5;81750e90bca04910ea17513321e4a204;99cc5f5b9f1a86c14dc1970defb07799;cb56eeb149fe1d3df30a43e374d7ab94;f48064fda016dbc4391c353afb9e61c0;f6f6fd84d5275c9f2caa8edb15141607
88,7,b9ddd69769597b7910120d47e6a93f06,68a68e1d6735eed0b0aec0022e5da010;7537c295737f3a982a8859919c962c66;7889a8d815877c63420df1750271bd24;876d25db23f2f8ed17646186a30bb263;b9d2a95c3c0787c9faa9901d5b86c5a1;c2cbc885637a451cb0218a599e1169c1,167,train;val,True,3,4+3,68a68e1d6735eed0b0aec0022e5da010;7537c295737f3a982a8859919c962c66;7889a8d815877c63420df1750271bd24;876d25db23f2f8ed17646186a30bb263;b9d2a95c3c0787c9faa9901d5b86c5a1;b9ddd69769597b7910120d47e6a93f06;c2cbc885637a451cb0218a599e1169c1
89,7,69ab9dae3fcb1bcb79683b95e4836252,170c91c206648c545cfe69c718c059f2;29fe9e445bbf0c9d84aec6799cbba4a5;50a159e2f93214ad4ebb0ec9c5d428f7;673449b5e46a844b12b1599781684591;7d581d0082d6ee0a32165b0f8fe216d8;aeaa36ea58cad0b8121e59321ef1d41e,49,train;val,True,0,negative,170c91c206648c545cfe69c718c059f2;29fe9e445bbf0c9d84aec6799cbba4a5;50a159e2f93214ad4ebb0ec9c5d428f7;673449b5e46a844b12b1599781684591;69ab9dae3fcb1bcb79683b95e4836252;7d581d0082d6ee0a32165b0f8fe216d8;aeaa36ea58cad0b8121e59321ef1d41e
90,7,a8e773eff750fc08a72de5075c79474f,107694232cb071255848ddca5efbe061;282cb9398d53504c4fdae1e18d2dbfbf;5d28dc81420bc0e2ee5d3ac90d5153ef;b4e5cfe0f1616168c2a4524202c85327;da2502ee900c4fd5653d4433d05c8cde;dfae643568b01d1f4ad5d86bac2f7994,195,test;train,True,2,3+4,107694232cb071255848ddca5efbe061;282cb9398d53504c4fdae1e18d2dbfbf;5d28dc81420bc0e2ee5d3ac90d5153ef;a8e773eff750fc08a72de5075c79474f;b4e5cfe0f1616168c2a4524202c85327;da2502ee900c4fd5653d4433d05c8cde;dfae643568b01d1f4ad5d86bac2f7994
91,7,4271f838ba2f13ffd46386db5248e904,04875b8121c928cc022dd6f26a307d06;244d9617bd58fa1db73ab4c1f40d298e;4517c109e23cf3b572373db82b519303;6742b677fba068f36457e397969997a6;f5440c7daa9981ec029c955999443de8;ff17b5e40b6243196d7c47b36efa4646,236,train;val,True,5,5+5,04875b8121c928cc022dd6f26a307d06;244d9617bd58fa1db73ab4c1f40d298e;4271f838ba2f13ffd46386db5248e904;4517c109e23cf3b572373db82b519303;6742b677fba068f36457e397969997a6;f5440c7daa9981ec029c955999443de8;ff17b5e40b6243196d7c47b36efa4646
92,7,cd6173efcecbac38897f78131119e59c,5d3dfae104348251b8fbc99f8d39a601;5f95d17c869a6b92214c6b0c2aebfccb;633389c0591bdabc6cfd4b0d4fc245e4;76646d841dfa7b647f6034e73417c1ee;835061458363b1b59aeb19f3a5d3e879;fc0109ca8340e1cea99e1a26e40aebd4,114,test;train,True,1,3+3,5d3dfae104348251b8fbc99f8d39a601;5f95d17c869a6b92214c6b0c2aebfccb;633389c0591bdabc6cfd4b0d4fc245e4;76646d841dfa7b647f6034e73417c1ee;835061458363b1b59aeb19f3a5d3e879;cd6173efcecbac38897f78131119e59c;fc0109ca8340e1cea99e1a26e40aebd4
93,7,3625e6a2deae10c191a3fc3b6fde9fdf,067a25212e4e5b9eab412c274ae16df6;3772be22ed5750f38e3eb653984d9b02;383832c3a141f0c57b3bdef29a9b2b76;9cce5d6a3416ccdff35bc0a9eea562ca;b9f40a94c801f5b9b958da3e4e270975;d76c8504812e17930194614c25ba21fd,165,test;train;val,True,5,4+5,067a25212e4e5b9eab412c274ae16df6;3625e6a2deae10c191a3fc3b6fde9fdf;3772be22ed5750f38e3eb653984d9b02;383832c3a141f0c57b3bdef29a9b2b76;9cce5d6a3416ccdff35bc0a9eea562ca;b9f40a94c801f5b9b958da3e4e270975;d76c8504812e17930194614c25ba21fd
94,7,1d0aa0b565ed9bdbc6c1f4a00bbc4f3d,1f60da87c3550bcd5f66be5f76416113;2ec367872ec7245522d6090ae792d6e0;3a5a4b141bdcd49744bc7fbd4f880e22;5e7fe1a769c7dd7871d42af620720625;60a98f3fee72df06894ae985cd171b06;9aa99fdb2c7e1853041be93f9c36bbab,131,train,False,1,3+3,1d0aa0b565ed9bdbc6c1f4a00bbc4f3d;1f60da87c3550bcd5f66be5f76416113;2ec367872ec7245522d6090ae792d6e0;3a5a4b141bdcd49744bc7fbd4f880e22;5e7fe1a769c7dd7871d42af620720625;60a98f3fee72df06894ae985cd171b06;9aa99fdb2c7e1853041be93f9c36bbab
95,7,dc5d3a5a2d4d114e5e4f3cd07fb55fc1,1307e25950ec553c3d02121252e6a80f;1844a09c66e370d856cefb21f5e82be4;4c2b7a2554d56944bbd074abfd206134;516f93fd6b07daa49fb374122d2664c3;e43ca92b64685313429257eab0e43c9f;e7f7bfb6b18e3a24a3d5a6815d796bc7,152,train;val,True,2,3+4,1307e25950ec553c3d02121252e6a80f;1844a09c66e370d856cefb21f5e82be4;4c2b7a2554d56944bbd074abfd206134;516f93fd6b07daa49fb374122d2664c3;dc5d3a5a2d4d114e5e4f3cd07fb55fc1;e43ca92b64685313429257eab0e43c9f;e7f7bfb6b18e3a24a3d5a6815d796bc7
96,7,345f3e86a3dcc26dce73ceeacc5a4a0a,1e0379988bc494245913cc4bb10fb8c1;328cde17511e4aa4e62e485d4dc0cea7;3f232e619560395c4a99f858d76fb5d7;9d9d0a78364c5603e14a5a644bab65ee;bdae289bd86165f1bcce2bd2afeb136e;e13ad43ca93b81c3461ec29c1ca41106,97,test;train;val,True,3,4+3,1e0379988bc494245913cc4bb10fb8c1;328cde17511e4aa4e62e485d4dc0cea7;345f3e86a3dcc26dce73ceeacc5a4a0a;3f232e619560395c4a99f858d76fb5d7;9d9d0a78364c5603e14a5a644bab65ee;bdae289bd86165f1bcce2bd2afeb136e;e13ad43ca93b81c3461ec29c1ca41106
97,7,bd3d353c7d62399239bbf5ecd28f729b,291b2132e1fb9131478b8d691406874b;5d00686aeee37bfef71ad623ab4abaa5;6ea3b98851bd9ec5522236152b8998a3;7fe78b22d81b42d3bc08fca264448aa0;a579110fe1e670847d9d146404597750;f30cd94ed55475f5a660fed3cd4cda58,89,test;train,True,0,negative,291b2132e1fb9131478b8d691406874b;5d00686aeee37bfef71ad623ab4abaa5;6ea3b98851bd9ec5522236152b8998a3;7fe78b22d81b42d3bc08fca264448aa0;a579110fe1e670847d9d146404597750;bd3d353c7d62399239bbf5ecd28f729b;f30cd94ed55475f5a660fed3cd4cda58
98,7,f709898cdc46cedb62cef65b87039218,18eb49f9b5f5b45b3a93717ec10bfd7e;2b8cded1eb60bf2f5c97be4576341a07;8df43ebd07c7eb0eeac8346283dcb5f7;95c518378ccd428a5e674c3c668e9f2e;c7276eee7269730bae81a3fde5eb1668;fa2d82bc5c90ce86b88046cd216fc720,162,test;train,True,3,4+3,18eb49f9b5f5b45b3a93717ec10bfd7e;2b8cded1eb60bf2f5c97be4576341a07;8df43ebd07c7eb0eeac8346283dcb5f7;95c518378ccd428a5e674c3c668e9f2e;c7276eee7269730bae81a3fde5eb1668;f709898cdc46cedb62cef65b87039218;fa2d82bc5c90ce86b88046cd216fc720
99,7,85023ba8cc7feea2e418d107c5bb8e92,08a8d48ec979f002383f336d988673ca;22c2e58ea58b90066e98d86bfb8a0baf;2314634bf328b5e24bc7a5a3d82c08ee;7641921e308edd4de40ad5f83db43a04;847db624a7a975df11caca3c97743359;eda92317b583435a810cac1dc7bb8025,186,train,False,0,negative,08a8d48ec979f002383f336d988673ca;22c2e58ea58b90066e98d86bfb8a0baf;2314634bf328b5e24bc7a5a3d82c08ee;7641921e308edd4de40ad5f83db43a04;847db624a7a975df11caca3c97743359;85023ba8cc7feea2e418d107c5bb8e92;eda92317b583435a810cac1dc7bb8025
100,7,f891dd5e1bd40f5d223dca5673bbf182,06fc0c8a36a83d5150fca83d5bbb2612;9f0d890a2dd6e2d2acde15c1fc6e649d;c3f6dfc5c801b1f2aed4c9e318bd015d;cd11306b822ad900babf0497b524d8d9;eab6d4eae42fed6ed8ce52aa6b313a1c;f1536f338e098d87b1164712aff106ba,173,test;train,True,5,5+5,06fc0c8a36a83d5150fca83d5bbb2612;9f0d890a2dd6e2d2acde15c1fc6e649d;c3f6dfc5c801b1f2aed4c9e318bd015d;cd11306b822ad900babf0497b524d8d9;eab6d4eae42fed6ed8ce52aa6b313a1c;f1536f338e098d87b1164712aff106ba;f891dd5e1bd40f5d223dca5673bbf182
101,7,87c2116787ff620957ecc95521bc3c0f,4d803d599e3aa34b4d4d97b0e3a6ff5b;91c2e90cf320a9e3cbaeee14fd3b44e3;a18b8758447c5791c60f0b1ae0f7a653;a59a439b05a88a8ed3210054269c7bca;c541704f5b5f35d974aab3378d11fd54;d9c9948c3c66446410dfc95adcafd115,162,test;train,True,3,4+3,4d803d599e3aa34b4d4d97b0e3a6ff5b;87c2116787ff620957ecc95521bc3c0f;91c2e90cf320a9e3cbaeee14fd3b44e3;a18b8758447c5791c60f0b1ae0f7a653;a59a439b05a88a8ed3210054269c7bca;c541704f5b5f35d974aab3378d11fd54;d9c9948c3c66446410dfc95adcafd115
102,7,ab106ca32e9155aa7e68eabef8e2ed59,6b69560eba8205a182f996d752402036;8001484017154333b90372d0055508b8;85b7018a9e5287342a1392fb02ce24a1;9e74e07bb8b89e8dd32057c623238f98;b4ec9258133fcb21d9c99fc2ae9d134e;c14beccd6b55d7b57cbc2304987b324b,229,test;train,True,0,negative,6b69560eba8205a182f996d752402036;8001484017154333b90372d0055508b8;85b7018a9e5287342a1392fb02ce24a1;9e74e07bb8b89e8dd32057c623238f98;ab106ca32e9155aa7e68eabef8e2ed59;b4ec9258133fcb21d9c99fc2ae9d134e;c14beccd6b55d7b57cbc2304987b324b
103,7,1c4653246dc78308252d47160786ad15,49a2ed9b6af2a48a788b9dd6066bdb0a;7c90a7a9ea4b644c26fa03ffd564676c;8d5860e10e09ee25e066ee7fb699453d;9716b5d2e13a28be3dc836134153720c;9a4ba048c62623465d6a7a0d8549a657;cbaaf646e582b153aa87262de00bd4a0,32,test;train,True,4,4+4,1c4653246dc78308252d47160786ad15;49a2ed9b6af2a48a788b9dd6066bdb0a;7c90a7a9ea4b644c26fa03ffd564676c;8d5860e10e09ee25e066ee7fb699453d;9716b5d2e13a28be3dc836134153720c;9a4ba048c62623465d6a7a0d8549a657;cbaaf646e582b153aa87262de00bd4a0
104,7,7eb79f3619425b7b26f3acb5de6c3fda,5f6b700d24076d52b81361befbc88af1;678662d4740c7fff8751b9c57bbf25a0;8b90a3312d9fc702a9ec8236e23065c7;9edf591d741baf346fc1ff0f42dd4ddc;a21ea7caca40bc45f043ed27ae2b573d;bebc85c00d7bbf56ebe048147b15ace4,174,test;train,True,2,3+4,5f6b700d24076d52b81361befbc88af1;678662d4740c7fff8751b9c57bbf25a0;7eb79f3619425b7b26f3acb5de6c3fda;8b90a3312d9fc702a9ec8236e23065c7;9edf591d741baf346fc1ff0f42dd4ddc;a21ea7caca40bc45f043ed27ae2b573d;bebc85c00d7bbf56ebe048147b15ace4
105,7,e2f04baa0bee5232b73ca726d29a870b,284dcd2d3d6d09fab242477dce6b69d1;376a68a1f7236d0fc5586d3d96442295;6ca9348a09b4bceff7a738ae8b37f369;90f40766a31a51bef3e27e361a65fbd4;eed22b80775127e0a2143e287d79c575;f0098375c984c08db1a94086d80e7f27,175,train;val,True,5,5+4,284dcd2d3d6d09fab242477dce6b69d1;376a68a1f7236d0fc5586d3d96442295;6ca9348a09b4bceff7a738ae8b37f369;90f40766a31a51bef3e27e361a65fbd4;e2f04baa0bee5232b73ca726d29a870b;eed22b80775127e0a2143e287d79c575;f0098375c984c08db1a94086d80e7f27
106,7,409d6815cecdf483be748a75c63c0b2e,0186f4811c9d089707d9dc7460160d88;0ace5c189da8f9f9d9cb92e85f142904;c4b83afb97bd83a7f8d83ce85cba4dc5;c55d70318adf126c5f91d224c00d2c01;cab3be5d1206bf586249afffb74ab846;fec79645cf3b92343f453b945916af29,154,train;val,True,1,3+3,0186f4811c9d089707d9dc7460160d88;0ace5c189da8f9f9d9cb92e85f142904;409d6815cecdf483be748a75c63c0b2e;c4b83afb97bd83a7f8d83ce85cba4dc5;c55d70318adf126c5f91d224c00d2c01;cab3be5d1206bf586249afffb74ab846;fec79645cf3b92343f453b945916af29
107,7,a3fcf7e4e09f8910e49ecc061b5d8c17,2071295e7aaa84c087939f5017e7f7b3;31e2791b5cab69a7ad81589bf9da9c4e;3482a1ac6b5279fb56a14504a6c9fed2;3b5b3a2cc026cf58cc19bfa66b4873e3;4ca21d08bb5a350a586fca9867943535;be2b21968d5ad6861b24d7ca54d44ad5,128,train,False,0,negative,2071295e7aaa84c087939f5017e7f7b3;31e2791b5cab69a7ad81589bf9da9c4e;3482a1ac6b5279fb56a14504a6c9fed2;3b5b3a2cc026cf58cc19bfa66b4873e3;4ca21d08bb5a350a586fca9867943535;a3fcf7e4e09f8910e49ecc061b5d8c17;be2b21968d5ad6861b24d7ca54d44ad5
108,6,3aab40b14fab46f52f53a5f85bf8ea34,2baf0e44d4c112ec9d268029638ea7f8;554970412cd2907b5a93ee5ec013965e;5f8b30f872042fe9cc2b0b312094f156;83b8997aa1ebef2e386f3daf89226538;8cd17fa38b5f8f3e658bfa55e45f509b,192,train;val,True,2,3+4,2baf0e44d4c112ec9d268029638ea7f8;3aab40b14fab46f52f53a5f85bf8ea34;554970412cd2907b5a93ee5ec013965e;5f8b30f872042fe9cc2b0b312094f156;83b8997aa1ebef2e386f3daf89226538;8cd17fa38b5f8f3e658bfa55e45f509b
109,6,a74b7e612f31cff7ed905e3c92ae83d7,35b3399925cc2f2f00d65c842b6cf536;7cda8336608881de4ecf64d5319721ec;954e9c58e7e2007d308584e35368996d;988c9deb4dc9996464fbccb6976dad1c;b97714e3e07e57a9bfc005fc830a1723,200,train;val,True,5,4+5,35b3399925cc2f2f00d65c842b6cf536;7cda8336608881de4ecf64d5319721ec;954e9c58e7e2007d308584e35368996d;988c9deb4dc9996464fbccb6976dad1c;a74b7e612f31cff7ed905e3c92ae83d7;b97714e3e07e57a9bfc005fc830a1723
110,6,6cf483d54bbae9d7fc1009a5e2cf782d,136cae2844e9f6fd15f09ccc9453e0b6;1d33889037497d32695ac48a786af6d5;2e8e1273e497a95810ed43ca7eaf09c6;3c01808e1ea1eba5f6cdd015c4738426;befda4b7504b03a7d5e9ca92f2757c41,154,test;train,True,3,4+3,136cae2844e9f6fd15f09ccc9453e0b6;1d33889037497d32695ac48a786af6d5;2e8e1273e497a95810ed43ca7eaf09c6;3c01808e1ea1eba5f6cdd015c4738426;6cf483d54bbae9d7fc1009a5e2cf782d;befda4b7504b03a7d5e9ca92f2757c41
111,6,855256cd7062aaf319512b1648249481,1c36c6b2d051fd1952232efb2613808d;60083d3faae39b546e94bd206cf4c9cd;6b356b6a114a7663f2dbe960f217601c;745fb454d6a8791d6cd69d1aa4dc90ba;e5c048da7a875e04bc632e048223309f,167,train;val,True,4,4+4,1c36c6b2d051fd1952232efb2613808d;60083d3faae39b546e94bd206cf4c9cd;6b356b6a114a7663f2dbe960f217601c;745fb454d6a8791d6cd69d1aa4dc90ba;855256cd7062aaf319512b1648249481;e5c048da7a875e04bc632e048223309f
112,6,f3ce2fe86e455dbc9fc1ddbddf94c827,26f57dc441fe3aeb40c8ab299e49137e;708b83343fa17388231d1c86557e4396;de4246495d322f1fba1889dd3783f0d5;eca989843a1006206f8af3503b71b66c;f0185737bdd21451a34f41515395244f,160,train;val,True,3,4+3,26f57dc441fe3aeb40c8ab299e49137e;708b83343fa17388231d1c86557e4396;de4246495d322f1fba1889dd3783f0d5;eca989843a1006206f8af3503b71b66c;f0185737bdd21451a34f41515395244f;f3ce2fe86e455dbc9fc1ddbddf94c827
113,6,40d6e4442b79b10865ca062d189c8913,294c41defe507592692b93bb10c33123;3a6161c02efaf0c49fe4dc6ffd76c838;4e60bebc14d01b30a0873ba7ee026dac;623055537fd299a566acf58214ae2133;6e229bc5d46c2bb07cb0ab6b64c30a48,60,test;train;val,True,1,3+3,294c41defe507592692b93bb10c33123;3a6161c02efaf0c49fe4dc6ffd76c838;40d6e4442b79b10865ca062d189c8913;4e60bebc14d01b30a0873ba7ee026dac;623055537fd299a566acf58214ae2133;6e229bc5d46c2bb07cb0ab6b64c30a48
114,6,8aaec063e9ddc9511008aaa0ae48d0ce,306c500894cef0f73406f227152ef357;b04286f0122e84d441129b1cbc2fa809;cae520ae95d1e52de8b6df570d995a11;e0d6698a658131c2240e15cf4f40efa1;e175edbb01ee93372ae54bdc1734bcf5,143,train;val,True,0,negative,306c500894cef0f73406f227152ef357;8aaec063e9ddc9511008aaa0ae48d0ce;b04286f0122e84d441129b1cbc2fa809;cae520ae95d1e52de8b6df570d995a11;e0d6698a658131c2240e15cf4f40efa1;e175edbb01ee93372ae54bdc1734bcf5
115,6,9858e810bb88db4a43c7285c3bcf2f37,072fc649567e358ff3c69f6e5c1f630f;544a71ab7a8564bf9af28402c82d70b7;d086283d558caa08041b9f13b1580737;d383a65adb84e2f3032f0c68246224eb;dafa723ac789768ed1e863cce1681e4f,131,train;val,True,0,negative,072fc649567e358ff3c69f6e5c1f630f;544a71ab7a8564bf9af28402c82d70b7;9858e810bb88db4a43c7285c3bcf2f37;d086283d558caa08041b9f13b1580737;d383a65adb84e2f3032f0c68246224eb;dafa723ac789768ed1e863cce1681e4f
116,6,321b013478d7d444ba897b75e9f71805,32291426a698e316ff990f4b93e27e98;464d35ac0644183c0891abde15a042c7;6e6c2361d595ec7d96bccb42051c0f4a;6e8abccc98b71d43a680d69b3f9af124;a72727c39add8982af8cc5b32822bb40,147,train;val,True,3,4+3,321b013478d7d444ba897b75e9f71805;32291426a698e316ff990f4b93e27e98;464d35ac0644183c0891abde15a042c7;6e6c2361d595ec7d96bccb42051c0f4a;6e8abccc98b71d43a680d69b3f9af124;a72727c39add8982af8cc5b32822bb40
117,6,4f7b524ea37437c9dc146096f3494928,536be1ccbccc0bf357bbc7e5e0a270c0;75cf9bec1ba79a53d29d9d81762e1817;77a4c2c4f65015fe548e5c07db9e805d;e7ec6453face5f38923755adeeda2677;fa347f99ad391a7ce5800ac7d161080a,116,train;val,True,0,negative,4f7b524ea37437c9dc146096f3494928;536be1ccbccc0bf357bbc7e5e0a270c0;75cf9bec1ba79a53d29d9d81762e1817;77a4c2c4f65015fe548e5c07db9e805d;e7ec6453face5f38923755adeeda2677;fa347f99ad391a7ce5800ac7d161080a
118,6,a3af37fbbe60a833bd33c10c2f88e9e9,5e334341a65fa0b9148fd9eddabbe5b0;79af987e53cfb0bf7187058829f811e0;bc9c6686eeb1ee886d3b461b2f584760;beb35c12ff6f8649daef79766c83750e;e00211e28b1305eb266b08e6e9583df1,78,train;val,True,0,negative,5e334341a65fa0b9148fd9eddabbe5b0;79af987e53cfb0bf7187058829f811e0;a3af37fbbe60a833bd33c10c2f88e9e9;bc9c6686eeb1ee886d3b461b2f584760;beb35c12ff6f8649daef79766c83750e;e00211e28b1305eb266b08e6e9583df1
119,6,b06e7d1627d5ec60135b82b4c0663898,30524fa719ca467beaeed0879835ae7a;31e82faf725d625e322f58692dd90ac1;c1d018bf50493567d288a9fdad021e6c;c45f0dc57180a2b709e13178001268ed;ec357f56de67acf8abceb244a2cdf49b,167,train,False,5,4+5,30524fa719ca467beaeed0879835ae7a;31e82faf725d625e322f58692dd90ac1;b06e7d1627d5ec60135b82b4c0663898;c1d018bf50493567d288a9fdad021e6c;c45f0dc57180a2b709e13178001268ed;ec357f56de67acf8abceb244a2cdf49b
120,6,c993a5b569eace9eb753856fde10c151,2f051c3fc82f154a76189c707c3293ea;37b66efe115f778ffd604c60995ec946;4c6a0e8134aee15172b8e37dd7972680;cb7b640bd2d43968c3bddbfaa66eb4b7;d996d408cbc9200c7254ab6955e31959,131,train,False,2,3+4,2f051c3fc82f154a76189c707c3293ea;37b66efe115f778ffd604c60995ec946;4c6a0e8134aee15172b8e37dd7972680;c993a5b569eace9eb753856fde10c151;cb7b640bd2d43968c3bddbfaa66eb4b7;d996d408cbc9200c7254ab6955e31959
121,6,bb575d53749fe2b8cb9ef5381d968808,0f958c8bbbc828b2e043e49ea39e16e2;1a09038fa60de37d48cdec28144cf98e;4dcd3e9109bd390a86bb0f72cfc80a8f;5f3435341b61628b1e308362c52a9460;934f3bcb20dfdd3e184f53df0383b9e0,224,test;train,True,4,3+5,0f958c8bbbc828b2e043e49ea39e16e2;1a09038fa60de37d48cdec28144cf98e;4dcd3e9109bd390a86bb0f72cfc80a8f;5f3435341b61628b1e308362c52a9460;934f3bcb20dfdd3e184f53df0383b9e0;bb575d53749fe2b8cb9ef5381d968808
122,6,2b8bc8c425c959228db9a99fd1b4ec66,0a107c91216d62b2543122a46eb26541;2c6b8913a7bae36c8ceb01fbd102d74f;54ce318108d4c1b9a721ecf571400f1d;69d0aae1adb4068191d4b119e45bfddc;f84a1ebc74a6004395262124e0ab1d9e,49,train;val,True,2,3+4,0a107c91216d62b2543122a46eb26541;2b8bc8c425c959228db9a99fd1b4ec66;2c6b8913a7bae36c8ceb01fbd102d74f;54ce318108d4c1b9a721ecf571400f1d;69d0aae1adb4068191d4b119e45bfddc;f84a1ebc74a6004395262124e0ab1d9e
123,6,6b3066448fce3a65fbe2bda2b8e6b364,09a9f7497e6ba14eb0a12388ca17540d;a45c077803194bf256f58964f457d5cb;caa14fb2f0bbb55d6718f0d090752a32;d6e746190b273d090aba70ccbdcf503c;eea47f9bc6d774e29cd36167365775bf,197,test;train,True,3,4+3,09a9f7497e6ba14eb0a12388ca17540d;6b3066448fce3a65fbe2bda2b8e6b364;a45c077803194bf256f58964f457d5cb;caa14fb2f0bbb55d6718f0d090752a32;d6e746190b273d090aba70ccbdcf503c;eea47f9bc6d774e29cd36167365775bf
124,6,da998451f0bdaf4e16b7b41c0881fcba,1d2e39029f1d50a22bd157b3fc4f6b16;44a0e59d540e47bd78f739e49f4b0680;742e58363ad59930dd29cd4d23e3e2e0;b68551866ec91a3417b5c51a82f807bb;bf5ca3ecbaa49be10b5d9fde82049434,148,train,False,5,4+5,1d2e39029f1d50a22bd157b3fc4f6b16;44a0e59d540e47bd78f739e49f4b0680;742e58363ad59930dd29cd4d23e3e2e0;b68551866ec91a3417b5c51a82f807bb;bf5ca3ecbaa49be10b5d9fde82049434;da998451f0bdaf4e16b7b41c0881fcba
125,6,37a8139578e30b6572bfd3d2145e6543,144b7114a9ffe98d0318301946629813;5bccc3ae5587647b3f6b3a1f807bd9ed;b25e5ec86bdfecb9335f0e683acfda87;c7bc54c0badbe7691fe5324a83f19cee;dffa5e1d1d4501837cc9aa54a56ae1a7,102,test;train,True,0,negative,144b7114a9ffe98d0318301946629813;37a8139578e30b6572bfd3d2145e6543;5bccc3ae5587647b3f6b3a1f807bd9ed;b25e5ec86bdfecb9335f0e683acfda87;c7bc54c0badbe7691fe5324a83f19cee;dffa5e1d1d4501837cc9aa54a56ae1a7
126,6,85b2c32f16826bea58d82dfd39b6d3e2,0465f4b248a57b710e02d636d595bf94;7f67cf96a4d9f32131fee1d436ecacc0;b8b631f236cb607964c258ceac5eb0bb;c93b8d5f45fb7dea353560cba2eebdde;d8b611006a6b9a4dfd31032107923951,193,test;train,True,4,4+4,0465f4b248a57b710e02d636d595bf94;7f67cf96a4d9f32131fee1d436ecacc0;85b2c32f16826bea58d82dfd39b6d3e2;b8b631f236cb607964c258ceac5eb0bb;c93b8d5f45fb7dea353560cba2eebdde;d8b611006a6b9a4dfd31032107923951
127,6,316a926df7392be710915fdaaebbf18b,5ebc2544193fed9aa6e846641a8d8f1e;789a88aa6341166fa4e3e08647d3d0e8;cf82146a7d5cfc712501c6471ccb882e;de06480e9ad90fd6fbb3b2496eb6d35b;fa6a64b3a0c696072eb77fc03e2858df,122,test;train,True,0,negative,316a926df7392be710915fdaaebbf18b;5ebc2544193fed9aa6e846641a8d8f1e;789a88aa6341166fa4e3e08647d3d0e8;cf82146a7d5cfc712501c6471ccb882e;de06480e9ad90fd6fbb3b2496eb6d35b;fa6a64b3a0c696072eb77fc03e2858df
128,6,ab81e59d765182466b1c5dce9641cc38,8cf19589a1981643086e40e44940a4c5;8e03d0bfa55336cccbfa604e66a878fb;c115a53d035363f2cc49ed0b98934b9a;c5cd08b16fd00a4d27e66bc0b133c5fb;c9c295e486e0f7f7dfb4f0fde6ff8240,167,test;train,True,2,3+4,8cf19589a1981643086e40e44940a4c5;8e03d0bfa55336cccbfa604e66a878fb;ab81e59d765182466b1c5dce9641cc38;c115a53d035363f2cc49ed0b98934b9a;c5cd08b16fd00a4d27e66bc0b133c5fb;c9c295e486e0f7f7dfb4f0fde6ff8240
129,6,3c0e4614fe9fc45936749d12d29bb127,1f80aa9a268b5ba64292bd4f7d88fe33;204a1ddef1580e571872b2d4e424b4fe;24b5ae892c0ba535fc16f5cddcbf8dcd;7c79546e808a9c6ae95c15bfe3b4b590;a038e9e20eea794b83a8b68c128b77fd,189,train,False,2,3+4,1f80aa9a268b5ba64292bd4f7d88fe33;204a1ddef1580e571872b2d4e424b4fe;24b5ae892c0ba535fc16f5cddcbf8dcd;3c0e4614fe9fc45936749d12d29bb127;7c79546e808a9c6ae95c15bfe3b4b590;a038e9e20eea794b83a8b68c128b77fd
130,6,bba3d3535ac1643bc9bb0bb1ca657b7d,4529b55616610e6206384be8245d1238;7b4620ce61fb768c0ad330e3bd9caacd;80628cfdceb87d93ff1bc91e23fb5c92;b376a3dc044849448f2fa1665243a840;d1870bceedacbf78037200cae693a8ad,208,test;train,True,4,4+4,4529b55616610e6206384be8245d1238;7b4620ce61fb768c0ad330e3bd9caacd;80628cfdceb87d93ff1bc91e23fb5c92;b376a3dc044849448f2fa1665243a840;bba3d3535ac1643bc9bb0bb1ca657b7d;d1870bceedacbf78037200cae693a8ad
131,6,65fc1018a8862bdbe4d8a063c3130a0e,6edc4da86334190089f6a093bf258ab6;7d5dbfb91ce9be33221e4ba9358326fd;82fbcd590d5506b7ce1122ee7159449d;b6084b84b97f67f4bd6adbf1fb74f2d2;f43994e34472b340e138b082c25d01e7,79,test;train,True,3,4+3,65fc1018a8862bdbe4d8a063c3130a0e;6edc4da86334190089f6a093bf258ab6;7d5dbfb91ce9be33221e4ba9358326fd;82fbcd590d5506b7ce1122ee7159449d;b6084b84b97f67f4bd6adbf1fb74f2d2;f43994e34472b340e138b082c25d01e7
132,6,86d82664f0e63cf73f03404507a6e3aa,0403dcc49b1420545299f692f7d8e270;7e8136cda906272497595cfb2088f4c4;a09c9526e3316571648552d78ac37c2d;a737733c443a5aab85263c0a8ad94e2b;cb88d17eb5534d45ea5377f92ff00bc5,268,train,False,5,5+5,0403dcc49b1420545299f692f7d8e270;7e8136cda906272497595cfb2088f4c4;86d82664f0e63cf73f03404507a6e3aa;a09c9526e3316571648552d78ac37c2d;a737733c443a5aab85263c0a8ad94e2b;cb88d17eb5534d45ea5377f92ff00bc5
133,6,7a2980fb744ca6ea7a9b5d9fa4d838bb,16272df65f00bdc126b5ca32de2b3a6b;5456189d4e5c15a790a868b70fd25625;60a18d14b13eb21b56f3d3e77a315af7;6a43f7e8b37e4f8a63ba3f178ef78016;e956c0c77d87f17644ec64ccd2abd66a,36,test;train;val,True,4,4+4,16272df65f00bdc126b5ca32de2b3a6b;5456189d4e5c15a790a868b70fd25625;60a18d14b13eb21b56f3d3e77a315af7;6a43f7e8b37e4f8a63ba3f178ef78016;7a2980fb744ca6ea7a9b5d9fa4d838bb;e956c0c77d87f17644ec64ccd2abd66a
134,6,6e4dcecad6279bd08a31ec5d920a4984,0e8b496c4be0464a4808bbbe846334a9;3d8afdc0aaa84acf0f6dec7cc35415b7;3ef789f8caa7186261ad9f77bb552c7a;bdcf536c984be757589271cd6a80066e;c23936489d103366825cbd33c09d921c,173,test;train,True,1,3+3,0e8b496c4be0464a4808bbbe846334a9;3d8afdc0aaa84acf0f6dec7cc35415b7;3ef789f8caa7186261ad9f77bb552c7a;6e4dcecad6279bd08a31ec5d920a4984;bdcf536c984be757589271cd6a80066e;c23936489d103366825cbd33c09d921c
135,6,4ebbb0e1da2ee61497432d8410567368,548a1b47c6c3d002e1fab2d2959404db;687d89772580c411d434b346e1e6c505;9f3cb251707d9950d2f6a309fc1d8ae2;a3e1e3c26c6abb4c6a8f4df1a7a17a06;c5a693a66e80be6c0326c76a4b748a64,52,train,False,4,4+4,4ebbb0e1da2ee61497432d8410567368;548a1b47c6c3d002e1fab2d2959404db;687d89772580c411d434b346e1e6c505;9f3cb251707d9950d2f6a309fc1d8ae2;a3e1e3c26c6abb4c6a8f4df1a7a17a06;c5a693a66e80be6c0326c76a4b748a64
136,6,84f098dc3c4bbd751d9f5e66098bbeca,56a882d88e118dcb77a63bfdbdf0b716;57d82e5381a64e28e1daae58c9806ab5;887d935886b409acc14fa55a3c7e05ba;d8530375294e4c94c9c2aa2c7f79c13c;eea0cd8ab449057ce50b7d411b63d6e3,171,test;train,True,3,4+3,56a882d88e118dcb77a63bfdbdf0b716;57d82e5381a64e28e1daae58c9806ab5;84f098dc3c4bbd751d9f5e66098bbeca;887d935886b409acc14fa55a3c7e05ba;d8530375294e4c94c9c2aa2c7f79c13c;eea0cd8ab449057ce50b7d411b63d6e3
137,6,30a51ed1a47b8312c8607b32e37cce85,17537cf7df9f40a7ffb523b4d2a2bb8e;2ebc99a3c4af2b3f021ab423c0ab1e8a;60d32cd009e0175fe8607166861cd430;a6b9b962c775ca68437a86bec79e6879;c4cba053efafeac85ec882e30ac6e498,169,train;val,True,1,3+3,17537cf7df9f40a7ffb523b4d2a2bb8e;2ebc99a3c4af2b3f021ab423c0ab1e8a;30a51ed1a47b8312c8607b32e37cce85;60d32cd009e0175fe8607166861cd430;a6b9b962c775ca68437a86bec79e6879;c4cba053efafeac85ec882e30ac6e498
138,6,9825a1b0d9fd541a2849af0880927c88,589fb4c43782864aa69fb1b7d08abe1c;71dbcf5569584dac2aae88cf712d22b1;a1e5671c0ba2db75e3a16f55e58b1e7d;d38193285da00a4e907e5947253ff486;d4c24da9724759ae8e6ad6358b5cb620,180,train;val,True,3,4+3,589fb4c43782864aa69fb1b7d08abe1c;71dbcf5569584dac2aae88cf712d22b1;9825a1b0d9fd541a2849af0880927c88;a1e5671c0ba2db75e3a16f55e58b1e7d;d38193285da00a4e907e5947253ff486;d4c24da9724759ae8e6ad6358b5cb620
139,5,e7db63dae4f1dbcfe945651219d34674,43111f9c3a9aca9f3b1daf09f392f3c8;7011aee2bad0c61f658a9e50aa0469e3;89d67babd435cc76b1366455fd89044f;f68f24390da7d3aa32817127bc5f7fa7,127,train;val,True,3,4+3,43111f9c3a9aca9f3b1daf09f392f3c8;7011aee2bad0c61f658a9e50aa0469e3;89d67babd435cc76b1366455fd89044f;e7db63dae4f1dbcfe945651219d34674;f68f24390da7d3aa32817127bc5f7fa7
140,5,d437a7e3fa8a822dc781e7e9c5cbf06f,39b14d182b154dde40a68ef7e9486065;5f554a63b2a187b75a1764282fbf10b6;6f50ffdccefb38de120dfb796577fd5b;b19b678ac181c02332d1ba7acb6ba436,141,train,False,3,4+3,39b14d182b154dde40a68ef7e9486065;5f554a63b2a187b75a1764282fbf10b6;6f50ffdccefb38de120dfb796577fd5b;b19b678ac181c02332d1ba7acb6ba436;d437a7e3fa8a822dc781e7e9c5cbf06f
141,5,589c60dd4940000360acc551fd112705,ada7c1420efe8ad02c918ac619c30d37;c20411ec6a9141978e0712711bdfe0f0;e9b16b6a3206f9a26acfb6fbeeab0458;eb6d35c149072c75cee433ec81ba7c49,150,train,False,0,negative,589c60dd4940000360acc551fd112705;ada7c1420efe8ad02c918ac619c30d37;c20411ec6a9141978e0712711bdfe0f0;e9b16b6a3206f9a26acfb6fbeeab0458;eb6d35c149072c75cee433ec81ba7c49
142,5,3b58fcd7537d02088146c3b4d1ba1e38,21e2ecf1c1b82030c3096263fef8b927;83cc96d7745a5a6d2e27c4dcdc9431f8;a00844370a83e216bd79a161d794c423;a2c5c5ae99d08d1397b05dc19a5b6338,171,train,False,1,3+3,21e2ecf1c1b82030c3096263fef8b927;3b58fcd7537d02088146c3b4d1ba1e38;83cc96d7745a5a6d2e27c4dcdc9431f8;a00844370a83e216bd79a161d794c423;a2c5c5ae99d08d1397b05dc19a5b6338
143,5,9d2efe13ec9a77cb295d3098f869ad20,39eb89fcccf2ffc38f65fc9874435d40;51dabbb3c216c71fa662fbad9f947939;581a0ecff3a2c886dbf5725909d210fe;d088f8e0bbd26aeec7525368606a9fd4,111,test;train;val,True,4,4+4,39eb89fcccf2ffc38f65fc9874435d40;51dabbb3c216c71fa662fbad9f947939;581a0ecff3a2c886dbf5725909d210fe;9d2efe13ec9a77cb295d3098f869ad20;d088f8e0bbd26aeec7525368606a9fd4
144,5,b119f1fd77a7da8feb9fb211e894fdb9,3c2fbe79b388eddfbdb3dfdbc36eec6d;4d37cd687a4b6e52762a21f7e6b3f3c0;cd9b8f5118bb6e5bf92edb4a5aed4455;d960f3c9327c1baa21ed849d867e29a1,179,test;train,True,4,4+4,3c2fbe79b388eddfbdb3dfdbc36eec6d;4d37cd687a4b6e52762a21f7e6b3f3c0;b119f1fd77a7da8feb9fb211e894fdb9;cd9b8f5118bb6e5bf92edb4a5aed4455;d960f3c9327c1baa21ed849d867e29a1
145,5,bda25c48ac8086cccbf2397e13166046,362766cafc41f19dd03cd605c9cb8fdd;4be06d7d1bc7ea4676a57de44d76f76c;b20b5b841b6f7c1726599e067de01bae;e6a6f4658717ef0c20e18cc89b96f4e6,163,train;val,True,2,3+4,362766cafc41f19dd03cd605c9cb8fdd;4be06d7d1bc7ea4676a57de44d76f76c;b20b5b841b6f7c1726599e067de01bae;bda25c48ac8086cccbf2397e13166046;e6a6f4658717ef0c20e18cc89b96f4e6
146,5,3ee16cef000a96c344248a90e5cfccd2,4b2af68b112c6842e2fce65b9f69473a;7105b8ee8d4c00c513b334fdfdcd6c49;8d2d81395c6a14a4683d92b7db8bf18b;a81d768e9eacac29f12201fbb1ed93ea,164,train,False,2,3+4,3ee16cef000a96c344248a90e5cfccd2;4b2af68b112c6842e2fce65b9f69473a;7105b8ee8d4c00c513b334fdfdcd6c49;8d2d81395c6a14a4683d92b7db8bf18b;a81d768e9eacac29f12201fbb1ed93ea
147,5,6610773ae6ab13f5fca25de96945cc4c,2b03baa16076f3848892001f9f5d392a;48a55edac048e97e80e63a7c55bf2afa;88ef695f58a55195f0730b4090583f4c;ae0dc2c2d5aed206f4ce5c529684580c,128,test;train,True,0,negative,2b03baa16076f3848892001f9f5d392a;48a55edac048e97e80e63a7c55bf2afa;6610773ae6ab13f5fca25de96945cc4c;88ef695f58a55195f0730b4090583f4c;ae0dc2c2d5aed206f4ce5c529684580c
148,5,1b395ce8fd3eee21b0feb260e477a197,2442cc58025c02b3d153183bb0f65bd4;971c7809d61b9389ac9359b72b95c1d6;de6b31466c0af9a7024de03a5540f1f7;f59aa908b06ae529d212effa3888e2ea,155,test;train;val,True,1,3+3,1b395ce8fd3eee21b0feb260e477a197;2442cc58025c02b3d153183bb0f65bd4;971c7809d61b9389ac9359b72b95c1d6;de6b31466c0af9a7024de03a5540f1f7;f59aa908b06ae529d212effa3888e2ea
149,5,c5e9176fa34d3fc8caccc6bb1f35003c,13e54c704fc23b77d23ea515c16bc955;756d99387536d5721fcf4cf590627179;9b4216a9961382139d571fb45e4652bb;beac155ed4bdcad4a5a4ce22717a6c58,119,test;train,True,0,negative,13e54c704fc23b77d23ea515c16bc955;756d99387536d5721fcf4cf590627179;9b4216a9961382139d571fb45e4652bb;beac155ed4bdcad4a5a4ce22717a6c58;c5e9176fa34d3fc8caccc6bb1f35003c
150,5,65bed78cb62fb1647b84775d6e98c553,2d4909a3958f29872fe825878a8df373;4d929aa6fe44ea0737891aff4f927818;75e041fb7c1d1188888c2010c856095b;8654f1e5bde97ee6dbb0c890aa9f10b3,173,test;train,True,3,4+3,2d4909a3958f29872fe825878a8df373;4d929aa6fe44ea0737891aff4f927818;65bed78cb62fb1647b84775d6e98c553;75e041fb7c1d1188888c2010c856095b;8654f1e5bde97ee6dbb0c890aa9f10b3
151,5,65bf2cc6f9ed1eed86b8e7a908efe834,27e9213748b0ca86fc5c49d1279102ee;93b69d2902a418c407b43b1da3248c8d;be4ed7eb6be88b0c859a7dbdea0c90fc;da610fb22e9ba742ebb7a9117b2f24cc,173,test;train;val,True,2,3+4,27e9213748b0ca86fc5c49d1279102ee;65bf2cc6f9ed1eed86b8e7a908efe834;93b69d2902a418c407b43b1da3248c8d;be4ed7eb6be88b0c859a7dbdea0c90fc;da610fb22e9ba742ebb7a9117b2f24cc
152,5,210411ec362d79a5e34b8b0fdbd60745,2ce35862db5e157ec48188318c015576;a2fe40846d781b8b5e86e87da1955a8d;d1ebc07cf1375909d41a2021249820e5;f776385879402e2940d3627015c3a58b,142,train;val,True,3,4+3,210411ec362d79a5e34b8b0fdbd60745;2ce35862db5e157ec48188318c015576;a2fe40846d781b8b5e86e87da1955a8d;d1ebc07cf1375909d41a2021249820e5;f776385879402e2940d3627015c3a58b
153,5,b2ed25818b60032cf273066b9ae43c0d,57af8fa4543f49ebd8daf1fde15b9c8c;5b439c3bf2ed699b136dc5ca939873bc;7c7189f32365e258a898eb268281337a;e31d9b2e94f0a5774796a8e8affe0180,185,train;val,True,5,5+4,57af8fa4543f49ebd8daf1fde15b9c8c;5b439c3bf2ed699b136dc5ca939873bc;7c7189f32365e258a898eb268281337a;b2ed25818b60032cf273066b9ae43c0d;e31d9b2e94f0a5774796a8e8affe0180
154,5,bc4305fd88503b73edcecdffeef190fa,41cb4989ff5f99e7fee7af7e666e8319;88e65e1d716893e6efdbd2464b3686fa;b99ca5db00eca6566d106abce9cba70c;bf779325c9c16f04957839ba92518ab8,21,train,False,5,5+5,41cb4989ff5f99e7fee7af7e666e8319;88e65e1d716893e6efdbd2464b3686fa;b99ca5db00eca6566d106abce9cba70c;bc4305fd88503b73edcecdffeef190fa;bf779325c9c16f04957839ba92518ab8
155,5,dcdea3763106a19e15cc052a3a251f9e,378e5f9c174b753e2269e584ba82a086;903c88d5dc12315b4f6e9d6ad6b82537;9cacb539b16561b6987029301b5f4bff;baa52ab819b61626c7ca027dfca5bf31,110,test;train,True,1,3+3,378e5f9c174b753e2269e584ba82a086;903c88d5dc12315b4f6e9d6ad6b82537;9cacb539b16561b6987029301b5f4bff;baa52ab819b61626c7ca027dfca5bf31;dcdea3763106a19e15cc052a3a251f9e
156,5,bde825d297da93b518ecc510d1f17dfe,40f53e192b5ef10af5d9f176cb1705bc;758abc79f666a398d3d3bde30eb9db2e;7657e325f5f8e11b05ea3428ba89b53d;b35fe0cb1edc0b16f24480fe83e8b987,105,test;train,True,3,4+3,40f53e192b5ef10af5d9f176cb1705bc;758abc79f666a398d3d3bde30eb9db2e;7657e325f5f8e11b05ea3428ba89b53d;b35fe0cb1edc0b16f24480fe83e8b987;bde825d297da93b518ecc510d1f17dfe
157,5,78d70c1732ef444ad636a5d3e2ae733c,97eafd1718347f62144da935984b7c60;a8e96a9ccdebc9ad76b206493270f670;ad52bc1015f33bb777ea49504f87988a;bf1d001ccf13938721098d0f5f3ab546,125,train,False,5,5+4,78d70c1732ef444ad636a5d3e2ae733c;97eafd1718347f62144da935984b7c60;a8e96a9ccdebc9ad76b206493270f670;ad52bc1015f33bb777ea49504f87988a;bf1d001ccf13938721098d0f5f3ab546
158,5,b133f9748d2e61bbd5bd7b55b60157fe,051a2228aadbb0d44e61f8507114a4c0;08b92dd5bd510ff336949f1042c11991;6210281e975f738e94a5643d366e3b09;72b46ce40040292c972e5c8fc84f857d,234,train,False,4,5+3,051a2228aadbb0d44e61f8507114a4c0;08b92dd5bd510ff336949f1042c11991;6210281e975f738e94a5643d366e3b09;72b46ce40040292c972e5c8fc84f857d;b133f9748d2e61bbd5bd7b55b60157fe
159,5,89f8bfd1bbefd9ed29720eee5713b2c9,5f40e0b339592b1b70f17134a06abf98;87668b74a71c46e1794107bb5f32d44d;9ad778a5756c42441beb803ad8318fec;afbd2c0c897b2a9cb459c5a598cfdd9c,180,test;train,True,5,4+5,5f40e0b339592b1b70f17134a06abf98;87668b74a71c46e1794107bb5f32d44d;89f8bfd1bbefd9ed29720eee5713b2c9;9ad778a5756c42441beb803ad8318fec;afbd2c0c897b2a9cb459c5a598cfdd9c
160,5,3901caec5d914bf20a44f176469b0294,24c62d554f43181518499236941d6163;5005f9cc40ba417daf4ceefa86fab751;865f64d013137396b5cfc7bb3888a56e;ba8e50f3e374a63eae8af2f9d9a7acb0,133,test;train;val,True,1,3+3,24c62d554f43181518499236941d6163;3901caec5d914bf20a44f176469b0294;5005f9cc40ba417daf4ceefa86fab751;865f64d013137396b5cfc7bb3888a56e;ba8e50f3e374a63eae8af2f9d9a7acb0
161,5,a48b27a0f0f78595b8d71a4b373acf81,5c6a9d25b7c602062f4095c2518aa46a;7fa4634ab59a7832bc877fef162eacaa;a1f79e44db2ca88a3c1b330af1343d61;fa1a79a5248bf5f5742fb14dabc070c6,109,train;val,True,3,4+3,5c6a9d25b7c602062f4095c2518aa46a;7fa4634ab59a7832bc877fef162eacaa;a1f79e44db2ca88a3c1b330af1343d61;a48b27a0f0f78595b8d71a4b373acf81;fa1a79a5248bf5f5742fb14dabc070c6
162,5,299cda5b6769ede928f02624c46f1bf0,47f750f4872babd55dfbe6864811b5b5;bd2e601260328eb00f086c777d514bf2;d4f83e0d9b46e89cd5e9da401f625bce;d9b76603ea5a351942248655981b90b0,183,train;val,True,2,3+4,299cda5b6769ede928f02624c46f1bf0;47f750f4872babd55dfbe6864811b5b5;bd2e601260328eb00f086c777d514bf2;d4f83e0d9b46e89cd5e9da401f625bce;d9b76603ea5a351942248655981b90b0
163,5,94357950df8207565fbe7d59a3084a1c,2577c90f6ee46adf9d3f7c16ba8db9c3;34f9cb8a992bc7fab6593d27d59f6abe;585673c1e2a7911db8386224726284ed;9f417ac219c2a547808dd1c143f66e27,129,test;train;val,True,0,negative,2577c90f6ee46adf9d3f7c16ba8db9c3;34f9cb8a992bc7fab6593d27d59f6abe;585673c1e2a7911db8386224726284ed;94357950df8207565fbe7d59a3084a1c;9f417ac219c2a547808dd1c143f66e27
164,5,5a89e95c1dfe4f320ac954517281f9eb,15a3396c7f121c19977fb8cf543da766;3cb4631d3f2db61bfa503633d37dc45a;c4a30ab614d7d3e37e99434341191331;c4e0ad6ea862813515ef53b70ad8021e,38,train;val,True,4,4+4,15a3396c7f121c19977fb8cf543da766;3cb4631d3f2db61bfa503633d37dc45a;5a89e95c1dfe4f320ac954517281f9eb;c4a30ab614d7d3e37e99434341191331;c4e0ad6ea862813515ef53b70ad8021e
165,5,d284c0c04e9c24ed036a882a92823ec5,8b1293493098a9bd999ef0c0dfdee134;9bc5cd695f30b6f98e65dc356cf6c656;9cc0b83fe973227ce03e633f5c6e5d8b;a068d48cb0127a48b4b8c8574b39a2e3,151,train;val,True,3,4+3,8b1293493098a9bd999ef0c0dfdee134;9bc5cd695f30b6f98e65dc356cf6c656;9cc0b83fe973227ce03e633f5c6e5d8b;a068d48cb0127a48b4b8c8574b39a2e3;d284c0c04e9c24ed036a882a92823ec5
166,5,ea72eb500f523697eee190bcedc8f0dd,365966c438c314e225b1c81cccacb187;3b9f1f0f05ca4c7cfd2000d7ae41f242;c2097792be4e003096aada72e7317a66;c23c7dc1f98cf30339ed926849413355,195,train;val,True,3,4+3,365966c438c314e225b1c81cccacb187;3b9f1f0f05ca4c7cfd2000d7ae41f242;c2097792be4e003096aada72e7317a66;c23c7dc1f98cf30339ed926849413355;ea72eb500f523697eee190bcedc8f0dd
167,5,9c9a1315dee1ffce88d48728455c1199,302fb7c22e2b2addcb939501b25882f9;3b82f3a80bd8bef6a0353a4443185c4e;a4effa6d0c2e32e36e45f32f9e7e4977;b677231c72557e88e600d142bd41649a,221,test;train,True,5,4+5,302fb7c22e2b2addcb939501b25882f9;3b82f3a80bd8bef6a0353a4443185c4e;9c9a1315dee1ffce88d48728455c1199;a4effa6d0c2e32e36e45f32f9e7e4977;b677231c72557e88e600d142bd41649a
168,5,0c86c8cc04ce1ef02e6f280a932a2624,1c3cb1efbcd042da9d3f1939f4c8418d;1e1862f8927813cacf7391cc55848ba4;63e602ffc3e1fc9e5f05e13a74999f02;8fced11c69f98368c493a9fdb733544c,212,test;train,True,5,5+4,0c86c8cc04ce1ef02e6f280a932a2624;1c3cb1efbcd042da9d3f1939f4c8418d;1e1862f8927813cacf7391cc55848ba4;63e602ffc3e1fc9e5f05e13a74999f02;8fced11c69f98368c493a9fdb733544c
169,5,c0a8a6e08e518643663b9635eea0eddc,046bac77a58c1be84a6418904e755280;66ac9acd0174425c2ad47448fc55ca45;6bdd4158abad8cc5af266f1845eb065d;7e69ef88f9064f2df373d006968ca5a6,197,test;train;val,True,2,3+4,046bac77a58c1be84a6418904e755280;66ac9acd0174425c2ad47448fc55ca45;6bdd4158abad8cc5af266f1845eb065d;7e69ef88f9064f2df373d006968ca5a6;c0a8a6e08e518643663b9635eea0eddc
170,5,b800f38e7f2bb9751e332a03e92d2a1f,2fe856ea963cd9d023f693db12fe696e;318ff075e5d3a785584049343b93843b;c3fbbd442c89676b42a2f49ef7428b30;e0ca5e9b18d9d563d7b6a4fe3d919f89,110,train,False,0,negative,2fe856ea963cd9d023f693db12fe696e;318ff075e5d3a785584049343b93843b;b800f38e7f2bb9751e332a03e92d2a1f;c3fbbd442c89676b42a2f49ef7428b30;e0ca5e9b18d9d563d7b6a4fe3d919f89
171,5,2edf6cc7696c91d86eb86413fa9c82d7,2e2d3ed2069dd704dde97c3d6d194b94;376ef68c69c0f8d101868342a2d50b55;4fbcad209342f96710a73a57aa14a55f;aa7ce2c5b9e3fba65a6502469a9e7d32,238,train;val,True,5,4+5,2e2d3ed2069dd704dde97c3d6d194b94;2edf6cc7696c91d86eb86413fa9c82d7;376ef68c69c0f8d101868342a2d50b55;4fbcad209342f96710a73a57aa14a55f;aa7ce2c5b9e3fba65a6502469a9e7d32
172,5,e4fe4288bba2a29f9ad2eadbce43cf80,171f7bcb6ead41478ece0bc757ea7e09;4b6bda9f84d5ceb4ba81db95e382933c;8c8fc85ded58f6e097a0aca8c56c35e0;983631022096bc36a1a690d72db6b1d3,136,train,False,3,4+3,171f7bcb6ead41478ece0bc757ea7e09;4b6bda9f84d5ceb4ba81db95e382933c;8c8fc85ded58f6e097a0aca8c56c35e0;983631022096bc36a1a690d72db6b1d3;e4fe4288bba2a29f9ad2eadbce43cf80
173,5,df386686a83a221eda2801df56e60bcd,0f5c20d93b7c6b92fafc26069ebe239b;10cb295e2db9ac2cd1f32523b401d95a;4170f061044a480249355b4dcc4306cc;70537a4b7d85e72fb377f1ced5ebd5a2,148,test;train,True,0,negative,0f5c20d93b7c6b92fafc26069ebe239b;10cb295e2db9ac2cd1f32523b401d95a;4170f061044a480249355b4dcc4306cc;70537a4b7d85e72fb377f1ced5ebd5a2;df386686a83a221eda2801df56e60bcd
174,5,ab17f187d0cf1522c838108906131162,a58058bcddd545690af8cbb09f71783a;bafd986d05ece7f6ac85544866c21877;bd6c97b7f40595c43cc6a609f03a442b;c1273fbac7df8d2188b1854ae6584e14,154,train,False,0,negative,a58058bcddd545690af8cbb09f71783a;ab17f187d0cf1522c838108906131162;bafd986d05ece7f6ac85544866c21877;bd6c97b7f40595c43cc6a609f03a442b;c1273fbac7df8d2188b1854ae6584e14
175,5,bd1a900e27cf317aa19176446e05df47,00a26aaa82c959624d90dfb69fcf259c;0e305c4d31f47db36c44a1d55d389193;65ac6785f8184368e0a4a2e031b048d4;8b175b733c6b5a19f107d7cd9cdd1b06,164,test;train,True,4,4+4,00a26aaa82c959624d90dfb69fcf259c;0e305c4d31f47db36c44a1d55d389193;65ac6785f8184368e0a4a2e031b048d4;8b175b733c6b5a19f107d7cd9cdd1b06;bd1a900e27cf317aa19176446e05df47
176,5,7453f914420e9b89a68dae903210b8b8,58476708525d4b4fb5308d069645e097;5f712fa46f7c0d69e8d9a4b6cd9327bc;66dc57a3320d9abd25eaf8b74c07c7bb;eaec64217afad712384c73f33591e422,195,train;val,True,2,3+4,58476708525d4b4fb5308d069645e097;5f712fa46f7c0d69e8d9a4b6cd9327bc;66dc57a3320d9abd25eaf8b74c07c7bb;7453f914420e9b89a68dae903210b8b8;eaec64217afad712384c73f33591e422
177,5,62795965d1330a135f09938efb22fb6f,89fbdb6764c16e5901842b67da4b34c1;ba688af0eaf8cb53ccca7ee628a4691a;e63d457e162ff5875c8475210734f704;f0197942d5cd986426ed3550e562d495,175,train,False,0,negative,62795965d1330a135f09938efb22fb6f;89fbdb6764c16e5901842b67da4b34c1;ba688af0eaf8cb53ccca7ee628a4691a;e63d457e162ff5875c8475210734f704;f0197942d5cd986426ed3550e562d495
178,5,2a837ababa0cb124818a3b4852244711,4c25d8ba4a2ecabe2b69b901c994e2dd;7545bb72e9432d63018ce7cc1c0ad80b;b8affdee909004e05802b957c7d6e61c;d2ddf3569a3480f94bccb1c995efd8ec,178,test;train,True,1,3+3,2a837ababa0cb124818a3b4852244711;4c25d8ba4a2ecabe2b69b901c994e2dd;7545bb72e9432d63018ce7cc1c0ad80b;b8affdee909004e05802b957c7d6e61c;d2ddf3569a3480f94bccb1c995efd8ec
179,5,091b756470ae8748ad9384fb9eb73574,5842e1854d2e47373e8ede504d525071;63e3797b14a1c9dbedcaa4c5be4b9924;b63cd7e9557adcd7ad081fd8bd069539;c415d5066e843809c2e74381c391cb7e,173,train,False,3,4+3,091b756470ae8748ad9384fb9eb73574;5842e1854d2e47373e8ede504d525071;63e3797b14a1c9dbedcaa4c5be4b9924;b63cd7e9557adcd7ad081fd8bd069539;c415d5066e843809c2e74381c391cb7e
180,5,080b829ec59528590e76b57d25fdda55,02d302a8d723fa00331f373091b29135;3b270128881636a1af2e73865943fb1f;765f379ba8bbc988d29c8e706512d053;7ec4b5a5d165debf9e06aba787d1ab7a,181,train,False,3,4+3,02d302a8d723fa00331f373091b29135;080b829ec59528590e76b57d25fdda55;3b270128881636a1af2e73865943fb1f;765f379ba8bbc988d29c8e706512d053;7ec4b5a5d165debf9e06aba787d1ab7a
181,5,7d61619d2dfb5efc0f22a4d48775698d,1b117dcc119ec9a258eccc88bd419b0f;6447c06bb4e5d34646a8e0c97c10b588;8520e95c49091fe5676146fcedfb3793;fc6a695ba44f4b64425c522f590bac48,171,train;val,True,0,negative,1b117dcc119ec9a258eccc88bd419b0f;6447c06bb4e5d34646a8e0c97c10b588;7d61619d2dfb5efc0f22a4d48775698d;8520e95c49091fe5676146fcedfb3793;fc6a695ba44f4b64425c522f590bac48
182,5,a43c01d2b679f67377e6909bd94128a5,32ff402bc897175da9f8cef21d98e3f7;d5c40ec532586debe95b6ff9f2233f0f;d74a1b24f9d958f9a1b28298afc95168;d94046cd69c8102ff1e1a871077c7984,186,train;val,True,5,4+5,32ff402bc897175da9f8cef21d98e3f7;a43c01d2b679f67377e6909bd94128a5;d5c40ec532586debe95b6ff9f2233f0f;d74a1b24f9d958f9a1b28298afc95168;d94046cd69c8102ff1e1a871077c7984
183,5,539afe8ddc8d58e7a0c07463298fb019,26a271cd2fdd034304566deb6bcfdafe;871e9ccf18d457762de141db98a043e7;aba474656aab9e8efc7c8c512fc1fb48;ff811b8f07ef6d31cb60dbd6ad7b0f6c,175,test;train;val,True,0,negative,26a271cd2fdd034304566deb6bcfdafe;539afe8ddc8d58e7a0c07463298fb019;871e9ccf18d457762de141db98a043e7;aba474656aab9e8efc7c8c512fc1fb48;ff811b8f07ef6d31cb60dbd6ad7b0f6c
184,5,c57f886720b4042062b470f807bf1212,0cb2ce337d1a2073f68553d15eacb3a8;2a5c483208aa31a6867e091f6f14bbc5;a273a79b0d6373074b9f75aafd1dd11c;bf5c95be359c44a28f03fcf7c7ffc2c8,189,test;train,True,4,5+3,0cb2ce337d1a2073f68553d15eacb3a8;2a5c483208aa31a6867e091f6f14bbc5;a273a79b0d6373074b9f75aafd1dd11c;bf5c95be359c44a28f03fcf7c7ffc2c8;c57f886720b4042062b470f807bf1212
185,5,ce5f21729823eb5d67ce2d874844e70d,0ef695aff0f8378645f8de807856cc0c;39026a5b4f7486acd7ab9d02482ff69b;93a53e5582574f10426754a9ee48619d;b8c6eb182fab355d181d222b34ae9dc1,145,train;val,True,0,negative,0ef695aff0f8378645f8de807856cc0c;39026a5b4f7486acd7ab9d02482ff69b;93a53e5582574f10426754a9ee48619d;b8c6eb182fab355d181d222b34ae9dc1;ce5f21729823eb5d67ce2d874844e70d
186,5,b521d20219d57de33e48f6ccda6a24c8,15081ecc0dd0de8694dd86e1dab23e54;5a19b7514d9adb447ed6aa694811f1eb;8f4163f9e76ce4d47678985228bace09;9f8dfe7b06ca41af4fa89f7deaf3b050,116,train;val,True,0,negative,15081ecc0dd0de8694dd86e1dab23e54;5a19b7514d9adb447ed6aa694811f1eb;8f4163f9e76ce4d47678985228bace09;9f8dfe7b06ca41af4fa89f7deaf3b050;b521d20219d57de33e48f6ccda6a24c8
187,5,ebbdc2a69a66aa07cc0b56dee6b04e8d,6f0935638b47295c4e35008366c8768b;799e5493454e8e8e4f75d383846625b0;c979acbb9e62ffc47c44cd16adc3bfd2;fe8b4d94ce299ed485c900f05ae508d3,159,test;train,True,1,3+3,6f0935638b47295c4e35008366c8768b;799e5493454e8e8e4f75d383846625b0;c979acbb9e62ffc47c44cd16adc3bfd2;ebbdc2a69a66aa07cc0b56dee6b04e8d;fe8b4d94ce299ed485c900f05ae508d3
188,5,b3c60fbbe0aaf63d8ca7ffd939643934,21707f5853f0d1d7f0cdd6cf4c49a704;3af3acea1b27322f4739f69684830d32;6107645595db6058bffe3bc4b260883f;e7043a7f067f15e7a833df1f0e9c7a7a,150,test;train;val,True,3,4+3,21707f5853f0d1d7f0cdd6cf4c49a704;3af3acea1b27322f4739f69684830d32;6107645595db6058bffe3bc4b260883f;b3c60fbbe0aaf63d8ca7ffd939643934;e7043a7f067f15e7a833df1f0e9c7a7a
189,5,70d813b5e09d4fdac98c761c15c28a62,130e070fe606be39506ac1dc4bd7f5bf;1c8a65cafba1a82092bf5ff231205f71;69e6550df1d1713b0bde6c627c42deab;b57e87397f4281b1d3a918c7bd2c9e3a,89,train,False,3,4+3,130e070fe606be39506ac1dc4bd7f5bf;1c8a65cafba1a82092bf5ff231205f71;69e6550df1d1713b0bde6c627c42deab;70d813b5e09d4fdac98c761c15c28a62;b57e87397f4281b1d3a918c7bd2c9e3a
190,5,4056ca62c7372fc17eb1cb55d58f0866,5c023def11d24939459afd3e3cb69620;ddd302c374af146eeff0408e2b5da995;e03c543c7d61b179d0cb66f8c94f80cf;e6ba38a0847082104bfcbd7ec1bf6f49,140,train,False,5,4+5,4056ca62c7372fc17eb1cb55d58f0866;5c023def11d24939459afd3e3cb69620;ddd302c374af146eeff0408e2b5da995;e03c543c7d61b179d0cb66f8c94f80cf;e6ba38a0847082104bfcbd7ec1bf6f49
191,4,dd036a4ae490d912713ea354b58d8eb9,a807e743ad2020d229347aede1882a8f;b2ade8c8cf0f8da5d999e116da8cf41c;fcaa47a2c6a94bdd2ba3618c6f0f2050,176,train;val,True,3,4+3,a807e743ad2020d229347aede1882a8f;b2ade8c8cf0f8da5d999e116da8cf41c;dd036a4ae490d912713ea354b58d8eb9;fcaa47a2c6a94bdd2ba3618c6f0f2050
192,4,0794712a5fdd9d31bdb4ea7c4f175054,0b90de9a5e884982c165c6f2a46c5762;6be53a9c6190b5a9240fac9b5b5eef58;f6a5026c3875a441ac93945bd4ba9c18,159,test;train,True,2,3+4,0794712a5fdd9d31bdb4ea7c4f175054;0b90de9a5e884982c165c6f2a46c5762;6be53a9c6190b5a9240fac9b5b5eef58;f6a5026c3875a441ac93945bd4ba9c18
193,4,cb9bc923249b183c8fc5b904f622695e,0c514de56dcdc9d3b7b71173361a5b7b;5abf7737cdd199a1b7ca5af6d653696f;904abf17bb3b1052483e2b026d2a2a7e,137,test;train,True,2,3+4,0c514de56dcdc9d3b7b71173361a5b7b;5abf7737cdd199a1b7ca5af6d653696f;904abf17bb3b1052483e2b026d2a2a7e;cb9bc923249b183c8fc5b904f622695e
194,4,63640094b0365a514d60fc15e94de729,1eac3c664f2d65ed9aa575797fa5a682;aca465b1eb4bbea86b38939c897a462a;b5981366ea2c3b0ea604092c3ba670ab,214,train;val,True,4,4+4,1eac3c664f2d65ed9aa575797fa5a682;63640094b0365a514d60fc15e94de729;aca465b1eb4bbea86b38939c897a462a;b5981366ea2c3b0ea604092c3ba670ab
195,4,bb3a7b890dcf2383df0b8c6636100512,14cff64d674f558dc47ee5e817b7f671;c5b7afdd9e4cd1b13dd545fe28735620;e02a4e6752db30ddfe21a7c2cab7470b,113,train,False,1,3+3,14cff64d674f558dc47ee5e817b7f671;bb3a7b890dcf2383df0b8c6636100512;c5b7afdd9e4cd1b13dd545fe28735620;e02a4e6752db30ddfe21a7c2cab7470b
196,4,fbec0ff75cf34743b0143538e59c4641,77545268b9c0cec2fd73b7cb9e03d66b;886682be4f834c17abfcbd5137374279;ca8d1d9139e69459bfbd3fdfbd909e8e,31,train;val,True,0,negative,77545268b9c0cec2fd73b7cb9e03d66b;886682be4f834c17abfcbd5137374279;ca8d1d9139e69459bfbd3fdfbd909e8e;fbec0ff75cf34743b0143538e59c4641
197,4,b788300a50ab73f893b63ce6a9c08f9d,87c150feed1c5b7c7b4f80739cfc1060;c7a9409b4cc4821c6fb23346db4c2433;feac91652a1c5accff08217d19116f1c,214,train;val,True,1,3+3,87c150feed1c5b7c7b4f80739cfc1060;b788300a50ab73f893b63ce6a9c08f9d;c7a9409b4cc4821c6fb23346db4c2433;feac91652a1c5accff08217d19116f1c
198,4,a341bd2f51b0913bed2a23c315287002,1ae5bb38e69e00f22cb087a4d2237b43;32a9b5b85a1b52d9a9a677aef9d0b837;c2701c13451133bb51ae89e03f77e88d,196,train;val,True,3,4+3,1ae5bb38e69e00f22cb087a4d2237b43;32a9b5b85a1b52d9a9a677aef9d0b837;a341bd2f51b0913bed2a23c315287002;c2701c13451133bb51ae89e03f77e88d
199,4,27fd3bb44c76fb86e26ca77b4e92f7a0,6b47d60ee262e38e5bf082837c3ca24d;6bb4cd81976d643a0fdb67c50636d01c;f2d4965abc424e27c5d482ac0155ffd1,193,train,False,5,4+5,27fd3bb44c76fb86e26ca77b4e92f7a0;6b47d60ee262e38e5bf082837c3ca24d;6bb4cd81976d643a0fdb67c50636d01c;f2d4965abc424e27c5d482ac0155ffd1
200,4,50467a6acf3c242827713dc6dd1b5836,55321af8983669e2145d69e518fbc54c;9b238129762edd83f472e5b3abf9e639;f02b9020d7bc40972be3d30d13b745c4,160,train,False,4,3+5,50467a6acf3c242827713dc6dd1b5836;55321af8983669e2145d69e518fbc54c;9b238129762edd83f472e5b3abf9e639;f02b9020d7bc40972be3d30d13b745c4
201,4,34159ad757c19c1bded93e4505dc2903,2d1ab39f0ff6e7285467da5c26750d20;7db49c48802f5608f38c993982b1dcec;9a0fc7a2679d20d5c7bab1f220316e58,159,train,False,4,4+4,2d1ab39f0ff6e7285467da5c26750d20;34159ad757c19c1bded93e4505dc2903;7db49c48802f5608f38c993982b1dcec;9a0fc7a2679d20d5c7bab1f220316e58
202,4,725f6e74ba6aed08098c779047a19559,4ec6654ea6a3bb662c245cb0e45e6f6b;8546b73cb1496ba85aed909ee151290b;f13cd8ec6e6fde523a0a065b62086d3c,142,train,False,2,3+4,4ec6654ea6a3bb662c245cb0e45e6f6b;725f6e74ba6aed08098c779047a19559;8546b73cb1496ba85aed909ee151290b;f13cd8ec6e6fde523a0a065b62086d3c
203,4,f6ffc86aa0c22f0f0e6bb3b5c3dd79e9,644c556ebc3fc0c4345e328f8523308c;9b7a3bed1f74654040a37290572015c5;d61cca1e607df1b865e3975a5b2d74da,139,train;val,True,0,negative,644c556ebc3fc0c4345e328f8523308c;9b7a3bed1f74654040a37290572015c5;d61cca1e607df1b865e3975a5b2d74da;f6ffc86aa0c22f0f0e6bb3b5c3dd79e9
204,4,492bf65046ad2ac9f710930418b15a75,05cc3233dcb5489d2333ee62339a3226;5a04db2e75874b0e5c55ee71692ea92c;d0461ccb7f1b70ee7dc3188422e246d9,170,train,False,0,negative,05cc3233dcb5489d2333ee62339a3226;492bf65046ad2ac9f710930418b15a75;5a04db2e75874b0e5c55ee71692ea92c;d0461ccb7f1b70ee7dc3188422e246d9
205,4,9878c2c100b5bad2fac735ef46a0321e,73b0a645fdadb31c74ffba963d4350bc;80705f12096390b55d4445485bae5eba;eefb2c8c791cf40c6a5ca8b131d475f4,87,test;train,True,0,negative,73b0a645fdadb31c74ffba963d4350bc;80705f12096390b55d4445485bae5eba;9878c2c100b5bad2fac735ef46a0321e;eefb2c8c791cf40c6a5ca8b131d475f4
206,4,a4eca9510f704c55f2ac2cadd6bc2d6b,254fbd7f21925ba7732800213af7ed47;7d579241dab0290d2f36f36ef460a5fb;a82f9f71cde84001ecc92ccb09eccb5c,200,train;val,True,3,4+3,254fbd7f21925ba7732800213af7ed47;7d579241dab0290d2f36f36ef460a5fb;a4eca9510f704c55f2ac2cadd6bc2d6b;a82f9f71cde84001ecc92ccb09eccb5c
207,4,480dc522c58d59f6a6eb7b5351352d16,141c3b4a9a4a0411e144ddf2f642eb21;4c9cb3b8e0f18845b3911cdc31d6fa94;dca769d431e4b8b64a5c72d6a8663738,110,train,False,4,4+4,141c3b4a9a4a0411e144ddf2f642eb21;480dc522c58d59f6a6eb7b5351352d16;4c9cb3b8e0f18845b3911cdc31d6fa94;dca769d431e4b8b64a5c72d6a8663738
208,4,aa3d385635fdfe96d5194d0f0991b565,4aac539cdb139eb4549013b591084c4f;52385ac03a42f5ba4629f4c486abe591;9f94f5b3ae0b2cf5b345a46ba1a32f1b,132,test;train;val,True,0,negative,4aac539cdb139eb4549013b591084c4f;52385ac03a42f5ba4629f4c486abe591;9f94f5b3ae0b2cf5b345a46ba1a32f1b;aa3d385635fdfe96d5194d0f0991b565
209,4,c704708bcb669c0198feba47bf9f2c81,08e90c44bcfe29aa64beff429f94e291;68d28aa1831633cd996a227062f03bee;b4cf33ec7b1e290ddd47e83a454ada12,93,test;train,True,1,3+3,08e90c44bcfe29aa64beff429f94e291;68d28aa1831633cd996a227062f03bee;b4cf33ec7b1e290ddd47e83a454ada12;c704708bcb669c0198feba47bf9f2c81
210,4,9df270613df3c7eb10ec71bfc1aebde3,3d0fd9f2d0044ce12d01fd6eeeb32161;7e43dec1572c29fac7a8e6ed7905e927;ba79259f809a3397afb951e3f604bd90,197,train;val,True,3,4+3,3d0fd9f2d0044ce12d01fd6eeeb32161;7e43dec1572c29fac7a8e6ed7905e927;9df270613df3c7eb10ec71bfc1aebde3;ba79259f809a3397afb951e3f604bd90
211,4,97845cbd34d7c2f9ea7d76fa931f5412,10d3ed411fb2f2e829fd5574e76160cc;6e0dbb5af39a9b7199796dbe16fc5765;8adde008fe7f97d5bf11b602b89a6377,218,train;val,True,2,3+4,10d3ed411fb2f2e829fd5574e76160cc;6e0dbb5af39a9b7199796dbe16fc5765;8adde008fe7f97d5bf11b602b89a6377;97845cbd34d7c2f9ea7d76fa931f5412
212,4,391ffc7ec4eefb3d19575a93b7641bcc,64d89f6270efae268f99717bfbf288e8;b0ba9ace7fe4fb08dd1538d83425ec94;f41758ea4ca2fa1520cfe98a4c064e54,146,train,False,0,negative,391ffc7ec4eefb3d19575a93b7641bcc;64d89f6270efae268f99717bfbf288e8;b0ba9ace7fe4fb08dd1538d83425ec94;f41758ea4ca2fa1520cfe98a4c064e54
213,4,d04a52ee5ed0a35c5741c7276eb0a063,7d0ddf6bf84b1b3d6c8dafe1ab13c4ec;867b4fa9b0b2cc3aa0bafe948d72804a;fd545ee9fe42ed0eeb216fd4be3af3d2,123,train,False,5,4+5,7d0ddf6bf84b1b3d6c8dafe1ab13c4ec;867b4fa9b0b2cc3aa0bafe948d72804a;d04a52ee5ed0a35c5741c7276eb0a063;fd545ee9fe42ed0eeb216fd4be3af3d2
214,4,b9445f54b56479caf17cc14534d4ff79,028dc05d52d1dd336952a437f2852a0a;58b7c3ce1d0d5a2c1d9f321695d60577;b6d692b8d90c1bd9273bc36690796a8e,167,test;train;val,True,5,5+4,028dc05d52d1dd336952a437f2852a0a;58b7c3ce1d0d5a2c1d9f321695d60577;b6d692b8d90c1bd9273bc36690796a8e;b9445f54b56479caf17cc14534d4ff79
215,4,b41f0b32a816a16c397a07996a997306,42045280ad96d543a1edb099b0b05940;6dcece3682e1f8d8772be8dd3649b1ab;a1623edb50042b97567bc9662436c264,116,train,False,3,4+3,42045280ad96d543a1edb099b0b05940;6dcece3682e1f8d8772be8dd3649b1ab;a1623edb50042b97567bc9662436c264;b41f0b32a816a16c397a07996a997306
216,4,38f32b275b2bf74ee659cd5acdb14a8b,b245cf055b22a9d837cc4f5c97b63a8c;b498ef879c259999363dafe50f2b7acc;fab7172275db33a4e186e6deeb435a7b,127,train;val,True,5,5+5,38f32b275b2bf74ee659cd5acdb14a8b;b245cf055b22a9d837cc4f5c97b63a8c;b498ef879c259999363dafe50f2b7acc;fab7172275db33a4e186e6deeb435a7b
217,4,a0f29ff13fb03dd08b6aaeaf4bcac6ed,3d996f4f37fbcafa4a98f6cc8205784f;4ccf0ed8147b12fd0214ef72b3f574b9;c7bb258907e3d1c4cb536166645f7d52,105,test;train,True,0,negative,3d996f4f37fbcafa4a98f6cc8205784f;4ccf0ed8147b12fd0214ef72b3f574b9;a0f29ff13fb03dd08b6aaeaf4bcac6ed;c7bb258907e3d1c4cb536166645f7d52
218,4,a9ff261ddbae34cbbb6b5d5c0f2d1ce6,06cab87cd7a132bd8eaa30aa1ea42434;50385e37db3576fbc30b26f7258921cd;a954e34aa74d5c6646a52e605263f187,181,train,False,2,3+4,06cab87cd7a132bd8eaa30aa1ea42434;50385e37db3576fbc30b26f7258921cd;a954e34aa74d5c6646a52e605263f187;a9ff261ddbae34cbbb6b5d5c0f2d1ce6
219,4,f671b51a5aae50ac44610a380de4fdb7,05f4e9415af9fdabc19109c980daf5ad;cb1b1213d0db6f21fa337069570f296c;f80762497aaa467658859f20ca56f875,231,train,False,5,4+5,05f4e9415af9fdabc19109c980daf5ad;cb1b1213d0db6f21fa337069570f296c;f671b51a5aae50ac44610a380de4fdb7;f80762497aaa467658859f20ca56f875
220,4,76512fc338f0cdc3252fb1e4a0d7709c,4edba0c8cc0e39bac58aba99442b60a8;a3bf6f7cc8d798b1a4516f91837e4cdd;a6e3d28846a05057588ca4a6b7bbc3ee,173,test;train,True,4,4+4,4edba0c8cc0e39bac58aba99442b60a8;76512fc338f0cdc3252fb1e4a0d7709c;a3bf6f7cc8d798b1a4516f91837e4cdd;a6e3d28846a05057588ca4a6b7bbc3ee
221,4,46ba7e08ffab2db7ec66bc84b2f7efbe,1f060ebd06b1a771a40c42acf064f694;243d8c9814f5982607fd7297137bc801;8c72125b59c871657b90358f53dab131,106,train,False,3,4+3,1f060ebd06b1a771a40c42acf064f694;243d8c9814f5982607fd7297137bc801;46ba7e08ffab2db7ec66bc84b2f7efbe;8c72125b59c871657b90358f53dab131
222,4,aaee8c7e09fa4b50c160acd7e3302cfd,5de921452c721c77d8ffa775b9241542;d1df1946a0d00bdf843cbbedbe98fa4b;dbd4f6f4fee92f77e8847f704635df6a,185,train,False,5,4+5,5de921452c721c77d8ffa775b9241542;aaee8c7e09fa4b50c160acd7e3302cfd;d1df1946a0d00bdf843cbbedbe98fa4b;dbd4f6f4fee92f77e8847f704635df6a
223,4,f9c41c926032f8ec5db4c05b86dd2749,7ae412eda1a4203bb31484fdcdf0864d;aecf833bf307570b6dd2b3f8d104e9c6;cde5025e8daabf4a99d549a6d76442f3,176,train,False,4,4+4,7ae412eda1a4203bb31484fdcdf0864d;aecf833bf307570b6dd2b3f8d104e9c6;cde5025e8daabf4a99d549a6d76442f3;f9c41c926032f8ec5db4c05b86dd2749
224,4,115bd4dfe4bfd01f17f11c13eb61a77c,3ea2b7849d7ce4fccad168565e8e669e;5da72569e3908391620c3fc13b3fd821;fe309f77902a9790166ad50bbeda0eb5,113,train,False,2,3+4,115bd4dfe4bfd01f17f11c13eb61a77c;3ea2b7849d7ce4fccad168565e8e669e;5da72569e3908391620c3fc13b3fd821;fe309f77902a9790166ad50bbeda0eb5
225,4,878be7ee5bdda3b29e2417f6dc93af64,2fd7cbd01f3cecb64e915a0a62121cda;46f1c6a77e6de339e042fbb6334ae713;bd9022853225c1e8a46bc9eca27533f0,75,train,False,0,negative,2fd7cbd01f3cecb64e915a0a62121cda;46f1c6a77e6de339e042fbb6334ae713;878be7ee5bdda3b29e2417f6dc93af64;bd9022853225c1e8a46bc9eca27533f0
226,4,511a33b7aeb1153407ed2d55cae001c8,043489a629f6bdec1d08515a6daabb78;08347bf830e78903e36a81168c4342f9;f1a748bf771215ce5a166846e8d9af79,118,train;val,True,1,3+3,043489a629f6bdec1d08515a6daabb78;08347bf830e78903e36a81168c4342f9;511a33b7aeb1153407ed2d55cae001c8;f1a748bf771215ce5a166846e8d9af79
227,4,ad9edb9b14bbf3ae9abd4f861c5462c7,20ec7cf1e184baab03dad85a1a601532;c7579439b6073eed35a3df5a541b3949;e90abe191f61b6fed6d6781c8305fe4b,103,test;train,True,4,4+4,20ec7cf1e184baab03dad85a1a601532;ad9edb9b14bbf3ae9abd4f861c5462c7;c7579439b6073eed35a3df5a541b3949;e90abe191f61b6fed6d6781c8305fe4b
228,4,b74de57b5c614e1a1bbd5475c5fdff3a,58accdf477bd85e51be2e67c291b0896;87667e72b7fa0491a09fc9555894bfbe;d40af49780ea57bf40bd6248938a832e,184,test;train,True,0,negative,58accdf477bd85e51be2e67c291b0896;87667e72b7fa0491a09fc9555894bfbe;b74de57b5c614e1a1bbd5475c5fdff3a;d40af49780ea57bf40bd6248938a832e
229,4,205afeef1c18c6455b3a99703cdfb8df,5b63be15731e9414734353fa1b91adb4;846ffdd927cf1a58e0c5a2507e83d85f;bd044fc0a6c80e3f94bdbefb3d36cdff,165,test;train,True,2,3+4,205afeef1c18c6455b3a99703cdfb8df;5b63be15731e9414734353fa1b91adb4;846ffdd927cf1a58e0c5a2507e83d85f;bd044fc0a6c80e3f94bdbefb3d36cdff
230,4,0fee48bfc0a56f57a07134f30f54ca49,214461bdbd0837e1188244d0cad99460;6a8d4ffb2841130c1817f5650b52d4cd;b13de5e3add05a187e393d0eef314891,182,train,False,3,4+3,0fee48bfc0a56f57a07134f30f54ca49;214461bdbd0837e1188244d0cad99460;6a8d4ffb2841130c1817f5650b52d4cd;b13de5e3add05a187e393d0eef314891
231,4,05b09773ad1b34275f0b5adee3c650ab,294017fb97e4fec299eb8e83fd2d3be2;9a22abb1da9fc91bb8ae7b91bfe1451e;9f572190657b6219d9757d886e328690,165,train,False,3,4+3,05b09773ad1b34275f0b5adee3c650ab;294017fb97e4fec299eb8e83fd2d3be2;9a22abb1da9fc91bb8ae7b91bfe1451e;9f572190657b6219d9757d886e328690
232,4,8e45b3d90a0b2ff168f2851d2b0efad7,3a182bad75cc603d81f6b423849fc6a4;3ed6a37e2e5a9a48ebfe9a8f6e2f1a39;59ef609e7ecd81d89e8d8cb3efd73646,210,test;train;val,True,5,5+4,3a182bad75cc603d81f6b423849fc6a4;3ed6a37e2e5a9a48ebfe9a8f6e2f1a39;59ef609e7ecd81d89e8d8cb3efd73646;8e45b3d90a0b2ff168f2851d2b0efad7
233,4,275d8bdfde4df9a23274d06788c7ec38,4ada62a4e80e0cc01ceac327b2f5c57f;9e1d450a04253ab097601c9934fb5e6a;e920b4b7fadf9463723ecd4e5755c485,144,train;val,True,0,negative,275d8bdfde4df9a23274d06788c7ec38;4ada62a4e80e0cc01ceac327b2f5c57f;9e1d450a04253ab097601c9934fb5e6a;e920b4b7fadf9463723ecd4e5755c485
234,4,f2d2bf5ba62bbc2dcd973520a6953f57,037f29b7d62479c7fb257903f401269a;85b43e64b68fce39237fcfaf32d5a7d7;fdb9d38ce2b5a1d31bb030cd2d3a03b9,133,train;val,True,0,negative,037f29b7d62479c7fb257903f401269a;85b43e64b68fce39237fcfaf32d5a7d7;f2d2bf5ba62bbc2dcd973520a6953f57;fdb9d38ce2b5a1d31bb030cd2d3a03b9
235,4,9c37e4cad0a3fd8edae320d73c314e8c,0c88d7c7033e2048b1068e208b105270;42c0d2324381e596483e201577d0d9b0;e0dbde719b3f28fa7ef3e429b44c6d41,200,test;train,True,4,4+4,0c88d7c7033e2048b1068e208b105270;42c0d2324381e596483e201577d0d9b0;9c37e4cad0a3fd8edae320d73c314e8c;e0dbde719b3f28fa7ef3e429b44c6d41
236,4,c2296406fa9de6a029e798d89a1c8734,28d2e92f40bdd98d7cd5275fa448fe2d;549f87924e4800a7112f6edd5c250ebe;9335fbc722c3feb51e73c142238a0751,54,train,False,0,negative,28d2e92f40bdd98d7cd5275fa448fe2d;549f87924e4800a7112f6edd5c250ebe;9335fbc722c3feb51e73c142238a0751;c2296406fa9de6a029e798d89a1c8734
237,4,8b8338194dd8175d057bdc068ba44945,5d04a3fbf6bc76e526f4d1c3d763229f;69f32b20f51e4166809a29e594764865;f5bed5601a8e1f32043ff77755d957d0,69,train,False,0,negative,5d04a3fbf6bc76e526f4d1c3d763229f;69f32b20f51e4166809a29e594764865;8b8338194dd8175d057bdc068ba44945;f5bed5601a8e1f32043ff77755d957d0
238,4,441265c6b4598e9bcd10bc10eb6293cc,7a1b601b146af835cef2bc71ea599c65;b77a9076b560f05dec87198633e8e00b;ccc369b1011a0bf8ab0d11b2ac495bc8,147,test;train,True,3,4+3,441265c6b4598e9bcd10bc10eb6293cc;7a1b601b146af835cef2bc71ea599c65;b77a9076b560f05dec87198633e8e00b;ccc369b1011a0bf8ab0d11b2ac495bc8
239,4,66557aa92abab5f0eaa6a7c03d17bff1,0d495f9f23cac774653c41214c574425;28fe202d59a8ebbac9bb63ea093236d8;f746e9703e48b20b6c64c1b9dce29d8a,165,train,False,0,negative,0d495f9f23cac774653c41214c574425;28fe202d59a8ebbac9bb63ea093236d8;66557aa92abab5f0eaa6a7c03d17bff1;f746e9703e48b20b6c64c1b9dce29d8a
240,4,954c4fc8d1287b99baa0d4937ecd0ac2,3bb8426f5536b507843d3c99ab0a5e8e;3c659b2837afab3af6b952fcbaa6a515;6226ebfc1f9b743a8b02db4eb7145738,159,train,False,2,3+4,3bb8426f5536b507843d3c99ab0a5e8e;3c659b2837afab3af6b952fcbaa6a515;6226ebfc1f9b743a8b02db4eb7145738;954c4fc8d1287b99baa0d4937ecd0ac2
241,4,3d4cd7d76ac3fd28bcb64af6e7a4ad9e,4a445aac57bd6e284f3ea4bd3ee9198f;59afbd8eceb90a30ccfb99eb039fa5eb;da8a2cc5804ba27b9767059bb1a99e42,139,test;train,True,3,4+3,3d4cd7d76ac3fd28bcb64af6e7a4ad9e;4a445aac57bd6e284f3ea4bd3ee9198f;59afbd8eceb90a30ccfb99eb039fa5eb;da8a2cc5804ba27b9767059bb1a99e42
242,4,0efdb66c93d6b474d93dfe41e40be6ca,0bd231c85b2695e2cf021299e67a6afc;3112c494c644128c2a0f7fbc1e9a23f1;977d38c17c1f872ed1c550c52e984986,25,test;train,True,5,5+5,0bd231c85b2695e2cf021299e67a6afc;0efdb66c93d6b474d93dfe41e40be6ca;3112c494c644128c2a0f7fbc1e9a23f1;977d38c17c1f872ed1c550c52e984986
243,4,8a31a42bb904f022190f57733ccef19c,00928370e2dfeb8a507667ef1d4efcbb;184ade4deb68e6299183b68f1289ca5b;dbea7c288aa2fe12ecb79d7138ad5896,233,train,False,5,4+5,00928370e2dfeb8a507667ef1d4efcbb;184ade4deb68e6299183b68f1289ca5b;8a31a42bb904f022190f57733ccef19c;dbea7c288aa2fe12ecb79d7138ad5896
244,4,9d53a24212ba6cb0107e681d9e39a9cc,6cff031b8d7dd8c2cf34364ad1ee6c1a;c62d1ee20abb4c019758656681c0b4d9;eea7a758b49d5765cc9a8fe2ed6599fc,137,train,False,2,3+4,6cff031b8d7dd8c2cf34364ad1ee6c1a;9d53a24212ba6cb0107e681d9e39a9cc;c62d1ee20abb4c019758656681c0b4d9;eea7a758b49d5765cc9a8fe2ed6599fc
245,4,bb96341b3835968d02a0d02ff4def303,6ddb61c8bad32ffc60da3a6c96e85b49;c176d5630828984c57bf0c94751145a8;d6f1c51db42f3d11c7001141d7b417a7,144,test;train,True,0,negative,6ddb61c8bad32ffc60da3a6c96e85b49;bb96341b3835968d02a0d02ff4def303;c176d5630828984c57bf0c94751145a8;d6f1c51db42f3d11c7001141d7b417a7
246,4,4b9636cb1e3f5012072099379e9af72e,17ae9e54799a59930cca9015e503ac07;1d435035f56a641e0fa2c9eea34bd8f2;fe89be6f6d97552f6b2f921c621f6dcb,137,test;train,True,0,negative,17ae9e54799a59930cca9015e503ac07;1d435035f56a641e0fa2c9eea34bd8f2;4b9636cb1e3f5012072099379e9af72e;fe89be6f6d97552f6b2f921c621f6dcb
247,4,c47cd88262e0b75801a3aa1bc96aba0a,0ec5bf6cbb0a9195b4db46173203a848;4c72ab6a23ced34d785ea2e413239639;c37af9634aac2e27a80dbc6f115f583c,128,train,False,2,3+4,0ec5bf6cbb0a9195b4db46173203a848;4c72ab6a23ced34d785ea2e413239639;c37af9634aac2e27a80dbc6f115f583c;c47cd88262e0b75801a3aa1bc96aba0a
248,4,b0ee38976e71dfbfba705974713ee612,53a0d392e204cdbaa181fe636dd62600;7adbbe8f689e5d5c0593855b056f7019;ae63763dc4f4fad673ec942dfe1c0ea9,151,train;val,True,3,4+3,53a0d392e204cdbaa181fe636dd62600;7adbbe8f689e5d5c0593855b056f7019;ae63763dc4f4fad673ec942dfe1c0ea9;b0ee38976e71dfbfba705974713ee612
249,4,4035885f764d0e277b0a7f058711c6ba,0cc2bae4e8f80349576daadd44897024;48176351db9eb0d9066ac09610039e6d;6523c91279b338c2527c4fb6c80ab542,164,train;val,True,0,negative,0cc2bae4e8f80349576daadd44897024;4035885f764d0e277b0a7f058711c6ba;48176351db9eb0d9066ac09610039e6d;6523c91279b338c2527c4fb6c80ab542
250,4,677998d30fbf0b08e100dc31f2fcc0ee,1c63335d177c12cab2b3baa2ccf4c328;3e1160cd1ee5bb7c72a9ab1b5837eba2;749bbeaeb604f1b95ef49b17f9ffa417,188,train,False,3,4+3,1c63335d177c12cab2b3baa2ccf4c328;3e1160cd1ee5bb7c72a9ab1b5837eba2;677998d30fbf0b08e100dc31f2fcc0ee;749bbeaeb604f1b95ef49b17f9ffa417
251,4,4fce030094773bdf132fd81c5febce40,814e03e0dabe52a24961a88e331c43f7;f9b0585f3bed42786c6c9fc199e59dc8;fd2ad62fe51a4ab6f4786f116d7e5eaa,165,train,False,3,4+3,4fce030094773bdf132fd81c5febce40;814e03e0dabe52a24961a88e331c43f7;f9b0585f3bed42786c6c9fc199e59dc8;fd2ad62fe51a4ab6f4786f116d7e5eaa
252,4,149fd3c5d3ede543589633ea0e711c24,2f711ff54c15f3d9d627cb5e98b278fb;b0de7c7d835587ccfe43edd3eb647817;dfb94f6d16ff40e04681be2c2fde7fcd,123,test;train,True,1,3+3,149fd3c5d3ede543589633ea0e711c24;2f711ff54c15f3d9d627cb5e98b278fb;b0de7c7d835587ccfe43edd3eb647817;dfb94f6d16ff40e04681be2c2fde7fcd
253,4,232539a9ca7dcc82d7a5577e394305f3,1955abe61aaf0edc0a62aed6d25f00e5;90b662751c94e02232830cc4b5d2db16;f17470445cda06cb72f8c016bfcd4e79,185,train,False,4,4+4,1955abe61aaf0edc0a62aed6d25f00e5;232539a9ca7dcc82d7a5577e394305f3;90b662751c94e02232830cc4b5d2db16;f17470445cda06cb72f8c016bfcd4e79
254,4,9fa83904c27e09a6403eeb8dffe0b292,283624a201d08d9abc72c51af1da7923;3ee71993acdc2ab83790ea25fafe319d;c00150f4dde0bf6e3c62c57c33d77731,211,test;train,True,1,3+3,283624a201d08d9abc72c51af1da7923;3ee71993acdc2ab83790ea25fafe319d;9fa83904c27e09a6403eeb8dffe0b292;c00150f4dde0bf6e3c62c57c33d77731
255,4,3531763820dc825219b9d6283721a959,49a0c86e2a3844bf8173990d5a5ad279;79f2a04c4e2d558d425dc137ca300e14;96c62d8799651597247be49bf790d585,162,test;train,True,0,negative,3531763820dc825219b9d6283721a959;49a0c86e2a3844bf8173990d5a5ad279;79f2a04c4e2d558d425dc137ca300e14;96c62d8799651597247be49bf790d585
256,4,366cff575902d8a3e43cf0634e05d96c,04e31b936f51091d43cb805a30084533;591a3db736f25c66b1261f01615e599b;8b45517c6411802b7f978e32cf741a33,180,test;train;val,True,4,4+4,04e31b936f51091d43cb805a30084533;366cff575902d8a3e43cf0634e05d96c;591a3db736f25c66b1261f01615e599b;8b45517c6411802b7f978e32cf741a33
257,4,76d4adfe37540b9f618888092c2bc162,8679a305ae1cb7b2ed35c30529650e47;90ca0914d80d3877bb710d95ab9de2be;ebb6a080d72e09f6481721ef9f88c472,203,train;val,True,2,3+4,76d4adfe37540b9f618888092c2bc162;8679a305ae1cb7b2ed35c30529650e47;90ca0914d80d3877bb710d95ab9de2be;ebb6a080d72e09f6481721ef9f88c472
258,4,7bb9269813e03e9e784a87f3a2486f04,00c46b336b5b06423fcdec1b4d5bee06;0dccbb58add854759951038d5ee736ab;62bfdd9e66e2cfee7f6e69c7d22b11f2,172,train,False,1,3+3,00c46b336b5b06423fcdec1b4d5bee06;0dccbb58add854759951038d5ee736ab;62bfdd9e66e2cfee7f6e69c7d22b11f2;7bb9269813e03e9e784a87f3a2486f04
259,4,a9752cd05aa514a3102e9d8f0edeb8f7,4e95048eb0c0413e5fc648b1447cf651;a08c211e99f5213d2c8e93e39b02cd8f;c64dd4f75e74ee4c23f27a8d99a3ed19,134,test;train,True,3,4+3,4e95048eb0c0413e5fc648b1447cf651;a08c211e99f5213d2c8e93e39b02cd8f;a9752cd05aa514a3102e9d8f0edeb8f7;c64dd4f75e74ee4c23f27a8d99a3ed19
260,4,177832eff75d0ffb22520e6c8a052e6f,6c8b94e99dbb1f65b73e1e8e32469689;ee83e1603d89100f6546368fe275aaa5;fb5fd7ab15e699998a30b36fe169431b,108,train,False,3,4+3,177832eff75d0ffb22520e6c8a052e6f;6c8b94e99dbb1f65b73e1e8e32469689;ee83e1603d89100f6546368fe275aaa5;fb5fd7ab15e699998a30b36fe169431b
261,4,0fb3565c36d9c379d64120b4367a83da,35b2e442142f53c58e83e1a0f0636472;8dbedd97ed2b7b01525d6800d52ae073;a0e3ae771cc087ecfd5251a95043f1f0,182,test;train,True,3,4+3,0fb3565c36d9c379d64120b4367a83da;35b2e442142f53c58e83e1a0f0636472;8dbedd97ed2b7b01525d6800d52ae073;a0e3ae771cc087ecfd5251a95043f1f0
262,4,7b87b209b60e844a1b74a6e92edaa89b,103b9b34a5c6a68bccd320b924513711;25c0f98758c3fb09bc2070d1dca0a299;da15226ed2a9ca5a83e831a9c57f5380,114,train;val,True,0,negative,103b9b34a5c6a68bccd320b924513711;25c0f98758c3fb09bc2070d1dca0a299;7b87b209b60e844a1b74a6e92edaa89b;da15226ed2a9ca5a83e831a9c57f5380
263,4,70fa73960db8729c176876aefff96562,06a7dc123ee1cd1a88b5563bb332666c;462839866ad252b9bbf2c34be653745e;ff1ca9ec7c9d1694dcacaf5176976967,174,train,False,5,4+5,06a7dc123ee1cd1a88b5563bb332666c;462839866ad252b9bbf2c34be653745e;70fa73960db8729c176876aefff96562;ff1ca9ec7c9d1694dcacaf5176976967
264,4,92d9151ac1696151907d63db1116efa1,5ed6b9a9612f58fb7a5ed2c9b9b32fe4;91b53c8308cd140ab55518b1df7a370d;e62a7175ca466fb365631d124972c0a8,218,train;val,True,3,4+3,5ed6b9a9612f58fb7a5ed2c9b9b32fe4;91b53c8308cd140ab55518b1df7a370d;92d9151ac1696151907d63db1116efa1;e62a7175ca466fb365631d124972c0a8
265,4,fd3b376d8b119c3a43e93e57710616fd,27a0805c02fc2d0fa9baff39ab5f36d6;3aeefd7ef9247470d465682c556c0c61;f33ee63b980e520ee01b85dc9edb8fa4,180,train,False,0,negative,27a0805c02fc2d0fa9baff39ab5f36d6;3aeefd7ef9247470d465682c556c0c61;f33ee63b980e520ee01b85dc9edb8fa4;fd3b376d8b119c3a43e93e57710616fd
266,4,019f98ef49bcbff0b0bb513b7d66fcf5,0e50d62c5d764fabebe2a05877bbdef6;3768074389f48288edbc2c79261dea2b;7269db31c46c18a2c42711373b7ac592,49,train,False,1,3+3,019f98ef49bcbff0b0bb513b7d66fcf5;0e50d62c5d764fabebe2a05877bbdef6;3768074389f48288edbc2c79261dea2b;7269db31c46c18a2c42711373b7ac592
267,4,57ac237fd7804341517927ced4353c71,45bc46a31180f65994e37850418e237b;cbff820f299b577e2af5ed136b6ef6eb;f85334e801a490f557571e1ee2ec7a5a,209,train,False,5,4+5,45bc46a31180f65994e37850418e237b;57ac237fd7804341517927ced4353c71;cbff820f299b577e2af5ed136b6ef6eb;f85334e801a490f557571e1ee2ec7a5a
268,4,64da3d4f81810f32e01269233955515e,02e57c6acba29013ec3f1732ec373afe;15ea2d5d326ff73f1f5b25bf7721232a;4cf118a3431367ed792a1a9444a948d9,182,test;train,True,2,3+4,02e57c6acba29013ec3f1732ec373afe;15ea2d5d326ff73f1f5b25bf7721232a;4cf118a3431367ed792a1a9444a948d9;64da3d4f81810f32e01269233955515e
269,4,daace2b519f2e64bb96e205344e39f50,9868a54bf110a952ac11af9f4659c5e1;e936e9d9d5d3a8136ae9e5c4ae048cdc;fbed3981222546871069cdc71f07c996,125,train,False,1,3+3,9868a54bf110a952ac11af9f4659c5e1;daace2b519f2e64bb96e205344e39f50;e936e9d9d5d3a8136ae9e5c4ae048cdc;fbed3981222546871069cdc71f07c996
270,4,1866ab99cc028bbb8ed656f1181215f1,c0fe8ca3041bec9fb48e60537e3ab02f;ebb2cd4c02707a6d648b8e986f72210b;f75c7cec3ddc9fbff27aca59b01c5bf5,159,test;train;val,True,3,4+3,1866ab99cc028bbb8ed656f1181215f1;c0fe8ca3041bec9fb48e60537e3ab02f;ebb2cd4c02707a6d648b8e986f72210b;f75c7cec3ddc9fbff27aca59b01c5bf5
271,4,dd549fc1dbc7db15b94d1a0cfd7de309,18157fa5a744739d34a3c498e4aa8dab;955f09b99664b07b0cf18768c84f2253;e8b5dc4dc51b355c689b8bed7d8cc7c1,198,train,False,5,4+5,18157fa5a744739d34a3c498e4aa8dab;955f09b99664b07b0cf18768c84f2253;dd549fc1dbc7db15b94d1a0cfd7de309;e8b5dc4dc51b355c689b8bed7d8cc7c1
272,4,6029eceba97e1f924eec2b51df4f8daf,1f722fff98986499a0aea339cd05a75d;55d91c32710982de78a975ed0f45395c;e2ecc681ff1778f6fa897e95221deab8,119,train,False,1,3+3,1f722fff98986499a0aea339cd05a75d;55d91c32710982de78a975ed0f45395c;6029eceba97e1f924eec2b51df4f8daf;e2ecc681ff1778f6fa897e95221deab8
273,4,0ad4f3538ae67d99a7dbfcc01b2d2dd8,35f629e359399d425289242b698b3f66;62a71ed08b3b22927770cebec65e380a;f9c3775b0d8868f38c4f86ca51ca84f6,165,train;val,True,2,3+4,0ad4f3538ae67d99a7dbfcc01b2d2dd8;35f629e359399d425289242b698b3f66;62a71ed08b3b22927770cebec65e380a;f9c3775b0d8868f38c4f86ca51ca84f6
274,4,6022674dabca016474586aa350e7a67e,125ed8b10ae6c064811a76636e949515;62493361edf8bb1ee5391d66b64af60f;f2d3ffcb3aa600272d70fe13b62a56e9,192,train,False,4,5+3,125ed8b10ae6c064811a76636e949515;6022674dabca016474586aa350e7a67e;62493361edf8bb1ee5391d66b64af60f;f2d3ffcb3aa600272d70fe13b62a56e9
275,4,04952a4d6f0309a8a317a56ad88d9145,433a1eea85c4450c1814a8ad781ff244;660731988fc83bd94ff232ce81367420;e0c370969267c34db431130a881e72f4,76,train,False,0,negative,04952a4d6f0309a8a317a56ad88d9145;433a1eea85c4450c1814a8ad781ff244;660731988fc83bd94ff232ce81367420;e0c370969267c34db431130a881e72f4
276,4,abfe06f56b989f9e1d6034b12bb885d8,99a799d89d57d1dd0b40728a6b7796ee;b8ec9675d05cc0c83f4b1060d5a71cc5;bb0dfd783c80c4485da90113a01ea8ae,150,train;val,True,4,4+4,99a799d89d57d1dd0b40728a6b7796ee;abfe06f56b989f9e1d6034b12bb885d8;b8ec9675d05cc0c83f4b1060d5a71cc5;bb0dfd783c80c4485da90113a01ea8ae
277,4,63943deba402196b1f80f92b23881ddc,8179b356509349b2d8ecae80e6a4a826;a9dc6f6175a76e18031ad38fc9c08026;ee2eff16873d8db59ea97fb8ad5e58c7,216,train;val,True,1,3+3,63943deba402196b1f80f92b23881ddc;8179b356509349b2d8ecae80e6a4a826;a9dc6f6175a76e18031ad38fc9c08026;ee2eff16873d8db59ea97fb8ad5e58c7
278,4,ef7dabd0c4060d46ea36db75136bb57e,237d42417a3621368cfb0a3280d3f252;aab7d22839e8ac0821aa2cdd1650b39a;b481b56617ce096435cb591adc6dd0b9,135,train;val,True,4,4+4,237d42417a3621368cfb0a3280d3f252;aab7d22839e8ac0821aa2cdd1650b39a;b481b56617ce096435cb591adc6dd0b9;ef7dabd0c4060d46ea36db75136bb57e
279,4,e692db297233f27312315e8a5c75c32a,8ddd6a0c4628dbfdcd6d3bcb0fa1ecbc;a5e35549c722d53da64190d30859d7f3;fb39e72460b6da6ea5e9c8efbee2c78c,128,test;train,True,1,3+3,8ddd6a0c4628dbfdcd6d3bcb0fa1ecbc;a5e35549c722d53da64190d30859d7f3;e692db297233f27312315e8a5c75c32a;fb39e72460b6da6ea5e9c8efbee2c78c
280,4,71e9b5fc5cd1125e0d4c4d54c2a1c701,11253234dfdb3f8252246a66f3440d6f;19cd8d1657528f7d4895398a6fd093ec;28ca3539cc4b25b0a3d571c1fe108aba,196,train;val,True,4,4+4,11253234dfdb3f8252246a66f3440d6f;19cd8d1657528f7d4895398a6fd093ec;28ca3539cc4b25b0a3d571c1fe108aba;71e9b5fc5cd1125e0d4c4d54c2a1c701
281,4,97a072070bccd353b385580daed8b3f5,55204bdec9718d7d1e3c17a8f452c0f5;bae29f6c79dd4b58689b3d7351a1da09;d5cef9fcc30f71c7d24d00114bcfecd5,164,train;val,True,3,4+3,55204bdec9718d7d1e3c17a8f452c0f5;97a072070bccd353b385580daed8b3f5;bae29f6c79dd4b58689b3d7351a1da09;d5cef9fcc30f71c7d24d00114bcfecd5
282,4,22aa8069a9ed5dd4884ae19dd73ad716,56cbb29cfb7448a5250255d7c729102b;5ed3bb060e0e6d7fe6472f1982e530e9;bb492e6591b672120e827dfd3f6be873,130,train;val,True,3,4+3,22aa8069a9ed5dd4884ae19dd73ad716;56cbb29cfb7448a5250255d7c729102b;5ed3bb060e0e6d7fe6472f1982e530e9;bb492e6591b672120e827dfd3f6be873
283,4,cf6d2d5e9dd37892e7aeb4cd12f76db3,211a6f165958a7c3f77b5a9b83cb111e;6071aa8ba6c71f822201674f662a2058;e82301e658d765151edd7134a663c4e1,108,test;train;val,True,3,4+3,211a6f165958a7c3f77b5a9b83cb111e;6071aa8ba6c71f822201674f662a2058;cf6d2d5e9dd37892e7aeb4cd12f76db3;e82301e658d765151edd7134a663c4e1
284,4,b470c2276d978f63d5b1c8a5a9446212,299cbccbc459c1c8c2685a92fb3c9182;b7131510648c471e74823eced92cf622;bb89e53032c071629bee7a4ab2271519,106,test;train,True,2,3+4,299cbccbc459c1c8c2685a92fb3c9182;b470c2276d978f63d5b1c8a5a9446212;b7131510648c471e74823eced92cf622;bb89e53032c071629bee7a4ab2271519
285,4,5a3e3dc26a1d2a473855a6161d870a96,2b943dfeaa727bb8c9a6d8047350f57d;aebe292567e0f8447fdc94994189a80a;d0d12390438f3ed80f9651117dd961d7,158,train;val,True,0,negative,2b943dfeaa727bb8c9a6d8047350f57d;5a3e3dc26a1d2a473855a6161d870a96;aebe292567e0f8447fdc94994189a80a;d0d12390438f3ed80f9651117dd961d7
286,4,3ee83e295ae1fca3fbee89fb67666bc1,1932ff2c873d7b98914c8bf50a32f263;20f97907e71dbc8c945a87ecbe31a781;ba4a7100888e96520a047cbd8f889371,178,train;val,True,2,3+4,1932ff2c873d7b98914c8bf50a32f263;20f97907e71dbc8c945a87ecbe31a781;3ee83e295ae1fca3fbee89fb67666bc1;ba4a7100888e96520a047cbd8f889371
287,3,7fd7f2b3b421239d1874a2feaf76af8b,2464608febcd797682b2392b5badbc2d;e884656fcde94956590b64acd504a00d,123,test;train,True,4,4+4,2464608febcd797682b2392b5badbc2d;7fd7f2b3b421239d1874a2feaf76af8b;e884656fcde94956590b64acd504a00d
288,3,4bf5a250183e162fdabe2e6080a46cce,331df8bf3a7f766dfe45ed525040fa85;86ac44c7c69cbaec3cb234023c436341,166,train,False,0,negative,331df8bf3a7f766dfe45ed525040fa85;4bf5a250183e162fdabe2e6080a46cce;86ac44c7c69cbaec3cb234023c436341
289,3,7cbeecc6a98ff2a1f4acd69161732d52,26bc992079d504e172e50fb565915bf7;40d8910aae2678a68e643f3e01cceb1d,90,test;train,True,0,negative,26bc992079d504e172e50fb565915bf7;40d8910aae2678a68e643f3e01cceb1d;7cbeecc6a98ff2a1f4acd69161732d52
290,3,47ebeac86bb4d9eb51f2cb5ce110a823,00951a7fad040bf7e90f32e81fc0746f;e10d5f4e9dd5c9adb81bbe1a744866ec,93,train;val,True,1,3+3,00951a7fad040bf7e90f32e81fc0746f;47ebeac86bb4d9eb51f2cb5ce110a823;e10d5f4e9dd5c9adb81bbe1a744866ec
291,3,5acd886e33ce9f50a7c738c4c3dd8503,02a7b258e875cf073e2421d67ff824cd;40518fec8d209aefe091ede58473d00d,126,train,False,3,4+3,02a7b258e875cf073e2421d67ff824cd;40518fec8d209aefe091ede58473d00d;5acd886e33ce9f50a7c738c4c3dd8503
292,3,381d70c821fce9d79032bc113f10ec43,0402b113937fa2d9ed77d3dcd8b6460e;b55ebab767215763af3351cde52fc402,161,test;train,True,3,4+3,0402b113937fa2d9ed77d3dcd8b6460e;381d70c821fce9d79032bc113f10ec43;b55ebab767215763af3351cde52fc402
293,3,e041b17de0e6fdf460f0258253cfcd98,08abd36dda089b53088bb7bf7558336a;a12cf12bd480d36325d9141e5fce729d,143,train,False,2,3+4,08abd36dda089b53088bb7bf7558336a;a12cf12bd480d36325d9141e5fce729d;e041b17de0e6fdf460f0258253cfcd98
294,3,5d0c978f62978e8647b417f60d51e51f,908d0fea96e1e85c8b7c772b397dbe8e;c35a5c6dd47f3c37f339ff296ef1c6fe,151,test;train,True,2,3+4,5d0c978f62978e8647b417f60d51e51f;908d0fea96e1e85c8b7c772b397dbe8e;c35a5c6dd47f3c37f339ff296ef1c6fe
295,3,eb879c95e942688b2fde3061e313e5b8,1ebba2e4d644831ac586b7bda5eda313;292c42388727f251a0d1ca66efda85fd,157,test;train,True,5,5+5,1ebba2e4d644831ac586b7bda5eda313;292c42388727f251a0d1ca66efda85fd;eb879c95e942688b2fde3061e313e5b8
296,3,6468063d0445cf082716fa830a507de2,17b83466a22a8a96ccf3a7cccd83068f;e696a20c83939434527ea9a8b4d26d24,117,test;train,True,0,negative,17b83466a22a8a96ccf3a7cccd83068f;6468063d0445cf082716fa830a507de2;e696a20c83939434527ea9a8b4d26d24
297,3,474f496f367f6208122c95f70015cbcf,93e402b3157850fc6995e60ebb11f70a;c13682fc07a61cda3b9344b21b26c86e,147,test;train,True,4,5+3,474f496f367f6208122c95f70015cbcf;93e402b3157850fc6995e60ebb11f70a;c13682fc07a61cda3b9344b21b26c86e
298,3,637816ad02733d3306ae64bd0d2b6bee,6c7c3d7b1d1fc86bcb91b75b18f67656;d4f9cc7d8f83db9394cd95be9eb10b00,178,test;train,True,5,5+4,637816ad02733d3306ae64bd0d2b6bee;6c7c3d7b1d1fc86bcb91b75b18f67656;d4f9cc7d8f83db9394cd95be9eb10b00
299,3,738aeefd8bc05ac71e2ea552828e97da,275adc34d57f1e6ce223e7a462569fbe;435661930d09e42e5217033238c404c0,92,test;train;val,True,0,negative,275adc34d57f1e6ce223e7a462569fbe;435661930d09e42e5217033238c404c0;738aeefd8bc05ac71e2ea552828e97da
300,3,825c6002ff3ab0e041ebd7025ba41b4f,0c81adeb18c3a36eebc21d53a2052798;b6b7accb239bacc0e3a8455acf3833fd,192,train,False,0,negative,0c81adeb18c3a36eebc21d53a2052798;825c6002ff3ab0e041ebd7025ba41b4f;b6b7accb239bacc0e3a8455acf3833fd
301,3,2a84040c18505be27e6eaab8b2dce6cd,3179817b3335bbbb5af4adafb46ed8dc;f5de7d8fbfe197b5aefb3f312397e7b5,133,train,False,3,4+3,2a84040c18505be27e6eaab8b2dce6cd;3179817b3335bbbb5af4adafb46ed8dc;f5de7d8fbfe197b5aefb3f312397e7b5
302,3,24f81c84fd8d2d14490060c548f7d9c1,8ef60407163c62c9fc4f2a3f6bf7691a;e7638f9443ea67c64e7befcfb52d35f2,147,train,False,1,3+3,24f81c84fd8d2d14490060c548f7d9c1;8ef60407163c62c9fc4f2a3f6bf7691a;e7638f9443ea67c64e7befcfb52d35f2
303,3,c4bbe05f5d77f1a42bc95191285ab1bb,b0e4ac380ceb1b245dd4fe6052913919;be403ce415609008605d63396869ed2e,149,test;train;val,True,3,4+3,b0e4ac380ceb1b245dd4fe6052913919;be403ce415609008605d63396869ed2e;c4bbe05f5d77f1a42bc95191285ab1bb
304,3,e42266419ea81e25ffbea2954c817ad5,192ef6b5c13cb775f8a1d3047c627d99;6e2e6f847032e2b8823d91cd52b3ef2a,135,train;val,True,5,4+5,192ef6b5c13cb775f8a1d3047c627d99;6e2e6f847032e2b8823d91cd52b3ef2a;e42266419ea81e25ffbea2954c817ad5
305,3,418aa1d085fe63ffb9c5510a9075f8e5,1216c13ad2394eb1dc3206c8622418f8;65f6854bc7b6c9e360645a242afaff3d,123,train,False,0,negative,1216c13ad2394eb1dc3206c8622418f8;418aa1d085fe63ffb9c5510a9075f8e5;65f6854bc7b6c9e360645a242afaff3d
306,3,10bf7780fc6540d6f79eae2aa2e5d4b9,70f266d7117c3fc1430abb4636790078;d7d09ab8218cfe95d21ff22df45e75ff,142,train,False,2,3+4,10bf7780fc6540d6f79eae2aa2e5d4b9;70f266d7117c3fc1430abb4636790078;d7d09ab8218cfe95d21ff22df45e75ff
307,3,c3249c406e4f7d0f508c8bd96dd32c56,a94d63bd5c038c48f6a280233c3c7dd5;f4863e65c0c0860027cd2a3f34bfe1f8,167,train;val,True,3,4+3,a94d63bd5c038c48f6a280233c3c7dd5;c3249c406e4f7d0f508c8bd96dd32c56;f4863e65c0c0860027cd2a3f34bfe1f8
308,3,a3ca38ce1d10c44103ba22d137be7c08,1e23449104568325e9c5a032351dfdc6;be8d828b7d90bca42ca4274f57e70cf5,218,test;train,True,5,4+5,1e23449104568325e9c5a032351dfdc6;a3ca38ce1d10c44103ba22d137be7c08;be8d828b7d90bca42ca4274f57e70cf5
309,3,6651573b179734d9205f592604191b67,034add55dd7134b7b5893d787eb5a32c;8cbc1d87857d1bc3eac98e09b7e10a3d,205,train,False,3,4+3,034add55dd7134b7b5893d787eb5a32c;6651573b179734d9205f592604191b67;8cbc1d87857d1bc3eac98e09b7e10a3d
310,3,9d1bda4d28af5a9f5d1d96833cec1728,2de0597cbb7af462bfdb7b1c4f935248;e9d628364cf51891028163e0cfca628c,103,train,False,2,3+4,2de0597cbb7af462bfdb7b1c4f935248;9d1bda4d28af5a9f5d1d96833cec1728;e9d628364cf51891028163e0cfca628c
311,3,6cbc6f7259cb45a4086cd584aec53857,94e121bc4a7091b881e8dd9b6c2be6b5;a21c88c3d7c1a95eec2fdc7300fdfee0,20,train;val,True,1,3+3,6cbc6f7259cb45a4086cd584aec53857;94e121bc4a7091b881e8dd9b6c2be6b5;a21c88c3d7c1a95eec2fdc7300fdfee0
312,3,79b3f2787261e5c96b3c9bf9a33c7537,1ff3c2c6abd78e3c115939d98644f15e;2b4e8eac6e778eddf0fe5b64e7ab47a8,185,train,False,3,4+3,1ff3c2c6abd78e3c115939d98644f15e;2b4e8eac6e778eddf0fe5b64e7ab47a8;79b3f2787261e5c96b3c9bf9a33c7537
313,3,d707d86264e14f3d3f5bac156693e8f9,0214df71ae527e2144021178c453d204;36b7bc1afe9dab20f17f4853e362bc68,206,train;val,True,5,4+5,0214df71ae527e2144021178c453d204;36b7bc1afe9dab20f17f4853e362bc68;d707d86264e14f3d3f5bac156693e8f9
314,3,afa9966f243d37df8f8cb04683163c89,83661e7cf8613383d40115b08568fef6;c0097374d10cd4a1da1c4b1e6a86de64,109,train;val,True,0,negative,83661e7cf8613383d40115b08568fef6;afa9966f243d37df8f8cb04683163c89;c0097374d10cd4a1da1c4b1e6a86de64
315,3,248fc842149898be28b346ce1fb15ab1,637bca124ad0ca9466e48b63b898bccd;f381888b35f1fac93c009d7cd38d1608,144,test;train,True,5,4+5,248fc842149898be28b346ce1fb15ab1;637bca124ad0ca9466e48b63b898bccd;f381888b35f1fac93c009d7cd38d1608
316,3,61af9a116d196c47cc049a122eb7b7f3,5b5ecc77a66ee3e3d5ea183b2bf81553;f084f6eabe7932229687dfa7cbb3dbed,135,train,False,4,4+4,5b5ecc77a66ee3e3d5ea183b2bf81553;61af9a116d196c47cc049a122eb7b7f3;f084f6eabe7932229687dfa7cbb3dbed
317,3,18a3bb8a5a0e5449d25195eb10804e39,798b6d2cc34c30279d4155deebf16647;9d92d97c1e3f9c379cc65dcd59989f13,221,train;val,True,3,4+3,18a3bb8a5a0e5449d25195eb10804e39;798b6d2cc34c30279d4155deebf16647;9d92d97c1e3f9c379cc65dcd59989f13
318,3,702c576df7dfbf43e3c17cd29f804ef9,553fa72290f35f2cb58beef577855ad8;b81f068ea8c90ec259cf9212bbc24c22,184,train,False,3,4+3,553fa72290f35f2cb58beef577855ad8;702c576df7dfbf43e3c17cd29f804ef9;b81f068ea8c90ec259cf9212bbc24c22
319,3,3a4465af672ccb78b09364132ba9e4d4,2caf855d25d357626f5ea914bdfe5774;ffe236a25d4cbed59438220799920749,176,train;val,True,2,3+4,2caf855d25d357626f5ea914bdfe5774;3a4465af672ccb78b09364132ba9e4d4;ffe236a25d4cbed59438220799920749
320,3,dd893039103b58fddb9e41b1ad099d91,5534719b308ca4fb9f6662a81eb3e002;a07104de6e1e00d2afcec36c7879836f,102,train,False,0,negative,5534719b308ca4fb9f6662a81eb3e002;a07104de6e1e00d2afcec36c7879836f;dd893039103b58fddb9e41b1ad099d91
321,3,80e4dd1d33d2559f42068e45284d527f,73264c925b3bf362738f380706b0f6b7;d7bd6d0c6842670b171b5592dcc1e9bd,158,test;train,True,0,negative,73264c925b3bf362738f380706b0f6b7;80e4dd1d33d2559f42068e45284d527f;d7bd6d0c6842670b171b5592dcc1e9bd
322,3,b79a6f8a47e79bfc1dabc48c37d54464,20295d0f4917e297c4827296397fbec1;a5694e9a3cdc76a58c9ad784e909abcf,32,train;val,True,4,4+4,20295d0f4917e297c4827296397fbec1;a5694e9a3cdc76a58c9ad784e909abcf;b79a6f8a47e79bfc1dabc48c37d54464
323,3,a5dbc558ca9c9612b608645238c15129,51be6e37c81a33e80ec75248f001fab8;8ae069858aecbad846f4d69d405f9bd6,127,train,False,3,4+3,51be6e37c81a33e80ec75248f001fab8;8ae069858aecbad846f4d69d405f9bd6;a5dbc558ca9c9612b608645238c15129
324,3,704ca230d7cec3203271cf5fee986b9e,2cf2371193eb1c0cf34ca2562004d5e2;c5a4e4c6224fc6ac14e3e777a04258c1,152,train,False,1,3+3,2cf2371193eb1c0cf34ca2562004d5e2;704ca230d7cec3203271cf5fee986b9e;c5a4e4c6224fc6ac14e3e777a04258c1
325,3,fa74ab756f01ab6b562643955d297cba,883da8599360fdc5f7ce01ec771b2e65;cc749cec9e37b3e141e62a6a33c6eaf3,155,train,False,2,3+4,883da8599360fdc5f7ce01ec771b2e65;cc749cec9e37b3e141e62a6a33c6eaf3;fa74ab756f01ab6b562643955d297cba
326,3,60f316434ad13b545269024f949698cc,aa9be7d9f82e983d21e2746078b877d9;c6fa851e98eb9d30d6cd93f3b8c0eed7,87,train,False,4,4+4,60f316434ad13b545269024f949698cc;aa9be7d9f82e983d21e2746078b877d9;c6fa851e98eb9d30d6cd93f3b8c0eed7
327,3,e9c30a0a07e89ca9ef91a04558d0318f,02a2dcd6ad8bc1d9ad7fdc04ffb6dff3;36eeee47a868b8ac66b6ece9e6372984,133,test;train,True,5,5+4,02a2dcd6ad8bc1d9ad7fdc04ffb6dff3;36eeee47a868b8ac66b6ece9e6372984;e9c30a0a07e89ca9ef91a04558d0318f
328,3,4695453e7447f0c2266995c8dc4c0f78,1fc2550b52a90b15a9b20484c012b6dc;8a3232e8b3b2512f2f6cba0a265d175e,139,test;train,True,3,4+3,1fc2550b52a90b15a9b20484c012b6dc;4695453e7447f0c2266995c8dc4c0f78;8a3232e8b3b2512f2f6cba0a265d175e
329,3,89afbbdd7813f149b3a047bc544046a8,a04846524f108bb046c4e39f3dcce5d3;a288e70d5f393dd6d804ad5e024cb5d3,270,train,False,5,4+5,89afbbdd7813f149b3a047bc544046a8;a04846524f108bb046c4e39f3dcce5d3;a288e70d5f393dd6d804ad5e024cb5d3
330,3,425d3b83fe4750a2ac67b978263995fe,43c2e485e4b5b12e1e5da69bcff065a4;6c20932e84b65fdc93dcfa63d9fdf1d5,145,test;train;val,True,1,3+3,425d3b83fe4750a2ac67b978263995fe;43c2e485e4b5b12e1e5da69bcff065a4;6c20932e84b65fdc93dcfa63d9fdf1d5
331,3,df6054cdf663fcc0fa704d6a45ce97ef,9eb2363b7198715afa3afcc85bdd0ba2;ac32c2c755e496c5e7bc1949b78d36c9,138,train,False,1,3+3,9eb2363b7198715afa3afcc85bdd0ba2;ac32c2c755e496c5e7bc1949b78d36c9;df6054cdf663fcc0fa704d6a45ce97ef
332,3,8ef71bfdde4f67ce9c00e001e6946f5a,4621bcbbece53892b356cd1d7ca6d884;b75dff02d2f6c823b0a475ce346be0fb,133,train,False,4,4+4,4621bcbbece53892b356cd1d7ca6d884;8ef71bfdde4f67ce9c00e001e6946f5a;b75dff02d2f6c823b0a475ce346be0fb
333,3,3df9fd5c97b9d9a7a92c284a5df2117e,1cb4a7d3594586b84849e63b828de968;308d663fc07a63cf1650b8ece0b26565,102,train,False,0,negative,1cb4a7d3594586b84849e63b828de968;308d663fc07a63cf1650b8ece0b26565;3df9fd5c97b9d9a7a92c284a5df2117e
334,3,1a4aaf5d3dbf7898979d11578955e780,e33e2787c16fd3291299992fbabb7636;ee2e1b4ce5e5290833a9a98da2d72c0f,156,train,False,3,4+3,1a4aaf5d3dbf7898979d11578955e780;e33e2787c16fd3291299992fbabb7636;ee2e1b4ce5e5290833a9a98da2d72c0f
335,3,fdc20a833738385bedbdfdabe9721bde,5ea6feafb6765b6916a259e60eb89354;6232504a502236dc3e38f9fe46619308,142,test;train,True,3,4+3,5ea6feafb6765b6916a259e60eb89354;6232504a502236dc3e38f9fe46619308;fdc20a833738385bedbdfdabe9721bde
336,3,92a7e5f4fc41047d3f826cc90660c7a1,8582b59b41635fa38401d1bddad66707;d5e5a96868127d64112701488904e65b,83,train;val,True,1,3+3,8582b59b41635fa38401d1bddad66707;92a7e5f4fc41047d3f826cc90660c7a1;d5e5a96868127d64112701488904e65b
337,3,c129618431d0a7f63cf0c8e6c6da82c4,091e4c8eda34e392cbecfc81d7aeb6c7;38b05b6f866c00580bb9cf735d1acddf,141,train;val,True,4,4+4,091e4c8eda34e392cbecfc81d7aeb6c7;38b05b6f866c00580bb9cf735d1acddf;c129618431d0a7f63cf0c8e6c6da82c4
338,3,ccd8233766596e1c14e70f77740b87b5,289b6b44f1e8014f82a8eaf8dd9e480d;4bd5c18dcdfe52d9b4cdc9a85199f5cb,178,test;train,True,4,4+4,289b6b44f1e8014f82a8eaf8dd9e480d;4bd5c18dcdfe52d9b4cdc9a85199f5cb;ccd8233766596e1c14e70f77740b87b5
339,3,eb9821fc7f3a5af8d7b54a482478aaab,2a1c3373688904fcabbdeb4a177972f8;63080d06c66488c4c30285e0363ca0ad,188,test;train,True,1,3+3,2a1c3373688904fcabbdeb4a177972f8;63080d06c66488c4c30285e0363ca0ad;eb9821fc7f3a5af8d7b54a482478aaab
340,3,f1f74c4aecfa7f9baa760bb992e4c720,49db2dc6d2b8ec83e08ecb69182012e1;8eb6325c279ad391cf4a54492db4c41a,85,train;val,True,4,4+4,49db2dc6d2b8ec83e08ecb69182012e1;8eb6325c279ad391cf4a54492db4c41a;f1f74c4aecfa7f9baa760bb992e4c720
341,3,37aba3bbad701308106b141471c063f0,243111debafd72d448a03ca22a0be2d7;acd9afcc1ca7c5ad56bf3a16f831b291,171,train,False,0,negative,243111debafd72d448a03ca22a0be2d7;37aba3bbad701308106b141471c063f0;acd9afcc1ca7c5ad56bf3a16f831b291
342,3,9fdc67635e14822c347061fd50f40939,1b95a0c32503e4549326e820a57127fd;afaa3f61f49c3e47bbfa02f3d657994f,238,test;train,True,5,4+5,1b95a0c32503e4549326e820a57127fd;9fdc67635e14822c347061fd50f40939;afaa3f61f49c3e47bbfa02f3d657994f
343,3,7b167a43593cb2fcbdd16b62c995ea2c,4bc5aa61ba3fdc8c4257a621fda84e6b;571ff890388328af4b5cc76183ce8189,240,train,False,5,4+5,4bc5aa61ba3fdc8c4257a621fda84e6b;571ff890388328af4b5cc76183ce8189;7b167a43593cb2fcbdd16b62c995ea2c
344,3,62dafe3f86f1f7048c16ac69f74cb293,516598fef0cb4c22e42999b3df120e2c;810482a949cbe7f5cd785a1dd9f0122c,138,train,False,3,4+3,516598fef0cb4c22e42999b3df120e2c;62dafe3f86f1f7048c16ac69f74cb293;810482a949cbe7f5cd785a1dd9f0122c
345,3,0d1e1a99a3ba55fe2d5cf69ba87c9d97,24b0dda87e02e90f4bdc747a8a1964a6;b168c7aff6ddf56a19625abf2803744c,125,train,False,4,4+4,0d1e1a99a3ba55fe2d5cf69ba87c9d97;24b0dda87e02e90f4bdc747a8a1964a6;b168c7aff6ddf56a19625abf2803744c
346,3,98c9716452737dafd3a149eb32aeee29,114db3f43c4ac596ba4e0da70b7afc90;7120c2334b94794a94cf54a4ef1a2303,233,test;train,True,3,4+3,114db3f43c4ac596ba4e0da70b7afc90;7120c2334b94794a94cf54a4ef1a2303;98c9716452737dafd3a149eb32aeee29
347,3,cb3e609099b77a0d25918e6837e2a5aa,48978e6f6ae7bcc2044599737aee9b8d;f73a4bb68c9e268f95ca9d8ce340cce9,40,train,False,2,3+4,48978e6f6ae7bcc2044599737aee9b8d;cb3e609099b77a0d25918e6837e2a5aa;f73a4bb68c9e268f95ca9d8ce340cce9
348,3,3479b69cf34e5241ddabe268dc304c56,1ee1681eddf2ebd32e9207c583db4d09;2bed4be8e6d950d76394d0552c59ddfa,63,train,False,0,negative,1ee1681eddf2ebd32e9207c583db4d09;2bed4be8e6d950d76394d0552c59ddfa;3479b69cf34e5241ddabe268dc304c56
349,3,cc759aa48c28b7711bfbfc7ebbbd762d,91711a1d263ddd2559f5b91669cfcb4a;efd993cb48dce20304958c45829a3ff8,94,train,False,4,5+3,91711a1d263ddd2559f5b91669cfcb4a;cc759aa48c28b7711bfbfc7ebbbd762d;efd993cb48dce20304958c45829a3ff8
350,3,51b79eb617718f11e64587422e6877b0,3db32216102af6f7106c9124bf71d097;e739dc3b9262a94c9a5c206c39864278,123,test;train,True,3,4+3,3db32216102af6f7106c9124bf71d097;51b79eb617718f11e64587422e6877b0;e739dc3b9262a94c9a5c206c39864278
351,3,d069c3a1245936e89b9d7d8beff2f1d6,6f75edad6dfc45ab8a79af4e5168a439;ddd2f284a0815fb717d5ad3ee2d0d3d8,175,train;val,True,3,4+3,6f75edad6dfc45ab8a79af4e5168a439;d069c3a1245936e89b9d7d8beff2f1d6;ddd2f284a0815fb717d5ad3ee2d0d3d8
352,3,bb6a5808a184427408654f15790faf50,1ed6debd60ccda239c0f6eb93306ee26;aef725315551b4ac4e392c6a642bf9a9,217,train,False,0,negative,1ed6debd60ccda239c0f6eb93306ee26;aef725315551b4ac4e392c6a642bf9a9;bb6a5808a184427408654f15790faf50
353,3,153b4416487925655ba21b75555e04d7,b648dd9ceb6d90df1768261a382ec687;bfcfacaf16cdb542c6e12e6deece7079,109,train,False,3,4+3,153b4416487925655ba21b75555e04d7;b648dd9ceb6d90df1768261a382ec687;bfcfacaf16cdb542c6e12e6deece7079
354,3,9ecba0a5f5caa828df43867455405dd7,3533ae4b2d7f1502831838390504af3a;658be675223ffa5509203009eb7bba89,147,train,False,3,4+3,3533ae4b2d7f1502831838390504af3a;658be675223ffa5509203009eb7bba89;9ecba0a5f5caa828df43867455405dd7
355,3,995b9aea3d7f6ccda0440b9ec2bfc058,23a5352a05eb718d38fc0e2e8e22e9b5;ba7b108db53cff0e6e5f04a51e11bac8,106,test;train,True,0,negative,23a5352a05eb718d38fc0e2e8e22e9b5;995b9aea3d7f6ccda0440b9ec2bfc058;ba7b108db53cff0e6e5f04a51e11bac8
356,3,bf8c6975590c3aae1b61720457cfbfb2,4166b08dab8537c35b51cb89616ef6e1;ce7817cab3ef2a86003458ddab80269b,236,train,False,3,4+3,4166b08dab8537c35b51cb89616ef6e1;bf8c6975590c3aae1b61720457cfbfb2;ce7817cab3ef2a86003458ddab80269b
357,3,934b5d2a0804ebbf888544b5c8a178f4,2cf0ca3050e57483195091e21cfbbab6;5c707b3792821638b84b524ef9ad3d4e,247,train;val,True,5,4+5,2cf0ca3050e57483195091e21cfbbab6;5c707b3792821638b84b524ef9ad3d4e;934b5d2a0804ebbf888544b5c8a178f4
358,3,d7502ac103c3191346e8d4217809fc22,1f6da112dfe5edad33a992c7906ef1cc;45536830c0c451c9397571656c5f36ce,214,train,False,2,3+4,1f6da112dfe5edad33a992c7906ef1cc;45536830c0c451c9397571656c5f36ce;d7502ac103c3191346e8d4217809fc22
359,3,0e204892570cac5d8352fac145f1e66c,20fe45e5ea3022602775d0aa86e8ef94;470af261bcc43fceb068eb58692928d2,156,train;val,True,5,5+4,0e204892570cac5d8352fac145f1e66c;20fe45e5ea3022602775d0aa86e8ef94;470af261bcc43fceb068eb58692928d2
360,3,6329256633b051f1e2b903afa9b5ef26,d0bd34262db1f6c9753c6ead015e347f;dee5779947bf3e93291e7d4ca7e72ddf,163,test;train,True,4,4+4,6329256633b051f1e2b903afa9b5ef26;d0bd34262db1f6c9753c6ead015e347f;dee5779947bf3e93291e7d4ca7e72ddf
361,3,451b173c2c31ffe1cdd3528da102b3f7,9c5e3c81373fb5b89448fb66e733802e;a4514f8a6800bf122ae746c4f573ee6f,153,train,False,5,5+5,451b173c2c31ffe1cdd3528da102b3f7;9c5e3c81373fb5b89448fb66e733802e;a4514f8a6800bf122ae746c4f573ee6f
362,3,992494d03126bd7ffb678ab8f685a854,2f5379bf67ca1190c7f168736d9d8efc;7e424dff3f544c36ace6d9219aea34ef,46,test;train,True,0,negative,2f5379bf67ca1190c7f168736d9d8efc;7e424dff3f544c36ace6d9219aea34ef;992494d03126bd7ffb678ab8f685a854
363,3,80983c7885cd02c9e9df539b58add687,126ab775290fbfe771a67c94c6d50799;5f223137ea4f913a22c5a3074195d37c,150,train;val,True,5,4+5,126ab775290fbfe771a67c94c6d50799;5f223137ea4f913a22c5a3074195d37c;80983c7885cd02c9e9df539b58add687
364,3,f7c97aeccfaeb2d9e84414c5c5e6db22,2673584f9398ce0acb21a86a1a711088;f73836ebcc90a2855d78158b746169db,140,train,False,0,negative,2673584f9398ce0acb21a86a1a711088;f73836ebcc90a2855d78158b746169db;f7c97aeccfaeb2d9e84414c5c5e6db22
365,3,5560bd3b03194cf9cdb514f7254b17b5,4e1247214b51cb4a801fa001251195f4;87e53ffce13cd04e1e3fb3c1d15f4961,158,train,False,2,3+4,4e1247214b51cb4a801fa001251195f4;5560bd3b03194cf9cdb514f7254b17b5;87e53ffce13cd04e1e3fb3c1d15f4961
366,3,1fc02c67c10dae06aa3f259d8374a31a,3605ec5ecd6cd8f36a046746b1888cad;8ed11de0354e0571d6972983dfcefd60,163,train;val,True,1,3+3,1fc02c67c10dae06aa3f259d8374a31a;3605ec5ecd6cd8f36a046746b1888cad;8ed11de0354e0571d6972983dfcefd60
367,3,7f8e10f3342e3763a4251fbde58ba92e,6a363e70baf98838b0093f9ae93052fd;c614dc18ffa37f8007c2aead39e65342,76,train,False,4,4+4,6a363e70baf98838b0093f9ae93052fd;7f8e10f3342e3763a4251fbde58ba92e;c614dc18ffa37f8007c2aead39e65342
368,3,6b8b24a489695a356845b7fa1485b599,9f7e34c8bd9a13d563a5a1a7a0f78b24;d0cf594c5106fb84e894c0b12013f367,113,test;train,True,3,4+3,6b8b24a489695a356845b7fa1485b599;9f7e34c8bd9a13d563a5a1a7a0f78b24;d0cf594c5106fb84e894c0b12013f367
369,3,dd025ef522443f0f1e0f2282d7145dde,17a486c9252622e27c2714de7e7695b7;c794f26c98b4d7c37133809c2d3f8aa1,214,train;val,True,5,4+5,17a486c9252622e27c2714de7e7695b7;c794f26c98b4d7c37133809c2d3f8aa1;dd025ef522443f0f1e0f2282d7145dde
370,3,9693d8e04d91297655abf8424d769bef,224103c42d4b1a3ae6407993940b1e52;514bd15da8c32fabbd07c8b00a147173,160,test;train,True,1,3+3,224103c42d4b1a3ae6407993940b1e52;514bd15da8c32fabbd07c8b00a147173;9693d8e04d91297655abf8424d769bef
371,3,e173f2b10faccbb5c9f5a0c38a2a1fd0,88bde4c99e9dff4e732dd21be1bb939b;ba4a1e8412d6376304ae051d32184ce6,164,train;val,True,2,3+4,88bde4c99e9dff4e732dd21be1bb939b;ba4a1e8412d6376304ae051d32184ce6;e173f2b10faccbb5c9f5a0c38a2a1fd0
372,3,f051273bd75ea902b5a163fa772decac,5acd1d61963dcd5d76670a85904815bf;b48da7b81527cb6b406f2187043d9626,145,test;train;val,True,5,5+5,5acd1d61963dcd5d76670a85904815bf;b48da7b81527cb6b406f2187043d9626;f051273bd75ea902b5a163fa772decac
373,3,3d4dfa23ca380f4883de30231e679fe0,10a8a9a745a971ab7ed129c6283a3f7d;964e3c2fc696bb6d6147b24dacabd54d,136,train;val,True,2,3+4,10a8a9a745a971ab7ed129c6283a3f7d;3d4dfa23ca380f4883de30231e679fe0;964e3c2fc696bb6d6147b24dacabd54d
374,3,8db3ab06b4efd9c799bb2eb1e3e0289d,294a347e030930d5a794a62fd5b6bf5b;9e91403033e4553daef286da9884d860,147,test;train,True,5,5+4,294a347e030930d5a794a62fd5b6bf5b;8db3ab06b4efd9c799bb2eb1e3e0289d;9e91403033e4553daef286da9884d860
375,3,3991d93434432a7e3bd6402baa719af9,0b180497f297ce3ae7bba222099115d7;8845e2a5497b43f86bb2ff4b8a0abd97,199,train;val,True,3,4+3,0b180497f297ce3ae7bba222099115d7;3991d93434432a7e3bd6402baa719af9;8845e2a5497b43f86bb2ff4b8a0abd97
376,3,85e36b2e92010c5d08a31ade8df8089c,85b31dab1e9985ed09bc99e6797348e0;a279b450a867eb7acc4d2ef0731b3352,145,test;train;val,True,3,4+3,85b31dab1e9985ed09bc99e6797348e0;85e36b2e92010c5d08a31ade8df8089c;a279b450a867eb7acc4d2ef0731b3352
377,3,db9ab40f85a838fb688892d9080a3560,5a46e8adec9c72070618f776583dd581;d7f13cf51705adfe64e2b31c332409ca,125,test;train;val,True,0,negative,5a46e8adec9c72070618f776583dd581;d7f13cf51705adfe64e2b31c332409ca;db9ab40f85a838fb688892d9080a3560
378,3,c9cdb735d0efa9d3199d86a5a298b7b8,ab60f4ef0811fd3b8a75d257189e4662;e2252a41bd6f1a9e7045e9f10dde5a20,173,test;train;val,True,5,4+5,ab60f4ef0811fd3b8a75d257189e4662;c9cdb735d0efa9d3199d86a5a298b7b8;e2252a41bd6f1a9e7045e9f10dde5a20
379,3,09af7bbed13916dc55c9b90279ac1cd6,279a99068552ce9002067ae78064169c;29828828368fdf428816c8268444833e,103,train,False,0,negative,09af7bbed13916dc55c9b90279ac1cd6;279a99068552ce9002067ae78064169c;29828828368fdf428816c8268444833e
380,3,9852092e24db80fb70f6fb0b4b8b9cbc,0d66a26a030e95c9de2173b476029b23;510b8a17456853b447d70002bf5bac19,129,train,False,1,3+3,0d66a26a030e95c9de2173b476029b23;510b8a17456853b447d70002bf5bac19;9852092e24db80fb70f6fb0b4b8b9cbc
381,3,fc115a1b3e831ab2e51576d7e9a8b630,a4a9813dc1218352743e38dc85c53f0f;eb81e4b7cf069e0660b747b0da1aa1a7,197,test;train,True,4,5+3,a4a9813dc1218352743e38dc85c53f0f;eb81e4b7cf069e0660b747b0da1aa1a7;fc115a1b3e831ab2e51576d7e9a8b630
382,3,1748c4d7cfd4014f04809b6371935286,7bdba25e2792ffaa6255a2d4914efe41;ea7279a8827f8457425682d436da34bb,180,train,False,1,3+3,1748c4d7cfd4014f04809b6371935286;7bdba25e2792ffaa6255a2d4914efe41;ea7279a8827f8457425682d436da34bb
383,3,5daca040bbf1338462417b7a5dd820a3,1f73af67719cfb51ccbe7673118cacf4;c6d58607cc6aeb36e4c1d65fed824e84,138,test;train,True,1,3+3,1f73af67719cfb51ccbe7673118cacf4;5daca040bbf1338462417b7a5dd820a3;c6d58607cc6aeb36e4c1d65fed824e84
384,3,986d2e993e13ef22c77e011feead1079,cb91772271b72c237c42f64fb6d2e84e;f96885e98ce7050f21a86bb312f90c89,27,train,False,5,5+5,986d2e993e13ef22c77e011feead1079;cb91772271b72c237c42f64fb6d2e84e;f96885e98ce7050f21a86bb312f90c89
385,3,239e61368d2da4c31752f3d7a9173f6f,0e347ad243e4019fad579d3282a730f9;20340e3ee5bd16fdb06dabb63079c835,106,test;train,True,1,3+3,0e347ad243e4019fad579d3282a730f9;20340e3ee5bd16fdb06dabb63079c835;239e61368d2da4c31752f3d7a9173f6f
386,3,ebd6034772ec8ea179c5a1802c6b886e,beaeb46f623d7739758358065ecb0bab;e7c1f39c7be220aa89d07d03514c85df,147,train,False,2,3+4,beaeb46f623d7739758358065ecb0bab;e7c1f39c7be220aa89d07d03514c85df;ebd6034772ec8ea179c5a1802c6b886e
387,3,6ad47e443a0aa5454dd965a108d38c32,780229c1e7700155517861f277640f97;ea2f3faabd452477e8f792ca02925cd0,180,train,False,2,3+4,6ad47e443a0aa5454dd965a108d38c32;780229c1e7700155517861f277640f97;ea2f3faabd452477e8f792ca02925cd0
388,3,73cd33025927b81dd36dda93a35b93db,1f16f094f5488694af5785d517bda17b;bb2def1b86b5ea93316769e51f0facde,239,train;val,True,5,4+5,1f16f094f5488694af5785d517bda17b;73cd33025927b81dd36dda93a35b93db;bb2def1b86b5ea93316769e51f0facde
389,3,c44346e3cf95312b241df6bb578ed119,0b2cba7e97daa7f11ededc2ec7d67045;60e51083a75aa5283aadde7f110df48e,152,train,False,1,3+3,0b2cba7e97daa7f11ededc2ec7d67045;60e51083a75aa5283aadde7f110df48e;c44346e3cf95312b241df6bb578ed119
390,3,de053910e530a0446edf0c8dc12d31e3,31f51b7b36414dc9f0ddda7cac67328f;8a15e39a80cc29a4fff8c650f93e7f5c,95,test;train;val,True,1,3+3,31f51b7b36414dc9f0ddda7cac67328f;8a15e39a80cc29a4fff8c650f93e7f5c;de053910e530a0446edf0c8dc12d31e3
391,3,f4303e98492beeae556655fdffe44d79,97b7f54f14c7755f68592de20ea662b1;ca0798453868081bc8aeeabb01847d4e,154,train;val,True,3,4+3,97b7f54f14c7755f68592de20ea662b1;ca0798453868081bc8aeeabb01847d4e;f4303e98492beeae556655fdffe44d79
392,3,367f122e80bcd0bffc02f6a04c1d8234,9effeea56c413b92340b89d1240769c1;b5343f9567df8a68c3276f8d8cdcc6a5,73,train;val,True,4,4+4,367f122e80bcd0bffc02f6a04c1d8234;9effeea56c413b92340b89d1240769c1;b5343f9567df8a68c3276f8d8cdcc6a5
393,3,479200a381febadfd767615fbe77c3ea,9732d77870c47958a27d32126266ef89;b38e72d2908a5d20eff762250c94834d,103,train;val,True,2,3+4,479200a381febadfd767615fbe77c3ea;9732d77870c47958a27d32126266ef89;b38e72d2908a5d20eff762250c94834d
394,3,57fedc6c794b7ef4e0011fb9882ccaf9,282661ce17b00e09fff141cc827d6849;48ace73483c38f13d786c4da72ecf25e,178,train;val,True,3,4+3,282661ce17b00e09fff141cc827d6849;48ace73483c38f13d786c4da72ecf25e;57fedc6c794b7ef4e0011fb9882ccaf9
395,3,f7d30df03c85f640e735995c61e9e2f7,441b527337da4319cf700b6e7da9fa0c;a27a666f057315f08ce43d8da423e8ea,140,test;train,True,1,3+3,441b527337da4319cf700b6e7da9fa0c;a27a666f057315f08ce43d8da423e8ea;f7d30df03c85f640e735995c61e9e2f7
396,3,fc8455773da14e90df050c6ce9f74882,134160267beeb22f782f92b728cc5abd;ac8dd5aad49e4404fb74adb43e041a9a,122,train,False,1,3+3,134160267beeb22f782f92b728cc5abd;ac8dd5aad49e4404fb74adb43e041a9a;fc8455773da14e90df050c6ce9f74882
397,3,e91823c58aa142ecda43d781dc322a9c,6ca88a3bb8a632f16616864d13fd4f92;84b1bdc06545ca9128c924dbc0b87715,228,test;train,True,3,4+3,6ca88a3bb8a632f16616864d13fd4f92;84b1bdc06545ca9128c924dbc0b87715;e91823c58aa142ecda43d781dc322a9c
398,3,7817ae2d392ba4f6cb9104fbe70b6274,4e5805c117559a84553665683578f1be;7f57053f651025603c6b4246acd0ba54,197,train,False,3,4+3,4e5805c117559a84553665683578f1be;7817ae2d392ba4f6cb9104fbe70b6274;7f57053f651025603c6b4246acd0ba54
399,2,915845d6283e37f8855d3ac5c0bcd599,565b748e64e5f6895bb1abce1a7ec163,67,test;train,True,0,negative,565b748e64e5f6895bb1abce1a7ec163;915845d6283e37f8855d3ac5c0bcd599
400,2,51f70b98526218f921f34b110f55ceff,63119b7889164b2153a2ec1c829ea853,139,train,False,1,3+3,51f70b98526218f921f34b110f55ceff;63119b7889164b2153a2ec1c829ea853
401,2,6ea2b59534558f0d4b86d1a3891d611d,f526a2ca5612d5913984a67edabaf991,128,train,False,0,negative,6ea2b59534558f0d4b86d1a3891d611d;f526a2ca5612d5913984a67edabaf991
402,2,2f36ff8187d5edeea79ad2e87763a89b,41eabdf6d7f3a3ac22d0f7a83aea1053,147,train;val,True,5,4+5,2f36ff8187d5edeea79ad2e87763a89b;41eabdf6d7f3a3ac22d0f7a83aea1053
403,2,07aa24f15ce062d65979b6a8bc7eb3f0,fc2fd27c7f16ed0c6f522ef43f585727,152,train,False,5,4+5,07aa24f15ce062d65979b6a8bc7eb3f0;fc2fd27c7f16ed0c6f522ef43f585727
404,2,b65129204d2b429ad4612276e2d2dd84,ecebd05f42f575630c79ca2c759246c4,93,train,False,0,negative,b65129204d2b429ad4612276e2d2dd84;ecebd05f42f575630c79ca2c759246c4
405,2,49adfe9cc766f35827b1db55e01d8cca,ec2657eff0395f0c0eddac5b35cf584a,138,train,False,5,5+4,49adfe9cc766f35827b1db55e01d8cca;ec2657eff0395f0c0eddac5b35cf584a
406,2,45d0ddf0aeb9b7f3c8e6c19c4405ac99,4867b2a030243b9079a0bf08db01cb03,66,train,False,3,4+3,45d0ddf0aeb9b7f3c8e6c19c4405ac99;4867b2a030243b9079a0bf08db01cb03
407,2,a8d65bc90e175baee47ae5b445ba2476,8af54c71033c8019017490db924dab70,104,train;val,True,4,4+4,8af54c71033c8019017490db924dab70;a8d65bc90e175baee47ae5b445ba2476
408,2,0c884ecf6571905365546a078c02133b,b9967e5cb3505cda331d9ab422127d51,207,train,False,3,4+3,0c884ecf6571905365546a078c02133b;b9967e5cb3505cda331d9ab422127d51
409,2,a5a27468f2a7a299cb8b952abb941705,880a1fc64038757f0a332bdf8b81ef05,108,test;train,True,2,3+4,880a1fc64038757f0a332bdf8b81ef05;a5a27468f2a7a299cb8b952abb941705
410,2,f1f9aea9e0bb9845704f9871346811aa,b30b0cebda476de77bec3bff2374cf68,93,train,False,0,negative,b30b0cebda476de77bec3bff2374cf68;f1f9aea9e0bb9845704f9871346811aa
411,2,7dcb52d4a04fcb59f5596ca381ffad29,4466722a9c574e8572224b7e853d4f53,225,train,False,2,3+4,4466722a9c574e8572224b7e853d4f53;7dcb52d4a04fcb59f5596ca381ffad29
412,2,265e7f265773d27e1770a3cd3ce05677,66f5cc9041b6485114cf9555c31e908d,85,train;val,True,0,negative,265e7f265773d27e1770a3cd3ce05677;66f5cc9041b6485114cf9555c31e908d
413,2,760c42976ae580bcfe3381ccb4bc2a2e,1aaa3e8a1b4a738cb9a2d358dd45dbc5,139,train,False,4,4+4,1aaa3e8a1b4a738cb9a2d358dd45dbc5;760c42976ae580bcfe3381ccb4bc2a2e
414,2,c6b4ba956e1d4fbe744d6e2839b4a723,630cd3bb436af3e09290f7f4458b8f60,143,train,False,1,3+3,630cd3bb436af3e09290f7f4458b8f60;c6b4ba956e1d4fbe744d6e2839b4a723
415,2,dfefdf0717c69330a75f3cd28abcfff5,b5b2f06981b22750480a201e7d3baea4,38,test;train,True,0,negative,b5b2f06981b22750480a201e7d3baea4;dfefdf0717c69330a75f3cd28abcfff5
416,2,8fb12946881047895dd14ed095a99367,344764125b7586cb29d3af60106bd807,164,train,False,1,3+3,344764125b7586cb29d3af60106bd807;8fb12946881047895dd14ed095a99367
417,2,06509deacf578c9d20cdb0c1d6f087cb,2ee04159001b56e9f28dfa9541e1b9fb,147,train,False,1,3+3,06509deacf578c9d20cdb0c1d6f087cb;2ee04159001b56e9f28dfa9541e1b9fb
418,2,e5739e452d5b7c5e68c4171ece2557e3,773e080a5857ba8c0669c435af2f1095,203,test;train,True,0,negative,773e080a5857ba8c0669c435af2f1095;e5739e452d5b7c5e68c4171ece2557e3
419,2,24c1e1cef9fbcbd82978ebe7d14334cb,9e58c05c9e897384e5984a01d95ef6f0,194,train,False,3,4+3,24c1e1cef9fbcbd82978ebe7d14334cb;9e58c05c9e897384e5984a01d95ef6f0
420,2,d5bf3e7b1d30bf762b03b60d88177b20,0c5c2d16c0f2e399b7be641e7e7f66d9,215,train,False,3,4+3,0c5c2d16c0f2e399b7be641e7e7f66d9;d5bf3e7b1d30bf762b03b60d88177b20
421,2,7907a6d9eb98127ed4906b37b5f52c7b,1d09b5fc1bf2482cdb2e3eb93b94226f,156,train,False,1,3+3,1d09b5fc1bf2482cdb2e3eb93b94226f;7907a6d9eb98127ed4906b37b5f52c7b
422,2,c5a4bb3e9ebfbb7762f7fefee9ee6d6a,647f4dabc53f943acbffbde9db87e35e,116,train,False,5,4+5,647f4dabc53f943acbffbde9db87e35e;c5a4bb3e9ebfbb7762f7fefee9ee6d6a
423,2,2caca376bbc989ff677e3c82928b5fd2,6e9f8456612b8c7ee6c4a5027539bf80,133,train;val,True,3,4+3,2caca376bbc989ff677e3c82928b5fd2;6e9f8456612b8c7ee6c4a5027539bf80
424,2,d0e4a4827c5ce9d7cc92f05e25674b71,6976004fb0e04f4435b0e1e127032881,65,train,False,0,negative,6976004fb0e04f4435b0e1e127032881;d0e4a4827c5ce9d7cc92f05e25674b71
425,2,9872b4046512bedead9dc84501aed242,e831ed42fe3417009705f6ac32c63e67,96,train,False,0,negative,9872b4046512bedead9dc84501aed242;e831ed42fe3417009705f6ac32c63e67
426,2,223a54a99ae228f5ff2dd37df24889c4,70f608a3fafa4e75e3201a78962109b0,166,test;train,True,1,3+3,223a54a99ae228f5ff2dd37df24889c4;70f608a3fafa4e75e3201a78962109b0
427,2,0873fff5fceb087574469b8c9312eb3d,58d13c5b7c1d86814e7a9451fef0d9d5,93,train,False,3,4+3,0873fff5fceb087574469b8c9312eb3d;58d13c5b7c1d86814e7a9451fef0d9d5
428,2,1bd7ebd175fec439e449bb17786dd824,eee26d27dbba4e7dec07620c11328b62,184,test;train,True,1,3+3,1bd7ebd175fec439e449bb17786dd824;eee26d27dbba4e7dec07620c11328b62
429,2,630ead3f5eee9ca3d292d65a785d480b,b790c95b8efb85a4e600533cf0444937,48,train;val,True,0,negative,630ead3f5eee9ca3d292d65a785d480b;b790c95b8efb85a4e600533cf0444937
430,2,31cf52bcc7a77d04bb82932c235c796f,cd248eb09a3e4a1ce70b2745f45ce332,171,test;val,True,2,3+4,31cf52bcc7a77d04bb82932c235c796f;cd248eb09a3e4a1ce70b2745f45ce332
431,2,64649896d23df686ff9bb201501a40e3,f4df16a55805e69f7013d79eca0c46a7,215,train,False,5,5+4,64649896d23df686ff9bb201501a40e3;f4df16a55805e69f7013d79eca0c46a7
432,2,4cc1691f988cd4596b2a38d1e64c18ce,920249b849efbeedab4cbfe37d735404,223,train;val,True,3,4+3,4cc1691f988cd4596b2a38d1e64c18ce;920249b849efbeedab4cbfe37d735404
433,2,86c1e0a1ff57b2fcf24955c8ec925f1c,96dfad49d9f2d8eebfc93fa5aee86b42,104,test;train,True,4,4+4,86c1e0a1ff57b2fcf24955c8ec925f1c;96dfad49d9f2d8eebfc93fa5aee86b42
434,2,6465a5ab1539fe69d2392408606dfade,e4778d4b43e8e8877770edbfb2d4b3c1,141,train,False,5,5+4,6465a5ab1539fe69d2392408606dfade;e4778d4b43e8e8877770edbfb2d4b3c1
435,2,7ac75b11d166936c552ce33e170afd4a,67bc9a23a87b07457464561b22515733,146,train,False,1,3+3,67bc9a23a87b07457464561b22515733;7ac75b11d166936c552ce33e170afd4a
436,2,3e52207d9b9e15dd09d12b56f67d00b4,8ad12c31792813c22bd2082d91642c91,69,val,False,0,negative,3e52207d9b9e15dd09d12b56f67d00b4;8ad12c31792813c22bd2082d91642c91
437,2,21da367ab5b9d2b74882cbd626042608,35e310aa5194c62964c02048ac88ca64,53,train,False,3,4+3,21da367ab5b9d2b74882cbd626042608;35e310aa5194c62964c02048ac88ca64
438,2,91e29de2d26bec1ecc377921c0ff0a50,098f7f7024f5c0de68e771c7273fc273,56,train,False,5,5+4,098f7f7024f5c0de68e771c7273fc273;91e29de2d26bec1ecc377921c0ff0a50
439,2,acb7fc21fae5acfeb3eae17fbefa0e58,848d1942cc5b7feb97cc03d3ad08d6f9,62,train,False,1,3+3,848d1942cc5b7feb97cc03d3ad08d6f9;acb7fc21fae5acfeb3eae17fbefa0e58
440,2,9c5565193a8ab6ddc3b303bc0a9cca09,90d0e6728b0cae76570b1abb459b522a,116,train,False,2,3+4,90d0e6728b0cae76570b1abb459b522a;9c5565193a8ab6ddc3b303bc0a9cca09
441,2,df29712be2badfd7ae0ef37d30759042,6d4e9ec6aafe17b5e3b2845905610c2a,26,train,False,4,5+3,6d4e9ec6aafe17b5e3b2845905610c2a;df29712be2badfd7ae0ef37d30759042
442,2,84135442a04a1324138d1df78ed185d3,c93d4db23236f4e9d44fb3e4966b0bd3,156,test;train,True,2,3+4,84135442a04a1324138d1df78ed185d3;c93d4db23236f4e9d44fb3e4966b0bd3
443,2,d592f94339f67b9453dca75b5826f367,a23accdd92c621553d8e58b8b40eed83,122,test;train,True,4,4+4,a23accdd92c621553d8e58b8b40eed83;d592f94339f67b9453dca75b5826f367
444,2,2cd038d5c85feb0a8da44407e4fb6a5a,f800a3979b283e4b697fa2aade0c1947,107,train;val,True,2,3+4,2cd038d5c85feb0a8da44407e4fb6a5a;f800a3979b283e4b697fa2aade0c1947
445,2,184a184ac82d72d499f99b67d6a1c631,a7baba733c9e351d8938a493e9e96480,155,train,False,1,3+3,184a184ac82d72d499f99b67d6a1c631;a7baba733c9e351d8938a493e9e96480
446,2,21842d9a9ebb1e4efb6527fa04163452,c86e99892a6b79cfb79b2770530b4864,100,train,False,1,3+3,21842d9a9ebb1e4efb6527fa04163452;c86e99892a6b79cfb79b2770530b4864
447,2,91f209de31040146c9a61a8c7804bd34,750cf428f4f94ee2c4142320505b57e2,82,test;train,True,3,4+3,750cf428f4f94ee2c4142320505b57e2;91f209de31040146c9a61a8c7804bd34
448,2,1ad725c53a59666f85d84dbea616000f,f7d2a425f1cd82d6c06dc1b0fb0af869,158,train,False,0,negative,1ad725c53a59666f85d84dbea616000f;f7d2a425f1cd82d6c06dc1b0fb0af869
449,2,b87d20bcf0c7492853ca6cd000e39666,80e3e86105889bdd720cc50a512cef2f,199,test;train,True,0,negative,80e3e86105889bdd720cc50a512cef2f;b87d20bcf0c7492853ca6cd000e39666
450,2,7274571a802c724b6bb60c4e0ba08bee,90b46d166cca71d23d7158ce41f5863c,70,train,False,0,negative,7274571a802c724b6bb60c4e0ba08bee;90b46d166cca71d23d7158ce41f5863c
451,2,b6d811787ee589d5c13dfd8f3aa893f4,72e996bf235d7bcec83fd9c8f7de1977,167,train,False,0,negative,72e996bf235d7bcec83fd9c8f7de1977;b6d811787ee589d5c13dfd8f3aa893f4
452,2,24c0f0bf150365059c0e8a4e1fef058b,3f3aba7575fc6aed6c5512cfa3c11e86,115,train;val,True,3,4+3,24c0f0bf150365059c0e8a4e1fef058b;3f3aba7575fc6aed6c5512cfa3c11e86
453,2,250e91349b32a3a0a04153a94c9c5844,f2b4695127e8d36d54b5214ac6675000,196,train,False,5,4+5,250e91349b32a3a0a04153a94c9c5844;f2b4695127e8d36d54b5214ac6675000
454,2,d0fe5433525c2dd49ca417cc8a4c82e8,d2728eec000198df9000ee2bb07fe2b0,190,train,False,5,4+5,d0fe5433525c2dd49ca417cc8a4c82e8;d2728eec000198df9000ee2bb07fe2b0
455,2,3c6610ef769e5c09d9e7b9d2c2fddb40,bc57d58be4d2adc326b4dd33e892d143,79,train;val,True,4,4+4,3c6610ef769e5c09d9e7b9d2c2fddb40;bc57d58be4d2adc326b4dd33e892d143
456,2,c7b5025d6ca0352a9feb0b83f3ecf231,fab1d411448d12a807e3ded857ddeaed,195,train,False,0,negative,c7b5025d6ca0352a9feb0b83f3ecf231;fab1d411448d12a807e3ded857ddeaed
457,2,7bed5662489bd913da7e9792f715c1ed,745ff65e8c4d1006694049e1da8b938b,148,train;val,True,0,negative,745ff65e8c4d1006694049e1da8b938b;7bed5662489bd913da7e9792f715c1ed
458,2,573ad8015383dce02cbe6dd1b9b0819c,9ec64c6c8719927e925732777d70254c,91,train,False,4,4+4,573ad8015383dce02cbe6dd1b9b0819c;9ec64c6c8719927e925732777d70254c
459,2,f4cc3f49c4bd4fdc3422ed1b8c5c7676,eced1d0653f7c472814889665013f114,135,test;train,True,2,3+4,eced1d0653f7c472814889665013f114;f4cc3f49c4bd4fdc3422ed1b8c5c7676
460,2,fbc0c3145008a420b3b038e8820aba1b,160a724e4f6c877d8175fdf7d07a0a67,130,test;train,True,1,3+3,160a724e4f6c877d8175fdf7d07a0a67;fbc0c3145008a420b3b038e8820aba1b
461,2,c3f5378fbec18534005c2d1e46f1cdfc,f34713c3ba1e433268c056d42b29fef6,52,train,False,5,4+5,c3f5378fbec18534005c2d1e46f1cdfc;f34713c3ba1e433268c056d42b29fef6
462,2,ab9b00885d5960b51efd3aa59cb95269,5d68ab03ab12677506d8afb5b545c5b3,89,train;val,True,5,4+5,5d68ab03ab12677506d8afb5b545c5b3;ab9b00885d5960b51efd3aa59cb95269
463,2,bf76a6ee6ce516c2222395ec55e90917,c686992bf74305e9f9965fd85c15eb4d,109,test;train,True,2,3+4,bf76a6ee6ce516c2222395ec55e90917;c686992bf74305e9f9965fd85c15eb4d
464,2,3e8bd1b2ba7150e058216de2fe2bb3fc,89d9673df0dede5b57c52f98b43c1f9e,198,test;train,True,4,4+4,3e8bd1b2ba7150e058216de2fe2bb3fc;89d9673df0dede5b57c52f98b43c1f9e
465,2,f7ccce426ebb48fa278ff063858f9299,e9db6929c47c3ce5ea489a1187e7e669,152,train;val,True,2,3+4,e9db6929c47c3ce5ea489a1187e7e669;f7ccce426ebb48fa278ff063858f9299
466,2,e5875827ce9f2f526f46eefff35ab893,76c8934b7350a3ad777b94f624390dbf,196,train,False,2,3+4,76c8934b7350a3ad777b94f624390dbf;e5875827ce9f2f526f46eefff35ab893
467,2,167ff6e9aa4e03593520c277f4071557,31b7e0ab60877ab8de35a95e04629144,99,train;val,True,4,4+4,167ff6e9aa4e03593520c277f4071557;31b7e0ab60877ab8de35a95e04629144
468,2,b3a2dc7547bc580c6f3923c61db42051,f7b41d0ca05e2d1de4fd4b3fd0ae4ef7,103,train;val,True,4,3+5,b3a2dc7547bc580c6f3923c61db42051;f7b41d0ca05e2d1de4fd4b3fd0ae4ef7
469,2,bd31a494912d04160fec50b16a4d330f,9e9ace16f4d20d98a65d3936b953f442,22,train;val,True,0,negative,9e9ace16f4d20d98a65d3936b953f442;bd31a494912d04160fec50b16a4d330f
470,2,40a7138f52ba6bcb66a4cdc432280261,eeb26ba1afa30bbf4f88d8c38b42c313,155,train,False,1,3+3,40a7138f52ba6bcb66a4cdc432280261;eeb26ba1afa30bbf4f88d8c38b42c313
471,2,21708bb4798bdebb4bffb7414bce44cd,09320344c2ed4da7bdf50d9f03b9e0be,182,train,False,5,4+5,09320344c2ed4da7bdf50d9f03b9e0be;21708bb4798bdebb4bffb7414bce44cd
472,2,c04e3f99d8842fed006ee780528e3241,0c26185c4a50226bc489999b62860aab,160,train,False,3,4+3,0c26185c4a50226bc489999b62860aab;c04e3f99d8842fed006ee780528e3241
473,2,343071a8c11157ff068bfcdbc0f76ca9,daf178053958c9d2e71a7c7bb9c3fbb7,59,test;train,True,0,negative,343071a8c11157ff068bfcdbc0f76ca9;daf178053958c9d2e71a7c7bb9c3fbb7
474,2,139aa5db6376a70044c4c6dd6f4a6666,140543a4d39b1a3ed0fce740ba2feb3d,215,test;train,True,0,negative,139aa5db6376a70044c4c6dd6f4a6666;140543a4d39b1a3ed0fce740ba2feb3d
475,2,fbacda290baa284a06ca8fccc2c7ee72,10ce72448dc8291b84c67016f41fbd9a,141,train,False,2,3+4,10ce72448dc8291b84c67016f41fbd9a;fbacda290baa284a06ca8fccc2c7ee72
476,2,2819283411c64ee7b3c4885044bcaa0a,1e840659f5bfc1b50403eb1f2743c632,36,train,False,4,4+4,1e840659f5bfc1b50403eb1f2743c632;2819283411c64ee7b3c4885044bcaa0a
477,2,85ec340020fb63c782e84901880e8684,51aa1de7c4bbf08d3dacf37183832cbe,83,train,False,4,4+4,51aa1de7c4bbf08d3dacf37183832cbe;85ec340020fb63c782e84901880e8684
478,2,b32c022c602405cbdd8c23ab0a4773d6,38d5fe1d5718ada9a476c7690dfcfde0,108,train,False,5,5+5,38d5fe1d5718ada9a476c7690dfcfde0;b32c022c602405cbdd8c23ab0a4773d6
479,2,0a97bd73cd153b33751d43821ff0a400,aef75d4c390d838aabe56e2d601b6a13,95,test;train,True,0,negative,0a97bd73cd153b33751d43821ff0a400;aef75d4c390d838aabe56e2d601b6a13
480,2,1894dd1e67ddfc62a309e78ef7ffc5e3,a3fa13e9535729ec9cb08f17bc8c03cc,66,train,False,0,negative,1894dd1e67ddfc62a309e78ef7ffc5e3;a3fa13e9535729ec9cb08f17bc8c03cc
481,2,55e4c013d70e60e4db9425f9f6fd8997,2cd0a5200034022b5e594f200bb8073d,127,train,False,4,4+4,2cd0a5200034022b5e594f200bb8073d;55e4c013d70e60e4db9425f9f6fd8997
482,2,226579a577a7a7487e97cb9c9a2c3886,46f767c8c76697a603e52b56a33f86a0,152,train;val,True,0,negative,226579a577a7a7487e97cb9c9a2c3886;46f767c8c76697a603e52b56a33f86a0
483,2,3cb832450f38c16278b3c78d15f7be7f,c830e13bcc901a882b0107569025d583,141,train,False,0,negative,3cb832450f38c16278b3c78d15f7be7f;c830e13bcc901a882b0107569025d583
484,2,6bb5a1ea7cae19a7a11fa7cbd55a7410,3a08f79c589a9e1d00a258e86a1331ce,35,test;train,True,4,4+4,3a08f79c589a9e1d00a258e86a1331ce;6bb5a1ea7cae19a7a11fa7cbd55a7410
485,2,e17b55972ff36346f98e17f963a057f0,aa68bce6e7fd266e9839f591296166b0,72,train,False,4,4+4,aa68bce6e7fd266e9839f591296166b0;e17b55972ff36346f98e17f963a057f0
486,2,dd4a6b2c2370f47add9ec08e2f7e7458,632bb32084df3f4c50164c2c684d34ab,80,train,False,0,negative,632bb32084df3f4c50164c2c684d34ab;dd4a6b2c2370f47add9ec08e2f7e7458
487,2,f54428f97db111809016916ab768f667,0a81500dc48b2bb7ee19849502360270,143,train,False,4,4+4,0a81500dc48b2bb7ee19849502360270;f54428f97db111809016916ab768f667
488,2,714fe03e012bb674fd7f3fc8f6763c3e,026081211406349c85c3e5b4fc4b6ff0,162,test;train,True,0,negative,026081211406349c85c3e5b4fc4b6ff0;714fe03e012bb674fd7f3fc8f6763c3e
489,2,c517993657aadfd868d6760a5136df94,c105c2ca793d49297acb88eb4eb49c76,118,test;val,True,4,3+5,c105c2ca793d49297acb88eb4eb49c76;c517993657aadfd868d6760a5136df94
490,2,8fb9c792bb2152a5f3e2c60728be9af3,84a64d55903e7dfbad5e59693be25669,166,train,False,2,3+4,84a64d55903e7dfbad5e59693be25669;8fb9c792bb2152a5f3e2c60728be9af3
491,2,ed15d638e47b2a7c449674702e4d988c,b801c926e3101268f1b816bd658bcc2f,124,train,False,0,negative,b801c926e3101268f1b816bd658bcc2f;ed15d638e47b2a7c449674702e4d988c
492,2,b7295985832c4130a410a77f37061107,f080aadb91c111b6e2e91ed6d7d12e5c,183,train,False,0,negative,b7295985832c4130a410a77f37061107;f080aadb91c111b6e2e91ed6d7d12e5c
493,2,2a709812f21cab8f45ccc91371b7dc5f,5f7ebc491021150fdb969866ad5f6d81,155,train;val,True,5,5+5,2a709812f21cab8f45ccc91371b7dc5f;5f7ebc491021150fdb969866ad5f6d81
494,2,64bad048716c6feb71b7e86d4de897ef,5e9265276fdaddcc7b37bb29f1e78d04,88,train,False,0,negative,5e9265276fdaddcc7b37bb29f1e78d04;64bad048716c6feb71b7e86d4de897ef
495,2,cf28cb8b44e9549b766ece06085f647f,288a512bf5affa970a81d9c553feef40,154,train,False,4,4+4,288a512bf5affa970a81d9c553feef40;cf28cb8b44e9549b766ece06085f647f
496,2,5289380c455996a3c27b717c7cc2937e,fad0fe747acf40fa1fdba4a7d115d8e4,34,train,False,4,4+4,5289380c455996a3c27b717c7cc2937e;fad0fe747acf40fa1fdba4a7d115d8e4
497,2,f2d8b98b713b1587017e9e0e7ae33fc1,8b36508994d132ac03c5effd255b6eaf,172,train,False,3,4+3,8b36508994d132ac03c5effd255b6eaf;f2d8b98b713b1587017e9e0e7ae33fc1
498,2,d69244e15961cf6fb54d50a3baaaa46d,975e3dab22e437d040f2fd296a8d038f,99,train,False,0,negative,975e3dab22e437d040f2fd296a8d038f;d69244e15961cf6fb54d50a3baaaa46d
499,2,3d334ec1be0544fd6fff794a77631eef,dc474e15a61e861a6a14f334e10a7934,115,train,False,0,negative,3d334ec1be0544fd6fff794a77631eef;dc474e15a61e861a6a14f334e10a7934
500,2,1cdd6def1e3099a9763938457cf0b4be,f480b897adfe65f572f79d9f8d45ac9e,105,train,False,4,4+4,1cdd6def1e3099a9763938457cf0b4be;f480b897adfe65f572f79d9f8d45ac9e
501,2,0e4e6e275dbdf6742d98d5f853b2eaf1,66cad79a848b2b9476a2517a80314327,112,train,False,1,3+3,0e4e6e275dbdf6742d98d5f853b2eaf1;66cad79a848b2b9476a2517a80314327
502,2,5ad5cca8bc4c96585d42a6f8369be1e7,487dd5dc98d2980278b5be229dd56e60,207,train,False,3,4+3,487dd5dc98d2980278b5be229dd56e60;5ad5cca8bc4c96585d42a6f8369be1e7
503,2,436fe677570dbf833a4298a1f0346edf,a081ddde3cf1cf227b66ca1273be9459,76,train,False,0,negative,436fe677570dbf833a4298a1f0346edf;a081ddde3cf1cf227b66ca1273be9459
504,2,5b4d05a2a6b70bbb2ee716979a7fb120,19638106770d8d0494e4d1ccf64e1662,140,train,False,0,negative,19638106770d8d0494e4d1ccf64e1662;5b4d05a2a6b70bbb2ee716979a7fb120
505,2,ee17748d9c053471c135f5a397e26560,5ea330d8b0924c0a4d0619ad49c6dd28,154,train,False,3,4+3,5ea330d8b0924c0a4d0619ad49c6dd28;ee17748d9c053471c135f5a397e26560
506,2,733dbfd0b96484c20b09ecdc4e4b095c,89f418346fc412a6458aaa05a224af3a,130,train;val,True,2,3+4,733dbfd0b96484c20b09ecdc4e4b095c;89f418346fc412a6458aaa05a224af3a
507,2,196f3b66be713d67db88cd412ed8768d,e52afd1585ee4930b0005e42118a6e42,118,train,False,1,3+3,196f3b66be713d67db88cd412ed8768d;e52afd1585ee4930b0005e42118a6e42
508,2,e64598d6884499b44b9bc615912f4f0e,53c13f2dba313251cb0e86eeedda6bbd,95,train,False,3,4+3,53c13f2dba313251cb0e86eeedda6bbd;e64598d6884499b44b9bc615912f4f0e
509,2,1d46f4df1dfdf3fa0a06b21e9f9ae99a,6baaf1d0cb562d864baedc5db3acaf11,135,train,False,2,3+4,1d46f4df1dfdf3fa0a06b21e9f9ae99a;6baaf1d0cb562d864baedc5db3acaf11
510,2,38e5d191e77117979a52ba888ea2df9e,fac926289d51ddb79e2739d2b075d627,95,train,False,2,3+4,38e5d191e77117979a52ba888ea2df9e;fac926289d51ddb79e2739d2b075d627
511,2,4f8c97e95011e0949b32fb9f3118177a,bb2fb7ab470f27bfd02dd9a42b6c5255,26,train,False,0,negative,4f8c97e95011e0949b32fb9f3118177a;bb2fb7ab470f27bfd02dd9a42b6c5255
512,2,25c2e6b1c5a915c24df1732d4de8e435,150b3dd8a42745a633ff7a5ec9faeb5f,149,train,False,5,4+5,150b3dd8a42745a633ff7a5ec9faeb5f;25c2e6b1c5a915c24df1732d4de8e435
513,2,081326594b296d372b9dd3e8af82350a,203256da67cb1aab601d3af3f13d5db5,214,train,False,3,4+3,081326594b296d372b9dd3e8af82350a;203256da67cb1aab601d3af3f13d5db5
514,2,adb134cdca78025db20a3607f72edc92,4721d191d9f8a869dc31fd220e5bd1e1,165,train;val,True,5,4+5,4721d191d9f8a869dc31fd220e5bd1e1;adb134cdca78025db20a3607f72edc92
515,2,0a836ea85157d6e0b92371d8ae18a55c,276fe273713496862d1e614288e3f670,99,train,False,5,4+5,0a836ea85157d6e0b92371d8ae18a55c;276fe273713496862d1e614288e3f670
516,2,1090bc9626ae4dec99207c3b64a1a050,84ea71bf97d02addf393ea467a336996,85,train;val,True,2,3+4,1090bc9626ae4dec99207c3b64a1a050;84ea71bf97d02addf393ea467a336996
517,2,7c9d2571c6ced829b53f37465b030c5b,285e28ef159dc6a54e18cc1962136596,167,train,False,5,4+5,285e28ef159dc6a54e18cc1962136596;7c9d2571c6ced829b53f37465b030c5b
518,2,1c96795fe1c10e5bdd3911731edfc623,6e70fa6670bda66963853ad613e8fcc5,138,test;train,True,1,3+3,1c96795fe1c10e5bdd3911731edfc623;6e70fa6670bda66963853ad613e8fcc5
519,2,a656612b4ddb61780536400c117a9b91,e90c8fb1ab71a448843dfec8f21a15c8,80,train,False,4,4+4,a656612b4ddb61780536400c117a9b91;e90c8fb1ab71a448843dfec8f21a15c8
520,2,4b3f9fe89534fa5231f41be4a1a6c739,162cd4fc05480042f1429d3eaed599d8,171,train,False,5,4+5,162cd4fc05480042f1429d3eaed599d8;4b3f9fe89534fa5231f41be4a1a6c739
521,2,06a0cbd8fd6320ef1aa6f19342af2e68,72bac273a1df78ff5d3c8628a95f8fba,58,train;val,True,0,negative,06a0cbd8fd6320ef1aa6f19342af2e68;72bac273a1df78ff5d3c8628a95f8fba
522,2,946e85479cd3ac3e73f2698c9cf01806,083ab9e2c95fb0ea2b999c592fb41653,189,train,False,2,3+4,083ab9e2c95fb0ea2b999c592fb41653;946e85479cd3ac3e73f2698c9cf01806
523,2,0aa6472328e4807ba54a807b8332da0f,8e25584bd03155d24a2adc00517a38e8,143,test;train,True,1,3+3,0aa6472328e4807ba54a807b8332da0f;8e25584bd03155d24a2adc00517a38e8
524,2,0018ae58b01bdadc8e347995b69f99aa,69e1d84705d16c89fb361da179c7303e,128,train;val,True,4,4+4,0018ae58b01bdadc8e347995b69f99aa;69e1d84705d16c89fb361da179c7303e
525,2,c8a09a4ef05f4b37037251a76d8f5d68,e4ddc57e6642607be5809a7fd02bd612,130,train,False,3,4+3,c8a09a4ef05f4b37037251a76d8f5d68;e4ddc57e6642607be5809a7fd02bd612
526,2,db72f176da2067093266eea7b743a949,644bfd69ca745dd7e1884a4f4c2fc408,182,train;val,True,3,4+3,644bfd69ca745dd7e1884a4f4c2fc408;db72f176da2067093266eea7b743a949
527,2,68e6f2bbdbb308624ed004484a1da2b8,8e8e466ee8644a88c48ff4decef87949,95,train,False,0,negative,68e6f2bbdbb308624ed004484a1da2b8;8e8e466ee8644a88c48ff4decef87949
528,2,498406f8f2e057bd58e5ec040e78c3ba,4a7a70d00251af024d70dab5a7e8d228,172,train,False,0,negative,498406f8f2e057bd58e5ec040e78c3ba;4a7a70d00251af024d70dab5a7e8d228
529,2,d0d27aeca4fd3a00340812c03b692f56,bafd1d2508efae102d22e55633e9891f,133,test;val,True,1,3+3,bafd1d2508efae102d22e55633e9891f;d0d27aeca4fd3a00340812c03b692f56
530,2,301d13eb98beab38bf58e20fe04bc68e,aa5f6291ddf9631c11f89925308051ed,185,train;val,True,0,negative,301d13eb98beab38bf58e20fe04bc68e;aa5f6291ddf9631c11f89925308051ed
531,2,957b6739a057adf1eef9ff91f31afe43,bc1cf017913e28ca316244b52d1fc59d,117,test;train,True,0,negative,957b6739a057adf1eef9ff91f31afe43;bc1cf017913e28ca316244b52d1fc59d
532,2,700a11960e7458ed75689c47eeebe141,c1fd9dfbf6a743763409b6d1a26ab29c,178,test,False,4,4+4,700a11960e7458ed75689c47eeebe141;c1fd9dfbf6a743763409b6d1a26ab29c
533,2,074d9f9ceede2e4fad8aec367a335a77,c8ea4dc8fe6c8348dcc4db4d01c0c84a,143,train,False,3,4+3,074d9f9ceede2e4fad8aec367a335a77;c8ea4dc8fe6c8348dcc4db4d01c0c84a
534,2,7a7cf950c048a74193c9420df36cff77,37d3511b61cfe994b82147b5d4b09ae4,101,train,False,0,negative,37d3511b61cfe994b82147b5d4b09ae4;7a7cf950c048a74193c9420df36cff77
535,2,607afab0ebabe2ae01a282ebf467a7ee,8e9fa23bd67888cbddd7203f3a2db9fe,138,train;val,True,1,3+3,607afab0ebabe2ae01a282ebf467a7ee;8e9fa23bd67888cbddd7203f3a2db9fe
536,2,ef77487acc19480876090652206c7e05,1392751dc2ff4e148c89fe975c5a505b,152,train,False,0,negative,1392751dc2ff4e148c89fe975c5a505b;ef77487acc19480876090652206c7e05
537,2,601ffcbed401250430f367a898cb3e3c,ee1605f1c4e68d7a52a07fae529e14f8,173,test;train,True,5,4+5,601ffcbed401250430f367a898cb3e3c;ee1605f1c4e68d7a52a07fae529e14f8
538,2,f3e61a3dec438a366b62df1db47a4cd3,35df658da1f793bd9cab0a1ff94fdf33,171,train;val,True,3,4+3,35df658da1f793bd9cab0a1ff94fdf33;f3e61a3dec438a366b62df1db47a4cd3
539,2,079fed45c08f216f49fe4aff84d7e8d2,1879de2690c241fab002235b2d6e0d6a,130,train,False,3,4+3,079fed45c08f216f49fe4aff84d7e8d2;1879de2690c241fab002235b2d6e0d6a
540,2,725fc40fce67c6980c56cc17eafd0eb0,e6b528e0bd6d4b69e3bfe318e550cbe1,107,train,False,5,5+4,725fc40fce67c6980c56cc17eafd0eb0;e6b528e0bd6d4b69e3bfe318e550cbe1
541,2,621f180f39962cf8dc87f62cf681200b,0c4c5c0598098cb221d34dc154cca14f,164,train,False,1,3+3,0c4c5c0598098cb221d34dc154cca14f;621f180f39962cf8dc87f62cf681200b
542,2,5dfa62a4dcf79b511d935096233f35e3,4b0ef01c012aa7824c2f92984edb8210,28,train,False,5,5+5,4b0ef01c012aa7824c2f92984edb8210;5dfa62a4dcf79b511d935096233f35e3
543,2,374d5401159d9bf39ce20b395d82c0b4,86fad088e10612415bb805aa7d53e387,144,train,False,0,negative,374d5401159d9bf39ce20b395d82c0b4;86fad088e10612415bb805aa7d53e387
544,2,281fcc161aa1fe329f1ab8d9ae73636b,231c7be81560497b2015a0b9a9a04d32,23,train,False,4,4+4,231c7be81560497b2015a0b9a9a04d32;281fcc161aa1fe329f1ab8d9ae73636b
545,2,25f8b4140df3fcadc642f18b4279582d,00ca0c23961b5510be46c917be11c43e,217,train;val,True,5,5+4,00ca0c23961b5510be46c917be11c43e;25f8b4140df3fcadc642f18b4279582d
546,2,ee9d46e743ccade3196701a6068fa860,431054766be0a31b6a652aa5d1caea41,116,test;train,True,4,4+4,431054766be0a31b6a652aa5d1caea41;ee9d46e743ccade3196701a6068fa860
547,2,38c6319c29001aba4db299be8dcfb874,c54e20196fd1f02eef4fe02190e773d9,123,train;val,True,0,negative,38c6319c29001aba4db299be8dcfb874;c54e20196fd1f02eef4fe02190e773d9
548,2,9a132baeb5431f2b38862baff1c367c7,99f60de23ae443fc267155050cf905eb,161,train,False,2,3+4,99f60de23ae443fc267155050cf905eb;9a132baeb5431f2b38862baff1c367c7
549,2,ca6c4f4b24578588762712262de479ab,0bb772b06c9e3cd1914e31b509556ebf,128,train,False,4,4+4,0bb772b06c9e3cd1914e31b509556ebf;ca6c4f4b24578588762712262de479ab
550,2,59bb9950d1b0ae165609203a9bd76383,ad155660b0018e92984f4ea49e246731,139,train,False,0,negative,59bb9950d1b0ae165609203a9bd76383;ad155660b0018e92984f4ea49e246731
551,2,902c91b64acca0e23028554022413337,bd66532ff52dbf34da3607b05a1d8658,78,train;val,True,4,4+4,902c91b64acca0e23028554022413337;bd66532ff52dbf34da3607b05a1d8658
552,2,76541217a60105571466b759358ab8df,3094f0e7f338e708620942f9f939c7cf,140,train;val,True,0,negative,3094f0e7f338e708620942f9f939c7cf;76541217a60105571466b759358ab8df
553,2,e5fc40d67ca490bb598688f92a2eff6b,91a40f207d9a99e49866c204e28ce521,203,train,False,3,4+3,91a40f207d9a99e49866c204e28ce521;e5fc40d67ca490bb598688f92a2eff6b
554,2,4dc731d30fb8010b313c357fa56459e3,bec80e876b9ffa8f24cf85beaa431667,27,train;val,True,0,negative,4dc731d30fb8010b313c357fa56459e3;bec80e876b9ffa8f24cf85beaa431667
555,2,618efc798c3906c2dc60618853c7e2e2,2fdc521c56b6cce0e7907d05a8db1f25,79,test;train,True,0,negative,2fdc521c56b6cce0e7907d05a8db1f25;618efc798c3906c2dc60618853c7e2e2
556,2,145c74333d681b537b51a1f2c553c24e,f31359d4b52d6111001bd6a27a216821,170,train,False,4,4+4,145c74333d681b537b51a1f2c553c24e;f31359d4b52d6111001bd6a27a216821
557,2,8605810b8ba16fa6e2854dedad10d573,87099c2824149296269d9a9598f68af6,174,test;train,True,5,4+5,8605810b8ba16fa6e2854dedad10d573;87099c2824149296269d9a9598f68af6
558,2,afa70cee560c0b557c12a0cf0ca7611f,6f7964ccd7bf337793b91b0a2c4266ca,132,train,False,4,4+4,6f7964ccd7bf337793b91b0a2c4266ca;afa70cee560c0b557c12a0cf0ca7611f
559,2,424695a2886897279fd2d40c394d7848,96907a7abf71ca7e5e48b36514d6c7f2,57,train,False,1,3+3,424695a2886897279fd2d40c394d7848;96907a7abf71ca7e5e48b36514d6c7f2
560,2,87edb3eb0b79782b9b7eec15dc294872,a2f1af7bf2b86cdabfcffe65d8424a3a,67,train,False,0,negative,87edb3eb0b79782b9b7eec15dc294872;a2f1af7bf2b86cdabfcffe65d8424a3a
561,2,748ddaf8e51c84b260335520e97a8cd7,1ec31c0ef1a94feed5942cfb9643f077,59,train,False,4,3+5,1ec31c0ef1a94feed5942cfb9643f077;748ddaf8e51c84b260335520e97a8cd7
562,2,487ca72fd110eee2985954aeda10f456,d12d9f200e1746eddbbe430243a46cb3,119,test;val,True,4,4+4,487ca72fd110eee2985954aeda10f456;d12d9f200e1746eddbbe430243a46cb3
563,2,0febce723014e9ed2afe3bf5325775cc,1a0f9b33bff0a3649d79b7bf01203e04,90,train,False,0,negative,0febce723014e9ed2afe3bf5325775cc;1a0f9b33bff0a3649d79b7bf01203e04
564,2,b70651a991d293e0fa741ebb1754e15e,21dcd35e0e0aaa2e5453c871874a8ae1,142,test;train,True,3,4+3,21dcd35e0e0aaa2e5453c871874a8ae1;b70651a991d293e0fa741ebb1754e15e
565,2,67e80d7930675251b17a42baf5920293,99c6eb1d87928dfae4d098276b85b98c,147,train,False,3,4+3,67e80d7930675251b17a42baf5920293;99c6eb1d87928dfae4d098276b85b98c
566,2,e4368e6ebbcd17b0fef1f385f33fd5e0,0592a76b2a23cf43ceeb8888f36bed9c,43,test;train,True,1,3+3,0592a76b2a23cf43ceeb8888f36bed9c;e4368e6ebbcd17b0fef1f385f33fd5e0
567,2,521da07cca3ad8a9615ad591d9375538,d0a19a35996817e2b7a5f4c6c35c57be,158,test;train,True,0,negative,521da07cca3ad8a9615ad591d9375538;d0a19a35996817e2b7a5f4c6c35c57be
568,2,2fc6bf2ccab59b08bb4b3cb2ee0602d9,86ffb5b169bb7a72dffdf930233a446a,117,train,False,3,4+3,2fc6bf2ccab59b08bb4b3cb2ee0602d9;86ffb5b169bb7a72dffdf930233a446a
569,2,6392947d42a28861f68363b1f2e536e5,2ee5b3ee58d54264c2a037ea1c0ada4b,122,train,False,0,negative,2ee5b3ee58d54264c2a037ea1c0ada4b;6392947d42a28861f68363b1f2e536e5
570,2,cca2cbc5a43349c6e79201e8ee02660b,3d7c76e3d1106d038356561b67b4ac1a,34,train,False,0,negative,3d7c76e3d1106d038356561b67b4ac1a;cca2cbc5a43349c6e79201e8ee02660b
571,2,99d9afb22b65ea97fcd21ce67e1ddb6c,aadc8c10f196efb7e460e0c424aec805,137,train,False,4,4+4,99d9afb22b65ea97fcd21ce67e1ddb6c;aadc8c10f196efb7e460e0c424aec805
572,2,1e644a98460e4f7ea50717720a001efd,e19325ebb64adc3293f7173d7a337409,111,train,False,5,5+5,1e644a98460e4f7ea50717720a001efd;e19325ebb64adc3293f7173d7a337409
573,2,80645c22c26e113e14fd16a0fa837f54,5153df72c43ac1de852e734075691c30,135,train,False,0,negative,5153df72c43ac1de852e734075691c30;80645c22c26e113e14fd16a0fa837f54
574,2,cca735c397880e88192e97d68b97754e,4abf4f8b4b7768af6eb06d3ef31b1e09,137,train,False,1,3+3,4abf4f8b4b7768af6eb06d3ef31b1e09;cca735c397880e88192e97d68b97754e
575,2,d8abf403ab5663c07528475647e0db5a,63b703a3294579f3e31f1a7afcf3ce20,141,train,False,1,3+3,63b703a3294579f3e31f1a7afcf3ce20;d8abf403ab5663c07528475647e0db5a
576,2,a1bd9874f482d6624b437a5c38f4c55a,ffaf4de97335595fb711d3985523106a,191,train,False,1,3+3,a1bd9874f482d6624b437a5c38f4c55a;ffaf4de97335595fb711d3985523106a
577,2,bfed9b44a06d5de60336ec6fe0365361,f220b26c6610f8210cf859a46feba5c1,61,test;train,True,0,negative,bfed9b44a06d5de60336ec6fe0365361;f220b26c6610f8210cf859a46feba5c1
578,2,e8efa9929870f9695be85d3ee7276518,685903725349cde80b2be656ab872194,161,train,False,5,4+5,685903725349cde80b2be656ab872194;e8efa9929870f9695be85d3ee7276518
579,2,622fc40ffe3f5307f850d3e6e3e738a4,c5e43f6957d317a37a98f97cb2b855a1,212,train,False,4,4+4,622fc40ffe3f5307f850d3e6e3e738a4;c5e43f6957d317a37a98f97cb2b855a1
580,2,5972250394f2673e5a8ba5fa29cd9754,dbfc9c44024301555f3cc9118f1f3628,173,train,False,2,3+4,5972250394f2673e5a8ba5fa29cd9754;dbfc9c44024301555f3cc9118f1f3628
581,2,f6bdf05486c92f8f69be83c174756110,fd8c1f420a7c1c28bab654d0d8d3a6ba,130,train,False,2,3+4,f6bdf05486c92f8f69be83c174756110;fd8c1f420a7c1c28bab654d0d8d3a6ba
582,2,1b323176137e2d3b0fa66c691af7168e,060f04c4f2dc67635433dc0c5b878265,57,train,False,4,4+4,060f04c4f2dc67635433dc0c5b878265;1b323176137e2d3b0fa66c691af7168e
583,2,4859aea02180c9b02fbd1be4e538240c,949b9f749f20ec960b36bd2fe50ac056,207,train;val,True,2,3+4,4859aea02180c9b02fbd1be4e538240c;949b9f749f20ec960b36bd2fe50ac056
584,2,d238858042506302cfc15c63db81341b,d9ad3f3ed67f14c9c9b35a5c4e85400b,145,train,False,2,3+4,d238858042506302cfc15c63db81341b;d9ad3f3ed67f14c9c9b35a5c4e85400b
585,2,07afad2271546de1802035829d3b507d,11f1519eb38ea10e74539a5d96cc8567,123,test;train,True,3,4+3,07afad2271546de1802035829d3b507d;11f1519eb38ea10e74539a5d96cc8567
586,2,a10cb9e1dcf60863dba57e77c45de0c5,b263e89dbfd95e61cc803eabc460d4f6,177,train,False,5,4+5,a10cb9e1dcf60863dba57e77c45de0c5;b263e89dbfd95e61cc803eabc460d4f6
587,2,85b7b5e97f0556d09761a365234f1ac5,308af8bc571b7c2e743a35d7489e4e32,99,train;val,True,2,3+4,308af8bc571b7c2e743a35d7489e4e32;85b7b5e97f0556d09761a365234f1ac5
588,2,a0e79ca3b7a02a0d6c5ed69ab4a5c8b4,f53e64ef7fcd2a2074e0724b2efd4b32,67,train,False,0,negative,a0e79ca3b7a02a0d6c5ed69ab4a5c8b4;f53e64ef7fcd2a2074e0724b2efd4b32
589,2,b02d2e1a8b84a4e0786a8fbd2775d767,b48211c0c0fba52fcc8d919d03ed005b,194,train,False,5,4+5,b02d2e1a8b84a4e0786a8fbd2775d767;b48211c0c0fba52fcc8d919d03ed005b
590,2,c8846813f6660c127897a5da55050d96,f07384ef90c301fac9bf8fdc24cb88e8,138,train,False,2,3+4,c8846813f6660c127897a5da55050d96;f07384ef90c301fac9bf8fdc24cb88e8
591,2,5e8b71155d862948b6e0da88f0b41789,29266f4feb6766468bce536888b3bc0c,89,train,False,3,4+3,29266f4feb6766468bce536888b3bc0c;5e8b71155d862948b6e0da88f0b41789
592,2,77086e72bf6d11aa544700a8a3e5da45,e610af2c9bdb892102c1c239c836121f,143,train,False,3,4+3,77086e72bf6d11aa544700a8a3e5da45;e610af2c9bdb892102c1c239c836121f
593,2,69d6fdc8e8bed1323f7dd9055aeb0e6b,6e4122eef9edf14c7ba932cfb9321788,113,train,False,0,negative,69d6fdc8e8bed1323f7dd9055aeb0e6b;6e4122eef9edf14c7ba932cfb9321788
594,2,88fb00fabc97d341a95e97a593c3fc43,f5688ca07c152e6777383cc871031692,146,test;train,True,3,4+3,88fb00fabc97d341a95e97a593c3fc43;f5688ca07c152e6777383cc871031692
595,2,eb18e2e49ff4b26634ed4737a7d48b2a,da558caad449f980ef35d87f9bfc2fa4,109,test;train,True,4,4+4,da558caad449f980ef35d87f9bfc2fa4;eb18e2e49ff4b26634ed4737a7d48b2a
596,2,ebc22b45eb3ad26c9d9883d912038f6d,29717c0234da6f914f61eb927d138896,192,test;val,True,4,4+4,29717c0234da6f914f61eb927d138896;ebc22b45eb3ad26c9d9883d912038f6d
597,2,823097b40e8a02f6e06021b87322fc58,e004796dbc56fa09c543d415a360c17b,165,train,False,1,3+3,823097b40e8a02f6e06021b87322fc58;e004796dbc56fa09c543d415a360c17b
598,2,0cb3f826fc871be280fd81ddd875b221,5dbe471927123756883dc4ec6121a72c,128,train,False,4,4+4,0cb3f826fc871be280fd81ddd875b221;5dbe471927123756883dc4ec6121a72c
599,2,1d93f2db56a439730528e78b5a8c6c65,94ad34192c1c300da99532bb24fd7bf3,131,train,False,0,negative,1d93f2db56a439730528e78b5a8c6c65;94ad34192c1c300da99532bb24fd7bf3
600,2,06ef49a7b77e883f089cfdd80642d6f0,687caedb62d68fd4692af68d695efc1c,77,train,False,0,negative,06ef49a7b77e883f089cfdd80642d6f0;687caedb62d68fd4692af68d695efc1c
601,2,8fc10ce3188de7e919b9f08fe5e6993c,ac2980962fa337ca0527b396bc62cf07,105,train,False,3,4+3,8fc10ce3188de7e919b9f08fe5e6993c;ac2980962fa337ca0527b396bc62cf07
602,2,80c69b5f428d37636414e89a0adaf228,baae8c3655a07ca543a7baa09b29bb52,114,train,False,0,negative,80c69b5f428d37636414e89a0adaf228;baae8c3655a07ca543a7baa09b29bb52
603,2,330823f8120df480aefdbf1d107747ba,8143e5473a650fd79750a6b4cf7c52e1,144,val,False,3,4+3,330823f8120df480aefdbf1d107747ba;8143e5473a650fd79750a6b4cf7c52e1
604,2,5d13a41bc7d00f8f089392106b073b3e,a58d6425e3c86c6d532cd57dc7504c13,74,train,False,1,3+3,5d13a41bc7d00f8f089392106b073b3e;a58d6425e3c86c6d532cd57dc7504c13
605,2,464f8dbd8b906717dd1eb94a344f7262,c9702f84cf4495e31190352abe61160d,159,train,False,5,4+5,464f8dbd8b906717dd1eb94a344f7262;c9702f84cf4495e31190352abe61160d
606,2,72a669da75812594654ab2097000c32c,da2319b5a8f33c13bcf2380c25b78e37,151,train,False,3,4+3,72a669da75812594654ab2097000c32c;da2319b5a8f33c13bcf2380c25b78e37
607,2,a9a2bdda9278e216b19a3a948f4f29ad,a3da6a9b33b3bbbbc3a2121a06a75ee3,218,train;val,True,0,negative,a3da6a9b33b3bbbbc3a2121a06a75ee3;a9a2bdda9278e216b19a3a948f4f29ad
608,2,45b722a9c968f995fcc13d1e59cbcc88,79d835c5885552240b7e7dd5a5201dde,208,train,False,1,3+3,45b722a9c968f995fcc13d1e59cbcc88;79d835c5885552240b7e7dd5a5201dde
609,2,1e0ad5923738c6350a87ba9bac5ffeea,d02c1da03b5ef4fb5ea6b793a3c1fc79,83,train,False,4,4+4,1e0ad5923738c6350a87ba9bac5ffeea;d02c1da03b5ef4fb5ea6b793a3c1fc79
610,2,2a6d0c4bd562bb83e9863a175af50de4,766a40322fe11a3794eada34c348b5cc,172,train,False,5,4+5,2a6d0c4bd562bb83e9863a175af50de4;766a40322fe11a3794eada34c348b5cc
611,2,760f8945b00dc239d46a48bc34909eb6,7c440d8eb7dbda63b0b45b7773fa8279,225,test;train,True,4,4+4,760f8945b00dc239d46a48bc34909eb6;7c440d8eb7dbda63b0b45b7773fa8279
612,2,41da5a69cd944b9556aef7d8829db011,bfa0d8a65df9b8c5230599c120f5aa99,153,val,False,3,4+3,41da5a69cd944b9556aef7d8829db011;bfa0d8a65df9b8c5230599c120f5aa99
613,2,46de8984e7374ec2a14fe538720cf688,55c836a2684cfeb94928d662a52344d5,207,train,False,4,4+4,46de8984e7374ec2a14fe538720cf688;55c836a2684cfeb94928d662a52344d5
614,2,035a5208729ef164213954598b8df75d,248849ede6c19a5b38182908836cb666,77,train;val,True,0,negative,035a5208729ef164213954598b8df75d;248849ede6c19a5b38182908836cb666
615,2,063db632c0ad279c9602070bea1d8dae,44350cd9c0b41005308e65c2d9ee8ac1,119,test;val,True,0,negative,063db632c0ad279c9602070bea1d8dae;44350cd9c0b41005308e65c2d9ee8ac1
616,2,20546599b4a51afc9eb43344f42df611,1bdf2c81b6b6aad6aae2818a844957f0,89,train,False,4,4+4,1bdf2c81b6b6aad6aae2818a844957f0;20546599b4a51afc9eb43344f42df611
617,2,2a1a6a11e1eca0c26b102832b362a5f3,3659fd7b7207e8a9c2595c04aef3587e,190,train,False,3,4+3,2a1a6a11e1eca0c26b102832b362a5f3;3659fd7b7207e8a9c2595c04aef3587e
618,2,d42bd4e73a676fe81419f7c9b499a79f,e0c2ac1e8919079234c7d0b9df13adff,43,train,False,2,3+4,d42bd4e73a676fe81419f7c9b499a79f;e0c2ac1e8919079234c7d0b9df13adff
619,2,a0e3a20a3cbf77644e69b241910b994a,b828e67db7b84d0d18b5498c8c185874,149,train,False,0,negative,a0e3a20a3cbf77644e69b241910b994a;b828e67db7b84d0d18b5498c8c185874
620,2,ba8d55330e6d36ab991e3bf8e4e489b2,9e06a908007f1dd46183826db9e80511,189,train,False,1,3+3,9e06a908007f1dd46183826db9e80511;ba8d55330e6d36ab991e3bf8e4e489b2
621,2,b58d4168888e852385cc411b9bf9b783,d396752533648e870437e895a2a1d175,28,test;train,True,4,4+4,b58d4168888e852385cc411b9bf9b783;d396752533648e870437e895a2a1d175
622,2,db047ccc6fbd5ba7b5c18321d7266384,4953f5a813043846c5e93b13adbcd1df,168,train,False,2,3+4,4953f5a813043846c5e93b13adbcd1df;db047ccc6fbd5ba7b5c18321d7266384
623,2,f3b08a5e211d74b09025915fa906449a,adced66ab9dcf618633efe9f1b837fcc,91,train,False,0,negative,adced66ab9dcf618633efe9f1b837fcc;f3b08a5e211d74b09025915fa906449a
624,2,637209e621c8714a1f636e38542efe91,ae73856854dae06ef0423afdc995e9c8,101,test;train,True,4,3+5,637209e621c8714a1f636e38542efe91;ae73856854dae06ef0423afdc995e9c8
625,2,26b5257856e96a2a3d3d3e681ae13aa1,6259bdf29094e9a832bb47b970ff8cce,176,train,False,5,4+5,26b5257856e96a2a3d3d3e681ae13aa1;6259bdf29094e9a832bb47b970ff8cce
626,2,1e781756a0e97724ca9592a7a9d8623d,095d32f7716c9ff9892a7696d2325ea1,176,train,False,1,3+3,095d32f7716c9ff9892a7696d2325ea1;1e781756a0e97724ca9592a7a9d8623d
627,2,357bb7135ffd688bbd6ae0efc984342e,8065167dbab09db4ff16c3a34da435b8,151,train,False,1,3+3,357bb7135ffd688bbd6ae0efc984342e;8065167dbab09db4ff16c3a34da435b8
628,2,2794fc86e8d4ab7388b0d6b198559572,d6807acfabc838eb944b797b116d3fb4,126,train,False,4,4+4,2794fc86e8d4ab7388b0d6b198559572;d6807acfabc838eb944b797b116d3fb4
629,2,b2dca2c953d270bc78478df8cf5ddb62,e9f33468a68c94621a437aee8674be96,67,test;train,True,5,4+5,b2dca2c953d270bc78478df8cf5ddb62;e9f33468a68c94621a437aee8674be96
630,2,0db426156d588a5bb0b6036ac0465be0,5bc396007c667e5fec6587d07a9af93e,127,test;val,True,0,negative,0db426156d588a5bb0b6036ac0465be0;5bc396007c667e5fec6587d07a9af93e
631,2,2c6daebe0963942f9b960aa3814b0b75,44fe9866a8fbfc80642bd800e2e4954b,98,train,False,2,3+4,2c6daebe0963942f9b960aa3814b0b75;44fe9866a8fbfc80642bd800e2e4954b
632,2,cd9c3b20829419695429f656fc340821,b9af529d72fbbca473b126588296c1e5,162,train;val,True,0,negative,b9af529d72fbbca473b126588296c1e5;cd9c3b20829419695429f656fc340821
633,2,9c51659368b9df260684b25ecaca3f77,fda9062ed96a20721634b82e5751c559,141,train,False,4,4+4,9c51659368b9df260684b25ecaca3f77;fda9062ed96a20721634b82e5751c559
634,2,991d3df8e3ce4a9f4b0edc588070b0e7,69a68245b813fb5a105dff02d32c6143,82,test;train,True,1,3+3,69a68245b813fb5a105dff02d32c6143;991d3df8e3ce4a9f4b0edc588070b0e7
635,2,a280d60407c69e37fad4d7290ac948a6,3d5b16b57612afc445ab30c74f2b6972,138,train,False,0,negative,3d5b16b57612afc445ab30c74f2b6972;a280d60407c69e37fad4d7290ac948a6
636,2,1d363430fe95e7bf857cd20b5759a9cb,b0fd3778526aec216e7db68d267c0897,164,test,False,5,4+5,1d363430fe95e7bf857cd20b5759a9cb;b0fd3778526aec216e7db68d267c0897
637,2,5c845f5a01b97dd479aeef86b465605f,79c0ed7b8274042a87f647a1e03d01e8,234,train;val,True,5,4+5,5c845f5a01b97dd479aeef86b465605f;79c0ed7b8274042a87f647a1e03d01e8
638,2,c4bcc0bc2da6444a5e4300f7bd2f577c,2ee68cce1ed0a65cf352ed55488979a0,194,train,False,4,4+4,2ee68cce1ed0a65cf352ed55488979a0;c4bcc0bc2da6444a5e4300f7bd2f577c
639,2,18533bc08197fa92ff063ad89ceddc89,2592cfd1d3e053e519598bab9423d279,44,train;val,True,0,negative,18533bc08197fa92ff063ad89ceddc89;2592cfd1d3e053e519598bab9423d279
640,2,4ed29df24a54fba2e6ee2c14716c2e62,4968e5f9e8c2d58318e33902e4617575,93,train,False,0,negative,4968e5f9e8c2d58318e33902e4617575;4ed29df24a54fba2e6ee2c14716c2e62
641,2,a5f7e4be7d541aeab8b4b45f9a681300,6e84edfad5dc1ebd5bf547931febf704,163,test;train,True,3,4+3,6e84edfad5dc1ebd5bf547931febf704;a5f7e4be7d541aeab8b4b45f9a681300
642,2,98ee892e5c8c6f3f01d3f1705f16401e,2a8e0ac626666a2e86b868ff22249946,259,train,False,5,4+5,2a8e0ac626666a2e86b868ff22249946;98ee892e5c8c6f3f01d3f1705f16401e
643,2,df8bd94723b96652f71fbdde64fc8669,d4dcb1cd15053d17de19d2d63ddcb173,212,train,False,4,3+5,d4dcb1cd15053d17de19d2d63ddcb173;df8bd94723b96652f71fbdde64fc8669
644,2,76a8ff1f9493e07c2e6cd013e3ee0d49,9e0f4a948ca41284a9bfd7eedaa7aad3,153,train,False,2,3+4,76a8ff1f9493e07c2e6cd013e3ee0d49;9e0f4a948ca41284a9bfd7eedaa7aad3
645,2,e92dfc70e301a7e97540ac17cb56cdae,a0dfaf8d608aac9ef3de97f3758ab484,101,train;val,True,0,negative,a0dfaf8d608aac9ef3de97f3758ab484;e92dfc70e301a7e97540ac17cb56cdae
646,2,6453e55d3511f7cacb8075f5bb82fd97,71fc7343524aad2c6953b454f7dce67c,172,test;train,True,2,3+4,6453e55d3511f7cacb8075f5bb82fd97;71fc7343524aad2c6953b454f7dce67c
647,2,9e25a72634b60efd066f96c715437686,61838ed2c863a4b4d7b851854f990941,117,train;val,True,1,3+3,61838ed2c863a4b4d7b851854f990941;9e25a72634b60efd066f96c715437686
648,2,363cd7b84bf86e6c8cd7073897b97232,a36b91d58c9dae658708fac3ae14b969,95,train,False,0,negative,363cd7b84bf86e6c8cd7073897b97232;a36b91d58c9dae658708fac3ae14b969
649,2,e187fc91f755db1d0885f19a0b333523,476f0dfb144aee7d5422dcc3b2b97a9f,40,train,False,1,3+3,476f0dfb144aee7d5422dcc3b2b97a9f;e187fc91f755db1d0885f19a0b333523
650,2,c15bffae592596f8f566239c725ec577,efffcaf09935e68555f74277c387220a,84,train,False,4,5+3,c15bffae592596f8f566239c725ec577;efffcaf09935e68555f74277c387220a
651,2,08b04f43997889865568c2c0d7bba8ab,128ade97a27c446fb413b1787426760c,109,train,False,3,4+3,08b04f43997889865568c2c0d7bba8ab;128ade97a27c446fb413b1787426760c
652,2,f18cbfc916ac8e35595c53c801784470,691ff411542b91ee34c47726a5665c47,132,train,False,1,3+3,691ff411542b91ee34c47726a5665c47;f18cbfc916ac8e35595c53c801784470
653,2,28de07f534e1942fb63732ccd9e09338,cb3e71bd3331bf85370d0a3a3071f47c,190,test;train,True,3,4+3,28de07f534e1942fb63732ccd9e09338;cb3e71bd3331bf85370d0a3a3071f47c
654,2,0b6a90e1c27bf54488c1f7697c6ce599,9599d5f691b56b56aac30664afa7ef45,52,test;train,True,0,negative,0b6a90e1c27bf54488c1f7697c6ce599;9599d5f691b56b56aac30664afa7ef45
655,2,0e6ba66e0b6faf748d29425b8fef9d79,a5b9d82b7e211bf9e5d65ee738236366,146,train,False,3,4+3,0e6ba66e0b6faf748d29425b8fef9d79;a5b9d82b7e211bf9e5d65ee738236366
656,2,6426935440acd920bae26da8165ca680,5846acd1f690271cfb0264154dcccdd9,48,test;val,True,0,negative,5846acd1f690271cfb0264154dcccdd9;6426935440acd920bae26da8165ca680
657,2,3184f4b67b1ab07cb39e2e3e4b381c16,cdc62b9e07d25bb4ceac1ba9d09e6e12,189,train,False,2,3+4,3184f4b67b1ab07cb39e2e3e4b381c16;cdc62b9e07d25bb4ceac1ba9d09e6e12
658,2,203c6d9817fc00d1b1fdcc6eae2118b4,8b48c767af9bb73efebdd338e8f07891,147,test;train,True,1,3+3,203c6d9817fc00d1b1fdcc6eae2118b4;8b48c767af9bb73efebdd338e8f07891
659,2,d0722f1c8a76133ce8400a4c1dafce5a,435f5526bfee811bcd4bbf54ad40b600,155,test;train,True,5,4+5,435f5526bfee811bcd4bbf54ad40b600;d0722f1c8a76133ce8400a4c1dafce5a
660,2,9d4865f39effefd5da1afb0bb01157b1,e162a1681d6e6ab5bf85a7eb71ef7f95,70,test;val,True,0,negative,9d4865f39effefd5da1afb0bb01157b1;e162a1681d6e6ab5bf85a7eb71ef7f95
661,2,497e1c9755641be4757136f16b8a8fad,81b6b10c60f38572abf01c112ca59646,161,test,False,3,4+3,497e1c9755641be4757136f16b8a8fad;81b6b10c60f38572abf01c112ca59646
662,2,1a9dc3df5b76c7c4968530cdc05df1ec,ef49ceba7efcbd20b8cc1eda40b256fa,124,train,False,2,3+4,1a9dc3df5b76c7c4968530cdc05df1ec;ef49ceba7efcbd20b8cc1eda40b256fa
663,2,6c3599d5faf73b34fe8d64fac9368483,cf30df304e1b75bc28624ef1d5c2cf6e,148,train,False,5,5+4,6c3599d5faf73b34fe8d64fac9368483;cf30df304e1b75bc28624ef1d5c2cf6e
664,2,d11c87201830d5e0b853fe783ff28b70,e2138754f55ba87cd4cdd2ccb8f0721d,112,test;train,True,0,negative,d11c87201830d5e0b853fe783ff28b70;e2138754f55ba87cd4cdd2ccb8f0721d
665,2,91cda229f5cca86a0d2c7bf78cfce02c,4996dee45b988e6e90cdaac8d5efbe7d,53,train,False,0,negative,4996dee45b988e6e90cdaac8d5efbe7d;91cda229f5cca86a0d2c7bf78cfce02c
666,2,99bc60c2d554be9304993efa0a5ef740,f79dc41910f957d0c15aadb49bff975c,90,test;train,True,4,4+4,99bc60c2d554be9304993efa0a5ef740;f79dc41910f957d0c15aadb49bff975c
667,2,5b003d43ec0ce5979062442486f84cf7,3e5fc2e7be262fb77362fb82e4850774,134,train,False,4,5+3,3e5fc2e7be262fb77362fb82e4850774;5b003d43ec0ce5979062442486f84cf7
668,2,88fcb6de1ead418b238f198a635179c0,99b5e6120fe11690a3f36994f2dba580,164,test;train,True,4,3+5,88fcb6de1ead418b238f198a635179c0;99b5e6120fe11690a3f36994f2dba580
669,2,cc2681fc29015a9c20bca401aba9d489,b6bd9248ed2b894808d5a922f8c32d9f,120,train,False,0,negative,b6bd9248ed2b894808d5a922f8c32d9f;cc2681fc29015a9c20bca401aba9d489
670,2,7f46d3906c54e47d26aa7d3114b36a9d,1df63c491243a9f5c0ad727672be2763,128,train,False,5,5+4,1df63c491243a9f5c0ad727672be2763;7f46d3906c54e47d26aa7d3114b36a9d
671,2,dd43c81a6e0d49daefdbaa069e2bb095,e02703af0349a0d093605123400dbf07,148,train,False,2,3+4,dd43c81a6e0d49daefdbaa069e2bb095;e02703af0349a0d093605123400dbf07
672,2,8a415b0e974861fa00ae9d88f9e3b980,e2726cffee3499287c6f87b561dd228d,222,train,False,5,5+4,8a415b0e974861fa00ae9d88f9e3b980;e2726cffee3499287c6f87b561dd228d
673,2,fcc021adb67098501a473a959211093c,11f9b8c48b800c4434f693f0e76bc3b4,154,train,False,2,3+4,11f9b8c48b800c4434f693f0e76bc3b4;fcc021adb67098501a473a959211093c
674,2,59750807e9d7869288cc60f7c318314d,da1de69a3097c5cecfc5a5c20f125340,197,train,False,0,negative,59750807e9d7869288cc60f7c318314d;da1de69a3097c5cecfc5a5c20f125340
675,2,bc3ea73616f606f303527da9e52796c8,735ed10b9f870ff45482454f55b1d807,112,train,False,5,5+4,735ed10b9f870ff45482454f55b1d807;bc3ea73616f606f303527da9e52796c8
676,2,a20eedc8f4a55e36f0bfc88bc5f8dd06,3111867f5335731289a4feb3db5644b7,214,test;train,True,2,3+4,3111867f5335731289a4feb3db5644b7;a20eedc8f4a55e36f0bfc88bc5f8dd06
677,2,9158baf42019752ef196d31796e7a768,8690e050e07c2c2aa86f442125b3424f,128,train,False,5,4+5,8690e050e07c2c2aa86f442125b3424f;9158baf42019752ef196d31796e7a768
678,2,fd08b2bce422f40a465664f9a5f9afdd,5618c8129a6db9d5d94bb26f2b58fe4f,215,train,False,1,3+3,5618c8129a6db9d5d94bb26f2b58fe4f;fd08b2bce422f40a465664f9a5f9afdd
679,2,3e6e4a8f49b190ff3656c6cb85dae975,bf1b395053b3d584ccee60148cef87b3,85,train,False,0,negative,3e6e4a8f49b190ff3656c6cb85dae975;bf1b395053b3d584ccee60148cef87b3
680,2,5c9407c366d62c4e309a5fa61a48b7b7,7e7c7d39cc9b962c510facf7b92e676d,147,train,False,1,3+3,5c9407c366d62c4e309a5fa61a48b7b7;7e7c7d39cc9b962c510facf7b92e676d
681,2,51fc45502634ba97726929d243438c63,2dfc3c0d45043aa9d7aee9560f487a43,116,train,False,4,4+4,2dfc3c0d45043aa9d7aee9560f487a43;51fc45502634ba97726929d243438c63
682,2,2d2b8462838f388306beebdc1e2994d0,1784ab09ff0d41a78a89e36226bf3eb5,87,train,False,1,3+3,1784ab09ff0d41a78a89e36226bf3eb5;2d2b8462838f388306beebdc1e2994d0
683,2,ca66a5c35e8d7f0e026086d58922aca7,26db031a2a246f6525d08296fad489f6,134,test;train,True,5,4+5,26db031a2a246f6525d08296fad489f6;ca66a5c35e8d7f0e026086d58922aca7
684,2,50f74e7e621541065c3b5955d41782f2,c907464eee427bcfd931eacfdf64a5d8,101,train,False,0,negative,50f74e7e621541065c3b5955d41782f2;c907464eee427bcfd931eacfdf64a5d8
685,2,6b512a45bd8ca759e655c2d551dec2d9,fc3c4b863c8e9defaf8f430cdee91183,169,test;train,True,4,4+4,6b512a45bd8ca759e655c2d551dec2d9;fc3c4b863c8e9defaf8f430cdee91183
686,2,c10d4753ac1782268289014b69697b90,8dbbf6f6aebb8aea3339f70dbfd7cf07,169,train;val,True,4,4+4,8dbbf6f6aebb8aea3339f70dbfd7cf07;c10d4753ac1782268289014b69697b90
687,2,e4004944daa2e2ab41f4d8cec3adec83,a6f080dbb9bf42ed3e8510972595c71c,197,test;train,True,5,4+5,a6f080dbb9bf42ed3e8510972595c71c;e4004944daa2e2ab41f4d8cec3adec83
688,2,c707c255c4694985f6f68331571bc656,bd95b9c20d2a8dd686fb0f64432aa82f,128,train,False,3,4+3,bd95b9c20d2a8dd686fb0f64432aa82f;c707c255c4694985f6f68331571bc656
689,2,2a3883e1ff960fefc4b94fe5b1b0391e,3b9c3ae2d2f1abe1498d4c746769aaa0,163,train,False,5,5+4,2a3883e1ff960fefc4b94fe5b1b0391e;3b9c3ae2d2f1abe1498d4c746769aaa0
690,2,c4fb78f4b25153789d8c8b22b938d322,72ef48dc4b05d21859f3842c373e5216,70,test;train,True,1,3+3,72ef48dc4b05d21859f3842c373e5216;c4fb78f4b25153789d8c8b22b938d322
691,2,db8ff1904b4dbb6dced48061856d9849,d5110b3363bff16460ad266f1ce4ea06,146,train,False,1,3+3,d5110b3363bff16460ad266f1ce4ea06;db8ff1904b4dbb6dced48061856d9849
692,2,1f8c98a43c6e755c2b3a785db72520e1,06fe0864a99a2e0cd32cb141b7808912,182,test;train,True,3,4+3,06fe0864a99a2e0cd32cb141b7808912;1f8c98a43c6e755c2b3a785db72520e1
693,2,75e0312b501f37b88a274858cb8e7275,8966778378acb202c1d6686486ba6039,104,train,False,2,3+4,75e0312b501f37b88a274858cb8e7275;8966778378acb202c1d6686486ba6039
694,2,e5c045c4083859b242af4d1b3bc1dc65,17ce197283f339f4ab406de74d03f6b2,100,train;val,True,4,4+4,17ce197283f339f4ab406de74d03f6b2;e5c045c4083859b242af4d1b3bc1dc65
695,2,2daec36424a8f2afeaa4aad3d33a1589,96fe9eb038ba77992ff6fd1b16ae9427,133,train;val,True,5,4+5,2daec36424a8f2afeaa4aad3d33a1589;96fe9eb038ba77992ff6fd1b16ae9427
696,2,a0a19caa7f2b6ff84b3e5cf0aa3fc68e,30a54c050c9eb531d2709b05ede484ce,178,train,False,0,negative,30a54c050c9eb531d2709b05ede484ce;a0a19caa7f2b6ff84b3e5cf0aa3fc68e
697,2,20c05ea5426b6c50b857057ad0ef7126,db197fde0bcf98431c68e0d443a88fe4,102,test;train,True,2,3+4,20c05ea5426b6c50b857057ad0ef7126;db197fde0bcf98431c68e0d443a88fe4
698,2,f9285fe284ce30f4d249635062db619a,e55a0a59287bb3e3c51a6775a3ef30dc,134,train,False,5,5+4,e55a0a59287bb3e3c51a6775a3ef30dc;f9285fe284ce30f4d249635062db619a
699,2,467e6dae0cb2eb1af21e9cc3c602fde7,5af696841a9c6453f9f667bdab0621e5,37,train,False,4,4+4,467e6dae0cb2eb1af21e9cc3c602fde7;5af696841a9c6453f9f667bdab0621e5
700,2,00e6511435645e50673991768a713c66,835c2db7726b399c38e5e53f1c326ab6,171,train,False,1,3+3,00e6511435645e50673991768a713c66;835c2db7726b399c38e5e53f1c326ab6
701,2,daebef24cda2600dcb449a78a83c1858,ba07ed13e035af4f49a9d6830685024c,123,train,False,1,3+3,ba07ed13e035af4f49a9d6830685024c;daebef24cda2600dcb449a78a83c1858
702,2,a66acc12fbf3f3d375bac7f768336aa5,de4966a35d76fc988a17d78d895b2130,60,train,False,0,negative,a66acc12fbf3f3d375bac7f768336aa5;de4966a35d76fc988a17d78d895b2130
703,2,1f1440204eba45ff4f999795c7d52040,cf7f123c8b625d018cd97190a3fb3d51,136,test;train,True,0,negative,1f1440204eba45ff4f999795c7d52040;cf7f123c8b625d018cd97190a3fb3d51
704,2,ad990202d6e12f56b9f354b707eab35b,696e3791b5590f7fe3c22fbe1ee369b4,148,train,False,3,4+3,696e3791b5590f7fe3c22fbe1ee369b4;ad990202d6e12f56b9f354b707eab35b
705,2,62202e376a671af629cc7c309561ff56,ddbeff8437def5f80c4890b394711ec2,161,train,False,1,3+3,62202e376a671af629cc7c309561ff56;ddbeff8437def5f80c4890b394711ec2
706,2,a9534d1d06ad290d690bd88a164b9657,349b1b6fa6ffc5625b8eedabf03d5948,66,test;train,True,0,negative,349b1b6fa6ffc5625b8eedabf03d5948;a9534d1d06ad290d690bd88a164b9657
707,2,86f0a558cecdc39f6ace44364795f747,223e1179a9dcf7c13871234edc99fc1b,27,train;val,True,0,negative,223e1179a9dcf7c13871234edc99fc1b;86f0a558cecdc39f6ace44364795f747
708,2,828b6eff01c7a265a2f6812b89744860,fc45d1e5ef73ee9ceccbe8cb04cc9f15,172,train,False,0,negative,828b6eff01c7a265a2f6812b89744860;fc45d1e5ef73ee9ceccbe8cb04cc9f15
709,2,901d2acd51382d7568fd83389f704888,180e2320aefbf3dfecab785446bc555b,114,train,False,5,4+5,180e2320aefbf3dfecab785446bc555b;901d2acd51382d7568fd83389f704888
710,2,2b340c9844077ddcdf641adac5f116e3,97659f526c8c25f29175c9c5d36d31e7,243,train,False,0,negative,2b340c9844077ddcdf641adac5f116e3;97659f526c8c25f29175c9c5d36d31e7
711,2,f0bb29042dfb17421aac02138f8e9d20,6ae973c0f3341e2eb19e08dfe4ee42fc,178,train,False,0,negative,6ae973c0f3341e2eb19e08dfe4ee42fc;f0bb29042dfb17421aac02138f8e9d20
712,2,82b8e31cf5bd59934af005c609d05e64,c35e39e522cb0a93ecd114c71e72af05,142,train,False,5,4+5,82b8e31cf5bd59934af005c609d05e64;c35e39e522cb0a93ecd114c71e72af05
713,2,8ce7e69e255980b50a2f8a7289bce5a6,07106a451fdebeaa73f2db13f295bfb1,166,train,False,1,3+3,07106a451fdebeaa73f2db13f295bfb1;8ce7e69e255980b50a2f8a7289bce5a6
714,2,e2efdfdce6c126897cef60cde252def7,aa47209a146185e3bea1fa18b904304a,163,train,False,0,negative,aa47209a146185e3bea1fa18b904304a;e2efdfdce6c126897cef60cde252def7
715,2,67fa39eefb55953ca818c7c46d3a8369,89912d7c7ffbad7504be4a75676fa4c2,57,train,False,0,negative,67fa39eefb55953ca818c7c46d3a8369;89912d7c7ffbad7504be4a75676fa4c2
716,2,6bfa122b5832ffd442a8123153f5d252,afd477abb13dea3e8d517efcb19233c2,80,test;train,True,0,negative,6bfa122b5832ffd442a8123153f5d252;afd477abb13dea3e8d517efcb19233c2
717,2,ab81f1e238ba4350b836f161a0c5c043,94a91bf6dc832eda6a8f9fc70aae77bb,64,train,False,3,4+3,94a91bf6dc832eda6a8f9fc70aae77bb;ab81f1e238ba4350b836f161a0c5c043
718,2,049813f2cb407d0db60d6e671af6415b,43fb03bd110f08e7c36fcbfcf43feccf,145,train;val,True,4,4+4,049813f2cb407d0db60d6e671af6415b;43fb03bd110f08e7c36fcbfcf43feccf
719,2,bb11bbc200cb4a84814ddc37a78eeb98,ee3cb4950320fa16061f3f3519f8e08e,143,train,False,1,3+3,bb11bbc200cb4a84814ddc37a78eeb98;ee3cb4950320fa16061f3f3519f8e08e
720,2,4ef6decdc9422567eb07d8048f0febb6,c4b1a10db8b0cdece7a1498b2fcbda7f,152,train,False,2,3+4,4ef6decdc9422567eb07d8048f0febb6;c4b1a10db8b0cdece7a1498b2fcbda7f
721,2,59001f029aafc4adc0971c0397df6173,ab4a7247e87d9cd8b7106a64b3dda927,127,train,False,5,4+5,59001f029aafc4adc0971c0397df6173;ab4a7247e87d9cd8b7106a64b3dda927
722,2,92a7876fa3e636c7cae555a615c6c192,a0d4b7a115f83077d88361dd38399cf7,165,train,False,1,3+3,92a7876fa3e636c7cae555a615c6c192;a0d4b7a115f83077d88361dd38399cf7
723,2,f83af16db53783f37f6614cf3bc3e5af,dbbd706e74cdd87e423b5e28d3c7f25a,186,train,False,5,4+5,dbbd706e74cdd87e423b5e28d3c7f25a;f83af16db53783f37f6614cf3bc3e5af
724,2,22929b2cf2dd413c3a4f6f737d02a74c,92fa83d9c589d7c819d52fd8ab461241,150,train,False,3,4+3,22929b2cf2dd413c3a4f6f737d02a74c;92fa83d9c589d7c819d52fd8ab461241
725,2,6e4491b337dde383cdf2a75685dee968,1f86b6a526481bc5d2ca18d94f94f062,147,train;val,True,0,negative,1f86b6a526481bc5d2ca18d94f94f062;6e4491b337dde383cdf2a75685dee968
726,2,137424bd3da854f6a78b917324fb5bdb,2fb988029403766a9fe962f57cefe124,221,train,False,3,4+3,137424bd3da854f6a78b917324fb5bdb;2fb988029403766a9fe962f57cefe124
727,2,4ba2c9a9103bbbaa575dfb3b888dc195,1d1163f720942d79ca68721d8f634914,169,test;val,True,0,negative,1d1163f720942d79ca68721d8f634914;4ba2c9a9103bbbaa575dfb3b888dc195
728,2,6eb1da90c9630e7c86f282c7eea4fe94,b6ded09044a0e4415d7c2424f3597e3e,144,train,False,0,negative,6eb1da90c9630e7c86f282c7eea4fe94;b6ded09044a0e4415d7c2424f3597e3e
729,2,dff285c9260f7f68f4e97fb6abd32043,a36ee9f2bc558182239d85d1f7a74e9b,155,train,False,3,4+3,a36ee9f2bc558182239d85d1f7a74e9b;dff285c9260f7f68f4e97fb6abd32043
730,2,f82b48c5ef63a291660357ded12a7ab1,72273ecaf2d7de847ce3555519a6257a,138,train;val,True,2,3+4,72273ecaf2d7de847ce3555519a6257a;f82b48c5ef63a291660357ded12a7ab1
731,2,30ec590d9ad752737dae45f47f2b37cb,03849b0243900d79446bb27849dc0bb2,111,test,False,1,3+3,03849b0243900d79446bb27849dc0bb2;30ec590d9ad752737dae45f47f2b37cb
732,2,a0df9f687c355120bbaecf0b38d21181,f94a2f497ba431ae01c0d557d8c2a78f,135,test;train,True,0,negative,a0df9f687c355120bbaecf0b38d21181;f94a2f497ba431ae01c0d557d8c2a78f
733,2,9e5d11af345645e8379267b0d57a3b64,059cbf902c5e42972587c8d17d49efed,127,train,False,0,negative,059cbf902c5e42972587c8d17d49efed;9e5d11af345645e8379267b0d57a3b64
734,2,3f09402aa669e0e9f91b7f158c8708cc,8e3e843a0eebb79b5ed06f97c078eb87,133,train,False,2,3+4,3f09402aa669e0e9f91b7f158c8708cc;8e3e843a0eebb79b5ed06f97c078eb87
735,2,f05260d375197325c7cf1775306b9eb4,95687706ffc4a2750ca1709258cc88de,159,train;val,True,4,4+4,95687706ffc4a2750ca1709258cc88de;f05260d375197325c7cf1775306b9eb4
736,2,d9652aa1aed6ef06e2c1f8181b734d9e,e1cb7dd62d9f43421d5a01467307b98d,63,train;val,True,0,negative,d9652aa1aed6ef06e2c1f8181b734d9e;e1cb7dd62d9f43421d5a01467307b98d
737,2,070f9f27db2db32b456cfc595f29c03a,8d90013d52788c1e2f5f47ad80e65d48,52,train,False,1,3+3,070f9f27db2db32b456cfc595f29c03a;8d90013d52788c1e2f5f47ad80e65d48
738,2,da05399168ba25410d90c05f8f603012,b393b5fdb1c3810f70c422cca50ff720,61,test;train,True,0,negative,b393b5fdb1c3810f70c422cca50ff720;da05399168ba25410d90c05f8f603012
739,2,aa3c01d5326e3ed117d9266d5ed6ef37,554c017aec32fb7b6448c3ba22d3f0e4,19,val,False,1,3+3,554c017aec32fb7b6448c3ba22d3f0e4;aa3c01d5326e3ed117d9266d5ed6ef37
740,2,bd7b04d0b48b5fc9d004e93b536f72aa,462d4231224f8acdc85dc9449f803a2d,154,train,False,4,4+4,462d4231224f8acdc85dc9449f803a2d;bd7b04d0b48b5fc9d004e93b536f72aa
741,2,f9e7b42fd5a1fd18683a846ddfa94c8c,e95c6d365351c83dc999465682628033,118,train,False,1,3+3,e95c6d365351c83dc999465682628033;f9e7b42fd5a1fd18683a846ddfa94c8c
742,2,5beed3b27daf64fe7fbc4d065883826e,17ceaa3198ace548e0fd65b95c800a32,168,test;val,True,2,3+4,17ceaa3198ace548e0fd65b95c800a32;5beed3b27daf64fe7fbc4d065883826e
743,2,3d3988b1b72273ee018b40c5acd51e43,8410fae68bb5de5c8c1b080810903bed,47,test;train,True,5,5+5,3d3988b1b72273ee018b40c5acd51e43;8410fae68bb5de5c8c1b080810903bed
744,2,83ff615957c966e2f9defbc4339196a3,55871a7a0ec1e0958ce44dd101d48be7,190,train,False,0,negative,55871a7a0ec1e0958ce44dd101d48be7;83ff615957c966e2f9defbc4339196a3
745,2,80f7cfb8ff20d9aa8eebcd541d0d5fd4,bd86f3cec249d54cd3bd64763da8612b,133,train,False,4,3+5,80f7cfb8ff20d9aa8eebcd541d0d5fd4;bd86f3cec249d54cd3bd64763da8612b
746,2,365b34d59b0132366fd9feb0138ca7ff,03426e9293f207de46b5592c001eb45c,174,train;val,True,4,4+4,03426e9293f207de46b5592c001eb45c;365b34d59b0132366fd9feb0138ca7ff
747,2,b3438f39bb7db17a8c77e5520613de21,917bea3ff0173996f94b1adca79213e0,143,train,False,2,3+4,917bea3ff0173996f94b1adca79213e0;b3438f39bb7db17a8c77e5520613de21
748,2,16cc34b16c0b30e43e8c33f572440ae6,9a3595bbbc36b9ae6880ad57ae3a597b,149,train,False,2,3+4,16cc34b16c0b30e43e8c33f572440ae6;9a3595bbbc36b9ae6880ad57ae3a597b
749,2,9f08d625fda6cb202fdc3193a476b1b1,3a307aeade076ae4aab09ae25a5d30b1,34,train,False,4,4+4,3a307aeade076ae4aab09ae25a5d30b1;9f08d625fda6cb202fdc3193a476b1b1
750,2,ffd2841373b39792ab0c84cccd066e31,b13078f2ae0a4dd072a3509ab1b1a0f0,199,train,False,0,negative,b13078f2ae0a4dd072a3509ab1b1a0f0;ffd2841373b39792ab0c84cccd066e31
751,2,f534baed77c3ea8471dae9811cc235f1,30eb8e531d1c9116964b7fbf45bf95bc,168,train,False,4,4+4,30eb8e531d1c9116964b7fbf45bf95bc;f534baed77c3ea8471dae9811cc235f1
752,2,4cb2407fb053b89d54b59d0ba09aecc1,63006577b07056d2789dedce40da466d,115,train,False,2,3+4,4cb2407fb053b89d54b59d0ba09aecc1;63006577b07056d2789dedce40da466d
753,2,591be7bd1ced8a42f257d9a467cb7133,d4e11ec26633ed74394b8df2228bfb75,158,train,False,1,3+3,591be7bd1ced8a42f257d9a467cb7133;d4e11ec26633ed74394b8df2228bfb75
754,2,e9e062c3fcf872abdf5f44dc2c55345a,dabe405fe14fea8abeae766fdaa96185,95,train,False,2,3+4,dabe405fe14fea8abeae766fdaa96185;e9e062c3fcf872abdf5f44dc2c55345a
755,2,66bf5fa7e14d885f38e3dc61a64f41ab,bcaf9c8890c50757bd3624d5bd39c270,104,train,False,4,4+4,66bf5fa7e14d885f38e3dc61a64f41ab;bcaf9c8890c50757bd3624d5bd39c270
756,2,fd3926d5158b0502b1a51811c50c3976,2ad0a0582297b6f2ddb131796e300ee3,114,train,False,0,negative,2ad0a0582297b6f2ddb131796e300ee3;fd3926d5158b0502b1a51811c50c3976
757,2,9140f25d89ce21afd290027d237a1c36,2902a2f38703f59632892819a1c72377,58,train,False,3,4+3,2902a2f38703f59632892819a1c72377;9140f25d89ce21afd290027d237a1c36
758,2,a2fb69954b14fe15857b0f54515fc745,9fbd2b9d9b4c1f0b811515ea0d762d61,81,train,False,0,negative,9fbd2b9d9b4c1f0b811515ea0d762d61;a2fb69954b14fe15857b0f54515fc745
759,2,aba52f1d32ab593c075801a10a98938b,134b29504e8774c3d38102d6ee81cdb9,118,train,False,4,4+4,134b29504e8774c3d38102d6ee81cdb9;aba52f1d32ab593c075801a10a98938b
760,2,3c8b636f1d0af8f8e4d5cfa2479b4069,8e1caeb7b30b4cf3b1d07e777aca6a67,68,train,False,1,3+3,3c8b636f1d0af8f8e4d5cfa2479b4069;8e1caeb7b30b4cf3b1d07e777aca6a67
761,2,6ae06c0101d0cfa56d4ca5c6aaa7750b,b912445f14c14f0583f573db5be18d7a,124,train,False,1,3+3,6ae06c0101d0cfa56d4ca5c6aaa7750b;b912445f14c14f0583f573db5be18d7a
762,2,146767f7d93d3093f647e003c9fdb0bb,e00a89e8381aefb07d23390b87fe5d48,149,test;train,True,1,3+3,146767f7d93d3093f647e003c9fdb0bb;e00a89e8381aefb07d23390b87fe5d48
763,2,d34c7fe759808771f0b2dc65ad0df03c,b29e5425308f0f10cded9bb6c75b6049,38,train,False,4,4+4,b29e5425308f0f10cded9bb6c75b6049;d34c7fe759808771f0b2dc65ad0df03c
764,2,29cf9fd036abf9bb241580d247b39b1b,3bdd92d91566a9719c76ca639db6a143,144,train;val,True,1,3+3,29cf9fd036abf9bb241580d247b39b1b;3bdd92d91566a9719c76ca639db6a143
765,2,a17e3c28db1efe5c03c927e64399f6aa,81d946312f17a79100cf3471da48ac9b,145,test;train,True,3,4+3,81d946312f17a79100cf3471da48ac9b;a17e3c28db1efe5c03c927e64399f6aa
766,2,0446851f36b7a60cb971e05365ce0188,9bc70f1bfc8dbca7c881616b0198edcb,170,test;train,True,4,4+4,0446851f36b7a60cb971e05365ce0188;9bc70f1bfc8dbca7c881616b0198edcb
767,2,87c639ec5365c2d6d61581be6407c8b6,d78288ac0177943bc0eead193451098e,152,train,False,5,4+5,87c639ec5365c2d6d61581be6407c8b6;d78288ac0177943bc0eead193451098e
768,2,5b8542dc1477f67d3d1c5984b83c14b7,bd4b881106dd6a8658ee1e9afdb1844f,78,train,False,5,5+4,5b8542dc1477f67d3d1c5984b83c14b7;bd4b881106dd6a8658ee1e9afdb1844f
769,2,7c064b4fa48467ba6c1ff3b8a6c28bac,3ea446fb35b118a634e5f5ce509f672b,174,train,False,4,4+4,3ea446fb35b118a634e5f5ce509f672b;7c064b4fa48467ba6c1ff3b8a6c28bac
770,2,20be7c34058e2f24ef3bb0cda3c376d5,7b5c303bc727db87d76486bc15084adf,172,train;val,True,1,3+3,20be7c34058e2f24ef3bb0cda3c376d5;7b5c303bc727db87d76486bc15084adf
771,2,1521d8add6039d68060e919270448018,f065aa3e43c7259d03e12b11bc9deb1f,195,train,False,1,3+3,1521d8add6039d68060e919270448018;f065aa3e43c7259d03e12b11bc9deb1f
772,2,251e12eeb15fcbbd0a39cd7928c74345,28ca63263be7194fbefbfaedd0637469,120,train,False,3,4+3,251e12eeb15fcbbd0a39cd7928c74345;28ca63263be7194fbefbfaedd0637469
773,2,f102169b07ee29e61ed6001725f076e7,ea4567ff965f38683bdc7c7af2e08ae4,219,train;val,True,3,4+3,ea4567ff965f38683bdc7c7af2e08ae4;f102169b07ee29e61ed6001725f076e7
774,2,1517ef21c1a72cf5ba4e1eeb6176dccc,12493fb2b3ab6e3a628dfff875cbb335,237,train,False,1,3+3,12493fb2b3ab6e3a628dfff875cbb335;1517ef21c1a72cf5ba4e1eeb6176dccc
775,2,56c011c71edcba80e2c4fb87d1d0f26e,48df3ca910d365bdea427ed5b7c31808,72,train;val,True,4,4+4,48df3ca910d365bdea427ed5b7c31808;56c011c71edcba80e2c4fb87d1d0f26e
776,2,2f27c52c7d58fbe0818d6531d3707c78,a184260ef13d42e03b958406346024e2,219,train,False,0,negative,2f27c52c7d58fbe0818d6531d3707c78;a184260ef13d42e03b958406346024e2
777,2,2627c765b74591958e7ba12fd857f80e,65a653ff2eae408f815ffce6898173ca,148,train,False,3,4+3,2627c765b74591958e7ba12fd857f80e;65a653ff2eae408f815ffce6898173ca
778,2,e278dc57dacfed61fa504133fda2d8c1,08459aaedfda0679aab403ababbd6ece,174,train,False,5,5+5,08459aaedfda0679aab403ababbd6ece;e278dc57dacfed61fa504133fda2d8c1
779,2,1a33d8ea1893170a972d67e493d59396,05a377208625fce1afdc4878e3185ca4,132,test;train,True,1,3+3,05a377208625fce1afdc4878e3185ca4;1a33d8ea1893170a972d67e493d59396
780,2,dc2ec851fcbf594f11b023387ac15003,303090fcc31ecc2584e6addeadfa1402,156,train,False,2,3+4,303090fcc31ecc2584e6addeadfa1402;dc2ec851fcbf594f11b023387ac15003
781,2,7e33e3ef6468638fc307b42f5b78e98e,e10ff644b1121aeaf5a060e6875f7867,116,train,False,0,negative,7e33e3ef6468638fc307b42f5b78e98e;e10ff644b1121aeaf5a060e6875f7867
782,2,acde9000c58a22bb2d5adea3a7be531a,991b6a11393bf5d10e91a50f581cba68,52,train,False,3,4+3,991b6a11393bf5d10e91a50f581cba68;acde9000c58a22bb2d5adea3a7be531a
783,2,ecbfe1443366caf1e5c4e0d9985d5c85,7459ad1c89716d7160c67bd1b7083f0f,198,train,False,3,4+3,7459ad1c89716d7160c67bd1b7083f0f;ecbfe1443366caf1e5c4e0d9985d5c85
784,2,8aa35680beee94df712c211da5bda211,ee4492e15e54bfe1a23bc3af78158897,155,train,False,0,negative,8aa35680beee94df712c211da5bda211;ee4492e15e54bfe1a23bc3af78158897
785,2,c76877d174f7020e6194d6b06aec770a,6bd476d515d75746bf716e578c704c3b,210,train,False,5,4+5,6bd476d515d75746bf716e578c704c3b;c76877d174f7020e6194d6b06aec770a
786,2,b600f26e7bc2daf1917e4078496d37ac,9cd1f9700bb8591c07051ddd50ccdbe7,100,train,False,2,3+4,9cd1f9700bb8591c07051ddd50ccdbe7;b600f26e7bc2daf1917e4078496d37ac
787,2,1d7d62aa2c349f831a43aa023412bd1c,97bf4d65f07954809658e01478408637,102,train,False,4,4+4,1d7d62aa2c349f831a43aa023412bd1c;97bf4d65f07954809658e01478408637
788,2,7b0067248bea443b4d8c135e4b626028,872dc7b2f6261284df1088e4ef2f8256,138,train,False,3,4+3,7b0067248bea443b4d8c135e4b626028;872dc7b2f6261284df1088e4ef2f8256
789,2,a8321af1b53320df308a2dd4554fff52,dd11c9143fb6c56396e0693465d2430e,72,train,False,0,negative,a8321af1b53320df308a2dd4554fff52;dd11c9143fb6c56396e0693465d2430e
790,2,c4d5155c07787c688cae24917bf96411,bbde3819952e358ed7c67acd1cd4516e,160,train,False,5,5+4,bbde3819952e358ed7c67acd1cd4516e;c4d5155c07787c688cae24917bf96411
791,2,3a76c877851189ebc84fc86afe311276,9c86cbfe613e532936220f1c325cd108,122,train,False,3,4+3,3a76c877851189ebc84fc86afe311276;9c86cbfe613e532936220f1c325cd108
792,2,0b373388b189bee3ef6e320b841264dd,25961aea3db8652eeb0bbce7b0b539e0,138,train;val,True,5,4+5,0b373388b189bee3ef6e320b841264dd;25961aea3db8652eeb0bbce7b0b539e0
793,2,07e16ae47a5154782affc9dc45b50297,2c688d7d92059ab3bac7c190dd6e31cd,184,test;train,True,1,3+3,07e16ae47a5154782affc9dc45b50297;2c688d7d92059ab3bac7c190dd6e31cd
794,2,df83132f9e6a7c8337e6cd91270f8f7d,af931670d9111cee444281fd1b8d1dec,85,train,False,0,negative,af931670d9111cee444281fd1b8d1dec;df83132f9e6a7c8337e6cd91270f8f7d
795,2,a295b26b9db32ad2795fcdeef1d853db,16a9e8227156e2d8598cd22e633610be,98,train,False,1,3+3,16a9e8227156e2d8598cd22e633610be;a295b26b9db32ad2795fcdeef1d853db
796,2,5b068fcb3a6af7142be9e39d24d1a8bf,950719887cff5ded2cd4a8b4b1f76efb,51,train;val,True,4,4+4,5b068fcb3a6af7142be9e39d24d1a8bf;950719887cff5ded2cd4a8b4b1f76efb
797,2,4556ea2541ab33c9fb2461d1aeed2bc6,b5a7d649e169bf6e9c7dbbcab7354c8a,140,train,False,1,3+3,4556ea2541ab33c9fb2461d1aeed2bc6;b5a7d649e169bf6e9c7dbbcab7354c8a
798,2,c17fbe7ddf1c9b5993bb144c00d5136b,9b56f501c6765027cce8a1a8ad797767,175,test;val,True,1,3+3,9b56f501c6765027cce8a1a8ad797767;c17fbe7ddf1c9b5993bb144c00d5136b
799,2,e1b95e3bcc154cf1819ce08b778adbc0,bb2ab3d537fc2ff5eda009019226c37b,176,train;val,True,3,4+3,bb2ab3d537fc2ff5eda009019226c37b;e1b95e3bcc154cf1819ce08b778adbc0
800,2,84ddef23ac361e8977e4673ac116b6dd,e32eaa0214217a140bd12cd1592d9558,163,train;val,True,0,negative,84ddef23ac361e8977e4673ac116b6dd;e32eaa0214217a140bd12cd1592d9558
801,2,d2a97eb750bf080454727f8b67a69d92,87ead124230cbf0aa13bcfb238b7dcb6,98,train,False,3,4+3,87ead124230cbf0aa13bcfb238b7dcb6;d2a97eb750bf080454727f8b67a69d92
802,2,e479a841de401149c4f149ebe92cec7e,84ac33bcd6d2f5efd71db64edf8dcd8b,156,train,False,3,4+3,84ac33bcd6d2f5efd71db64edf8dcd8b;e479a841de401149c4f149ebe92cec7e
803,2,e70a78a696e2e294dc4ebaf48c449804,59bc7df93b3b01dc3a1f3935555c3009,102,test;train,True,2,3+4,59bc7df93b3b01dc3a1f3935555c3009;e70a78a696e2e294dc4ebaf48c449804
804,2,93e2ce38e743146a128afb9ff3a61383,a6fac45c289010871304ffaf13f94d39,84,test;train,True,0,negative,93e2ce38e743146a128afb9ff3a61383;a6fac45c289010871304ffaf13f94d39
805,2,c24be4bf9e9be5e7898cdd383233813b,d1088ba933bd7066a3a777f542f61fa6,78,train,False,1,3+3,c24be4bf9e9be5e7898cdd383233813b;d1088ba933bd7066a3a777f542f61fa6
806,2,7f99c8b70a5d283079d10fefeae1d8a5,213e65c07731d28dae53ba58fbb85889,149,test;train,True,3,4+3,213e65c07731d28dae53ba58fbb85889;7f99c8b70a5d283079d10fefeae1d8a5
807,2,630b89cbf5bec0ab752aa3a8688930f0,d18c24df948f2d59ce38b6c97a0045d0,137,train,False,4,4+4,630b89cbf5bec0ab752aa3a8688930f0;d18c24df948f2d59ce38b6c97a0045d0
808,2,c24bb6e1c14b242a4744d9854f738470,6a5cc0b66b8d4af9c13f1303c6de5ffb,128,train;val,True,3,4+3,6a5cc0b66b8d4af9c13f1303c6de5ffb;c24bb6e1c14b242a4744d9854f738470
809,2,9928acf6905a4a2542f6bb7c4748c89d,53dfff0cecd06c15f600d334e7324b78,127,test;train,True,3,4+3,53dfff0cecd06c15f600d334e7324b78;9928acf6905a4a2542f6bb7c4748c89d
810,2,4f8ea724680d43c27a0a2f022fbee4d8,2be8c910fac204ab798528ec628e7495,56,train,False,5,5+4,2be8c910fac204ab798528ec628e7495;4f8ea724680d43c27a0a2f022fbee4d8
811,2,fbec7a11045c409213445c592bdadfae,146fdf9cb391b6199413967a26ee3305,242,train,False,4,5+3,146fdf9cb391b6199413967a26ee3305;fbec7a11045c409213445c592bdadfae
812,2,6890c90884c340a88a661384550e6339,6ef357192c2530ee54e1bd38a3231e00,122,train,False,3,4+3,6890c90884c340a88a661384550e6339;6ef357192c2530ee54e1bd38a3231e00
813,2,e838fccf83d4b5ba0b5915bc74a66a1d,65cf80cfe609bc8c8a5268c72dcbacd4,49,train,False,0,negative,65cf80cfe609bc8c8a5268c72dcbacd4;e838fccf83d4b5ba0b5915bc74a66a1d
814,2,3795ba90ba4303d37accaa4eaf82c747,2fb68d6713a52e322692dbc99ac82444,152,train,False,3,4+3,2fb68d6713a52e322692dbc99ac82444;3795ba90ba4303d37accaa4eaf82c747
815,2,94430d425fcce2eb8de96209bbead0c5,2f9ffca172b0c51947b406ad19c4ea94,160,train,False,4,4+4,2f9ffca172b0c51947b406ad19c4ea94;94430d425fcce2eb8de96209bbead0c5
816,2,c815395bc70fe23c78b58cb3b6f2a19c,34bf9dcd2f03642e6d42163091900112,55,train,False,5,4+5,34bf9dcd2f03642e6d42163091900112;c815395bc70fe23c78b58cb3b6f2a19c
817,2,a5e5be1ada0cffbfa2e935d487d32539,c4b8e60fec9eabe9a9fdacce39f23d60,122,train,False,1,3+3,a5e5be1ada0cffbfa2e935d487d32539;c4b8e60fec9eabe9a9fdacce39f23d60
818,2,d5cab685b579ccaf021401bf2589b5f0,7d87113027d6155a406eb732e2355040,56,test;train,True,1,3+3,7d87113027d6155a406eb732e2355040;d5cab685b579ccaf021401bf2589b5f0
819,2,c192a7c5a94aacbb3293267bf206bf5a,97425535f7cd9edbfdcebb3d9fdce17b,178,train,False,4,4+4,97425535f7cd9edbfdcebb3d9fdce17b;c192a7c5a94aacbb3293267bf206bf5a
820,2,1553a517c2865e17ba28e1fac79bec75,bbb2cb27e4dde35199f7bf86bd845018,81,test;train,True,1,3+3,1553a517c2865e17ba28e1fac79bec75;bbb2cb27e4dde35199f7bf86bd845018
821,2,f39bf22d9a2f313425ee201932bac91a,bcadcbc70af9a0f20cdbfcb2e6689b6c,127,train;val,True,4,4+4,bcadcbc70af9a0f20cdbfcb2e6689b6c;f39bf22d9a2f313425ee201932bac91a
822,2,cc43f8965a64a1f22b3162b91e7a1bcf,0a848ccbbb065ef5ee59dd01710f8531,172,train,False,5,5+5,0a848ccbbb065ef5ee59dd01710f8531;cc43f8965a64a1f22b3162b91e7a1bcf
823,2,8d58a0c1160a5cea99d5073231becd89,56b528601b6b868a62fd4d73a1a0d74f,121,test;train,True,0,negative,56b528601b6b868a62fd4d73a1a0d74f;8d58a0c1160a5cea99d5073231becd89
824,2,85fb392d25b2a8c56e054b2e3cf4b0ad,64836a799f01a425ff277deed36210cf,153,test;train,True,0,negative,64836a799f01a425ff277deed36210cf;85fb392d25b2a8c56e054b2e3cf4b0ad
825,2,e4bbe0282fbed7b4c2e82a36fec5246b,26f717c6128d8e5d0854376f01893c8a,104,train;val,True,2,3+4,26f717c6128d8e5d0854376f01893c8a;e4bbe0282fbed7b4c2e82a36fec5246b
826,2,514f766f399e03368682786c5d23f3e8,8634ef0b80d1353887839c0a4a36e074,178,train,False,0,negative,514f766f399e03368682786c5d23f3e8;8634ef0b80d1353887839c0a4a36e074
827,2,28d634f91167158876095cfed86ec0d1,c16bffeed45057312c510c1a5547bdd1,86,train,False,2,3+4,28d634f91167158876095cfed86ec0d1;c16bffeed45057312c510c1a5547bdd1
828,2,f8e31591718a4a1934728a9767c6459c,90a1a09e8b9543d69f9a90982ef5a789,170,train,False,5,4+5,90a1a09e8b9543d69f9a90982ef5a789;f8e31591718a4a1934728a9767c6459c
829,2,122bad4033a205ea7a3963d2fd585e89,972205a215810bf6fe377303bfbe80de,46,train,False,0,negative,122bad4033a205ea7a3963d2fd585e89;972205a215810bf6fe377303bfbe80de
830,2,310c156419ea422872c92052fddd902b,e7b8d4f1978aa78ee6d5ba378a12348f,101,test;train,True,0,negative,310c156419ea422872c92052fddd902b;e7b8d4f1978aa78ee6d5ba378a12348f
831,2,d067d3241f1340c9c54c1b78a5a780cf,59f2e4a9a209e933826447819f890aec,83,test;train,True,0,negative,59f2e4a9a209e933826447819f890aec;d067d3241f1340c9c54c1b78a5a780cf
832,2,cbf05dbfcf24b4fc7dded902c1ac37e3,3ff30b9406f4c44c9b8dba47615f1fca,128,train,False,0,negative,3ff30b9406f4c44c9b8dba47615f1fca;cbf05dbfcf24b4fc7dded902c1ac37e3
833,2,0981f547380ba7b05772f3e5685b1beb,8f264374ed3fa427615c1650218e7f21,161,train,False,1,3+3,0981f547380ba7b05772f3e5685b1beb;8f264374ed3fa427615c1650218e7f21
834,2,4ce70385b1b2a8d59d8d52f303e76285,ca1d0ba4f959e2f47667b94fa5e958c0,193,train,False,0,negative,4ce70385b1b2a8d59d8d52f303e76285;ca1d0ba4f959e2f47667b94fa5e958c0
835,2,8495f8040d55ab4ac000fd91a137b0e1,6e04223880c3cae8aa29366304c2bf7f,220,train,False,3,4+3,6e04223880c3cae8aa29366304c2bf7f;8495f8040d55ab4ac000fd91a137b0e1
836,2,c8a621362f5189faa7df3a4e475126dc,bfc6ccb20af434cfb505aafc00dce754,44,test;train,True,3,4+3,bfc6ccb20af434cfb505aafc00dce754;c8a621362f5189faa7df3a4e475126dc
837,2,9b4f01490d9d27e94dd2f49f8f53053e,29053c264a170a054de97ff356245dfc,264,test;train,True,5,5+4,29053c264a170a054de97ff356245dfc;9b4f01490d9d27e94dd2f49f8f53053e
838,2,a4d8550e3c9eeb147f16812c33fe594e,3c87d6e4b488073a424d625d6130dd25,155,train,False,4,4+4,3c87d6e4b488073a424d625d6130dd25;a4d8550e3c9eeb147f16812c33fe594e
839,2,5000f1e3635cd4bf1ac50930e885e935,e6e7517d1d5ca7249c6fe106f4e7bb6c,34,train;val,True,5,5+5,5000f1e3635cd4bf1ac50930e885e935;e6e7517d1d5ca7249c6fe106f4e7bb6c
840,2,8ea670bea099a4d37688e0bd5c400dcb,ac5d45906b56238e99d3f46ac94b35fc,66,train;val,True,4,4+4,8ea670bea099a4d37688e0bd5c400dcb;ac5d45906b56238e99d3f46ac94b35fc
841,2,f653a47f9ec6465f92f08db9385e89ac,21e9ed95b0e48b751b987794aa9cfd8d,37,train,False,2,3+4,21e9ed95b0e48b751b987794aa9cfd8d;f653a47f9ec6465f92f08db9385e89ac
842,2,55bc19f33c8e76d179d4fff167424383,ba90d2787827da36ae89c1512c8d5523,149,train,False,0,negative,55bc19f33c8e76d179d4fff167424383;ba90d2787827da36ae89c1512c8d5523
843,2,5fefc2506c90deddd4bd9854b52895c9,64e7f3ba0ab29790d1ad571eed45f655,193,train,False,4,4+4,5fefc2506c90deddd4bd9854b52895c9;64e7f3ba0ab29790d1ad571eed45f655
844,2,dcc1dcad3b26cf0927b6f35228b5a058,6e1fa7c1156d3e0dda56638b893d86b6,148,train,False,5,5+5,6e1fa7c1156d3e0dda56638b893d86b6;dcc1dcad3b26cf0927b6f35228b5a058
845,2,c565cc5d7e32aa5bb05dfa84aa5f442f,78a5b3a0da3234789fac1ba1110ccc40,129,train,False,3,4+3,78a5b3a0da3234789fac1ba1110ccc40;c565cc5d7e32aa5bb05dfa84aa5f442f
846,2,a1fd7998cce64a8747a682bf524951bf,3848fce177d0cc469f4ca60d802445af,161,train,False,5,4+5,3848fce177d0cc469f4ca60d802445af;a1fd7998cce64a8747a682bf524951bf
847,2,6d5c07d90c18669e961483005a6a8a7b,c5935769ea277fc625da007d693f7cf2,120,train,False,3,4+3,6d5c07d90c18669e961483005a6a8a7b;c5935769ea277fc625da007d693f7cf2
848,2,615b584af86176f21b7a609807c56197,cc8e0db9056592acd465f3457bc06177,149,train,False,5,4+5,615b584af86176f21b7a609807c56197;cc8e0db9056592acd465f3457bc06177
849,2,38b57271d9d5c552236511e9c5d4cf04,9aee8da9114ad6691c94054ca683777c,168,train,False,1,3+3,38b57271d9d5c552236511e9c5d4cf04;9aee8da9114ad6691c94054ca683777c
850,2,49db41e3293630f0b1a566d7c9a8f07e,a6c30b9c00539ff6e70c8fc774232c61,118,train;val,True,0,negative,49db41e3293630f0b1a566d7c9a8f07e;a6c30b9c00539ff6e70c8fc774232c61
851,2,c500818f3a0e7d3a10a0c567e9665035,4351d8299a773ed099cc12148b61fefd,166,train,False,0,negative,4351d8299a773ed099cc12148b61fefd;c500818f3a0e7d3a10a0c567e9665035
852,2,f6df497ddcb8f033d7c28c05fe242aaa,a12ac7f1bc26fe59d642674fcbe45a30,150,test;val,True,4,3+5,a12ac7f1bc26fe59d642674fcbe45a30;f6df497ddcb8f033d7c28c05fe242aaa
853,2,713f7390942cd359d21b5340f1508427,f5e8369558d2238497eaeb1b6be9391e,104,train,False,4,4+4,713f7390942cd359d21b5340f1508427;f5e8369558d2238497eaeb1b6be9391e
854,2,2bb4f3202acd0b3cd10ffae292b6edf8,c8f84d9ecff20af2842de863f6963dfa,17,train,False,0,negative,2bb4f3202acd0b3cd10ffae292b6edf8;c8f84d9ecff20af2842de863f6963dfa
855,2,a1182a350f2f7c5b6d75aacaf5aededc,6a2889f097b3501ebc0343427e9e0c3e,154,train,False,0,negative,6a2889f097b3501ebc0343427e9e0c3e;a1182a350f2f7c5b6d75aacaf5aededc
856,2,6d5cb5353d700dfd4e6380508535e41b,3b60ca0ed4e75480321776ba7aeba987,112,test;train,True,0,negative,3b60ca0ed4e75480321776ba7aeba987;6d5cb5353d700dfd4e6380508535e41b
857,2,9275833e274c8ae8d514349c8c05fe2c,68e3ae430a2afe28f0f09ba08891145c,31,train,False,4,4+4,68e3ae430a2afe28f0f09ba08891145c;9275833e274c8ae8d514349c8c05fe2c
858,2,56deba64468141b0968ad8899b121b15,c8cb1c570b772e3f7943e254ba096e9e,121,train,False,0,negative,56deba64468141b0968ad8899b121b15;c8cb1c570b772e3f7943e254ba096e9e
859,2,5252182ded15f6179aba4b367c0215dc,98c76020fd2e71039c259365994f76d6,106,train,False,0,negative,5252182ded15f6179aba4b367c0215dc;98c76020fd2e71039c259365994f76d6
860,2,d98d4b443eaaad06c3244e059b34053f,c07f5f4ca0af11d11a755c72b638d966,106,test;train,True,4,4+4,c07f5f4ca0af11d11a755c72b638d966;d98d4b443eaaad06c3244e059b34053f
861,2,3f5bab6cda2430e7cdf7ab27566599c8,9af692888cef9a1698853f1424cc6fe2,160,val,False,5,4+5,3f5bab6cda2430e7cdf7ab27566599c8;9af692888cef9a1698853f1424cc6fe2
862,2,072f1b5740579bbe7f69afdd33bee8d1,6e694031c3e263b2f9da1aa122897266,91,train,False,4,4+4,072f1b5740579bbe7f69afdd33bee8d1;6e694031c3e263b2f9da1aa122897266
863,2,c25541fd4c6bf6f78e3f364d279b63cf,6109a474ebb5c73ef1dc5fe36c6f7df2,130,train,False,5,4+5,6109a474ebb5c73ef1dc5fe36c6f7df2;c25541fd4c6bf6f78e3f364d279b63cf
864,2,5220a2cb778f8567ebf7f81ab2b103ff,da5bbea85af39c137a264ee0bd56ef50,160,train;val,True,5,4+5,5220a2cb778f8567ebf7f81ab2b103ff;da5bbea85af39c137a264ee0bd56ef50
865,2,41d7b7080bd5422ea9e0539b9f085c3a,529ba9e8521115b9d2a606a2dd5ef7e9,91,train,False,4,4+4,41d7b7080bd5422ea9e0539b9f085c3a;529ba9e8521115b9d2a606a2dd5ef7e9
866,2,9bee26fca37e17fccd88264bece3d921,9c28f2bb8ecc9e89f8c141b768434d67,160,train,False,5,5+4,9bee26fca37e17fccd88264bece3d921;9c28f2bb8ecc9e89f8c141b768434d67
867,2,02a3870e56dbcb6afd73546af54a8457,19f3f3265bd80f1ee68cff968541639a,112,test;val,True,0,negative,02a3870e56dbcb6afd73546af54a8457;19f3f3265bd80f1ee68cff968541639a
868,2,f82ed3f5d1a4a974884f7180af4f9ba5,d72d765ec852ae3f40b39fa6111aa1a0,176,train,False,5,5+4,d72d765ec852ae3f40b39fa6111aa1a0;f82ed3f5d1a4a974884f7180af4f9ba5
869,2,2a4cff606b103cb1698560ba1dee0eb6,6fe956eb5739f0877752cba783828cd2,80,train,False,4,4+4,2a4cff606b103cb1698560ba1dee0eb6;6fe956eb5739f0877752cba783828cd2
870,2,df599862faf0cd78b880fa7f6644407e,c507324c055ea7ec7a235159dc97675e,151,train,False,5,5+4,c507324c055ea7ec7a235159dc97675e;df599862faf0cd78b880fa7f6644407e
871,2,a8133622df02940b40d4dc7c6c0b2712,39f36065811dabb953b5fa41f826f669,176,train,False,5,4+5,39f36065811dabb953b5fa41f826f669;a8133622df02940b40d4dc7c6c0b2712
872,2,1c0fbb1d600f761847294c4b8019edfe,099a334f7290f6821e9125c37428157a,47,train,False,4,4+4,099a334f7290f6821e9125c37428157a;1c0fbb1d600f761847294c4b8019edfe
873,2,0dfaba8f37fac34150fb70ca8e425141,fc841358b1ae7c119b6224d0076046f4,122,train,False,1,3+3,0dfaba8f37fac34150fb70ca8e425141;fc841358b1ae7c119b6224d0076046f4
874,2,337917b03be19ec176ed5b3e77f6e55b,061054331a952dd1c9df45c283d756b0,130,train,False,2,3+4,061054331a952dd1c9df45c283d756b0;337917b03be19ec176ed5b3e77f6e55b
875,2,280220720b546eacfa223edf513ec94e,f7956aab178ff4c161a505b6a050579f,146,train,False,1,3+3,280220720b546eacfa223edf513ec94e;f7956aab178ff4c161a505b6a050579f
876,2,5d7632f1794e2cebb36e21c51c9f4402,4ecad8aefbc2ce6931baaee0cda6955b,175,train,False,2,3+4,4ecad8aefbc2ce6931baaee0cda6955b;5d7632f1794e2cebb36e21c51c9f4402
877,2,4f0d03d08a5583138eaed5761f895d28,3ecd13e82ee7dedd1ae1749a16cac7a1,171,test;train,True,3,4+3,3ecd13e82ee7dedd1ae1749a16cac7a1;4f0d03d08a5583138eaed5761f895d28
878,2,07d600e3fcbebf7dc75e5335d3563e63,fcf3ef06a3601448061b7b1adda97b89,168,test;train,True,3,4+3,07d600e3fcbebf7dc75e5335d3563e63;fcf3ef06a3601448061b7b1adda97b89
879,2,275322852b2d7d5cff8a19cc5e72ff4e,9bc88ce8ad471cce57ed97cd33cb7f35,173,test;train,True,2,3+4,275322852b2d7d5cff8a19cc5e72ff4e;9bc88ce8ad471cce57ed97cd33cb7f35
880,2,9e5cd1fc52ee72cb0658f1e403aa00ad,f68673db7c65bc80fde188dea0e39c0b,194,train,False,3,4+3,9e5cd1fc52ee72cb0658f1e403aa00ad;f68673db7c65bc80fde188dea0e39c0b
881,2,10cc280acc57c3653201a07bc07ba6a9,b4f14cae24e001bad06e5a7e42f1002b,135,train;val,True,4,4+4,10cc280acc57c3653201a07bc07ba6a9;b4f14cae24e001bad06e5a7e42f1002b
882,2,0c21345669287d5b299ed8d7d0f6e1c2,c549a1ab70c4de9755941eb6269e13f6,150,train;val,True,5,5+4,0c21345669287d5b299ed8d7d0f6e1c2;c549a1ab70c4de9755941eb6269e13f6
883,2,13813facc985c2ea007fdf764ef98a5a,4abd945d8f4651d4c8c8204db470a005,172,train,False,1,3+3,13813facc985c2ea007fdf764ef98a5a;4abd945d8f4651d4c8c8204db470a005
884,2,02805e3e20ef629ffeeee1e68cf24ab0,36b63b6aac630b8b13f9097001c0bf5b,191,train,False,4,4+4,02805e3e20ef629ffeeee1e68cf24ab0;36b63b6aac630b8b13f9097001c0bf5b
885,2,25c5c31bc182f9c26fb4c084e1fa2df4,f7b519160f85eb52ace93414ffce8982,158,train;val,True,1,3+3,25c5c31bc182f9c26fb4c084e1fa2df4;f7b519160f85eb52ace93414ffce8982
886,2,74121dc7165c19a5d72bdbe3eaeb90d2,78d0d8888cb53a305dd5931d7cdb84eb,158,train,False,0,negative,74121dc7165c19a5d72bdbe3eaeb90d2;78d0d8888cb53a305dd5931d7cdb84eb
887,2,5bd19956ab63289395ba2b259a9aa8d1,4fae900c0644c8418c2028629afbd4e5,95,train,False,4,4+4,4fae900c0644c8418c2028629afbd4e5;5bd19956ab63289395ba2b259a9aa8d1
888,2,8302a3549f2fd5a7bf56ee2b26706bc1,08134913a9aa1d541f719e9f356f9378,157,train,False,4,3+5,08134913a9aa1d541f719e9f356f9378;8302a3549f2fd5a7bf56ee2b26706bc1
889,2,c95bfd7e7fcb784d245163e8305143cc,97a83309575b765469e6a09250d92170,106,train,False,1,3+3,97a83309575b765469e6a09250d92170;c95bfd7e7fcb784d245163e8305143cc
890,2,5ad9615573f2a12025d6c4fe8754b548,f5453bb85ab33f0f99e56b296293737e,115,train,False,0,negative,5ad9615573f2a12025d6c4fe8754b548;f5453bb85ab33f0f99e56b296293737e
891,2,344cc56a75aa993d5b20be3f31210879,cdd38de824722c0bf9d9494c258c6bf6,224,test;val,True,0,negative,344cc56a75aa993d5b20be3f31210879;cdd38de824722c0bf9d9494c258c6bf6
892,2,ec382d53fa1973de25c35af7af550aff,f6de38334730ae611fbf46dd649b1476,110,test;train,True,3,4+3,ec382d53fa1973de25c35af7af550aff;f6de38334730ae611fbf46dd649b1476
893,2,82dae0379e4a414709c98eb12dd5e711,52f458343920a7409c42f4ec0a9cc8e0,205,train,False,5,4+5,52f458343920a7409c42f4ec0a9cc8e0;82dae0379e4a414709c98eb12dd5e711
894,2,25d8ff4fcd3f85d69a672b69d29b6339,b1ecc44ba2bffeba5ad09c2a339f40fa,25,test;train,True,0,negative,25d8ff4fcd3f85d69a672b69d29b6339;b1ecc44ba2bffeba5ad09c2a339f40fa
895,2,e4c61dd08684fe6ca116c8610967f247,66f04788a17915feba394290384e13a4,31,train,False,4,4+4,66f04788a17915feba394290384e13a4;e4c61dd08684fe6ca116c8610967f247
896,2,49cf4320931ec7b716d8782ce29c4549,ed3028d82ffde075540a2d54abed2b15,121,train,False,2,3+4,49cf4320931ec7b716d8782ce29c4549;ed3028d82ffde075540a2d54abed2b15
897,2,bc93d165d96e4fa4883f130b3f7b9885,f5d40a40e34f8a090f44cb6589c26900,178,train,False,1,3+3,bc93d165d96e4fa4883f130b3f7b9885;f5d40a40e34f8a090f44cb6589c26900
898,2,b6cffe7fcd24b70b911495e4120e6d84,450f03b3f86c156365c1f7ef8e38f995,136,train,False,4,4+4,450f03b3f86c156365c1f7ef8e38f995;b6cffe7fcd24b70b911495e4120e6d84
899,2,b0602c9c2ffe204f7c0ab9b3386dd35d,dab87401b1605f7d5eb9bf5a722486bc,50,train,False,3,4+3,b0602c9c2ffe204f7c0ab9b3386dd35d;dab87401b1605f7d5eb9bf5a722486bc
900,2,1b86a85640e5832e6b27d89c8f99adf9,c0a0956a39319920d02c5c4eb30c5e10,169,test;train,True,3,4+3,1b86a85640e5832e6b27d89c8f99adf9;c0a0956a39319920d02c5c4eb30c5e10
901,2,f317f98d0b35871e4363580090ed2e03,8b44ccec7265270e0524c5ab658d1344,62,train,False,1,3+3,8b44ccec7265270e0524c5ab658d1344;f317f98d0b35871e4363580090ed2e03
902,2,bbc3af10b2b28e237b786efa802e226f,c81f511f1a4c64ea7f20d8c47654632f,154,test;train,True,1,3+3,bbc3af10b2b28e237b786efa802e226f;c81f511f1a4c64ea7f20d8c47654632f
903,2,fd7763888e090f5385c2c49944ce94ab,8e244ea370ffdb16c4d50bd271c538a8,227,train,False,5,5+4,8e244ea370ffdb16c4d50bd271c538a8;fd7763888e090f5385c2c49944ce94ab
904,2,7c879895184685f2ade71c54e63960d8,ee810ac96bd9f15f5e06c372f6908c8c,92,train,False,0,negative,7c879895184685f2ade71c54e63960d8;ee810ac96bd9f15f5e06c372f6908c8c
905,2,c141ed8d4226eef5e743d77790063398,402fa51bb615b1a88200c65ce22c76fe,129,train,False,3,4+3,402fa51bb615b1a88200c65ce22c76fe;c141ed8d4226eef5e743d77790063398
906,2,bb66f91b996df6a4a78aa9b7f3ea844b,91dd982fbff7aa72802fbd7391cd2eff,115,train,False,0,negative,91dd982fbff7aa72802fbd7391cd2eff;bb66f91b996df6a4a78aa9b7f3ea844b
907,2,375771fed439d26b5374aae3f6b1d653,67319450f16093d1be341212bc57c86f,179,test;train,True,5,4+5,375771fed439d26b5374aae3f6b1d653;67319450f16093d1be341212bc57c86f
908,2,a55cc8df950bcadf4cd61ff470d74246,69da9f886fc4413167b8b144da775269,136,train,False,1,3+3,69da9f886fc4413167b8b144da775269;a55cc8df950bcadf4cd61ff470d74246
909,2,8013d514fff8374e2f0435f808a57d8e,4e80b5738f591c7d0d91889c2bdfd39d,140,train;val,True,0,negative,4e80b5738f591c7d0d91889c2bdfd39d;8013d514fff8374e2f0435f808a57d8e
910,2,6ce32756e33b10bd4569aa15b5db3355,02e5b03f8ea7ea2787101b758291d162,78,train;val,True,3,4+3,02e5b03f8ea7ea2787101b758291d162;6ce32756e33b10bd4569aa15b5db3355
911,2,1be5a513d61c97663d45df55e8d62d8b,63e71c21ffc027a4b9f256840072e28f,117,train,False,3,4+3,1be5a513d61c97663d45df55e8d62d8b;63e71c21ffc027a4b9f256840072e28f
912,2,9b761ed6330d5b6e03b1a88a8c5cc56d,1896b63650679d190184e973cb3f2be6,95,test;train,True,2,3+4,1896b63650679d190184e973cb3f2be6;9b761ed6330d5b6e03b1a88a8c5cc56d
913,2,0ac7f7d40895378ae07006510aaca8de,1215adafbc41adff149c6ab127598917,61,train,False,0,negative,0ac7f7d40895378ae07006510aaca8de;1215adafbc41adff149c6ab127598917
914,2,5eeb5f06877a051a7a7f99ff151919c3,0cee71ab57422e04f76e09ef2186fcd5,142,train;val,True,1,3+3,0cee71ab57422e04f76e09ef2186fcd5;5eeb5f06877a051a7a7f99ff151919c3
915,2,dacdcb2643b7fb7038e1f41cb31b4932,72b9ca2c11e1a849e053013cd5e22d56,111,train,False,0,negative,72b9ca2c11e1a849e053013cd5e22d56;dacdcb2643b7fb7038e1f41cb31b4932
916,2,599109af85cae9e827c3e89982f0033d,7436cdbf9876ac812cdc3ea7557aadaa,152,train,False,0,negative,599109af85cae9e827c3e89982f0033d;7436cdbf9876ac812cdc3ea7557aadaa
917,2,d935f3eec2aded067a657c5cf3808d8e,2309b313ab206df1adf09d970478f4c0,73,train,False,1,3+3,2309b313ab206df1adf09d970478f4c0;d935f3eec2aded067a657c5cf3808d8e
918,2,47de9353032a12ede4ea28c8217b8a35,ef928aed9549e5dea8d67c57fb79e45f,156,train,False,0,negative,47de9353032a12ede4ea28c8217b8a35;ef928aed9549e5dea8d67c57fb79e45f
919,2,97b36902754bad28b6fd335ddfc6db55,f5b849625162c608e13f0c04d24078d6,128,train;val,True,2,3+4,97b36902754bad28b6fd335ddfc6db55;f5b849625162c608e13f0c04d24078d6
920,2,8423df90dddd142668c18b6ab5ff7f17,e04e11360525f7d13aaa9d4bba16ea7e,64,train,False,0,negative,8423df90dddd142668c18b6ab5ff7f17;e04e11360525f7d13aaa9d4bba16ea7e
921,2,977a4281401b63f74739845b3ec98023,60a15dda8570e347a3529a062fb1d5c9,99,train,False,0,negative,60a15dda8570e347a3529a062fb1d5c9;977a4281401b63f74739845b3ec98023
922,2,8794d36a3038f4537f7d261d3af4eebd,3da913b3f89eefa02a90c878ebc4c3ae,89,train,False,5,5+5,3da913b3f89eefa02a90c878ebc4c3ae;8794d36a3038f4537f7d261d3af4eebd
923,2,d1071efa4e88c78030b7fb2b46217943,48b90b806560b21a02cbfcea8a2b3977,63,train,False,0,negative,48b90b806560b21a02cbfcea8a2b3977;d1071efa4e88c78030b7fb2b46217943
924,2,1dd805b0572515c3eac56564cddf181c,490417dca347af4b988ecbe11c54db52,123,train,False,0,negative,1dd805b0572515c3eac56564cddf181c;490417dca347af4b988ecbe11c54db52
925,2,068b0e3be4c35ea983f77accf8351cc8,361e1ffe1964442b325efbfb9f682a26,153,train;val,True,3,4+3,068b0e3be4c35ea983f77accf8351cc8;361e1ffe1964442b325efbfb9f682a26
926,2,a36875e181db085aea379748f6664b10,24ccdd39791fcac60d157701cb18c200,148,train;val,True,3,4+3,24ccdd39791fcac60d157701cb18c200;a36875e181db085aea379748f6664b10
927,2,746cfe9ab71459d51eb0fbdb72348ae8,da4b2e029abb2741bcfef60fa7ab10b0,74,train;val,True,5,5+4,746cfe9ab71459d51eb0fbdb72348ae8;da4b2e029abb2741bcfef60fa7ab10b0
928,2,a1697f266e95a820c676d18f380c6ce8,746b95b3a32975082d0ad357527ad701,118,train;val,True,4,4+4,746b95b3a32975082d0ad357527ad701;a1697f266e95a820c676d18f380c6ce8
929,2,9f526a7b7baa089ce9dfb5c7bd4e7250,562ed7c01bf09ec8162007d798ff0b51,139,train,False,3,4+3,562ed7c01bf09ec8162007d798ff0b51;9f526a7b7baa089ce9dfb5c7bd4e7250
930,2,9064f0eb9ef8bbb376649033116fc380,31a2c62376a98ed5062bbe72a92b3541,119,test;train,True,1,3+3,31a2c62376a98ed5062bbe72a92b3541;9064f0eb9ef8bbb376649033116fc380
931,2,8cc5179031ebbf5704f2cc33476dd5be,66c2c9894033a7e09a33548f4e51c2be,92,train,False,2,3+4,66c2c9894033a7e09a33548f4e51c2be;8cc5179031ebbf5704f2cc33476dd5be
932,2,5c4baef054d63b3b93c99a885fc94fac,d84c84c7e96c8a3609150e6afc1f1186,73,train,False,0,negative,5c4baef054d63b3b93c99a885fc94fac;d84c84c7e96c8a3609150e6afc1f1186
933,2,ef9626e7479e7749bc2dd093237ba966,99962ae11ae7b8de3b7304c55b8581ab,161,train;val,True,0,negative,99962ae11ae7b8de3b7304c55b8581ab;ef9626e7479e7749bc2dd093237ba966
934,2,54c0ade41f99b4f8d141628ee9c6be50,c700a1b37758fd69f789af12118d12b9,33,train,False,0,negative,54c0ade41f99b4f8d141628ee9c6be50;c700a1b37758fd69f789af12118d12b9
935,2,15d988a363c6d81572a8ed9ccc3f46f6,166f7618e2d9e5c9b05e4dd358f7659e,205,train,False,5,4+5,15d988a363c6d81572a8ed9ccc3f46f6;166f7618e2d9e5c9b05e4dd358f7659e
936,2,d60a54e0359baa5b161a897efa7e87ee,4be68ecd2fdbbf7a19ccb574950badd7,111,train,False,3,4+3,4be68ecd2fdbbf7a19ccb574950badd7;d60a54e0359baa5b161a897efa7e87ee
937,2,151fd14ad2dee1c8292dfc3d211873ed,fd0bb45eba479a7f7d953f41d574bf9f,192,train,False,5,4+5,151fd14ad2dee1c8292dfc3d211873ed;fd0bb45eba479a7f7d953f41d574bf9f
938,2,5c975e69eee9359ebe8da3f2a376fefb,16d80dbe6d4b3bf22ecf54833b17f3ec,227,train;val,True,5,4+5,16d80dbe6d4b3bf22ecf54833b17f3ec;5c975e69eee9359ebe8da3f2a376fefb
939,2,c4cb40675296c2f44f631bdc7a5d1e9b,f999e08da2e822cceea24d7201eec2bc,106,train,False,1,3+3,c4cb40675296c2f44f631bdc7a5d1e9b;f999e08da2e822cceea24d7201eec2bc
940,2,50c1a18ccd556a1cc34f3b21e34fe03d,059ab4f2222a3231845f048a63036083,184,train,False,1,3+3,059ab4f2222a3231845f048a63036083;50c1a18ccd556a1cc34f3b21e34fe03d
941,2,24018895d65de3eab9c2f29b071bf2e8,d19246d956e226f8a41ad8848482c5fe,144,train,False,2,3+4,24018895d65de3eab9c2f29b071bf2e8;d19246d956e226f8a41ad8848482c5fe
942,2,2f06601cb2159b6b369e145d19e59081,be548af60fd350e776d30cbf208312bd,162,train,False,1,3+3,2f06601cb2159b6b369e145d19e59081;be548af60fd350e776d30cbf208312bd
943,2,1eab1d74f5c90e353ce5f4440b502bc3,dd52af5bb1333bb7ce33ed9ca36454b4,119,test;val,True,2,3+4,1eab1d74f5c90e353ce5f4440b502bc3;dd52af5bb1333bb7ce33ed9ca36454b4
944,2,dc7254ab21584e852fe556646c86d6f4,91afb93637f5f86aacf904fcbe2bf5d9,189,train;val,True,1,3+3,91afb93637f5f86aacf904fcbe2bf5d9;dc7254ab21584e852fe556646c86d6f4
945,2,f81f26aac99df0845173c6f8e21ab71e,b96adba102a845d3fd6445ea5d7017bb,74,train,False,4,4+4,b96adba102a845d3fd6445ea5d7017bb;f81f26aac99df0845173c6f8e21ab71e
946,2,aa288e0ae818acf0dcd09b923c9a1abc,c07ed66dfd3256b0d3500d8e46c4fd58,63,train,False,4,4+4,aa288e0ae818acf0dcd09b923c9a1abc;c07ed66dfd3256b0d3500d8e46c4fd58
947,2,6f310463d3868e86be87adddeccdde19,0bd0dd2e0b715471eab534e1d815ebb2,156,train,False,4,4+4,0bd0dd2e0b715471eab534e1d815ebb2;6f310463d3868e86be87adddeccdde19
948,2,d5ac3e845ce7d8ae724837805912da91,342cf992c6259c1e9dd731d27a4573cc,132,test;train,True,4,4+4,342cf992c6259c1e9dd731d27a4573cc;d5ac3e845ce7d8ae724837805912da91
949,2,074c3e01525681a275a42282cd21cbde,6d9a037aa211ac62d0701d625de70904,79,test;train,True,1,3+3,074c3e01525681a275a42282cd21cbde;6d9a037aa211ac62d0701d625de70904
950,2,c1f151640dce9fc4e33569700be7d52d,767cafac7ddffdb276f3f31b61c1b7ea,91,train,False,0,negative,767cafac7ddffdb276f3f31b61c1b7ea;c1f151640dce9fc4e33569700be7d52d
951,2,a54c950714ffed6411b859ac44766467,28c2858a4d611799f6748464e1eb825d,44,test,False,5,4+5,28c2858a4d611799f6748464e1eb825d;a54c950714ffed6411b859ac44766467
952,2,aef2f50710677c1204538d88d3475e63,5dfb4fde4486edf9f5863e61a1ba016c,129,train;val,True,1,3+3,5dfb4fde4486edf9f5863e61a1ba016c;aef2f50710677c1204538d88d3475e63
953,2,273aca7c9745bca16dcfb07930f0fc52,139cb12bffe84ce402f7eeef365bb842,268,test;train,True,2,3+4,139cb12bffe84ce402f7eeef365bb842;273aca7c9745bca16dcfb07930f0fc52
