sid,n_cand,n_keep,n_lowtissue,n_pen,frac_lowtissue,frac_keep,n_lost_cancer_tiles,max_lost_cancer,max_kept_cancer
0018ae58b01b,167,128,39,0,0.23353293413173654,0.7664670658682635,10,7.46,69.6487
006f6aa35a78,42,28,14,0,0.3333333333333333,0.6666666666666666,5,9.2911,58.5709
007433133235,101,69,32,0,0.31683168316831684,0.6831683168316832,0,0.0,0.0
0076bcb66e46,174,125,48,1,0.27586206896551724,0.7183908045977011,6,5.4642,52.2659
008069b542b0,167,124,43,0,0.25748502994011974,0.7425149700598802,5,11.8698,70.2133
00928370e2df,358,226,24,108,0.0670391061452514,0.6312849162011173,10,13.9587,92.1646
00951a7fad04,153,86,24,43,0.1568627450980392,0.5620915032679739,0,0.0,51.767
00a26aaa82c9,145,99,46,0,0.31724137931034485,0.6827586206896552,19,9.7168,68.0862
00a7fb880dc1,230,191,39,0,0.16956521739130434,0.8304347826086956,17,13.6551,66.4459
00bbc1482301,182,141,41,0,0.22527472527472528,0.7747252747252747,3,3.0518,50.0458
00c15b23b30a,276,217,59,0,0.213768115942029,0.7862318840579711,10,14.3173,72.6288
00c46b336b5b,230,170,43,17,0.18695652173913044,0.7391304347826086,11,7.2067,70.6497
00c52cb4db1c,190,145,45,0,0.23684210526315788,0.7631578947368421,5,3.8864,48.6252
00ca0c23961b,277,210,62,5,0.22382671480144403,0.7581227436823105,10,14.3066,87.59
00e651143564,228,171,57,0,0.25,0.75,20,12.7609,73.0347
00ed4dbf9af6,129,63,31,34,0.24031007751937986,0.4883720930232558,9,10.82,60.1944
00f6ea010b00,179,126,53,0,0.29608938547486036,0.7039106145251397,21,13.1378,58.1512
010670e9572e,205,166,39,0,0.1902439024390244,0.8097560975609757,13,7.7271,68.6371
010dea54bfd0,234,174,60,0,0.2564102564102564,0.7435897435897436,6,5.7617,41.7603
01227af585a4,104,68,7,29,0.0673076923076923,0.6538461538461539,0,0.0,62.1155
01571191abf6,185,138,47,0,0.25405405405405407,0.745945945945946,18,13.6108,74.4949
01642d24ac55,149,94,43,12,0.28859060402684567,0.6308724832214765,0,0.0,0.0
0186f4811c9d,197,133,63,1,0.3197969543147208,0.6751269035532995,7,7.785,55.1392
018eabc8f450,129,90,39,0,0.3023255813953488,0.6976744186046512,7,9.2102,45.2286
019f98ef49bc,64,49,15,0,0.234375,0.765625,4,4.4998,57.0358
01a5e35b1ae2,152,101,51,0,0.3355263157894737,0.6644736842105263,20,14.7491,81.0883
01a9472f2b06,247,188,58,0,0.23481781376518218,0.7611336032388664,16,7.0038,53.7399
01ad256f991c,155,124,29,2,0.1870967741935484,0.8,19,9.3567,59.23
01afe81220f7,153,118,32,3,0.20915032679738563,0.7712418300653595,6,5.629,71.1487
01c669f3f6a1,235,179,56,0,0.23829787234042554,0.7617021276595745,10,5.8868,55.1239
01d20d68bce4,198,104,23,71,0.11616161616161616,0.5252525252525253,0,0.0,57.4341
01d647e17ee8,79,54,25,0,0.31645569620253167,0.6835443037974683,12,12.8174,84.314
01e5bb47fb34,156,111,45,0,0.28846153846153844,0.7115384615384616,15,9.7458,62.1536
01f25f639277,205,151,54,0,0.2634146341463415,0.7365853658536585,25,12.8464,74.4995
02146992e188,95,69,22,4,0.23157894736842105,0.7263157894736842,7,17.366,80.188
0214df71ae52,266,204,62,0,0.23308270676691728,0.7669172932330827,16,9.8099,91.8777
022544d1446c,165,124,32,9,0.19393939393939394,0.7515151515151515,4,5.069,60.7422
022a0bb89170,155,121,34,0,0.21935483870967742,0.7806451612903226,23,18.219,82.8384
0240270d6116,160,115,45,0,0.28125,0.71875,15,10.9421,76.6022
02577ddcd838,217,160,57,0,0.2626728110599078,0.7373271889400922,0,0.0,0.0
026081211406,208,150,57,1,0.27403846153846156,0.7211538461538461,0,0.0,0.0
026dcf3b549e,109,67,32,8,0.29357798165137616,0.6146788990825688,4,8.2703,61.1893
0277b937ddc8,52,37,15,0,0.28846153846153844,0.7115384615384616,9,12.7243,62.8464
02805e3e20ef,251,191,60,0,0.23904382470119523,0.7609561752988048,9,12.7747,56.3721
0280f8b61277,132,96,36,0,0.2727272727272727,0.7272727272727273,4,3.833,50.7996
028dc05d52d1,206,157,49,0,0.23786407766990292,0.7621359223300971,17,15.448,64.0671
02a2dcd6ad8b,191,117,18,56,0.09424083769633508,0.612565445026178,6,4.5578,64.0884
02a3870e56db,176,112,40,24,0.22727272727272727,0.6363636363636364,0,0.0,0.0
02a7b258e875,151,115,36,0,0.23841059602649006,0.7615894039735099,4,7.1426,52.4231
02c2141567e5,144,101,41,2,0.2847222222222222,0.7013888888888888,12,9.3567,45.8496
02d302a8d723,197,127,56,14,0.28426395939086296,0.6446700507614214,16,18.2495,71.3379
02e57c6acba2,221,150,69,2,0.31221719457013575,0.6787330316742082,17,15.1596,61.1511
02e5b03f8ea7,117,76,25,16,0.21367521367521367,0.6495726495726496,0,0.0,29.8843
0325d6b77987,202,137,42,23,0.2079207920792079,0.6782178217821783,0,0.0,0.0
03426e9293f2,232,165,31,36,0.1336206896551724,0.7112068965517241,8,5.0125,72.3846
034add55dd71,197,148,49,0,0.24873096446700507,0.751269035532995,22,10.9055,74.6109
035a5208729e,119,77,36,6,0.3025210084033613,0.6470588235294118,0,0.0,0.0
035b1edd3d1a,140,105,35,0,0.25,0.75,0,0.0,0.0
0373ed8a095e,128,99,29,0,0.2265625,0.7734375,8,13.7756,75.7568
037504061b9f,97,57,15,25,0.15463917525773196,0.5876288659793815,0,0.0,0.0
037c18f1a1ec,132,88,44,0,0.3333333333333333,0.6666666666666666,3,5.2185,68.6752
037e64a6aadd,243,184,59,0,0.24279835390946503,0.757201646090535,35,14.3799,60.5377
037f29b7d624,213,129,26,58,0.12206572769953052,0.6056338028169014,0,0.0,0.0
03849b024390,153,110,43,0,0.28104575163398693,0.7189542483660131,1,1.8738,69.278
03a1deb18638,141,97,44,0,0.3120567375886525,0.6879432624113475,16,7.8354,55.687
03d147633eda,155,105,37,13,0.23870967741935484,0.6774193548387096,14,11.4517,63.9969
0402b113937f,197,151,46,0,0.233502538071066,0.766497461928934,16,14.1083,57.782
0403dcc49b14,183,137,44,2,0.24043715846994534,0.7486338797814208,4,4.8431,91.6626
04063850d065,46,30,16,0,0.34782608695652173,0.6521739130434783,0,0.0,32.6065
040847f88585,144,108,36,0,0.25,0.75,9,14.4913,56.3553
043489a629f6,151,111,39,0,0.2582781456953642,0.7350993377483444,5,14.357,60.2127
0446851f36b7,229,170,34,25,0.14847161572052403,0.74235807860262,13,11.7905,67.9749
044b0937a90e,132,88,44,0,0.3333333333333333,0.6666666666666666,12,8.136,46.8002
045abbf620e7,202,152,36,14,0.1782178217821782,0.7524752475247525,1,4.9988,34.3765
0465f4b248a5,234,190,44,0,0.18803418803418803,0.811965811965812,7,7.9895,69.6838
046b35ae9537,90,49,20,21,0.2222222222222222,0.5444444444444444,2,18.9545,72.1436
046bac77a58c,81,46,11,24,0.13580246913580246,0.5679012345679012,7,8.8303,54.6951
04875b8121c9,224,150,74,0,0.33035714285714285,0.6696428571428571,32,14.4928,97.5677
04952a4d6f03,108,76,27,5,0.25,0.7037037037037037,0,0.0,0.0
049813f2cb40,185,145,40,0,0.21621621621621623,0.7837837837837838,0,0.0,85.4279
04e31b936f51,127,96,31,0,0.2440944881889764,0.7559055118110236,0,0.0,11.8286
04f28a8f3943,173,116,36,21,0.20809248554913296,0.6705202312138728,1,3.7659,10.9207
04fb016f937a,228,149,39,40,0.17105263157894737,0.6535087719298246,6,10.3317,60.2356
05042f83b5d0,156,95,58,3,0.3717948717948718,0.6089743589743589,7,9.7885,43.2632
051a2228aadb,283,201,82,0,0.28975265017667845,0.7102473498233216,31,10.3333,46.0846
0550b23f2908,195,149,46,0,0.2358974358974359,0.764102564102564,13,9.8541,60.7742
0592a76b2a23,66,39,27,0,0.4090909090909091,0.5909090909090909,3,3.2379,45.5078
059ab4f2222a,248,179,69,0,0.2782258064516129,0.7217741935483871,0,0.0,6.6025
059cbf902c5e,167,112,53,2,0.31736526946107785,0.6706586826347305,0,0.0,0.0
05a377208625,175,112,44,19,0.25142857142857145,0.64,8,7.8537,63.3621
05b09773ad1b,211,165,26,20,0.12322274881516587,0.7819905213270142,2,6.3461,57.8705
05c4384280a4,232,155,77,0,0.33189655172413796,0.6681034482758621,1,8.6975,45.4651
05cc3233dcb5,96,67,29,0,0.3020833333333333,0.6979166666666666,0,0.0,0.0
05f4e9415af9,242,190,52,0,0.21487603305785125,0.7851239669421488,3,3.6469,55.8594
05f79307ac65,67,47,20,0,0.29850746268656714,0.7014925373134329,0,0.0,10.4889
060121a06476,36,24,12,0,0.3333333333333333,0.6666666666666666,4,9.726,39.386
060f04c4f2dc,91,52,17,22,0.18681318681318682,0.5714285714285714,11,7.9025,86.2411
061054331a95,96,66,25,5,0.2604166666666667,0.6875,12,11.2473,67.3447
06334c520d4b,81,61,20,0,0.24691358024691357,0.7530864197530864,3,2.9343,52.9587
063528c18968,124,78,37,9,0.29838709677419356,0.6290322580645161,13,9.6634,61.8454
063db632c0ad,170,119,51,0,0.3,0.7,0,0.0,0.0
06509deacf57,188,147,41,0,0.21808510638297873,0.7819148936170213,0,0.0,49.0585
06636cdd4304,162,121,41,0,0.25308641975308643,0.7469135802469136,6,6.6483,35.0159
0674b9bfe2d2,199,126,41,32,0.20603015075376885,0.6331658291457286,6,12.9486,61.5646
067a25212e4e,207,151,56,0,0.27053140096618356,0.7294685990338164,21,17.4255,83.3008
068b0e3be4c3,217,153,49,15,0.22580645161290322,0.7050691244239631,15,11.0809,79.1031
06977be07ef2,22,16,6,0,0.2727272727272727,0.7272727272727273,0,0.0,0.0
06a0cbd8fd63,74,58,16,0,0.21621621621621623,0.7837837837837838,0,0.0,0.0
06a7dc123ee1,204,163,33,8,0.16176470588235295,0.7990196078431373,11,9.1202,81.7505
06bf945aaacb,144,110,34,0,0.2361111111111111,0.7638888888888888,8,11.438,64.8209
06cab87cd7a1,163,125,38,0,0.2331288343558282,0.7668711656441718,19,11.0458,77.5131
06d4ebd3d0ee,172,102,45,25,0.2616279069767442,0.5930232558139535,8,11.026,56.4377
06eda4a6faca,130,98,32,0,0.24615384615384617,0.7538461538461538,0,0.0,0.0
06ef45756a44,152,112,40,0,0.2631578947368421,0.7368421052631579,0,0.0,0.0
06ef49a7b77e,124,77,26,21,0.20967741935483872,0.6209677419354839,0,0.0,0.0
06fb67ffa126,194,130,42,22,0.21649484536082475,0.6701030927835051,6,7.3303,46.5469
06fc0c8a36a8,125,81,44,0,0.352,0.648,17,9.1568,64.7079
06fe0864a99a,271,150,29,92,0.1070110701107011,0.5535055350553506,5,11.9019,89.5981
070f9f27db2d,96,52,19,25,0.19791666666666666,0.5416666666666666,3,4.0451,41.9418
07106a451fde,220,163,57,0,0.2590909090909091,0.740909090909091,6,8.5571,49.118
072f1b574057,123,91,32,0,0.2601626016260163,0.7398373983739838,3,8.1818,66.3071
072fc649567e,118,80,35,3,0.2966101694915254,0.6779661016949152,0,0.0,0.0
074c3e015256,154,79,6,69,0.03896103896103896,0.512987012987013,0,0.0,68.4128
074d9f9ceede,208,143,56,9,0.2692307692307692,0.6875,15,8.4732,82.3624
076737b247ce,136,99,37,0,0.27205882352941174,0.7279411764705882,13,14.0701,64.473
07697ea97bfb,167,107,60,0,0.3592814371257485,0.6407185628742516,32,14.4485,74.9435
07809f40e0b2,127,85,42,0,0.33070866141732286,0.6692913385826772,0,0.0,0.0
0794712a5fdd,213,159,51,2,0.23943661971830985,0.7464788732394366,11,11.4349,54.9316
079fed45c08f,189,130,50,9,0.26455026455026454,0.6878306878306878,16,5.6824,76.7075
07a14fa5b8f7,9,6,3,0,0.3333333333333333,0.6666666666666666,3,17.3126,63.8535
07a9fa12ce78,131,98,33,0,0.25190839694656486,0.7480916030534351,15,14.2303,58.075
07aa24f15ce0,188,152,36,0,0.19148936170212766,0.8085106382978723,13,13.3759,86.9125
07aa4a923f58,78,51,27,0,0.34615384615384615,0.6538461538461539,10,10.3668,45.1431
07afad227154,188,123,37,28,0.19680851063829788,0.6542553191489362,4,11.6562,74.6094
07d600e3fcbe,222,168,54,0,0.24324324324324326,0.7567567567567568,26,12.4939,78.2822
07e16ae47a51,246,184,62,0,0.25203252032520324,0.7479674796747967,0,0.0,21.8185
080b829ec595,215,181,32,2,0.14883720930232558,0.8418604651162791,4,11.7935,47.9904
081326594b29,306,214,40,52,0.13071895424836602,0.6993464052287581,1,3.3157,32.3761
08134913a9aa,229,151,20,58,0.08733624454148471,0.6593886462882096,3,5.5618,71.0861
082fd0a9f827,250,151,12,87,0.048,0.604,0,0.0,49.791
08347bf830e7,167,111,50,6,0.2994011976047904,0.6646706586826348,5,13.0219,65.683
0838c82917cd,314,169,144,1,0.4585987261146497,0.5382165605095541,0,0.0,1.6541
083ab9e2c95f,238,176,49,13,0.20588235294117646,0.7394957983193278,0,0.0,32.2861
0841bb278823,189,135,54,0,0.2857142857142857,0.7142857142857143,24,13.2156,76.9241
08459aaedfda,224,167,57,0,0.2544642857142857,0.7455357142857143,12,9.7656,75.9186
0849749bd2b9,134,88,41,5,0.30597014925373134,0.6567164179104478,0,0.0,0.0
0873fff5fceb,131,93,38,0,0.2900763358778626,0.7099236641221374,6,9.4437,79.2679
0880e72eb2ad,175,96,42,37,0.24,0.5485714285714286,5,10.968,78.8223
08a8d48ec979,149,111,38,0,0.2550335570469799,0.7449664429530202,0,0.0,0.0
08ab45297bfe,114,73,14,27,0.12280701754385964,0.6403508771929824,4,5.1956,61.9812
08abd36dda08,163,120,37,6,0.22699386503067484,0.7361963190184049,9,7.9727,63.3286
08b04f439978,154,109,28,17,0.18181818181818182,0.7077922077922078,7,9.3079,58.5419
08b92dd5bd51,169,119,50,0,0.2958579881656805,0.7041420118343196,8,9.1141,66.2125
08e7beb9ca5d,239,183,56,0,0.23430962343096234,0.7656903765690377,1,1.4252,66.8335
08e90c44bcfe,146,89,32,25,0.2191780821917808,0.6095890410958904,2,5.072,37.323
08f055372c7b,143,98,45,0,0.3146853146853147,0.6853146853146853,21,17.1097,65.8035
08fc8cebe98e,161,109,52,0,0.32298136645962733,0.6770186335403726,19,11.676,56.0852
091b756470ae,225,173,52,0,0.2311111111111111,0.7688888888888888,26,13.7772,81.1417
091e4c8eda34,203,137,24,42,0.11822660098522167,0.6748768472906403,4,9.1644,75.4929
09271f0045c1,56,33,22,1,0.39285714285714285,0.5892857142857143,0,0.0,0.0
09320344c2ed,243,180,63,0,0.25925925925925924,0.7407407407407407,12,9.1415,62.1765
09471c7d6b4a,191,157,34,0,0.17801047120418848,0.8219895287958116,11,13.5223,63.7054
09509b4bff15,141,99,42,0,0.2978723404255319,0.7021276595744681,0,0.0,34.9701
095d32f7716c,226,175,47,4,0.2079646017699115,0.7743362831858407,15,8.1741,49.3271
095fc4659130,134,82,24,28,0.1791044776119403,0.6119402985074627,5,5.0522,72.8119
096e33f3e373,213,151,62,0,0.29107981220657275,0.7089201877934272,4,4.2786,56.8008
0981f547380b,206,161,45,0,0.21844660194174756,0.7815533980582524,4,4.8996,65.1443
098f7f7024f5,74,50,24,0,0.32432432432432434,0.6756756756756757,3,2.3071,24.8779
099a334f7290,100,43,14,43,0.14,0.43,0,0.0,68.1259
09a0147a0d75,204,116,43,45,0.2107843137254902,0.5686274509803921,1,2.9785,66.9617
09a20094c83e,154,123,28,3,0.18181818181818182,0.7987012987012987,5,11.6257,70.2454
09a9f7497e6b,138,105,33,0,0.2391304347826087,0.7608695652173914,12,13.7375,70.8862
09aa67c5eb01,237,131,33,73,0.13924050632911392,0.5527426160337553,0,0.0,56.7886
09af7bbed139,182,103,46,33,0.25274725274725274,0.5659340659340659,0,0.0,0.0
09d4be69a233,145,113,32,0,0.2206896551724138,0.7793103448275862,0,0.0,0.0
09e7ee8f114d,91,64,27,0,0.2967032967032967,0.7032967032967034,6,13.1012,82.6584
09f37474deb2,83,56,27,0,0.3253012048192771,0.6746987951807228,5,16.0812,66.6153
09f734438a9b,171,95,12,64,0.07017543859649122,0.5555555555555556,3,4.9973,60.9039
0a0f8e20b122,97,72,23,2,0.23711340206185566,0.7422680412371134,9,7.2388,81.5308
0a107c91216d,42,30,12,0,0.2857142857142857,0.7142857142857143,2,6.0623,48.7961
0a336d5bc71e,211,123,12,76,0.05687203791469194,0.5829383886255924,2,3.3859,59.9792
0a4b7a7499ed,46,21,20,5,0.43478260869565216,0.45652173913043476,0,0.0,0.0
0a5b11fe9c14,151,103,40,8,0.26490066225165565,0.6821192052980133,13,13.8565,75.4883
0a81500dc48b,189,142,47,0,0.24867724867724866,0.7513227513227513,29,17.5842,90.123
0a836ea85157,132,99,33,0,0.25,0.75,8,8.0536,47.7249
0a848ccbbb06,219,167,52,0,0.2374429223744292,0.7625570776255708,5,8.2108,90.9531
0a93d9a674e3,169,124,45,0,0.26627218934911245,0.7337278106508875,11,8.2748,58.9264
0a94d55951bd,134,107,27,0,0.20149253731343283,0.7985074626865671,8,10.4416,69.7968
0a97bd73cd15,130,95,35,0,0.2692307692307692,0.7307692307692307,0,0.0,0.0
0aa144fb4a65,139,102,37,0,0.26618705035971224,0.7338129496402878,16,17.4103,86.9629
0aa6472328e4,201,143,56,2,0.27860696517412936,0.7114427860696517,3,5.1224,51.004
0ac7f7d40895,100,61,39,0,0.39,0.61,0,0.0,0.0
0ace5c189da8,172,127,40,5,0.23255813953488372,0.7383720930232558,1,4.3472,36.7722
0ad4f3538ae6,237,165,68,4,0.2869198312236287,0.6962025316455697,4,3.009,61.7737
0b1775f64d77,92,66,26,0,0.2826086956521739,0.717391304347826,9,12.0377,61.3724
0b180497f297,160,116,44,0,0.275,0.725,9,10.1715,72.9691
0b2cba7e97da,121,101,20,0,0.1652892561983471,0.8347107438016529,7,7.9834,69.4199
0b373388b189,181,138,43,0,0.23756906077348067,0.7624309392265194,14,14.8514,88.6337
0b4fba162fc1,244,193,46,5,0.1885245901639344,0.7909836065573771,6,2.4078,62.6205
0b5179561171,129,79,50,0,0.3875968992248062,0.6124031007751938,15,15.7791,66.2399
0b60ac39ce97,173,126,42,5,0.24277456647398843,0.7283236994219653,13,5.2139,50.914
0b6a90e1c27b,74,52,22,0,0.2972972972972973,0.7027027027027027,0,0.0,0.0
0b73719f81c7,208,134,32,42,0.15384615384615385,0.6442307692307693,7,5.5588,73.2666
0b90de9a5e88,202,154,48,0,0.2376237623762376,0.7623762376237624,6,8.2169,55.8487
0ba540dcef7c,196,148,48,0,0.24489795918367346,0.7551020408163265,3,10.1181,48.9075
0bb772b06c9e,196,72,12,112,0.061224489795918366,0.3673469387755102,0,0.0,66.5695
0bbbb6734f72,202,158,31,13,0.15346534653465346,0.7821782178217822,9,13.3621,71.9284
0bc1fdd9a51c,295,212,77,6,0.26101694915254237,0.7186440677966102,1,1.5884,22.1893
0bc3b1ea9b5e,174,133,30,11,0.1724137931034483,0.764367816091954,10,6.8146,67.1188
0bc4086b7c5e,171,119,51,1,0.2982456140350877,0.695906432748538,15,10.2081,58.7601
0bce55d17bcc,68,49,19,0,0.27941176470588236,0.7205882352941176,11,11.9125,57.901
0bd0dd2e0b71,210,143,62,5,0.29523809523809524,0.680952380952381,8,9.0134,52.5467
0bd231c85b26,25,15,10,0,0.4,0.6,0,0.0,36.9247
0bdbe5375568,110,74,36,0,0.32727272727272727,0.6727272727272727,5,3.1021,40.5518
0bfcecec15bb,147,116,30,1,0.20408163265306123,0.7891156462585034,1,2.3666,68.1839
0c16dad59425,190,148,42,0,0.22105263157894736,0.7789473684210526,15,10.6979,61.7996
0c2134566928,209,150,52,7,0.24880382775119617,0.7177033492822966,8,6.4362,43.7424
0c26185c4a50,159,96,54,9,0.33962264150943394,0.6037735849056604,17,11.9476,49.1547
0c4c5c059809,228,153,69,6,0.3026315789473684,0.6710526315789473,4,4.4678,47.3602
0c514de56dcd,177,135,35,7,0.1977401129943503,0.7627118644067796,3,6.1981,62.1216
0c5c2d16c0f2,143,95,16,32,0.11188811188811189,0.6643356643356644,1,1.6586,54.0543
0c6258076665,285,196,67,22,0.23508771929824562,0.6877192982456141,15,11.9476,50.1022
0c6c14ee4d82,251,169,42,40,0.16733067729083664,0.6733067729083665,2,4.5456,45.8069
0c74f7e82d44,185,140,43,2,0.23243243243243245,0.7567567567567568,4,6.3629,57.2372
0c77493e455b,255,201,51,2,0.2,0.788235294117647,25,12.6785,83.3206
0c81adeb18c3,182,120,59,3,0.3241758241758242,0.6593406593406593,0,0.0,0.0
0c841425404c,138,98,40,0,0.2898550724637681,0.7101449275362319,0,0.0,0.0
0c86c8cc04ce,265,212,53,0,0.2,0.8,3,3.6255,35.1257
0c884ecf6571,263,207,25,31,0.09505703422053231,0.7870722433460076,2,2.0569,80.5954
0c88d7c7033e,170,138,32,0,0.18823529411764706,0.8117647058823529,2,3.6713,50.8011
0cb2ce337d1a,110,82,28,0,0.2545454545454545,0.7454545454545455,8,12.5336,44.4977
0cb39c742b3e,214,152,59,3,0.2757009345794392,0.7102803738317757,1,3.4378,25.2029
0cb3f826fc87,165,128,37,0,0.22424242424242424,0.7757575757575758,5,4.599,60.0342
0cbfd6b7a0e0,145,115,30,0,0.20689655172413793,0.7931034482758621,10,14.1907,85.6598
0cc2bae4e8f8,97,64,33,0,0.3402061855670103,0.6597938144329897,0,0.0,0.0
0cee71ab5742,191,140,51,0,0.2670157068062827,0.7329842931937173,8,15.1459,58.3725
0d1e1a99a3ba,164,125,39,0,0.23780487804878048,0.7621951219512195,0,0.0,39.8422
0d3159cd1b24,177,133,44,0,0.24858757062146894,0.751412429378531,6,7.4493,61.9461
0d495f9f23ca,201,149,52,0,0.25870646766169153,0.7412935323383084,0,0.0,0.0
0d66a26a030e,172,121,49,2,0.28488372093023256,0.7034883720930233,5,3.1219,44.0323
0d78804d555b,126,84,42,0,0.3333333333333333,0.6666666666666666,15,10.997,60.6613
0da0915a236f,11,6,1,4,0.09090909090909091,0.5454545454545454,0,0.0,92.2836
0db426156d58,175,127,48,0,0.2742857142857143,0.7257142857142858,0,0.0,0.0
0dccbb58add8,188,140,48,0,0.2553191489361702,0.7446808510638298,3,7.0145,52.4643
0dfaba8f37fa,154,122,32,0,0.2077922077922078,0.7922077922077922,2,11.4517,74.147
0e1f3c283a57,129,82,34,13,0.26356589147286824,0.6356589147286822,2,7.0145,68.9835
0e204892570c,204,156,43,5,0.2107843137254902,0.7647058823529411,15,15.3366,83.5663
0e305c4d31f4,148,105,43,0,0.2905405405405405,0.7094594594594594,12,7.6096,76.8494
0e347ad243e4,137,91,46,0,0.3357664233576642,0.6642335766423357,9,5.6259,60.0388
0e46418f9389,218,169,46,3,0.21100917431192662,0.7752293577981652,26,15.8463,67.2455
0e492e8df484,77,55,22,0,0.2857142857142857,0.7142857142857143,11,15.9439,85.0739
0e4e6e275dbd,160,112,48,0,0.3,0.7,0,0.0,31.044
0e50d62c5d76,44,28,16,0,0.36363636363636365,0.6363636363636364,2,3.7827,36.261
0e5ede875ccd,171,130,41,0,0.23976608187134502,0.7602339181286549,7,6.604,70.7138
0e65f90aa2b3,24,17,7,0,0.2916666666666667,0.7083333333333334,0,0.0,0.0
0e6ba66e0b6f,191,146,45,0,0.2356020942408377,0.7643979057591623,22,18.1641,92.3172
0e8b496c4be0,226,159,67,0,0.29646017699115046,0.7035398230088495,3,13.8138,49.6048
0eb4c1db923d,184,140,44,0,0.2391304347826087,0.7608695652173914,9,12.5793,73.1079
0ebca9447d84,152,94,58,0,0.3815789473684211,0.618421052631579,13,25.9827,63.7878
0ec18b204bb9,149,52,7,90,0.04697986577181208,0.348993288590604,1,5.4504,77.3651
0ec5bf6cbb0a,153,128,25,0,0.16339869281045752,0.8366013071895425,3,6.781,66.8884
0ecca6926d33,104,68,36,0,0.34615384615384615,0.6538461538461539,2,8.5754,47.11
0ef695aff0f8,105,86,19,0,0.18095238095238095,0.819047619047619,0,0.0,0.0
0efdb66c93d6,36,25,11,0,0.3055555555555556,0.6944444444444444,1,1.2405,31.0699
0f09d54c1c74,71,38,33,0,0.4647887323943662,0.5352112676056338,1,1.3153,30.7755
0f1ea91c9f91,17,7,10,0,0.5882352941176471,0.4117647058823529,0,0.0,0.0
0f374b1b7eda,90,67,23,0,0.25555555555555554,0.7444444444444445,9,5.8914,71.9788
0f38ed280080,200,145,55,0,0.275,0.725,10,5.1559,56.4301
0f5c20d93b7c,203,138,65,0,0.32019704433497537,0.6798029556650246,0,0.0,0.0
0f83710916fc,197,147,48,2,0.2436548223350254,0.7461928934010152,23,10.4477,79.57
0f871f7b53fe,152,112,40,0,0.2631578947368421,0.7368421052631579,2,5.0217,53.3279
0f958c8bbbc8,176,132,31,13,0.17613636363636365,0.75,7,9.9197,74.5422
0fb3565c36d9,230,182,44,4,0.19130434782608696,0.7913043478260869,4,5.2307,70.343
0fbd680b68f4,131,97,34,0,0.2595419847328244,0.7404580152671756,10,15.9836,55.5481
0fcc5673242a,183,143,40,0,0.2185792349726776,0.7814207650273224,9,17.1143,81.5277
0febce723014,133,90,34,9,0.2556390977443609,0.6766917293233082,0,0.0,0.0
0feceea98388,144,115,29,0,0.2013888888888889,0.7986111111111112,3,8.7799,81.4301
0fee48bfc0a5,224,182,42,0,0.1875,0.8125,7,8.4427,56.7154
10218e6dc6a4,159,119,40,0,0.25157232704402516,0.7484276729559748,19,10.3027,58.6914
102457e53876,121,93,24,4,0.19834710743801653,0.768595041322314,7,6.4835,64.386
103b9b34a5c6,170,108,38,24,0.2235294117647059,0.6352941176470588,0,0.0,0.0
105cbd187035,211,157,54,0,0.2559241706161137,0.7440758293838863,3,6.6422,64.7568
107694232cb0,248,153,56,39,0.22580645161290322,0.6169354838709677,12,10.9497,72.4213
108f2256764d,184,113,49,22,0.266304347826087,0.6141304347826086,10,6.7154,63.0112
1090bc9626ae,123,85,35,3,0.2845528455284553,0.6910569105691057,10,9.1522,70.105
10a8a9a745a9,201,115,22,64,0.10945273631840796,0.572139303482587,1,2.1408,54.6646
10bf7780fc65,203,142,61,0,0.30049261083743845,0.6995073891625616,9,10.8643,44.9066
10c7898fb3c6,47,33,14,0,0.2978723404255319,0.7021276595744681,1,5.5969,29.2313
10cb295e2db9,176,126,50,0,0.2840909090909091,0.7159090909090909,0,0.0,0.0
10cc280acc57,214,135,14,65,0.06542056074766354,0.6308411214953271,0,0.0,59.0332
10ce72448dc8,144,84,42,18,0.2916666666666667,0.5833333333333334,4,6.4178,49.5361
10d22d845b6b,152,94,30,27,0.19736842105263158,0.618421052631579,4,6.4316,64.6439
10d3ed411fb2,220,163,37,20,0.16818181818181818,0.740909090909091,18,10.0952,66.5924
10dc2544e17f,181,138,38,5,0.20994475138121546,0.7624309392265194,9,9.0881,61.8774
10dd67ea8e8f,156,109,44,3,0.28205128205128205,0.6987179487179487,15,10.3714,53.5492
110c38159f8c,253,197,39,17,0.1541501976284585,0.7786561264822134,0,0.0,34.8343
111b574b0f3b,101,70,28,3,0.27722772277227725,0.693069306930693,17,13.3759,74.7086
11253234dfdb,149,112,37,0,0.2483221476510067,0.7516778523489933,11,8.6487,66.4841
112736e8b787,103,71,18,14,0.17475728155339806,0.6893203883495146,4,7.3029,63.7573
11312ffaf33b,241,173,68,0,0.2821576763485477,0.7178423236514523,0,0.0,0.0
1131645a3637,118,76,34,8,0.288135593220339,0.6440677966101694,3,2.1103,67.1097
1141ca7040f9,79,58,21,0,0.26582278481012656,0.7341772151898734,6,8.3557,59.137
114db3f43c4a,317,209,92,16,0.2902208201892745,0.6593059936908517,22,20.369,76.9775
115bd4dfe4bf,156,113,37,6,0.23717948717948717,0.7243589743589743,6,5.3848,50.4944
117322874280,127,93,34,0,0.2677165354330709,0.7322834645669292,6,9.9106,50.4883
11987580ef3e,125,103,21,1,0.168,0.824,13,12.3276,71.8369
11a621fdaec9,171,135,35,0,0.2046783625730994,0.7894736842105263,20,14.8636,73.8892
11a715facad7,129,113,16,0,0.12403100775193798,0.875968992248062,0,0.0,60.3424
11acf00f7aba,300,158,35,107,0.11666666666666667,0.5266666666666666,1,7.9956,72.966
11cd4062d15d,147,101,7,39,0.047619047619047616,0.6870748299319728,2,2.4216,75.0153
11d510d28015,328,253,75,0,0.22865853658536586,0.7713414634146342,42,14.4455,47.3312
11f1519eb38e,180,121,36,23,0.2,0.6722222222222223,2,5.2155,69.8212
11f9b8c48b80,212,153,38,21,0.1792452830188679,0.7216981132075472,7,9.697,71.756
11fb56dd38d8,52,32,20,0,0.38461538461538464,0.6153846153846154,3,8.1863,47.908
120f3222f28a,108,66,42,0,0.3888888888888889,0.6111111111111112,0,0.0,0.0
1215adafbc41,91,49,42,0,0.46153846153846156,0.5384615384615384,0,0.0,0.0
1216c13ad239,82,49,33,0,0.4024390243902439,0.5975609756097561,0,0.0,0.0
122bad4033a2,88,46,20,22,0.22727272727272727,0.5227272727272727,0,0.0,0.0
12493fb2b3ab,265,191,67,7,0.2528301886792453,0.720754716981132,3,7.3639,61.795
125ed8b10ae6,128,97,31,0,0.2421875,0.7578125,15,8.7158,59.1888
12691983b96a,103,62,41,0,0.39805825242718446,0.6019417475728155,0,0.0,0.0
126ab775290f,216,148,25,43,0.11574074074074074,0.6851851851851852,2,4.0237,73.4848
128ade97a27c,170,109,38,23,0.2235294117647059,0.6411764705882353,4,7.9361,57.4234
129065b74e13,221,186,35,0,0.1583710407239819,0.8416289592760181,12,6.8024,45.6741
12942b14ee8c,199,169,24,6,0.12060301507537688,0.8492462311557789,8,11.5158,74.2722
12a318e597b0,60,38,20,2,0.3333333333333333,0.6333333333333333,11,13.4903,68.5425
12d5dea1bb9e,148,107,41,0,0.27702702702702703,0.722972972972973,24,17.2928,97.084
130019276ea4,225,166,47,12,0.2088888888888889,0.7377777777777778,15,12.9684,72.9797
1307e25950ec,197,146,51,0,0.25888324873096447,0.7411167512690355,13,7.0587,55.5435
130e070fe606,108,82,24,2,0.2222222222222222,0.7592592592592593,11,10.9406,49.7925
1329fffac998,174,119,55,0,0.3160919540229885,0.6839080459770115,14,12.1521,65.477
134160267bee,161,120,38,3,0.2360248447204969,0.7453416149068323,14,6.1264,65.3183
134b29504e87,163,114,48,1,0.294478527607362,0.6993865030674846,1,3.0792,53.9398
134d69e06d39,185,143,42,0,0.22702702702702704,0.772972972972973,28,17.1005,85.5728
1355acd8e479,190,137,53,0,0.2789473684210526,0.7210526315789474,0,0.0,0.0
135e69f222d3,77,50,27,0,0.35064935064935066,0.6493506493506493,1,6.1111,49.4003
1364c10e1e7f,86,51,16,19,0.18604651162790697,0.5930232558139535,3,16.6397,92.5995
13676e50355c,119,80,39,0,0.3277310924369748,0.6722689075630253,12,12.6144,90.8035
136cae2844e9,150,98,24,28,0.16,0.6533333333333333,7,8.3878,79.3625
137424bd3da8,291,221,66,4,0.2268041237113402,0.7594501718213058,0,0.0,47.8134
13813facc985,242,172,65,5,0.26859504132231404,0.7107438016528925,7,2.9129,54.9438
1392751dc2ff,128,88,40,0,0.3125,0.6875,0,0.0,0.0
139aa5db6376,280,215,65,0,0.23214285714285715,0.7678571428571429,0,0.0,0.0
139cb12bffe8,301,209,92,0,0.30564784053156147,0.6943521594684385,12,15.2237,71.2753
13a2f4b3f904,140,109,31,0,0.22142857142857142,0.7785714285714286,10,11.8179,76.3748
13e0eb0bb20a,213,160,53,0,0.24882629107981222,0.7511737089201878,16,13.2111,67.4423
13e54c704fc2,124,77,47,0,0.3790322580645161,0.6209677419354839,0,0.0,0.0
13f815f5a33a,94,33,24,37,0.2553191489361702,0.35106382978723405,0,0.0,21.8033
140543a4d39b,263,195,66,2,0.2509505703422053,0.7414448669201521,0,0.0,0.0
1406f6f2b430,194,145,49,0,0.25257731958762886,0.7474226804123711,21,15.5167,80.835
141c3b4a9a4a,25,16,6,3,0.24,0.64,4,9.3369,73.4192
142bb88e0db1,272,173,43,55,0.15808823529411764,0.6360294117647058,3,6.7169,84.6802
1439d6813f1d,78,47,31,0,0.3974358974358974,0.6025641025641025,7,6.8878,43.1458
1443a8d2509e,177,131,46,0,0.2598870056497175,0.7401129943502824,9,8.0612,52.3361
144b7114a9ff,72,45,27,0,0.375,0.625,0,0.0,0.0
145ae6f948b3,99,72,27,0,0.2727272727272727,0.7272727272727273,10,10.82,66.1163
145c74333d68,215,170,45,0,0.20930232558139536,0.7906976744186046,15,17.6956,89.1632
146767f7d93d,218,149,57,11,0.26146788990825687,0.6834862385321101,2,6.9717,48.7244
146fdf9cb391,247,204,43,0,0.17408906882591094,0.8259109311740891,11,7.1732,59.4376
147269cb7bcf,162,114,45,3,0.2777777777777778,0.7037037037037037,0,0.0,37.5168
148121423c7b,177,117,48,12,0.2711864406779661,0.6610169491525424,13,10.8093,65.4083
148fe91d0372,155,118,37,0,0.23870967741935484,0.7612903225806451,5,6.7581,50.8209
149013f5cddc,243,180,63,0,0.25925925925925924,0.7407407407407407,8,6.572,52.8046
1496bd10b5eb,205,165,38,0,0.18536585365853658,0.8048780487804879,7,7.3715,66.8137
149fd3c5d3ed,187,123,64,0,0.3422459893048128,0.6577540106951871,1,14.0503,12.7274
14b6e5e738ed,254,193,59,2,0.23228346456692914,0.7598425196850394,3,1.4633,63.7085
14cff64d674f,147,87,60,0,0.40816326530612246,0.5918367346938775,9,10.1074,64.3707
15081ecc0dd0,150,105,45,0,0.3,0.7,0,0.0,0.0
150b3dd8a427,154,86,66,0,0.42857142857142855,0.5584415584415584,10,14.2059,60.2936
1517ef21c1a7,309,237,68,4,0.22006472491909385,0.7669902912621359,2,3.1662,58.9401
151fd14ad2de,241,192,49,0,0.2033195020746888,0.7966804979253111,5,7.9041,75.2777
1521d8add603,269,195,54,20,0.20074349442379183,0.724907063197026,0,0.0,44.2917
153b44164879,142,109,33,0,0.2323943661971831,0.7676056338028169,14,17.5323,83.6884
1553a517c286,119,81,38,0,0.31932773109243695,0.680672268907563,2,2.1133,37.709
15a3396c7f12,57,35,14,8,0.24561403508771928,0.6140350877192983,6,16.864,85.9879
15a6a06636e0,119,71,46,0,0.3865546218487395,0.5966386554621849,16,12.5214,60.8841
15be10044a3e,113,100,13,0,0.11504424778761062,0.8849557522123894,1,5.4245,58.9996
15d988a363c6,306,205,87,14,0.28431372549019607,0.6699346405228758,19,11.7462,88.8901
15ea2d5d326f,227,169,58,0,0.2555066079295154,0.7444933920704846,16,13.1836,81.9656
15ee33d8a284,145,110,35,0,0.2413793103448276,0.7586206896551724,4,4.7989,57.9163
160a477ebf10,247,167,29,50,0.11740890688259109,0.6761133603238867,8,10.5743,80.246
160a724e4f6c,192,125,40,27,0.20833333333333334,0.6510416666666666,0,0.0,33.7845
16245569965b,245,176,69,0,0.2816326530612245,0.7183673469387755,0,0.0,57.4081
16272df65f00,41,30,11,0,0.2682926829268293,0.7317073170731707,10,12.4176,75.8835
162cd4fc0548,309,170,27,111,0.08737864077669903,0.5501618122977346,10,7.4615,68.3502
1665277114b8,53,38,15,0,0.2830188679245283,0.7169811320754716,6,14.2166,67.0868
166631bd73e5,46,31,15,0,0.32608695652173914,0.6739130434782609,2,3.923,45.0134
166f7618e2d9,294,195,71,28,0.24149659863945577,0.6632653061224489,23,12.5458,85.2081
167ff6e9aa4e,132,99,28,5,0.21212121212121213,0.75,3,7.0084,55.9662
169d9147cecd,50,34,16,0,0.32,0.68,6,15.1611,72.5967
16a9e8227156,131,97,34,0,0.2595419847328244,0.7404580152671756,9,6.7825,62.0117
16cc34b16c0b,181,149,20,12,0.11049723756906077,0.8232044198895028,7,5.0873,61.293
16d60f4cf354,166,119,47,0,0.28313253012048195,0.7168674698795181,2,8.432,62.7319
16d80dbe6d4b,306,226,80,0,0.26143790849673204,0.738562091503268,35,12.8265,70.2301
170c91c20664,44,33,10,1,0.22727272727272727,0.75,0,0.0,0.0
171f7bcb6ead,147,107,40,0,0.272108843537415,0.7278911564625851,8,8.7372,46.1121
17234e71a8ef,190,141,47,2,0.24736842105263157,0.7421052631578947,5,4.6768,72.4289
17364682bc01,65,51,14,0,0.2153846153846154,0.7846153846153846,0,0.0,0.0
173b49fe81af,139,101,38,0,0.2733812949640288,0.7266187050359713,9,12.8983,77.0462
173f4e37ce15,60,39,21,0,0.35,0.65,3,13.5895,88.7512
1748c4d7cfd4,236,180,56,0,0.23728813559322035,0.7627118644067796,14,16.156,68.486
17537cf7df9f,159,98,31,30,0.1949685534591195,0.6163522012578616,2,5.0186,41.7664
177832eff75d,157,108,49,0,0.31210191082802546,0.6878980891719745,13,12.2772,64.563
1784ab09ff0d,132,86,32,14,0.24242424242424243,0.6515151515151515,1,6.4133,29.0009
17a486c92526,188,143,38,7,0.20212765957446807,0.7606382978723404,7,3.4744,72.7615
17ae9e54799a,175,124,51,0,0.2914285714285714,0.7085714285714285,0,0.0,0.0
17b83466a22a,153,104,49,0,0.3202614379084967,0.6797385620915033,0,0.0,0.0
17bf343efd84,62,33,23,6,0.3709677419354839,0.532258064516129,11,9.6298,53.8116
17ce197283f3,118,86,32,0,0.2711864406779661,0.7288135593220338,1,1.5625,44.339
17ceaa3198ac,224,159,52,13,0.23214285714285715,0.7098214285714286,11,13.1622,70.8023
17e370eedaa1,133,103,22,8,0.16541353383458646,0.7744360902255639,7,10.434,55.7327
17f368585f7e,135,82,17,36,0.1259259259259259,0.6074074074074074,4,5.8304,59.5856
180e2320aefb,143,89,12,42,0.08391608391608392,0.6223776223776224,3,9.0042,70.7367
18157fa5a744,250,170,52,28,0.208,0.68,20,13.1104,74.3073
1836f6539ccc,536,408,128,0,0.23880597014925373,0.7611940298507462,9,17.3782,68.306
1844a09c66e3,131,85,46,0,0.3511450381679389,0.648854961832061,13,12.6419,61.5936
184a184ac82d,207,155,43,9,0.20772946859903382,0.748792270531401,13,12.2269,59.9945
184ade4deb68,127,91,36,0,0.28346456692913385,0.7165354330708661,8,12.4191,74.0555
18533bc08197,73,44,27,2,0.3698630136986301,0.6027397260273972,0,0.0,0.0
1866ab99cc02,226,159,36,31,0.1592920353982301,0.7035398230088495,5,3.27,66.5024
1879de2690c2,192,91,27,74,0.140625,0.4739583333333333,0,0.0,42.5705
1894dd1e67dd,97,66,31,0,0.31958762886597936,0.6804123711340206,0,0.0,0.0
1896b6365067,162,88,5,69,0.030864197530864196,0.5432098765432098,1,1.033,66.2033
18a3bb8a5a0e,278,221,57,0,0.20503597122302158,0.7949640287769785,17,9.7916,68.6462
18e8d0f06945,203,170,33,0,0.1625615763546798,0.8374384236453202,7,7.0618,60.9009
18eb49f9b5f5,165,132,33,0,0.2,0.8,5,7.8186,55.2017
192ef6b5c13c,184,133,49,2,0.266304347826087,0.7228260869565217,14,9.0973,60.6125
1932ff2c873d,160,85,44,29,0.275,0.53125,6,13.9893,68.4769
1955abe61aaf,229,168,61,0,0.2663755458515284,0.7336244541484717,13,10.6354,77.7283
19638106770d,174,128,46,0,0.26436781609195403,0.735632183908046,0,0.0,0.0
196f3b66be71,171,118,51,2,0.2982456140350877,0.6900584795321637,1,4.1214,52.9602
198fa06f052f,134,99,35,0,0.26119402985074625,0.7388059701492538,12,14.8849,67.244
19963a5a3c42,117,85,29,3,0.24786324786324787,0.7264957264957265,11,17.1021,73.6954
19cd8d165752,155,111,44,0,0.2838709677419355,0.7161290322580646,11,5.9875,56.9244
19f3f3265bd8,173,102,43,28,0.24855491329479767,0.5895953757225434,0,0.0,0.0
1a09038fa60d,192,138,54,0,0.28125,0.71875,19,12.8967,72.1741
1a0f9b33bff0,131,89,33,9,0.25190839694656486,0.6793893129770993,0,0.0,0.0
1a1229aa03a9,228,137,74,17,0.32456140350877194,0.6008771929824561,7,11.7538,67.1585
1a2aac625091,200,137,63,0,0.315,0.685,1,2.1042,64.9231
1a33d8ea1893,188,132,43,13,0.22872340425531915,0.7021276595744681,9,5.8182,63.1866
1a4aaf5d3dbf,202,156,46,0,0.22772277227722773,0.7722772277227723,23,15.6982,81.7719
1a4ca4766f17,203,152,51,0,0.2512315270935961,0.7487684729064039,16,8.2932,61.8469
1a66b4d3dbb1,173,140,33,0,0.1907514450867052,0.8092485549132948,20,20.7428,85.2219
1a789c6c69c6,180,144,36,0,0.2,0.8,24,15.5945,64.9689
1a9dc3df5b76,183,124,36,23,0.19672131147540983,0.6775956284153005,10,5.8563,59.14
1aaa3e8a1b4a,185,135,48,2,0.2594594594594595,0.7297297297297297,3,2.6672,32.2128
1ab5733eafcd,196,138,57,1,0.29081632653061223,0.7040816326530612,0,0.0,0.0
1abb6882a5cb,140,103,37,0,0.2642857142857143,0.7357142857142858,0,0.0,0.0
1ac5fed19cf6,142,102,40,0,0.28169014084507044,0.7183098591549296,3,10.5362,35.7559
1ad3541a3fe6,112,72,21,19,0.1875,0.6428571428571429,5,3.981,64.653
1ad725c53a59,189,158,31,0,0.164021164021164,0.8359788359788359,0,0.0,0.0
1ae5bb38e69e,171,115,28,28,0.16374269005847952,0.672514619883041,9,13.3224,71.2021
1afb7eb81430,99,64,31,4,0.31313131313131315,0.6464646464646465,11,10.1562,60.5225
1b04602fffd6,100,78,18,4,0.18,0.78,2,4.6555,59.819
1b0ad4aabcc4,58,37,21,0,0.3620689655172414,0.6379310344827587,0,0.0,0.0
1b117dcc119e,156,96,33,27,0.21153846153846154,0.6153846153846154,0,0.0,0.0
1b176c904926,265,199,66,0,0.2490566037735849,0.7509433962264151,37,16.0172,73.6435
1b1d9451010f,186,153,33,0,0.1774193548387097,0.8225806451612904,13,8.168,61.8668
1b323176137e,88,57,13,18,0.14772727272727273,0.6477272727272727,7,9.1675,75.8057
1b395ce8fd3e,193,155,37,1,0.19170984455958548,0.8031088082901554,6,13.0081,57.2021
1b6ada2e6a39,93,59,23,11,0.24731182795698925,0.6344086021505376,2,3.2791,49.4095
1b86a85640e5,219,169,38,12,0.1735159817351598,0.771689497716895,5,4.0909,71.6522
1b95a0c32503,225,171,51,3,0.22666666666666666,0.76,30,13.9847,73.2956
1bc342d4ebef,305,228,77,0,0.25245901639344265,0.7475409836065574,0,0.0,48.7183
1bd161a24fc6,165,120,40,5,0.24242424242424243,0.7272727272727273,9,6.1981,43.0054
1bd7ebd175fe,249,184,63,2,0.25301204819277107,0.7389558232931727,0,0.0,59.4086
1bdf2c81b6b6,130,86,37,7,0.2846153846153846,0.6615384615384615,13,15.7898,70.2988
1be5a513d61c,155,117,38,0,0.24516129032258063,0.7548387096774194,8,10.7422,58.8608
1bf0cb1e3f0b,122,81,20,21,0.16393442622950818,0.6639344262295082,2,4.1336,65.0024
1c0fbb1d600f,92,47,9,36,0.09782608695652174,0.5108695652173914,1,4.1,66.3132
1c239449d7f8,250,157,58,35,0.232,0.628,21,12.4756,86.7523
1c3080e8967b,139,104,35,0,0.2517985611510791,0.7482014388489209,4,7.3166,53.8986
1c36c6b2d051,195,148,47,0,0.24102564102564103,0.7589743589743589,1,1.3809,52.6642
1c3cb1efbcd0,265,194,44,27,0.1660377358490566,0.7320754716981132,15,9.7992,63.7848
1c4653246dc7,41,32,9,0,0.21951219512195122,0.7804878048780488,5,8.9767,86.2885
1c6073151697,167,114,45,7,0.2694610778443114,0.6826347305389222,14,12.999,71.8582
1c63335d177c,239,186,34,19,0.14225941422594143,0.7782426778242678,3,2.7756,64.3845
1c6e04c29601,208,166,32,10,0.15384615384615385,0.7980769230769231,14,7.811,60.4492
1c8a65cafba1,93,58,26,9,0.27956989247311825,0.6236559139784946,2,2.005,63.8184
1c96795fe1c1,186,138,34,14,0.1827956989247312,0.7419354838709677,6,8.4167,55.1361
1c9bf14436cc,196,130,30,36,0.15306122448979592,0.6632653061224489,1,1.3702,37.2345
1cb4a7d35945,93,60,33,0,0.3548387096774194,0.6451612903225806,0,0.0,0.0
1cb56f571749,214,166,48,0,0.22429906542056074,0.7757009345794392,11,9.5261,68.6691
1cdd6def1e30,145,105,36,4,0.2482758620689655,0.7241379310344828,7,6.0669,72.8149
1cf5843c2a55,238,189,29,20,0.12184873949579832,0.7941176470588235,2,2.1027,47.9355
1d05f36a330d,184,125,51,8,0.27717391304347827,0.6793478260869565,0,0.0,0.0
1d09b5fc1bf2,216,144,38,34,0.17592592592592593,0.6666666666666666,2,5.368,57.5943
1d0aa0b565ed,172,131,27,14,0.1569767441860465,0.7616279069767442,6,6.9855,59.1827
1d1163f72094,196,150,46,0,0.23469387755102042,0.7653061224489796,0,0.0,0.0
1d2e39029f1d,115,89,26,0,0.22608695652173913,0.7739130434782608,15,20.1584,90.4022
1d2f6f79ee18,61,45,13,3,0.21311475409836064,0.7377049180327869,1,3.3936,73.0988
1d311ab3363f,171,125,37,9,0.21637426900584794,0.7309941520467836,10,12.7472,85.5576
1d3388903749,132,87,22,23,0.16666666666666666,0.6590909090909091,7,9.8618,81.4545
1d363430fe95,237,164,73,0,0.3080168776371308,0.6919831223628692,16,13.4033,71.0739
1d3d8045a449,115,84,25,6,0.21739130434782608,0.7304347826086957,7,13.5757,81.2897
1d432fcf3147,17,10,7,0,0.4117647058823529,0.5882352941176471,0,0.0,0.0
1d435035f56a,157,115,42,0,0.267515923566879,0.732484076433121,0,0.0,0.0
1d46f4df1dfd,189,135,50,4,0.26455026455026454,0.7142857142857143,19,11.9934,64.3814
1d4fe16db48e,191,137,52,2,0.27225130890052357,0.7172774869109948,9,10.5362,63.0219
1d5d638e2552,297,185,53,59,0.17845117845117844,0.622895622895623,14,8.9355,70.932
1d735506b1d8,304,224,45,35,0.14802631578947367,0.7368421052631579,8,14.0976,83.6334
1d7d62aa2c34,179,102,19,58,0.10614525139664804,0.5698324022346368,1,5.4398,49.3973
1d8de93e7c63,187,142,31,14,0.1657754010695187,0.7593582887700535,5,7.5836,69.8456
1d93f2db56a4,185,131,54,0,0.2918918918918919,0.7081081081081081,0,0.0,0.0
1dbfecc5bf24,288,199,42,47,0.14583333333333334,0.6909722222222222,1,1.088,33.374
1dd5326b6778,48,37,11,0,0.22916666666666666,0.7708333333333334,1,5.3696,35.0845
1dd5d88d1e93,241,172,61,8,0.25311203319502074,0.7136929460580913,2,7.5775,65.6677
1dd805b05725,180,123,31,26,0.17222222222222222,0.6833333333333333,0,0.0,0.0
1dd96a0c9793,236,183,53,0,0.2245762711864407,0.7754237288135594,33,17.627,71.6583
1dda4dfc7a97,171,137,34,0,0.19883040935672514,0.8011695906432749,10,6.665,56.3126
1df32b02eaa3,178,128,40,10,0.2247191011235955,0.7191011235955056,3,5.4413,53.9963
1df63c491243,119,92,25,2,0.21008403361344538,0.773109243697479,3,2.8931,50.5676
1df857f30247,156,111,29,16,0.1858974358974359,0.7115384615384616,8,10.3653,74.0845
1e0379988bc4,142,97,25,20,0.176056338028169,0.6830985915492958,7,6.1783,66.7648
1e0ad5923738,115,83,32,0,0.2782608695652174,0.7217391304347827,16,19.3924,85.8856
1e1862f89278,190,142,28,20,0.14736842105263157,0.7473684210526316,0,0.0,2.6062
1e1abceed266,127,102,25,0,0.1968503937007874,0.8031496062992126,2,7.1243,53.1693
1e1f00a9410f,207,162,38,7,0.18357487922705315,0.782608695652174,6,11.1282,45.8282
1e2344910456,248,204,44,0,0.1774193548387097,0.8225806451612904,8,15.7608,84.5657
1e3397833ac1,176,122,54,0,0.3068181818181818,0.6931818181818182,17,14.4592,62.6602
1e4a12af1b4c,184,131,53,0,0.28804347826086957,0.7119565217391305,0,0.0,0.0
1e644a98460e,141,111,30,0,0.2127659574468085,0.7872340425531915,7,13.1714,88.1622
1e73a4d3e89d,164,113,19,32,0.11585365853658537,0.6890243902439024,2,7.0587,53.3859
1e781756a0e9,228,176,50,2,0.21929824561403508,0.7719298245614035,15,10.5911,57.4326
1e820904c1e4,154,119,35,0,0.22727272727272727,0.7727272727272727,19,12.5641,67.894
1e840659f5bf,46,30,16,0,0.34782608695652173,0.6521739130434783,0,0.0,51.4694
1eab1d74f5c9,159,119,40,0,0.25157232704402516,0.7484276729559748,12,11.1923,61.6653
1eac3c664f2d,214,164,50,0,0.2336448598130841,0.7663551401869159,21,16.4856,74.6658
1ebba2e4d644,146,111,35,0,0.23972602739726026,0.7602739726027398,19,17.2302,91.3544
1ebc8e2c122b,108,80,25,3,0.23148148148148148,0.7407407407407407,3,1.918,28.7552
1ec31c0ef1a9,76,50,26,0,0.34210526315789475,0.6578947368421053,0,0.0,13.2416
1ed6debd60cc,217,148,67,2,0.3087557603686636,0.6820276497695853,0,0.0,0.0
1ee1681eddf2,58,40,18,0,0.3103448275862069,0.6896551724137931,0,0.0,0.0
1f060ebd06b1,127,83,44,0,0.3464566929133858,0.6535433070866141,12,9.8236,44.4839
1f1440204eba,178,136,33,9,0.1853932584269663,0.7640449438202247,0,0.0,0.0
1f16f094f548,236,193,41,2,0.17372881355932204,0.8177966101694916,27,13.9465,79.3472
1f43e244b01c,97,42,11,44,0.1134020618556701,0.4329896907216495,0,0.0,73.8068
1f60da87c355,132,91,37,4,0.2803030303030303,0.6893939393939394,6,14.27,54.5319
1f6da112dfe5,284,133,57,94,0.2007042253521127,0.46830985915492956,13,14.9185,74.8672
1f722fff9898,112,73,39,0,0.3482142857142857,0.6517857142857143,0,0.0,0.0519
1f73af67719c,150,94,56,0,0.37333333333333335,0.6266666666666667,8,12.3047,51.2833
1f7819845dfc,188,134,54,0,0.2872340425531915,0.7127659574468085,25,15.6281,85.0296
1f80aa9a268b,205,153,52,0,0.25365853658536586,0.7463414634146341,22,14.9918,73.5901
1f86b6a52648,201,147,50,4,0.24875621890547264,0.7313432835820896,0,0.0,0.0
1f8b5cd484f0,146,109,37,0,0.2534246575342466,0.7465753424657534,7,11.5326,70.0699
1f8c98a43c6e,289,182,19,87,0.0657439446366782,0.629757785467128,5,6.4102,89.1205
1fa5537c8bba,43,28,15,0,0.3488372093023256,0.6511627906976745,0,0.0,13.7238
1fc02c67c10d,238,163,75,0,0.31512605042016806,0.6848739495798319,14,11.8881,61.0565
1fc2550b52a9,125,91,34,0,0.272,0.728,14,14.9506,68.0099
1febe89c0174,161,119,29,13,0.18012422360248448,0.7391304347826086,4,3.9139,61.1786
1ff3c2c6abd7,130,92,38,0,0.2923076923076923,0.7076923076923077,3,3.5248,42.8482
2009aa01bb16,218,169,49,0,0.22477064220183487,0.7752293577981652,26,14.7507,73.9349
20295d0f4917,44,28,9,6,0.20454545454545456,0.6363636363636364,6,10.8429,72.583
203256da67cb,282,208,29,45,0.10283687943262411,0.7375886524822695,0,0.0,28.9886
20340e3ee5bd,139,97,42,0,0.302158273381295,0.697841726618705,5,3.5019,55.8914
203c6d9817fc,200,147,50,3,0.25,0.735,2,4.7745,45.4498
204a1ddef158,178,141,33,4,0.1853932584269663,0.7921348314606742,7,15.2374,62.1826
20546599b4a5,127,89,28,10,0.2204724409448819,0.7007874015748031,14,13.6292,78.9673
205afeef1c18,211,165,46,0,0.21800947867298578,0.7819905213270142,10,13.652,66.8564
2071295e7aaa,84,67,17,0,0.20238095238095238,0.7976190476190477,0,0.0,0.0
208025030fed,249,146,51,52,0.20481927710843373,0.5863453815261044,20,9.7656,68.8553
20a39638af25,183,138,25,20,0.1366120218579235,0.7540983606557377,8,4.718,83.0872
20a8699c8e43,204,153,40,11,0.19607843137254902,0.75,6,5.1941,73.6511
20be7c34058e,223,172,50,1,0.2242152466367713,0.7713004484304933,0,0.0,53.9139
20c05ea5426b,142,102,40,0,0.28169014084507044,0.7183098591549296,15,7.5546,63.3987
20ec7cf1e184,93,70,17,6,0.1827956989247312,0.7526881720430108,8,13.2812,70.99
20f97907e71d,130,90,40,0,0.3076923076923077,0.6923076923076923,16,14.1174,57.7591
20fe45e5ea30,161,112,49,0,0.30434782608695654,0.6956521739130435,18,16.8762,88.9633
2102cdaee128,194,149,45,0,0.23195876288659795,0.7680412371134021,18,10.8398,65.744
210411ec362d,194,142,52,0,0.26804123711340205,0.7319587628865979,22,9.9731,69.0689
211a6f165958,144,108,30,6,0.20833333333333334,0.75,4,16.4474,67.0822
2131ddffffd2,85,54,16,15,0.18823529411764706,0.6352941176470588,0,0.0,0.0
213e65c07731,120,91,29,0,0.24166666666666667,0.7583333333333333,9,12.1078,79.5914
214461bdbd08,110,76,34,0,0.3090909090909091,0.6909090909090909,13,17.3981,64.5416
214c897059e8,176,131,29,16,0.16477272727272727,0.7443181818181818,4,9.6039,79.4785
216f065ac7c1,171,74,39,58,0.22807017543859648,0.4327485380116959,10,9.1339,62.1155
21707f5853f0,54,40,14,0,0.25925925925925924,0.7407407407407407,2,3.9352,32.0648
21708bb4798b,245,182,63,0,0.2571428571428571,0.7428571428571429,14,9.906,53.3356
21842d9a9ebb,145,100,41,4,0.2827586206896552,0.6896551724137931,6,9.6558,60.1486
21d307db700f,122,80,42,0,0.3442622950819672,0.6557377049180327,6,16.6275,60.3485
21d90fcd566b,56,31,24,1,0.42857142857142855,0.5535714285714286,0,0.0,0.0
21da367ab5b9,98,53,15,30,0.15306122448979592,0.5408163265306123,2,11.7935,78.949
21dcd35e0e0a,205,136,48,21,0.23414634146341465,0.6634146341463415,0,0.0,48.1293
21e2ecf1c1b8,139,99,40,0,0.28776978417266186,0.7122302158273381,0,0.0,17.8375
21e4e2533162,181,138,43,0,0.23756906077348067,0.7624309392265194,0,0.0,15.8707
21e9ed95b0e4,45,34,11,0,0.24444444444444444,0.7555555555555555,2,6.5857,39.2639
21f3767f9a82,170,122,41,7,0.2411764705882353,0.7176470588235294,0,0.0,0.0
2203dab5343f,217,163,54,0,0.2488479262672811,0.7511520737327189,1,5.1041,32.9514
2230a7655194,127,103,23,1,0.18110236220472442,0.8110236220472441,12,10.6247,69.2505
223a54a99ae2,231,166,65,0,0.2813852813852814,0.7186147186147186,3,1.8982,54.9835
223e1179a9dc,42,27,15,0,0.35714285714285715,0.6428571428571429,0,0.0,0.0
224103c42d4b,73,48,25,0,0.3424657534246575,0.6575342465753424,4,6.5277,49.4156
226301ee1193,89,67,22,0,0.24719101123595505,0.7528089887640449,0,0.0,0.0
226579a577a7,221,152,68,1,0.3076923076923077,0.6877828054298643,0,0.0,0.0
2268c3174c1c,214,179,20,15,0.09345794392523364,0.8364485981308412,4,4.4846,63.1134
22929b2cf2dd,197,150,47,0,0.23857868020304568,0.7614213197969543,9,9.1736,53.1418
22aa8069a9ed,174,130,44,0,0.25287356321839083,0.7471264367816092,5,6.9214,67.8589
22bd68be2b5e,184,126,58,0,0.31521739130434784,0.6847826086956522,10,13.2477,74.8184
22c2e58ea58b,270,166,76,28,0.2814814814814815,0.6148148148148148,0,0.0,0.0
22d0fa89e2f6,94,64,30,0,0.3191489361702128,0.6808510638297872,9,10.1776,75.6058
2309b313ab20,110,64,22,23,0.2,0.5818181818181818,1,1.8097,55.5862
2314634bf328,253,182,68,3,0.26877470355731226,0.7193675889328063,0,0.0,0.0
231c7be81560,37,23,13,1,0.35135135135135137,0.6216216216216216,6,6.6956,60.9329
232539a9ca7d,252,185,64,3,0.25396825396825395,0.7341269841269841,24,15.9775,88.6383
2325cbe32251,294,215,79,0,0.2687074829931973,0.7312925170068028,22,11.3647,61.1359
23414fe2aed7,146,117,27,2,0.18493150684931506,0.8013698630136986,13,17.4469,89.7446
234fc34638b5,37,23,11,3,0.2972972972972973,0.6216216216216216,3,11.0901,51.2848
2362d93816e6,131,94,37,0,0.2824427480916031,0.7175572519083969,1,3.0182,46.8933
236bc4131435,105,86,19,0,0.18095238095238095,0.819047619047619,4,5.4184,63.3682
237d42417a36,149,107,42,0,0.28187919463087246,0.7181208053691275,21,14.328,80.6305
237f5ce41bb7,161,101,60,0,0.37267080745341613,0.6273291925465838,21,14.2456,78.7094
239660e9bd95,185,134,47,4,0.25405405405405407,0.7243243243243244,1,2.6901,61.1206
239e61368d2d,150,106,44,0,0.29333333333333333,0.7066666666666667,4,1.5076,49.9771
23a5352a05eb,146,106,40,0,0.273972602739726,0.726027397260274,0,0.0,0.0
23c27ba471ca,146,110,36,0,0.2465753424657534,0.7534246575342466,3,4.9316,50.3571
23c7e23b418a,46,22,8,16,0.17391304347826086,0.4782608695652174,2,4.2877,43.2983
23da95939f6c,50,33,17,0,0.34,0.66,0,0.0,0.0
24018895d65d,214,144,27,43,0.1261682242990654,0.6728971962616822,3,3.5461,75.5997
24059c009e9c,48,32,16,0,0.3333333333333333,0.6666666666666666,0,0.0,0.0
2409b82676fa,175,126,28,21,0.16,0.72,11,12.3947,63.5971
24307a99905d,224,140,40,44,0.17857142857142858,0.625,4,10.1395,70.2545
243111debafd,159,120,39,0,0.24528301886792453,0.7547169811320755,0,0.0,0.0
243d8c9814f5,130,90,40,0,0.3076923076923077,0.6923076923076923,16,14.2044,71.4722
2442cc58025c,196,147,38,10,0.19387755102040816,0.75,12,12.561,74.205
244d9617bd58,263,211,52,0,0.19771863117870722,0.8022813688212928,14,15.2405,94.6594
2464608febcd,151,116,35,0,0.23178807947019867,0.7682119205298014,3,5.1422,48.764
247053162603,182,125,53,4,0.29120879120879123,0.6868131868131868,0,0.0,0.0
248849ede6c1,120,71,40,9,0.3333333333333333,0.5916666666666667,0,0.0,0.0
248fc8421498,189,144,43,2,0.2275132275132275,0.7619047619047619,1,6.8176,50.5783
24b0dda87e02,77,54,23,0,0.2987012987012987,0.7012987012987013,10,11.8896,77.8839
24b5ae892c0b,206,158,47,0,0.22815533980582525,0.7669902912621359,9,4.9866,64.3738
24c0f0bf1503,153,115,38,0,0.24836601307189543,0.7516339869281046,17,11.3174,68.512
24c1e1cef9fb,255,194,40,21,0.1568627450980392,0.7607843137254902,0,0.0,36.3968
24c62d554f43,121,67,54,0,0.4462809917355372,0.5537190082644629,15,10.0128,53.1708
24c94ed90d7b,90,64,26,0,0.28888888888888886,0.7111111111111111,0,0.0,0.0
24ccdd39791f,166,124,42,0,0.25301204819277107,0.7469879518072289,24,12.1033,81.662
24ecf26ce811,169,94,42,33,0.2485207100591716,0.5562130177514792,12,5.5695,58.6624
24f81c84fd8d,222,147,57,18,0.25675675675675674,0.6621621621621622,15,17.453,75.206
250e91349b32,261,196,60,5,0.22988505747126436,0.7509578544061303,9,4.7272,29.837
2516fcb7500a,300,223,41,36,0.13666666666666666,0.7433333333333333,10,7.0816,83.5602
251e12eeb15f,168,120,11,36,0.06547619047619048,0.7142857142857143,2,6.514,86.0336
254fbd7f2192,265,181,82,0,0.30943396226415093,0.6830188679245283,25,14.4531,74.8184
25637fe69d28,258,193,64,1,0.24806201550387597,0.748062015503876,12,8.6777,64.8895
2577c90f6ee4,173,116,22,35,0.12716763005780346,0.6705202312138728,0,0.0,0.0
257d6a1beca7,226,167,59,0,0.2610619469026549,0.7389380530973452,17,9.1751,71.5591
259178ac6e14,152,115,37,0,0.24342105263157895,0.756578947368421,6,9.3765,70.0104
2592cfd1d3e0,67,42,25,0,0.373134328358209,0.6268656716417911,0,0.0,0.0
25961aea3db8,161,116,45,0,0.2795031055900621,0.7204968944099379,12,15.9576,74.3591
25a213edbcc7,141,107,34,0,0.24113475177304963,0.7588652482269503,12,12.9272,65.7913
25a27922edaf,50,35,15,0,0.3,0.7,1,2.4139,13.9236
25c0f98758c3,75,57,18,0,0.24,0.76,0,0.0,0.0
25c2e6b1c5a9,210,149,61,0,0.2904761904761905,0.7095238095238096,9,12.0224,68.3075
25c5c31bc182,237,158,69,10,0.2911392405063291,0.6666666666666666,3,12.3184,44.5343
25caa73d08a3,116,81,35,0,0.3017241379310345,0.6982758620689655,10,10.7819,70.3064
25d8ff4fcd3f,31,25,6,0,0.1935483870967742,0.8064516129032258,0,0.0,0.0
25e85593a9a5,105,51,14,40,0.13333333333333333,0.4857142857142857,0,0.0,69.1971
25f05be99233,90,48,42,0,0.4666666666666667,0.5333333333333333,0,0.0,15.7211
25f8b4140df3,278,217,61,0,0.21942446043165467,0.7805755395683454,5,6.3019,69.6686
260f6b664eeb,140,102,35,3,0.25,0.7285714285714285,8,14.7827,58.1772
26149968f810,125,101,24,0,0.192,0.808,11,7.2708,87.3901
2626d578899e,137,100,37,0,0.27007299270072993,0.7299270072992701,3,11.4365,31.3431
2627c765b745,220,148,38,34,0.17272727272727273,0.6727272727272727,9,7.7209,53.096
26346b4e789c,192,146,46,0,0.23958333333333334,0.7604166666666666,30,14.7232,70.2164
264e5e873245,99,74,25,0,0.25252525252525254,0.7474747474747475,0,0.0,0.0
265e7f265773,120,85,35,0,0.2916666666666667,0.7083333333333334,0,0.0,0.0
2673584f9398,116,80,29,7,0.25,0.6896551724137931,0,0.0,0.0
26a271cd2fdd,171,119,52,0,0.30409356725146197,0.695906432748538,0,0.0,0.0
26b5257856e9,242,176,43,23,0.17768595041322313,0.7272727272727273,3,4.1428,39.9902
26bc992079d5,118,87,31,0,0.2627118644067797,0.7372881355932204,0,0.0,0.0
26db031a2a24,188,122,32,34,0.1702127659574468,0.648936170212766,8,5.3452,54.7134
26f57dc441fe,123,86,37,0,0.3008130081300813,0.6991869918699187,9,15.3168,80.2475
26f717c6128d,146,97,33,16,0.22602739726027396,0.6643835616438356,16,14.4974,80.7037
273aca7c9745,372,268,104,0,0.27956989247311825,0.7204301075268817,14,9.6207,75.4272
275322852b2d,226,173,53,0,0.2345132743362832,0.7654867256637168,15,12.6923,76.619
27556fdb8200,181,127,51,3,0.281767955801105,0.7016574585635359,4,12.4084,28.2516
275adc34d57f,115,74,35,6,0.30434782608695654,0.6434782608695652,0,0.0,0.0
275d8bdfde4d,187,144,43,0,0.22994652406417113,0.7700534759358288,0,0.0,0.0
276ed8076277,201,151,50,0,0.24875621890547264,0.7512437810945274,5,14.7614,62.9639
276fe2737134,133,92,41,0,0.3082706766917293,0.6917293233082706,11,11.6333,47.9462
2794fc86e8d4,160,126,34,0,0.2125,0.7875,4,15.5594,82.2968
279a99068552,142,81,38,23,0.2676056338028169,0.5704225352112676,0,0.0,0.0
27a0805c02fc,79,59,17,3,0.21518987341772153,0.7468354430379747,0,0.0,0.0
27b0d570a40d,78,59,19,0,0.24358974358974358,0.7564102564102564,8,11.8835,84.5093
27b29f95c971,113,93,20,0,0.17699115044247787,0.8230088495575221,6,10.4248,56.7917
27e9213748b0,156,121,33,2,0.21153846153846154,0.7756410256410257,7,14.7614,62.4832
27edf875a120,287,218,69,0,0.24041811846689895,0.759581881533101,0,0.0,41.9235
27f3dbbf2b9a,197,155,42,0,0.2131979695431472,0.7868020304568528,19,9.5139,77.2568
27fd3bb44c76,254,193,56,4,0.2204724409448819,0.7598425196850394,9,9.4254,88.0722
280220720b54,202,146,53,3,0.2623762376237624,0.7227722772277227,8,11.7691,67.0807
2819283411c6,87,36,19,32,0.21839080459770116,0.41379310344827586,1,6.5872,67.4805
281fcc161aa1,38,23,15,0,0.39473684210526316,0.6052631578947368,4,6.9977,58.8943
2823c18cde8d,183,147,36,0,0.19672131147540983,0.8032786885245902,14,12.8723,63.3133
282661ce17b0,187,137,50,0,0.26737967914438504,0.732620320855615,3,11.3281,54.0955
282cb9398d53,144,101,20,23,0.1388888888888889,0.7013888888888888,4,1.9684,57.6538
283624a201d0,300,207,70,23,0.23333333333333334,0.69,4,13.7787,64.0411
284dcd2d3d6d,111,80,23,8,0.2072072072072072,0.7207207207207207,12,12.8098,93.9728
285186bdcabf,87,63,24,0,0.27586206896551724,0.7241379310344828,3,4.5715,48.999
285e28ef159d,218,161,49,7,0.22477064220183487,0.7385321100917431,17,16.7374,82.4524
287288c13cab,208,162,40,6,0.19230769230769232,0.7788461538461539,1,6.2317,66.8213
28794c06886c,159,84,63,9,0.39622641509433965,0.5283018867924528,18,8.9066,76.1642
287954ebec55,198,142,44,12,0.2222222222222222,0.7171717171717171,1,6.6818,48.5336
287de3ae1fa6,163,113,50,0,0.3067484662576687,0.6932515337423313,0,0.0,0.0
288a512bf5af,147,104,43,0,0.2925170068027211,0.7074829931972789,14,12.2192,58.8577
289b6b44f1e8,220,156,64,0,0.2909090909090909,0.7090909090909091,25,18.3212,75.0824
28c2858a4d61,60,36,17,7,0.2833333333333333,0.6,6,5.0781,51.8234
28ca3539cc4b,237,188,49,0,0.20675105485232068,0.7932489451476793,27,20.0836,79.8264
28ca63263be7,172,115,15,42,0.0872093023255814,0.6686046511627907,2,3.8971,84.4696
28d2e92f40bd,19,12,2,5,0.10526315789473684,0.631578947368421,0,0.0,0.0
28d634f91167,127,86,41,0,0.3228346456692913,0.6771653543307087,12,7.37,58.2062
28de07f534e1,235,190,45,0,0.19148936170212766,0.8085106382978723,11,13.6353,68.4891
28e51d6764c6,194,152,42,0,0.21649484536082475,0.7835051546391752,17,11.2381,76.68
28e69ed7b2c2,188,131,57,0,0.30319148936170215,0.6968085106382979,8,9.5032,91.803
28eaf92d7338,263,179,54,30,0.20532319391634982,0.6806083650190115,15,11.5738,75.0229
28f4e2984fc6,56,30,26,0,0.4642857142857143,0.5357142857142857,3,7.5516,32.4814
28fe202d59a8,220,160,60,0,0.2727272727272727,0.7272727272727273,0,0.0,0.0
2902a2f38703,85,57,25,3,0.29411764705882354,0.6705882352941176,0,0.0,26.0117
29053c264a17,332,251,80,1,0.24096385542168675,0.7560240963855421,19,7.1228,63.3072
291ae123af90,163,125,16,22,0.09815950920245399,0.7668711656441718,4,11.1099,65.6219
291b2132e1fb,63,41,22,0,0.3492063492063492,0.6507936507936508,0,0.0,0.0
29266f4feb67,145,79,66,0,0.45517241379310347,0.5448275862068965,9,12.0911,60.788
292c42388727,188,146,42,0,0.22340425531914893,0.776595744680851,24,20.9396,96.5103
294017fb97e4,152,114,38,0,0.25,0.75,16,13.9313,68.75
294a347e0309,137,88,49,0,0.35766423357664234,0.6423357664233577,18,11.2411,61.4502
294c41defe50,44,35,9,0,0.20454545454545456,0.7954545454545454,0,0.0,0.0183
294ceada2479,302,210,51,41,0.16887417218543047,0.695364238410596,11,6.9214,52.9144
295e1526a328,193,136,42,13,0.21761658031088082,0.7046632124352331,16,14.4775,72.9111
295f60908595,143,107,31,5,0.21678321678321677,0.7482517482517482,6,10.3317,67.07
29717c0234da,244,179,64,1,0.26229508196721313,0.7336065573770492,3,8.9676,84.9762
297276e5cd02,267,202,65,0,0.24344569288389514,0.7565543071161048,8,10.3271,90.4007
29828828368f,68,47,21,0,0.3088235294117647,0.6911764705882353,0,0.0,0.0
298d780b37c4,138,103,35,0,0.2536231884057971,0.7463768115942029,14,15.1001,64.8041
299cbccbc459,83,62,21,0,0.25301204819277107,0.7469879518072289,8,10.2905,64.7873
299cda5b6769,234,183,51,0,0.21794871794871795,0.782051282051282,12,15.4373,68.5242
29b03a7c58db,64,42,21,1,0.328125,0.65625,5,19.7617,77.2415
29baf6f84e14,52,39,11,2,0.21153846153846154,0.75,0,0.0,0.0
29cf9fd036ab,195,144,50,1,0.2564102564102564,0.7384615384615385,4,4.9194,51.944
29d140073e1f,23,11,12,0,0.5217391304347826,0.4782608695652174,0,0.0,0.0
29d70921c534,106,64,42,0,0.39622641509433965,0.6037735849056604,0,0.0,0.0
29e2cfb8a5b8,210,149,45,16,0.21428571428571427,0.7095238095238096,6,2.002,50.8148
29eed8a71c8b,33,19,14,0,0.42424242424242425,0.5757575757575758,4,9.285,54.4739
29fe9e445bbf,47,30,17,0,0.3617021276595745,0.6382978723404256,0,0.0,0.0
2a1a6a11e1ec,248,190,58,0,0.23387096774193547,0.7661290322580645,3,12.2635,74.913
2a1c33736889,169,122,41,6,0.24260355029585798,0.7218934911242604,0,0.0,30.7693
2a3883e1ff96,214,163,51,0,0.2383177570093458,0.7616822429906542,8,9.3048,45.5429
2a484c7522f0,114,98,14,0,0.12280701754385964,0.8596491228070176,2,9.0851,70.0058
2a4cff606b10,125,80,30,15,0.24,0.64,9,11.5677,72.0139
2a560b45f169,232,181,51,0,0.21982758620689655,0.7801724137931034,14,8.8028,73.111
2a5c483208aa,122,85,34,0,0.2786885245901639,0.6967213114754098,11,12.8403,62.1445
2a6d0c4bd562,228,172,55,1,0.2412280701754386,0.7543859649122807,8,6.2134,43.9285
2a709812f21c,206,155,51,0,0.24757281553398058,0.7524271844660194,39,15.7639,83.7219
2a837ababa0c,233,178,49,6,0.21030042918454936,0.7639484978540773,7,10.3592,76.6541
2a84040c1850,206,133,73,0,0.35436893203883496,0.6456310679611651,1,11.0809,35.9589
2a8a6a2ae403,98,62,36,0,0.3673469387755102,0.6326530612244898,13,15.8646,52.5879
2a8d5c257563,208,154,52,2,0.25,0.7403846153846154,12,9.1385,72.8424
2a8e0ac62666,316,254,61,1,0.1930379746835443,0.8037974683544303,18,13.2599,92.2546
2a8f8a39a833,111,69,39,3,0.35135135135135137,0.6216216216216216,2,4.1016,32.2937
2ab52c52ba33,221,174,47,0,0.21266968325791855,0.7873303167420814,9,9.9289,61.7477
2ad0a0582297,166,113,53,0,0.3192771084337349,0.6807228915662651,0,0.0,0.0
2ad0f2857a45,168,115,53,0,0.31547619047619047,0.6845238095238095,2,4.8477,67.1692
2ae687e6a07a,170,122,48,0,0.2823529411764706,0.7176470588235294,8,12.8387,67.7109
2af2dd6d1fb4,64,47,17,0,0.265625,0.734375,11,14.4745,76.7212
2afc7c9cd966,85,57,15,13,0.17647058823529413,0.6705882352941176,0,0.0,0.0
2b03baa16076,167,126,40,1,0.23952095808383234,0.7544910179640718,0,0.0,0.0
2b12c146454d,161,74,35,52,0.21739130434782608,0.45962732919254656,2,6.5826,61.5143
2b1ea815af8d,147,115,32,0,0.21768707482993196,0.782312925170068,0,0.0,0.0
2b2866cb48fb,151,108,43,0,0.2847682119205298,0.7152317880794702,16,15.2191,48.8235
2b2d9708e830,182,135,47,0,0.25824175824175827,0.7417582417582418,6,6.7261,52.6001
2b340c984407,324,243,79,2,0.24382716049382716,0.75,0,0.0,0.0
2b3f728f3f22,57,37,20,0,0.3508771929824561,0.6491228070175439,0,0.0,0.0793
2b4e8eac6e77,246,177,69,0,0.2804878048780488,0.7195121951219512,26,13.4781,66.3498
2b8bc8c425c9,62,49,11,2,0.1774193548387097,0.7903225806451613,4,13.2614,84.6741
2b8cded1eb60,108,82,26,0,0.24074074074074073,0.7592592592592593,10,14.83,70.4559
2b943dfeaa72,178,132,46,0,0.25842696629213485,0.7415730337078652,0,0.0,0.0
2b959b442154,178,113,16,49,0.0898876404494382,0.6348314606741573,3,4.8767,70.343
2baf0e44d4c1,152,94,33,25,0.21710526315789475,0.618421052631579,5,6.3187,68.4921
2bb4f3202acd,34,17,17,0,0.5,0.5,0,0.0,0.0
2be0fecc9925,163,106,25,32,0.15337423312883436,0.6503067484662577,6,7.3273,68.4525
2be8c910fac2,79,55,24,0,0.3037974683544304,0.6962025316455697,2,9.1415,36.8881
2bed4be8e6d9,62,41,21,0,0.3387096774193548,0.6612903225806451,0,0.0,0.0
2c0e4995c6e8,151,113,30,8,0.1986754966887417,0.7483443708609272,6,7.486,61.1145
2c657f6c839a,175,141,34,0,0.19428571428571428,0.8057142857142857,4,2.0508,69.1376
2c688d7d9205,240,179,61,0,0.25416666666666665,0.7458333333333333,2,7.9193,49.1577
2c6b8913a7ba,36,24,12,0,0.3333333333333333,0.6666666666666666,3,8.0292,51.9867
2c6daebe0963,145,98,42,5,0.2896551724137931,0.6758620689655173,5,5.3268,48.494
2ca08ec99224,63,37,25,1,0.3968253968253968,0.5873015873015873,2,14.2776,82.1198
2ca8a7fcf79d,130,94,36,0,0.27692307692307694,0.7230769230769231,6,8.2932,63.7222
2caca376bbc9,187,133,54,0,0.2887700534759358,0.7112299465240641,3,5.4031,68.4738
2caf855d25d3,241,159,46,36,0.1908713692946058,0.6597510373443983,10,7.6401,70.2271
2cd038d5c85f,239,107,30,102,0.12552301255230125,0.4476987447698745,5,5.9464,63.4399
2cd0a5200034,170,121,49,0,0.28823529411764703,0.711764705882353,1,6.4377,24.4492
2ce35862db5e,145,112,33,0,0.22758620689655173,0.7724137931034483,15,14.1022,65.8829
2cf0ca3050e5,210,155,43,12,0.20476190476190476,0.7380952380952381,5,6.9412,61.5402
2cf2371193eb,178,89,24,65,0.1348314606741573,0.5,0,0.0,51.6342
2d04835e3b30,80,57,15,8,0.1875,0.7125,0,0.0,49.3622
2d0be5f80103,128,106,22,0,0.171875,0.828125,0,0.0,0.0
2d0f5c3a7e2c,136,93,43,0,0.3161764705882353,0.6838235294117647,0,0.0,0.0
2d1ab39f0ff6,150,97,30,23,0.2,0.6466666666666666,5,7.9285,68.9758
2d1b57132c3a,169,125,44,0,0.2603550295857988,0.7396449704142012,2,2.3849,34.3842
2d2b8462838f,127,87,29,11,0.2283464566929134,0.6850393700787402,0,0.0,17.7078
2d476f44e80b,225,169,56,0,0.24888888888888888,0.7511111111111111,14,6.8634,72.3862
2d4909a3958f,144,98,46,0,0.3194444444444444,0.6805555555555556,27,15.1215,78.4805
2d972bda9d6b,218,165,46,7,0.21100917431192662,0.7568807339449541,0,0.0,18.6935
2da314766cfe,169,124,45,0,0.26627218934911245,0.7337278106508875,14,13.2751,89.7354
2daec36424a8,178,133,45,0,0.25280898876404495,0.7471910112359551,11,12.4191,79.0543
2dd9b8080f0f,87,55,32,0,0.367816091954023,0.632183908045977,8,17.3004,78.5568
2de0597cbb7a,139,100,39,0,0.2805755395683453,0.7194244604316546,8,9.1232,85.0632
2de16bc6e49c,226,179,47,0,0.2079646017699115,0.7920353982300885,17,12.5671,62.7594
2de26a8634ef,57,33,24,0,0.42105263157894735,0.5789473684210527,0,0.0,0.0
2dfc3c0d4504,145,108,37,0,0.25517241379310346,0.7448275862068966,7,12.1597,67.0868
2e1107832601,167,122,39,6,0.23353293413173654,0.7305389221556886,10,7.1518,59.5306
2e24b2e477e5,105,73,32,0,0.3047619047619048,0.6952380952380952,21,12.9791,92.5186
2e2d3ed2069d,287,235,52,0,0.18118466898954705,0.818815331010453,23,14.1083,83.0292
2e5002e01c53,143,98,45,0,0.3146853146853147,0.6853146853146853,0,0.0,0.0
2e703d55529a,173,124,32,17,0.18497109826589594,0.7167630057803468,7,2.7222,49.4522
2e8e1273e497,150,121,14,15,0.09333333333333334,0.8066666666666666,4,6.7017,66.1697
2e9e4edca774,172,81,22,69,0.12790697674418605,0.47093023255813954,0,0.0,59.6359
2ea5a65f8c73,59,30,29,0,0.4915254237288136,0.5084745762711864,0,0.0,0.0
2eb5bcf03e01,179,132,47,0,0.26256983240223464,0.7374301675977654,11,6.5567,47.3541
2ebc99a3c4af,227,159,68,0,0.29955947136563876,0.7004405286343612,4,9.9747,59.14
2ebf6b50e4c2,58,43,15,0,0.25862068965517243,0.7413793103448276,6,10.2859,58.3298
2ec367872ec7,114,79,34,1,0.2982456140350877,0.6929824561403509,5,6.6467,52.6474
2edf6cc7696c,296,238,57,1,0.19256756756756757,0.8040540540540541,38,15.274,89.064
2ee04159001b,188,139,49,0,0.26063829787234044,0.7393617021276596,1,1.0025,59.1812
2ee5b3ee58d5,151,101,50,0,0.33112582781456956,0.6688741721854304,0,0.0,0.0
2ee68cce1ed0,304,177,49,78,0.1611842105263158,0.5822368421052632,10,19.165,87.7106
2ef31e571dd8,168,122,45,1,0.26785714285714285,0.7261904761904762,7,10.8383,77.8458
2efc345029c3,146,91,25,30,0.17123287671232876,0.6232876712328768,7,4.0314,61.8195
2f051c3fc82f,122,87,27,8,0.22131147540983606,0.7131147540983607,6,5.5573,55.0644
2f06601cb215,217,162,53,2,0.24423963133640553,0.7465437788018433,7,5.0705,45.8054
2f0a9b15f067,165,117,48,0,0.2909090909090909,0.7090909090909091,4,9.8038,55.5603
2f1c751ab10b,164,105,31,28,0.18902439024390244,0.6402439024390244,0,0.0,56.8649
2f27c52c7d58,280,219,59,2,0.21071428571428572,0.7821428571428571,0,0.0,0.0
2f307cc31799,193,141,51,1,0.26424870466321243,0.7305699481865285,17,9.7015,57.3456
2f36ff8187d5,193,147,46,0,0.23834196891191708,0.7616580310880829,13,14.0213,82.4234
2f491a451632,246,184,55,7,0.22357723577235772,0.7479674796747967,1,1.9897,50.7736
2f5379bf67ca,38,25,3,10,0.07894736842105263,0.6578947368421053,0,0.0,0.0
2f711ff54c15,215,110,35,70,0.16279069767441862,0.5116279069767442,1,2.4979,59.4818
2f9ffca172b0,107,68,39,0,0.3644859813084112,0.6355140186915887,10,14.8651,78.4164
2fb49b4bb80d,161,125,32,4,0.19875776397515527,0.7763975155279503,4,3.2974,58.6777
2fb68d6713a5,194,150,28,16,0.14432989690721648,0.7731958762886598,10,6.4896,70.4544
2fb988029403,188,138,50,0,0.26595744680851063,0.7340425531914894,3,7.6706,47.9141
2fc6bf2ccab5,169,117,23,29,0.13609467455621302,0.6923076923076923,8,7.8506,63.176
2fd30e8bcadf,193,108,15,70,0.07772020725388601,0.5595854922279793,1,1.1856,57.6904
2fd7cbd01f3c,67,50,17,0,0.2537313432835821,0.746268656716418,0,0.0,0.0
2fdc521c56b6,107,73,30,4,0.2803738317757009,0.6822429906542056,0,0.0,0.0
2fe856ea963c,66,39,27,0,0.4090909090909091,0.5909090909090909,0,0.0,0.0
2ff57a1bdcf1,142,93,49,0,0.34507042253521125,0.6549295774647887,0,0.0,0.0
301d13eb98be,291,185,53,53,0.18213058419243985,0.6357388316151202,0,0.0,0.0
302fb7c22e2b,135,83,52,0,0.3851851851851852,0.6148148148148148,13,15.3076,89.0488
303090fcc31e,206,155,46,5,0.22330097087378642,0.7524271844660194,2,5.1834,45.8389
30353f220e31,123,88,25,10,0.2032520325203252,0.7154471544715447,9,14.0152,62.7396
304ae907fcbc,43,24,13,6,0.3023255813953488,0.5581395348837209,3,2.8061,36.2778
30524fa719ca,221,164,40,17,0.18099547511312217,0.7420814479638009,15,8.078,79.3747
306c500894ce,158,119,39,0,0.2468354430379747,0.7531645569620253,0,0.0,0.0
30703edaf3bf,157,113,23,20,0.1464968152866242,0.7197452229299363,8,9.3735,65.152
30714dc10ad3,131,100,25,6,0.19083969465648856,0.7633587786259542,3,2.6428,61.4243
308af8bc571b,127,89,38,0,0.2992125984251969,0.7007874015748031,7,3.9322,57.3654
308d663fc07a,79,53,26,0,0.3291139240506329,0.6708860759493671,0,0.0,0.0
3094f0e7f338,203,134,48,21,0.23645320197044334,0.6600985221674877,0,0.0,0.0
30a51ed1a47b,218,169,49,0,0.22477064220183487,0.7752293577981652,2,4.9393,50.0732
30a54c050c9e,243,171,72,0,0.2962962962962963,0.7037037037037037,0,0.0,0.0
30b055a2178c,91,69,22,0,0.24175824175824176,0.7582417582417582,4,5.7648,56.4529
30cedc1713c3,125,100,25,0,0.2,0.8,5,17.8329,83.9218
30d1afcfeaf5,131,96,35,0,0.26717557251908397,0.732824427480916,0,0.0,30.7129
30dbd061bed3,241,181,53,7,0.21991701244813278,0.7510373443983402,32,17.0532,92.1417
30dfff7ddc76,194,141,49,4,0.25257731958762886,0.7268041237113402,0,0.0,0.0
30eb8e531d1c,176,133,41,2,0.23295454545454544,0.7556818181818182,11,12.6892,50.6775
30ec590d9ad7,154,111,43,0,0.2792207792207792,0.7207792207792207,0,0.0,60.1151
3109bea8f9be,113,80,33,0,0.2920353982300885,0.7079646017699115,6,11.3831,28.6667
310c156419ea,139,101,38,0,0.2733812949640288,0.7266187050359713,0,0.0,0.0
3111867f5335,160,128,32,0,0.2,0.8,12,10.6674,76.4069
3112c494c644,34,24,10,0,0.29411764705882354,0.7058823529411765,3,6.3171,39.9353
3153fb3c7de0,105,77,28,0,0.26666666666666666,0.7333333333333333,6,10.054,73.3398
3155aef3abde,250,196,45,9,0.18,0.784,9,8.7051,51.8463
316a926df739,164,122,42,0,0.25609756097560976,0.7439024390243902,0,0.0,0.0
3179817b3335,79,53,26,0,0.3291139240506329,0.6708860759493671,6,7.2021,54.1321
3184f4b67b1a,250,189,58,3,0.232,0.756,14,11.911,63.8458
3188f3061a09,119,85,34,0,0.2857142857142857,0.7142857142857143,0,0.0,0.0
318cb948ba8c,109,75,33,0,0.30275229357798167,0.6880733944954128,9,9.7183,63.5254
318ff075e5d3,78,57,17,4,0.21794871794871795,0.7307692307692307,0,0.0,0.0
31a2c62376a9,155,111,44,0,0.2838709677419355,0.7161290322580646,5,9.6512,63.5651
31a3f7a3ae29,128,96,32,0,0.25,0.75,5,3.7735,74.0906
31b7e0ab6087,124,98,24,2,0.1935483870967742,0.7903225806451613,6,15.7928,80.0247
31cf52bcc7a7,254,171,83,0,0.32677165354330706,0.6732283464566929,22,15.242,65.6036
31dcc24ac04b,148,87,36,25,0.24324324324324326,0.5878378378378378,0,0.0,0.0
31e2791b5cab,139,104,35,0,0.2517985611510791,0.7482014388489209,0,0.0,0.0
31e4a1bbfc15,141,102,39,0,0.2765957446808511,0.723404255319149,5,8.7082,64.0488
31e82faf725d,139,114,25,0,0.17985611510791366,0.8201438848920863,5,5.5603,66.3742
31e9a210cfaf,208,164,42,2,0.20192307692307693,0.7884615384615384,12,10.5957,84.2209
31f51b7b3641,153,90,38,25,0.24836601307189543,0.5882352941176471,6,8.4412,57.1426
320a5a8ed48d,186,122,21,43,0.11290322580645161,0.6559139784946236,7,5.1987,72.6181
321b013478d7,173,147,26,0,0.15028901734104047,0.8497109826589595,10,11.5402,59.903
32291426a698,169,133,22,14,0.1301775147928994,0.7869822485207101,1,1.0864,62.7777
328cde17511e,51,34,17,0,0.3333333333333333,0.6666666666666666,6,17.9459,81.5399
32a1954e4157,156,117,39,0,0.25,0.75,8,8.3496,51.0712
32a9b5b85a1b,182,123,29,30,0.15934065934065933,0.6758241758241759,17,10.5881,77.8275
32ed7a2359cf,187,130,39,18,0.20855614973262032,0.6951871657754011,0,0.0,64.2258
32ff402bc897,179,140,38,0,0.2122905027932961,0.7821229050279329,16,15.9042,72.229
330823f8120d,190,144,37,9,0.19473684210526315,0.7578947368421053,8,7.5607,84.2224
33169dcbdfa0,268,215,53,0,0.19776119402985073,0.8022388059701493,3,2.9526,44.9051
331df8bf3a7f,185,130,55,0,0.2972972972972973,0.7027027027027027,0,0.0,0.0
333bc859088c,50,30,20,0,0.4,0.6,0,0.0,0.0
33431b7e5543,48,31,14,3,0.2916666666666667,0.6458333333333334,0,0.0,18.7088
3353690a5d3c,134,97,37,0,0.27611940298507465,0.7238805970149254,12,6.0425,58.2214
337243a9bd89,198,140,58,0,0.29292929292929293,0.7070707070707071,0,0.0,0.0
337917b03be1,179,130,41,8,0.22905027932960895,0.7262569832402235,22,13.1912,72.2305
337be23a5a57,94,74,20,0,0.2127659574468085,0.7872340425531915,8,13.6154,78.7598
3381ea445ec8,197,156,41,0,0.20812182741116753,0.7918781725888325,1,4.1428,40.5518
338e30b609bb,188,154,34,0,0.18085106382978725,0.8191489361702128,6,11.647,72.821
33988246de7e,82,59,23,0,0.2804878048780488,0.7195121951219512,4,6.2851,75.2487
339af1c837c6,140,95,44,0,0.3142857142857143,0.6785714285714286,20,17.4377,83.0139
339bae6b7ac0,56,34,22,0,0.39285714285714285,0.6071428571428571,12,11.7828,64.8911
33b1d7be5b5c,65,45,20,0,0.3076923076923077,0.6923076923076923,5,17.2943,69.7098
33c4d18be1ca,213,159,54,0,0.2535211267605634,0.7464788732394366,9,11.6547,52.0065
33deab574294,61,36,21,4,0.3442622950819672,0.5901639344262295,0,0.0,0.0
33ec4577b716,215,174,39,2,0.1813953488372093,0.8093023255813954,10,9.9503,58.0688
33f9166b614a,150,108,42,0,0.28,0.72,14,17.9779,73.6496
340236fc3587,130,98,24,8,0.18461538461538463,0.7538461538461538,5,7.7545,44.2886
34159ad757c1,206,159,45,2,0.21844660194174756,0.7718446601941747,5,5.3406,42.5064
341c392a86a8,195,148,47,0,0.24102564102564103,0.7589743589743589,22,18.3487,87.149
3421d5f3e6fb,325,256,69,0,0.2123076923076923,0.7876923076923077,7,5.2628,75.296
342cf992c625,158,114,44,0,0.27848101265822783,0.7215189873417721,20,13.8351,69.3573
343071a8c111,107,59,20,28,0.18691588785046728,0.5514018691588785,0,0.0,0.0
3444f3932c7c,195,124,32,39,0.1641025641025641,0.6358974358974359,4,7.8644,85.8353
344764125b75,230,159,68,3,0.2956521739130435,0.691304347826087,14,16.7892,63.4842
344cc56a75aa,288,224,64,0,0.2222222222222222,0.7777777777777778,0,0.0,0.0
345f3e86a3dc,141,97,25,19,0.1773049645390071,0.6879432624113475,3,2.153,73.9975
3479b69cf34e,101,63,37,1,0.36633663366336633,0.6237623762376238,0,0.0,0.0
3482a1ac6b52,144,84,24,36,0.16666666666666666,0.5833333333333334,0,0.0,0.0
349b1b6fa6ff,88,65,23,0,0.26136363636363635,0.7386363636363636,0,0.0,0.0
34af9f01d464,119,82,37,0,0.31092436974789917,0.6890756302521008,14,9.5093,59.108
34bf9dcd2f03,76,51,25,0,0.32894736842105265,0.6710526315789473,2,5.7205,39.4958
34c3b4aca1bf,168,121,37,9,0.22023809523809523,0.7202380952380952,17,17.3904,88.3179
34decd8752d3,71,50,21,0,0.29577464788732394,0.704225352112676,7,6.9275,56.4148
34f9cb8a992b,158,123,28,7,0.17721518987341772,0.7784810126582279,0,0.0,0.0
3516c82481d6,217,135,17,65,0.07834101382488479,0.6221198156682027,0,0.0,67.0776
3517a8727c26,49,26,23,0,0.46938775510204084,0.5306122448979592,0,0.0,20.6421
3531763820dc,219,162,57,0,0.2602739726027397,0.7397260273972602,0,0.0,0.0
3533ae4b2d7f,159,120,39,0,0.24528301886792453,0.7547169811320755,13,11.6684,70.6833
35590689349e,218,157,36,25,0.1651376146788991,0.7201834862385321,1,1.2604,65.596
357bb7135ffd,201,151,50,0,0.24875621890547264,0.7512437810945274,6,7.2861,46.4172
35b2e442142f,173,119,24,30,0.13872832369942195,0.6878612716763006,3,6.6376,83.9661
35b3399925cc,238,174,50,4,0.21008403361344538,0.7310924369747899,8,11.4365,48.8144
35b597180049,205,165,32,8,0.15609756097560976,0.8048780487804879,14,6.0806,53.1204
35c7912e941c,35,22,10,3,0.2857142857142857,0.6285714285714286,3,3.4897,47.8653
35d511cc9aa8,177,147,29,1,0.1638418079096045,0.8305084745762712,1,3.5477,55.7693
35df658da1f7,199,144,55,0,0.27638190954773867,0.7236180904522613,23,14.946,76.9638
35e310aa5194,85,46,13,26,0.15294117647058825,0.5411764705882353,4,8.4442,67.421
35e8dd323072,179,128,50,1,0.27932960893854747,0.7150837988826816,0,0.0,0.0
35e9245ad465,86,55,31,0,0.36046511627906974,0.6395348837209303,0,0.0,0.0
35f629e35939,198,147,43,8,0.21717171717171718,0.7424242424242424,12,8.2764,58.9935
3600b9f39385,239,171,47,21,0.19665271966527198,0.7154811715481172,3,1.973,68.4799
3605ec5ecd6c,177,118,43,16,0.24293785310734464,0.6666666666666666,17,8.4351,65.4755
360b8957b3c4,164,113,36,15,0.21951219512195122,0.6890243902439024,19,13.5468,85.7086
361e1ffe1964,102,71,31,0,0.30392156862745096,0.696078431372549,14,8.8501,62.6358
3625e6a2deae,210,165,43,2,0.20476190476190476,0.7857142857142857,18,13.6246,68.3319
362766cafc41,107,74,33,0,0.308411214953271,0.6915887850467289,7,12.7289,55.8319
363cd7b84bf8,130,95,35,0,0.2692307692307692,0.7307692307692307,0,0.0,0.0
365966c438c3,178,113,22,43,0.12359550561797752,0.6348314606741573,1,1.7502,72.963
3659fd7b7207,246,182,64,0,0.2601626016260163,0.7398373983739838,3,10.2051,64.6164
365b34d59b01,229,174,23,32,0.10043668122270742,0.759825327510917,6,10.3073,66.5161
366cff575902,248,180,45,23,0.1814516129032258,0.7258064516129032,10,7.5775,87.3672
367107929408,195,138,53,4,0.2717948717948718,0.7076923076923077,25,10.9406,74.556
367f122e80bc,103,73,29,1,0.2815533980582524,0.7087378640776699,7,7.5714,66.1362
369a3711e3d3,187,144,43,0,0.22994652406417113,0.7700534759358288,8,7.7271,42.9291
36b09d17def1,38,24,14,0,0.3684210526315789,0.631578947368421,7,4.2511,44.31
36b55596d75c,216,162,54,0,0.25,0.75,26,13.1195,70.7275
36b63b6aac63,249,188,61,0,0.24497991967871485,0.7550200803212851,13,4.1977,50.444
36b7bc1afe9d,179,131,48,0,0.2681564245810056,0.7318435754189944,8,8.3435,57.431
36c8f9a16788,94,72,22,0,0.23404255319148937,0.7659574468085106,8,5.806,55.2414
36dd11dbc0ab,121,92,29,0,0.2396694214876033,0.7603305785123967,6,10.228,34.8419
36e1858ce946,139,89,50,0,0.3597122302158273,0.6402877697841727,8,20.0623,65.9042
36eeee47a868,82,57,25,0,0.3048780487804878,0.6951219512195121,10,14.7842,89.1174
37355e29029b,195,147,48,0,0.24615384615384617,0.7538461538461538,8,14.4302,54.9606
373c3e3962c8,156,121,35,0,0.22435897435897437,0.7756410256410257,29,16.6382,92.3935
374d5401159d,223,144,79,0,0.3542600896860987,0.6457399103139013,0,0.0,0.0
3752b697cae9,278,218,59,0,0.21223021582733814,0.7841726618705036,14,8.8837,77.0721
3754b01d3ce8,294,204,66,22,0.22448979591836735,0.6938775510204082,23,19.2673,94.3329
375771fed439,226,179,47,0,0.2079646017699115,0.7920353982300885,5,3.8864,55.3375
375b2c950132,151,112,39,0,0.2582781456953642,0.7417218543046358,17,4.8203,48.6099
3768074389f4,63,40,23,0,0.36507936507936506,0.6349206349206349,3,7.0602,36.6196
376a68a1f723,161,116,38,7,0.2360248447204969,0.7204968944099379,2,5.8151,51.1276
376ef68c69c0,233,191,42,0,0.18025751072961374,0.8197424892703863,12,14.2456,63.1027
3772be22ed57,169,132,37,0,0.21893491124260356,0.7810650887573964,13,15.8646,78.1021
378e5f9c174b,135,93,41,0,0.3037037037037037,0.6888888888888889,9,15.5914,64.3204
3795ba90ba43,199,152,29,18,0.1457286432160804,0.7638190954773869,8,6.72,72.0901
37a8139578e3,121,102,17,2,0.14049586776859505,0.8429752066115702,0,0.0,0.0
37aba3bbad70,228,171,57,0,0.25,0.75,0,0.0,0.0
37b66efe115f,136,95,25,16,0.18382352941176472,0.6985294117647058,5,12.2696,62.7335
37cbb00ca8f2,118,73,44,0,0.3728813559322034,0.6186440677966102,8,10.9924,75.4211
37d3511b61cf,146,93,53,0,0.363013698630137,0.636986301369863,0,0.0,0.0
37e79d004dc1,226,151,74,0,0.3274336283185841,0.668141592920354,15,10.611,63.652
37f2d6ab184a,79,58,21,0,0.26582278481012656,0.7341772151898734,0,0.0,0.0
381d70c821fc,204,161,43,0,0.2107843137254902,0.7892156862745098,9,9.9823,55.304
3822f7eb7af4,252,196,55,1,0.21825396825396826,0.7777777777777778,34,19.9173,84.108
382ddc25ec20,156,119,36,1,0.23076923076923078,0.7628205128205128,14,13.8229,68.75
383832c3a141,96,59,36,1,0.375,0.6145833333333334,17,12.8235,62.3108
3848fce177d0,226,142,63,21,0.27876106194690264,0.6283185840707964,7,9.6588,64.624
3858dedc8e09,119,89,30,0,0.25210084033613445,0.7478991596638656,12,6.424,48.0331
389758c9e3aa,221,182,39,0,0.17647058823529413,0.8235294117647058,8,9.0744,64.328
389853c7149f,194,108,24,62,0.12371134020618557,0.5567010309278351,0,0.0,77.2507
389a3fcfddfb,25,17,8,0,0.32,0.68,0,0.0,0.0961
38a49c3566f3,203,150,53,0,0.26108374384236455,0.7389162561576355,0,0.0,0.0
38abe3550726,219,166,49,4,0.2237442922374429,0.7579908675799086,1,1.3138,35.2905
38b05b6f866c,171,109,22,40,0.1286549707602339,0.6374269005847953,3,6.1066,59.1705
38b57271d9d5,231,168,63,0,0.2727272727272727,0.7272727272727273,27,13.3194,75.2686
38be72b06e0e,425,323,100,2,0.23529411764705882,0.76,11,8.6777,70.8542
38c6319c2900,187,123,62,2,0.3315508021390374,0.6577540106951871,0,0.0,0.0
38c790605d56,148,87,61,0,0.41216216216216217,0.5878378378378378,5,7.225,63.5376
38d5fe1d5718,153,99,42,12,0.27450980392156865,0.6470588235294118,2,4.0314,50.7156
38da5a625694,126,92,22,12,0.1746031746031746,0.7301587301587301,4,5.5069,36.5295
38e5d191e771,143,95,29,19,0.20279720279720279,0.6643356643356644,2,9.3536,33.3252
38ef6c8f4020,221,143,62,16,0.28054298642533937,0.6470588235294118,0,0.0,0.0
38f32b275b2b,166,127,39,0,0.23493975903614459,0.7650602409638554,22,14.3341,89.6347
3901caec5d91,201,133,37,31,0.18407960199004975,0.6616915422885572,1,2.8793,48.2803
39026a5b4f74,184,138,39,7,0.21195652173913043,0.75,0,0.0,0.0
390b6c326276,141,105,36,0,0.2553191489361702,0.7446808510638298,10,12.1841,46.257
3916b0e11e20,243,193,50,0,0.205761316872428,0.7942386831275721,11,8.078,57.486
391ffc7ec4ee,200,146,44,10,0.22,0.73,0,0.0,0.0
3949bb0d5d65,344,234,98,12,0.28488372093023256,0.6802325581395349,7,5.7755,53.0167
3991d9343443,253,199,54,0,0.2134387351778656,0.7865612648221344,19,12.5916,56.1798
39aa993dd032,153,98,55,0,0.35947712418300654,0.6405228758169934,8,9.9625,44.6487
39b14d182b15,54,40,14,0,0.25925925925925924,0.7407407407407407,10,11.2854,51.8509
39eb89fcccf2,113,80,33,0,0.2920353982300885,0.7079646017699115,2,8.8211,83.3054
39f36065811d,128,3,125,0,0.9765625,0.0234375,56,35.675,27.5589
3a08f79c589a,52,34,18,0,0.34615384615384615,0.6538461538461539,2,2.7313,42.72
3a182bad75cc,157,113,36,8,0.22929936305732485,0.7197452229299363,2,2.6672,45.0027
3a2543c397bd,155,117,38,0,0.24516129032258063,0.7548387096774194,12,7.0145,64.0518
3a307aeade07,62,33,25,4,0.4032258064516129,0.532258064516129,3,7.2006,60.3195
3a4465af672c,230,176,47,7,0.20434782608695654,0.7652173913043478,9,9.697,64.1708
3a5a4b141bdc,123,86,37,0,0.3008130081300813,0.6991869918699187,13,13.9832,64.9384
3a6161c02efa,32,22,10,0,0.3125,0.6875,0,0.0,52.7512
3a76c8778511,163,122,41,0,0.25153374233128833,0.7484662576687117,2,6.6269,40.6448
3a787189b5d4,166,106,20,40,0.12048192771084337,0.6385542168674698,2,2.0782,49.8611
3a8216ba5ef2,241,128,28,85,0.11618257261410789,0.5311203319502075,3,4.3701,61.911
3a88831048e7,145,91,54,0,0.3724137931034483,0.6275862068965518,2,3.6331,20.0607
3a9d5791b0cc,189,141,47,1,0.24867724867724866,0.746031746031746,12,7.9208,67.4896
3aab40b14fab,267,192,57,18,0.21348314606741572,0.7191011235955056,6,8.3008,63.5117
3acfefa2f174,169,128,41,0,0.24260355029585798,0.757396449704142,12,9.8465,64.3066
3ad48056423f,138,95,29,12,0.21014492753623187,0.6884057971014492,6,8.2321,66.04
3ae9efed0835,125,68,16,41,0.128,0.544,0,0.0,48.1735
3aeefd7ef924,223,167,56,0,0.25112107623318386,0.7488789237668162,0,0.0,0.0
3af3acea1b27,190,146,44,0,0.23157894736842105,0.7684210526315789,14,15.9149,78.8345
3b1a389348b3,223,141,36,46,0.16143497757847533,0.6322869955156951,11,5.954,56.6254
3b23e245e4e9,189,126,63,0,0.3333333333333333,0.6666666666666666,34,17.6468,75.7187
3b2701288816,181,142,39,0,0.2154696132596685,0.7845303867403315,10,14.2487,61.1328
3b537df59920,161,83,24,54,0.14906832298136646,0.515527950310559,3,6.1905,44.3207
3b56a9aa8513,198,124,73,1,0.3686868686868687,0.6262626262626263,25,17.9581,79.5258
3b58fcd7537d,230,171,59,0,0.2565217391304348,0.7434782608695653,5,6.8207,63.4506
3b5b3a2cc026,140,106,30,4,0.21428571428571427,0.7571428571428571,0,0.0,0.0
3b60ca0ed4e7,145,110,35,0,0.2413793103448276,0.7586206896551724,0,0.0,0.0
3b67a134303b,195,136,59,0,0.30256410256410254,0.6974358974358974,0,0.0,0.0
3b7f094d2e4a,204,150,54,0,0.2647058823529412,0.7352941176470589,21,10.4782,76.8021
3b82f3a80bd8,252,183,68,1,0.2698412698412698,0.7261904761904762,16,12.8189,75.4395
3b89fac978a0,279,224,55,0,0.1971326164874552,0.8028673835125448,14,6.5308,71.9589
3b9c3ae2d2f1,207,154,53,0,0.2560386473429952,0.7439613526570048,8,5.4764,38.1393
3b9f1f0f05ca,144,107,31,6,0.2152777777777778,0.7430555555555556,8,16.0583,75.325
3babb9b35e40,171,108,42,21,0.24561403508771928,0.631578947368421,5,3.1601,56.0394
3bb8426f5536,206,158,44,4,0.21359223300970873,0.7669902912621359,30,14.2792,63.0753
3bdd92d91566,209,143,53,13,0.2535885167464115,0.6842105263157895,0,0.0,40.6677
3c01808e1ea1,103,80,20,3,0.1941747572815534,0.7766990291262136,2,5.0323,48.4589
3c0e4614fe9f,239,189,48,2,0.200836820083682,0.7907949790794979,9,12.2284,57.1091
3c2fbe79b388,225,173,52,0,0.2311111111111111,0.7688888888888888,21,12.5732,85.3287
3c3b1cae5538,161,121,40,0,0.2484472049689441,0.7515527950310559,4,4.9286,66.3742
3c4ae78a64e6,119,72,15,32,0.12605042016806722,0.6050420168067226,0,0.0,0.0
3c659b2837af,117,79,25,13,0.21367521367521367,0.6752136752136753,3,8.4778,54.3198
3c65a1c66c85,76,57,19,0,0.25,0.75,7,9.5856,58.5663
3c6610ef769e,120,79,33,8,0.275,0.6583333333333333,1,4.5807,62.8952
3c7975c16b2c,224,135,87,2,0.38839285714285715,0.6026785714285714,22,11.6196,71.8002
3c87d6e4b488,273,147,8,118,0.029304029304029304,0.5384615384615384,0,0.0,75.3815
3c8b636f1d0a,125,68,20,37,0.16,0.544,0,0.0,48.5138
3c978c3d50ee,229,173,56,0,0.2445414847161572,0.7554585152838428,0,0.0,0.0
3ca86b49aa2b,144,102,42,0,0.2916666666666667,0.7083333333333334,9,10.4141,42.157
3cb4631d3f2d,46,35,11,0,0.2391304347826087,0.7608695652173914,5,13.5666,57.3837
3cb832450f38,198,141,57,0,0.2878787878787879,0.7121212121212122,0,0.0,0.0
3d0fd9f2d004,159,119,40,0,0.25157232704402516,0.7484276729559748,3,2.832,54.5135
3d334ec1be05,154,115,39,0,0.2532467532467532,0.7467532467532467,0,0.0,0.0
3d3988b1b722,69,47,22,0,0.3188405797101449,0.6811594202898551,2,17.8741,81.3675
3d3de59a9cda,215,114,30,71,0.13953488372093023,0.5302325581395348,3,2.0462,56.9168
3d478da1e66b,171,126,45,0,0.2631578947368421,0.7368421052631579,11,10.8459,51.1459
3d4cb6729fd4,230,159,71,0,0.30869565217391304,0.691304347826087,8,9.6237,63.2477
3d4cd7d76ac3,177,139,38,0,0.21468926553672316,0.7853107344632768,27,18.1091,79.4815
3d4dfa23ca38,186,136,50,0,0.26881720430107525,0.7311827956989247,18,8.6166,52.6932
3d5b16b57612,181,136,45,0,0.24861878453038674,0.7513812154696132,0,0.0,0.0
3d7c76e3d110,48,31,17,0,0.3541666666666667,0.6458333333333334,0,0.0,0.0
3d8afdc0aaa8,171,106,60,5,0.3508771929824561,0.6198830409356725,5,10.141,57.2739
3d996f4f37fb,69,43,26,0,0.37681159420289856,0.6231884057971014,0,0.0,0.0
3da913b3f89e,131,86,45,0,0.3435114503816794,0.6564885496183206,15,20.7733,61.0443
3db32216102a,68,39,29,0,0.4264705882352941,0.5735294117647058,6,14.4531,69.342
3dedb469b518,61,38,23,0,0.3770491803278688,0.6229508196721312,13,11.9858,55.0247
3df9fd5c97b9,143,102,40,1,0.27972027972027974,0.7132867132867133,0,0.0,0.0
3e07800d6b2b,136,88,43,5,0.3161764705882353,0.6470588235294118,0,0.0,0.0
3e1160cd1ee5,165,131,31,3,0.18787878787878787,0.793939393939394,12,8.5144,64.5691
3e16a4a0816d,33,18,15,0,0.45454545454545453,0.5454545454545454,6,9.0439,54.5837
3e3d938e4279,27,20,6,1,0.2222222222222222,0.7407407407407407,5,3.598,43.5394
3e508c22af05,158,97,61,0,0.3860759493670886,0.6139240506329114,0,0.0,0.0
3e52207d9b9e,111,69,33,9,0.2972972972972973,0.6216216216216216,0,0.0,0.0
3e5bee4290a7,198,153,45,0,0.22727272727272727,0.7727272727272727,12,11.4243,65.2649
3e5fc2e7be26,172,130,42,0,0.2441860465116279,0.7558139534883721,4,4.7165,52.1179
3e6e4a8f49b1,130,85,45,0,0.34615384615384615,0.6538461538461539,0,0.0,0.0
3e6e9a534a8d,157,104,53,0,0.3375796178343949,0.6624203821656051,0,0.0,0.0
3e732d5a09c2,71,52,19,0,0.2676056338028169,0.7323943661971831,3,2.6779,36.3464
3e8bd1b2ba71,329,198,68,63,0.2066869300911854,0.601823708206687,9,17.9749,77.0279
3e96addcbf4c,213,124,34,55,0.1596244131455399,0.5821596244131455,9,9.3475,70.8038
3e98e7fe83eb,86,34,37,15,0.43023255813953487,0.3953488372093023,0,0.0,0.0
3ea2b7849d7c,144,102,42,0,0.2916666666666667,0.7083333333333334,19,13.6108,68.7973
3ea446fb35b1,223,172,51,0,0.22869955156950672,0.7713004484304933,16,10.6186,78.2394
3eadfdb7feb9,85,61,24,0,0.2823529411764706,0.7176470588235294,6,6.9321,71.106
3eb655797096,222,174,48,0,0.21621621621621623,0.7837837837837838,21,10.3348,62.677
3ecd13e82ee7,206,122,28,56,0.13592233009708737,0.5922330097087378,0,0.0,40.0665
3ed6a37e2e5a,217,173,43,1,0.19815668202764977,0.7972350230414746,17,13.5178,91.2521
3edccb2b905b,186,140,46,0,0.24731182795698925,0.7526881720430108,0,0.0,0.0
3ee16cef000a,210,164,45,1,0.21428571428571427,0.780952380952381,4,8.8913,59.1553
3ee71993acdc,106,80,26,0,0.24528301886792453,0.7547169811320755,7,6.16,59.7717
3ee83e295ae1,235,178,49,8,0.20851063829787234,0.7574468085106383,18,17.7536,68.956
3eee912c7dab,41,30,11,0,0.2682926829268293,0.7317073170731707,0,0.0,10.5438
3ef789f8caa7,166,128,36,2,0.21686746987951808,0.7710843373493976,12,9.1919,65.184
3f09402aa669,181,133,48,0,0.26519337016574585,0.7348066298342542,0,0.0,40.2924
3f0c4e9f8fb3,85,60,25,0,0.29411764705882354,0.7058823529411765,11,7.0984,43.222
3f1932eefb6d,110,87,23,0,0.20909090909090908,0.7909090909090909,9,8.1772,61.9522
3f1eb8236e85,94,65,29,0,0.30851063829787234,0.6914893617021277,16,11.7645,66.4444
3f232e619560,48,37,10,1,0.20833333333333334,0.7708333333333334,6,11.1496,80.7327
3f3aba7575fc,132,104,27,1,0.20454545454545456,0.7878787878787878,12,11.9339,68.8034
3f3ea480b6f8,182,142,40,0,0.21978021978021978,0.7802197802197802,12,12.4939,73.3871
3f3f6a1f515c,155,115,35,5,0.22580645161290322,0.7419354838709677,16,6.9641,80.9265
3f5ace05ae2e,194,126,59,9,0.30412371134020616,0.6494845360824743,4,6.1737,42.5232
3f5bab6cda24,217,160,24,33,0.11059907834101383,0.7373271889400922,1,8.9432,68.1992
3f7aa0cadbf0,149,117,32,0,0.21476510067114093,0.785234899328859,15,11.7096,71.0739
3fa1e5427fd3,229,127,36,66,0.1572052401746725,0.5545851528384279,5,8.7753,70.8984
3faad4959dbc,158,101,52,5,0.3291139240506329,0.6392405063291139,0,0.0,0.0
3fbe2ab4f195,153,76,34,43,0.2222222222222222,0.49673202614379086,1,2.8183,46.0831
3ff30b9406f4,194,128,66,0,0.3402061855670103,0.6597938144329897,0,0.0,0.0
3ffc71741497,192,140,52,0,0.2708333333333333,0.7291666666666666,7,3.1799,39.5493
402fa51bb615,141,96,45,0,0.3191489361702128,0.6808510638297872,7,11.9278,62.5198
4035885f764d,233,164,53,16,0.22746781115879827,0.703862660944206,0,0.0,0.0
403b430abd71,248,183,61,4,0.24596774193548387,0.7379032258064516,0,0.0,0.0
40518fec8d20,159,122,37,0,0.23270440251572327,0.7672955974842768,1,2.0325,59.5367
4056ca62c737,194,140,41,13,0.211340206185567,0.7216494845360825,7,8.5281,63.3377
4059e344d07a,286,175,53,57,0.1853146853146853,0.6118881118881119,16,11.5768,66.9159
4096244b63ae,260,193,65,2,0.25,0.7423076923076923,19,12.3474,53.4988
409d6815cecd,216,154,56,6,0.25925925925925924,0.7129629629629629,2,8.1848,71.2982
40a7138f52ba,239,155,50,34,0.20920502092050208,0.6485355648535565,7,8.2764,61.3983
40b2f1392288,143,104,39,0,0.2727272727272727,0.7272727272727273,8,10.8856,64.827
40be6eabc1be,257,170,87,0,0.33852140077821014,0.6614785992217899,0,0.0,0.0
40d6e4442b79,96,60,14,22,0.14583333333333334,0.625,0,0.0,49.6094
40d72d6f5f5d,83,58,25,0,0.30120481927710846,0.6987951807228916,9,7.7301,55.9067
40d8910aae26,146,83,31,32,0.21232876712328766,0.5684931506849316,0,0.0,0.0
40f53e192b5e,66,49,17,0,0.25757575757575757,0.7424242424242424,4,13.298,61.4578
4166b08dab85,178,129,49,0,0.2752808988764045,0.7247191011235955,13,16.1606,49.1623
4170f061044a,172,117,55,0,0.31976744186046513,0.6802325581395349,0,0.0,0.0
41785d751326,147,104,43,0,0.2925170068027211,0.7074829931972789,0,0.0,0.0
41890d6114a8,86,52,25,9,0.29069767441860467,0.6046511627906976,0,0.0,0.0
418aa1d085fe,163,123,40,0,0.24539877300613497,0.754601226993865,0,0.0,0.0
418e1cef9d16,112,80,32,0,0.2857142857142857,0.7142857142857143,8,11.6348,69.0338
41a057757b05,172,124,48,0,0.27906976744186046,0.7209302325581395,0,0.0,0.0
41cb4989ff5f,30,18,12,0,0.4,0.6,0,0.0,10.5057
41d7b7080bd5,150,91,23,36,0.15333333333333332,0.6066666666666667,0,0.0,58.3359
41da5a69cd94,233,153,48,32,0.20600858369098712,0.6566523605150214,8,8.9661,73.1033
41eabdf6d7f3,171,124,47,0,0.27485380116959063,0.7251461988304093,12,10.7971,80.3482
4203ec2a8c71,159,106,53,0,0.3333333333333333,0.6666666666666666,0,0.0,0.0
42045280ad96,159,88,11,60,0.06918238993710692,0.5534591194968553,1,1.4359,72.2092
421f3a986df6,67,47,20,0,0.29850746268656714,0.7014925373134329,3,10.6628,73.2864
424695a28868,76,57,19,0,0.25,0.75,6,6.5536,50.9903
42482ed25f90,206,153,41,12,0.19902912621359223,0.7427184466019418,11,8.5709,37.6572
425d3b83fe47,205,145,60,0,0.2926829268292683,0.7073170731707317,0,0.0,50.6317
4271f838ba2f,309,236,73,0,0.23624595469255663,0.7637540453074434,26,14.7003,96.5225
4274afab5a0d,235,181,54,0,0.2297872340425532,0.7702127659574468,26,11.6074,67.1005
427f804eef0c,79,57,22,0,0.27848101265822783,0.7215189873417721,0,0.0,0.0
428f0c9a110c,175,119,42,14,0.24,0.68,12,8.4259,64.5752
42bdc13df1e2,123,94,29,0,0.23577235772357724,0.7642276422764228,0,0.0,82.4722
42c0d2324381,263,198,57,8,0.21673003802281368,0.752851711026616,9,14.8499,80.3513
42c97dfa8a8d,176,127,49,0,0.2784090909090909,0.7215909090909091,2,9.0897,78.0396
42cb31b9fc4d,288,210,78,0,0.2708333333333333,0.7291666666666666,3,9.1766,60.3378
42cb627feece,117,87,30,0,0.2564102564102564,0.7435897435897436,0,0.0,0.0
430d7fb12afa,166,124,42,0,0.25301204819277107,0.7469879518072289,10,11.7844,71.3531
431054766be0,164,115,42,7,0.25609756097560976,0.7012195121951219,10,12.4298,78.6331
43111f9c3a9a,187,122,35,30,0.18716577540106952,0.6524064171122995,7,15.0101,58.9203
4318a5e57728,248,205,43,0,0.17338709677419356,0.8266129032258065,2,1.9485,44.3283
43276423852d,201,140,42,16,0.208955223880597,0.6965174129353234,7,10.0571,57.1518
432abc4bb7e9,129,89,40,0,0.31007751937984496,0.689922480620155,2,14.0823,64.4592
433a1eea85c4,100,72,28,0,0.28,0.72,0,0.0,0.0
4351d8299a77,229,157,69,3,0.30131004366812225,0.6855895196506551,0,0.0,0.0
435661930d09,121,88,29,4,0.2396694214876033,0.7272727272727273,0,0.0,0.0
435f5526bfee,190,148,41,1,0.21578947368421053,0.7789473684210526,16,11.0397,75.7065
436b91d1faa3,188,148,37,3,0.19680851063829788,0.7872340425531915,7,11.882,60.9406
436fe677570d,107,76,30,1,0.2803738317757009,0.7102803738317757,0,0.0,0.0
436fff2e0e75,217,153,51,13,0.2350230414746544,0.7050691244239631,10,3.7109,51.8066
4393d46b83d4,223,166,54,3,0.242152466367713,0.7443946188340808,0,0.0,0.0
439d66d2d3cb,195,151,34,10,0.17435897435897435,0.7743589743589744,6,6.1584,68.161
43b6a97c91c4,56,36,20,0,0.35714285714285715,0.6428571428571429,0,0.0,21.196
43c2e485e4b5,140,80,26,34,0.18571428571428572,0.5714285714285714,1,1.1032,46.8323
43dd1d762afa,130,50,20,60,0.15384615384615385,0.38461538461538464,1,2.2018,66.5726
43f1934ed582,116,72,16,28,0.13793103448275862,0.6206896551724138,0,0.0,9.2056
43f7943591b6,72,46,26,0,0.3611111111111111,0.6388888888888888,0,0.0,0.0
43fb03bd110f,193,143,39,11,0.20207253886010362,0.7409326424870466,0,0.0,86.9415
441265c6b459,187,147,40,0,0.21390374331550802,0.786096256684492,12,12.1613,65.8035
441b527337da,164,112,48,4,0.2926829268292683,0.6829268292682927,6,8.7646,70.4651
44350cd9c0b4,161,118,43,0,0.2670807453416149,0.7329192546583851,0,0.0,0.0
4444987df780,228,184,27,17,0.11842105263157894,0.8070175438596491,3,4.6204,46.1731
446664c5c154,131,86,17,28,0.1297709923664122,0.6564885496183206,4,2.4857,63.6322
4466722a9c57,223,161,51,11,0.22869955156950672,0.7219730941704036,11,13.121,60.2127
447ceabf87de,179,136,39,4,0.21787709497206703,0.7597765363128491,12,14.8239,55.1971
44a0e59d540e,98,71,27,0,0.2755102040816326,0.7244897959183674,16,16.362,87.3245
44a18e239f83,73,52,21,0,0.2876712328767123,0.7123287671232876,9,15.6708,62.6541
44bd92639cb3,165,135,29,1,0.17575757575757575,0.8181818181818182,5,5.6824,92.4225
44dc73a9af8c,245,171,74,0,0.3020408163265306,0.6979591836734694,2,7.3868,60.0967
44f155535357,231,151,30,50,0.12987012987012986,0.6536796536796536,1,3.3585,68.5715
44f20df33112,144,120,18,6,0.125,0.8333333333333334,9,8.7799,67.7139
44fe9866a8fb,132,90,35,7,0.26515151515151514,0.6818181818181818,5,5.0781,44.2719
4502c2c9c9c1,24,17,7,0,0.2916666666666667,0.7083333333333334,0,0.0,0.0
450f03b3f86c,177,130,47,0,0.2655367231638418,0.7344632768361582,33,18.4601,92.4026
4517c109e23c,191,133,52,6,0.27225130890052357,0.6963350785340314,0,0.0,14.5432
451b173c2c31,215,153,60,2,0.27906976744186046,0.7116279069767442,0,0.0,8.6578
4520cef8cba7,211,144,66,1,0.3127962085308057,0.6824644549763034,13,8.4473,62.3566
4529b5561661,127,100,25,2,0.1968503937007874,0.7874015748031497,5,9.1583,70.6726
452eca104841,152,96,22,34,0.14473684210526316,0.631578947368421,3,5.5374,67.6102
45536830c0c4,209,171,29,9,0.13875598086124402,0.8181818181818182,6,7.9651,68.3884
4556ea2541ab,196,140,54,2,0.2755102040816326,0.7142857142857143,1,1.9836,32.8156
45910500e405,215,165,50,0,0.23255813953488372,0.7674418604651163,7,9.3704,61.1267
4599ff734c6e,140,111,29,0,0.20714285714285716,0.7928571428571428,0,0.0,0.0
45b107368018,104,70,34,0,0.3269230769230769,0.6730769230769231,3,3.5553,43.2953
45b722a9c968,268,208,50,10,0.1865671641791045,0.7761194029850746,0,0.0,27.4124
45b99a45cfda,164,129,34,1,0.2073170731707317,0.7865853658536586,0,0.0,74.4431
45bc46a31180,240,191,46,3,0.19166666666666668,0.7958333333333333,26,16.4398,76.5686
45d0ddf0aeb9,88,66,22,0,0.25,0.75,2,6.3309,43.9423
45e58b0ddd95,104,64,39,1,0.375,0.6153846153846154,5,3.6255,35.5209
45e754f2ea20,60,39,21,0,0.35,0.65,2,3.1677,38.1607
4600b8e6025b,163,125,38,0,0.2331288343558282,0.7668711656441718,17,9.5993,80.5603
4607eab3c100,60,45,15,0,0.25,0.75,0,0.0,0.0
46139ecde6bc,188,146,42,0,0.22340425531914893,0.776595744680851,11,8.9783,71.8872
4621bcbbece5,138,103,35,0,0.2536231884057971,0.7463768115942029,3,10.7193,53.6728
462839866ad2,134,102,32,0,0.23880597014925373,0.7611940298507462,15,13.15,72.1634
462d4231224f,186,150,33,3,0.1774193548387097,0.8064516129032258,2,4.6097,62.059
4639b28cdc12,254,194,59,0,0.23228346456692914,0.7637795275590551,18,17.8635,81.604
463b0017e84c,110,71,39,0,0.35454545454545455,0.6454545454545455,0,0.0,0.0
4648da3952ca,163,128,34,1,0.2085889570552147,0.7852760736196319,24,8.5266,79.8996
464d35ac0644,184,142,42,0,0.22826086956521738,0.7717391304347826,21,14.7659,58.1833
464f8dbd8b90,239,159,37,43,0.15481171548117154,0.6652719665271967,2,1.915,50.8606
466a84e8d138,62,40,22,0,0.3548387096774194,0.6451612903225806,0,0.0,21.1426
4674372bd1be,114,77,37,0,0.32456140350877194,0.6754385964912281,24,12.5916,78.8376
46746de2fa12,370,277,93,0,0.25135135135135134,0.7486486486486487,9,12.9532,61.0901
467e6dae0cb2,52,37,15,0,0.28846153846153844,0.7115384615384616,8,15.683,93.3441
467f8386fb72,134,94,36,4,0.26865671641791045,0.7014925373134329,0,0.0,0.0
4695453e7447,194,139,28,27,0.14432989690721648,0.7164948453608248,13,13.475,85.3561
46ba7e08ffab,160,106,54,0,0.3375,0.6625,12,10.1685,86.1313
46d067b212c4,119,82,37,0,0.31092436974789917,0.6890756302521008,4,6.8497,45.6543
46de8984e737,267,207,55,5,0.20599250936329588,0.7752808988764045,8,8.6609,43.9636
46f1c6a77e6d,99,73,18,8,0.18181818181818182,0.7373737373737373,0,0.0,0.0
46f767c8c766,203,141,60,2,0.2955665024630542,0.6945812807881774,0,0.0,0.0
470af261bcc4,211,145,66,0,0.3127962085308057,0.6872037914691943,20,13.7436,85.5637
4721d191d9f8,215,161,54,0,0.25116279069767444,0.7488372093023256,22,20.5505,94.7601
473af71fb330,160,125,35,0,0.21875,0.78125,9,6.8146,57.5241
4747cb458c0e,81,59,22,0,0.2716049382716049,0.7283950617283951,4,10.0479,43.0496
474f496f367f,188,147,41,0,0.21808510638297873,0.7819148936170213,4,2.7069,61.8011
4758f0c0f3fb,272,176,48,48,0.17647058823529413,0.6470588235294118,4,3.3051,83.316
476f0dfb144a,68,38,29,1,0.4264705882352941,0.5588235294117647,0,0.0,28.6407
47791bc4ed9a,251,139,20,92,0.0796812749003984,0.5537848605577689,0,0.0,43.2312
478261713d53,76,57,19,0,0.25,0.75,6,14.3036,51.9608
479200a381fe,138,103,35,0,0.2536231884057971,0.7463768115942029,5,5.0232,56.366
479c67e60b43,218,173,42,3,0.1926605504587156,0.7935779816513762,17,15.8859,82.1243
479e2541da74,197,136,58,0,0.29441624365482233,0.6903553299492385,18,8.9798,63.4903
47d2d79be7e6,103,81,22,0,0.21359223300970873,0.7864077669902912,3,13.7268,88.6032
47de9353032a,225,156,69,0,0.30666666666666664,0.6933333333333334,0,0.0,0.0
47ebeac86bb4,145,93,16,36,0.1103448275862069,0.6413793103448275,0,0.0,55.4825
47f34de87395,154,118,32,4,0.2077922077922078,0.7662337662337663,13,9.2926,55.4153
47f750f4872b,175,129,46,0,0.26285714285714284,0.7371428571428571,16,15.831,82.8552
4800ba489b63,192,146,46,0,0.23958333333333334,0.7604166666666666,20,14.6225,82.3944
480dc522c58d,144,110,28,6,0.19444444444444445,0.7638888888888888,4,15.0482,85.1776
48176351db9e,114,80,34,0,0.2982456140350877,0.7017543859649122,0,0.0,0.0
48440a60d18a,34,14,0,20,0.0,0.4117647058823529,0,0.0,41.3879
4848dd56a8f4,136,113,23,0,0.16911764705882354,0.8308823529411765,0,0.0,69.78
4859aea02180,262,207,55,0,0.2099236641221374,0.7900763358778626,24,14.4165,75.2365
4867b2a03024,92,62,30,0,0.32608695652173914,0.6739130434782609,4,8.0551,46.1441
487ca72fd110,169,119,43,6,0.25443786982248523,0.7041420118343196,4,9.9289,65.0421
487dd5dc98d2,253,204,49,0,0.19367588932806323,0.8063241106719368,17,13.2324,76.3016
48896f2b866e,170,126,35,9,0.20588235294117646,0.7411764705882353,8,6.1554,74.5941
4889d1102ccc,36,10,2,24,0.05555555555555555,0.2777777777777778,1,4.3747,56.2546
48978e6f6ae7,67,34,33,0,0.4925373134328358,0.5074626865671642,7,7.5531,47.4152
48a55edac048,181,125,16,40,0.08839779005524862,0.6906077348066298,0,0.0,0.0
48ace73483c3,205,158,47,0,0.22926829268292684,0.7707317073170732,2,1.4404,31.4224
48b90b806560,89,62,27,0,0.30337078651685395,0.6966292134831461,0,0.0,0.0
48df3ca910d3,109,71,38,0,0.3486238532110092,0.6513761467889908,13,13.266,74.6948
490417dca347,175,116,27,32,0.15428571428571428,0.6628571428571428,0,0.0,0.0
49133c1015b7,158,124,34,0,0.21518987341772153,0.7848101265822784,8,17.189,51.4771
492bf65046ad,232,170,62,0,0.2672413793103448,0.7327586206896551,0,0.0,0.0
494a1bf06ff0,181,138,43,0,0.23756906077348067,0.7624309392265194,0,0.0,0.0
495141a4b5d6,217,173,44,0,0.20276497695852536,0.7972350230414746,6,13.475,75.1633
4953f5a81304,228,165,63,0,0.27631578947368424,0.7236842105263158,16,13.7527,62.6755
4968e5f9e8c2,124,92,32,0,0.25806451612903225,0.7419354838709677,0,0.0,0.0
49764620319a,185,129,29,27,0.15675675675675677,0.6972972972972973,3,4.7592,50.9506
497813868ecc,108,76,32,0,0.2962962962962963,0.7037037037037037,6,14.9963,67.0197
497cc4009e9a,233,174,57,2,0.2446351931330472,0.7467811158798283,0,0.0,0.0
497e1c975564,208,161,47,0,0.22596153846153846,0.7740384615384616,10,8.4534,67.6071
498406f8f2e0,223,172,28,23,0.12556053811659193,0.7713004484304933,0,0.0,0.0
4989c79e165c,183,129,54,0,0.29508196721311475,0.7049180327868853,6,9.3918,63.8916
4996dee45b98,75,50,25,0,0.3333333333333333,0.6666666666666666,0,0.0,0.0
49a0c86e2a38,126,92,34,0,0.2698412698412698,0.7301587301587301,0,0.0,0.0
49a2ed9b6af2,40,28,12,0,0.3,0.7,8,12.6801,91.1758
49adfe9cc766,168,138,30,0,0.17857142857142858,0.8214285714285714,10,10.498,66.2109
49b4a94bd361,121,92,20,9,0.1652892561983471,0.7603305785123967,1,1.6632,73.2254
49cf4320931e,166,121,45,0,0.2710843373493976,0.7289156626506024,11,7.4432,65.5914
49db2dc6d2b8,118,82,23,13,0.19491525423728814,0.6949152542372882,1,5.481,61.0794
49db41e32936,175,118,34,23,0.19428571428571428,0.6742857142857143,0,0.0,0.0
49f730814453,152,101,51,0,0.3355263157894737,0.6644736842105263,0,0.0,0.0
4a17b334e64a,232,150,76,6,0.3275862068965517,0.646551724137931,8,12.085,68.7912
4a2aec11bc2d,146,102,42,2,0.2876712328767123,0.6986301369863014,0,0.0,0.0
4a3e6e77b42a,239,118,46,75,0.19246861924686193,0.49372384937238495,14,12.0453,69.1269
4a40f41b4f18,135,103,32,0,0.23703703703703705,0.762962962962963,8,9.5947,73.6832
4a445aac57bd,158,116,36,6,0.22784810126582278,0.7341772151898734,15,9.3475,75.9735
4a617782fe5e,194,156,38,0,0.1958762886597938,0.8041237113402062,13,15.9363,76.7868
4a7a70d00251,234,172,35,27,0.14957264957264957,0.7350427350427351,0,0.0,0.0
4aac539cdb13,189,127,61,1,0.32275132275132273,0.671957671957672,0,0.0,0.0
4aae2215d4d4,153,123,30,0,0.19607843137254902,0.803921568627451,17,10.849,66.8762
4ab8281e038c,121,84,37,0,0.30578512396694213,0.6942148760330579,5,4.3823,62.5748
4abd945d8f46,242,126,15,101,0.06198347107438017,0.5206611570247934,0,0.0,35.2234
4abf4f8b4b77,175,134,38,3,0.21714285714285714,0.7657142857142857,0,0.0,27.4155
4ada62a4e80e,171,125,42,4,0.24561403508771928,0.7309941520467836,0,0.0,0.0
4b0ef01c012a,42,27,15,0,0.35714285714285715,0.6428571428571429,1,1.2863,89.3539
4b2af68b112c,194,147,47,0,0.2422680412371134,0.7577319587628866,17,9.8434,68.7302
4b3f9fe89534,253,171,50,32,0.1976284584980237,0.6758893280632411,22,13.5666,73.2498
4b6bda9f84d5,157,115,42,0,0.267515923566879,0.732484076433121,7,8.1818,48.8556
4b6ed79396ad,197,158,39,0,0.19796954314720813,0.8020304568527918,14,15.0314,64.1464
4b7e051415b1,194,134,47,13,0.2422680412371134,0.6907216494845361,20,15.3244,67.2501
4b9636cb1e3f,185,137,48,0,0.2594594594594595,0.7405405405405405,0,0.0,0.0
4b992f28f2ad,203,146,57,0,0.28078817733990147,0.7192118226600985,0,0.0,0.0
4b9990a038b7,60,41,19,0,0.31666666666666665,0.6833333333333333,0,0.0,0.0
4ba2c9a9103b,221,169,52,0,0.23529411764705882,0.7647058823529411,0,0.0,0.0
4ba91dfdc9e3,199,166,33,0,0.1658291457286432,0.8341708542713567,14,7.3959,58.7723
4bb4bbbd6dec,295,227,65,3,0.22033898305084745,0.7694915254237288,10,5.0476,44.313
4bc5aa61ba3f,155,108,47,0,0.3032258064516129,0.6967741935483871,7,9.7672,52.7725
4bd5c18dcdfe,153,116,37,0,0.24183006535947713,0.7581699346405228,3,6.8024,35.5179
4be06d7d1bc7,137,90,47,0,0.34306569343065696,0.656934306569343,20,11.6028,53.0273
4be68ecd2fdb,128,98,30,0,0.234375,0.765625,10,10.2692,61.1023
4bf5a250183e,243,166,66,11,0.2716049382716049,0.6831275720164609,0,0.0,0.0
4c25d8ba4a2e,153,116,31,6,0.20261437908496732,0.7581699346405228,0,0.0,28.5492
4c2b7a2554d5,182,140,35,7,0.19230769230769232,0.7692307692307693,4,5.0659,71.7697
4c4c624b8db2,135,96,31,8,0.22962962962962963,0.7111111111111111,9,12.4802,61.1389
4c52ceaed5d1,218,158,57,3,0.26146788990825687,0.7247706422018348,22,13.7268,71.3074
4c547c4817c0,207,144,63,0,0.30434782608695654,0.6956521739130435,13,9.1217,82.2968
4c6a0e8134ae,166,128,38,0,0.2289156626506024,0.7710843373493976,3,8.5449,53.8605
4c72ab6a23ce,87,48,13,26,0.14942528735632185,0.5517241379310345,4,5.9143,47.8531
4c7318b58b1d,45,25,12,8,0.26666666666666666,0.5555555555555556,7,14.9445,57.3792
4c7ab20052bb,152,121,31,0,0.20394736842105263,0.7960526315789473,16,20.1065,92.0258
4c9894ef150c,125,91,34,0,0.272,0.728,2,2.1713,31.0852
4c9cb3b8e0f1,30,14,16,0,0.5333333333333333,0.4666666666666667,2,8.1482,45.6497
4ca21d08bb5a,133,105,28,0,0.21052631578947367,0.7894736842105263,0,0.0,0.0
4cb2407fb053,184,115,27,42,0.14673913043478262,0.625,1,1.004,62.7426
4cc1691f988c,277,223,54,0,0.19494584837545126,0.8050541516245487,13,6.8283,70.7565
4ccf0ed8147b,125,88,37,0,0.296,0.704,0,0.0,0.0
4ce70385b1b2,270,193,76,1,0.2814814814814815,0.7148148148148148,0,0.0,0.0
4cf118a34313,191,140,44,7,0.23036649214659685,0.7329842931937173,9,5.4291,64.4363
4cf55b23a96f,55,36,19,0,0.34545454545454546,0.6545454545454545,1,8.0429,48.9685
4d13e4678b69,177,140,37,0,0.20903954802259886,0.7909604519774012,14,11.5509,72.9095
4d1dc7014379,131,71,50,10,0.3816793893129771,0.5419847328244275,0,0.0,0.0
4d30d4e5e4ad,198,135,63,0,0.3181818181818182,0.6818181818181818,16,8.8593,49.4461
4d37cd687a4b,166,105,61,0,0.3674698795180723,0.6325301204819277,15,14.3387,77.3758
4d3882bcb3cf,204,149,55,0,0.2696078431372549,0.7303921568627451,0,0.0,0.0
4d4b6d9c4e2f,143,101,42,0,0.2937062937062937,0.7062937062937062,0,0.0,0.0
4d65e71e1e95,138,100,30,8,0.21739130434782608,0.7246376811594203,0,0.0,52.9709
4d6ba6a91775,73,52,21,0,0.2876712328767123,0.7123287671232876,5,17.2379,70.0226
4d729d269ecb,236,173,63,0,0.2669491525423729,0.7330508474576272,3,5.3619,42.2226
4d803d599e3a,152,108,44,0,0.2894736842105263,0.7105263157894737,14,10.4446,60.9146
4d8fea743c61,130,90,39,1,0.3,0.6923076923076923,2,7.6614,57.1915
4d929aa6fe44,110,79,31,0,0.2818181818181818,0.7181818181818181,10,8.4259,69.2825
4d9f14a6dab9,180,133,47,0,0.2611111111111111,0.7388888888888889,11,14.5599,58.3664
4da76442dc54,236,145,52,39,0.22033898305084745,0.614406779661017,1,8.3862,53.1799
4db9a5906b55,67,48,19,0,0.2835820895522388,0.7164179104477612,3,5.4169,61.6364
4dc731d30fb8,37,27,9,1,0.24324324324324326,0.7297297297297297,0,0.0,0.0
4dcd3e9109bd,279,213,66,0,0.23655913978494625,0.7634408602150538,24,10.318,60.2325
4dee4ae085e3,71,49,21,1,0.29577464788732394,0.6901408450704225,9,18.2144,63.1073
4df489a9cfb4,192,145,47,0,0.24479166666666666,0.7552083333333334,10,6.0669,68.8995
4e11f7a0a262,148,100,45,3,0.30405405405405406,0.6756756756756757,8,9.7397,41.5771
4e1247214b51,167,108,38,21,0.2275449101796407,0.6467065868263473,8,9.0424,59.7641
4e4ce0014805,228,166,62,0,0.2719298245614035,0.7280701754385965,18,13.0157,83.9432
4e5805c11755,158,112,44,2,0.27848101265822783,0.7088607594936709,8,17.8009,76.5533
4e5c75b501c3,189,135,54,0,0.2857142857142857,0.7142857142857143,24,18.0115,79.4052
4e60bebc14d0,35,24,11,0,0.3142857142857143,0.6857142857142857,0,0.0,19.0521
4e80b5738f59,190,137,51,2,0.26842105263157895,0.7210526315789474,0,0.0,0.0
4e8d7f8d4038,212,165,47,0,0.22169811320754718,0.7783018867924528,21,14.621,70.1782
4e95048eb0c0,114,74,20,20,0.17543859649122806,0.6491228070175439,4,7.6035,69.3787
4e978306ab32,110,33,77,0,0.7,0.3,0,0.0,0.0
4ebbb0e1da2e,80,52,28,0,0.35,0.65,12,19.2749,83.0856
4ec11bb76ae0,119,71,48,0,0.40336134453781514,0.5966386554621849,0,0.0,0.0
4ec6654ea6a3,160,115,45,0,0.28125,0.71875,11,9.1537,67.1402
4ecad8aefbc2,243,174,67,2,0.2757201646090535,0.7160493827160493,2,7.4966,48.7991
4ed29df24a54,122,93,29,0,0.23770491803278687,0.7622950819672131,0,0.0,0.0
4edba0c8cc0e,131,81,12,38,0.0916030534351145,0.6183206106870229,0,0.0,50.5005
4ef6decdc942,207,152,54,1,0.2608695652173913,0.7342995169082126,13,9.6039,51.4893
4f066c3230d1,183,139,44,0,0.24043715846994534,0.7595628415300546,15,12.0743,74.3027
4f06726cf771,205,159,34,12,0.16585365853658537,0.775609756097561,10,13.5696,73.7167
4f0d03d08a55,218,171,47,0,0.21559633027522937,0.7844036697247706,22,15.213,77.3712
4f39a9611ee3,72,54,18,0,0.25,0.75,0,0.0,29.7089
4f504a9f8f34,38,20,15,3,0.39473684210526316,0.5263157894736842,0,0.0,0.0
4f5285ebe78a,114,83,23,8,0.20175438596491227,0.7280701754385965,6,6.8375,45.694
4f7b524ea374,156,116,34,6,0.21794871794871795,0.7435897435897436,0,0.0,0.0
4f7d297df486,107,80,27,0,0.2523364485981308,0.7476635514018691,2,6.0211,33.9478
4f8c97e95011,44,26,17,1,0.38636363636363635,0.5909090909090909,0,0.0,0.0
4f8ea724680d,80,56,22,1,0.275,0.7,0,0.0,34.523
4fae900c0644,108,68,40,0,0.37037037037037035,0.6296296296296297,7,10.2219,60.9238
4fb0466bef8b,229,173,38,18,0.16593886462882096,0.7554585152838428,0,0.0,34.0836
4fbcad209342,234,185,49,0,0.2094017094017094,0.7905982905982906,7,6.3553,58.8455
4fcadcef9e16,85,62,23,0,0.27058823529411763,0.7294117647058823,0,0.0,0.0
4fce03009477,207,165,42,0,0.2028985507246377,0.7971014492753623,16,13.5117,68.663
4fdb930e10a0,192,139,53,0,0.2760416666666667,0.7239583333333334,17,13.3072,73.7518
4ff695dbae44,137,91,32,14,0.23357664233576642,0.6642335766423357,3,8.403,69.104
5000abf0b5e2,154,110,44,0,0.2857142857142857,0.7142857142857143,0,0.0,0.0
5000f1e3635c,46,34,10,2,0.21739130434782608,0.7391304347826086,3,7.7942,54.837
5005f9cc40ba,115,77,28,10,0.24347826086956523,0.6695652173913044,4,5.2536,48.5657
500b90c3e7eb,76,57,19,0,0.25,0.75,3,7.1548,44.519
500d4f7a1260,174,89,19,66,0.10919540229885058,0.5114942528735632,0,0.0,53.3264
501d3573cecc,154,108,30,16,0.19480519480519481,0.7012987012987013,11,15.4282,61.8607
501eb15b8ae1,251,179,55,11,0.21912350597609562,0.7131474103585658,6,4.9866,58.6609
50385e37db35,140,104,35,1,0.25,0.7428571428571429,3,6.8985,53.8391
50467a6acf3c,184,160,22,2,0.11956521739130435,0.8695652173913043,6,3.4882,61.438
506eec1a2c0a,172,129,25,18,0.14534883720930233,0.75,6,11.174,62.5381
507ac341d0a6,111,22,4,85,0.036036036036036036,0.1981981981981982,0,0.0,30.658
5088ad926fb0,176,140,36,0,0.20454545454545456,0.7954545454545454,12,11.0336,63.9496
508c23fef3f2,47,29,18,0,0.3829787234042553,0.6170212765957447,2,4.1763,48.0026
50a159e2f932,50,34,16,0,0.32,0.68,0,0.0,0.0
50c1a18ccd55,246,184,62,0,0.25203252032520324,0.7479674796747967,2,3.2059,23.4924
50d2485d0802,209,146,59,4,0.2822966507177033,0.6985645933014354,8,7.3944,60.5301
50dca6da456c,98,78,20,0,0.20408163265306123,0.7959183673469388,10,12.0773,95.5811
50f74e7e6215,152,101,51,0,0.3355263157894737,0.6644736842105263,0,0.0,0.0
510b8a174568,96,56,21,19,0.21875,0.5833333333333334,8,12.738,63.6429
5112ffdb6b26,161,121,40,0,0.2484472049689441,0.7515527950310559,0,0.0,59.8053
511a33b7aeb1,164,118,44,2,0.2682926829268293,0.7195121951219512,7,7.2556,55.9326
5121187bc98e,242,168,72,2,0.2975206611570248,0.6942148760330579,15,11.6699,60.7956
51241cdb2f2d,79,64,15,0,0.189873417721519,0.810126582278481,0,0.0,0.0
514bd15da8c3,140,96,40,4,0.2857142857142857,0.6857142857142857,11,9.964,55.4993
514f766f399e,239,178,61,0,0.25523012552301255,0.7447698744769874,0,0.0,0.0
5153df72c43a,133,75,58,0,0.43609022556390975,0.5639097744360902,0,0.0,0.0
516598fef0cb,96,66,30,0,0.3125,0.6875,9,11.4136,79.4296
5166d94b7a25,63,35,28,0,0.4444444444444444,0.5555555555555556,0,0.0,0.0
516f93fd6b07,210,134,70,6,0.3333333333333333,0.638095238095238,11,4.2435,60.3653
51aa1de7c4bb,111,75,36,0,0.32432432432432434,0.6756756756756757,13,12.5931,69.3878
51acf15cbc6a,210,155,54,1,0.2571428571428571,0.7380952380952381,9,13.1714,69.223
51b79eb61771,165,123,39,3,0.23636363636363636,0.7454545454545455,12,13.8855,90.4694
51b9b885a299,120,91,29,0,0.24166666666666667,0.7583333333333333,11,9.8328,62.9379
51be6e37c81a,90,61,29,0,0.32222222222222224,0.6777777777777778,10,12.4939,67.7567
51c3d460a2f3,259,211,43,5,0.16602316602316602,0.8146718146718147,11,7.4142,72.7432
51c7177f25e8,78,48,30,0,0.38461538461538464,0.6153846153846154,8,4.6341,60.1669
51d0d7b3a0f1,171,127,44,0,0.2573099415204678,0.7426900584795322,10,9.5718,60.1105
51dabbb3c216,86,64,22,0,0.2558139534883721,0.7441860465116279,6,13.9587,70.3735
51ea992db967,199,132,65,2,0.32663316582914576,0.6633165829145728,0,0.0,0.0
51eff3eca711,148,113,32,3,0.21621621621621623,0.7635135135135135,28,16.0873,87.0926
51f70b985262,182,139,40,3,0.21978021978021978,0.7637362637362637,5,6.9992,61.1557
51fc45502634,146,116,30,0,0.2054794520547945,0.7945205479452054,12,17.6712,66.9693
5203b6b2f6c3,171,122,35,14,0.2046783625730994,0.7134502923976608,8,6.6711,63.1531
5204134e82ce,21,11,10,0,0.47619047619047616,0.5238095238095238,0,0.0,0.0
521da07cca3a,201,158,42,1,0.208955223880597,0.7860696517412935,0,0.0,0.0
5220a2cb778f,203,160,42,1,0.20689655172413793,0.7881773399014779,14,17.5858,97.9401
52385ac03a42,147,104,43,0,0.2925170068027211,0.7074829931972789,0,0.0,0.0
5252182ded15,149,106,43,0,0.28859060402684567,0.7114093959731543,0,0.0,0.0
5255e5cae8fc,147,116,29,2,0.19727891156462585,0.7891156462585034,0,0.0,0.0
528423d80e99,244,121,33,90,0.13524590163934427,0.4959016393442623,2,8.493,82.0724
5289380c4559,50,34,16,0,0.32,0.68,4,12.6373,69.8166
529ba9e85211,149,89,23,37,0.15436241610738255,0.5973154362416108,1,2.8351,66.3696
52d9b14996bd,66,44,22,0,0.3333333333333333,0.6666666666666666,0,0.0,0.0
52e38cf820ba,201,166,35,0,0.17412935323383086,0.8258706467661692,22,15.7974,77.005
52f458343920,238,160,18,60,0.07563025210084033,0.6722689075630253,7,9.0836,67.4408
530d4ae32063,149,91,58,0,0.38926174496644295,0.610738255033557,7,12.1567,55.7983
530f322b76df,128,90,38,0,0.296875,0.703125,0,0.0,27.2049
53112d6426aa,150,102,48,0,0.32,0.68,15,12.3093,61.0458
531a7f47d8e6,219,177,33,9,0.1506849315068493,0.8082191780821918,10,8.8501,82.2006
531ce6a7fd3f,92,57,23,12,0.25,0.6195652173913043,0,0.0,0.0
5338e73d0161,176,140,36,0,0.20454545454545456,0.7954545454545454,11,8.8837,66.5207
53416873e47e,109,74,35,0,0.3211009174311927,0.6788990825688074,14,12.8937,70.9061
536be1ccbccc,168,112,46,10,0.27380952380952384,0.6666666666666666,0,0.0,0.0
539afe8ddc8d,231,175,53,3,0.22943722943722944,0.7575757575757576,0,0.0,0.0
53a053373822,215,172,43,0,0.2,0.8,11,12.8052,75.7675
53a0d392e204,222,149,30,43,0.13513513513513514,0.6711711711711712,4,10.408,58.5907
53c13f2dba31,131,94,29,8,0.22137404580152673,0.7175572519083969,2,4.2313,63.6169
53c42a394b9b,205,147,58,0,0.28292682926829266,0.7170731707317073,5,9.5245,54.9255
53c8c3db0201,194,145,49,0,0.25257731958762886,0.7474226804123711,0,0.0,0.0
53d6abac96a4,47,30,17,0,0.3617021276595745,0.6382978723404256,7,12.4985,57.5363
53d70323e7fb,81,58,23,0,0.2839506172839506,0.7160493827160493,6,6.781,79.567
53dfff0cecd0,169,124,43,2,0.25443786982248523,0.7337278106508875,11,7.6477,76.8738
53fd8c8bf3e1,136,90,24,22,0.17647058823529413,0.6617647058823529,0,0.0,0.0
5412642aeef9,176,136,36,4,0.20454545454545456,0.7727272727272727,11,13.2721,73.7808
54126c6e72a0,40,26,13,1,0.325,0.65,1,1.2115,25.0549
544a71ab7a85,138,94,42,2,0.30434782608695654,0.6811594202898551,0,0.0,0.0
5456189d4e5c,43,33,10,0,0.23255813953488372,0.7674418604651163,7,15.6754,88.3362
545d14287912,190,140,42,8,0.22105263157894736,0.7368421052631579,19,11.7645,74.1119
5467682efb78,200,154,44,2,0.22,0.77,15,8.1818,80.4184
548590e1e989,131,106,25,0,0.19083969465648856,0.8091603053435115,9,6.6971,55.7678
548a1b47c6c3,42,29,13,0,0.30952380952380953,0.6904761904761905,7,5.8472,56.7749
5491324b554f,185,140,9,36,0.04864864864864865,0.7567567567567568,0,0.0,22.7158
5497b569f15c,135,101,23,11,0.17037037037037037,0.7481481481481481,0,0.0,35.8063
549f87924e48,19,14,5,0,0.2631578947368421,0.7368421052631579,0,0.0,0.0
54c0ade41f99,62,33,24,5,0.3870967741935484,0.532258064516129,0,0.0,0.0
54ce318108d4,51,37,14,0,0.27450980392156865,0.7254901960784313,6,5.6458,79.4281
54d6c9c73fff,154,94,58,2,0.37662337662337664,0.6103896103896104,1,6.543,38.6414
5504b8b281b5,216,163,36,17,0.16666666666666666,0.7546296296296297,15,12.4191,78.7613
55204bdec971,146,122,24,0,0.1643835616438356,0.8356164383561644,5,7.9514,61.7477
55321af89836,156,122,20,14,0.1282051282051282,0.782051282051282,2,2.0401,46.3074
5534719b308c,144,101,43,0,0.2986111111111111,0.7013888888888888,0,0.0,0.0
553fa72290f3,204,145,36,23,0.17647058823529413,0.7107843137254902,20,12.262,85.466
554970412cd2,100,73,26,0,0.26,0.73,9,11.4883,50.0427
554c017aec32,29,19,10,0,0.3448275862068966,0.6551724137931034,1,2.5955,39.5264
5554bf43ed82,161,122,39,0,0.2422360248447205,0.7577639751552795,8,6.7841,63.4766
5558579da28c,70,46,23,1,0.32857142857142857,0.6571428571428571,0,0.0,0.0
555d77d0fe45,161,125,30,6,0.18633540372670807,0.7763975155279503,7,8.2367,61.2976
5560bd3b0319,214,158,53,3,0.24766355140186916,0.7383177570093458,12,5.6244,52.182
5563ecd2b196,117,82,35,0,0.29914529914529914,0.7008547008547008,9,13.6642,54.4556
5568eb519a51,158,124,34,0,0.21518987341772153,0.7848101265822784,15,14.7766,72.8256
55871a7a0ec1,246,179,65,2,0.26422764227642276,0.7276422764227642,0,0.0,0.0
55a01c1ebef6,139,89,50,0,0.3597122302158273,0.6402877697841727,19,16.7007,84.0134
55b2b9388cfc,155,111,37,7,0.23870967741935484,0.7161290322580646,15,10.7544,62.0834
55b803fc495e,47,30,17,0,0.3617021276595745,0.6382978723404256,2,8.1772,53.653
55bc19f33c8e,224,149,75,0,0.33482142857142855,0.6651785714285714,0,0.0,0.0
55be95a3ff46,157,109,48,0,0.3057324840764331,0.6942675159235668,0,0.0,0.0
55c0eded30c8,236,181,53,1,0.2245762711864407,0.7669491525423728,8,12.3306,68.7347
55c836a2684c,269,196,68,5,0.2527881040892193,0.7286245353159851,6,3.5324,39.9094
55d91c327109,101,58,43,0,0.42574257425742573,0.5742574257425742,5,10.8765,48.671
55dae64aaea4,221,175,46,0,0.2081447963800905,0.7918552036199095,10,8.5846,50.3433
55e4c013d70e,182,127,55,0,0.3021978021978022,0.6978021978021978,1,4.4128,27.6276
56019667ff34,108,67,41,0,0.37962962962962965,0.6203703703703703,0,0.0,0.0
5618c8129a6d,262,185,72,5,0.2748091603053435,0.7061068702290076,1,2.1912,19.1299
562ed7c01bf0,189,135,54,0,0.2857142857142857,0.7142857142857143,22,12.9181,83.6777
56595a1d570f,104,58,21,25,0.20192307692307693,0.5576923076923077,0,0.0,0.0
565b748e64e5,97,65,32,0,0.32989690721649484,0.6701030927835051,0,0.0,0.0
56a882d88e11,154,122,22,10,0.14285714285714285,0.7922077922077922,14,6.1707,63.4903
56b18e150769,222,151,50,21,0.22522522522522523,0.6801801801801802,18,14.2075,69.5801
56b4f13d2216,289,220,65,4,0.22491349480968859,0.7612456747404844,0,0.0,0.0
56b528601b6b,229,112,29,88,0.12663755458515283,0.4890829694323144,0,0.0,0.0
56c011c71edc,126,72,31,23,0.24603174603174602,0.5714285714285714,9,19.6609,78.0716
56c263aad278,218,155,57,6,0.26146788990825687,0.7110091743119266,0,0.0,30.3268
56cbb29cfb74,147,69,23,55,0.1564625850340136,0.46938775510204084,0,0.0,13.4796
56deba644681,176,121,43,12,0.24431818181818182,0.6875,0,0.0,0.0
56e6cfc2a0ae,128,100,28,0,0.21875,0.78125,12,12.6541,64.7675
571ff8903883,163,117,38,8,0.2331288343558282,0.7177914110429447,5,6.5002,49.9435
5724a6703905,181,128,53,0,0.292817679558011,0.7071823204419889,12,14.6805,64.7293
573ad8015383,137,91,22,24,0.16058394160583941,0.6642335766423357,0,0.0,36.0748
573cdbd8eda0,34,23,11,0,0.3235294117647059,0.6764705882352942,1,6.8787,19.5038
5740b936c0d4,95,81,14,0,0.14736842105263157,0.8526315789473684,11,13.5971,95.2789
5764f6df31c3,152,94,13,45,0.08552631578947369,0.618421052631579,2,2.3178,71.7453
577a95c3a3a0,204,165,37,2,0.18137254901960784,0.8088235294117647,7,4.332,40.6952
5793129d5309,208,142,66,0,0.3173076923076923,0.6826923076923077,0,0.0,0.0
57ac237fd780,253,209,44,0,0.17391304347826086,0.8260869565217391,2,8.2321,41.7191
57af8fa4543f,224,156,65,3,0.29017857142857145,0.6964285714285714,10,2.8229,51.6953
57d5a6b61ecf,108,72,36,0,0.3333333333333333,0.6666666666666666,0,0.0,0.0
57d82e5381a6,168,124,44,0,0.2619047619047619,0.7380952380952381,11,16.3574,69.5511
57fedc6c794b,223,178,45,0,0.20179372197309417,0.7982062780269058,2,7.1442,68.1641
5811cebb423e,308,245,60,3,0.19480519480519481,0.7954545454545454,25,12.2849,77.5391
5816a0df3d7e,190,152,35,2,0.18421052631578946,0.8,12,10.4904,67.9047
581a0ecff3a2,112,79,22,11,0.19642857142857142,0.7053571428571429,1,1.0971,82.1075
5842e1854d2e,214,154,29,31,0.13551401869158877,0.719626168224299,3,4.7455,62.7274
5846acd1f690,101,47,16,38,0.15841584158415842,0.46534653465346537,0,0.0,0.0
58476708525d,182,129,36,17,0.1978021978021978,0.7087912087912088,2,4.776,50.8667
584dd714859c,108,79,29,0,0.26851851851851855,0.7314814814814815,8,8.8272,59.1675
585673c1e2a7,178,112,31,35,0.17415730337078653,0.6292134831460674,0,0.0,0.0
585bf47f3992,160,108,50,0,0.3125,0.675,13,13.7787,85.1181
586eb142ad43,48,35,13,0,0.2708333333333333,0.7291666666666666,3,4.2435,30.8243
5895a94c14ef,199,150,49,0,0.24623115577889448,0.7537688442211056,6,9.256,91.2811
589c60dd4940,203,150,53,0,0.26108374384236455,0.7389162561576355,0,0.0,0.0
589fb4c43782,220,159,58,3,0.2636363636363636,0.7227272727272728,24,15.4526,63.7405
58accdf477bd,214,151,63,0,0.29439252336448596,0.705607476635514,0,0.0,0.0
58b7c3ce1d0d,175,128,43,4,0.24571428571428572,0.7314285714285714,16,6.398,56.9794
58c59865a2b6,136,100,36,0,0.2647058823529412,0.7352941176470589,10,5.8151,55.9967
58c9ebcb84cf,228,183,43,2,0.18859649122807018,0.8026315789473685,2,4.8111,60.3165
58d13c5b7c1d,131,92,39,0,0.29770992366412213,0.7022900763358778,7,13.8947,74.382
58d439e1cf18,154,114,40,0,0.2597402597402597,0.7402597402597403,1,3.1387,33.8074
58e94ef72ca1,84,61,21,2,0.25,0.7261904761904762,9,18.7607,87.2925
59001f029aaf,173,127,46,0,0.2658959537572254,0.7341040462427746,4,7.2067,59.4223
5911dece5388,189,142,47,0,0.24867724867724866,0.7513227513227513,9,6.7169,50.8652
591a3db736f2,247,164,70,13,0.2834008097165992,0.6639676113360324,20,17.0914,70.7901
591be7bd1ced,234,158,76,0,0.3247863247863248,0.6752136752136753,11,7.1442,69.9066
591da133fabc,122,87,35,0,0.28688524590163933,0.7131147540983607,7,10.1425,47.5266
593ebf6ab700,200,155,45,0,0.225,0.775,15,12.7487,74.8413
5972250394f2,226,173,53,0,0.2345132743362832,0.7654867256637168,4,13.5498,35.3973
59750807e9d7,257,197,60,0,0.23346303501945526,0.7665369649805448,0,0.0,0.0
598d897fefcc,334,267,67,0,0.20059880239520958,0.7994011976047904,27,12.7838,78.7613
599109af85ca,211,152,59,0,0.2796208530805687,0.7203791469194313,0,0.0,0.0
599648926096,156,109,33,14,0.21153846153846154,0.6987179487179487,3,2.211,52.9602
59a093202759,157,121,36,0,0.22929936305732485,0.7707006369426752,19,13.8107,70.5704
59aa903a1ceb,102,79,23,0,0.22549019607843138,0.7745098039215687,11,11.7676,72.7829
59afbd8eceb9,122,95,27,0,0.22131147540983606,0.7786885245901639,9,11.2808,56.5689
59bb9950d1b0,180,139,41,0,0.22777777777777777,0.7722222222222223,0,0.0,0.0
59bc7df93b3b,143,98,23,22,0.16083916083916083,0.6853146853146853,3,2.3193,54.9713
59c0c23b3f02,87,71,16,0,0.1839080459770115,0.8160919540229885,6,15.361,75.8224
59d833e56974,183,134,49,0,0.2677595628415301,0.73224043715847,0,0.0,0.0
59df439b2cd9,265,184,43,38,0.16226415094339622,0.6943396226415094,7,5.7373,70.0607
59ef609e7ecd,204,147,57,0,0.27941176470588236,0.7205882352941176,11,7.692,58.2443
59f2e4a9a209,130,75,24,31,0.18461538461538463,0.5769230769230769,0,0.0,0.0
5a04db2e7587,97,72,25,0,0.25773195876288657,0.7422680412371134,0,0.0,0.0
5a112beb1fb4,197,144,50,3,0.25380710659898476,0.7309644670050761,17,13.5651,59.0561
5a147e41134b,103,74,29,0,0.2815533980582524,0.7184466019417476,0,0.0,0.0
5a19b7514d9a,119,94,25,0,0.21008403361344538,0.7899159663865546,0,0.0,0.0
5a3e3dc26a1d,211,158,53,0,0.25118483412322273,0.7488151658767772,0,0.0,0.0
5a43ead356b2,138,99,39,0,0.2826086956521739,0.717391304347826,9,12.6587,63.9603
5a46e8adec9c,143,105,38,0,0.26573426573426573,0.7342657342657343,0,0.0,0.0
5a6125bdeb29,92,66,26,0,0.2826086956521739,0.717391304347826,19,14.6317,89.4867
5a6b69b21fd5,161,111,50,0,0.3105590062111801,0.6894409937888198,0,0.0,0.0
5a89e95c1dfe,48,38,10,0,0.20833333333333334,0.7916666666666666,7,14.6713,87.7274
5a8ea27b08b8,152,111,41,0,0.26973684210526316,0.7302631578947368,8,12.0926,60.6018
5a94f8031f8d,221,161,43,17,0.19457013574660634,0.7285067873303167,9,4.3396,77.002
5aa7cc54ea32,212,161,51,0,0.24056603773584906,0.7594339622641509,11,8.5602,48.5901
5abf7737cdd1,185,122,27,36,0.14594594594594595,0.6594594594594595,4,7.1167,64.476
5acd1d61963d,185,132,53,0,0.2864864864864865,0.7135135135135136,7,6.192,46.6278
5acd886e33ce,161,126,35,0,0.21739130434782608,0.782608695652174,9,12.0056,66.2964
5ad5cca8bc4c,253,207,46,0,0.18181818181818182,0.8181818181818182,14,12.6282,75.7141
5ad9615573f2,166,115,51,0,0.3072289156626506,0.6927710843373494,0,0.0,0.0
5ade4e241be2,401,268,123,10,0.30673316708229426,0.6683291770573566,20,13.5895,75.8865
5ae2d48a5907,139,95,44,0,0.31654676258992803,0.6834532374100719,17,11.2366,67.6819
5af696841a9c,49,34,15,0,0.30612244897959184,0.6938775510204082,12,15.9744,87.9471
5af8bba8cb7a,145,79,44,22,0.30344827586206896,0.5448275862068965,0,0.0,0.0
5b003d43ec0c,178,134,44,0,0.24719101123595505,0.7528089887640449,4,4.3533,38.7405
5b068fcb3a6a,88,51,37,0,0.42045454545454547,0.5795454545454546,4,2.2583,28.1082
5b0c8d324c53,69,36,19,14,0.2753623188405797,0.5217391304347826,3,1.4374,24.4019
5b281fbdb595,129,92,29,8,0.2248062015503876,0.7131782945736435,4,11.8805,40.3763
5b2c1fcb4a37,78,61,17,0,0.21794871794871795,0.782051282051282,13,14.6423,83.8257
5b35810de01f,255,190,59,6,0.23137254901960785,0.7450980392156863,29,16.4505,81.4178
5b439c3bf2ed,235,175,60,0,0.2553191489361702,0.7446808510638298,28,10.8353,66.7221
5b4d05a2a6b7,192,140,52,0,0.2708333333333333,0.7291666666666666,0,0.0,0.0
5b503f5a5b80,209,151,56,2,0.2679425837320574,0.722488038277512,0,0.0,26.001
5b5ecc77a66e,115,82,33,0,0.28695652173913044,0.7130434782608696,1,6.0257,32.7087
5b63be15731e,219,159,60,0,0.273972602739726,0.726027397260274,16,8.6395,61.1633
5b8542dc1477,114,78,36,0,0.3157894736842105,0.6842105263157895,15,14.3982,67.9916
5bbfd8d8ffed,298,235,62,1,0.2080536912751678,0.7885906040268457,29,15.509,80.4596
5bc396007c66,174,120,54,0,0.3103448275862069,0.6896551724137931,0,0.0,0.0
5bccc3ae5587,100,66,24,10,0.24,0.66,0,0.0,0.0
5bd19956ab63,132,95,37,0,0.2803030303030303,0.7196969696969697,4,6.3736,62.7335
5bd1ec348f05,39,18,21,0,0.5384615384615384,0.46153846153846156,5,9.3582,50.1129
5beed3b27daf,231,168,54,9,0.23376623376623376,0.7272727272727273,7,6.9183,59.5825
5c023def11d2,196,120,36,40,0.1836734693877551,0.6122448979591837,5,10.0433,64.6225
5c083ab21fc5,212,166,35,11,0.1650943396226415,0.7830188679245284,17,11.2198,74.3713
5c2c7009ec91,136,105,31,0,0.22794117647058823,0.7720588235294118,13,9.4177,67.7673
5c49f6770237,118,65,27,26,0.2288135593220339,0.5508474576271186,0,0.0,0.0
5c4baef054d6,99,73,26,0,0.26262626262626265,0.7373737373737373,0,0.0,0.0
5c5a01104830,195,137,44,14,0.22564102564102564,0.7025641025641025,0,0.0,0.0
5c6a9d25b7c6,128,107,21,0,0.1640625,0.8359375,11,6.6742,54.2374
5c707b379282,208,159,39,10,0.1875,0.7644230769230769,4,11.4532,62.8067
5c7e3c7f2b7f,230,173,57,0,0.24782608695652175,0.7521739130434782,9,11.1557,60.82
5c845f5a01b9,323,234,89,0,0.2755417956656347,0.7244582043343654,7,13.2889,67.2638
5c9407c366d6,199,147,26,26,0.1306532663316583,0.7386934673366834,8,9.4162,70.6253
5c975e69eee9,299,227,72,0,0.2408026755852843,0.7591973244147158,35,12.6801,82.9514
5ca13bda1c8a,158,103,54,1,0.34177215189873417,0.6518987341772152,4,8.522,45.639
5cc8a6260ae4,53,29,24,0,0.4528301886792453,0.5471698113207547,0,0.0,0.0
5cfcd6a8451b,143,108,35,0,0.24475524475524477,0.7552447552447552,1,2.7359,38.7604
5d00686aeee3,41,27,14,0,0.34146341463414637,0.6585365853658537,0,0.0,0.0
5d04a3fbf6bc,109,68,33,8,0.30275229357798167,0.6238532110091743,0,0.0,0.0
5d0c978f6297,189,151,38,0,0.20105820105820105,0.798941798941799,7,6.9809,61.0306
5d13a41bc7d0,149,74,19,56,0.12751677852348994,0.4966442953020134,1,2.8198,23.381
5d1988855117,608,443,161,4,0.26480263157894735,0.7286184210526315,10,8.9554,68.2907
5d28dc81420b,104,79,25,0,0.2403846153846154,0.7596153846153846,4,4.213,44.1315
5d3dfae10434,79,58,21,0,0.26582278481012656,0.7341772151898734,5,9.0317,59.2789
5d438b93171c,103,76,27,0,0.2621359223300971,0.7378640776699029,15,11.0107,74.3347
5d4c1d0660ad,96,69,27,0,0.28125,0.71875,13,16.5817,85.0876
5d5ba6a776e9,42,29,13,0,0.30952380952380953,0.6904761904761905,0,0.0,0.0
5d656ef89286,174,128,46,0,0.26436781609195403,0.735632183908046,13,12.5534,61.8118
5d68ab03ab12,78,50,15,13,0.19230769230769232,0.6410256410256411,0,0.0,63.71
5d7632f1794e,244,175,68,1,0.2786885245901639,0.7172131147540983,3,2.3514,33.7723
5d884cc90873,169,101,63,5,0.3727810650887574,0.5976331360946746,5,10.3836,45.8771
5da72569e390,135,105,30,0,0.2222222222222222,0.7777777777777778,15,12.8113,69.1162
5daca040bbf1,194,138,50,6,0.25773195876288657,0.711340206185567,1,2.0844,63.2843
5dbe47192712,164,124,38,2,0.23170731707317074,0.7560975609756098,9,6.9901,54.5273
5dcd43e67107,72,52,17,3,0.2361111111111111,0.7222222222222222,2,5.4352,51.326
5de86ab9d9c6,202,139,25,38,0.12376237623762376,0.6881188118811881,6,6.1081,61.4914
5de921452c72,189,147,42,0,0.2222222222222222,0.7777777777777778,7,17.2272,66.3452
5dfa62a4dcf7,38,28,10,0,0.2631578947368421,0.7368421052631579,6,11.2411,86.998
5dfac783c03c,203,155,42,6,0.20689655172413793,0.7635467980295566,19,16.7404,66.3681
5dfb4fde4486,175,128,47,0,0.26857142857142857,0.7314285714285714,0,0.0,49.4781
5e063bb2352e,258,165,50,42,0.1937984496124031,0.6395348837209303,10,14.6133,70.1874
5e165e0f0624,166,105,45,16,0.2710843373493976,0.6325301204819277,13,8.5724,63.3789
5e334341a65f,68,38,30,0,0.4411764705882353,0.5588235294117647,0,0.0,0.0
5e64107898d5,73,50,21,2,0.2876712328767123,0.684931506849315,0,0.0,0.0
5e7fe1a769c7,136,92,42,2,0.3088235294117647,0.6764705882352942,6,4.3564,58.3176
5e8b71155d86,152,89,63,0,0.4144736842105263,0.5855263157894737,6,10.8109,56.6986
5e9265276fda,132,85,47,0,0.3560606060606061,0.6439393939393939,0,0.0,0.0
5ea330d8b092,128,95,33,0,0.2578125,0.7421875,9,15.4266,93.1961
5ea6feafb676,173,122,51,0,0.2947976878612717,0.7052023121387283,13,14.061,77.6184
5ebc2544193f,145,117,28,0,0.19310344827586207,0.8068965517241379,0,0.0,0.0
5ed3bb060e0e,172,126,46,0,0.26744186046511625,0.7325581395348837,6,14.9521,57.518
5ed6b9a9612f,213,170,41,2,0.19248826291079812,0.7981220657276995,18,18.2114,73.7076
5edc82d679cc,133,93,40,0,0.3007518796992481,0.6992481203007519,0,0.0,0.0
5ee927ed5d35,290,201,80,7,0.27586206896551724,0.6931034482758621,28,17.5552,79.1168
5eeb5f06877a,189,142,47,0,0.24867724867724866,0.7513227513227513,4,8.8928,57.251
5ef24c35ed7f,124,83,37,4,0.29838709677419356,0.6693548387096774,1,4.8813,40.0986
5efaa05e7bf9,75,43,32,0,0.4266666666666667,0.5733333333333334,4,13.3163,48.0484
5f0f7d362bd6,81,40,37,4,0.4567901234567901,0.49382716049382713,15,15.6876,63.6398
5f1ccf6d3f6f,41,25,16,0,0.3902439024390244,0.6097560975609756,6,3.0869,47.3083
5f223137ea4f,205,150,55,0,0.2682926829268293,0.7317073170731707,10,16.7389,84.9228
5f26395749b5,143,77,59,7,0.4125874125874126,0.5384615384615384,1,6.2408,41.1697
5f3435341b61,193,146,47,0,0.24352331606217617,0.7564766839378239,18,16.0004,70.6406
5f40e0b33959,169,115,32,22,0.1893491124260355,0.6804733727810651,4,6.1539,71.1136
5f537ae857fe,38,29,9,0,0.23684210526315788,0.7631578947368421,0,0.0,0.0
5f554a63b2a1,153,113,40,0,0.26143790849673204,0.738562091503268,2,3.54,55.3497
5f6b700d2407,170,128,40,2,0.23529411764705882,0.7529411764705882,14,5.8746,59.4406
5f712fa46f7c,229,173,55,1,0.24017467248908297,0.7554585152838428,15,12.6984,70.517
5f7ebc491021,126,89,37,0,0.29365079365079366,0.7063492063492064,14,12.825,78.7979
5f8b30f87204,88,58,30,0,0.3409090909090909,0.6590909090909091,19,15.9454,62.8723
5f8e07348acc,188,147,41,0,0.21808510638297873,0.7819148936170213,10,11.1298,63.5849
5f95d17c869a,80,58,22,0,0.275,0.725,10,7.2235,50.5569
5fdca67311d0,209,147,62,0,0.2966507177033493,0.7033492822966507,8,12.3199,63.8962
5fefc2506c90,244,193,51,0,0.20901639344262296,0.7909836065573771,21,16.6153,88.0859
5ffcf2372542,151,121,27,3,0.17880794701986755,0.8013245033112583,14,10.1501,75.563
60083d3faae3,189,132,57,0,0.30158730158730157,0.6984126984126984,0,0.0,6.9046
601216d398fc,98,67,31,0,0.3163265306122449,0.6836734693877551,0,0.0,0.0
601b0ee3f58b,124,78,42,4,0.3387096774193548,0.6290322580645161,12,17.041,34.9274
601ffcbed401,227,173,53,1,0.23348017621145375,0.762114537444934,24,14.2487,71.1411
6022674dabca,243,192,51,0,0.20987654320987653,0.7901234567901234,19,7.5775,62.3886
6029eceba97e,201,119,51,31,0.2537313432835821,0.5920398009950248,6,8.7372,56.1996
603ae4e9d365,62,43,19,0,0.3064516129032258,0.6935483870967742,0,0.0,36.2717
605dda4fe6ac,224,171,53,0,0.23660714285714285,0.7633928571428571,11,16.6946,86.7615
6071aa8ba6c7,147,106,32,9,0.21768707482993196,0.7210884353741497,4,4.332,66.7831
607afab0ebab,188,138,42,8,0.22340425531914893,0.7340425531914894,7,10.1517,71.7545
607fa473648e,239,164,62,11,0.2594142259414226,0.6861924686192469,15,11.2091,82.6706
60a15dda8570,118,75,43,0,0.3644067796610169,0.635593220338983,0,0.0,0.0
60a18d14b13e,20,12,8,0,0.4,0.6,2,7.6309,31.7169
60a69fdcc33d,231,172,41,18,0.1774891774891775,0.7445887445887446,2,6.5475,61.2167
60a98f3fee72,159,119,24,16,0.1509433962264151,0.7484276729559748,2,2.6825,63.028
60bf955e8135,204,161,42,1,0.20588235294117646,0.7892156862745098,21,19.2657,91.98
60d21b09253d,126,92,34,0,0.2698412698412698,0.7301587301587301,17,10.2203,63.0096
60d32cd009e0,218,159,50,9,0.22935779816513763,0.7293577981651376,24,8.8104,70.9976
60e51083a75a,119,95,24,0,0.20168067226890757,0.7983193277310925,9,8.7708,65.4846
60f316434ad1,113,87,26,0,0.23008849557522124,0.7699115044247787,1,1.1627,61.9598
610489a9612f,119,91,28,0,0.23529411764705882,0.7647058823529411,6,11.9019,74.8077
6107645595db,170,126,44,0,0.25882352941176473,0.7411764705882353,27,17.8329,74.3866
6109a474ebb5,161,127,34,0,0.2111801242236025,0.7888198757763976,23,16.9266,79.9301
612aa3391b33,125,97,25,3,0.2,0.776,10,10.2921,66.6397
615b584af861,200,149,51,0,0.255,0.745,4,6.9611,65.1184
615b8a4e4069,76,52,17,7,0.2236842105263158,0.6842105263157895,0,0.0,20.285
6166cc111590,246,185,61,0,0.24796747967479674,0.7520325203252033,8,11.9431,58.4427
616abef9b646,243,200,43,0,0.17695473251028807,0.823045267489712,12,7.1793,73.7503
61838ed2c863,162,112,50,0,0.30864197530864196,0.691358024691358,4,13.5635,40.9134
618efc798c39,109,79,29,1,0.26605504587155965,0.7247706422018348,0,0.0,0.0
61aa22329651,66,45,21,0,0.3181818181818182,0.6818181818181818,0,0.0,0.0
61af9a116d19,175,135,36,4,0.2057142857142857,0.7714285714285715,13,8.2321,74.501
61b70ccd7da8,80,53,26,1,0.325,0.6625,1,5.2658,40.9317
61d53ad3869b,227,174,51,2,0.22466960352422907,0.7665198237885462,28,13.0234,71.6599
620261483418,243,194,49,0,0.20164609053497942,0.7983539094650206,26,17.8314,94.075
620a6fbf50a7,162,103,35,21,0.21604938271604937,0.6358024691358025,9,10.3378,65.8508
6210281e975f,242,192,50,0,0.2066115702479339,0.7933884297520661,18,13.4979,69.7067
6210ddaf9f3e,225,164,61,0,0.27111111111111114,0.7288888888888889,11,8.7982,75.4517
621f180f3996,221,164,57,0,0.2579185520361991,0.7420814479638009,9,10.4324,62.9761
62202e376a67,232,161,53,18,0.22844827586206898,0.6939655172413793,10,8.638,67.0792
6226ebfc1f9b,119,81,25,13,0.21008403361344538,0.680672268907563,9,10.0769,58.5175
62274c435774,196,144,52,0,0.2653061224489796,0.7346938775510204,19,13.855,75.8087
622e036c40d7,202,131,35,36,0.17326732673267325,0.6485148514851485,0,0.0,0.0
622fc40ffe3f,289,212,77,0,0.2664359861591695,0.7335640138408305,3,8.1696,34.4757
623055537fd2,34,22,12,0,0.35294117647058826,0.6470588235294118,2,5.1178,54.1397
623155cecfa8,217,163,32,22,0.14746543778801843,0.7511520737327189,8,5.719,66.4993
6232504a5022,184,136,48,0,0.2608695652173913,0.7391304347826086,17,18.3487,73.6801
62493361edf8,235,185,49,1,0.20851063829787234,0.7872340425531915,3,5.1041,34.5764
6259bdf29094,236,171,40,25,0.1694915254237288,0.7245762711864406,0,0.0,33.1467
625e6a283b25,76,53,23,0,0.3026315789473684,0.6973684210526315,8,6.8314,36.3541
62605db0277d,182,137,45,0,0.24725274725274726,0.7527472527472527,21,11.0123,80.8304
626469f984e3,234,160,30,44,0.1282051282051282,0.6837606837606838,18,14.7766,80.5344
62795965d133,255,175,29,51,0.11372549019607843,0.6862745098039216,0,0.0,0.0
62a71ed08b3b,207,151,52,4,0.25120772946859904,0.7294685990338164,0,0.0,54.187
62a976bdc21b,27,16,8,3,0.2962962962962963,0.5925925925925926,4,8.2687,45.8221
62bfdd9e66e2,180,133,47,0,0.2611111111111111,0.7388888888888889,5,8.1146,49.0601
62dafe3f86f1,182,138,44,0,0.24175824175824176,0.7582417582417582,29,14.7736,68.721
62dc9e6f4268,144,111,33,0,0.22916666666666666,0.7708333333333334,19,13.5406,84.1507
62de6f2b4498,168,126,42,0,0.25,0.75,8,10.3668,70.0714
62eab77211bf,214,157,57,0,0.26635514018691586,0.7336448598130841,4,7.8278,66.008
63006577b070,189,100,30,59,0.15873015873015872,0.5291005291005291,0,0.0,53.5751
6303244b26ee,37,29,8,0,0.21621621621621623,0.7837837837837838,0,0.0,3.0426
63080d06c664,161,121,40,0,0.2484472049689441,0.7515527950310559,2,5.6213,32.6126
630b89cbf5be,177,137,40,0,0.22598870056497175,0.7740112994350282,14,7.2174,79.2801
630cd3bb436a,145,100,45,0,0.3103448275862069,0.6896551724137931,10,11.322,56.9504
630ead3f5eee,92,48,22,22,0.2391304347826087,0.5217391304347826,0,0.0,0.0
63119b788916,197,129,48,20,0.2436548223350254,0.6548223350253807,7,8.2779,65.2191
63226114e772,92,68,24,0,0.2608695652173913,0.7391304347826086,7,14.2105,63.3301
6329256633b0,200,163,37,0,0.185,0.815,9,12.6251,74.3149
632bb32084df,110,78,32,0,0.2909090909090909,0.7090909090909091,0,0.0,0.0
633389c0591b,78,60,18,0,0.23076923076923078,0.7692307692307693,9,8.2138,57.9315
63405137826f,247,176,70,1,0.2834008097165992,0.7125506072874493,0,0.0,0.0
63640094b036,289,214,56,19,0.19377162629757785,0.740484429065744,23,17.7185,80.751
636430b44958,119,81,30,8,0.25210084033613445,0.680672268907563,0,0.0,0.0
637209e621c8,219,101,24,94,0.1095890410958904,0.4611872146118721,0,0.0,73.7488
6372e988e276,105,58,23,24,0.21904761904761905,0.5523809523809524,2,3.1296,90.9409
637816ad0273,206,178,28,0,0.13592233009708737,0.8640776699029126,5,6.3812,51.5518
637bca124ad0,154,124,30,0,0.19480519480519481,0.8051948051948052,19,17.5674,83.7372
6392947d42a2,176,122,54,0,0.3068181818181818,0.6931818181818182,0,0.0,0.0
63943deba402,295,216,79,0,0.2677966101694915,0.7322033898305085,2,6.7917,43.3777
63a41234a703,164,131,33,0,0.20121951219512196,0.7987804878048781,16,19.7174,85.3455
63b703a32945,192,139,29,24,0.15104166666666666,0.7239583333333334,0,0.0,21.5775
63b975bcb48f,173,133,40,0,0.23121387283236994,0.7687861271676301,14,8.4076,62.7579
63d658e884c1,90,65,25,0,0.2777777777777778,0.7222222222222222,14,19.4382,89.0686
63e3797b14a1,213,151,30,32,0.14084507042253522,0.7089201877934272,2,2.3697,70.0226
63e602ffc3e1,238,178,60,0,0.25210084033613445,0.7478991596638656,10,8.9706,47.9065
63e71c21ffc0,163,110,45,8,0.27607361963190186,0.6748466257668712,10,11.3174,63.5422
63ec04bc1c32,164,127,33,4,0.20121951219512196,0.774390243902439,14,8.5342,68.3075
63f857539684,147,91,41,15,0.2789115646258503,0.6190476190476191,1,9.3521,40.6754
63f8656a7b3d,172,124,48,0,0.27906976744186046,0.7209302325581395,22,13.0463,74.7818
6426935440ac,110,48,16,46,0.14545454545454545,0.43636363636363634,0,0.0,0.0
644009d197e7,99,71,24,4,0.24242424242424243,0.7171717171717171,11,11.7874,59.5642
64463f7b842c,205,157,44,4,0.2146341463414634,0.7658536585365854,1,1.0452,65.2649
6447c06bb4e5,135,94,41,0,0.3037037037037037,0.6962962962962963,0,0.0,0.0
64486f84f721,146,101,45,0,0.3082191780821918,0.6917808219178082,11,8.1497,61.2091
644bfd69ca74,131,89,42,0,0.32061068702290074,0.6793893129770993,5,6.7169,49.8779
644c556ebc3f,174,139,35,0,0.20114942528735633,0.7988505747126436,0,0.0,0.0
6453e55d3511,247,172,53,22,0.2145748987854251,0.6963562753036437,8,12.5656,64.8956
64649896d23d,283,215,68,0,0.24028268551236748,0.7597173144876325,10,12.6068,78.1967
6465a5ab1539,200,141,44,14,0.22,0.705,11,8.3054,73.291
6468063d0445,173,117,23,33,0.1329479768786127,0.6763005780346821,0,0.0,0.0
647d3abfe758,126,91,35,0,0.2777777777777778,0.7222222222222222,20,18.959,88.9435
647f4dabc53f,158,113,33,12,0.2088607594936709,0.7151898734177216,3,4.4495,67.5064
64836a799f01,204,151,53,0,0.25980392156862747,0.7401960784313726,0,0.0,0.0
64954ebb400f,256,212,44,0,0.171875,0.828125,18,19.7479,93.9743
64a33315a1c5,97,79,18,0,0.18556701030927836,0.8144329896907216,13,14.5508,82.8613
64bad048716c,128,88,40,0,0.3125,0.6875,0,0.0,0.0
64c46cb52749,118,94,24,0,0.2033898305084746,0.7966101694915254,15,11.5417,90.8371
64c7193405af,194,161,33,0,0.17010309278350516,0.8298969072164949,0,0.0,36.7752
64d853ef2f8f,152,108,44,0,0.2894736842105263,0.7105263157894737,0,0.0,0.0
64d89f6270ef,148,99,49,0,0.3310810810810811,0.668918918918919,0,0.0,0.0
64da3d4f8181,252,182,70,0,0.2777777777777778,0.7222222222222222,27,12.2787,63.1805
64e742d98505,179,130,46,3,0.2569832402234637,0.7262569832402235,6,6.189,46.5668
64e7f3ba0ab2,229,185,44,0,0.19213973799126638,0.8078602620087336,21,14.801,85.6415
64f90b309891,210,164,46,0,0.21904761904761905,0.780952380952381,25,13.4857,69.7388
64fb4585a1a2,272,181,91,0,0.33455882352941174,0.6654411764705882,0,0.0,0.0
650dabf1b46d,135,89,46,0,0.34074074074074073,0.6592592592592592,17,11.4151,59.4696
651871fee7a4,110,88,22,0,0.2,0.8,11,9.6664,70.9427
6523c91279b3,231,164,39,28,0.16883116883116883,0.70995670995671,0,0.0,0.0
6549ae500a4a,264,176,39,49,0.14772727272727273,0.6666666666666666,2,1.413,60.2844
658be675223f,214,141,52,21,0.24299065420560748,0.6588785046728972,8,8.9233,67.215
659605aeb955,85,54,31,0,0.36470588235294116,0.6352941176470588,1,2.4796,38.2263
65a653ff2eae,163,127,33,3,0.20245398773006135,0.7791411042944786,18,16.3345,73.7946
65ac6785f818,182,112,49,21,0.2692307692307692,0.6153846153846154,19,13.7619,86.6196
65bcc0e4ef30,287,200,54,33,0.18815331010452963,0.6968641114982579,7,10.6461,64.9628
65bed78cb62f,247,173,35,39,0.1417004048582996,0.7004048582995951,6,2.8336,66.4978
65bf2cc6f9ed,212,173,36,3,0.16981132075471697,0.8160377358490566,19,14.0396,56.2149
65cf80cfe609,54,44,10,0,0.18518518518518517,0.8148148148148148,0,0.0,0.0
65eeb8a6bb20,191,147,38,6,0.19895287958115182,0.7696335078534031,8,10.4446,85.5591
65f6854bc7b6,105,72,33,0,0.3142857142857143,0.6857142857142857,0,0.0,0.0
65fc1018a886,106,79,9,18,0.08490566037735849,0.7452830188679245,3,2.6642,65.2023
660731988fc8,97,64,33,0,0.3402061855670103,0.6597938144329897,0,0.0,0.0
6610773ae6ab,174,128,46,0,0.26436781609195403,0.735632183908046,0,0.0,0.0
66197db203b8,106,62,15,29,0.14150943396226415,0.5849056603773585,3,4.332,90.1169
664e570c2dc9,124,88,23,13,0.18548387096774194,0.7096774193548387,1,1.0895,46.7819
6651573b1797,251,205,31,15,0.12350597609561753,0.8167330677290837,4,4.1321,61.5036
66557aa92aba,217,165,52,0,0.23963133640552994,0.7603686635944701,0,0.0,0.0
665fcad8a215,342,264,78,0,0.22807017543859648,0.7719298245614035,7,5.3436,53.5248
665fd2746696,81,62,19,0,0.2345679012345679,0.7654320987654321,5,8.58,80.809
66617150a489,210,152,58,0,0.2761904761904762,0.7238095238095238,7,12.3108,54.2557
6680a6ff460f,101,83,18,0,0.1782178217821782,0.8217821782178217,7,8.2825,48.7915
668c4850b2f8,145,105,39,1,0.2689655172413793,0.7241379310344828,1,6.8741,10.8963
66ac9acd0174,80,53,3,24,0.0375,0.6625,2,5.5054,60.5133
66bf5fa7e14d,149,104,44,1,0.2953020134228188,0.697986577181208,6,5.9586,37.2223
66c2c9894033,126,90,35,1,0.2777777777777778,0.7142857142857143,0,0.0,29.2542
66c3f1134c19,215,168,47,0,0.2186046511627907,0.7813953488372093,6,10.5698,53.8376
66cad79a848b,172,110,62,0,0.36046511627906974,0.6395348837209303,1,1.5488,25.9338
66dc57a3320d,219,177,42,0,0.1917808219178082,0.8082191780821918,8,13.0035,59.9548
66ed3b7961ae,206,155,51,0,0.24757281553398058,0.7524271844660194,0,0.0,35.2142
66f04788a179,46,28,18,0,0.391304347826087,0.6086956521739131,0,0.0,3.5416
66f5cc9041b6,126,82,44,0,0.3492063492063492,0.6507936507936508,0,0.0,0.0
66fab9d13c7a,221,156,30,35,0.13574660633484162,0.7058823529411765,0,0.0,0.0
66fb8b64a9ac,217,175,42,0,0.1935483870967742,0.8064516129032258,11,9.2346,80.0644
67221cc31ec6,226,173,45,8,0.19911504424778761,0.7654867256637168,8,12.1307,87.3047
673035951194,164,136,28,0,0.17073170731707318,0.8292682926829268,0,0.0,0.0
67319450f160,231,177,54,0,0.23376623376623376,0.7662337662337663,5,6.6986,47.1893
6731d5ddd7e9,238,172,61,5,0.25630252100840334,0.7226890756302521,15,13.0783,75.1694
673449b5e46a,65,44,21,0,0.3230769230769231,0.676923076923077,0,0.0,0.0
673fea26c4fa,221,93,25,103,0.11312217194570136,0.42081447963800905,0,0.0,19.1559
6742b677fba0,153,120,28,5,0.1830065359477124,0.7843137254901961,2,13.4872,78.6255
6748bc59dcdc,129,89,35,5,0.2713178294573643,0.689922480620155,1,1.4069,15.0192
67560153b5ce,197,160,37,0,0.18781725888324874,0.8121827411167513,17,14.4562,88.4064
677998d30fbf,239,188,34,17,0.14225941422594143,0.7866108786610879,9,5.0171,64.6439
677df124099d,206,158,48,0,0.23300970873786409,0.7669902912621359,0,0.0,42.5949
678662d4740c,210,150,32,28,0.1523809523809524,0.7142857142857143,4,6.6315,51.2878
67bc9a23a87b,210,146,60,4,0.2857142857142857,0.6952380952380952,8,11.7783,57.4707
67e16e12cd58,153,94,33,26,0.21568627450980393,0.6143790849673203,2,7.2006,52.0706
67e80d793067,196,147,48,1,0.24489795918367346,0.75,8,9.3994,67.8116
67e855cca15a,120,80,40,0,0.3333333333333333,0.6666666666666666,0,0.0,0.0
67fa39eefb55,89,57,29,3,0.3258426966292135,0.6404494382022472,0,0.0,0.0
6811459c1bf0,69,49,20,0,0.2898550724637681,0.7101449275362319,11,9.6481,73.7289
684007dfab26,140,100,34,5,0.24285714285714285,0.7142857142857143,10,5.6244,58.7585
6852a90de22d,99,64,35,0,0.35353535353535354,0.6464646464646465,0,0.0,0.0
685746f40534,258,187,43,28,0.16666666666666666,0.7248062015503876,6,10.1532,93.3228
685903725349,197,156,40,1,0.20304568527918782,0.7918781725888325,8,4.5151,55.0522
6875cac943f8,139,37,102,0,0.7338129496402878,0.26618705035971224,28,24.0463,50.4761
687caedb62d6,120,75,19,26,0.15833333333333333,0.625,0,0.0,0.0
687d89772580,40,27,13,0,0.325,0.675,3,10.0647,61.8698
68825cc3e6ca,165,129,36,0,0.21818181818181817,0.7818181818181819,0,0.0,39.5828
6890c90884c3,157,122,18,17,0.11464968152866242,0.7770700636942676,5,7.8461,70.9305
689100903a58,117,73,41,3,0.3504273504273504,0.6239316239316239,7,12.5992,46.2952
68a362123aff,149,113,36,0,0.24161073825503357,0.7583892617449665,7,16.8137,90.8142
68a68e1d6735,165,131,34,0,0.20606060606060606,0.793939393939394,21,18.0405,77.3819
68d28aa18316,36,26,10,0,0.2777777777777778,0.7222222222222222,0,0.0,14.7415
68d72c5e4c10,214,176,38,0,0.17757009345794392,0.822429906542056,16,7.6309,67.5278
68e3ae430a2a,60,30,20,10,0.3333333333333333,0.5,4,14.975,68.28
68e6f2bbdbb3,139,95,41,3,0.2949640287769784,0.6834532374100719,0,0.0,0.0
68ef1f45254c,121,98,23,0,0.19008264462809918,0.8099173553719008,1,1.8341,57.9834
68f5d0cf5159,190,142,48,0,0.25263157894736843,0.7473684210526316,16,11.3144,62.883
6905286a3f8f,213,168,45,0,0.2112676056338028,0.7887323943661971,0,0.0,0.0
69187b17ca24,106,71,31,4,0.29245283018867924,0.6698113207547169,0,0.0,6.8314
691a9e62ce9f,122,65,12,45,0.09836065573770492,0.5327868852459017,0,0.0,51.2344
691ff411542b,155,116,36,3,0.23225806451612904,0.7483870967741936,12,12.7121,56.5552
69240805aeb7,85,47,16,22,0.18823529411764706,0.5529411764705883,0,0.0,23.1903
694457481697,146,106,40,0,0.273972602739726,0.726027397260274,0,0.0,55.0171
695603da155d,141,73,16,52,0.11347517730496454,0.5177304964539007,4,2.6245,57.5821
6966c2b9fa1a,179,135,44,0,0.24581005586592178,0.7541899441340782,10,15.1047,66.4474
696e3791b559,173,112,40,21,0.23121387283236994,0.6473988439306358,2,3.9566,62.7762
6976004fb0e0,78,64,14,0,0.1794871794871795,0.8205128205128205,0,0.0,0.0
6979ba75d53c,133,97,36,0,0.2706766917293233,0.7293233082706767,5,6.6666,60.1273
69a64d49e142,108,61,47,0,0.4351851851851852,0.5648148148148148,0,0.0,0.0
69a68245b813,118,79,39,0,0.3305084745762712,0.6694915254237288,4,10.2219,27.0325
69ab9dae3fcb,71,49,22,0,0.30985915492957744,0.6901408450704225,0,0.0,0.0
69d0aae1adb4,57,39,12,6,0.21052631578947367,0.6842105263157895,5,8.0002,70.9702
69d6fdc8e8be,166,113,53,0,0.3192771084337349,0.6807228915662651,0,0.0,0.0
69da9f886fc4,142,99,43,0,0.3028169014084507,0.6971830985915493,22,13.707,60.6613
69e1d84705d1,167,127,40,0,0.23952095808383234,0.7604790419161677,7,10.2905,66.7114
69e6550df1d1,51,38,13,0,0.2549019607843137,0.7450980392156863,4,9.5352,65.7364
69ec87fc8b56,151,120,31,0,0.2052980132450331,0.7947019867549668,0,0.0,0.0
69f0dfb6f42c,185,158,26,1,0.14054054054054055,0.8540540540540541,4,12.8983,73.4665
69f32b20f51e,59,37,22,0,0.3728813559322034,0.6271186440677966,0,0.0,0.0
6a10c1733862,207,146,61,0,0.2946859903381642,0.7053140096618358,14,7.7042,65.0772
6a1d806e8de5,216,154,35,27,0.16203703703703703,0.7129629629629629,0,0.0,0.1968
6a1dcc77903f,188,149,39,0,0.2074468085106383,0.7925531914893617,26,11.4548,64.8895
6a2889f097b3,224,149,61,14,0.27232142857142855,0.6651785714285714,0,0.0,0.0
6a363e70baf9,40,33,7,0,0.175,0.825,3,7.6889,56.337
6a43f7e8b37e,31,20,11,0,0.3548387096774194,0.6451612903225806,6,8.1757,78.2486
6a452b5662c1,248,200,48,0,0.1935483870967742,0.8064516129032258,11,5.629,51.3824
6a4705f723c2,215,140,22,53,0.10232558139534884,0.6511627906976745,0,0.0,57.6294
6a5cc0b66b8d,193,127,26,40,0.13471502590673576,0.6580310880829016,1,1.1368,59.8068
6a8bc78952e5,191,131,34,26,0.17801047120418848,0.6858638743455497,0,0.0,0.0
6a8d4ffb2841,159,122,37,0,0.23270440251572327,0.7672955974842768,8,5.0568,56.366
6aa05e4c2cd6,218,99,35,84,0.16055045871559634,0.4541284403669725,0,0.0,53.9764
6ac0b26f1990,118,73,31,14,0.2627118644067797,0.6186440677966102,0,0.0,0.0
6ac47ff65ded,159,123,36,0,0.22641509433962265,0.7735849056603774,0,0.0,0.0
6ac9e66e78a3,243,177,53,13,0.21810699588477367,0.7283950617283951,8,5.838,52.1881
6ad47e443a0a,236,180,45,11,0.1906779661016949,0.7627118644067796,15,11.4243,66.8854
6ad5640ca766,138,103,35,0,0.2536231884057971,0.7463768115942029,14,16.188,80.4825
6ad78c89d6b8,82,68,14,0,0.17073170731707318,0.8292682926829268,7,18.5867,65.5472
6ae06c0101d0,160,124,36,0,0.225,0.775,14,9.2407,63.6703
6ae973c0f334,218,170,48,0,0.22018348623853212,0.7798165137614679,0,0.0,0.0
6aea011ff6ec,116,66,50,0,0.43103448275862066,0.5689655172413793,0,0.0,1.6342
6aff87e11871,67,49,18,0,0.26865671641791045,0.7313432835820896,14,15.6509,61.647
6b10e2f8cd5d,56,35,21,0,0.375,0.625,7,16.9403,70.5719
6b1293bfb887,179,117,37,25,0.20670391061452514,0.6536312849162011,20,10.054,71.1716
6b1d4be55542,55,34,21,0,0.38181818181818183,0.6181818181818182,0,0.0,0.0
6b3066448fce,256,197,59,0,0.23046875,0.76953125,18,11.4258,52.4963
6b356b6a114a,198,147,51,0,0.25757575757575757,0.7424242424242424,17,15.593,76.3626
6b44920a6758,114,86,28,0,0.24561403508771928,0.7543859649122807,15,14.7659,51.6571
6b47d60ee262,213,141,46,26,0.215962441314554,0.6619718309859155,2,12.8006,61.3281
6b4c77b671e8,88,65,23,0,0.26136363636363635,0.7386363636363636,11,12.886,66.0019
6b512a45bd8c,232,169,47,16,0.2025862068965517,0.728448275862069,1,3.6911,49.0234
6b53efd54fca,134,102,32,0,0.23880597014925373,0.7611940298507462,10,10.5469,77.4933
6b5ce8b4c2b7,212,163,49,0,0.23113207547169812,0.7688679245283019,17,16.6565,78.7506
6b69560eba82,160,118,42,0,0.2625,0.7375,0,0.0,0.0
6b84c34486bb,180,104,28,48,0.15555555555555556,0.5777777777777777,5,6.5903,77.2751
6b8b24a48969,143,113,30,0,0.2097902097902098,0.7902097902097902,1,4.3152,48.7442
6b8bcd9c8452,130,88,42,0,0.3230769230769231,0.676923076923077,12,9.0851,60.6308
6b8cf7e2a5e9,105,77,28,0,0.26666666666666666,0.7333333333333333,10,11.8546,70.6406
6b8e655888a5,245,191,54,0,0.22040816326530613,0.7795918367346939,23,17.3035,80.4947
6baaf1d0cb56,190,129,58,3,0.30526315789473685,0.6789473684210526,20,12.6785,59.0286
6bb4cd81976d,265,175,56,33,0.21132075471698114,0.660377358490566,12,14.5126,91.7786
6bb5a1ea7cae,52,35,16,1,0.3076923076923077,0.6730769230769231,1,5.2216,39.6912
6bcc536d2db2,93,60,33,0,0.3548387096774194,0.6451612903225806,0,0.0,0.0
6bd476d515d7,174,141,33,0,0.1896551724137931,0.8103448275862069,14,15.0375,73.7427
6bdd4158abad,129,94,35,0,0.2713178294573643,0.7286821705426356,10,6.6391,46.3562
6bdf65f6a0af,124,82,40,2,0.3225806451612903,0.6612903225806451,0,0.0,12.854
6be53a9c6190,225,158,30,37,0.13333333333333333,0.7022222222222222,3,3.1158,76.6296
6bfa122b5832,124,80,44,0,0.3548387096774194,0.6451612903225806,0,0.0,0.0
6c1ff5288e07,142,97,45,0,0.31690140845070425,0.6830985915492958,0,0.0,6.1707
6c20932e84b6,86,61,25,0,0.29069767441860467,0.7093023255813954,0,0.0,34.7229
6c31153c5dff,169,121,48,0,0.28402366863905326,0.7159763313609467,26,13.9801,85.9131
6c3599d5faf7,188,148,40,0,0.2127659574468085,0.7872340425531915,22,18.5425,91.2704
6c7c3d7b1d1f,166,137,29,0,0.1746987951807229,0.8253012048192772,9,10.5713,66.7465
6c8b94e99dbb,86,65,14,7,0.16279069767441862,0.7558139534883721,1,5.0812,73.9944
6c96bbaf8306,199,144,55,0,0.27638190954773867,0.7236180904522613,10,15.1871,78.1326
6ca88a3bb8a6,291,228,63,0,0.21649484536082475,0.7835051546391752,30,14.6866,94.7922
6ca9348a09b4,200,158,41,1,0.205,0.79,0,0.0,35.5087
6caa7b567d4e,101,79,22,0,0.21782178217821782,0.7821782178217822,0,0.0,37.4451
6cbc6f7259cb,33,20,11,2,0.3333333333333333,0.6060606060606061,1,1.1795,4.454
6cd581a4c4e0,167,104,26,35,0.15568862275449102,0.6227544910179641,2,1.9318,58.3939
6ce32756e33b,115,78,24,13,0.20869565217391303,0.6782608695652174,0,0.0,37.1201
6cf483d54bba,203,154,49,0,0.2413793103448276,0.7586206896551724,18,14.5508,74.8383
6cff031b8d7d,185,135,50,0,0.2702702702702703,0.7297297297297297,21,11.409,69.9524
6d0a1caf8796,128,48,21,59,0.1640625,0.375,1,1.9409,67.3111
6d2bcf1b97f6,104,74,30,0,0.28846153846153844,0.7115384615384616,10,11.2823,69.606
6d2cf90cf2df,111,74,21,16,0.1891891891891892,0.6666666666666666,4,5.0049,64.2578
6d4e9ec6aafe,39,25,14,0,0.358974358974359,0.6410256410256411,0,0.0,7.6675
6d567f83ca71,104,86,18,0,0.17307692307692307,0.8269230769230769,4,14.4089,90.4266
6d5c07d90c18,162,120,36,6,0.2222222222222222,0.7407407407407407,5,11.058,52.7374
6d5cb5353d70,144,112,32,0,0.2222222222222222,0.7777777777777778,0,0.0,0.0
6d9a037aa211,58,40,10,8,0.1724137931034483,0.6896551724137931,6,8.0963,67.7078
6db636a5372b,96,74,22,0,0.22916666666666666,0.7708333333333334,14,14.7095,83.5663
6dcece3682e1,169,98,13,58,0.07692307692307693,0.5798816568047337,3,2.9907,79.7577
6ddb61c8bad3,128,91,32,5,0.25,0.7109375,0,0.0,0.0
6de1c3a8bc0e,75,53,22,0,0.29333333333333333,0.7066666666666667,8,5.6229,56.3126
6deb79f9bae4,94,75,19,0,0.20212765957446807,0.7978723404255319,0,0.0,0.3906
6e04223880c3,270,208,49,11,0.1814814814814815,0.7703703703703704,9,6.9031,47.0901
6e0dbb5af39a,219,166,33,20,0.1506849315068493,0.7579908675799086,14,12.7258,67.6437
6e1fa7c1156d,204,141,55,8,0.2696078431372549,0.6911764705882353,0,0.0,44.5099
6e229bc5d46c,35,24,11,0,0.3142857142857143,0.6857142857142857,0,0.0,8.7738
6e2e6f847032,144,88,47,9,0.3263888888888889,0.6111111111111112,2,2.4521,32.5043
6e320ef7485e,118,85,33,0,0.2796610169491525,0.7203389830508474,0,0.0,0.0
6e4122eef9ed,154,112,42,0,0.2727272727272727,0.7272727272727273,0,0.0,0.0
6e4491b337dd,206,147,55,4,0.2669902912621359,0.7135922330097088,0,0.0,0.0
6e492df128e6,166,119,32,15,0.1927710843373494,0.7168674698795181,8,13.5635,75.0122
6e4dcecad627,227,173,54,0,0.23788546255506607,0.762114537444934,3,3.9322,49.7559
6e52a788e36a,277,233,44,0,0.1588447653429603,0.8411552346570397,10,9.6863,56.4087
6e694031c3e2,122,82,40,0,0.32786885245901637,0.6721311475409836,7,9.2163,62.3779
6e6c2361d595,169,125,31,13,0.1834319526627219,0.7396449704142012,5,3.7949,53.5217
6e70fa6670bd,133,99,33,1,0.24812030075187969,0.7443609022556391,12,9.2911,68.5852
6e79fc78cf67,137,108,29,0,0.2116788321167883,0.7883211678832117,9,7.1671,64.6912
6e84edfad5dc,186,150,25,11,0.13440860215053763,0.8064516129032258,6,4.1168,68.2114
6e8abccc98b7,155,81,21,52,0.13548387096774195,0.5225806451612903,0,0.0,71.5881
6e9f8456612b,177,125,52,0,0.2937853107344633,0.7062146892655368,0,0.0,78.5873
6ea2b5953455,183,128,55,0,0.3005464480874317,0.6994535519125683,0,0.0,0.0
6ea3b98851bd,112,84,28,0,0.25,0.75,0,0.0,0.0
6eb1da90c963,197,144,53,0,0.26903553299492383,0.7309644670050761,0,0.0,0.0
6edc4da86334,94,72,19,3,0.20212765957446807,0.7659574468085106,2,8.3755,52.1561
6ee0840e4cec,85,58,27,0,0.3176470588235294,0.6823529411764706,13,6.4255,51.8982
6ef357192c25,159,117,24,18,0.1509433962264151,0.7358490566037735,5,7.6965,63.4598
6f0935638b47,210,149,61,0,0.2904761904761905,0.7095238095238096,17,19.3619,67.3019
6f23c9de9489,138,101,35,2,0.2536231884057971,0.7318840579710145,9,13.6627,63.3865
6f310463d386,204,156,45,3,0.22058823529411764,0.7647058823529411,5,6.3217,42.9825
6f3aa87bfb96,189,136,40,13,0.21164021164021163,0.7195767195767195,13,8.7067,61.9202
6f50ffdccefb,153,114,39,0,0.2549019607843137,0.7450980392156863,4,9.1522,55.9769
6f5722cf3b8e,133,83,50,0,0.37593984962406013,0.6240601503759399,0,0.0,0.0
6f75edad6dfc,217,149,49,19,0.22580645161290322,0.6866359447004609,5,4.5914,66.7801
6f7964ccd7bf,176,126,37,13,0.21022727272727273,0.7159090909090909,5,8.0902,81.5033
6f8bf6cfb0c0,65,42,20,3,0.3076923076923077,0.6461538461538462,0,0.0,27.4872
6fd2d42591da,144,112,32,0,0.2222222222222222,0.7777777777777778,7,8.8608,74.4568
6fe956eb5739,115,80,15,20,0.13043478260869565,0.6956521739130435,5,13.5971,73.233
70084ac11561,216,168,45,3,0.20833333333333334,0.7777777777777778,9,12.262,74.1684
700a11960e74,242,178,63,1,0.2603305785123967,0.7355371900826446,0,0.0,35.997
700e60e9a130,102,69,32,1,0.3137254901960784,0.6764705882352942,0,0.0,0.0
7011aee2bad0,90,64,26,0,0.28888888888888886,0.7111111111111111,11,8.6105,44.7342
701a0c1cbb55,133,106,27,0,0.20300751879699247,0.7969924812030075,3,4.9362,65.4785
702a3a5fd638,45,19,26,0,0.5777777777777777,0.4222222222222222,0,0.0,0.0
702c576df7df,240,184,56,0,0.23333333333333334,0.7666666666666667,12,8.7601,60.6476
704ca230d7ce,206,152,54,0,0.2621359223300971,0.7378640776699029,6,4.1672,63.829
70537a4b7d85,191,143,32,16,0.16753926701570682,0.7486910994764397,0,0.0,0.0
706a5789a351,170,113,36,21,0.21176470588235294,0.6647058823529411,0,0.0,37.4146
708b83343fa1,203,103,23,77,0.11330049261083744,0.5073891625615764,4,8.0017,66.153
70a840557099,117,85,13,19,0.1111111111111111,0.7264957264957265,4,10.2921,75.4639
70b8788b7d72,157,119,38,0,0.24203821656050956,0.7579617834394905,13,13.4247,80.162
70bbf2767eaa,132,94,38,0,0.2878787878787879,0.7121212121212122,21,17.7094,76.2573
70d813b5e09d,107,89,18,0,0.16822429906542055,0.8317757009345794,3,5.0018,52.655
70f266d7117c,150,92,58,0,0.38666666666666666,0.6133333333333333,10,11.9003,32.9376
70f608a3fafa,221,150,67,4,0.3031674208144796,0.6787330316742082,3,2.42,52.3209
70f71c6fa7ad,155,119,36,0,0.23225806451612904,0.7677419354838709,7,5.632,61.5799
70f9db53cebf,166,121,43,2,0.25903614457831325,0.7289156626506024,16,13.7039,56.8161
70fa73960db8,202,174,23,5,0.11386138613861387,0.8613861386138614,11,9.5596,77.1835
7105b8ee8d4c,139,76,19,44,0.1366906474820144,0.5467625899280576,1,5.7983,58.2047
7120c2334b94,251,201,50,0,0.199203187250996,0.8007968127490039,22,8.2016,67.9764
71284c0b0910,160,108,44,7,0.275,0.675,16,14.3188,83.9172
713f7390942c,144,104,40,0,0.2777777777777778,0.7222222222222222,4,5.8807,48.9532
714fe03e012b,234,162,61,11,0.2606837606837607,0.6923076923076923,0,0.0,0.0
71558dd96f24,169,126,43,0,0.25443786982248523,0.7455621301775148,8,12.6999,67.6834
715ab49e9ccc,147,105,40,2,0.272108843537415,0.7142857142857143,0,0.0,0.0
716055036e3c,192,149,43,0,0.22395833333333334,0.7760416666666666,14,14.4348,62.468
71680defe477,189,128,60,0,0.31746031746031744,0.6772486772486772,6,9.0805,52.8564
719a8909e159,137,110,27,0,0.19708029197080293,0.8029197080291971,2,6.5857,61.4075
71a3a451b367,163,118,38,7,0.2331288343558282,0.7239263803680982,12,14.3188,64.1617
71abdfb52804,173,130,43,0,0.24855491329479767,0.7514450867052023,0,0.0,0.0
71ca19a708b9,153,112,33,8,0.21568627450980393,0.7320261437908496,5,4.9652,64.2563
71dbcf556958,136,103,33,0,0.2426470588235294,0.7573529411764706,21,12.6572,64.8026
71e7c927ed3d,176,118,37,21,0.21022727272727273,0.6704545454545454,2,6.2958,53.4988
71e9b5fc5cd1,245,196,49,0,0.2,0.8,24,18.3731,82.5714
71f3ff8361e8,87,63,24,0,0.27586206896551724,0.7241379310344828,4,8.2199,43.2434
71f72c0faf8f,158,117,41,0,0.25949367088607594,0.740506329113924,0,0.0,0.0
71fc7343524a,243,171,43,29,0.17695473251028807,0.7037037037037037,6,12.5214,60.1929
72273ecaf2d7,179,132,46,1,0.2569832402234637,0.7374301675977654,2,4.2496,34.9625
7234d2bf2df9,238,166,72,0,0.3025210084033613,0.6974789915966386,2,8.2382,36.2106
723a7750742b,133,85,48,0,0.3609022556390977,0.6390977443609023,23,9.0271,60.2982
724fe51b29e0,45,24,21,0,0.4666666666666667,0.5333333333333333,8,5.0568,45.0836
725f6e74ba6a,183,142,35,6,0.1912568306010929,0.7759562841530054,10,8.8104,79.6463
725fc40fce67,141,107,34,0,0.24113475177304963,0.7588652482269503,6,9.3048,80.6
7269db31c46c,57,38,18,1,0.3157894736842105,0.6666666666666666,6,13.4155,58.3572
7274571a802c,95,70,25,0,0.2631578947368421,0.7368421052631579,0,0.0,0.0
72a669da7581,190,151,38,1,0.2,0.7947368421052632,7,12.7182,65.0574
72aa3eb38900,171,129,39,3,0.22807017543859648,0.7543859649122807,14,13.7268,72.4045
72b46ce40040,173,127,46,0,0.2658959537572254,0.7341040462427746,8,9.6695,64.1495
72b9ca2c11e1,151,96,55,0,0.36423841059602646,0.6357615894039735,0,0.0,0.0
72bac273a1df,77,55,22,0,0.2857142857142857,0.7142857142857143,0,0.0,0.0
72d976f2ad72,385,296,82,7,0.21298701298701297,0.7688311688311689,27,12.4573,79.0146
72e64850d127,44,14,7,23,0.1590909090909091,0.3181818181818182,0,0.0,0.0
72e6fcfe23c7,228,176,52,0,0.22807017543859648,0.7719298245614035,15,11.5356,52.0126
72e996bf235d,211,157,54,0,0.2559241706161137,0.7440758293838863,0,0.0,0.0
72ef48dc4b05,96,64,32,0,0.3333333333333333,0.6666666666666666,1,2.2339,25.3571
73264c925b3b,194,136,58,0,0.29896907216494845,0.7010309278350515,0,0.0,0.0
733dbfd0b964,183,130,49,4,0.2677595628415301,0.7103825136612022,12,15.4648,81.5781
735ed10b9f87,177,100,44,33,0.24858757062146894,0.5649717514124294,3,6.3675,64.1541
738aeefd8bc0,130,92,33,5,0.25384615384615383,0.7076923076923077,0,0.0,0.0
738c290ad658,168,124,44,0,0.2619047619047619,0.7380952380952381,6,13.2782,84.7153
738e10c912a9,172,135,37,0,0.21511627906976744,0.7848837209302325,1,3.389,46.0678
73a68f27d958,88,62,26,0,0.29545454545454547,0.7045454545454546,0,0.0,0.0
73b0a645fdad,69,47,22,0,0.3188405797101449,0.6811594202898551,0,0.0,0.0
73ca95633a46,116,93,18,5,0.15517241379310345,0.8017241379310345,13,13.1989,78.4668
73cd33025927,290,239,51,0,0.17586206896551723,0.8241379310344827,28,19.2276,83.2779
73ef865e4905,113,92,21,0,0.18584070796460178,0.8141592920353983,0,0.0,8.3572
73f6bfb643e1,75,41,19,15,0.25333333333333335,0.5466666666666666,1,3.6545,52.3712
74121dc7165c,346,158,188,0,0.5433526011560693,0.45664739884393063,0,0.0,0.0
741f6260e0f7,151,105,46,0,0.304635761589404,0.695364238410596,1,8.8272,22.0901
742e58363ad5,188,146,42,0,0.22340425531914893,0.776595744680851,14,10.6628,76.8494
7436cdbf9876,201,146,55,0,0.2736318407960199,0.7263681592039801,0,0.0,0.0
7453f914420e,242,195,46,1,0.19008264462809918,0.8057851239669421,10,3.5721,67.2012
7459ad1c8971,224,144,37,43,0.16517857142857142,0.6428571428571429,2,2.9755,66.4566
745fb454d6a8,163,115,48,0,0.294478527607362,0.7055214723926381,32,20.4086,74.3576
745ff65e8c4d,201,142,59,0,0.2935323383084577,0.7064676616915423,0,0.0,0.0
746b95b3a329,120,86,34,0,0.2833333333333333,0.7166666666666667,10,10.4004,52.8336
746cfe9ab714,116,74,20,22,0.1724137931034483,0.6379310344827587,1,1.9211,54.7668
747573e239e3,182,151,31,0,0.17032967032967034,0.8296703296703297,11,9.0454,66.2933
748ddaf8e51c,80,59,21,0,0.2625,0.7375,0,0.0,12.6144
749bbeaeb604,163,126,35,2,0.2147239263803681,0.7730061349693251,16,11.0886,64.6652
74a3e5ce5ddf,134,100,34,0,0.2537313432835821,0.746268656716418,7,11.5845,39.1281
750cf428f4f9,113,78,32,3,0.2831858407079646,0.6902654867256637,3,2.5803,32.6614
751b5369155b,218,154,58,6,0.26605504587155965,0.7064220183486238,10,6.9809,57.1686
753743ff6e00,115,87,19,9,0.16521739130434782,0.7565217391304347,0,0.0,0.0
7537c295737f,180,127,23,30,0.12777777777777777,0.7055555555555556,4,6.2027,66.0706
75423e7c7aec,260,191,69,0,0.2653846153846154,0.7346153846153847,14,9.9899,62.8494
7545bb72e943,88,62,26,0,0.29545454545454547,0.7045454545454546,6,5.2582,60.5316
756d99387536,110,66,44,0,0.4,0.6,0,0.0,0.0
757b927de93c,102,75,27,0,0.2647058823529412,0.7352941176470589,0,0.0,55.3162
75835cc8ccb7,188,136,52,0,0.2765957446808511,0.723404255319149,0,0.0,0.0
7584a04126c3,153,102,51,0,0.3333333333333333,0.6666666666666666,14,7.2205,66.8243
758abc79f666,90,34,36,20,0.4,0.37777777777777777,9,14.5523,51.8982
759b9eca3572,233,160,29,44,0.12446351931330472,0.6866952789699571,4,1.741,80.3436
75be11818843,193,132,23,38,0.11917098445595854,0.6839378238341969,0,0.0,66.6336
75cf9bec1ba7,101,77,24,0,0.2376237623762376,0.7623762376237624,0,0.0,0.0
75d6fbb75537,179,122,57,0,0.31843575418994413,0.6815642458100558,0,0.0,0.0
75e0312b501f,143,104,26,13,0.18181818181818182,0.7272727272727273,2,5.4825,31.0043
75e041fb7c1d,137,107,27,3,0.19708029197080293,0.781021897810219,10,6.5613,70.6619
760c42976ae5,188,139,45,4,0.2393617021276596,0.7393617021276596,1,8.8806,41.9006
760f8945b00d,292,225,67,0,0.22945205479452055,0.7705479452054794,15,10.7452,63.6032
7624415370e0,108,74,20,14,0.18518518518518517,0.6851851851851852,0,0.0,39.4104
7641921e308e,218,167,50,1,0.22935779816513763,0.7660550458715596,0,0.0,0.0
764ec457d473,110,80,30,0,0.2727272727272727,0.7272727272727273,9,12.9135,61.351
76511406b9d7,225,158,46,21,0.20444444444444446,0.7022222222222222,11,10.6659,56.1142
76512fc338f0,206,173,33,0,0.16019417475728157,0.8398058252427184,9,8.638,65.8005
76541217a601,189,140,30,19,0.15873015873015872,0.7407407407407407,0,0.0,0.0
7657e325f5f8,125,93,27,5,0.216,0.744,10,11.7783,61.528
765ac70e1d75,219,153,66,0,0.3013698630136986,0.6986301369863014,0,0.0,0.0
765f379ba8bb,117,87,30,0,0.2564102564102564,0.7435897435897436,10,11.7065,71.8842
76646d841dfa,126,100,23,3,0.18253968253968253,0.7936507936507936,4,7.0633,65.4343
766a40322fe1,222,172,50,0,0.22522522522522523,0.7747747747747747,7,4.3915,39.5081
7670f6b1a24f,191,146,45,0,0.2356020942408377,0.7643979057591623,13,10.3851,57.3105
767cafac7ddf,125,89,36,0,0.288,0.712,0,0.0,0.0
768028319360,65,46,19,0,0.2923076923076923,0.7076923076923077,4,7.2922,87.2849
768098d5b47a,56,36,20,0,0.35714285714285715,0.6428571428571429,7,5.5496,56.8954
768c8df7881c,148,118,30,0,0.20270270270270271,0.7972972972972973,15,8.5281,68.9331
76a17a9705fd,230,167,44,19,0.19130434782608696,0.7260869565217392,5,7.338,35.5667
76a8ff1f9493,211,153,56,2,0.26540284360189575,0.7251184834123223,15,11.8851,85.6918
76b8865c3acb,184,131,15,38,0.08152173913043478,0.7119565217391305,0,0.0,21.3608
76c8934b7350,249,196,52,1,0.20883534136546184,0.7871485943775101,4,10.6628,55.0949
76d1bcd4b79d,80,55,25,0,0.3125,0.6875,6,12.3901,45.9625
76d4adfe3754,248,203,45,0,0.1814516129032258,0.8185483870967742,3,2.0294,57.2327
7703dca0de14,193,120,40,33,0.20725388601036268,0.6217616580310881,0,0.0,0.0
77086e72bf6d,192,143,49,0,0.2552083333333333,0.7447916666666666,4,6.0928,70.7413
77138e87f7ed,43,18,20,5,0.46511627906976744,0.4186046511627907,0,0.0,0.0
771b4d1f002d,178,129,46,3,0.25842696629213485,0.7247191011235955,0,0.0,57.4097
772161b22125,308,201,45,62,0.1461038961038961,0.6525974025974026,0,0.0,48.0179
773997a45c3f,192,147,45,0,0.234375,0.765625,1,5.5481,71.7728
773d5f35cb24,127,104,23,0,0.18110236220472442,0.8188976377952756,8,10.2753,65.7166
773e080a5857,284,203,58,23,0.20422535211267606,0.7147887323943662,0,0.0,0.0
774b7c9a6f5c,126,96,30,0,0.23809523809523808,0.7619047619047619,6,11.2442,54.2664
774c9b631a29,246,179,67,0,0.27235772357723576,0.7276422764227642,23,10.6506,86.2259
77545268b9c0,19,11,8,0,0.42105263157894735,0.5789473684210527,0,0.0,0.0
775abecd4e71,175,129,46,0,0.26285714285714284,0.7371428571428571,13,11.4487,58.5266
775d39466b47,109,84,25,0,0.22935779816513763,0.7706422018348624,11,19.223,95.2652
777e89beb78f,221,167,54,0,0.24434389140271492,0.755656108597285,9,9.6405,43.2587
7788ddca67e3,203,153,38,12,0.18719211822660098,0.7536945812807881,0,0.0,0.0
778bd33e4eb7,238,193,45,0,0.18907563025210083,0.8109243697478992,15,11.4304,72.6135
7790f122a65e,152,117,20,15,0.13157894736842105,0.7697368421052632,7,7.8827,64.1571
77a014f1f7f9,39,13,9,17,0.23076923076923078,0.3333333333333333,0,0.0,0.0
77a4c2c4f650,95,63,32,0,0.3368421052631579,0.6631578947368421,0,0.0,0.0
77a8d4500bd3,215,159,52,4,0.24186046511627907,0.7395348837209302,8,8.8821,66.1087
77c6467a0d8f,247,161,61,25,0.24696356275303644,0.6518218623481782,15,14.5523,70.8878
77d2d284e6b6,211,135,34,42,0.16113744075829384,0.6398104265402843,5,8.0963,81.8405
77d849c7c5d2,238,159,50,29,0.21008403361344538,0.6680672268907563,3,1.8784,60.701
77de0e765d87,232,168,64,0,0.27586206896551724,0.7241379310344828,8,10.4996,69.397
780229c1e770,223,165,34,24,0.15246636771300448,0.7399103139013453,6,2.7802,65.7501
78138d4fc0b8,89,58,25,6,0.2808988764044944,0.651685393258427,7,13.6032,89.415
7817ae2d392b,243,197,46,0,0.18930041152263374,0.8106995884773662,22,5.7541,54.2847
784c60e4447c,67,51,16,0,0.23880597014925373,0.7611940298507462,0,0.0,24.292
785b6f565b34,201,133,50,18,0.24875621890547264,0.6616915422885572,0,0.0,0.0
787b336dec5e,187,134,45,7,0.24064171122994651,0.7165775401069518,1,2.8488,56.9138
7889a8d81587,179,145,34,0,0.18994413407821228,0.8100558659217877,10,9.9426,54.2145
789a88aa6341,107,84,23,0,0.21495327102803738,0.7850467289719626,0,0.0,0.0
78a5b3a0da32,111,79,32,0,0.2882882882882883,0.7117117117117117,3,10.202,65.0223
78ad8ce5fe53,188,99,12,77,0.06382978723404255,0.526595744680851,0,0.0,35.2859
78b2a5226572,235,177,58,0,0.24680851063829787,0.7531914893617021,20,6.9565,61.4471
78bd2af7d449,193,138,55,0,0.2849740932642487,0.7150259067357513,10,12.883,61.5021
78d0d8888cb5,334,156,178,0,0.5329341317365269,0.46706586826347307,0,0.0,0.0
78d70c1732ef,167,125,42,0,0.25149700598802394,0.7485029940119761,20,10.994,61.9507
78df50e8abf5,186,129,35,21,0.1881720430107527,0.6935483870967742,0,0.0,38.1195
78e46173ed26,120,90,30,0,0.25,0.75,0,0.0,0.0
78fa6eadfc40,173,131,42,0,0.24277456647398843,0.7572254335260116,2,11.8607,87.5076
78fb9c534fe8,107,74,33,0,0.308411214953271,0.6915887850467289,0,0.0,0.0
7907a6d9eb98,208,156,31,21,0.14903846153846154,0.75,1,3.4973,48.9899
79538de71a07,147,83,37,27,0.25170068027210885,0.564625850340136,7,12.6328,67.9489
79651b24fbb0,278,198,67,13,0.24100719424460432,0.7122302158273381,39,13.3759,82.6996
7982c501352a,229,169,59,1,0.2576419213973799,0.7379912663755459,7,9.7321,69.5892
7989dc8593e5,91,62,29,0,0.31868131868131866,0.6813186813186813,0,0.0,0.0
798b6d2cc34c,275,201,74,0,0.2690909090909091,0.730909090909091,28,13.1927,67.392
798bad8db4b9,258,137,24,97,0.09302325581395349,0.5310077519379846,0,0.0,35.3561
799cb4b13d53,90,57,33,0,0.36666666666666664,0.6333333333333333,5,4.1428,52.771
799e5493454e,149,106,43,0,0.28859060402684567,0.7114093959731543,14,11.3068,74.5956
79af987e53cf,86,40,13,33,0.1511627906976744,0.46511627906976744,0,0.0,0.0
79b3f2787261,241,185,56,0,0.23236514522821577,0.7676348547717843,27,11.2488,65.6067
79c0ed7b8274,318,232,86,0,0.27044025157232704,0.7295597484276729,14,12.1643,66.6931
79c8f162b231,124,95,29,0,0.23387096774193547,0.7661290322580645,16,14.2502,66.1179
79d835c58855,255,190,57,8,0.2235294117647059,0.7450980392156863,1,5.2216,33.2016
79f2a04c4e2d,144,104,40,0,0.2777777777777778,0.7222222222222222,0,0.0,0.0
7a037cc442f5,82,64,18,0,0.21951219512195122,0.7804878048780488,7,7.4371,43.634
7a059d43b8f1,82,57,23,2,0.2804878048780488,0.6951219512195121,1,2.4155,50.6882
7a0a36bc6119,27,14,12,1,0.4444444444444444,0.5185185185185185,0,0.0,0.0
7a1b601b146a,191,138,53,0,0.2774869109947644,0.7225130890052356,11,9.9777,64.4821
7a2980fb744c,43,36,7,0,0.16279069767441862,0.8372093023255814,5,13.9755,90.8401
7a464bac7623,187,135,47,5,0.25133689839572193,0.7219251336898396,9,9.5383,48.3185
7a7cf950c048,151,101,50,0,0.33112582781456956,0.6688741721854304,0,0.0,0.0
7a7df1b2eabf,121,92,27,2,0.2231404958677686,0.7603305785123967,2,16.333,62.2406
7a8adc17b081,104,66,35,3,0.33653846153846156,0.6346153846153846,0,0.0,0.0
7ac75b11d166,203,146,49,8,0.2413793103448276,0.7192118226600985,5,11.6302,61.6531
7ad575414ac3,179,129,43,7,0.24022346368715083,0.7206703910614525,10,10.5331,65.9958
7adbbe8f689e,177,109,33,35,0.1864406779661017,0.615819209039548,9,18.0679,85.2936
7ae412eda1a4,214,162,52,0,0.24299065420560748,0.7570093457943925,17,19.3695,83.9279
7af4089a1002,114,77,37,0,0.32456140350877194,0.6754385964912281,0,0.0,0.0
7af6609d5476,37,25,12,0,0.32432432432432434,0.6756756756756757,7,13.06,57.0648
7b0067248bea,185,138,47,0,0.25405405405405407,0.745945945945946,20,18.5806,74.6506
7b167a43593c,308,240,54,14,0.17532467532467533,0.7792207792207793,21,10.1959,53.3646
7b22fd3e61cb,46,33,12,1,0.2608695652173913,0.717391304347826,1,8.5373,58.1696
7b4620ce61fb,241,192,49,0,0.2033195020746888,0.7966804979253111,5,12.0377,72.6822
7b5c303bc727,163,116,47,0,0.2883435582822086,0.7116564417177914,15,10.5057,67.2821
7b7884a293fa,98,73,25,0,0.25510204081632654,0.7448979591836735,7,8.9523,61.0245
7b87b209b60e,173,114,57,2,0.32947976878612717,0.6589595375722543,0,0.0,0.0
7b8d2f39e387,231,185,45,1,0.19480519480519481,0.8008658008658008,12,9.6664,66.7496
7baf8e46e872,155,119,32,4,0.2064516129032258,0.7677419354838709,1,2.7985,62.5412
7bb1820c1aa2,138,90,32,16,0.2318840579710145,0.6521739130434783,6,7.8232,66.4261
7bb9269813e0,222,172,34,16,0.15315315315315314,0.7747747747747747,11,7.5806,71.3806
7bd0182b68e2,139,91,48,0,0.34532374100719426,0.6546762589928058,12,14.6606,56.7078
7bd46f8d2cc1,67,44,22,1,0.3283582089552239,0.6567164179104478,4,10.379,36.4395
7bdba25e2792,247,170,58,19,0.23481781376518218,0.6882591093117408,3,2.6199,35.5072
7bed5662489b,203,148,55,0,0.270935960591133,0.729064039408867,0,0.0,0.0
7c03cedfde9b,18,9,9,0,0.5,0.5,0,0.0,3.4821
7c064b4fa484,232,174,58,0,0.25,0.75,10,14.3417,78.9703
7c0c6effa413,115,86,29,0,0.25217391304347825,0.7478260869565218,0,0.0,0.0
7c3ee2721604,121,62,54,5,0.4462809917355372,0.512396694214876,8,15.1367,61.6776
7c440d8eb7db,282,214,68,0,0.24113475177304963,0.7588652482269503,11,8.8821,65.5243
7c6e364decc2,185,116,32,37,0.17297297297297298,0.6270270270270271,14,7.2754,75.4288
7c7189f32365,221,164,56,1,0.25339366515837103,0.7420814479638009,7,5.7159,49.2477
7c79546e808a,205,157,48,0,0.23414634146341465,0.7658536585365854,17,15.3076,74.4583
7c7ba4a041b9,108,70,30,8,0.2777777777777778,0.6481481481481481,17,16.0843,70.6146
7c846f20f6da,85,58,27,0,0.3176470588235294,0.6823529411764706,0,0.0,0.0
7c86ff19f62a,90,66,24,0,0.26666666666666666,0.7333333333333333,6,8.316,68.2663
7c8798951846,133,92,39,2,0.2932330827067669,0.6917293233082706,0,0.0,0.0
7c90a7a9ea4b,12,10,2,0,0.16666666666666666,0.8333333333333334,2,12.1201,81.4804
7c9d2571c6ce,217,167,50,0,0.2304147465437788,0.7695852534562212,11,6.3843,93.1137
7c9f66690162,146,74,24,48,0.1643835616438356,0.5068493150684932,3,4.9347,55.5054
7cbab4cb4f2b,142,113,29,0,0.20422535211267606,0.795774647887324,1,1.6693,30.5511
7cbeecc6a98f,116,90,26,0,0.22413793103448276,0.7758620689655172,0,0.0,0.0
7cc3935f0c25,247,199,44,4,0.17813765182186234,0.805668016194332,0,0.0,0.0
7cda83366088,116,73,43,0,0.3706896551724138,0.6293103448275862,13,12.1582,52.7542
7d0ddf6bf84b,149,114,35,0,0.2348993288590604,0.7651006711409396,7,14.6194,72.6837
7d1d9ad923a9,198,129,39,30,0.19696969696969696,0.6515151515151515,4,3.3066,78.9993
7d3af9f4ccc9,188,161,26,0,0.13829787234042554,0.8563829787234043,8,8.2199,65.8783
7d579241dab0,282,198,38,46,0.1347517730496454,0.7021276595744681,1,1.9989,75.3128
7d581d0082d6,37,17,6,14,0.16216216216216217,0.4594594594594595,0,0.0,0.0
7d5dbfb91ce9,36,19,1,16,0.027777777777777776,0.5277777777777778,1,1.8066,56.3766
7d60fa34382d,79,63,16,0,0.20253164556962025,0.7974683544303798,10,12.8128,90.2542
7d61619d2dfb,238,171,50,17,0.21008403361344538,0.7184873949579832,0,0.0,0.0
7d75d4e19e31,228,119,39,70,0.17105263157894737,0.5219298245614035,1,1.7914,45.4361
7d80be46df79,220,143,35,42,0.1590909090909091,0.65,19,15.1688,86.2442
7d86c5e09004,185,136,49,0,0.2648648648648649,0.7351351351351352,0,0.0,0.0
7d86f8993e77,126,100,24,2,0.19047619047619047,0.7936507936507936,2,2.6398,67.6071
7d87113027d6,76,47,29,0,0.3815789473684211,0.618421052631579,2,14.2838,48.2666
7db49c48802f,131,91,40,0,0.3053435114503817,0.6946564885496184,14,9.5428,52.5406
7dc96e4c8758,242,181,61,0,0.25206611570247933,0.7479338842975206,8,14.1861,78.9627
7dcb52d4a04f,292,225,67,0,0.22945205479452055,0.7705479452054794,8,11.0428,55.6412
7de199117797,88,58,30,0,0.3409090909090909,0.6590909090909091,0,0.0,0.0
7df260d73a12,324,237,76,11,0.2345679012345679,0.7314814814814815,13,12.0316,59.4116
7e059274c3af,168,132,36,0,0.21428571428571427,0.7857142857142857,2,3.096,37.854
7e1474b005f7,161,122,39,0,0.2422360248447205,0.7577639751552795,0,0.0,0.0
7e26b6fec976,301,222,65,14,0.2159468438538206,0.7375415282392026,4,6.9656,55.0919
7e33e3ef6468,173,116,52,5,0.30057803468208094,0.6705202312138728,0,0.0,0.0
7e424dff3f54,39,24,10,5,0.2564102564102564,0.6153846153846154,0,0.0,0.0
7e43dec1572c,253,192,61,0,0.24110671936758893,0.758893280632411,10,6.3324,55.9006
7e6194d098fc,162,99,12,51,0.07407407407407407,0.6111111111111112,0,0.0,70.7718
7e69ef88f906,288,195,23,70,0.0798611111111111,0.6770833333333334,3,6.7642,63.2355
7e77e55ae8c5,123,89,34,0,0.2764227642276423,0.7235772357723578,11,7.1182,60.0876
7e7c7d39cc9b,96,74,22,0,0.22916666666666666,0.7708333333333334,2,1.6205,68.6035
7e8136cda906,197,154,43,0,0.2182741116751269,0.7817258883248731,7,7.2311,48.7671
7eb79f361942,210,174,36,0,0.17142857142857143,0.8285714285714286,14,15.9302,66.6428
7ec4b5a5d165,178,140,38,0,0.21348314606741572,0.7865168539325843,17,8.3847,56.2668
7ec551736c90,145,105,27,13,0.18620689655172415,0.7241379310344828,2,3.3356,84.2438
7ee503e117d7,176,121,52,3,0.29545454545454547,0.6875,6,5.4153,72.3434
7ef96252ee2a,185,136,35,14,0.1891891891891892,0.7351351351351352,2,9.7107,47.6242
7efadcaf19d4,194,144,47,0,0.2422680412371134,0.7422680412371134,11,11.2961,73.5291
7efede6ad015,121,72,13,36,0.10743801652892562,0.5950413223140496,3,4.6722,56.3629
7f15c706a91a,125,94,27,4,0.216,0.752,8,9.5032,60.2112
7f4419ddb342,266,192,70,4,0.2631578947368421,0.7218045112781954,28,13.4369,82.4585
7f46d3906c54,165,128,37,0,0.22424242424242424,0.7757575757575758,4,15.4144,80.22
7f57053f6510,241,196,45,0,0.18672199170124482,0.8132780082987552,14,8.165,61.9492
7f67cf96a4d9,151,114,37,0,0.24503311258278146,0.7549668874172185,4,14.9094,73.0789
7f8e10f3342e,100,76,23,1,0.23,0.76,7,5.2628,84.7916
7f99c8b70a5d,180,149,30,1,0.16666666666666666,0.8277777777777777,17,15.8569,79.1794
7fa4634ab59a,136,107,29,0,0.21323529411764705,0.7867647058823529,2,4.303,9.3887
7fbd12db8dce,275,204,60,10,0.21818181818181817,0.7418181818181818,22,9.4269,70.5368
7fd7f2b3b421,163,123,39,1,0.2392638036809816,0.754601226993865,1,2.3438,47.2519
7fdda19fabed,106,71,26,9,0.24528301886792453,0.6698113207547169,10,13.6719,68.7347
7fe78b22d81b,40,23,17,0,0.425,0.575,0,0.0,0.0
800148401715,161,97,19,45,0.11801242236024845,0.6024844720496895,0,0.0,0.0
80037713c442,197,137,26,34,0.1319796954314721,0.6954314720812182,7,9.3826,64.8148
8013d514fff8,185,140,45,0,0.24324324324324326,0.7567567567567568,0,0.0,0.0
80175c7d26a0,248,214,34,0,0.13709677419354838,0.8629032258064516,9,12.4908,67.3599
8033d6e0a204,99,64,26,9,0.26262626262626265,0.6464646464646465,0,0.0,0.0
8035c40dd9e7,197,139,25,33,0.12690355329949238,0.7055837563451777,7,12.5763,71.1197
80628cfdceb8,191,141,46,4,0.24083769633507854,0.7382198952879581,9,8.2901,74.231
80645c22c26e,192,135,57,0,0.296875,0.703125,0,0.0,0.0
8065167dbab0,171,107,64,0,0.3742690058479532,0.6257309941520468,8,9.7519,57.0908
80705f120963,70,48,22,0,0.3142857142857143,0.6857142857142857,0,0.0,0.0
808b08eee6fc,162,121,41,0,0.25308641975308643,0.7469135802469136,0,0.0,0.0
80983c7885cd,211,150,25,36,0.11848341232227488,0.7109004739336493,2,2.6962,71.8353
80a9fb86cc68,162,129,33,0,0.2037037037037037,0.7962962962962963,9,5.5634,60.9848
80b57cbfbaa4,95,62,33,0,0.3473684210526316,0.6526315789473685,9,15.5014,46.9986
80b59404657a,220,160,60,0,0.2727272727272727,0.7272727272727273,0,0.0,0.0
80c676be1595,125,87,18,20,0.144,0.696,3,2.0905,59.1553
80c69b5f428d,146,114,32,0,0.2191780821917808,0.7808219178082192,0,0.0,0.0
80e3e8610588,256,185,55,16,0.21484375,0.72265625,0,0.0,0.0
80e4dd1d33d2,225,158,66,1,0.29333333333333333,0.7022222222222222,0,0.0,0.0
80f7cfb8ff20,177,133,44,0,0.24858757062146894,0.751412429378531,9,9.1675,80.2048
80fb0f7ade62,145,110,35,0,0.2413793103448276,0.7586206896551724,13,13.7711,74.0524
810146d12991,250,200,50,0,0.2,0.8,13,10.0204,80.4504
810482a949cb,96,61,29,6,0.3020833333333333,0.6354166666666666,6,13.9572,69.5007
812a1113758f,103,57,44,2,0.42718446601941745,0.5533980582524272,0,0.0,0.0
813691e100f1,133,101,32,0,0.24060150375939848,0.7593984962406015,0,0.0,0.0
8143e5473a65,188,140,38,10,0.20212765957446807,0.7446808510638298,9,8.2443,84.3903
814e03e0dabe,192,119,11,62,0.057291666666666664,0.6197916666666666,3,2.9221,57.7637
815c0f16b5b8,216,163,53,0,0.24537037037037038,0.7546296296296297,14,15.8173,83.9005
81750e90bca0,104,84,20,0,0.19230769230769232,0.8076923076923077,5,10.791,74.9313
8179b3565093,154,108,33,13,0.21428571428571427,0.7012987012987013,6,8.1543,50.2121
81862fbd04fd,178,127,51,0,0.28651685393258425,0.7134831460674157,22,9.523,77.3468
819253f1316d,142,94,48,0,0.3380281690140845,0.6619718309859155,2,2.4948,48.2391
819d52e0a776,175,131,44,0,0.25142857142857145,0.7485714285714286,6,10.5057,65.8112
81adb00db7e7,196,136,52,8,0.2653061224489796,0.6938775510204082,5,9.8831,46.9055
81b61c22e893,101,80,21,0,0.2079207920792079,0.7920792079207921,4,9.5306,55.7541
81b6b10c60f3,184,131,48,4,0.2608695652173913,0.7119565217391305,12,10.0143,55.2414
81cdd8883ff6,248,179,54,15,0.21774193548387097,0.7217741935483871,6,8.1329,66.9098
81d80ab1d978,187,146,41,0,0.2192513368983957,0.7807486631016043,7,15.6403,49.4843
81d946312f17,100,63,36,1,0.36,0.63,9,6.8008,69.3878
823097b40e8a,205,165,40,0,0.1951219512195122,0.8048780487804879,8,7.785,62.9608
824dfb4e8eb2,35,24,11,0,0.3142857142857143,0.6857142857142857,1,6.2653,44.751
825c6002ff3a,242,192,46,4,0.19008264462809918,0.7933884297520661,0,0.0,0.0
8271c1f76156,31,18,13,0,0.41935483870967744,0.5806451612903226,2,5.5466,26.7899
82896ceb2674,255,183,49,23,0.19215686274509805,0.7176470588235294,2,5.9021,50.3616
828b6eff01c7,234,172,60,2,0.2564102564102564,0.7350427350427351,0,0.0,0.0
8299e52f9a53,108,76,32,0,0.2962962962962963,0.7037037037037037,18,10.9909,72.5677
82b8e31cf5bd,183,142,41,0,0.22404371584699453,0.7759562841530054,7,11.7218,37.6221
82c289e2fb53,99,80,19,0,0.1919191919191919,0.8080808080808081,1,9.0469,53.5278
82dae0379e4a,261,205,56,0,0.21455938697318008,0.7854406130268199,15,10.0739,57.0679
82f3e320faea,96,63,33,0,0.34375,0.65625,0,0.0,0.0
82fbcd590d55,112,76,11,23,0.09821428571428571,0.6785714285714286,4,5.0247,59.8022
8302a3549f2f,235,157,20,58,0.0851063829787234,0.6680851063829787,2,6.4575,77.2156
83300a2310d4,240,196,43,1,0.17916666666666667,0.8166666666666667,11,9.0378,58.1039
8334f4fbcf2d,95,63,32,0,0.3368421052631579,0.6631578947368421,0,0.0,0.0
833808e99964,208,114,20,74,0.09615384615384616,0.5480769230769231,2,10.1669,76.1276
83388ee25283,154,115,37,2,0.24025974025974026,0.7467532467532467,20,10.4965,93.0038
835061458363,86,70,11,5,0.12790697674418605,0.813953488372093,6,10.35,63.4842
835c2db7726b,226,163,63,0,0.27876106194690264,0.7212389380530974,18,10.8582,71.846
8364aaf55439,108,83,25,0,0.23148148148148148,0.7685185185185185,2,4.1061,37.8769
83661e7cf861,147,96,42,9,0.2857142857142857,0.6530612244897959,0,0.0,0.0
836a1e6bea9f,206,156,50,0,0.24271844660194175,0.7572815533980582,19,6.8619,76.6815
839955471941,189,147,26,16,0.13756613756613756,0.7777777777777778,2,5.3207,74.3301
83b8997aa1eb,245,189,56,0,0.22857142857142856,0.7714285714285715,9,10.8475,62.3184
83c1a647fece,225,171,54,0,0.24,0.76,20,12.4466,82.0084
83cc96d7745a,141,106,35,0,0.24822695035460993,0.75177304964539,0,0.0,19.4611
83d0de668184,175,117,58,0,0.3314285714285714,0.6685714285714286,10,8.3954,55.7205
83f94c8caeae,212,148,49,15,0.23113207547169812,0.6981132075471698,10,11.5341,53.0533
83ff615957c9,247,190,56,1,0.22672064777327935,0.7692307692307693,0,0.0,0.0
8410fae68bb5,59,42,17,0,0.288135593220339,0.711864406779661,4,11.0931,81.3171
84110cd444dd,218,159,50,9,0.22935779816513763,0.7293577981651376,3,4.8492,69.7876
84135442a04a,196,156,33,7,0.1683673469387755,0.7959183673469388,12,10.289,68.1885
8423df90dddd,89,64,25,0,0.2808988764044944,0.7191011235955056,0,0.0,0.0
842f019a8604,126,63,56,7,0.4444444444444444,0.5,10,10.585,60.3943
8434a27f3a5a,155,124,31,0,0.2,0.8,11,9.5901,75.0168
84405e9c0ebe,179,154,25,0,0.13966480446927373,0.8603351955307262,10,7.6157,62.7716
846ffdd927cf,192,137,55,0,0.2864583333333333,0.7135416666666666,14,12.648,62.7808
847db624a7a9,157,111,46,0,0.2929936305732484,0.7070063694267515,0,0.0,0.0
848811eccf00,120,98,22,0,0.18333333333333332,0.8166666666666667,4,4.1321,25.3235
8488c41966af,412,317,94,1,0.22815533980582525,0.7694174757281553,18,8.1894,71.6354
848d1942cc5b,85,55,30,0,0.35294117647058826,0.6470588235294118,1,1.6876,31.8451
8495f8040d55,287,220,54,13,0.18815331010452963,0.7665505226480837,8,7.402,45.8481
84a64d55903e,250,157,60,33,0.24,0.628,10,9.9075,66.1194
84ac33bcd6d2,221,136,32,53,0.14479638009049775,0.6153846153846154,5,3.8071,90.5899
84ae5b7bd213,182,139,43,0,0.23626373626373626,0.7637362637362637,13,11.2411,55.9387
84b1bdc06545,255,184,71,0,0.2784313725490196,0.7215686274509804,7,17.1722,57.5394
84bc390199b8,152,115,33,4,0.21710526315789475,0.756578947368421,9,8.6121,93.9072
84c489d89dcb,149,111,38,0,0.2550335570469799,0.7449664429530202,9,13.8641,58.1879
84d0f286cb63,133,103,30,0,0.22556390977443608,0.7744360902255639,22,14.2609,74.1608
84ddef23ac36,215,163,51,1,0.2372093023255814,0.7581395348837209,0,0.0,0.0
84def2e319d3,227,177,43,7,0.1894273127753304,0.7797356828193832,22,12.7167,64.6606
84ea71bf97d0,126,82,39,5,0.30952380952380953,0.6507936507936508,8,8.461,59.9411
84f098dc3c4b,214,171,39,4,0.1822429906542056,0.7990654205607477,7,2.8137,44.6426
84f400518ff3,148,93,40,15,0.2702702702702703,0.6283783783783784,0,0.0,0.0
85023ba8cc7f,264,186,73,5,0.2765151515151515,0.7045454545454546,0,0.0,0.0
850b9fffc697,42,29,10,3,0.23809523809523808,0.6904761904761905,0,0.0,0.0
8520e95c4909,194,144,50,0,0.25773195876288657,0.7422680412371134,0,0.0,0.0
853e2ccb308b,116,79,37,0,0.31896551724137934,0.6810344827586207,25,13.6093,75.0259
8546b73cb149,167,126,41,0,0.24550898203592814,0.7544910179640718,8,4.5563,57.2159
85476f0cdde5,99,81,18,0,0.18181818181818182,0.8181818181818182,7,7.1808,84.2407
85498a995584,239,197,21,21,0.08786610878661087,0.8242677824267782,3,4.1458,56.2378
855256cd7062,211,167,44,0,0.20853080568720378,0.7914691943127962,18,15.1764,75.9216
85537a74e187,255,200,51,4,0.2,0.7843137254901961,17,12.2147,61.0687
85625c85e373,219,169,50,0,0.228310502283105,0.771689497716895,16,11.3571,69.3207
85696dd6d6be,51,40,9,2,0.17647058823529413,0.7843137254901961,3,6.6864,51.77
8582b59b4163,66,44,22,0,0.3333333333333333,0.6666666666666666,1,2.5833,46.7484
85874a84d6fd,204,143,47,14,0.23039215686274508,0.7009803921568627,10,15.2374,58.786
858f5e5afdc1,212,175,37,0,0.17452830188679244,0.8254716981132075,10,7.7896,70.9412
8596a2f7e68a,166,137,29,0,0.1746987951807229,0.8253012048192772,8,4.8233,31.8741
85b2c32f1682,236,193,43,0,0.18220338983050846,0.8177966101694916,9,12.4893,57.843
85b31dab1e99,41,30,11,0,0.2682926829268293,0.7317073170731707,6,7.5775,74.704
85b43e64b68f,147,104,43,0,0.2925170068027211,0.7074829931972789,0,0.0,0.0
85b7018a9e52,307,226,80,1,0.26058631921824105,0.7361563517915309,0,0.0,0.0
85b7b5e97f05,144,99,45,0,0.3125,0.6875,11,11.9919,59.2163
85e36b2e9201,228,145,37,45,0.16228070175438597,0.6359649122807017,2,3.3752,59.9731
85ec340020fb,106,83,23,0,0.2169811320754717,0.7830188679245284,10,11.3358,67.0074
85fb392d25b2,205,153,52,0,0.25365853658536586,0.7463414634146341,0,0.0,0.0
8605810b8ba1,231,174,30,27,0.12987012987012986,0.7532467532467533,8,10.7086,94.6945
8634ef0b80d1,242,175,67,0,0.2768595041322314,0.7231404958677686,0,0.0,0.0
864442925e04,29,20,9,0,0.3103448275862069,0.6896551724137931,0,0.0,0.0
8647686bb5a9,160,114,37,9,0.23125,0.7125,9,10.3043,56.7856
8654f1e5bde9,82,47,22,13,0.2682926829268293,0.573170731707317,4,4.9164,39.7354
865f64d01313,162,116,46,0,0.2839506172839506,0.7160493827160493,15,8.4229,64.949
86756422e5a9,111,68,30,13,0.2702702702702703,0.6126126126126126,0,0.0,28.5095
8679a305ae1c,243,199,44,0,0.18106995884773663,0.8189300411522634,1,4.2389,68.5928
867b4fa9b0b2,156,108,31,17,0.1987179487179487,0.6923076923076923,7,18.5028,73.8663
867bf41f6098,260,203,42,15,0.16153846153846155,0.7807692307692308,4,5.9616,66.8655
867e8aabc946,251,194,54,3,0.2151394422310757,0.7729083665338645,5,4.8981,60.1791
8690e050e07c,153,113,32,4,0.20915032679738563,0.738562091503268,7,9.7305,68.9835
8692eb523165,216,151,55,10,0.25462962962962965,0.6990740740740741,29,18.634,72.8622
86983b5439f4,281,223,58,0,0.20640569395017794,0.7935943060498221,14,6.3324,42.099
86a2e973602e,232,179,53,0,0.22844827586206898,0.771551724137931,8,5.1865,57.5165
86ac44c7c69c,164,106,54,4,0.32926829268292684,0.6463414634146342,0,0.0,0.0
86c1e0a1ff57,143,104,16,23,0.11188811188811189,0.7272727272727273,0,0.0,61.6806
86ceb5f49a8c,193,126,32,35,0.16580310880829016,0.6528497409326425,3,2.301,71.4233
86d1fcf77096,161,126,35,0,0.21739130434782608,0.782608695652174,4,3.8116,65.4724
86d4621be3de,213,155,36,22,0.16901408450704225,0.7276995305164319,9,17.6315,62.5534
86d82664f0e6,344,268,76,0,0.22093023255813954,0.7790697674418605,14,14.5615,89.83
86e8d69d1493,207,158,48,1,0.2318840579710145,0.7632850241545893,21,14.4348,85.3668
86f0a558cecd,45,27,18,0,0.4,0.6,0,0.0,0.0
86fad088e106,213,141,72,0,0.3380281690140845,0.6619718309859155,0,0.0,0.0
86ffb5b169bb,181,116,28,37,0.15469613259668508,0.6408839779005525,15,8.7097,64.5676
87099c282414,230,164,33,33,0.14347826086956522,0.7130434782608696,12,10.2478,92.8009
871e9ccf18d4,234,174,56,4,0.23931623931623933,0.7435897435897436,0,0.0,0.0
872d17b9bec7,85,58,21,6,0.24705882352941178,0.6823529411764706,11,10.3195,49.3652
872dc7b2f626,177,136,41,0,0.23163841807909605,0.768361581920904,9,12.5626,76.1246
874023604daa,143,115,26,2,0.18181818181818182,0.8041958041958042,14,6.282,67.8467
8751f19f273f,108,77,31,0,0.28703703703703703,0.7129629629629629,8,12.7777,66.4398
87564cf996f2,107,80,19,8,0.17757009345794392,0.7476635514018691,8,14.1739,76.7181
87667e72b7fa,211,159,52,0,0.24644549763033174,0.7535545023696683,0,0.0,0.0
87668b74a71c,102,69,32,0,0.3137254901960784,0.6764705882352942,8,6.6376,43.9774
876d25db23f2,205,160,45,0,0.21951219512195122,0.7804878048780488,24,13.0219,80.6564
877b69359277,128,93,35,0,0.2734375,0.7265625,23,12.6984,58.9203
878be7ee5bdd,97,75,17,5,0.17525773195876287,0.7731958762886598,0,0.0,0.0
878e0b1bbfa2,192,144,48,0,0.25,0.75,4,12.4893,61.6623
8794d36a3038,130,89,41,0,0.3153846153846154,0.6846153846153846,9,8.1528,54.9316
87a1d44e2170,208,173,35,0,0.16826923076923078,0.8317307692307693,23,10.3485,69.87
87a463cb0b4d,145,119,26,0,0.1793103448275862,0.8206896551724138,1,5.2429,52.6703
87bbc9137ece,144,87,23,34,0.1597222222222222,0.6041666666666666,0,0.0,0.0
87c150feed1c,275,174,87,14,0.31636363636363635,0.6327272727272727,7,10.1395,58.2657
87c2116787ff,208,162,46,0,0.22115384615384615,0.7788461538461539,9,11.0321,60.2005
87c639ec5365,202,152,50,0,0.24752475247524752,0.7524752475247525,19,11.3907,77.6428
87cce4cbe318,197,147,43,7,0.2182741116751269,0.7461928934010152,2,4.5593,49.295
87e53ffce13c,174,126,38,10,0.21839080459770116,0.7241379310344828,9,10.025,63.6108
87ead124230c,152,97,55,0,0.3618421052631579,0.6381578947368421,8,7.0831,45.1675
87ebd3322722,39,26,13,0,0.3333333333333333,0.6666666666666666,3,5.6076,39.4089
87edb3eb0b79,96,67,29,0,0.3020833333333333,0.6979166666666666,0,0.0,0.0
87f54ef4d144,254,184,54,16,0.2125984251968504,0.7244094488188977,15,12.5198,70.5322
87fe5740deb9,165,117,48,0,0.2909090909090909,0.7090909090909091,0,0.0,0.0
880a1fc64038,149,106,27,16,0.18120805369127516,0.7114093959731543,7,6.4026,78.5172
8826e4b9c231,291,218,73,0,0.2508591065292096,0.7491408934707904,14,6.9977,63.1546
88281522d27e,156,113,31,12,0.1987179487179487,0.7243589743589743,9,9.7092,79.8294
8835fd0dded2,125,86,39,0,0.312,0.688,0,0.0,0.0
883da8599360,149,113,36,0,0.24161073825503357,0.7583892617449665,17,13.4796,72.435
8845e2a5497b,213,164,49,0,0.2300469483568075,0.7699530516431925,13,9.1751,63.5361
88591e92de81,153,106,47,0,0.30718954248366015,0.6928104575163399,0,0.0,0.0
886682be4f83,21,10,11,0,0.5238095238095238,0.47619047619047616,0,0.0,0.0
886f91a0a9f9,239,186,51,2,0.21338912133891214,0.7782426778242678,17,11.203,70.7687
887d935886b4,186,137,41,8,0.22043010752688172,0.7365591397849462,11,9.7855,73.0042
889806fafef9,94,71,23,0,0.24468085106382978,0.7553191489361702,9,11.4899,61.499
88bde4c99e9d,212,160,52,0,0.24528301886792453,0.7547169811320755,15,8.7311,66.0629
88e65e1d7168,16,11,5,0,0.3125,0.6875,4,17.3462,84.8495
88e8c1a2565d,294,220,74,0,0.25170068027210885,0.7482993197278912,1,4.4846,35.6293
88ef695f58a5,114,82,32,0,0.2807017543859649,0.7192982456140351,0,0.0,0.0
88fb00fabc97,202,146,56,0,0.27722772277227725,0.7227722772277227,19,9.021,75.7843
88fcb6de1ead,209,164,45,0,0.215311004784689,0.784688995215311,5,6.691,50.7065
890d0c582d76,160,113,47,0,0.29375,0.70625,0,0.0,0.0
89312c1f707d,120,92,28,0,0.23333333333333334,0.7666666666666667,0,0.0,44.8166
8948231e2270,91,72,19,0,0.2087912087912088,0.7912087912087912,9,11.7752,49.9527
8966778378ac,137,102,24,11,0.17518248175182483,0.7445255474452555,1,1.9043,30.8655
896ffc56e018,168,125,38,5,0.2261904761904762,0.7440476190476191,0,0.0,38.9145
897ba1f3a786,73,57,16,0,0.2191780821917808,0.7808219178082192,8,9.5779,42.0258
898285bbfe20,173,119,54,0,0.31213872832369943,0.6878612716763006,16,13.0417,81.015
898c2d26d408,152,98,29,23,0.19078947368421054,0.6447368421052632,7,4.8416,53.476
89912d7c7ffb,80,57,21,2,0.2625,0.7125,0,0.0,0.0
899208b5b6d4,97,53,44,0,0.4536082474226804,0.5463917525773195,15,16.9067,58.8654
89a8c3dacb90,168,119,45,4,0.26785714285714285,0.7083333333333334,7,2.3193,32.7103
89afbbdd7813,342,270,72,0,0.21052631578947367,0.7894736842105263,14,18.2785,77.4277
89b546943efa,183,127,36,20,0.19672131147540983,0.6939890710382514,3,4.599,48.1018
89b62c165838,149,114,35,0,0.2348993288590604,0.7651006711409396,11,9.5047,62.7594
89ce8e0a494d,276,200,76,0,0.2753623188405797,0.7246376811594203,13,11.4807,63.8443
89d67babd435,167,122,45,0,0.2694610778443114,0.7305389221556886,16,9.2499,57.0877
89d9673df0de,350,186,73,91,0.20857142857142857,0.5314285714285715,5,4.9927,73.0392
89f418346fc4,166,125,38,3,0.2289156626506024,0.7530120481927711,12,9.108,62.9135
89f8bfd1bbef,211,180,28,3,0.13270142180094788,0.8530805687203792,15,10.0616,86.3022
89fbdb6764c1,189,133,55,1,0.291005291005291,0.7037037037037037,0,0.0,0.0
8a1520420384,104,55,11,38,0.10576923076923077,0.5288461538461539,4,8.4198,78.9108
8a15e39a80cc,116,79,37,0,0.31896551724137934,0.6810344827586207,8,8.8608,60.8994
8a1deb06940a,167,125,42,0,0.25149700598802394,0.7485029940119761,15,12.6495,68.3334
8a21fc0aed2f,192,149,31,12,0.16145833333333334,0.7760416666666666,3,7.3547,49.1028
8a31a42bb904,353,233,21,99,0.059490084985835696,0.660056657223796,7,8.2596,92.4454
8a3232e8b3b2,159,113,42,4,0.2641509433962264,0.710691823899371,15,11.9919,72.0291
8a327e4efafb,114,85,29,0,0.2543859649122807,0.7456140350877193,13,9.6359,59.9518
8a415b0e9748,278,222,56,0,0.2014388489208633,0.7985611510791367,13,10.0632,64.325
8aa35680beee,207,155,52,0,0.25120772946859904,0.748792270531401,0,0.0,0.0
8aaec063e9dd,195,143,52,0,0.26666666666666666,0.7333333333333333,0,0.0,0.0
8ad12c317928,56,35,21,0,0.375,0.625,0,0.0,0.0
8adde008fe7f,268,210,57,1,0.2126865671641791,0.7835820895522388,12,12.3627,57.5058
8ae069858aec,182,126,52,4,0.2857142857142857,0.6923076923076923,14,10.1578,72.4518
8aeccaf12d31,192,132,46,14,0.23958333333333334,0.6875,0,0.0,0.0
8af54c71033c,135,103,32,0,0.23703703703703705,0.762962962962963,1,1.9928,44.0994
8b0f143a3425,88,66,22,0,0.25,0.75,4,11.5875,82.6767
8b11184f09d4,133,94,39,0,0.2932330827067669,0.706766917293233,15,16.0187,83.6746
8b126306391f,151,123,28,0,0.18543046357615894,0.8145695364238411,5,12.677,86.7401
8b1293493098,226,147,20,59,0.08849557522123894,0.6504424778761062,3,5.9021,79.6066
8b1498de9e48,36,22,14,0,0.3888888888888889,0.6111111111111112,8,9.0439,32.486
8b175b733c6b,130,92,38,0,0.2923076923076923,0.7076923076923077,17,17.1738,85.7681
8b19e141c174,119,93,26,0,0.2184873949579832,0.7815126050420168,6,5.7541,46.2814
8b301972309a,166,126,40,0,0.24096385542168675,0.7590361445783133,4,9.1614,46.6324
8b36508994d1,224,171,53,0,0.23660714285714285,0.7633928571428571,4,7.7469,51.8433
8b44ccec7265,75,53,22,0,0.29333333333333333,0.7066666666666667,4,8.0002,37.3306
8b45517c6411,141,107,34,0,0.24113475177304963,0.7588652482269503,10,13.6414,77.7557
8b48c767af9b,205,145,57,3,0.2780487804878049,0.7073170731707317,0,0.0,45.5231
8b6bc283a0d3,119,85,34,0,0.2857142857142857,0.7142857142857143,0,0.0,0.0
8b8338194dd8,100,69,26,5,0.26,0.69,0,0.0,0.0
8b90a3312d9f,200,135,23,42,0.115,0.675,0,0.0,54.0924
8bc819037a6a,217,164,52,1,0.23963133640552994,0.7557603686635944,0,0.0,0.0
8bf80024b1a7,121,87,34,0,0.2809917355371901,0.71900826446281,0,0.0,31.1508
8bfc4eb8d494,169,116,53,0,0.3136094674556213,0.6863905325443787,19,12.8052,73.4085
8c2de4d3ad43,216,163,52,1,0.24074074074074073,0.7546296296296297,0,0.0,0.0
8c5b4130d7ad,258,193,65,0,0.25193798449612403,0.748062015503876,11,11.1633,82.7255
8c5c7ff38873,110,80,26,4,0.23636363636363636,0.7272727272727273,6,7.4661,70.3262
8c64bb74f16d,215,156,56,3,0.26046511627906976,0.7255813953488373,5,8.8531,41.6916
8c72125b59c8,161,104,57,0,0.35403726708074534,0.6459627329192547,14,13.1836,92.5171
8c8089988706,154,90,36,28,0.23376623376623376,0.5844155844155844,5,15.6464,48.6542
8c85b3c695c3,242,184,58,0,0.2396694214876033,0.7603305785123967,15,10.8459,63.4033
8c8fc85ded58,139,119,20,0,0.14388489208633093,0.8561151079136691,6,15.6891,70.4514
8ca4eea53dab,91,68,23,0,0.25274725274725274,0.7472527472527473,2,8.3527,49.8199
8cbc1d87857d,196,157,39,0,0.1989795918367347,0.8010204081632653,4,2.7542,54.1336
8cc5179031eb,128,92,36,0,0.28125,0.71875,1,1.3275,44.4122
8ccc9a1d1dd3,103,69,24,10,0.23300970873786409,0.6699029126213593,0,0.0,30.2383
8cd17fa38b5f,130,94,36,0,0.27692307692307694,0.7230769230769231,7,5.1804,64.3234
8ce7e69e2559,213,166,47,0,0.22065727699530516,0.7793427230046949,6,13.0997,45.2744
8ced08fd9840,271,176,61,34,0.22509225092250923,0.6494464944649446,18,13.382,87.9669
8cee5821fbe1,154,114,40,0,0.2597402597402597,0.7402597402597403,12,11.1938,65.4602
8cf19589a198,189,139,26,24,0.13756613756613756,0.7354497354497355,13,14.3967,67.5766
8d023fab6d98,185,143,36,6,0.1945945945945946,0.772972972972973,3,6.6788,64.2593
8d042c218851,295,178,87,29,0.29491525423728815,0.6033898305084746,16,8.1741,57.6157
8d2b245c0b16,119,87,32,0,0.2689075630252101,0.7310924369747899,4,16.1758,39.064
8d2d81395c6a,203,153,49,1,0.2413793103448276,0.7536945812807881,8,9.4757,66.0797
8d46a2e2abae,166,120,41,5,0.2469879518072289,0.7228915662650602,6,4.0787,48.0209
8d4d03f080d4,255,139,7,109,0.027450980392156862,0.5450980392156862,0,0.0,47.4365
8d5860e10e09,19,10,7,2,0.3684210526315789,0.5263157894736842,6,15.8249,87.2101
8d58a0c1160a,244,121,30,93,0.12295081967213115,0.4959016393442623,0,0.0,0.0
8d591bbdb850,173,124,25,24,0.14450867052023122,0.7167630057803468,3,1.622,55.8716
8d69850040ca,178,129,49,0,0.2752808988764045,0.7247191011235955,0,0.0,0.0
8d90013d5278,102,49,21,32,0.20588235294117646,0.4803921568627451,3,3.5751,44.0903
8d9bf04e714c,118,72,12,34,0.1016949152542373,0.6101694915254238,1,2.1835,59.2911
8db3ab06b4ef,194,147,46,1,0.23711340206185566,0.7577319587628866,10,8.4915,59.9564
8dbbf6f6aebb,234,163,69,2,0.2948717948717949,0.6965811965811965,21,17.0929,94.3573
8dbedd97ed2b,170,121,25,24,0.14705882352941177,0.711764705882353,5,9.3201,70.3629
8dc0d30245d1,139,114,25,0,0.17985611510791366,0.8201438848920863,10,7.1747,65.7684
8dc97d161e37,106,73,26,7,0.24528301886792453,0.6886792452830188,19,14.0656,74.0952
8dd1d17e0212,245,161,35,49,0.14285714285714285,0.6571428571428571,2,5.0095,49.6201
8ddd6a0c4628,74,44,30,0,0.40540540540540543,0.5945945945945946,1,3.2654,42.6575
8df43ebd07c7,237,154,67,16,0.28270042194092826,0.6497890295358649,7,3.5675,65.9439
8e03d0bfa553,144,105,30,9,0.20833333333333334,0.7291666666666666,11,10.1257,72.9935
8e10fdf7cf89,154,110,44,0,0.2857142857142857,0.7142857142857143,8,11.9034,65.9119
8e1caeb7b30b,137,66,31,40,0.22627737226277372,0.48175182481751827,0,0.0,59.2178
8e244ea370ff,270,205,61,4,0.22592592592592592,0.7592592592592593,15,12.4725,84.0988
8e25584bd031,200,140,59,1,0.295,0.7,3,2.211,47.4991
8e3e843a0eeb,196,125,59,12,0.3010204081632653,0.6377551020408163,0,0.0,38.06
8e45b3d90a0b,256,210,44,1,0.171875,0.8203125,5,5.4062,46.2448
8e6db17e55f2,133,102,31,0,0.23308270676691728,0.7669172932330827,16,9.3185,61.3937
8e746b67fa47,183,128,55,0,0.3005464480874317,0.6994535519125683,1,7.254,33.2596
8e8e466ee864,111,75,34,2,0.3063063063063063,0.6756756756756757,0,0.0,0.0
8e9fa23bd678,202,132,38,32,0.18811881188118812,0.6534653465346535,4,4.0604,70.8817
8ea5bb9e2220,179,121,28,30,0.1564245810055866,0.6759776536312849,4,10.8963,44.986
8ea670bea099,105,66,39,0,0.37142857142857144,0.6285714285714286,5,11.7691,56.3461
8eb6325c279a,52,32,20,0,0.38461538461538464,0.6153846153846154,0,0.0,12.1811
8ed0759dc9f2,201,151,50,0,0.24875621890547264,0.7512437810945274,9,4.5578,56.2241
8ed11de0354e,254,150,77,23,0.3031496062992126,0.5905511811023622,8,14.032,58.4412
8ed8da75b8a4,264,224,40,0,0.15151515151515152,0.8484848484848485,24,11.1557,71.7545
8ef59d7cb53b,191,144,47,0,0.24607329842931938,0.7539267015706806,21,15.0803,71.759
8ef60407163c,151,117,26,8,0.17218543046357615,0.7748344370860927,1,4.7424,59.2255
8ef6bc4f6251,143,111,32,0,0.22377622377622378,0.7762237762237763,0,0.0,0.0
8ef71bfdde4f,180,133,47,0,0.2611111111111111,0.7388888888888889,12,14.7247,79.715
8efb75ef39c5,227,174,53,0,0.23348017621145375,0.7665198237885462,19,17.363,84.2896
8efdb7429bd4,162,121,35,6,0.21604938271604937,0.7469135802469136,8,7.7744,56.517
8f18d0ffda3f,121,95,23,3,0.19008264462809918,0.7851239669421488,11,14.064,65.0299
8f264374ed3f,190,157,33,0,0.1736842105263158,0.8263157894736842,5,10.1944,68.0405
8f2bf8045c49,117,81,11,25,0.09401709401709402,0.6923076923076923,3,7.814,65.9302
8f3594bd4bd9,250,173,43,33,0.172,0.692,2,2.948,77.739
8f4163f9e76c,113,87,26,0,0.23008849557522124,0.7699115044247787,0,0.0,0.0
8f4389cc541d,196,133,48,15,0.24489795918367346,0.6785714285714286,9,4.4327,49.8779
8f8d20fc6e9b,182,139,43,0,0.23626373626373626,0.7637362637362637,7,6.8817,64.3753
8fa7f6ad508c,283,220,63,0,0.2226148409893993,0.7773851590106007,6,9.9167,53.2349
8fae0151f134,277,161,49,67,0.17689530685920576,0.5812274368231047,15,6.9046,64.2654
8fb129468810,251,164,74,12,0.2948207171314741,0.6533864541832669,15,11.1191,55.3543
8fb9c792bb21,230,166,31,33,0.13478260869565217,0.7217391304347827,9,4.5242,67.746
8fc10ce3188d,139,105,34,0,0.2446043165467626,0.7553956834532374,10,12.0148,57.959
8fc8a9625136,53,36,13,4,0.24528301886792453,0.6792452830188679,1,2.4109,16.5344
8fced11c69f9,221,160,61,0,0.27601809954751133,0.7239819004524887,6,14.6179,63.4048
901a4d6d3cdf,188,139,49,0,0.26063829787234044,0.7393617021276596,5,10.8551,61.8698
901c286b8214,150,114,36,0,0.24,0.76,8,9.0225,69.1666
901d2acd5138,164,114,15,35,0.09146341463414634,0.6951219512195121,4,9.9625,82.3822
902c91b64acc,108,78,15,15,0.1388888888888889,0.7222222222222222,1,3.6041,62.4634
903c88d5dc12,139,104,35,0,0.2517985611510791,0.7482014388489209,3,3.8651,54.1733
904abf17bb3b,190,126,37,27,0.19473684210526315,0.6631578947368421,5,8.7708,58.7952
905733a0eeb4,128,101,27,0,0.2109375,0.7890625,5,11.7371,42.778
9064f0eb9ef8,165,119,46,0,0.2787878787878788,0.7212121212121212,8,9.7946,72.4426
9079ffff621f,255,186,60,9,0.23529411764705882,0.7294117647058823,0,0.0,24.295
908d0fea96e1,140,94,46,0,0.32857142857142857,0.6714285714285714,1,2.1057,39.3494
908f1b399873,168,119,48,1,0.2857142857142857,0.7083333333333334,15,11.7874,61.2427
9098b613c1e7,109,74,21,11,0.1926605504587156,0.6788990825688074,2,2.1729,80.3574
90a1a09e8b95,176,140,36,0,0.20454545454545456,0.7954545454545454,17,13.7741,89.6103
90b46d166cca,78,57,21,0,0.2692307692307692,0.7307692307692307,0,0.0,0.0
90b662751c94,221,148,73,0,0.33031674208144796,0.669683257918552,17,14.6988,82.4844
90bded96836e,106,74,21,11,0.19811320754716982,0.6981132075471698,5,7.9773,50.444
90ca0914d80d,171,131,40,0,0.23391812865497075,0.7660818713450293,5,15.6387,66.5955
90d0e6728b0c,161,113,41,7,0.2546583850931677,0.7018633540372671,14,13.4079,55.1392
90f27b8f8e4c,152,118,34,0,0.2236842105263158,0.7763157894736842,12,19.3314,96.5744
90f40766a31a,81,56,25,0,0.30864197530864196,0.691358024691358,1,1.0834,3.244
9140f25d89ce,81,58,18,5,0.2222222222222222,0.7160493827160493,1,1.4084,38.2172
9144106abaaa,159,113,44,2,0.27672955974842767,0.710691823899371,4,6.398,50.0916
915845d6283e,97,67,30,0,0.30927835051546393,0.6907216494845361,0,0.0,0.0
9158baf42019,158,128,30,0,0.189873417721519,0.810126582278481,10,8.3618,69.7739
915dd7918f5b,172,128,44,0,0.2558139534883721,0.7441860465116279,4,12.7441,57.3349
91711a1d263d,108,91,17,0,0.1574074074074074,0.8425925925925926,5,3.5004,47.7173
917bea3ff017,180,132,48,0,0.26666666666666666,0.7333333333333333,1,2.8229,48.9975
917cd45a69cf,132,88,27,17,0.20454545454545456,0.6666666666666666,1,9.2422,47.7127
91939627c20f,147,113,34,0,0.23129251700680273,0.7687074829931972,5,9.9915,56.6757
91a40f207d9a,280,201,75,4,0.26785714285714285,0.7178571428571429,5,10.1028,59.6878
91ab816a1696,166,127,39,0,0.23493975903614459,0.7650602409638554,15,9.7244,65.0009
91af122d94f8,230,183,47,0,0.20434782608695654,0.7956521739130434,18,12.5458,75.975
91afb93637f5,258,186,72,0,0.27906976744186046,0.7209302325581395,10,11.7432,68.0115
91b53c8308cd,126,73,34,19,0.2698412698412698,0.5793650793650794,16,13.3865,84.7565
91c2e90cf320,212,138,21,53,0.09905660377358491,0.6509433962264151,1,5.687,55.4276
91cda229f5cc,77,53,24,0,0.3116883116883117,0.6883116883116883,0,0.0,0.0
91dd982fbff7,139,99,40,0,0.28776978417266186,0.7122302158273381,0,0.0,0.0
91e29de2d26b,78,56,22,0,0.28205128205128205,0.717948717948718,1,2.4963,27.2827
91e2c35b8c9d,69,50,19,0,0.2753623188405797,0.7246376811594203,0,0.0,0.0
91f209de3104,118,82,35,1,0.2966101694915254,0.6949152542372882,4,1.413,36.0168
920249b849ef,258,198,57,3,0.22093023255813954,0.7674418604651163,17,9.1248,72.5571
9217d01f99e5,196,135,61,0,0.3112244897959184,0.6887755102040817,1,2.2781,34.0439
921e586c2b5c,145,104,41,0,0.2827586206896552,0.7172413793103448,9,11.0641,65.2832
9244b109ff28,234,187,47,0,0.20085470085470086,0.7991452991452992,4,5.2002,72.9507
9269a7b94ac7,170,140,30,0,0.17647058823529413,0.8235294117647058,6,12.3672,56.311
9275833e274c,61,31,23,7,0.3770491803278688,0.5081967213114754,4,6.0226,73.6237
92a7876fa3e6,221,165,56,0,0.25339366515837103,0.746606334841629,0,0.0,44.7784
92a7e5f4fc41,126,83,43,0,0.3412698412698413,0.6587301587301587,2,9.8328,44.5801
92c47e36f3e3,184,144,40,0,0.21739130434782608,0.782608695652174,25,14.1113,70.0089
92d2a85fdb81,59,44,10,5,0.1694915254237288,0.7457627118644068,3,11.3083,81.7459
92d2d3c1efe9,145,107,38,0,0.2620689655172414,0.7379310344827587,6,4.3472,56.4957
92d9151ac169,309,218,52,39,0.16828478964401294,0.7055016181229773,6,11.1191,81.6895
92e65cdbae33,142,109,33,0,0.2323943661971831,0.7676056338028169,0,0.0,0.0
92ed18083814,230,179,40,11,0.17391304347826086,0.7782608695652173,14,11.0245,78.3081
92fa83d9c589,200,147,53,0,0.265,0.735,11,12.5381,50.3418
9312f1d67670,74,53,21,0,0.28378378378378377,0.7162162162162162,0,0.0,0.0
932af254f55e,65,45,20,0,0.3076923076923077,0.6923076923076923,3,3.0396,56.7444
9335fbc722c3,66,51,15,0,0.22727272727272727,0.7727272727272727,0,0.0,0.0
933f22ce3883,114,76,37,1,0.32456140350877194,0.6666666666666666,1,4.1122,25.9186
934b5d2a0804,301,247,54,0,0.17940199335548174,0.8205980066445183,22,18.9957,65.7211
934f3bcb20df,108,66,13,29,0.12037037037037036,0.6111111111111112,5,13.8779,54.6143
9359e8987975,181,112,30,39,0.16574585635359115,0.6187845303867403,0,0.0,63.916
9362ecc68839,161,119,34,8,0.2111801242236025,0.7391304347826086,5,5.8365,55.7648
93757b4ce726,123,78,45,0,0.36585365853658536,0.6341463414634146,1,1.004,30.3299
937d1baa3056,52,39,13,0,0.25,0.75,0,0.0,0.0
939821c6b92d,223,162,54,7,0.242152466367713,0.726457399103139,9,5.0018,64.566
93a53e558257,141,100,31,10,0.2198581560283688,0.7092198581560284,0,0.0,0.0
93b69d2902a4,214,171,43,0,0.20093457943925233,0.7990654205607477,11,11.3144,72.1848
93c3721f35d6,219,166,51,2,0.2328767123287671,0.7579908675799086,0,0.0,0.0
93c61a53aab1,163,63,29,71,0.17791411042944785,0.38650306748466257,0,0.0,74.1272
93e2ce38e743,111,84,27,0,0.24324324324324326,0.7567567567567568,0,0.0,0.0
93e402b31578,199,139,60,0,0.3015075376884422,0.6984924623115578,4,6.7474,57.3044
93f72dd7ec24,211,153,58,0,0.27488151658767773,0.7251184834123223,8,6.076,54.2389
9403cc77efc7,195,121,24,50,0.12307692307692308,0.6205128205128205,0,0.0,69.8425
94357950df82,188,129,58,1,0.30851063829787234,0.6861702127659575,0,0.0,0.0
944145f29338,209,148,49,12,0.23444976076555024,0.7081339712918661,3,10.6979,67.0914
94430d425fcc,211,160,51,0,0.24170616113744076,0.7582938388625592,20,17.8802,74.0601
946e85479cd3,240,189,38,13,0.15833333333333333,0.7875,0,0.0,22.1603
947778d55b7c,156,118,38,0,0.24358974358974358,0.7564102564102564,11,10.0128,66.0233
949b9f749f20,259,205,49,5,0.1891891891891892,0.7915057915057915,5,3.949,63.8596
94a91bf6dc83,82,58,24,0,0.2926829268292683,0.7073170731707317,7,10.6583,76.1795
94ad34192c1c,169,120,49,0,0.28994082840236685,0.7100591715976331,0,0.0,0.0
94de92cb54c5,160,126,33,1,0.20625,0.7875,3,9.5749,49.5804
94e121bc4a70,33,19,13,1,0.3939393939393939,0.5757575757575758,0,0.0,0.5981
94f40cc47de2,202,125,53,24,0.2623762376237624,0.6188118811881188,0,0.0,27.2919
94f7caa8da3e,233,164,69,0,0.296137339055794,0.703862660944206,29,12.7808,94.0689
94f8884c0106,232,174,58,0,0.25,0.75,5,8.3984,41.832
950719887cff,78,46,31,1,0.3974358974358974,0.5897435897435898,2,6.4636,34.198
9526ed25cd1a,107,73,25,9,0.2336448598130841,0.6822429906542056,5,6.9077,49.0112
954c4fc8d128,200,159,41,0,0.205,0.795,27,12.8601,65.6937
954e9c58e7e2,141,98,43,0,0.3049645390070922,0.6950354609929078,10,5.2734,50.3754
955f09b99664,256,172,62,22,0.2421875,0.671875,6,7.7194,52.9037
95687706ffc4,231,156,75,0,0.3246753246753247,0.6753246753246753,14,7.0633,73.6694
957b6739a057,156,117,38,1,0.24358974358974358,0.75,0,0.0,0.0
9591a44ee456,196,150,46,0,0.23469387755102042,0.7653061224489796,2,4.4327,48.1064
9599d5f691b5,72,49,23,0,0.3194444444444444,0.6805555555555556,0,0.0,0.0
95a85a81c83b,123,94,29,0,0.23577235772357724,0.7642276422764228,12,12.6724,88.1378
95c518378ccd,166,127,39,0,0.23493975903614459,0.7650602409638554,8,7.9575,58.2306
95ceba057707,190,147,43,0,0.22631578947368422,0.7736842105263158,0,0.0,0.0
95cef4ca534e,190,142,48,0,0.25263157894736843,0.7473684210526316,21,12.0087,64.6301
95eeb46ecc4a,189,135,28,26,0.14814814814814814,0.7142857142857143,6,5.3207,79.1916
9601f5a50ae3,180,113,65,2,0.3611111111111111,0.6277777777777778,15,11.1374,65.0085
96336251e590,141,100,41,0,0.2907801418439716,0.7092198581560284,0,0.0,0.0
963c4b548a8d,66,42,24,0,0.36363636363636365,0.6363636363636364,8,14.6042,69.7144
963cdce0573b,24,12,12,0,0.5,0.5,1,1.3626,17.9916
96415990a25e,31,20,8,3,0.25806451612903225,0.6451612903225806,0,0.0,0.0
964e3c2fc696,187,104,16,67,0.0855614973262032,0.5561497326203209,2,3.569,59.3842
9676a10811c1,107,86,21,0,0.19626168224299065,0.8037383177570093,2,8.1055,43.0206
9687ac6e7ad6,226,170,55,1,0.24336283185840707,0.7522123893805309,15,11.084,91.922
9690259f4f12,126,100,26,0,0.20634920634920634,0.7936507936507936,9,4.129,70.8633
96907a7abf71,78,52,26,0,0.3333333333333333,0.6666666666666666,7,7.5638,48.3673
9693d8e04d91,239,160,54,25,0.22594142259414227,0.6694560669456067,12,12.1445,51.9012
96aac9c3672c,207,160,47,0,0.22705314009661837,0.7729468599033816,27,14.9918,84.9258
96b25c6d10a1,64,42,22,0,0.34375,0.65625,2,3.7903,41.2933
96c62d879965,171,120,50,1,0.29239766081871343,0.7017543859649122,0,0.0,0.0
96d899632a66,196,140,55,1,0.28061224489795916,0.7142857142857143,2,5.5573,55.2628
96daa0c75771,258,183,63,12,0.2441860465116279,0.7093023255813954,28,14.5233,66.3895
96dfad49d9f2,144,93,25,26,0.1736111111111111,0.6458333333333334,1,8.7311,71.1365
96e3a3cfac2b,154,117,36,0,0.23376623376623376,0.7597402597402597,12,15.1001,81.9443
96ebc7a4719a,121,92,27,2,0.2231404958677686,0.7603305785123967,5,4.7455,58.9737
96fe9eb038ba,190,121,43,26,0.22631578947368422,0.6368421052631579,7,17.4164,80.4199
9702e77a42c3,171,125,46,0,0.26900584795321636,0.7309941520467836,0,0.0,39.0839
9716b5d2e13a,45,31,14,0,0.3111111111111111,0.6888888888888889,6,15.7913,77.8748
971c7809d61b,171,122,49,0,0.28654970760233917,0.7134502923976608,11,10.4065,55.1407
972205a21581,86,43,14,29,0.16279069767441862,0.5,0,0.0,0.0
9732d77870c4,134,98,36,0,0.26865671641791045,0.7313432835820896,12,10.0845,60.0235
97425535f7cd,221,174,47,0,0.21266968325791855,0.7873303167420814,22,15.0101,75.9079
974916a28bb6,210,163,47,0,0.22380952380952382,0.7761904761904762,5,11.1282,69.7754
975e3dab22e4,146,96,50,0,0.3424657534246575,0.6575342465753424,0,0.0,0.0
9761fb9e15e3,24,13,11,0,0.4583333333333333,0.5416666666666666,0,0.0,10.2371
97659f526c8c,303,237,65,1,0.2145214521452145,0.7821782178217822,0,0.0,0.0
9772703b7422,118,65,53,0,0.4491525423728814,0.5508474576271186,25,13.5178,58.6929
9772f0e2dc3c,153,114,39,0,0.2549019607843137,0.7450980392156863,16,13.9679,79.4022
977a4281401b,148,99,49,0,0.3310810810810811,0.668918918918919,0,0.0,0.0
977d38c17c1f,29,16,13,0,0.4482758620689655,0.5517241379310345,5,9.137,33.8287
97845cbd34d7,264,218,46,0,0.17424242424242425,0.8257575757575758,10,10.9573,57.7621
9793c3c2317f,205,166,35,4,0.17073170731707318,0.8097560975609757,16,11.3907,69.5709
97a072070bcc,207,164,43,0,0.20772946859903382,0.7922705314009661,2,5.3833,51.1322
97a83309575b,153,100,33,20,0.21568627450980393,0.6535947712418301,15,15.9836,71.6797
97abbb3fc606,53,36,17,0,0.32075471698113206,0.6792452830188679,7,11.8042,55.9464
97b36902754b,169,128,41,0,0.24260355029585798,0.757396449704142,7,7.0282,51.7609
97b7f54f14c7,123,82,38,2,0.3089430894308943,0.6666666666666666,26,19.5404,73.7823
97bf4d65f079,180,96,25,59,0.1388888888888889,0.5333333333333333,1,1.1627,51.6342
97ccf4cd8788,205,149,56,0,0.2731707317073171,0.7268292682926829,0,0.0,0.0
97e55431d108,36,25,11,0,0.3055555555555556,0.6944444444444444,0,0.0,0.0
97eafd171834,117,96,21,0,0.1794871794871795,0.8205128205128205,14,14.2639,76.8616
9800153dd8cc,250,201,47,0,0.188,0.804,32,17.6437,75.2914
980231066d0c,209,107,89,13,0.4258373205741627,0.5119617224880383,20,15.9149,72.1375
98052e108edf,175,136,39,0,0.22285714285714286,0.7771428571428571,13,10.8109,65.0162
9825a1b0d9fd,233,180,53,0,0.22746781115879827,0.7725321888412017,21,14.0656,69.9905
983631022096,168,132,35,1,0.20833333333333334,0.7857142857142857,6,11.731,86.9781
9841424d99b2,170,124,46,0,0.27058823529411763,0.7294117647058823,0,0.0,0.0
9852092e24db,190,129,59,2,0.3105263157894737,0.6789473684210526,2,6.424,41.7847
9858e810bb88,179,131,46,2,0.2569832402234637,0.7318435754189944,0,0.0,0.0
9868a54bf110,168,122,37,9,0.22023809523809523,0.7261904761904762,4,5.2307,54.1321
986d2e993e13,33,27,6,0,0.18181818181818182,0.8181818181818182,2,2.6917,63.9389
9872b4046512,131,96,35,0,0.26717557251908397,0.732824427480916,0,0.0,0.0
98744dbf48a8,75,40,22,13,0.29333333333333333,0.5333333333333333,8,14.3494,70.9061
98761fc7b421,151,115,36,0,0.23841059602649006,0.7615894039735099,5,9.5795,73.7701
9878c2c100b5,121,87,34,0,0.2809917355371901,0.71900826446281,0,0.0,0.0
9888f3ac3710,79,53,26,0,0.3291139240506329,0.6708860759493671,5,5.0995,45.7748
988c9deb4dc9,213,157,56,0,0.26291079812206575,0.7370892018779343,11,13.2599,56.839
98a3c3ff00d2,109,85,24,0,0.22018348623853212,0.7798165137614679,14,10.6445,87.1552
98a4ecddc18f,86,72,14,0,0.16279069767441862,0.8372093023255814,2,15.6967,66.8228
98b0be22ce13,129,92,37,0,0.2868217054263566,0.7131782945736435,7,7.7957,73.5703
98b3643c0662,145,81,44,20,0.30344827586206896,0.5586206896551724,10,12.2711,39.5767
98ba51c7a4ca,230,176,53,0,0.23043478260869565,0.7652173913043478,25,13.0066,81.9595
98c76020fd2e,139,103,36,0,0.2589928057553957,0.7410071942446043,0,0.0,0.0
98c7ea676add,162,114,46,2,0.2839506172839506,0.7037037037037037,17,13.2675,74.3591
98c971645273,290,233,56,1,0.19310344827586207,0.803448275862069,23,13.1638,76.3763
98e64fe16f13,71,51,20,0,0.28169014084507044,0.7183098591549296,1,2.3132,31.5506
98ee892e5c8c,327,259,63,3,0.1926605504587156,0.7920489296636085,22,12.5824,90.1276
98eff279b10d,171,125,35,11,0.2046783625730994,0.7309941520467836,0,0.0,0.0
9904b0e39429,161,107,45,9,0.2795031055900621,0.6645962732919255,9,12.9837,61.3632
991b6a11393b,74,50,24,0,0.32432432432432434,0.6756756756756757,11,7.5577,68.8156
991d3df8e3ce,125,82,43,0,0.344,0.656,0,0.0,23.3795
9921310eb85f,52,38,14,0,0.2692307692307692,0.7307692307692307,7,10.9238,57.7286
992494d03126,64,46,18,0,0.28125,0.71875,0,0.0,0.0
9928acf6905a,164,127,36,1,0.21951219512195122,0.774390243902439,6,7.724,78.0518
995b9aea3d7f,150,106,44,0,0.29333333333333333,0.7066666666666667,0,0.0,0.0
995df9b93db1,217,163,49,5,0.22580645161290322,0.7511520737327189,0,0.0,0.0
995fed12984c,159,124,35,0,0.22012578616352202,0.779874213836478,3,5.867,48.7228
9962fd781601,172,120,52,0,0.3023255813953488,0.6976744186046512,29,12.4329,90.0711
997973f9f9c0,99,66,33,0,0.3333333333333333,0.6666666666666666,15,15.0345,49.7894
99962ae11ae7,222,160,52,10,0.23423423423423423,0.7207207207207207,0,0.0,0.0
99a799d89d57,138,76,28,34,0.2028985507246377,0.5507246376811594,10,15.6128,75.6821
99a853d64658,242,129,15,98,0.06198347107438017,0.5330578512396694,0,0.0,33.9752
99b5e6120fe1,213,163,45,5,0.2112676056338028,0.7652582159624414,4,10.3989,61.499
99bc60c2d554,131,90,41,0,0.31297709923664124,0.6870229007633588,1,3.7537,35.2234
99c6eb1d8792,194,142,47,5,0.2422680412371134,0.7319587628865979,5,10.2142,65.8829
99cc5f5b9f1a,191,144,47,0,0.24607329842931938,0.7539267015706806,20,12.5381,74.7742
99ce1fa10301,194,138,44,12,0.2268041237113402,0.711340206185567,19,10.675,68.8202
99d9afb22b65,169,137,32,0,0.1893491124260355,0.8106508875739645,2,1.5289,74.0768
99df939d4105,27,19,8,0,0.2962962962962963,0.7037037037037037,0,0.0,0.1602
99f60de23ae4,215,160,48,7,0.22325581395348837,0.7441860465116279,12,7.4188,63.9557
99f67e0699d1,45,22,23,0,0.5111111111111111,0.4888888888888889,0,0.0,0.0
99fb94783340,145,104,38,3,0.2620689655172414,0.7172413793103448,27,15.0528,82.6096
9a0fc7a2679d,206,155,51,0,0.24757281553398058,0.7524271844660194,8,9.8984,40.2405
9a132baeb543,212,161,45,6,0.21226415094339623,0.7594339622641509,14,8.7357,64.5477
9a22abb1da9f,152,123,29,0,0.19078947368421054,0.8092105263157895,11,7.3959,73.8098
9a3595bbbc36,157,118,39,0,0.2484076433121019,0.7515923566878981,8,11.2183,69.1193
9a3ad5844e79,226,157,69,0,0.3053097345132743,0.6946902654867256,10,8.4808,42.8909
9a4ba048c626,14,9,5,0,0.35714285714285715,0.6428571428571429,3,12.0956,73.6694
9aa99fdb2c7e,119,82,37,0,0.31092436974789917,0.6890756302521008,4,3.8406,51.5915
9ad778a5756c,172,120,33,19,0.19186046511627908,0.6976744186046512,5,8.3344,73.8556
9aee8da9114a,157,108,49,0,0.31210191082802546,0.6878980891719745,9,9.0103,65.5151
9af692888cef,222,158,35,29,0.15765765765765766,0.7117117117117117,1,1.1642,74.4034
9b16f18bbaec,207,152,34,21,0.1642512077294686,0.7342995169082126,5,5.6061,50.8072
9b19a8b453e2,190,159,31,0,0.1631578947368421,0.8368421052631579,0,0.0,24.5361
9b1f3966737b,159,58,25,76,0.15723270440251572,0.36477987421383645,0,0.0,73.4146
9b238129762e,143,113,21,7,0.14685314685314685,0.7902097902097902,1,2.0737,53.1052
9b4216a99613,97,65,32,0,0.32989690721649484,0.6701030927835051,0,0.0,0.0
9b4f01490d9d,340,264,76,0,0.2235294117647059,0.7764705882352941,15,10.5591,63.0524
9b56f501c676,222,169,53,0,0.23873873873873874,0.7612612612612613,1,5.1224,26.7319
9b688ada62f8,148,94,44,10,0.2972972972972973,0.6351351351351351,0,0.0,0.0
9b6cbe06b1f3,186,150,36,0,0.1935483870967742,0.8064516129032258,15,14.534,65.1031
9b761ed6330d,165,95,10,60,0.06060606060606061,0.5757575757575758,0,0.0,57.4188
9b7897609855,208,156,21,30,0.10096153846153846,0.75,3,2.5391,69.043
9b7a3bed1f74,115,88,21,6,0.1826086956521739,0.7652173913043478,0,0.0,0.0
9b830287af42,206,159,47,0,0.22815533980582525,0.7718446601941747,7,11.7599,92.9657
9b92d948f0a8,232,121,27,84,0.11637931034482758,0.521551724137931,3,3.2379,82.0328
9b9b11aa65e4,88,57,19,12,0.2159090909090909,0.6477272727272727,0,0.0,0.0
9ba74a2d19c4,197,150,41,6,0.20812182741116753,0.7614213197969543,15,8.577,62.5427
9bb08719f442,166,111,49,6,0.29518072289156627,0.6686746987951807,0,0.0,0.0
9bb60a3f8828,124,88,36,0,0.2903225806451613,0.7096774193548387,2,10.202,50.9888
9bc5cd695f30,228,149,21,58,0.09210526315789473,0.6535087719298246,5,2.1179,70.7291
9bc70f1bfc8d,248,165,34,49,0.13709677419354838,0.6653225806451613,16,13.8657,68.5089
9bc88ce8ad47,222,165,57,0,0.25675675675675674,0.7432432432432432,9,12.3291,75.3967
9bd22fd158fa,213,169,44,0,0.20657276995305165,0.7934272300469484,13,12.4298,71.7346
9bee26fca37e,211,160,51,0,0.24170616113744076,0.7582938388625592,17,14.1159,47.2092
9c181659ec10,110,78,27,5,0.24545454545454545,0.7090909090909091,3,7.6599,52.7588
9c28f2bb8ecc,195,152,43,0,0.2205128205128205,0.7794871794871795,11,8.1589,40.802
9c2eafb54800,228,165,63,0,0.27631578947368424,0.7236842105263158,13,16.568,83.0154
9c37e4cad0a3,312,200,61,51,0.1955128205128205,0.6410256410256411,7,13.028,79.3671
9c4e536fce83,174,137,37,0,0.21264367816091953,0.7873563218390804,5,6.7947,73.5123
9c51659368b9,201,141,24,36,0.11940298507462686,0.7014925373134329,0,0.0,56.4514
9c5229cbfdd9,41,28,13,0,0.3170731707317073,0.6829268292682927,0,0.0,0.0
9c5565193a8a,153,116,32,5,0.20915032679738563,0.7581699346405228,10,7.0801,54.9271
9c5e3c81373f,168,109,59,0,0.35119047619047616,0.6488095238095238,13,9.9197,59.5978
9c5f79aa787a,171,102,67,2,0.391812865497076,0.5964912280701754,3,3.1067,45.1447
9c848808794b,123,91,32,0,0.2601626016260163,0.7398373983739838,7,9.4543,66.1591
9c86cbfe613e,170,121,49,0,0.28823529411764703,0.711764705882353,11,12.8082,55.687
9c9a1315dee1,284,221,63,0,0.22183098591549297,0.778169014084507,20,11.5631,76.506
9cacb539b165,133,90,36,6,0.2706766917293233,0.6766917293233082,17,12.3215,65.5365
9cb403f92106,249,187,62,0,0.24899598393574296,0.751004016064257,4,6.4987,57.1884
9cc0b83fe973,154,120,34,0,0.22077922077922077,0.7792207792207793,17,8.9828,65.2222
9cc90be7db3d,122,92,29,1,0.23770491803278687,0.7540983606557377,7,5.3375,57.8918
9cce5d6a3416,195,144,51,0,0.26153846153846155,0.7384615384615385,21,11.7096,89.7766
9cd1f9700bb8,159,98,50,11,0.31446540880503143,0.6163522012578616,13,12.0728,55.7571
9d0a77ccfb9a,109,72,30,7,0.27522935779816515,0.6605504587155964,6,11.1877,49.6719
9d1bda4d28af,140,103,37,0,0.2642857142857143,0.7357142857142858,9,9.7244,84.6649
9d283bf4e709,201,167,34,0,0.1691542288557214,0.8308457711442786,9,8.8593,62.8448
9d2efe13ec9a,150,111,39,0,0.26,0.74,4,13.385,79.0268
9d37a8491268,139,110,26,3,0.18705035971223022,0.7913669064748201,0,0.0,0.0
9d4865f39eff,102,70,32,0,0.3137254901960784,0.6862745098039216,0,0.0,0.0
9d4c88beba0b,121,92,29,0,0.2396694214876033,0.7603305785123967,9,10.9726,47.551
9d53a24212ba,190,137,52,1,0.2736842105263158,0.7210526315789474,9,7.1884,62.0697
9d6c47919e95,119,50,28,41,0.23529411764705882,0.42016806722689076,3,8.3328,61.5295
9d71b6e91cbc,111,78,33,0,0.2972972972972973,0.7027027027027027,8,11.1252,69.7876
9d80974f9e45,218,168,50,0,0.22935779816513763,0.7706422018348624,25,12.4924,67.0639
9d92d97c1e3f,181,105,23,51,0.1270718232044199,0.580110497237569,6,4.3533,66.9571
9d98eb6c404f,89,60,29,0,0.3258426966292135,0.6741573033707865,6,12.7563,77.4918
9d9d0a78364c,123,92,28,3,0.22764227642276422,0.7479674796747967,3,6.8268,85.5194
9daae3ddf1e4,56,22,9,25,0.16071428571428573,0.39285714285714285,1,1.5015,59.2545
9dc28ee23b2f,68,41,27,0,0.39705882352941174,0.6029411764705882,0,0.0,0.0
9dc34fcfebf0,85,47,33,5,0.38823529411764707,0.5529411764705883,0,0.0,15.0742
9dc4c474c8f4,119,91,28,0,0.23529411764705882,0.7647058823529411,1,3.511,41.7023
9dd40c0127d2,229,173,56,0,0.2445414847161572,0.7554585152838428,8,8.9096,69.0109
9df270613df3,247,197,50,0,0.20242914979757085,0.7975708502024291,8,10.8582,61.8805
9df49d12d43e,117,74,43,0,0.36752136752136755,0.6324786324786325,6,5.4642,52.8214
9e03b5aae46d,31,22,9,0,0.2903225806451613,0.7096774193548387,0,0.0,0.0
9e06a908007f,261,186,42,33,0.16091954022988506,0.7126436781609196,8,6.4865,64.1922
9e0703920062,226,179,47,0,0.2079646017699115,0.7920353982300885,15,12.9791,73.941
9e0f4a948ca4,207,150,57,0,0.2753623188405797,0.7246376811594203,12,7.0221,81.5842
9e0fa510b3e5,161,134,10,17,0.062111801242236024,0.8322981366459627,6,9.4177,72.6624
9e1d450a0425,167,123,44,0,0.2634730538922156,0.7365269461077845,0,0.0,0.0
9e25a72634b6,168,117,51,0,0.30357142857142855,0.6964285714285714,1,4.5288,68.5196
9e3843c81ae2,62,45,17,0,0.27419354838709675,0.7258064516129032,0,0.0,0.0
9e40b83c6ac2,16,10,6,0,0.375,0.625,6,16.8747,83.3298
9e58c05c9e89,188,140,48,0,0.2553191489361702,0.7446808510638298,1,1.9272,72.4182
9e5cd1fc52ee,275,194,70,11,0.2545454545454545,0.7054545454545454,28,13.623,81.7352
9e5d11af3456,181,127,53,1,0.292817679558011,0.7016574585635359,0,0.0,0.0
9e74e07bb8b8,117,87,30,0,0.2564102564102564,0.7435897435897436,0,0.0,0.0
9e91403033e4,119,83,31,5,0.2605042016806723,0.6974789915966386,4,4.1031,59.7672
9e9ace16f4d2,37,18,14,5,0.3783783783783784,0.4864864864864865,0,0.0,0.0
9ea3d5c55a62,49,33,16,0,0.32653061224489793,0.673469387755102,7,19.1681,72.5571
9eb2363b7198,206,136,21,49,0.10194174757281553,0.6601941747572816,1,2.4567,36.1954
9eb7f1c78148,190,158,32,0,0.16842105263157894,0.8315789473684211,4,5.2841,60.4034
9ec64c6c8719,133,84,22,27,0.16541353383458646,0.631578947368421,2,11.998,34.4513
9ecba0a5f5ca,213,147,47,19,0.22065727699530516,0.6901408450704225,3,4.5151,65.8951
9edf591d741b,191,144,28,19,0.14659685863874344,0.7539267015706806,5,2.5681,60.8871
9effeea56c41,107,71,32,4,0.29906542056074764,0.6635514018691588,15,11.9446,74.2172
9f08d625fda6,59,34,21,4,0.3559322033898305,0.576271186440678,2,2.8748,50.1663
9f0b35ae59e3,153,100,53,0,0.3464052287581699,0.6535947712418301,0,0.0,0.0
9f0d890a2dd6,117,82,35,0,0.29914529914529914,0.7008547008547008,11,9.7153,62.0956
9f17dc61c028,46,29,17,0,0.3695652173913043,0.6304347826086957,0,0.0,0.0
9f3cb251707d,74,47,27,0,0.36486486486486486,0.6351351351351351,5,5.6839,65.3687
9f417ac219c2,159,124,28,7,0.1761006289308176,0.779874213836478,0,0.0,0.0
9f526a7b7baa,199,139,60,0,0.3015075376884422,0.6984924623115578,19,15.3442,82.3776
9f572190657b,191,154,18,19,0.09424083769633508,0.806282722513089,6,5.1254,55.246
9f63a48ff9b5,139,112,27,0,0.19424460431654678,0.8057553956834532,5,12.8296,89.8727
9f68d1f1028d,74,48,24,2,0.32432432432432434,0.6486486486486487,0,0.0,0.0
9f7e34c8bd9a,134,101,33,0,0.2462686567164179,0.753731343283582,19,17.5797,89.3661
9f887e6311f6,211,145,53,13,0.25118483412322273,0.6872037914691943,19,12.915,75.0961
9f8dfe7b06ca,126,97,29,0,0.23015873015873015,0.7698412698412699,0,0.0,0.0
9f94f5b3ae0b,194,119,44,31,0.2268041237113402,0.6134020618556701,0,0.0,0.0
9fa42d765e1d,185,136,39,10,0.21081081081081082,0.7351351351351352,15,12.0789,57.1869
9fa83904c27e,345,211,68,66,0.19710144927536233,0.6115942028985507,6,4.6783,62.207
9fb84dd896f4,154,104,50,0,0.3246753246753247,0.6753246753246753,9,11.9278,65.3702
9fbd2b9d9b4c,105,65,40,0,0.38095238095238093,0.6190476190476191,0,0.0,0.0
9fdc67635e14,288,238,50,0,0.1736111111111111,0.8263888888888888,14,5.1208,63.7985
9ffb0d108038,66,47,19,0,0.2878787878787879,0.7121212121212122,0,0.0,0.0
9ffb9e9e7be3,36,26,10,0,0.2777777777777778,0.7222222222222222,8,17.4988,85.3882
a00844370a83,193,137,43,13,0.22279792746113988,0.7098445595854922,0,0.0,31.2164
a0150f4d6d9f,145,114,31,0,0.21379310344827587,0.7862068965517242,9,10.2173,61.2854
a02eb88c0bce,178,144,34,0,0.19101123595505617,0.8089887640449438,8,11.4395,65.4175
a038e9e20eea,198,155,43,0,0.21717171717171718,0.7828282828282829,9,9.6603,58.2382
a03e7ddadc04,191,116,51,21,0.2670157068062827,0.6073298429319371,15,8.5373,57.7316
a04846524f10,330,262,68,0,0.20606060606060606,0.793939393939394,16,16.9571,75.6912
a04e7045f6c8,84,54,17,13,0.20238095238095238,0.6428571428571429,4,2.6581,52.0111
a068d48cb012,207,147,32,28,0.15458937198067632,0.7101449275362319,9,8.5724,87.0178
a07104de6e1e,140,99,39,2,0.2785714285714286,0.7071428571428572,0,0.0,0.0
a0714e2fe169,105,81,24,0,0.22857142857142856,0.7714285714285715,4,6.4713,66.6626
a081ddde3cf1,111,75,36,0,0.32432432432432434,0.6756756756756757,0,0.0,0.0
a08bb66f1450,130,86,16,28,0.12307692307692308,0.6615384615384615,2,8.9706,75.4745
a08c211e99f5,183,128,55,0,0.3005464480874317,0.6994535519125683,18,14.5432,60.2112
a08e24cff451,53,25,28,0,0.5283018867924528,0.4716981132075472,4,6.8268,40.5228
a099b54eb2b1,183,144,39,0,0.21311475409836064,0.7868852459016393,13,12.7106,77.327
a09c9526e331,207,159,48,0,0.2318840579710145,0.7681159420289855,4,6.6071,50.8545
a09f18e1b9cc,168,88,39,41,0.23214285714285715,0.5238095238095238,15,12.3123,79.3823
a0a19caa7f2b,262,178,83,1,0.31679389312977096,0.6793893129770993,0,0.0,0.0
a0b7d920c249,258,198,57,3,0.22093023255813954,0.7674418604651163,0,0.0,0.0
a0d4b7a115f8,200,159,41,0,0.205,0.795,0,0.0,43.1747
a0df9f687c35,180,135,45,0,0.25,0.75,0,0.0,0.0
a0dfaf8d608a,142,96,46,0,0.323943661971831,0.676056338028169,0,0.0,0.0
a0e3a20a3cbf,206,149,54,3,0.2621359223300971,0.7233009708737864,0,0.0,0.0
a0e3ae771cc0,82,61,20,1,0.24390243902439024,0.7439024390243902,10,9.906,53.894
a0e79ca3b7a0,98,67,31,0,0.3163265306122449,0.6836734693877551,0,0.0,0.0
a0f29ff13fb0,140,105,35,0,0.25,0.75,0,0.0,0.0
a10cb9e1dcf6,226,177,49,0,0.2168141592920354,0.7831858407079646,1,1.062,37.207
a112bfd9f4a9,66,42,24,0,0.36363636363636365,0.6363636363636364,17,11.409,85.5072
a1178eb5d4b1,234,175,54,5,0.23076923076923078,0.7478632478632479,0,0.0,0.0
a1182a350f2f,228,154,59,15,0.25877192982456143,0.6754385964912281,0,0.0,0.0
a12ac7f1bc26,167,129,37,1,0.2215568862275449,0.7724550898203593,0,0.0,32.2327
a12cf12bd480,173,130,43,0,0.24855491329479767,0.7514450867052023,10,5.8151,60.0296
a14885c7da65,134,98,33,3,0.2462686567164179,0.7313432835820896,5,7.5653,65.448
a1623edb5004,139,103,36,0,0.2589928057553957,0.7410071942446043,23,18.7683,68.2327
a1697f266e95,169,118,51,0,0.30177514792899407,0.6982248520710059,15,14.7064,68.8004
a17e3c28db1e,172,145,27,0,0.1569767441860465,0.8430232558139535,14,14.27,65.8798
a184260ef13d,290,215,75,0,0.25862068965517243,0.7413793103448276,0,0.0,0.0
a18b8758447c,184,138,46,0,0.25,0.75,25,13.7756,69.22
a19e008bb181,157,121,29,7,0.18471337579617833,0.7707006369426752,2,6.9122,67.3752
a1abdacdaaa9,45,33,12,0,0.26666666666666666,0.7333333333333333,1,2.6108,58.2932
a1bd9874f482,251,191,60,0,0.23904382470119523,0.7609561752988048,0,0.0,50.3143
a1d31796040e,135,92,43,0,0.31851851851851853,0.6814814814814815,29,18.4845,80.4642
a1e5671c0ba2,156,109,44,3,0.28205128205128205,0.6987179487179487,18,11.0046,61.0367
a1eb67fb9f6f,77,54,22,1,0.2857142857142857,0.7012987012987013,1,2.3849,40.0223
a1edceba3500,275,153,14,108,0.05090909090909091,0.5563636363636364,0,0.0,33.5495
a1f37b944f95,120,85,35,0,0.2916666666666667,0.7083333333333334,13,10.9253,62.4283
a1f79e44db2c,122,101,21,0,0.1721311475409836,0.8278688524590164,9,7.7377,52.742
a1fd7998cce6,226,161,65,0,0.28761061946902655,0.7123893805309734,4,11.0657,66.983
a20eedc8f4a5,329,214,65,50,0.19756838905775076,0.6504559270516718,20,9.4452,73.8464
a213e4e68998,55,38,17,0,0.3090909090909091,0.6909090909090909,0,0.0,0.0
a21c88c3d7c1,32,19,13,0,0.40625,0.59375,0,0.0,1.0834
a21ea7caca40,211,167,44,0,0.20853080568720378,0.7914691943127962,15,6.8893,68.9438
a23accdd92c6,164,104,60,0,0.36585365853658536,0.6341463414634146,23,12.8845,61.0611
a260fec22534,54,35,19,0,0.35185185185185186,0.6481481481481481,0,0.0,0.0
a265cac37acf,116,74,41,1,0.35344827586206895,0.6379310344827587,0,0.0,0.0
a273a79b0d63,186,100,20,66,0.10752688172043011,0.5376344086021505,1,6.5659,57.0343
a279b450a867,39,28,11,0,0.28205128205128205,0.717948717948718,5,9.7885,73.6282
a27a666f0573,137,93,44,0,0.32116788321167883,0.6788321167883211,8,11.0657,53.9658
a280d60407c6,184,138,46,0,0.25,0.75,0,0.0,0.0
a2847e414d4c,193,154,38,1,0.19689119170984457,0.7979274611398963,0,0.0,39.7812
a288e70d5f39,289,223,66,0,0.22837370242214533,0.7716262975778547,15,16.6199,86.2137
a28b628b3360,160,128,13,19,0.08125,0.8,7,8.1879,75.325
a28d07249631,48,31,17,0,0.3541666666666667,0.6458333333333334,2,2.4292,17.7383
a29532134986,63,46,17,0,0.2698412698412698,0.7301587301587301,6,11.7264,68.5364
a295b26b9db3,135,98,37,0,0.2740740740740741,0.725925925925926,11,8.7204,62.5534
a2c07e3585c5,89,60,22,7,0.24719101123595505,0.6741573033707865,0,0.0,0.0
a2c484cd17f6,144,103,30,11,0.20833333333333334,0.7152777777777778,0,0.0,0.0
a2c5c5ae99d0,173,133,20,20,0.11560693641618497,0.7687861271676301,5,13.2812,60.4736
a2dc114f81b3,175,122,41,12,0.2342857142857143,0.6971428571428572,3,4.364,48.7503
a2f1af7bf2b8,96,66,30,0,0.3125,0.6875,0,0.0,0.0
a2fb69954b14,116,81,35,0,0.3017241379310345,0.6982758620689655,0,0.0,0.0
a2fe40846d78,184,139,39,6,0.21195652173913043,0.7554347826086957,18,13.5513,86.1099
a308ca65706a,191,140,45,6,0.2356020942408377,0.7329842931937173,19,16.7206,93.5638
a31ca214faca,113,71,42,0,0.37168141592920356,0.6283185840707964,3,1.6693,46.5012
a335e00877d8,169,130,39,0,0.23076923076923078,0.7692307692307693,9,13.8458,77.5208
a341bd2f51b0,224,196,28,0,0.125,0.875,6,6.8253,49.0295
a34c0d728771,162,129,33,0,0.2037037037037037,0.7962962962962963,20,17.7612,82.5043
a36875e181db,194,148,46,0,0.23711340206185566,0.7628865979381443,27,15.9744,83.1131
a36b91d58c9d,128,89,39,0,0.3046875,0.6953125,0,0.0,0.0
a36ee9f2bc55,201,137,64,0,0.31840796019900497,0.681592039800995,4,3.3524,48.8098
a3794ec31a02,47,40,7,0,0.14893617021276595,0.851063829787234,0,0.0,55.7404
a394fed15005,149,106,40,3,0.2684563758389262,0.7114093959731543,0,0.0,0.0
a3a06e2c0626,135,102,33,0,0.24444444444444444,0.7555555555555555,15,12.4908,79.7638
a3af37fbbe60,106,78,28,0,0.2641509433962264,0.7358490566037735,0,0.0,0.0
a3bf6f7cc8d7,147,113,34,0,0.23129251700680273,0.7687074829931972,4,10.2798,55.0873
a3ca38ce1d10,269,218,44,7,0.16356877323420074,0.8104089219330854,10,8.6105,61.4975
a3d3ad2b05d3,176,113,36,27,0.20454545454545456,0.6420454545454546,6,7.4219,51.8997
a3da6a9b33b3,287,203,84,0,0.2926829268292683,0.7073170731707317,0,0.0,0.0
a3e1e3c26c6a,68,34,34,0,0.5,0.5,22,24.1074,82.2922
a3fa13e95357,104,65,39,0,0.375,0.625,0,0.0,0.0
a3fcf7e4e09f,162,128,34,0,0.20987654320987653,0.7901234567901234,0,0.0,0.0
a420d76844dd,27,17,10,0,0.37037037037037035,0.6296296296296297,1,4.4418,69.5648
a43c01d2b679,237,186,51,0,0.21518987341772153,0.7848101265822784,13,13.0341,60.1913
a44fd7663c5a,47,34,13,0,0.2765957446808511,0.723404255319149,1,3.5217,49.086
a4514f8a6800,146,86,60,0,0.410958904109589,0.589041095890411,0,0.0,12.3428
a45b686526ef,119,86,33,0,0.2773109243697479,0.7226890756302521,0,0.0,0.0
a45c07780319,160,124,36,0,0.225,0.775,14,15.0345,60.9924
a47472a2ba96,206,158,48,0,0.23300970873786409,0.7669902912621359,22,18.6142,84.6283
a4759f06b88c,218,168,47,3,0.21559633027522937,0.7706422018348624,3,4.953,64.2487
a48b27a0f0f7,140,109,31,0,0.22142857142857142,0.7785714285714286,2,2.1606,9.3979
a48e97856c95,222,188,34,0,0.15315315315315314,0.8468468468468469,15,11.9064,75.9354
a4a9813dc121,190,139,51,0,0.26842105263157895,0.7315789473684211,10,13.9984,60.0952
a4d8550e3c9e,271,155,12,104,0.04428044280442804,0.5719557195571956,1,1.9363,83.3862
a4eca9510f70,287,200,49,38,0.17073170731707318,0.6968641114982579,1,6.6284,69.3512
a4edf7a1424c,226,160,37,27,0.16371681415929204,0.7079646017699115,0,0.0,49.3637
a4ef4e6aecb7,121,82,39,0,0.32231404958677684,0.6776859504132231,0,0.0,0.0
a4effa6d0c2e,276,221,54,1,0.1956521739130435,0.8007246376811594,22,12.6678,80.423
a4f80816b9e1,328,251,76,1,0.23170731707317074,0.7652439024390244,28,13.1134,77.5146
a4ff02d4ba4e,71,39,32,0,0.4507042253521127,0.5492957746478874,9,10.8673,67.2516
a53b78094126,112,86,26,0,0.23214285714285715,0.7678571428571429,4,7.9956,61.4014
a54c950714ff,62,44,18,0,0.2903225806451613,0.7096774193548387,2,3.6255,50.9827
a55cc8df950b,178,136,42,0,0.23595505617977527,0.7640449438202247,7,12.3657,60.7986
a5694e9a3cdc,40,32,8,0,0.2,0.8,2,5.9677,66.4963
a576f47b644f,177,132,45,0,0.2542372881355932,0.7457627118644068,7,4.3076,46.1975
a579110fe1e6,67,43,24,0,0.3582089552238806,0.6417910447761194,0,0.0,0.0
a58058bcddd5,216,150,66,0,0.3055555555555556,0.6944444444444444,0,0.0,0.0
a58d6425e3c8,152,65,18,69,0.11842105263157894,0.4276315789473684,0,0.0,19.2276
a59374f392ff,204,154,44,6,0.21568627450980393,0.7549019607843137,4,3.685,52.5528
a599d35b7674,73,39,24,10,0.3287671232876712,0.5342465753424658,13,9.7229,40.8112
a59a439b05a8,147,118,29,0,0.19727891156462585,0.8027210884353742,11,16.1179,65.3351
a5a27468f2a7,153,108,29,16,0.1895424836601307,0.7058823529411765,11,13.8092,78.598
a5a7c62ef1e0,139,92,47,0,0.3381294964028777,0.6618705035971223,12,11.5585,61.8591
a5b9c716881e,168,126,40,2,0.23809523809523808,0.75,10,9.0195,55.0156
a5b9d82b7e21,235,140,51,44,0.2170212765957447,0.5957446808510638,20,17.9794,93.1183
a5bf2186e2c5,253,184,69,0,0.2727272727272727,0.7272727272727273,6,18.7378,75.4837
a5dbc558ca9c,176,127,41,8,0.23295454545454544,0.7215909090909091,12,12.0789,67.2318
a5e2deac3b93,173,134,39,0,0.2254335260115607,0.7745664739884393,12,17.4316,82.0923
a5e35549c722,173,125,39,6,0.2254335260115607,0.7225433526011561,5,4.8874,63.504
a5e5be1ada0c,170,122,46,2,0.27058823529411763,0.7176470588235294,13,11.0123,71.1761
a5f7e4be7d54,229,163,37,20,0.1615720524017467,0.7117903930131004,5,2.9404,65.8905
a5fafb0a3acf,193,134,23,36,0.11917098445595854,0.694300518134715,0,0.0,31.6864
a5fc7a2b37df,200,142,58,0,0.29,0.71,18,8.2733,56.3904
a62919a6ef21,97,60,37,0,0.38144329896907214,0.6185567010309279,13,23.2407,56.781
a656612b4ddb,110,80,30,0,0.2727272727272727,0.7272727272727273,6,3.1418,54.2908
a6567125ec06,244,201,42,1,0.1721311475409836,0.8237704918032787,11,12.7319,80.0385
a65a095302fb,230,167,63,0,0.27391304347826084,0.7260869565217392,5,11.5784,72.7081
a65bd71b4d41,30,16,7,7,0.23333333333333334,0.5333333333333333,2,1.2924,23.6664
a66acc12fbf3,125,60,29,36,0.232,0.48,0,0.0,0.0
a6b9b962c775,202,117,40,45,0.19801980198019803,0.5792079207920792,6,8.7662,73.0698
a6c30b9c0053,176,112,35,29,0.19886363636363635,0.6363636363636364,0,0.0,0.0
a6da01c66cfe,177,121,56,0,0.3163841807909605,0.6836158192090396,13,13.2828,71.6339
a6df5267338c,231,157,63,9,0.2727272727272727,0.6796536796536796,6,5.5603,59.2682
a6e3d28846a0,137,91,14,32,0.10218978102189781,0.6642335766423357,1,4.3793,54.1306
a6f080dbb9bf,264,187,36,41,0.13636363636363635,0.7083333333333334,8,13.6734,59.877
a6fac45c2890,109,77,32,0,0.29357798165137616,0.7064220183486238,0,0.0,0.0
a72727c39add,149,91,23,35,0.15436241610738255,0.610738255033557,0,0.0,60.0449
a733ebe1241b,126,86,13,27,0.10317460317460317,0.6825396825396826,3,4.5654,68.1152
a737733c443a,332,248,84,0,0.25301204819277107,0.7469879518072289,16,12.0926,85.2676
a740ac5e9722,196,143,53,0,0.27040816326530615,0.7295918367346939,0,0.0,0.0
a74b7e612f31,279,200,58,21,0.2078853046594982,0.7168458781362007,15,16.8915,66.0492
a766e096ab43,139,98,33,8,0.23741007194244604,0.7050359712230215,16,13.298,82.1213
a778ef2839b7,182,143,39,0,0.21428571428571427,0.7857142857142857,0,0.0,19.4534
a7af860641a9,144,98,46,0,0.3194444444444444,0.6805555555555556,17,14.856,88.1012
a7b3150b3014,223,173,49,1,0.21973094170403587,0.7757847533632287,12,10.7285,64.4562
a7baba733c9e,208,155,53,0,0.2548076923076923,0.7451923076923077,13,10.9818,56.4346
a7ca49c094be,140,91,47,2,0.3357142857142857,0.65,17,10.1013,77.1683
a7d18581b540,221,169,52,0,0.23529411764705882,0.7647058823529411,16,14.917,82.5699
a7d5887200c7,86,60,26,0,0.3023255813953488,0.6976744186046512,9,14.4241,64.3539
a7eceb341290,233,180,42,11,0.18025751072961374,0.7725321888412017,0,0.0,43.3304
a807e743ad20,153,79,17,57,0.1111111111111111,0.5163398692810458,0,0.0,34.3964
a80ae4f5811f,115,58,29,28,0.25217391304347825,0.5043478260869565,0,0.0,57.1136
a8133622df02,225,176,47,2,0.2088888888888889,0.7822222222222223,7,6.9138,58.812
a81c58ea428c,86,47,19,20,0.22093023255813954,0.5465116279069767,3,5.4337,63.0203
a81d768e9eac,140,86,20,34,0.14285714285714285,0.6142857142857143,0,0.0,58.9264
a82ab9e22ff1,147,125,22,0,0.14965986394557823,0.8503401360544217,7,11.6241,64.2883
a82f9f71cde8,258,190,68,0,0.26356589147286824,0.7364341085271318,16,13.588,70.7703
a8321af1b533,101,72,29,0,0.2871287128712871,0.7128712871287128,0,0.0,0.0
a8351b2fcaee,66,39,27,0,0.4090909090909091,0.5909090909090909,0,0.0,32.7789
a8361109aecf,123,82,40,0,0.3252032520325203,0.6666666666666666,8,12.7563,76.8036
a83b0d472cd5,139,99,38,2,0.2733812949640288,0.7122302158273381,11,7.3456,81.3049
a87bddaf67f7,208,152,56,0,0.2692307692307692,0.7307692307692307,0,0.0,0.0
a8a951c084f7,221,167,52,2,0.23529411764705882,0.755656108597285,20,8.7296,52.1164
a8b8f6be7310,156,110,25,21,0.16025641025641027,0.7051282051282052,3,7.4478,59.1309
a8bd3316f3ee,85,52,33,0,0.38823529411764707,0.611764705882353,0,0.0,0.0
a8d547b83d52,73,55,18,0,0.2465753424657534,0.7534246575342466,5,4.0405,72.9584
a8d65bc90e17,138,104,34,0,0.2463768115942029,0.7536231884057971,1,1.0361,44.8578
a8e5f3831521,122,94,23,5,0.1885245901639344,0.7704918032786885,9,11.7661,62.883
a8e773eff750,249,195,54,0,0.21686746987951808,0.7831325301204819,26,15.7928,77.3148
a8e96a9ccdeb,96,64,32,0,0.3333333333333333,0.6666666666666666,9,10.4126,50.8453
a8f2080a44df,224,163,59,2,0.26339285714285715,0.7276785714285714,0,0.0,0.0
a909701d8fa8,198,137,61,0,0.30808080808080807,0.6919191919191919,25,17.6178,86.7462
a932bf147bd4,126,64,32,30,0.25396825396825395,0.5079365079365079,0,0.0,0.0
a93b3dcce91f,201,153,48,0,0.23880597014925373,0.7611940298507462,0,0.0,0.0
a94d63bd5c03,229,151,37,41,0.1615720524017467,0.6593886462882096,0,0.0,25.7141
a9534d1d06ad,94,66,28,0,0.2978723404255319,0.7021276595744681,0,0.0,0.0
a954e34aa74d,164,135,29,0,0.17682926829268292,0.823170731707317,7,5.5923,62.9105
a9752cd05aa5,186,134,40,12,0.21505376344086022,0.7204301075268817,14,8.3939,61.232
a979f5e3d61e,260,179,61,20,0.23461538461538461,0.6884615384615385,0,0.0,9.2133
a9a2bdda9278,291,218,73,0,0.2508591065292096,0.7491408934707904,0,0.0,0.0
a9dc6f6175a7,246,180,64,2,0.2601626016260163,0.7317073170731707,4,7.5134,49.9634
a9de2f159602,192,147,36,9,0.1875,0.765625,9,5.0873,58.9355
a9ff261ddbae,266,181,40,45,0.15037593984962405,0.6804511278195489,9,8.1924,62.6434
aa176f6d6e56,155,116,39,0,0.25161290322580643,0.7483870967741936,5,9.8877,44.0918
aa1de252963c,146,108,38,0,0.2602739726027397,0.7397260273972602,0,0.0,0.0
aa288e0ae818,88,63,25,0,0.2840909090909091,0.7159090909090909,5,12.9364,77.5406
aa3c01d5326e,30,19,11,0,0.36666666666666664,0.6333333333333333,1,5.7526,46.1792
aa3d385635fd,184,132,49,3,0.266304347826087,0.717391304347826,0,0.0,0.0
aa47209a1461,225,131,94,0,0.4177777777777778,0.5822222222222222,0,0.0,0.0
aa4a74ecfa34,103,69,34,0,0.3300970873786408,0.6699029126213593,10,6.3919,56.6849
aa5f6291ddf9,280,171,50,59,0.17857142857142858,0.6107142857142858,0,0.0,0.0
aa62014192d2,146,112,34,0,0.2328767123287671,0.7671232876712328,11,10.9619,51.5594
aa68bce6e7fd,103,70,33,0,0.32038834951456313,0.6796116504854369,5,14.7079,71.6721
aa7000449538,158,114,25,19,0.15822784810126583,0.7215189873417721,2,6.7871,54.4952
aa7ce2c5b9e3,232,180,36,16,0.15517241379310345,0.7758620689655172,0,0.0,57.486
aa8907057bf3,182,124,58,0,0.31868131868131866,0.6813186813186813,8,10.8887,60.5286
aa8ee3fd8549,204,138,62,4,0.30392156862745096,0.6764705882352942,1,3.6591,50.6897
aa96214fca7e,227,176,50,1,0.22026431718061673,0.775330396475771,16,8.2382,64.6362
aa9be7d9f82e,118,83,26,9,0.22033898305084745,0.7033898305084746,4,9.6085,59.1904
aaaf612f7fec,84,64,15,5,0.17857142857142858,0.7619047619047619,1,4.0344,45.9534
aab7d22839e8,184,133,46,5,0.25,0.7228260869565217,6,15.654,63.9099
aad4f67da18c,293,233,60,0,0.20477815699658702,0.7952218430034129,12,8.6731,81.9138
aadc8c10f196,167,130,37,0,0.2215568862275449,0.7784431137724551,9,14.4669,72.7982
aae4be2e608e,185,105,36,44,0.1945945945945946,0.5675675675675675,0,0.0,70.3934
aaee8c7e09fa,243,185,58,0,0.23868312757201646,0.7613168724279835,4,5.1788,66.3162
aaef504823a0,242,177,65,0,0.26859504132231404,0.731404958677686,0,0.0,0.0
ab0c6950b69d,67,47,20,0,0.29850746268656714,0.7014925373134329,8,7.6111,62.3596
ab106ca32e91,303,229,73,1,0.24092409240924093,0.7557755775577558,0,0.0,0.0
ab17f187d0cf,225,154,71,0,0.31555555555555553,0.6844444444444444,0,0.0,0.0
ab1f4d1aa956,163,118,45,0,0.27607361963190186,0.7239263803680982,0,0.0,0.0
ab4a7247e87d,169,124,45,0,0.26627218934911245,0.7337278106508875,4,9.5688,52.9449
ab58a4a56d41,114,90,24,0,0.21052631578947367,0.7894736842105263,11,12.4084,81.0516
ab60f4ef0811,209,165,29,15,0.13875598086124402,0.7894736842105263,8,9.2529,53.5751
ab7f757a2343,30,22,8,0,0.26666666666666666,0.7333333333333333,0,0.0,49.7009
ab807d486725,182,135,47,0,0.25824175824175827,0.7417582417582418,17,9.7672,62.7197
ab81e59d7651,226,167,48,11,0.21238938053097345,0.7389380530973452,10,6.3232,53.3234
ab81f1e238ba,88,64,24,0,0.2727272727272727,0.7272727272727273,10,5.6183,74.2844
ab8ad31b8041,221,180,41,0,0.18552036199095023,0.8144796380090498,5,3.1067,56.5506
ab953747c196,195,152,42,0,0.2153846153846154,0.7794871794871795,7,7.1747,43.7714
ab969bb57aa4,109,64,45,0,0.41284403669724773,0.5871559633027523,7,4.4388,31.1966
ab9737067730,157,91,36,30,0.22929936305732485,0.5796178343949044,0,0.0,0.0
ab9b00885d59,120,89,31,0,0.25833333333333336,0.7416666666666667,12,10.199,92.5339
aba474656aab,163,107,39,17,0.2392638036809816,0.656441717791411,0,0.0,0.0
aba52f1d32ab,158,118,40,0,0.25316455696202533,0.7468354430379747,2,4.5395,59.7107
abb4ad0009ce,363,288,75,0,0.2066115702479339,0.7933884297520661,9,9.4223,47.7097
abc48431c594,203,162,41,0,0.2019704433497537,0.7980295566502463,9,14.5462,79.2297
abf5960dc8f8,159,78,49,32,0.3081761006289308,0.49056603773584906,0,0.0,0.0
abf805f15449,241,166,75,0,0.3112033195020747,0.6887966804979253,22,11.9995,62.3291
abfe06f56b98,190,150,39,0,0.20526315789473684,0.7894736842105263,7,4.4174,62.5107
ac07fd6531d7,221,182,39,0,0.17647058823529413,0.8235294117647058,20,13.2507,68.0054
ac22e5a3ef26,63,40,23,0,0.36507936507936506,0.6349206349206349,0,0.0,0.0
ac2980962fa3,117,75,40,2,0.3418803418803419,0.6410256410256411,10,12.7197,54.4754
ac32c2c755e4,172,126,44,2,0.2558139534883721,0.7325581395348837,1,4.6005,68.66
ac34101f332f,274,198,64,11,0.23357664233576642,0.7226277372262774,13,8.046,43.2205
ac4184c39f8c,204,149,52,3,0.2549019607843137,0.7303921568627451,0,0.0,0.0
ac5d45906b56,102,66,36,0,0.35294117647058826,0.6470588235294118,6,11.0626,51.6418
ac6110478f6e,57,27,30,0,0.5263157894736842,0.47368421052631576,0,0.0,26.326
ac8dd5aad49e,94,61,33,0,0.35106382978723405,0.648936170212766,9,15.2451,54.9622
aca465b1eb4b,263,200,60,3,0.22813688212927757,0.7604562737642585,36,15.6403,81.4545
acb7fc21fae5,85,62,23,0,0.27058823529411763,0.7294117647058823,0,0.0,41.4566
acc092b7ff83,25,19,5,1,0.2,0.76,0,0.0,0.6241
acd9afcc1ca7,180,132,47,1,0.2611111111111111,0.7333333333333333,0,0.0,0.0
acde9000c58a,76,52,24,0,0.3157894736842105,0.6842105263157895,9,7.5287,68.2556
aceb8bd7daf9,195,137,58,0,0.29743589743589743,0.7025641025641025,16,17.6193,86.4136
ad0c63c44749,130,93,36,1,0.27692307692307694,0.7153846153846154,8,7.2861,67.7505
ad155660b001,172,136,36,0,0.20930232558139536,0.7906976744186046,0,0.0,0.0
ad1592d1b4b1,189,118,23,48,0.12169312169312169,0.6243386243386243,7,2.8427,66.4978
ad44ed31dfb7,176,108,31,37,0.17613636363636365,0.6136363636363636,8,8.7463,68.2388
ad52bc1015f3,145,113,28,4,0.19310344827586207,0.7793103448275862,17,14.9933,67.9047
ad5d1bfe1f9d,200,135,54,11,0.27,0.675,1,3.1479,30.4291
ad6a50e18cdc,60,40,20,0,0.3333333333333333,0.6666666666666666,6,11.8927,82.7545
ad6e90147030,47,34,13,0,0.2765957446808511,0.723404255319149,2,5.928,23.6481
ad7215256add,147,100,47,0,0.3197278911564626,0.6802721088435374,32,19.4901,93.898
ad990202d6e1,215,148,29,38,0.13488372093023257,0.6883720930232559,8,5.7449,86.9263
ad9edb9b14bb,136,103,32,1,0.23529411764705882,0.7573529411764706,6,5.5862,64.7461
ada7c1420efe,143,107,36,0,0.2517482517482518,0.7482517482517482,0,0.0,0.0
ada838130858,112,75,37,0,0.33035714285714285,0.6696428571428571,21,8.7891,63.2172
adb134cdca78,205,165,40,0,0.1951219512195122,0.8048780487804879,13,17.012,92.2775
adb6453b3935,115,85,27,3,0.23478260869565218,0.7391304347826086,7,6.8588,59.0164
adbfb2f1cece,87,59,28,0,0.3218390804597701,0.6781609195402298,6,12.0667,47.2244
adced66ab9dc,130,90,33,7,0.25384615384615383,0.6923076923076923,0,0.0,0.0
ade269705aa3,184,119,65,0,0.3532608695652174,0.6467391304347826,27,19.7449,60.4385
adef73f1a19a,154,117,36,1,0.23376623376623376,0.7597402597402597,2,4.5319,51.5381
ae0dc2c2d5ae,166,126,37,3,0.22289156626506024,0.7590361445783133,0,0.0,0.0
ae1c06e88f28,205,152,53,0,0.25853658536585367,0.7414634146341463,0,0.0,0.0
ae1c6bd84644,206,156,35,15,0.16990291262135923,0.7572815533980582,7,6.1218,66.6824
ae607241f09b,52,41,11,0,0.21153846153846154,0.7884615384615384,1,14.8087,70.0195
ae63763dc4f4,154,124,30,0,0.19480519480519481,0.8051948051948052,8,9.1019,81.0852
ae73856854da,224,100,32,92,0.14285714285714285,0.44642857142857145,2,3.302,74.3408
ae7dd6b6b074,136,104,28,4,0.20588235294117646,0.7647058823529411,17,11.5005,78.1067
ae8098ce32f4,50,23,6,21,0.12,0.46,1,1.5213,64.0503
ae91c33b37bf,186,129,54,3,0.2903225806451613,0.6935483870967742,1,1.7197,1.5793
aeaa36ea58ca,67,43,24,0,0.3582089552238806,0.6417910447761194,0,0.0,0.0
aebe292567e0,213,151,62,0,0.29107981220657275,0.7089201877934272,0,0.0,0.0
aecf833bf307,192,140,52,0,0.2708333333333333,0.7291666666666666,21,17.453,71.5347
aed7330d040f,198,156,42,0,0.21212121212121213,0.7878787878787878,7,9.0881,76.9928
aeec9f0bc83c,218,173,45,0,0.20642201834862386,0.7935779816513762,10,11.0184,79.5334
aef2f5071067,168,129,39,0,0.23214285714285715,0.7678571428571429,0,0.0,9.9686
aef725315551,142,99,43,0,0.3028169014084507,0.6971830985915493,0,0.0,0.0
aef75d4c390d,137,94,43,0,0.31386861313868614,0.6861313868613139,0,0.0,0.0
af1092d14c91,313,223,66,24,0.2108626198083067,0.7124600638977636,9,11.7737,59.4513
af1411aecef8,172,98,68,6,0.3953488372093023,0.5697674418604651,8,10.4538,58.0185
af3d444497d0,132,90,42,0,0.3181818181818182,0.6818181818181818,9,6.5506,69.4016
af41a64b57d2,222,168,53,1,0.23873873873873874,0.7567567567567568,0,0.0,0.0
af4e9bbfb088,132,105,26,1,0.19696969696969696,0.7954545454545454,12,11.9247,54.2221
af6cadce7e6b,96,62,19,15,0.19791666666666666,0.6458333333333334,3,7.2525,64.8483
af6fbe10ab6b,104,73,26,5,0.25,0.7019230769230769,4,7.5745,49.791
af71c423997e,241,188,51,2,0.21161825726141079,0.7800829875518672,11,7.785,40.7578
af931670d911,132,81,47,4,0.3560606060606061,0.6136363636363636,0,0.0,0.0
af994df40907,122,85,37,0,0.30327868852459017,0.6967213114754098,0,0.0,0.0
afa70cee560c,182,132,35,15,0.19230769230769232,0.7252747252747253,7,18.541,80.5389
afa9966f243d,154,109,45,0,0.2922077922077922,0.7077922077922078,0,0.0,0.0
afaa3f61f49c,175,129,29,17,0.1657142857142857,0.7371428571428571,2,2.3544,51.7426
afbd2c0c897b,183,134,42,7,0.22950819672131148,0.73224043715847,12,18.5974,72.5281
afd44b283116,257,203,54,0,0.21011673151750973,0.7898832684824902,14,11.972,68.0222
afd477abb13d,124,80,44,0,0.3548387096774194,0.6451612903225806,0,0.0,0.0
afe59339b8fe,171,129,42,0,0.24561403508771928,0.7543859649122807,1,2.3911,37.1674
afe7eb15c843,52,37,14,1,0.2692307692307692,0.7115384615384616,0,0.0,0.0
afeae451e576,122,78,44,0,0.36065573770491804,0.639344262295082,0,0.0,0.0
aff9deb3016a,41,27,11,3,0.2682926829268293,0.6585365853658537,5,17.4866,83.7143
b01f92809dbf,99,64,19,16,0.1919191919191919,0.6464646464646465,10,5.5908,66.5009
b02d2e1a8b84,228,194,34,0,0.14912280701754385,0.8508771929824561,7,7.6523,61.174
b039337ade13,91,59,32,0,0.3516483516483517,0.6483516483516484,5,6.2408,44.6808
b03acf15d51e,229,180,49,0,0.21397379912663755,0.7860262008733624,6,7.4921,71.9162
b0404032716f,128,88,40,0,0.3125,0.6875,0,0.0,0.0
b04286f0122e,199,141,58,0,0.2914572864321608,0.7085427135678392,0,0.0,0.0
b0602c9c2ffe,78,50,28,0,0.358974358974359,0.6410256410256411,4,7.2449,60.0311
b06e7d1627d5,207,167,39,1,0.18840579710144928,0.8067632850241546,13,14.682,76.9012
b09983414eb1,122,84,38,0,0.3114754098360656,0.6885245901639344,5,12.7579,46.0709
b0a13d9ac8f8,54,44,10,0,0.18518518518518517,0.8148148148148148,0,0.0,22.9279
b0ab4a0b140d,163,108,42,13,0.25766871165644173,0.6625766871165644,0,0.0,0.0
b0b0bb292409,159,105,54,0,0.33962264150943394,0.660377358490566,5,5.7724,46.4294
b0b38a63ab55,185,139,46,0,0.24864864864864866,0.7513513513513513,8,9.2407,61.7523
b0b8b9f98e54,165,116,49,0,0.296969696969697,0.703030303030303,5,5.5801,64.2731
b0ba9ace7fe4,139,99,40,0,0.28776978417266186,0.7122302158273381,0,0.0,0.0
b0c0c27f31e6,238,148,81,9,0.3403361344537815,0.6218487394957983,4,4.9286,39.6301
b0d5c1e2c6bc,174,108,26,40,0.14942528735632185,0.6206896551724138,1,1.6357,64.3723
b0db6c7062db,124,92,24,8,0.1935483870967742,0.7419354838709677,0,0.0,67.7917
b0dc9662008d,242,145,64,33,0.2644628099173554,0.5991735537190083,9,5.0003,50.1602
b0de7c7d8355,206,111,24,71,0.11650485436893204,0.5388349514563107,4,5.7648,61.5021
b0e4ac380ceb,189,131,40,18,0.21164021164021163,0.6931216931216931,9,7.4722,63.1302
b0ee38976e71,219,151,26,42,0.1187214611872146,0.6894977168949772,3,12.8128,58.7769
b0fd3778526a,241,163,78,0,0.3236514522821577,0.6763485477178424,18,13.5223,72.2382
b119f1fd77a7,244,179,63,2,0.2581967213114754,0.7336065573770492,25,18.1671,80.7632
b13078f2ae0a,240,187,53,0,0.22083333333333333,0.7791666666666667,0,0.0,0.0
b133f9748d2e,300,234,66,0,0.22,0.78,33,8.5815,46.8369
b13961504ea8,134,109,25,0,0.1865671641791045,0.8134328358208955,6,10.0464,87.4329
b13de5e3add0,223,181,42,0,0.18834080717488788,0.8116591928251121,11,9.6664,60.1486
b168c7aff6dd,161,125,36,0,0.2236024844720497,0.7763975155279503,0,0.0,40.3976
b17e49275305,136,109,27,0,0.19852941176470587,0.8014705882352942,6,10.9619,81.8298
b19b678ac181,153,110,43,0,0.28104575163398693,0.7189542483660131,3,3.154,42.2928
b1b0e643bd13,154,117,37,0,0.24025974025974026,0.7597402597402597,4,9.8282,76.8478
b1c8b92e790c,43,28,15,0,0.3488372093023256,0.6511627906976745,1,1.0941,25.0168
b1d93623521a,26,15,11,0,0.4230769230769231,0.5769230769230769,0,0.0,0.7309
b1ecc44ba2bf,35,24,11,0,0.3142857142857143,0.6857142857142857,0,0.0,0.0
b1f6f5539ae4,112,92,14,6,0.125,0.8214285714285714,4,7.6157,61.3907
b1fbe9701b14,66,44,10,12,0.15151515151515152,0.6666666666666666,1,3.7491,63.6749
b1fc28c48cb6,106,82,24,0,0.22641509433962265,0.7735849056603774,9,6.1279,55.2567
b20b5b841b6f,196,154,39,3,0.1989795918367347,0.7857142857142857,14,8.5434,79.9683
b22a805186b5,202,153,49,0,0.24257425742574257,0.7574257425742574,20,11.3708,62.9776
b23fa1eb9b60,262,173,36,53,0.13740458015267176,0.6603053435114504,7,9.0057,54.8309
b245cf055b22,138,94,44,0,0.3188405797101449,0.6811594202898551,2,8.8776,31.4743
b2545fbd121c,112,82,30,0,0.26785714285714285,0.7321428571428571,18,8.9157,77.7222
b25e5ec86bdf,124,96,26,2,0.20967741935483872,0.7741935483870968,0,0.0,0.0
b263e89dbfd9,231,177,54,0,0.23376623376623376,0.7662337662337663,1,3.624,38.5727
b267fa5f2c3b,171,126,45,0,0.2631578947368421,0.7368421052631579,2,4.3655,39.9124
b276c39d60d1,96,63,33,0,0.34375,0.65625,15,15.2298,67.6163
b289df6139dd,230,149,52,28,0.22608695652173913,0.6478260869565218,5,8.4549,56.2286
b28d4d6124a0,233,182,51,0,0.21888412017167383,0.7811158798283262,0,0.0,1.6754
b28f0f94ebc5,27,13,9,5,0.3333333333333333,0.48148148148148145,0,0.0,0.0
b29e5425308f,51,35,16,0,0.3137254901960784,0.6862745098039216,0,0.0,0.0
b2ade8c8cf0f,170,125,45,0,0.2647058823529412,0.7352941176470589,13,14.0167,60.6979
b2af2b481ff8,185,135,42,8,0.22702702702702704,0.7297297297297297,8,8.725,68.251
b2b496615dbf,240,185,54,1,0.225,0.7708333333333334,13,13.9694,78.8254
b2d4e1936bbd,69,35,34,0,0.4927536231884058,0.5072463768115942,0,0.0,0.0
b2dca2c953d2,91,67,22,2,0.24175824175824176,0.7362637362637363,3,15.4922,82.8201
b2de71e7e161,160,108,52,0,0.325,0.675,31,12.1887,74.8917
b2e49a8c3c46,123,67,37,19,0.3008130081300813,0.5447154471544715,0,0.0,0.0
b2ed25818b60,239,185,54,0,0.22594142259414227,0.7740585774058577,36,11.7538,68.927
b2fae9c1a4c6,165,129,36,0,0.21818181818181817,0.7818181818181819,11,10.0021,61.4792
b30b0cebda47,138,93,18,27,0.13043478260869565,0.6739130434782609,0,0.0,0.0
b31d1678d214,172,113,48,0,0.27906976744186046,0.6569767441860465,9,6.2531,64.5264
b32c022c6024,146,108,38,0,0.2602739726027397,0.7397260273972602,0,0.0,56.3324
b339154c789a,154,114,26,14,0.16883116883116883,0.7402597402597403,6,6.9046,59.7885
b3438f39bb7d,224,143,28,53,0.125,0.6383928571428571,15,6.9153,68.4586
b35a329a109e,194,139,45,10,0.23195876288659795,0.7164948453608248,19,10.1944,52.8122
b35fe0cb1edc,130,90,31,9,0.23846153846153847,0.6923076923076923,14,9.0698,58.9294
b368187a74f0,61,41,14,6,0.22950819672131148,0.6721311475409836,0,0.0,62.7701
b376949adfaf,266,211,55,0,0.20676691729323307,0.793233082706767,14,9.9762,73.8174
b376a3dc0448,243,191,51,1,0.20987654320987653,0.7860082304526749,7,8.374,78.3432
b3852036b9ba,194,121,30,43,0.15463917525773196,0.6237113402061856,2,2.9205,67.3477
b3853701d3e0,93,67,26,0,0.27956989247311825,0.7204301075268817,0,0.0,0.0
b38e72d2908a,125,95,30,0,0.24,0.76,4,12.4176,60.5255
b393b5fdb1c3,91,56,35,0,0.38461538461538464,0.6153846153846154,0,0.0,0.0
b3a2dc7547bc,182,103,17,62,0.09340659340659341,0.5659340659340659,0,0.0,41.5237
b3b6e6cf4fcb,109,65,44,0,0.4036697247706422,0.5963302752293578,0,0.0,0.0
b3bd3ff9e2f3,189,118,55,16,0.291005291005291,0.6243386243386243,0,0.0,0.0
b3c60fbbe0aa,189,150,39,0,0.20634920634920634,0.7936507936507936,10,11.235,68.5745
b3c9178d328c,212,177,35,0,0.1650943396226415,0.8349056603773585,15,12.2299,69.1971
b405faaaaf67,162,108,53,1,0.3271604938271605,0.6666666666666666,14,13.2141,59.3185
b41f0b32a816,156,116,40,0,0.2564102564102564,0.7435897435897436,2,4.9271,44.1284
b4265cba12f7,149,118,31,0,0.2080536912751678,0.7919463087248322,7,5.925,75.9583
b428c7ddb14a,164,127,37,0,0.22560975609756098,0.774390243902439,1,6.7139,56.1203
b4320e976906,81,55,26,0,0.32098765432098764,0.6790123456790124,0,0.0,16.713
b4375e422395,194,123,22,49,0.1134020618556701,0.634020618556701,1,2.6566,70.1096
b440e34f6b1b,105,76,29,0,0.2761904761904762,0.7238095238095238,0,0.0,0.0
b460d9967f78,115,87,28,0,0.24347826086956523,0.7565217391304347,2,7.6996,46.3715
b463add08c21,86,66,20,0,0.23255813953488372,0.7674418604651163,3,3.6163,79.5227
b464d85e4e09,211,147,64,0,0.3033175355450237,0.6966824644549763,1,8.3801,44.8044
b469e5dc0fe1,67,42,25,0,0.373134328358209,0.6268656716417911,0,0.0,0.0
b470c2276d97,152,106,30,16,0.19736842105263158,0.6973684210526315,6,6.3263,58.7631
b4806746e850,135,68,18,49,0.13333333333333333,0.5037037037037037,7,13.324,67.9382
b481b56617ce,159,124,35,0,0.22012578616352202,0.779874213836478,18,8.8318,83.1512
b48211c0c0fb,243,176,47,20,0.1934156378600823,0.7242798353909465,16,13.9954,53.8147
b48da7b81527,70,46,24,0,0.34285714285714286,0.6571428571428571,8,12.3352,62.2772
b498ef879c25,174,122,52,0,0.2988505747126437,0.7011494252873564,31,15.2328,88.4521
b4a118164412,135,100,35,0,0.25925925925925924,0.7407407407407407,20,13.353,86.0748
b4bd3a393ca7,66,42,22,2,0.3333333333333333,0.6363636363636364,0,0.0,0.0
b4bebe718759,243,196,47,0,0.1934156378600823,0.8065843621399177,18,16.5466,66.5085
b4c996e7f07d,204,160,35,9,0.1715686274509804,0.7843137254901961,0,0.0,0.0
b4cf33ec7b1e,38,23,15,0,0.39473684210526316,0.6052631578947368,0,0.0,12.4466
b4e5cfe0f161,146,92,25,29,0.17123287671232876,0.6301369863013698,5,7.4539,61.0916
b4ec9258133f,164,99,21,44,0.12804878048780488,0.6036585365853658,0,0.0,0.0
b4f0d7902a6f,83,60,23,0,0.27710843373493976,0.7228915662650602,7,5.7648,59.8358
b4f14cae24e0,149,117,32,0,0.21476510067114093,0.785234899328859,4,7.0038,58.8348
b521d20219d5,143,116,25,2,0.17482517482517482,0.8111888111888111,0,0.0,0.0
b5343f9567df,103,73,29,1,0.2815533980582524,0.7087378640776699,15,12.0987,71.8933
b53c1a436446,185,131,54,0,0.2918918918918919,0.7081081081081081,11,5.6747,70.9595
b53db1580f41,239,204,35,0,0.14644351464435146,0.8535564853556485,13,8.8257,61.8835
b55ebab76721,209,159,50,0,0.23923444976076555,0.7607655502392344,2,3.0075,43.5226
b57413598431,136,85,50,1,0.36764705882352944,0.625,17,10.2219,62.883
b57e87397f42,89,60,20,9,0.2247191011235955,0.6741573033707865,2,1.3229,61.3098
b58d4168888e,45,28,9,8,0.2,0.6222222222222222,1,1.3596,81.781
b5981366ea2c,153,104,49,0,0.3202614379084967,0.6797385620915033,13,16.1514,83.7677
b5a7d649e169,199,139,56,4,0.2814070351758794,0.6984924623115578,0,0.0,23.4665
b5ad6c0446b9,234,176,53,5,0.2264957264957265,0.7521367521367521,26,12.0529,86.2564
b5b2f06981b2,51,29,22,0,0.43137254901960786,0.5686274509803921,0,0.0,0.0
b5dfac1df6b0,144,99,45,0,0.3125,0.6875,3,7.5409,69.1162
b5fb7cc092dd,189,142,47,0,0.24867724867724866,0.7513227513227513,14,11.9476,74.0784
b600f26e7bc2,151,100,42,9,0.2781456953642384,0.6622516556291391,14,15.2924,57.7805
b604630290e6,167,124,43,0,0.25748502994011974,0.7425149700598802,0,0.0,0.0
b6084b84b97f,96,72,18,5,0.1875,0.75,2,1.9562,54.6173
b61a1c350af7,117,90,27,0,0.23076923076923078,0.7692307692307693,13,8.6197,54.2404
b63cd7e9557a,227,171,53,3,0.23348017621145375,0.7533039647577092,22,13.5864,73.5962
b643e2b26434,227,149,38,40,0.16740088105726872,0.6563876651982379,0,0.0,0.0
b648dd9ceb6d,154,102,52,0,0.33766233766233766,0.6623376623376623,21,15.3641,90.9714
b65129204d2b,133,93,34,6,0.2556390977443609,0.6992481203007519,0,0.0,0.0
b673c0657c28,110,86,24,0,0.21818181818181817,0.7818181818181819,8,11.4243,62.8296
b6755c19d24b,149,121,26,2,0.174496644295302,0.8120805369127517,8,12.5519,73.5397
b677231c7255,186,138,48,0,0.25806451612903225,0.7419354838709677,10,4.2709,51.3168
b68551866ec9,180,141,39,0,0.21666666666666667,0.7833333333333333,23,17.4011,69.0079
b69f37414ea0,237,174,51,12,0.21518987341772153,0.7341772151898734,41,16.9891,74.4354
b6b310cbbe94,61,34,14,13,0.22950819672131148,0.5573770491803278,1,3.3081,24.0341
b6b7accb239b,247,190,54,3,0.21862348178137653,0.7692307692307693,0,0.0,0.0
b6bd9248ed2b,205,111,26,68,0.12682926829268293,0.5414634146341464,0,0.0,0.0
b6cffe7fcd24,182,136,45,1,0.24725274725274726,0.7472527472527473,23,19.751,87.6495
b6d692b8d90c,153,118,35,0,0.22875816993464052,0.7712418300653595,22,17.2806,60.4691
b6d811787ee5,225,167,58,0,0.2577777777777778,0.7422222222222222,0,0.0,0.0
b6ded09044a0,143,94,49,0,0.34265734265734266,0.6573426573426573,0,0.0,0.0
b6f1c3c74805,176,119,21,36,0.11931818181818182,0.6761363636363636,0,0.0,0.0
b6f662456545,99,76,23,0,0.23232323232323232,0.7676767676767676,2,5.455,43.8583
b6f90e7ab21d,126,100,26,0,0.20634920634920634,0.7936507936507936,4,8.3267,80.5161
b70651a991d2,214,142,43,29,0.20093457943925233,0.6635514018691588,0,0.0,45.7611
b7131510648c,92,63,29,0,0.31521739130434784,0.6847826086956522,12,12.8799,66.5268
b7295985832c,257,183,73,1,0.2840466926070039,0.7120622568093385,0,0.0,0.0
b7376a7ff7ba,214,143,32,39,0.14953271028037382,0.6682242990654206,2,2.7664,68.634
b73bbfdac8fa,394,309,84,1,0.2131979695431472,0.7842639593908629,12,9.3597,67.2867
b74de57b5c61,234,184,50,0,0.21367521367521367,0.7863247863247863,0,0.0,0.0
b74f213d6ea1,266,198,50,18,0.18796992481203006,0.7443609022556391,10,8.3542,66.1163
b7540ad7f233,72,45,26,1,0.3611111111111111,0.625,0,0.0,0.0
b75dff02d2f6,219,127,39,53,0.1780821917808219,0.5799086757990868,6,9.5169,81.6895
b76e81e3f3d4,68,48,20,0,0.29411764705882354,0.7058823529411765,2,2.5543,38.736
b770d7a72514,44,30,14,0,0.3181818181818182,0.6818181818181818,1,1.1948,11.795
b77a9076b560,141,91,50,0,0.3546099290780142,0.6453900709219859,25,15.3076,87.7579
b788300a50ab,292,214,78,0,0.2671232876712329,0.7328767123287672,7,13.4323,48.439
b790c95b8efb,93,48,29,16,0.3118279569892473,0.5161290322580645,0,0.0,0.0
b7932b71e157,190,136,54,0,0.28421052631578947,0.7157894736842105,2,4.6844,47.6456
b79a6f8a47e7,41,32,9,0,0.21951219512195122,0.7804878048780488,3,5.3162,66.8259
b800f38e7f2b,148,110,38,0,0.25675675675675674,0.7432432432432432,0,0.0,0.0
b801c926e310,103,67,36,0,0.34951456310679613,0.6504854368932039,0,0.0,0.0
b80e06d0a89a,121,79,42,0,0.34710743801652894,0.6528925619834711,0,0.0,0.0
b81f068ea8c9,288,180,66,42,0.22916666666666666,0.625,13,10.5789,61.0397
b828e67db7b8,186,127,52,7,0.27956989247311825,0.6827956989247311,0,0.0,0.0
b82ed1b48b34,254,115,134,5,0.5275590551181102,0.452755905511811,0,0.0,0.0
b85c0e9e08d5,166,118,48,0,0.2891566265060241,0.7108433734939759,18,10.5682,64.4165
b87d20bcf0c7,269,199,57,13,0.21189591078066913,0.7397769516728625,0,0.0,0.0
b87f6437fa78,156,113,39,4,0.25,0.7243589743589743,6,11.0504,59.4498
b896a5ef9606,93,55,38,0,0.40860215053763443,0.5913978494623656,13,15.6128,84.5398
b8a598ecf3d3,167,119,43,5,0.25748502994011974,0.7125748502994012,2,5.8975,63.2599
b8affdee9090,156,117,33,6,0.21153846153846154,0.75,0,0.0,15.6265
b8b2b97c2b6b,95,68,27,0,0.28421052631578947,0.7157894736842105,0,0.0,0.0
b8b631f236cb,165,119,46,0,0.2787878787878788,0.7212121212121212,4,6.395,73.2025
b8c6eb182fab,91,68,23,0,0.25274725274725274,0.7472527472527473,0,0.0,0.0
b8e52f4258cf,108,71,37,0,0.3425925925925926,0.6574074074074074,9,12.9074,64.2609
b8e6ad3dfea9,207,161,43,2,0.20772946859903382,0.7777777777777778,19,19.1605,85.0266
b8ec9675d05c,126,77,21,28,0.16666666666666666,0.6111111111111112,3,5.8411,76.9257
b8f511d4afc6,120,86,34,0,0.2833333333333333,0.7166666666666667,6,9.0866,57.3196
b9008f036f70,61,37,18,0,0.29508196721311475,0.6065573770491803,8,9.8343,72.0856
b912445f14c1,143,116,27,0,0.1888111888111888,0.8111888111888111,5,5.5069,57.1533
b9445f54b564,201,167,34,0,0.1691542288557214,0.8308457711442786,22,18.9453,75.2563
b95035c00e6e,134,98,36,0,0.26865671641791045,0.7313432835820896,13,12.4466,87.3962
b96adba102a8,105,68,37,0,0.3523809523809524,0.6476190476190476,9,10.1257,71.1182
b975fb616a70,150,113,37,0,0.24666666666666667,0.7533333333333333,11,10.6186,55.7419
b97714e3e07e,217,164,53,0,0.24423963133640553,0.7557603686635944,13,11.1633,65.1337
b9967e5cb350,260,194,32,34,0.12307692307692308,0.7461538461538462,5,5.8197,83.963
b99ca5db00ec,11,5,6,0,0.5454545454545454,0.45454545454545453,0,0.0,0.1953
b9af529d72fb,201,147,42,12,0.208955223880597,0.7313432835820896,0,0.0,0.0
b9c08ad54a17,167,122,45,0,0.2694610778443114,0.7305389221556886,0,0.0,0.0
b9d2a95c3c07,186,131,21,34,0.11290322580645161,0.7043010752688172,7,9.1919,63.7589
b9ddd6976959,211,167,44,0,0.20853080568720378,0.7914691943127962,20,10.2921,77.5284
b9f40a94c801,159,126,30,3,0.18867924528301888,0.7924528301886793,20,12.8204,86.0107
b9f5c7310c0c,252,182,47,23,0.1865079365079365,0.7222222222222222,0,0.0,48.0743
b9f7b1047221,143,79,24,40,0.16783216783216784,0.5524475524475524,4,11.235,50.3723
ba07ed13e035,209,119,56,34,0.2679425837320574,0.569377990430622,12,6.9946,57.869
ba4a1e8412d6,218,160,58,0,0.26605504587155965,0.7339449541284404,9,6.3782,64.122
ba4a7100888e,238,176,59,3,0.24789915966386555,0.7394957983193278,22,13.1454,73.9136
ba57c9eb0628,221,174,47,0,0.21266968325791855,0.7873303167420814,1,7.5562,38.6139
ba63dbc59e85,221,173,40,8,0.18099547511312217,0.7828054298642534,13,8.6212,60.7346
ba688af0eaf8,229,169,45,15,0.1965065502183406,0.7379912663755459,0,0.0,0.0
ba79259f809a,227,176,51,0,0.22466960352422907,0.775330396475771,8,8.1589,49.3607
ba7b108db53c,108,74,32,2,0.2962962962962963,0.6851851851851852,0,0.0,0.0
ba7eaa33d6ac,132,93,31,8,0.23484848484848486,0.7045454545454546,6,7.5027,56.3522
ba8d55330e6d,235,189,41,5,0.17446808510638298,0.8042553191489362,10,9.4116,67.5781
ba8e50f3e374,195,128,27,40,0.13846153846153847,0.6564102564102564,0,0.0,49.5132
ba90d2787827,182,102,80,0,0.43956043956043955,0.5604395604395604,0,0.0,0.0
ba99968b0499,201,164,37,0,0.18407960199004975,0.8159203980099502,14,12.4313,75.0626
baa52ab819b6,99,60,26,13,0.26262626262626265,0.6060606060606061,6,12.1872,65.6311
baae8c3655a0,153,111,42,0,0.27450980392156865,0.7254901960784313,0,0.0,0.0
bacad594d4d9,95,76,19,0,0.2,0.8,0,0.0,0.0
bad219691cae,154,69,24,61,0.15584415584415584,0.44805194805194803,0,0.0,75.5142
badbaf5d20db,132,78,54,0,0.4090909090909091,0.5909090909090909,6,3.7964,56.0944
bade12795492,145,108,37,0,0.25517241379310346,0.7448275862068966,0,0.0,0.0
bae29f6c79dd,208,153,55,0,0.2644230769230769,0.7355769230769231,2,2.2034,50.2289
bae54bf65218,201,137,31,33,0.15422885572139303,0.681592039800995,0,0.0,0.0
bafd1d2508ef,209,121,31,57,0.14832535885167464,0.5789473684210527,1,1.3733,61.8317
bafd986d05ec,144,97,47,0,0.3263888888888889,0.6736111111111112,0,0.0,0.0
bb0dfd783c80,198,145,52,1,0.26262626262626265,0.7323232323232324,4,7.5241,51.7746
bb11bbc200cb,203,143,57,3,0.28078817733990147,0.7044334975369458,0,0.0,18.4753
bb25d84b4c46,189,145,44,0,0.2328042328042328,0.7671957671957672,0,0.0,0.0
bb2ab3d537fc,213,161,52,0,0.24413145539906103,0.755868544600939,19,11.4441,73.8129
bb2def1b86b5,289,225,64,0,0.22145328719723184,0.7785467128027682,29,19.7342,81.3965
bb2fb7ab470f,43,24,15,4,0.3488372093023256,0.5581395348837209,0,0.0,0.0
bb3a7b890dcf,156,113,42,1,0.2692307692307692,0.7243589743589743,12,18.2007,56.9916
bb492e6591b6,138,76,21,41,0.15217391304347827,0.5507246376811594,0,0.0,15.8432
bb575d53749f,281,224,57,0,0.20284697508896798,0.797153024911032,20,13.0783,61.1664
bb66f91b996d,155,115,40,0,0.25806451612903225,0.7419354838709677,0,0.0,0.0
bb6a5808a184,268,217,45,6,0.16791044776119404,0.8097014925373134,0,0.0,0.0
bb89e53032c0,137,105,32,0,0.23357664233576642,0.7664233576642335,3,4.0771,43.4464
bb8c26c5d0ec,177,144,33,0,0.1864406779661017,0.8135593220338984,5,10.2325,78.447
bb96341b3835,203,144,59,0,0.29064039408866993,0.7093596059113301,0,0.0,0.0
bba3d3535ac1,257,208,38,11,0.14785992217898833,0.8093385214007782,12,5.1651,74.9069
bbab8ff4a3f6,151,106,45,0,0.2980132450331126,0.7019867549668874,0,0.0,0.0
bbb2cb27e4dd,113,78,35,0,0.30973451327433627,0.6902654867256637,2,10.5011,45.6161
bbbe47a9dda0,281,144,18,119,0.06405693950177936,0.5124555160142349,0,0.0,17.4301
bbc3af10b2b2,189,154,35,0,0.18518518518518517,0.8148148148148148,6,6.9641,63.8046
bbcd685ce62f,168,124,18,26,0.10714285714285714,0.7380952380952381,1,3.0228,64.4928
bbde3819952e,64,43,16,5,0.25,0.671875,1,1.7365,13.9114
bc11ea87ebca,237,136,47,54,0.19831223628691982,0.5738396624472574,7,13.028,53.9734
bc1cf017913e,166,109,56,1,0.3373493975903614,0.6566265060240963,0,0.0,0.0
bc2518ea5985,137,101,36,0,0.26277372262773724,0.7372262773722628,9,9.6695,60.9909
bc3ea73616f6,160,112,43,5,0.26875,0.7,6,3.3783,66.1026
bc4305fd8850,31,21,10,0,0.3225806451612903,0.6774193548387096,0,0.0,16.1545
bc57d58be4d2,126,74,38,12,0.30158730158730157,0.5873015873015873,1,1.6434,69.0781
bc6573ad91d8,160,75,27,58,0.16875,0.46875,3,3.3203,62.0209
bc79710a9120,136,95,41,0,0.3014705882352941,0.6985294117647058,11,12.6251,61.3434
bc8042b8de3c,210,138,35,37,0.16666666666666666,0.6571428571428571,5,7.2876,49.6735
bc8ca8636656,185,143,42,0,0.22702702702702704,0.772972972972973,0,0.0,54.4968
bc93d165d96e,244,178,35,31,0.14344262295081966,0.7295081967213115,3,3.595,35.0769
bc9c6686eeb1,69,46,23,0,0.3333333333333333,0.6666666666666666,0,0.0,0.0
bca42350673f,154,116,35,3,0.22727272727272727,0.7532467532467533,8,9.6191,73.9639
bcadcbc70af9,169,116,25,28,0.14792899408284024,0.6863905325443787,3,9.494,83.9554
bcaf9c8890c5,113,78,33,2,0.2920353982300885,0.6902654867256637,7,6.4697,39.2563
bcc84573e785,66,39,27,0,0.4090909090909091,0.5909090909090909,0,0.0,0.0
bce6156cc1e4,195,136,59,0,0.30256410256410254,0.6974358974358974,0,0.0,0.0
bcfa17affb4e,145,115,30,0,0.20689655172413793,0.7931034482758621,10,18.5547,61.3113
bd044fc0a6c8,173,130,42,1,0.24277456647398843,0.7514450867052023,9,12.2208,57.5638
bd1a900e27cf,212,164,48,0,0.22641509433962265,0.7735849056603774,23,12.6236,86.0672
bd2272491323,36,20,16,0,0.4444444444444444,0.5555555555555556,0,0.0,0.0
bd27ef7b7228,57,37,20,0,0.3508771929824561,0.6491228070175439,1,1.4679,31.8726
bd2e60126032,230,180,36,14,0.1565217391304348,0.782608695652174,3,4.3427,58.1818
bd31a494912d,37,22,11,4,0.2972972972972973,0.5945945945945946,0,0.0,0.0
bd3d353c7d62,114,89,25,0,0.21929824561403508,0.7807017543859649,0,0.0,0.0
bd465b5e566f,93,49,28,16,0.3010752688172043,0.5268817204301075,0,0.0,0.0
bd4b881106dd,110,65,45,0,0.4090909090909091,0.5909090909090909,15,16.7068,63.5864
bd525e9a4287,144,93,51,0,0.3541666666666667,0.6458333333333334,0,0.0,0.0
bd66532ff52d,113,67,13,33,0.11504424778761062,0.5929203539823009,0,0.0,57.4356
bd6a39de1822,138,101,26,11,0.18840579710144928,0.7318840579710145,7,6.1432,46.315
bd6c97b7f405,50,26,24,0,0.48,0.52,0,0.0,0.0
bd794a0fe18a,128,68,15,45,0.1171875,0.53125,1,5.9723,53.0365
bd7b04d0b48b,196,154,36,6,0.1836734693877551,0.7857142857142857,4,6.72,69.7449
bd8574cd5bcb,161,126,35,0,0.21739130434782608,0.782608695652174,10,9.2102,66.4062
bd86f3cec249,165,117,48,0,0.2909090909090909,0.7090909090909091,13,9.5749,80.687
bd9022853225,66,49,17,0,0.25757575757575757,0.7424242424242424,0,0.0,0.0
bd95b9c20d2a,127,94,33,0,0.25984251968503935,0.7401574803149606,15,15.4877,90.5563
bd9f6b90049d,218,163,55,0,0.25229357798165136,0.7477064220183486,10,14.4745,77.0935
bda25c48ac80,203,163,39,1,0.1921182266009852,0.8029556650246306,12,6.9794,57.7118
bdae289bd861,32,20,11,1,0.34375,0.625,9,12.3901,86.1649
bdcf536c984b,200,117,64,19,0.32,0.585,7,11.174,50.4272
bdd7c058fbd0,119,71,43,5,0.36134453781512604,0.5966386554621849,0,0.0,37.7823
bddf66c4edd9,191,140,51,0,0.2670157068062827,0.7329842931937173,13,13.6581,73.3719
bde825d297da,146,105,37,4,0.2534246575342466,0.7191780821917808,16,13.3942,81.6299
bde972923c4b,57,35,22,0,0.38596491228070173,0.6140350877192983,4,4.4449,45.3445
bdeb7ab6c227,222,177,45,0,0.20270270270270271,0.7972972972972973,18,8.0688,87.825
bdeecdfb4808,160,123,37,0,0.23125,0.76875,0,0.0,0.0
be1573a19286,123,85,36,2,0.2926829268292683,0.6910569105691057,0,0.0,0.0
be24de51dde9,182,137,39,6,0.21428571428571427,0.7527472527472527,11,10.8719,60.0388
be2b21968d5a,152,107,41,4,0.26973684210526316,0.7039473684210527,0,0.0,0.0
be403ce41560,184,125,44,15,0.2391304347826087,0.6793478260869565,5,7.6675,53.5995
be4ed7eb6be8,222,157,25,40,0.11261261261261261,0.7072072072072072,7,4.3564,71.8353
be548af60fd3,213,153,57,1,0.2676056338028169,0.7183098591549296,3,1.6907,47.3328
be56b8fd2f70,164,100,18,46,0.10975609756097561,0.6097560975609756,0,0.0,58.1116
be636d17226e,231,184,42,5,0.18181818181818182,0.7965367965367965,0,0.0,0.0
be85e2b33823,175,124,39,12,0.22285714285714286,0.7085714285714285,8,10.3455,69.1559
be8ab2f56394,118,64,30,24,0.2542372881355932,0.5423728813559322,4,13.4048,68.1305
be8d828b7d90,259,205,54,0,0.2084942084942085,0.7915057915057915,7,16.2659,60.8658
be95b2d37a7c,241,177,64,0,0.26556016597510373,0.7344398340248963,2,6.4072,51.7227
be9a14433ee7,296,229,62,3,0.20945945945945946,0.7736486486486487,17,13.2538,88.4613
beac155ed4bd,146,104,42,0,0.2876712328767123,0.7123287671232876,0,0.0,0.0
beaeb46f623d,232,138,57,37,0.24568965517241378,0.5948275862068966,18,15.4556,60.6079
beb35c12ff6f,111,77,34,0,0.3063063063063063,0.6936936936936937,0,0.0,0.0
bebc85c00d7b,221,174,47,0,0.21266968325791855,0.7873303167420814,13,6.8695,61.8118
bec80e876b9f,38,25,12,1,0.3157894736842105,0.6578947368421053,0,0.0,0.0
bedeb6cf82f3,145,107,35,3,0.2413793103448276,0.7379310344827587,1,3.9871,19.1956
befda4b7504b,161,113,23,25,0.14285714285714285,0.7018633540372671,9,8.371,68.8477
bf1b395053b3,131,85,46,0,0.3511450381679389,0.648854961832061,0,0.0,0.0
bf1d001ccf13,93,65,28,0,0.3010752688172043,0.6989247311827957,6,9.8175,54.2267
bf5c95be359c,204,112,32,60,0.1568627450980392,0.5490196078431373,4,6.958,64.5508
bf5ca3ecbaa4,103,68,35,0,0.33980582524271846,0.6601941747572816,11,10.6155,55.6732
bf743f62c0d2,227,163,42,22,0.18502202643171806,0.7180616740088106,3,5.8014,61.264
bf76a6ee6ce5,169,109,27,33,0.15976331360946747,0.6449704142011834,2,1.3855,47.644
bf779325c9c1,20,11,8,1,0.4,0.55,7,18.8293,98.5107
bf7d0ac2494f,201,151,50,0,0.24875621890547264,0.7512437810945274,11,15.6418,61.8652
bf8c6536be86,374,288,82,4,0.2192513368983957,0.7700534759358288,8,10.9024,61.9995
bf8c6975590c,301,236,49,16,0.16279069767441862,0.7840531561461794,14,10.8795,60.5988
bf9725f0dc71,162,116,46,0,0.2839506172839506,0.7160493827160493,1,5.8578,44.5389
bf990806f56c,47,26,21,0,0.44680851063829785,0.5531914893617021,0,0.0,0.0
bfa0d8a65df9,236,144,56,36,0.23728813559322035,0.6101694915254238,5,6.2744,67.2607
bfc0f3be45e3,101,72,29,0,0.2871287128712871,0.7128712871287128,12,18.8538,63.2462
bfc5aa2abac6,118,97,21,0,0.17796610169491525,0.8220338983050848,1,6.1829,60.1074
bfc6ccb20af4,32,21,11,0,0.34375,0.65625,3,7.9453,33.1314
bfcc9e5ac8e3,113,88,22,3,0.19469026548672566,0.7787610619469026,2,6.4453,42.1371
bfcfacaf16cd,115,88,27,0,0.23478260869565218,0.7652173913043478,16,17.0517,84.8511
bfd646393bd8,77,56,21,0,0.2727272727272727,0.7272727272727273,11,8.812,74.5605
bfed9b44a06d,101,61,40,0,0.39603960396039606,0.6039603960396039,0,0.0,0.0
c00150f4dde0,100,67,33,0,0.33,0.67,8,7.9102,50.1633
c0097374d10c,154,102,43,9,0.2792207792207792,0.6623376623376623,0,0.0,0.0
c00da4f9d10e,87,55,32,0,0.367816091954023,0.632183908045977,2,2.3468,46.8567
c02993d3eb18,200,138,61,1,0.305,0.69,23,7.1548,60.1959
c03d33fab289,201,151,43,7,0.21393034825870647,0.7512437810945274,1,6.2317,45.4666
c04e3f99d884,207,160,47,0,0.22705314009661837,0.7729468599033816,7,6.7581,54.3106
c05255323194,124,93,31,0,0.25,0.75,0,0.0,0.0
c070301c3c6b,130,87,43,0,0.33076923076923076,0.6692307692307692,0,0.0,6.8451
c07ed66dfd32,86,57,29,0,0.3372093023255814,0.6627906976744186,6,7.579,78.7918
c07f5f4ca0af,146,103,43,0,0.2945205479452055,0.7054794520547946,5,9.259,62.7533
c0910c1a35e0,212,164,47,0,0.22169811320754718,0.7735849056603774,6,4.8691,69.0048
c0a0956a3931,217,165,42,10,0.1935483870967742,0.7603686635944701,10,17.2043,76.0696
c0a8a6e08e51,299,197,30,72,0.10033444816053512,0.6588628762541806,4,4.1611,55.8731
c0b74d23f850,36,26,10,0,0.2777777777777778,0.7222222222222222,4,16.6977,86.7233
c0dbbf2b29da,220,186,34,0,0.15454545454545454,0.8454545454545455,11,7.373,73.1689
c0e652d92038,100,63,37,0,0.37,0.63,8,12.1353,61.1404
c0fe8ca3041b,172,130,33,9,0.19186046511627908,0.7558139534883721,10,11.1694,83.194
c105c2ca793d,193,103,35,55,0.18134715025906736,0.533678756476684,7,6.8527,56.6849
c10d4753ac17,275,169,38,68,0.13818181818181818,0.6145454545454545,2,7.4219,70.8664
c10eb86a927f,234,163,70,1,0.29914529914529914,0.6965811965811965,0,0.0,6.2363
c115a53d0353,228,166,45,17,0.19736842105263158,0.7280701754385965,11,6.3171,50.3876
c1273fbac7df,130,91,38,1,0.2923076923076923,0.7,0,0.0,0.0
c129618431d0,205,141,29,35,0.14146341463414633,0.6878048780487804,8,14.5645,70.8954
c13682fc07a6,183,140,43,0,0.23497267759562843,0.7650273224043715,7,12.8281,54.7684
c137649e6a6e,73,49,24,0,0.3287671232876712,0.6712328767123288,0,0.0,0.0
c141ed8d4226,193,129,64,0,0.3316062176165803,0.6683937823834197,11,7.0023,47.6746
c14beccd6b55,218,168,50,0,0.22935779816513763,0.7706422018348624,0,0.0,0.0
c14efea7c94b,74,55,19,0,0.25675675675675674,0.7432432432432432,1,3.6987,38.8687
c15bffae5925,116,84,32,0,0.27586206896551724,0.7241379310344828,1,6.4011,30.0659
c16bffeed450,87,60,27,0,0.3103448275862069,0.6896551724137931,5,5.7297,40.181
c176b834c3a5,126,83,16,27,0.12698412698412698,0.6587301587301587,2,2.7618,77.8549
c176d5630828,129,92,29,8,0.2248062015503876,0.7131782945736435,0,0.0,0.0
c17fbe7ddf1c,226,175,50,1,0.22123893805309736,0.7743362831858407,0,0.0,11.795
c18eeeb86a70,82,55,25,2,0.3048780487804878,0.6707317073170732,0,0.0,0.0
c192a7c5a94a,213,178,35,0,0.1643192488262911,0.8356807511737089,14,13.678,77.0187
c19623cc0d82,53,31,22,0,0.41509433962264153,0.5849056603773585,0,0.0,0.0
c1d018bf5049,145,115,16,14,0.1103448275862069,0.7931034482758621,8,4.9286,75.9186
c1e4a4cd769d,287,205,73,9,0.25435540069686413,0.7142857142857143,3,9.2209,59.5139
c1f151640dce,136,91,45,0,0.33088235294117646,0.6691176470588235,0,0.0,0.0
c1f555f3260b,159,109,50,0,0.31446540880503143,0.6855345911949685,0,0.0,0.0
c1fd67db197a,142,113,29,0,0.20422535211267606,0.795774647887324,4,7.8323,39.4073
c1fd9dfbf6a7,226,160,66,0,0.2920353982300885,0.7079646017699115,2,6.3309,37.6801
c1fdc376869d,273,212,61,0,0.22344322344322345,0.7765567765567766,10,8.1345,57.6584
c20411ec6a91,169,138,31,0,0.1834319526627219,0.8165680473372781,0,0.0,0.0
c2097792be4e,232,185,39,8,0.16810344827586207,0.7974137931034483,19,12.2208,60.6461
c211d5549cb4,105,74,31,0,0.29523809523809524,0.7047619047619048,5,3.7781,59.523
c2230eb928a2,215,139,33,43,0.15348837209302327,0.6465116279069767,12,13.3972,78.1769
c2296406fa9d,72,54,16,2,0.2222222222222222,0.75,0,0.0,0.0
c2306aeec8a2,285,227,58,0,0.20350877192982456,0.7964912280701755,18,10.3317,79.9515
c23936489d10,174,124,50,0,0.28735632183908044,0.7126436781609196,12,10.73,65.9836
c23c7dc1f98c,192,159,33,0,0.171875,0.828125,4,3.5782,69.7983
c245396d5fb0,95,69,26,0,0.2736842105263158,0.7263157894736842,0,0.0,0.0
c24bb6e1c14b,196,128,28,40,0.14285714285714285,0.6530612244897959,0,0.0,81.8375
c24be4bf9e9b,108,78,30,0,0.2777777777777778,0.7222222222222222,0,0.0,50.2228
c25541fd4c6b,160,130,30,0,0.1875,0.8125,17,17.4759,81.6864
c266773fdf88,39,26,13,0,0.3333333333333333,0.6666666666666666,7,9.8724,49.4263
c2701c134511,250,184,38,28,0.152,0.736,4,7.7393,55.6534
c286cf324f3d,269,205,33,31,0.12267657992565056,0.7620817843866171,9,9.3399,62.9608
c29a172145a3,156,116,40,0,0.2564102564102564,0.7435897435897436,0,0.0,0.0
c29e03d8171d,52,26,22,3,0.4230769230769231,0.5,3,2.9907,74.6567
c2b4cc586b39,51,33,17,0,0.3333333333333333,0.6470588235294118,3,4.6738,19.8624
c2cbc885637a,180,151,26,3,0.14444444444444443,0.8388888888888889,5,8.989,53.0884
c2ded53ea065,326,226,40,54,0.12269938650306748,0.6932515337423313,3,4.7882,73.7091
c2e7580519b6,93,67,26,0,0.27956989247311825,0.7204301075268817,5,8.1451,75.1694
c2edf539162e,211,131,80,0,0.3791469194312796,0.6208530805687204,0,0.0,56.1691
c2f90bbc5200,40,27,13,0,0.325,0.675,0,0.0,0.0
c3064f9d6388,155,56,27,72,0.17419354838709677,0.36129032258064514,1,2.623,42.601
c306e9bf52ed,178,133,27,17,0.15168539325842698,0.7471910112359551,6,3.656,54.0924
c3145055564a,246,174,72,0,0.2926829268292683,0.7073170731707317,15,8.1787,60.553
c3249c406e4f,218,167,51,0,0.23394495412844038,0.7660550458715596,7,5.5008,46.3531
c32fba73ac1a,122,97,25,0,0.20491803278688525,0.7950819672131147,7,15.4205,62.0834
c35a5c6dd47f,143,111,32,0,0.22377622377622378,0.7762237762237763,5,4.6921,65.0177
c35e39e522cb,175,133,41,1,0.2342857142857143,0.76,4,2.5436,46.6278
c37af9634aac,87,47,11,29,0.12643678160919541,0.5402298850574713,2,1.9562,40.3503
c3967d215e9b,87,52,34,1,0.39080459770114945,0.5977011494252874,10,5.8105,34.6695
c3dab3559def,45,26,19,0,0.4222222222222222,0.5777777777777777,0,0.0,0.0
c3f5378fbec1,156,52,30,74,0.19230769230769232,0.3333333333333333,16,16.1224,86.2381
c3f6dfc5c801,149,116,29,4,0.19463087248322147,0.7785234899328859,0,0.0,10.3271
c3fbbd442c89,72,49,17,6,0.2361111111111111,0.6805555555555556,0,0.0,0.0
c415d5066e84,208,158,49,1,0.23557692307692307,0.7596153846153846,23,11.5707,72.7219
c429c26a6039,202,137,63,2,0.3118811881188119,0.6782178217821783,26,11.586,79.8965
c434b351328d,195,145,49,1,0.2512820512820513,0.7435897435897436,19,11.7371,51.947
c44346e3cf95,214,152,50,12,0.2336448598130841,0.7102803738317757,10,11.8729,68.4265
c445380a8603,128,100,28,0,0.21875,0.78125,8,12.3993,79.3243
c44a5ab52208,37,24,13,0,0.35135135135135137,0.6486486486486487,9,12.204,89.1235
c45f0dc57180,189,159,29,1,0.15343915343915343,0.8412698412698413,14,13.0325,76.0391
c47bb0cc6fcf,201,121,43,37,0.21393034825870647,0.6019900497512438,7,9.7961,74.2661
c47cd88262e0,164,128,36,0,0.21951219512195122,0.7804878048780488,4,11.8286,68.1061
c4a30ab614d7,48,35,13,0,0.2708333333333333,0.7291666666666666,5,15.1993,64.5386
c4b1a10db8b0,271,132,66,73,0.24354243542435425,0.4870848708487085,8,9.4971,58.638
c4b83afb97bd,214,142,71,1,0.3317757009345794,0.6635514018691588,0,0.0,24.7238
c4b8e60fec9e,169,119,49,1,0.28994082840236685,0.7041420118343196,9,11.6791,58.6884
c4bbe05f5d77,218,149,63,6,0.2889908256880734,0.6834862385321101,26,9.6176,76.973
c4bcc0bc2da6,333,194,48,91,0.14414414414414414,0.5825825825825826,4,17.0044,85.2463
c4cb40675296,143,106,34,3,0.23776223776223776,0.7412587412587412,4,7.7347,70.5994
c4cba053efaf,213,162,45,6,0.2112676056338028,0.7605633802816901,21,9.3109,70.7474
c4cde1827d48,42,24,15,3,0.35714285714285715,0.5714285714285714,0,0.0,0.0
c4d5155c0778,211,160,51,0,0.24170616113744076,0.7582938388625592,8,10.0601,75.6195
c4e0ad6ea862,44,32,12,0,0.2727272727272727,0.7272727272727273,5,10.6766,48.6389
c4f94dca8de4,86,50,36,0,0.4186046511627907,0.5813953488372093,3,4.538,24.7498
c4fb78f4b251,108,70,38,0,0.35185185185185186,0.6481481481481481,2,5.0919,29.9927
c500818f3a0e,232,166,62,4,0.2672413793103448,0.7155172413793104,0,0.0,0.0
c507324c055e,172,119,29,24,0.1686046511627907,0.6918604651162791,8,2.2812,42.2104
c517993657aa,183,118,23,42,0.12568306010928962,0.644808743169399,3,7.3761,60.8673
c52636abf2b2,123,75,41,7,0.3333333333333333,0.6097560975609756,4,11.3693,39.7247
c53a5bd984d2,224,143,31,50,0.13839285714285715,0.6383928571428571,12,10.4965,66.2949
c541704f5b5f,174,105,12,57,0.06896551724137931,0.603448275862069,1,1.6815,58.5571
c549a1ab70c4,194,143,48,3,0.24742268041237114,0.7371134020618557,10,8.139,47.583
c54e20196fd1,127,92,35,0,0.2755905511811024,0.7244094488188977,0,0.0,0.0
c552cbc6d2aa,231,171,43,17,0.18614718614718614,0.7402597402597403,7,7.3242,63.6185
c55d70318adf,160,124,36,0,0.225,0.775,7,8.342,67.7948
c565cc5d7e32,159,129,30,0,0.18867924528301888,0.8113207547169812,11,8.3054,61.1938
c5764fe96b27,249,187,51,11,0.20481927710843373,0.751004016064257,0,0.0,22.5922
c57f886720b4,231,189,42,0,0.18181818181818182,0.8181818181818182,0,0.0,37.3901
c5935769ea27,146,114,21,11,0.14383561643835616,0.7808219178082192,1,2.3254,54.9698
c59ab7f1ea4c,100,73,27,0,0.27,0.73,0,0.0,0.0
c59fbad418d8,136,106,30,0,0.22058823529411764,0.7794117647058824,5,11.0245,75.8713
c5a4bb3e9ebf,163,116,39,8,0.2392638036809816,0.7116564417177914,3,4.3701,62.648
c5a4e4c6224f,181,85,25,71,0.13812154696132597,0.4696132596685083,0,0.0,49.2081
c5a693a66e80,60,41,19,0,0.31666666666666665,0.6833333333333333,5,8.4213,59.2545
c5b7afdd9e4c,114,61,34,19,0.2982456140350877,0.5350877192982456,0,0.0,6.926
c5cd08b16fd0,143,104,29,10,0.20279720279720279,0.7272727272727273,8,13.2278,74.0051
c5d6646dda31,141,103,38,0,0.2695035460992908,0.7304964539007093,6,17.3721,65.5258
c5da6dbc1ed6,148,110,38,0,0.25675675675675674,0.7432432432432432,13,14.3768,60.228
c5e43f6957d3,297,211,86,0,0.2895622895622896,0.7104377104377104,3,4.2892,33.0933
c5e6c3efbdf8,128,81,47,0,0.3671875,0.6328125,7,11.4395,46.3409
c5e9176fa34d,150,119,31,0,0.20666666666666667,0.7933333333333333,0,0.0,0.0
c6064ec61ea9,152,119,31,2,0.20394736842105263,0.7828947368421053,10,8.5297,65.4709
c60d25e72004,32,26,6,0,0.1875,0.8125,4,3.1601,34.9243
c614dc18ffa3,42,31,10,1,0.23809523809523808,0.7380952380952381,4,7.0389,54.1916
c62d1ee20abb,176,124,52,0,0.29545454545454547,0.7045454545454546,13,9.938,54.0359
c6441fa162ce,116,85,31,0,0.2672413793103448,0.7327586206896551,0,0.0,0.0
c64dd4f75e74,115,89,26,0,0.22608695652173913,0.7739130434782608,8,14.9643,73.8724
c6564f15d2fb,143,112,31,0,0.21678321678321677,0.7832167832167832,6,3.2028,53.6728
c65fcde885b4,232,161,35,36,0.15086206896551724,0.6939655172413793,5,12.0529,78.8528
c67388909d55,222,140,64,18,0.2882882882882883,0.6306306306306306,9,16.0248,71.051
c686992bf743,174,104,22,48,0.12643678160919541,0.5977011494252874,3,7.1228,58.5632
c6aaacd8596e,114,77,37,0,0.32456140350877194,0.6754385964912281,16,13.858,69.9036
c6b4ba956e1d,204,143,35,26,0.1715686274509804,0.7009803921568627,8,12.5305,53.7903
c6b8dec24dcc,211,149,62,0,0.2938388625592417,0.7061611374407583,17,14.4882,77.4216
c6d41e8b7c2c,309,219,85,5,0.2750809061488673,0.7087378640776699,0,0.0,0.0
c6d58607cc6a,196,131,54,10,0.2755102040816326,0.6683673469387755,4,9.5016,48.1857
c6d87f56f56c,161,128,32,1,0.19875776397515527,0.7950310559006211,9,3.1967,63.559
c6fa52130011,151,104,47,0,0.31125827814569534,0.6887417218543046,25,13.118,71.2723
c6fa851e98eb,119,85,34,0,0.2857142857142857,0.7142857142857143,14,15.2206,88.3926
c700a1b37758,55,33,20,2,0.36363636363636365,0.6,0,0.0,0.0
c704708bcb66,139,93,36,10,0.2589928057553957,0.6690647482014388,2,1.6418,42.189
c707c255c469,172,128,44,0,0.2558139534883721,0.7441860465116279,12,6.2286,54.4632
c7276eee7269,181,147,34,0,0.1878453038674033,0.8121546961325967,20,13.15,67.485
c74e766851d1,169,107,37,25,0.21893491124260356,0.6331360946745562,15,6.3568,62.825
c7579439b607,91,69,16,6,0.17582417582417584,0.7582417582417582,7,7.9163,63.736
c76877d174f7,252,210,40,1,0.15873015873015872,0.8333333333333334,8,10.8429,61.9583
c7793b26c758,258,198,39,21,0.1511627906976744,0.7674418604651163,6,13.6017,91.3223
c779f8e6464e,249,182,56,11,0.2248995983935743,0.7309236947791165,23,14.0945,73.5092
c7895d9d29c1,162,123,39,0,0.24074074074074073,0.7592592592592593,15,16.7664,70.0485
c794f26c98b4,191,149,30,12,0.15706806282722513,0.7801047120418848,4,3.7888,70.1996
c7a9409b4cc4,208,123,36,49,0.17307692307692307,0.5913461538461539,5,8.429,62.8571
c7b084704352,76,43,33,0,0.4342105263157895,0.5657894736842105,0,0.0,0.0
c7b5025d6ca0,255,195,59,1,0.23137254901960785,0.7647058823529411,0,0.0,0.0
c7b6d326275e,216,113,48,52,0.2222222222222222,0.5231481481481481,18,9.3674,67.5964
c7bb258907e3,133,86,47,0,0.3533834586466165,0.6466165413533834,0,0.0,0.0
c7bc54c0badb,89,69,16,4,0.1797752808988764,0.7752808988764045,0,0.0,0.0
c7bd85a7a10e,110,66,43,0,0.39090909090909093,0.6,5,9.1003,43.0161
c7e159377563,142,92,36,14,0.2535211267605634,0.647887323943662,0,0.0,0.0
c7e47afdac19,290,190,59,41,0.20344827586206896,0.6551724137931034,8,11.6135,59.8831
c7ea3610f048,151,109,41,0,0.271523178807947,0.7218543046357616,8,14.0259,59.3933
c7f98a0c815c,144,102,40,1,0.2777777777777778,0.7083333333333334,7,6.1401,45.0195
c815395bc70f,81,55,26,0,0.32098765432098764,0.6790123456790124,1,4.8111,28.6255
c81f511f1a4c,182,144,38,0,0.2087912087912088,0.7912087912087912,3,6.7902,61.5524
c830e13bcc90,198,139,59,0,0.29797979797979796,0.702020202020202,0,0.0,0.0
c84fea3b1bf5,125,82,43,0,0.344,0.656,18,18.483,88.0676
c86e99892a6b,140,96,40,4,0.2857142857142857,0.6857142857142857,9,7.3654,54.5212
c874de63fb72,89,55,22,12,0.24719101123595505,0.6179775280898876,0,0.0,0.0
c8846813f666,190,138,52,0,0.2736842105263158,0.7263157894736842,5,5.9906,57.0877
c89f71d6c8fd,223,167,56,0,0.25112107623318386,0.7488789237668162,22,13.6627,76.9455
c8a09a4ef05f,200,130,50,20,0.25,0.65,19,17.218,79.2755
c8a621362f51,98,44,19,35,0.19387755102040816,0.4489795918367347,0,0.0,69.2078
c8b125a6ec7d,114,87,27,0,0.23684210526315788,0.7631578947368421,10,13.9099,54.7134
c8cb1c570b77,169,119,39,11,0.23076923076923078,0.7041420118343196,0,0.0,0.0
c8de1c11089f,205,147,13,45,0.06341463414634146,0.7170731707317073,0,0.0,19.9097
c8ea4dc8fe6c,182,130,48,4,0.26373626373626374,0.7142857142857143,15,12.3688,71.0327
c8eb53f6ee05,294,240,54,0,0.1836734693877551,0.8163265306122449,7,13.5529,88.179
c8f5e704b9d4,209,141,68,0,0.3253588516746411,0.6746411483253588,3,8.2062,63.2416
c8f84d9ecff2,34,17,17,0,0.5,0.5,0,0.0,0.0
c8fa005ff34f,116,89,26,1,0.22413793103448276,0.7672413793103449,6,7.7286,56.3568
c8facc7f2330,142,102,40,0,0.28169014084507044,0.7183098591549296,0,0.0,39.2502
c907464eee42,143,98,45,0,0.3146853146853147,0.6853146853146853,0,0.0,0.0
c93a48dcf16c,84,41,32,0,0.38095238095238093,0.4880952380952381,11,9.8251,45.4941
c93b8d5f45fb,162,130,32,0,0.19753086419753085,0.8024691358024691,14,10.0586,66.0049
c93d4db23236,146,96,39,11,0.2671232876712329,0.6575342465753424,14,11.0092,66.6916
c95bfd7e7fcb,158,106,31,21,0.1962025316455696,0.6708860759493671,9,8.7631,80.6656
c9600084eb77,149,117,30,2,0.20134228187919462,0.785234899328859,13,9.3765,94.9768
c9702f84cf44,223,150,34,39,0.15246636771300448,0.672645739910314,4,4.3228,49.6536
c979acbb9e62,177,126,45,6,0.2542372881355932,0.711864406779661,1,3.9627,41.3879
c993a5b569ea,179,131,48,0,0.2681564245810056,0.7318435754189944,7,6.1478,57.4478
c9c295e486e0,213,145,33,35,0.15492957746478872,0.6807511737089202,1,3.1433,78.3386
c9cdb735d0ef,209,173,36,0,0.1722488038277512,0.8277511961722488,9,8.3939,69.6213
ca0798453868,175,78,27,70,0.15428571428571428,0.44571428571428573,0,0.0,52.5116
ca1d0ba4f959,251,186,65,0,0.2589641434262948,0.7410358565737052,0,0.0,0.0
ca66a5c35e8d,194,134,27,33,0.13917525773195877,0.6907216494845361,11,6.1554,52.7649
ca6c4f4b2457,263,128,19,116,0.07224334600760456,0.4866920152091255,3,4.8462,68.5638
ca7e20935c1f,21,14,7,0,0.3333333333333333,0.6666666666666666,4,8.4244,44.8639
ca83118f81f5,178,119,59,0,0.33146067415730335,0.6685393258426966,31,16.8518,85.3973
ca8d1d9139e6,40,30,10,0,0.25,0.75,0,0.0,0.0
caa14fb2f0bb,223,161,62,0,0.27802690582959644,0.7219730941704036,21,12.0163,67.6147
cab0adfc6e55,151,98,21,32,0.1390728476821192,0.6490066225165563,2,6.221,44.5007
cab3be5d1206,226,138,88,0,0.3893805309734513,0.6106194690265486,0,0.0,0.3754
cab3d02d82d5,131,97,33,1,0.25190839694656486,0.7404580152671756,3,3.7567,57.3883
cab4f26bbd85,168,120,48,0,0.2857142857142857,0.7142857142857143,0,0.0,22.9431
cac4a6e01915,125,86,39,0,0.312,0.688,5,15.2573,69.2795
cacafc88559a,260,169,70,20,0.2692307692307692,0.65,9,11.8652,77.0508
cacf5097de53,216,167,49,0,0.22685185185185186,0.7731481481481481,17,11.3754,67.8909
cae077a02592,92,69,11,12,0.11956521739130435,0.75,0,0.0,40.6815
cae520ae95d1,195,142,53,0,0.2717948717948718,0.7282051282051282,0,0.0,0.0
caee5cd6d669,131,76,45,10,0.3435114503816794,0.5801526717557252,14,10.7224,53.0701
cafac2ca8ceb,29,18,11,0,0.3793103448275862,0.6206896551724138,0,0.0,0.0
cb0a506d82d4,203,166,35,2,0.1724137931034483,0.8177339901477833,12,10.8994,62.3535
cb1b1213d0db,202,146,56,0,0.27722772277227725,0.7227722772277227,4,2.8091,47.0779
cb3da5be4fa2,188,127,60,1,0.3191489361702128,0.675531914893617,4,3.6362,53.9825
cb3e609099b7,56,40,15,1,0.26785714285714285,0.7142857142857143,1,2.8381,35.8643
cb3e71bd3331,239,168,51,20,0.21338912133891214,0.702928870292887,15,12.9517,66.5329
cb447241302f,168,121,20,27,0.11904761904761904,0.7202380952380952,4,5.687,69.0659
cb4dce32e66c,233,178,47,8,0.2017167381974249,0.7639484978540773,22,9.8862,82.3639
cb56eeb149fe,230,177,31,22,0.13478260869565217,0.7695652173913043,7,9.7488,70.3674
cb64b562b53f,211,147,52,12,0.24644549763033174,0.6966824644549763,30,16.0965,81.6772
cb7b640bd2d4,100,69,31,0,0.31,0.69,4,5.2673,41.983
cb88d17eb553,286,221,64,1,0.22377622377622378,0.7727272727272727,16,14.3311,90.3412
cb91772271b7,19,10,9,0,0.47368421052631576,0.5263157894736842,6,6.9305,45.0302
cb9467b3ebfe,248,135,34,79,0.13709677419354838,0.5443548387096774,6,8.5526,63.6703
cb9bc923249b,186,137,47,2,0.25268817204301075,0.7365591397849462,4,5.1849,61.2442
cbaaf646e582,35,27,8,0,0.22857142857142856,0.7714285714285715,4,8.8409,85.228
cbe58732cb94,249,169,34,46,0.13654618473895583,0.678714859437751,4,10.7437,70.5002
cbf05dbfcf24,190,128,62,0,0.3263157894736842,0.6736842105263158,0,0.0,0.0
cbff820f299b,240,188,50,2,0.20833333333333334,0.7833333333333333,20,15.8798,78.8147
cc2681fc2901,214,120,31,63,0.14485981308411214,0.5607476635514018,0,0.0,0.0
cc43f8965a64,231,172,59,0,0.2554112554112554,0.7445887445887446,6,14.3723,91.8518
cc49ab08ac59,119,84,32,3,0.2689075630252101,0.7058823529411765,4,14.1342,65.1672
cc69b5e397b5,175,130,45,0,0.2571428571428571,0.7428571428571429,6,4.8691,52.597
cc749cec9e37,144,114,30,0,0.20833333333333334,0.7916666666666666,11,9.0805,68.544
cc759aa48c28,131,94,37,0,0.2824427480916031,0.7175572519083969,4,7.1289,34.7626
cc75ac162066,285,199,57,21,0.2,0.6982456140350877,10,6.424,75.0702
cc8e0db90565,196,149,47,0,0.23979591836734693,0.7602040816326531,3,5.1224,68.0328
cca2cbc5a433,48,34,14,0,0.2916666666666667,0.7083333333333334,0,0.0,0.0
cca735c39788,173,137,31,5,0.1791907514450867,0.791907514450867,0,0.0,21.4264
ccc369b1011a,159,114,38,7,0.2389937106918239,0.7169811320754716,17,16.4459,88.678
ccc36a9cc1e7,142,87,46,9,0.323943661971831,0.6126760563380281,1,2.4597,26.651
ccd823376659,224,178,46,0,0.20535714285714285,0.7946428571428571,9,10.5515,71.5881
ccf41d11135d,154,105,49,0,0.3181818181818182,0.6818181818181818,10,10.466,62.1872
ccf93fec7c1f,260,181,69,10,0.2653846153846154,0.6961538461538461,3,3.27,41.4825
ccf9d24a4145,286,203,83,0,0.2902097902097902,0.7097902097902098,0,0.0,0.0
cd0caa41fe8b,194,132,62,0,0.31958762886597936,0.6804123711340206,8,13.9603,83.1909
cd11306b822a,234,155,45,34,0.19230769230769232,0.6623931623931624,17,8.139,77.7542
cd248eb09a3e,224,131,93,0,0.41517857142857145,0.5848214285714286,22,11.2244,57.4356
cd6173efcecb,151,114,34,2,0.2251655629139073,0.7549668874172185,13,15.0848,71.0464
cd636fee80a3,191,139,52,0,0.27225130890052357,0.7277486910994765,0,0.0,0.0
cd7175bb0b7c,244,199,38,7,0.1557377049180328,0.8155737704918032,0,0.0,0.0
cd8d74b77f1f,154,98,40,16,0.2597402597402597,0.6363636363636364,6,15.4266,77.3514
cd9465086595,120,97,23,0,0.19166666666666668,0.8083333333333333,0,0.0,0.0
cd9b8f5118bb,187,133,54,0,0.2887700534759358,0.7112299465240641,14,18.7347,82.8781
cd9c3b208294,216,162,41,13,0.18981481481481483,0.75,0,0.0,0.0
cdb476493294,48,29,19,0,0.3958333333333333,0.6041666666666666,0,0.0,18.1503
cdc62b9e07d2,200,127,28,45,0.14,0.635,8,3.8498,61.8103
cdcf73225944,182,156,26,0,0.14285714285714285,0.8571428571428571,12,5.8121,60.643
cdd38de82472,285,215,70,0,0.24561403508771928,0.7543859649122807,0,0.0,0.0
cdddbff50345,124,90,34,0,0.27419354838709675,0.7258064516129032,0,0.0,0.0
cde5025e8daa,219,168,51,0,0.2328767123287671,0.7671232876712328,25,16.8793,79.6768
cdf1f6e142dc,240,168,57,15,0.2375,0.7,13,7.37,60.376
cdf40333dfe2,119,89,27,3,0.226890756302521,0.7478991596638656,3,2.5497,39.4806
cdffccb112b4,177,143,34,0,0.192090395480226,0.807909604519774,9,12.8525,51.4862
ce04c1a8d857,214,161,53,0,0.24766355140186916,0.7523364485981309,28,15.0131,88.9282
ce4609213e63,216,165,44,7,0.2037037037037037,0.7638888888888888,4,6.9809,40.6586
ce5578cd0044,146,109,37,0,0.2534246575342466,0.7465753424657534,5,6.3889,72.5494
ce5f21729823,185,145,29,11,0.15675675675675677,0.7837837837837838,0,0.0,0.0
ce6a38ef5d41,164,126,38,0,0.23170731707317074,0.7682926829268293,0,0.0,0.0
ce6affc23b0d,162,126,35,1,0.21604938271604937,0.7777777777777778,2,5.5573,54.9911
ce7817cab3ef,297,220,51,26,0.1717171717171717,0.7407407407407407,6,6.0181,65.9134
ce8f7d335ba0,108,75,33,0,0.3055555555555556,0.6944444444444444,10,8.2611,62.262
ce9932f7fb31,34,24,10,0,0.29411764705882354,0.7058823529411765,4,5.101,72.8134
cec3c34a4776,95,62,33,0,0.3473684210526316,0.6526315789473685,5,13.1271,27.6199
cec81433693d,297,233,63,1,0.21212121212121213,0.7845117845117845,15,12.4573,89.2609
cee7b2752a60,207,168,39,0,0.18840579710144928,0.8115942028985508,0,0.0,0.0
cf0fd3c2ca4f,233,171,62,0,0.26609442060085836,0.7339055793991416,7,11.0199,52.3071
cf19c18868fc,102,69,32,0,0.3137254901960784,0.6764705882352942,9,15.2618,60.1501
cf1c7e7e632d,43,31,11,1,0.2558139534883721,0.7209302325581395,1,11.3281,64.7903
cf28cb8b44e9,190,154,36,0,0.18947368421052632,0.8105263157894737,24,15.2649,82.3227
cf2d2942b89d,171,135,36,0,0.21052631578947367,0.7894736842105263,12,12.2101,77.3911
cf30df304e1b,192,143,49,0,0.2552083333333333,0.7447916666666666,33,18.9758,88.4369
cf330aa80b0a,215,125,76,14,0.35348837209302325,0.5813953488372093,9,10.0586,61.5616
cf385dd3211d,276,230,46,0,0.16666666666666666,0.8333333333333334,13,11.8454,83.0338
cf55f513b162,187,144,43,0,0.22994652406417113,0.7700534759358288,8,7.2769,55.8945
cf6d2d5e9dd3,150,108,41,1,0.2733333333333333,0.72,11,13.2401,63.1393
cf7f123c8b62,175,130,33,12,0.18857142857142858,0.7428571428571429,0,0.0,0.0
cf811d5af1bb,173,137,35,1,0.2023121387283237,0.791907514450867,21,13.4827,76.3428
cf82146a7d5c,110,76,34,0,0.3090909090909091,0.6909090909090909,0,0.0,0.0
cf8ab5a2ce0f,205,168,37,0,0.18048780487804877,0.8195121951219512,11,9.0942,70.9213
cf8b47846bb4,166,110,56,0,0.3373493975903614,0.6626506024096386,3,2.7115,43.7775
cf9442b28b02,148,106,39,3,0.2635135135135135,0.7162162162162162,14,7.4753,63.7024
cf98288a084d,155,101,34,20,0.21935483870967742,0.6516129032258065,8,17.7078,74.5819
cfc8739fcc8e,196,154,42,0,0.21428571428571427,0.7857142857142857,10,17.3874,80.1071
cfcd8b984698,236,162,73,1,0.3093220338983051,0.6864406779661016,0,0.0,0.0
cfdac1ca5172,183,116,39,28,0.21311475409836064,0.6338797814207651,4,3.035,49.8917
cfdcf7c4d670,194,152,34,8,0.17525773195876287,0.7835051546391752,8,5.6625,61.3846
d02887ef5011,249,133,62,54,0.24899598393574296,0.5341365461847389,0,0.0,46.2738
d02c1da03b5e,120,82,38,0,0.31666666666666665,0.6833333333333333,21,18.5104,88.0722
d0461ccb7f1b,230,160,70,0,0.30434782608695654,0.6956521739130435,0,0.0,0.0
d04a52ee5ed0,167,123,39,5,0.23353293413173654,0.7365269461077845,7,8.2916,78.4515
d067d3241f13,130,83,17,30,0.13076923076923078,0.6384615384615384,0,0.0,0.0
d069c3a12459,220,175,43,2,0.19545454545454546,0.7954545454545454,12,14.3219,68.9972
d06caef00324,281,224,56,1,0.199288256227758,0.797153024911032,7,12.1063,92.7521
d0722f1c8a76,204,155,48,1,0.23529411764705882,0.7598039215686274,19,9.6237,83.6487
d086283d558c,129,89,39,1,0.3023255813953488,0.689922480620155,0,0.0,0.0
d088f8e0bbd2,94,69,25,0,0.26595744680851063,0.7340425531914894,1,1.2558,33.3328
d09073da9721,115,73,26,16,0.22608695652173913,0.6347826086956522,0,0.0,0.0
d0a19a359968,219,154,48,17,0.2191780821917808,0.7031963470319634,0,0.0,0.0
d0acc11d83aa,293,225,68,0,0.23208191126279865,0.7679180887372014,5,4.303,57.4921
d0bd34262db1,195,161,34,0,0.17435897435897435,0.8256410256410256,11,13.4521,72.5403
d0cb73c9ad19,93,70,23,0,0.24731182795698925,0.7526881720430108,10,13.8992,83.3847
d0cf594c5106,125,87,38,0,0.304,0.696,17,14.1891,89.6561
d0d12390438f,138,107,31,0,0.2246376811594203,0.7753623188405797,0,0.0,0.0
d0d27aeca4fd,190,133,37,20,0.19473684210526315,0.7,2,7.7866,56.8069
d0e4a4827c5c,79,65,14,0,0.17721518987341772,0.8227848101265823,0,0.0,0.0
d0fe5433525c,248,190,55,3,0.2217741935483871,0.7661290322580645,17,14.5996,71.3593
d10444705e9e,160,120,38,2,0.2375,0.75,15,10.6201,70.6787
d1071efa4e88,94,63,31,0,0.32978723404255317,0.6702127659574468,0,0.0,0.0
d1088ba933bd,105,76,29,0,0.2761904761904762,0.7238095238095238,1,1.239,44.4031
d111dfd7a4f8,165,113,52,0,0.3151515151515151,0.6848484848484848,0,0.0,22.6242
d11c87201830,148,112,36,0,0.24324324324324326,0.7567567567567568,0,0.0,0.0
d12d9f200e17,178,118,47,13,0.2640449438202247,0.6629213483146067,2,10.9207,66.098
d13eecf39180,208,157,51,0,0.24519230769230768,0.7548076923076923,1,2.9465,48.381
d170e740852d,171,136,30,5,0.17543859649122806,0.7953216374269005,11,8.0917,51.7365
d1766314b6c9,99,77,22,0,0.2222222222222222,0.7777777777777778,1,4.9225,36.8988
d1870bceedac,233,178,55,0,0.23605150214592274,0.7639484978540773,2,3.6072,73.4818
d18c24df948f,139,103,36,0,0.2589928057553957,0.7410071942446043,16,11.8195,90.451
d19246d956e2,212,137,28,47,0.1320754716981132,0.6462264150943396,4,8.6456,67.9993
d1a9750fbe2b,146,90,23,33,0.15753424657534246,0.6164383561643836,0,0.0,67.0853
d1baa7e7eae6,99,48,34,17,0.3434343434343434,0.48484848484848486,15,12.6678,69.7891
d1d6ed631746,251,168,83,0,0.33067729083665337,0.6693227091633466,1,3.0563,6.9702
d1de8d4b1b39,228,176,51,1,0.2236842105263158,0.7719298245614035,0,0.0,0.0
d1df1946a0d0,230,175,55,0,0.2391304347826087,0.7608695652173914,3,2.1347,35.9863
d1ebc07cf137,188,137,44,7,0.23404255319148937,0.7287234042553191,23,16.9632,87.6083
d1ec2a1c9426,255,172,53,30,0.20784313725490197,0.6745098039215687,14,8.2138,65.4236
d21fc3c161dc,38,16,22,0,0.5789473684210527,0.42105263157894735,0,0.0,0.0
d22031e32aae,50,34,16,0,0.32,0.68,1,2.1637,46.6751
d22037cd1b81,267,197,67,3,0.250936329588015,0.7378277153558053,5,17.1631,71.9666
d23885804250,195,145,50,0,0.2564102564102564,0.7435897435897436,17,9.6924,53.2684
d2728eec0001,251,178,71,2,0.28286852589641437,0.7091633466135459,27,12.3672,80.0842
d284c0c04e9c,210,151,32,27,0.1523809523809524,0.719047619047619,10,10.0647,86.2442
d2a97eb750bf,148,98,50,0,0.33783783783783783,0.6621621621621622,4,5.4169,50.6897
d2b1ee78b2dd,204,150,53,0,0.25980392156862747,0.7352941176470589,14,15.9851,67.2836
d2bc6a6beb7e,150,114,27,9,0.18,0.76,7,13.2584,78.5965
d2bd898f6bf1,215,161,51,3,0.2372093023255814,0.7488372093023256,9,11.2991,65.831
d2c92272a7d4,167,90,33,44,0.19760479041916168,0.5389221556886228,0,0.0,0.0
d2c964910e2e,111,83,28,0,0.25225225225225223,0.7477477477477478,16,8.0566,70.4727
d2c9f2abe87b,162,116,46,0,0.2839506172839506,0.7160493827160493,13,11.6699,67.9642
d2ddf3569a34,215,177,38,0,0.17674418604651163,0.8232558139534883,13,9.3063,67.8696
d2e8ff5257ef,49,38,11,0,0.22448979591836735,0.7755102040816326,1,3.3722,59.0317
d2e99d97cea5,205,162,27,16,0.13170731707317074,0.7902439024390244,4,5.6412,51.1337
d3108b3d0303,260,172,74,11,0.2846153846153846,0.6615384615384615,12,11.9629,66.0645
d341e19a7613,254,168,65,21,0.2559055118110236,0.6614173228346457,17,13.8336,80.1651
d34c7fe75980,53,38,15,0,0.2830188679245283,0.7169811320754716,0,0.0,29.1229
d375f524d50d,107,81,26,0,0.24299065420560748,0.7570093457943925,14,16.127,74.5041
d38193285da0,140,84,54,2,0.38571428571428573,0.6,22,19.7342,71.3409
d383a65adb84,184,118,45,21,0.24456521739130435,0.6413043478260869,0,0.0,0.0
d38a9db63e10,116,83,33,0,0.28448275862068967,0.7155172413793104,2,7.7087,61.4639
d39675253364,42,26,16,0,0.38095238095238093,0.6190476190476191,7,14.9963,78.6209
d3b0cdab6ed7,207,157,50,0,0.24154589371980675,0.7584541062801933,32,16.3605,89.325
d3c90e3b0436,110,71,39,0,0.35454545454545455,0.6454545454545455,0,0.0,0.0
d3d56ee887a1,180,135,36,9,0.2,0.75,9,6.8665,58.2062
d3eb5180ac60,282,198,84,0,0.2978723404255319,0.7021276595744681,22,12.6511,67.07
d40022119792,154,101,48,5,0.3116883116883117,0.6558441558441559,4,7.1228,72.8455
d40af49780ea,241,176,65,0,0.2697095435684647,0.7302904564315352,0,0.0,0.0
d41a958db22d,84,32,19,33,0.2261904761904762,0.38095238095238093,0,0.0,0.0
d42bd4e73a67,61,43,18,0,0.29508196721311475,0.7049180327868853,3,9.3445,54.5563
d437a7e3fa8a,177,141,36,0,0.2033898305084746,0.7966101694915254,9,19.3481,68.8126
d439005ae0ae,69,54,15,0,0.21739130434782608,0.782608695652174,3,2.1042,29.5944
d451ec7b30cd,171,131,37,3,0.21637426900584794,0.7660818713450293,14,8.4854,72.8302
d4557d562ab9,175,132,42,1,0.24,0.7542857142857143,19,10.9146,73.5123
d49075075de9,52,36,16,0,0.3076923076923077,0.6923076923076923,1,5.8441,11.0764
d49ec86c92a9,33,22,11,0,0.3333333333333333,0.6666666666666666,0,0.0,40.387
d4c24da97247,222,160,62,0,0.27927927927927926,0.7207207207207207,37,16.4169,60.8887
d4c6270294e1,160,116,44,0,0.275,0.725,12,10.2615,67.3218
d4dcb1cd1505,260,211,40,9,0.15384615384615385,0.8115384615384615,12,8.7067,59.5383
d4e11ec26633,229,156,73,0,0.31877729257641924,0.6812227074235808,6,9.2133,65.6281
d4f83e0d9b46,222,180,30,12,0.13513513513513514,0.8108108108108109,2,7.2601,48.2452
d4f9cc7d8f83,221,176,45,0,0.20361990950226244,0.7963800904977375,16,11.4624,55.7587
d4fb7f6c5689,179,99,5,75,0.027932960893854747,0.553072625698324,0,0.0,38.0142
d5110b3363bf,182,139,43,0,0.23626373626373626,0.7637362637362637,7,9.7733,59.1293
d5235bb22404,252,165,87,0,0.34523809523809523,0.6547619047619048,10,8.7982,49.9771
d52d28b99ef1,68,43,25,0,0.36764705882352944,0.6323529411764706,5,3.5522,44.4305
d536c08dee5e,227,123,24,80,0.10572687224669604,0.5418502202643172,0,0.0,63.9343
d54603c7b6fd,154,115,39,0,0.2532467532467532,0.7467532467532467,16,9.6771,57.782
d54a08612396,137,101,31,3,0.22627737226277372,0.7372262773722628,5,8.0505,71.4355
d56d1e479d43,205,153,52,0,0.25365853658536586,0.7463414634146341,0,0.0,0.0
d592f94339f6,166,122,44,0,0.26506024096385544,0.7349397590361446,12,12.3672,72.4442
d5a8225a2a91,206,148,58,0,0.2815533980582524,0.7184466019417476,14,16.983,62.114
d5ac3e845ce7,172,132,40,0,0.23255813953488372,0.7674418604651163,18,14.0503,74.4812
d5b260922fb6,202,141,61,0,0.30198019801980197,0.698019801980198,1,10.2234,62.9425
d5bf3e7b1d30,285,215,54,16,0.18947368421052632,0.7543859649122807,11,7.637,50.0244
d5c07be135c2,164,119,40,5,0.24390243902439024,0.725609756097561,10,16.9052,84.9579
d5c40ec53258,213,148,47,18,0.22065727699530516,0.6948356807511737,12,18.1351,83.725
d5c7f88f88f6,51,34,17,0,0.3333333333333333,0.6666666666666666,0,0.0,10.6796
d5cab685b579,93,56,37,0,0.3978494623655914,0.6021505376344086,3,6.7474,42.1722
d5cef9fcc30f,178,110,31,37,0.17415730337078653,0.6179775280898876,4,5.1559,44.2413
d5e5a9686812,75,51,24,0,0.32,0.68,1,7.1793,51.1932
d60a54e0359b,145,111,32,0,0.2206896551724138,0.7655172413793103,1,1.5762,63.0707
d61cca1e607d,115,80,23,12,0.2,0.6956521739130435,0,0.0,0.0
d6554a3cff6d,185,150,35,0,0.1891891891891892,0.8108108108108109,16,11.8454,67.3157
d6587192c22a,282,228,52,0,0.18439716312056736,0.8085106382978723,15,8.6395,73.5245
d676924aa4d2,43,27,16,0,0.37209302325581395,0.627906976744186,0,0.0,0.0
d6807acfabc8,160,103,44,13,0.275,0.64375,20,15.4251,80.8762
d691b50f9a08,153,100,53,0,0.3464052287581699,0.6535947712418301,0,0.0,0.0
d69244e15961,144,99,45,0,0.3125,0.6875,0,0.0,0.0
d696555466a8,220,176,42,2,0.19090909090909092,0.8,6,14.4806,66.1285
d6c1175d1961,284,221,56,7,0.19718309859154928,0.778169014084507,13,13.6017,80.9509
d6d59930bb06,169,97,10,62,0.05917159763313609,0.5739644970414202,3,4.5853,53.7308
d6e746190b27,247,196,50,1,0.20242914979757085,0.7935222672064778,14,14.2899,52.0508
d6f1c51db42f,121,87,34,0,0.2809917355371901,0.71900826446281,0,0.0,0.0
d6fbeba66fdf,191,147,44,0,0.23036649214659685,0.7696335078534031,0,0.0,0.0
d707d86264e1,273,206,67,0,0.2454212454212454,0.7545787545787546,14,9.5078,69.1818
d71322531072,78,52,24,2,0.3076923076923077,0.6666666666666666,5,3.1143,35.4034
d72d765ec852,201,158,43,0,0.21393034825870647,0.7860696517412935,7,9.8984,89.4745
d72dce85f195,231,174,42,15,0.18181818181818182,0.7532467532467533,10,5.0812,63.9755
d74a1b24f9d9,176,135,41,0,0.23295454545454544,0.7670454545454546,22,15.451,81.1234
d74ad1248c21,110,79,31,0,0.2818181818181818,0.7181818181818181,0,0.0,0.0
d7502ac103c3,267,214,53,0,0.19850187265917604,0.8014981273408239,11,15.5991,65.5884
d76180b527e1,63,52,11,0,0.1746031746031746,0.8253968253968254,1,2.2339,25.5905
d76be95baca4,186,136,50,0,0.26881720430107525,0.7311827956989247,0,0.0,0.0
d76c8504812e,208,165,42,1,0.20192307692307693,0.7932692307692307,18,12.2818,79.9973
d76f1860a054,181,141,40,0,0.22099447513812154,0.7790055248618785,12,12.0972,77.9449
d77156c36bb1,195,141,54,0,0.27692307692307694,0.7230769230769231,1,1.7853,52.3544
d78288ac0177,53,40,13,0,0.24528301886792453,0.7547169811320755,0,0.0,6.16
d784ca64e4f8,177,130,42,5,0.23728813559322035,0.7344632768361582,9,11.2854,56.6788
d79ef0a1d3b3,240,185,55,0,0.22916666666666666,0.7708333333333334,6,14.6347,67.2943
d7b7b3e3d85c,31,19,12,0,0.3870967741935484,0.6129032258064516,4,9.8511,74.0845
d7bd6d0c6842,116,80,36,0,0.3103448275862069,0.6896551724137931,0,0.0,0.0
d7d09ab8218c,188,130,58,0,0.30851063829787234,0.6914893617021277,8,9.9121,46.5057
d7e2b72270a8,59,42,16,0,0.2711864406779661,0.711864406779661,8,10.2158,41.1133
d7efea6d3769,57,36,21,0,0.3684210526315789,0.631578947368421,3,3.4622,41.0446
d7f13cf51705,158,109,49,0,0.310126582278481,0.689873417721519,0,0.0,0.0
d7f293887ea7,121,83,38,0,0.3140495867768595,0.6859504132231405,15,16.2979,68.2999
d824fb0c3c99,157,118,20,19,0.12738853503184713,0.7515923566878981,5,8.1543,63.2401
d844c98b0208,222,139,39,44,0.17567567567567569,0.6261261261261262,1,3.8208,37.2757
d84c7a217e22,130,101,25,4,0.19230769230769232,0.7769230769230769,7,10.3745,63.0829
d84c84c7e96c,97,72,25,0,0.25773195876288657,0.7422680412371134,0,0.0,0.0
d8530375294e,161,128,22,11,0.13664596273291926,0.7950310559006211,10,7.1152,64.2914
d85e14b5f57f,122,89,33,0,0.27049180327868855,0.7295081967213115,3,13.0035,64.8178
d874fa822ef1,128,89,19,20,0.1484375,0.6953125,7,7.3959,63.0173
d8abf403ab56,206,141,27,38,0.13106796116504854,0.6844660194174758,0,0.0,19.6228
d8b48c040439,210,152,58,0,0.2761904761904762,0.7238095238095238,17,9.4772,75.1038
d8b611006a6b,171,129,42,0,0.24561403508771928,0.7543859649122807,16,15.3915,80.1941
d8c62816ea17,132,85,47,0,0.3560606060606061,0.6439393939393939,0,0.0,0.0
d8e1bc485f60,253,170,45,38,0.17786561264822134,0.6719367588932806,7,5.6458,61.8607
d8f6b2a76413,274,230,44,0,0.16058394160583941,0.8394160583941606,7,8.2153,65.6937
d935f3eec2ad,109,73,14,22,0.12844036697247707,0.6697247706422018,2,2.6581,70.9351
d94046cd69c8,137,101,34,2,0.24817518248175183,0.7372262773722628,3,7.5058,40.0253
d960f3c9327c,142,102,40,0,0.28169014084507044,0.7183098591549296,8,8.1558,72.876
d9652aa1aed6,102,63,28,11,0.27450980392156865,0.6176470588235294,0,0.0,0.0
d98d4b443eaa,143,106,37,0,0.25874125874125875,0.7412587412587412,7,11.5936,74.3317
d98de7b36e13,60,42,18,0,0.3,0.7,0,0.0,0.0
d996d408cbc9,52,25,27,0,0.5192307692307693,0.4807692307692308,0,0.0,15.9409
d997bd54e6a5,164,137,27,0,0.16463414634146342,0.8353658536585366,4,7.7286,66.0034
d9a927bfb26b,139,104,35,0,0.2517985611510791,0.7482014388489209,12,12.5977,58.0673
d9ad3f3ed67f,200,141,59,0,0.295,0.705,22,9.0576,49.9222
d9b172287619,129,91,22,16,0.17054263565891473,0.7054263565891473,3,6.2439,63.0508
d9b76603ea5a,242,181,57,4,0.23553719008264462,0.7479338842975206,9,6.456,62.0544
d9c9948c3c66,209,132,26,51,0.12440191387559808,0.631578947368421,2,6.3217,60.0571
d9d9d64870b7,238,165,70,3,0.29411764705882354,0.6932773109243697,1,8.7112,44.4489
da02528d2ac0,44,32,12,0,0.2727272727272727,0.7272727272727273,9,18.7042,83.9539
da05399168ba,93,61,32,0,0.34408602150537637,0.6559139784946236,0,0.0,0.0
da07bf2ac3a3,126,91,30,5,0.23809523809523808,0.7222222222222222,0,0.0,0.0
da15226ed2a9,122,84,38,0,0.3114754098360656,0.6885245901639344,0,0.0,0.0
da1bf67eeb0d,97,67,13,17,0.13402061855670103,0.6907216494845361,3,4.8767,50.2808
da1de69a3097,254,190,64,0,0.25196850393700787,0.7480314960629921,0,0.0,0.0
da2319b5a8f3,191,145,46,0,0.24083769633507854,0.7591623036649214,7,9.3979,71.4645
da2502ee900c,58,29,15,14,0.25862068965517243,0.5,4,4.1397,44.5328
da396e7a0a8a,234,192,42,0,0.1794871794871795,0.8205128205128205,6,12.233,53.7445
da4b2e029abb,106,73,15,18,0.14150943396226415,0.6886792452830188,1,1.2329,63.0478
da517beeeaf1,184,136,48,0,0.2608695652173913,0.7391304347826086,11,9.1263,68.3853
da558caad449,149,103,39,6,0.26174496644295303,0.6912751677852349,9,10.2844,85.405
da5bbea85af3,202,151,51,0,0.2524752475247525,0.7475247524752475,16,19.931,98.3154
da610fb22e9b,225,159,27,39,0.12,0.7066666666666667,10,10.9024,77.6428
da84230d35b2,123,97,26,0,0.21138211382113822,0.7886178861788617,8,6.2225,60.3165
da8a2cc5804b,183,136,34,13,0.18579234972677597,0.7431693989071039,6,7.3059,60.2646
da998451f0bd,190,148,42,0,0.22105263157894736,0.7789473684210526,11,8.3542,77.6459
daace2b519f2,173,125,24,24,0.13872832369942195,0.7225433526011561,0,0.0,55.7953
dab87401b160,73,48,25,0,0.3424657534246575,0.6575342465753424,8,7.0297,59.5474
dabe405fe14f,133,90,43,0,0.3233082706766917,0.6766917293233082,12,10.8902,52.6154
dacdcb2643b7,160,111,44,5,0.275,0.69375,0,0.0,0.0
dae2ef34973d,185,121,64,0,0.34594594594594597,0.654054054054054,0,0.0,0.0
dae39ae3951b,146,105,41,0,0.2808219178082192,0.7191780821917808,5,12.6129,52.1606
dae694441953,163,110,14,39,0.08588957055214724,0.6748466257668712,0,0.0,57.8278
dae6cec7cfe9,171,107,47,17,0.27485380116959063,0.6257309941520468,2,2.2827,56.9046
daebef24cda2,177,123,38,16,0.21468926553672316,0.6949152542372882,7,15.7623,62.9425
daf178053958,105,52,17,36,0.1619047619047619,0.49523809523809526,0,0.0,0.0
dafa723ac789,133,100,33,0,0.24812030075187969,0.7518796992481203,0,0.0,0.0
db047ccc6fbd,230,168,62,0,0.26956521739130435,0.7304347826086957,16,8.4717,63.7024
db197fde0bcf,144,101,40,2,0.2777777777777778,0.7013888888888888,11,9.2026,62.5183
db1d65d349a6,97,71,21,5,0.21649484536082475,0.7319587628865979,8,13.7543,77.037
db2ba90004c0,77,47,30,0,0.38961038961038963,0.6103896103896104,21,14.0213,62.8006
db315d247803,106,83,23,0,0.2169811320754717,0.7830188679245284,6,15.2817,81.517
db49e2f1ea7e,71,36,35,0,0.49295774647887325,0.5070422535211268,0,0.0,0.0
db4f4e9261cf,181,138,43,0,0.23756906077348067,0.7624309392265194,8,9.6878,68.4875
db50ae671fd1,221,177,42,2,0.19004524886877827,0.8009049773755657,2,12.2086,47.5327
db5eaab164a4,115,79,36,0,0.3130434782608696,0.6869565217391305,0,0.0,0.0
db63c8584fb1,180,113,56,11,0.3111111111111111,0.6277777777777778,3,3.1509,57.1579
db6bda8b9e54,158,125,33,0,0.2088607594936709,0.7911392405063291,1,3.4851,38.0798
db72f176da20,231,182,43,6,0.18614718614718614,0.7878787878787878,10,6.1249,67.1997
db8ff1904b4d,193,146,47,0,0.24352331606217617,0.7564766839378239,5,9.9289,63.1866
db9ab40f85a8,183,125,58,0,0.31693989071038253,0.6830601092896175,0,0.0,0.0
dbad8f645978,213,147,66,0,0.30985915492957744,0.6901408450704225,20,7.8384,77.0966
dbbd706e74cd,176,118,57,1,0.32386363636363635,0.6704545454545454,5,9.4482,60.3256
dbd4f6f4fee9,229,177,52,0,0.22707423580786026,0.7729257641921398,4,3.2776,45.2377
dbea7c288aa2,243,190,53,0,0.21810699588477367,0.7818930041152263,20,18.074,81.9183
dbf09c7c3080,113,87,26,0,0.23008849557522124,0.7699115044247787,15,13.2339,61.7279
dbfc9c440243,226,167,58,1,0.25663716814159293,0.7389380530973452,3,10.5789,41.9449
dc10032bf598,38,25,13,0,0.34210526315789475,0.6578947368421053,9,17.8055,76.7548
dc10e42ab879,150,117,33,0,0.22,0.78,23,12.1857,94.0475
dc2ec851fcbf,219,156,54,9,0.2465753424657534,0.7123287671232876,7,8.8562,58.9478
dc34ce090ee7,201,164,19,18,0.0945273631840796,0.8159203980099502,1,2.0767,63.6093
dc474e15a61e,157,109,48,0,0.3057324840764331,0.6942675159235668,0,0.0,0.0
dc5a57e65f5f,172,121,49,2,0.28488372093023256,0.7034883720930233,12,12.6801,73.8205
dc5d3a5a2d4d,196,152,44,0,0.22448979591836735,0.7755102040816326,10,10.2875,56.4865
dc65b5af33ea,155,108,37,10,0.23870967741935484,0.6967741935483871,4,5.4337,47.1024
dc6e3bbcf944,167,127,40,0,0.23952095808383234,0.7604790419161677,24,13.8916,73.1689
dc7254ab2158,242,189,53,0,0.2190082644628099,0.78099173553719,2,8.0917,69.5602
dc7825252bd5,51,32,19,0,0.37254901960784315,0.6274509803921569,0,0.0,0.0
dca769d431e4,139,102,37,0,0.26618705035971224,0.7338129496402878,6,16.4551,82.4921
dcc06d1ff010,228,166,62,0,0.2719298245614035,0.7280701754385965,10,16.0416,74.1501
dcc1dcad3b26,215,148,59,8,0.2744186046511628,0.6883720930232559,3,7.0068,30.1331
dcc20ce75933,79,59,20,0,0.25316455696202533,0.7468354430379747,0,0.0,19.2032
dccae7781a91,160,105,50,5,0.3125,0.65625,0,0.0,0.0
dcdea3763106,146,110,36,0,0.2465753424657534,0.7534246575342466,3,5.4596,50.8621
dd025ef52244,269,214,55,0,0.20446096654275092,0.7955390334572491,24,19.2474,97.757
dd036a4ae490,215,176,39,0,0.1813953488372093,0.8186046511627907,1,1.3245,61.7432
dd1110c6430e,118,80,13,25,0.11016949152542373,0.6779661016949152,0,0.0,9.0973
dd11c9143fb6,41,10,8,23,0.1951219512195122,0.24390243902439024,0,0.0,0.0
dd1de3a4f68b,95,71,21,3,0.22105263157894736,0.7473684210526316,8,17.2241,81.5445
dd26b0dd91cb,205,167,38,0,0.18536585365853658,0.8146341463414634,14,10.4324,70.8344
dd43c81a6e0d,209,148,61,0,0.291866028708134,0.7081339712918661,9,5.8365,64.2044
dd4a6b2c2370,109,80,29,0,0.26605504587155965,0.7339449541284404,0,0.0,0.0
dd50be7fcf23,51,27,24,0,0.47058823529411764,0.5294117647058824,0,0.0,61.441
dd52af5bb133,141,94,47,0,0.3333333333333333,0.6666666666666666,14,9.1064,61.9507
dd549fc1dbc7,262,198,64,0,0.24427480916030533,0.7557251908396947,5,5.3986,60.1929
dd6ded8699cc,161,104,54,3,0.33540372670807456,0.6459627329192547,0,0.0,0.0
dd893039103b,148,102,45,1,0.30405405405405406,0.6891891891891891,0,0.0,0.0
dd918d3f330e,187,125,62,0,0.3315508021390374,0.6684491978609626,0,0.0,0.0
dd97a5aebd7c,212,144,56,12,0.2641509433962264,0.6792452830188679,2,6.9168,67.2974
dd9df5c972f3,147,113,34,0,0.23129251700680273,0.7687074829931972,0,0.0,43.9835
dd9fbfd8ef47,177,138,39,0,0.22033898305084745,0.7796610169491526,12,14.4424,65.8813
ddac26b8c4b0,179,118,48,13,0.2681564245810056,0.659217877094972,0,0.0,0.0
ddb64fec2f66,143,110,33,0,0.23076923076923078,0.7692307692307693,8,9.0775,64.2395
ddbeff8437de,194,136,58,0,0.29896907216494845,0.7010309278350515,7,9.8572,72.7417
ddd0edc9c6eb,152,101,19,32,0.125,0.6644736842105263,8,14.3311,89.1113
ddd2f284a081,211,164,47,0,0.22274881516587677,0.7772511848341233,7,10.614,79.8401
ddd302c374af,28,19,9,0,0.32142857142857145,0.6785714285714286,2,4.0817,55.5237
de053910e530,152,95,36,21,0.23684210526315788,0.625,6,4.7058,52.2247
de06480e9ad9,127,98,29,0,0.2283464566929134,0.7716535433070866,0,0.0,0.0
de16d4d45383,211,154,57,0,0.27014218009478674,0.7298578199052133,9,10.7285,44.7296
de40ff480388,196,136,60,0,0.30612244897959184,0.6938775510204082,13,8.7936,71.0709
de4246495d32,154,119,35,0,0.22727272727272727,0.7727272727272727,14,19.1788,90.0497
de4966a35d76,116,55,21,40,0.1810344827586207,0.47413793103448276,0,0.0,0.0
de6b31466c0a,192,148,42,2,0.21875,0.7708333333333334,4,3.569,56.0745
dec45a32f96c,35,23,12,0,0.34285714285714286,0.6571428571428571,0,0.0,0.0
dee5779947bf,57,40,17,0,0.2982456140350877,0.7017543859649122,4,9.5596,64.801
dee6f372d17c,109,76,29,4,0.26605504587155965,0.6972477064220184,19,8.2977,79.274
def34835d007,169,125,44,0,0.2603550295857988,0.7396449704142012,23,12.2375,75.5371
def79acd1fba,178,138,40,0,0.2247191011235955,0.7752808988764045,6,4.3945,41.5665
defa7959933b,114,40,16,58,0.14035087719298245,0.3508771929824561,1,1.8524,58.4885
df02f5c5fa4e,145,100,45,0,0.3103448275862069,0.6896551724137931,13,13.5178,76.796
df18ac8990e8,145,95,34,16,0.23448275862068965,0.6551724137931034,20,11.9949,86.9019
df29712be2ba,41,26,15,0,0.36585365853658536,0.6341463414634146,0,0.0,21.1411
df386686a83a,199,148,38,13,0.19095477386934673,0.7437185929648241,0,0.0,0.0
df3d9c53189d,148,95,52,1,0.35135135135135137,0.6418918918918919,12,14.5752,86.0657
df4146c2cb4e,92,68,24,0,0.2608695652173913,0.7391304347826086,11,14.1708,72.644
df599862faf0,205,151,54,0,0.2634146341463415,0.7365853658536585,4,4.2496,57.1838
df6054cdf663,183,138,43,2,0.23497267759562843,0.7540983606557377,7,6.8924,74.7513
df83132f9e6a,120,85,31,4,0.25833333333333336,0.7083333333333334,0,0.0,0.0
df8bd94723b9,261,212,41,8,0.15708812260536398,0.8122605363984674,9,10.5011,64.2929
dfa98f57a484,193,146,47,0,0.24352331606217617,0.7564766839378239,19,19.0842,89.3539
dfae643568b0,265,179,52,34,0.19622641509433963,0.6754716981132075,23,11.9415,74.4873
dfb8f5717497,44,31,13,0,0.29545454545454547,0.7045454545454546,0,0.0,0.0
dfb94f6d16ff,162,107,55,0,0.3395061728395062,0.6604938271604939,0,0.0,8.6639
dfefdf0717c6,56,38,18,0,0.32142857142857145,0.6785714285714286,0,0.0,0.0
dff285c9260f,214,155,56,3,0.2616822429906542,0.7242990654205608,6,12.0575,49.588
dffa5e1d1d45,66,49,17,0,0.25757575757575757,0.7424242424242424,0,0.0,0.0
e00211e28b13,72,57,15,0,0.20833333333333334,0.7916666666666666,0,0.0,0.0
e004796dbc56,208,164,44,0,0.21153846153846154,0.7884615384615384,8,12.4557,65.6143
e005bc3ecd71,167,108,59,0,0.3532934131736527,0.6467065868263473,0,0.0,0.0
e00a89e8381a,215,148,67,0,0.3116279069767442,0.6883720930232559,6,9.256,48.3887
e02703af0349,213,146,67,0,0.3145539906103286,0.6854460093896714,10,6.9534,69.191
e02a4e6752db,125,67,43,15,0.344,0.536,0,0.0,2.1286
e03c543c7d61,42,29,4,9,0.09523809523809523,0.6904761904761905,0,0.0,73.8129
e041b17de0e6,178,143,35,0,0.19662921348314608,0.8033707865168539,9,5.2139,68.1839
e04e11360525,88,63,25,0,0.2840909090909091,0.7159090909090909,0,0.0,0.0
e04ea71e821b,136,101,28,7,0.20588235294117646,0.7426470588235294,7,6.2134,55.5832
e05f477f1d16,202,149,53,0,0.2623762376237624,0.7376237623762376,7,4.953,59.3689
e07f1b310d1a,223,123,25,75,0.11210762331838565,0.5515695067264574,5,1.7807,80.7175
e08b3873a528,171,114,40,17,0.23391812865497075,0.6666666666666666,18,10.8734,69.8547
e08e093639ae,153,119,34,0,0.2222222222222222,0.7777777777777778,13,11.3876,86.467
e0c2ac1e8919,63,39,24,0,0.38095238095238093,0.6190476190476191,4,9.967,55.3238
e0c370969267,83,62,17,4,0.20481927710843373,0.7469879518072289,0,0.0,0.0
e0ca5e9b18d9,120,90,30,0,0.25,0.75,0,0.0,0.0
e0d6698a6581,195,141,54,0,0.27692307692307694,0.7230769230769231,0,0.0,0.0
e0dbde719b3f,235,180,52,3,0.22127659574468084,0.7659574468085106,16,15.1535,86.2518
e10d5f4e9dd5,26,17,9,0,0.34615384615384615,0.6538461538461539,3,9.4101,49.6567
e10ea1f294e0,185,141,44,0,0.23783783783783785,0.7621621621621621,1,3.2776,54.3411
e10ebd20ef42,84,61,23,0,0.27380952380952384,0.7261904761904762,13,19.162,73.4772
e10ff644b112,144,93,51,0,0.3541666666666667,0.6458333333333334,0,0.0,0.0
e11d21ce3b80,251,183,68,0,0.27091633466135456,0.7290836653386454,18,8.1024,66.0965
e13ad43ca93b,79,60,19,0,0.24050632911392406,0.759493670886076,2,3.9337,39.7842
e142b7febd70,54,38,16,0,0.2962962962962963,0.7037037037037037,2,6.1554,53.8193
e15826e3b403,154,112,36,6,0.23376623376623376,0.7272727272727273,9,10.7193,58.9767
e162a1681d6e,102,61,41,0,0.4019607843137255,0.5980392156862745,0,0.0,0.0
e173f2b10fac,194,164,23,6,0.11855670103092783,0.845360824742268,7,11.8912,73.4726
e175edbb01ee,170,120,50,0,0.29411764705882354,0.7058823529411765,0,0.0,0.0
e17b55972ff3,109,72,37,0,0.3394495412844037,0.6605504587155964,6,10.0159,78.6987
e187fc91f755,68,40,26,2,0.38235294117647056,0.5882352941176471,6,5.5145,45.0851
e19325ebb64a,124,91,33,0,0.2661290322580645,0.7338709677419355,1,5.6503,37.9135
e1b8d76e1ff3,292,216,76,0,0.2602739726027397,0.7397260273972602,2,3.8956,45.8496
e1b95e3bcc15,239,176,63,0,0.26359832635983266,0.7364016736401674,19,16.2109,69.4611
e1cb7dd62d9f,107,58,37,12,0.34579439252336447,0.5420560747663551,0,0.0,0.0
e1cbad247a96,250,175,55,20,0.22,0.7,0,0.0,0.0
e1dad4d35e61,108,65,11,32,0.10185185185185185,0.6018518518518519,0,0.0,57.4326
e1ef8bc20998,123,78,45,0,0.36585365853658536,0.6341463414634146,13,13.1622,60.7376
e2138754f55b,143,106,37,0,0.25874125874125875,0.7412587412587412,0,0.0,0.0
e2252a41bd6f,149,116,33,0,0.2214765100671141,0.7785234899328859,18,11.1343,88.0661
e241df65ca91,121,100,21,0,0.17355371900826447,0.8264462809917356,8,15.4907,61.853
e2578d331ae6,188,148,39,1,0.2074468085106383,0.7872340425531915,5,5.3253,60.5927
e2726cffee34,264,202,58,1,0.2196969696969697,0.7651515151515151,17,9.3491,66.4536
e273dba6ce94,149,98,51,0,0.3422818791946309,0.6577181208053692,4,7.2647,61.7126
e278dc57dacf,232,174,58,0,0.25,0.75,13,10.5621,65.062
e2876d9ebfde,49,23,26,0,0.5306122448979592,0.46938775510204084,0,0.0,0.0
e28c566407ff,177,120,55,2,0.3107344632768362,0.6779661016949152,0,0.0,0.0
e29f49849de6,88,70,18,0,0.20454545454545456,0.7954545454545454,10,16.7892,80.9418
e2b069d3db5d,226,184,42,0,0.18584070796460178,0.8141592920353983,24,15.036,66.9281
e2c101f2e420,64,39,20,5,0.3125,0.609375,0,0.0,32.8415
e2da537552bb,155,115,25,15,0.16129032258064516,0.7419354838709677,2,8.7662,70.8115
e2ecc681ff17,116,78,38,0,0.3275862068965517,0.6724137931034483,0,0.0,47.5113
e2efdfdce6c1,219,163,56,0,0.2557077625570776,0.7442922374429224,0,0.0,0.0
e2f04baa0bee,209,175,34,0,0.16267942583732056,0.8373205741626795,7,7.1976,64.502
e312107a0007,57,43,14,0,0.24561403508771928,0.7543859649122807,5,13.9526,71.8033
e31303632961,269,207,62,0,0.23048327137546468,0.7695167286245354,0,0.0,9.9991
e31d9b2e94f0,161,125,36,0,0.2236024844720497,0.7763975155279503,8,6.3004,65.6723
e32eaa021421,208,155,53,0,0.2548076923076923,0.7451923076923077,0,0.0,0.0
e3306507fac3,229,167,62,0,0.27074235807860264,0.7292576419213974,12,10.5331,63.0463
e33e2787c16f,134,97,37,0,0.27611940298507465,0.7238805970149254,13,6.1798,46.7972
e34cba2807a8,109,55,54,0,0.4954128440366973,0.5045871559633027,3,5.2017,71.9788
e3a34f113583,201,133,51,17,0.2537313432835821,0.6616915422885572,6,5.9326,72.8439
e3a86173361d,188,162,26,0,0.13829787234042554,0.8617021276595744,2,3.9383,65.9607
e3e660456c62,189,146,43,0,0.2275132275132275,0.7724867724867724,17,10.1364,73.1079
e3f0542a702c,217,172,41,4,0.1889400921658986,0.7926267281105991,20,11.8988,82.8018
e4004944daa2,274,197,32,45,0.11678832116788321,0.718978102189781,2,10.2386,60.2661
e4018c330e40,216,169,46,1,0.21296296296296297,0.7824074074074074,0,0.0,0.0
e42266419ea8,192,135,56,1,0.2916666666666667,0.703125,18,11.5265,68.8202
e4229a7cea9d,227,172,48,3,0.21145374449339208,0.7577092511013216,8,7.3471,64.2761
e424946aa014,134,97,28,9,0.208955223880597,0.7238805970149254,3,5.7343,68.399
e4368e6ebbcd,67,43,24,0,0.3582089552238806,0.6417910447761194,3,4.1641,39.1846
e439c5593282,45,21,18,6,0.4,0.4666666666666667,1,3.0716,27.951
e43ae1ef2cda,199,152,47,0,0.23618090452261306,0.7638190954773869,12,8.4198,55.7541
e43ca92b6468,176,101,19,56,0.10795454545454546,0.5738636363636364,8,5.9937,74.8535
e45b0f108cd8,120,87,33,0,0.275,0.725,2,8.5419,44.8868
e46cd9a60e51,228,175,51,2,0.2236842105263158,0.7675438596491229,2,2.4414,39.0015
e47409feff05,139,112,27,0,0.19424460431654678,0.8057553956834532,10,5.5634,61.6333
e4778d4b43e8,158,111,41,6,0.25949367088607594,0.7025316455696202,11,7.1564,81.6284
e479a841de40,277,156,36,85,0.1299638989169675,0.5631768953068592,4,4.3121,85.289
e49bc96b36f6,144,84,24,36,0.16666666666666666,0.5833333333333334,0,0.0,70.0516
e4bbe0282fbe,147,104,26,17,0.17687074829931973,0.7074829931972789,12,12.4344,81.0638
e4c61dd08684,51,31,20,0,0.39215686274509803,0.6078431372549019,0,0.0,14.0961
e4ca3da3ff10,106,71,27,8,0.25471698113207547,0.6698113207547169,0,0.0,0.0
e4cabafdbaf0,88,58,30,0,0.3409090909090909,0.6590909090909091,12,15.3793,67.0959
e4ddc57e6642,176,127,39,10,0.2215909090909091,0.7215909090909091,11,10.8063,82.7393
e4e8ee3d5d5d,172,104,21,47,0.12209302325581395,0.6046511627906976,2,3.4607,47.4701
e4fe4288bba2,170,136,33,1,0.19411764705882353,0.8,10,13.2095,91.5726
e525fcfd50e3,244,173,52,19,0.21311475409836064,0.7090163934426229,0,0.0,0.0
e528d21e5e6c,137,104,33,0,0.24087591240875914,0.7591240875912408,17,12.5275,72.5082
e52afd1585ee,161,116,45,0,0.2795031055900621,0.7204968944099379,2,4.1229,55.4153
e52c5685f6eb,256,198,58,0,0.2265625,0.7734375,0,0.0,0.0
e53ec7956c12,145,104,41,0,0.2827586206896552,0.7172413793103448,18,10.3165,70.8572
e55a0a59287b,141,118,23,0,0.16312056737588654,0.8368794326241135,5,6.102,68.0664
e55c0c51b9ec,228,153,56,19,0.24561403508771928,0.6710526315789473,0,0.0,0.0
e561cdb33e59,216,152,59,5,0.27314814814814814,0.7037037037037037,0,0.0,0.0
e5739e452d5b,284,203,59,22,0.20774647887323944,0.7147887323943662,0,0.0,0.0
e573d5bd029f,198,146,40,12,0.20202020202020202,0.7373737373737373,16,14.267,72.2885
e5875827ce9f,253,196,57,0,0.22529644268774704,0.7747035573122529,2,10.9024,54.3121
e59296cf7a00,211,140,29,42,0.13744075829383887,0.6635071090047393,3,5.8548,47.2061
e5c045c40838,134,100,30,4,0.22388059701492538,0.746268656716418,3,2.2797,68.0481
e5c048da7a87,160,116,44,0,0.275,0.725,25,20.4391,72.5922
e5c110d0ec80,255,194,42,19,0.16470588235294117,0.7607843137254902,21,12.2208,61.8729
e5dcae49fce8,130,90,40,0,0.3076923076923077,0.6923076923076923,16,13.6856,62.5488
e5e5afaa4adc,165,115,50,0,0.30303030303030304,0.696969696969697,0,0.0,0.0
e5fc40d67ca4,284,203,80,0,0.28169014084507044,0.7147887323943662,4,6.5567,57.7927
e610af2c9bdb,159,126,24,9,0.1509433962264151,0.7924528301886793,11,17.4698,87.9745
e61f5f4feabb,224,166,56,2,0.25,0.7410714285714286,4,7.8018,39.7049
e62a7175ca46,276,204,38,34,0.13768115942028986,0.7391304347826086,3,2.6749,81.5933
e63d457e162f,254,164,33,57,0.12992125984251968,0.6456692913385826,0,0.0,0.0
e64598d68844,127,95,28,4,0.2204724409448819,0.7480314960629921,2,3.4195,58.7296
e65d809914de,228,183,34,11,0.14912280701754385,0.8026315789473685,3,11.2869,90.5319
e6827b24810e,144,72,15,57,0.10416666666666667,0.5,4,8.3466,75.412
e692db297233,163,128,35,0,0.2147239263803681,0.7852760736196319,3,2.7512,55.7724
e696a20c8393,140,99,41,0,0.29285714285714287,0.7071428571428572,0,0.0,0.0
e69f5703fc72,250,131,25,94,0.1,0.524,3,2.5101,68.3182
e6a6f4658717,206,160,43,0,0.2087378640776699,0.7766990291262136,11,10.9192,64.3372
e6b528e0bd6d,80,57,23,0,0.2875,0.7125,0,0.0,3.2867
e6ba38a08470,28,22,6,0,0.21428571428571427,0.7857142857142857,1,1.2009,55.8716
e6e7517d1d5c,54,32,22,0,0.4074074074074074,0.5925925925925926,3,9.2255,53.5995
e6fe8d683d9d,194,150,44,0,0.2268041237113402,0.7731958762886598,18,12.4664,73.1277
e702bc96a10e,26,14,12,0,0.46153846153846156,0.5384615384615384,3,12.3138,44.046
e7043a7f067f,57,39,18,0,0.3157894736842105,0.6842105263157895,5,16.011,62.5153
e707ef8caf1f,119,27,11,81,0.09243697478991597,0.226890756302521,0,0.0,35.4187
e70a78a696e2,145,102,15,28,0.10344827586206896,0.7034482758620689,1,5.8411,53.302
e726a8eac36c,208,105,27,76,0.12980769230769232,0.5048076923076923,0,0.0,73.9288
e739dc3b9262,162,117,41,4,0.25308641975308643,0.7222222222222222,13,13.4171,87.4725
e73b08596d7a,156,122,34,0,0.21794871794871795,0.782051282051282,6,7.5577,45.7062
e75ffb74501b,192,123,33,36,0.171875,0.640625,1,1.8936,47.8317
e7638f9443ea,153,112,32,9,0.20915032679738563,0.7320261437908496,5,6.7169,58.9676
e76c15467a21,253,201,34,18,0.13438735177865613,0.7944664031620553,4,5.0812,71.0541
e78a43e9cbfa,151,120,31,0,0.2052980132450331,0.7947019867549668,12,8.8959,70.4559
e7ae2d3b7014,199,134,42,23,0.21105527638190955,0.6733668341708543,0,0.0,0.0
e7b24e5307a0,161,116,34,11,0.2111801242236025,0.7204968944099379,3,12.0392,60.1242
e7b8d4f1978a,137,95,38,4,0.2773722627737226,0.6934306569343066,0,0.0,0.0
e7c1f39c7be2,126,93,33,0,0.2619047619047619,0.7380952380952381,20,12.5717,67.7292
e7db63dae4f1,189,127,36,26,0.19047619047619047,0.671957671957672,5,9.0958,54.1306
e7ded102214a,135,96,39,0,0.28888888888888886,0.7111111111111111,9,11.0016,66.1407
e7e80a801e9a,151,118,33,0,0.2185430463576159,0.7814569536423841,16,14.1891,75.2106
e7ec6453face,103,72,31,0,0.30097087378640774,0.6990291262135923,0,0.0,0.0
e7f7bfb6b18e,178,97,31,50,0.17415730337078653,0.5449438202247191,8,10.8322,72.0917
e80386a9191e,152,111,40,1,0.2631578947368421,0.7302631578947368,6,5.8182,56.1981
e82301e658d7,146,107,39,0,0.2671232876712329,0.7328767123287672,10,12.4954,63.8474
e8290f572f0e,94,59,31,4,0.32978723404255317,0.6276595744680851,0,0.0,0.0
e830b99a9330,140,97,16,27,0.11428571428571428,0.6928571428571428,5,8.7036,60.2203
e831ed42fe34,128,92,36,0,0.28125,0.71875,0,0.0,0.0
e833077427f0,79,44,35,0,0.4430379746835443,0.5569620253164557,0,0.0,0.0
e837cc2d7de7,115,60,55,0,0.4782608695652174,0.5217391304347826,20,18.8461,66.4047
e838fccf83d4,63,49,14,0,0.2222222222222222,0.7777777777777778,0,0.0,0.0
e8544928657b,140,99,41,0,0.29285714285714287,0.7071428571428572,0,0.0,51.6281
e884656fcde9,157,122,35,0,0.2229299363057325,0.7770700636942676,2,16.008,59.5978
e887a1f9af6b,149,111,36,2,0.24161073825503357,0.7449664429530202,12,11.3419,68.8766
e89fd05c02c2,178,129,48,1,0.2696629213483146,0.7247191011235955,5,9.7855,53.9398
e8ab164f380b,39,24,15,0,0.38461538461538464,0.6153846153846154,0,0.0,37.4786
e8b5dc4dc51b,217,166,51,0,0.2350230414746544,0.7649769585253456,21,12.3474,77.5665
e8c4df5d82b2,102,78,24,0,0.23529411764705882,0.7647058823529411,6,4.9652,65.9149
e8ce5cd6a70e,150,97,22,31,0.14666666666666667,0.6466666666666666,0,0.0,43.2739
e8d79e4c9b85,163,111,47,5,0.2883435582822086,0.6809815950920245,8,7.6141,50.1389
e8efa9929870,203,161,42,0,0.20689655172413793,0.7931034482758621,11,3.8528,56.0303
e8f7e16be2db,196,142,48,6,0.24489795918367346,0.7244897959183674,15,17.8375,88.4888
e90abe191f61,157,92,32,33,0.20382165605095542,0.5859872611464968,5,5.4031,64.6729
e90c8fb1ab71,112,78,23,11,0.20535714285714285,0.6964285714285714,1,2.4109,57.962
e91823c58aa1,316,228,88,0,0.27848101265822783,0.7215189873417721,46,21.0434,94.0308
e920b4b7fadf,170,127,40,3,0.23529411764705882,0.7470588235294118,0,0.0,0.0
e92dfc70e301,148,101,47,0,0.31756756756756754,0.6824324324324325,0,0.0,0.0
e936e9d9d5d3,68,43,24,1,0.35294117647058826,0.6323529411764706,5,11.8698,60.6552
e948b70d1e10,120,90,18,12,0.15,0.75,0,0.0,0.0
e956c0c77d87,43,32,11,0,0.2558139534883721,0.7441860465116279,8,11.1725,83.2336
e95c6d365351,160,110,38,12,0.2375,0.6875,0,0.0,19.2688
e96abe7cf94b,118,86,32,0,0.2711864406779661,0.7288135593220338,6,12.8265,86.6837
e97722ee42a5,181,129,50,2,0.27624309392265195,0.712707182320442,9,13.5605,61.0703
e994de172996,88,56,30,2,0.3409090909090909,0.6363636363636364,6,10.7941,66.3284
e9a4f528b334,132,83,21,28,0.1590909090909091,0.6287878787878788,2,13.0508,59.5657
e9a7994951a5,69,52,17,0,0.2463768115942029,0.7536231884057971,1,5.8243,89.2288
e9b16b6a3206,199,148,51,0,0.2562814070351759,0.7437185929648241,0,0.0,0.0
e9c30a0a07e8,196,133,12,51,0.061224489795918366,0.6785714285714286,3,16.1423,71.9376
e9d628364cf5,137,100,37,0,0.27007299270072993,0.7299270072992701,12,12.5549,83.4854
e9db6929c47c,223,150,22,51,0.09865470852017937,0.672645739910314,4,6.9412,63.6017
e9df02bcca00,139,93,46,0,0.33093525179856115,0.6690647482014388,4,3.7842,29.0527
e9e062c3fcf8,140,95,44,0,0.3142857142857143,0.6785714285714286,13,9.4177,49.1226
e9f18c7e7ced,183,141,42,0,0.22950819672131148,0.7704918032786885,15,14.267,84.9503
e9f33468a68c,87,54,20,13,0.22988505747126436,0.6206896551724138,7,6.2576,83.5815
ea2f3faabd45,223,158,41,24,0.18385650224215247,0.7085201793721974,10,7.0419,63.8824
ea4567ff965f,143,99,17,27,0.11888111888111888,0.6923076923076923,5,9.0454,56.8634
ea5816321370,84,53,31,0,0.36904761904761907,0.6309523809523809,18,10.8963,51.4954
ea60e3c915ba,191,140,37,14,0.193717277486911,0.7329842931937173,15,12.9501,60.5331
ea7279a8827f,229,172,57,0,0.24890829694323144,0.7510917030567685,19,13.4109,75.0961
ea72eb500f52,233,195,32,6,0.13733905579399142,0.8369098712446352,13,6.8298,64.9796
ea954ce0f156,27,14,13,0,0.48148148148148145,0.5185185185185185,0,0.0,0.0
ea9d52d65500,218,110,27,81,0.12385321100917432,0.5045871559633027,0,0.0,73.6389
eaa98a57d64d,130,101,24,5,0.18461538461538463,0.7769230769230769,10,12.7853,61.0275
eaae490bfc1d,268,199,69,0,0.2574626865671642,0.7425373134328358,7,9.2804,58.9676
eab6d4eae42f,123,87,36,0,0.2926829268292683,0.7073170731707317,11,13.3102,59.5871
eacb0504ca20,112,82,30,0,0.26785714285714285,0.7321428571428571,0,0.0,0.0
eaeb7f15cb06,256,187,51,18,0.19921875,0.73046875,13,15.6494,85.7498
eaec64217afa,234,175,51,8,0.21794871794871795,0.7478632478632479,20,12.6938,68.7973
eaee249fef6f,111,89,22,0,0.1981981981981982,0.8018018018018018,11,7.7576,58.7738
eb15bfa8f37e,87,54,17,16,0.19540229885057472,0.6206896551724138,0,0.0,21.2021
eb18e2e49ff4,157,109,41,7,0.2611464968152866,0.6942675159235668,8,9.8663,82.9956
eb2267a9e6ad,170,117,50,3,0.29411764705882354,0.6882352941176471,0,0.0,0.0
eb2f1b1d27fb,57,34,23,0,0.40350877192982454,0.5964912280701754,0,0.0,2.0157
eb341a42f1e2,135,96,39,0,0.28888888888888886,0.7111111111111111,5,9.6481,41.7389
eb62229279cd,208,156,41,10,0.1971153846153846,0.75,0,0.0,66.3879
eb6d35c14907,195,144,51,0,0.26153846153846155,0.7384615384615385,0,0.0,0.0
eb81e4b7cf06,250,195,53,2,0.212,0.78,9,8.0246,52.3453
eb846d2f1474,196,138,42,16,0.21428571428571427,0.7040816326530612,5,8.3313,57.3593
eb879c95e942,202,157,45,0,0.22277227722772278,0.7772277227722773,8,15.9958,79.7302
eb9821fc7f3a,261,188,62,11,0.23754789272030652,0.7203065134099617,3,9.9457,57.9102
eb9d4025d772,113,85,26,0,0.23008849557522124,0.7522123893805309,7,9.2896,60.5469
ebb2cd4c0270,179,147,19,13,0.10614525139664804,0.8212290502793296,9,9.6558,71.7896
ebb6a080d72e,214,108,36,70,0.16822429906542055,0.5046728971962616,3,6.4499,55.6549
ebb6d5ca4594,340,200,68,72,0.2,0.5882352941176471,9,10.5682,78.5995
ebbdc2a69a66,199,159,40,0,0.20100502512562815,0.7989949748743719,9,12.7045,69.5648
ebc0cf09e9f7,165,111,45,9,0.2727272727272727,0.6727272727272727,1,7.3456,41.9205
ebc22b45eb3a,274,192,77,5,0.28102189781021897,0.7007299270072993,4,11.322,60.9512
ebd0b86bc3cf,147,109,38,0,0.2585034013605442,0.7414965986394558,9,7.8995,65.1108
ebd3d4bfc5d1,162,128,34,0,0.20987654320987653,0.7901234567901234,2,2.7237,39.3372
ebd6034772ec,227,147,26,54,0.1145374449339207,0.6475770925110133,0,0.0,68.3548
ec009ae10119,264,208,56,0,0.21212121212121213,0.7878787878787878,8,5.5481,69.1711
ec15fa638f2a,198,69,12,117,0.06060606060606061,0.3484848484848485,0,0.0,25.5249
ec2657eff039,160,117,42,1,0.2625,0.73125,0,0.0,0.9338
ec27b4eb3082,209,155,50,4,0.23923444976076555,0.7416267942583732,12,10.7117,77.9648
ec31746a04ca,149,94,55,0,0.3691275167785235,0.6308724832214765,0,0.0,0.0
ec357f56de67,146,114,19,13,0.13013698630136986,0.7808219178082192,7,6.1218,58.9722
ec382d53fa19,155,110,42,2,0.2709677419354839,0.7096774193548387,7,4.6204,48.6526
ec3ec6bac553,182,132,50,0,0.27472527472527475,0.7252747252747253,17,8.046,52.4963
ec89dabdd536,169,139,30,0,0.17751479289940827,0.8224852071005917,0,0.0,0.0
eca065b700e4,61,36,3,22,0.04918032786885246,0.5901639344262295,2,1.9348,60.2921
eca3e3fbd564,122,93,29,0,0.23770491803278687,0.7622950819672131,3,5.2231,76.0757
eca989843a10,171,125,32,14,0.1871345029239766,0.7309941520467836,15,12.9898,68.4174
ecad7ce730fc,158,134,10,14,0.06329113924050633,0.8481012658227848,6,12.0026,79.6234
ecbfe1443366,247,198,49,0,0.19838056680161945,0.8016194331983806,13,13.5544,84.9457
ecc3d16c7cbe,76,55,20,1,0.2631578947368421,0.7236842105263158,0,0.0,6.2805
ecebd05f42f5,143,86,44,13,0.3076923076923077,0.6013986013986014,0,0.0,0.0
eced1d0653f7,180,132,40,8,0.2222222222222222,0.7333333333333333,10,10.2219,72.2702
ed15d638e47b,183,124,56,3,0.30601092896174864,0.6775956284153005,0,0.0,0.0
ed3028d82ffd,96,66,30,0,0.3125,0.6875,7,5.043,61.0428
ed5eca047605,235,179,45,11,0.19148936170212766,0.7617021276595745,22,13.3438,61.9339
ed6df9ab166f,196,129,34,33,0.17346938775510204,0.6581632653061225,2,1.8692,67.5674
ed8c726eee58,134,96,37,1,0.27611940298507465,0.7164179104477612,9,11.615,47.2855
ed9a38a9f1df,189,126,63,0,0.3333333333333333,0.6666666666666666,3,11.0809,63.3392
eda6d9fc5d58,223,185,38,0,0.17040358744394618,0.8295964125560538,21,10.0922,63.0676
eda92317b583,224,165,59,0,0.26339285714285715,0.7366071428571429,0,0.0,0.0
edb53390a533,198,162,32,4,0.16161616161616163,0.8181818181818182,11,7.8201,72.9858
edb56bb632e3,208,139,69,0,0.3317307692307692,0.6682692307692307,16,9.761,61.087
ee1605f1c4e6,229,169,60,0,0.26200873362445415,0.7379912663755459,27,11.1954,64.5126
ee17748d9c05,198,154,34,10,0.1717171717171717,0.7777777777777778,1,2.9282,35.582
ee2e1b4ce5e5,202,153,49,0,0.24257425742574257,0.7574257425742574,23,12.8525,76.3794
ee2eff16873d,221,171,50,0,0.22624434389140272,0.7737556561085973,0,0.0,40.1108
ee3cb4950320,202,141,60,1,0.297029702970297,0.698019801980198,0,0.0,0.0839
ee4492e15e54,200,141,59,0,0.295,0.705,0,0.0,0.0
ee607b2abd1f,165,94,13,58,0.07878787878787878,0.5696969696969697,1,1.4343,52.742
ee61886bdebe,178,134,44,0,0.24719101123595505,0.7528089887640449,11,9.0683,52.9984
ee690e4e9eb2,184,140,44,0,0.2391304347826087,0.7608695652173914,14,14.0945,66.8945
ee810ac96bd9,124,92,31,1,0.25,0.7419354838709677,0,0.0,0.0
ee83e1603d89,99,68,19,12,0.1919191919191919,0.6868686868686869,4,6.752,69.3741
ee84768fd0b9,208,164,44,0,0.21153846153846154,0.7884615384615384,15,12.2406,70.2301
ee9d46e743cc,192,116,50,25,0.2604166666666667,0.6041666666666666,7,7.0496,81.9519
eea0cd8ab449,184,143,35,6,0.19021739130434784,0.7771739130434783,4,4.7226,71.4584
eea47f9bc6d7,148,117,31,0,0.20945945945945946,0.7905405405405406,8,11.3083,73.8815
eea7a758b49d,193,127,54,12,0.27979274611398963,0.6580310880829016,9,13.9877,50.8408
eeb26ba1afa3,238,147,56,35,0.23529411764705882,0.6176470588235294,8,7.5653,55.7053
eebbd9548990,292,208,84,0,0.2876712328767123,0.7123287671232876,17,12.2726,54.6951
eecf7d092d41,204,148,56,0,0.27450980392156865,0.7254901960784313,33,16.5985,87.2665
eed22b807751,204,159,45,0,0.22058823529411764,0.7794117647058824,6,5.4092,70.3461
eee26d27dbba,245,182,56,7,0.22857142857142856,0.7428571428571429,0,0.0,44.8792
eee51ecfd7d7,210,136,29,45,0.1380952380952381,0.6476190476190476,6,8.1299,60.3378
eef409493827,163,120,42,1,0.25766871165644173,0.7361963190184049,0,0.0,0.0
eefb2c8c791c,102,65,33,4,0.3235294117647059,0.6372549019607843,0,0.0,0.0
ef49ceba7efc,190,114,45,31,0.23684210526315788,0.6,7,5.4855,55.8151
ef55278e83dc,138,96,21,21,0.15217391304347827,0.6956521739130435,5,6.7032,57.4661
ef5dbd7a78bc,177,119,51,7,0.288135593220339,0.672316384180791,3,6.6025,40.4282
ef68712b2ec4,84,47,37,0,0.44047619047619047,0.5595238095238095,4,7.1518,42.0288
ef77487acc19,209,152,57,0,0.2727272727272727,0.7272727272727273,0,0.0,0.0
ef7dabd0c406,176,135,35,6,0.19886363636363635,0.7670454545454546,6,10.9024,66.2842
ef7e5ebd2375,85,67,18,0,0.21176470588235294,0.788235294117647,8,7.6996,63.7985
ef928aed9549,220,145,74,1,0.33636363636363636,0.6590909090909091,0,0.0,0.0
ef9626e7479e,229,161,57,11,0.24890829694323144,0.7030567685589519,0,0.0,0.0
ef9853b01c42,172,125,46,1,0.26744186046511625,0.7267441860465116,0,0.0,0.0
ef9c72d52980,144,110,34,0,0.2361111111111111,0.7638888888888888,16,17.3416,76.8585
efadb69675bd,117,80,37,0,0.3162393162393162,0.6837606837606838,22,15.2725,60.6064
efbd55aede06,130,90,40,0,0.3076923076923077,0.6923076923076923,0,0.0,0.0
efd993cb48dc,121,84,37,0,0.30578512396694213,0.6942148760330579,5,2.9694,26.9348
efe3e59db69a,167,111,47,9,0.281437125748503,0.6646706586826348,8,10.1959,57.8995
efe46c2ec61f,133,104,29,0,0.21804511278195488,0.7819548872180451,12,14.1037,82.663
efe68e8f9916,60,36,24,0,0.4,0.6,5,10.3195,46.9162
efffcaf09935,116,84,32,0,0.27586206896551724,0.7241379310344828,0,0.0,24.9786
f0098375c984,134,106,27,1,0.20149253731343283,0.7910447761194029,14,20.4102,50.8011
f00a8cd34ac3,232,180,49,3,0.21120689655172414,0.7758620689655172,3,5.4199,64.3265
f00ec753b561,123,75,25,23,0.2032520325203252,0.6097560975609756,6,10.9772,64.2212
f0185737bdd2,124,76,37,11,0.29838709677419356,0.6129032258064516,7,13.6703,63.6185
f0197942d5cd,228,165,44,19,0.19298245614035087,0.7236842105263158,0,0.0,0.0
f02b9020d7bc,192,160,28,4,0.14583333333333334,0.8333333333333334,3,9.1919,62.2742
f02badb2b1c6,378,291,87,0,0.23015873015873015,0.7698412698412699,7,5.806,40.0299
f03af6a10717,170,130,40,0,0.23529411764705882,0.7647058823529411,9,8.5556,61.9873
f051273bd75e,188,145,43,0,0.22872340425531915,0.7712765957446809,3,2.4567,41.2216
f05260d37519,228,159,69,0,0.3026315789473684,0.6973684210526315,17,14.9017,69.6304
f062f6c1128e,56,28,23,5,0.4107142857142857,0.5,5,9.6558,83.0826
f065aa3e43c7,267,179,50,38,0.18726591760299627,0.6704119850187266,0,0.0,38.6734
f06771072117,244,164,26,54,0.10655737704918032,0.6721311475409836,12,13.6078,86.0413
f07384ef90c3,185,132,53,0,0.2864864864864865,0.7135135135135136,5,6.4651,60.6781
f079a9a9d4c3,203,146,57,0,0.28078817733990147,0.7192118226600985,5,8.8928,66.42
f080aadb91c1,218,148,70,0,0.3211009174311927,0.6788990825688074,0,0.0,0.0
f084f6eabe79,178,132,43,3,0.24157303370786518,0.7415730337078652,21,12.6434,71.17
f0921067172c,138,113,25,0,0.18115942028985507,0.8188405797101449,6,19.1696,65.3122
f0a73ffe7d71,197,145,52,0,0.2639593908629442,0.7360406091370558,0,0.0,0.0
f0aa8148ce45,100,77,23,0,0.23,0.77,7,10.4523,78.0289
f0bb29042dfb,271,178,73,20,0.2693726937269373,0.6568265682656826,0,0.0,0.0
f0f6097376bf,172,115,27,30,0.1569767441860465,0.6686046511627907,6,4.5151,48.4131
f102169b07ee,271,219,52,0,0.1918819188191882,0.8081180811808119,7,9.5413,54.6188
f1079a2a4346,154,113,41,0,0.2662337662337662,0.7337662337662337,13,11.763,61.2686
f13cd8ec6e6f,180,138,32,10,0.17777777777777778,0.7666666666666667,10,6.0593,75.7645
f13eb7c6b71d,170,95,70,5,0.4117647058823529,0.5588235294117647,18,11.8332,54.6494
f14ab472f807,52,35,17,0,0.3269230769230769,0.6730769230769231,0,0.0,0.0
f1536f338e09,124,78,46,0,0.3709677419354839,0.6290322580645161,7,6.8344,54.1107
f17470445cda,172,106,66,0,0.38372093023255816,0.6162790697674418,16,9.1339,76.2665
f18cbfc916ac,177,132,44,1,0.24858757062146894,0.7457627118644068,19,8.7601,78.1494
f1a65bcc3e01,282,215,67,0,0.2375886524822695,0.7624113475177305,15,7.6981,63.0371
f1a748bf7712,154,108,41,5,0.2662337662337662,0.7012987012987013,9,7.2571,68.6401
f1d829ed10a2,204,158,46,0,0.22549019607843138,0.7745098039215687,21,11.2778,80.8929
f1f5f493f2f4,189,131,57,0,0.30158730158730157,0.6931216931216931,10,4.7989,82.0389
f1f74c4aecfa,121,85,26,10,0.21487603305785125,0.7024793388429752,3,8.1161,65.2344
f1f9aea9e0bb,135,93,23,19,0.17037037037037037,0.6888888888888889,0,0.0,0.0
f2196dcfec30,192,149,27,16,0.140625,0.7760416666666666,10,5.6198,69.5114
f220b26c6610,96,58,38,0,0.3958333333333333,0.6041666666666666,0,0.0,0.0
f236820cf87c,189,140,49,0,0.25925925925925924,0.7407407407407407,0,0.0,0.0
f254c9da93b8,109,77,32,0,0.29357798165137616,0.7064220183486238,19,18.6386,90.4831
f26cb7835023,94,45,35,14,0.3723404255319149,0.4787234042553192,0,0.0,0.0
f28d60a3f560,76,48,28,0,0.3684210526315789,0.631578947368421,0,0.0,0.0
f2b4695127e8,242,185,52,5,0.21487603305785125,0.7644628099173554,5,3.4378,38.0203
f2d2bf5ba62b,227,133,34,60,0.14977973568281938,0.5859030837004405,0,0.0,0.0
f2d3ffcb3aa6,127,96,31,0,0.2440944881889764,0.7559055118110236,14,10.8154,58.1116
f2d4965abc42,201,153,48,0,0.23880597014925373,0.7611940298507462,5,11.5372,73.4482
f2d8b98b713b,221,172,49,0,0.22171945701357465,0.7782805429864253,3,6.5628,42.0959
f2e0a29fb9a4,216,163,53,0,0.24537037037037038,0.7546296296296297,12,7.518,43.5928
f2f9aa01d545,70,43,27,0,0.38571428571428573,0.6142857142857143,6,12.2757,69.5969
f30cd94ed554,117,84,33,0,0.28205128205128205,0.717948717948718,0,0.0,0.0
f31359d4b52d,211,163,40,8,0.1895734597156398,0.7725118483412322,20,15.0482,91.9174
f317f98d0b35,83,62,21,0,0.25301204819277107,0.7469879518072289,6,7.2388,38.5025
f31c2c896158,136,89,47,0,0.34558823529411764,0.6544117647058824,10,9.7885,77.0859
f32688fe7e4e,233,173,60,0,0.2575107296137339,0.7424892703862661,0,0.0,0.0
f33ee63b980e,164,111,53,0,0.3231707317073171,0.676829268292683,0,0.0,0.0
f344628cd3bf,201,167,34,0,0.1691542288557214,0.8308457711442786,16,11.8576,83.2489
f34713c3ba1e,156,38,40,78,0.2564102564102564,0.24358974358974358,18,42.5095,81.1264
f367f6252be1,150,110,38,2,0.25333333333333335,0.7333333333333333,10,12.0117,59.4727
f381888b35f1,138,97,41,0,0.2971014492753623,0.7028985507246377,6,16.1133,61.5723
f39bf22d9a2f,226,127,40,59,0.17699115044247787,0.5619469026548672,6,9.0149,88.8962
f3b08a5e211d,147,91,56,0,0.38095238095238093,0.6190476190476191,0,0.0,0.0
f3ce2fe86e45,216,160,56,0,0.25925925925925924,0.7407407407407407,19,9.1019,71.46
f3d92b6ae8a2,195,156,39,0,0.2,0.8,21,16.1499,69.0445
f3e61a3dec43,255,171,16,68,0.06274509803921569,0.6705882352941176,5,7.6828,65.7639
f3efb47e8aa4,111,83,28,0,0.25225225225225223,0.7477477477477478,14,15.9286,80.8533
f3f3bf544a7f,130,107,22,0,0.16923076923076924,0.823076923076923,5,7.4432,56.8237
f40c17b3402d,187,140,42,5,0.22459893048128343,0.7486631016042781,13,6.871,54.8462
f41758ea4ca2,195,136,50,9,0.2564102564102564,0.6974358974358974,0,0.0,0.0
f4303e98492b,215,154,61,0,0.2837209302325581,0.7162790697674418,6,3.0655,56.073
f436cd9ab8b6,149,99,48,2,0.3221476510067114,0.6644295302013423,9,9.0942,59.3994
f43994e34472,39,17,4,18,0.10256410256410256,0.4358974358974359,4,2.4216,57.0145
f4579a30dc19,231,164,67,0,0.29004329004329005,0.70995670995671,13,16.8976,77.7115
f462949a2cc5,136,104,32,0,0.23529411764705882,0.7647058823529411,6,8.2764,79.3961
f4629ace176c,138,87,51,0,0.3695652173913043,0.6304347826086957,0,0.0,0.0
f46cfdd52edc,74,49,13,12,0.17567567567567569,0.6621621621621622,0,0.0,0.0
f47ce13f49f1,315,233,82,0,0.26031746031746034,0.7396825396825397,41,16.5436,78.3676
f48064fda016,189,153,36,0,0.19047619047619047,0.8095238095238095,9,7.3639,67.7063
f480b897adfe,146,103,40,3,0.273972602739726,0.7054794520547946,6,9.1003,78.9062
f4863e65c0c0,168,120,48,0,0.2857142857142857,0.7142857142857143,24,17.868,92.8604
f4b4036b067b,180,125,55,0,0.3055555555555556,0.6944444444444444,0,0.0,0.0
f4cc3f49c4bd,176,135,34,7,0.19318181818181818,0.7670454545454546,5,8.6517,71.846
f4df16a55805,266,209,56,0,0.21052631578947367,0.7857142857142857,12,16.0248,73.7076
f4ee61458d54,235,191,36,8,0.15319148936170213,0.8127659574468085,4,5.0171,58.3893
f4f3ef89b6a3,91,72,19,0,0.2087912087912088,0.7912087912087912,4,4.6738,45.1324
f4fb73686931,162,134,28,0,0.1728395061728395,0.8271604938271605,3,5.3635,84.5673
f5096797acc9,142,99,43,0,0.3028169014084507,0.6971830985915493,5,3.7354,32.9926
f50e9b75a0d7,232,183,49,0,0.21120689655172414,0.7887931034482759,18,9.5795,70.9747
f526a2ca5612,175,121,54,0,0.30857142857142855,0.6914285714285714,0,0.0,0.0
f52d96b6efd3,251,189,51,11,0.20318725099601595,0.7529880478087649,6,10.5011,63.5742
f534baed77c3,218,168,47,2,0.21559633027522937,0.7706422018348624,14,13.2599,72.4167
f539f2dcee1a,218,162,29,27,0.13302752293577982,0.7431192660550459,0,0.0,64.6667
f53e64ef7fcd,104,65,30,9,0.28846153846153844,0.625,0,0.0,0.0
f5440c7daa99,181,119,62,0,0.3425414364640884,0.6574585635359116,15,18.7622,90.6265
f54428f97db1,179,143,36,0,0.2011173184357542,0.7988826815642458,23,20.0333,87.1536
f5453bb85ab3,180,111,65,4,0.3611111111111111,0.6166666666666667,0,0.0,0.0
f55f2ee739e6,157,127,30,0,0.1910828025477707,0.8089171974522293,13,12.2314,61.7783
f5625710f6b8,222,170,51,1,0.22972972972972974,0.7657657657657657,23,12.7808,87.4603
f5688ca07c15,188,129,56,3,0.2978723404255319,0.6861702127659575,6,8.2016,70.6055
f58d3c50b2dc,188,136,45,7,0.2393617021276596,0.723404255319149,0,0.0,0.0
f58f8cb8bd83,118,74,44,0,0.3728813559322034,0.6271186440677966,0,0.0,1.6998
f59aa908b06a,159,123,36,0,0.22641509433962265,0.7735849056603774,12,14.9979,58.3496
f5b849625162,171,114,57,0,0.3333333333333333,0.6666666666666666,8,8.905,43.8583
f5bed5601a8e,59,39,20,0,0.3389830508474576,0.6610169491525424,0,0.0,0.0
f5d40a40e34f,247,170,39,38,0.15789473684210525,0.6882591093117408,1,1.8738,31.1798
f5d72b1f141a,252,175,39,38,0.15476190476190477,0.6944444444444444,9,4.007,54.5258
f5de7d8fbfe1,80,53,27,0,0.3375,0.6625,5,2.597,53.1708
f5e8369558d2,140,100,39,1,0.2785714285714286,0.7142857142857143,3,3.3722,40.0818
f61ec97dd180,136,107,28,0,0.20588235294117646,0.7867647058823529,3,5.1529,75.6149
f6224279854d,217,166,47,4,0.21658986175115208,0.7649769585253456,14,19.0552,70.3247
f63d515ee30f,215,155,60,0,0.27906976744186046,0.7209302325581395,8,10.4218,72.4167
f64bc2a754fc,177,97,80,0,0.4519774011299435,0.5480225988700564,12,9.5535,55.1559
f653a47f9ec6,54,37,17,0,0.3148148148148148,0.6851851851851852,9,8.8089,59.5673
f659913017aa,249,189,60,0,0.24096385542168675,0.7590361445783133,1,8.6304,35.3577
f671b51a5aae,300,231,48,19,0.16,0.77,6,5.1331,54.3427
f68673db7c65,255,188,54,13,0.21176470588235294,0.7372549019607844,19,12.1628,91.0934
f68f24390da7,93,65,28,0,0.3010752688172043,0.6989247311827957,8,6.2622,44.7693
f69847acf7a9,233,172,57,4,0.2446351931330472,0.7381974248927039,1,1.1795,21.4859
f6a5026c3875,234,159,51,23,0.21794871794871795,0.6794871794871795,3,3.923,80.1605
f6b3c12a983a,119,82,37,0,0.31092436974789917,0.6890756302521008,0,0.0,0.0
f6b6d03d1561,66,39,17,10,0.25757575757575757,0.5909090909090909,0,0.0,16.5649
f6ba42262cff,220,164,56,0,0.2545454545454545,0.7454545454545455,0,0.0,28.5614
f6bdf05486c9,225,130,28,67,0.12444444444444444,0.5777777777777777,5,4.2526,76.2589
f6c0aa4b8c3f,156,117,34,5,0.21794871794871795,0.75,15,9.6954,79.5074
f6de38334730,146,101,38,7,0.2602739726027397,0.6917808219178082,6,10.8093,45.0211
f6df497ddcb8,227,150,46,31,0.2026431718061674,0.6607929515418502,9,3.3981,67.3218
f6ed84e1e5bd,127,100,26,0,0.2047244094488189,0.7874015748031497,3,10.7056,43.8507
f6f6fd84d527,178,144,34,0,0.19101123595505617,0.8089887640449438,12,12.6556,76.6312
f6fcdf840d82,226,138,45,43,0.19911504424778761,0.6106194690265486,7,11.5753,47.4136
f6ffc86aa0c2,185,139,46,0,0.24864864864864866,0.7513513513513513,0,0.0,0.0
f70104d45bb1,123,84,39,0,0.3170731707317073,0.6829268292682927,0,0.0,0.0
f709898cdc46,213,162,36,15,0.16901408450704225,0.7605633802816901,6,7.9041,74.0952
f70ed8ca14b1,178,134,37,7,0.20786516853932585,0.7528089887640449,12,9.6481,86.7569
f73836ebcc90,140,82,46,12,0.32857142857142857,0.5857142857142857,0,0.0,0.0
f73951fddf77,215,179,35,1,0.16279069767441862,0.8325581395348837,7,5.4535,65.921
f73a4bb68c9e,42,19,9,14,0.21428571428571427,0.4523809523809524,2,1.5976,39.595
f73a9bc5c0ca,157,125,32,0,0.20382165605095542,0.7961783439490446,17,16.4078,88.4445
f746e9703e48,189,135,47,7,0.24867724867724866,0.7142857142857143,0,0.0,0.0
f74b179bb617,185,133,52,0,0.2810810810810811,0.7189189189189189,7,10.8368,61.6592
f75c7cec3ddc,212,138,47,27,0.22169811320754718,0.6509433962264151,9,11.9995,64.7705
f77638587940,186,137,49,0,0.26344086021505375,0.7365591397849462,28,14.827,70.2576
f781b917555e,200,153,47,0,0.235,0.765,0,0.0,39.2151
f7956aab178f,136,96,40,0,0.29411764705882354,0.7058823529411765,1,3.096,26.2802
f79dc41910f9,122,76,46,0,0.3770491803278688,0.6229508196721312,4,8.2123,44.191
f7b41d0ca05e,179,99,16,64,0.0893854748603352,0.553072625698324,0,0.0,37.8159
f7b519160f85,223,146,67,10,0.3004484304932735,0.6547085201793722,4,7.402,48.2147
f7c97aeccfae,209,140,67,2,0.32057416267942584,0.6698564593301436,0,0.0,0.0
f7ccce426ebb,225,152,26,47,0.11555555555555555,0.6755555555555556,1,1.944,62.7304
f7d2a425f1cd,180,150,30,0,0.16666666666666666,0.8333333333333334,0,0.0,0.0
f7d30df03c85,219,140,33,46,0.1506849315068493,0.639269406392694,0,0.0,44.9768
f800a3979b28,147,99,46,2,0.3129251700680272,0.673469387755102,15,11.6791,66.5619
f805582bbe48,183,140,39,4,0.21311475409836064,0.7650273224043715,13,11.0336,54.9026
f80762497aaa,184,132,30,22,0.16304347826086957,0.717391304347826,3,5.6259,72.4792
f80e5b2afa3e,207,162,45,0,0.21739130434782608,0.782608695652174,6,10.1929,63.8977
f815e7ebafbb,200,166,34,0,0.17,0.83,12,10.231,63.1607
f81f26aac99d,110,74,30,5,0.2727272727272727,0.6727272727272727,8,14.1617,69.928
f82b48c5ef63,176,138,38,0,0.2159090909090909,0.7840909090909091,1,6.7627,44.0796
f82ed3f5d1a4,239,176,47,16,0.19665271966527198,0.7364016736401674,10,11.3327,57.0633
f836bf8b2f7a,197,119,21,57,0.1065989847715736,0.6040609137055838,0,0.0,63.7619
f8398798a9dc,122,83,39,0,0.319672131147541,0.680327868852459,3,4.1077,48.793
f83af16db537,222,186,36,0,0.16216216216216217,0.8378378378378378,14,11.5158,69.0277
f84a1ebc74a6,62,47,14,1,0.22580645161290322,0.7580645161290323,6,5.7022,77.3834
f84c0dc5ef76,95,63,32,0,0.3368421052631579,0.6631578947368421,8,15.6967,45.9244
f84d60e83be2,240,177,52,11,0.21666666666666667,0.7375,21,10.4294,80.5527
f85334e801a4,250,207,43,0,0.172,0.828,3,1.593,34.3811
f86f614f61dc,104,61,13,30,0.125,0.5865384615384616,3,2.5818,53.5965
f88e932503d0,71,50,21,0,0.29577464788732394,0.704225352112676,0,0.0,0.0
f891dd5e1bd4,238,173,40,25,0.16806722689075632,0.726890756302521,11,8.4976,79.6738
f8ddeae52360,172,124,35,13,0.20348837209302326,0.7209302325581395,2,2.7588,55.6686
f8e31591718a,249,170,49,30,0.19678714859437751,0.6827309236947792,14,14.7964,79.5227
f90b38ef792d,102,68,10,24,0.09803921568627451,0.6666666666666666,2,1.9012,58.3939
f9285fe284ce,167,134,32,1,0.19161676646706588,0.8023952095808383,2,5.9128,25.3281
f93148f68ff9,185,151,34,0,0.1837837837837838,0.8162162162162162,10,11.7874,62.4817
f93152017b2e,217,136,61,20,0.28110599078341014,0.6267281105990783,2,1.5488,36.7111
f9404d959c3c,74,56,16,2,0.21621621621621623,0.7567567567567568,0,0.0,15.1245
f94a2f497ba4,171,127,44,0,0.2573099415204678,0.7426900584795322,0,0.0,0.0
f95c0c54f064,117,88,29,0,0.24786324786324787,0.7521367521367521,0,0.0,0.0
f964b9543ed1,178,132,46,0,0.25842696629213485,0.7415730337078652,12,12.2696,66.7496
f96885e98ce7,34,24,10,0,0.29411764705882354,0.7058823529411765,5,16.1041,54.6463
f96b3fd2d485,74,52,22,0,0.2972972972972973,0.7027027027027027,6,3.8498,91.011
f999e08da2e8,151,103,43,5,0.2847682119205298,0.6821192052980133,8,4.4785,74.1638
f9b0585f3bed,171,132,38,1,0.2222222222222222,0.7719298245614035,13,9.3506,90.181
f9c0aa4cd5ad,178,140,37,1,0.20786516853932585,0.7865168539325843,12,8.7692,80.2338
f9c3775b0d88,101,66,35,0,0.3465346534653465,0.6534653465346535,9,7.8476,64.09
f9c41c926032,251,176,75,0,0.29880478087649404,0.701195219123506,6,10.1624,69.5496
f9caed448e13,180,138,42,0,0.23333333333333334,0.7666666666666667,0,0.0,0.0
f9e7b42fd5a1,156,118,38,0,0.24358974358974358,0.7564102564102564,0,0.0,17.2363
fa185cbfa3c6,151,102,26,23,0.17218543046357615,0.6754966887417219,11,6.636,70.7977
fa1a79a5248b,98,85,12,1,0.12244897959183673,0.8673469387755102,2,5.3604,76.918
fa2d82bc5c90,113,78,35,0,0.30973451327433627,0.6902654867256637,18,11.3892,74.8947
fa347f99ad39,159,106,45,8,0.2830188679245283,0.6666666666666666,0,0.0,0.0
fa6569eb827f,185,124,25,36,0.13513513513513514,0.6702702702702703,8,8.493,73.0164
fa6a64b3a0c6,129,97,32,0,0.24806201550387597,0.751937984496124,0,0.0,0.0
fa741c964934,190,124,14,52,0.07368421052631578,0.6526315789473685,1,1.2894,63.913
fa74ab756f01,211,155,45,11,0.2132701421800948,0.7345971563981043,25,9.1263,57.4829
fab1d411448d,254,190,62,2,0.2440944881889764,0.7480314960629921,0,0.0,0.0
fab7172275db,154,118,36,0,0.23376623376623376,0.7662337662337663,0,0.0,19.6777
fac5bbaea871,46,28,17,1,0.3695652173913043,0.6086956521739131,4,6.8802,59.4955
fac68c117a18,294,199,63,32,0.21428571428571427,0.6768707482993197,13,11.0413,63.1012
fac926289d51,155,94,36,25,0.23225806451612904,0.6064516129032258,2,2.7191,45.5841
fad0fe747acf,53,34,19,0,0.3584905660377358,0.6415094339622641,8,13.7573,58.9432
fae6996aeed8,95,79,15,0,0.15789473684210525,0.8315789473684211,10,12.767,67.8543
fb01a0a69517,236,162,37,37,0.15677966101694915,0.6864406779661016,12,5.7693,72.4106
fb25f7ff2cc4,167,119,42,6,0.25149700598802394,0.7125748502994012,16,9.5047,50.3571
fb39e72460b6,119,79,40,0,0.33613445378151263,0.6638655462184874,1,5.8044,16.4017
fb43ecf486bd,206,150,56,0,0.27184466019417475,0.7281553398058253,0,0.0,0.0
fb5fd7ab15e6,91,67,13,11,0.14285714285714285,0.7362637362637363,2,9.3063,70.0821
fb61f2df2879,211,175,36,0,0.17061611374407584,0.8293838862559242,8,9.2209,59.9716
fb74231594a6,271,201,51,19,0.1881918819188192,0.7416974169741697,2,4.5776,67.6147
fb76b034689e,241,174,63,4,0.26141078838174275,0.7219917012448133,13,14.035,85.6094
fb80c40073a4,118,87,29,2,0.2457627118644068,0.7372881355932204,5,6.9092,58.5861
fb85ad4fd2bc,152,91,61,0,0.40131578947368424,0.5986842105263158,0,0.0,0.0
fb8886059879,184,142,41,1,0.22282608695652173,0.7717391304347826,11,10.2936,58.8593
fbacda290baa,212,141,71,0,0.33490566037735847,0.6650943396226415,24,12.7457,57.196
fbb8090f001c,183,136,47,0,0.2568306010928962,0.7431693989071039,0,0.0,0.0
fbc0c3145008,184,130,29,25,0.15760869565217392,0.7065217391304348,0,0.0,27.0828
fbca4257157e,214,162,52,0,0.24299065420560748,0.7570093457943925,4,7.7621,46.1624
fbe139b6227a,163,124,39,0,0.2392638036809816,0.7607361963190185,12,15.6021,75.2441
fbec0ff75cf3,37,31,6,0,0.16216216216216217,0.8378378378378378,0,0.0,0.0
fbec7a11045c,313,242,71,0,0.2268370607028754,0.7731629392971247,9,9.9045,52.3285
fbed39812225,68,46,21,1,0.3088235294117647,0.6764705882352942,7,12.3566,67.926
fbee536cc135,250,206,44,0,0.176,0.824,18,11.9217,72.9233
fbf1493e0d0f,187,89,21,77,0.11229946524064172,0.47593582887700536,2,1.3992,73.3398
fc0109ca8340,82,59,21,2,0.25609756097560976,0.7195121951219512,8,11.4868,54.6753
fc04eb6968b8,298,168,44,86,0.1476510067114094,0.5637583892617449,2,3.8483,40.1276
fc115a1b3e83,248,197,51,0,0.2056451612903226,0.7943548387096774,17,10.6857,58.815
fc276eb59d1a,201,117,84,0,0.417910447761194,0.582089552238806,6,16.0416,67.9855
fc2fd27c7f16,189,146,43,0,0.2275132275132275,0.7724867724867724,15,14.1098,90.6082
fc308eacf13a,237,165,11,61,0.046413502109704644,0.6962025316455697,4,16.5359,88.4613
fc3c4b863c8e,232,169,42,21,0.1810344827586207,0.728448275862069,0,0.0,33.3832
fc3d82255966,221,165,56,0,0.25339366515837103,0.746606334841629,8,10.9268,63.3194
fc45d1e5ef73,199,141,56,2,0.2814070351758794,0.7085427135678392,0,0.0,0.0
fc547d2e786c,123,82,35,6,0.2845528455284553,0.6666666666666666,0,0.0,0.0
fc5e5378432e,236,158,67,11,0.2838983050847458,0.6694915254237288,0,0.0,0.0
fc6a695ba44f,196,145,51,0,0.2602040816326531,0.7397959183673469,0,0.0,0.0
fc841358b1ae,158,117,41,0,0.25949367088607594,0.740506329113924,1,6.7322,52.2934
fc8455773da1,166,122,40,4,0.24096385542168675,0.7349397590361446,10,8.374,59.6436
fca1f600d0d4,42,22,20,0,0.47619047619047616,0.5238095238095238,0,0.0,0.0
fca2d821dcae,87,54,20,13,0.22988505747126436,0.6206896551724138,1,2.9953,46.2402
fcaa47a2c6a9,210,174,36,0,0.17142857142857143,0.8285714285714286,2,7.5348,50.885
fcc021adb670,213,154,38,21,0.1784037558685446,0.7230046948356808,6,4.7943,67.8116
fccac9bf0994,56,35,21,0,0.375,0.625,0,0.0,0.0
fcf3ef06a360,156,96,43,17,0.27564102564102566,0.6153846153846154,12,12.8067,68.103
fcf954f576b0,182,127,37,18,0.2032967032967033,0.6978021978021978,15,12.4619,70.6909
fd05529859cf,66,53,13,0,0.19696969696969696,0.803030303030303,2,8.5617,46.4798
fd08b2bce422,286,215,70,1,0.24475524475524477,0.7517482517482518,1,3.6987,39.5233
fd0bb45eba47,279,170,45,64,0.16129032258064516,0.6093189964157706,6,11.6684,78.6148
fd1286054e5e,270,189,80,1,0.2962962962962963,0.7,14,9.3765,71.1349
fd2ad62fe51a,213,161,50,2,0.2347417840375587,0.755868544600939,20,14.9551,78.8071
fd34d5fda33d,93,81,12,0,0.12903225806451613,0.8709677419354839,5,9.7824,82.5226
fd3926d5158b,161,114,47,0,0.2919254658385093,0.7080745341614907,0,0.0,0.0
fd3a19b58724,208,163,45,0,0.21634615384615385,0.7836538461538461,0,0.0,0.0
fd3b376d8b11,261,180,75,6,0.28735632183908044,0.6896551724137931,0,0.0,0.0
fd545ee9fe42,113,88,25,0,0.22123893805309736,0.7787610619469026,14,10.17,92.749
fd5604231cba,204,141,36,27,0.17647058823529413,0.6911764705882353,2,1.6052,29.2908
fd6430058755,242,181,60,1,0.24793388429752067,0.7479338842975206,5,10.4156,58.0536
fd672406fefb,174,137,37,0,0.21264367816091953,0.7873563218390804,13,14.7461,87.1597
fd6fe1a3985b,221,119,48,54,0.2171945701357466,0.5384615384615384,8,16.3727,79.2572
fd73fb132d70,187,140,44,3,0.23529411764705882,0.7486631016042781,10,9.4284,80.2994
fd7763888e09,298,227,71,0,0.23825503355704697,0.761744966442953,16,10.6918,72.113
fd8c1f420a7c,229,129,31,69,0.13537117903930132,0.5633187772925764,3,7.0938,69.5816
fd9f0f26e419,101,61,40,0,0.39603960396039606,0.6039603960396039,26,18.425,85.3394
fda6868aea71,183,135,48,0,0.26229508196721313,0.7377049180327869,20,9.5261,61.7294
fda9062ed96a,200,136,29,35,0.145,0.68,1,6.6437,59.0317
fdb9d38ce2b5,144,99,45,0,0.3125,0.6875,0,0.0,0.0
fdc20a833738,200,142,57,1,0.285,0.71,34,15.2008,81.3934
fe01b010f147,142,90,47,5,0.33098591549295775,0.6338028169014085,4,6.868,42.8741
fe025faa4c6e,189,125,35,29,0.18518518518518517,0.6613756613756614,1,3.5431,47.5922
fe1f503420d2,174,130,35,6,0.20114942528735633,0.7471264367816092,5,3.2867,62.8143
fe309f77902a,139,91,23,25,0.16546762589928057,0.6546762589928058,3,6.1554,63.681
fe354e2b6f25,208,155,48,5,0.23076923076923078,0.7451923076923077,21,11.8439,68.7332
fe5717205561,116,68,26,22,0.22413793103448276,0.5862068965517241,4,4.657,58.3862
fe592036b5e1,188,140,43,5,0.22872340425531915,0.7446808510638298,0,0.0,0.0
fe6984b9e99e,199,164,35,0,0.17587939698492464,0.8241206030150754,19,8.3069,87.7655
fe7dac11b3c6,231,187,44,0,0.19047619047619047,0.8095238095238095,29,15.5579,62.5626
fe89be6f6d97,156,114,42,0,0.2692307692307692,0.7307692307692307,0,0.0,0.0
fe8b4d94ce29,204,140,64,0,0.3137254901960784,0.6862745098039216,22,11.0962,71.0342
feac91652a1c,211,125,37,49,0.17535545023696683,0.5924170616113744,8,11.4426,54.8477
feacfbc5a71e,176,127,48,1,0.2727272727272727,0.7215909090909091,12,13.8123,80.2979
feb0f0ab5eb8,131,85,46,0,0.3511450381679389,0.648854961832061,9,4.5685,33.6807
feb2f7f43ac6,205,150,43,12,0.2097560975609756,0.7317073170731707,18,15.9485,74.8703
fec79645cf3b,195,135,59,1,0.30256410256410254,0.6923076923076923,2,4.1931,55.6076
fee448fd96ff,164,106,58,0,0.35365853658536583,0.6463414634146342,0,0.0,0.0
feee2e895355,170,115,38,17,0.2235294117647059,0.6764705882352942,0,0.0,16.3574
feef5163846e,229,159,70,0,0.3056768558951965,0.6943231441048034,15,8.1924,63.736
ff10f937c3d5,240,157,50,33,0.20833333333333334,0.6541666666666667,21,12.2406,64.8865
ff17b5e40b62,143,109,30,4,0.2097902097902098,0.7622377622377622,0,0.0,17.2562
ff1ca9ec7c9d,190,146,25,19,0.13157894736842105,0.7684210526315789,6,3.2791,49.8016
ff20d2d7c321,249,154,39,56,0.1566265060240964,0.6184738955823293,4,9.4284,73.5565
ff228af5af13,256,202,52,2,0.203125,0.7890625,17,15.6769,70.3537
ff28b4608699,134,97,37,0,0.27611940298507465,0.7238805970149254,13,18.2022,62.3566
ff30f31f767a,221,168,53,0,0.2398190045248869,0.7601809954751131,24,15.7104,85.7941
ff3667b13953,152,108,35,9,0.23026315789473684,0.7105263157894737,10,9.8846,53.3722
ff53524d64ca,58,44,14,0,0.2413793103448276,0.7586206896551724,7,9.9335,56.163
ff80dfefc41b,177,141,36,0,0.2033898305084746,0.7966101694915254,8,5.2826,51.3504
ff811b8f07ef,162,120,28,14,0.1728395061728395,0.7407407407407407,0,0.0,0.0
ff9dd750be21,227,159,68,0,0.29955947136563876,0.7004405286343612,30,17.5522,65.0452
ffac6d538449,70,49,21,0,0.3,0.7,2,5.748,46.1075
ffaf4de97335,244,183,61,0,0.25,0.75,1,2.243,38.5178
ffb16f062dfe,140,97,43,0,0.30714285714285716,0.6928571428571428,0,0.0,0.0
ffcbb41626c9,188,140,48,0,0.2553191489361702,0.7446808510638298,8,9.0225,56.6635
ffd2841373b3,257,199,58,0,0.22568093385214008,0.77431906614786,0,0.0,0.0
ffdc59cd580a,109,82,27,0,0.24770642201834864,0.7522935779816514,3,5.1514,48.7961
ffe06afd66a9,220,159,61,0,0.2772727272727273,0.7227272727272728,0,0.0,0.0
ffe236a25d4c,201,154,39,8,0.19402985074626866,0.7661691542288557,10,12.7686,69.1254
ffe9bcababc8,201,159,42,0,0.208955223880597,0.7910447761194029,7,12.3535,58.255
