image_id,x,y,labeled_frac,n_labeled,n_unannotated,n_benign,n_g3,n_g4,n_g5
00f6ea010b008e7b3635910a13b165a5,5632,512,0.094116,24672,237472,24672,0,0,0
00f6ea010b008e7b3635910a13b165a5,7168,512,0.026405,6922,255222,0,6922,0,0
00f6ea010b008e7b3635910a13b165a5,5120,1024,0.025955,6804,255340,6804,0,0,0
00f6ea010b008e7b3635910a13b165a5,5632,1024,0.319595,83780,178364,83780,0,0,0
00f6ea010b008e7b3635910a13b165a5,6144,1024,0.119385,31296,230848,31296,0,0,0
00f6ea010b008e7b3635910a13b165a5,6144,1536,0.107895,28284,233860,28284,0,0,0
00f6ea010b008e7b3635910a13b165a5,6656,1536,0.037674,9876,252268,9876,0,0,0
00f6ea010b008e7b3635910a13b165a5,7680,1536,0.045109,11825,250319,0,11825,0,0
00f6ea010b008e7b3635910a13b165a5,5120,2048,0.099812,26165,235979,26165,0,0,0
00f6ea010b008e7b3635910a13b165a5,5632,2048,0.248436,65126,197018,65126,0,0,0
00f6ea010b008e7b3635910a13b165a5,6144,2048,0.164299,43070,219074,43070,0,0,0
00f6ea010b008e7b3635910a13b165a5,7168,2048,0.029911,7841,254303,0,7841,0,0
00f6ea010b008e7b3635910a13b165a5,7680,2048,0.161175,42251,219893,0,42251,0,0
00f6ea010b008e7b3635910a13b165a5,4608,2560,0.043762,11472,250672,11472,0,0,0
00f6ea010b008e7b3635910a13b165a5,5120,2560,0.068729,18017,244127,18017,0,0,0
00f6ea010b008e7b3635910a13b165a5,5632,2560,0.24054,63056,199088,30112,32944,0,0
00f6ea010b008e7b3635910a13b165a5,6144,2560,0.111343,29188,232956,26180,3008,0,0
00f6ea010b008e7b3635910a13b165a5,4608,3072,0.044548,11678,250466,11678,0,0,0
00f6ea010b008e7b3635910a13b165a5,5120,3072,0.066502,17433,244711,0,17433,0,0
00f6ea010b008e7b3635910a13b165a5,5632,3072,0.101673,26653,235491,0,26653,0,0
00f6ea010b008e7b3635910a13b165a5,5120,3584,0.017647,4626,257518,0,4626,0,0
00f6ea010b008e7b3635910a13b165a5,5632,3584,0.127007,33294,228850,0,33294,0,0
00f6ea010b008e7b3635910a13b165a5,3584,4096,0.267517,70128,192016,0,70128,0,0
00f6ea010b008e7b3635910a13b165a5,4096,4096,0.411633,107907,154237,0,105086,2821,0
00f6ea010b008e7b3635910a13b165a5,4608,4096,0.213024,55843,206301,0,55843,0,0
00f6ea010b008e7b3635910a13b165a5,3072,4608,0.018845,4940,257204,0,4940,0,0
00f6ea010b008e7b3635910a13b165a5,3584,4608,0.490932,128695,133449,0,128695,0,0
00f6ea010b008e7b3635910a13b165a5,4096,4608,0.76696,201054,61090,0,201054,0,0
00f6ea010b008e7b3635910a13b165a5,4608,4608,0.402012,105385,156759,0,105385,0,0
00f6ea010b008e7b3635910a13b165a5,3072,5120,0.450439,118080,144064,0,118080,0,0
00f6ea010b008e7b3635910a13b165a5,3584,5120,0.666882,174819,87325,0,174819,0,0
00f6ea010b008e7b3635910a13b165a5,4096,5120,0.469521,123082,139062,0,123082,0,0
00f6ea010b008e7b3635910a13b165a5,4608,5120,0.070412,18458,243686,0,18458,0,0
00f6ea010b008e7b3635910a13b165a5,2560,5632,0.142933,37469,224675,0,37469,0,0
00f6ea010b008e7b3635910a13b165a5,3072,5632,0.554741,145422,116722,0,145422,0,0
00f6ea010b008e7b3635910a13b165a5,3584,5632,0.471077,123490,138654,0,123490,0,0
00f6ea010b008e7b3635910a13b165a5,4096,5632,0.358707,94033,168111,0,94033,0,0
00f6ea010b008e7b3635910a13b165a5,2048,6144,0.168201,44093,218051,0,44093,0,0
00f6ea010b008e7b3635910a13b165a5,2560,6144,0.498962,130800,131344,0,130800,0,0
00f6ea010b008e7b3635910a13b165a5,3072,6144,0.664394,174167,87977,0,174167,0,0
00f6ea010b008e7b3635910a13b165a5,3584,6144,0.136673,35828,226316,0,35828,0,0
00f6ea010b008e7b3635910a13b165a5,1536,6656,0.092148,24156,237988,0,24156,0,0
00f6ea010b008e7b3635910a13b165a5,2048,6656,0.436867,114522,147622,0,114522,0,0
00f6ea010b008e7b3635910a13b165a5,2560,6656,0.760468,199352,62792,0,199352,0,0
00f6ea010b008e7b3635910a13b165a5,3072,6656,0.535507,140380,121764,0,140380,0,0
00f6ea010b008e7b3635910a13b165a5,3584,6656,0.074188,19448,242696,0,19448,0,0
00f6ea010b008e7b3635910a13b165a5,1536,7168,0.247265,64819,197325,0,64819,0,0
00f6ea010b008e7b3635910a13b165a5,2048,7168,0.455814,119489,142655,0,119489,0,0
00f6ea010b008e7b3635910a13b165a5,2560,7168,0.625641,164008,98136,0,164008,0,0
00f6ea010b008e7b3635910a13b165a5,3072,7168,0.034027,8920,253224,0,8920,0,0
00f6ea010b008e7b3635910a13b165a5,1024,7680,0.065506,17172,244972,0,17172,0,0
00f6ea010b008e7b3635910a13b165a5,1536,7680,0.095562,25051,237093,0,25051,0,0
00f6ea010b008e7b3635910a13b165a5,2048,7680,0.204094,53502,208642,0,53502,0,0
00f6ea010b008e7b3635910a13b165a5,2560,7680,0.205944,53987,208157,0,53987,0,0
00f6ea010b008e7b3635910a13b165a5,1024,8192,0.180588,47340,214804,0,47340,0,0
00f6ea010b008e7b3635910a13b165a5,1536,8192,0.733486,192279,69865,0,192279,0,0
00f6ea010b008e7b3635910a13b165a5,2048,8192,0.405178,106215,155929,0,106215,0,0
00f6ea010b008e7b3635910a13b165a5,2560,8192,0.043003,11273,250871,0,11273,0,0
00f6ea010b008e7b3635910a13b165a5,1536,8704,0.180641,47354,214790,0,47354,0,0
00f6ea010b008e7b3635910a13b165a5,2048,8704,0.581245,152370,109774,0,152370,0,0
00f6ea010b008e7b3635910a13b165a5,2560,8704,0.067726,17754,244390,0,17754,0,0
00f6ea010b008e7b3635910a13b165a5,1536,9216,0.204399,53582,208562,0,53582,0,0
00f6ea010b008e7b3635910a13b165a5,2048,9216,0.461796,121057,141087,0,121057,0,0
00f6ea010b008e7b3635910a13b165a5,2560,9216,0.054619,14318,247826,0,14318,0,0
00f6ea010b008e7b3635910a13b165a5,1024,9728,0.011166,2927,259217,0,2927,0,0
00f6ea010b008e7b3635910a13b165a5,1536,9728,0.027466,7200,254944,0,7200,0,0
00f6ea010b008e7b3635910a13b165a5,1024,10240,0.028984,7598,254546,0,7598,0,0
00f6ea010b008e7b3635910a13b165a5,1536,10240,0.415276,108862,153282,0,108862,0,0
00f6ea010b008e7b3635910a13b165a5,2048,10240,0.249321,65358,196786,0,65358,0,0
00f6ea010b008e7b3635910a13b165a5,2560,10240,0.077583,20338,241806,0,20338,0,0
00f6ea010b008e7b3635910a13b165a5,1024,10752,0.051777,13573,248571,0,13573,0,0
00f6ea010b008e7b3635910a13b165a5,1536,10752,0.28244,74040,188104,0,58591,15449,0
00f6ea010b008e7b3635910a13b165a5,2048,10752,0.298405,78225,183919,0,61574,16651,0
00f6ea010b008e7b3635910a13b165a5,2560,10752,0.050167,13151,248993,0,12499,652,0
00f6ea010b008e7b3635910a13b165a5,1536,11264,0.770351,201943,60201,0,201943,0,0
00f6ea010b008e7b3635910a13b165a5,2048,11264,0.462219,121168,140976,0,115428,5740,0
00f6ea010b008e7b3635910a13b165a5,2560,11264,0.039505,10356,251788,0,0,10356,0
00f6ea010b008e7b3635910a13b165a5,1024,11776,0.10355,27145,234999,0,27145,0,0
00f6ea010b008e7b3635910a13b165a5,1536,11776,0.720768,188945,73199,0,188945,0,0
00f6ea010b008e7b3635910a13b165a5,2048,11776,0.328705,86168,175976,0,86168,0,0
00f6ea010b008e7b3635910a13b165a5,2560,11776,0.054695,14338,247806,0,14338,0,0
00f6ea010b008e7b3635910a13b165a5,1024,12288,0.05814,15241,246903,0,15241,0,0
00f6ea010b008e7b3635910a13b165a5,1536,12288,0.831871,218070,44074,0,218070,0,0
00f6ea010b008e7b3635910a13b165a5,2048,12288,0.531582,139351,122793,0,139351,0,0
00f6ea010b008e7b3635910a13b165a5,2560,12288,0.103912,27240,234904,0,27240,0,0
00f6ea010b008e7b3635910a13b165a5,1024,12800,0.026642,6984,255160,0,6984,0,0
00f6ea010b008e7b3635910a13b165a5,1536,12800,0.541859,142045,120099,0,142045,0,0
00f6ea010b008e7b3635910a13b165a5,2048,12800,0.225414,59091,203053,0,59091,0,0
00f6ea010b008e7b3635910a13b165a5,2560,12800,0.032318,8472,253672,0,8472,0,0
00f6ea010b008e7b3635910a13b165a5,1536,13312,0.245586,64379,197765,0,55996,8383,0
00f6ea010b008e7b3635910a13b165a5,2048,13312,0.321049,84161,177983,0,77306,6855,0
00f6ea010b008e7b3635910a13b165a5,1536,13824,0.012821,3361,258783,0,3361,0,0
00f6ea010b008e7b3635910a13b165a5,2048,13824,0.132603,34761,227383,0,34761,0,0
00f6ea010b008e7b3635910a13b165a5,2560,13824,0.026161,6858,255286,0,221,6637,0
00f6ea010b008e7b3635910a13b165a5,2048,14336,0.032146,8427,253717,0,0,8427,0
00f6ea010b008e7b3635910a13b165a5,512,14848,0.062569,16402,245742,0,0,16402,0
00f6ea010b008e7b3635910a13b165a5,1024,14848,0.176273,46209,215935,0,0,46209,0
00f6ea010b008e7b3635910a13b165a5,2560,16896,0.314175,82359,179785,0,82359,0,0
00f6ea010b008e7b3635910a13b165a5,3072,16896,0.069523,18225,243919,0,18225,0,0
010670e9572e67e5a7e00fb791a343ef,512,0,0.028915,7580,254564,0,0,7580,0
010670e9572e67e5a7e00fb791a343ef,512,512,0.851364,223180,38964,0,0,223180,0
010670e9572e67e5a7e00fb791a343ef,1024,512,0.668957,175363,86781,0,0,175363,0
010670e9572e67e5a7e00fb791a343ef,512,1024,0.271454,71160,190984,0,0,71160,0
010670e9572e67e5a7e00fb791a343ef,1024,1024,0.670601,175794,86350,0,0,175794,0
010670e9572e67e5a7e00fb791a343ef,1536,1024,0.344788,90384,171760,0,0,90384,0
010670e9572e67e5a7e00fb791a343ef,512,1536,0.369442,96847,165297,0,0,96847,0
010670e9572e67e5a7e00fb791a343ef,1024,1536,0.761238,199554,62590,0,0,199554,0
010670e9572e67e5a7e00fb791a343ef,1536,1536,0.289413,75868,186276,0,0,75868,0
010670e9572e67e5a7e00fb791a343ef,512,2048,0.404957,106157,155987,0,0,106157,0
010670e9572e67e5a7e00fb791a343ef,1024,2048,0.556393,145855,116289,0,16394,116908,12553
010670e9572e67e5a7e00fb791a343ef,1536,2048,0.55619,145802,116342,0,29943,115859,0
010670e9572e67e5a7e00fb791a343ef,2048,2048,0.043621,11435,250709,0,0,11435,0
010670e9572e67e5a7e00fb791a343ef,0,2560,0.093922,24621,237523,0,0,24621,0
010670e9572e67e5a7e00fb791a343ef,512,2560,0.608589,159538,102606,0,0,159538,0
010670e9572e67e5a7e00fb791a343ef,1024,2560,0.742935,194756,67388,0,36321,152806,5629
010670e9572e67e5a7e00fb791a343ef,1536,2560,0.406597,106587,155557,0,22910,78026,5651
010670e9572e67e5a7e00fb791a343ef,0,3072,0.299923,78623,183521,0,0,78623,0
010670e9572e67e5a7e00fb791a343ef,512,3072,1.0,262144,0,0,0,262144,0
010670e9572e67e5a7e00fb791a343ef,1024,3072,0.413609,108425,153719,0,14277,94148,0
010670e9572e67e5a7e00fb791a343ef,1536,3072,0.323738,84866,177278,0,0,84866,0
010670e9572e67e5a7e00fb791a343ef,0,3584,0.162895,42702,219442,0,0,42702,0
010670e9572e67e5a7e00fb791a343ef,512,3584,0.705116,184842,77302,0,8987,175855,0
010670e9572e67e5a7e00fb791a343ef,1024,3584,0.375607,98463,163681,0,17108,81355,0
010670e9572e67e5a7e00fb791a343ef,1536,3584,0.903557,236862,25282,0,34318,202544,0
010670e9572e67e5a7e00fb791a343ef,2048,3584,0.169579,44454,217690,0,3467,40987,0
010670e9572e67e5a7e00fb791a343ef,512,4096,0.1082,28364,233780,0,0,28364,0
010670e9572e67e5a7e00fb791a343ef,1024,4096,0.388805,101923,160221,0,18455,83468,0
010670e9572e67e5a7e00fb791a343ef,1536,4096,0.259254,67962,194182,0,57,67905,0
010670e9572e67e5a7e00fb791a343ef,2048,4096,0.343712,90102,172042,0,0,90102,0
010670e9572e67e5a7e00fb791a343ef,1024,4608,0.143448,37604,224540,0,8873,9059,19672
010670e9572e67e5a7e00fb791a343ef,1536,4608,0.302044,79179,182965,0,61432,14349,3398
010670e9572e67e5a7e00fb791a343ef,2048,4608,0.050468,13230,248914,0,13230,0,0
010670e9572e67e5a7e00fb791a343ef,1024,5120,0.213268,55907,206237,0,32119,23788,0
010670e9572e67e5a7e00fb791a343ef,1536,5120,0.290905,76259,185885,0,61574,14685,0
010670e9572e67e5a7e00fb791a343ef,2048,5120,0.049522,12982,249162,0,12982,0,0
010670e9572e67e5a7e00fb791a343ef,1024,5632,0.070168,18394,243750,0,13780,4614,0
010670e9572e67e5a7e00fb791a343ef,1536,5632,0.35643,93436,168708,0,46865,46571,0
010670e9572e67e5a7e00fb791a343ef,2048,5632,0.057278,15015,247129,0,15015,0,0
010670e9572e67e5a7e00fb791a343ef,1024,6144,0.182629,47875,214269,0,23866,2324,21685
010670e9572e67e5a7e00fb791a343ef,1536,6144,0.172668,45264,216880,0,7952,24211,13101
010670e9572e67e5a7e00fb791a343ef,2048,6144,0.129677,33994,228150,0,18794,4997,10203
010670e9572e67e5a7e00fb791a343ef,1024,6656,0.435429,114145,147999,0,0,113245,900
010670e9572e67e5a7e00fb791a343ef,1536,6656,0.319614,83785,178359,0,7743,50148,25894
010670e9572e67e5a7e00fb791a343ef,2048,6656,0.290668,76197,185947,0,19508,42597,14092
010670e9572e67e5a7e00fb791a343ef,512,7168,0.014549,3814,258330,0,3812,2,0
010670e9572e67e5a7e00fb791a343ef,1024,7168,0.673569,176572,85572,0,10822,165750,0
010670e9572e67e5a7e00fb791a343ef,1536,7168,0.851501,223216,38928,0,0,223216,0
010670e9572e67e5a7e00fb791a343ef,2048,7168,0.292263,76615,185529,0,9178,67437,0
010670e9572e67e5a7e00fb791a343ef,512,7680,0.062424,16364,245780,0,0,16364,0
010670e9572e67e5a7e00fb791a343ef,1024,7680,0.834045,218640,43504,0,0,218640,0
010670e9572e67e5a7e00fb791a343ef,1536,7680,0.938679,246069,16075,0,0,246069,0
010670e9572e67e5a7e00fb791a343ef,2048,7680,0.710461,186243,75901,0,0,185431,812
010670e9572e67e5a7e00fb791a343ef,512,8192,0.038818,10176,251968,0,0,10176,0
010670e9572e67e5a7e00fb791a343ef,1024,8192,0.635864,166688,95456,0,0,165993,695
010670e9572e67e5a7e00fb791a343ef,1536,8192,0.485115,127170,134974,0,0,64604,62566
010670e9572e67e5a7e00fb791a343ef,2048,8192,0.25922,67953,194191,0,0,16162,51791
010670e9572e67e5a7e00fb791a343ef,1024,8704,0.20715,54303,207841,0,53095,61,1147
010670e9572e67e5a7e00fb791a343ef,1536,8704,0.160736,42136,220008,0,942,13823,27371
010670e9572e67e5a7e00fb791a343ef,2048,8704,0.408432,107068,155076,0,0,94196,12872
010670e9572e67e5a7e00fb791a343ef,1024,9216,0.07172,18801,243343,0,18801,0,0
010670e9572e67e5a7e00fb791a343ef,1536,9216,0.18882,49498,212646,0,12112,24752,12634
010670e9572e67e5a7e00fb791a343ef,2048,9216,0.811211,212654,49490,0,32399,180255,0
010670e9572e67e5a7e00fb791a343ef,1024,9728,0.132301,34682,227462,0,0,0,34682
010670e9572e67e5a7e00fb791a343ef,1536,9728,0.569607,149319,112825,0,23680,15,125624
010670e9572e67e5a7e00fb791a343ef,2048,9728,0.296154,77635,184509,0,28826,29437,19372
010670e9572e67e5a7e00fb791a343ef,1024,10240,0.363903,95395,166749,0,0,60395,35000
010670e9572e67e5a7e00fb791a343ef,1536,10240,0.750278,196681,65463,0,0,159078,37603
010670e9572e67e5a7e00fb791a343ef,2048,10240,0.859795,225390,36754,0,0,225264,126
010670e9572e67e5a7e00fb791a343ef,2560,10240,0.090027,23600,238544,0,0,23600,0
010670e9572e67e5a7e00fb791a343ef,1024,10752,0.277252,72680,189464,0,0,72680,0
010670e9572e67e5a7e00fb791a343ef,1536,10752,0.569702,149344,112800,0,0,149344,0
010670e9572e67e5a7e00fb791a343ef,2048,10752,0.377533,98968,163176,0,0,88236,10732
010670e9572e67e5a7e00fb791a343ef,2560,10752,0.037788,9906,252238,0,0,9906,0
010670e9572e67e5a7e00fb791a343ef,1024,11264,0.021091,5529,256615,0,0,5529,0
010670e9572e67e5a7e00fb791a343ef,1536,11264,0.054523,14293,247851,0,0,6077,8216
010670e9572e67e5a7e00fb791a343ef,2048,11264,0.239204,62706,199438,0,0,0,62706
010670e9572e67e5a7e00fb791a343ef,1536,11776,0.020676,5420,256724,0,0,5420,0
010670e9572e67e5a7e00fb791a343ef,2048,11776,0.10154,26618,235526,0,26618,0,0
010670e9572e67e5a7e00fb791a343ef,2560,11776,0.11533,30233,231911,0,21349,8884,0
010670e9572e67e5a7e00fb791a343ef,1536,12288,0.064175,16823,245321,0,16823,0,0
010670e9572e67e5a7e00fb791a343ef,2048,12288,0.25658,67261,194883,14929,52332,0,0
010670e9572e67e5a7e00fb791a343ef,2560,12288,0.152153,39886,222258,0,28466,11420,0
010670e9572e67e5a7e00fb791a343ef,1536,12800,0.013264,3477,258667,0,3477,0,0
010670e9572e67e5a7e00fb791a343ef,2048,12800,0.440563,115491,146653,0,99709,15782,0
010670e9572e67e5a7e00fb791a343ef,2560,12800,0.080891,21205,240939,0,20738,467,0
010670e9572e67e5a7e00fb791a343ef,2048,13312,0.074135,19434,242710,0,0,12948,6486
010670e9572e67e5a7e00fb791a343ef,2560,13312,0.232357,60911,201233,0,0,60911,0
010670e9572e67e5a7e00fb791a343ef,1536,13824,0.160469,42066,220078,0,0,29860,12206
010670e9572e67e5a7e00fb791a343ef,2048,13824,0.330048,86520,175624,0,0,67746,18774
010670e9572e67e5a7e00fb791a343ef,2560,13824,0.299751,78578,183566,0,0,77568,1010
010670e9572e67e5a7e00fb791a343ef,1536,14336,0.365543,95825,166319,0,0,49268,46557
010670e9572e67e5a7e00fb791a343ef,2048,14336,0.514168,134786,127358,0,0,134786,0
010670e9572e67e5a7e00fb791a343ef,2560,14336,0.39502,103552,158592,0,0,88492,15060
010670e9572e67e5a7e00fb791a343ef,3072,14336,0.133259,34933,227211,0,0,34933,0
010670e9572e67e5a7e00fb791a343ef,1536,14848,0.175594,46031,216113,0,0,46031,0
010670e9572e67e5a7e00fb791a343ef,2048,14848,0.562302,147404,114740,0,0,147404,0
010670e9572e67e5a7e00fb791a343ef,2560,14848,0.72892,191082,71062,0,0,185179,5903
010670e9572e67e5a7e00fb791a343ef,3072,14848,0.38765,101620,160524,0,0,101620,0
010670e9572e67e5a7e00fb791a343ef,1536,15360,0.121025,31726,230418,0,0,31682,44
010670e9572e67e5a7e00fb791a343ef,2048,15360,0.4846,127035,135109,0,0,117273,9762
010670e9572e67e5a7e00fb791a343ef,2560,15360,0.79744,209044,53100,0,0,209044,0
010670e9572e67e5a7e00fb791a343ef,3072,15360,0.5718,149894,112250,0,0,149894,0
010670e9572e67e5a7e00fb791a343ef,1536,15872,0.04924,12908,249236,0,0,0,12908
010670e9572e67e5a7e00fb791a343ef,2048,15872,0.25433,66671,195473,0,0,13828,52843
010670e9572e67e5a7e00fb791a343ef,2560,15872,0.580654,152215,109929,0,0,152215,0
010670e9572e67e5a7e00fb791a343ef,3072,15872,0.482559,126500,135644,0,0,126500,0
010670e9572e67e5a7e00fb791a343ef,2048,16384,0.108231,28372,233772,0,0,0,28372
010670e9572e67e5a7e00fb791a343ef,2560,16384,0.186424,48870,213274,0,0,48870,0
010670e9572e67e5a7e00fb791a343ef,3072,16384,0.27393,71809,190335,0,0,71809,0
010670e9572e67e5a7e00fb791a343ef,2048,16896,0.167023,43784,218360,0,5825,15624,22335
010670e9572e67e5a7e00fb791a343ef,2560,16896,0.170063,44581,217563,0,7405,32706,4470
010670e9572e67e5a7e00fb791a343ef,3072,16896,0.450459,118085,144059,0,0,118085,0
010670e9572e67e5a7e00fb791a343ef,2048,17408,0.317986,83358,178786,0,83358,0,0
010670e9572e67e5a7e00fb791a343ef,2560,17408,0.3046,79849,182295,0,40199,39650,0
010670e9572e67e5a7e00fb791a343ef,3072,17408,0.587257,153946,108198,0,9169,144777,0
010670e9572e67e5a7e00fb791a343ef,3584,17408,0.114681,30063,232081,0,0,30063,0
010670e9572e67e5a7e00fb791a343ef,2048,17920,0.153172,40153,221991,0,12980,5381,21792
010670e9572e67e5a7e00fb791a343ef,2560,17920,0.235332,61691,200453,0,4920,56771,0
010670e9572e67e5a7e00fb791a343ef,3072,17920,0.482765,126554,135590,0,16918,109636,0
010670e9572e67e5a7e00fb791a343ef,3584,17920,0.223606,58617,203527,0,53227,5390,0
010670e9572e67e5a7e00fb791a343ef,2048,18432,0.015396,4036,258108,0,6,4030,0
010670e9572e67e5a7e00fb791a343ef,2560,18432,0.200321,52513,209631,0,12921,26709,12883
010670e9572e67e5a7e00fb791a343ef,3072,18432,0.032772,8591,253553,0,1139,7445,7
010670e9572e67e5a7e00fb791a343ef,3584,18432,0.379791,99560,162584,0,0,96113,3447
010670e9572e67e5a7e00fb791a343ef,2048,18944,0.100658,26387,235757,0,0,0,26387
010670e9572e67e5a7e00fb791a343ef,2560,18944,0.572868,150174,111970,0,65006,0,85168
010670e9572e67e5a7e00fb791a343ef,3072,18944,0.520645,136484,125660,0,19694,22121,94669
010670e9572e67e5a7e00fb791a343ef,3584,18944,0.319706,83809,178335,0,0,50754,33055
010670e9572e67e5a7e00fb791a343ef,2048,19456,0.171223,44885,217259,0,0,30369,14516
010670e9572e67e5a7e00fb791a343ef,2560,19456,0.696804,182663,79481,0,0,119390,63273
010670e9572e67e5a7e00fb791a343ef,3072,19456,0.74828,196157,65987,0,16070,66813,113274
010670e9572e67e5a7e00fb791a343ef,3584,19456,0.495003,129762,132382,0,0,14103,115659
010670e9572e67e5a7e00fb791a343ef,2048,19968,0.022991,6027,256117,0,6027,0,0
010670e9572e67e5a7e00fb791a343ef,2560,19968,0.699421,183349,78795,0,112141,71208,0
010670e9572e67e5a7e00fb791a343ef,3072,19968,0.354179,92846,169298,0,25606,52408,14832
010670e9572e67e5a7e00fb791a343ef,3584,19968,0.456604,119696,142448,0,0,119696,0
010670e9572e67e5a7e00fb791a343ef,2560,20480,0.371296,97333,164811,0,58668,38665,0
010670e9572e67e5a7e00fb791a343ef,3072,20480,0.484596,127034,135110,0,123930,2964,140
010670e9572e67e5a7e00fb791a343ef,3584,20480,0.620564,162677,99467,0,102338,30895,29444
010670e9572e67e5a7e00fb791a343ef,4096,20480,0.020733,5435,256709,0,0,2568,2867
010670e9572e67e5a7e00fb791a343ef,2560,20992,0.590557,154811,107333,0,79786,41944,33081
010670e9572e67e5a7e00fb791a343ef,3072,20992,0.626881,164333,97811,0,164333,0,0
010670e9572e67e5a7e00fb791a343ef,3584,20992,0.32785,85944,176200,0,55756,28185,2003
010670e9572e67e5a7e00fb791a343ef,4096,20992,0.125576,32919,229225,0,0,32088,831
010670e9572e67e5a7e00fb791a343ef,2560,21504,0.392803,102971,159173,0,86480,11412,5079
010670e9572e67e5a7e00fb791a343ef,3072,21504,0.505783,132588,129556,0,55672,76916,0
010670e9572e67e5a7e00fb791a343ef,3584,21504,0.356228,93383,168761,0,57715,35668,0
010670e9572e67e5a7e00fb791a343ef,4096,21504,0.102501,26870,235274,0,7042,19828,0
010670e9572e67e5a7e00fb791a343ef,3072,22016,0.289459,75880,186264,0,12858,63022,0
010670e9572e67e5a7e00fb791a343ef,3584,22016,0.166752,43713,218431,0,9287,23033,11393
010670e9572e67e5a7e00fb791a343ef,4096,22016,0.206806,54213,207931,0,49835,4378,0
010670e9572e67e5a7e00fb791a343ef,3072,22528,0.016476,4319,257825,0,0,4319,0
010670e9572e67e5a7e00fb791a343ef,3584,22528,0.443676,116307,145837,0,0,116307,0
010670e9572e67e5a7e00fb791a343ef,4096,22528,0.788887,206802,55342,0,0,206802,0
010670e9572e67e5a7e00fb791a343ef,4608,22528,0.072594,19030,243114,0,0,19030,0
010670e9572e67e5a7e00fb791a343ef,3072,23040,0.471649,123640,138504,0,0,123640,0
010670e9572e67e5a7e00fb791a343ef,3584,23040,1.0,262144,0,0,0,262144,0
010670e9572e67e5a7e00fb791a343ef,4096,23040,1.0,262144,0,0,0,262144,0
010670e9572e67e5a7e00fb791a343ef,4608,23040,0.368149,96508,165636,0,0,96508,0
010670e9572e67e5a7e00fb791a343ef,3072,23552,0.333439,87409,174735,0,0,87409,0
010670e9572e67e5a7e00fb791a343ef,3584,23552,0.986408,258581,3563,0,0,258581,0
010670e9572e67e5a7e00fb791a343ef,4096,23552,0.959408,251503,10641,0,0,251503,0
010670e9572e67e5a7e00fb791a343ef,4608,23552,0.565357,148205,113939,0,0,148205,0
010670e9572e67e5a7e00fb791a343ef,3072,24064,0.062019,16258,245886,0,0,16258,0
010670e9572e67e5a7e00fb791a343ef,3584,24064,0.939007,246155,15989,0,0,246155,0
010670e9572e67e5a7e00fb791a343ef,4096,24064,0.984718,258138,4006,0,0,258138,0
010670e9572e67e5a7e00fb791a343ef,4608,24064,0.827053,216807,45337,0,0,216807,0
010670e9572e67e5a7e00fb791a343ef,5120,24064,0.011017,2888,259256,0,0,2888,0
010670e9572e67e5a7e00fb791a343ef,3584,24576,0.831837,218061,44083,0,0,218061,0
010670e9572e67e5a7e00fb791a343ef,4096,24576,0.82542,216379,45765,0,0,216379,0
010670e9572e67e5a7e00fb791a343ef,3584,25088,0.307453,80597,181547,0,0,80597,0
010670e9572e67e5a7e00fb791a343ef,4096,25088,0.198414,52013,210131,0,0,52013,0
010dea54bfd0a4a1eb1c0719949bb4a4,1536,512,0.04771,12507,249637,0,0,0,12507
010dea54bfd0a4a1eb1c0719949bb4a4,2048,512,0.270721,70968,191176,0,0,0,70968
010dea54bfd0a4a1eb1c0719949bb4a4,1536,1024,0.484436,126992,135152,0,0,0,126992
010dea54bfd0a4a1eb1c0719949bb4a4,2048,1024,0.68478,179511,82633,0,0,0,179511
010dea54bfd0a4a1eb1c0719949bb4a4,5632,1024,0.023136,6065,256079,6065,0,0,0
010dea54bfd0a4a1eb1c0719949bb4a4,31232,1024,0.047718,12509,249635,12509,0,0,0
010dea54bfd0a4a1eb1c0719949bb4a4,31744,1024,0.370377,97092,165052,97092,0,0,0
010dea54bfd0a4a1eb1c0719949bb4a4,2048,1536,0.17664,46305,215839,0,0,0,46305
010dea54bfd0a4a1eb1c0719949bb4a4,3072,1536,0.088837,23288,238856,0,0,10984,12304
010dea54bfd0a4a1eb1c0719949bb4a4,6144,1536,0.012547,3289,258855,0,0,3289,0
010dea54bfd0a4a1eb1c0719949bb4a4,6656,1536,0.045124,11829,250315,0,0,11829,0
010dea54bfd0a4a1eb1c0719949bb4a4,8704,1536,0.182732,47902,214242,0,0,0,47902
010dea54bfd0a4a1eb1c0719949bb4a4,9216,1536,0.183228,48032,214112,0,0,0,48032
010dea54bfd0a4a1eb1c0719949bb4a4,9728,1536,0.183563,48120,214024,0,0,0,48120
010dea54bfd0a4a1eb1c0719949bb4a4,10240,1536,0.29063,76187,185957,0,0,0,76187
010dea54bfd0a4a1eb1c0719949bb4a4,10752,1536,0.123135,32279,229865,0,0,0,32279
010dea54bfd0a4a1eb1c0719949bb4a4,11264,1536,0.127537,33433,228711,0,0,0,33433
010dea54bfd0a4a1eb1c0719949bb4a4,14848,1536,0.068489,17954,244190,0,0,17954,0
010dea54bfd0a4a1eb1c0719949bb4a4,15360,1536,0.197021,51648,210496,0,0,51648,0
010dea54bfd0a4a1eb1c0719949bb4a4,15872,1536,0.076859,20148,241996,0,0,7626,12522
010dea54bfd0a4a1eb1c0719949bb4a4,16384,1536,0.207844,54485,207659,0,0,10891,43594
010dea54bfd0a4a1eb1c0719949bb4a4,16896,1536,0.206039,54012,208132,0,0,0,54012
010dea54bfd0a4a1eb1c0719949bb4a4,17408,1536,0.363605,95317,166827,0,0,0,95317
010dea54bfd0a4a1eb1c0719949bb4a4,17920,1536,0.155693,40814,221330,0,0,0,40814
010dea54bfd0a4a1eb1c0719949bb4a4,21504,1536,0.094585,24795,237349,0,0,0,24795
010dea54bfd0a4a1eb1c0719949bb4a4,22016,1536,0.033501,8782,253362,0,0,0,8782
010dea54bfd0a4a1eb1c0719949bb4a4,31744,1536,0.086246,22609,239535,22609,0,0,0
010dea54bfd0a4a1eb1c0719949bb4a4,3584,2048,0.015774,4135,258009,0,0,0,4135
010dea54bfd0a4a1eb1c0719949bb4a4,4096,2048,0.010471,2745,259399,0,0,0,2745
010dea54bfd0a4a1eb1c0719949bb4a4,4608,2048,0.134983,35385,226759,0,0,0,35385
010dea54bfd0a4a1eb1c0719949bb4a4,5120,2048,0.102531,26878,235266,0,0,0,26878
010dea54bfd0a4a1eb1c0719949bb4a4,7168,2048,0.04324,11335,250809,0,0,11335,0
010dea54bfd0a4a1eb1c0719949bb4a4,8192,2048,0.031059,8142,254002,0,0,0,8142
010dea54bfd0a4a1eb1c0719949bb4a4,8704,2048,0.508389,133271,128873,0,0,0,133271
010dea54bfd0a4a1eb1c0719949bb4a4,9216,2048,0.578682,151698,110446,0,0,0,151698
010dea54bfd0a4a1eb1c0719949bb4a4,9728,2048,0.725616,190216,71928,0,0,0,190216
010dea54bfd0a4a1eb1c0719949bb4a4,10240,2048,0.696297,182530,79614,0,0,0,182530
010dea54bfd0a4a1eb1c0719949bb4a4,10752,2048,0.916027,240131,22013,0,0,0,240131
010dea54bfd0a4a1eb1c0719949bb4a4,11264,2048,0.461517,120984,141160,0,0,0,120984
010dea54bfd0a4a1eb1c0719949bb4a4,11776,2048,0.170174,44610,217534,0,0,43926,684
010dea54bfd0a4a1eb1c0719949bb4a4,12800,2048,0.045036,11806,250338,0,0,11806,0
010dea54bfd0a4a1eb1c0719949bb4a4,13312,2048,0.108334,28399,233745,0,0,28399,0
010dea54bfd0a4a1eb1c0719949bb4a4,13824,2048,0.201923,52933,209211,0,0,52933,0
010dea54bfd0a4a1eb1c0719949bb4a4,14336,2048,0.034023,8919,253225,0,0,0,8919
010dea54bfd0a4a1eb1c0719949bb4a4,14848,2048,0.506702,132829,129315,0,0,132829,0
010dea54bfd0a4a1eb1c0719949bb4a4,15360,2048,0.801628,210142,52002,0,0,210142,0
010dea54bfd0a4a1eb1c0719949bb4a4,15872,2048,0.379105,99380,162764,0,0,99380,0
010dea54bfd0a4a1eb1c0719949bb4a4,16384,2048,0.203362,53310,208834,0,0,4532,48778
010dea54bfd0a4a1eb1c0719949bb4a4,16896,2048,0.912853,239299,22845,0,0,0,239299
010dea54bfd0a4a1eb1c0719949bb4a4,17408,2048,0.962212,252238,9906,0,0,0,252238
010dea54bfd0a4a1eb1c0719949bb4a4,17920,2048,0.290527,76160,185984,0,0,0,76160
010dea54bfd0a4a1eb1c0719949bb4a4,20480,2048,0.141415,37071,225073,0,0,32160,4911
010dea54bfd0a4a1eb1c0719949bb4a4,20992,2048,0.068748,18022,244122,0,0,18022,0
010dea54bfd0a4a1eb1c0719949bb4a4,21504,2048,0.176445,46254,215890,0,0,0,46254
010dea54bfd0a4a1eb1c0719949bb4a4,22016,2048,0.363708,95344,166800,0,0,3184,92160
010dea54bfd0a4a1eb1c0719949bb4a4,22528,2048,0.036793,9645,252499,9398,0,0,247
010dea54bfd0a4a1eb1c0719949bb4a4,24064,2048,0.130089,34102,228042,4544,0,29558,0
010dea54bfd0a4a1eb1c0719949bb4a4,24576,2048,0.045818,12011,250133,855,11156,0,0
010dea54bfd0a4a1eb1c0719949bb4a4,25088,2048,0.035362,9270,252874,0,0,3758,5512
010dea54bfd0a4a1eb1c0719949bb4a4,25600,2048,0.098232,25751,236393,0,25751,0,0
010dea54bfd0a4a1eb1c0719949bb4a4,26624,2048,0.19516,51160,210984,0,0,0,51160
010dea54bfd0a4a1eb1c0719949bb4a4,27648,2048,0.0755,19792,242352,0,2222,15655,1915
010dea54bfd0a4a1eb1c0719949bb4a4,28160,2048,0.176636,46304,215840,0,0,46304,0
010dea54bfd0a4a1eb1c0719949bb4a4,3584,2560,0.092594,24273,237871,0,0,0,24273
010dea54bfd0a4a1eb1c0719949bb4a4,4096,2560,0.354107,92827,169317,0,0,0,92827
010dea54bfd0a4a1eb1c0719949bb4a4,4608,2560,0.296104,77622,184522,0,0,0,77622
010dea54bfd0a4a1eb1c0719949bb4a4,5120,2560,0.374512,98176,163968,0,0,0,98176
010dea54bfd0a4a1eb1c0719949bb4a4,5632,2560,0.114246,29949,232195,0,0,0,29949
010dea54bfd0a4a1eb1c0719949bb4a4,7168,2560,0.049923,13087,249057,0,0,13087,0
010dea54bfd0a4a1eb1c0719949bb4a4,8192,2560,0.117634,30837,231307,0,0,0,30837
010dea54bfd0a4a1eb1c0719949bb4a4,8704,2560,0.489723,128378,133766,0,0,0,128378
010dea54bfd0a4a1eb1c0719949bb4a4,9216,2560,0.822552,215627,46517,0,0,0,215627
010dea54bfd0a4a1eb1c0719949bb4a4,9728,2560,1.0,262144,0,0,0,0,262144
010dea54bfd0a4a1eb1c0719949bb4a4,10240,2560,1.0,262144,0,0,0,0,262144
010dea54bfd0a4a1eb1c0719949bb4a4,10752,2560,1.0,262144,0,0,0,0,262144
010dea54bfd0a4a1eb1c0719949bb4a4,11264,2560,0.648232,169930,92214,0,0,0,169930
010dea54bfd0a4a1eb1c0719949bb4a4,11776,2560,0.015148,3971,258173,0,0,0,3971
010dea54bfd0a4a1eb1c0719949bb4a4,13824,2560,0.133007,34867,227277,0,0,0,34867
010dea54bfd0a4a1eb1c0719949bb4a4,14336,2560,0.172073,45108,217036,0,0,0,45108
010dea54bfd0a4a1eb1c0719949bb4a4,14848,2560,0.152641,40014,222130,0,0,40014,0
010dea54bfd0a4a1eb1c0719949bb4a4,15360,2560,0.460167,120630,141514,0,0,120630,0
010dea54bfd0a4a1eb1c0719949bb4a4,15872,2560,0.434315,113853,148291,0,0,113853,0
010dea54bfd0a4a1eb1c0719949bb4a4,16384,2560,0.189995,49806,212338,0,0,49806,0
010dea54bfd0a4a1eb1c0719949bb4a4,16896,2560,0.279026,73145,188999,0,0,0,73145
010dea54bfd0a4a1eb1c0719949bb4a4,17408,2560,0.198269,51975,210169,0,0,0,51975
010dea54bfd0a4a1eb1c0719949bb4a4,17920,2560,0.188187,49332,212812,0,0,1,49331
010dea54bfd0a4a1eb1c0719949bb4a4,18432,2560,0.253185,66371,195773,0,0,14902,51469
010dea54bfd0a4a1eb1c0719949bb4a4,19456,2560,0.038418,10071,252073,0,0,0,10071
010dea54bfd0a4a1eb1c0719949bb4a4,22016,2560,0.022743,5962,256182,0,0,2464,3498
010dea54bfd0a4a1eb1c0719949bb4a4,24064,2560,0.165062,43270,218874,0,0,43270,0
010dea54bfd0a4a1eb1c0719949bb4a4,24576,2560,0.013332,3495,258649,0,3495,0,0
010dea54bfd0a4a1eb1c0719949bb4a4,25088,2560,0.194008,50858,211286,0,0,18186,32672
010dea54bfd0a4a1eb1c0719949bb4a4,25600,2560,0.039234,10285,251859,0,4689,0,5596
010dea54bfd0a4a1eb1c0719949bb4a4,26112,2560,0.12455,32650,229494,0,806,25096,6748
010dea54bfd0a4a1eb1c0719949bb4a4,26624,2560,0.144127,37782,224362,0,0,10308,27474
010dea54bfd0a4a1eb1c0719949bb4a4,27136,2560,0.058277,15277,246867,0,0,15277,0
010dea54bfd0a4a1eb1c0719949bb4a4,27648,2560,0.233486,61207,200937,0,18901,33278,9028
010dea54bfd0a4a1eb1c0719949bb4a4,28160,2560,0.058002,15205,246939,0,14713,492,0
010dea54bfd0a4a1eb1c0719949bb4a4,4608,3072,0.038288,10037,252107,0,0,0,10037
010dea54bfd0a4a1eb1c0719949bb4a4,5120,3072,0.037018,9704,252440,0,0,0,9704
010dea54bfd0a4a1eb1c0719949bb4a4,8704,3072,0.028786,7546,254598,0,0,0,7546
010dea54bfd0a4a1eb1c0719949bb4a4,9216,3072,0.335896,88053,174091,0,0,0,88053
010dea54bfd0a4a1eb1c0719949bb4a4,9728,3072,0.334629,87721,174423,0,0,0,87721
010dea54bfd0a4a1eb1c0719949bb4a4,10240,3072,0.296787,77801,184343,0,0,0,77801
010dea54bfd0a4a1eb1c0719949bb4a4,10752,3072,0.164181,43039,219105,0,0,0,43039
01227af585a47c16680f927d21a7f06a,1536,3072,0.272873,71532,190612,71532,0,0,0
01227af585a47c16680f927d21a7f06a,512,3584,0.167564,43926,218218,43926,0,0,0
01227af585a47c16680f927d21a7f06a,1024,3584,0.20945,54906,207238,54906,0,0,0
01227af585a47c16680f927d21a7f06a,1536,3584,0.222843,58417,203727,58417,0,0,0
01227af585a47c16680f927d21a7f06a,2048,3584,0.012829,3363,258781,3363,0,0,0
01227af585a47c16680f927d21a7f06a,512,4096,0.174191,45663,216481,45663,0,0,0
01227af585a47c16680f927d21a7f06a,1024,4096,0.437099,114583,147561,114583,0,0,0
01227af585a47c16680f927d21a7f06a,1536,4096,0.516666,135441,126703,135441,0,0,0
01227af585a47c16680f927d21a7f06a,2048,4096,0.051258,13437,248707,13437,0,0,0
01227af585a47c16680f927d21a7f06a,512,4608,0.12886,33780,228364,33780,0,0,0
01227af585a47c16680f927d21a7f06a,1024,4608,0.285496,74841,187303,74841,0,0,0
01227af585a47c16680f927d21a7f06a,1536,4608,0.03458,9065,253079,9065,0,0,0
01227af585a47c16680f927d21a7f06a,512,5120,0.170666,44739,217405,44739,0,0,0
01227af585a47c16680f927d21a7f06a,1024,5120,0.3564,93428,168716,93428,0,0,0
01227af585a47c16680f927d21a7f06a,1536,5120,0.28648,75099,187045,75099,0,0,0
01227af585a47c16680f927d21a7f06a,512,5632,0.118313,31015,231129,31015,0,0,0
01227af585a47c16680f927d21a7f06a,1024,5632,0.277428,72726,189418,72726,0,0,0
01227af585a47c16680f927d21a7f06a,1536,5632,0.111576,29249,232895,29249,0,0,0
01227af585a47c16680f927d21a7f06a,512,6144,0.157761,41356,220788,41356,0,0,0
01227af585a47c16680f927d21a7f06a,1024,6144,0.477592,125198,136946,115150,10048,0,0
01227af585a47c16680f927d21a7f06a,1536,6144,0.259331,67982,194162,66723,1259,0,0
01227af585a47c16680f927d21a7f06a,512,6656,0.147579,38687,223457,0,38687,0,0
01227af585a47c16680f927d21a7f06a,1024,6656,0.339005,88868,173276,0,88868,0,0
01227af585a47c16680f927d21a7f06a,1536,6656,0.119438,31310,230834,31310,0,0,0
01227af585a47c16680f927d21a7f06a,512,7168,0.110435,28950,233194,0,3462,25488,0
01227af585a47c16680f927d21a7f06a,1024,7168,0.524796,137572,124572,127679,4167,5726,0
01227af585a47c16680f927d21a7f06a,1536,7168,0.114178,29931,232213,16495,13436,0,0
01227af585a47c16680f927d21a7f06a,512,7680,0.418369,109673,152471,0,109531,142,0
01227af585a47c16680f927d21a7f06a,1024,7680,0.887669,232697,29447,12689,168702,51306,0
01227af585a47c16680f927d21a7f06a,1536,7680,0.839348,220030,42114,24360,189284,6386,0
01227af585a47c16680f927d21a7f06a,2048,7680,0.054173,14201,247943,0,14201,0,0
01227af585a47c16680f927d21a7f06a,512,8192,0.165077,43274,218870,0,43274,0,0
01227af585a47c16680f927d21a7f06a,1024,8192,0.539291,141372,120772,0,132931,8441,0
01227af585a47c16680f927d21a7f06a,1536,8192,0.381393,99980,162164,0,66186,33794,0
01227af585a47c16680f927d21a7f06a,2048,8192,0.07505,19674,242470,0,11344,8330,0
01227af585a47c16680f927d21a7f06a,512,8704,0.074291,19475,242669,0,19475,0,0
01227af585a47c16680f927d21a7f06a,1024,8704,0.515839,135224,126920,0,135224,0,0
01227af585a47c16680f927d21a7f06a,1536,8704,0.651474,170780,91364,0,143926,26854,0
01227af585a47c16680f927d21a7f06a,2048,8704,0.02383,6247,255897,0,2871,3376,0
01227af585a47c16680f927d21a7f06a,512,9216,0.084839,22240,239904,0,21654,586,0
01227af585a47c16680f927d21a7f06a,1024,9216,0.837082,219436,42708,0,164064,55372,0
01227af585a47c16680f927d21a7f06a,1536,9216,0.782845,205218,56926,0,185676,19542,0
01227af585a47c16680f927d21a7f06a,2048,9216,0.042301,11089,251055,0,11089,0,0
01227af585a47c16680f927d21a7f06a,512,9728,0.04591,12035,250109,0,11888,147,0
01227af585a47c16680f927d21a7f06a,1024,9728,0.514057,134757,127387,39048,77365,18344,0
01227af585a47c16680f927d21a7f06a,1536,9728,0.588268,154211,107933,56178,75918,22115,0
01227af585a47c16680f927d21a7f06a,2048,9728,0.106831,28005,234139,28005,0,0,0
01227af585a47c16680f927d21a7f06a,512,10240,0.101597,26633,235511,0,23650,2983,0
01227af585a47c16680f927d21a7f06a,1024,10240,0.499023,130816,131328,113905,9696,7215,0
01227af585a47c16680f927d21a7f06a,1536,10240,0.616543,161623,100521,122235,34232,5156,0
01227af585a47c16680f927d21a7f06a,2048,10240,0.305748,80150,181994,19556,60594,0,0
01227af585a47c16680f927d21a7f06a,512,10752,0.021786,5711,256433,0,5711,0,0
01227af585a47c16680f927d21a7f06a,1024,10752,0.044365,11630,250514,0,6463,5167,0
01227af585a47c16680f927d21a7f06a,1536,10752,0.372643,97686,164458,0,89609,8077,0
01227af585a47c16680f927d21a7f06a,2048,10752,0.547867,143620,118524,0,143620,0,0
01227af585a47c16680f927d21a7f06a,1024,11264,0.337444,88459,173685,0,88459,0,0
01227af585a47c16680f927d21a7f06a,1536,11264,0.985191,258262,3882,0,258262,0,0
01227af585a47c16680f927d21a7f06a,2048,11264,0.868839,227761,34383,0,227761,0,0
01227af585a47c16680f927d21a7f06a,2560,11264,0.010044,2633,259511,0,2633,0,0
01227af585a47c16680f927d21a7f06a,1536,11776,0.139843,36659,225485,0,36659,0,0
01227af585a47c16680f927d21a7f06a,2048,11776,0.276817,72566,189578,0,72566,0,0
01227af585a47c16680f927d21a7f06a,1536,12288,0.278515,73011,189133,49161,20418,3432,0
01227af585a47c16680f927d21a7f06a,2048,12288,0.193336,50682,211462,0,489,50193,0
01227af585a47c16680f927d21a7f06a,1024,12800,0.026356,6909,255235,0,6909,0,0
01227af585a47c16680f927d21a7f06a,1536,12800,0.421177,110409,151735,2576,104869,2964,0
01227af585a47c16680f927d21a7f06a,2048,12800,0.317722,83289,178855,0,70178,13111,0
01227af585a47c16680f927d21a7f06a,2560,12800,0.106197,27839,234305,0,27839,0,0
01227af585a47c16680f927d21a7f06a,1536,13312,0.062012,16256,245888,0,14292,1964,0
01227af585a47c16680f927d21a7f06a,2048,13312,0.280865,73627,188517,0,63460,10167,0
01227af585a47c16680f927d21a7f06a,2560,13312,0.199467,52289,209855,0,52289,0,0
01227af585a47c16680f927d21a7f06a,2048,13824,0.057339,15031,247113,0,15031,0,0
01227af585a47c16680f927d21a7f06a,2560,13824,0.076523,20060,242084,0,20060,0,0
01227af585a47c16680f927d21a7f06a,3072,13824,0.063263,16584,245560,0,4946,3585,8053
01571191abf6e8e209111e819823759b,23040,1024,0.096245,25230,236914,25230,0,0,0
01571191abf6e8e209111e819823759b,22528,1536,0.145596,38167,223977,38167,0,0,0
01571191abf6e8e209111e819823759b,23040,1536,0.214924,56341,205803,56341,0,0,0
01571191abf6e8e209111e819823759b,23552,1536,0.087303,22886,239258,22886,0,0,0
01571191abf6e8e209111e819823759b,22016,2048,0.214397,56203,205941,56203,0,0,0
01571191abf6e8e209111e819823759b,22528,2048,0.20837,54623,207521,54623,0,0,0
01571191abf6e8e209111e819823759b,22016,2560,0.269882,70748,191396,70748,0,0,0
01571191abf6e8e209111e819823759b,21504,3072,0.044895,11769,250375,11769,0,0,0
01571191abf6e8e209111e819823759b,22016,3072,0.091862,24081,238063,24081,0,0,0
01571191abf6e8e209111e819823759b,8192,3584,0.010311,2703,259441,0,0,2703,0
01571191abf6e8e209111e819823759b,8704,3584,0.072556,19020,243124,0,0,19020,0
01571191abf6e8e209111e819823759b,9216,3584,0.040924,10728,251416,0,0,10728,0
01571191abf6e8e209111e819823759b,10240,3584,0.033775,8854,253290,0,0,8854,0
01571191abf6e8e209111e819823759b,10752,3584,0.240562,63062,199082,0,5932,57130,0
01571191abf6e8e209111e819823759b,11264,3584,0.127556,33438,228706,0,13531,19907,0
01571191abf6e8e209111e819823759b,11776,3584,0.190411,49915,212229,0,0,49915,0
01571191abf6e8e209111e819823759b,12288,3584,0.046532,12198,249946,0,168,12030,0
01571191abf6e8e209111e819823759b,12800,3584,0.1227,32165,229979,0,19830,12335,0
01571191abf6e8e209111e819823759b,13312,3584,0.056717,14868,247276,0,2176,12692,0
01571191abf6e8e209111e819823759b,13824,3584,0.301285,78980,183164,0,25067,53913,0
01571191abf6e8e209111e819823759b,14336,3584,0.2421,63465,198679,0,0,63465,0
01571191abf6e8e209111e819823759b,14848,3584,0.018169,4763,257381,0,0,4763,0
01571191abf6e8e209111e819823759b,21504,3584,0.014862,3896,258248,0,3896,0,0
01571191abf6e8e209111e819823759b,22016,3584,0.026985,7074,255070,0,7074,0,0
01571191abf6e8e209111e819823759b,6656,4096,0.024239,6354,255790,0,0,6354,0
01571191abf6e8e209111e819823759b,7680,4096,0.180157,47227,214917,0,1185,46042,0
01571191abf6e8e209111e819823759b,8192,4096,0.40287,105610,156534,0,0,105610,0
01571191abf6e8e209111e819823759b,8704,4096,0.34742,91074,171070,0,0,91074,0
01571191abf6e8e209111e819823759b,9216,4096,0.613361,160789,101355,0,0,160789,0
01571191abf6e8e209111e819823759b,9728,4096,0.355888,93294,168850,0,351,92943,0
01571191abf6e8e209111e819823759b,10240,4096,0.696487,182580,79564,0,0,179719,2861
01571191abf6e8e209111e819823759b,10752,4096,0.405861,106394,155750,21065,21142,64187,0
01571191abf6e8e209111e819823759b,11264,4096,0.284225,74508,187636,20238,19555,31684,3031
01571191abf6e8e209111e819823759b,11776,4096,0.608822,159599,102545,0,35727,117186,6686
01571191abf6e8e209111e819823759b,12288,4096,0.788559,206716,55428,0,117687,89029,0
01571191abf6e8e209111e819823759b,12800,4096,0.617672,161919,100225,0,90146,71773,0
01571191abf6e8e209111e819823759b,13312,4096,0.494846,129721,132423,0,65413,64308,0
01571191abf6e8e209111e819823759b,13824,4096,0.460743,120781,141363,0,2136,118645,0
01571191abf6e8e209111e819823759b,14336,4096,0.680542,178400,83744,0,0,178400,0
01571191abf6e8e209111e819823759b,14848,4096,0.284328,74535,187609,0,0,74535,0
01571191abf6e8e209111e819823759b,15360,4096,0.194206,50910,211234,0,18880,32030,0
01571191abf6e8e209111e819823759b,15872,4096,0.193085,50616,211528,0,43203,7413,0
01571191abf6e8e209111e819823759b,16384,4096,0.168488,44168,217976,0,8855,35313,0
01571191abf6e8e209111e819823759b,16896,4096,0.323521,84809,177335,0,5911,78898,0
01571191abf6e8e209111e819823759b,17408,4096,0.090652,23764,238380,0,23764,0,0
01571191abf6e8e209111e819823759b,17920,4096,0.071693,18794,243350,0,18794,0,0
01571191abf6e8e209111e819823759b,20992,4096,0.158699,41602,220542,41602,0,0,0
01571191abf6e8e209111e819823759b,21504,4096,0.027054,7092,255052,0,7092,0,0
01571191abf6e8e209111e819823759b,22016,4096,0.429554,112605,149539,71191,41414,0,0
01571191abf6e8e209111e819823759b,22528,4096,0.103607,27160,234984,27160,0,0,0
01571191abf6e8e209111e819823759b,4608,4608,0.221634,58100,204044,0,0,58100,0
01571191abf6e8e209111e819823759b,5120,4608,0.577892,151491,110653,0,0,151491,0
01571191abf6e8e209111e819823759b,5632,4608,0.587425,153990,108154,0,14876,137508,1606
01571191abf6e8e209111e819823759b,6144,4608,0.589622,154566,107578,0,0,150987,3579
01571191abf6e8e209111e819823759b,6656,4608,0.624786,163784,98360,0,1184,162600,0
01571191abf6e8e209111e819823759b,7168,4608,0.492325,129060,133084,0,31235,97825,0
01571191abf6e8e209111e819823759b,7680,4608,0.333786,87500,174644,0,27632,47545,12323
01571191abf6e8e209111e819823759b,8192,4608,0.225666,59157,202987,0,9882,49275,0
01571191abf6e8e209111e819823759b,8704,4608,0.554607,145387,116757,0,13341,132046,0
01571191abf6e8e209111e819823759b,9216,4608,0.526306,137968,124176,0,8603,129365,0
01571191abf6e8e209111e819823759b,9728,4608,0.34985,91711,170433,0,36992,54719,0
01571191abf6e8e209111e819823759b,10240,4608,0.571609,149844,112300,0,0,143707,6137
01571191abf6e8e209111e819823759b,10752,4608,0.465908,122135,140009,810,21408,99917,0
01571191abf6e8e209111e819823759b,11264,4608,0.334179,87603,174541,10699,22093,49453,5358
01571191abf6e8e209111e819823759b,11776,4608,0.217396,56989,205155,0,31796,25193,0
01571191abf6e8e209111e819823759b,12288,4608,0.529812,138887,123257,0,105565,33322,0
01571191abf6e8e209111e819823759b,12800,4608,0.361221,94692,167452,0,35704,58988,0
01571191abf6e8e209111e819823759b,13312,4608,0.289158,75801,186343,0,39373,31489,4939
01571191abf6e8e209111e819823759b,13824,4608,0.198101,51931,210213,0,16075,35856,0
01571191abf6e8e209111e819823759b,14336,4608,0.119694,31377,230767,0,0,31377,0
01571191abf6e8e209111e819823759b,14848,4608,0.814625,213549,48595,0,0,213549,0
01571191abf6e8e209111e819823759b,15360,4608,0.845417,221621,40523,0,0,221621,0
01571191abf6e8e209111e819823759b,15872,4608,0.357941,93832,168312,0,82123,11709,0
01571191abf6e8e209111e819823759b,16384,4608,0.486244,127466,134678,0,107981,19485,0
01571191abf6e8e209111e819823759b,16896,4608,0.164528,43130,219014,0,0,43130,0
01571191abf6e8e209111e819823759b,17408,4608,0.018578,4870,257274,0,3092,1778,0
01571191abf6e8e209111e819823759b,17920,4608,0.124622,32669,229475,0,16444,12299,3926
01571191abf6e8e209111e819823759b,20992,4608,0.226955,59495,202649,59495,0,0,0
01571191abf6e8e209111e819823759b,21504,4608,0.379295,99430,162714,99430,0,0,0
01571191abf6e8e209111e819823759b,22016,4608,0.06535,17131,245013,17131,0,0,0
01571191abf6e8e209111e819823759b,22528,4608,0.179279,46997,215147,46997,0,0,0
01571191abf6e8e209111e819823759b,4096,5120,0.323639,84840,177304,0,0,84840,0
01571191abf6e8e209111e819823759b,4608,5120,0.984417,258059,4085,0,0,258059,0
01571191abf6e8e209111e819823759b,5120,5120,0.983589,257842,4302,0,0,257842,0
01571191abf6e8e209111e819823759b,5632,5120,0.481037,126101,136043,0,0,123875,2226
01571191abf6e8e209111e819823759b,6144,5120,0.482277,126426,135718,0,0,126288,138
01571191abf6e8e209111e819823759b,6656,5120,0.549217,143974,118170,0,5321,138653,0
01571191abf6e8e209111e819823759b,7168,5120,0.433395,113612,148532,0,14708,98904,0
01571191abf6e8e209111e819823759b,7680,5120,0.286884,75205,186939,0,0,75205,0
01571191abf6e8e209111e819823759b,8192,5120,0.044304,11614,250530,0,0,11614,0
01571191abf6e8e209111e819823759b,8704,5120,0.015087,3955,258189,0,0,3955,0
01571191abf6e8e209111e819823759b,9216,5120,0.022156,5808,256336,0,0,5808,0
01571191abf6e8e209111e819823759b,10240,5120,0.015148,3971,258173,0,0,3971,0
01571191abf6e8e209111e819823759b,10752,5120,0.096786,25372,236772,0,0,25372,0
01571191abf6e8e209111e819823759b,14848,5120,0.039326,10309,251835,0,0,10309,0
01571191abf6e8e209111e819823759b,15872,5120,0.023151,6069,256075,0,6069,0,0
01571191abf6e8e209111e819823759b,16384,5120,0.293056,76823,185321,0,55082,21741,0
01571191abf6e8e209111e819823759b,17408,5120,0.169758,44501,217643,0,16042,28459,0
01571191abf6e8e209111e819823759b,20992,5120,0.012436,3260,258884,3260,0,0,0
01571191abf6e8e209111e819823759b,21504,5120,0.445087,116677,145467,116677,0,0,0
01571191abf6e8e209111e819823759b,22016,5120,0.153343,40198,221946,40198,0,0,0
01571191abf6e8e209111e819823759b,3584,5632,0.092506,24250,237894,0,24250,0,0
01571191abf6e8e209111e819823759b,4096,5632,0.305397,80058,182086,0,26628,53430,0
01571191abf6e8e209111e819823759b,4608,5632,0.527393,138253,123891,0,0,84949,53304
01571191abf6e8e209111e819823759b,5120,5632,0.142559,37371,224773,0,4437,26055,6879
01571191abf6e8e209111e819823759b,5632,5632,0.063644,16684,245460,0,1974,11779,2931
01571191abf6e8e209111e819823759b,6144,5632,0.09922,26010,236134,0,0,26010,0
01571191abf6e8e209111e819823759b,6656,5632,0.05077,13309,248835,0,0,13309,0
01571191abf6e8e209111e819823759b,17408,5632,0.01548,4058,258086,0,4058,0,0
01571191abf6e8e209111e819823759b,3072,6144,0.464397,121739,140405,0,0,121739,0
01571191abf6e8e209111e819823759b,3584,6144,0.695492,182319,79825,0,12742,169577,0
01571191abf6e8e209111e819823759b,4096,6144,0.739182,193772,68372,0,0,193772,0
01571191abf6e8e209111e819823759b,4608,6144,0.920002,241173,20971,0,0,241173,0
01571191abf6e8e209111e819823759b,5120,6144,0.128067,33572,228572,0,4593,28979,0
01571191abf6e8e209111e819823759b,2048,6656,0.082375,21594,240550,0,0,21594,0
01571191abf6e8e209111e819823759b,2560,6656,0.398624,104497,157647,0,0,104497,0
01571191abf6e8e209111e819823759b,3072,6656,0.620342,162619,99525,0,0,162619,0
01571191abf6e8e209111e819823759b,3584,6656,0.668728,175303,86841,0,2764,172539,0
01571191abf6e8e209111e819823759b,4096,6656,0.368439,96584,165560,0,346,96238,0
01571191abf6e8e209111e819823759b,4608,6656,0.121208,31774,230370,0,0,31774,0
01571191abf6e8e209111e819823759b,1024,7168,0.295509,77466,184678,0,77466,0,0
01571191abf6e8e209111e819823759b,1536,7168,0.235405,61710,200434,0,61710,0,0
01571191abf6e8e209111e819823759b,2048,7168,0.32563,85362,176782,0,29417,55945,0
01571191abf6e8e209111e819823759b,2560,7168,0.752502,197264,64880,0,0,197264,0
01571191abf6e8e209111e819823759b,3072,7168,0.64711,169636,92508,0,0,169636,0
01571191abf6e8e209111e819823759b,3584,7168,0.155106,40660,221484,0,5369,35291,0
01571191abf6e8e209111e819823759b,1024,7680,0.245464,64347,197797,0,64347,0,0
01571191abf6e8e209111e819823759b,1536,7680,0.071781,18817,243327,0,18817,0,0
01571191abf6e8e209111e819823759b,2560,7680,0.075104,19688,242456,0,0,19688,0
01571191abf6e8e209111e819823759b,3072,7680,0.018261,4787,257357,0,0,4787,0
01571191abf6e8e209111e819823759b,1024,8192,0.099522,26089,236055,0,26089,0,0
01571191abf6e8e209111e819823759b,1536,8192,0.080009,20974,241170,0,20974,0,0
018eabc8f4503ab89d0725b430e4808f,6656,3072,0.396847,104031,158113,0,104031,0,0
018eabc8f4503ab89d0725b430e4808f,7168,3072,0.315109,82604,179540,0,82604,0,0
018eabc8f4503ab89d0725b430e4808f,6144,3584,0.162148,42506,219638,0,42506,0,0
018eabc8f4503ab89d0725b430e4808f,6656,3584,0.670742,175831,86313,0,175831,0,0
018eabc8f4503ab89d0725b430e4808f,7168,3584,0.216831,56841,205303,0,56841,0,0
018eabc8f4503ab89d0725b430e4808f,6144,4096,0.250126,65569,196575,0,62115,3454,0
018eabc8f4503ab89d0725b430e4808f,6656,4096,0.30238,79267,182877,0,44549,34718,0
018eabc8f4503ab89d0725b430e4808f,7168,4096,0.173428,45463,216681,0,44820,643,0
018eabc8f4503ab89d0725b430e4808f,6144,4608,0.207893,54498,207646,0,25102,29396,0
018eabc8f4503ab89d0725b430e4808f,6656,4608,0.379246,99417,162727,0,60504,38913,0
018eabc8f4503ab89d0725b430e4808f,7168,4608,0.526203,137941,124203,0,137941,0,0
018eabc8f4503ab89d0725b430e4808f,6144,5120,0.077244,20249,241895,0,0,20249,0
018eabc8f4503ab89d0725b430e4808f,6656,5120,0.164997,43253,218891,0,3886,39367,0
018eabc8f4503ab89d0725b430e4808f,6656,5632,0.65992,172994,89150,0,141792,31202,0
018eabc8f4503ab89d0725b430e4808f,7168,5632,0.213566,55985,206159,0,55985,0,0
018eabc8f4503ab89d0725b430e4808f,6144,6144,0.075417,19770,242374,0,15720,4050,0
018eabc8f4503ab89d0725b430e4808f,6656,6144,0.314766,82514,179630,0,13432,69082,0
018eabc8f4503ab89d0725b430e4808f,7168,6144,0.033203,8704,253440,0,6117,2587,0
018eabc8f4503ab89d0725b430e4808f,5632,6656,0.086472,22668,239476,22668,0,0,0
018eabc8f4503ab89d0725b430e4808f,6144,6656,0.154808,40582,221562,40582,0,0,0
018eabc8f4503ab89d0725b430e4808f,5120,7168,0.053852,14117,248027,0,14117,0,0
018eabc8f4503ab89d0725b430e4808f,6144,7168,0.1539,40344,221800,40344,0,0,0
018eabc8f4503ab89d0725b430e4808f,6144,7680,0.018936,4964,257180,0,0,4964,0
018eabc8f4503ab89d0725b430e4808f,5120,8192,0.283482,74313,187831,0,74313,0,0
018eabc8f4503ab89d0725b430e4808f,5632,8192,0.410732,107671,154473,0,43261,64410,0
018eabc8f4503ab89d0725b430e4808f,6144,8192,0.145992,38271,223873,0,13611,24660,0
018eabc8f4503ab89d0725b430e4808f,5120,8704,0.429405,112566,149578,0,112566,0,0
018eabc8f4503ab89d0725b430e4808f,5632,8704,0.673103,176450,85694,0,109644,66806,0
018eabc8f4503ab89d0725b430e4808f,6144,8704,0.333576,87445,174699,2975,29854,54616,0
018eabc8f4503ab89d0725b430e4808f,6656,8704,0.01757,4606,257538,4606,0,0,0
018eabc8f4503ab89d0725b430e4808f,5120,9216,0.24202,63444,198700,0,63444,0,0
018eabc8f4503ab89d0725b430e4808f,5632,9216,0.653625,171344,90800,43480,61618,66246,0
018eabc8f4503ab89d0725b430e4808f,6144,9216,0.035152,9215,252929,123,5740,3352,0
018eabc8f4503ab89d0725b430e4808f,6656,9216,0.152115,39876,222268,39876,0,0,0
018eabc8f4503ab89d0725b430e4808f,5632,9728,0.187172,49066,213078,49066,0,0,0
018eabc8f4503ab89d0725b430e4808f,6144,9728,0.227333,59594,202550,59575,19,0,0
018eabc8f4503ab89d0725b430e4808f,6656,9728,0.060261,15797,246347,683,15114,0,0
018eabc8f4503ab89d0725b430e4808f,6144,10240,0.224464,58842,203302,24810,9208,24824,0
018eabc8f4503ab89d0725b430e4808f,6656,10240,0.039345,10314,251830,0,3706,6608,0
018eabc8f4503ab89d0725b430e4808f,6144,10752,0.587845,154100,108044,7069,0,147031,0
018eabc8f4503ab89d0725b430e4808f,6656,10752,0.302475,79292,182852,35054,0,44238,0
018eabc8f4503ab89d0725b430e4808f,6144,11264,0.51561,135164,126980,2262,42106,90796,0
018eabc8f4503ab89d0725b430e4808f,6656,11264,0.347382,91064,171080,2444,79220,9400,0
018eabc8f4503ab89d0725b430e4808f,5632,11776,0.040943,10733,251411,0,0,10733,0
018eabc8f4503ab89d0725b430e4808f,6144,11776,0.493557,129383,132761,0,0,129383,0
018eabc8f4503ab89d0725b430e4808f,6656,11776,0.168518,44176,217968,0,0,44176,0
018eabc8f4503ab89d0725b430e4808f,6144,12288,0.238289,62466,199678,14347,0,48119,0
018eabc8f4503ab89d0725b430e4808f,6656,12288,0.049202,12898,249246,0,7488,5410,0
018eabc8f4503ab89d0725b430e4808f,5632,12800,0.051346,13460,248684,0,9291,4169,0
018eabc8f4503ab89d0725b430e4808f,6144,12800,0.673439,176538,85606,0,137403,39135,0
018eabc8f4503ab89d0725b430e4808f,6656,12800,0.491116,128743,133401,0,71381,57362,0
018eabc8f4503ab89d0725b430e4808f,5632,13312,0.098602,25848,236296,0,0,25848,0
018eabc8f4503ab89d0725b430e4808f,6144,13312,0.711864,186611,75533,0,214,186397,0
018eabc8f4503ab89d0725b430e4808f,6656,13312,0.375034,98313,163831,0,453,97860,0
018eabc8f4503ab89d0725b430e4808f,5632,13824,0.318844,83583,178561,0,0,83583,0
018eabc8f4503ab89d0725b430e4808f,6144,13824,0.986134,258509,3635,0,0,258509,0
018eabc8f4503ab89d0725b430e4808f,6656,13824,0.800552,209860,52284,0,0,209860,0
018eabc8f4503ab89d0725b430e4808f,5632,14336,0.607498,159252,102892,0,0,159252,0
018eabc8f4503ab89d0725b430e4808f,6144,14336,0.967487,253621,8523,0,0,253621,0
018eabc8f4503ab89d0725b430e4808f,6656,14336,0.517971,135783,126361,0,0,135783,0
018eabc8f4503ab89d0725b430e4808f,5632,14848,0.152859,40071,222073,0,0,40071,0
018eabc8f4503ab89d0725b430e4808f,6144,14848,0.529518,138810,123334,0,0,138810,0
018eabc8f4503ab89d0725b430e4808f,6656,14848,0.031769,8328,253816,0,0,8328,0
018eabc8f4503ab89d0725b430e4808f,4096,15360,0.180149,47225,214919,0,14290,32935,0
018eabc8f4503ab89d0725b430e4808f,4608,15360,0.115913,30386,231758,0,1770,28616,0
018eabc8f4503ab89d0725b430e4808f,2560,15872,0.140766,36901,225243,0,0,36901,0
018eabc8f4503ab89d0725b430e4808f,3072,15872,0.355293,93138,169006,0,0,93138,0
018eabc8f4503ab89d0725b430e4808f,3584,15872,0.13501,35392,226752,0,27217,8175,0
018eabc8f4503ab89d0725b430e4808f,4096,15872,0.60141,157656,104488,0,43564,114092,0
018eabc8f4503ab89d0725b430e4808f,4608,15872,0.696606,182611,79533,0,23871,158740,0
018eabc8f4503ab89d0725b430e4808f,512,16384,0.04071,10672,251472,0,10672,0,0
018eabc8f4503ab89d0725b430e4808f,1024,16384,0.036968,9691,252453,0,9691,0,0
018eabc8f4503ab89d0725b430e4808f,1536,16384,0.036446,9554,252590,0,9554,0,0
018eabc8f4503ab89d0725b430e4808f,3072,16384,0.675636,177114,85030,0,0,177114,0
018eabc8f4503ab89d0725b430e4808f,3584,16384,0.279228,73198,188946,0,35689,37509,0
018eabc8f4503ab89d0725b430e4808f,4096,16384,0.44416,116434,145710,0,73461,42973,0
018eabc8f4503ab89d0725b430e4808f,4608,16384,0.045319,11880,250264,0,0,11880,0
018eabc8f4503ab89d0725b430e4808f,1024,16896,0.025085,6576,255568,0,6576,0,0
018eabc8f4503ab89d0725b430e4808f,3072,16896,0.037529,9838,252306,0,0,9838,0
01ad256f991cc99f46f8065cdf0bda01,11264,0,0.043015,11276,250868,0,11276,0,0
01ad256f991cc99f46f8065cdf0bda01,11776,0,0.084938,22266,239878,0,22266,0,0
01ad256f991cc99f46f8065cdf0bda01,12288,0,0.127571,33442,228702,0,33442,0,0
01ad256f991cc99f46f8065cdf0bda01,12800,0,0.117275,30743,231401,0,30743,0,0
01ad256f991cc99f46f8065cdf0bda01,13312,0,0.022827,5984,256160,0,5984,0,0
01ad256f991cc99f46f8065cdf0bda01,13824,0,0.131435,34455,227689,0,34455,0,0
01ad256f991cc99f46f8065cdf0bda01,14848,0,0.012749,3342,258802,0,3342,0,0
01ad256f991cc99f46f8065cdf0bda01,16384,0,0.094463,24763,237381,0,11623,11667,1473
01ad256f991cc99f46f8065cdf0bda01,16896,0,0.12151,31853,230291,0,26633,5220,0
01ad256f991cc99f46f8065cdf0bda01,17408,0,0.142879,37455,224689,0,0,37455,0
01ad256f991cc99f46f8065cdf0bda01,17920,0,0.074936,19644,242500,0,0,19644,0
01ad256f991cc99f46f8065cdf0bda01,18432,0,0.021328,5591,256553,0,5591,0,0
01ad256f991cc99f46f8065cdf0bda01,18944,0,0.077824,20401,241743,0,20401,0,0
01ad256f991cc99f46f8065cdf0bda01,19456,0,0.213718,56025,206119,0,56025,0,0
01ad256f991cc99f46f8065cdf0bda01,19968,0,0.0144,3775,258369,0,3775,0,0
01ad256f991cc99f46f8065cdf0bda01,7168,512,0.044781,11739,250405,0,11739,0,0
01ad256f991cc99f46f8065cdf0bda01,8192,512,0.136112,35681,226463,0,35681,0,0
01ad256f991cc99f46f8065cdf0bda01,8704,512,0.01561,4092,258052,0,4092,0,0
01ad256f991cc99f46f8065cdf0bda01,9216,512,0.10849,28440,233704,0,25587,2853,0
01ad256f991cc99f46f8065cdf0bda01,9728,512,0.289032,75768,186376,0,75768,0,0
01ad256f991cc99f46f8065cdf0bda01,10240,512,0.282764,74125,188019,0,74125,0,0
01ad256f991cc99f46f8065cdf0bda01,10752,512,0.404488,106034,156110,0,68827,37207,0
01ad256f991cc99f46f8065cdf0bda01,11264,512,0.366619,96107,166037,0,86387,9720,0
01ad256f991cc99f46f8065cdf0bda01,11776,512,0.252178,66107,196037,0,66107,0,0
01ad256f991cc99f46f8065cdf0bda01,12288,512,0.372059,97533,164611,0,71930,25603,0
01ad256f991cc99f46f8065cdf0bda01,12800,512,0.451229,118287,143857,0,10534,107753,0
01ad256f991cc99f46f8065cdf0bda01,13312,512,0.40678,106635,155509,0,82877,23758,0
01ad256f991cc99f46f8065cdf0bda01,13824,512,0.274345,71918,190226,0,71918,0,0
01ad256f991cc99f46f8065cdf0bda01,14336,512,0.188892,49517,212627,0,49517,0,0
01ad256f991cc99f46f8065cdf0bda01,14848,512,0.232708,61003,201141,0,61003,0,0
01ad256f991cc99f46f8065cdf0bda01,15872,512,0.017941,4703,257441,0,4703,0,0
01ad256f991cc99f46f8065cdf0bda01,16384,512,0.249119,65305,196839,0,5844,59461,0
01ad256f991cc99f46f8065cdf0bda01,16896,512,0.286007,74975,187169,0,43722,31253,0
01ad256f991cc99f46f8065cdf0bda01,17408,512,0.282288,74000,188144,0,13670,60330,0
01ad256f991cc99f46f8065cdf0bda01,17920,512,0.555996,145751,116393,0,0,145751,0
01ad256f991cc99f46f8065cdf0bda01,18432,512,0.209732,54980,207164,0,45402,9578,0
01ad256f991cc99f46f8065cdf0bda01,18944,512,0.29113,76318,185826,0,73823,2495,0
01ad256f991cc99f46f8065cdf0bda01,19456,512,0.248295,65089,197055,0,65089,0,0
01ad256f991cc99f46f8065cdf0bda01,19968,512,0.015339,4021,258123,0,4021,0,0
01ad256f991cc99f46f8065cdf0bda01,20480,512,0.069702,18272,243872,0,0,18272,0
01ad256f991cc99f46f8065cdf0bda01,20992,512,0.022682,5946,256198,0,0,5946,0
01ad256f991cc99f46f8065cdf0bda01,5632,1024,0.150528,39460,222684,0,17091,22369,0
01ad256f991cc99f46f8065cdf0bda01,6144,1024,0.373722,97969,164175,0,14160,83809,0
01ad256f991cc99f46f8065cdf0bda01,6656,1024,0.313831,82269,179875,0,52935,29334,0
01ad256f991cc99f46f8065cdf0bda01,7168,1024,0.287918,75476,186668,0,47677,27799,0
01ad256f991cc99f46f8065cdf0bda01,7680,1024,0.155537,40773,221371,0,35704,5069,0
01ad256f991cc99f46f8065cdf0bda01,8192,1024,0.26519,69518,192626,0,17787,51731,0
01ad256f991cc99f46f8065cdf0bda01,8704,1024,0.236488,61994,200150,0,16908,45086,0
01ad256f991cc99f46f8065cdf0bda01,9216,1024,0.279522,73275,188869,0,66809,6466,0
01ad256f991cc99f46f8065cdf0bda01,9728,1024,0.49202,128980,133164,0,107777,21203,0
01ad256f991cc99f46f8065cdf0bda01,10240,1024,0.335606,87977,174167,0,79718,8259,0
01ad256f991cc99f46f8065cdf0bda01,10752,1024,0.283607,74346,187798,0,19037,55309,0
01ad256f991cc99f46f8065cdf0bda01,11264,1024,0.366676,96122,166022,0,96122,0,0
01ad256f991cc99f46f8065cdf0bda01,11776,1024,0.117168,30715,231429,0,30715,0,0
01ad256f991cc99f46f8065cdf0bda01,12288,1024,0.170471,44688,217456,0,44688,0,0
01ad256f991cc99f46f8065cdf0bda01,12800,1024,0.178555,46807,215337,0,39740,7067,0
01ad256f991cc99f46f8065cdf0bda01,13312,1024,0.214256,56166,205978,0,30355,25811,0
01ad256f991cc99f46f8065cdf0bda01,13824,1024,0.231926,60798,201346,0,60798,0,0
01ad256f991cc99f46f8065cdf0bda01,14336,1024,0.286613,75134,187010,0,75134,0,0
01ad256f991cc99f46f8065cdf0bda01,14848,1024,0.076538,20064,242080,0,20064,0,0
01ad256f991cc99f46f8065cdf0bda01,16384,1024,0.042976,11266,250878,0,6307,4959,0
01ad256f991cc99f46f8065cdf0bda01,16896,1024,0.208981,54783,207361,0,22592,32191,0
01ad256f991cc99f46f8065cdf0bda01,17408,1024,0.374466,98164,163980,0,0,98164,0
01ad256f991cc99f46f8065cdf0bda01,17920,1024,0.454693,119195,142949,0,0,119195,0
01ad256f991cc99f46f8065cdf0bda01,18432,1024,0.122177,32028,230116,0,1609,30419,0
01ad256f991cc99f46f8065cdf0bda01,18944,1024,0.032463,8510,253634,0,8510,0,0
01ad256f991cc99f46f8065cdf0bda01,19456,1024,0.024239,6354,255790,0,6354,0,0
01ad256f991cc99f46f8065cdf0bda01,20480,1024,0.061832,16209,245935,0,0,16209,0
01ad256f991cc99f46f8065cdf0bda01,20992,1024,0.025818,6768,255376,0,0,6768,0
01ad256f991cc99f46f8065cdf0bda01,3584,1536,0.057865,15169,246975,0,6699,8470,0
01ad256f991cc99f46f8065cdf0bda01,4096,1536,0.304356,79785,182359,79785,0,0,0
01ad256f991cc99f46f8065cdf0bda01,4608,1536,0.056194,14731,247413,0,0,14731,0
01ad256f991cc99f46f8065cdf0bda01,5120,1536,0.490185,128499,133645,3002,0,125497,0
01ad256f991cc99f46f8065cdf0bda01,5632,1536,0.694363,182023,80121,0,19106,162917,0
01ad256f991cc99f46f8065cdf0bda01,6144,1536,0.651054,170670,91474,0,47148,123522,0
01ad256f991cc99f46f8065cdf0bda01,6656,1536,0.749378,196445,65699,0,181137,15308,0
01ad256f991cc99f46f8065cdf0bda01,7168,1536,0.273113,71595,190549,0,44536,27059,0
01ad256f991cc99f46f8065cdf0bda01,7680,1536,0.302738,79361,182783,0,21094,58267,0
01ad256f991cc99f46f8065cdf0bda01,8192,1536,0.129917,34057,228087,0,12980,21077,0
01ad256f991cc99f46f8065cdf0bda01,8704,1536,0.503323,131943,130201,0,90180,41763,0
01ad256f991cc99f46f8065cdf0bda01,9216,1536,0.345387,90541,171603,11377,62637,16527,0
01ad256f991cc99f46f8065cdf0bda01,9728,1536,0.432743,113441,148703,25054,36216,52171,0
01ad256f991cc99f46f8065cdf0bda01,10240,1536,0.262188,68731,193413,20083,38244,10404,0
01ad256f991cc99f46f8065cdf0bda01,10752,1536,0.187847,49243,212901,3649,45594,0,0
01ad256f991cc99f46f8065cdf0bda01,11264,1536,0.038307,10042,252102,0,10042,0,0
01ad256f991cc99f46f8065cdf0bda01,11776,1536,0.188286,49358,212786,0,49358,0,0
01ad256f991cc99f46f8065cdf0bda01,12288,1536,0.106773,27990,234154,0,23698,4292,0
01ad256f991cc99f46f8065cdf0bda01,12800,1536,0.050419,13217,248927,0,6150,7067,0
01ad256f991cc99f46f8065cdf0bda01,13312,1536,0.030777,8068,254076,0,0,8068,0
01ad256f991cc99f46f8065cdf0bda01,13824,1536,0.093369,24476,237668,0,24476,0,0
01ad256f991cc99f46f8065cdf0bda01,2560,2048,0.074734,19591,242553,0,11802,7789,0
01ad256f991cc99f46f8065cdf0bda01,3072,2048,0.218052,57161,204983,0,5285,48821,3055
01ad256f991cc99f46f8065cdf0bda01,3584,2048,0.292103,76573,185571,0,68553,8020,0
01ad256f991cc99f46f8065cdf0bda01,4096,2048,0.536633,140675,121469,55699,84976,0,0
01ad256f991cc99f46f8065cdf0bda01,4608,2048,0.183235,48034,214110,0,11992,36042,0
01ad256f991cc99f46f8065cdf0bda01,5120,2048,0.323635,84839,177305,27152,5624,52063,0
01ad256f991cc99f46f8065cdf0bda01,5632,2048,0.410282,107553,154591,6527,73702,27324,0
01ad256f991cc99f46f8065cdf0bda01,6144,2048,0.521408,136684,125460,0,60864,75820,0
01ad256f991cc99f46f8065cdf0bda01,6656,2048,0.51202,134223,127921,0,130370,3853,0
01ad256f991cc99f46f8065cdf0bda01,8704,2048,0.025234,6615,255529,0,0,6615,0
01ad256f991cc99f46f8065cdf0bda01,9216,2048,0.018105,4746,257398,4746,0,0,0
01ad256f991cc99f46f8065cdf0bda01,1536,2560,0.084251,22086,240058,5039,10330,6717,0
01ad256f991cc99f46f8065cdf0bda01,2048,2560,0.380898,99850,162294,45937,13462,40451,0
01ad256f991cc99f46f8065cdf0bda01,2560,2560,0.371799,97465,164679,0,33220,64245,0
01ad256f991cc99f46f8065cdf0bda01,3072,2560,0.299358,78475,183669,0,23744,54731,0
01ad256f991cc99f46f8065cdf0bda01,3584,2560,0.577591,151412,110732,0,151412,0,0
01ad256f991cc99f46f8065cdf0bda01,4096,2560,0.591827,155144,107000,0,133414,21730,0
01ad256f991cc99f46f8065cdf0bda01,4608,2560,0.311054,81541,180603,0,63808,17733,0
01ad256f991cc99f46f8065cdf0bda01,5120,2560,0.018936,4964,257180,0,0,4964,0
01ad256f991cc99f46f8065cdf0bda01,5632,2560,0.118023,30939,231205,0,27127,3812,0
01ad256f991cc99f46f8065cdf0bda01,6144,2560,0.037735,9892,252252,0,0,9892,0
01ad256f991cc99f46f8065cdf0bda01,512,3072,0.038979,10218,251926,0,0,10218,0
01ad256f991cc99f46f8065cdf0bda01,1024,3072,0.229652,60202,201942,0,40913,19289,0
01ad256f991cc99f46f8065cdf0bda01,1536,3072,0.440834,115562,146582,43107,38904,33551,0
01ad256f991cc99f46f8065cdf0bda01,2048,3072,0.402824,105598,156546,40168,13350,52080,0
01ad256f991cc99f46f8065cdf0bda01,2560,3072,0.271088,71064,191080,0,61264,9800,0
01ad256f991cc99f46f8065cdf0bda01,3072,3072,0.380573,99765,162379,0,79152,20613,0
01ad256f991cc99f46f8065cdf0bda01,3584,3072,0.272156,71344,190800,0,60733,8256,2355
01ad256f991cc99f46f8065cdf0bda01,4096,3072,0.156719,41083,221061,0,37169,3914,0
01ad256f991cc99f46f8065cdf0bda01,4608,3072,0.014511,3804,258340,0,3804,0,0
01ad256f991cc99f46f8065cdf0bda01,0,3584,0.125961,33020,229124,0,26895,6125,0
01ad256f991cc99f46f8065cdf0bda01,512,3584,0.106483,27914,234230,0,25749,2165,0
01ad256f991cc99f46f8065cdf0bda01,1024,3584,0.528439,138527,123617,1271,16531,120725,0
01ad256f991cc99f46f8065cdf0bda01,1536,3584,0.453499,118882,143262,106270,0,12612,0
01ad256f991cc99f46f8065cdf0bda01,2048,3584,0.437771,114759,147385,101582,13177,0,0
01ad256f991cc99f46f8065cdf0bda01,2560,3584,0.204453,53596,208548,15250,38346,0,0
01ad256f991cc99f46f8065cdf0bda01,3072,3584,0.055748,14614,247530,0,14614,0,0
01ad256f991cc99f46f8065cdf0bda01,0,4096,0.062325,16338,245806,0,7192,9146,0
01ad256f991cc99f46f8065cdf0bda01,512,4096,0.182869,47938,214206,0,28173,19765,0
01ad256f991cc99f46f8065cdf0bda01,1024,4096,0.133991,35125,227019,3740,26834,4551,0
01ad256f991cc99f46f8065cdf0bda01,1536,4096,0.200218,52486,209658,26888,15201,10397,0
01ad256f991cc99f46f8065cdf0bda01,2048,4096,0.062191,16303,245841,16276,27,0,0
01afe81220f729cf1c5b4d99f3abe559,1024,3584,0.18782,49236,212908,0,0,49236,0
01afe81220f729cf1c5b4d99f3abe559,1536,3584,0.651772,170858,91286,0,0,170858,0
01afe81220f729cf1c5b4d99f3abe559,2048,3584,0.015884,4164,257980,0,0,4164,0
01afe81220f729cf1c5b4d99f3abe559,1536,4096,0.114849,30107,232037,0,0,23815,6292
01afe81220f729cf1c5b4d99f3abe559,1536,5632,0.341537,89532,172612,0,0,89532,0
01afe81220f729cf1c5b4d99f3abe559,2048,5632,0.40905,107230,154914,0,0,107230,0
01afe81220f729cf1c5b4d99f3abe559,1536,6144,0.476662,124954,137190,0,0,124954,0
01afe81220f729cf1c5b4d99f3abe559,2048,6144,0.743053,194787,67357,0,0,194787,0
01afe81220f729cf1c5b4d99f3abe559,1536,6656,0.415657,108962,153182,0,0,108962,0
01afe81220f729cf1c5b4d99f3abe559,2048,6656,0.614285,161031,101113,0,0,161031,0
01afe81220f729cf1c5b4d99f3abe559,2560,6656,0.032257,8456,253688,0,0,8456,0
01afe81220f729cf1c5b4d99f3abe559,1536,7168,0.750439,196723,65421,0,0,196723,0
01afe81220f729cf1c5b4d99f3abe559,2048,7168,0.766014,200806,61338,0,0,200806,0
01afe81220f729cf1c5b4d99f3abe559,2560,7168,0.230049,60306,201838,0,0,60306,0
01afe81220f729cf1c5b4d99f3abe559,1024,7680,0.01902,4986,257158,0,0,1859,3127
01afe81220f729cf1c5b4d99f3abe559,1536,7680,0.494671,129675,132469,0,0,124757,4918
01afe81220f729cf1c5b4d99f3abe559,2048,7680,0.743275,194845,67299,0,0,194845,0
01afe81220f729cf1c5b4d99f3abe559,2560,7680,0.324997,85196,176948,0,0,85196,0
01afe81220f729cf1c5b4d99f3abe559,1024,8192,0.010109,2650,259494,0,0,2318,332
01afe81220f729cf1c5b4d99f3abe559,1536,8192,0.323936,84918,177226,0,0,81709,3209
01afe81220f729cf1c5b4d99f3abe559,2048,8192,0.710579,186274,75870,0,0,186274,0
01afe81220f729cf1c5b4d99f3abe559,2560,8192,0.326035,85468,176676,0,0,85468,0
01afe81220f729cf1c5b4d99f3abe559,1536,8704,0.158329,41505,220639,0,0,41505,0
01afe81220f729cf1c5b4d99f3abe559,2048,8704,0.785259,205851,56293,0,0,205851,0
01afe81220f729cf1c5b4d99f3abe559,2560,8704,0.273628,71730,190414,0,0,71730,0
01afe81220f729cf1c5b4d99f3abe559,1024,9216,0.024452,6410,255734,0,0,6410,0
01afe81220f729cf1c5b4d99f3abe559,1536,9216,0.931835,244275,17869,0,0,244275,0
01afe81220f729cf1c5b4d99f3abe559,2048,9216,0.84267,220901,41243,0,0,220901,0
01afe81220f729cf1c5b4d99f3abe559,2560,9216,0.585011,153357,108787,0,0,153357,0
01afe81220f729cf1c5b4d99f3abe559,1536,9728,0.348679,91404,170740,0,0,91404,0
01afe81220f729cf1c5b4d99f3abe559,2048,9728,0.801193,210028,52116,0,0,210028,0
01afe81220f729cf1c5b4d99f3abe559,2560,9728,0.377926,99071,163073,0,0,99071,0
01afe81220f729cf1c5b4d99f3abe559,1536,10240,0.129658,33989,228155,0,0,33989,0
01afe81220f729cf1c5b4d99f3abe559,2048,10240,0.54694,143377,118767,0,0,143377,0
01afe81220f729cf1c5b4d99f3abe559,2560,10240,0.587166,153922,108222,0,0,153922,0
01afe81220f729cf1c5b4d99f3abe559,1536,10752,0.11795,30920,231224,0,0,30920,0
01afe81220f729cf1c5b4d99f3abe559,2048,10752,0.851051,223098,39046,0,0,223098,0
01afe81220f729cf1c5b4d99f3abe559,2560,10752,0.545357,142962,119182,0,0,142962,0
01afe81220f729cf1c5b4d99f3abe559,1536,11264,0.036434,9551,252593,0,0,6349,3202
01afe81220f729cf1c5b4d99f3abe559,2048,11264,0.682575,178933,83211,0,0,178933,0
01afe81220f729cf1c5b4d99f3abe559,2560,11264,0.373299,97858,164286,0,0,97858,0
01afe81220f729cf1c5b4d99f3abe559,1536,11776,0.090206,23647,238497,0,0,23647,0
01afe81220f729cf1c5b4d99f3abe559,2048,11776,0.136009,35654,226490,0,0,35654,0
01afe81220f729cf1c5b4d99f3abe559,2560,11776,0.175617,46037,216107,0,0,46037,0
01afe81220f729cf1c5b4d99f3abe559,1536,12288,0.011425,2995,259149,0,0,2995,0
01afe81220f729cf1c5b4d99f3abe559,1024,12800,0.600403,157392,104752,0,0,157392,0
01afe81220f729cf1c5b4d99f3abe559,1536,12800,0.165806,43465,218679,0,0,43465,0
01afe81220f729cf1c5b4d99f3abe559,2048,12800,0.033298,8729,253415,0,0,1533,7196
01afe81220f729cf1c5b4d99f3abe559,512,13312,0.1297,34000,228144,0,0,34000,0
01afe81220f729cf1c5b4d99f3abe559,1024,13312,0.516239,135329,126815,0,0,135329,0
01afe81220f729cf1c5b4d99f3abe559,1536,13312,0.65126,170724,91420,0,0,170724,0
01afe81220f729cf1c5b4d99f3abe559,2048,13312,0.484344,126968,135176,0,21329,105639,0
01afe81220f729cf1c5b4d99f3abe559,1024,13824,0.407604,106851,155293,0,0,106851,0
01afe81220f729cf1c5b4d99f3abe559,1536,13824,0.336208,88135,174009,0,0,88135,0
01afe81220f729cf1c5b4d99f3abe559,2048,13824,0.014912,3909,258235,0,0,3909,0
01afe81220f729cf1c5b4d99f3abe559,512,14336,0.112415,29469,232675,0,29469,0,0
01afe81220f729cf1c5b4d99f3abe559,1024,14336,0.091049,23868,238276,0,0,23868,0
01afe81220f729cf1c5b4d99f3abe559,1536,14336,0.141155,37003,225141,0,0,37003,0
01afe81220f729cf1c5b4d99f3abe559,0,14848,0.045628,11961,250183,0,11961,0,0
01afe81220f729cf1c5b4d99f3abe559,512,14848,0.22324,58521,203623,0,23337,35184,0
01afe81220f729cf1c5b4d99f3abe559,1024,14848,0.31377,82253,179891,0,0,82253,0
01afe81220f729cf1c5b4d99f3abe559,1536,14848,0.034595,9069,253075,0,0,9069,0
01afe81220f729cf1c5b4d99f3abe559,0,15360,0.013931,3652,258492,0,3652,0,0
01afe81220f729cf1c5b4d99f3abe559,512,15360,0.145641,38179,223965,0,25610,12569,0
01afe81220f729cf1c5b4d99f3abe559,1024,15360,0.211227,55372,206772,0,0,55372,0
01afe81220f729cf1c5b4d99f3abe559,1536,15360,0.493919,129478,132666,0,9269,120209,0
01afe81220f729cf1c5b4d99f3abe559,1536,15872,0.035019,9180,252964,0,0,9180,0
01e5bb47fb34f075f87cbfbc8d630124,2560,2048,0.185341,48586,213558,0,48586,0,0
01e5bb47fb34f075f87cbfbc8d630124,3072,2048,0.080666,21146,240998,0,17615,3531,0
01e5bb47fb34f075f87cbfbc8d630124,3584,2048,0.015594,4088,258056,0,4088,0,0
01e5bb47fb34f075f87cbfbc8d630124,2560,2560,0.046196,12110,250034,0,12110,0,0
01e5bb47fb34f075f87cbfbc8d630124,3072,2560,0.140316,36783,225361,24415,205,12163,0
01e5bb47fb34f075f87cbfbc8d630124,3584,2560,0.260754,68355,193789,33113,19359,15883,0
01e5bb47fb34f075f87cbfbc8d630124,3072,3072,0.328308,86064,176080,39593,0,46471,0
01e5bb47fb34f075f87cbfbc8d630124,3584,3072,0.478802,125515,136629,71508,0,54007,0
01e5bb47fb34f075f87cbfbc8d630124,4096,3072,0.188217,49340,212804,49340,0,0,0
01e5bb47fb34f075f87cbfbc8d630124,3072,3584,0.033295,8728,253416,8728,0,0,0
01e5bb47fb34f075f87cbfbc8d630124,3584,3584,0.227966,59760,202384,59760,0,0,0
01e5bb47fb34f075f87cbfbc8d630124,4096,3584,0.062595,16409,245735,9691,6718,0,0
01e5bb47fb34f075f87cbfbc8d630124,4096,5120,0.101261,26545,235599,26545,0,0,0
01e5bb47fb34f075f87cbfbc8d630124,4608,5120,0.064045,16789,245355,16325,0,464,0
01e5bb47fb34f075f87cbfbc8d630124,4096,5632,0.210178,55097,207047,43721,11114,262,0
01e5bb47fb34f075f87cbfbc8d630124,4608,5632,0.305908,80192,181952,9581,29381,41230,0
01e5bb47fb34f075f87cbfbc8d630124,4096,6144,0.014477,3795,258349,0,0,3795,0
01e5bb47fb34f075f87cbfbc8d630124,4608,6144,0.105164,27568,234576,0,16663,10905,0
01e5bb47fb34f075f87cbfbc8d630124,5120,6144,0.033314,8733,253411,0,8733,0,0
01e5bb47fb34f075f87cbfbc8d630124,4096,6656,0.04464,11702,250442,0,11702,0,0
01e5bb47fb34f075f87cbfbc8d630124,4608,6656,0.325481,85323,176821,0,85323,0,0
01e5bb47fb34f075f87cbfbc8d630124,5120,6656,0.371143,97293,164851,0,97293,0,0
01e5bb47fb34f075f87cbfbc8d630124,4096,7168,0.08094,21218,240926,0,21218,0,0
01e5bb47fb34f075f87cbfbc8d630124,4608,7168,0.546505,143263,118881,0,133963,9300,0
01e5bb47fb34f075f87cbfbc8d630124,5120,7168,0.322334,84498,177646,0,84124,374,0
01e5bb47fb34f075f87cbfbc8d630124,4608,7680,0.468391,122786,139358,0,122786,0,0
01e5bb47fb34f075f87cbfbc8d630124,5120,7680,0.47205,123745,138399,0,102577,21168,0
01e5bb47fb34f075f87cbfbc8d630124,5632,7680,0.169544,44445,217699,0,23477,20968,0
01e5bb47fb34f075f87cbfbc8d630124,4608,8192,0.421738,110556,151588,0,110556,0,0
01e5bb47fb34f075f87cbfbc8d630124,5120,8192,0.287331,75322,186822,0,72503,2819,0
01e5bb47fb34f075f87cbfbc8d630124,5632,8192,0.610474,160032,102112,0,160032,0,0
01e5bb47fb34f075f87cbfbc8d630124,6144,8192,0.035789,9382,252762,0,9382,0,0
01e5bb47fb34f075f87cbfbc8d630124,4608,8704,0.449001,117703,144441,0,117703,0,0
01e5bb47fb34f075f87cbfbc8d630124,5120,8704,0.477612,125203,136941,0,118181,7022,0
01e5bb47fb34f075f87cbfbc8d630124,5632,8704,0.578583,151672,110472,0,149567,2105,0
01e5bb47fb34f075f87cbfbc8d630124,6144,8704,0.061825,16207,245937,0,16207,0,0
01e5bb47fb34f075f87cbfbc8d630124,4608,9216,0.231075,60575,201569,0,60575,0,0
01e5bb47fb34f075f87cbfbc8d630124,5120,9216,0.830402,217685,44459,0,217685,0,0
01e5bb47fb34f075f87cbfbc8d630124,5632,9216,0.88324,231536,30608,0,231536,0,0
01e5bb47fb34f075f87cbfbc8d630124,6144,9216,0.599346,157115,105029,0,157115,0,0
01e5bb47fb34f075f87cbfbc8d630124,4608,9728,0.060036,15738,246406,0,15738,0,0
01e5bb47fb34f075f87cbfbc8d630124,5120,9728,0.597572,156650,105494,0,156650,0,0
01e5bb47fb34f075f87cbfbc8d630124,5632,9728,0.618813,162218,99926,0,162218,0,0
01e5bb47fb34f075f87cbfbc8d630124,6144,9728,0.415165,108833,153311,0,108833,0,0
01e5bb47fb34f075f87cbfbc8d630124,5120,10240,0.608208,159438,102706,0,159438,0,0
01e5bb47fb34f075f87cbfbc8d630124,5632,10240,0.950851,249260,12884,0,249260,0,0
01e5bb47fb34f075f87cbfbc8d630124,6144,10240,0.818798,214643,47501,0,213379,1264,0
01e5bb47fb34f075f87cbfbc8d630124,6656,10240,0.097725,25618,236526,0,17581,8037,0
01e5bb47fb34f075f87cbfbc8d630124,5120,10752,0.38599,101185,160959,0,100071,1114,0
01e5bb47fb34f075f87cbfbc8d630124,5632,10752,0.837486,219542,42602,0,218659,883,0
01e5bb47fb34f075f87cbfbc8d630124,6144,10752,0.531307,139279,122865,443,137450,1386,0
01e5bb47fb34f075f87cbfbc8d630124,6656,10752,0.068645,17995,244149,0,13089,4906,0
01e5bb47fb34f075f87cbfbc8d630124,5120,11264,0.091816,24069,238075,0,12895,10285,889
01e5bb47fb34f075f87cbfbc8d630124,5632,11264,0.365658,95855,166289,1045,73939,11690,9181
01e5bb47fb34f075f87cbfbc8d630124,6144,11264,0.602634,157977,104167,125673,14310,0,17994
01e5bb47fb34f075f87cbfbc8d630124,6656,11264,0.083405,21864,240280,17437,4427,0,0
01e5bb47fb34f075f87cbfbc8d630124,5120,11776,0.029102,7629,254515,0,6016,0,1613
01e5bb47fb34f075f87cbfbc8d630124,5632,11776,0.445827,116871,145273,4404,76393,26173,9901
01e5bb47fb34f075f87cbfbc8d630124,6144,11776,0.684589,179461,82683,16096,82014,22731,58620
01e5bb47fb34f075f87cbfbc8d630124,6656,11776,0.146145,38311,223833,0,37694,0,617
01e5bb47fb34f075f87cbfbc8d630124,5632,12288,0.456635,119704,142440,0,107951,11753,0
01e5bb47fb34f075f87cbfbc8d630124,6144,12288,0.630375,165249,96895,0,111142,42689,11418
01e5bb47fb34f075f87cbfbc8d630124,6656,12288,0.483746,126811,135333,0,72059,54752,0
01e5bb47fb34f075f87cbfbc8d630124,5632,12800,0.279194,73189,188955,0,30222,36634,6333
01e5bb47fb34f075f87cbfbc8d630124,6144,12800,0.684242,179370,82774,0,142450,29923,6997
01e5bb47fb34f075f87cbfbc8d630124,6656,12800,0.529621,138837,123307,0,55122,83684,31
01e5bb47fb34f075f87cbfbc8d630124,7168,12800,0.238129,62424,199720,0,11572,17568,33284
01e5bb47fb34f075f87cbfbc8d630124,5632,13312,0.03709,9723,252421,0,5901,3822,0
01e5bb47fb34f075f87cbfbc8d630124,6144,13312,0.5751,150759,111385,0,41297,109462,0
01e5bb47fb34f075f87cbfbc8d630124,6656,13312,0.543762,142544,119600,0,104984,37178,382
01e5bb47fb34f075f87cbfbc8d630124,7168,13312,0.406429,106543,155601,0,97035,8169,1339
01e5bb47fb34f075f87cbfbc8d630124,6144,13824,0.360279,94445,167699,0,1831,92614,0
01e5bb47fb34f075f87cbfbc8d630124,6656,13824,0.732773,192092,70052,0,103729,88363,0
01e5bb47fb34f075f87cbfbc8d630124,7168,13824,0.744869,195263,66881,0,98770,96493,0
01e5bb47fb34f075f87cbfbc8d630124,7680,13824,0.134884,35359,226785,0,0,35359,0
01e5bb47fb34f075f87cbfbc8d630124,6144,14336,0.185596,48653,213491,0,11101,37552,0
01e5bb47fb34f075f87cbfbc8d630124,6656,14336,0.539619,141458,120686,0,83869,57589,0
01e5bb47fb34f075f87cbfbc8d630124,7168,14336,0.653484,171307,90837,0,63020,108287,0
01e5bb47fb34f075f87cbfbc8d630124,7680,14336,0.366676,96122,166022,0,0,96122,0
01e5bb47fb34f075f87cbfbc8d630124,6656,14848,0.560253,146867,115277,0,28809,118058,0
01e5bb47fb34f075f87cbfbc8d630124,7168,14848,0.711967,186638,75506,0,25808,136950,23880
01e5bb47fb34f075f87cbfbc8d630124,7680,14848,0.208633,54692,207452,0,0,48847,5845
01e5bb47fb34f075f87cbfbc8d630124,6656,15360,0.162117,42498,219646,0,17660,24838,0
01e5bb47fb34f075f87cbfbc8d630124,7168,15360,0.417313,109396,152748,0,21005,37754,50637
01e5bb47fb34f075f87cbfbc8d630124,7680,15360,0.267525,70130,192014,0,50118,11651,8361
01e5bb47fb34f075f87cbfbc8d630124,7168,15872,0.137897,36149,225995,0,22228,8917,5004
01e5bb47fb34f075f87cbfbc8d630124,7680,15872,0.219067,57427,204717,0,30549,6931,19947
01e5bb47fb34f075f87cbfbc8d630124,7168,16384,0.043076,11292,250852,0,0,0,11292
01e5bb47fb34f075f87cbfbc8d630124,7680,16384,0.270363,70874,191270,0,0,0,70874
022544d1446c2c44f8ca8ff53262dc5b,1536,512,0.059513,15601,246543,3719,11882,0,0
022544d1446c2c44f8ca8ff53262dc5b,1024,1024,0.120808,31669,230475,31669,0,0,0
022544d1446c2c44f8ca8ff53262dc5b,1536,1024,0.252079,66081,196063,46440,19641,0,0
022544d1446c2c44f8ca8ff53262dc5b,2048,1024,0.023533,6169,255975,6169,0,0,0
022544d1446c2c44f8ca8ff53262dc5b,1024,1536,0.144279,37822,224322,37822,0,0,0
022544d1446c2c44f8ca8ff53262dc5b,1536,1536,0.028175,7386,254758,5519,1867,0,0
022544d1446c2c44f8ca8ff53262dc5b,1536,2048,0.105495,27655,234489,0,27655,0,0
022544d1446c2c44f8ca8ff53262dc5b,2048,2048,0.019302,5060,257084,0,5060,0,0
022544d1446c2c44f8ca8ff53262dc5b,1024,4096,0.196331,51467,210677,43974,7493,0,0
022544d1446c2c44f8ca8ff53262dc5b,1536,4096,0.208553,54671,207473,54671,0,0,0
022544d1446c2c44f8ca8ff53262dc5b,1024,4608,0.550568,144328,117816,78194,66134,0,0
022544d1446c2c44f8ca8ff53262dc5b,1536,4608,0.088253,23135,239009,572,22563,0,0
022544d1446c2c44f8ca8ff53262dc5b,2048,4608,0.216045,56635,205509,0,56635,0,0
022544d1446c2c44f8ca8ff53262dc5b,2560,4608,0.141445,37079,225065,0,37079,0,0
022544d1446c2c44f8ca8ff53262dc5b,1024,5120,0.160713,42130,220014,5890,36240,0,0
022544d1446c2c44f8ca8ff53262dc5b,1536,5120,0.412498,108134,154010,0,108134,0,0
022544d1446c2c44f8ca8ff53262dc5b,2048,5120,0.766865,201029,61115,0,201029,0,0
022544d1446c2c44f8ca8ff53262dc5b,2560,5120,0.202934,53198,208946,0,53198,0,0
022544d1446c2c44f8ca8ff53262dc5b,1024,5632,0.115921,30388,231756,0,30388,0,0
022544d1446c2c44f8ca8ff53262dc5b,1536,5632,0.955074,250367,11777,0,250367,0,0
022544d1446c2c44f8ca8ff53262dc5b,2048,5632,0.85154,223226,38918,0,223226,0,0
022544d1446c2c44f8ca8ff53262dc5b,2560,5632,0.061695,16173,245971,0,16173,0,0
022544d1446c2c44f8ca8ff53262dc5b,1024,6144,0.197819,51857,210287,0,51857,0,0
022544d1446c2c44f8ca8ff53262dc5b,1536,6144,0.69619,182502,79642,0,182502,0,0
022544d1446c2c44f8ca8ff53262dc5b,2048,6144,0.66053,173154,88990,0,173154,0,0
022544d1446c2c44f8ca8ff53262dc5b,2560,6144,0.099987,26211,235933,0,26211,0,0
022544d1446c2c44f8ca8ff53262dc5b,1024,6656,0.086853,22768,239376,0,22768,0,0
022544d1446c2c44f8ca8ff53262dc5b,1536,6656,0.520134,136350,125794,0,136350,0,0
022544d1446c2c44f8ca8ff53262dc5b,2048,6656,0.573978,150465,111679,0,149491,0,974
022544d1446c2c44f8ca8ff53262dc5b,2560,6656,0.067295,17641,244503,0,15991,0,1650
022544d1446c2c44f8ca8ff53262dc5b,1024,7168,0.213715,56024,206120,0,56024,0,0
022544d1446c2c44f8ca8ff53262dc5b,1536,7168,0.552158,144745,117399,0,144745,0,0
022544d1446c2c44f8ca8ff53262dc5b,2048,7168,0.825657,216441,45703,0,216441,0,0
022544d1446c2c44f8ca8ff53262dc5b,2560,7168,0.331047,86782,175362,0,86782,0,0
022544d1446c2c44f8ca8ff53262dc5b,1024,7680,0.079899,20945,241199,0,20945,0,0
022544d1446c2c44f8ca8ff53262dc5b,1536,7680,0.666107,174616,87528,0,174616,0,0
022544d1446c2c44f8ca8ff53262dc5b,2048,7680,0.895325,234704,27440,0,234704,0,0
022544d1446c2c44f8ca8ff53262dc5b,2560,7680,0.628368,164723,97421,0,164723,0,0
022544d1446c2c44f8ca8ff53262dc5b,1536,8192,0.337242,88406,173738,0,88406,0,0
022544d1446c2c44f8ca8ff53262dc5b,2048,8192,0.59573,156167,105977,0,156167,0,0
022544d1446c2c44f8ca8ff53262dc5b,2560,8192,0.693962,181918,80226,0,181918,0,0
022544d1446c2c44f8ca8ff53262dc5b,1024,8704,0.017426,4568,257576,0,4568,0,0
022544d1446c2c44f8ca8ff53262dc5b,1536,8704,0.714733,187363,74781,0,187363,0,0
022544d1446c2c44f8ca8ff53262dc5b,2048,8704,0.311356,81620,180524,0,81620,0,0
022544d1446c2c44f8ca8ff53262dc5b,2560,8704,0.312565,81937,180207,0,81937,0,0
022544d1446c2c44f8ca8ff53262dc5b,1536,9216,0.243595,63857,198287,0,63857,0,0
022544d1446c2c44f8ca8ff53262dc5b,2048,9216,0.652637,171085,91059,0,171085,0,0
022544d1446c2c44f8ca8ff53262dc5b,2560,9216,0.169041,44313,217831,0,44313,0,0
022544d1446c2c44f8ca8ff53262dc5b,1536,9728,0.122673,32158,229986,0,32158,0,0
022544d1446c2c44f8ca8ff53262dc5b,2048,9728,0.299335,78469,183675,0,78469,0,0
022544d1446c2c44f8ca8ff53262dc5b,2560,9728,0.277992,72874,189270,0,72874,0,0
022544d1446c2c44f8ca8ff53262dc5b,1536,10240,0.654037,171452,90692,0,171452,0,0
022544d1446c2c44f8ca8ff53262dc5b,2048,10240,0.644779,169025,93119,0,169025,0,0
022544d1446c2c44f8ca8ff53262dc5b,2560,10240,0.353596,92693,169451,0,92693,0,0
022544d1446c2c44f8ca8ff53262dc5b,1536,10752,0.157303,41236,220908,0,41236,0,0
022544d1446c2c44f8ca8ff53262dc5b,2048,10752,0.635803,166672,95472,0,166672,0,0
022544d1446c2c44f8ca8ff53262dc5b,2560,10752,0.143196,37538,224606,0,37538,0,0
022544d1446c2c44f8ca8ff53262dc5b,1536,11264,0.535286,140322,121822,0,140322,0,0
022544d1446c2c44f8ca8ff53262dc5b,2048,11264,0.849586,222714,39430,0,222714,0,0
022544d1446c2c44f8ca8ff53262dc5b,2560,11264,0.579353,151874,110270,0,151874,0,0
022544d1446c2c44f8ca8ff53262dc5b,3072,11264,0.057079,14963,247181,0,14963,0,0
022544d1446c2c44f8ca8ff53262dc5b,1536,11776,0.468136,122719,139425,0,122719,0,0
022544d1446c2c44f8ca8ff53262dc5b,2048,11776,0.981369,257260,4884,0,257260,0,0
022544d1446c2c44f8ca8ff53262dc5b,2560,11776,0.98592,258453,3691,0,258453,0,0
022544d1446c2c44f8ca8ff53262dc5b,3072,11776,0.152199,39898,222246,0,39898,0,0
022544d1446c2c44f8ca8ff53262dc5b,1536,12288,0.413708,108451,153693,0,59948,48503,0
022544d1446c2c44f8ca8ff53262dc5b,2048,12288,0.961815,252134,10010,0,252134,0,0
022544d1446c2c44f8ca8ff53262dc5b,2560,12288,0.587753,154076,108068,0,154076,0,0
022544d1446c2c44f8ca8ff53262dc5b,3072,12288,0.017258,4524,257620,0,4524,0,0
022544d1446c2c44f8ca8ff53262dc5b,1536,12800,0.045795,12005,250139,0,12005,0,0
022544d1446c2c44f8ca8ff53262dc5b,2048,12800,0.745396,195401,66743,0,195401,0,0
022544d1446c2c44f8ca8ff53262dc5b,2560,12800,0.071682,18791,243353,0,18791,0,0
022544d1446c2c44f8ca8ff53262dc5b,1536,13312,0.196568,51529,210615,0,51529,0,0
022544d1446c2c44f8ca8ff53262dc5b,2048,13312,0.638027,167255,94889,0,167255,0,0
022544d1446c2c44f8ca8ff53262dc5b,2560,13312,0.37738,98928,163216,0,98928,0,0
022544d1446c2c44f8ca8ff53262dc5b,1536,13824,0.392746,102956,159188,0,102956,0,0
022544d1446c2c44f8ca8ff53262dc5b,2048,13824,0.513912,134719,127425,0,134719,0,0
022544d1446c2c44f8ca8ff53262dc5b,2560,13824,0.739063,193741,68403,0,193741,0,0
022544d1446c2c44f8ca8ff53262dc5b,3072,13824,0.171555,44972,217172,0,44972,0,0
022544d1446c2c44f8ca8ff53262dc5b,2048,14336,0.276215,72408,189736,0,72408,0,0
022544d1446c2c44f8ca8ff53262dc5b,2560,14336,0.899414,235776,26368,0,235776,0,0
022544d1446c2c44f8ca8ff53262dc5b,3072,14336,0.448044,117452,144692,0,117452,0,0
022544d1446c2c44f8ca8ff53262dc5b,2048,14848,0.154278,40443,221701,0,40443,0,0
022544d1446c2c44f8ca8ff53262dc5b,2560,14848,0.329571,86395,175749,0,86395,0,0
022544d1446c2c44f8ca8ff53262dc5b,3072,14848,0.165913,43493,218651,0,43493,0,0
022544d1446c2c44f8ca8ff53262dc5b,2048,15360,0.072063,18891,243253,0,18891,0,0
022544d1446c2c44f8ca8ff53262dc5b,2560,15360,0.601646,157718,104426,0,157718,0,0
022544d1446c2c44f8ca8ff53262dc5b,3072,15360,0.644608,168980,93164,0,168980,0,0
022544d1446c2c44f8ca8ff53262dc5b,2560,15872,0.042286,11085,251059,0,11085,0,0
022544d1446c2c44f8ca8ff53262dc5b,3072,15872,0.41003,107487,154657,0,107487,0,0
022a0bb891701b0161a7d4518415d0f4,17920,0,0.087456,22926,239218,0,0,22926,0
022a0bb891701b0161a7d4518415d0f4,18432,0,0.011093,2908,259236,0,0,2908,0
022a0bb891701b0161a7d4518415d0f4,14848,512,0.108669,28487,233657,0,15615,12872,0
022a0bb891701b0161a7d4518415d0f4,15360,512,0.021046,5517,256627,0,5517,0,0
022a0bb891701b0161a7d4518415d0f4,15872,512,0.033913,8890,253254,0,8890,0,0
022a0bb891701b0161a7d4518415d0f4,16384,512,0.199131,52201,209943,0,0,52201,0
022a0bb891701b0161a7d4518415d0f4,16896,512,0.718163,188262,73882,0,0,188262,0
022a0bb891701b0161a7d4518415d0f4,17408,512,0.727692,190760,71384,0,0,190760,0
022a0bb891701b0161a7d4518415d0f4,17920,512,0.888199,232836,29308,0,0,232836,0
022a0bb891701b0161a7d4518415d0f4,18432,512,0.116043,30420,231724,0,0,30420,0
022a0bb891701b0161a7d4518415d0f4,9728,1024,0.071075,18632,243512,0,0,18632,0
022a0bb891701b0161a7d4518415d0f4,10240,1024,0.397141,104108,158036,0,0,104108,0
022a0bb891701b0161a7d4518415d0f4,10752,1024,0.242096,63464,198680,0,0,63464,0
022a0bb891701b0161a7d4518415d0f4,11264,1024,0.406239,106493,155651,0,0,106493,0
022a0bb891701b0161a7d4518415d0f4,11776,1024,0.294876,77300,184844,0,0,77300,0
022a0bb891701b0161a7d4518415d0f4,12288,1024,0.265812,69681,192463,0,0,69681,0
022a0bb891701b0161a7d4518415d0f4,12800,1024,0.245068,64243,197901,0,0,64243,0
022a0bb891701b0161a7d4518415d0f4,13312,1024,0.455147,119314,142830,0,0,119314,0
022a0bb891701b0161a7d4518415d0f4,13824,1024,0.264896,69441,192703,0,0,69441,0
022a0bb891701b0161a7d4518415d0f4,14336,1024,0.298126,78152,183992,0,16599,61553,0
022a0bb891701b0161a7d4518415d0f4,14848,1024,0.59853,156901,105243,0,64692,92209,0
022a0bb891701b0161a7d4518415d0f4,15360,1024,0.404518,106042,156102,0,55683,50359,0
022a0bb891701b0161a7d4518415d0f4,15872,1024,0.299107,78409,183735,0,56748,21661,0
022a0bb891701b0161a7d4518415d0f4,16384,1024,0.237099,62154,199990,0,30703,31451,0
022a0bb891701b0161a7d4518415d0f4,16896,1024,0.091953,24105,238039,0,0,23221,884
022a0bb891701b0161a7d4518415d0f4,17408,1024,0.471375,123568,138576,0,0,123568,0
022a0bb891701b0161a7d4518415d0f4,17920,1024,0.44685,117139,145005,0,0,117139,0
022a0bb891701b0161a7d4518415d0f4,18432,1024,0.565681,148290,113854,0,4796,143494,0
022a0bb891701b0161a7d4518415d0f4,18944,1024,0.118702,31117,231027,0,1418,29699,0
022a0bb891701b0161a7d4518415d0f4,19968,1024,0.077126,20218,241926,20218,0,0,0
022a0bb891701b0161a7d4518415d0f4,20992,1024,0.167057,43793,218351,15246,28547,0,0
022a0bb891701b0161a7d4518415d0f4,22016,1024,0.025341,6643,255501,0,0,6643,0
022a0bb891701b0161a7d4518415d0f4,1024,1536,0.02013,5277,256867,0,0,5277,0
022a0bb891701b0161a7d4518415d0f4,1536,1536,0.191101,50096,212048,0,0,50096,0
022a0bb891701b0161a7d4518415d0f4,2048,1536,0.097107,25456,236688,0,0,25456,0
022a0bb891701b0161a7d4518415d0f4,2560,1536,0.199505,52299,209845,0,0,52299,0
022a0bb891701b0161a7d4518415d0f4,3072,1536,0.562901,147561,114583,0,0,147561,0
022a0bb891701b0161a7d4518415d0f4,3584,1536,0.465302,121976,140168,0,0,121976,0
022a0bb891701b0161a7d4518415d0f4,4096,1536,0.094608,24801,237343,0,0,24801,0
022a0bb891701b0161a7d4518415d0f4,8192,1536,0.360031,94380,167764,0,0,94380,0
022a0bb891701b0161a7d4518415d0f4,8704,1536,0.670052,175650,86494,0,0,175650,0
022a0bb891701b0161a7d4518415d0f4,9216,1536,0.512878,134448,127696,0,0,134448,0
022a0bb891701b0161a7d4518415d0f4,9728,1536,0.717728,188148,73996,0,0,188148,0
022a0bb891701b0161a7d4518415d0f4,10240,1536,0.854717,224059,38085,0,0,224059,0
022a0bb891701b0161a7d4518415d0f4,10752,1536,0.734425,192525,69619,0,0,192525,0
022a0bb891701b0161a7d4518415d0f4,11264,1536,0.600124,157319,104825,0,0,157319,0
022a0bb891701b0161a7d4518415d0f4,11776,1536,0.554756,145426,116718,0,0,145426,0
022a0bb891701b0161a7d4518415d0f4,12288,1536,0.814735,213578,48566,0,0,213578,0
022a0bb891701b0161a7d4518415d0f4,12800,1536,0.773239,202700,59444,0,0,202700,0
022a0bb891701b0161a7d4518415d0f4,13312,1536,0.890453,233427,28717,0,0,233427,0
022a0bb891701b0161a7d4518415d0f4,13824,1536,0.440514,115478,146666,0,0,115478,0
022a0bb891701b0161a7d4518415d0f4,14336,1536,0.54496,142858,119286,0,0,142858,0
022a0bb891701b0161a7d4518415d0f4,14848,1536,0.670887,175869,86275,0,8823,167046,0
022a0bb891701b0161a7d4518415d0f4,15360,1536,0.251186,65847,196297,0,9821,56026,0
022a0bb891701b0161a7d4518415d0f4,15872,1536,0.051826,13586,248558,0,9129,4457,0
022a0bb891701b0161a7d4518415d0f4,16384,1536,0.241756,63375,198769,0,3567,59808,0
022a0bb891701b0161a7d4518415d0f4,16896,1536,0.237301,62207,199937,0,4703,55283,2221
022a0bb891701b0161a7d4518415d0f4,17408,1536,0.443943,116377,145767,0,0,116377,0
022a0bb891701b0161a7d4518415d0f4,17920,1536,0.09272,24306,237838,0,0,24306,0
022a0bb891701b0161a7d4518415d0f4,18432,1536,0.174465,45735,216409,0,45735,0,0
022a0bb891701b0161a7d4518415d0f4,18944,1536,0.244835,64182,197962,19785,44397,0,0
022a0bb891701b0161a7d4518415d0f4,19456,1536,0.287884,75467,186677,75467,0,0,0
022a0bb891701b0161a7d4518415d0f4,19968,1536,0.212967,55828,206316,0,55828,0,0
022a0bb891701b0161a7d4518415d0f4,20480,1536,0.185806,48708,213436,0,48708,0,0
022a0bb891701b0161a7d4518415d0f4,20992,1536,0.485744,127335,134809,83414,43921,0,0
022a0bb891701b0161a7d4518415d0f4,21504,1536,0.051838,13589,248555,13589,0,0,0
022a0bb891701b0161a7d4518415d0f4,22016,1536,0.185253,48563,213581,0,48528,35,0
022a0bb891701b0161a7d4518415d0f4,22528,1536,0.023285,6104,256040,0,6104,0,0
022a0bb891701b0161a7d4518415d0f4,1024,2048,0.150166,39365,222779,0,0,39365,0
022a0bb891701b0161a7d4518415d0f4,1536,2048,0.396259,103877,158267,0,0,103877,0
022a0bb891701b0161a7d4518415d0f4,2048,2048,0.531532,139338,122806,0,0,139338,0
022a0bb891701b0161a7d4518415d0f4,2560,2048,0.51059,133848,128296,0,0,133848,0
022a0bb891701b0161a7d4518415d0f4,3072,2048,0.55764,146182,115962,0,0,146182,0
022a0bb891701b0161a7d4518415d0f4,3584,2048,0.660454,173134,89010,0,0,173134,0
022a0bb891701b0161a7d4518415d0f4,4096,2048,0.027203,7131,255013,0,0,7131,0
022a0bb891701b0161a7d4518415d0f4,7680,2048,0.062599,16410,245734,0,0,16410,0
022a0bb891701b0161a7d4518415d0f4,8192,2048,0.682381,178882,83262,0,2651,176231,0
022a0bb891701b0161a7d4518415d0f4,8704,2048,0.723412,189638,72506,0,0,189638,0
022a0bb891701b0161a7d4518415d0f4,9216,2048,0.92524,242546,19598,0,0,242546,0
022a0bb891701b0161a7d4518415d0f4,9728,2048,0.897209,235198,26946,0,0,235198,0
022a0bb891701b0161a7d4518415d0f4,10240,2048,0.922752,241894,20250,0,0,241894,0
022a0bb891701b0161a7d4518415d0f4,10752,2048,0.397461,104192,157952,0,0,104192,0
022a0bb891701b0161a7d4518415d0f4,11264,2048,0.34771,91150,170994,0,0,91150,0
022a0bb891701b0161a7d4518415d0f4,11776,2048,0.379196,99404,162740,0,0,99404,0
022a0bb891701b0161a7d4518415d0f4,12288,2048,0.361725,94824,167320,0,0,94824,0
022a0bb891701b0161a7d4518415d0f4,12800,2048,0.623375,163414,98730,0,0,163414,0
022a0bb891701b0161a7d4518415d0f4,13312,2048,0.78075,204669,57475,0,0,204669,0
022a0bb891701b0161a7d4518415d0f4,13824,2048,0.631535,165553,96591,0,0,165553,0
022a0bb891701b0161a7d4518415d0f4,14336,2048,0.290604,76180,185964,0,0,76180,0
022a0bb891701b0161a7d4518415d0f4,14848,2048,0.052822,13847,248297,0,10043,3804,0
022a0bb891701b0161a7d4518415d0f4,15360,2048,0.087208,22861,239283,0,22828,33,0
022a0bb891701b0161a7d4518415d0f4,15872,2048,0.119381,31295,230849,0,31295,0,0
022a0bb891701b0161a7d4518415d0f4,16384,2048,0.013603,3566,258578,0,3566,0,0
022a0bb891701b0161a7d4518415d0f4,16896,2048,0.297436,77971,184173,0,6,77965,0
022a0bb891701b0161a7d4518415d0f4,17408,2048,0.200287,52504,209640,0,0,52504,0
022a0bb891701b0161a7d4518415d0f4,17920,2048,0.038837,10181,251963,0,0,10181,0
022a0bb891701b0161a7d4518415d0f4,18432,2048,0.21299,55834,206310,0,55834,0,0
022a0bb891701b0161a7d4518415d0f4,18944,2048,0.475063,124535,137609,118766,5769,0,0
022a0bb891701b0161a7d4518415d0f4,19456,2048,0.423885,111119,151025,101975,9144,0,0
022a0bb891701b0161a7d4518415d0f4,19968,2048,0.404434,106020,156124,22,105998,0,0
022a0bb891701b0161a7d4518415d0f4,20480,2048,0.23167,60731,201413,0,60731,0,0
022a0bb891701b0161a7d4518415d0f4,20992,2048,0.163647,42899,219245,3265,39634,0,0
022a0bb891701b0161a7d4518415d0f4,21504,2048,0.024643,6460,255684,6460,0,0,0
022a0bb891701b0161a7d4518415d0f4,2048,2560,0.078239,20510,241634,0,0,20510,0
022a0bb891701b0161a7d4518415d0f4,2560,2560,0.132339,34692,227452,0,0,34692,0
022a0bb891701b0161a7d4518415d0f4,3072,2560,0.26432,69290,192854,0,0,69290,0
022a0bb891701b0161a7d4518415d0f4,3584,2560,0.562733,147517,114627,0,0,147517,0
022a0bb891701b0161a7d4518415d0f4,4096,2560,0.307957,80729,181415,0,0,80729,0
022a0bb891701b0161a7d4518415d0f4,4608,2560,0.37344,97895,164249,0,0,97895,0
022a0bb891701b0161a7d4518415d0f4,6144,2560,0.145161,38053,224091,0,0,38053,0
022a0bb891701b0161a7d4518415d0f4,6656,2560,0.236164,61909,200235,0,0,61909,0
022a0bb891701b0161a7d4518415d0f4,7168,2560,0.036091,9461,252683,0,0,9461,0
022a0bb891701b0161a7d4518415d0f4,7680,2560,0.024418,6401,255743,0,0,6401,0
022a0bb891701b0161a7d4518415d0f4,8192,2560,0.156311,40976,221168,0,6665,34311,0
022a0bb891701b0161a7d4518415d0f4,8704,2560,0.084019,22025,240119,0,0,22025,0
022a0bb891701b0161a7d4518415d0f4,9216,2560,0.820728,215149,46995,0,0,215149,0
022a0bb891701b0161a7d4518415d0f4,9728,2560,0.613186,160743,101401,0,0,160743,0
022a0bb891701b0161a7d4518415d0f4,10240,2560,0.474247,124321,137823,0,0,124321,0
022a0bb891701b0161a7d4518415d0f4,10752,2560,0.045521,11933,250211,0,0,11933,0
022a0bb891701b0161a7d4518415d0f4,3584,3072,0.031425,8238,253906,0,0,8238,0
022a0bb891701b0161a7d4518415d0f4,4096,3072,0.576271,151066,111078,0,0,151066,0
022a0bb891701b0161a7d4518415d0f4,4608,3072,0.556946,146000,116144,0,0,146000,0
022a0bb891701b0161a7d4518415d0f4,5632,3072,0.466827,122376,139768,0,0,122376,0
022a0bb891701b0161a7d4518415d0f4,6144,3072,0.690651,181050,81094,0,0,181050,0
022a0bb891701b0161a7d4518415d0f4,6656,3072,0.723598,189687,72457,0,0,189687,0
022a0bb891701b0161a7d4518415d0f4,7168,3072,0.474415,124365,137779,0,0,124365,0
022a0bb891701b0161a7d4518415d0f4,7680,3072,0.136036,35661,226483,0,0,35661,0
022a0bb891701b0161a7d4518415d0f4,8192,3072,0.151333,39671,222473,0,0,36076,3595
022a0bb891701b0161a7d4518415d0f4,4096,3584,0.026749,7012,255132,0,0,7012,0
022a0bb891701b0161a7d4518415d0f4,4608,3584,0.193596,50750,211394,0,0,50750,0
022a0bb891701b0161a7d4518415d0f4,5120,3584,0.089001,23331,238813,0,0,23331,0
022a0bb891701b0161a7d4518415d0f4,5632,3584,0.476978,125037,137107,0,0,125037,0
022a0bb891701b0161a7d4518415d0f4,6144,3584,0.660347,173106,89038,0,0,173106,0
022a0bb891701b0161a7d4518415d0f4,6656,3584,0.775364,203257,58887,0,0,203257,0
022a0bb891701b0161a7d4518415d0f4,7168,3584,0.775261,203230,58914,0,0,203230,0
022a0bb891701b0161a7d4518415d0f4,7680,3584,0.322926,84653,177491,0,28668,55985,0
022a0bb891701b0161a7d4518415d0f4,8192,3584,0.015079,3953,258191,0,3953,0,0
022a0bb891701b0161a7d4518415d0f4,6144,4096,0.091209,23910,238234,0,0,23910,0
022a0bb891701b0161a7d4518415d0f4,6656,4096,0.272064,71320,190824,0,0,71320,0
022a0bb891701b0161a7d4518415d0f4,7168,4096,0.166241,43579,218565,0,0,43579,0
022a0bb891701b0161a7d4518415d0f4,7680,4096,0.015381,4032,258112,0,0,4032,0
0240270d611683829ea5bee2a8c52eb0,18432,1024,0.152672,40022,222122,40022,0,0,0
0240270d611683829ea5bee2a8c52eb0,18432,1536,0.034203,8966,253178,8966,0,0,0
0240270d611683829ea5bee2a8c52eb0,15872,2048,0.251286,65873,196271,65873,0,0,0
0240270d611683829ea5bee2a8c52eb0,15872,2560,0.063747,16711,245433,16711,0,0,0
0240270d611683829ea5bee2a8c52eb0,16384,2560,0.062706,16438,245706,16438,0,0,0
0240270d611683829ea5bee2a8c52eb0,1536,3072,0.021084,5527,256617,5527,0,0,0
0240270d611683829ea5bee2a8c52eb0,2048,3072,0.212147,55613,206531,54806,807,0,0
0240270d611683829ea5bee2a8c52eb0,2560,3072,0.168392,44143,218001,38870,5273,0,0
0240270d611683829ea5bee2a8c52eb0,1536,3584,0.155724,40822,221322,0,40822,0,0
0240270d611683829ea5bee2a8c52eb0,2048,3584,0.9058,237450,24694,12327,225123,0,0
0240270d611683829ea5bee2a8c52eb0,2560,3584,0.191177,50116,212028,12006,24871,13239,0
0240270d611683829ea5bee2a8c52eb0,3072,3584,0.066929,17545,244599,0,12315,5230,0
0240270d611683829ea5bee2a8c52eb0,3584,3584,0.113987,29881,232263,0,848,29033,0
0240270d611683829ea5bee2a8c52eb0,4096,3584,0.032261,8457,253687,4267,0,4190,0
0240270d611683829ea5bee2a8c52eb0,4608,3584,0.040802,10696,251448,10696,0,0,0
0240270d611683829ea5bee2a8c52eb0,13312,3584,0.113239,29685,232459,29685,0,0,0
0240270d611683829ea5bee2a8c52eb0,13824,3584,0.128872,33783,228361,33783,0,0,0
0240270d611683829ea5bee2a8c52eb0,1536,4096,0.223343,58548,203596,0,58548,0,0
0240270d611683829ea5bee2a8c52eb0,2048,4096,0.672409,176268,85876,0,124787,51481,0
0240270d611683829ea5bee2a8c52eb0,2560,4096,0.426899,111909,150235,0,57879,54030,0
0240270d611683829ea5bee2a8c52eb0,3072,4096,0.163616,42891,219253,0,18812,24079,0
0240270d611683829ea5bee2a8c52eb0,3584,4096,0.264744,69401,192743,0,8563,60733,105
0240270d611683829ea5bee2a8c52eb0,4096,4096,0.342659,89826,172318,86626,2902,0,298
0240270d611683829ea5bee2a8c52eb0,4608,4096,0.166676,43693,218451,16973,26720,0,0
0240270d611683829ea5bee2a8c52eb0,5120,4096,0.224934,58965,203179,0,6498,52467,0
0240270d611683829ea5bee2a8c52eb0,5632,4096,0.096439,25281,236863,0,14537,10744,0
0240270d611683829ea5bee2a8c52eb0,6144,4096,0.107952,28299,233845,0,28299,0,0
0240270d611683829ea5bee2a8c52eb0,6656,4096,0.063595,16671,245473,7931,0,8740,0
0240270d611683829ea5bee2a8c52eb0,12288,4096,0.01878,4923,257221,4923,0,0,0
0240270d611683829ea5bee2a8c52eb0,12800,4096,0.240715,63102,199042,63102,0,0,0
0240270d611683829ea5bee2a8c52eb0,13312,4096,0.047638,12488,249656,12488,0,0,0
0240270d611683829ea5bee2a8c52eb0,13824,4096,0.08181,21446,240698,4171,2048,15227,0
0240270d611683829ea5bee2a8c52eb0,2560,4608,0.034756,9111,253033,0,5977,3134,0
0240270d611683829ea5bee2a8c52eb0,3072,4608,0.013351,3500,258644,0,138,3362,0
0240270d611683829ea5bee2a8c52eb0,3584,4608,0.172649,45259,216885,2486,13356,18262,11155
0240270d611683829ea5bee2a8c52eb0,4096,4608,0.406898,106666,155478,40125,66071,0,470
0240270d611683829ea5bee2a8c52eb0,4608,4608,0.831654,218013,44131,0,218013,0,0
0240270d611683829ea5bee2a8c52eb0,5120,4608,0.411274,107813,154331,0,103861,3952,0
0240270d611683829ea5bee2a8c52eb0,5632,4608,0.53186,139424,122720,0,118006,21418,0
0240270d611683829ea5bee2a8c52eb0,6144,4608,0.459835,120543,141601,0,106110,14433,0
0240270d611683829ea5bee2a8c52eb0,6656,4608,0.356464,93445,168699,38382,45195,9868,0
0240270d611683829ea5bee2a8c52eb0,7168,4608,0.227615,59668,202476,59668,0,0,0
0240270d611683829ea5bee2a8c52eb0,7680,4608,0.070942,18597,243547,18597,0,0,0
0240270d611683829ea5bee2a8c52eb0,11776,4608,0.203629,53380,208764,0,35164,18216,0
0240270d611683829ea5bee2a8c52eb0,12288,4608,0.285686,74891,187253,74294,597,0,0
0240270d611683829ea5bee2a8c52eb0,12800,4608,0.223164,58501,203643,54784,0,3717,0
0240270d611683829ea5bee2a8c52eb0,13312,4608,0.294193,77121,185023,18273,28722,30126,0
0240270d611683829ea5bee2a8c52eb0,13824,4608,0.16383,42947,219197,12073,6716,24158,0
0240270d611683829ea5bee2a8c52eb0,14336,4608,0.050091,13131,249013,0,1983,11148,0
0240270d611683829ea5bee2a8c52eb0,4096,5120,0.092873,24346,237798,0,24346,0,0
0240270d611683829ea5bee2a8c52eb0,4608,5120,0.187904,49258,212886,0,38486,10772,0
0240270d611683829ea5bee2a8c52eb0,5120,5120,0.391453,102617,159527,0,54638,47979,0
0240270d611683829ea5bee2a8c52eb0,5632,5120,0.608128,159417,102727,0,114991,44426,0
0240270d611683829ea5bee2a8c52eb0,6144,5120,0.455029,119283,142861,5724,77775,35784,0
0240270d611683829ea5bee2a8c52eb0,6656,5120,0.472973,123987,138157,91717,11044,21226,0
0240270d611683829ea5bee2a8c52eb0,7168,5120,0.462322,121195,140949,119680,1515,0,0
0240270d611683829ea5bee2a8c52eb0,7680,5120,0.155876,40862,221282,40862,0,0,0
0240270d611683829ea5bee2a8c52eb0,8192,5120,0.244423,64074,198070,64074,0,0,0
0240270d611683829ea5bee2a8c52eb0,10240,5120,0.012791,3353,258791,3353,0,0,0
0240270d611683829ea5bee2a8c52eb0,10752,5120,0.045979,12053,250091,12053,0,0,0
0240270d611683829ea5bee2a8c52eb0,11264,5120,0.12886,33780,228364,25772,2584,3920,1504
0240270d611683829ea5bee2a8c52eb0,11776,5120,0.60191,157787,104357,32523,17202,83157,24905
0240270d611683829ea5bee2a8c52eb0,12288,5120,0.15292,40087,222057,36373,3714,0,0
0240270d611683829ea5bee2a8c52eb0,12800,5120,0.358917,94088,168056,1481,43730,48877,0
0240270d611683829ea5bee2a8c52eb0,13312,5120,0.571884,149916,112228,0,132425,17491,0
0240270d611683829ea5bee2a8c52eb0,5632,5632,0.085915,22522,239622,0,10326,12196,0
0240270d611683829ea5bee2a8c52eb0,6144,5632,0.202473,53077,209067,0,43070,10007,0
0240270d611683829ea5bee2a8c52eb0,6656,5632,0.096607,25325,236819,13440,9410,2475,0
0240270d611683829ea5bee2a8c52eb0,7168,5632,0.215744,56556,205588,33446,7795,15315,0
0240270d611683829ea5bee2a8c52eb0,7680,5632,0.330452,86626,175518,40716,0,45910,0
0240270d611683829ea5bee2a8c52eb0,8192,5632,0.483074,126635,135509,91045,10238,25352,0
0240270d611683829ea5bee2a8c52eb0,8704,5632,0.052647,13801,248343,0,13801,0,0
0240270d611683829ea5bee2a8c52eb0,9216,5632,0.048649,12753,249391,0,0,12753,0
0240270d611683829ea5bee2a8c52eb0,9728,5632,0.464394,121738,140406,30458,0,91280,0
0240270d611683829ea5bee2a8c52eb0,10240,5632,0.308235,80802,181342,56225,0,24577,0
0240270d611683829ea5bee2a8c52eb0,10752,5632,0.093182,24427,237717,24427,0,0,0
0240270d611683829ea5bee2a8c52eb0,11264,5632,0.381618,100039,162105,7173,65010,27856,0
0240270d611683829ea5bee2a8c52eb0,11776,5632,0.510723,133883,128261,74286,56119,3478,0
0240270d611683829ea5bee2a8c52eb0,12288,5632,0.217781,57090,205054,57090,0,0,0
0240270d611683829ea5bee2a8c52eb0,12800,5632,0.095959,25155,236989,25155,0,0,0
0240270d611683829ea5bee2a8c52eb0,7680,6144,0.09766,25601,236543,23587,0,2014,0
0240270d611683829ea5bee2a8c52eb0,8192,6144,0.539722,141485,120659,37121,0,104364,0
0240270d611683829ea5bee2a8c52eb0,8704,6144,0.463673,121549,140595,191,0,121358,0
0240270d611683829ea5bee2a8c52eb0,9216,6144,0.33596,88070,174074,0,0,88070,0
0240270d611683829ea5bee2a8c52eb0,9728,6144,0.573162,150251,111893,0,0,150251,0
0240270d611683829ea5bee2a8c52eb0,10240,6144,0.523895,137336,124808,38078,0,99258,0
0240270d611683829ea5bee2a8c52eb0,10752,6144,0.104717,27451,234693,15382,9853,2216,0
0240270d611683829ea5bee2a8c52eb0,11264,6144,0.583076,152850,109294,0,147906,4944,0
0240270d611683829ea5bee2a8c52eb0,11776,6144,0.883167,231517,30627,9333,219174,3010,0
0240270d611683829ea5bee2a8c52eb0,12288,6144,0.249176,65320,196824,14442,50878,0,0
0240270d611683829ea5bee2a8c52eb0,8192,6656,0.434647,113940,148204,0,0,113940,0
0240270d611683829ea5bee2a8c52eb0,8704,6656,0.9133,239416,22728,0,0,239416,0
0240270d611683829ea5bee2a8c52eb0,9216,6656,0.856201,224448,37696,0,0,224448,0
0240270d611683829ea5bee2a8c52eb0,9728,6656,0.724583,189945,72199,0,0,189945,0
0240270d611683829ea5bee2a8c52eb0,10240,6656,0.074028,19406,242738,718,0,18688,0
0240270d611683829ea5bee2a8c52eb0,11264,6656,0.11964,31363,230781,0,31363,0,0
0240270d611683829ea5bee2a8c52eb0,11776,6656,0.216969,56877,205267,0,56877,0,0
0240270d611683829ea5bee2a8c52eb0,12288,6656,0.014595,3826,258318,0,3826,0,0
0240270d611683829ea5bee2a8c52eb0,8704,7168,0.120159,31499,230645,0,0,31499,0
0240270d611683829ea5bee2a8c52eb0,9216,7168,0.403515,105779,156365,0,0,105779,0
0240270d611683829ea5bee2a8c52eb0,9728,7168,0.064735,16970,245174,0,0,16970,0
026dcf3b549e8fb23143ea82023f58be,512,0,0.137161,35956,226188,0,0,35956,0
026dcf3b549e8fb23143ea82023f58be,1024,0,0.63224,165738,96406,0,0,165738,0
026dcf3b549e8fb23143ea82023f58be,1536,0,0.314663,82487,179657,0,0,82487,0
026dcf3b549e8fb23143ea82023f58be,2048,0,0.019241,5044,257100,0,0,5044,0
026dcf3b549e8fb23143ea82023f58be,512,512,0.219059,57425,204719,0,0,57425,0
026dcf3b549e8fb23143ea82023f58be,1024,512,0.181259,47516,214628,0,0,47516,0
026dcf3b549e8fb23143ea82023f58be,1536,512,0.528316,138495,123649,0,0,138495,0
026dcf3b549e8fb23143ea82023f58be,2048,512,0.182529,47849,214295,0,0,47849,0
026dcf3b549e8fb23143ea82023f58be,512,1024,0.015579,4084,258060,0,0,4084,0
026dcf3b549e8fb23143ea82023f58be,1536,1024,0.034176,8959,253185,0,0,8959,0
026dcf3b549e8fb23143ea82023f58be,2560,1024,0.040653,10657,251487,0,10657,0,0
026dcf3b549e8fb23143ea82023f58be,3072,1024,0.134785,35333,226811,0,3179,20617,11537
026dcf3b549e8fb23143ea82023f58be,3584,1024,0.092144,24155,237989,0,0,20863,3292
026dcf3b549e8fb23143ea82023f58be,4096,1024,0.102406,26845,235299,0,20252,6092,501
026dcf3b549e8fb23143ea82023f58be,4608,1024,0.108189,28361,233783,0,24807,0,3554
026dcf3b549e8fb23143ea82023f58be,2048,1536,0.081814,21447,240697,21447,0,0,0
026dcf3b549e8fb23143ea82023f58be,3072,1536,0.067329,17650,244494,17040,0,610,0
026dcf3b549e8fb23143ea82023f58be,3584,1536,0.07967,20885,241259,0,0,20885,0
026dcf3b549e8fb23143ea82023f58be,4096,1536,0.084244,22084,240060,0,12631,6768,2685
026dcf3b549e8fb23143ea82023f58be,4608,1536,0.210789,55257,206887,24077,12532,9986,8662
026dcf3b549e8fb23143ea82023f58be,5120,1536,0.08223,21556,240588,21556,0,0,0
026dcf3b549e8fb23143ea82023f58be,5632,2048,0.0741,19425,242719,19425,0,0,0
026dcf3b549e8fb23143ea82023f58be,6144,2048,0.158386,41520,220624,41520,0,0,0
026dcf3b549e8fb23143ea82023f58be,6656,2048,0.052036,13641,248503,13641,0,0,0
026dcf3b549e8fb23143ea82023f58be,7168,2048,0.010624,2785,259359,0,0,2785,0
026dcf3b549e8fb23143ea82023f58be,7680,2048,0.107685,28229,233915,0,0,28229,0
026dcf3b549e8fb23143ea82023f58be,6656,2560,0.015255,3999,258145,0,0,3999,0
026dcf3b549e8fb23143ea82023f58be,7168,2560,0.416546,109195,152949,0,0,109195,0
026dcf3b549e8fb23143ea82023f58be,7680,2560,0.208515,54661,207483,0,0,54661,0
026dcf3b549e8fb23143ea82023f58be,8192,2560,0.07127,18683,243461,17173,0,1510,0
026dcf3b549e8fb23143ea82023f58be,8704,2560,0.067631,17729,244415,0,17729,0,0
026dcf3b549e8fb23143ea82023f58be,9216,2560,0.093555,24525,237619,0,24525,0,0
026dcf3b549e8fb23143ea82023f58be,9728,2560,0.087536,22947,239197,22947,0,0,0
026dcf3b549e8fb23143ea82023f58be,10240,2560,0.131302,34420,227724,34420,0,0,0
026dcf3b549e8fb23143ea82023f58be,7168,3072,0.333031,87302,174842,0,0,87302,0
026dcf3b549e8fb23143ea82023f58be,7680,3072,0.496574,130174,131970,0,0,130174,0
026dcf3b549e8fb23143ea82023f58be,8192,3072,0.163471,42853,219291,0,21724,21129,0
026dcf3b549e8fb23143ea82023f58be,8704,3072,0.394474,103409,158735,0,103409,0,0
026dcf3b549e8fb23143ea82023f58be,9216,3072,0.125923,33010,229134,0,33010,0,0
026dcf3b549e8fb23143ea82023f58be,9728,3072,0.159607,41840,220304,41840,0,0,0
026dcf3b549e8fb23143ea82023f58be,11264,3072,0.215534,56501,205643,0,0,56501,0
026dcf3b549e8fb23143ea82023f58be,11776,3072,0.051483,13496,248648,0,0,13496,0
026dcf3b549e8fb23143ea82023f58be,12288,3072,0.19315,50633,211511,0,0,50633,0
026dcf3b549e8fb23143ea82023f58be,12800,3072,0.184399,48339,213805,0,0,48339,0
026dcf3b549e8fb23143ea82023f58be,13312,3072,0.143116,37517,224627,0,0,37517,0
026dcf3b549e8fb23143ea82023f58be,14848,3072,0.173206,45405,216739,0,0,917,44488
026dcf3b549e8fb23143ea82023f58be,15360,3072,0.436485,114422,147722,0,0,0,114422
026dcf3b549e8fb23143ea82023f58be,15872,3072,0.547626,143557,118587,0,0,0,143557
026dcf3b549e8fb23143ea82023f58be,16384,3072,0.363777,95362,166782,0,0,0,95362
026dcf3b549e8fb23143ea82023f58be,16896,3072,0.014843,3891,258253,0,0,0,3891
026dcf3b549e8fb23143ea82023f58be,7680,3584,0.016251,4260,257884,0,0,4260,0
026dcf3b549e8fb23143ea82023f58be,8192,3584,0.069923,18330,243814,0,14390,3940,0
026dcf3b549e8fb23143ea82023f58be,8704,3584,0.325954,85447,176697,0,85447,0,0
026dcf3b549e8fb23143ea82023f58be,9216,3584,0.048439,12698,249446,0,12698,0,0
026dcf3b549e8fb23143ea82023f58be,9728,3584,0.027065,7095,255049,7095,0,0,0
026dcf3b549e8fb23143ea82023f58be,12288,3584,0.35556,93208,168936,0,80189,13019,0
026dcf3b549e8fb23143ea82023f58be,12800,3584,0.320202,83939,178205,0,0,83939,0
026dcf3b549e8fb23143ea82023f58be,13312,3584,0.204624,53641,208503,0,0,53641,0
026dcf3b549e8fb23143ea82023f58be,14336,3584,0.413742,108460,153684,0,11731,96729,0
026dcf3b549e8fb23143ea82023f58be,14848,3584,0.76086,199455,62689,0,2094,104578,92783
026dcf3b549e8fb23143ea82023f58be,15360,3584,1.0,262144,0,0,0,0,262144
026dcf3b549e8fb23143ea82023f58be,15872,3584,0.989872,259489,2655,0,0,0,259489
026dcf3b549e8fb23143ea82023f58be,16384,3584,0.859634,225348,36796,0,0,0,225348
026dcf3b549e8fb23143ea82023f58be,16896,3584,0.29364,76976,185168,0,0,0,76976
026dcf3b549e8fb23143ea82023f58be,14336,4096,0.025299,6632,255512,0,0,6632,0
026dcf3b549e8fb23143ea82023f58be,14848,4096,0.194763,51056,211088,0,14296,1655,35105
026dcf3b549e8fb23143ea82023f58be,15360,4096,0.372284,97592,164552,0,0,0,97592
026dcf3b549e8fb23143ea82023f58be,15872,4096,0.071857,18837,243307,0,0,0,18837
09aa67c5eb010454e88598c6ac50c695,4608,5120,0.109379,28673,233471,0,28673,0,0
09aa67c5eb010454e88598c6ac50c695,5120,5120,0.057545,15085,247059,0,15085,0,0
09aa67c5eb010454e88598c6ac50c695,4608,5632,0.147076,38555,223589,0,38555,0,0
09aa67c5eb010454e88598c6ac50c695,5120,5632,0.271851,71264,190880,0,71264,0,0
09aa67c5eb010454e88598c6ac50c695,3584,6144,0.041119,10779,251365,0,10779,0,0
09aa67c5eb010454e88598c6ac50c695,4096,6144,0.309933,81247,180897,0,81247,0,0
09aa67c5eb010454e88598c6ac50c695,4608,6144,0.067543,17706,244438,0,17706,0,0
09aa67c5eb010454e88598c6ac50c695,5120,6144,0.233944,61327,200817,0,61327,0,0
09aa67c5eb010454e88598c6ac50c695,3584,6656,0.210472,55174,206970,0,55174,0,0
09aa67c5eb010454e88598c6ac50c695,4096,6656,0.530796,139145,122999,0,139145,0,0
09aa67c5eb010454e88598c6ac50c695,4608,6656,0.332989,87291,174853,0,87291,0,0
09aa67c5eb010454e88598c6ac50c695,5120,6656,0.027393,7181,254963,0,7181,0,0
09aa67c5eb010454e88598c6ac50c695,3584,7168,0.203484,53342,208802,0,53342,0,0
09aa67c5eb010454e88598c6ac50c695,4096,7168,0.45953,120463,141681,0,120463,0,0
09aa67c5eb010454e88598c6ac50c695,4608,7168,0.185658,48669,213475,0,48669,0,0
09aa67c5eb010454e88598c6ac50c695,3072,7680,0.166321,43600,218544,0,43600,0,0
09aa67c5eb010454e88598c6ac50c695,3584,7680,0.138752,36373,225771,0,36373,0,0
09aa67c5eb010454e88598c6ac50c695,4096,7680,0.378292,99167,162977,0,99167,0,0
09aa67c5eb010454e88598c6ac50c695,4608,7680,0.152046,39858,222286,0,39858,0,0
09aa67c5eb010454e88598c6ac50c695,3072,8192,0.22226,58264,203880,0,58264,0,0
09aa67c5eb010454e88598c6ac50c695,3584,8192,0.326958,85710,176434,0,85710,0,0
09aa67c5eb010454e88598c6ac50c695,4096,8192,0.311447,81644,180500,0,81644,0,0
09aa67c5eb010454e88598c6ac50c695,4608,8192,0.044563,11682,250462,0,11682,0,0
09aa67c5eb010454e88598c6ac50c695,2560,8704,0.011208,2938,259206,0,2938,0,0
09aa67c5eb010454e88598c6ac50c695,3072,8704,0.39949,104724,157420,0,104724,0,0
09aa67c5eb010454e88598c6ac50c695,3584,8704,0.451336,118315,143829,58336,59979,0,0
09aa67c5eb010454e88598c6ac50c695,4096,8704,0.205593,53895,208249,47870,6025,0,0
09aa67c5eb010454e88598c6ac50c695,2560,9216,0.067158,17605,244539,7363,10242,0,0
09aa67c5eb010454e88598c6ac50c695,3072,9216,0.289715,75947,186197,0,75947,0,0
09aa67c5eb010454e88598c6ac50c695,3584,9216,0.346897,90937,171207,45504,45433,0,0
09aa67c5eb010454e88598c6ac50c695,4096,9216,0.08313,21792,240352,0,21792,0,0
09aa67c5eb010454e88598c6ac50c695,2560,9728,0.12149,31848,230296,26347,5501,0,0
09aa67c5eb010454e88598c6ac50c695,3072,9728,0.339775,89070,173074,4710,84360,0,0
09aa67c5eb010454e88598c6ac50c695,3584,9728,0.368752,96666,165478,25492,71174,0,0
09aa67c5eb010454e88598c6ac50c695,2048,10240,0.095104,24931,237213,0,24931,0,0
09aa67c5eb010454e88598c6ac50c695,2560,10240,0.347656,91136,171008,0,91136,0,0
09aa67c5eb010454e88598c6ac50c695,3072,10240,0.392136,102796,159348,0,102796,0,0
09aa67c5eb010454e88598c6ac50c695,3584,10240,0.315674,82752,179392,0,82752,0,0
09aa67c5eb010454e88598c6ac50c695,2048,10752,0.327526,85859,176285,37555,48304,0,0
09aa67c5eb010454e88598c6ac50c695,2560,10752,0.536804,140720,121424,81898,58822,0,0
09aa67c5eb010454e88598c6ac50c695,3072,10752,0.442848,116090,146054,15594,100496,0,0
09aa67c5eb010454e88598c6ac50c695,3584,10752,0.277588,72768,189376,0,72768,0,0
09aa67c5eb010454e88598c6ac50c695,2048,11264,0.561619,147225,114919,116928,30297,0,0
09aa67c5eb010454e88598c6ac50c695,2560,11264,0.567459,148756,113388,148756,0,0,0
09aa67c5eb010454e88598c6ac50c695,3072,11264,0.199535,52307,209837,26140,26167,0,0
09aa67c5eb010454e88598c6ac50c695,1536,11776,0.177052,46413,215731,46413,0,0,0
09aa67c5eb010454e88598c6ac50c695,2048,11776,0.616283,161555,100589,161555,0,0,0
09aa67c5eb010454e88598c6ac50c695,2560,11776,0.452694,118671,143473,118671,0,0,0
09aa67c5eb010454e88598c6ac50c695,1536,12288,0.109459,28694,233450,28694,0,0,0
09aa67c5eb010454e88598c6ac50c695,2048,12288,0.201977,52947,209197,52947,0,0,0
09aa67c5eb010454e88598c6ac50c695,1536,12800,0.604801,158545,103599,134394,24151,0,0
09aa67c5eb010454e88598c6ac50c695,2048,12800,0.171059,44842,217302,44842,0,0,0
09aa67c5eb010454e88598c6ac50c695,1024,13312,0.351322,92097,170047,0,92097,0,0
09aa67c5eb010454e88598c6ac50c695,1536,13312,0.596161,156280,105864,126,156154,0,0
09aa67c5eb010454e88598c6ac50c695,2048,13312,0.098961,25942,236202,139,25803,0,0
09aa67c5eb010454e88598c6ac50c695,1024,13824,0.087681,22985,239159,0,22985,0,0
09aa67c5eb010454e88598c6ac50c695,1536,13824,0.517643,135697,126447,0,135697,0,0
09aa67c5eb010454e88598c6ac50c695,2048,13824,0.293655,76980,185164,0,76980,0,0
09aa67c5eb010454e88598c6ac50c695,1024,14336,0.266109,69759,192385,0,69759,0,0
09aa67c5eb010454e88598c6ac50c695,1536,14336,0.078758,20646,241498,0,20646,0,0
09aa67c5eb010454e88598c6ac50c695,1536,14848,0.010086,2644,259500,0,2644,0,0
09aa67c5eb010454e88598c6ac50c695,1024,15360,0.020046,5255,256889,0,5255,0,0
09aa67c5eb010454e88598c6ac50c695,1536,15360,0.025528,6692,255452,0,6692,0,0
09aa67c5eb010454e88598c6ac50c695,512,15872,0.085148,22321,239823,0,22321,0,0
09aa67c5eb010454e88598c6ac50c695,1024,15872,0.188553,49428,212716,0,49428,0,0
09aa67c5eb010454e88598c6ac50c695,512,16896,0.023277,6102,256042,157,5945,0,0
09aa67c5eb010454e88598c6ac50c695,1024,16896,0.145901,38247,223897,0,38247,0,0
09aa67c5eb010454e88598c6ac50c695,512,17408,0.234913,61581,200563,61545,36,0,0
09aa67c5eb010454e88598c6ac50c695,1024,17408,0.539352,141388,120756,141388,0,0,0
09aa67c5eb010454e88598c6ac50c695,1024,17920,0.218513,57282,204862,57282,0,0,0
09aa67c5eb010454e88598c6ac50c695,1536,17920,0.18681,48971,213173,26977,21994,0,0
09aa67c5eb010454e88598c6ac50c695,1024,18432,0.068295,17903,244241,17903,0,0,0
09aa67c5eb010454e88598c6ac50c695,1536,18432,0.126091,33054,229090,33054,0,0,0
09aa67c5eb010454e88598c6ac50c695,2048,18432,0.055958,14669,247475,0,14669,0,0
09aa67c5eb010454e88598c6ac50c695,1024,18944,0.2425,63570,198574,46342,17228,0,0
09aa67c5eb010454e88598c6ac50c695,1536,18944,0.227753,59704,202440,39012,20692,0,0
09aa67c5eb010454e88598c6ac50c695,2048,18944,0.358658,94020,168124,6965,87055,0,0
09aa67c5eb010454e88598c6ac50c695,2560,18944,0.118786,31139,231005,11680,19459,0,0
09aa67c5eb010454e88598c6ac50c695,1024,19456,0.038914,10201,251943,0,10201,0,0
09aa67c5eb010454e88598c6ac50c695,1536,19456,0.398857,104558,157586,17500,87058,0,0
09aa67c5eb010454e88598c6ac50c695,2048,19456,0.431358,113078,149066,109205,3873,0,0
09aa67c5eb010454e88598c6ac50c695,2560,19456,0.533691,139904,122240,124786,15118,0,0
09aa67c5eb010454e88598c6ac50c695,3072,19456,0.113564,29770,232374,12661,17109,0,0
09aa67c5eb010454e88598c6ac50c695,1536,19968,0.205719,53928,208216,41745,12183,0,0
09aa67c5eb010454e88598c6ac50c695,2048,19968,0.680817,178472,83672,178472,0,0,0
09aa67c5eb010454e88598c6ac50c695,2560,19968,0.628059,164642,97502,134786,29856,0,0
09aa67c5eb010454e88598c6ac50c695,3072,19968,0.148415,38906,223238,38906,0,0,0
09aa67c5eb010454e88598c6ac50c695,2048,20480,0.159695,41863,220281,41863,0,0,0
09aa67c5eb010454e88598c6ac50c695,2560,20480,0.427658,112108,150036,95440,16668,0,0
09aa67c5eb010454e88598c6ac50c695,3072,20480,0.039551,10368,251776,5773,4595,0,0
09aa67c5eb010454e88598c6ac50c695,3584,20480,0.186939,49005,213139,49005,0,0,0
09aa67c5eb010454e88598c6ac50c695,4096,20480,0.023701,6213,255931,6213,0,0,0
09aa67c5eb010454e88598c6ac50c695,3072,20992,0.056091,14704,247440,0,14704,0,0
09aa67c5eb010454e88598c6ac50c695,3584,20992,0.11425,29950,232194,29624,326,0,0
09aa67c5eb010454e88598c6ac50c695,4096,20992,0.305988,80213,181931,80213,0,0,0
09aa67c5eb010454e88598c6ac50c695,4096,22016,0.402454,105501,156643,105501,0,0,0
09aa67c5eb010454e88598c6ac50c695,4608,22016,0.218803,57358,204786,10198,47160,0,0
09aa67c5eb010454e88598c6ac50c695,5120,22016,0.012184,3194,258950,0,3194,0,0
09aa67c5eb010454e88598c6ac50c695,4096,22528,0.013771,3610,258534,3610,0,0,0
09aa67c5eb010454e88598c6ac50c695,4608,22528,0.120373,31555,230589,0,31555,0,0
09aa67c5eb010454e88598c6ac50c695,5120,22528,0.036324,9522,252622,0,9522,0,0
09aa67c5eb010454e88598c6ac50c695,4608,23040,0.133373,34963,227181,0,34963,0,0
09aa67c5eb010454e88598c6ac50c695,5120,23040,0.190033,49816,212328,0,49816,0,0
09f734438a9b2f3cf78c72eef5c45b30,5120,512,0.268162,70297,191847,0,0,70297,0
09f734438a9b2f3cf78c72eef5c45b30,5632,512,0.266037,69740,192404,0,884,68856,0
09f734438a9b2f3cf78c72eef5c45b30,6144,512,0.020782,5448,256696,0,5448,0,0
09f734438a9b2f3cf78c72eef5c45b30,7168,512,0.158283,41493,220651,0,41493,0,0
09f734438a9b2f3cf78c72eef5c45b30,7680,512,0.157394,41260,220884,0,0,41260,0
09f734438a9b2f3cf78c72eef5c45b30,8192,512,0.163952,42979,219165,0,0,42979,0
09f734438a9b2f3cf78c72eef5c45b30,8704,512,0.056664,14854,247290,0,3463,11391,0
09f734438a9b2f3cf78c72eef5c45b30,9216,512,0.158295,41496,220648,0,41496,0,0
09f734438a9b2f3cf78c72eef5c45b30,9728,512,0.211235,55374,206770,85,45793,9496,0
09f734438a9b2f3cf78c72eef5c45b30,10240,512,0.446056,116931,145213,105614,0,11317,0
09f734438a9b2f3cf78c72eef5c45b30,10752,512,0.152916,40086,222058,39518,568,0,0
09f734438a9b2f3cf78c72eef5c45b30,11264,512,0.271267,71111,191033,0,15456,55655,0
09f734438a9b2f3cf78c72eef5c45b30,11776,512,0.282047,73937,188207,0,0,73937,0
09f734438a9b2f3cf78c72eef5c45b30,12288,512,0.085636,22449,239695,0,0,22449,0
09f734438a9b2f3cf78c72eef5c45b30,2048,1024,0.075798,19870,242274,0,0,19870,0
09f734438a9b2f3cf78c72eef5c45b30,2560,1024,0.216927,56866,205278,0,0,56866,0
09f734438a9b2f3cf78c72eef5c45b30,3072,1024,0.329182,86293,175851,0,0,86293,0
09f734438a9b2f3cf78c72eef5c45b30,3584,1024,0.302753,79365,182779,0,0,79365,0
09f734438a9b2f3cf78c72eef5c45b30,4096,1024,0.536282,140583,121561,0,0,140583,0
09f734438a9b2f3cf78c72eef5c45b30,4608,1024,0.034515,9048,253096,0,0,9048,0
09f734438a9b2f3cf78c72eef5c45b30,5120,1024,0.207218,54321,207823,0,0,54321,0
09f734438a9b2f3cf78c72eef5c45b30,5632,1024,0.091541,23997,238147,0,7354,16643,0
09f734438a9b2f3cf78c72eef5c45b30,6144,1024,0.077236,20247,241897,0,16092,4155,0
09f734438a9b2f3cf78c72eef5c45b30,6656,1024,0.076069,19941,242203,0,0,19941,0
09f734438a9b2f3cf78c72eef5c45b30,7680,1024,0.45879,120269,141875,0,0,120269,0
09f734438a9b2f3cf78c72eef5c45b30,8192,1024,0.578167,151563,110581,0,0,151563,0
09f734438a9b2f3cf78c72eef5c45b30,8704,1024,0.289757,75958,186186,0,3252,72706,0
09f734438a9b2f3cf78c72eef5c45b30,9216,1024,0.209221,54846,207298,0,54846,0,0
09f734438a9b2f3cf78c72eef5c45b30,9728,1024,0.591793,155135,107009,744,150243,4148,0
09f734438a9b2f3cf78c72eef5c45b30,10240,1024,0.621365,162887,99257,130874,13930,18083,0
09f734438a9b2f3cf78c72eef5c45b30,10752,1024,0.465885,122129,140015,54911,67207,11,0
09f734438a9b2f3cf78c72eef5c45b30,11264,1024,0.539738,141489,120655,0,40409,101080,0
09f734438a9b2f3cf78c72eef5c45b30,11776,1024,0.999512,262016,128,0,0,262016,0
09f734438a9b2f3cf78c72eef5c45b30,12288,1024,0.999413,261990,154,0,0,261990,0
09f734438a9b2f3cf78c72eef5c45b30,12800,1024,0.53743,140884,121260,0,0,140884,0
09f734438a9b2f3cf78c72eef5c45b30,2048,1536,0.016571,4344,257800,0,0,4344,0
09f734438a9b2f3cf78c72eef5c45b30,3072,1536,0.070175,18396,243748,0,0,18396,0
09f734438a9b2f3cf78c72eef5c45b30,3584,1536,0.099648,26122,236022,0,0,26122,0
09f734438a9b2f3cf78c72eef5c45b30,4096,1536,0.013538,3549,258595,0,0,3549,0
09f734438a9b2f3cf78c72eef5c45b30,7680,1536,0.092636,24284,237860,0,0,24284,0
09f734438a9b2f3cf78c72eef5c45b30,8192,1536,0.036472,9561,252583,0,0,9561,0
09f734438a9b2f3cf78c72eef5c45b30,8704,1536,0.035976,9431,252713,0,0,9431,0
09f734438a9b2f3cf78c72eef5c45b30,9216,1536,0.12595,33017,229127,0,0,33017,0
09f734438a9b2f3cf78c72eef5c45b30,9728,1536,0.122604,32140,230004,0,22109,10031,0
09f734438a9b2f3cf78c72eef5c45b30,10240,1536,0.129498,33947,228197,0,23581,10366,0
09f734438a9b2f3cf78c72eef5c45b30,10752,1536,0.142647,37394,224750,0,2856,34538,0
09f734438a9b2f3cf78c72eef5c45b30,11264,1536,0.115719,30335,231809,0,0,30335,0
09f734438a9b2f3cf78c72eef5c45b30,11776,1536,0.349304,91568,170576,0,0,91568,0
09f734438a9b2f3cf78c72eef5c45b30,12288,1536,0.492435,129089,133055,0,0,129089,0
09f734438a9b2f3cf78c72eef5c45b30,12800,1536,0.424919,111390,150754,0,8822,102568,0
09f734438a9b2f3cf78c72eef5c45b30,13312,1536,0.169456,44422,217722,0,44422,0,0
09f734438a9b2f3cf78c72eef5c45b30,12288,2048,0.214664,56273,205871,0,0,56273,0
09f734438a9b2f3cf78c72eef5c45b30,12800,2048,0.089798,23540,238604,0,4080,19460,0
09f734438a9b2f3cf78c72eef5c45b30,13312,2048,0.411171,107786,154358,0,86654,21132,0
09f734438a9b2f3cf78c72eef5c45b30,13824,2048,0.18573,48688,213456,0,24704,23984,0
09f734438a9b2f3cf78c72eef5c45b30,13312,2560,0.101669,26652,235492,0,19735,6917,0
09f734438a9b2f3cf78c72eef5c45b30,13824,2560,0.494804,129710,132434,0,154,129556,0
09f734438a9b2f3cf78c72eef5c45b30,14336,2560,0.667564,174998,87146,0,0,174998,0
09f734438a9b2f3cf78c72eef5c45b30,14848,2560,0.129833,34035,228109,0,0,34035,0
09f734438a9b2f3cf78c72eef5c45b30,13312,3072,0.093105,24407,237737,0,0,24407,0
09f734438a9b2f3cf78c72eef5c45b30,13824,3072,0.486008,127404,134740,0,0,127404,0
09f734438a9b2f3cf78c72eef5c45b30,14336,3072,0.767979,201321,60823,0,0,201321,0
09f734438a9b2f3cf78c72eef5c45b30,14848,3072,0.672611,176321,85823,0,0,176321,0
09f734438a9b2f3cf78c72eef5c45b30,15360,3072,0.320438,84001,178143,0,0,84001,0
09f734438a9b2f3cf78c72eef5c45b30,15872,3072,0.063068,16533,245611,0,0,16533,0
09f734438a9b2f3cf78c72eef5c45b30,13824,3584,0.066818,17516,244628,0,0,17516,0
09f734438a9b2f3cf78c72eef5c45b30,14336,3584,0.185848,48719,213425,0,0,48719,0
09f734438a9b2f3cf78c72eef5c45b30,14848,3584,0.348766,91427,170717,0,35340,56087,0
09f734438a9b2f3cf78c72eef5c45b30,15360,3584,0.944332,247551,14593,0,0,247551,0
09f734438a9b2f3cf78c72eef5c45b30,15872,3584,0.910404,238657,23487,0,0,238657,0
09f734438a9b2f3cf78c72eef5c45b30,16384,3584,0.128334,33642,228502,0,0,33642,0
09f734438a9b2f3cf78c72eef5c45b30,14848,4096,0.055756,14616,247528,0,931,13685,0
09f734438a9b2f3cf78c72eef5c45b30,15360,4096,0.914036,239609,22535,0,0,239609,0
09f734438a9b2f3cf78c72eef5c45b30,15872,4096,1.0,262144,0,0,0,262144,0
09f734438a9b2f3cf78c72eef5c45b30,16384,4096,0.953003,249824,12320,0,0,249824,0
09f734438a9b2f3cf78c72eef5c45b30,16896,4096,0.568707,149083,113061,0,0,149083,0
09f734438a9b2f3cf78c72eef5c45b30,17408,4096,0.203308,53296,208848,0,0,53296,0
09f734438a9b2f3cf78c72eef5c45b30,15360,4608,0.062092,16277,245867,0,0,16277,0
09f734438a9b2f3cf78c72eef5c45b30,15872,4608,0.36367,95334,166810,0,0,95334,0
09f734438a9b2f3cf78c72eef5c45b30,16384,4608,0.837681,219593,42551,0,0,219593,0
09f734438a9b2f3cf78c72eef5c45b30,16896,4608,0.854572,224021,38123,0,0,224021,0
09f734438a9b2f3cf78c72eef5c45b30,17408,4608,0.843048,221000,41144,0,0,221000,0
09f734438a9b2f3cf78c72eef5c45b30,17920,4608,0.302471,79291,182853,0,34869,44422,0
09f734438a9b2f3cf78c72eef5c45b30,16384,5120,0.091141,23892,238252,0,0,23892,0
09f734438a9b2f3cf78c72eef5c45b30,16896,5120,0.411713,107928,154216,0,0,107928,0
09f734438a9b2f3cf78c72eef5c45b30,17408,5120,0.813072,213142,49002,0,0,213142,0
09f734438a9b2f3cf78c72eef5c45b30,17920,5120,0.860592,225599,36545,0,28649,196950,0
09f734438a9b2f3cf78c72eef5c45b30,18432,5120,0.438046,114831,147313,0,54028,33092,27711
09f734438a9b2f3cf78c72eef5c45b30,18944,5120,0.106121,27819,234325,0,27231,588,0
09f734438a9b2f3cf78c72eef5c45b30,19456,5120,0.019558,5127,257017,0,0,5127,0
09f734438a9b2f3cf78c72eef5c45b30,16896,5632,0.018742,4913,257231,0,0,4913,0
09f734438a9b2f3cf78c72eef5c45b30,17408,5632,0.449638,117870,144274,0,0,117870,0
09f734438a9b2f3cf78c72eef5c45b30,17920,5632,0.806522,211425,50719,0,0,211425,0
09f734438a9b2f3cf78c72eef5c45b30,18432,5632,0.404827,106123,156021,0,62424,43699,0
09f734438a9b2f3cf78c72eef5c45b30,18944,5632,0.308311,80822,181322,0,40517,40305,0
09f734438a9b2f3cf78c72eef5c45b30,19456,5632,0.484673,127054,135090,0,0,127054,0
09f734438a9b2f3cf78c72eef5c45b30,19968,5632,0.206425,54113,208031,0,34905,19208,0
09f734438a9b2f3cf78c72eef5c45b30,17408,6144,0.051262,13438,248706,0,0,13438,0
09f734438a9b2f3cf78c72eef5c45b30,17920,6144,0.677219,177529,84615,0,0,177529,0
09f734438a9b2f3cf78c72eef5c45b30,18432,6144,0.142796,37433,224711,0,0,37433,0
09f734438a9b2f3cf78c72eef5c45b30,18944,6144,0.08065,21142,241002,0,20367,775,0
09f734438a9b2f3cf78c72eef5c45b30,19456,6144,0.655388,171806,90338,0,0,171806,0
09f734438a9b2f3cf78c72eef5c45b30,19968,6144,0.627476,164489,97655,0,78913,85576,0
09f734438a9b2f3cf78c72eef5c45b30,20480,6144,0.682114,178812,83332,0,178398,414,0
09f734438a9b2f3cf78c72eef5c45b30,20992,6144,0.055309,14499,247645,0,4747,9752,0
09f734438a9b2f3cf78c72eef5c45b30,19456,6656,0.307129,80512,181632,0,0,80512,0
09f734438a9b2f3cf78c72eef5c45b30,19968,6656,0.736423,193049,69095,0,0,191070,1979
09f734438a9b2f3cf78c72eef5c45b30,20480,6656,0.706371,185171,76973,0,102959,81779,433
09f734438a9b2f3cf78c72eef5c45b30,20992,6656,0.55368,145144,117000,0,65402,79742,0
09f734438a9b2f3cf78c72eef5c45b30,21504,6656,0.275711,72276,189868,0,17485,54791,0
09f734438a9b2f3cf78c72eef5c45b30,18944,7168,0.016853,4418,257726,0,0,4418,0
09f734438a9b2f3cf78c72eef5c45b30,19456,7168,0.245316,64308,197836,0,0,64308,0
09f734438a9b2f3cf78c72eef5c45b30,19968,7168,0.272427,71415,190729,0,0,71415,0
09f734438a9b2f3cf78c72eef5c45b30,20480,7168,0.602905,158048,104096,0,48014,110034,0
09f734438a9b2f3cf78c72eef5c45b30,20992,7168,0.683514,179179,82965,0,2930,176249,0
09f734438a9b2f3cf78c72eef5c45b30,21504,7168,0.31749,83228,178916,0,28496,51033,3699
09f734438a9b2f3cf78c72eef5c45b30,22016,7168,0.43042,112832,149312,0,71061,40677,1094
09f734438a9b2f3cf78c72eef5c45b30,20480,7680,0.582359,152662,109482,0,1421,151241,0
09f734438a9b2f3cf78c72eef5c45b30,20992,7680,0.303856,79654,182490,0,66799,12855,0
09f734438a9b2f3cf78c72eef5c45b30,21504,7680,0.389351,102066,160078,0,26613,75453,0
09f734438a9b2f3cf78c72eef5c45b30,22016,7680,0.893368,234191,27953,0,1642,232549,0
09f734438a9b2f3cf78c72eef5c45b30,22528,7680,0.083103,21785,240359,0,0,21785,0
09f734438a9b2f3cf78c72eef5c45b30,20480,8192,0.035473,9299,252845,0,0,9299,0
09f734438a9b2f3cf78c72eef5c45b30,20992,8192,0.066708,17487,244657,0,7936,9551,0
09f734438a9b2f3cf78c72eef5c45b30,21504,8192,0.033024,8657,253487,0,8657,0,0
09f734438a9b2f3cf78c72eef5c45b30,22016,8192,0.077713,20372,241772,0,4111,16261,0
0a336d5bc71e1f83d453297413f11e9b,12800,512,0.080414,21080,241064,0,0,19245,1835
0a336d5bc71e1f83d453297413f11e9b,13312,512,0.094837,24861,237283,0,0,22325,2536
0a336d5bc71e1f83d453297413f11e9b,13824,512,0.129013,33820,228324,0,0,33820,0
0a336d5bc71e1f83d453297413f11e9b,14336,512,0.023415,6138,256006,0,0,6138,0
0a336d5bc71e1f83d453297413f11e9b,10752,1024,0.021133,5540,256604,490,0,5050,0
0a336d5bc71e1f83d453297413f11e9b,11776,1024,0.1064,27892,234252,0,0,27892,0
0a336d5bc71e1f83d453297413f11e9b,12288,1024,0.148563,38945,223199,0,0,38945,0
0a336d5bc71e1f83d453297413f11e9b,12800,1024,0.593163,155494,106650,0,0,95241,60253
0a336d5bc71e1f83d453297413f11e9b,13312,1024,0.628391,164729,97415,0,0,138074,26655
0a336d5bc71e1f83d453297413f11e9b,13824,1024,0.076656,20095,242049,0,0,20095,0
0a336d5bc71e1f83d453297413f11e9b,14336,1024,0.125919,33009,229135,0,0,33009,0
0a336d5bc71e1f83d453297413f11e9b,15360,1024,0.482906,126591,135553,0,22174,104417,0
0a336d5bc71e1f83d453297413f11e9b,15872,1024,0.466328,122245,139899,0,32577,89668,0
0a336d5bc71e1f83d453297413f11e9b,16384,1024,0.176117,46168,215976,0,15405,30763,0
0a336d5bc71e1f83d453297413f11e9b,7680,1536,0.198433,52018,210126,0,0,52018,0
0a336d5bc71e1f83d453297413f11e9b,8192,1536,0.461967,121102,141042,5202,0,115900,0
0a336d5bc71e1f83d453297413f11e9b,8704,1536,0.408794,107163,154981,33349,0,73814,0
0a336d5bc71e1f83d453297413f11e9b,9216,1536,0.432552,113391,148753,0,0,113391,0
0a336d5bc71e1f83d453297413f11e9b,9728,1536,0.236847,62088,200056,0,0,62088,0
0a336d5bc71e1f83d453297413f11e9b,10240,1536,0.594559,155860,106284,989,0,154871,0
0a336d5bc71e1f83d453297413f11e9b,10752,1536,0.735191,192726,69418,615,0,192111,0
0a336d5bc71e1f83d453297413f11e9b,11264,1536,0.242027,63446,198698,0,0,63446,0
0a336d5bc71e1f83d453297413f11e9b,11776,1536,0.205227,53799,208345,0,29454,24345,0
0a336d5bc71e1f83d453297413f11e9b,12288,1536,0.323433,84786,177358,0,0,84786,0
0a336d5bc71e1f83d453297413f11e9b,12800,1536,0.400105,104885,157259,0,0,104885,0
0a336d5bc71e1f83d453297413f11e9b,13312,1536,0.191536,50210,211934,0,50210,0,0
0a336d5bc71e1f83d453297413f11e9b,13824,1536,0.071877,18842,243302,0,18842,0,0
0a336d5bc71e1f83d453297413f11e9b,14848,1536,0.016228,4254,257890,0,0,4254,0
0a336d5bc71e1f83d453297413f11e9b,15360,1536,0.410431,107592,154552,0,0,107592,0
0a336d5bc71e1f83d453297413f11e9b,15872,1536,0.538418,141143,121001,0,3266,137877,0
0a336d5bc71e1f83d453297413f11e9b,16384,1536,0.225651,59153,202991,0,39798,19355,0
0a336d5bc71e1f83d453297413f11e9b,16896,1536,0.089588,23485,238659,0,23485,0,0
0a336d5bc71e1f83d453297413f11e9b,17408,1536,0.586899,153852,108292,0,66725,87127,0
0a336d5bc71e1f83d453297413f11e9b,17920,1536,0.516178,135313,126831,0,11973,123340,0
0a336d5bc71e1f83d453297413f11e9b,18432,1536,0.06094,15975,246169,0,0,333,15642
0a336d5bc71e1f83d453297413f11e9b,5632,2048,0.024303,6371,255773,0,0,6371,0
0a336d5bc71e1f83d453297413f11e9b,6144,2048,0.36462,95583,166561,0,0,1059,94524
0a336d5bc71e1f83d453297413f11e9b,6656,2048,0.675285,177022,85122,0,0,57459,119563
0a336d5bc71e1f83d453297413f11e9b,7168,2048,0.587143,153916,108228,0,0,152590,1326
0a336d5bc71e1f83d453297413f11e9b,7680,2048,0.666397,174692,87452,0,0,174692,0
0a336d5bc71e1f83d453297413f11e9b,8192,2048,0.823524,215882,46262,16600,0,199282,0
0a336d5bc71e1f83d453297413f11e9b,8704,2048,0.486523,127539,134605,52819,0,74720,0
0a336d5bc71e1f83d453297413f11e9b,9216,2048,0.418476,109701,152443,0,0,109701,0
0a336d5bc71e1f83d453297413f11e9b,9728,2048,0.443932,116374,145770,0,0,116374,0
0a336d5bc71e1f83d453297413f11e9b,10240,2048,0.610058,159923,102221,0,0,159923,0
0a336d5bc71e1f83d453297413f11e9b,10752,2048,0.380005,99616,162528,0,0,99616,0
0a336d5bc71e1f83d453297413f11e9b,11264,2048,0.373066,97797,164347,0,0,97797,0
0a336d5bc71e1f83d453297413f11e9b,11776,2048,0.043301,11351,250793,0,0,11351,0
0a336d5bc71e1f83d453297413f11e9b,12288,2048,0.034813,9126,253018,0,0,9126,0
0a336d5bc71e1f83d453297413f11e9b,17408,2048,0.20879,54733,207411,0,53980,753,0
0a336d5bc71e1f83d453297413f11e9b,17920,2048,0.406067,106448,155696,0,7005,81918,17525
0a336d5bc71e1f83d453297413f11e9b,18432,2048,0.059052,15480,246664,0,0,0,15480
0a336d5bc71e1f83d453297413f11e9b,19456,2048,0.355537,93202,168942,0,52859,40343,0
0a336d5bc71e1f83d453297413f11e9b,19968,2048,0.47501,124521,137623,0,124521,0,0
0a336d5bc71e1f83d453297413f11e9b,20480,2048,0.074024,19405,242739,0,4339,0,15066
0a336d5bc71e1f83d453297413f11e9b,21504,2048,0.015057,3947,258197,0,0,3947,0
0a336d5bc71e1f83d453297413f11e9b,4608,2560,0.229767,60232,201912,0,0,0,60232
0a336d5bc71e1f83d453297413f11e9b,5120,2560,0.073765,19337,242807,14367,0,0,4970
0a336d5bc71e1f83d453297413f11e9b,5632,2560,0.415028,108797,153347,0,0,108367,430
0a336d5bc71e1f83d453297413f11e9b,6144,2560,0.866962,227269,34875,0,0,68410,158859
0a336d5bc71e1f83d453297413f11e9b,6656,2560,0.993355,260402,1742,0,0,4696,255706
0a336d5bc71e1f83d453297413f11e9b,7168,2560,0.853741,223803,38341,0,0,36181,187622
0a336d5bc71e1f83d453297413f11e9b,7680,2560,0.46096,120838,141306,0,0,120838,0
0a336d5bc71e1f83d453297413f11e9b,8192,2560,0.697025,182721,79423,0,0,182721,0
0a336d5bc71e1f83d453297413f11e9b,8704,2560,0.355244,93125,169019,20276,0,72849,0
0a336d5bc71e1f83d453297413f11e9b,17408,2560,0.031521,8263,253881,0,8263,0,0
0a336d5bc71e1f83d453297413f11e9b,17920,2560,0.044098,11560,250584,0,0,11560,0
0a336d5bc71e1f83d453297413f11e9b,18944,2560,0.052906,13869,248275,0,13869,0,0
0a336d5bc71e1f83d453297413f11e9b,19456,2560,0.723637,189697,72447,0,12859,176838,0
0a336d5bc71e1f83d453297413f11e9b,19968,2560,0.66291,173778,88366,0,26756,147022,0
0a336d5bc71e1f83d453297413f11e9b,20480,2560,0.16362,42892,219252,0,704,1052,41136
0a336d5bc71e1f83d453297413f11e9b,20992,2560,0.040443,10602,251542,0,0,10602,0
0a336d5bc71e1f83d453297413f11e9b,21504,2560,0.770866,202078,60066,0,0,202078,0
0a336d5bc71e1f83d453297413f11e9b,22016,2560,0.389587,102128,160016,0,0,102128,0
0a336d5bc71e1f83d453297413f11e9b,22528,2560,0.084763,22220,239924,0,0,22220,0
0a336d5bc71e1f83d453297413f11e9b,23040,2560,0.06908,18109,244035,0,0,18109,0
0a336d5bc71e1f83d453297413f11e9b,3072,3072,0.169281,44376,217768,0,0,0,44376
0a336d5bc71e1f83d453297413f11e9b,3584,3072,0.582455,152687,109457,0,0,0,152687
0a336d5bc71e1f83d453297413f11e9b,4096,3072,0.311768,81728,180416,0,0,0,81728
0a336d5bc71e1f83d453297413f11e9b,4608,3072,1.0,262144,0,0,0,0,262144
0a336d5bc71e1f83d453297413f11e9b,5120,3072,0.448284,117515,144629,0,0,0,117515
0a336d5bc71e1f83d453297413f11e9b,5632,3072,0.18758,49173,212971,0,0,49173,0
0a336d5bc71e1f83d453297413f11e9b,6144,3072,0.511982,134213,127931,0,22222,74057,37934
0a336d5bc71e1f83d453297413f11e9b,6656,3072,0.445732,116846,145298,0,0,18845,98001
0a336d5bc71e1f83d453297413f11e9b,7168,3072,0.086216,22601,239543,0,0,0,22601
0a336d5bc71e1f83d453297413f11e9b,7680,3072,0.011692,3065,259079,0,0,3065,0
0a336d5bc71e1f83d453297413f11e9b,19456,3072,0.081017,21238,240906,0,0,21238,0
0a336d5bc71e1f83d453297413f11e9b,19968,3072,0.415009,108792,153352,0,0,108792,0
0a336d5bc71e1f83d453297413f11e9b,20480,3072,0.029079,7623,254521,0,0,7623,0
0a336d5bc71e1f83d453297413f11e9b,20992,3072,0.219234,57471,204673,0,14073,43398,0
0a336d5bc71e1f83d453297413f11e9b,21504,3072,0.686718,180019,82125,0,0,180019,0
0a336d5bc71e1f83d453297413f11e9b,22016,3072,0.659554,172898,89246,0,0,172898,0
0a336d5bc71e1f83d453297413f11e9b,22528,3072,0.071007,18614,243530,0,0,18614,0
0a336d5bc71e1f83d453297413f11e9b,3072,3584,0.121403,31825,230319,0,0,0,31825
0a336d5bc71e1f83d453297413f11e9b,3584,3584,0.913952,239587,22557,0,0,0,239587
0a336d5bc71e1f83d453297413f11e9b,4096,3584,0.043179,11319,250825,0,0,0,11319
0a336d5bc71e1f83d453297413f11e9b,4608,3584,0.783539,205400,56744,0,0,0,205400
0a336d5bc71e1f83d453297413f11e9b,5120,3584,0.304695,79874,182270,0,0,0,79874
0a336d5bc71e1f83d453297413f11e9b,21504,3584,0.106617,27949,234195,0,0,27949,0
0a336d5bc71e1f83d453297413f11e9b,22016,3584,0.342472,89777,172367,0,0,89777,0
0a336d5bc71e1f83d453297413f11e9b,22528,3584,0.066154,17342,244802,0,0,17342,0
0a336d5bc71e1f83d453297413f11e9b,23040,3584,0.138699,36359,225785,0,7689,28670,0
0a336d5bc71e1f83d453297413f11e9b,3584,4096,0.237671,62304,199840,0,0,0,62304
0a336d5bc71e1f83d453297413f11e9b,25088,4608,0.191055,50084,212060,0,0,50084,0
0a336d5bc71e1f83d453297413f11e9b,25600,4608,0.018204,4772,257372,0,0,4772,0
0a336d5bc71e1f83d453297413f11e9b,24576,5120,0.159698,41864,220280,0,0,41864,0
0a336d5bc71e1f83d453297413f11e9b,25088,5120,0.341492,89520,172624,0,12,89508,0
0a336d5bc71e1f83d453297413f11e9b,25600,5120,0.27243,71416,190728,0,6552,64864,0
0a336d5bc71e1f83d453297413f11e9b,25600,5632,0.057095,14967,247177,0,13217,1750,0
0a336d5bc71e1f83d453297413f11e9b,26112,5632,0.014755,3868,258276,0,3868,0,0
0a5b11fe9c149f5e2e41a5d16dc5f314,2560,3072,0.198971,52159,209985,0,28176,23983,0
0a5b11fe9c149f5e2e41a5d16dc5f314,3072,3072,0.353806,92748,169396,0,35756,56992,0
0a5b11fe9c149f5e2e41a5d16dc5f314,3584,3072,0.030506,7997,254147,0,0,7997,0
0a5b11fe9c149f5e2e41a5d16dc5f314,2560,3584,0.752865,197359,64785,0,183767,13592,0
0a5b11fe9c149f5e2e41a5d16dc5f314,3072,3584,0.872196,228641,33503,0,216614,12027,0
0a5b11fe9c149f5e2e41a5d16dc5f314,3584,3584,0.142811,37437,224707,0,29294,8143,0
0a5b11fe9c149f5e2e41a5d16dc5f314,2560,4096,0.612778,160636,101508,0,134029,26607,0
0a5b11fe9c149f5e2e41a5d16dc5f314,3072,4096,0.843521,221124,41020,0,217460,3664,0
0a5b11fe9c149f5e2e41a5d16dc5f314,3584,4096,0.372002,97518,164626,0,97518,0,0
0a5b11fe9c149f5e2e41a5d16dc5f314,2560,4608,0.74617,195604,66540,0,178433,17171,0
0a5b11fe9c149f5e2e41a5d16dc5f314,3072,4608,0.810383,212437,49707,0,177353,35084,0
0a5b11fe9c149f5e2e41a5d16dc5f314,3584,4608,0.463249,121438,140706,0,121438,0,0
0a5b11fe9c149f5e2e41a5d16dc5f314,2048,5120,0.013535,3548,258596,0,3548,0,0
0a5b11fe9c149f5e2e41a5d16dc5f314,2560,5120,0.854443,223987,38157,0,201060,22927,0
0a5b11fe9c149f5e2e41a5d16dc5f314,3072,5120,0.820961,215210,46934,0,142768,72442,0
0a5b11fe9c149f5e2e41a5d16dc5f314,3584,5120,0.342766,89854,172290,0,81864,7990,0
0a5b11fe9c149f5e2e41a5d16dc5f314,2560,5632,0.636715,166911,95233,0,166911,0,0
0a5b11fe9c149f5e2e41a5d16dc5f314,3072,5632,0.780193,204523,57621,0,189156,15367,0
0a5b11fe9c149f5e2e41a5d16dc5f314,3584,5632,0.502522,131733,130411,0,131733,0,0
0a5b11fe9c149f5e2e41a5d16dc5f314,2048,6144,0.080936,21217,240927,0,13710,7507,0
0a5b11fe9c149f5e2e41a5d16dc5f314,2560,6144,0.73447,192537,69607,0,161877,30660,0
0a5b11fe9c149f5e2e41a5d16dc5f314,3072,6144,0.705555,184957,77187,0,126219,58738,0
0a5b11fe9c149f5e2e41a5d16dc5f314,3584,6144,0.504173,132166,129978,0,63862,68304,0
0a5b11fe9c149f5e2e41a5d16dc5f314,2560,6656,0.597637,156667,105477,0,77199,79468,0
0a5b11fe9c149f5e2e41a5d16dc5f314,3072,6656,0.406532,106570,155574,0,42294,64276,0
0a5b11fe9c149f5e2e41a5d16dc5f314,3584,6656,0.765491,200669,61475,0,179844,20825,0
0a5b11fe9c149f5e2e41a5d16dc5f314,2048,7168,0.18652,48895,213249,0,47105,1790,0
0a5b11fe9c149f5e2e41a5d16dc5f314,2560,7168,0.990322,259607,2537,0,223662,35945,0
0a5b11fe9c149f5e2e41a5d16dc5f314,3072,7168,0.967716,253681,8463,0,114044,139637,0
0a5b11fe9c149f5e2e41a5d16dc5f314,3584,7168,0.80529,211102,51042,0,12,211090,0
0a5b11fe9c149f5e2e41a5d16dc5f314,2048,7680,0.201542,52833,209311,0,52833,0,0
0a5b11fe9c149f5e2e41a5d16dc5f314,2560,7680,0.878342,230252,31892,0,202277,27975,0
0a5b11fe9c149f5e2e41a5d16dc5f314,3072,7680,0.752296,197210,64934,0,138781,58429,0
0a5b11fe9c149f5e2e41a5d16dc5f314,3584,7680,0.619152,162307,99837,0,56,162251,0
0a5b11fe9c149f5e2e41a5d16dc5f314,2048,8192,0.022537,5908,256236,0,5908,0,0
0a5b11fe9c149f5e2e41a5d16dc5f314,2560,8192,0.549595,144073,118071,0,106727,37346,0
0a5b11fe9c149f5e2e41a5d16dc5f314,3072,8192,0.895218,234676,27468,0,20,234656,0
0a5b11fe9c149f5e2e41a5d16dc5f314,3584,8192,0.93578,245309,16835,0,0,245309,0
0a5b11fe9c149f5e2e41a5d16dc5f314,4096,8192,0.101643,26645,235499,0,0,26645,0
0a5b11fe9c149f5e2e41a5d16dc5f314,2048,8704,0.081593,21389,240755,0,21389,0,0
0a5b11fe9c149f5e2e41a5d16dc5f314,2560,8704,0.791725,207546,54598,0,207546,0,0
0a5b11fe9c149f5e2e41a5d16dc5f314,3072,8704,0.866982,227274,34870,0,0,227274,0
0a5b11fe9c149f5e2e41a5d16dc5f314,3584,8704,0.920151,241212,20932,0,0,241212,0
0a5b11fe9c149f5e2e41a5d16dc5f314,4096,8704,0.234856,61566,200578,0,0,61566,0
0a5b11fe9c149f5e2e41a5d16dc5f314,2560,9216,0.315968,82829,179315,0,54417,28412,0
0a5b11fe9c149f5e2e41a5d16dc5f314,3072,9216,0.551628,144606,117538,0,0,144606,0
0a5b11fe9c149f5e2e41a5d16dc5f314,3584,9216,0.872475,228714,33430,0,0,228714,0
0a5b11fe9c149f5e2e41a5d16dc5f314,4096,9216,0.182514,47845,214299,0,0,47845,0
0a5b11fe9c149f5e2e41a5d16dc5f314,2048,9728,0.01059,2776,259368,0,2776,0,0
0a5b11fe9c149f5e2e41a5d16dc5f314,2560,9728,0.800694,209897,52247,0,186282,23615,0
0a5b11fe9c149f5e2e41a5d16dc5f314,3072,9728,0.891518,233706,28438,0,31059,202647,0
0a5b11fe9c149f5e2e41a5d16dc5f314,3584,9728,0.921448,241552,20592,0,3152,238400,0
0a5b11fe9c149f5e2e41a5d16dc5f314,4096,9728,0.177395,46503,215641,0,0,46503,0
0a5b11fe9c149f5e2e41a5d16dc5f314,2560,10240,0.730457,191485,70659,0,191485,0,0
0a5b11fe9c149f5e2e41a5d16dc5f314,3072,10240,0.809288,212150,49994,0,146979,65171,0
0a5b11fe9c149f5e2e41a5d16dc5f314,3584,10240,0.679565,178144,84000,0,47814,130330,0
0a5b11fe9c149f5e2e41a5d16dc5f314,4096,10240,0.102482,26865,235279,0,6284,20581,0
0a5b11fe9c149f5e2e41a5d16dc5f314,2560,10752,0.796127,208700,53444,0,84095,124605,0
0a5b11fe9c149f5e2e41a5d16dc5f314,3072,10752,0.573254,150275,111869,0,39132,111143,0
0a5b11fe9c149f5e2e41a5d16dc5f314,3584,10752,0.4137,108449,153695,0,38926,69523,0
0a5b11fe9c149f5e2e41a5d16dc5f314,2560,11264,0.586597,153773,108371,0,23842,129931,0
0a5b11fe9c149f5e2e41a5d16dc5f314,3072,11264,0.86338,226330,35814,0,9009,217321,0
0a5b11fe9c149f5e2e41a5d16dc5f314,3584,11264,0.442772,116070,146074,0,29421,86649,0
0a5b11fe9c149f5e2e41a5d16dc5f314,2560,11776,0.646313,169427,92717,0,151095,18332,0
0a5b11fe9c149f5e2e41a5d16dc5f314,3072,11776,0.881153,230989,31155,0,206479,24510,0
0a5b11fe9c149f5e2e41a5d16dc5f314,3584,11776,0.649632,170297,91847,0,104081,66216,0
0a5b11fe9c149f5e2e41a5d16dc5f314,2560,12288,0.746231,195620,66524,0,174464,21156,0
0a5b11fe9c149f5e2e41a5d16dc5f314,3072,12288,0.882019,231216,30928,0,231189,27,0
0a5b11fe9c149f5e2e41a5d16dc5f314,3584,12288,0.77441,203007,59137,0,104110,98897,0
0a5b11fe9c149f5e2e41a5d16dc5f314,2560,12800,0.647877,169837,92307,0,112669,46986,10182
0a5b11fe9c149f5e2e41a5d16dc5f314,3072,12800,0.720444,188860,73284,0,177603,11257,0
0a5b11fe9c149f5e2e41a5d16dc5f314,3584,12800,0.524742,137558,124586,0,85707,51851,0
0a5b11fe9c149f5e2e41a5d16dc5f314,2560,13312,0.156734,41087,221057,0,0,262,40825
0a5b11fe9c149f5e2e41a5d16dc5f314,3072,13312,0.03915,10263,251881,0,0,656,9607
0a5b11fe9c149f5e2e41a5d16dc5f314,3584,13312,0.080521,21108,241036,0,4799,16309,0
0a93d9a674e358ba32e4e2ec320aefc5,2048,0,0.02441,6399,255745,0,6399,0,0
0a93d9a674e358ba32e4e2ec320aefc5,2560,0,0.071854,18836,243308,0,18836,0,0
0a93d9a674e358ba32e4e2ec320aefc5,3072,0,0.032356,8482,253662,0,8482,0,0
0a93d9a674e358ba32e4e2ec320aefc5,3584,0,0.029411,7710,254434,0,7710,0,0
0a93d9a674e358ba32e4e2ec320aefc5,6144,0,0.026596,6972,255172,0,6972,0,0
0a93d9a674e358ba32e4e2ec320aefc5,6656,0,0.176563,46285,215859,0,46285,0,0
0a93d9a674e358ba32e4e2ec320aefc5,7168,0,0.309517,81138,181006,0,81138,0,0
0a93d9a674e358ba32e4e2ec320aefc5,7680,0,0.073147,19175,242969,0,19175,0,0
0a93d9a674e358ba32e4e2ec320aefc5,11264,0,0.015381,4032,258112,0,4032,0,0
0a93d9a674e358ba32e4e2ec320aefc5,1024,512,0.278481,73002,189142,0,73002,0,0
0a93d9a674e358ba32e4e2ec320aefc5,1536,512,0.754807,197868,64276,0,197868,0,0
0a93d9a674e358ba32e4e2ec320aefc5,2048,512,0.831779,218046,44098,0,218046,0,0
0a93d9a674e358ba32e4e2ec320aefc5,2560,512,0.922787,241903,20241,0,241903,0,0
0a93d9a674e358ba32e4e2ec320aefc5,3072,512,0.863331,226317,35827,0,226317,0,0
0a93d9a674e358ba32e4e2ec320aefc5,3584,512,0.584736,153285,108859,0,153285,0,0
0a93d9a674e358ba32e4e2ec320aefc5,4096,512,0.394188,103334,158810,0,103334,0,0
0a93d9a674e358ba32e4e2ec320aefc5,4608,512,0.526169,137932,124212,0,137932,0,0
0a93d9a674e358ba32e4e2ec320aefc5,5120,512,0.596989,156497,105647,0,156497,0,0
0a93d9a674e358ba32e4e2ec320aefc5,5632,512,0.575699,150916,111228,0,150916,0,0
0a93d9a674e358ba32e4e2ec320aefc5,6144,512,0.90601,237505,24639,0,237505,0,0
0a93d9a674e358ba32e4e2ec320aefc5,6656,512,0.912334,239163,22981,0,239163,0,0
0a93d9a674e358ba32e4e2ec320aefc5,7168,512,0.793163,207923,54221,0,207923,0,0
0a93d9a674e358ba32e4e2ec320aefc5,7680,512,0.581234,152367,109777,0,152367,0,0
0a93d9a674e358ba32e4e2ec320aefc5,8192,512,0.47213,123766,138378,0,123766,0,0
0a93d9a674e358ba32e4e2ec320aefc5,8704,512,0.414234,108589,153555,0,108589,0,0
0a93d9a674e358ba32e4e2ec320aefc5,9216,512,0.715389,187535,74609,0,120410,67125,0
0a93d9a674e358ba32e4e2ec320aefc5,9728,512,0.753895,197629,64515,0,0,197629,0
0a93d9a674e358ba32e4e2ec320aefc5,10240,512,0.068356,17919,244225,0,5525,12394,0
0a93d9a674e358ba32e4e2ec320aefc5,10752,512,0.607925,159364,102780,0,159364,0,0
0a93d9a674e358ba32e4e2ec320aefc5,11264,512,0.417896,109549,152595,0,109549,0,0
0a93d9a674e358ba32e4e2ec320aefc5,11776,512,0.039703,10408,251736,0,10408,0,0
0a93d9a674e358ba32e4e2ec320aefc5,12288,512,0.011993,3144,259000,0,3144,0,0
0a93d9a674e358ba32e4e2ec320aefc5,12800,512,0.04475,11731,250413,3963,0,7768,0
0a93d9a674e358ba32e4e2ec320aefc5,13312,512,0.378742,99285,162859,18990,0,80295,0
0a93d9a674e358ba32e4e2ec320aefc5,16896,512,0.020927,5486,256658,0,5486,0,0
0a93d9a674e358ba32e4e2ec320aefc5,17408,512,0.079708,20895,241249,0,20895,0,0
0a93d9a674e358ba32e4e2ec320aefc5,17920,512,0.188831,49501,212643,49501,0,0,0
0a93d9a674e358ba32e4e2ec320aefc5,18432,512,0.211586,55466,206678,55466,0,0,0
0a93d9a674e358ba32e4e2ec320aefc5,512,1024,0.250332,65623,196521,0,23240,42383,0
0a93d9a674e358ba32e4e2ec320aefc5,1024,1024,0.397644,104240,157904,0,29497,74743,0
0a93d9a674e358ba32e4e2ec320aefc5,1536,1024,0.778347,204039,58105,0,204039,0,0
0a93d9a674e358ba32e4e2ec320aefc5,2048,1024,0.982098,257451,4693,0,257451,0,0
0a93d9a674e358ba32e4e2ec320aefc5,2560,1024,0.924706,242406,19738,0,242406,0,0
0a93d9a674e358ba32e4e2ec320aefc5,3072,1024,0.623791,163523,98621,0,163523,0,0
0a93d9a674e358ba32e4e2ec320aefc5,3584,1024,0.513912,134719,127425,0,134719,0,0
0a93d9a674e358ba32e4e2ec320aefc5,4096,1024,0.950432,249150,12994,0,249150,0,0
0a93d9a674e358ba32e4e2ec320aefc5,4608,1024,0.894714,234544,27600,0,234544,0,0
0a93d9a674e358ba32e4e2ec320aefc5,5120,1024,0.873562,228999,33145,0,228999,0,0
0a93d9a674e358ba32e4e2ec320aefc5,5632,1024,0.490784,128656,133488,0,128656,0,0
0a93d9a674e358ba32e4e2ec320aefc5,6144,1024,0.85836,225014,37130,0,225014,0,0
0a93d9a674e358ba32e4e2ec320aefc5,6656,1024,0.834923,218870,43274,0,218870,0,0
0a93d9a674e358ba32e4e2ec320aefc5,7168,1024,0.607361,159216,102928,0,159216,0,0
0a93d9a674e358ba32e4e2ec320aefc5,7680,1024,0.46418,121682,140462,0,99602,22080,0
0a93d9a674e358ba32e4e2ec320aefc5,8192,1024,0.572495,150076,112068,0,146786,3290,0
0a93d9a674e358ba32e4e2ec320aefc5,8704,1024,0.662712,173726,88418,0,173726,0,0
0a93d9a674e358ba32e4e2ec320aefc5,9216,1024,0.91444,239715,22429,0,172262,67453,0
0a93d9a674e358ba32e4e2ec320aefc5,9728,1024,0.715786,187639,74505,0,56858,130781,0
0a93d9a674e358ba32e4e2ec320aefc5,10240,1024,0.393459,103143,159001,0,99756,3387,0
0a93d9a674e358ba32e4e2ec320aefc5,10752,1024,0.716866,187922,74222,0,187922,0,0
0a93d9a674e358ba32e4e2ec320aefc5,11264,1024,0.185486,48624,213520,0,48624,0,0
0a93d9a674e358ba32e4e2ec320aefc5,11776,1024,0.282993,74185,187959,0,74185,0,0
0a93d9a674e358ba32e4e2ec320aefc5,13312,1024,0.355892,93295,168849,0,17673,75622,0
0a93d9a674e358ba32e4e2ec320aefc5,13824,1024,0.034401,9018,253126,0,9018,0,0
0a93d9a674e358ba32e4e2ec320aefc5,14336,1024,0.161312,42287,219857,42287,0,0,0
0a93d9a674e358ba32e4e2ec320aefc5,15872,1024,0.309422,81113,181031,0,70840,10273,0
0a93d9a674e358ba32e4e2ec320aefc5,16384,1024,0.268002,70255,191889,0,64625,5630,0
0a93d9a674e358ba32e4e2ec320aefc5,16896,1024,0.04726,12389,249755,0,12389,0,0
0a93d9a674e358ba32e4e2ec320aefc5,17408,1024,0.403488,105772,156372,0,105772,0,0
0a93d9a674e358ba32e4e2ec320aefc5,17920,1024,0.067822,17779,244365,0,17779,0,0
0a93d9a674e358ba32e4e2ec320aefc5,18432,1024,0.360733,94564,167580,94564,0,0,0
0a93d9a674e358ba32e4e2ec320aefc5,18944,1024,0.272915,71543,190601,71543,0,0,0
0a93d9a674e358ba32e4e2ec320aefc5,19456,1024,0.031811,8339,253805,8339,0,0,0
0a93d9a674e358ba32e4e2ec320aefc5,21504,1024,0.114853,30108,232036,0,30108,0,0
0a93d9a674e358ba32e4e2ec320aefc5,22016,1024,0.043713,11459,250685,506,4075,6878,0
0a93d9a674e358ba32e4e2ec320aefc5,22528,1024,0.060085,15751,246393,15751,0,0,0
0a93d9a674e358ba32e4e2ec320aefc5,23040,1024,0.078102,20474,241670,20474,0,0,0
0a93d9a674e358ba32e4e2ec320aefc5,23552,1024,0.158123,41451,220693,41451,0,0,0
0a93d9a674e358ba32e4e2ec320aefc5,512,1536,0.11668,30587,231557,0,30587,0,0
0a93d9a674e358ba32e4e2ec320aefc5,1024,1536,0.483246,126680,135464,0,2930,123750,0
0a93d9a674e358ba32e4e2ec320aefc5,1536,1536,0.315258,82643,179501,0,82643,0,0
0a93d9a674e358ba32e4e2ec320aefc5,2048,1536,0.498726,130738,131406,0,130738,0,0
0a93d9a674e358ba32e4e2ec320aefc5,2560,1536,0.324787,85141,177003,0,85141,0,0
0a93d9a674e358ba32e4e2ec320aefc5,3072,1536,0.290874,76251,185893,0,76251,0,0
0a93d9a674e358ba32e4e2ec320aefc5,3584,1536,0.078945,20695,241449,0,20695,0,0
0a93d9a674e358ba32e4e2ec320aefc5,4096,1536,0.398853,104557,157587,0,104557,0,0
0a93d9a674e358ba32e4e2ec320aefc5,4608,1536,0.525028,137633,124511,0,137633,0,0
0a93d9a674e358ba32e4e2ec320aefc5,5120,1536,0.367863,96433,165711,0,96433,0,0
0a93d9a674e358ba32e4e2ec320aefc5,5632,1536,0.011318,2967,259177,0,2967,0,0
0a93d9a674e358ba32e4e2ec320aefc5,6656,1536,0.104721,27452,234692,0,27452,0,0
0a93d9a674e358ba32e4e2ec320aefc5,7168,1536,0.098213,25746,236398,0,25746,0,0
0a93d9a674e358ba32e4e2ec320aefc5,8192,1536,0.157787,41363,220781,0,41363,0,0
0a93d9a674e358ba32e4e2ec320aefc5,8704,1536,0.387798,101659,160485,0,63352,38307,0
0a93d9a674e358ba32e4e2ec320aefc5,9216,1536,0.54884,143875,118269,0,143875,0,0
0a93d9a674e358ba32e4e2ec320aefc5,9728,1536,0.787876,206537,55607,0,206537,0,0
0a93d9a674e358ba32e4e2ec320aefc5,10240,1536,0.63641,166831,95313,0,166831,0,0
0a93d9a674e358ba32e4e2ec320aefc5,10752,1536,0.917454,240505,21639,0,240505,0,0
0a93d9a674e358ba32e4e2ec320aefc5,11264,1536,0.677261,177540,84604,0,177540,0,0
0a93d9a674e358ba32e4e2ec320aefc5,11776,1536,0.158512,41553,220591,0,41553,0,0
0a93d9a674e358ba32e4e2ec320aefc5,14336,1536,0.103104,27028,235116,27028,0,0,0
0a93d9a674e358ba32e4e2ec320aefc5,15360,1536,0.027233,7139,255005,0,7139,0,0
0a93d9a674e358ba32e4e2ec320aefc5,15872,1536,0.128754,33752,228392,0,33752,0,0
0a93d9a674e358ba32e4e2ec320aefc5,23040,1536,0.0779,20421,241723,20421,0,0,0
0a93d9a674e358ba32e4e2ec320aefc5,9728,2048,0.034073,8932,253212,0,8932,0,0
0a93d9a674e358ba32e4e2ec320aefc5,10240,2048,0.080666,21146,240998,0,21146,0,0
0a93d9a674e358ba32e4e2ec320aefc5,10752,2048,0.064392,16880,245264,0,16880,0,0
0a93d9a674e358ba32e4e2ec320aefc5,11264,2048,0.116203,30462,231682,0,30462,0,0
0a93d9a674e358ba32e4e2ec320aefc5,14848,2048,0.055042,14429,247715,14429,0,0,0
0a93d9a674e358ba32e4e2ec320aefc5,22016,2048,0.014729,3861,258283,3861,0,0,0
0a93d9a674e358ba32e4e2ec320aefc5,22528,2048,0.142208,37279,224865,37279,0,0,0
0a93d9a674e358ba32e4e2ec320aefc5,23040,2048,0.096252,25232,236912,25232,0,0,0
0a93d9a674e358ba32e4e2ec320aefc5,23040,2560,0.056648,14850,247294,14850,0,0,0
0a94d55951bd4caebf2712e455decc6e,2048,2560,0.087406,22913,239231,22913,0,0,0
0a94d55951bd4caebf2712e455decc6e,2560,2560,0.055439,14533,247611,14533,0,0,0
0a94d55951bd4caebf2712e455decc6e,3072,2560,0.207218,54321,207823,54321,0,0,0
0a94d55951bd4caebf2712e455decc6e,2048,3072,0.171364,44922,217222,44922,0,0,0
0a94d55951bd4caebf2712e455decc6e,2560,3072,0.231186,60604,201540,41011,0,19593,0
0a94d55951bd4caebf2712e455decc6e,3072,3072,0.374733,98234,163910,42554,0,55680,0
0a94d55951bd4caebf2712e455decc6e,2048,3584,0.143253,37553,224591,37553,0,0,0
0a94d55951bd4caebf2712e455decc6e,2560,3584,0.352951,92524,169620,62609,0,29915,0
0a94d55951bd4caebf2712e455decc6e,3072,3584,0.471718,123658,138486,22956,0,100702,0
0a94d55951bd4caebf2712e455decc6e,2048,4096,0.177525,46537,215607,46537,0,0,0
0a94d55951bd4caebf2712e455decc6e,2560,4096,0.295677,77510,184634,77510,0,0,0
0a94d55951bd4caebf2712e455decc6e,3072,4096,0.34557,90589,171555,90589,0,0,0
0a94d55951bd4caebf2712e455decc6e,3584,4096,0.017735,4649,257495,4649,0,0,0
0a94d55951bd4caebf2712e455decc6e,2048,4608,0.45396,119003,143141,119003,0,0,0
0a94d55951bd4caebf2712e455decc6e,2560,4608,0.311665,81701,180443,81701,0,0,0
0a94d55951bd4caebf2712e455decc6e,3072,4608,0.216808,56835,205309,56835,0,0,0
0a94d55951bd4caebf2712e455decc6e,2048,5120,0.559994,146799,115345,146799,0,0,0
0a94d55951bd4caebf2712e455decc6e,2560,5120,0.70541,184919,77225,87064,97855,0,0
0a94d55951bd4caebf2712e455decc6e,3072,5120,0.215862,56587,205557,12095,44492,0,0
0a94d55951bd4caebf2712e455decc6e,2048,5632,0.122494,32111,230033,32111,0,0,0
0a94d55951bd4caebf2712e455decc6e,2560,5632,0.342041,89664,172480,85855,3809,0,0
0a94d55951bd4caebf2712e455decc6e,3072,5632,0.119526,31333,230811,23423,7910,0,0
0a94d55951bd4caebf2712e455decc6e,1536,6144,0.240631,63080,199064,63080,0,0,0
0a94d55951bd4caebf2712e455decc6e,2048,6144,0.309071,81021,181123,81021,0,0,0
0a94d55951bd4caebf2712e455decc6e,2560,6144,0.10923,28634,233510,28634,0,0,0
0a94d55951bd4caebf2712e455decc6e,1024,6656,0.036636,9604,252540,9604,0,0,0
0a94d55951bd4caebf2712e455decc6e,1536,6656,0.468163,122726,139418,122726,0,0,0
0a94d55951bd4caebf2712e455decc6e,2048,6656,0.599545,157167,104977,157167,0,0,0
0a94d55951bd4caebf2712e455decc6e,2560,6656,0.075573,19811,242333,19811,0,0,0
0a94d55951bd4caebf2712e455decc6e,512,7168,0.053745,14089,248055,14089,0,0,0
0a94d55951bd4caebf2712e455decc6e,1024,7168,0.364372,95518,166626,95518,0,0,0
0a94d55951bd4caebf2712e455decc6e,1536,7168,0.460659,120759,141385,120759,0,0,0
0a94d55951bd4caebf2712e455decc6e,2048,7168,0.340088,89152,172992,89152,0,0,0
0a94d55951bd4caebf2712e455decc6e,512,7680,0.281521,73799,188345,73799,0,0,0
0a94d55951bd4caebf2712e455decc6e,1024,7680,0.635403,166567,95577,166567,0,0,0
0a94d55951bd4caebf2712e455decc6e,1536,7680,0.651257,170723,91421,170723,0,0,0
0a94d55951bd4caebf2712e455decc6e,2048,7680,0.015938,4178,257966,4178,0,0,0
0a94d55951bd4caebf2712e455decc6e,0,8192,0.207302,54343,207801,54343,0,0,0
0a94d55951bd4caebf2712e455decc6e,512,8192,0.57325,150274,111870,150274,0,0,0
0a94d55951bd4caebf2712e455decc6e,1024,8192,0.242531,63578,198566,63578,0,0,0
0a94d55951bd4caebf2712e455decc6e,1536,8192,0.126545,33173,228971,33173,0,0,0
0a94d55951bd4caebf2712e455decc6e,0,8704,0.190445,49924,212220,49924,0,0,0
0a94d55951bd4caebf2712e455decc6e,512,8704,0.437931,114801,147343,114801,0,0,0
0a94d55951bd4caebf2712e455decc6e,1024,8704,0.114742,30079,232065,30079,0,0,0
0a94d55951bd4caebf2712e455decc6e,0,9216,0.30669,80397,181747,80397,0,0,0
0a94d55951bd4caebf2712e455decc6e,512,9216,0.595989,156235,105909,156235,0,0,0
0a94d55951bd4caebf2712e455decc6e,1024,9216,0.380039,99625,162519,99625,0,0,0
0a94d55951bd4caebf2712e455decc6e,0,9728,0.306599,80373,181771,49482,0,30891,0
0a94d55951bd4caebf2712e455decc6e,512,9728,0.439434,115195,146949,100555,0,14640,0
0a94d55951bd4caebf2712e455decc6e,1024,9728,0.184242,48298,213846,47488,0,810,0
0a94d55951bd4caebf2712e455decc6e,0,10240,0.277039,72624,189520,0,9513,63111,0
0a94d55951bd4caebf2712e455decc6e,512,10240,0.538952,141283,120861,43648,8484,89151,0
0a94d55951bd4caebf2712e455decc6e,1024,10240,0.368954,96719,165425,0,0,96719,0
0a94d55951bd4caebf2712e455decc6e,0,10752,0.142792,37432,224712,0,0,37432,0
0a94d55951bd4caebf2712e455decc6e,512,10752,0.714008,187173,74971,29436,0,157737,0
0a94d55951bd4caebf2712e455decc6e,1024,10752,0.601974,157804,104340,0,0,157804,0
0a94d55951bd4caebf2712e455decc6e,0,11264,0.111809,29310,232834,0,0,29310,0
0a94d55951bd4caebf2712e455decc6e,512,11264,0.899143,235705,26439,0,0,235705,0
0a94d55951bd4caebf2712e455decc6e,1024,11264,0.91156,238960,23184,0,0,238960,0
0a94d55951bd4caebf2712e455decc6e,0,11776,0.146503,38405,223739,0,0,38405,0
0a94d55951bd4caebf2712e455decc6e,512,11776,0.676037,177219,84925,0,0,177219,0
0a94d55951bd4caebf2712e455decc6e,1024,11776,0.965183,253017,9127,0,0,253017,0
0a94d55951bd4caebf2712e455decc6e,1536,11776,0.089115,23361,238783,0,0,23361,0
0a94d55951bd4caebf2712e455decc6e,0,12288,0.138168,36220,225924,0,0,36220,0
0a94d55951bd4caebf2712e455decc6e,512,12288,0.856178,224442,37702,0,0,224442,0
0a94d55951bd4caebf2712e455decc6e,1024,12288,0.955776,250551,11593,0,0,250551,0
0a94d55951bd4caebf2712e455decc6e,1536,12288,0.130566,34227,227917,0,0,34227,0
0a94d55951bd4caebf2712e455decc6e,512,12800,0.898594,235561,26583,0,0,235561,0
0a94d55951bd4caebf2712e455decc6e,1024,12800,0.812389,212963,49181,0,0,212963,0
0a94d55951bd4caebf2712e455decc6e,1536,12800,0.103973,27256,234888,0,0,27256,0
0a94d55951bd4caebf2712e455decc6e,512,13312,0.315639,82743,179401,17504,3807,61432,0
0a94d55951bd4caebf2712e455decc6e,1024,13312,0.251446,65915,196229,2236,10306,53373,0
0a94d55951bd4caebf2712e455decc6e,512,13824,0.223698,58641,203503,58641,0,0,0
0a94d55951bd4caebf2712e455decc6e,1024,13824,0.225605,59141,203003,22846,0,36295,0
0a94d55951bd4caebf2712e455decc6e,512,14336,0.309116,81033,181111,11634,3274,66125,0
0a94d55951bd4caebf2712e455decc6e,1024,14336,0.632843,165896,96248,0,57572,108324,0
0a94d55951bd4caebf2712e455decc6e,1536,14336,0.053173,13939,248205,0,0,13939,0
0a94d55951bd4caebf2712e455decc6e,512,14848,0.125099,32794,229350,0,0,32794,0
0a94d55951bd4caebf2712e455decc6e,1024,14848,0.309998,81264,180880,0,19737,61527,0
0a94d55951bd4caebf2712e455decc6e,1536,14848,0.03886,10187,251957,0,0,10187,0
0a94d55951bd4caebf2712e455decc6e,512,15360,0.232208,60872,201272,0,4161,56711,0
0a94d55951bd4caebf2712e455decc6e,1024,15360,0.540646,141727,120417,0,62651,79076,0
0a94d55951bd4caebf2712e455decc6e,1536,15360,0.209755,54986,207158,0,13033,41953,0
0a94d55951bd4caebf2712e455decc6e,512,15872,0.036972,9692,252452,0,2871,6821,0
0a94d55951bd4caebf2712e455decc6e,1024,15872,0.615673,161395,100749,0,89161,72234,0
0a94d55951bd4caebf2712e455decc6e,1536,15872,0.139664,36612,225532,0,8933,27679,0
0a94d55951bd4caebf2712e455decc6e,1024,16384,0.471928,123713,138431,0,123713,0,0
0a94d55951bd4caebf2712e455decc6e,1536,16384,0.793228,207940,54204,0,4870,203070,0
0a94d55951bd4caebf2712e455decc6e,2048,16384,0.305122,79986,182158,0,0,79986,0
0a94d55951bd4caebf2712e455decc6e,1024,16896,0.216019,56628,205516,0,835,55793,0
0a94d55951bd4caebf2712e455decc6e,1536,16896,0.53854,141175,120969,0,0,141175,0
0a94d55951bd4caebf2712e455decc6e,2048,16896,0.590008,154667,107477,0,0,154667,0
0a94d55951bd4caebf2712e455decc6e,1024,17408,0.050716,13295,248849,0,614,12681,0
0a94d55951bd4caebf2712e455decc6e,1536,17408,0.689293,180694,81450,0,92510,88184,0
0a94d55951bd4caebf2712e455decc6e,2048,17408,0.49902,130815,131329,0,31581,99234,0
0a94d55951bd4caebf2712e455decc6e,2560,17408,0.058018,15209,246935,0,0,15209,0
0a94d55951bd4caebf2712e455decc6e,1536,17920,0.253963,66575,195569,0,5524,61051,0
0a94d55951bd4caebf2712e455decc6e,2048,17920,0.745663,195471,66673,21500,54576,119395,0
0a94d55951bd4caebf2712e455decc6e,2560,17920,0.318428,83474,178670,0,13160,70314,0
0a94d55951bd4caebf2712e455decc6e,2048,18432,0.132549,34747,227397,31091,0,3656,0
0a94d55951bd4caebf2712e455decc6e,2560,18432,0.056931,14924,247220,0,11574,3350,0
0a94d55951bd4caebf2712e455decc6e,2048,18944,0.111233,29159,232985,0,0,29159,0
0a94d55951bd4caebf2712e455decc6e,2560,18944,0.214821,56314,205830,0,30680,25634,0
0a94d55951bd4caebf2712e455decc6e,3072,18944,0.028748,7536,254608,0,0,7536,0
0a94d55951bd4caebf2712e455decc6e,2560,19456,0.216663,56797,205347,0,49414,7383,0
0a94d55951bd4caebf2712e455decc6e,3072,19456,0.313602,82209,179935,0,48791,33418,0
0a94d55951bd4caebf2712e455decc6e,3584,19456,0.244965,64216,197928,0,42618,21598,0
0a94d55951bd4caebf2712e455decc6e,4096,19456,0.12561,32928,229216,0,18456,14472,0
0a94d55951bd4caebf2712e455decc6e,2560,19968,0.331913,87009,175135,0,0,87009,0
0a94d55951bd4caebf2712e455decc6e,3072,19968,0.744717,195223,66921,0,0,195223,0
0a94d55951bd4caebf2712e455decc6e,3584,19968,0.627598,164521,97623,0,0,164521,0
0a94d55951bd4caebf2712e455decc6e,4096,19968,0.50901,133434,128710,0,0,133434,0
0a94d55951bd4caebf2712e455decc6e,3072,20480,0.022877,5997,256147,0,0,5997,0
0a94d55951bd4caebf2712e455decc6e,3584,20480,0.193439,50709,211435,0,0,50709,0
0a94d55951bd4caebf2712e455decc6e,4096,20480,0.158638,41586,220558,0,11873,29713,0
0a94d55951bd4caebf2712e455decc6e,4608,20480,0.076664,20097,242047,0,8531,11566,0
0aa144fb4a6597dd19b3e0de25151e11,1536,0,0.15403,40378,221766,0,0,40378,0
0aa144fb4a6597dd19b3e0de25151e11,2048,0,0.137341,36003,226141,0,0,36003,0
0aa144fb4a6597dd19b3e0de25151e11,1024,512,0.430939,112968,149176,0,0,110877,2091
0aa144fb4a6597dd19b3e0de25151e11,1536,512,0.637161,167028,95116,0,0,167028,0
0aa144fb4a6597dd19b3e0de25151e11,2048,512,0.389252,102040,160104,0,0,102040,0
0aa144fb4a6597dd19b3e0de25151e11,3072,512,0.097256,25495,236649,0,25495,0,0
0aa144fb4a6597dd19b3e0de25151e11,3584,512,0.066143,17339,244805,0,7352,9987,0
0aa144fb4a6597dd19b3e0de25151e11,4608,512,0.653088,171203,90941,0,0,171203,0
0aa144fb4a6597dd19b3e0de25151e11,5120,512,0.526066,137905,124239,0,0,137905,0
0aa144fb4a6597dd19b3e0de25151e11,5632,512,0.137436,36028,226116,0,36028,0,0
0aa144fb4a6597dd19b3e0de25151e11,6144,512,0.034924,9155,252989,0,9155,0,0
0aa144fb4a6597dd19b3e0de25151e11,6656,512,0.028053,7354,254790,0,7354,0,0
0aa144fb4a6597dd19b3e0de25151e11,7168,512,0.018993,4979,257165,0,4979,0,0
0aa144fb4a6597dd19b3e0de25151e11,1024,1024,0.063736,16708,245436,0,0,16708,0
0aa144fb4a6597dd19b3e0de25151e11,1536,1024,0.035316,9258,252886,0,0,4639,4619
0aa144fb4a6597dd19b3e0de25151e11,2048,1024,0.245815,64439,197705,0,0,64439,0
0aa144fb4a6597dd19b3e0de25151e11,3072,1024,0.030632,8030,254114,0,8030,0,0
0aa144fb4a6597dd19b3e0de25151e11,3584,1024,0.093315,24462,237682,0,817,23645,0
0aa144fb4a6597dd19b3e0de25151e11,4096,1024,0.02137,5602,256542,0,5028,574,0
0aa144fb4a6597dd19b3e0de25151e11,4608,1024,0.131882,34572,227572,0,23547,11025,0
0aa144fb4a6597dd19b3e0de25151e11,5120,1024,0.063583,16668,245476,0,16668,0,0
0aa144fb4a6597dd19b3e0de25151e11,5632,1024,0.386475,101312,160832,0,46883,54429,0
0aa144fb4a6597dd19b3e0de25151e11,6144,1024,0.341385,89492,172652,0,35656,53836,0
0aa144fb4a6597dd19b3e0de25151e11,6656,1024,0.437366,114653,147491,0,105690,8963,0
0aa144fb4a6597dd19b3e0de25151e11,7168,1024,0.480927,126072,136072,0,126072,0,0
0aa144fb4a6597dd19b3e0de25151e11,7680,1024,0.493919,129478,132666,0,129478,0,0
0aa144fb4a6597dd19b3e0de25151e11,8192,1024,0.686626,179995,82149,0,179995,0,0
0aa144fb4a6597dd19b3e0de25151e11,8704,1024,0.686256,179898,82246,0,146603,33295,0
0aa144fb4a6597dd19b3e0de25151e11,9216,1024,0.719612,188642,73502,0,0,188642,0
0aa144fb4a6597dd19b3e0de25151e11,9728,1024,0.485909,127378,134766,0,0,127378,0
0aa144fb4a6597dd19b3e0de25151e11,10240,1024,0.30838,80840,181304,0,0,80840,0
0aa144fb4a6597dd19b3e0de25151e11,10752,1024,0.023441,6145,255999,0,0,6145,0
0aa144fb4a6597dd19b3e0de25151e11,4608,1536,0.03278,8593,253551,0,8593,0,0
0aa144fb4a6597dd19b3e0de25151e11,5120,1536,0.035011,9178,252966,0,9178,0,0
0aa144fb4a6597dd19b3e0de25151e11,5632,1536,0.222713,58383,203761,0,50300,8083,0
0aa144fb4a6597dd19b3e0de25151e11,6144,1536,0.332344,87122,175022,0,87122,0,0
0aa144fb4a6597dd19b3e0de25151e11,6656,1536,0.158455,41538,220606,0,41538,0,0
0aa144fb4a6597dd19b3e0de25151e11,7168,1536,0.629383,164989,97155,0,164989,0,0
0aa144fb4a6597dd19b3e0de25151e11,7680,1536,0.896076,234901,27243,0,234901,0,0
0aa144fb4a6597dd19b3e0de25151e11,8192,1536,0.895786,234825,27319,0,234825,0,0
0aa144fb4a6597dd19b3e0de25151e11,8704,1536,0.831631,218007,44137,0,117457,100550,0
0aa144fb4a6597dd19b3e0de25151e11,9216,1536,0.947609,248410,13734,0,0,248410,0
0aa144fb4a6597dd19b3e0de25151e11,9728,1536,0.983688,257868,4276,0,0,257868,0
0aa144fb4a6597dd19b3e0de25151e11,10240,1536,1.0,262144,0,0,0,262144,0
0aa144fb4a6597dd19b3e0de25151e11,10752,1536,0.858974,225175,36969,0,0,225175,0
0aa144fb4a6597dd19b3e0de25151e11,11264,1536,0.519581,136205,125939,0,0,136205,0
0aa144fb4a6597dd19b3e0de25151e11,11776,1536,0.102859,26964,235180,1567,0,25397,0
0aa144fb4a6597dd19b3e0de25151e11,12288,1536,0.020168,5287,256857,5287,0,0,0
0aa144fb4a6597dd19b3e0de25151e11,7680,2048,0.03191,8365,253779,0,8365,0,0
0aa144fb4a6597dd19b3e0de25151e11,8192,2048,0.329174,86291,175853,0,86291,0,0
0aa144fb4a6597dd19b3e0de25151e11,8704,2048,0.451416,118336,143808,0,45709,72627,0
0aa144fb4a6597dd19b3e0de25151e11,9216,2048,0.8265,216662,45482,0,0,216662,0
0aa144fb4a6597dd19b3e0de25151e11,9728,2048,0.957569,251021,11123,0,0,251021,0
0aa144fb4a6597dd19b3e0de25151e11,10240,2048,1.0,262144,0,0,0,262144,0
0aa144fb4a6597dd19b3e0de25151e11,10752,2048,0.981628,257328,4816,0,0,257328,0
0aa144fb4a6597dd19b3e0de25151e11,11264,2048,0.993885,260541,1603,0,0,260541,0
0aa144fb4a6597dd19b3e0de25151e11,11776,2048,0.720066,188761,73383,2998,0,185763,0
0aa144fb4a6597dd19b3e0de25151e11,12288,2048,0.57476,150670,111474,22990,0,127680,0
0aa144fb4a6597dd19b3e0de25151e11,12800,2048,0.091503,23987,238157,22535,0,1452,0
0aa144fb4a6597dd19b3e0de25151e11,13312,2048,0.029686,7782,254362,7782,0,0,0
0aa144fb4a6597dd19b3e0de25151e11,14848,2048,0.018867,4946,257198,4946,0,0,0
0aa144fb4a6597dd19b3e0de25151e11,15360,2048,0.031906,8364,253780,8364,0,0,0
0aa144fb4a6597dd19b3e0de25151e11,15872,2048,0.039623,10387,251757,10387,0,0,0
0aa144fb4a6597dd19b3e0de25151e11,10240,2560,0.070618,18512,243632,0,0,18512,0
0aa144fb4a6597dd19b3e0de25151e11,10752,2560,0.234676,61519,200625,0,0,61519,0
0aa144fb4a6597dd19b3e0de25151e11,11264,2560,0.68309,179068,83076,0,0,179068,0
0aa144fb4a6597dd19b3e0de25151e11,11776,2560,0.545856,143093,119051,11565,0,131528,0
0aa144fb4a6597dd19b3e0de25151e11,12288,2560,0.571091,149708,112436,30805,0,118903,0
0aa144fb4a6597dd19b3e0de25151e11,12800,2560,0.310364,81360,180784,3234,0,78126,0
0aa144fb4a6597dd19b3e0de25151e11,13312,2560,0.199944,52414,209730,17319,0,35095,0
0aa144fb4a6597dd19b3e0de25151e11,13824,2560,0.083523,21895,240249,21895,0,0,0
0aa144fb4a6597dd19b3e0de25151e11,14336,2560,0.304981,79949,182195,79949,0,0,0
0aa144fb4a6597dd19b3e0de25151e11,14848,2560,0.372242,97581,164563,97581,0,0,0
0aa144fb4a6597dd19b3e0de25151e11,15360,2560,0.267799,70202,191942,70202,0,0,0
0aa144fb4a6597dd19b3e0de25151e11,15872,2560,0.371227,97315,164829,97315,0,0,0
0aa144fb4a6597dd19b3e0de25151e11,16384,2560,0.127361,33387,228757,33387,0,0,0
0aa144fb4a6597dd19b3e0de25151e11,16896,2560,0.181931,47692,214452,43150,4542,0,0
0aa144fb4a6597dd19b3e0de25151e11,17408,2560,0.175709,46061,216083,46061,0,0,0
0aa144fb4a6597dd19b3e0de25151e11,17920,2560,0.022308,5848,256296,5848,0,0,0
0aa144fb4a6597dd19b3e0de25151e11,7680,3072,0.044201,11587,250557,0,0,11587,0
0aa144fb4a6597dd19b3e0de25151e11,8192,3072,0.410828,107696,154448,0,0,107696,0
0aa144fb4a6597dd19b3e0de25151e11,11264,3072,0.060303,15808,246336,0,0,15808,0
0aa144fb4a6597dd19b3e0de25151e11,11776,3072,0.012714,3333,258811,0,0,3333,0
0aa144fb4a6597dd19b3e0de25151e11,12288,3072,0.125381,32868,229276,0,0,32868,0
0aa144fb4a6597dd19b3e0de25151e11,12800,3072,0.120689,31638,230506,0,0,31638,0
0aa144fb4a6597dd19b3e0de25151e11,13312,3072,0.094612,24802,237342,0,0,24802,0
0aa144fb4a6597dd19b3e0de25151e11,13824,3072,0.246536,64628,197516,64628,0,0,0
0aa144fb4a6597dd19b3e0de25151e11,14336,3072,0.255898,67082,195062,67082,0,0,0
0aa144fb4a6597dd19b3e0de25151e11,15360,3072,0.28194,73909,188235,73909,0,0,0
0aa144fb4a6597dd19b3e0de25151e11,15872,3072,0.346081,90723,171421,90723,0,0,0
0aa144fb4a6597dd19b3e0de25151e11,16384,3072,0.46492,121876,140268,121876,0,0,0
0aa144fb4a6597dd19b3e0de25151e11,16896,3072,0.403149,105683,156461,105683,0,0,0
0aa144fb4a6597dd19b3e0de25151e11,17408,3072,0.337013,88346,173798,88346,0,0,0
0aa144fb4a6597dd19b3e0de25151e11,17920,3072,0.077797,20394,241750,20394,0,0,0
0aa144fb4a6597dd19b3e0de25151e11,7680,3584,0.391735,102691,159453,0,0,102691,0
0aa144fb4a6597dd19b3e0de25151e11,8192,3584,0.215046,56373,205771,0,0,56373,0
0aa144fb4a6597dd19b3e0de25151e11,15872,3584,0.143631,37652,224492,37652,0,0,0
0aa144fb4a6597dd19b3e0de25151e11,16384,3584,0.240944,63162,198982,63162,0,0,0
0aa144fb4a6597dd19b3e0de25151e11,16896,3584,0.140358,36794,225350,36794,0,0,0
0aa144fb4a6597dd19b3e0de25151e11,7680,4096,0.109158,28615,233529,0,0,28615,0
0aa144fb4a6597dd19b3e0de25151e11,8192,4096,0.011406,2990,259154,0,0,2990,0
0aa144fb4a6597dd19b3e0de25151e11,9216,4608,0.193962,50846,211298,0,0,50846,0
0aa144fb4a6597dd19b3e0de25151e11,9728,4608,0.317429,83212,178932,0,0,83212,0
0aa144fb4a6597dd19b3e0de25151e11,10240,4608,0.18576,48696,213448,0,0,48696,0
0aa144fb4a6597dd19b3e0de25151e11,8704,5120,0.249077,65294,196850,0,0,65294,0
0aa144fb4a6597dd19b3e0de25151e11,9216,5120,0.905811,237453,24691,0,0,237453,0
0aa144fb4a6597dd19b3e0de25151e11,9728,5120,0.88205,231224,30920,0,0,231224,0
0aa144fb4a6597dd19b3e0de25151e11,10240,5120,0.302414,79276,182868,0,0,79276,0
0aa144fb4a6597dd19b3e0de25151e11,8192,5632,0.025208,6608,255536,0,0,6608,0
0aa144fb4a6597dd19b3e0de25151e11,8704,5632,0.637657,167158,94986,0,0,167158,0
0aa144fb4a6597dd19b3e0de25151e11,9216,5632,0.967415,253602,8542,0,0,253602,0
0aa144fb4a6597dd19b3e0de25151e11,9728,5632,0.958763,251334,10810,0,0,251334,0
0aa144fb4a6597dd19b3e0de25151e11,10240,5632,0.767361,201159,60985,0,0,201159,0
0aa144fb4a6597dd19b3e0de25151e11,8192,6144,0.055264,14487,247657,0,0,14487,0
0aa144fb4a6597dd19b3e0de25151e11,8704,6144,0.543674,142521,119623,0,0,142521,0
0aa144fb4a6597dd19b3e0de25151e11,9216,6144,0.424702,111333,150811,0,0,111333,0
0aa144fb4a6597dd19b3e0de25151e11,9728,6144,0.284981,74706,187438,0,0,74706,0
0aa144fb4a6597dd19b3e0de25151e11,10240,6144,0.086475,22669,239475,0,0,22669,0
0b73719f81c77051bb4b0ece8647a48e,20480,1024,0.024364,6387,255757,0,0,5391,996
0b73719f81c77051bb4b0ece8647a48e,20992,1024,0.031891,8360,253784,0,0,8360,0
0b73719f81c77051bb4b0ece8647a48e,21504,1024,0.216167,56667,205477,0,6667,29960,20040
0b73719f81c77051bb4b0ece8647a48e,18944,1536,0.067825,17780,244364,0,0,0,17780
0b73719f81c77051bb4b0ece8647a48e,19456,1536,0.156914,41134,221010,0,0,9864,31270
0b73719f81c77051bb4b0ece8647a48e,19968,1536,0.072121,18906,243238,0,0,1180,17726
0b73719f81c77051bb4b0ece8647a48e,20480,1536,0.285912,74950,187194,0,0,20020,54930
0b73719f81c77051bb4b0ece8647a48e,20992,1536,0.167053,43792,218352,0,7148,5842,30802
0b73719f81c77051bb4b0ece8647a48e,21504,1536,0.124664,32680,229464,0,0,8371,24309
0b73719f81c77051bb4b0ece8647a48e,14848,2048,0.036995,9698,252446,0,7581,2052,65
0b73719f81c77051bb4b0ece8647a48e,15360,2048,0.130703,34263,227881,0,14842,0,19421
0b73719f81c77051bb4b0ece8647a48e,15872,2048,0.108723,28501,233643,0,18563,0,9938
0b73719f81c77051bb4b0ece8647a48e,16384,2048,0.125084,32790,229354,0,23497,9293,0
0b73719f81c77051bb4b0ece8647a48e,16896,2048,0.087112,22836,239308,0,22836,0,0
0b73719f81c77051bb4b0ece8647a48e,17408,2048,0.040535,10626,251518,0,0,2648,7978
0b73719f81c77051bb4b0ece8647a48e,17920,2048,0.124699,32689,229455,0,0,17834,14855
0b73719f81c77051bb4b0ece8647a48e,18432,2048,0.227825,59723,202421,0,0,13677,46046
0b73719f81c77051bb4b0ece8647a48e,18944,2048,0.154823,40586,221558,0,0,3983,36603
0b73719f81c77051bb4b0ece8647a48e,19456,2048,0.186646,48928,213216,0,0,18583,30345
0b73719f81c77051bb4b0ece8647a48e,19968,2048,0.236263,61935,200209,0,0,0,61935
0b73719f81c77051bb4b0ece8647a48e,20480,2048,0.063839,16735,245409,0,0,0,16735
0b73719f81c77051bb4b0ece8647a48e,20992,2048,0.131168,34385,227759,0,3315,14255,16815
0b73719f81c77051bb4b0ece8647a48e,21504,2048,0.114254,29951,232193,0,3416,26535,0
0b73719f81c77051bb4b0ece8647a48e,22016,2048,0.040638,10653,251491,0,0,7525,3128
0b73719f81c77051bb4b0ece8647a48e,10240,2560,0.139935,36683,225461,0,8830,27853,0
0b73719f81c77051bb4b0ece8647a48e,10752,2560,0.244019,63968,198176,0,26001,37967,0
0b73719f81c77051bb4b0ece8647a48e,11264,2560,0.337708,88528,173616,0,0,88528,0
0b73719f81c77051bb4b0ece8647a48e,11776,2560,0.132748,34799,227345,0,10938,23861,0
0b73719f81c77051bb4b0ece8647a48e,12288,2560,0.086971,22799,239345,0,4247,14828,3724
0b73719f81c77051bb4b0ece8647a48e,12800,2560,0.033489,8779,253365,0,0,6934,1845
0b73719f81c77051bb4b0ece8647a48e,13312,2560,0.136383,35752,226392,0,0,22343,13409
0b73719f81c77051bb4b0ece8647a48e,13824,2560,0.248009,65014,197130,0,24362,14174,26478
0b73719f81c77051bb4b0ece8647a48e,14336,2560,0.088276,23141,239003,0,0,9997,13144
0b73719f81c77051bb4b0ece8647a48e,14848,2560,0.2201,57698,204446,0,1878,9693,46127
0b73719f81c77051bb4b0ece8647a48e,15360,2560,0.473232,124055,138089,0,96712,2195,25148
0b73719f81c77051bb4b0ece8647a48e,15872,2560,0.397045,104083,158061,0,89128,9781,5174
0b73719f81c77051bb4b0ece8647a48e,16384,2560,0.302143,79205,182939,0,35753,15345,28107
0b73719f81c77051bb4b0ece8647a48e,16896,2560,0.166367,43612,218532,0,10773,7285,25554
0b73719f81c77051bb4b0ece8647a48e,17408,2560,0.260967,68411,193733,0,33197,120,35094
0b73719f81c77051bb4b0ece8647a48e,17920,2560,0.233532,61219,200925,0,0,0,61219
0b73719f81c77051bb4b0ece8647a48e,18432,2560,0.040184,10534,251610,0,0,5283,5251
0b73719f81c77051bb4b0ece8647a48e,18944,2560,0.09219,24167,237977,0,0,0,24167
0b73719f81c77051bb4b0ece8647a48e,19456,2560,0.146774,38476,223668,0,0,4451,34025
0b73719f81c77051bb4b0ece8647a48e,19968,2560,0.317917,83340,178804,0,0,0,83340
0b73719f81c77051bb4b0ece8647a48e,20480,2560,0.175468,45998,216146,0,0,7928,38070
0b73719f81c77051bb4b0ece8647a48e,20992,2560,0.086052,22558,239586,0,0,14044,8514
0b73719f81c77051bb4b0ece8647a48e,21504,2560,0.057678,15120,247024,0,5273,9847,0
0b73719f81c77051bb4b0ece8647a48e,8704,3072,0.062489,16381,245763,0,0,16381,0
0b73719f81c77051bb4b0ece8647a48e,9216,3072,0.158031,41427,220717,0,13138,22392,5897
0b73719f81c77051bb4b0ece8647a48e,9728,3072,0.360168,94416,167728,4582,34649,55185,0
0b73719f81c77051bb4b0ece8647a48e,10240,3072,0.861481,225832,36312,0,56942,168890,0
0b73719f81c77051bb4b0ece8647a48e,10752,3072,0.781593,204890,57254,0,84177,120713,0
0b73719f81c77051bb4b0ece8647a48e,11264,3072,0.956841,250830,11314,0,30164,220666,0
0b73719f81c77051bb4b0ece8647a48e,11776,3072,0.836292,219229,42915,0,41639,177001,589
0b73719f81c77051bb4b0ece8647a48e,12288,3072,0.565308,148192,113952,0,71642,73090,3460
0b73719f81c77051bb4b0ece8647a48e,12800,3072,0.299026,78388,183756,0,44414,0,33974
0b73719f81c77051bb4b0ece8647a48e,13312,3072,0.01487,3898,258246,0,0,2228,1670
0b73719f81c77051bb4b0ece8647a48e,13824,3072,0.023849,6252,255892,0,0,2202,4050
0b73719f81c77051bb4b0ece8647a48e,14336,3072,0.116119,30440,231704,0,0,23579,6861
0b73719f81c77051bb4b0ece8647a48e,15360,3072,0.325386,85298,176846,0,34946,43710,6642
0b73719f81c77051bb4b0ece8647a48e,15872,3072,0.536339,140598,121546,0,105116,35482,0
0b73719f81c77051bb4b0ece8647a48e,16384,3072,0.41177,107943,154201,0,97776,6717,3450
0b73719f81c77051bb4b0ece8647a48e,16896,3072,0.411854,107965,154179,0,97796,8647,1522
0b73719f81c77051bb4b0ece8647a48e,17408,3072,0.181026,47455,214689,0,36893,0,10562
0b73719f81c77051bb4b0ece8647a48e,17920,3072,0.202,52953,209191,0,0,0,52953
0b73719f81c77051bb4b0ece8647a48e,18432,3072,0.156399,40999,221145,0,0,0,40999
0b73719f81c77051bb4b0ece8647a48e,18944,3072,0.013561,3555,258589,0,0,0,3555
0b73719f81c77051bb4b0ece8647a48e,19968,3072,0.03614,9474,252670,0,0,0,9474
0b73719f81c77051bb4b0ece8647a48e,20480,3072,0.029472,7726,254418,0,0,0,7726
0b73719f81c77051bb4b0ece8647a48e,8704,3584,0.034489,9041,253103,0,0,8121,920
0b73719f81c77051bb4b0ece8647a48e,9216,3584,0.395844,103768,158376,47239,18679,32202,5648
0b73719f81c77051bb4b0ece8647a48e,9728,3584,0.578281,151593,110551,76637,41245,33711,0
0b73719f81c77051bb4b0ece8647a48e,10240,3584,0.676964,177462,84682,12105,112546,52811,0
0b73719f81c77051bb4b0ece8647a48e,10752,3584,0.787945,206555,55589,0,145042,58189,3324
0b73719f81c77051bb4b0ece8647a48e,11264,3584,0.470169,123252,138892,0,102339,20913,0
0b73719f81c77051bb4b0ece8647a48e,11776,3584,0.388355,101805,160339,0,64403,37334,68
0b73719f81c77051bb4b0ece8647a48e,12288,3584,0.264111,69235,192909,0,37275,17907,14053
0b73719f81c77051bb4b0ece8647a48e,12800,3584,0.018394,4822,257322,0,0,4822,0
0b73719f81c77051bb4b0ece8647a48e,15872,3584,0.027317,7161,254983,0,0,7161,0
0b73719f81c77051bb4b0ece8647a48e,16896,3584,0.150414,39430,222714,0,39430,0,0
0b73719f81c77051bb4b0ece8647a48e,512,4096,0.060757,15927,246217,0,0,0,15927
0b73719f81c77051bb4b0ece8647a48e,1024,4096,0.056072,14699,247445,0,0,8251,6448
0b73719f81c77051bb4b0ece8647a48e,5120,4096,0.233315,61162,200982,61162,0,0,0
0b73719f81c77051bb4b0ece8647a48e,8704,4096,0.069592,18243,243901,0,0,12902,5341
0b73719f81c77051bb4b0ece8647a48e,9216,4096,0.199642,52335,209809,5043,1223,46069,0
0b73719f81c77051bb4b0ece8647a48e,9728,4096,0.370728,97184,164960,9547,47202,36064,4371
0b73719f81c77051bb4b0ece8647a48e,10240,4096,0.588657,154313,107831,1404,134635,18274,0
0b73719f81c77051bb4b0ece8647a48e,10752,4096,0.490009,128453,133691,0,128453,0,0
0b73719f81c77051bb4b0ece8647a48e,11264,4096,0.157475,41281,220863,0,36880,4401,0
0b73719f81c77051bb4b0ece8647a48e,11776,4096,0.028404,7446,254698,0,7446,0,0
0b73719f81c77051bb4b0ece8647a48e,512,4608,0.100002,26215,235929,0,0,0,26215
0b73719f81c77051bb4b0ece8647a48e,1024,4608,0.116203,30462,231682,0,0,10466,19996
0b73719f81c77051bb4b0ece8647a48e,5120,4608,0.036999,9699,252445,9699,0,0,0
0b73719f81c77051bb4b0ece8647a48e,9216,4608,0.042141,11047,251097,0,0,11047,0
0b73719f81c77051bb4b0ece8647a48e,9728,4608,0.029209,7657,254487,0,0,37,7620
0ba540dcef7c6a994c4e0634cbff4af2,0,512,0.049702,13029,249115,13029,0,0,0
0ba540dcef7c6a994c4e0634cbff4af2,512,512,0.07391,19375,242769,19065,0,310,0
0ba540dcef7c6a994c4e0634cbff4af2,1024,512,0.048717,12771,249373,0,0,12771,0
0ba540dcef7c6a994c4e0634cbff4af2,0,1024,0.044144,11572,250572,11572,0,0,0
0ba540dcef7c6a994c4e0634cbff4af2,512,1024,0.26725,70058,192086,70058,0,0,0
0ba540dcef7c6a994c4e0634cbff4af2,1024,1024,0.057861,15168,246976,15168,0,0,0
0ba540dcef7c6a994c4e0634cbff4af2,512,1536,0.075428,19773,242371,19773,0,0,0
0ba540dcef7c6a994c4e0634cbff4af2,1024,1536,0.052387,13733,248411,13733,0,0,0
0ba540dcef7c6a994c4e0634cbff4af2,512,2048,0.031403,8232,253912,8232,0,0,0
0ba540dcef7c6a994c4e0634cbff4af2,1024,2048,0.119808,31407,230737,31407,0,0,0
0ba540dcef7c6a994c4e0634cbff4af2,512,2560,0.151428,39696,222448,29759,0,9937,0
0ba540dcef7c6a994c4e0634cbff4af2,1024,2560,0.016205,4248,257896,0,0,4248,0
0ba540dcef7c6a994c4e0634cbff4af2,1536,2560,0.081081,21255,240889,21255,0,0,0
0ba540dcef7c6a994c4e0634cbff4af2,512,3072,0.026718,7004,255140,7004,0,0,0
0ba540dcef7c6a994c4e0634cbff4af2,1024,3072,0.291698,76467,185677,67515,0,5577,3375
0ba540dcef7c6a994c4e0634cbff4af2,1536,3072,0.117416,30780,231364,30780,0,0,0
0ba540dcef7c6a994c4e0634cbff4af2,1024,3584,0.010471,2745,259399,2745,0,0,0
0ba540dcef7c6a994c4e0634cbff4af2,1536,3584,0.074493,19528,242616,19528,0,0,0
0ba540dcef7c6a994c4e0634cbff4af2,1024,4096,0.088196,23120,239024,0,12873,10247,0
0ba540dcef7c6a994c4e0634cbff4af2,1536,4096,0.31765,83270,178874,5828,1925,75517,0
0ba540dcef7c6a994c4e0634cbff4af2,2048,4096,0.039459,10344,251800,0,0,10344,0
0ba540dcef7c6a994c4e0634cbff4af2,1024,4608,0.305649,80124,182020,0,49836,26888,3400
0ba540dcef7c6a994c4e0634cbff4af2,1536,4608,0.52607,137906,124238,0,124803,9491,3612
0ba540dcef7c6a994c4e0634cbff4af2,2048,4608,0.072987,19133,243011,0,0,19133,0
0ba540dcef7c6a994c4e0634cbff4af2,1024,5120,0.263039,68954,193190,0,68954,0,0
0ba540dcef7c6a994c4e0634cbff4af2,1536,5120,0.441792,115813,146331,0,115813,0,0
0ba540dcef7c6a994c4e0634cbff4af2,2048,5120,0.248966,65265,196879,0,65265,0,0
0ba540dcef7c6a994c4e0634cbff4af2,1024,5632,0.030968,8118,254026,0,4172,3946,0
0ba540dcef7c6a994c4e0634cbff4af2,1536,5632,0.212078,55595,206549,0,46072,9523,0
0ba540dcef7c6a994c4e0634cbff4af2,2048,5632,0.359684,94289,167855,61552,20491,12246,0
0ba540dcef7c6a994c4e0634cbff4af2,2560,5632,0.132423,34714,227430,34714,0,0,0
0ba540dcef7c6a994c4e0634cbff4af2,1536,6144,0.234802,61552,200592,61552,0,0,0
0ba540dcef7c6a994c4e0634cbff4af2,2048,6144,0.2267,59428,202716,41943,0,17485,0
0ba540dcef7c6a994c4e0634cbff4af2,2560,6144,0.0424,11115,251029,11115,0,0,0
0ba540dcef7c6a994c4e0634cbff4af2,1536,6656,0.369686,96911,165233,16369,38463,42079,0
0ba540dcef7c6a994c4e0634cbff4af2,2048,6656,0.295444,77449,184695,0,55336,22113,0
0ba540dcef7c6a994c4e0634cbff4af2,2560,6656,0.157654,41328,220816,0,7398,33930,0
0ba540dcef7c6a994c4e0634cbff4af2,1536,7168,0.502647,131766,130378,0,126980,4786,0
0ba540dcef7c6a994c4e0634cbff4af2,2048,7168,0.359848,94332,167812,0,93593,739,0
0ba540dcef7c6a994c4e0634cbff4af2,2560,7168,0.157104,41184,220960,0,36249,4935,0
0ba540dcef7c6a994c4e0634cbff4af2,1536,7680,0.180115,47216,214928,0,47216,0,0
0ba540dcef7c6a994c4e0634cbff4af2,2048,7680,0.314602,82471,179673,0,82471,0,0
0ba540dcef7c6a994c4e0634cbff4af2,2560,7680,0.661079,173298,88846,0,173298,0,0
0ba540dcef7c6a994c4e0634cbff4af2,1536,8192,0.11438,29984,232160,14209,15775,0,0
0ba540dcef7c6a994c4e0634cbff4af2,2048,8192,0.248966,65265,196879,30654,34611,0,0
0ba540dcef7c6a994c4e0634cbff4af2,2560,8192,0.560551,146945,115199,5827,122441,16065,2612
0ba540dcef7c6a994c4e0634cbff4af2,3072,8192,0.028164,7383,254761,0,7383,0,0
0ba540dcef7c6a994c4e0634cbff4af2,2048,8704,0.186253,48825,213319,25351,0,23474,0
0ba540dcef7c6a994c4e0634cbff4af2,2560,8704,0.317356,83193,178951,69411,1604,12178,0
0ba540dcef7c6a994c4e0634cbff4af2,2048,9216,0.078926,20690,241454,20690,0,0,0
0ba540dcef7c6a994c4e0634cbff4af2,2560,9216,0.306469,80339,181805,19115,39720,21504,0
0ba540dcef7c6a994c4e0634cbff4af2,3072,9216,0.106396,27891,234253,3874,22568,1449,0
0ba540dcef7c6a994c4e0634cbff4af2,2048,9728,0.100983,26472,235672,0,0,26472,0
0ba540dcef7c6a994c4e0634cbff4af2,2560,9728,0.267281,70066,192078,39974,28927,1165,0
0ba540dcef7c6a994c4e0634cbff4af2,3072,9728,0.012329,3232,258912,605,1391,1236,0
0ba540dcef7c6a994c4e0634cbff4af2,2048,10240,0.108215,28368,233776,19512,7198,1658,0
0ba540dcef7c6a994c4e0634cbff4af2,2560,10240,0.507935,133152,128992,124496,5317,3339,0
0ba540dcef7c6a994c4e0634cbff4af2,3072,10240,0.332756,87230,174914,56110,0,31120,0
0ba540dcef7c6a994c4e0634cbff4af2,2048,10752,0.106136,27823,234321,0,0,27823,0
0ba540dcef7c6a994c4e0634cbff4af2,2560,10752,0.362869,95124,167020,0,59678,35446,0
0ba540dcef7c6a994c4e0634cbff4af2,3072,10752,0.268131,70289,191855,0,28223,42066,0
0ba540dcef7c6a994c4e0634cbff4af2,2560,11264,0.258053,67647,194497,27398,40249,0,0
0ba540dcef7c6a994c4e0634cbff4af2,3072,11264,0.131813,34554,227590,32125,2429,0,0
0ba540dcef7c6a994c4e0634cbff4af2,2560,11776,0.072384,18975,243169,18975,0,0,0
0ba540dcef7c6a994c4e0634cbff4af2,3072,11776,0.353806,92748,169396,92748,0,0,0
0ba540dcef7c6a994c4e0634cbff4af2,3584,11776,0.051495,13499,248645,13499,0,0,0
0ba540dcef7c6a994c4e0634cbff4af2,2560,12288,0.213051,55850,206294,55850,0,0,0
0ba540dcef7c6a994c4e0634cbff4af2,3072,12288,0.10849,28440,233704,28440,0,0,0
0ba540dcef7c6a994c4e0634cbff4af2,3584,12288,0.024895,6526,255618,0,6526,0,0
0ba540dcef7c6a994c4e0634cbff4af2,4096,12288,0.02544,6669,255475,0,6669,0,0
0ba540dcef7c6a994c4e0634cbff4af2,2560,12800,0.212727,55765,206379,55765,0,0,0
0ba540dcef7c6a994c4e0634cbff4af2,3584,12800,0.217518,57021,205123,4349,34289,18383,0
0ba540dcef7c6a994c4e0634cbff4af2,4096,12800,0.152721,40035,222109,38117,1918,0,0
0ba540dcef7c6a994c4e0634cbff4af2,2560,13312,0.080627,21136,241008,21136,0,0,0
0ba540dcef7c6a994c4e0634cbff4af2,3072,13312,0.31292,82030,180114,82030,0,0,0
0ba540dcef7c6a994c4e0634cbff4af2,3584,13312,0.527554,138295,123849,130766,7529,0,0
0ba540dcef7c6a994c4e0634cbff4af2,4096,13312,0.24334,63790,198354,63790,0,0,0
0ba540dcef7c6a994c4e0634cbff4af2,2560,13824,0.09528,24977,237167,24977,0,0,0
0ba540dcef7c6a994c4e0634cbff4af2,3072,13824,0.425728,111602,150542,111602,0,0,0
0ba540dcef7c6a994c4e0634cbff4af2,3584,13824,0.443581,116282,145862,116282,0,0,0
0ba540dcef7c6a994c4e0634cbff4af2,4096,13824,0.062607,16412,245732,16412,0,0,0
0ba540dcef7c6a994c4e0634cbff4af2,2560,14336,0.028702,7524,254620,7524,0,0,0
0ba540dcef7c6a994c4e0634cbff4af2,3072,14336,0.383156,100442,161702,100442,0,0,0
0ba540dcef7c6a994c4e0634cbff4af2,3584,14336,0.445652,116825,145319,116825,0,0,0
0ba540dcef7c6a994c4e0634cbff4af2,4096,14336,0.14225,37290,224854,37290,0,0,0
0ba540dcef7c6a994c4e0634cbff4af2,3072,14848,0.397621,104234,157910,104234,0,0,0
0ba540dcef7c6a994c4e0634cbff4af2,3584,14848,0.417179,109361,152783,109361,0,0,0
0ba540dcef7c6a994c4e0634cbff4af2,4096,14848,0.198498,52035,210109,52035,0,0,0
0ba540dcef7c6a994c4e0634cbff4af2,3072,15360,0.475819,124733,137411,124733,0,0,0
0ba540dcef7c6a994c4e0634cbff4af2,3584,15360,0.576771,151197,110947,151197,0,0,0
0ba540dcef7c6a994c4e0634cbff4af2,4096,15360,0.051842,13590,248554,13590,0,0,0
0ba540dcef7c6a994c4e0634cbff4af2,3072,15872,0.335827,88035,174109,82769,5266,0,0
0ba540dcef7c6a994c4e0634cbff4af2,3584,15872,0.302795,79376,182768,79376,0,0,0
0ba540dcef7c6a994c4e0634cbff4af2,4096,15872,0.22541,59090,203054,59090,0,0,0
0ba540dcef7c6a994c4e0634cbff4af2,3072,16384,0.124504,32638,229506,32638,0,0,0
0ba540dcef7c6a994c4e0634cbff4af2,3584,16384,0.196678,51558,210586,51558,0,0,0
0ba540dcef7c6a994c4e0634cbff4af2,4096,16384,0.073139,19173,242971,19173,0,0,0
0ba540dcef7c6a994c4e0634cbff4af2,3072,16896,0.049175,12891,249253,12891,0,0,0
0ba540dcef7c6a994c4e0634cbff4af2,3584,16896,0.258102,67660,194484,67660,0,0,0
0ba540dcef7c6a994c4e0634cbff4af2,4096,16896,0.39595,103796,158348,103796,0,0,0
0ba540dcef7c6a994c4e0634cbff4af2,3072,17408,0.036526,9575,252569,9575,0,0,0
0ba540dcef7c6a994c4e0634cbff4af2,3584,17408,0.40369,105825,156319,105825,0,0,0
0ba540dcef7c6a994c4e0634cbff4af2,4096,17408,0.197468,51765,210379,51765,0,0,0
0ba540dcef7c6a994c4e0634cbff4af2,4608,17408,0.082684,21675,240469,21675,0,0,0
0ba540dcef7c6a994c4e0634cbff4af2,3584,17920,0.043179,11319,250825,11319,0,0,0
0ba540dcef7c6a994c4e0634cbff4af2,4096,17920,0.231113,60585,201559,60585,0,0,0
0ba540dcef7c6a994c4e0634cbff4af2,4608,17920,0.075775,19864,242280,19864,0,0,0
0ba540dcef7c6a994c4e0634cbff4af2,3584,18432,0.319744,83819,178325,83819,0,0,0
0ba540dcef7c6a994c4e0634cbff4af2,4096,18432,0.510464,133815,128329,133815,0,0,0
0ba540dcef7c6a994c4e0634cbff4af2,4608,18432,0.161434,42319,219825,42319,0,0,0
0ba540dcef7c6a994c4e0634cbff4af2,3072,18944,0.050438,13222,248922,13222,0,0,0
0ba540dcef7c6a994c4e0634cbff4af2,3584,18944,0.597645,156669,105475,156669,0,0,0
0ba540dcef7c6a994c4e0634cbff4af2,4096,18944,0.469177,122992,139152,122992,0,0,0
0ba540dcef7c6a994c4e0634cbff4af2,4608,18944,0.094131,24676,237468,24676,0,0,0
0ba540dcef7c6a994c4e0634cbff4af2,3072,19456,0.143749,37683,224461,37683,0,0,0
0ba540dcef7c6a994c4e0634cbff4af2,3584,19456,0.507553,133052,129092,133052,0,0,0
0ba540dcef7c6a994c4e0634cbff4af2,4096,19456,0.454014,119017,143127,119017,0,0,0
0ba540dcef7c6a994c4e0634cbff4af2,4608,19456,0.02037,5340,256804,5340,0,0,0
0ba540dcef7c6a994c4e0634cbff4af2,3072,19968,0.344303,90257,171887,90257,0,0,0
0ba540dcef7c6a994c4e0634cbff4af2,3584,19968,0.352081,92296,169848,92296,0,0,0
0ba540dcef7c6a994c4e0634cbff4af2,4096,19968,0.26461,69366,192778,69366,0,0,0
0ba540dcef7c6a994c4e0634cbff4af2,3072,20480,0.09148,23981,238163,23981,0,0,0
0ba540dcef7c6a994c4e0634cbff4af2,3584,20480,0.063927,16758,245386,4671,12087,0,0
0ba540dcef7c6a994c4e0634cbff4af2,4096,20480,0.116821,30624,231520,30624,0,0,0
0ba540dcef7c6a994c4e0634cbff4af2,3072,20992,0.316105,82865,179279,82865,0,0,0
0ba540dcef7c6a994c4e0634cbff4af2,3584,20992,0.412964,108256,153888,51011,57245,0,0
0ba540dcef7c6a994c4e0634cbff4af2,4096,20992,0.055027,14425,247719,0,14425,0,0
0ba540dcef7c6a994c4e0634cbff4af2,3072,21504,0.244114,63993,198151,63993,0,0,0
0ba540dcef7c6a994c4e0634cbff4af2,3584,21504,0.304398,79796,182348,60287,19509,0,0
0ba540dcef7c6a994c4e0634cbff4af2,4096,21504,0.374119,98073,164071,3636,94437,0,0
0ba540dcef7c6a994c4e0634cbff4af2,3072,22016,0.117245,30735,231409,30735,0,0,0
0ba540dcef7c6a994c4e0634cbff4af2,3584,22016,0.333885,87526,174618,87526,0,0,0
0ba540dcef7c6a994c4e0634cbff4af2,4096,22016,0.096138,25202,236942,25202,0,0,0
0ba540dcef7c6a994c4e0634cbff4af2,3072,22528,0.13398,35122,227022,35122,0,0,0
0ba540dcef7c6a994c4e0634cbff4af2,3584,22528,0.481762,126291,135853,126291,0,0,0
0ba540dcef7c6a994c4e0634cbff4af2,4608,22528,0.141495,37092,225052,37092,0,0,0
0ba540dcef7c6a994c4e0634cbff4af2,3584,23040,0.429996,112721,149423,112721,0,0,0
0ba540dcef7c6a994c4e0634cbff4af2,4096,23040,0.297146,77895,184249,77895,0,0,0
0ba540dcef7c6a994c4e0634cbff4af2,4608,23040,0.418297,109654,152490,109654,0,0,0
0ba540dcef7c6a994c4e0634cbff4af2,5120,23040,0.212837,55794,206350,55794,0,0,0
0ba540dcef7c6a994c4e0634cbff4af2,3584,23552,0.207222,54322,207822,54322,0,0,0
0ba540dcef7c6a994c4e0634cbff4af2,4096,23552,0.122746,32177,229967,32177,0,0,0
0ba540dcef7c6a994c4e0634cbff4af2,4608,23552,0.221027,57941,204203,57941,0,0,0
0ba540dcef7c6a994c4e0634cbff4af2,5120,23552,0.172592,45244,216900,45244,0,0,0
0ba540dcef7c6a994c4e0634cbff4af2,3584,24064,0.022095,5792,256352,5792,0,0,0
0ba540dcef7c6a994c4e0634cbff4af2,4096,24064,0.344555,90323,171821,90323,0,0,0
0ba540dcef7c6a994c4e0634cbff4af2,4608,24064,0.157181,41204,220940,41204,0,0,0
0ba540dcef7c6a994c4e0634cbff4af2,5120,24064,0.081169,21278,240866,21278,0,0,0
0ba540dcef7c6a994c4e0634cbff4af2,4096,24576,0.084625,22184,239960,22184,0,0,0
0ba540dcef7c6a994c4e0634cbff4af2,5120,24576,0.21249,55703,206441,55703,0,0,0
0ba540dcef7c6a994c4e0634cbff4af2,5632,24576,0.136105,35679,226465,35679,0,0,0
0ba540dcef7c6a994c4e0634cbff4af2,4608,25088,0.139469,36561,225583,36561,0,0,0
0ba540dcef7c6a994c4e0634cbff4af2,5120,25088,0.428364,112293,149851,112293,0,0,0
0ba540dcef7c6a994c4e0634cbff4af2,5632,25088,0.174183,45661,216483,45661,0,0,0
0ba540dcef7c6a994c4e0634cbff4af2,4608,25600,0.135765,35590,226554,34411,1179,0,0
0ba540dcef7c6a994c4e0634cbff4af2,5120,25600,0.204311,53559,208585,46750,6809,0,0
0ba540dcef7c6a994c4e0634cbff4af2,5632,25600,0.024406,6398,255746,6398,0,0,0
0ba540dcef7c6a994c4e0634cbff4af2,4608,26112,0.264576,69357,192787,929,68428,0,0
0ba540dcef7c6a994c4e0634cbff4af2,5120,26112,0.269154,70557,191587,24618,45939,0,0
0ba540dcef7c6a994c4e0634cbff4af2,4608,26624,0.18552,48633,213511,30727,17906,0,0
0ba540dcef7c6a994c4e0634cbff4af2,5120,26624,0.503872,132087,130057,132087,0,0,0
0ba540dcef7c6a994c4e0634cbff4af2,5632,26624,0.138954,36426,225718,36426,0,0,0
0ba540dcef7c6a994c4e0634cbff4af2,4608,27136,0.02985,7825,254319,7825,0,0,0
0ba540dcef7c6a994c4e0634cbff4af2,5120,27136,0.309181,81050,181094,81050,0,0,0
0ba540dcef7c6a994c4e0634cbff4af2,5632,27136,0.379986,99611,162533,99611,0,0,0
0ba540dcef7c6a994c4e0634cbff4af2,6144,27136,0.028294,7417,254727,7417,0,0,0
0ba540dcef7c6a994c4e0634cbff4af2,5120,27648,0.047775,12524,249620,12524,0,0,0
0ba540dcef7c6a994c4e0634cbff4af2,5632,27648,0.234299,61420,200724,61420,0,0,0
0ba540dcef7c6a994c4e0634cbff4af2,6144,27648,0.013355,3501,258643,3501,0,0,0
0f374b1b7edab897de6d3dcfecd1aac1,512,512,0.299934,78626,183518,0,78626,0,0
0f374b1b7edab897de6d3dcfecd1aac1,1024,512,0.450344,118055,144089,0,118055,0,0
0f374b1b7edab897de6d3dcfecd1aac1,1536,512,0.031654,8298,253846,0,8298,0,0
0f374b1b7edab897de6d3dcfecd1aac1,512,1024,0.598244,156826,105318,0,156826,0,0
0f374b1b7edab897de6d3dcfecd1aac1,1024,1024,0.873486,228979,33165,0,228979,0,0
0f374b1b7edab897de6d3dcfecd1aac1,1536,1024,0.528572,138562,123582,0,138562,0,0
0f374b1b7edab897de6d3dcfecd1aac1,2048,1024,0.010815,2835,259309,0,2835,0,0
0f374b1b7edab897de6d3dcfecd1aac1,512,1536,0.060555,15874,246270,0,15874,0,0
0f374b1b7edab897de6d3dcfecd1aac1,1024,1536,0.437454,114676,147468,0,114676,0,0
0f374b1b7edab897de6d3dcfecd1aac1,1536,1536,0.759251,199033,63111,0,199033,0,0
0f374b1b7edab897de6d3dcfecd1aac1,2048,1536,0.250465,65658,196486,0,65648,10,0
0f374b1b7edab897de6d3dcfecd1aac1,1024,2048,0.0233,6108,256036,0,6108,0,0
0f374b1b7edab897de6d3dcfecd1aac1,1536,2048,0.13081,34291,227853,0,27758,3825,2708
0f374b1b7edab897de6d3dcfecd1aac1,2048,2048,0.192535,50472,211672,0,49823,649,0
0f374b1b7edab897de6d3dcfecd1aac1,1536,2560,0.181831,47666,214478,0,44404,3262,0
0f374b1b7edab897de6d3dcfecd1aac1,2048,2560,0.365459,95803,166341,0,95803,0,0
0f374b1b7edab897de6d3dcfecd1aac1,2560,2560,0.272114,71333,190811,0,42697,28636,0
0f374b1b7edab897de6d3dcfecd1aac1,2048,3072,0.17654,46279,215865,0,46279,0,0
0f374b1b7edab897de6d3dcfecd1aac1,2560,3072,0.388706,101897,160247,0,101897,0,0
0f374b1b7edab897de6d3dcfecd1aac1,3072,3072,0.069569,18237,243907,0,18237,0,0
0f374b1b7edab897de6d3dcfecd1aac1,3584,3072,0.349125,91521,170623,0,91521,0,0
0f374b1b7edab897de6d3dcfecd1aac1,2560,3584,0.248707,65197,196947,0,65197,0,0
0f374b1b7edab897de6d3dcfecd1aac1,3072,3584,0.363907,95396,166748,0,95396,0,0
0f374b1b7edab897de6d3dcfecd1aac1,3584,3584,0.500412,131180,130964,0,131180,0,0
0f374b1b7edab897de6d3dcfecd1aac1,4096,3584,0.037636,9866,252278,0,9866,0,0
0f374b1b7edab897de6d3dcfecd1aac1,3072,4096,0.748417,196193,65951,0,196193,0,0
0f374b1b7edab897de6d3dcfecd1aac1,3584,4096,0.764317,200361,61783,0,200361,0,0
0f374b1b7edab897de6d3dcfecd1aac1,4096,4096,0.617809,161955,100189,0,161955,0,0
0f374b1b7edab897de6d3dcfecd1aac1,4608,4096,0.234146,61380,200764,0,61380,0,0
0f374b1b7edab897de6d3dcfecd1aac1,3072,4608,0.10154,26618,235526,0,26618,0,0
0f374b1b7edab897de6d3dcfecd1aac1,3584,4608,0.373989,98039,164105,0,98039,0,0
0f374b1b7edab897de6d3dcfecd1aac1,4096,4608,0.15815,41458,220686,0,36119,4187,1152
0f374b1b7edab897de6d3dcfecd1aac1,4608,4608,0.032978,8645,253499,0,0,8645,0
0f374b1b7edab897de6d3dcfecd1aac1,3584,5120,0.05444,14271,247873,0,2317,11954,0
0f374b1b7edab897de6d3dcfecd1aac1,4096,5120,0.215328,56447,205697,0,2337,53226,884
0f374b1b7edab897de6d3dcfecd1aac1,4608,5120,0.41951,109972,152172,0,68142,41830,0
0f374b1b7edab897de6d3dcfecd1aac1,5120,5120,0.086563,22692,239452,0,22692,0,0
0f374b1b7edab897de6d3dcfecd1aac1,4096,5632,0.028183,7388,254756,0,0,7388,0
0f374b1b7edab897de6d3dcfecd1aac1,4608,5632,0.530304,139016,123128,0,44430,94586,0
0f374b1b7edab897de6d3dcfecd1aac1,5120,5632,0.837341,219504,42640,0,219504,0,0
0f374b1b7edab897de6d3dcfecd1aac1,5632,5632,0.694107,181956,80188,0,181956,0,0
0f374b1b7edab897de6d3dcfecd1aac1,6144,5632,0.043186,11321,250823,0,11321,0,0
0f374b1b7edab897de6d3dcfecd1aac1,4608,6144,0.090477,23718,238426,0,23718,0,0
0f374b1b7edab897de6d3dcfecd1aac1,5120,6144,0.828251,217121,45023,0,217121,0,0
0f374b1b7edab897de6d3dcfecd1aac1,5632,6144,0.749088,196369,65775,0,196369,0,0
0f374b1b7edab897de6d3dcfecd1aac1,6144,6144,0.575848,150955,111189,0,150955,0,0
0f374b1b7edab897de6d3dcfecd1aac1,6656,6144,0.061275,16063,246081,0,16063,0,0
0f374b1b7edab897de6d3dcfecd1aac1,5120,6656,0.149448,39177,222967,0,39177,0,0
0f374b1b7edab897de6d3dcfecd1aac1,5632,6656,0.780857,204697,57447,0,204697,0,0
0f374b1b7edab897de6d3dcfecd1aac1,6144,6656,0.818951,214683,47461,0,214683,0,0
0f374b1b7edab897de6d3dcfecd1aac1,6656,6656,0.480465,125951,136193,0,125951,0,0
0f374b1b7edab897de6d3dcfecd1aac1,7168,6656,0.312119,81820,180324,0,81820,0,0
0f374b1b7edab897de6d3dcfecd1aac1,5632,7168,0.342598,89810,172334,0,89810,0,0
0f374b1b7edab897de6d3dcfecd1aac1,6144,7168,0.737164,193243,68901,0,193243,0,0
0f374b1b7edab897de6d3dcfecd1aac1,6656,7168,0.704105,184577,77567,0,184577,0,0
0f374b1b7edab897de6d3dcfecd1aac1,7168,7168,0.873341,228941,33203,0,228941,0,0
0f374b1b7edab897de6d3dcfecd1aac1,7680,7168,0.525539,137767,124377,0,137767,0,0
0f374b1b7edab897de6d3dcfecd1aac1,8192,7168,0.050636,13274,248870,0,13274,0,0
0f374b1b7edab897de6d3dcfecd1aac1,6144,7680,0.277863,72840,189304,0,72840,0,0
0f374b1b7edab897de6d3dcfecd1aac1,6656,7680,0.751617,197032,65112,0,197032,0,0
0f374b1b7edab897de6d3dcfecd1aac1,7168,7680,0.761959,199743,62401,0,199743,0,0
0f374b1b7edab897de6d3dcfecd1aac1,7680,7680,0.785118,205814,56330,0,205814,0,0
0f374b1b7edab897de6d3dcfecd1aac1,8192,7680,0.461655,121020,141124,0,121020,0,0
0f374b1b7edab897de6d3dcfecd1aac1,6656,8192,0.270809,70991,191153,0,70991,0,0
0f374b1b7edab897de6d3dcfecd1aac1,7168,8192,0.821358,215314,46830,0,215314,0,0
0f374b1b7edab897de6d3dcfecd1aac1,7680,8192,0.7672,201117,61027,0,201117,0,0
0f374b1b7edab897de6d3dcfecd1aac1,8192,8192,0.801891,210211,51933,0,210211,0,0
0f374b1b7edab897de6d3dcfecd1aac1,8704,8192,0.029846,7824,254320,0,7824,0,0
0f374b1b7edab897de6d3dcfecd1aac1,7168,8704,0.479813,125780,136364,0,125780,0,0
0f374b1b7edab897de6d3dcfecd1aac1,7680,8704,0.870754,228263,33881,0,228263,0,0
0f374b1b7edab897de6d3dcfecd1aac1,8192,8704,0.924263,242290,19854,0,242290,0,0
0f374b1b7edab897de6d3dcfecd1aac1,8704,8704,0.038925,10204,251940,0,10204,0,0
0f374b1b7edab897de6d3dcfecd1aac1,7680,9216,0.113102,29649,232495,0,29649,0,0
0f374b1b7edab897de6d3dcfecd1aac1,8192,9216,0.185875,48726,213418,0,48726,0,0
0f38ed2800802b352271d4384e9e4654,5632,0,0.020645,5412,256732,0,5412,0,0
0f38ed2800802b352271d4384e9e4654,4608,512,0.038551,10106,252038,0,10106,0,0
0f38ed2800802b352271d4384e9e4654,5120,512,0.718418,188329,73815,0,188329,0,0
0f38ed2800802b352271d4384e9e4654,5632,512,0.831776,218045,44099,0,218045,0,0
0f38ed2800802b352271d4384e9e4654,6144,512,0.054188,14205,247939,0,14205,0,0
0f38ed2800802b352271d4384e9e4654,4608,1024,0.549168,143961,118183,0,143961,0,0
0f38ed2800802b352271d4384e9e4654,5120,1024,1.0,262144,0,0,262144,0,0
0f38ed2800802b352271d4384e9e4654,5632,1024,1.0,262144,0,0,262144,0,0
0f38ed2800802b352271d4384e9e4654,6144,1024,0.34726,91032,171112,0,91032,0,0
0f38ed2800802b352271d4384e9e4654,4096,1536,0.214184,56147,205997,0,56147,0,0
0f38ed2800802b352271d4384e9e4654,4608,1536,0.499619,130972,131172,0,130972,0,0
0f38ed2800802b352271d4384e9e4654,5120,1536,0.987534,258876,3268,0,258876,0,0
0f38ed2800802b352271d4384e9e4654,5632,1536,0.774433,203013,59131,0,203013,0,0
0f38ed2800802b352271d4384e9e4654,6144,1536,0.109741,28768,233376,0,28768,0,0
0f38ed2800802b352271d4384e9e4654,3584,2048,0.233059,61095,201049,0,61095,0,0
0f38ed2800802b352271d4384e9e4654,4096,2048,0.934971,245097,17047,0,245097,0,0
0f38ed2800802b352271d4384e9e4654,4608,2048,0.84935,222652,39492,0,222652,0,0
0f38ed2800802b352271d4384e9e4654,5120,2048,0.718445,188336,73808,0,188336,0,0
0f38ed2800802b352271d4384e9e4654,5632,2048,0.05566,14591,247553,0,14591,0,0
0f38ed2800802b352271d4384e9e4654,3072,2560,0.03727,9770,252374,0,9770,0,0
0f38ed2800802b352271d4384e9e4654,3584,2560,0.611607,160329,101815,0,160329,0,0
0f38ed2800802b352271d4384e9e4654,4096,2560,0.861954,225956,36188,0,225956,0,0
0f38ed2800802b352271d4384e9e4654,4608,2560,0.551533,144581,117563,0,144581,0,0
0f38ed2800802b352271d4384e9e4654,2560,3072,0.012993,3406,258738,0,3406,0,0
0f38ed2800802b352271d4384e9e4654,3072,3072,0.571003,149685,112459,0,149685,0,0
0f38ed2800802b352271d4384e9e4654,3584,3072,0.973026,255073,7071,0,255073,0,0
0f38ed2800802b352271d4384e9e4654,4096,3072,0.717625,188121,74023,0,188121,0,0
0f38ed2800802b352271d4384e9e4654,4608,3072,0.015549,4076,258068,0,4076,0,0
0f38ed2800802b352271d4384e9e4654,3072,3584,0.013935,3653,258491,0,3653,0,0
0f38ed2800802b352271d4384e9e4654,3584,3584,0.0844,22125,240019,0,22125,0,0
0f38ed2800802b352271d4384e9e4654,4096,3584,0.102402,26844,235300,0,26844,0,0
0f38ed2800802b352271d4384e9e4654,2048,4096,0.307369,80575,181569,0,80575,0,0
0f38ed2800802b352271d4384e9e4654,2560,4096,0.355705,93246,168898,0,93246,0,0
0f38ed2800802b352271d4384e9e4654,3072,4096,0.262691,68863,193281,0,68817,46,0
0f38ed2800802b352271d4384e9e4654,3584,4096,0.142059,37240,224904,0,1056,36184,0
0f38ed2800802b352271d4384e9e4654,2048,4608,0.622013,163057,99087,0,163057,0,0
0f38ed2800802b352271d4384e9e4654,2560,4608,0.683361,179139,83005,0,179139,0,0
0f38ed2800802b352271d4384e9e4654,3072,4608,0.780979,204729,57415,0,204729,0,0
0f38ed2800802b352271d4384e9e4654,3584,4608,0.027187,7127,255017,0,7127,0,0
0f38ed2800802b352271d4384e9e4654,1536,5120,0.126991,33290,228854,0,33290,0,0
0f38ed2800802b352271d4384e9e4654,2048,5120,0.417355,109407,152737,0,109407,0,0
0f38ed2800802b352271d4384e9e4654,2560,5120,0.523319,137185,124959,0,137185,0,0
0f38ed2800802b352271d4384e9e4654,3072,5120,0.052494,13761,248383,0,13761,0,0
0f38ed2800802b352271d4384e9e4654,1536,5632,0.135323,35474,226670,0,35474,0,0
0f38ed2800802b352271d4384e9e4654,2048,5632,0.58123,152366,109778,0,152366,0,0
0f38ed2800802b352271d4384e9e4654,2560,5632,0.553818,145180,116964,0,145180,0,0
0f38ed2800802b352271d4384e9e4654,3072,5632,0.27438,71927,190217,0,71927,0,0
0f38ed2800802b352271d4384e9e4654,5632,5632,0.044937,11780,250364,11780,0,0,0
0f38ed2800802b352271d4384e9e4654,1536,6144,0.259815,68109,194035,0,68109,0,0
0f38ed2800802b352271d4384e9e4654,2048,6144,0.860821,225659,36485,0,225659,0,0
0f38ed2800802b352271d4384e9e4654,2560,6144,0.946686,248168,13976,0,248168,0,0
0f38ed2800802b352271d4384e9e4654,3072,6144,0.22802,59774,202370,0,59774,0,0
0f38ed2800802b352271d4384e9e4654,5632,6144,0.56739,148738,113406,148738,0,0,0
0f38ed2800802b352271d4384e9e4654,6144,6144,0.479286,125642,136502,125642,0,0,0
0f38ed2800802b352271d4384e9e4654,6656,6144,0.426575,111824,150320,111824,0,0,0
0f38ed2800802b352271d4384e9e4654,1024,6656,0.030479,7990,254154,0,7990,0,0
0f38ed2800802b352271d4384e9e4654,1536,6656,0.410614,107640,154504,0,107640,0,0
0f38ed2800802b352271d4384e9e4654,2048,6656,0.559826,146755,115389,0,146755,0,0
0f38ed2800802b352271d4384e9e4654,2560,6656,0.257484,67498,194646,0,67498,0,0
0f38ed2800802b352271d4384e9e4654,5632,6656,0.292648,76716,185428,76716,0,0,0
0f38ed2800802b352271d4384e9e4654,6144,6656,0.423306,110967,151177,110967,0,0,0
0f38ed2800802b352271d4384e9e4654,6656,6656,0.284988,74708,187436,74708,0,0,0
0f38ed2800802b352271d4384e9e4654,1024,7168,0.028637,7507,254637,0,7507,0,0
0f38ed2800802b352271d4384e9e4654,1536,7168,0.446285,116991,145153,0,115521,1470,0
0f38ed2800802b352271d4384e9e4654,2048,7168,0.630241,165214,96930,0,161771,3443,0
0f38ed2800802b352271d4384e9e4654,2560,7168,0.300648,78813,183331,0,78813,0,0
0f38ed2800802b352271d4384e9e4654,1024,7680,0.02673,7007,255137,0,7007,0,0
0f38ed2800802b352271d4384e9e4654,1536,7680,0.673882,176654,85490,0,166338,10316,0
0f38ed2800802b352271d4384e9e4654,2048,7680,0.276817,72566,189578,0,64878,7688,0
0f38ed2800802b352271d4384e9e4654,2560,7680,0.11002,28841,233303,0,28841,0,0
0f38ed2800802b352271d4384e9e4654,8192,7680,0.409199,107269,154875,107269,0,0,0
0f38ed2800802b352271d4384e9e4654,1024,8192,0.044285,11609,250535,0,11609,0,0
0f38ed2800802b352271d4384e9e4654,1536,8192,0.32761,85881,176263,0,83964,1917,0
0f38ed2800802b352271d4384e9e4654,2048,8192,0.144634,37915,224229,0,37915,0,0
0f38ed2800802b352271d4384e9e4654,8192,8192,0.126236,33092,229052,33092,0,0,0
0f38ed2800802b352271d4384e9e4654,8704,9216,0.05883,15422,246722,15422,0,0,0
0f38ed2800802b352271d4384e9e4654,9216,9216,0.058174,15250,246894,15250,0,0,0
0f38ed2800802b352271d4384e9e4654,8704,9728,0.087299,22885,239259,22885,0,0,0
0f38ed2800802b352271d4384e9e4654,2560,10240,0.12125,31785,230359,0,31785,0,0
0f38ed2800802b352271d4384e9e4654,3072,10240,0.190125,49840,212304,0,49840,0,0
0f38ed2800802b352271d4384e9e4654,3584,10240,0.398472,104457,157687,0,104457,0,0
0f38ed2800802b352271d4384e9e4654,4096,10240,0.361397,94738,167406,0,94738,0,0
0f38ed2800802b352271d4384e9e4654,2560,10752,0.029324,7687,254457,0,7687,0,0
0f38ed2800802b352271d4384e9e4654,3072,10752,0.377884,99060,163084,0,91046,8014,0
0f38ed2800802b352271d4384e9e4654,3584,10752,0.775036,203171,58973,0,203171,0,0
0f38ed2800802b352271d4384e9e4654,4096,10752,0.548847,143877,118267,0,143877,0,0
0f38ed2800802b352271d4384e9e4654,2560,11264,0.021217,5562,256582,0,5562,0,0
0f38ed2800802b352271d4384e9e4654,3072,11264,0.393311,103104,159040,0,103104,0,0
0f38ed2800802b352271d4384e9e4654,3584,11264,0.692608,181563,80581,0,180185,1378,0
0f38ed2800802b352271d4384e9e4654,4096,11264,0.507927,133150,128994,0,133150,0,0
0f38ed2800802b352271d4384e9e4654,2048,11776,0.037277,9772,252372,0,9772,0,0
0f38ed2800802b352271d4384e9e4654,2560,11776,0.548397,143759,118385,0,143759,0,0
0f38ed2800802b352271d4384e9e4654,3072,11776,0.324398,85039,177105,0,75912,9127,0
0f38ed2800802b352271d4384e9e4654,3584,11776,0.712578,186798,75346,0,174380,12418,0
0f38ed2800802b352271d4384e9e4654,4096,11776,0.361385,94735,167409,0,94735,0,0
0f38ed2800802b352271d4384e9e4654,2048,12288,0.097576,25579,236565,25579,0,0,0
0f38ed2800802b352271d4384e9e4654,2560,12288,0.498653,130719,131425,38133,75980,16606,0
0f38ed2800802b352271d4384e9e4654,3072,12288,0.439114,115111,147033,0,110721,4390,0
0f38ed2800802b352271d4384e9e4654,3584,12288,0.482857,126578,135566,0,114048,12530,0
0f38ed2800802b352271d4384e9e4654,4096,12288,0.017647,4626,257518,0,4626,0,0
0f38ed2800802b352271d4384e9e4654,1536,12800,0.013165,3451,258693,0,3451,0,0
0f38ed2800802b352271d4384e9e4654,2560,12800,0.34042,89239,172905,0,67375,21864,0
0f38ed2800802b352271d4384e9e4654,3072,12800,0.306812,80429,181715,0,80429,0,0
0f38ed2800802b352271d4384e9e4654,3584,12800,0.119591,31350,230794,0,31350,0,0
0f38ed2800802b352271d4384e9e4654,0,13312,0.027294,7155,254989,7155,0,0,0
0f38ed2800802b352271d4384e9e4654,512,13312,0.158531,41558,220586,24054,1060,16444,0
0f38ed2800802b352271d4384e9e4654,1024,13312,0.448769,117642,144502,29391,44632,43619,0
0f38ed2800802b352271d4384e9e4654,1536,13312,0.482258,126421,135723,0,75942,50479,0
0f38ed2800802b352271d4384e9e4654,2048,13312,0.303074,79449,182695,19287,18486,41676,0
0f38ed2800802b352271d4384e9e4654,2560,13312,0.241814,63390,198754,0,63390,0,0
0f38ed2800802b352271d4384e9e4654,3072,13312,0.383194,100452,161692,0,100452,0,0
0f38ed2800802b352271d4384e9e4654,0,13824,0.096237,25228,236916,25228,0,0,0
0f38ed2800802b352271d4384e9e4654,512,13824,0.115665,30321,231823,30321,0,0,0
0f38ed2800802b352271d4384e9e4654,1024,13824,0.301876,79135,183009,79135,0,0,0
0f38ed2800802b352271d4384e9e4654,1536,13824,0.211254,55379,206765,36000,3935,15444,0
0f38ed2800802b352271d4384e9e4654,2048,13824,0.179451,47042,215102,47042,0,0,0
0f38ed2800802b352271d4384e9e4654,3072,13824,0.052597,13788,248356,0,13788,0,0
0f871f7b53fefec938ee7569319f74e2,2048,1536,0.03495,9162,252982,0,9162,0,0
0f871f7b53fefec938ee7569319f74e2,3072,7168,0.064426,16889,245255,0,16889,0,0
0f871f7b53fefec938ee7569319f74e2,3584,7168,0.018585,4872,257272,0,4872,0,0
0f871f7b53fefec938ee7569319f74e2,2048,8192,0.077259,20253,241891,0,0,20253,0
0f871f7b53fefec938ee7569319f74e2,1536,8704,0.025723,6743,255401,0,0,6743,0
0f871f7b53fefec938ee7569319f74e2,2048,8704,0.554382,145328,116816,0,9604,135724,0
0f871f7b53fefec938ee7569319f74e2,2560,8704,0.061665,16165,245979,0,16165,0,0
0f871f7b53fefec938ee7569319f74e2,1024,9216,0.097809,25640,236504,10158,15482,0,0
0f871f7b53fefec938ee7569319f74e2,1536,9216,0.149944,39307,222837,666,38641,0,0
0f871f7b53fefec938ee7569319f74e2,2048,9216,0.068249,17891,244253,0,17891,0,0
0f871f7b53fefec938ee7569319f74e2,2560,9216,0.04575,11993,250151,0,11993,0,0
0f871f7b53fefec938ee7569319f74e2,1024,9728,0.05946,15587,246557,0,14612,975,0
0f871f7b53fefec938ee7569319f74e2,1536,9728,0.167889,44011,218133,17618,11162,13927,1304
0f871f7b53fefec938ee7569319f74e2,2048,9728,0.043633,11438,250706,0,0,11438,0
0f871f7b53fefec938ee7569319f74e2,1024,10240,0.062355,16346,245798,0,10286,6060,0
0f871f7b53fefec938ee7569319f74e2,1536,10240,0.106873,28016,234128,0,25736,2280,0
0f871f7b53fefec938ee7569319f74e2,1024,10752,0.080585,21125,241019,0,17274,3851,0
0f871f7b53fefec938ee7569319f74e2,1536,10752,0.370663,97167,164977,0,97167,0,0
0f871f7b53fefec938ee7569319f74e2,2048,10752,0.23418,61389,200755,0,61389,0,0
0f871f7b53fefec938ee7569319f74e2,1024,11264,0.071827,18829,243315,0,8144,10685,0
0f871f7b53fefec938ee7569319f74e2,1536,11264,0.169857,44527,217617,0,27487,17040,0
0f871f7b53fefec938ee7569319f74e2,2048,11264,0.225101,59009,203135,0,53257,5752,0
0f871f7b53fefec938ee7569319f74e2,1024,11776,0.228058,59784,202360,0,53292,6492,0
0f871f7b53fefec938ee7569319f74e2,1536,11776,0.407097,106718,155426,0,72175,34543,0
0f871f7b53fefec938ee7569319f74e2,2048,11776,0.148697,38980,223164,0,38727,253,0
0f871f7b53fefec938ee7569319f74e2,1024,12288,0.026737,7009,255135,0,7009,0,0
0f871f7b53fefec938ee7569319f74e2,1536,12288,0.073753,19334,242810,0,10116,9218,0
0f871f7b53fefec938ee7569319f74e2,1536,13312,0.011242,2947,259197,0,2947,0,0
0f871f7b53fefec938ee7569319f74e2,1024,13824,0.020313,5325,256819,4149,1176,0,0
0f871f7b53fefec938ee7569319f74e2,1536,13824,0.096344,25256,236888,0,25256,0,0
0f871f7b53fefec938ee7569319f74e2,1024,14336,0.212849,55797,206347,8197,47600,0,0
0f871f7b53fefec938ee7569319f74e2,1536,14336,0.012005,3147,258997,421,2726,0,0
0f871f7b53fefec938ee7569319f74e2,2048,14336,0.063324,16600,245544,16600,0,0,0
0f871f7b53fefec938ee7569319f74e2,1536,14848,0.547565,143541,118603,143541,0,0,0
0f871f7b53fefec938ee7569319f74e2,2048,14848,0.52541,137733,124411,130642,6615,476,0
0f871f7b53fefec938ee7569319f74e2,2048,15360,0.115185,30195,231949,0,0,30195,0
0f871f7b53fefec938ee7569319f74e2,512,15872,0.11562,30309,231835,0,30309,0,0
0f871f7b53fefec938ee7569319f74e2,1024,15872,0.115082,30168,231976,12911,17257,0,0
0f871f7b53fefec938ee7569319f74e2,1536,15872,0.324894,85169,176975,0,85169,0,0
0f871f7b53fefec938ee7569319f74e2,2048,15872,0.029686,7782,254362,0,7782,0,0
0f871f7b53fefec938ee7569319f74e2,512,16384,0.121441,31835,230309,27960,3875,0,0
0f871f7b53fefec938ee7569319f74e2,1024,16384,0.517502,135660,126484,135660,0,0,0
0f871f7b53fefec938ee7569319f74e2,1536,16384,0.110603,28994,233150,10302,18692,0,0
0f871f7b53fefec938ee7569319f74e2,2048,16384,0.027889,7311,254833,0,7311,0,0
0f871f7b53fefec938ee7569319f74e2,1024,16896,0.105068,27543,234601,27543,0,0,0
0f871f7b53fefec938ee7569319f74e2,1536,16896,0.136536,35792,226352,0,35792,0,0
0f871f7b53fefec938ee7569319f74e2,512,17408,0.148418,38907,223237,38907,0,0,0
0f871f7b53fefec938ee7569319f74e2,1024,17408,0.152016,39850,222294,39850,0,0,0
0f871f7b53fefec938ee7569319f74e2,512,17920,0.081116,21264,240880,21264,0,0,0
0f871f7b53fefec938ee7569319f74e2,1024,17920,0.076954,20173,241971,20173,0,0,0
0f871f7b53fefec938ee7569319f74e2,1536,17920,0.043205,11326,250818,11326,0,0,0
0fbd680b68f4245a539b628563484f28,2560,512,0.127548,33436,228708,33436,0,0,0
0fbd680b68f4245a539b628563484f28,3072,512,0.133972,35120,227024,35120,0,0,0
0fbd680b68f4245a539b628563484f28,3584,512,0.039955,10474,251670,515,9959,0,0
0fbd680b68f4245a539b628563484f28,4096,512,0.534203,140038,122106,0,140038,0,0
0fbd680b68f4245a539b628563484f28,4608,512,0.107101,28076,234068,0,28076,0,0
0fbd680b68f4245a539b628563484f28,5632,512,0.120327,31543,230601,0,31543,0,0
0fbd680b68f4245a539b628563484f28,6144,512,0.348972,91481,170663,91481,0,0,0
0fbd680b68f4245a539b628563484f28,6656,512,0.22179,58141,204003,58141,0,0,0
0fbd680b68f4245a539b628563484f28,7168,512,0.105747,27721,234423,0,27721,0,0
0fbd680b68f4245a539b628563484f28,512,1024,0.036407,9544,252600,9544,0,0,0
0fbd680b68f4245a539b628563484f28,1024,1024,0.049198,12897,249247,12897,0,0,0
0fbd680b68f4245a539b628563484f28,1536,1024,0.041306,10828,251316,10828,0,0,0
0fbd680b68f4245a539b628563484f28,2048,1024,0.154308,40451,221693,40451,0,0,0
0fbd680b68f4245a539b628563484f28,2560,1024,0.207451,54382,207762,54382,0,0,0
0fbd680b68f4245a539b628563484f28,3072,1024,0.191116,50100,212044,50100,0,0,0
0fbd680b68f4245a539b628563484f28,4096,1024,0.100819,26429,235715,0,26429,0,0
0fbd680b68f4245a539b628563484f28,4608,1024,0.216412,56731,205413,0,56731,0,0
0fbd680b68f4245a539b628563484f28,5632,1024,0.023727,6220,255924,6220,0,0,0
0fbd680b68f4245a539b628563484f28,6144,1024,0.480652,126000,136144,126000,0,0,0
0fbd680b68f4245a539b628563484f28,6656,1024,0.183811,48185,213959,38034,0,10151,0
0fbd680b68f4245a539b628563484f28,7168,1024,0.326885,85691,176453,0,80157,5534,0
0fbd680b68f4245a539b628563484f28,7680,1024,0.381142,99914,162230,0,99914,0,0
0fbd680b68f4245a539b628563484f28,8192,1024,0.224926,58963,203181,0,53814,5149,0
0fbd680b68f4245a539b628563484f28,8704,1024,0.227776,59710,202434,0,51621,8089,0
0fbd680b68f4245a539b628563484f28,9216,1024,0.030842,8085,254059,0,2131,5954,0
0fbd680b68f4245a539b628563484f28,512,1536,0.156147,40933,221211,40933,0,0,0
0fbd680b68f4245a539b628563484f28,1024,1536,0.149773,39262,222882,39262,0,0,0
0fbd680b68f4245a539b628563484f28,1536,1536,0.138855,36400,225744,36400,0,0,0
0fbd680b68f4245a539b628563484f28,2048,1536,0.142761,37424,224720,37424,0,0,0
0fbd680b68f4245a539b628563484f28,2560,1536,0.087536,22947,239197,22947,0,0,0
0fbd680b68f4245a539b628563484f28,3072,1536,0.049389,12947,249197,12947,0,0,0
0fbd680b68f4245a539b628563484f28,6656,1536,0.095703,25088,237056,157,18876,6055,0
0fbd680b68f4245a539b628563484f28,7168,1536,0.131001,34341,227803,0,27392,6949,0
0fbd680b68f4245a539b628563484f28,7680,1536,0.113171,29667,232477,0,25554,4113,0
0fbd680b68f4245a539b628563484f28,8192,1536,0.345222,90498,171646,0,83791,6707,0
0fbd680b68f4245a539b628563484f28,8704,1536,0.432049,113259,148885,0,100376,12883,0
0fbd680b68f4245a539b628563484f28,9216,1536,0.298904,78356,183788,1417,55311,21628,0
0fbd680b68f4245a539b628563484f28,9728,1536,0.288738,75691,186453,75691,0,0,0
0fbd680b68f4245a539b628563484f28,10240,1536,0.411114,107771,154373,107771,0,0,0
0fbd680b68f4245a539b628563484f28,10752,1536,0.264961,69458,192686,69458,0,0,0
0fbd680b68f4245a539b628563484f28,11264,1536,0.165939,43500,218644,43500,0,0,0
0fbd680b68f4245a539b628563484f28,11776,1536,0.048874,12812,249332,12812,0,0,0
0fbd680b68f4245a539b628563484f28,512,2048,0.119217,31252,230892,31252,0,0,0
0fbd680b68f4245a539b628563484f28,1024,2048,0.17091,44803,217341,44803,0,0,0
0fbd680b68f4245a539b628563484f28,1536,2048,0.158859,41644,220500,41644,0,0,0
0fbd680b68f4245a539b628563484f28,8192,2048,0.034096,8938,253206,0,8938,0,0
0fbd680b68f4245a539b628563484f28,8704,2048,0.121429,31832,230312,0,31832,0,0
0fbd680b68f4245a539b628563484f28,9216,2048,0.128586,33708,228436,5691,28017,0,0
0fbd680b68f4245a539b628563484f28,9728,2048,0.064667,16952,245192,16952,0,0,0
0fbd680b68f4245a539b628563484f28,10240,2048,0.126747,33226,228918,33226,0,0,0
0fbd680b68f4245a539b628563484f28,10752,2048,0.28104,73673,188471,73673,0,0,0
0fbd680b68f4245a539b628563484f28,11264,2048,0.681076,178540,83604,178540,0,0,0
0fbd680b68f4245a539b628563484f28,11776,2048,0.377602,98986,163158,98986,0,0,0
0fbd680b68f4245a539b628563484f28,12288,2048,0.033302,8730,253414,8730,0,0,0
0fbd680b68f4245a539b628563484f28,12800,2048,0.085903,22519,239625,0,22519,0,0
0fbd680b68f4245a539b628563484f28,13312,2048,0.065311,17121,245023,0,5123,11998,0
0fbd680b68f4245a539b628563484f28,10752,2560,0.016052,4208,257936,4208,0,0,0
0fbd680b68f4245a539b628563484f28,11264,2560,0.150684,39501,222643,39501,0,0,0
0fbd680b68f4245a539b628563484f28,11776,2560,0.090084,23615,238529,23615,0,0,0
0fbd680b68f4245a539b628563484f28,12288,2560,0.284725,74639,187505,14952,59687,0,0
0fbd680b68f4245a539b628563484f28,12800,2560,0.58033,152130,110014,0,152130,0,0
0fbd680b68f4245a539b628563484f28,13312,2560,0.561298,147141,115003,0,17234,129907,0
0fbd680b68f4245a539b628563484f28,13824,2560,0.486183,127450,134694,14054,0,113396,0
0fbd680b68f4245a539b628563484f28,12288,3072,0.321682,84327,177817,0,84327,0,0
0fbd680b68f4245a539b628563484f28,12800,3072,0.279232,73199,188945,0,73199,0,0
0fbd680b68f4245a539b628563484f28,13312,3072,0.359093,94134,168010,0,29266,64868,0
0fbd680b68f4245a539b628563484f28,13824,3072,0.662159,173581,88563,14954,1554,157073,0
0fbd680b68f4245a539b628563484f28,14336,3072,0.237144,62166,199978,13847,31974,16345,0
0fbd680b68f4245a539b628563484f28,13312,3584,0.027657,7250,254894,0,0,7250,0
0fbd680b68f4245a539b628563484f28,13824,3584,0.744251,195101,67043,0,8799,186302,0
0fbd680b68f4245a539b628563484f28,14336,3584,0.20121,52746,209398,9304,36775,6667,0
0fbd680b68f4245a539b628563484f28,14848,3584,0.073856,19361,242783,0,19361,0,0
0fbd680b68f4245a539b628563484f28,13824,4096,0.136402,35757,226387,22248,0,13509,0
0fbd680b68f4245a539b628563484f28,14336,4096,0.368511,96603,165541,76561,18245,1797,0
0fbd680b68f4245a539b628563484f28,14848,4096,0.342068,89671,172473,0,10462,17525,61684
0fbd680b68f4245a539b628563484f28,15360,4096,0.056519,14816,247328,11533,0,0,3283
0fbd680b68f4245a539b628563484f28,14336,4608,0.243671,63877,198267,63877,0,0,0
0fbd680b68f4245a539b628563484f28,14848,4608,0.493217,129294,132850,129294,0,0,0
0fbd680b68f4245a539b628563484f28,15360,4608,0.060669,15904,246240,1425,0,14479,0
0fbd680b68f4245a539b628563484f28,14336,5120,0.019173,5026,257118,5026,0,0,0
0fbd680b68f4245a539b628563484f28,14848,5120,0.335129,87852,174292,87852,0,0,0
0fbd680b68f4245a539b628563484f28,15360,5120,0.306629,80381,181763,37232,0,43149,0
0fbd680b68f4245a539b628563484f28,15872,5120,0.016697,4377,257767,0,0,4377,0
0fbd680b68f4245a539b628563484f28,14848,5632,0.023811,6242,255902,6242,0,0,0
0fbd680b68f4245a539b628563484f28,15360,5632,0.097301,25507,236637,25507,0,0,0
0fbd680b68f4245a539b628563484f28,15872,5632,0.045219,11854,250290,11854,0,0,0
0fbd680b68f4245a539b628563484f28,15872,6144,0.028706,7525,254619,7525,0,0,0
0fcc5673242af956da6637881d14c414,5120,512,0.062508,16386,245758,16386,0,0,0
0fcc5673242af956da6637881d14c414,5632,512,0.295963,77585,184559,77585,0,0,0
0fcc5673242af956da6637881d14c414,4096,1024,0.063812,16728,245416,16728,0,0,0
0fcc5673242af956da6637881d14c414,4608,1024,0.021175,5551,256593,5551,0,0,0
0fcc5673242af956da6637881d14c414,5120,1024,0.047813,12534,249610,12534,0,0,0
0fcc5673242af956da6637881d14c414,5632,1024,0.074245,19463,242681,19463,0,0,0
0fcc5673242af956da6637881d14c414,6144,1024,0.114239,29947,232197,29947,0,0,0
0fcc5673242af956da6637881d14c414,3584,1536,0.089947,23579,238565,23579,0,0,0
0fcc5673242af956da6637881d14c414,4096,1536,0.23225,60883,201261,60883,0,0,0
0fcc5673242af956da6637881d14c414,4608,1536,0.067825,17780,244364,17780,0,0,0
0fcc5673242af956da6637881d14c414,5120,1536,0.126419,33140,229004,33140,0,0,0
0fcc5673242af956da6637881d14c414,3072,2048,0.060089,15752,246392,15752,0,0,0
0fcc5673242af956da6637881d14c414,3584,2048,0.162281,42541,219603,42541,0,0,0
0fcc5673242af956da6637881d14c414,4096,2048,0.435616,114194,147950,114194,0,0,0
0fcc5673242af956da6637881d14c414,4608,2048,0.188473,49407,212737,49407,0,0,0
0fcc5673242af956da6637881d14c414,2560,2560,0.021931,5749,256395,5749,0,0,0
0fcc5673242af956da6637881d14c414,3072,2560,0.382828,100356,161788,100356,0,0,0
0fcc5673242af956da6637881d14c414,3584,2560,0.085808,22494,239650,22494,0,0,0
0fcc5673242af956da6637881d14c414,4096,2560,0.296204,77648,184496,77648,0,0,0
0fcc5673242af956da6637881d14c414,2560,3072,0.134853,35351,226793,35351,0,0,0
0fcc5673242af956da6637881d14c414,3072,3072,0.321308,84229,177915,84229,0,0,0
0fcc5673242af956da6637881d14c414,3584,3072,0.523926,137344,124800,137344,0,0,0
0fcc5673242af956da6637881d14c414,4096,3072,0.084335,22108,240036,22108,0,0,0
0fcc5673242af956da6637881d14c414,2560,3584,0.356045,93335,168809,93335,0,0,0
0fcc5673242af956da6637881d14c414,3072,3584,0.378082,99112,163032,99112,0,0,0
0fcc5673242af956da6637881d14c414,3584,3584,0.283966,74440,187704,74440,0,0,0
0fcc5673242af956da6637881d14c414,2560,4096,0.122025,31988,230156,31988,0,0,0
0fcc5673242af956da6637881d14c414,3072,4096,0.441669,115781,146363,115781,0,0,0
0fcc5673242af956da6637881d14c414,3584,4096,0.023193,6080,256064,6080,0,0,0
0fcc5673242af956da6637881d14c414,1536,4608,0.397964,104324,157820,0,0,104324,0
0fcc5673242af956da6637881d14c414,2048,4608,0.16758,43930,218214,2654,0,41276,0
0fcc5673242af956da6637881d14c414,3584,4608,0.051186,13418,248726,13418,0,0,0
0fcc5673242af956da6637881d14c414,1024,5120,0.033157,8692,253452,0,0,8692,0
0fcc5673242af956da6637881d14c414,1536,5120,0.621727,162982,99162,0,0,162982,0
0fcc5673242af956da6637881d14c414,2048,5120,0.663582,173954,88190,0,0,173954,0
0fcc5673242af956da6637881d14c414,2560,5120,0.437737,114750,147394,0,0,114750,0
0fcc5673242af956da6637881d14c414,1024,5632,0.236019,61871,200273,0,0,61871,0
0fcc5673242af956da6637881d14c414,1536,5632,0.687885,180325,81819,0,0,180325,0
0fcc5673242af956da6637881d14c414,2048,5632,0.681477,178645,83499,68359,0,110286,0
0fcc5673242af956da6637881d14c414,2560,5632,0.62635,164194,97950,4969,0,159225,0
0fcc5673242af956da6637881d14c414,1024,6144,0.129528,33955,228189,0,0,33955,0
0fcc5673242af956da6637881d14c414,1536,6144,0.79855,209335,52809,0,0,209335,0
0fcc5673242af956da6637881d14c414,2048,6144,0.247738,64943,197201,34375,0,30568,0
0fcc5673242af956da6637881d14c414,2560,6144,0.221462,58055,204089,3857,0,54198,0
0fcc5673242af956da6637881d14c414,1024,6656,0.021534,5645,256499,0,0,5645,0
0fcc5673242af956da6637881d14c414,1536,6656,0.162483,42594,219550,0,0,42594,0
0fcc5673242af956da6637881d14c414,1536,7680,0.162678,42645,219499,42645,0,0,0
0fcc5673242af956da6637881d14c414,2048,7680,0.076012,19926,242218,19926,0,0,0
0fcc5673242af956da6637881d14c414,2560,7680,0.088123,23101,239043,23101,0,0,0
0fcc5673242af956da6637881d14c414,1536,8192,0.121243,31783,230361,31783,0,0,0
0fcc5673242af956da6637881d14c414,2048,8192,0.17786,46625,215519,46625,0,0,0
0fcc5673242af956da6637881d14c414,2560,8192,0.335426,87930,174214,87930,0,0,0
0fcc5673242af956da6637881d14c414,1536,8704,0.151295,39661,222483,39661,0,0,0
0fcc5673242af956da6637881d14c414,2048,8704,0.010288,2697,259447,2697,0,0,0
0fcc5673242af956da6637881d14c414,2560,8704,0.292751,76743,185401,76743,0,0,0
0fcc5673242af956da6637881d14c414,1536,9216,0.06609,17325,244819,17325,0,0,0
0fcc5673242af956da6637881d14c414,2560,9216,0.0224,5872,256272,5872,0,0,0
0fcc5673242af956da6637881d14c414,1536,9728,0.165333,43341,218803,43341,0,0,0
0fcc5673242af956da6637881d14c414,2048,9728,0.181068,47466,214678,47466,0,0,0
0fcc5673242af956da6637881d14c414,1024,10240,0.027119,7109,255035,7109,0,0,0
0fcc5673242af956da6637881d14c414,1536,10240,0.398685,104513,157631,104513,0,0,0
0fcc5673242af956da6637881d14c414,2048,10240,0.587528,154017,108127,154017,0,0,0
0fcc5673242af956da6637881d14c414,2560,10240,0.072418,18984,243160,18984,0,0,0
0fcc5673242af956da6637881d14c414,1536,10752,0.328331,86070,176074,86070,0,0,0
0fcc5673242af956da6637881d14c414,2048,10752,0.33437,87653,174491,87653,0,0,0
0fcc5673242af956da6637881d14c414,2560,10752,0.016926,4437,257707,4437,0,0,0
0fcc5673242af956da6637881d14c414,1024,11264,0.18576,48696,213448,48696,0,0,0
0fcc5673242af956da6637881d14c414,1536,11264,0.25494,66831,195313,66831,0,0,0
0fcc5673242af956da6637881d14c414,2048,11264,0.097992,25688,236456,25688,0,0,0
0fcc5673242af956da6637881d14c414,1024,11776,0.182766,47911,214233,47911,0,0,0
0fcc5673242af956da6637881d14c414,1536,11776,0.106213,27843,234301,27843,0,0,0
0fcc5673242af956da6637881d14c414,2048,11776,0.027039,7088,255056,0,7088,0,0
0fcc5673242af956da6637881d14c414,512,12288,0.016304,4274,257870,4274,0,0,0
0fcc5673242af956da6637881d14c414,1024,12288,0.516609,135426,126718,127007,8419,0,0
0fcc5673242af956da6637881d14c414,1536,12288,0.472488,123860,138284,72660,51200,0,0
0fcc5673242af956da6637881d14c414,2048,12288,0.256088,67132,195012,32052,35080,0,0
0fcc5673242af956da6637881d14c414,1024,12800,0.320549,84030,178114,61631,22399,0,0
0fcc5673242af956da6637881d14c414,1536,12800,0.353851,92760,169384,8135,84625,0,0
0fcc5673242af956da6637881d14c414,2048,12800,0.152458,39966,222178,29802,10164,0,0
0fcc5673242af956da6637881d14c414,1024,13312,0.236488,61994,200150,29514,32480,0,0
0fcc5673242af956da6637881d14c414,1536,13312,0.43457,113920,148224,113920,0,0,0
0fcc5673242af956da6637881d14c414,2048,13312,0.245811,64438,197706,64438,0,0,0
0fcc5673242af956da6637881d14c414,512,13824,0.024368,6388,255756,6074,314,0,0
0fcc5673242af956da6637881d14c414,1024,13824,0.271294,71118,191026,7095,64023,0,0
0fcc5673242af956da6637881d14c414,1536,13824,0.421764,110563,151581,54405,56158,0,0
0fcc5673242af956da6637881d14c414,2048,13824,0.231537,60696,201448,38652,22044,0,0
0fcc5673242af956da6637881d14c414,512,14336,0.221714,58121,204023,56809,1312,0,0
0fcc5673242af956da6637881d14c414,1024,14336,0.212387,55676,206468,22241,33435,0,0
0fcc5673242af956da6637881d14c414,1536,14336,0.261806,68631,193513,7312,61319,0,0
0fcc5673242af956da6637881d14c414,2048,14336,0.320686,84066,178078,82710,1356,0,0
0fcc5673242af956da6637881d14c414,512,14848,0.224846,58942,203202,58942,0,0,0
0fcc5673242af956da6637881d14c414,1024,14848,0.324539,85076,177068,63725,21351,0,0
0fcc5673242af956da6637881d14c414,1536,14848,0.24369,63882,198262,0,63882,0,0
0fcc5673242af956da6637881d14c414,2048,14848,0.173885,45583,216561,3130,42453,0,0
0fcc5673242af956da6637881d14c414,512,15360,0.152893,40080,222064,40080,0,0,0
0fcc5673242af956da6637881d14c414,1024,15360,0.171844,45048,217096,3741,41307,0,0
0fcc5673242af956da6637881d14c414,1536,15360,0.293674,76985,185159,0,76985,0,0
0fcc5673242af956da6637881d14c414,2048,15360,0.115772,30349,231795,10830,19519,0,0
0fcc5673242af956da6637881d14c414,512,15872,0.094238,24704,237440,18479,6225,0,0
0fcc5673242af956da6637881d14c414,1024,15872,0.341255,89458,172686,76389,13069,0,0
0fcc5673242af956da6637881d14c414,1536,15872,0.165051,43267,218877,12636,30631,0,0
0fcc5673242af956da6637881d14c414,2048,15872,0.296131,77629,184515,77629,0,0,0
0fcc5673242af956da6637881d14c414,1024,16384,0.271908,71279,190865,198,71081,0,0
0fcc5673242af956da6637881d14c414,1536,16384,0.156212,40950,221194,0,40950,0,0
0fcc5673242af956da6637881d14c414,2048,16384,0.072102,18901,243243,18901,0,0,0
0fcc5673242af956da6637881d14c414,512,17408,0.039299,10302,251842,0,10302,0,0
0fcc5673242af956da6637881d14c414,1024,17408,0.085438,22397,239747,0,22397,0,0
0fcc5673242af956da6637881d14c414,1536,17408,0.178665,46836,215308,0,46836,0,0
0fcc5673242af956da6637881d14c414,512,17920,0.100185,26263,235881,26263,0,0,0
0fcc5673242af956da6637881d14c414,1536,17920,0.013897,3643,258501,3643,0,0,0
0fcc5673242af956da6637881d14c414,512,18432,0.118076,30953,231191,30953,0,0,0
0fcc5673242af956da6637881d14c414,1536,18432,0.176327,46223,215921,46223,0,0,0
0fcc5673242af956da6637881d14c414,512,19456,0.12228,32055,230089,32055,0,0,0
0fcc5673242af956da6637881d14c414,1024,19456,0.122051,31995,230149,31995,0,0,0
0fcc5673242af956da6637881d14c414,1536,19456,0.29081,76234,185910,76234,0,0,0
0fcc5673242af956da6637881d14c414,2048,19456,0.01907,4999,257145,4999,0,0,0
0fcc5673242af956da6637881d14c414,512,19968,0.382877,100369,161775,100369,0,0,0
0fcc5673242af956da6637881d14c414,1024,19968,0.260036,68167,193977,68167,0,0,0
0fcc5673242af956da6637881d14c414,1536,19968,0.397392,104174,157970,104174,0,0,0
0fcc5673242af956da6637881d14c414,512,20480,0.145988,38270,223874,38270,0,0,0
0fcc5673242af956da6637881d14c414,1024,20480,0.274391,71930,190214,71930,0,0,0
0fcc5673242af956da6637881d14c414,1536,20480,0.373638,97947,164197,97947,0,0,0
0fcc5673242af956da6637881d14c414,512,20992,0.335407,87925,174219,87925,0,0,0
0fcc5673242af956da6637881d14c414,1024,20992,0.369675,96908,165236,96908,0,0,0
0fcc5673242af956da6637881d14c414,1536,20992,0.254707,66770,195374,66770,0,0,0
0fcc5673242af956da6637881d14c414,512,21504,0.572723,150136,112008,150136,0,0,0
0fcc5673242af956da6637881d14c414,1024,21504,0.158031,41427,220717,41427,0,0,0
0fcc5673242af956da6637881d14c414,512,22016,0.398987,104592,157552,104592,0,0,0
0fcc5673242af956da6637881d14c414,1024,22016,0.093727,24570,237574,24570,0,0,0
0fcc5673242af956da6637881d14c414,1024,22528,0.235603,61762,200382,61762,0,0,0
0fcc5673242af956da6637881d14c414,1024,23040,0.149731,39251,222893,39251,0,0,0
0fcc5673242af956da6637881d14c414,1536,23040,0.092133,24152,237992,24152,0,0,0
0fcc5673242af956da6637881d14c414,1024,23552,0.028389,7442,254702,7442,0,0,0
10218e6dc6a4fb9af7879333c11af510,15360,0,0.011135,2919,259225,0,2919,0,0
10218e6dc6a4fb9af7879333c11af510,15872,0,0.012341,3235,258909,0,856,0,2379
10218e6dc6a4fb9af7879333c11af510,16384,0,0.1315,34472,227672,0,0,27446,7026
10218e6dc6a4fb9af7879333c11af510,16896,0,0.28648,75099,187045,0,0,73625,1474
10218e6dc6a4fb9af7879333c11af510,17408,0,0.120487,31585,230559,0,0,31585,0
10218e6dc6a4fb9af7879333c11af510,11776,512,0.082413,21604,240540,0,21604,0,0
10218e6dc6a4fb9af7879333c11af510,12288,512,0.355541,93203,168941,0,93203,0,0
10218e6dc6a4fb9af7879333c11af510,12800,512,0.195545,51261,210883,0,48158,0,3103
10218e6dc6a4fb9af7879333c11af510,13312,512,0.066311,17383,244761,0,10010,7373,0
10218e6dc6a4fb9af7879333c11af510,13824,512,0.089573,23481,238663,0,16342,7139,0
10218e6dc6a4fb9af7879333c11af510,14336,512,0.33115,86809,175335,0,60083,26726,0
10218e6dc6a4fb9af7879333c11af510,14848,512,0.217728,57076,205068,0,39605,17471,0
10218e6dc6a4fb9af7879333c11af510,15360,512,0.283634,74353,187791,0,44782,0,29571
10218e6dc6a4fb9af7879333c11af510,15872,512,0.382435,100253,161891,0,77854,12660,9739
10218e6dc6a4fb9af7879333c11af510,16384,512,0.408878,107185,154959,0,13073,82601,11511
10218e6dc6a4fb9af7879333c11af510,16896,512,0.849976,222816,39328,0,0,222816,0
10218e6dc6a4fb9af7879333c11af510,17408,512,0.607056,159136,103008,0,15590,143546,0
10218e6dc6a4fb9af7879333c11af510,17920,512,0.516434,135380,126764,0,43764,91616,0
10218e6dc6a4fb9af7879333c11af510,18432,512,0.455383,119376,142768,5687,1223,112466,0
10218e6dc6a4fb9af7879333c11af510,18944,512,0.077377,20284,241860,0,3171,17113,0
10218e6dc6a4fb9af7879333c11af510,10240,1024,0.1026,26896,235248,0,23916,2980,0
10218e6dc6a4fb9af7879333c11af510,10752,1024,0.137699,36097,226047,0,20878,15219,0
10218e6dc6a4fb9af7879333c11af510,11264,1024,0.452297,118567,143577,0,106378,10645,1544
10218e6dc6a4fb9af7879333c11af510,11776,1024,0.430782,112927,149217,0,101586,8471,2870
10218e6dc6a4fb9af7879333c11af510,12288,1024,0.386723,101377,160767,0,101377,0,0
10218e6dc6a4fb9af7879333c11af510,12800,1024,0.27985,73361,188783,0,73361,0,0
10218e6dc6a4fb9af7879333c11af510,13312,1024,0.283321,74271,187873,0,67649,6622,0
10218e6dc6a4fb9af7879333c11af510,13824,1024,0.454506,119146,142998,0,109755,9391,0
10218e6dc6a4fb9af7879333c11af510,14336,1024,0.416355,109145,152999,0,105199,1677,2269
10218e6dc6a4fb9af7879333c11af510,14848,1024,0.372276,97590,164554,0,78650,18855,85
10218e6dc6a4fb9af7879333c11af510,15360,1024,0.319321,83708,178436,0,76098,7573,37
10218e6dc6a4fb9af7879333c11af510,15872,1024,0.112019,29365,232779,0,24537,0,4828
10218e6dc6a4fb9af7879333c11af510,16384,1024,0.096462,25287,236857,0,9673,15614,0
10218e6dc6a4fb9af7879333c11af510,16896,1024,0.39426,103353,158791,0,0,101450,1903
10218e6dc6a4fb9af7879333c11af510,17408,1024,0.610916,160148,101996,0,29450,130698,0
10218e6dc6a4fb9af7879333c11af510,17920,1024,0.467815,122635,139509,0,54339,68296,0
10218e6dc6a4fb9af7879333c11af510,18432,1024,0.157902,41393,220751,24386,3695,13312,0
10218e6dc6a4fb9af7879333c11af510,18944,1024,0.552238,144766,117378,3388,3854,137524,0
10218e6dc6a4fb9af7879333c11af510,19456,1024,0.448765,117641,144503,0,14498,103143,0
10218e6dc6a4fb9af7879333c11af510,19968,1024,0.157131,41191,220953,0,0,41191,0
10218e6dc6a4fb9af7879333c11af510,7680,1536,0.045296,11874,250270,0,11874,0,0
10218e6dc6a4fb9af7879333c11af510,8192,1536,0.040115,10516,251628,0,10516,0,0
10218e6dc6a4fb9af7879333c11af510,9216,1536,0.414917,108768,153376,0,104405,4363,0
10218e6dc6a4fb9af7879333c11af510,9728,1536,0.317875,83329,178815,0,66437,11372,5520
10218e6dc6a4fb9af7879333c11af510,10240,1536,0.216755,56821,205323,0,52712,2142,1967
10218e6dc6a4fb9af7879333c11af510,10752,1536,0.327991,85981,176163,0,81900,3133,948
10218e6dc6a4fb9af7879333c11af510,11264,1536,0.51902,136058,126086,0,129426,0,6632
10218e6dc6a4fb9af7879333c11af510,11776,1536,0.522968,137093,125051,0,133432,0,3661
10218e6dc6a4fb9af7879333c11af510,12288,1536,0.601933,157793,104351,0,155954,0,1839
10218e6dc6a4fb9af7879333c11af510,12800,1536,0.29554,77474,184670,0,53066,22338,2070
10218e6dc6a4fb9af7879333c11af510,13312,1536,0.431984,113242,148902,0,109535,3707,0
10218e6dc6a4fb9af7879333c11af510,13824,1536,0.411346,107832,154312,0,107832,0,0
10218e6dc6a4fb9af7879333c11af510,14336,1536,0.117676,30848,231296,0,29202,1646,0
10218e6dc6a4fb9af7879333c11af510,14848,1536,0.041531,10887,251257,0,9301,1586,0
10218e6dc6a4fb9af7879333c11af510,18944,1536,0.176456,46257,215887,6919,0,39338,0
10218e6dc6a4fb9af7879333c11af510,19456,1536,0.657761,172428,89716,0,52769,119659,0
10218e6dc6a4fb9af7879333c11af510,19968,1536,0.627983,164622,97522,0,0,164622,0
10218e6dc6a4fb9af7879333c11af510,20480,1536,0.250046,65548,196596,0,3741,61807,0
10218e6dc6a4fb9af7879333c11af510,20992,1536,0.017891,4690,257454,0,4690,0,0
10218e6dc6a4fb9af7879333c11af510,5632,2048,0.019466,5103,257041,0,0,5103,0
10218e6dc6a4fb9af7879333c11af510,6144,2048,0.191261,50138,212006,0,0,50138,0
10218e6dc6a4fb9af7879333c11af510,6656,2048,0.335121,87850,174294,0,17075,70775,0
10218e6dc6a4fb9af7879333c11af510,7168,2048,0.188053,49297,212847,0,10988,38309,0
10218e6dc6a4fb9af7879333c11af510,7680,2048,0.533199,139775,122369,0,139775,0,0
10218e6dc6a4fb9af7879333c11af510,8192,2048,0.439629,115246,146898,0,39936,75310,0
10218e6dc6a4fb9af7879333c11af510,8704,2048,0.101864,26703,235441,0,6769,19212,722
10218e6dc6a4fb9af7879333c11af510,9216,2048,0.1772,46452,215692,0,14558,28383,3511
10218e6dc6a4fb9af7879333c11af510,9728,2048,0.205379,53839,208305,0,33236,8244,12359
10218e6dc6a4fb9af7879333c11af510,10240,2048,0.286972,75228,186916,0,75228,0,0
10218e6dc6a4fb9af7879333c11af510,10752,2048,0.207611,54424,207720,0,54424,0,0
10218e6dc6a4fb9af7879333c11af510,11264,2048,0.239326,62738,199406,0,40921,20445,1372
10218e6dc6a4fb9af7879333c11af510,11776,2048,0.102127,26772,235372,0,22609,4163,0
10218e6dc6a4fb9af7879333c11af510,12288,2048,0.087002,22807,239337,0,16119,6688,0
10218e6dc6a4fb9af7879333c11af510,13312,2048,0.080853,21195,240949,0,21195,0,0
10218e6dc6a4fb9af7879333c11af510,13824,2048,0.011269,2954,259190,0,2954,0,0
10218e6dc6a4fb9af7879333c11af510,19456,2048,0.034317,8996,253148,0,1654,7342,0
10218e6dc6a4fb9af7879333c11af510,19968,2048,0.238373,62488,199656,0,26733,35755,0
10218e6dc6a4fb9af7879333c11af510,20480,2048,0.640072,167791,94353,0,15342,152449,0
10218e6dc6a4fb9af7879333c11af510,20992,2048,0.438797,115028,147116,0,74356,40672,0
10218e6dc6a4fb9af7879333c11af510,5120,2560,0.122986,32240,229904,0,13880,18360,0
10218e6dc6a4fb9af7879333c11af510,5632,2560,0.668209,175167,86977,0,0,175167,0
10218e6dc6a4fb9af7879333c11af510,6144,2560,0.614742,161151,100993,0,0,161151,0
10218e6dc6a4fb9af7879333c11af510,6656,2560,0.50069,131253,130891,0,94,131159,0
10218e6dc6a4fb9af7879333c11af510,7168,2560,0.718575,188370,73774,0,547,187823,0
10218e6dc6a4fb9af7879333c11af510,7680,2560,0.653427,171292,90852,0,9290,162002,0
10218e6dc6a4fb9af7879333c11af510,8192,2560,0.522854,137063,125081,0,6679,130384,0
10218e6dc6a4fb9af7879333c11af510,8704,2560,0.602283,157885,104259,0,9719,148166,0
10218e6dc6a4fb9af7879333c11af510,9216,2560,0.457401,119905,142239,0,41753,78152,0
10218e6dc6a4fb9af7879333c11af510,9728,2560,0.080372,21069,241075,0,0,21069,0
10218e6dc6a4fb9af7879333c11af510,10240,2560,0.14851,38931,223213,0,36268,2663,0
10218e6dc6a4fb9af7879333c11af510,10752,2560,0.034851,9136,253008,0,9136,0,0
10218e6dc6a4fb9af7879333c11af510,20992,2560,0.017815,4670,257474,0,4059,611,0
10218e6dc6a4fb9af7879333c11af510,4096,3072,0.034782,9118,253026,0,0,9118,0
10218e6dc6a4fb9af7879333c11af510,4608,3072,0.013485,3535,258609,0,0,3535,0
10218e6dc6a4fb9af7879333c11af510,5120,3072,0.452789,118696,143448,0,2409,110360,5927
10218e6dc6a4fb9af7879333c11af510,5632,3072,0.805969,211280,50864,0,0,211280,0
10218e6dc6a4fb9af7879333c11af510,6144,3072,0.604416,158444,103700,0,0,153638,4806
10218e6dc6a4fb9af7879333c11af510,6656,3072,0.483791,126823,135321,0,0,123642,3181
10218e6dc6a4fb9af7879333c11af510,7168,3072,0.476608,124940,137204,0,0,124940,0
10218e6dc6a4fb9af7879333c11af510,7680,3072,0.328094,86008,176136,0,0,86008,0
10218e6dc6a4fb9af7879333c11af510,8192,3072,0.234749,61538,200606,0,10966,48741,1831
10218e6dc6a4fb9af7879333c11af510,8704,3072,0.206768,54203,207941,0,33447,14655,6101
10218e6dc6a4fb9af7879333c11af510,9216,3072,0.031578,8278,253866,0,8278,0,0
10218e6dc6a4fb9af7879333c11af510,5120,3584,0.488533,128066,134078,0,0,128066,0
10218e6dc6a4fb9af7879333c11af510,5632,3584,0.248344,65102,197042,0,0,61208,3894
10218e6dc6a4fb9af7879333c11af510,6656,3584,0.169201,44355,217789,0,0,44355,0
10218e6dc6a4fb9af7879333c11af510,3584,4096,0.032917,8629,253515,0,8629,0,0
102457e538762e4082f7ee8a4d1a9e16,1024,4096,0.1731,45377,216767,0,21637,23740,0
102457e538762e4082f7ee8a4d1a9e16,1536,4096,0.023735,6222,255922,0,5987,235,0
102457e538762e4082f7ee8a4d1a9e16,1024,4608,0.02058,5395,256749,0,943,4452,0
102457e538762e4082f7ee8a4d1a9e16,1024,5120,0.083057,21773,240371,0,21773,0,0
102457e538762e4082f7ee8a4d1a9e16,1024,5632,0.032177,8435,253709,0,8435,0,0
102457e538762e4082f7ee8a4d1a9e16,1536,5632,0.121651,31890,230254,0,31890,0,0
102457e538762e4082f7ee8a4d1a9e16,1536,6144,0.032398,8493,253651,0,8493,0,0
102457e538762e4082f7ee8a4d1a9e16,2048,6144,0.206829,54219,207925,0,33265,20954,0
102457e538762e4082f7ee8a4d1a9e16,2560,6144,0.012695,3328,258816,0,0,3328,0
102457e538762e4082f7ee8a4d1a9e16,1536,6656,0.026569,6965,255179,0,0,6965,0
102457e538762e4082f7ee8a4d1a9e16,2048,6656,0.189003,49546,212598,0,7641,41905,0
102457e538762e4082f7ee8a4d1a9e16,512,7168,0.02301,6032,256112,0,6032,0,0
102457e538762e4082f7ee8a4d1a9e16,1024,7168,0.038334,10049,252095,0,10049,0,0
102457e538762e4082f7ee8a4d1a9e16,512,7680,0.053047,13906,248238,0,13906,0,0
102457e538762e4082f7ee8a4d1a9e16,1024,7680,0.219872,57638,204506,0,57638,0,0
102457e538762e4082f7ee8a4d1a9e16,1536,7680,0.276131,72386,189758,0,24700,47686,0
102457e538762e4082f7ee8a4d1a9e16,2048,7680,0.119217,31252,230892,0,6675,24577,0
102457e538762e4082f7ee8a4d1a9e16,512,8192,0.043945,11520,250624,0,11520,0,0
102457e538762e4082f7ee8a4d1a9e16,1024,8192,0.192406,50438,211706,0,46444,3994,0
102457e538762e4082f7ee8a4d1a9e16,1536,8192,0.315868,82803,179341,0,18786,64017,0
102457e538762e4082f7ee8a4d1a9e16,2048,8192,0.069412,18196,243948,0,3051,15145,0
102457e538762e4082f7ee8a4d1a9e16,512,8704,0.046215,12115,250029,0,12115,0,0
102457e538762e4082f7ee8a4d1a9e16,1024,8704,0.111809,29310,232834,0,26381,2929,0
102457e538762e4082f7ee8a4d1a9e16,1536,8704,0.318897,83597,178547,0,57584,26013,0
102457e538762e4082f7ee8a4d1a9e16,2048,8704,0.195488,51246,210898,0,30619,20627,0
102457e538762e4082f7ee8a4d1a9e16,512,9216,0.025135,6589,255555,0,0,6589,0
102457e538762e4082f7ee8a4d1a9e16,1024,9216,0.202412,53061,209083,0,46825,6236,0
102457e538762e4082f7ee8a4d1a9e16,1536,9216,0.373253,97846,164298,0,58993,38853,0
102457e538762e4082f7ee8a4d1a9e16,2048,9216,0.18961,49705,212439,0,16407,33298,0
102457e538762e4082f7ee8a4d1a9e16,1024,9728,0.291096,76309,185835,0,76309,0,0
102457e538762e4082f7ee8a4d1a9e16,1536,9728,0.374298,98120,164024,0,79397,18723,0
102457e538762e4082f7ee8a4d1a9e16,2048,9728,0.336441,88196,173948,0,82603,5593,0
102457e538762e4082f7ee8a4d1a9e16,512,10240,0.022579,5919,256225,0,0,5919,0
102457e538762e4082f7ee8a4d1a9e16,1024,10240,0.20113,52725,209419,0,30741,21984,0
102457e538762e4082f7ee8a4d1a9e16,1536,10240,0.139519,36574,225570,0,33250,3324,0
102457e538762e4082f7ee8a4d1a9e16,2048,10240,0.093285,24454,237690,0,24454,0,0
102457e538762e4082f7ee8a4d1a9e16,512,10752,0.108658,28484,233660,0,28357,127,0
102457e538762e4082f7ee8a4d1a9e16,1024,10752,0.235744,61799,200345,0,53561,8238,0
102457e538762e4082f7ee8a4d1a9e16,1536,10752,0.191406,50176,211968,0,43437,6739,0
102457e538762e4082f7ee8a4d1a9e16,2048,10752,0.024124,6324,255820,0,6324,0,0
102457e538762e4082f7ee8a4d1a9e16,512,11264,0.297047,77869,184275,0,68700,6901,2268
102457e538762e4082f7ee8a4d1a9e16,1024,11264,0.382252,100205,161939,0,90426,9332,447
102457e538762e4082f7ee8a4d1a9e16,1536,11264,0.197456,51762,210382,0,39074,12688,0
102457e538762e4082f7ee8a4d1a9e16,512,11776,0.35405,92812,169332,0,63742,29070,0
102457e538762e4082f7ee8a4d1a9e16,1024,11776,0.098835,25909,236235,0,12927,12982,0
102457e538762e4082f7ee8a4d1a9e16,1536,11776,0.020798,5452,256692,0,5452,0,0
102457e538762e4082f7ee8a4d1a9e16,512,12288,0.464725,121825,140319,0,121825,0,0
102457e538762e4082f7ee8a4d1a9e16,1024,12288,0.134346,35218,226926,0,17143,18075,0
102457e538762e4082f7ee8a4d1a9e16,1536,12288,0.175983,46133,216011,0,42381,3752,0
102457e538762e4082f7ee8a4d1a9e16,2048,12288,0.045826,12013,250131,0,12013,0,0
102457e538762e4082f7ee8a4d1a9e16,512,12800,0.225483,59109,203035,0,1779,57330,0
102457e538762e4082f7ee8a4d1a9e16,1024,12800,0.708996,185859,76285,0,63127,122732,0
102457e538762e4082f7ee8a4d1a9e16,1536,12800,0.375793,98512,163632,0,36493,62019,0
102457e538762e4082f7ee8a4d1a9e16,2048,12800,0.182892,47944,214200,0,47944,0,0
102457e538762e4082f7ee8a4d1a9e16,512,13312,0.368038,96479,165665,0,54213,42266,0
102457e538762e4082f7ee8a4d1a9e16,1024,13312,0.325008,85199,176945,0,57522,27677,0
102457e538762e4082f7ee8a4d1a9e16,1536,13312,0.071491,18741,243403,0,7664,11077,0
102457e538762e4082f7ee8a4d1a9e16,2048,13312,0.124844,32727,229417,0,32727,0,0
102457e538762e4082f7ee8a4d1a9e16,512,13824,0.121624,31883,230261,0,31159,724,0
102457e538762e4082f7ee8a4d1a9e16,1024,13824,0.221588,58088,204056,0,54947,3141,0
102457e538762e4082f7ee8a4d1a9e16,1536,13824,0.327614,85882,176262,0,78088,7794,0
102457e538762e4082f7ee8a4d1a9e16,2048,13824,0.062847,16475,245669,0,16475,0,0
102457e538762e4082f7ee8a4d1a9e16,512,14336,0.026844,7037,255107,0,7037,0,0
102457e538762e4082f7ee8a4d1a9e16,1024,14336,0.019691,5162,256982,0,5162,0,0
102457e538762e4082f7ee8a4d1a9e16,1536,14336,0.063919,16756,245388,0,16756,0,0
5554bf43ed8256dff3a716d9811a7afb,512,512,0.019913,5220,256924,0,0,0,5220
5554bf43ed8256dff3a716d9811a7afb,512,1024,0.029785,7808,254336,0,0,0,7808
5554bf43ed8256dff3a716d9811a7afb,1024,1024,0.011021,2889,259255,0,0,0,2889
5554bf43ed8256dff3a716d9811a7afb,1536,1024,0.04792,12562,249582,0,0,0,12562
5554bf43ed8256dff3a716d9811a7afb,1024,1536,0.19569,51299,210845,0,0,0,51299
5554bf43ed8256dff3a716d9811a7afb,1536,1536,0.190437,49922,212222,0,0,0,49922
5554bf43ed8256dff3a716d9811a7afb,512,2048,0.027294,7155,254989,0,0,0,7155
5554bf43ed8256dff3a716d9811a7afb,1024,2048,0.33786,88568,173576,0,0,0,88568
5554bf43ed8256dff3a716d9811a7afb,1536,2048,0.582809,152780,109364,0,0,0,152780
5554bf43ed8256dff3a716d9811a7afb,2048,2048,0.208488,54654,207490,0,0,0,54654
5554bf43ed8256dff3a716d9811a7afb,1024,2560,0.093086,24402,237742,0,0,0,24402
5554bf43ed8256dff3a716d9811a7afb,1536,2560,0.764927,200521,61623,0,0,0,200521
5554bf43ed8256dff3a716d9811a7afb,2048,2560,0.242935,63684,198460,0,0,0,63684
5554bf43ed8256dff3a716d9811a7afb,3072,2560,0.145317,38094,224050,0,0,0,38094
5554bf43ed8256dff3a716d9811a7afb,1536,3072,0.338417,88714,173430,0,0,0,88714
5554bf43ed8256dff3a716d9811a7afb,2048,3072,0.617012,161746,100398,0,0,0,161746
5554bf43ed8256dff3a716d9811a7afb,2560,3072,0.019825,5197,256947,0,0,0,5197
5554bf43ed8256dff3a716d9811a7afb,3072,3072,0.0117,3067,259077,0,0,0,3067
5554bf43ed8256dff3a716d9811a7afb,1536,3584,0.028416,7449,254695,0,0,0,7449
5554bf43ed8256dff3a716d9811a7afb,2048,3584,0.215988,56620,205524,0,0,0,56620
5554bf43ed8256dff3a716d9811a7afb,2560,3584,0.057365,15038,247106,0,0,0,15038
5554bf43ed8256dff3a716d9811a7afb,3072,3584,0.13625,35717,226427,0,0,0,35717
5554bf43ed8256dff3a716d9811a7afb,3584,3584,0.043026,11279,250865,0,0,0,11279
5554bf43ed8256dff3a716d9811a7afb,2048,4096,0.079594,20865,241279,0,0,0,20865
5554bf43ed8256dff3a716d9811a7afb,2560,4096,0.503799,132068,130076,0,0,0,132068
5554bf43ed8256dff3a716d9811a7afb,3072,4096,0.36668,96123,166021,0,0,0,96123
5554bf43ed8256dff3a716d9811a7afb,2560,4608,0.212906,55812,206332,0,0,0,55812
5554bf43ed8256dff3a716d9811a7afb,3072,4608,0.016468,4317,257827,0,0,0,4317
5554bf43ed8256dff3a716d9811a7afb,3584,4608,0.154377,40469,221675,0,0,0,40469
5554bf43ed8256dff3a716d9811a7afb,5120,4608,0.097034,25437,236707,0,0,0,25437
5554bf43ed8256dff3a716d9811a7afb,2560,5120,0.106861,28013,234131,0,0,0,28013
5554bf43ed8256dff3a716d9811a7afb,3072,5120,0.040638,10653,251491,0,0,0,10653
5554bf43ed8256dff3a716d9811a7afb,4608,5120,0.131794,34549,227595,0,0,0,34549
5554bf43ed8256dff3a716d9811a7afb,5120,5120,0.280212,73456,188688,0,0,0,73456
5554bf43ed8256dff3a716d9811a7afb,5632,5120,0.01268,3324,258820,0,0,0,3324
5554bf43ed8256dff3a716d9811a7afb,5632,6144,0.127071,33311,228833,0,0,0,33311
5554bf43ed8256dff3a716d9811a7afb,6144,6144,0.052174,13677,248467,0,0,0,13677
5554bf43ed8256dff3a716d9811a7afb,8704,10240,0.01376,3607,258537,0,0,0,3607
5554bf43ed8256dff3a716d9811a7afb,8704,10752,0.143021,37492,224652,0,0,0,37492
5554bf43ed8256dff3a716d9811a7afb,8704,11776,0.15062,39484,222660,0,0,0,39484
5554bf43ed8256dff3a716d9811a7afb,8192,12288,0.318966,83615,178529,0,0,0,83615
5554bf43ed8256dff3a716d9811a7afb,8704,12288,0.987568,258885,3259,0,0,0,258885
5554bf43ed8256dff3a716d9811a7afb,9216,12288,0.311661,81700,180444,0,0,0,81700
5554bf43ed8256dff3a716d9811a7afb,8192,12800,0.509964,133684,128460,0,0,0,133684
5554bf43ed8256dff3a716d9811a7afb,8704,12800,1.0,262144,0,0,0,0,262144
5554bf43ed8256dff3a716d9811a7afb,9216,12800,0.677452,177590,84554,0,0,0,177590
5554bf43ed8256dff3a716d9811a7afb,7680,13312,0.092754,24315,237829,0,0,0,24315
5554bf43ed8256dff3a716d9811a7afb,8192,13312,0.745724,195487,66657,0,0,0,195487
5554bf43ed8256dff3a716d9811a7afb,8704,13312,0.949059,248790,13354,0,0,0,248790
5554bf43ed8256dff3a716d9811a7afb,9216,13312,0.828266,217125,45019,0,0,0,217125
5554bf43ed8256dff3a716d9811a7afb,7680,13824,0.284378,74548,187596,0,0,0,74548
5554bf43ed8256dff3a716d9811a7afb,8192,13824,0.67606,177225,84919,0,0,0,177225
5554bf43ed8256dff3a716d9811a7afb,8704,13824,1.0,262144,0,0,0,0,262144
5554bf43ed8256dff3a716d9811a7afb,9216,13824,0.912376,239174,22970,0,0,0,239174
5554bf43ed8256dff3a716d9811a7afb,9728,13824,0.040905,10723,251421,0,0,0,10723
5554bf43ed8256dff3a716d9811a7afb,7680,14336,0.351639,92180,169964,0,0,0,92180
5554bf43ed8256dff3a716d9811a7afb,8192,14336,0.723022,189536,72608,0,0,0,189536
5554bf43ed8256dff3a716d9811a7afb,8704,14336,0.742435,194625,67519,0,0,0,194625
5554bf43ed8256dff3a716d9811a7afb,9216,14336,0.676289,177285,84859,0,0,0,177285
5554bf43ed8256dff3a716d9811a7afb,9728,14336,0.063126,16548,245596,0,0,0,16548
5554bf43ed8256dff3a716d9811a7afb,7680,14848,0.117649,30841,231303,0,0,0,30841
5554bf43ed8256dff3a716d9811a7afb,8192,14848,0.232204,60871,201273,0,0,14540,46331
5554bf43ed8256dff3a716d9811a7afb,8704,14848,0.318653,83533,178611,0,0,0,83533
5554bf43ed8256dff3a716d9811a7afb,9216,14848,0.473709,124180,137964,0,0,0,124180
5554bf43ed8256dff3a716d9811a7afb,7680,15360,0.026802,7026,255118,0,0,0,7026
5554bf43ed8256dff3a716d9811a7afb,8704,15360,0.319633,83790,178354,0,0,0,83790
5554bf43ed8256dff3a716d9811a7afb,9216,15360,0.299377,78480,183664,0,0,0,78480
5554bf43ed8256dff3a716d9811a7afb,7680,15872,0.088146,23107,239037,0,0,0,23107
5554bf43ed8256dff3a716d9811a7afb,8704,15872,0.478287,125380,136764,0,0,0,125380
5554bf43ed8256dff3a716d9811a7afb,9216,15872,0.283447,74304,187840,0,0,0,74304
5554bf43ed8256dff3a716d9811a7afb,7680,16384,0.097984,25686,236458,0,0,0,25686
5554bf43ed8256dff3a716d9811a7afb,8192,16384,0.089775,23534,238610,0,0,11260,12274
5554bf43ed8256dff3a716d9811a7afb,8704,16384,0.226887,59477,202667,0,0,0,59477
5554bf43ed8256dff3a716d9811a7afb,7168,16896,0.020382,5343,256801,0,0,0,5343
5554bf43ed8256dff3a716d9811a7afb,7680,16896,0.322842,84631,177513,0,0,0,84631
5554bf43ed8256dff3a716d9811a7afb,8192,16896,0.265404,69574,192570,0,0,49297,20277
5554bf43ed8256dff3a716d9811a7afb,8704,16896,0.089878,23561,238583,0,0,0,23561
5554bf43ed8256dff3a716d9811a7afb,7680,17408,0.011791,3091,259053,0,0,0,3091
5554bf43ed8256dff3a716d9811a7afb,7168,17920,0.095226,24963,237181,0,0,7350,17613
5554bf43ed8256dff3a716d9811a7afb,7680,17920,0.382282,100213,161931,0,0,91276,8937
5554bf43ed8256dff3a716d9811a7afb,8192,17920,0.297913,78096,184048,0,0,78096,0
5554bf43ed8256dff3a716d9811a7afb,6656,18432,0.040409,10593,251551,0,0,10593,0
5554bf43ed8256dff3a716d9811a7afb,7168,18432,0.709351,185952,76192,0,2103,183849,0
5554bf43ed8256dff3a716d9811a7afb,7680,18432,0.6931,181692,80452,0,13524,168168,0
5554bf43ed8256dff3a716d9811a7afb,8192,18432,0.210068,55068,207076,0,0,55068,0
5554bf43ed8256dff3a716d9811a7afb,7168,18944,0.565102,148138,114006,0,0,111970,36168
5554bf43ed8256dff3a716d9811a7afb,7680,18944,0.775463,203283,58861,0,0,203283,0
5554bf43ed8256dff3a716d9811a7afb,7168,19456,0.267834,70211,191933,0,0,7797,62414
5554bf43ed8256dff3a716d9811a7afb,7680,19456,0.221336,58022,204122,0,0,38163,19859
56e6cfc2a0ae0f493cf1a98689ca2afe,1536,512,0.281464,73784,188360,73784,0,0,0
56e6cfc2a0ae0f493cf1a98689ca2afe,2048,512,0.039162,10266,251878,10266,0,0,0
56e6cfc2a0ae0f493cf1a98689ca2afe,1536,1024,0.193241,50657,211487,50657,0,0,0
56e6cfc2a0ae0f493cf1a98689ca2afe,2048,1024,0.147247,38600,223544,38600,0,0,0
56e6cfc2a0ae0f493cf1a98689ca2afe,1536,1536,0.119312,31277,230867,31277,0,0,0
56e6cfc2a0ae0f493cf1a98689ca2afe,2048,1536,0.136292,35728,226416,35728,0,0,0
56e6cfc2a0ae0f493cf1a98689ca2afe,1536,2048,0.106777,27991,234153,27991,0,0,0
56e6cfc2a0ae0f493cf1a98689ca2afe,2048,2048,0.22702,59512,202632,59512,0,0,0
56e6cfc2a0ae0f493cf1a98689ca2afe,2560,2048,0.067749,17760,244384,17760,0,0,0
56e6cfc2a0ae0f493cf1a98689ca2afe,1024,2560,0.040329,10572,251572,10572,0,0,0
56e6cfc2a0ae0f493cf1a98689ca2afe,1536,2560,0.124916,32746,229398,32746,0,0,0
56e6cfc2a0ae0f493cf1a98689ca2afe,2048,2560,0.115353,30239,231905,30239,0,0,0
56e6cfc2a0ae0f493cf1a98689ca2afe,2560,2560,0.018368,4815,257329,4815,0,0,0
56e6cfc2a0ae0f493cf1a98689ca2afe,1024,3072,0.357315,93668,168476,28617,65051,0,0
56e6cfc2a0ae0f493cf1a98689ca2afe,1536,3072,0.255592,67002,195142,0,67002,0,0
56e6cfc2a0ae0f493cf1a98689ca2afe,1024,3584,0.348351,91318,170826,24971,66347,0,0
56e6cfc2a0ae0f493cf1a98689ca2afe,1536,3584,0.317135,83135,179009,1532,81603,0,0
56e6cfc2a0ae0f493cf1a98689ca2afe,2048,3584,0.142975,37480,224664,0,37480,0,0
56e6cfc2a0ae0f493cf1a98689ca2afe,512,4096,0.050732,13299,248845,0,13299,0,0
56e6cfc2a0ae0f493cf1a98689ca2afe,1024,4096,0.614487,161084,101060,20061,141023,0,0
56e6cfc2a0ae0f493cf1a98689ca2afe,1536,4096,0.547161,143435,118709,0,143435,0,0
56e6cfc2a0ae0f493cf1a98689ca2afe,2048,4096,0.376076,98586,163558,0,98586,0,0
56e6cfc2a0ae0f493cf1a98689ca2afe,512,4608,0.019245,5045,257099,0,5045,0,0
56e6cfc2a0ae0f493cf1a98689ca2afe,1024,4608,0.484238,126940,135204,34356,92584,0,0
56e6cfc2a0ae0f493cf1a98689ca2afe,1536,4608,0.630707,165336,96808,0,165336,0,0
56e6cfc2a0ae0f493cf1a98689ca2afe,2048,4608,0.360706,94557,167587,0,94557,0,0
56e6cfc2a0ae0f493cf1a98689ca2afe,512,5120,0.058727,15395,246749,0,15395,0,0
56e6cfc2a0ae0f493cf1a98689ca2afe,1024,5120,0.413952,108515,153629,0,108515,0,0
56e6cfc2a0ae0f493cf1a98689ca2afe,1536,5120,0.202682,53132,209012,14915,38217,0,0
56e6cfc2a0ae0f493cf1a98689ca2afe,2048,5120,0.198483,52031,210113,42812,9219,0,0
56e6cfc2a0ae0f493cf1a98689ca2afe,512,5632,0.126102,33057,229087,0,33057,0,0
56e6cfc2a0ae0f493cf1a98689ca2afe,1024,5632,0.586605,153775,108369,0,153775,0,0
56e6cfc2a0ae0f493cf1a98689ca2afe,1536,5632,0.535172,140292,121852,0,140292,0,0
56e6cfc2a0ae0f493cf1a98689ca2afe,2048,5632,0.277821,72829,189315,0,72829,0,0
56e6cfc2a0ae0f493cf1a98689ca2afe,1024,6144,0.315865,82802,179342,0,82802,0,0
56e6cfc2a0ae0f493cf1a98689ca2afe,1536,6144,0.434921,114012,148132,0,114012,0,0
56e6cfc2a0ae0f493cf1a98689ca2afe,2048,6144,0.15823,41479,220665,0,41479,0,0
56e6cfc2a0ae0f493cf1a98689ca2afe,512,6656,0.049301,12924,249220,0,12924,0,0
56e6cfc2a0ae0f493cf1a98689ca2afe,1024,6656,0.546043,143142,119002,0,143142,0,0
56e6cfc2a0ae0f493cf1a98689ca2afe,1536,6656,0.71027,186193,75951,0,186193,0,0
56e6cfc2a0ae0f493cf1a98689ca2afe,2048,6656,0.162369,42564,219580,0,42564,0,0
56e6cfc2a0ae0f493cf1a98689ca2afe,512,7168,0.115559,30293,231851,0,0,30293,0
56e6cfc2a0ae0f493cf1a98689ca2afe,1024,7168,0.420704,110285,151859,0,104938,5347,0
56e6cfc2a0ae0f493cf1a98689ca2afe,1536,7168,0.616093,161505,100639,0,159883,1622,0
56e6cfc2a0ae0f493cf1a98689ca2afe,2048,7168,0.39851,104467,157677,0,98228,6239,0
56e6cfc2a0ae0f493cf1a98689ca2afe,512,7680,0.057178,14989,247155,0,9884,5105,0
56e6cfc2a0ae0f493cf1a98689ca2afe,1024,7680,0.298756,78317,183827,0,77440,877,0
56e6cfc2a0ae0f493cf1a98689ca2afe,1536,7680,0.863781,226435,35709,0,226049,386,0
56e6cfc2a0ae0f493cf1a98689ca2afe,2048,7680,0.555763,145690,116454,0,141964,3726,0
56e6cfc2a0ae0f493cf1a98689ca2afe,2560,7680,0.040546,10629,251515,0,10629,0,0
56e6cfc2a0ae0f493cf1a98689ca2afe,512,8192,0.021194,5556,256588,0,5556,0,0
56e6cfc2a0ae0f493cf1a98689ca2afe,1024,8192,0.26339,69046,193098,6416,62630,0,0
56e6cfc2a0ae0f493cf1a98689ca2afe,1536,8192,0.632198,165727,96417,0,165727,0,0
56e6cfc2a0ae0f493cf1a98689ca2afe,2048,8192,0.685905,179806,82338,0,179806,0,0
56e6cfc2a0ae0f493cf1a98689ca2afe,2560,8192,0.012039,3156,258988,0,3156,0,0
56e6cfc2a0ae0f493cf1a98689ca2afe,1024,8704,0.357773,93788,168356,5905,87883,0,0
56e6cfc2a0ae0f493cf1a98689ca2afe,1536,8704,0.793713,208067,54077,0,208067,0,0
56e6cfc2a0ae0f493cf1a98689ca2afe,2048,8704,0.5616,147220,114924,0,147220,0,0
56e6cfc2a0ae0f493cf1a98689ca2afe,1024,9216,0.588295,154218,107926,0,154218,0,0
56e6cfc2a0ae0f493cf1a98689ca2afe,1536,9216,0.645802,169293,92851,0,169293,0,0
56e6cfc2a0ae0f493cf1a98689ca2afe,2048,9216,0.660709,173201,88943,0,173201,0,0
56e6cfc2a0ae0f493cf1a98689ca2afe,2560,9216,0.127525,33430,228714,0,33430,0,0
56e6cfc2a0ae0f493cf1a98689ca2afe,1024,9728,0.554253,145294,116850,0,145294,0,0
56e6cfc2a0ae0f493cf1a98689ca2afe,1536,9728,0.900009,235932,26212,0,235932,0,0
56e6cfc2a0ae0f493cf1a98689ca2afe,2048,9728,0.488876,128156,133988,0,128156,0,0
56e6cfc2a0ae0f493cf1a98689ca2afe,1024,10240,0.834236,218690,43454,0,218690,0,0
56e6cfc2a0ae0f493cf1a98689ca2afe,1536,10240,0.918518,240784,21360,0,240784,0,0
56e6cfc2a0ae0f493cf1a98689ca2afe,2048,10240,0.499386,130911,131233,0,130911,0,0
56e6cfc2a0ae0f493cf1a98689ca2afe,1024,10752,0.65921,172808,89336,0,172808,0,0
56e6cfc2a0ae0f493cf1a98689ca2afe,1536,10752,0.830688,217760,44384,0,217760,0,0
56e6cfc2a0ae0f493cf1a98689ca2afe,2048,10752,0.283356,74280,187864,0,74280,0,0
56e6cfc2a0ae0f493cf1a98689ca2afe,2560,10752,0.033756,8849,253295,0,8849,0,0
56e6cfc2a0ae0f493cf1a98689ca2afe,1024,11264,0.461071,120867,141277,0,120867,0,0
56e6cfc2a0ae0f493cf1a98689ca2afe,1536,11264,0.847523,222173,39971,0,222173,0,0
56e6cfc2a0ae0f493cf1a98689ca2afe,2048,11264,0.573223,150267,111877,0,150267,0,0
56e6cfc2a0ae0f493cf1a98689ca2afe,2560,11264,0.029621,7765,254379,0,7765,0,0
56e6cfc2a0ae0f493cf1a98689ca2afe,1024,11776,0.255993,67107,195037,0,67107,0,0
56e6cfc2a0ae0f493cf1a98689ca2afe,1536,11776,0.667873,175079,87065,0,175079,0,0
56e6cfc2a0ae0f493cf1a98689ca2afe,2048,11776,0.804237,210826,51318,0,210826,0,0
56e6cfc2a0ae0f493cf1a98689ca2afe,1024,12288,0.336376,88179,173965,0,88179,0,0
56e6cfc2a0ae0f493cf1a98689ca2afe,1536,12288,0.805157,211067,51077,0,211067,0,0
56e6cfc2a0ae0f493cf1a98689ca2afe,2048,12288,0.687538,180234,81910,0,180234,0,0
56e6cfc2a0ae0f493cf1a98689ca2afe,2560,12288,0.013199,3460,258684,0,3460,0,0
56e6cfc2a0ae0f493cf1a98689ca2afe,1536,12800,0.323582,84825,177319,0,84825,0,0
56e6cfc2a0ae0f493cf1a98689ca2afe,2048,12800,0.413013,108269,153875,0,108269,0,0
56e6cfc2a0ae0f493cf1a98689ca2afe,1024,13312,0.02985,7825,254319,0,7825,0,0
56e6cfc2a0ae0f493cf1a98689ca2afe,1536,13312,0.271893,71275,190869,0,71275,0,0
56e6cfc2a0ae0f493cf1a98689ca2afe,2048,13312,0.397198,104123,158021,0,104123,0,0
56e6cfc2a0ae0f493cf1a98689ca2afe,1024,13824,0.160759,42142,220002,0,42142,0,0
56e6cfc2a0ae0f493cf1a98689ca2afe,1536,13824,0.494297,129577,132567,0,129577,0,0
56e6cfc2a0ae0f493cf1a98689ca2afe,2048,13824,0.585934,153599,108545,0,153599,0,0
56e6cfc2a0ae0f493cf1a98689ca2afe,1024,14336,0.407654,106864,155280,0,106864,0,0
56e6cfc2a0ae0f493cf1a98689ca2afe,1536,14336,0.982796,257634,4510,0,257634,0,0
56e6cfc2a0ae0f493cf1a98689ca2afe,2048,14336,0.488148,127965,134179,0,127965,0,0
56e6cfc2a0ae0f493cf1a98689ca2afe,1024,14848,0.258232,67694,194450,0,67694,0,0
56e6cfc2a0ae0f493cf1a98689ca2afe,1536,14848,0.956898,250845,11299,0,250845,0,0
56e6cfc2a0ae0f493cf1a98689ca2afe,2048,14848,0.661896,173512,88632,0,151356,22156,0
56e6cfc2a0ae0f493cf1a98689ca2afe,512,15360,0.014175,3716,258428,0,3716,0,0
56e6cfc2a0ae0f493cf1a98689ca2afe,1024,15360,0.059746,15662,246482,0,15662,0,0
56e6cfc2a0ae0f493cf1a98689ca2afe,1536,15360,0.802582,210392,51752,0,210392,0,0
56e6cfc2a0ae0f493cf1a98689ca2afe,2048,15360,0.463055,121387,140757,0,112402,8985,0
56e6cfc2a0ae0f493cf1a98689ca2afe,512,15872,0.243874,63930,198214,0,63930,0,0
56e6cfc2a0ae0f493cf1a98689ca2afe,1024,15872,0.344383,90278,171866,0,90278,0,0
56e6cfc2a0ae0f493cf1a98689ca2afe,1536,15872,0.655972,171959,90185,0,171959,0,0
56e6cfc2a0ae0f493cf1a98689ca2afe,2048,15872,0.311424,81638,180506,0,81638,0,0
56e6cfc2a0ae0f493cf1a98689ca2afe,512,16384,0.103584,27154,234990,0,27154,0,0
56e6cfc2a0ae0f493cf1a98689ca2afe,1024,16384,0.562252,147391,114753,0,147391,0,0
56e6cfc2a0ae0f493cf1a98689ca2afe,1536,16384,0.382801,100349,161795,0,100349,0,0
56e6cfc2a0ae0f493cf1a98689ca2afe,2048,16384,0.274509,71961,190183,0,71961,0,0
56e6cfc2a0ae0f493cf1a98689ca2afe,1024,16896,0.038528,10100,252044,0,10100,0,0
56e6cfc2a0ae0f493cf1a98689ca2afe,1536,16896,0.101093,26501,235643,0,26501,0,0
586eb142ad433841c18b748e580ab771,2048,0,0.012051,3159,258985,0,814,2345,0
586eb142ad433841c18b748e580ab771,1536,512,0.460979,120843,141301,0,0,120843,0
586eb142ad433841c18b748e580ab771,2048,512,0.167896,44013,218131,0,213,43800,0
586eb142ad433841c18b748e580ab771,1024,1024,0.117874,30900,231244,0,0,30900,0
586eb142ad433841c18b748e580ab771,1536,1024,0.957176,250918,11226,0,0,250918,0
586eb142ad433841c18b748e580ab771,2048,1024,0.42894,112444,149700,0,0,112444,0
586eb142ad433841c18b748e580ab771,1024,1536,0.189289,49621,212523,0,0,49621,0
586eb142ad433841c18b748e580ab771,1536,1536,0.815765,213848,48296,0,27837,186011,0
586eb142ad433841c18b748e580ab771,2048,1536,0.3592,94162,167982,0,6818,87344,0
586eb142ad433841c18b748e580ab771,1024,2048,0.114933,30129,232015,0,3160,26969,0
586eb142ad433841c18b748e580ab771,1536,2048,0.551193,144492,117652,0,94311,50181,0
586eb142ad433841c18b748e580ab771,2048,2048,0.262497,68812,193332,0,35859,32953,0
586eb142ad433841c18b748e580ab771,1024,2560,0.23951,62786,199358,0,0,50429,12357
586eb142ad433841c18b748e580ab771,1536,2560,0.515476,135129,127015,35433,12685,85196,1815
586eb142ad433841c18b748e580ab771,2048,2560,0.399967,104849,157295,0,0,104849,0
586eb142ad433841c18b748e580ab771,1024,3072,0.495342,129851,132293,0,0,129851,0
586eb142ad433841c18b748e580ab771,1536,3072,0.920979,241429,20715,8089,0,233340,0
586eb142ad433841c18b748e580ab771,2048,3072,0.433968,113762,148382,0,0,113762,0
586eb142ad433841c18b748e580ab771,1024,3584,0.406895,106665,155479,0,0,106665,0
586eb142ad433841c18b748e580ab771,1536,3584,0.805248,211091,51053,0,0,211091,0
586eb142ad433841c18b748e580ab771,2048,3584,0.232414,60926,201218,0,0,60926,0
586eb142ad433841c18b748e580ab771,1024,4096,0.51181,134168,127976,6441,0,127727,0
586eb142ad433841c18b748e580ab771,1536,4096,0.829498,217448,44696,0,0,217448,0
586eb142ad433841c18b748e580ab771,2048,4096,0.04277,11212,250932,0,0,11212,0
586eb142ad433841c18b748e580ab771,1024,4608,0.222332,58283,203861,0,0,58283,0
586eb142ad433841c18b748e580ab771,1536,4608,0.325195,85248,176896,0,0,85248,0
586eb142ad433841c18b748e580ab771,1024,5120,0.3993,104674,157470,0,0,104674,0
586eb142ad433841c18b748e580ab771,1536,5120,0.568638,149065,113079,0,0,134853,14212
586eb142ad433841c18b748e580ab771,1024,5632,0.328266,86053,176091,6823,0,79230,0
586eb142ad433841c18b748e580ab771,1536,5632,0.398228,104393,157751,16753,0,87640,0
586eb142ad433841c18b748e580ab771,1024,6144,0.125702,32952,229192,0,14924,18028,0
586eb142ad433841c18b748e580ab771,1536,6144,0.012062,3162,258982,3021,141,0,0
586eb142ad433841c18b748e580ab771,512,7168,0.038414,10070,252074,10070,0,0,0
586eb142ad433841c18b748e580ab771,1024,7680,0.03656,9584,252560,0,3456,6128,0
58c9ebcb84cf500f25352367f27fba56,12288,512,0.05373,14085,248059,0,0,14085,0
58c9ebcb84cf500f25352367f27fba56,12800,512,0.130386,34180,227964,0,55,34125,0
58c9ebcb84cf500f25352367f27fba56,13312,512,0.096249,25231,236913,0,25231,0,0
58c9ebcb84cf500f25352367f27fba56,13824,512,0.025185,6602,255542,0,6602,0,0
58c9ebcb84cf500f25352367f27fba56,6656,1024,0.173706,45536,216608,45536,0,0,0
58c9ebcb84cf500f25352367f27fba56,9216,1024,0.151825,39800,222344,39800,0,0,0
58c9ebcb84cf500f25352367f27fba56,11776,1024,0.071426,18724,243420,0,0,18724,0
58c9ebcb84cf500f25352367f27fba56,12288,1024,0.292946,76794,185350,0,26225,50569,0
58c9ebcb84cf500f25352367f27fba56,12800,1024,0.433289,113584,148560,0,93406,20178,0
58c9ebcb84cf500f25352367f27fba56,13312,1024,0.637417,167095,95049,0,103483,63612,0
58c9ebcb84cf500f25352367f27fba56,13824,1024,0.4067,106614,155530,0,75238,31376,0
58c9ebcb84cf500f25352367f27fba56,14336,1024,0.025864,6780,255364,0,6780,0,0
58c9ebcb84cf500f25352367f27fba56,14848,1024,0.039726,10414,251730,10414,0,0,0
58c9ebcb84cf500f25352367f27fba56,15360,1024,0.010303,2701,259443,2701,0,0,0
58c9ebcb84cf500f25352367f27fba56,6656,1536,0.05127,13440,248704,13440,0,0,0
58c9ebcb84cf500f25352367f27fba56,11776,1536,0.238194,62441,199703,0,7563,54878,0
58c9ebcb84cf500f25352367f27fba56,12288,1536,0.38662,101350,160794,0,63494,37856,0
58c9ebcb84cf500f25352367f27fba56,12800,1536,0.349045,91500,170644,0,34903,56597,0
58c9ebcb84cf500f25352367f27fba56,13312,1536,0.456532,119677,142467,0,44451,75226,0
58c9ebcb84cf500f25352367f27fba56,13824,1536,0.268902,70491,191653,0,55273,15218,0
58c9ebcb84cf500f25352367f27fba56,14336,1536,0.388683,101891,160253,7722,94169,0,0
58c9ebcb84cf500f25352367f27fba56,14848,1536,0.546478,143256,118888,9964,107145,26147,0
58c9ebcb84cf500f25352367f27fba56,15360,1536,0.218449,57265,204879,8309,39487,9469,0
58c9ebcb84cf500f25352367f27fba56,15872,1536,0.299507,78514,183630,20827,39471,18216,0
58c9ebcb84cf500f25352367f27fba56,16384,1536,0.174309,45694,216450,37854,0,7840,0
58c9ebcb84cf500f25352367f27fba56,16896,1536,0.136826,35868,226276,0,0,35868,0
58c9ebcb84cf500f25352367f27fba56,17408,1536,0.040375,10584,251560,0,0,10584,0
58c9ebcb84cf500f25352367f27fba56,23552,1536,0.053059,13909,248235,0,0,13909,0
58c9ebcb84cf500f25352367f27fba56,24064,1536,0.337963,88595,173549,0,0,88595,0
58c9ebcb84cf500f25352367f27fba56,24576,1536,0.51548,135130,127014,0,0,135130,0
58c9ebcb84cf500f25352367f27fba56,25088,1536,0.221889,58167,203977,0,0,58167,0
58c9ebcb84cf500f25352367f27fba56,3584,2048,0.043179,11319,250825,11319,0,0,0
58c9ebcb84cf500f25352367f27fba56,4096,2048,0.099537,26093,236051,26093,0,0,0
58c9ebcb84cf500f25352367f27fba56,4608,2048,0.291573,76434,185710,76434,0,0,0
58c9ebcb84cf500f25352367f27fba56,13312,2048,0.020832,5461,256683,0,5461,0,0
58c9ebcb84cf500f25352367f27fba56,13824,2048,0.455231,119336,142808,0,101051,18285,0
58c9ebcb84cf500f25352367f27fba56,14336,2048,0.506916,132885,129259,16238,30359,86288,0
58c9ebcb84cf500f25352367f27fba56,14848,2048,0.751873,197099,65045,0,38982,158117,0
58c9ebcb84cf500f25352367f27fba56,15360,2048,0.820766,215159,46985,0,178813,36346,0
58c9ebcb84cf500f25352367f27fba56,15872,2048,0.743931,195017,67127,0,163350,31667,0
58c9ebcb84cf500f25352367f27fba56,16384,2048,0.574825,150687,111457,0,0,150687,0
58c9ebcb84cf500f25352367f27fba56,16896,2048,0.538631,141199,120945,0,0,141199,0
58c9ebcb84cf500f25352367f27fba56,17408,2048,0.14777,38737,223407,0,6791,31946,0
58c9ebcb84cf500f25352367f27fba56,17920,2048,0.091537,23996,238148,0,9785,14211,0
58c9ebcb84cf500f25352367f27fba56,18944,2048,0.169861,44528,217616,0,4010,40518,0
58c9ebcb84cf500f25352367f27fba56,19456,2048,0.036636,9604,252540,0,9604,0,0
58c9ebcb84cf500f25352367f27fba56,20480,2048,0.033512,8785,253359,0,3308,5477,0
58c9ebcb84cf500f25352367f27fba56,20992,2048,0.2201,57698,204446,0,0,57698,0
58c9ebcb84cf500f25352367f27fba56,21504,2048,0.389442,102090,160054,0,0,102090,0
58c9ebcb84cf500f25352367f27fba56,22016,2048,0.575348,150824,111320,0,0,150824,0
58c9ebcb84cf500f25352367f27fba56,22528,2048,0.267506,70125,192019,0,0,70125,0
58c9ebcb84cf500f25352367f27fba56,23040,2048,0.198681,52083,210061,0,0,52083,0
58c9ebcb84cf500f25352367f27fba56,23552,2048,0.969223,254076,8068,0,0,254076,0
58c9ebcb84cf500f25352367f27fba56,24064,2048,1.0,262144,0,0,0,262144,0
58c9ebcb84cf500f25352367f27fba56,24576,2048,0.936356,245460,16684,0,0,245460,0
58c9ebcb84cf500f25352367f27fba56,25088,2048,0.717953,188207,73937,0,0,188207,0
58c9ebcb84cf500f25352367f27fba56,25600,2048,0.241089,63200,198944,0,0,63200,0
58c9ebcb84cf500f25352367f27fba56,14336,2560,0.012489,3274,258870,0,1280,1994,0
58c9ebcb84cf500f25352367f27fba56,14848,2560,0.141357,37056,225088,0,10803,26253,0
58c9ebcb84cf500f25352367f27fba56,15360,2560,0.622334,163141,99003,0,69507,93634,0
58c9ebcb84cf500f25352367f27fba56,15872,2560,0.407146,106731,155413,0,106731,0,0
58c9ebcb84cf500f25352367f27fba56,16384,2560,0.02422,6349,255795,0,0,6349,0
58c9ebcb84cf500f25352367f27fba56,16896,2560,0.117958,30922,231222,0,3052,27870,0
58c9ebcb84cf500f25352367f27fba56,17408,2560,0.183292,48049,214095,0,25831,22218,0
58c9ebcb84cf500f25352367f27fba56,17920,2560,0.160496,42073,220071,0,16524,25549,0
58c9ebcb84cf500f25352367f27fba56,18432,2560,0.03968,10402,251742,0,10402,0,0
58c9ebcb84cf500f25352367f27fba56,18944,2560,0.660492,173144,89000,0,79441,93703,0
58c9ebcb84cf500f25352367f27fba56,19456,2560,0.781078,204755,57389,0,8,204747,0
58c9ebcb84cf500f25352367f27fba56,19968,2560,0.644085,168843,93301,0,39627,129216,0
58c9ebcb84cf500f25352367f27fba56,20480,2560,0.321117,84179,177965,0,70109,14070,0
58c9ebcb84cf500f25352367f27fba56,20992,2560,0.809868,212302,49842,0,0,212302,0
58c9ebcb84cf500f25352367f27fba56,21504,2560,0.777821,203901,58243,0,0,203901,0
58c9ebcb84cf500f25352367f27fba56,22016,2560,0.993103,260336,1808,0,0,260336,0
58c9ebcb84cf500f25352367f27fba56,22528,2560,0.958389,251236,10908,0,0,251236,0
58c9ebcb84cf500f25352367f27fba56,23040,2560,0.855679,224311,37833,0,0,224311,0
58c9ebcb84cf500f25352367f27fba56,23552,2560,0.999004,261883,261,0,0,261883,0
58c9ebcb84cf500f25352367f27fba56,24064,2560,1.0,262144,0,0,0,262144,0
58c9ebcb84cf500f25352367f27fba56,24576,2560,0.242603,63597,198547,0,0,63597,0
58c9ebcb84cf500f25352367f27fba56,25088,2560,0.592365,155285,106859,0,0,155285,0
58c9ebcb84cf500f25352367f27fba56,25600,2560,0.383999,100663,161481,0,0,100663,0
58c9ebcb84cf500f25352367f27fba56,16896,3072,0.14946,39180,222964,0,108,39072,0
58c9ebcb84cf500f25352367f27fba56,17408,3072,0.223019,58463,203681,0,940,57523,0
58c9ebcb84cf500f25352367f27fba56,17920,3072,0.651386,170757,91387,0,22675,148082,0
58c9ebcb84cf500f25352367f27fba56,18432,3072,0.744125,195068,67076,0,0,195068,0
58c9ebcb84cf500f25352367f27fba56,18944,3072,0.886887,232492,29652,0,0,232492,0
58c9ebcb84cf500f25352367f27fba56,19456,3072,0.854755,224069,38075,0,0,224069,0
58c9ebcb84cf500f25352367f27fba56,19968,3072,0.569523,149297,112847,0,0,149297,0
58c9ebcb84cf500f25352367f27fba56,20480,3072,0.067879,17794,244350,0,12845,4949,0
58c9ebcb84cf500f25352367f27fba56,20992,3072,0.684284,179381,82763,0,0,179381,0
58c9ebcb84cf500f25352367f27fba56,21504,3072,1.0,262144,0,0,0,262144,0
58c9ebcb84cf500f25352367f27fba56,22016,3072,0.805557,211172,50972,0,0,211172,0
58c9ebcb84cf500f25352367f27fba56,22528,3072,0.695923,182432,79712,0,0,182432,0
58c9ebcb84cf500f25352367f27fba56,23040,3072,0.612534,160572,101572,0,0,160572,0
58c9ebcb84cf500f25352367f27fba56,23552,3072,0.362896,95131,167013,0,0,95131,0
58c9ebcb84cf500f25352367f27fba56,24064,3072,0.318211,83417,178727,0,0,83417,0
58c9ebcb84cf500f25352367f27fba56,24576,3072,0.021076,5525,256619,0,0,5525,0
58c9ebcb84cf500f25352367f27fba56,25088,3072,0.022274,5839,256305,0,0,5839,0
58c9ebcb84cf500f25352367f27fba56,512,3584,0.074059,19414,242730,19414,0,0,0
58c9ebcb84cf500f25352367f27fba56,1024,3584,0.129864,34043,228101,34043,0,0,0
58c9ebcb84cf500f25352367f27fba56,1536,3584,0.230476,60418,201726,60418,0,0,0
58c9ebcb84cf500f25352367f27fba56,17408,3584,0.037624,9863,252281,0,0,9863,0
58c9ebcb84cf500f25352367f27fba56,17920,3584,0.306419,80326,181818,0,0,80326,0
58c9ebcb84cf500f25352367f27fba56,18432,3584,0.444103,116419,145725,0,0,116419,0
58c9ebcb84cf500f25352367f27fba56,18944,3584,0.628632,164792,97352,0,0,164792,0
58c9ebcb84cf500f25352367f27fba56,19456,3584,0.682346,178873,83271,0,0,178873,0
58c9ebcb84cf500f25352367f27fba56,19968,3584,0.255581,66999,195145,0,0,66999,0
58c9ebcb84cf500f25352367f27fba56,20480,3584,0.046497,12189,249955,0,12189,0,0
58c9ebcb84cf500f25352367f27fba56,20992,3584,0.232761,61017,201127,0,16338,44679,0
58c9ebcb84cf500f25352367f27fba56,21504,3584,0.601265,157618,104526,0,11277,146341,0
58c9ebcb84cf500f25352367f27fba56,22016,3584,0.262897,68917,193227,0,0,68917,0
58c9ebcb84cf500f25352367f27fba56,22528,3584,0.093601,24537,237607,0,0,24537,0
58c9ebcb84cf500f25352367f27fba56,23040,3584,0.136963,35904,226240,0,0,35904,0
58c9ebcb84cf500f25352367f27fba56,23552,3584,0.013119,3439,258705,0,0,3439,0
58c9ebcb84cf500f25352367f27fba56,512,4096,0.02499,6551,255593,6551,0,0,0
58c9ebcb84cf500f25352367f27fba56,1024,4096,0.039352,10316,251828,10316,0,0,0
58d439e1cf180a952bd059b6be710665,3072,512,0.015141,3969,258175,0,3969,0,0
58d439e1cf180a952bd059b6be710665,3584,512,0.071686,18792,243352,0,18792,0,0
58d439e1cf180a952bd059b6be710665,3072,1024,0.116325,30494,231650,0,30494,0,0
58d439e1cf180a952bd059b6be710665,3584,1024,0.035343,9265,252879,0,9265,0,0
58d439e1cf180a952bd059b6be710665,1024,6656,0.059574,15617,246527,0,15617,0,0
58d439e1cf180a952bd059b6be710665,1536,6656,0.010357,2715,259429,0,2715,0,0
58d439e1cf180a952bd059b6be710665,1536,7168,0.035164,9218,252926,0,9218,0,0
58d439e1cf180a952bd059b6be710665,1536,7680,0.083321,21842,240302,0,21842,0,0
58d439e1cf180a952bd059b6be710665,1024,8704,0.064285,16852,245292,0,13639,3213,0
58d439e1cf180a952bd059b6be710665,1536,8704,0.203091,53239,208905,0,52968,271,0
58d439e1cf180a952bd059b6be710665,1024,9216,0.100124,26247,235897,0,24957,1290,0
58d439e1cf180a952bd059b6be710665,1536,9216,0.23381,61292,200852,0,58783,2509,0
58d439e1cf180a952bd059b6be710665,1024,9728,0.318417,83471,178673,0,10478,72993,0
58d439e1cf180a952bd059b6be710665,1536,9728,0.530025,138943,123201,0,0,138943,0
58d439e1cf180a952bd059b6be710665,512,10240,0.037563,9847,252297,0,0,9847,0
58d439e1cf180a952bd059b6be710665,1024,10240,0.425568,111560,150584,0,0,111560,0
58d439e1cf180a952bd059b6be710665,1536,10240,0.592525,155327,106817,0,0,155327,0
58d439e1cf180a952bd059b6be710665,2048,10240,0.114368,29981,232163,0,0,29981,0
58d439e1cf180a952bd059b6be710665,1024,10752,0.554359,145322,116822,0,1450,143872,0
58d439e1cf180a952bd059b6be710665,1536,10752,0.328117,86014,176130,0,32201,53813,0
58d439e1cf180a952bd059b6be710665,2048,10752,0.19696,51632,210512,0,0,51632,0
58d439e1cf180a952bd059b6be710665,1536,11264,0.203678,53393,208751,0,25116,28277,0
58d439e1cf180a952bd059b6be710665,2048,11264,0.291462,76405,185739,0,0,76405,0
58d439e1cf180a952bd059b6be710665,1536,11776,0.276989,72611,189533,0,0,72611,0
58d439e1cf180a952bd059b6be710665,2048,11776,0.218182,57195,204949,0,0,57195,0
58d439e1cf180a952bd059b6be710665,1536,12288,0.132313,34685,227459,0,25658,9027,0
58d439e1cf180a952bd059b6be710665,1536,13312,0.148243,38861,223283,0,14644,24217,0
58d439e1cf180a952bd059b6be710665,2048,13312,0.299606,78540,183604,0,0,78540,0
58d439e1cf180a952bd059b6be710665,1536,13824,0.314358,82407,179737,0,82407,0,0
58d439e1cf180a952bd059b6be710665,2048,13824,0.552868,144931,117213,11486,104389,29056,0
58d439e1cf180a952bd059b6be710665,2560,13824,0.03867,10137,252007,2792,6946,399,0
58d439e1cf180a952bd059b6be710665,1536,14336,0.367905,96444,165700,54121,24147,18176,0
58d439e1cf180a952bd059b6be710665,2048,14336,0.708378,185697,76447,142935,19217,23545,0
58d439e1cf180a952bd059b6be710665,2560,14336,0.052147,13670,248474,12818,0,852,0
58d439e1cf180a952bd059b6be710665,4096,14336,0.105511,27659,234485,0,0,27659,0
58d439e1cf180a952bd059b6be710665,4608,14336,0.398064,104350,157794,0,0,104350,0
58d439e1cf180a952bd059b6be710665,5120,14336,0.035389,9277,252867,0,0,9277,0
58d439e1cf180a952bd059b6be710665,1536,14848,0.136726,35842,226302,0,0,35842,0
58d439e1cf180a952bd059b6be710665,2048,14848,0.442375,115966,146178,0,5152,110814,0
58d439e1cf180a952bd059b6be710665,2560,14848,0.152058,39861,222283,0,3189,36672,0
58d439e1cf180a952bd059b6be710665,3072,14848,0.233593,61235,200909,0,20129,41106,0
58d439e1cf180a952bd059b6be710665,3584,14848,0.170883,44796,217348,0,0,44796,0
58d439e1cf180a952bd059b6be710665,4096,14848,0.137844,36135,226009,0,0,36135,0
58d439e1cf180a952bd059b6be710665,4608,14848,0.387463,101571,160573,0,0,101571,0
58d439e1cf180a952bd059b6be710665,5120,14848,0.02203,5775,256369,0,0,5775,0
58d439e1cf180a952bd059b6be710665,2048,15360,0.103191,27051,235093,0,12078,14973,0
58d439e1cf180a952bd059b6be710665,2560,15360,0.349579,91640,170504,0,0,91640,0
58d439e1cf180a952bd059b6be710665,3072,15360,0.078976,20703,241441,0,0,20703,0
591da133fabcfdfa629d09729d356cda,1024,2048,0.194241,50919,211225,0,50919,0,0
591da133fabcfdfa629d09729d356cda,1536,2048,0.852692,223528,38616,0,223528,0,0
591da133fabcfdfa629d09729d356cda,2048,2048,0.064419,16887,245257,0,16887,0,0
591da133fabcfdfa629d09729d356cda,1024,2560,0.139763,36638,225506,0,36638,0,0
591da133fabcfdfa629d09729d356cda,1536,2560,0.796738,208860,53284,0,208860,0,0
591da133fabcfdfa629d09729d356cda,2048,2560,0.379021,99358,162786,0,99358,0,0
591da133fabcfdfa629d09729d356cda,1536,3072,0.271744,71236,190908,0,71236,0,0
591da133fabcfdfa629d09729d356cda,2048,3072,0.697109,182743,79401,0,182743,0,0
591da133fabcfdfa629d09729d356cda,1536,3584,0.259071,67914,194230,0,67914,0,0
591da133fabcfdfa629d09729d356cda,2048,3584,0.261047,68432,193712,0,68432,0,0
591da133fabcfdfa629d09729d356cda,2560,3584,0.012272,3217,258927,0,3217,0,0
591da133fabcfdfa629d09729d356cda,2048,4096,0.325153,85237,176907,0,85237,0,0
591da133fabcfdfa629d09729d356cda,2560,4096,0.312492,81918,180226,0,81918,0,0
591da133fabcfdfa629d09729d356cda,2048,4608,0.139359,36532,225612,0,36532,0,0
591da133fabcfdfa629d09729d356cda,2560,4608,0.287861,75461,186683,493,74968,0,0
591da133fabcfdfa629d09729d356cda,3072,4608,0.080627,21136,241008,21136,0,0,0
591da133fabcfdfa629d09729d356cda,2560,5120,0.011936,3129,259015,3129,0,0,0
591da133fabcfdfa629d09729d356cda,3072,5120,0.14867,38973,223171,19270,19703,0,0
591da133fabcfdfa629d09729d356cda,4096,5120,0.031227,8186,253958,0,8186,0,0
591da133fabcfdfa629d09729d356cda,3072,5632,0.102047,26751,235393,0,26751,0,0
591da133fabcfdfa629d09729d356cda,3584,5632,0.362648,95066,167078,0,95066,0,0
591da133fabcfdfa629d09729d356cda,4096,5632,0.49395,129486,132658,0,129486,0,0
591da133fabcfdfa629d09729d356cda,4608,5632,0.394398,103389,158755,0,103389,0,0
591da133fabcfdfa629d09729d356cda,5120,5632,0.02351,6163,255981,0,6163,0,0
591da133fabcfdfa629d09729d356cda,4096,6144,0.488056,127941,134203,0,127941,0,0
591da133fabcfdfa629d09729d356cda,4608,6144,0.58234,152657,109487,0,152657,0,0
591da133fabcfdfa629d09729d356cda,5120,6144,0.345661,90613,171531,0,90613,0,0
591da133fabcfdfa629d09729d356cda,4096,6656,0.067711,17750,244394,0,17750,0,0
591da133fabcfdfa629d09729d356cda,4608,6656,0.338783,88810,173334,0,88810,0,0
591da133fabcfdfa629d09729d356cda,5120,6656,0.552258,144771,117373,0,144771,0,0
591da133fabcfdfa629d09729d356cda,5632,6656,0.164566,43140,219004,0,43140,0,0
591da133fabcfdfa629d09729d356cda,4608,7168,0.159294,41758,220386,0,41758,0,0
591da133fabcfdfa629d09729d356cda,5120,7168,0.409122,107249,154895,0,107249,0,0
591da133fabcfdfa629d09729d356cda,5632,7168,0.350883,91982,170162,0,91982,0,0
591da133fabcfdfa629d09729d356cda,4608,7680,0.04541,11904,250240,0,11904,0,0
591da133fabcfdfa629d09729d356cda,5120,7680,0.344612,90338,171806,0,90214,124,0
591da133fabcfdfa629d09729d356cda,5632,7680,0.183533,48112,214032,0,48112,0,0
591da133fabcfdfa629d09729d356cda,5120,8192,0.198643,52073,210071,0,21592,30481,0
591da133fabcfdfa629d09729d356cda,5632,8192,0.202236,53015,209129,0,33158,19857,0
591da133fabcfdfa629d09729d356cda,6144,8192,0.117737,30864,231280,0,17014,13850,0
591da133fabcfdfa629d09729d356cda,5632,8704,0.064911,17016,245128,0,3055,13961,0
591da133fabcfdfa629d09729d356cda,6144,8704,0.251644,65967,196177,0,61454,4513,0
591da133fabcfdfa629d09729d356cda,5632,9216,0.178333,46749,215395,0,7430,39319,0
591da133fabcfdfa629d09729d356cda,6144,9216,0.449783,117908,144236,0,77961,39947,0
591da133fabcfdfa629d09729d356cda,5120,9728,0.06176,16190,245954,0,16190,0,0
591da133fabcfdfa629d09729d356cda,5632,9728,0.57655,151139,111005,0,118168,32971,0
591da133fabcfdfa629d09729d356cda,6144,9728,0.203915,53455,208689,0,30547,22908,0
591da133fabcfdfa629d09729d356cda,5632,10752,0.05378,14098,248046,0,14098,0,0
591da133fabcfdfa629d09729d356cda,6656,11264,0.186859,48984,213160,0,37139,11845,0
591da133fabcfdfa629d09729d356cda,7168,11264,0.292583,76699,185445,0,71938,4761,0
591da133fabcfdfa629d09729d356cda,6144,11776,0.031719,8315,253829,0,8315,0,0
591da133fabcfdfa629d09729d356cda,6656,11776,0.38549,101054,161090,0,98510,2544,0
591da133fabcfdfa629d09729d356cda,7168,11776,0.089096,23356,238788,0,2775,20581,0
591da133fabcfdfa629d09729d356cda,6144,12288,0.020603,5401,256743,0,5401,0,0
591da133fabcfdfa629d09729d356cda,6656,12288,0.408752,107152,154992,0,74084,33068,0
591da133fabcfdfa629d09729d356cda,7168,12288,0.010143,2659,259485,0,2659,0,0
591da133fabcfdfa629d09729d356cda,6656,12800,0.419518,109974,152170,0,109705,269,0
591da133fabcfdfa629d09729d356cda,7168,12800,0.076214,19979,242165,0,19979,0,0
591da133fabcfdfa629d09729d356cda,6144,13312,0.047062,12337,249807,0,0,12337,0
591da133fabcfdfa629d09729d356cda,6656,13312,0.437115,114587,147557,0,86563,28024,0
591da133fabcfdfa629d09729d356cda,7168,13312,0.061207,16045,246099,0,16045,0,0
591da133fabcfdfa629d09729d356cda,5632,13824,0.01004,2632,259512,0,2632,0,0
591da133fabcfdfa629d09729d356cda,6144,13824,0.029499,7733,254411,0,2120,5613,0
591da133fabcfdfa629d09729d356cda,5632,14336,0.110413,28944,233200,0,28944,0,0
591da133fabcfdfa629d09729d356cda,6144,14336,0.10997,28828,233316,0,28828,0,0
591da133fabcfdfa629d09729d356cda,5632,14848,0.014008,3672,258472,0,3672,0,0
591da133fabcfdfa629d09729d356cda,6144,14848,0.280052,73414,188730,0,73414,0,0
591da133fabcfdfa629d09729d356cda,6144,15360,0.295105,77360,184784,0,77360,0,0
591da133fabcfdfa629d09729d356cda,5632,15872,0.172974,45344,216800,0,45344,0,0
591da133fabcfdfa629d09729d356cda,6144,15872,0.238552,62535,199609,0,62535,0,0
591da133fabcfdfa629d09729d356cda,6144,16384,0.051682,13548,248596,0,13548,0,0
591da133fabcfdfa629d09729d356cda,6144,17408,0.34594,90686,171458,0,90686,0,0
591da133fabcfdfa629d09729d356cda,6656,17408,0.21236,55669,206475,0,55669,0,0
591da133fabcfdfa629d09729d356cda,6144,17920,0.457619,119962,142182,0,119962,0,0
591da133fabcfdfa629d09729d356cda,6656,17920,0.01569,4113,258031,0,4113,0,0
599648926096c44487968b630f9b4fb9,1536,0,0.02903,7610,254534,0,7610,0,0
599648926096c44487968b630f9b4fb9,2048,0,0.164768,43193,218951,0,43193,0,0
599648926096c44487968b630f9b4fb9,1536,512,0.014183,3718,258426,0,3718,0,0
599648926096c44487968b630f9b4fb9,2048,512,0.221779,58138,204006,0,58138,0,0
599648926096c44487968b630f9b4fb9,1536,1024,0.06974,18282,243862,0,18282,0,0
599648926096c44487968b630f9b4fb9,2048,1024,0.76421,200333,61811,0,200333,0,0
599648926096c44487968b630f9b4fb9,2560,1024,0.388363,101807,160337,0,101807,0,0
599648926096c44487968b630f9b4fb9,1536,1536,0.159481,41807,220337,0,41807,0,0
599648926096c44487968b630f9b4fb9,2048,1536,0.330624,86671,175473,0,86671,0,0
599648926096c44487968b630f9b4fb9,2560,1536,0.379875,99582,162562,0,99582,0,0
599648926096c44487968b630f9b4fb9,1536,2048,0.127541,33434,228710,0,33434,0,0
599648926096c44487968b630f9b4fb9,2048,2048,0.674191,176735,85409,0,176735,0,0
599648926096c44487968b630f9b4fb9,2560,2048,0.380024,99621,162523,0,99621,0,0
599648926096c44487968b630f9b4fb9,1536,2560,0.130161,34121,228023,0,2054,32067,0
599648926096c44487968b630f9b4fb9,2048,2560,0.726627,190481,71663,0,89247,101234,0
599648926096c44487968b630f9b4fb9,2560,2560,0.581764,152506,109638,0,152506,0,0
599648926096c44487968b630f9b4fb9,3072,2560,0.026707,7001,255143,0,7001,0,0
599648926096c44487968b630f9b4fb9,1536,3072,0.033588,8805,253339,0,0,8805,0
599648926096c44487968b630f9b4fb9,2048,3072,0.375931,98548,163596,0,67218,31330,0
599648926096c44487968b630f9b4fb9,2560,3072,0.50351,131992,130152,0,131992,0,0
599648926096c44487968b630f9b4fb9,3072,3072,0.150562,39469,222675,0,39469,0,0
599648926096c44487968b630f9b4fb9,2048,3584,0.213715,56024,206120,0,56024,0,0
599648926096c44487968b630f9b4fb9,2560,3584,0.543728,142535,119609,0,142535,0,0
599648926096c44487968b630f9b4fb9,3072,3584,0.255356,66940,195204,0,66940,0,0
599648926096c44487968b630f9b4fb9,2048,4096,0.312714,81976,180168,0,74094,7882,0
599648926096c44487968b630f9b4fb9,2560,4096,0.593636,155618,106526,0,151848,3770,0
599648926096c44487968b630f9b4fb9,3072,4096,0.112808,29572,232572,0,29572,0,0
599648926096c44487968b630f9b4fb9,2048,4608,0.376083,98588,163556,0,98588,0,0
599648926096c44487968b630f9b4fb9,2560,4608,0.353504,92669,169475,0,92647,22,0
599648926096c44487968b630f9b4fb9,3072,4608,0.137627,36078,226066,0,36078,0,0
599648926096c44487968b630f9b4fb9,2048,5120,0.067291,17640,244504,0,840,16800,0
599648926096c44487968b630f9b4fb9,2560,5120,0.336403,88186,173958,0,63842,24344,0
599648926096c44487968b630f9b4fb9,2048,5632,0.070904,18587,243557,0,18587,0,0
599648926096c44487968b630f9b4fb9,2560,5632,0.221069,57952,204192,0,57952,0,0
599648926096c44487968b630f9b4fb9,3072,6144,0.080273,21043,241101,0,21043,0,0
599648926096c44487968b630f9b4fb9,2560,6656,0.043686,11452,250692,0,9386,2066,0
599648926096c44487968b630f9b4fb9,2560,7168,0.09584,25124,237020,0,3,25121,0
599648926096c44487968b630f9b4fb9,3072,7168,0.102291,26815,235329,0,15582,11233,0
599648926096c44487968b630f9b4fb9,2560,7680,0.086021,22550,239594,0,7607,14943,0
599648926096c44487968b630f9b4fb9,3072,7680,0.168713,44227,217917,0,44227,0,0
599648926096c44487968b630f9b4fb9,2560,8192,0.0975,25559,236585,0,25559,0,0
599648926096c44487968b630f9b4fb9,3072,8192,0.057369,15039,247105,0,15039,0,0
599648926096c44487968b630f9b4fb9,2560,8704,0.140553,36845,225299,0,36845,0,0
599648926096c44487968b630f9b4fb9,3072,8704,0.244152,64003,198141,0,64003,0,0
599648926096c44487968b630f9b4fb9,3584,8704,0.070442,18466,243678,0,18466,0,0
599648926096c44487968b630f9b4fb9,2560,9216,0.150581,39474,222670,0,39474,0,0
599648926096c44487968b630f9b4fb9,3072,9216,0.319965,83877,178267,0,83877,0,0
599648926096c44487968b630f9b4fb9,3584,9216,0.237827,62345,199799,0,62345,0,0
599648926096c44487968b630f9b4fb9,3072,10752,0.014473,3794,258350,3794,0,0,0
599648926096c44487968b630f9b4fb9,3584,10752,0.073879,19367,242777,19367,0,0,0
599648926096c44487968b630f9b4fb9,4096,10752,0.054714,14343,247801,14343,0,0,0
599648926096c44487968b630f9b4fb9,2560,11264,0.014027,3677,258467,3677,0,0,0
599648926096c44487968b630f9b4fb9,3072,11264,0.292782,76751,185393,76751,0,0,0
599648926096c44487968b630f9b4fb9,3584,11264,0.457752,119997,142147,119997,0,0,0
599648926096c44487968b630f9b4fb9,4096,11264,0.275135,72125,190019,72125,0,0,0
599648926096c44487968b630f9b4fb9,3072,11776,0.616856,161705,100439,161705,0,0,0
599648926096c44487968b630f9b4fb9,3584,11776,0.667313,174932,87212,146730,28202,0,0
599648926096c44487968b630f9b4fb9,4096,11776,0.230537,60434,201710,0,60434,0,0
599648926096c44487968b630f9b4fb9,3072,12288,0.256649,67279,194865,67279,0,0,0
599648926096c44487968b630f9b4fb9,3584,12288,0.713772,187111,75033,165601,21510,0,0
599648926096c44487968b630f9b4fb9,4096,12288,0.227791,59714,202430,41248,18466,0,0
599648926096c44487968b630f9b4fb9,3072,12800,0.36908,96752,165392,96752,0,0,0
599648926096c44487968b630f9b4fb9,3584,12800,0.294231,77131,185013,77131,0,0,0
599648926096c44487968b630f9b4fb9,3072,13312,0.081554,21379,240765,21379,0,0,0
599648926096c44487968b630f9b4fb9,3584,13312,0.183208,48027,214117,48027,0,0,0
599648926096c44487968b630f9b4fb9,4096,13312,0.169605,44461,217683,44461,0,0,0
599648926096c44487968b630f9b4fb9,4608,13312,0.026989,7075,255069,7075,0,0,0
599648926096c44487968b630f9b4fb9,4096,13824,0.203808,53427,208717,53427,0,0,0
599648926096c44487968b630f9b4fb9,4608,13824,0.070522,18487,243657,18487,0,0,0
599648926096c44487968b630f9b4fb9,4096,14336,0.23513,61638,200506,61638,0,0,0
599648926096c44487968b630f9b4fb9,4608,14336,0.038151,10001,252143,10001,0,0,0
599648926096c44487968b630f9b4fb9,4096,14848,0.421055,110377,151767,110377,0,0,0
599648926096c44487968b630f9b4fb9,4608,14848,0.117172,30716,231428,30716,0,0,0
599648926096c44487968b630f9b4fb9,3072,15360,0.142971,37479,224665,37479,0,0,0
599648926096c44487968b630f9b4fb9,3584,15360,0.193089,50617,211527,50617,0,0,0
599648926096c44487968b630f9b4fb9,4096,15360,0.10236,26833,235311,26833,0,0,0
599648926096c44487968b630f9b4fb9,4608,15360,0.021908,5743,256401,5743,0,0,0
599648926096c44487968b630f9b4fb9,3072,15872,0.053577,14045,248099,14045,0,0,0
599648926096c44487968b630f9b4fb9,3584,15872,0.094681,24820,237324,24820,0,0,0
599648926096c44487968b630f9b4fb9,3584,16384,0.060986,15987,246157,15987,0,0,0
599648926096c44487968b630f9b4fb9,4096,16384,0.052578,13783,248361,13783,0,0,0
599648926096c44487968b630f9b4fb9,4608,16384,0.015812,4145,257999,4145,0,0,0
599648926096c44487968b630f9b4fb9,3584,16896,0.186108,48787,213357,48787,0,0,0
599648926096c44487968b630f9b4fb9,4096,16896,0.409111,107246,154898,107246,0,0,0
599648926096c44487968b630f9b4fb9,4608,16896,0.13726,35982,226162,35982,0,0,0
599648926096c44487968b630f9b4fb9,2560,17408,0.0327,8572,253572,8572,0,0,0
599648926096c44487968b630f9b4fb9,3072,17408,0.143936,37732,224412,37732,0,0,0
599648926096c44487968b630f9b4fb9,4096,17408,0.160076,41963,220181,41963,0,0,0
599648926096c44487968b630f9b4fb9,2560,17920,0.110874,29065,233079,29065,0,0,0
599648926096c44487968b630f9b4fb9,3072,17920,0.15591,40871,221273,40871,0,0,0
599648926096c44487968b630f9b4fb9,2048,18432,0.066799,17511,244633,17511,0,0,0
599648926096c44487968b630f9b4fb9,2560,18432,0.460094,120611,141533,120611,0,0,0
599648926096c44487968b630f9b4fb9,3072,18432,0.2575,67502,194642,67502,0,0,0
599648926096c44487968b630f9b4fb9,3584,18432,0.074757,19597,242547,19597,0,0,0
599648926096c44487968b630f9b4fb9,2560,18944,0.189014,49549,212595,49549,0,0,0
599648926096c44487968b630f9b4fb9,3072,18944,0.486042,127413,134731,127413,0,0,0
599648926096c44487968b630f9b4fb9,3584,18944,0.120987,31716,230428,31716,0,0,0
599648926096c44487968b630f9b4fb9,3072,19456,0.082367,21592,240552,21592,0,0,0
599648926096c44487968b630f9b4fb9,512,20992,0.233471,61203,200941,61203,0,0,0
599648926096c44487968b630f9b4fb9,1024,20992,0.026917,7056,255088,7056,0,0,0
599648926096c44487968b630f9b4fb9,512,21504,0.118851,31156,230988,31156,0,0,0
599648926096c44487968b630f9b4fb9,1024,21504,0.010166,2665,259479,2665,0,0,0
599648926096c44487968b630f9b4fb9,512,22016,0.198772,52107,210037,52107,0,0,0
599648926096c44487968b630f9b4fb9,1024,22016,0.295506,77465,184679,77465,0,0,0
599648926096c44487968b630f9b4fb9,512,22528,0.058887,15437,246707,15437,0,0,0
599648926096c44487968b630f9b4fb9,1024,22528,0.061382,16091,246053,16091,0,0,0
59a0932027596ac986f52a74d30217bd,13824,3584,0.014217,3727,258417,0,0,3727,0
59a0932027596ac986f52a74d30217bd,14336,3584,0.102844,26960,235184,0,26279,681,0
59a0932027596ac986f52a74d30217bd,14848,3584,0.422989,110884,151260,0,110884,0,0
59a0932027596ac986f52a74d30217bd,15360,3584,0.15052,39458,222686,0,39458,0,0
59a0932027596ac986f52a74d30217bd,12800,4096,0.156502,41026,221118,0,17232,23794,0
59a0932027596ac986f52a74d30217bd,13312,4096,0.260014,68161,193983,0,39775,28386,0
59a0932027596ac986f52a74d30217bd,13824,4096,0.329033,86254,175890,0,18173,68081,0
59a0932027596ac986f52a74d30217bd,14336,4096,0.342422,89764,172380,16766,65056,7942,0
59a0932027596ac986f52a74d30217bd,14848,4096,0.651329,170742,91402,0,170742,0,0
59a0932027596ac986f52a74d30217bd,15360,4096,0.261982,68677,193467,0,68677,0,0
59a0932027596ac986f52a74d30217bd,11776,4608,0.122364,32077,230067,0,0,32077,0
59a0932027596ac986f52a74d30217bd,12288,4608,0.451088,118250,143894,0,44258,73992,0
59a0932027596ac986f52a74d30217bd,12800,4608,0.783134,205294,56850,0,74291,131003,0
59a0932027596ac986f52a74d30217bd,13312,4608,0.530891,139170,122974,0,80808,58362,0
59a0932027596ac986f52a74d30217bd,13824,4608,0.570171,149467,112677,0,118063,31404,0
59a0932027596ac986f52a74d30217bd,14336,4608,0.606453,158978,103166,3463,135691,19824,0
59a0932027596ac986f52a74d30217bd,14848,4608,0.748165,196127,66017,16408,153438,26281,0
59a0932027596ac986f52a74d30217bd,15360,4608,0.235847,61826,200318,47947,13879,0,0
59a0932027596ac986f52a74d30217bd,11264,5120,0.051167,13413,248731,0,0,13413,0
59a0932027596ac986f52a74d30217bd,11776,5120,0.56871,149084,113060,0,19651,129433,0
59a0932027596ac986f52a74d30217bd,12288,5120,0.607826,159338,102806,0,124526,34812,0
59a0932027596ac986f52a74d30217bd,12800,5120,0.76944,201704,60440,0,180616,21088,0
59a0932027596ac986f52a74d30217bd,13312,5120,0.574177,150517,111627,0,45787,104730,0
59a0932027596ac986f52a74d30217bd,13824,5120,0.421391,110465,151679,0,76996,33469,0
59a0932027596ac986f52a74d30217bd,14336,5120,0.103615,27162,234982,0,27162,0,0
59a0932027596ac986f52a74d30217bd,14848,5120,0.056255,14747,247397,7041,7706,0,0
59a0932027596ac986f52a74d30217bd,11264,5632,0.349991,91748,170396,0,0,91748,0
59a0932027596ac986f52a74d30217bd,11776,5632,0.609386,159747,102397,0,86866,72881,0
59a0932027596ac986f52a74d30217bd,12288,5632,0.763565,200164,61980,0,54975,145189,0
59a0932027596ac986f52a74d30217bd,12800,5632,0.330704,86692,175452,0,34699,51993,0
59a0932027596ac986f52a74d30217bd,13312,5632,0.020634,5409,256735,0,0,5409,0
59a0932027596ac986f52a74d30217bd,10752,6144,0.017979,4713,257431,0,4713,0,0
59a0932027596ac986f52a74d30217bd,11264,6144,0.312664,81963,180181,0,65485,16478,0
59a0932027596ac986f52a74d30217bd,11776,6144,0.405701,106352,155792,0,24879,81473,0
59a0932027596ac986f52a74d30217bd,12288,6144,0.13612,35683,226461,0,13129,22554,0
59a0932027596ac986f52a74d30217bd,12800,6144,0.172054,45103,217041,0,13921,31182,0
59a0932027596ac986f52a74d30217bd,10240,6656,0.05423,14216,247928,0,14216,0,0
59a0932027596ac986f52a74d30217bd,10752,6656,0.472485,123859,138285,0,122087,1772,0
59a0932027596ac986f52a74d30217bd,11264,6656,0.624771,163780,98364,0,117097,46683,0
59a0932027596ac986f52a74d30217bd,11776,6656,0.646107,169373,92771,0,67800,101573,0
59a0932027596ac986f52a74d30217bd,12288,6656,0.031479,8252,253892,0,8252,0,0
59a0932027596ac986f52a74d30217bd,10240,7168,0.554047,145240,116904,0,145240,0,0
59a0932027596ac986f52a74d30217bd,10752,7168,0.69524,182253,79891,0,182253,0,0
59a0932027596ac986f52a74d30217bd,11264,7168,0.657124,172261,89883,0,90916,81345,0
59a0932027596ac986f52a74d30217bd,11776,7168,0.367657,96379,165765,0,88568,7811,0
59a0932027596ac986f52a74d30217bd,8704,7680,0.05294,13878,248266,0,13878,0,0
59a0932027596ac986f52a74d30217bd,9216,7680,0.467308,122502,139642,0,122502,0,0
59a0932027596ac986f52a74d30217bd,9728,7680,0.753376,197493,64651,0,197493,0,0
59a0932027596ac986f52a74d30217bd,10240,7680,0.952385,249662,12482,0,249662,0,0
59a0932027596ac986f52a74d30217bd,10752,7680,0.727173,190624,71520,0,190624,0,0
59a0932027596ac986f52a74d30217bd,11264,7680,0.338966,88858,173286,0,88208,650,0
59a0932027596ac986f52a74d30217bd,8192,8192,0.118423,31044,231100,0,31044,0,0
59a0932027596ac986f52a74d30217bd,8704,8192,0.580536,152184,109960,0,152184,0,0
59a0932027596ac986f52a74d30217bd,9216,8192,0.881634,231115,31029,0,231115,0,0
59a0932027596ac986f52a74d30217bd,9728,8192,0.913658,239510,22634,0,239510,0,0
59a0932027596ac986f52a74d30217bd,10240,8192,0.942982,247197,14947,0,247197,0,0
59a0932027596ac986f52a74d30217bd,10752,8192,0.333965,87547,174597,0,87547,0,0
59a0932027596ac986f52a74d30217bd,6656,8704,0.022919,6008,256136,0,6008,0,0
59a0932027596ac986f52a74d30217bd,7168,8704,0.179527,47062,215082,0,47062,0,0
59a0932027596ac986f52a74d30217bd,7680,8704,0.632229,165735,96409,0,165735,0,0
59a0932027596ac986f52a74d30217bd,8192,8704,0.67836,177828,84316,0,177828,0,0
59a0932027596ac986f52a74d30217bd,8704,8704,0.680614,178419,83725,0,178419,0,0
59a0932027596ac986f52a74d30217bd,9216,8704,0.854164,223914,38230,0,223914,0,0
59a0932027596ac986f52a74d30217bd,9728,8704,0.934361,244937,17207,0,244937,0,0
59a0932027596ac986f52a74d30217bd,10240,8704,0.301895,79140,183004,0,79140,0,0
59a0932027596ac986f52a74d30217bd,3584,9216,0.010456,2741,259403,2741,0,0,0
59a0932027596ac986f52a74d30217bd,4096,9216,0.133778,35069,227075,0,35069,0,0
59a0932027596ac986f52a74d30217bd,4608,9216,0.303001,79430,182714,0,79430,0,0
59a0932027596ac986f52a74d30217bd,5120,9216,0.22089,57905,204239,0,57810,95,0
59a0932027596ac986f52a74d30217bd,5632,9216,0.24987,65502,196642,0,39215,26287,0
59a0932027596ac986f52a74d30217bd,6144,9216,0.36565,95853,166291,0,18253,77600,0
59a0932027596ac986f52a74d30217bd,6656,9216,0.638142,167285,94859,0,117353,49932,0
59a0932027596ac986f52a74d30217bd,7168,9216,0.911495,238943,23201,0,238943,0,0
59a0932027596ac986f52a74d30217bd,7680,9216,0.923122,241991,20153,0,241991,0,0
59a0932027596ac986f52a74d30217bd,8192,9216,0.865868,226982,35162,0,226982,0,0
59a0932027596ac986f52a74d30217bd,8704,9216,0.852039,223357,38787,0,223357,0,0
59a0932027596ac986f52a74d30217bd,9216,9216,0.523151,137141,125003,0,137141,0,0
59a0932027596ac986f52a74d30217bd,9728,9216,0.116211,30464,231680,0,30464,0,0
59a0932027596ac986f52a74d30217bd,0,9728,0.012459,3266,258878,0,3266,0,0
59a0932027596ac986f52a74d30217bd,512,9728,0.53722,140829,121315,0,101860,38969,0
59a0932027596ac986f52a74d30217bd,1024,9728,0.726948,190565,71579,0,58094,132471,0
59a0932027596ac986f52a74d30217bd,1536,9728,0.530937,139182,122962,0,139169,13,0
59a0932027596ac986f52a74d30217bd,2048,9728,0.222137,58232,203912,38276,19956,0,0
59a0932027596ac986f52a74d30217bd,2560,9728,0.309547,81146,180998,0,81146,0,0
59a0932027596ac986f52a74d30217bd,3072,9728,0.536152,140549,121595,107860,32689,0,0
59a0932027596ac986f52a74d30217bd,3584,9728,0.640999,168034,94110,157873,10161,0,0
59a0932027596ac986f52a74d30217bd,4096,9728,0.571022,149690,112454,0,149690,0,0
59a0932027596ac986f52a74d30217bd,4608,9728,0.578983,151777,110367,0,150541,1236,0
59a0932027596ac986f52a74d30217bd,5120,9728,0.322239,84473,177671,0,54479,29994,0
59a0932027596ac986f52a74d30217bd,5632,9728,0.679348,178087,84057,0,106858,71229,0
59a0932027596ac986f52a74d30217bd,6144,9728,0.759045,198979,63165,0,99285,99694,0
59a0932027596ac986f52a74d30217bd,6656,9728,0.770905,202088,60056,0,195398,6690,0
59a0932027596ac986f52a74d30217bd,7168,9728,0.829124,217350,44794,0,217350,0,0
59a0932027596ac986f52a74d30217bd,7680,9728,0.933533,244720,17424,0,244720,0,0
59a0932027596ac986f52a74d30217bd,8192,9728,0.630157,165192,96952,0,165192,0,0
59a0932027596ac986f52a74d30217bd,8704,9728,0.27515,72129,190015,0,72129,0,0
59a0932027596ac986f52a74d30217bd,512,10240,0.347427,91076,171068,0,91076,0,0
59a0932027596ac986f52a74d30217bd,1024,10240,0.782036,205006,57138,0,203847,1159,0
59a0932027596ac986f52a74d30217bd,1536,10240,0.756451,198299,63845,46274,152025,0,0
59a0932027596ac986f52a74d30217bd,2048,10240,0.803604,210660,51484,56623,154037,0,0
59a0932027596ac986f52a74d30217bd,2560,10240,0.845264,221581,40563,0,221581,0,0
59a0932027596ac986f52a74d30217bd,3072,10240,0.797043,208940,53204,0,208940,0,0
59a0932027596ac986f52a74d30217bd,3584,10240,0.68248,178908,83236,0,86296,92612,0
59a0932027596ac986f52a74d30217bd,4096,10240,0.495621,129924,132220,12018,117906,0,0
59a0932027596ac986f52a74d30217bd,4608,10240,0.520027,136322,125822,0,64489,71833,0
59a0932027596ac986f52a74d30217bd,5120,10240,0.882534,231351,30793,0,43480,187871,0
59a0932027596ac986f52a74d30217bd,5632,10240,0.754581,197809,64335,0,5322,192487,0
59a0932027596ac986f52a74d30217bd,6144,10240,0.740799,194196,67948,0,148452,45744,0
59a0932027596ac986f52a74d30217bd,6656,10240,0.727615,190740,71404,0,139805,50935,0
59a0932027596ac986f52a74d30217bd,7168,10240,0.681843,178741,83403,0,173441,5300,0
59a0932027596ac986f52a74d30217bd,7680,10240,0.186352,48851,213293,0,48851,0,0
59a0932027596ac986f52a74d30217bd,1024,10752,0.088326,23154,238990,0,23154,0,0
59a0932027596ac986f52a74d30217bd,1536,10752,0.135174,35435,226709,20380,15055,0,0
59a0932027596ac986f52a74d30217bd,2048,10752,0.453793,118959,143185,40986,77973,0,0
59a0932027596ac986f52a74d30217bd,2560,10752,0.825241,216332,45812,0,216332,0,0
59a0932027596ac986f52a74d30217bd,3072,10752,0.869267,227873,34271,0,227873,0,0
59a0932027596ac986f52a74d30217bd,3584,10752,0.628223,164685,97459,0,164685,0,0
59a0932027596ac986f52a74d30217bd,4096,10752,0.404072,105925,156219,76621,29304,0,0
59a0932027596ac986f52a74d30217bd,4608,10752,0.183418,48082,214062,0,48044,38,0
59a0932027596ac986f52a74d30217bd,5120,10752,0.146034,38282,223862,0,29967,8315,0
59a0932027596ac986f52a74d30217bd,5632,10752,0.148941,39044,223100,0,0,39044,0
59a0932027596ac986f52a74d30217bd,6144,10752,0.121105,31747,230397,0,31747,0,0
59a0932027596ac986f52a74d30217bd,6656,10752,0.021881,5736,256408,0,5736,0,0
59a0932027596ac986f52a74d30217bd,2560,11264,0.108734,28504,233640,0,28504,0,0
59a0932027596ac986f52a74d30217bd,3072,11264,0.127388,33394,228750,0,33394,0,0
59aa903a1ceb3e9793bedda411a4a2cd,2048,1536,0.062149,16292,245852,0,16292,0,0
59aa903a1ceb3e9793bedda411a4a2cd,1536,2048,0.191177,50116,212028,0,5649,44467,0
59aa903a1ceb3e9793bedda411a4a2cd,2048,2048,0.700161,183543,78601,0,100091,83452,0
59aa903a1ceb3e9793bedda411a4a2cd,2560,2048,0.016872,4423,257721,0,4423,0,0
59aa903a1ceb3e9793bedda411a4a2cd,1536,2560,0.12603,33038,229106,0,2612,30426,0
59aa903a1ceb3e9793bedda411a4a2cd,2048,2560,0.831951,218091,44053,0,37066,181025,0
59aa903a1ceb3e9793bedda411a4a2cd,2560,2560,0.503586,132012,130132,0,56790,75222,0
59aa903a1ceb3e9793bedda411a4a2cd,3072,2560,0.052219,13689,248455,0,13689,0,0
59aa903a1ceb3e9793bedda411a4a2cd,1536,3072,0.126663,33204,228940,0,0,33204,0
59aa903a1ceb3e9793bedda411a4a2cd,2048,3072,0.628922,164868,97276,0,53493,111375,0
59aa903a1ceb3e9793bedda411a4a2cd,2560,3072,0.626476,164227,97917,0,58996,105231,0
59aa903a1ceb3e9793bedda411a4a2cd,3072,3072,0.260525,68295,193849,3121,11025,54149,0
59aa903a1ceb3e9793bedda411a4a2cd,2048,3584,0.417305,109394,152750,0,49637,59757,0
59aa903a1ceb3e9793bedda411a4a2cd,2560,3584,0.803665,210676,51468,0,80037,130639,0
59aa903a1ceb3e9793bedda411a4a2cd,3072,3584,0.585751,153551,108593,0,75844,77707,0
59aa903a1ceb3e9793bedda411a4a2cd,3584,3584,0.038326,10047,252097,0,10047,0,0
59aa903a1ceb3e9793bedda411a4a2cd,2048,4096,0.130665,34253,227891,0,17603,16650,0
59aa903a1ceb3e9793bedda411a4a2cd,2560,4096,0.698174,183022,79122,0,74025,108997,0
59aa903a1ceb3e9793bedda411a4a2cd,3072,4096,0.711494,186514,75630,0,99691,86823,0
59aa903a1ceb3e9793bedda411a4a2cd,3584,4096,0.407135,106728,155416,0,105258,1470,0
59aa903a1ceb3e9793bedda411a4a2cd,2560,4608,0.614902,161193,100951,0,66618,94575,0
59aa903a1ceb3e9793bedda411a4a2cd,3072,4608,0.775261,203230,58914,0,97339,105891,0
59aa903a1ceb3e9793bedda411a4a2cd,3584,4608,0.803432,210615,51529,0,204926,5689,0
59aa903a1ceb3e9793bedda411a4a2cd,4096,4608,0.014935,3915,258229,0,3915,0,0
59aa903a1ceb3e9793bedda411a4a2cd,2560,5120,0.048054,12597,249547,0,12597,0,0
59aa903a1ceb3e9793bedda411a4a2cd,3072,5120,0.779747,204406,57738,0,88954,115452,0
59aa903a1ceb3e9793bedda411a4a2cd,3584,5120,0.75671,198367,63777,0,120923,77444,0
59aa903a1ceb3e9793bedda411a4a2cd,4096,5120,0.264946,69454,192690,0,28940,40514,0
59aa903a1ceb3e9793bedda411a4a2cd,3072,5632,0.45163,118392,143752,0,15848,102544,0
59aa903a1ceb3e9793bedda411a4a2cd,3584,5632,0.697662,182888,79256,0,0,182888,0
59aa903a1ceb3e9793bedda411a4a2cd,4096,5632,0.642193,168347,93797,0,30663,137684,0
59aa903a1ceb3e9793bedda411a4a2cd,3072,6144,0.311985,81785,180359,4703,24821,52261,0
59aa903a1ceb3e9793bedda411a4a2cd,3584,6144,0.307938,80724,181420,0,77166,3558,0
59aa903a1ceb3e9793bedda411a4a2cd,4096,6144,0.616596,161637,100507,0,150706,10931,0
59aa903a1ceb3e9793bedda411a4a2cd,4608,6144,0.010128,2655,259489,0,2655,0,0
59aa903a1ceb3e9793bedda411a4a2cd,3072,6656,0.649017,170136,92008,0,170136,0,0
59aa903a1ceb3e9793bedda411a4a2cd,3584,6656,0.894482,234483,27661,0,234483,0,0
59aa903a1ceb3e9793bedda411a4a2cd,4096,6656,0.670662,175810,86334,0,175810,0,0
59aa903a1ceb3e9793bedda411a4a2cd,4608,6656,0.018883,4950,257194,0,4950,0,0
59aa903a1ceb3e9793bedda411a4a2cd,3072,7168,0.39217,102805,159339,0,102805,0,0
59aa903a1ceb3e9793bedda411a4a2cd,3584,7168,1.0,262144,0,0,262144,0,0
59aa903a1ceb3e9793bedda411a4a2cd,4096,7168,0.996067,261113,1031,0,261113,0,0
59aa903a1ceb3e9793bedda411a4a2cd,4608,7168,0.095818,25118,237026,0,25118,0,0
59aa903a1ceb3e9793bedda411a4a2cd,3072,7680,0.313122,82083,180061,0,82083,0,0
59aa903a1ceb3e9793bedda411a4a2cd,3584,7680,1.0,262144,0,0,262144,0,0
59aa903a1ceb3e9793bedda411a4a2cd,4096,7680,0.967373,253591,8553,0,171298,82293,0
59aa903a1ceb3e9793bedda411a4a2cd,4608,7680,0.239685,62832,199312,0,15095,47737,0
59aa903a1ceb3e9793bedda411a4a2cd,3072,8192,0.301003,78906,183238,0,78906,0,0
59aa903a1ceb3e9793bedda411a4a2cd,3584,8192,0.952881,249792,12352,0,229926,19866,0
59aa903a1ceb3e9793bedda411a4a2cd,4096,8192,0.931259,244124,18020,0,172290,71834,0
59aa903a1ceb3e9793bedda411a4a2cd,4608,8192,0.234364,61437,200707,0,34044,27393,0
59aa903a1ceb3e9793bedda411a4a2cd,3584,8704,0.834862,218854,43290,0,166139,52715,0
59aa903a1ceb3e9793bedda411a4a2cd,4096,8704,0.953403,249929,12215,0,243133,6796,0
59aa903a1ceb3e9793bedda411a4a2cd,4608,8704,0.504387,132222,129922,0,79480,52742,0
59aa903a1ceb3e9793bedda411a4a2cd,3584,9216,0.779587,204364,57780,0,70660,133704,0
59aa903a1ceb3e9793bedda411a4a2cd,4096,9216,0.944469,247587,14557,0,13870,233717,0
59aa903a1ceb3e9793bedda411a4a2cd,4608,9216,0.568939,149144,113000,9556,85,139503,0
59aa903a1ceb3e9793bedda411a4a2cd,3072,9728,0.02454,6433,255711,0,6433,0,0
59aa903a1ceb3e9793bedda411a4a2cd,3584,9728,0.601788,157755,104389,0,21988,135767,0
59aa903a1ceb3e9793bedda411a4a2cd,4096,9728,0.958988,251393,10751,0,389,251004,0
59aa903a1ceb3e9793bedda411a4a2cd,4608,9728,0.408855,107179,154965,14833,14433,77913,0
59aa903a1ceb3e9793bedda411a4a2cd,3584,10240,0.62373,163507,98637,0,104109,59398,0
59aa903a1ceb3e9793bedda411a4a2cd,4096,10240,0.859619,225344,36800,0,21283,204061,0
59aa903a1ceb3e9793bedda411a4a2cd,4608,10240,0.680637,178425,83719,0,151173,27252,0
59aa903a1ceb3e9793bedda411a4a2cd,5120,10240,0.011292,2960,259184,0,399,2561,0
59aa903a1ceb3e9793bedda411a4a2cd,3584,10752,0.33099,86767,175377,0,61925,24842,0
59aa903a1ceb3e9793bedda411a4a2cd,4096,10752,0.905045,237252,24892,0,22872,214380,0
59aa903a1ceb3e9793bedda411a4a2cd,4608,10752,0.947926,248493,13651,0,1011,247482,0
59aa903a1ceb3e9793bedda411a4a2cd,5120,10752,0.074139,19435,242709,0,0,19435,0
59aa903a1ceb3e9793bedda411a4a2cd,3584,11264,0.115112,30176,231968,0,0,30176,0
59aa903a1ceb3e9793bedda411a4a2cd,4096,11264,0.891102,233597,28547,0,0,233597,0
59aa903a1ceb3e9793bedda411a4a2cd,4608,11264,0.684704,179491,82653,0,0,179491,0
59aa903a1ceb3e9793bedda411a4a2cd,5120,11264,0.044682,11713,250431,0,0,11713,0
59aa903a1ceb3e9793bedda411a4a2cd,4608,11776,0.345425,90551,171593,0,90551,0,0
59aa903a1ceb3e9793bedda411a4a2cd,5120,11776,0.024574,6442,255702,0,6442,0,0
59aa903a1ceb3e9793bedda411a4a2cd,4096,12288,0.057335,15030,247114,15030,0,0,0
59aa903a1ceb3e9793bedda411a4a2cd,4096,12800,0.15134,39673,222471,39673,0,0,0
59aa903a1ceb3e9793bedda411a4a2cd,4096,13312,0.127171,33337,228807,33337,0,0,0
59df439b2cd91c2cd68f3a0917ab470d,2048,3072,0.147381,38635,223509,0,13203,25432,0
59df439b2cd91c2cd68f3a0917ab470d,2560,3072,0.294579,77222,184922,0,34981,42241,0
59df439b2cd91c2cd68f3a0917ab470d,1536,3584,0.579285,151856,110288,0,0,151856,0
59df439b2cd91c2cd68f3a0917ab470d,2048,3584,0.838173,219722,42422,0,9801,209921,0
59df439b2cd91c2cd68f3a0917ab470d,2560,3584,0.379963,99605,162539,0,26037,73568,0
59df439b2cd91c2cd68f3a0917ab470d,1536,4096,0.152363,39941,222203,0,0,39941,0
59df439b2cd91c2cd68f3a0917ab470d,2048,4096,0.493816,129451,132693,0,0,129451,0
59df439b2cd91c2cd68f3a0917ab470d,2560,4096,0.650307,170474,91670,0,3490,166984,0
59df439b2cd91c2cd68f3a0917ab470d,3072,4096,0.362797,95105,167039,0,18067,77038,0
59df439b2cd91c2cd68f3a0917ab470d,1536,4608,0.027542,7220,254924,0,0,7220,0
59df439b2cd91c2cd68f3a0917ab470d,2048,4608,0.447941,117425,144719,0,0,117425,0
59df439b2cd91c2cd68f3a0917ab470d,2560,4608,0.238052,62404,199740,0,20081,42323,0
59df439b2cd91c2cd68f3a0917ab470d,3072,4608,0.232765,61018,201126,0,60965,53,0
59df439b2cd91c2cd68f3a0917ab470d,2560,5632,0.181881,47679,214465,0,0,47679,0
59df439b2cd91c2cd68f3a0917ab470d,3072,5632,0.020023,5249,256895,0,0,5249,0
59df439b2cd91c2cd68f3a0917ab470d,3072,6144,0.068642,17994,244150,0,17994,0,0
59df439b2cd91c2cd68f3a0917ab470d,3584,6656,0.089851,23554,238590,0,23554,0,0
59df439b2cd91c2cd68f3a0917ab470d,3072,9728,0.120373,31555,230589,0,18247,13308,0
59df439b2cd91c2cd68f3a0917ab470d,3584,9728,0.016228,4254,257890,0,0,4254,0
59df439b2cd91c2cd68f3a0917ab470d,4096,9728,0.11594,30393,231751,0,0,30393,0
59df439b2cd91c2cd68f3a0917ab470d,3072,10240,0.287907,75473,186671,0,10663,61636,3174
59df439b2cd91c2cd68f3a0917ab470d,3584,10240,0.480782,126034,136110,0,0,126034,0
59df439b2cd91c2cd68f3a0917ab470d,4096,10240,0.81432,213469,48675,0,11258,202211,0
59df439b2cd91c2cd68f3a0917ab470d,4608,10240,0.144436,37863,224281,0,0,37863,0
59df439b2cd91c2cd68f3a0917ab470d,3072,10752,0.142891,37458,224686,0,0,6675,30783
59df439b2cd91c2cd68f3a0917ab470d,3584,10752,0.661926,173520,88624,0,0,168957,4563
59df439b2cd91c2cd68f3a0917ab470d,4096,10752,0.929966,243785,18359,0,0,243785,0
59df439b2cd91c2cd68f3a0917ab470d,4608,10752,0.431271,113055,149089,0,0,113055,0
59df439b2cd91c2cd68f3a0917ab470d,3072,11264,0.391506,102631,159513,0,0,102631,0
59df439b2cd91c2cd68f3a0917ab470d,3584,11264,0.955708,250533,11611,0,0,250533,0
59df439b2cd91c2cd68f3a0917ab470d,4096,11264,0.948086,248535,13609,0,0,248535,0
59df439b2cd91c2cd68f3a0917ab470d,4608,11264,0.199184,52215,209929,0,0,52215,0
59df439b2cd91c2cd68f3a0917ab470d,3072,11776,0.38625,101253,160891,0,0,101253,0
59df439b2cd91c2cd68f3a0917ab470d,3584,11776,0.738754,193660,68484,0,0,193660,0
59df439b2cd91c2cd68f3a0917ab470d,4096,11776,0.84634,221863,40281,0,0,221863,0
59df439b2cd91c2cd68f3a0917ab470d,4608,11776,0.382862,100365,161779,0,0,100365,0
59df439b2cd91c2cd68f3a0917ab470d,3072,12288,0.414974,108783,153361,0,4745,104038,0
59df439b2cd91c2cd68f3a0917ab470d,3584,12288,0.944313,247546,14598,0,0,247546,0
59df439b2cd91c2cd68f3a0917ab470d,4096,12288,0.883961,231725,30419,0,0,231725,0
59df439b2cd91c2cd68f3a0917ab470d,4608,12288,0.496674,130200,131944,0,0,130200,0
59df439b2cd91c2cd68f3a0917ab470d,3072,12800,0.17297,45343,216801,0,20921,24422,0
59df439b2cd91c2cd68f3a0917ab470d,3584,12800,0.490002,128451,133693,0,15653,112798,0
59df439b2cd91c2cd68f3a0917ab470d,4096,12800,0.774246,202964,59180,0,11192,191772,0
59df439b2cd91c2cd68f3a0917ab470d,4608,12800,0.51466,134915,127229,0,0,134915,0
59df439b2cd91c2cd68f3a0917ab470d,3072,13312,0.232685,60997,201147,0,0,60997,0
59df439b2cd91c2cd68f3a0917ab470d,3584,13312,0.755585,198072,64072,0,0,198072,0
59df439b2cd91c2cd68f3a0917ab470d,4096,13312,0.846054,221788,40356,0,0,221788,0
59df439b2cd91c2cd68f3a0917ab470d,4608,13312,0.187843,49242,212902,0,0,49242,0
59df439b2cd91c2cd68f3a0917ab470d,3072,13824,0.187946,49269,212875,0,0,49269,0
59df439b2cd91c2cd68f3a0917ab470d,3584,13824,0.746166,195603,66541,0,0,195603,0
59df439b2cd91c2cd68f3a0917ab470d,4096,13824,0.566944,148621,113523,0,0,148621,0
59df439b2cd91c2cd68f3a0917ab470d,4608,13824,0.218845,57369,204775,0,0,57369,0
59df439b2cd91c2cd68f3a0917ab470d,3584,14336,0.479378,125666,136478,0,0,125666,0
59df439b2cd91c2cd68f3a0917ab470d,4096,14336,0.813137,213159,48985,0,4936,208223,0
59df439b2cd91c2cd68f3a0917ab470d,4608,14336,0.338764,88805,173339,0,0,88805,0
59df439b2cd91c2cd68f3a0917ab470d,3584,14848,0.315403,82681,179463,0,0,82681,0
59df439b2cd91c2cd68f3a0917ab470d,4096,14848,0.659058,172768,89376,0,29977,137946,4845
59df439b2cd91c2cd68f3a0917ab470d,4608,14848,0.532787,139667,122477,0,0,139637,30
59df439b2cd91c2cd68f3a0917ab470d,4096,15360,0.153458,40228,221916,0,21751,0,18477
59df439b2cd91c2cd68f3a0917ab470d,4608,15360,0.413425,108377,153767,0,0,107383,994
59df439b2cd91c2cd68f3a0917ab470d,4608,15872,0.013626,3572,258572,0,0,3572,0
59df439b2cd91c2cd68f3a0917ab470d,4608,16384,0.037003,9700,252444,0,1993,7707,0
59df439b2cd91c2cd68f3a0917ab470d,5120,16384,0.015266,4002,258142,0,0,4002,0
59df439b2cd91c2cd68f3a0917ab470d,4096,16896,0.150597,39478,222666,0,39478,0,0
59df439b2cd91c2cd68f3a0917ab470d,4608,16896,0.614628,161121,101023,0,111844,49277,0
59df439b2cd91c2cd68f3a0917ab470d,5120,16896,0.130138,34115,228029,0,28340,5775,0
59df439b2cd91c2cd68f3a0917ab470d,4096,17408,0.011818,3098,259046,0,3098,0,0
59df439b2cd91c2cd68f3a0917ab470d,4608,17408,0.331532,86909,175235,0,64686,22223,0
59df439b2cd91c2cd68f3a0917ab470d,5120,17408,0.276123,72384,189760,0,9072,63312,0
59df439b2cd91c2cd68f3a0917ab470d,5120,17920,0.012421,3256,258888,0,3256,0,0
59df439b2cd91c2cd68f3a0917ab470d,5120,18432,0.564079,147870,114274,0,45906,101964,0
59df439b2cd91c2cd68f3a0917ab470d,5632,18432,0.015171,3977,258167,0,3669,308,0
59df439b2cd91c2cd68f3a0917ab470d,5120,28160,0.039219,10281,251863,10281,0,0,0
59df439b2cd91c2cd68f3a0917ab470d,5632,28160,0.221455,58053,204091,58053,0,0,0
59df439b2cd91c2cd68f3a0917ab470d,6144,28160,0.103462,27122,235022,27122,0,0,0
59df439b2cd91c2cd68f3a0917ab470d,4608,28672,0.236485,61993,200151,61993,0,0,0
59df439b2cd91c2cd68f3a0917ab470d,5120,28672,0.931984,244314,17830,244314,0,0,0
59df439b2cd91c2cd68f3a0917ab470d,5632,28672,1.0,262144,0,262144,0,0,0
59df439b2cd91c2cd68f3a0917ab470d,6144,28672,0.877842,230121,32023,230121,0,0,0
59df439b2cd91c2cd68f3a0917ab470d,4608,29184,0.33839,88707,173437,88707,0,0,0
59df439b2cd91c2cd68f3a0917ab470d,5120,29184,1.0,262144,0,262144,0,0,0
59df439b2cd91c2cd68f3a0917ab470d,5632,29184,1.0,262144,0,262144,0,0,0
59df439b2cd91c2cd68f3a0917ab470d,6144,29184,0.67321,176478,85666,176478,0,0,0
59df439b2cd91c2cd68f3a0917ab470d,4608,29696,0.042965,11263,250881,11263,0,0,0
59df439b2cd91c2cd68f3a0917ab470d,5120,29696,0.747849,196044,66100,196044,0,0,0
59df439b2cd91c2cd68f3a0917ab470d,5632,29696,0.379574,99503,162641,99503,0,0,0
59df439b2cd91c2cd68f3a0917ab470d,5120,30208,0.054058,14171,247973,14171,0,0,0
76b8865c3acb3c9ac2d796f523bd2da7,7680,2048,0.156689,41075,221069,41075,0,0,0
76b8865c3acb3c9ac2d796f523bd2da7,6656,2560,0.181023,47454,214690,0,0,47454,0
76b8865c3acb3c9ac2d796f523bd2da7,6656,3072,0.015549,4076,258068,0,0,4076,0
76b8865c3acb3c9ac2d796f523bd2da7,6656,3584,0.074097,19424,242720,0,19424,0,0
76b8865c3acb3c9ac2d796f523bd2da7,7168,3584,0.02795,7327,254817,0,1673,5654,0
76b8865c3acb3c9ac2d796f523bd2da7,7168,4096,0.031582,8279,253865,0,0,8279,0
76b8865c3acb3c9ac2d796f523bd2da7,7680,4608,0.062107,16281,245863,0,0,16281,0
76b8865c3acb3c9ac2d796f523bd2da7,7168,5120,0.013374,3506,258638,0,0,3506,0
76b8865c3acb3c9ac2d796f523bd2da7,7680,5120,0.255833,67065,195079,0,0,67065,0
76b8865c3acb3c9ac2d796f523bd2da7,8192,5120,0.014397,3774,258370,0,0,3774,0
76b8865c3acb3c9ac2d796f523bd2da7,7680,5632,0.018002,4719,257425,0,0,4719,0
76b8865c3acb3c9ac2d796f523bd2da7,8192,5632,0.096161,25208,236936,0,0,25208,0
76b8865c3acb3c9ac2d796f523bd2da7,8192,6656,0.226013,59248,202896,0,0,59248,0
76b8865c3acb3c9ac2d796f523bd2da7,8704,6656,0.276802,72562,189582,7632,0,64930,0
76b8865c3acb3c9ac2d796f523bd2da7,8192,7168,0.014099,3696,258448,0,0,3696,0
76b8865c3acb3c9ac2d796f523bd2da7,8704,7168,0.115036,30156,231988,0,0,30156,0
76b8865c3acb3c9ac2d796f523bd2da7,7680,8192,0.043106,11300,250844,0,11300,0,0
76b8865c3acb3c9ac2d796f523bd2da7,7680,8704,0.047253,12387,249757,0,12387,0,0
76b8865c3acb3c9ac2d796f523bd2da7,8192,9216,0.089905,23568,238576,0,23568,0,0
76b8865c3acb3c9ac2d796f523bd2da7,8704,9216,0.071236,18674,243470,0,18674,0,0
76b8865c3acb3c9ac2d796f523bd2da7,8192,10752,0.141064,36979,225165,0,0,36979,0
76b8865c3acb3c9ac2d796f523bd2da7,8704,10752,0.048283,12657,249487,0,0,12657,0
76b8865c3acb3c9ac2d796f523bd2da7,7680,11264,0.183399,48077,214067,0,0,48077,0
76b8865c3acb3c9ac2d796f523bd2da7,8192,11264,0.033356,8744,253400,0,0,8744,0
76b8865c3acb3c9ac2d796f523bd2da7,8192,11776,0.078209,20502,241642,0,0,20502,0
76b8865c3acb3c9ac2d796f523bd2da7,8704,12800,0.016613,4355,257789,0,4355,0,0
76b8865c3acb3c9ac2d796f523bd2da7,9216,12800,0.104214,27319,234825,0,27319,0,0
76b8865c3acb3c9ac2d796f523bd2da7,7680,14848,0.084469,22143,240001,0,10266,11877,0
76b8865c3acb3c9ac2d796f523bd2da7,8704,14848,0.240715,63102,199042,0,0,63102,0
76b8865c3acb3c9ac2d796f523bd2da7,2560,15360,0.228348,59860,202284,0,18828,0,41032
76b8865c3acb3c9ac2d796f523bd2da7,3584,15360,0.017246,4521,257623,0,4521,0,0
76b8865c3acb3c9ac2d796f523bd2da7,4608,15360,0.035912,9414,252730,0,9414,0,0
76b8865c3acb3c9ac2d796f523bd2da7,8192,15360,0.080193,21022,241122,0,0,21022,0
76b8865c3acb3c9ac2d796f523bd2da7,8704,15360,0.428436,112312,149832,0,0,112312,0
76b8865c3acb3c9ac2d796f523bd2da7,2048,15872,0.051167,13413,248731,10364,0,3049,0
76b8865c3acb3c9ac2d796f523bd2da7,2560,15872,0.414394,108631,153513,0,12775,3191,92665
76b8865c3acb3c9ac2d796f523bd2da7,3072,15872,0.048115,12613,249531,0,0,0,12613
76b8865c3acb3c9ac2d796f523bd2da7,3584,15872,0.058598,15361,246783,0,15361,0,0
76b8865c3acb3c9ac2d796f523bd2da7,4096,15872,0.044601,11692,250452,0,11692,0,0
76b8865c3acb3c9ac2d796f523bd2da7,4608,15872,0.056278,14753,247391,0,14385,0,368
76b8865c3acb3c9ac2d796f523bd2da7,5120,15872,0.011204,2937,259207,0,0,0,2937
76b8865c3acb3c9ac2d796f523bd2da7,8192,15872,0.093189,24429,237715,0,0,24429,0
76b8865c3acb3c9ac2d796f523bd2da7,8704,15872,0.100971,26469,235675,0,0,26469,0
76b8865c3acb3c9ac2d796f523bd2da7,1024,16384,0.029457,7722,254422,0,0,7722,0
76b8865c3acb3c9ac2d796f523bd2da7,2048,16384,0.130116,34109,228035,0,0,18148,15961
76b8865c3acb3c9ac2d796f523bd2da7,2560,16384,0.126431,33143,229001,0,0,25752,7391
76b8865c3acb3c9ac2d796f523bd2da7,3072,16384,0.03656,9584,252560,0,0,0,9584
76b8865c3acb3c9ac2d796f523bd2da7,4096,16384,0.041012,10751,251393,0,10751,0,0
76b8865c3acb3c9ac2d796f523bd2da7,4608,16384,0.136562,35799,226345,0,35799,0,0
76b8865c3acb3c9ac2d796f523bd2da7,5632,16384,0.382233,100200,161944,0,0,100200,0
76b8865c3acb3c9ac2d796f523bd2da7,6144,16384,0.137981,36171,225973,0,0,0,36171
76b8865c3acb3c9ac2d796f523bd2da7,6656,16384,0.054035,14165,247979,0,0,14165,0
76b8865c3acb3c9ac2d796f523bd2da7,1024,16896,0.017555,4602,257542,0,0,4602,0
76b8865c3acb3c9ac2d796f523bd2da7,2048,16896,0.048351,12675,249469,0,0,0,12675
76b8865c3acb3c9ac2d796f523bd2da7,2560,16896,0.073067,19154,242990,0,0,0,19154
76b8865c3acb3c9ac2d796f523bd2da7,3584,16896,0.016872,4423,257721,0,4423,0,0
76b8865c3acb3c9ac2d796f523bd2da7,4096,16896,0.100883,26446,235698,0,19047,7399,0
76b8865c3acb3c9ac2d796f523bd2da7,5120,16896,0.018429,4831,257313,0,0,1207,3624
76b8865c3acb3c9ac2d796f523bd2da7,5632,16896,0.046597,12215,249929,0,0,12215,0
76b8865c3acb3c9ac2d796f523bd2da7,6656,16896,0.018955,4969,257175,0,0,4969,0
76b8865c3acb3c9ac2d796f523bd2da7,7168,16896,0.027222,7136,255008,0,0,7136,0
76b8865c3acb3c9ac2d796f523bd2da7,6656,17408,0.161572,42355,219789,0,0,42355,0
76b8865c3acb3c9ac2d796f523bd2da7,7168,17408,0.172749,45285,216859,0,0,45285,0
7e059274c3afb96b3a33191c804d5a0f,2560,3584,0.044556,11680,250464,0,0,0,11680
7e059274c3afb96b3a33191c804d5a0f,3072,3584,0.174118,45644,216500,0,0,0,45644
7e059274c3afb96b3a33191c804d5a0f,2048,4608,0.024807,6503,255641,0,0,0,6503
7e059274c3afb96b3a33191c804d5a0f,2560,4608,0.165318,43337,218807,0,0,0,43337
7e059274c3afb96b3a33191c804d5a0f,3072,4608,0.210144,55088,207056,0,0,0,55088
7e059274c3afb96b3a33191c804d5a0f,2048,5120,0.136906,35889,226255,0,0,0,35889
7e059274c3afb96b3a33191c804d5a0f,2560,5120,0.104435,27377,234767,0,0,0,27377
7e059274c3afb96b3a33191c804d5a0f,2048,5632,0.365856,95907,166237,0,0,0,95907
7e059274c3afb96b3a33191c804d5a0f,2560,5632,0.193398,50698,211446,0,0,0,50698
7e059274c3afb96b3a33191c804d5a0f,3072,5632,0.083923,22000,240144,0,0,0,22000
7e059274c3afb96b3a33191c804d5a0f,2048,6144,0.212173,55620,206524,0,0,0,55620
7e059274c3afb96b3a33191c804d5a0f,2560,6144,0.434685,113950,148194,0,0,0,113950
7e059274c3afb96b3a33191c804d5a0f,3072,6144,0.30624,80279,181865,0,0,0,80279
7e059274c3afb96b3a33191c804d5a0f,2048,6656,0.281445,73779,188365,0,0,0,73779
7e059274c3afb96b3a33191c804d5a0f,2560,6656,0.222805,58407,203737,0,0,0,58407
7e059274c3afb96b3a33191c804d5a0f,3072,6656,0.258781,67838,194306,0,0,5565,62273
7e059274c3afb96b3a33191c804d5a0f,3584,6656,0.028526,7478,254666,0,0,0,7478
7e059274c3afb96b3a33191c804d5a0f,2048,7168,0.214729,56290,205854,0,0,5362,50928
7e059274c3afb96b3a33191c804d5a0f,2560,7168,0.375412,98412,163732,0,0,24769,73643
7e059274c3afb96b3a33191c804d5a0f,3072,7168,0.255272,66918,195226,0,0,33594,33324
7e059274c3afb96b3a33191c804d5a0f,3584,7168,0.077908,20423,241721,0,0,0,20423
7e059274c3afb96b3a33191c804d5a0f,2048,7680,0.061752,16188,245956,0,0,0,16188
7e059274c3afb96b3a33191c804d5a0f,2560,7680,0.276443,72468,189676,0,0,26570,45898
7e059274c3afb96b3a33191c804d5a0f,3072,7680,0.311665,81701,180443,0,0,5477,76224
7e059274c3afb96b3a33191c804d5a0f,3584,7680,0.27623,72412,189732,0,0,36047,36365
7e059274c3afb96b3a33191c804d5a0f,2048,8192,0.023327,6115,256029,0,2219,0,3896
7e059274c3afb96b3a33191c804d5a0f,2560,8192,0.216335,56711,205433,0,2342,38819,15550
7e059274c3afb96b3a33191c804d5a0f,3072,8192,0.4254,111516,150628,0,0,95364,16152
7e059274c3afb96b3a33191c804d5a0f,3584,8192,0.178864,46888,215256,0,0,41293,5595
7e059274c3afb96b3a33191c804d5a0f,2560,8704,0.251049,65811,196333,0,0,0,65811
7e059274c3afb96b3a33191c804d5a0f,3072,8704,0.260822,68373,193771,0,0,34306,34067
7e059274c3afb96b3a33191c804d5a0f,3584,8704,0.266533,69870,192274,0,0,37711,32159
7e059274c3afb96b3a33191c804d5a0f,4096,8704,0.067345,17654,244490,0,0,15094,2560
7e059274c3afb96b3a33191c804d5a0f,2560,9216,0.062511,16387,245757,0,0,0,16387
7e059274c3afb96b3a33191c804d5a0f,3072,9216,0.138981,36433,225711,0,16938,0,19495
7e059274c3afb96b3a33191c804d5a0f,3584,9216,0.39127,102569,159575,0,0,42610,59959
7e059274c3afb96b3a33191c804d5a0f,4096,9216,0.153965,40361,221783,0,0,20229,20132
7e059274c3afb96b3a33191c804d5a0f,2560,9728,0.091866,24082,238062,0,0,2985,21097
7e059274c3afb96b3a33191c804d5a0f,3072,9728,0.200146,52467,209677,0,0,5270,47197
7e059274c3afb96b3a33191c804d5a0f,3584,9728,0.299137,78417,183727,0,0,38289,40128
7e059274c3afb96b3a33191c804d5a0f,4096,9728,0.325184,85245,176899,0,0,47961,37284
7e059274c3afb96b3a33191c804d5a0f,2560,10240,0.017525,4594,257550,0,0,4594,0
7e059274c3afb96b3a33191c804d5a0f,3072,10240,0.240215,62971,199173,0,0,61710,1261
7e059274c3afb96b3a33191c804d5a0f,3584,10240,0.279594,73294,188850,0,0,17570,55724
7e059274c3afb96b3a33191c804d5a0f,4096,10240,0.484356,126971,135173,0,0,126971,0
7e059274c3afb96b3a33191c804d5a0f,3072,10752,0.259705,68080,194064,0,0,20388,47692
7e059274c3afb96b3a33191c804d5a0f,3584,10752,0.354256,92866,169278,0,0,41661,51205
7e059274c3afb96b3a33191c804d5a0f,4096,10752,0.294216,77127,185017,0,0,58290,18837
7e059274c3afb96b3a33191c804d5a0f,4608,10752,0.089787,23537,238607,0,0,23537,0
7e059274c3afb96b3a33191c804d5a0f,3072,11264,0.129158,33858,228286,0,0,195,33663
7e059274c3afb96b3a33191c804d5a0f,3584,11264,0.38398,100658,161486,0,0,5788,94870
7e059274c3afb96b3a33191c804d5a0f,4096,11264,0.408222,107013,155131,0,0,30942,76071
7e059274c3afb96b3a33191c804d5a0f,4608,11264,0.297028,77864,184280,0,0,40823,37041
7e059274c3afb96b3a33191c804d5a0f,3072,11776,0.057545,15085,247059,0,0,3799,11286
7e059274c3afb96b3a33191c804d5a0f,3584,11776,0.285484,74838,187306,0,0,6450,68388
7e059274c3afb96b3a33191c804d5a0f,4096,11776,0.376282,98640,163504,0,0,0,98640
7e059274c3afb96b3a33191c804d5a0f,4608,11776,0.554726,145418,116726,0,0,125844,19574
7e059274c3afb96b3a33191c804d5a0f,5120,11776,0.05872,15393,246751,0,0,3986,11407
7e059274c3afb96b3a33191c804d5a0f,3584,12288,0.129524,33954,228190,0,0,0,33954
7e059274c3afb96b3a33191c804d5a0f,4096,12288,0.328739,86177,175967,0,0,1210,84967
7e059274c3afb96b3a33191c804d5a0f,4608,12288,0.466103,122186,139958,0,0,55531,66655
7e059274c3afb96b3a33191c804d5a0f,5120,12288,0.294437,77185,184959,0,0,0,77185
7e059274c3afb96b3a33191c804d5a0f,3584,12800,0.017685,4636,257508,0,0,0,4636
7e059274c3afb96b3a33191c804d5a0f,4096,12800,0.141571,37112,225032,0,0,2204,34908
7e059274c3afb96b3a33191c804d5a0f,4608,12800,0.169861,44528,217616,0,0,18458,26070
7e059274c3afb96b3a33191c804d5a0f,5120,12800,0.261349,68511,193633,0,0,14973,53538
7e059274c3afb96b3a33191c804d5a0f,4096,13312,0.092842,24338,237806,0,0,1483,22855
7e059274c3afb96b3a33191c804d5a0f,4608,13312,0.247307,64830,197314,0,0,52025,12805
7e059274c3afb96b3a33191c804d5a0f,5120,13312,0.370644,97162,164982,0,0,25768,71394
7e059274c3afb96b3a33191c804d5a0f,5632,13312,0.194981,51113,211031,0,0,42788,8325
7e059274c3afb96b3a33191c804d5a0f,4096,13824,0.083336,21846,240298,0,0,0,21846
7e059274c3afb96b3a33191c804d5a0f,4608,13824,0.314693,82495,179649,0,0,1957,80538
7e059274c3afb96b3a33191c804d5a0f,5120,13824,0.424877,111379,150765,0,0,100721,10658
7e059274c3afb96b3a33191c804d5a0f,5632,13824,0.389515,102109,160035,0,0,85657,16452
7e059274c3afb96b3a33191c804d5a0f,4096,14336,0.011448,3001,259143,0,0,0,3001
7e059274c3afb96b3a33191c804d5a0f,4608,14336,0.252728,66251,195893,0,0,0,66251
7e059274c3afb96b3a33191c804d5a0f,5120,14336,0.295647,77502,184642,0,0,35977,41525
7e059274c3afb96b3a33191c804d5a0f,5632,14336,0.598358,156856,105288,0,0,148612,8244
7e059274c3afb96b3a33191c804d5a0f,6144,14336,0.035099,9201,252943,0,0,9201,0
7e059274c3afb96b3a33191c804d5a0f,4608,14848,0.126225,33089,229055,0,0,0,33089
7e059274c3afb96b3a33191c804d5a0f,5120,14848,0.170986,44823,217321,0,0,1172,43651
7e059274c3afb96b3a33191c804d5a0f,5632,14848,0.32634,85548,176596,0,0,37191,48357
7e059274c3afb96b3a33191c804d5a0f,6144,14848,0.226261,59313,202831,0,0,58800,513
7e059274c3afb96b3a33191c804d5a0f,4608,15360,0.017208,4511,257633,0,0,0,4511
7e059274c3afb96b3a33191c804d5a0f,5120,15360,0.177544,46542,215602,0,0,4706,41836
7e059274c3afb96b3a33191c804d5a0f,5632,15360,0.16164,42373,219771,0,0,36994,5379
7e059274c3afb96b3a33191c804d5a0f,6144,15360,0.022205,5821,256323,0,0,0,5821
7e059274c3afb96b3a33191c804d5a0f,5120,15872,0.119358,31289,230855,0,0,7263,24026
7e059274c3afb96b3a33191c804d5a0f,5632,15872,0.469898,123181,138963,0,0,121771,1410
7e059274c3afb96b3a33191c804d5a0f,6144,15872,0.300129,78677,183467,0,0,78677,0
7e059274c3afb96b3a33191c804d5a0f,5632,16384,0.370487,97121,165023,0,0,76930,20191
7e059274c3afb96b3a33191c804d5a0f,6144,16384,0.163532,42869,219275,0,0,42869,0
7e059274c3afb96b3a33191c804d5a0f,6656,16384,0.184898,48470,213674,0,0,48470,0
7e059274c3afb96b3a33191c804d5a0f,5632,16896,0.177799,46609,215535,0,0,16997,29612
7e059274c3afb96b3a33191c804d5a0f,6144,16896,0.281376,73761,188383,0,0,4665,69096
7e059274c3afb96b3a33191c804d5a0f,6656,16896,0.225529,59121,203023,0,0,47082,12039
7e059274c3afb96b3a33191c804d5a0f,6144,17408,0.139912,36677,225467,0,0,32491,4186
7e059274c3afb96b3a33191c804d5a0f,6656,17408,0.301006,78907,183237,0,0,56640,22267
8f4389cc541dbe6eb4bcd793d0626891,25088,2048,0.028008,7342,254802,0,7342,0,0
8f4389cc541dbe6eb4bcd793d0626891,25600,2048,0.020908,5481,256663,0,5481,0,0
8f4389cc541dbe6eb4bcd793d0626891,23040,2560,0.015491,4061,258083,3589,0,472,0
8f4389cc541dbe6eb4bcd793d0626891,23552,2560,0.013973,3663,258481,3663,0,0,0
8f4389cc541dbe6eb4bcd793d0626891,24064,2560,0.166027,43523,218621,0,43523,0,0
8f4389cc541dbe6eb4bcd793d0626891,24576,2560,0.134354,35220,226924,0,30539,4681,0
8f4389cc541dbe6eb4bcd793d0626891,25088,2560,0.098736,25883,236261,0,11785,14098,0
8f4389cc541dbe6eb4bcd793d0626891,25600,2560,0.168934,44285,217859,0,24601,19684,0
8f4389cc541dbe6eb4bcd793d0626891,3072,3072,0.04464,11702,250442,11702,0,0,0
8f4389cc541dbe6eb4bcd793d0626891,3584,3072,0.021496,5635,256509,5635,0,0,0
8f4389cc541dbe6eb4bcd793d0626891,4096,3072,0.36718,96254,165890,96254,0,0,0
8f4389cc541dbe6eb4bcd793d0626891,8192,3072,0.043774,11475,250669,0,0,11475,0
8f4389cc541dbe6eb4bcd793d0626891,8704,3072,0.382607,100298,161846,0,0,100298,0
8f4389cc541dbe6eb4bcd793d0626891,9216,3072,0.39513,103581,158563,0,0,103581,0
8f4389cc541dbe6eb4bcd793d0626891,9728,3072,0.410271,107550,154594,0,0,107550,0
8f4389cc541dbe6eb4bcd793d0626891,10240,3072,0.269482,70643,191501,0,0,70643,0
8f4389cc541dbe6eb4bcd793d0626891,22016,3072,0.108749,28508,233636,0,0,28508,0
8f4389cc541dbe6eb4bcd793d0626891,22528,3072,0.465359,121991,140153,0,16597,105394,0
8f4389cc541dbe6eb4bcd793d0626891,23040,3072,0.35767,93761,168383,0,19419,71066,3276
8f4389cc541dbe6eb4bcd793d0626891,23552,3072,0.251415,65907,196237,10374,40127,15406,0
8f4389cc541dbe6eb4bcd793d0626891,24064,3072,0.342224,89712,172432,0,75752,13960,0
8f4389cc541dbe6eb4bcd793d0626891,24576,3072,0.315884,82807,179337,0,17340,65467,0
8f4389cc541dbe6eb4bcd793d0626891,25088,3072,0.350426,91862,170282,0,86796,5066,0
8f4389cc541dbe6eb4bcd793d0626891,25600,3072,0.376038,98576,163568,0,63848,34728,0
8f4389cc541dbe6eb4bcd793d0626891,2560,3584,0.094952,24891,237253,24891,0,0,0
8f4389cc541dbe6eb4bcd793d0626891,3072,3584,0.361027,94641,167503,94641,0,0,0
8f4389cc541dbe6eb4bcd793d0626891,3584,3584,0.031574,8277,253867,8277,0,0,0
8f4389cc541dbe6eb4bcd793d0626891,6656,3584,0.14497,38003,224141,0,0,38003,0
8f4389cc541dbe6eb4bcd793d0626891,7168,3584,0.085979,22539,239605,0,0,22539,0
8f4389cc541dbe6eb4bcd793d0626891,8192,3584,0.478535,125445,136699,0,39436,86009,0
8f4389cc541dbe6eb4bcd793d0626891,8704,3584,0.662971,173794,88350,0,17599,156195,0
8f4389cc541dbe6eb4bcd793d0626891,9216,3584,0.98912,259292,2852,0,0,259292,0
8f4389cc541dbe6eb4bcd793d0626891,9728,3584,1.0,262144,0,0,0,262144,0
8f4389cc541dbe6eb4bcd793d0626891,10240,3584,1.0,262144,0,0,0,262144,0
8f4389cc541dbe6eb4bcd793d0626891,10752,3584,0.884853,231959,30185,0,0,231959,0
8f4389cc541dbe6eb4bcd793d0626891,11264,3584,0.782917,205237,56907,0,0,205237,0
8f4389cc541dbe6eb4bcd793d0626891,11776,3584,0.715691,187614,74530,0,0,187614,0
8f4389cc541dbe6eb4bcd793d0626891,12288,3584,0.621838,163011,99133,0,0,163011,0
8f4389cc541dbe6eb4bcd793d0626891,12800,3584,0.387177,101496,160648,0,0,101496,0
8f4389cc541dbe6eb4bcd793d0626891,20480,3584,0.122719,32170,229974,0,0,32170,0
8f4389cc541dbe6eb4bcd793d0626891,20992,3584,0.184204,48288,213856,0,0,48288,0
8f4389cc541dbe6eb4bcd793d0626891,21504,3584,0.204632,53643,208501,0,0,53643,0
8f4389cc541dbe6eb4bcd793d0626891,22016,3584,0.669605,175533,86611,0,0,175533,0
8f4389cc541dbe6eb4bcd793d0626891,22528,3584,0.939743,246348,15796,0,0,246348,0
8f4389cc541dbe6eb4bcd793d0626891,23040,3584,0.498779,130752,131392,0,26986,103766,0
8f4389cc541dbe6eb4bcd793d0626891,23552,3584,0.452473,118613,143531,0,5090,113523,0
8f4389cc541dbe6eb4bcd793d0626891,24064,3584,0.245964,64478,197666,0,30329,34149,0
8f4389cc541dbe6eb4bcd793d0626891,24576,3584,0.099796,26161,235983,0,8474,17687,0
8f4389cc541dbe6eb4bcd793d0626891,25088,3584,0.144962,38001,224143,0,33287,4714,0
8f4389cc541dbe6eb4bcd793d0626891,25600,3584,0.172119,45120,217024,0,15464,29656,0
8f4389cc541dbe6eb4bcd793d0626891,2560,4096,0.025749,6750,255394,6750,0,0,0
8f4389cc541dbe6eb4bcd793d0626891,3072,4096,0.167511,43912,218232,43912,0,0,0
8f4389cc541dbe6eb4bcd793d0626891,8192,4096,0.066391,17404,244740,0,17404,0,0
8f4389cc541dbe6eb4bcd793d0626891,8704,4096,0.146152,38313,223831,0,38313,0,0
8f4389cc541dbe6eb4bcd793d0626891,9216,4096,0.325951,85446,176698,0,0,85446,0
8f4389cc541dbe6eb4bcd793d0626891,9728,4096,0.899956,235918,26226,0,0,235918,0
8f4389cc541dbe6eb4bcd793d0626891,10240,4096,0.965904,253206,8938,0,0,253206,0
8f4389cc541dbe6eb4bcd793d0626891,10752,4096,1.0,262144,0,0,0,262144,0
8f4389cc541dbe6eb4bcd793d0626891,11264,4096,1.0,262144,0,0,0,262144,0
8f4389cc541dbe6eb4bcd793d0626891,11776,4096,1.0,262144,0,0,0,262144,0
8f4389cc541dbe6eb4bcd793d0626891,12288,4096,1.0,262144,0,0,0,262144,0
8f4389cc541dbe6eb4bcd793d0626891,12800,4096,1.0,262144,0,0,0,262144,0
8f4389cc541dbe6eb4bcd793d0626891,13312,4096,0.801769,210179,51965,0,0,210179,0
8f4389cc541dbe6eb4bcd793d0626891,13824,4096,0.397068,104089,158055,0,0,104089,0
8f4389cc541dbe6eb4bcd793d0626891,14336,4096,0.059212,15522,246622,0,15359,163,0
8f4389cc541dbe6eb4bcd793d0626891,14848,4096,0.08503,22290,239854,0,7363,14927,0
8f4389cc541dbe6eb4bcd793d0626891,15360,4096,0.031013,8130,254014,0,0,8130,0
8f4389cc541dbe6eb4bcd793d0626891,19456,4096,0.284908,74687,187457,0,16060,58627,0
8f4389cc541dbe6eb4bcd793d0626891,19968,4096,0.706848,185296,76848,0,0,185296,0
8f4389cc541dbe6eb4bcd793d0626891,20480,4096,0.84317,221032,41112,0,0,221032,0
8f4389cc541dbe6eb4bcd793d0626891,20992,4096,0.902096,236479,25665,0,0,236479,0
8f4389cc541dbe6eb4bcd793d0626891,21504,4096,0.714077,187191,74953,0,0,187191,0
8f4389cc541dbe6eb4bcd793d0626891,22016,4096,0.518585,135944,126200,0,0,129687,6257
8f4389cc541dbe6eb4bcd793d0626891,22528,4096,0.865032,226763,35381,0,0,226763,0
8f4389cc541dbe6eb4bcd793d0626891,23040,4096,0.183296,48050,214094,0,0,48050,0
8f4389cc541dbe6eb4bcd793d0626891,10240,4608,0.022587,5921,256223,0,0,5921,0
8f4389cc541dbe6eb4bcd793d0626891,10752,4608,0.33569,87999,174145,0,0,87999,0
8f4389cc541dbe6eb4bcd793d0626891,11264,4608,0.468056,122698,139446,0,0,122698,0
8f4389cc541dbe6eb4bcd793d0626891,11776,4608,0.530621,139099,123045,0,0,139099,0
8f4389cc541dbe6eb4bcd793d0626891,12288,4608,0.836536,219293,42851,0,0,219293,0
8f4389cc541dbe6eb4bcd793d0626891,12800,4608,0.997135,261393,751,0,0,261393,0
8f4389cc541dbe6eb4bcd793d0626891,13312,4608,0.807831,211768,50376,0,47507,164261,0
8f4389cc541dbe6eb4bcd793d0626891,13824,4608,0.663502,173933,88211,0,50286,123647,0
8f4389cc541dbe6eb4bcd793d0626891,14336,4608,0.366165,95988,166156,0,76448,19540,0
8f4389cc541dbe6eb4bcd793d0626891,14848,4608,0.814236,213447,48697,0,47863,165584,0
8f4389cc541dbe6eb4bcd793d0626891,15360,4608,0.92981,243744,18400,0,0,243744,0
8f4389cc541dbe6eb4bcd793d0626891,15872,4608,0.515438,135119,127025,0,23053,112066,0
8f4389cc541dbe6eb4bcd793d0626891,16384,4608,0.137897,36149,225995,0,0,36149,0
8f4389cc541dbe6eb4bcd793d0626891,17408,4608,0.201942,52938,209206,0,0,52938,0
8f4389cc541dbe6eb4bcd793d0626891,17920,4608,0.27121,71096,191048,0,0,71096,0
8f4389cc541dbe6eb4bcd793d0626891,18432,4608,0.209988,55047,207097,0,37316,17731,0
8f4389cc541dbe6eb4bcd793d0626891,18944,4608,0.455944,119523,142621,0,71638,34714,13171
8f4389cc541dbe6eb4bcd793d0626891,19456,4608,0.453293,118828,143316,0,48289,70539,0
8f4389cc541dbe6eb4bcd793d0626891,19968,4608,0.937531,245768,16376,0,0,245768,0
8f4389cc541dbe6eb4bcd793d0626891,20480,4608,1.0,262144,0,0,0,262144,0
8f4389cc541dbe6eb4bcd793d0626891,20992,4608,0.293514,76943,185201,0,0,76943,0
8f4389cc541dbe6eb4bcd793d0626891,21504,4608,0.52195,136826,125318,0,0,136826,0
8f4389cc541dbe6eb4bcd793d0626891,22016,4608,0.505871,132611,129533,0,0,132611,0
8f4389cc541dbe6eb4bcd793d0626891,22528,4608,0.1521,39872,222272,0,0,39872,0
8f4389cc541dbe6eb4bcd793d0626891,12288,5120,0.023926,6272,255872,0,0,6272,0
8f4389cc541dbe6eb4bcd793d0626891,12800,5120,0.029339,7691,254453,0,0,7691,0
8f4389cc541dbe6eb4bcd793d0626891,13312,5120,0.092438,24232,237912,0,8640,15592,0
8f4389cc541dbe6eb4bcd793d0626891,13824,5120,0.388908,101950,160194,0,74812,27138,0
8f4389cc541dbe6eb4bcd793d0626891,14336,5120,0.433369,113605,148539,0,86936,26669,0
8f4389cc541dbe6eb4bcd793d0626891,14848,5120,0.343578,90067,172077,0,21049,69018,0
8f4389cc541dbe6eb4bcd793d0626891,15360,5120,0.839722,220128,42016,0,0,220128,0
8f4389cc541dbe6eb4bcd793d0626891,15872,5120,1.0,262144,0,0,0,262144,0
8f4389cc541dbe6eb4bcd793d0626891,16384,5120,1.0,262144,0,0,0,262144,0
8f4389cc541dbe6eb4bcd793d0626891,16896,5120,0.706844,185295,76849,0,0,185295,0
8f4389cc541dbe6eb4bcd793d0626891,17408,5120,0.822739,215676,46468,0,0,215676,0
8f4389cc541dbe6eb4bcd793d0626891,17920,5120,0.467735,122614,139530,0,269,110225,12120
8f4389cc541dbe6eb4bcd793d0626891,18432,5120,0.166843,43737,218407,0,17895,25579,263
8f4389cc541dbe6eb4bcd793d0626891,18944,5120,0.427299,112014,150130,0,47969,64045,0
8f4389cc541dbe6eb4bcd793d0626891,19456,5120,0.500782,131277,130867,0,0,131277,0
8f4389cc541dbe6eb4bcd793d0626891,19968,5120,0.341774,89594,172550,0,0,89594,0
8f4389cc541dbe6eb4bcd793d0626891,20480,5120,0.361744,94829,167315,0,0,94829,0
8f4389cc541dbe6eb4bcd793d0626891,20992,5120,0.019146,5019,257125,0,0,5019,0
8f4389cc541dbe6eb4bcd793d0626891,21504,5120,0.024822,6507,255637,0,0,6507,0
8f4389cc541dbe6eb4bcd793d0626891,14848,5632,0.139324,36523,225621,0,36523,0,0
8f4389cc541dbe6eb4bcd793d0626891,15360,5632,0.396843,104030,158114,0,0,104030,0
8f4389cc541dbe6eb4bcd793d0626891,15872,5632,0.81488,213616,48528,0,0,213616,0
8f4389cc541dbe6eb4bcd793d0626891,16384,5632,0.995682,261012,1132,0,0,261012,0
8f4389cc541dbe6eb4bcd793d0626891,16896,5632,0.885975,232253,29891,0,0,232253,0
8f4389cc541dbe6eb4bcd793d0626891,17408,5632,0.94735,248342,13802,0,0,248342,0
8f4389cc541dbe6eb4bcd793d0626891,17920,5632,0.162701,42651,219493,0,0,42517,134
8f4389cc541dbe6eb4bcd793d0626891,18432,5632,0.011768,3085,259059,0,0,0,3085
8f4389cc541dbe6eb4bcd793d0626891,16384,6144,0.307281,80552,181592,0,0,80552,0
8f4389cc541dbe6eb4bcd793d0626891,16896,6144,0.341869,89619,172525,0,0,89619,0
8f4389cc541dbe6eb4bcd793d0626891,17408,6144,0.126492,33159,228985,0,0,33159,0
9362ecc68839f01d586019a2782f3552,2560,3072,0.093822,24595,237549,0,24595,0,0
9362ecc68839f01d586019a2782f3552,3072,3072,0.019878,5211,256933,0,5211,0,0
9362ecc68839f01d586019a2782f3552,2560,3584,0.106632,27953,234191,0,27953,0,0
9362ecc68839f01d586019a2782f3552,3072,3584,0.171581,44979,217165,0,43009,1970,0
9362ecc68839f01d586019a2782f3552,2048,4096,0.02034,5332,256812,0,5332,0,0
9362ecc68839f01d586019a2782f3552,2560,4096,0.440067,115361,146783,0,102169,13192,0
9362ecc68839f01d586019a2782f3552,3072,4096,0.528118,138443,123701,0,78232,60211,0
9362ecc68839f01d586019a2782f3552,3584,4096,0.142159,37266,224878,0,28537,8729,0
9362ecc68839f01d586019a2782f3552,2560,4608,0.141525,37100,225044,0,34688,2412,0
9362ecc68839f01d586019a2782f3552,3072,4608,0.705723,185001,77143,0,119444,65557,0
9362ecc68839f01d586019a2782f3552,3584,4608,0.603035,158082,104062,0,156941,1141,0
9362ecc68839f01d586019a2782f3552,2560,5120,0.104664,27437,234707,11467,15970,0,0
9362ecc68839f01d586019a2782f3552,3072,5120,0.670513,175771,86373,74970,53896,46905,0
9362ecc68839f01d586019a2782f3552,3584,5120,0.671906,176136,86008,68369,105203,2564,0
9362ecc68839f01d586019a2782f3552,4096,5120,0.017361,4551,257593,0,4551,0,0
9362ecc68839f01d586019a2782f3552,2560,5632,0.13002,34084,228060,26391,7693,0,0
9362ecc68839f01d586019a2782f3552,3072,5632,0.693565,181814,80330,35300,65493,81021,0
9362ecc68839f01d586019a2782f3552,3584,5632,0.715694,187615,74529,11484,172466,3665,0
9362ecc68839f01d586019a2782f3552,4096,5632,0.019199,5033,257111,0,5033,0,0
9362ecc68839f01d586019a2782f3552,2560,6144,0.21154,55454,206690,0,55454,0,0
9362ecc68839f01d586019a2782f3552,3072,6144,0.697205,182768,79376,0,139188,43580,0
9362ecc68839f01d586019a2782f3552,3584,6144,0.465416,122006,140138,0,93269,28737,0
9362ecc68839f01d586019a2782f3552,2560,6656,0.174591,45768,216376,0,45768,0,0
9362ecc68839f01d586019a2782f3552,3072,6656,0.475624,124682,137462,0,61322,63360,0
9362ecc68839f01d586019a2782f3552,3584,6656,0.065716,17227,244917,0,7335,9892,0
9362ecc68839f01d586019a2782f3552,3584,7168,0.204643,53646,208498,0,41646,12000,0
9362ecc68839f01d586019a2782f3552,3072,7680,0.157463,41278,220866,0,40214,1064,0
9362ecc68839f01d586019a2782f3552,3584,7680,0.101562,26624,235520,0,26624,0,0
9362ecc68839f01d586019a2782f3552,4096,8192,0.168701,44224,217920,44224,0,0,0
9362ecc68839f01d586019a2782f3552,4608,8192,0.075802,19871,242273,19871,0,0,0
9362ecc68839f01d586019a2782f3552,3584,8704,0.329357,86339,175805,0,30229,56110,0
9362ecc68839f01d586019a2782f3552,4096,8704,0.075199,19713,242431,10316,7538,1859,0
9362ecc68839f01d586019a2782f3552,4608,8704,0.143444,37603,224541,7647,29956,0,0
9362ecc68839f01d586019a2782f3552,3584,9216,0.087372,22904,239240,0,7387,15517,0
9362ecc68839f01d586019a2782f3552,4096,9216,0.24754,64891,197253,0,33390,31501,0
9362ecc68839f01d586019a2782f3552,4608,9216,0.268005,70256,191888,0,70256,0,0
9362ecc68839f01d586019a2782f3552,3584,9728,0.058788,15411,246733,0,0,15411,0
9362ecc68839f01d586019a2782f3552,4096,9728,0.400799,105067,157077,0,44453,60614,0
9362ecc68839f01d586019a2782f3552,4608,9728,0.105885,27757,234387,0,5071,22686,0
9362ecc68839f01d586019a2782f3552,3584,10240,0.136429,35764,226380,11340,24424,0,0
9362ecc68839f01d586019a2782f3552,4096,10240,0.290997,76283,185861,39823,36460,0,0
9362ecc68839f01d586019a2782f3552,4608,10240,0.523613,137262,124882,0,137262,0,0
9362ecc68839f01d586019a2782f3552,5120,10240,0.313965,82304,179840,0,82304,0,0
9362ecc68839f01d586019a2782f3552,3584,10752,0.039162,10266,251878,10266,0,0,0
9362ecc68839f01d586019a2782f3552,4096,10752,0.273708,71751,190393,11519,60232,0,0
9362ecc68839f01d586019a2782f3552,4608,10752,0.97897,256631,5513,0,256631,0,0
9362ecc68839f01d586019a2782f3552,5120,10752,0.369019,96736,165408,0,96736,0,0
9362ecc68839f01d586019a2782f3552,4096,11264,0.696861,182678,79466,0,34235,148443,0
9362ecc68839f01d586019a2782f3552,4608,11264,0.766315,200885,61259,0,187264,13621,0
9362ecc68839f01d586019a2782f3552,5120,11264,0.192974,50587,211557,0,50587,0,0
9362ecc68839f01d586019a2782f3552,4096,11776,0.518677,135968,126176,0,68741,67227,0
9362ecc68839f01d586019a2782f3552,4608,11776,0.7873,206386,55758,0,206386,0,0
9362ecc68839f01d586019a2782f3552,5120,11776,0.444286,116467,145677,0,116467,0,0
9362ecc68839f01d586019a2782f3552,4096,12288,0.273144,71603,190541,0,71603,0,0
9362ecc68839f01d586019a2782f3552,4608,12288,0.812359,212955,49189,0,109744,103211,0
9362ecc68839f01d586019a2782f3552,5120,12288,0.797073,208948,53196,0,33602,175346,0
9362ecc68839f01d586019a2782f3552,5632,12288,0.064144,16815,245329,0,14069,2746,0
9362ecc68839f01d586019a2782f3552,4096,12800,0.066124,17334,244810,0,17334,0,0
9362ecc68839f01d586019a2782f3552,4608,12800,0.614758,161155,100989,0,145825,15330,0
9362ecc68839f01d586019a2782f3552,5120,12800,0.911385,238914,23230,0,204424,34490,0
9362ecc68839f01d586019a2782f3552,5632,12800,0.307285,80553,181591,0,80553,0,0
9362ecc68839f01d586019a2782f3552,4096,13312,0.04771,12507,249637,0,6845,5662,0
9362ecc68839f01d586019a2782f3552,4608,13312,0.387623,101613,160531,0,22785,78828,0
9362ecc68839f01d586019a2782f3552,5120,13312,0.44849,117569,144575,0,92697,24872,0
9362ecc68839f01d586019a2782f3552,5632,13312,0.038612,10122,252022,0,10122,0,0
9362ecc68839f01d586019a2782f3552,4608,13824,0.775951,203411,58733,0,0,203411,0
9362ecc68839f01d586019a2782f3552,5120,13824,0.935371,245202,16942,0,0,245202,0
9362ecc68839f01d586019a2782f3552,5632,13824,0.313438,82166,179978,0,0,82166,0
9362ecc68839f01d586019a2782f3552,4608,14336,0.291733,76476,185668,0,0,76476,0
9362ecc68839f01d586019a2782f3552,5120,14336,0.550648,144349,117795,0,0,144349,0
9362ecc68839f01d586019a2782f3552,5632,14336,0.541412,141928,120216,0,0,141928,0
9362ecc68839f01d586019a2782f3552,6144,14336,0.051041,13380,248764,0,0,13380,0
9362ecc68839f01d586019a2782f3552,5120,14848,0.830326,217665,44479,0,0,217665,0
9362ecc68839f01d586019a2782f3552,5632,14848,0.775593,203317,58827,0,0,203317,0
9362ecc68839f01d586019a2782f3552,6144,14848,0.591045,154939,107205,0,0,154939,0
9362ecc68839f01d586019a2782f3552,6656,14848,0.019421,5091,257053,0,0,5091,0
9362ecc68839f01d586019a2782f3552,5120,15360,0.839088,219962,42182,0,0,219962,0
9362ecc68839f01d586019a2782f3552,5632,15360,0.88533,232084,30060,0,0,232084,0
9362ecc68839f01d586019a2782f3552,6144,15360,0.734905,192651,69493,0,0,192651,0
9362ecc68839f01d586019a2782f3552,6656,15360,0.037548,9843,252301,0,0,9843,0
9362ecc68839f01d586019a2782f3552,5120,15872,0.394924,103527,158617,0,0,103527,0
9362ecc68839f01d586019a2782f3552,5632,15872,0.618767,162206,99938,0,38871,123335,0
9362ecc68839f01d586019a2782f3552,6144,15872,1.0,262144,0,0,0,262144,0
9362ecc68839f01d586019a2782f3552,6656,15872,0.480648,125999,136145,0,0,125999,0
9362ecc68839f01d586019a2782f3552,5120,16384,0.320473,84010,178134,0,0,84010,0
9362ecc68839f01d586019a2782f3552,5632,16384,0.344635,90344,171800,0,43107,47237,0
9362ecc68839f01d586019a2782f3552,6144,16384,0.988979,259255,2889,0,0,259255,0
9362ecc68839f01d586019a2782f3552,6656,16384,0.786552,206190,55954,0,0,206190,0
9362ecc68839f01d586019a2782f3552,5120,16896,0.063431,16628,245516,0,0,16628,0
9362ecc68839f01d586019a2782f3552,5632,16896,0.721615,189167,72977,0,24618,164549,0
9362ecc68839f01d586019a2782f3552,6144,16896,1.0,262144,0,0,0,262144,0
9362ecc68839f01d586019a2782f3552,6656,16896,0.79538,208504,53640,0,0,208504,0
9362ecc68839f01d586019a2782f3552,5632,17408,0.397469,104194,157950,0,0,104194,0
9362ecc68839f01d586019a2782f3552,6144,17408,0.52985,138897,123247,0,0,138897,0
9362ecc68839f01d586019a2782f3552,6656,17408,0.195271,51189,210955,0,0,51189,0
93757b4ce72684dad26c5e68b49829f7,20480,512,0.034206,8967,253177,8967,0,0,0
93757b4ce72684dad26c5e68b49829f7,22016,512,0.076927,20166,241978,20166,0,0,0
93757b4ce72684dad26c5e68b49829f7,14848,1024,0.069115,18118,244026,0,0,18118,0
93757b4ce72684dad26c5e68b49829f7,15360,1024,0.053558,14040,248104,0,11324,2716,0
93757b4ce72684dad26c5e68b49829f7,15872,1024,0.171501,44958,217186,0,0,44958,0
93757b4ce72684dad26c5e68b49829f7,16384,1024,0.017555,4602,257542,0,0,4602,0
93757b4ce72684dad26c5e68b49829f7,16896,1024,0.130268,34149,227995,0,4747,28539,863
93757b4ce72684dad26c5e68b49829f7,17408,1024,0.189034,49554,212590,0,0,49554,0
93757b4ce72684dad26c5e68b49829f7,17920,1024,0.22123,57994,204150,0,0,57994,0
93757b4ce72684dad26c5e68b49829f7,18432,1024,0.302708,79353,182791,0,3151,76202,0
93757b4ce72684dad26c5e68b49829f7,18944,1024,0.061131,16025,246119,0,0,16025,0
93757b4ce72684dad26c5e68b49829f7,20480,1024,0.365871,95911,166233,95911,0,0,0
93757b4ce72684dad26c5e68b49829f7,20992,1024,0.053368,13990,248154,13990,0,0,0
93757b4ce72684dad26c5e68b49829f7,22016,1024,0.487408,127771,134373,127771,0,0,0
93757b4ce72684dad26c5e68b49829f7,22528,1024,0.111092,29122,233022,16021,0,8477,4624
93757b4ce72684dad26c5e68b49829f7,23040,1024,0.125168,32812,229332,0,0,10973,21839
93757b4ce72684dad26c5e68b49829f7,11776,1536,0.046692,12240,249904,12240,0,0,0
93757b4ce72684dad26c5e68b49829f7,13312,1536,0.096104,25193,236951,0,25193,0,0
93757b4ce72684dad26c5e68b49829f7,13824,1536,0.141048,36975,225169,0,32082,4893,0
93757b4ce72684dad26c5e68b49829f7,14336,1536,0.133057,34880,227264,0,18882,15998,0
93757b4ce72684dad26c5e68b49829f7,14848,1536,0.235168,61648,200496,0,2074,59574,0
93757b4ce72684dad26c5e68b49829f7,15360,1536,0.093334,24467,237677,0,19126,5341,0
93757b4ce72684dad26c5e68b49829f7,15872,1536,0.381882,100108,162036,0,2327,97781,0
93757b4ce72684dad26c5e68b49829f7,16384,1536,0.059547,15610,246534,0,8410,7200,0
93757b4ce72684dad26c5e68b49829f7,16896,1536,0.240875,63144,199000,0,0,63144,0
93757b4ce72684dad26c5e68b49829f7,17408,1536,0.151867,39811,222333,0,0,39811,0
93757b4ce72684dad26c5e68b49829f7,17920,1536,0.14616,38315,223829,0,0,38315,0
93757b4ce72684dad26c5e68b49829f7,18432,1536,0.278957,73127,189017,0,17026,56101,0
93757b4ce72684dad26c5e68b49829f7,18944,1536,0.061642,16159,245985,0,0,16159,0
93757b4ce72684dad26c5e68b49829f7,20480,1536,0.049801,13055,249089,13055,0,0,0
93757b4ce72684dad26c5e68b49829f7,20992,1536,0.057247,15007,247137,15007,0,0,0
93757b4ce72684dad26c5e68b49829f7,22016,1536,0.2033,53294,208850,53294,0,0,0
93757b4ce72684dad26c5e68b49829f7,22528,1536,0.094807,24853,237291,24853,0,0,0
93757b4ce72684dad26c5e68b49829f7,11776,2048,0.215435,56475,205669,56475,0,0,0
93757b4ce72684dad26c5e68b49829f7,12288,2048,0.226299,59323,202821,59323,0,0,0
93c61a53aab1f24ced17419d1992bdf6,2048,3072,0.160061,41959,220185,0,41959,0,0
93c61a53aab1f24ced17419d1992bdf6,2560,3072,0.355396,93165,168979,0,93165,0,0
93c61a53aab1f24ced17419d1992bdf6,2560,3584,0.063549,16659,245485,0,8764,7895,0
93c61a53aab1f24ced17419d1992bdf6,3072,4096,0.120945,31705,230439,0,31705,0,0
93c61a53aab1f24ced17419d1992bdf6,3584,4096,0.439526,115219,146925,0,115219,0,0
93c61a53aab1f24ced17419d1992bdf6,4096,4096,0.018253,4785,257359,0,4785,0,0
93c61a53aab1f24ced17419d1992bdf6,3072,4608,0.054729,14347,247797,0,14347,0,0
93c61a53aab1f24ced17419d1992bdf6,3584,4608,0.346565,90850,171294,0,84129,6721,0
93c61a53aab1f24ced17419d1992bdf6,4096,4608,0.340343,89219,172925,0,85607,3612,0
93c61a53aab1f24ced17419d1992bdf6,3584,5120,0.102791,26946,235198,0,26946,0,0
93c61a53aab1f24ced17419d1992bdf6,4096,5120,0.97105,254555,7589,0,254555,0,0
93c61a53aab1f24ced17419d1992bdf6,4608,5120,0.184982,48492,213652,0,48492,0,0
93c61a53aab1f24ced17419d1992bdf6,4096,5632,0.3862,101240,160904,0,101240,0,0
93c61a53aab1f24ced17419d1992bdf6,4608,5632,0.54232,142166,119978,0,142166,0,0
93c61a53aab1f24ced17419d1992bdf6,4608,6144,0.243481,63827,198317,0,63827,0,0
93c61a53aab1f24ced17419d1992bdf6,5120,6144,0.096458,25286,236858,0,25286,0,0
93c61a53aab1f24ced17419d1992bdf6,5632,6144,0.052357,13725,248419,0,13725,0,0
93c61a53aab1f24ced17419d1992bdf6,4608,6656,0.064884,17009,245135,0,17009,0,0
93c61a53aab1f24ced17419d1992bdf6,5120,6656,0.490623,128614,133530,0,128614,0,0
93c61a53aab1f24ced17419d1992bdf6,5632,6656,0.513142,134517,127627,0,134517,0,0
93c61a53aab1f24ced17419d1992bdf6,5120,7168,0.165501,43385,218759,0,43385,0,0
93c61a53aab1f24ced17419d1992bdf6,5632,7168,0.660759,173214,88930,0,173214,0,0
93c61a53aab1f24ced17419d1992bdf6,6144,7168,0.197235,51704,210440,0,51704,0,0
93c61a53aab1f24ced17419d1992bdf6,5120,7680,0.088272,23140,239004,0,23140,0,0
93c61a53aab1f24ced17419d1992bdf6,5632,7680,0.470638,123375,138769,0,90673,32702,0
93c61a53aab1f24ced17419d1992bdf6,6144,7680,0.476398,124885,137259,0,31357,93528,0
93c61a53aab1f24ced17419d1992bdf6,5632,8192,0.170818,44779,217365,0,0,44779,0
93c61a53aab1f24ced17419d1992bdf6,6144,8192,0.699478,183364,78780,0,0,183364,0
93c61a53aab1f24ced17419d1992bdf6,6656,8192,0.016499,4325,257819,0,4325,0,0
93c61a53aab1f24ced17419d1992bdf6,5632,8704,0.260353,68250,193894,0,9927,58323,0
93c61a53aab1f24ced17419d1992bdf6,6144,8704,0.278671,73052,189092,0,32702,40350,0
93c61a53aab1f24ced17419d1992bdf6,6656,8704,0.472866,123959,138185,0,34332,89627,0
93c61a53aab1f24ced17419d1992bdf6,7168,8704,0.164516,43127,219017,0,20290,22837,0
93c61a53aab1f24ced17419d1992bdf6,6656,9216,0.555096,145515,116629,0,140554,4961,0
93c61a53aab1f24ced17419d1992bdf6,7168,9216,0.36824,96532,165612,0,89752,0,6780
93c61a53aab1f24ced17419d1992bdf6,6656,9728,0.246849,64710,197434,0,58665,6045,0
93c61a53aab1f24ced17419d1992bdf6,7168,9728,0.705524,184949,77195,0,18128,166821,0
93c61a53aab1f24ced17419d1992bdf6,7680,9728,0.107258,28117,234027,0,0,28117,0
93c61a53aab1f24ced17419d1992bdf6,6656,10240,0.031673,8303,253841,0,8303,0,0
93c61a53aab1f24ced17419d1992bdf6,7168,10240,0.823238,215807,46337,0,25035,190772,0
93c61a53aab1f24ced17419d1992bdf6,7680,10240,0.533131,139757,122387,0,23674,116083,0
93c61a53aab1f24ced17419d1992bdf6,7168,10752,0.538101,141060,121084,0,0,141060,0
93c61a53aab1f24ced17419d1992bdf6,7680,10752,0.756195,198232,63912,0,39331,158901,0
93c61a53aab1f24ced17419d1992bdf6,8192,10752,0.128864,33781,228363,0,28642,5139,0
93c61a53aab1f24ced17419d1992bdf6,7168,11264,0.030254,7931,254213,0,6065,1866,0
93c61a53aab1f24ced17419d1992bdf6,7680,11264,0.759811,199180,62964,0,17302,181878,0
93c61a53aab1f24ced17419d1992bdf6,8192,11264,0.228626,59933,202211,0,52492,7441,0
93c61a53aab1f24ced17419d1992bdf6,7680,11776,0.494637,129666,132478,0,105065,24601,0
93c61a53aab1f24ced17419d1992bdf6,8192,11776,0.700836,183720,78424,0,18106,165614,0
93c61a53aab1f24ced17419d1992bdf6,7680,12288,0.228935,60014,202130,0,17975,42039,0
93c61a53aab1f24ced17419d1992bdf6,8192,12288,0.737762,193400,68744,0,30117,163283,0
93c61a53aab1f24ced17419d1992bdf6,8704,12288,0.052967,13885,248259,0,0,13885,0
93c61a53aab1f24ced17419d1992bdf6,7680,12800,0.279591,73293,188851,0,0,73293,0
93c61a53aab1f24ced17419d1992bdf6,8192,12800,0.59016,154707,107437,0,77827,76880,0
93c61a53aab1f24ced17419d1992bdf6,8704,12800,0.240871,63143,199001,0,0,63143,0
93c61a53aab1f24ced17419d1992bdf6,7680,13312,0.136368,35748,226396,0,13611,22137,0
93c61a53aab1f24ced17419d1992bdf6,8192,13312,0.622047,163066,99078,0,13513,149553,0
93c61a53aab1f24ced17419d1992bdf6,8704,13312,0.512032,134226,127918,0,0,134226,0
93c61a53aab1f24ced17419d1992bdf6,7680,13824,0.064705,16962,245182,0,11380,5582,0
93c61a53aab1f24ced17419d1992bdf6,8192,13824,0.581959,152557,109587,0,35398,117159,0
93c61a53aab1f24ced17419d1992bdf6,8704,13824,0.633442,166053,96091,0,0,166053,0
93c61a53aab1f24ced17419d1992bdf6,7680,14336,0.127563,33440,228704,0,0,33440,0
93c61a53aab1f24ced17419d1992bdf6,8192,14336,0.500786,131278,130866,0,17462,113816,0
93c61a53aab1f24ced17419d1992bdf6,8704,14336,0.546455,143250,118894,0,0,143250,0
93c61a53aab1f24ced17419d1992bdf6,7680,14848,0.049809,13057,249087,0,0,13057,0
93c61a53aab1f24ced17419d1992bdf6,8192,14848,0.80822,211870,50274,0,174467,37403,0
93c61a53aab1f24ced17419d1992bdf6,8704,14848,0.661243,173341,88803,0,84586,88755,0
93c61a53aab1f24ced17419d1992bdf6,8192,15360,0.970497,254410,7734,0,254410,0,0
93c61a53aab1f24ced17419d1992bdf6,8704,15360,0.817684,214351,47793,0,214351,0,0
93c61a53aab1f24ced17419d1992bdf6,7680,15872,0.027855,7302,254842,0,87,7215,0
93c61a53aab1f24ced17419d1992bdf6,8192,15872,0.844425,221361,40783,0,198839,22522,0
93c61a53aab1f24ced17419d1992bdf6,8704,15872,0.922432,241810,20334,0,241810,0,0
93c61a53aab1f24ced17419d1992bdf6,7680,16384,0.108295,28389,233755,0,20045,8344,0
93c61a53aab1f24ced17419d1992bdf6,8192,16384,0.769524,201726,60418,0,90124,111602,0
93c61a53aab1f24ced17419d1992bdf6,8704,16384,0.667042,174861,87283,0,153873,20988,0
93c61a53aab1f24ced17419d1992bdf6,7680,16896,0.063213,16571,245573,0,16571,0,0
93c61a53aab1f24ced17419d1992bdf6,8192,16896,0.893997,234356,27788,0,234356,0,0
93c61a53aab1f24ced17419d1992bdf6,8704,16896,0.684875,179536,82608,0,179536,0,0
93c61a53aab1f24ced17419d1992bdf6,7680,17408,0.162712,42654,219490,0,42654,0,0
93c61a53aab1f24ced17419d1992bdf6,8192,17408,0.968369,253852,8292,0,218863,34989,0
93c61a53aab1f24ced17419d1992bdf6,8704,17408,0.348633,91392,170752,0,80844,10548,0
93c61a53aab1f24ced17419d1992bdf6,7680,17920,0.153927,40351,221793,0,1395,38956,0
93c61a53aab1f24ced17419d1992bdf6,8192,17920,0.664967,174317,87827,0,29651,144666,0
93c61a53aab1f24ced17419d1992bdf6,8704,17920,0.073025,19143,243001,0,13235,5908,0
93c61a53aab1f24ced17419d1992bdf6,7680,18432,0.011795,3092,259052,0,3092,0,0
93c61a53aab1f24ced17419d1992bdf6,8192,18432,0.167385,43879,218265,0,0,43879,0
93c61a53aab1f24ced17419d1992bdf6,8704,18432,0.01281,3358,258786,0,0,3358,0
93c61a53aab1f24ced17419d1992bdf6,7680,18944,0.133343,34955,227189,0,30840,4115,0
93c61a53aab1f24ced17419d1992bdf6,8192,18944,0.092705,24302,237842,0,24237,65,0
93c61a53aab1f24ced17419d1992bdf6,7680,19456,0.011482,3010,259134,0,3010,0,0
93c61a53aab1f24ced17419d1992bdf6,7168,19968,0.050316,13190,248954,0,13190,0,0
93c61a53aab1f24ced17419d1992bdf6,7680,19968,0.121063,31736,230408,0,31736,0,0
94f7caa8da3e5c1d5507ddde7b6d6c24,7680,1024,0.024586,6445,255699,0,0,0,6445
94f7caa8da3e5c1d5507ddde7b6d6c24,8192,1024,0.050575,13258,248886,0,0,0,13258
94f7caa8da3e5c1d5507ddde7b6d6c24,8704,1024,0.361168,94678,167466,0,0,0,94678
94f7caa8da3e5c1d5507ddde7b6d6c24,8704,1536,0.247059,64765,197379,0,0,0,64765
94f7caa8da3e5c1d5507ddde7b6d6c24,7168,2048,0.317623,83263,178881,0,0,0,83263
94f7caa8da3e5c1d5507ddde7b6d6c24,7680,2048,0.506496,132775,129369,0,0,0,132775
94f7caa8da3e5c1d5507ddde7b6d6c24,8192,2048,0.517017,135533,126611,0,0,0,135533
94f7caa8da3e5c1d5507ddde7b6d6c24,8704,2048,0.216969,56877,205267,0,0,0,56877
94f7caa8da3e5c1d5507ddde7b6d6c24,6656,2560,0.022842,5988,256156,0,0,0,5988
94f7caa8da3e5c1d5507ddde7b6d6c24,7168,2560,0.316132,82872,179272,0,0,0,82872
94f7caa8da3e5c1d5507ddde7b6d6c24,7680,2560,0.702404,184131,78013,0,0,0,184131
94f7caa8da3e5c1d5507ddde7b6d6c24,8192,2560,0.424374,111247,150897,0,0,0,111247
94f7caa8da3e5c1d5507ddde7b6d6c24,8704,2560,0.122063,31998,230146,0,0,0,31998
94f7caa8da3e5c1d5507ddde7b6d6c24,6144,3072,0.143024,37493,224651,0,0,0,37493
94f7caa8da3e5c1d5507ddde7b6d6c24,6656,3072,0.275158,72131,190013,0,0,0,72131
94f7caa8da3e5c1d5507ddde7b6d6c24,7168,3072,0.448082,117462,144682,0,0,0,117462
94f7caa8da3e5c1d5507ddde7b6d6c24,7680,3072,0.202164,52996,209148,0,0,0,52996
94f7caa8da3e5c1d5507ddde7b6d6c24,8192,3072,0.104076,27283,234861,0,0,0,27283
94f7caa8da3e5c1d5507ddde7b6d6c24,5632,3584,0.064102,16804,245340,0,0,0,16804
94f7caa8da3e5c1d5507ddde7b6d6c24,6144,3584,0.302055,79182,182962,0,0,0,79182
94f7caa8da3e5c1d5507ddde7b6d6c24,6656,3584,0.632404,165781,96363,0,0,0,165781
94f7caa8da3e5c1d5507ddde7b6d6c24,7168,3584,0.515198,135056,127088,0,0,0,135056
94f7caa8da3e5c1d5507ddde7b6d6c24,5632,4096,0.449615,117864,144280,0,0,0,117864
94f7caa8da3e5c1d5507ddde7b6d6c24,6144,4096,0.385612,101086,161058,0,0,0,101086
94f7caa8da3e5c1d5507ddde7b6d6c24,6656,4096,0.435966,114286,147858,0,0,0,114286
94f7caa8da3e5c1d5507ddde7b6d6c24,7168,4096,0.101856,26701,235443,0,0,0,26701
94f7caa8da3e5c1d5507ddde7b6d6c24,5632,4608,0.592369,155286,106858,0,0,0,155286
94f7caa8da3e5c1d5507ddde7b6d6c24,6144,4608,0.232334,60905,201239,0,0,0,60905
94f7caa8da3e5c1d5507ddde7b6d6c24,6656,4608,0.177216,46456,215688,0,0,0,46456
94f7caa8da3e5c1d5507ddde7b6d6c24,5632,5120,0.56324,147650,114494,0,0,0,147650
94f7caa8da3e5c1d5507ddde7b6d6c24,6144,5120,0.420231,110161,151983,0,0,0,110161
94f7caa8da3e5c1d5507ddde7b6d6c24,6656,5120,0.177498,46530,215614,0,0,0,46530
94f7caa8da3e5c1d5507ddde7b6d6c24,5120,5632,0.23761,62288,199856,0,0,0,62288
94f7caa8da3e5c1d5507ddde7b6d6c24,5632,5632,0.75457,197806,64338,0,0,0,197806
94f7caa8da3e5c1d5507ddde7b6d6c24,6144,5632,0.46452,121771,140373,0,0,0,121771
94f7caa8da3e5c1d5507ddde7b6d6c24,4608,6144,0.011276,2956,259188,0,0,0,2956
94f7caa8da3e5c1d5507ddde7b6d6c24,5120,6144,0.648251,169935,92209,0,0,0,169935
94f7caa8da3e5c1d5507ddde7b6d6c24,5632,6144,0.58744,153994,108150,0,0,0,153994
94f7caa8da3e5c1d5507ddde7b6d6c24,4608,6656,0.136761,35851,226293,0,0,0,35851
94f7caa8da3e5c1d5507ddde7b6d6c24,5120,6656,0.745327,195383,66761,0,0,0,195383
94f7caa8da3e5c1d5507ddde7b6d6c24,5632,6656,0.437176,114603,147541,0,0,0,114603
94f7caa8da3e5c1d5507ddde7b6d6c24,4608,7168,0.092007,24119,238025,0,0,0,24119
94f7caa8da3e5c1d5507ddde7b6d6c24,5120,7168,0.758564,198853,63291,0,0,0,198853
94f7caa8da3e5c1d5507ddde7b6d6c24,5632,7168,0.323009,84675,177469,0,0,0,84675
94f7caa8da3e5c1d5507ddde7b6d6c24,4608,7680,0.226467,59367,202777,0,0,0,59367
94f7caa8da3e5c1d5507ddde7b6d6c24,5120,7680,0.729061,191119,71025,0,0,0,191119
94f7caa8da3e5c1d5507ddde7b6d6c24,5632,7680,0.130066,34096,228048,0,0,0,34096
94f7caa8da3e5c1d5507ddde7b6d6c24,6144,7680,0.013386,3509,258635,0,0,0,3509
94f7caa8da3e5c1d5507ddde7b6d6c24,4608,8192,0.368732,96661,165483,0,0,0,96661
94f7caa8da3e5c1d5507ddde7b6d6c24,5120,8192,0.520409,136422,125722,0,0,0,136422
94f7caa8da3e5c1d5507ddde7b6d6c24,5632,8192,0.186703,48943,213201,0,0,0,48943
94f7caa8da3e5c1d5507ddde7b6d6c24,4096,8704,0.088768,23270,238874,0,0,0,23270
94f7caa8da3e5c1d5507ddde7b6d6c24,4608,8704,0.889515,233181,28963,0,0,0,233181
94f7caa8da3e5c1d5507ddde7b6d6c24,5120,8704,0.428181,112245,149899,0,0,0,112245
94f7caa8da3e5c1d5507ddde7b6d6c24,5632,8704,0.145321,38095,224049,0,0,0,38095
94f7caa8da3e5c1d5507ddde7b6d6c24,4608,9216,0.076584,20076,242068,0,0,0,20076
94f7caa8da3e5c1d5507ddde7b6d6c24,5120,9216,0.1637,42913,219231,0,0,0,42913
94f7caa8da3e5c1d5507ddde7b6d6c24,5632,9216,0.037067,9717,252427,0,0,0,9717
94f7caa8da3e5c1d5507ddde7b6d6c24,4608,9728,0.458107,120090,142054,0,0,0,120090
94f7caa8da3e5c1d5507ddde7b6d6c24,5120,9728,0.678368,177830,84314,0,0,0,177830
94f7caa8da3e5c1d5507ddde7b6d6c24,5632,9728,0.102642,26907,235237,0,0,0,26907
94f7caa8da3e5c1d5507ddde7b6d6c24,4096,10240,0.076004,19924,242220,0,0,0,19924
94f7caa8da3e5c1d5507ddde7b6d6c24,4608,10240,0.779549,204354,57790,0,0,0,204354
94f7caa8da3e5c1d5507ddde7b6d6c24,5120,10240,0.460148,120625,141519,0,0,0,120625
94f7caa8da3e5c1d5507ddde7b6d6c24,5632,10240,0.012093,3170,258974,0,0,0,3170
94f7caa8da3e5c1d5507ddde7b6d6c24,4096,10752,0.292858,76771,185373,0,0,0,76771
94f7caa8da3e5c1d5507ddde7b6d6c24,4608,10752,0.999981,262139,5,0,0,0,262139
94f7caa8da3e5c1d5507ddde7b6d6c24,5120,10752,0.379139,99389,162755,0,0,0,99389
94f7caa8da3e5c1d5507ddde7b6d6c24,4096,11264,0.517246,135593,126551,0,0,0,135593
94f7caa8da3e5c1d5507ddde7b6d6c24,4608,11264,1.0,262144,0,0,0,0,262144
94f7caa8da3e5c1d5507ddde7b6d6c24,5120,11264,0.587513,154013,108131,0,0,0,154013
94f7caa8da3e5c1d5507ddde7b6d6c24,4096,11776,0.168167,44084,218060,0,0,0,44084
94f7caa8da3e5c1d5507ddde7b6d6c24,4608,11776,0.752014,197136,65008,0,0,0,197136
94f7caa8da3e5c1d5507ddde7b6d6c24,5120,11776,0.14373,37678,224466,0,0,0,37678
94f7caa8da3e5c1d5507ddde7b6d6c24,3584,12288,0.137913,36153,225991,0,0,0,36153
94f7caa8da3e5c1d5507ddde7b6d6c24,4096,12288,0.162113,42497,219647,0,0,0,42497
94f7caa8da3e5c1d5507ddde7b6d6c24,3584,12800,0.215641,56529,205615,0,0,0,56529
94f7caa8da3e5c1d5507ddde7b6d6c24,4096,12800,0.077015,20189,241955,0,0,0,20189
94f7caa8da3e5c1d5507ddde7b6d6c24,3584,13312,0.434181,113818,148326,0,0,0,113818
94f7caa8da3e5c1d5507ddde7b6d6c24,4096,13312,0.015747,4128,258016,0,0,0,4128
94f7caa8da3e5c1d5507ddde7b6d6c24,3584,13824,0.512104,134245,127899,0,0,0,134245
94f7caa8da3e5c1d5507ddde7b6d6c24,4096,13824,0.555504,145622,116522,0,0,0,145622
94f7caa8da3e5c1d5507ddde7b6d6c24,4608,13824,0.288189,75547,186597,0,0,0,75547
94f7caa8da3e5c1d5507ddde7b6d6c24,3584,14336,0.582371,152665,109479,0,0,0,152665
94f7caa8da3e5c1d5507ddde7b6d6c24,4096,14336,0.932278,244391,17753,0,0,0,244391
94f7caa8da3e5c1d5507ddde7b6d6c24,4608,14336,0.081821,21449,240695,0,0,0,21449
94f7caa8da3e5c1d5507ddde7b6d6c24,3072,14848,0.348598,91383,170761,0,0,0,91383
94f7caa8da3e5c1d5507ddde7b6d6c24,3584,14848,0.782391,205099,57045,0,0,0,205099
94f7caa8da3e5c1d5507ddde7b6d6c24,4096,14848,0.502853,131820,130324,0,0,0,131820
94f7caa8da3e5c1d5507ddde7b6d6c24,2560,15360,0.037914,9939,252205,0,0,0,9939
94f7caa8da3e5c1d5507ddde7b6d6c24,3072,15360,0.711441,186500,75644,0,0,0,186500
94f7caa8da3e5c1d5507ddde7b6d6c24,3584,15360,0.743999,195035,67109,0,0,0,195035
94f7caa8da3e5c1d5507ddde7b6d6c24,4096,15360,0.244274,64035,198109,0,0,0,64035
94f7caa8da3e5c1d5507ddde7b6d6c24,2560,15872,0.279346,73229,188915,0,0,0,73229
94f7caa8da3e5c1d5507ddde7b6d6c24,3072,15872,0.549095,143942,118202,0,0,6697,137245
94f7caa8da3e5c1d5507ddde7b6d6c24,3584,15872,0.491184,128761,133383,0,0,0,128761
94f7caa8da3e5c1d5507ddde7b6d6c24,2560,16384,0.231506,60688,201456,0,0,53,60635
94f7caa8da3e5c1d5507ddde7b6d6c24,3072,16384,0.343006,89917,172227,0,0,89907,10
94f7caa8da3e5c1d5507ddde7b6d6c24,3584,16384,0.120544,31600,230544,0,0,22341,9259
94f7caa8da3e5c1d5507ddde7b6d6c24,2048,16896,0.29454,77212,184932,0,0,0,77212
94f7caa8da3e5c1d5507ddde7b6d6c24,3072,16896,0.435261,114101,148043,0,0,114101,0
94f7caa8da3e5c1d5507ddde7b6d6c24,3584,16896,0.018608,4878,257266,0,0,4878,0
94f7caa8da3e5c1d5507ddde7b6d6c24,2048,17408,0.683083,179066,83078,0,0,0,179066
94f7caa8da3e5c1d5507ddde7b6d6c24,2560,17408,0.080021,20977,241167,0,0,1257,19720
94f7caa8da3e5c1d5507ddde7b6d6c24,3072,17408,0.308773,80943,181201,0,0,75930,5013
94f7caa8da3e5c1d5507ddde7b6d6c24,2048,17920,0.037483,9826,252318,0,0,0,9826
94f7caa8da3e5c1d5507ddde7b6d6c24,1536,19968,0.096031,25174,236970,0,0,0,25174
94f7caa8da3e5c1d5507ddde7b6d6c24,1024,20480,0.015759,4131,258013,0,0,0,4131
94f7caa8da3e5c1d5507ddde7b6d6c24,1536,20480,0.952942,249808,12336,0,0,0,249808
94f7caa8da3e5c1d5507ddde7b6d6c24,2048,20480,0.636158,166765,95379,0,0,0,166765
94f7caa8da3e5c1d5507ddde7b6d6c24,1536,20992,0.395061,103563,158581,0,0,0,103563
94f7caa8da3e5c1d5507ddde7b6d6c24,2048,20992,0.097931,25672,236472,0,0,0,25672
94f7caa8da3e5c1d5507ddde7b6d6c24,2048,22528,0.064148,16816,245328,0,0,0,16816
94f7caa8da3e5c1d5507ddde7b6d6c24,2048,23040,0.655888,171937,90207,0,0,0,171937
94f7caa8da3e5c1d5507ddde7b6d6c24,2048,23552,0.086399,22649,239495,0,0,0,22649
d997bd54e6a545c95817a62b77fb43df,2048,10752,0.012062,3162,258982,0,3162,0,0
d997bd54e6a545c95817a62b77fb43df,1024,11264,0.434914,114010,148134,0,114010,0,0
d997bd54e6a545c95817a62b77fb43df,1536,11264,0.861198,225758,36386,0,225758,0,0
d997bd54e6a545c95817a62b77fb43df,2048,11264,0.973461,255187,6957,0,255187,0,0
d997bd54e6a545c95817a62b77fb43df,2560,11264,0.219578,57561,204583,0,57561,0,0
d997bd54e6a545c95817a62b77fb43df,1024,11776,0.180851,47409,214735,0,47409,0,0
d997bd54e6a545c95817a62b77fb43df,1536,11776,0.579887,152014,110130,0,152014,0,0
d997bd54e6a545c95817a62b77fb43df,2048,11776,0.57431,150552,111592,0,142194,8358,0
d997bd54e6a545c95817a62b77fb43df,2560,11776,0.243053,63715,198429,0,53575,10140,0
d997bd54e6a545c95817a62b77fb43df,1536,12288,0.465717,122085,140059,0,122085,0,0
d997bd54e6a545c95817a62b77fb43df,2048,12288,0.132195,34654,227490,0,23330,11324,0
d997bd54e6a545c95817a62b77fb43df,2560,12288,0.099281,26026,236118,0,26026,0,0
d997bd54e6a545c95817a62b77fb43df,1536,12800,0.356464,93445,168699,0,93445,0,0
d997bd54e6a545c95817a62b77fb43df,2048,12800,0.493313,129319,132825,0,125684,3635,0
d997bd54e6a545c95817a62b77fb43df,2560,12800,0.298237,78181,183963,0,77267,914,0
d997bd54e6a545c95817a62b77fb43df,1536,13312,0.775169,203206,58938,0,203206,0,0
d997bd54e6a545c95817a62b77fb43df,2048,13312,0.861252,225772,36372,0,225772,0,0
d997bd54e6a545c95817a62b77fb43df,2560,13312,0.504997,132382,129762,0,132382,0,0
d997bd54e6a545c95817a62b77fb43df,1536,13824,0.785805,205994,56150,0,205994,0,0
d997bd54e6a545c95817a62b77fb43df,2048,13824,0.433346,113599,148545,0,113599,0,0
d997bd54e6a545c95817a62b77fb43df,2560,13824,0.012672,3322,258822,0,3322,0,0
d997bd54e6a545c95817a62b77fb43df,2048,14336,0.025116,6584,255560,0,6584,0,0
d997bd54e6a545c95817a62b77fb43df,2560,14848,0.474068,124274,137870,0,0,124274,0
d997bd54e6a545c95817a62b77fb43df,3072,14848,0.220684,57851,204293,0,0,57851,0
d997bd54e6a545c95817a62b77fb43df,2048,15360,0.068386,17927,244217,0,17927,0,0
d997bd54e6a545c95817a62b77fb43df,2560,15360,0.641083,168056,94088,0,0,168056,0
d997bd54e6a545c95817a62b77fb43df,3072,15360,0.233875,61309,200835,0,0,61309,0
d997bd54e6a545c95817a62b77fb43df,2048,15872,0.197334,51730,210414,0,41116,10614,0
d997bd54e6a545c95817a62b77fb43df,2560,15872,0.333656,87466,174678,0,0,87466,0
d997bd54e6a545c95817a62b77fb43df,3072,15872,0.020985,5501,256643,0,0,5501,0
d997bd54e6a545c95817a62b77fb43df,2048,16384,0.665894,174560,87584,0,0,174560,0
d997bd54e6a545c95817a62b77fb43df,2560,16384,0.962563,252330,9814,0,0,252330,0
d997bd54e6a545c95817a62b77fb43df,3072,16384,0.107887,28282,233862,0,0,28282,0
d997bd54e6a545c95817a62b77fb43df,2048,16896,0.114353,29977,232167,0,0,29977,0
d997bd54e6a545c95817a62b77fb43df,2560,16896,0.802887,210472,51672,0,0,204738,5734
d997bd54e6a545c95817a62b77fb43df,3072,16896,0.17226,45157,216987,0,0,35236,9921
d997bd54e6a545c95817a62b77fb43df,2560,17408,0.37009,97017,165127,0,0,51343,45674
d997bd54e6a545c95817a62b77fb43df,3072,17408,0.251709,65984,196160,0,0,0,65984
d997bd54e6a545c95817a62b77fb43df,1536,17920,0.057785,15148,246996,0,15148,0,0
d997bd54e6a545c95817a62b77fb43df,2560,17920,0.273674,71742,190402,0,43772,0,27970
d997bd54e6a545c95817a62b77fb43df,3072,17920,0.143215,37543,224601,0,934,0,36609
d997bd54e6a545c95817a62b77fb43df,1536,18432,0.149464,39181,222963,0,39181,0,0
d997bd54e6a545c95817a62b77fb43df,2048,18432,0.209484,54915,207229,0,54915,0,0
d997bd54e6a545c95817a62b77fb43df,2560,18432,0.145313,38093,224051,0,38093,0,0
d997bd54e6a545c95817a62b77fb43df,3072,18432,0.050797,13316,248828,0,13316,0,0
d997bd54e6a545c95817a62b77fb43df,1536,18944,0.24762,64912,197232,49616,15296,0,0
d997bd54e6a545c95817a62b77fb43df,2048,18944,0.152657,40018,222126,0,40018,0,0
d997bd54e6a545c95817a62b77fb43df,2560,18944,0.044086,11557,250587,0,11557,0,0
d997bd54e6a545c95817a62b77fb43df,1536,19456,0.06966,18261,243883,11158,0,7103,0
d997bd54e6a545c95817a62b77fb43df,2048,19456,0.048817,12797,249347,12797,0,0,0
d997bd54e6a545c95817a62b77fb43df,2560,19456,0.10561,27685,234459,27685,0,0,0
d997bd54e6a545c95817a62b77fb43df,1536,19968,0.142109,37253,224891,0,0,37253,0
d997bd54e6a545c95817a62b77fb43df,2048,19968,0.286533,75113,187031,0,58167,16946,0
d997bd54e6a545c95817a62b77fb43df,2560,19968,0.139393,36541,225603,3333,33208,0,0
d997bd54e6a545c95817a62b77fb43df,1536,20480,0.096306,25246,236898,25246,0,0,0
d997bd54e6a545c95817a62b77fb43df,2048,20480,0.185009,48499,213645,48499,0,0,0
d997bd54e6a545c95817a62b77fb43df,2560,20480,0.029743,7797,254347,7797,0,0,0
d997bd54e6a545c95817a62b77fb43df,1536,20992,0.213188,55886,206258,0,55886,0,0
d997bd54e6a545c95817a62b77fb43df,2048,20992,0.048977,12839,249305,0,12839,0,0
d997bd54e6a545c95817a62b77fb43df,1536,21504,0.182522,47847,214297,0,47847,0,0
d997bd54e6a545c95817a62b77fb43df,2048,21504,0.137814,36127,226017,24876,11251,0,0
d997bd54e6a545c95817a62b77fb43df,2560,21504,0.333965,87547,174597,0,0,87547,0
d997bd54e6a545c95817a62b77fb43df,1536,22016,0.132065,34620,227524,34620,0,0,0
d997bd54e6a545c95817a62b77fb43df,2048,22016,0.177845,46621,215523,46621,0,0,0
d997bd54e6a545c95817a62b77fb43df,2560,22016,0.131237,34403,227741,0,11099,23304,0
d997bd54e6a545c95817a62b77fb43df,2048,22528,0.267883,70224,191920,61969,5436,2819,0
d997bd54e6a545c95817a62b77fb43df,2560,22528,0.048897,12818,249326,12597,221,0,0
d997bd54e6a545c95817a62b77fb43df,2048,23040,0.120872,31686,230458,12091,0,19595,0
d997bd54e6a545c95817a62b77fb43df,2560,23040,0.057354,15035,247109,2482,0,12553,0
d997bd54e6a545c95817a62b77fb43df,2048,23552,0.391857,102723,159421,0,7572,0,95151
d997bd54e6a545c95817a62b77fb43df,2048,24064,0.451515,118362,143782,0,0,0,118362
d997bd54e6a545c95817a62b77fb43df,2560,24064,0.085812,22495,239649,0,11875,0,10620
d997bd54e6a545c95817a62b77fb43df,2048,24576,0.324009,84937,177207,0,0,0,84937
d997bd54e6a545c95817a62b77fb43df,2048,25088,0.046577,12210,249934,0,0,9930,2280
d9a927bfb26b22cde6b52515c9adda7b,512,1024,0.023792,6237,255907,0,6237,0,0
d9a927bfb26b22cde6b52515c9adda7b,1024,1024,0.090302,23672,238472,0,23672,0,0
d9a927bfb26b22cde6b52515c9adda7b,512,1536,0.140793,36908,225236,0,36908,0,0
d9a927bfb26b22cde6b52515c9adda7b,1024,1536,0.08617,22589,239555,0,22589,0,0
d9a927bfb26b22cde6b52515c9adda7b,1536,1536,0.03146,8247,253897,0,8247,0,0
d9a927bfb26b22cde6b52515c9adda7b,512,2048,0.097317,25511,236633,375,25136,0,0
d9a927bfb26b22cde6b52515c9adda7b,1024,2048,0.158607,41578,220566,2363,39215,0,0
d9a927bfb26b22cde6b52515c9adda7b,512,2560,0.565155,148152,113992,0,148152,0,0
d9a927bfb26b22cde6b52515c9adda7b,1024,2560,0.293705,76993,185151,0,76993,0,0
d9a927bfb26b22cde6b52515c9adda7b,512,3072,0.253078,66343,195801,0,66343,0,0
d9a927bfb26b22cde6b52515c9adda7b,1024,3072,0.358093,93872,168272,0,93872,0,0
d9a927bfb26b22cde6b52515c9adda7b,512,3584,0.522579,136991,125153,0,136991,0,0
d9a927bfb26b22cde6b52515c9adda7b,1024,3584,0.066563,17449,244695,0,17449,0,0
d9a927bfb26b22cde6b52515c9adda7b,512,4096,0.020004,5244,256900,0,5244,0,0
d9a927bfb26b22cde6b52515c9adda7b,1024,4096,0.124634,32672,229472,0,32672,0,0
d9a927bfb26b22cde6b52515c9adda7b,0,4608,0.010078,2642,259502,0,2642,0,0
d9a927bfb26b22cde6b52515c9adda7b,512,4608,0.351566,92161,169983,17325,74836,0,0
d9a927bfb26b22cde6b52515c9adda7b,1024,4608,0.160389,42045,220099,0,42045,0,0
d9a927bfb26b22cde6b52515c9adda7b,0,5120,0.054722,14345,247799,0,14345,0,0
d9a927bfb26b22cde6b52515c9adda7b,512,5120,0.442677,116045,146099,0,116045,0,0
d9a927bfb26b22cde6b52515c9adda7b,1024,5120,0.167561,43925,218219,0,43925,0,0
d9a927bfb26b22cde6b52515c9adda7b,0,5632,0.034447,9030,253114,0,9030,0,0
d9a927bfb26b22cde6b52515c9adda7b,512,5632,0.291664,76458,185686,0,76458,0,0
d9a927bfb26b22cde6b52515c9adda7b,1024,5632,0.283508,74320,187824,0,74320,0,0
d9a927bfb26b22cde6b52515c9adda7b,0,6144,0.071117,18643,243501,0,18643,0,0
d9a927bfb26b22cde6b52515c9adda7b,512,6144,0.344677,90355,171789,0,90355,0,0
d9a927bfb26b22cde6b52515c9adda7b,1024,6144,0.417686,109494,152650,0,109494,0,0
d9a927bfb26b22cde6b52515c9adda7b,0,6656,0.048092,12607,249537,0,12607,0,0
d9a927bfb26b22cde6b52515c9adda7b,512,6656,0.380684,99794,162350,42788,57006,0,0
d9a927bfb26b22cde6b52515c9adda7b,1024,6656,0.56234,147414,114730,0,147414,0,0
d9a927bfb26b22cde6b52515c9adda7b,0,7168,0.023205,6083,256061,0,6083,0,0
d9a927bfb26b22cde6b52515c9adda7b,512,7168,0.707535,185476,76668,0,185476,0,0
d9a927bfb26b22cde6b52515c9adda7b,1024,7168,0.513412,134588,127556,0,134588,0,0
d9a927bfb26b22cde6b52515c9adda7b,0,7680,0.248272,65083,197061,0,65083,0,0
d9a927bfb26b22cde6b52515c9adda7b,512,7680,0.65559,171859,90285,0,171859,0,0
d9a927bfb26b22cde6b52515c9adda7b,1024,7680,0.509521,133568,128576,0,133568,0,0
d9a927bfb26b22cde6b52515c9adda7b,0,8192,0.57486,150696,111448,0,150696,0,0
d9a927bfb26b22cde6b52515c9adda7b,512,8192,0.780949,204721,57423,0,204721,0,0
d9a927bfb26b22cde6b52515c9adda7b,1024,8192,0.281242,73726,188418,0,73726,0,0
d9a927bfb26b22cde6b52515c9adda7b,0,8704,0.424957,111400,150744,0,111400,0,0
d9a927bfb26b22cde6b52515c9adda7b,512,8704,0.563919,147828,114316,0,147828,0,0
d9a927bfb26b22cde6b52515c9adda7b,1024,8704,0.187008,49023,213121,0,49023,0,0
d9a927bfb26b22cde6b52515c9adda7b,0,9216,0.424496,111279,150865,0,111279,0,0
d9a927bfb26b22cde6b52515c9adda7b,512,9216,0.753834,197613,64531,0,197613,0,0
d9a927bfb26b22cde6b52515c9adda7b,1024,9216,0.35482,93014,169130,0,93014,0,0
d9a927bfb26b22cde6b52515c9adda7b,0,9728,0.414608,108687,153457,0,108687,0,0
d9a927bfb26b22cde6b52515c9adda7b,512,9728,0.6656,174483,87661,0,174483,0,0
d9a927bfb26b22cde6b52515c9adda7b,1024,9728,0.561176,147109,115035,0,147109,0,0
d9a927bfb26b22cde6b52515c9adda7b,0,10240,0.164959,43243,218901,0,43243,0,0
d9a927bfb26b22cde6b52515c9adda7b,512,10240,0.538437,141148,120996,0,141148,0,0
d9a927bfb26b22cde6b52515c9adda7b,1024,10240,0.716007,187697,74447,0,187697,0,0
d9a927bfb26b22cde6b52515c9adda7b,0,10752,0.059433,15580,246564,0,15580,0,0
d9a927bfb26b22cde6b52515c9adda7b,512,10752,0.774788,203106,59038,0,203106,0,0
d9a927bfb26b22cde6b52515c9adda7b,1024,10752,0.65609,171990,90154,0,171990,0,0
d9a927bfb26b22cde6b52515c9adda7b,0,11264,0.256996,67370,194774,0,67370,0,0
d9a927bfb26b22cde6b52515c9adda7b,512,11264,0.744061,195051,67093,0,195051,0,0
d9a927bfb26b22cde6b52515c9adda7b,1024,11264,0.288082,75519,186625,0,75519,0,0
d9a927bfb26b22cde6b52515c9adda7b,0,11776,0.254971,66839,195305,42405,24434,0,0
d9a927bfb26b22cde6b52515c9adda7b,512,11776,0.745171,195342,66802,29,195313,0,0
d9a927bfb26b22cde6b52515c9adda7b,1024,11776,0.669342,175464,86680,0,175464,0,0
d9a927bfb26b22cde6b52515c9adda7b,0,12288,0.302296,79245,182899,46985,32260,0,0
d9a927bfb26b22cde6b52515c9adda7b,512,12288,0.283455,74306,187838,0,74306,0,0
d9a927bfb26b22cde6b52515c9adda7b,1024,12288,0.216324,56708,205436,0,56708,0,0
d9a927bfb26b22cde6b52515c9adda7b,0,12800,0.014015,3674,258470,0,3674,0,0
d9a927bfb26b22cde6b52515c9adda7b,512,12800,0.454659,119186,142958,0,119186,0,0
d9a927bfb26b22cde6b52515c9adda7b,1024,12800,0.48938,128288,133856,0,128288,0,0
d9a927bfb26b22cde6b52515c9adda7b,0,13312,0.14719,38585,223559,0,38585,0,0
d9a927bfb26b22cde6b52515c9adda7b,512,13312,0.703552,184432,77712,0,184432,0,0
d9a927bfb26b22cde6b52515c9adda7b,1024,13312,0.471439,123585,138559,0,123585,0,0
d9a927bfb26b22cde6b52515c9adda7b,0,13824,0.062691,16434,245710,0,16434,0,0
d9a927bfb26b22cde6b52515c9adda7b,512,13824,0.518383,135891,126253,0,135891,0,0
d9a927bfb26b22cde6b52515c9adda7b,1024,13824,0.349747,91684,170460,0,91684,0,0
d9a927bfb26b22cde6b52515c9adda7b,512,14336,0.288548,75641,186503,0,75641,0,0
d9a927bfb26b22cde6b52515c9adda7b,1024,14336,0.252647,66230,195914,0,66230,0,0
d9a927bfb26b22cde6b52515c9adda7b,1536,14336,0.020454,5362,256782,0,5362,0,0
d9a927bfb26b22cde6b52515c9adda7b,0,14848,0.050102,13134,249010,0,13134,0,0
d9a927bfb26b22cde6b52515c9adda7b,512,14848,0.728432,190954,71190,0,190954,0,0
d9a927bfb26b22cde6b52515c9adda7b,1024,14848,0.63575,166658,95486,0,166658,0,0
d9a927bfb26b22cde6b52515c9adda7b,0,15360,0.016254,4261,257883,0,4261,0,0
d9a927bfb26b22cde6b52515c9adda7b,512,15360,0.337692,88524,173620,0,88524,0,0
d9a927bfb26b22cde6b52515c9adda7b,1024,15360,0.325176,85243,176901,0,85243,0,0
d9a927bfb26b22cde6b52515c9adda7b,1536,15360,0.026115,6846,255298,0,6846,0,0
d9a927bfb26b22cde6b52515c9adda7b,1024,15872,0.36945,96849,165295,0,96849,0,0
d9a927bfb26b22cde6b52515c9adda7b,1536,15872,0.155506,40765,221379,0,40765,0,0
d9a927bfb26b22cde6b52515c9adda7b,512,16384,0.212181,55622,206522,55622,0,0,0
d9a927bfb26b22cde6b52515c9adda7b,1024,16384,0.371548,97399,164745,96844,555,0,0
d9a927bfb26b22cde6b52515c9adda7b,1536,16384,0.186958,49010,213134,7885,41125,0,0
d9a927bfb26b22cde6b52515c9adda7b,512,16896,0.263397,69048,193096,0,69048,0,0
d9a927bfb26b22cde6b52515c9adda7b,1024,16896,0.322178,84457,177687,15888,68569,0,0
d9a927bfb26b22cde6b52515c9adda7b,1536,16896,0.106327,27873,234271,24707,3166,0,0
d9a927bfb26b22cde6b52515c9adda7b,512,17408,0.207405,54370,207774,0,54370,0,0
d9a927bfb26b22cde6b52515c9adda7b,1024,17408,0.238403,62496,199648,0,62496,0,0
d9a927bfb26b22cde6b52515c9adda7b,1536,17408,0.420712,110287,151857,0,110287,0,0
d9a927bfb26b22cde6b52515c9adda7b,512,17920,0.072681,19053,243091,0,19053,0,0
d9a927bfb26b22cde6b52515c9adda7b,1024,17920,0.212513,55709,206435,46550,9159,0,0
d9a927bfb26b22cde6b52515c9adda7b,1536,17920,0.58884,154361,107783,24669,129692,0,0
d9a927bfb26b22cde6b52515c9adda7b,2048,17920,0.011684,3063,259081,0,3063,0,0
d9a927bfb26b22cde6b52515c9adda7b,1024,18432,0.300144,78681,183463,0,78681,0,0
d9a927bfb26b22cde6b52515c9adda7b,1536,18432,0.474628,124421,137723,0,124421,0,0
d9a927bfb26b22cde6b52515c9adda7b,1536,18944,0.155155,40673,221471,0,40673,0,0
d9a927bfb26b22cde6b52515c9adda7b,2048,18944,0.039429,10336,251808,0,10336,0,0
d9a927bfb26b22cde6b52515c9adda7b,1024,19456,0.078438,20562,241582,0,20562,0,0
d9a927bfb26b22cde6b52515c9adda7b,1536,19456,0.262947,68930,193214,0,68930,0,0
d9a927bfb26b22cde6b52515c9adda7b,2048,19456,0.012573,3296,258848,0,3296,0,0
d9a927bfb26b22cde6b52515c9adda7b,1024,19968,0.021606,5664,256480,0,5664,0,0
d9a927bfb26b22cde6b52515c9adda7b,1536,19968,0.244095,63988,198156,0,63988,0,0
d9a927bfb26b22cde6b52515c9adda7b,2048,19968,0.112534,29500,232644,0,29500,0,0
d9a927bfb26b22cde6b52515c9adda7b,1536,20480,0.010471,2745,259399,2661,84,0,0
d9a927bfb26b22cde6b52515c9adda7b,2048,20480,0.011471,3007,259137,0,3007,0,0
d9a927bfb26b22cde6b52515c9adda7b,1536,20992,0.198891,52138,210006,45543,6595,0,0
d9a927bfb26b22cde6b52515c9adda7b,2048,20992,0.477505,125175,136969,29455,95720,0,0
d9a927bfb26b22cde6b52515c9adda7b,1536,21504,0.051403,13475,248669,0,13475,0,0
d9a927bfb26b22cde6b52515c9adda7b,1536,22016,0.076599,20080,242064,0,20080,0,0
