{
  "type": "FeatureCollection",
  "features": [
    {
      "type": "Feature",
      "geometry": {
        "type": "Polygon",
        "coordinates": [
          [
            [
              6492.377343771759,
              14076.305216876135
            ],
            [
              6494.317744553511,
              14074.752896250735
            ],
            [
              6505.572069087672,
              14070.095934374529
            ],
            [
              6511.7813515892785,
              14065.438972498325
            ],
            [
              6516.438313465484,
              14059.229689996719
            ],
            [
              6519.931034872637,
              14052.632327338762
            ],
            [
              6521.483355498038,
              14045.646884524454
            ],
            [
              6519.154874559936,
              14039.049521866498
            ],
            [
              6512.5575119019795,
              14031.67599889584
            ],
            [
              6502.855507993219,
              14024.302475925184
            ],
            [
              6498.198546117015,
              14022.750155299782
            ],
            [
              6487.720381895554,
              14021.973994987082
            ],
            [
              6479.570698612196,
              14021.973994987082
            ],
            [
              6476.077977205043,
              14022.750155299782
            ],
            [
              6473.36141611059,
              14025.466716394234
            ],
            [
              6469.092534390736,
              14034.392559990294
            ],
            [
              6466.375973296283,
              14050.69192655701
            ],
            [
              6467.152133608984,
              14060.005850309419
            ],
            [
              6469.092534390736,
              14064.274732029273
            ],
            [
              6472.97333595424,
              14067.767453436427
            ],
            [
              6478.406458143145,
              14070.095934374529
            ],
            [
              6486.168061270153,
              14071.26017484358
            ],
            [
              6492.377343771759,
              14076.305216876135
            ]
          ]
        ]
      },
      "properties": {
        "annotation_id": "06246f94-9dd4-4b55-b72b-76e6649c607a",
        "label": "GP4",
        "probabilities": null,
        "tags": []
      }
    },
    {
      "type": "Feature",
      "geometry": {
        "type": "Polygon",
        "coordinates": [
          [
            [
              7139.773276704403,
              11685.234066101555
            ],
            [
              7129.986732058272,
              11683.276757172329
            ],
            [
              7127.540095896738,
              11686.212720566167
            ],
            [
              7124.604132502899,
              11696.977919676912
            ],
            [
              7125.582786967512,
              11706.764464323043
            ],
            [
              7145.155876259775,
              11734.166789332212
            ],
            [
              7163.750311087425,
              11741.996025049117
            ],
            [
              7175.494164662783,
              11752.271896927556
            ],
            [
              7179.898109753542,
              11761.079787109074
            ],
            [
              7180.876764218156,
              11772.334313452126
            ],
            [
              7178.919455288929,
              11774.780949613658
            ],
            [
              7166.196947248958,
              11764.50507773522
            ],
            [
              7128.0294231290445,
              11741.50669781681
            ],
            [
              7109.924315533702,
              11736.613425493746
            ],
            [
              7097.6911347260375,
              11739.549388887584
            ],
            [
              7079.586027130694,
              11751.78256969525
            ],
            [
              7078.607372666081,
              11759.611805412154
            ],
            [
              7083.500644989146,
              11769.398350058285
            ],
            [
              7102.584407049103,
              11789.460766582855
            ],
            [
              7129.986732058272,
              11810.012510339731
            ],
            [
              7137.326640542869,
              11811.480492036651
            ],
            [
              7152.495784744374,
              11806.587219713585
            ],
            [
              7155.431748138213,
              11808.055201410505
            ],
            [
              7156.410402602826,
              11839.372144278126
            ],
            [
              7163.260983855118,
              11854.051961247324
            ],
            [
              7174.026182965863,
              11863.349178661148
            ],
            [
              7203.385816904258,
              11880.964959024184
            ],
            [
              7228.830832984199,
              11875.582359468814
            ],
            [
              7250.8505584379955,
              11865.306487590375
            ],
            [
              7263.573066477967,
              11853.07330678271
            ],
            [
              7274.827592821018,
              11846.712052762725
            ],
            [
              7281.6781740733095,
              11837.4148353489
            ],
            [
              7283.14615577023,
              11824.692327308929
            ],
            [
              7275.316920053325,
              11796.311347835148
            ],
            [
              7267.487684336419,
              11786.035475956709
            ],
            [
              7254.765176296448,
              11777.716913007498
            ],
            [
              7243.510649953397,
              11774.780949613658
            ],
            [
              7234.213432539572,
              11776.248931310578
            ],
            [
              7225.405542358054,
              11771.844986219818
            ],
            [
              7232.256123610346,
              11750.803915230636
            ],
            [
              7232.256123610346,
              11743.953333978343
            ],
            [
              7203.875144136564,
              11691.59532012154
            ],
            [
              7195.556581187352,
              11684.744738869249
            ],
            [
              7171.579546804331,
              11677.894157616956
            ],
            [
              7143.198567330549,
              11678.872812081569
            ],
            [
              7141.730585633629,
              11675.93684868773
            ],
            [
              7145.645203492082,
              11673.00088529389
            ],
            [
              7139.773276704403,
              11685.234066101555
            ]
          ]
        ]
      },
      "properties": {
        "annotation_id": "0dcceb73-62ed-43e7-b4b6-648c5382349f",
        "label": "GP4",
        "probabilities": null,
        "tags": []
      }
    },
    {
      "type": "Feature",
      "geometry": {
        "type": "Polygon",
        "coordinates": [
          [
            [
              6108.612085635389,
              9782.021674104373
            ],
            [
              6105.544140841342,
              9781.510349972032
            ],
            [
              6153.60860928142,
              9821.904956426992
            ],
            [
              6192.469243339356,
              9831.108790809134
            ],
            [
              6212.410884500665,
              9852.073080235126
            ],
            [
              6236.443118720704,
              9860.254266352586
            ],
            [
              6276.326401043322,
              9851.561756102785
            ],
            [
              6326.947490145108,
              9823.950252956356
            ],
            [
              6371.944013791138,
              9766.681950134134
            ],
            [
              6381.659172305623,
              9766.681950134134
            ],
            [
              6411.827296113756,
              9782.021674104373
            ],
            [
              6428.700992481018,
              9785.600943030762
            ],
            [
              6448.131309509986,
              9786.623591295443
            ],
            [
              6483.923998773875,
              9776.90843278096
            ],
            [
              6506.933584729231,
              9759.523412281358
            ],
            [
              6520.228012170104,
              9724.24204714981
            ],
            [
              6520.739336302445,
              9681.290820033144
            ],
            [
              6527.897874155223,
              9654.701965151398
            ],
            [
              6545.794218787167,
              9648.566075563303
            ],
            [
              6566.2471840808175,
              9623.511193078582
            ],
            [
              6573.917046065936,
              9602.54690365259
            ],
            [
              6579.030287389349,
              9562.15229719763
            ],
            [
              6571.360425404229,
              9551.414490418465
            ],
            [
              6559.599970360381,
              9547.835221492076
            ],
            [
              6471.1408954653425,
              9544.255952565687
            ],
            [
              6415.406565040145,
              9561.64097306529
            ],
            [
              6336.15132452725,
              9565.731566124019
            ],
            [
              6290.132152616537,
              9591.297772741083
            ],
            [
              6267.633890793521,
              9593.343069270448
            ],
            [
              6224.171339544514,
              9585.673207285328
            ],
            [
              6173.5502504427295,
              9596.411014064495
            ],
            [
              6143.893450766936,
              9611.750738034732
            ],
            [
              6117.304595885191,
              9635.782972254772
            ],
            [
              6097.362954723882,
              9676.177578709732
            ],
            [
              6089.181768606421,
              9751.342226163897
            ],
            [
              6093.783685797493,
              9763.102681207747
            ],
            [
              6102.476196047293,
              9768.7272466635
            ],
            [
              6108.612085635389,
              9782.021674104373
            ]
          ]
        ]
      },
      "properties": {
        "annotation_id": "258d964c-88dd-46f3-997b-63a966e8c614",
        "label": "GP3",
        "probabilities": null,
        "tags": []
      }
    },
    {
      "type": "Feature",
      "geometry": {
        "type": "Polygon",
        "coordinates": [
          [
            [
              7171.159291273183,
              11675.23198446024
            ],
            [
              7172.558201268944,
              11676.426175920036
            ],
            [
              7234.213432539572,
              11714.59370003995
            ],
            [
              7273.848938356405,
              11717.529663433788
            ],
            [
              7298.80462720404,
              11702.84984646459
            ],
            [
              7312.016462476317,
              11678.872812081569
            ],
            [
              7318.377716496303,
              11655.87443216316
            ],
            [
              7313.973771405544,
              11620.15354420478
            ],
            [
              7354.58793168699,
              11603.02709107405
            ],
            [
              7367.310439726961,
              11592.261891963306
            ],
            [
              7401.563345988421,
              11511.52289863272
            ],
            [
              7404.009982149954,
              11483.14191915894
            ],
            [
              7397.648728129969,
              11447.421031200558
            ],
            [
              7401.074018756114,
              11385.76579992993
            ],
            [
              7378.564966070012,
              11361.299438314602
            ],
            [
              7339.908114717792,
              11349.555584739242
            ],
            [
              7282.6568285379235,
              11351.51289366847
            ],
            [
              7243.999977185704,
              11338.7903856285
            ],
            [
              7220.022942802681,
              11338.301058396191
            ],
            [
              7187.23801823814,
              11355.916838759229
            ],
            [
              7152.495784744374,
              11397.020326272981
            ],
            [
              7055.119665515365,
              11431.762559766748
            ],
            [
              7030.653303900036,
              11461.61152093745
            ],
            [
              7024.781377112357,
              11499.779045057363
            ],
            [
              7029.185322203117,
              11511.033571400414
            ],
            [
              7056.098319979978,
              11550.669077217246
            ],
            [
              7117.7535512506065,
              11607.920363397116
            ],
            [
              7123.625478038286,
              11627.004125457071
            ],
            [
              7122.646823573673,
              11629.940088850912
            ],
            [
              7107.4776793721685,
              11616.728253578634
            ],
            [
              7062.459573999964,
              11559.476967398765
            ],
            [
              7036.0359034554085,
              11551.158404449552
            ],
            [
              7019.888104789292,
              11551.64773168186
            ],
            [
              6993.953761477043,
              11571.220820974122
            ],
            [
              6985.635198527832,
              11584.921983478707
            ],
            [
              6985.145871295525,
              11619.664216972473
            ],
            [
              6998.847033800109,
              11652.449141537014
            ],
            [
              7023.802722647744,
              11668.107612970824
            ],
            [
              7060.991592303044,
              11671.53290359697
            ],
            [
              7077.628718201468,
              11666.639631273905
            ],
            [
              7093.776516867585,
              11654.895777698546
            ],
            [
              7117.2642240183,
              11652.93846876932
            ],
            [
              7154.4530936736,
              11670.554249132358
            ],
            [
              7171.159291273183,
              11675.23198446024
            ],
            [
              7171.159291273183,
              11675.23198446024
            ]
          ]
        ]
      },
      "properties": {
        "annotation_id": "29c053da-cc9c-49bd-9e64-bc549ae5f5d2",
        "label": "GP3",
        "probabilities": null,
        "tags": []
      }
    },
    {
      "type": "Feature",
      "geometry": {
        "type": "Polygon",
        "coordinates": [
          [
            [
              5063.0,
              7835.0
            ],
            [
              5046.0,
              7849.0
            ],
            [
              5052.0,
              7857.0
            ],
            [
              5051.0,
              7876.0
            ],
            [
              5067.0,
              7898.0
            ],
            [
              5075.0,
              7925.0
            ],
            [
              5083.0,
              7939.0
            ],
            [
              5110.0,
              7962.0
            ],
            [
              5112.0,
              7983.0
            ],
            [
              5116.0,
              7989.0
            ],
            [
              5126.0,
              7992.0
            ],
            [
              5129.0,
              8010.0
            ],
            [
              5138.0,
              8021.0
            ],
            [
              5145.0,
              8041.0
            ],
            [
              5153.0,
              8047.0
            ],
            [
              5168.0,
              8051.0
            ],
            [
              5155.0,
              8062.0
            ],
            [
              5140.0,
              8065.0
            ],
            [
              5140.0,
              8071.0
            ],
            [
              5146.0,
              8078.0
            ],
            [
              5147.0,
              8089.0
            ],
            [
              5160.0,
              8105.0
            ],
            [
              5158.0,
              8116.0
            ],
            [
              5160.0,
              8118.0
            ],
            [
              5171.0,
              8117.0
            ],
            [
              5183.0,
              8122.0
            ],
            [
              5182.0,
              8132.0
            ],
            [
              5197.0,
              8130.0
            ],
            [
              5214.0,
              8117.0
            ],
            [
              5219.0,
              8107.0
            ],
            [
              5220.0,
              8089.0
            ],
            [
              5230.0,
              8084.0
            ],
            [
              5239.0,
              8075.0
            ],
            [
              5244.0,
              8064.0
            ],
            [
              5245.0,
              8046.0
            ],
            [
              5229.0,
              8004.0
            ],
            [
              5209.0,
              7964.0
            ],
            [
              5171.0,
              7918.0
            ],
            [
              5143.0,
              7890.0
            ],
            [
              5138.0,
              7871.0
            ],
            [
              5111.0,
              7845.0
            ],
            [
              5095.0,
              7835.0
            ],
            [
              5081.0,
              7832.0
            ],
            [
              5063.0,
              7835.0
            ]
          ]
        ]
      },
      "properties": {
        "annotation_id": "3569_Benign_0",
        "label": "GP3",
        "probabilities": {
          "GP3": 1,
          "GP4": 0,
          "GP5": 0,
          "Benign": 0
        },
        "tags": []
      }
    },
    {
      "type": "Feature",
      "geometry": {
        "type": "Polygon",
        "coordinates": [
          [
            [
              5390.0,
              6582.0
            ],
            [
              5384.0,
              6592.0
            ],
            [
              5383.0,
              6598.0
            ],
            [
              5381.0,
              6600.0
            ],
            [
              5380.0,
              6608.0
            ],
            [
              5379.0,
              6609.0
            ],
            [
              5379.0,
              6619.0
            ],
            [
              5376.0,
              6630.0
            ],
            [
              5376.0,
              6647.0
            ],
            [
              5377.0,
              6648.0
            ],
            [
              5378.0,
              6656.0
            ],
            [
              5381.0,
              6661.0
            ],
            [
              5388.0,
              6668.0
            ],
            [
              5392.0,
              6670.0
            ],
            [
              5399.0,
              6669.0
            ],
            [
              5404.0,
              6665.0
            ],
            [
              5415.0,
              6665.0
            ],
            [
              5423.0,
              6668.0
            ],
            [
              5434.0,
              6668.0
            ],
            [
              5444.0,
              6665.0
            ],
            [
              5452.0,
              6665.0
            ],
            [
              5458.0,
              6661.0
            ],
            [
              5465.0,
              6659.0
            ],
            [
              5472.0,
              6660.0
            ],
            [
              5481.0,
              6664.0
            ],
            [
              5487.0,
              6658.0
            ],
            [
              5490.0,
              6649.0
            ],
            [
              5490.0,
              6627.0
            ],
            [
              5488.0,
              6620.0
            ],
            [
              5485.0,
              6616.0
            ],
            [
              5482.0,
              6607.0
            ],
            [
              5475.0,
              6598.0
            ],
            [
              5461.0,
              6584.0
            ],
            [
              5446.0,
              6576.0
            ],
            [
              5438.0,
              6575.0
            ],
            [
              5424.0,
              6571.0
            ],
            [
              5410.0,
              6571.0
            ],
            [
              5409.0,
              6572.0
            ],
            [
              5401.0,
              6573.0
            ],
            [
              5396.0,
              6576.0
            ],
            [
              5390.0,
              6582.0
            ]
          ]
        ]
      },
      "properties": {
        "annotation_id": "3569_Benign_13",
        "label": "GP3",
        "probabilities": {
          "GP3": 1,
          "GP4": 0,
          "GP5": 0,
          "Benign": 0
        },
        "tags": []
      }
    },
    {
      "type": "Feature",
      "geometry": {
        "type": "Polygon",
        "coordinates": [
          [
            [
              3910.0,
              5994.0
            ],
            [
              3905.0,
              6006.0
            ],
            [
              3904.0,
              6019.0
            ],
            [
              3909.0,
              6036.0
            ],
            [
              3915.0,
              6046.0
            ],
            [
              3923.0,
              6056.0
            ],
            [
              3939.0,
              6070.0
            ],
            [
              3950.0,
              6075.0
            ],
            [
              3981.0,
              6097.0
            ],
            [
              3993.0,
              6101.0
            ],
            [
              4001.0,
              6101.0
            ],
            [
              4006.0,
              6103.0
            ],
            [
              4034.0,
              6103.0
            ],
            [
              4053.0,
              6096.0
            ],
            [
              4064.0,
              6085.0
            ],
            [
              4067.0,
              6076.0
            ],
            [
              4067.0,
              6046.0
            ],
            [
              4063.0,
              6033.0
            ],
            [
              4056.0,
              6023.0
            ],
            [
              4043.0,
              6010.0
            ],
            [
              4029.0,
              6001.0
            ],
            [
              4020.0,
              5998.0
            ],
            [
              3999.0,
              5986.0
            ],
            [
              3976.0,
              5980.0
            ],
            [
              3973.0,
              5974.0
            ],
            [
              3963.0,
              5965.0
            ],
            [
              3953.0,
              5962.0
            ],
            [
              3940.0,
              5965.0
            ],
            [
              3927.0,
              5978.0
            ],
            [
              3923.0,
              5980.0
            ],
            [
              3910.0,
              5994.0
            ]
          ]
        ]
      },
      "properties": {
        "annotation_id": "3569_Benign_14",
        "label": "GP3",
        "probabilities": {
          "GP3": 1,
          "GP4": 0,
          "GP5": 0,
          "Benign": 0
        },
        "tags": []
      }
    },
    {
      "type": "Feature",
      "geometry": {
        "type": "Polygon",
        "coordinates": [
          [
            [
              4296.0,
              5928.0
            ],
            [
              4261.0,
              6002.0
            ],
            [
              4266.0,
              6060.0
            ],
            [
              4312.0,
              6148.0
            ],
            [
              4389.0,
              6214.0
            ],
            [
              4221.0,
              6290.0
            ],
            [
              4155.0,
              6343.0
            ],
            [
              4171.0,
              6411.0
            ],
            [
              4212.0,
              6477.0
            ],
            [
              4184.0,
              6497.0
            ],
            [
              4183.0,
              6524.0
            ],
            [
              4234.0,
              6560.0
            ],
            [
              4227.0,
              6609.0
            ],
            [
              4254.0,
              6618.0
            ],
            [
              4282.0,
              6595.0
            ],
            [
              4300.0,
              6661.0
            ],
            [
              4355.0,
              6700.0
            ],
            [
              4553.0,
              6736.0
            ],
            [
              4593.0,
              6755.0
            ],
            [
              4614.0,
              6790.0
            ],
            [
              4692.0,
              6806.0
            ],
            [
              4739.0,
              6838.0
            ],
            [
              4789.0,
              6820.0
            ],
            [
              4798.0,
              6770.0
            ],
            [
              4903.0,
              6788.0
            ],
            [
              4949.0,
              6852.0
            ],
            [
              5057.0,
              6929.0
            ],
            [
              5107.0,
              7158.0
            ],
            [
              5131.0,
              7171.0
            ],
            [
              5190.0,
              7159.0
            ],
            [
              5232.0,
              7100.0
            ],
            [
              5246.0,
              6993.0
            ],
            [
              5291.0,
              6891.0
            ],
            [
              5285.0,
              6766.0
            ],
            [
              5256.0,
              6731.0
            ],
            [
              5216.0,
              6719.0
            ],
            [
              5118.0,
              6747.0
            ],
            [
              5045.0,
              6622.0
            ],
            [
              4955.0,
              6553.0
            ],
            [
              4945.0,
              6514.0
            ],
            [
              4911.0,
              6481.0
            ],
            [
              4818.0,
              6445.0
            ],
            [
              4769.0,
              6473.0
            ],
            [
              4453.0,
              6474.0
            ],
            [
              4373.0,
              6507.0
            ],
            [
              4283.0,
              6579.0
            ],
            [
              4263.0,
              6482.0
            ],
            [
              4317.0,
              6450.0
            ],
            [
              4368.0,
              6366.0
            ],
            [
              4395.0,
              6436.0
            ],
            [
              4466.0,
              6448.0
            ],
            [
              4523.0,
              6410.0
            ],
            [
              4589.0,
              6300.0
            ],
            [
              4521.0,
              6251.0
            ],
            [
              4523.0,
              6180.0
            ],
            [
              4541.0,
              6182.0
            ],
            [
              4521.0,
              6162.0
            ],
            [
              4543.0,
              6150.0
            ],
            [
              4471.0,
              6022.0
            ],
            [
              4478.0,
              6009.0
            ],
            [
              4391.0,
              5931.0
            ],
            [
              4296.0,
              5928.0
            ]
          ],
          [
            [
              5184.0,
              6797.0
            ],
            [
              5187.0,
              6795.0
            ],
            [
              5192.0,
              6794.0
            ],
            [
              5200.0,
              6785.0
            ],
            [
              5205.0,
              6783.0
            ],
            [
              5210.0,
              6777.0
            ],
            [
              5218.0,
              6773.0
            ],
            [
              5223.0,
              6773.0
            ],
            [
              5229.0,
              6776.0
            ],
            [
              5235.0,
              6782.0
            ],
            [
              5237.0,
              6787.0
            ],
            [
              5239.0,
              6789.0
            ],
            [
              5241.0,
              6793.0
            ],
            [
              5242.0,
              6798.0
            ],
            [
              5247.0,
              6806.0
            ],
            [
              5250.0,
              6818.0
            ],
            [
              5254.0,
              6825.0
            ],
            [
              5255.0,
              6831.0
            ],
            [
              5254.0,
              6832.0
            ],
            [
              5254.0,
              6836.0
            ],
            [
              5253.0,
              6837.0
            ],
            [
              5252.0,
              6843.0
            ],
            [
              5248.0,
              6846.0
            ],
            [
              5244.0,
              6843.0
            ],
            [
              5244.0,
              6840.0
            ],
            [
              5247.0,
              6837.0
            ],
            [
              5247.0,
              6834.0
            ],
            [
              5248.0,
              6833.0
            ],
            [
              5247.0,
              6826.0
            ],
            [
              5244.0,
              6823.0
            ],
            [
              5236.0,
              6823.0
            ],
            [
              5232.0,
              6820.0
            ],
            [
              5232.0,
              6812.0
            ],
            [
              5225.0,
              6803.0
            ],
            [
              5223.0,
              6805.0
            ],
            [
              5223.0,
              6808.0
            ],
            [
              5218.0,
              6811.0
            ],
            [
              5220.0,
              6815.0
            ],
            [
              5220.0,
              6818.0
            ],
            [
              5216.0,
              6821.0
            ],
            [
              5213.0,
              6820.0
            ],
            [
              5210.0,
              6822.0
            ],
            [
              5205.0,
              6818.0
            ],
            [
              5205.0,
              6815.0
            ],
            [
              5202.0,
              6813.0
            ],
            [
              5188.0,
              6814.0
            ],
            [
              5184.0,
              6812.0
            ],
            [
              5182.0,
              6809.0
            ],
            [
              5182.0,
              6800.0
            ],
            [
              5184.0,
              6797.0
            ]
          ],
          [
            [
              4673.0,
              6727.0
            ],
            [
              4679.0,
              6721.0
            ],
            [
              4680.0,
              6721.0
            ],
            [
              4681.0,
              6720.0
            ],
            [
              4687.0,
              6720.0
            ],
            [
              4688.0,
              6721.0
            ],
            [
              4689.0,
              6721.0
            ],
            [
              4693.0,
              6725.0
            ],
            [
              4693.0,
              6727.0
            ],
            [
              4695.0,
              6729.0
            ],
            [
              4695.0,
              6731.0
            ],
            [
              4696.0,
              6732.0
            ],
            [
              4696.0,
              6734.0
            ],
            [
              4708.0,
              6746.0
            ],
            [
              4710.0,
              6746.0
            ],
            [
              4711.0,
              6747.0
            ],
            [
              4712.0,
              6747.0
            ],
            [
              4716.0,
              6751.0
            ],
            [
              4716.0,
              6753.0
            ],
            [
              4717.0,
              6754.0
            ],
            [
              4717.0,
              6759.0
            ],
            [
              4715.0,
              6761.0
            ],
            [
              4714.0,
              6761.0
            ],
            [
              4713.0,
              6762.0
            ],
            [
              4700.0,
              6762.0
            ],
            [
              4697.0,
              6760.0
            ],
            [
              4695.0,
              6760.0
            ],
            [
              4694.0,
              6759.0
            ],
            [
              4693.0,
              6759.0
            ],
            [
              4690.0,
              6756.0
            ],
            [
              4689.0,
              6756.0
            ],
            [
              4687.0,
              6754.0
            ],
            [
              4685.0,
              6754.0
            ],
            [
              4682.0,
              6756.0
            ],
            [
              4679.0,
              6756.0
            ],
            [
              4678.0,
              6757.0
            ],
            [
              4676.0,
              6757.0
            ],
            [
              4675.0,
              6756.0
            ],
            [
              4673.0,
              6756.0
            ],
            [
              4672.0,
              6755.0
            ],
            [
              4671.0,
              6755.0
            ],
            [
              4670.0,
              6754.0
            ],
            [
              4670.0,
              6753.0
            ],
            [
              4668.0,
              6751.0
            ],
            [
              4668.0,
              6747.0
            ],
            [
              4669.0,
              6746.0
            ],
            [
              4669.0,
              6742.0
            ],
            [
              4670.0,
              6741.0
            ],
            [
              4670.0,
              6735.0
            ],
            [
              4671.0,
              6734.0
            ],
            [
              4671.0,
              6730.0
            ],
            [
              4673.0,
              6728.0
            ],
            [
              4673.0,
              6727.0
            ]
          ],
          [
            [
              4412.0,
              6587.0
            ],
            [
              4424.0,
              6577.0
            ],
            [
              4441.0,
              6535.0
            ],
            [
              4458.0,
              6527.0
            ],
            [
              4459.0,
              6538.0
            ],
            [
              4449.0,
              6549.0
            ],
            [
              4441.0,
              6573.0
            ],
            [
              4447.0,
              6612.0
            ],
            [
              4469.0,
              6636.0
            ],
            [
              4495.0,
              6651.0
            ],
            [
              4526.0,
              6649.0
            ],
            [
              4550.0,
              6626.0
            ],
            [
              4559.0,
              6603.0
            ],
            [
              4554.0,
              6580.0
            ],
            [
              4560.0,
              6571.0
            ],
            [
              4615.0,
              6534.0
            ],
            [
              4635.0,
              6540.0
            ],
            [
              4650.0,
              6537.0
            ],
            [
              4673.0,
              6554.0
            ],
            [
              4715.0,
              6559.0
            ],
            [
              4748.0,
              6586.0
            ],
            [
              4805.0,
              6604.0
            ],
            [
              4822.0,
              6595.0
            ],
            [
              4834.0,
              6604.0
            ],
            [
              4872.0,
              6607.0
            ],
            [
              4900.0,
              6621.0
            ],
            [
              4918.0,
              6617.0
            ],
            [
              4931.0,
              6630.0
            ],
            [
              4957.0,
              6620.0
            ],
            [
              4986.0,
              6628.0
            ],
            [
              5001.0,
              6716.0
            ],
            [
              5022.0,
              6748.0
            ],
            [
              5006.0,
              6754.0
            ],
            [
              4988.0,
              6754.0
            ],
            [
              4970.0,
              6745.0
            ],
            [
              4960.0,
              6748.0
            ],
            [
              4944.0,
              6730.0
            ],
            [
              4940.0,
              6713.0
            ],
            [
              4856.0,
              6670.0
            ],
            [
              4776.0,
              6643.0
            ],
            [
              4770.0,
              6627.0
            ],
            [
              4739.0,
              6621.0
            ],
            [
              4709.0,
              6599.0
            ],
            [
              4687.0,
              6596.0
            ],
            [
              4637.0,
              6573.0
            ],
            [
              4621.0,
              6592.0
            ],
            [
              4633.0,
              6587.0
            ],
            [
              4638.0,
              6592.0
            ],
            [
              4613.0,
              6621.0
            ],
            [
              4582.0,
              6623.0
            ],
            [
              4548.0,
              6653.0
            ],
            [
              4544.0,
              6667.0
            ],
            [
              4513.0,
              6674.0
            ],
            [
              4490.0,
              6673.0
            ],
            [
              4472.0,
              6661.0
            ],
            [
              4459.0,
              6667.0
            ],
            [
              4451.0,
              6664.0
            ],
            [
              4431.0,
              6640.0
            ],
            [
              4412.0,
              6587.0
            ]
          ],
          [
            [
              4814.0,
              6489.0
            ],
            [
              4820.0,
              6482.0
            ],
            [
              4820.0,
              6480.0
            ],
            [
              4826.0,
              6474.0
            ],
            [
              4831.0,
              6473.0
            ],
            [
              4834.0,
              6471.0
            ],
            [
              4843.0,
              6471.0
            ],
            [
              4846.0,
              6473.0
            ],
            [
              4859.0,
              6475.0
            ],
            [
              4862.0,
              6478.0
            ],
            [
              4862.0,
              6480.0
            ],
            [
              4867.0,
              6488.0
            ],
            [
              4878.0,
              6494.0
            ],
            [
              4882.0,
              6494.0
            ],
            [
              4886.0,
              6496.0
            ],
            [
              4899.0,
              6506.0
            ],
            [
              4902.0,
              6515.0
            ],
            [
              4904.0,
              6517.0
            ],
            [
              4904.0,
              6521.0
            ],
            [
              4907.0,
              6525.0
            ],
            [
              4907.0,
              6531.0
            ],
            [
              4910.0,
              6535.0
            ],
            [
              4910.0,
              6537.0
            ],
            [
              4913.0,
              6540.0
            ],
            [
              4914.0,
              6544.0
            ],
            [
              4919.0,
              6547.0
            ],
            [
              4920.0,
              6546.0
            ],
            [
              4926.0,
              6547.0
            ],
            [
              4929.0,
              6550.0
            ],
            [
              4929.0,
              6557.0
            ],
            [
              4923.0,
              6561.0
            ],
            [
              4914.0,
              6562.0
            ],
            [
              4905.0,
              6568.0
            ],
            [
              4889.0,
              6568.0
            ],
            [
              4882.0,
              6565.0
            ],
            [
              4872.0,
              6565.0
            ],
            [
              4867.0,
              6561.0
            ],
            [
              4868.0,
              6549.0
            ],
            [
              4866.0,
              6547.0
            ],
            [
              4861.0,
              6546.0
            ],
            [
              4857.0,
              6549.0
            ],
            [
              4852.0,
              6550.0
            ],
            [
              4849.0,
              6552.0
            ],
            [
              4841.0,
              6552.0
            ],
            [
              4835.0,
              6547.0
            ],
            [
              4835.0,
              6541.0
            ],
            [
              4844.0,
              6534.0
            ],
            [
              4843.0,
              6527.0
            ],
            [
              4830.0,
              6514.0
            ],
            [
              4813.0,
              6506.0
            ],
            [
              4813.0,
              6492.0
            ],
            [
              4814.0,
              6489.0
            ]
          ],
          [
            [
              4296.0,
              6326.0
            ],
            [
              4299.0,
              6328.0
            ],
            [
              4299.0,
              6332.0
            ],
            [
              4298.0,
              6333.0
            ],
            [
              4297.0,
              6340.0
            ],
            [
              4293.0,
              6348.0
            ],
            [
              4285.0,
              6357.0
            ],
            [
              4280.0,
              6366.0
            ],
            [
              4280.0,
              6374.0
            ],
            [
              4282.0,
              6376.0
            ],
            [
              4286.0,
              6376.0
            ],
            [
              4289.0,
              6378.0
            ],
            [
              4289.0,
              6381.0
            ],
            [
              4281.0,
              6385.0
            ],
            [
              4276.0,
              6390.0
            ],
            [
              4276.0,
              6393.0
            ],
            [
              4281.0,
              6397.0
            ],
            [
              4281.0,
              6401.0
            ],
            [
              4275.0,
              6407.0
            ],
            [
              4275.0,
              6417.0
            ],
            [
              4273.0,
              6422.0
            ],
            [
              4266.0,
              6428.0
            ],
            [
              4260.0,
              6428.0
            ],
            [
              4245.0,
              6422.0
            ],
            [
              4242.0,
              6419.0
            ],
            [
              4240.0,
              6414.0
            ],
            [
              4240.0,
              6409.0
            ],
            [
              4245.0,
              6399.0
            ],
            [
              4245.0,
              6395.0
            ],
            [
              4243.0,
              6392.0
            ],
            [
              4242.0,
              6385.0
            ],
            [
              4241.0,
              6384.0
            ],
            [
              4241.0,
              6377.0
            ],
            [
              4243.0,
              6373.0
            ],
            [
              4243.0,
              6368.0
            ],
            [
              4240.0,
              6364.0
            ],
            [
              4232.0,
              6348.0
            ],
            [
              4232.0,
              6343.0
            ],
            [
              4233.0,
              6341.0
            ],
            [
              4237.0,
              6338.0
            ],
            [
              4243.0,
              6339.0
            ],
            [
              4244.0,
              6340.0
            ],
            [
              4248.0,
              6340.0
            ],
            [
              4249.0,
              6339.0
            ],
            [
              4257.0,
              6338.0
            ],
            [
              4258.0,
              6337.0
            ],
            [
              4260.0,
              6338.0
            ],
            [
              4274.0,
              6338.0
            ],
            [
              4283.0,
              6334.0
            ],
            [
              4288.0,
              6328.0
            ],
            [
              4296.0,
              6326.0
            ]
          ],
          [
            [
              4531.0,
              6303.0
            ],
            [
              4536.0,
              6306.0
            ],
            [
              4538.0,
              6310.0
            ],
            [
              4538.0,
              6313.0
            ],
            [
              4533.0,
              6318.0
            ],
            [
              4529.0,
              6319.0
            ],
            [
              4528.0,
              6320.0
            ],
            [
              4522.0,
              6321.0
            ],
            [
              4515.0,
              6328.0
            ],
            [
              4513.0,
              6332.0
            ],
            [
              4513.0,
              6335.0
            ],
            [
              4512.0,
              6336.0
            ],
            [
              4512.0,
              6340.0
            ],
            [
              4511.0,
              6341.0
            ],
            [
              4511.0,
              6343.0
            ],
            [
              4507.0,
              6351.0
            ],
            [
              4507.0,
              6357.0
            ],
            [
              4508.0,
              6358.0
            ],
            [
              4509.0,
              6364.0
            ],
            [
              4508.0,
              6365.0
            ],
            [
              4508.0,
              6368.0
            ],
            [
              4507.0,
              6369.0
            ],
            [
              4507.0,
              6371.0
            ],
            [
              4505.0,
              6374.0
            ],
            [
              4504.0,
              6378.0
            ],
            [
              4494.0,
              6388.0
            ],
            [
              4492.0,
              6389.0
            ],
            [
              4484.0,
              6386.0
            ],
            [
              4476.0,
              6378.0
            ],
            [
              4476.0,
              6377.0
            ],
            [
              4474.0,
              6375.0
            ],
            [
              4474.0,
              6373.0
            ],
            [
              4472.0,
              6369.0
            ],
            [
              4472.0,
              6352.0
            ],
            [
              4474.0,
              6348.0
            ],
            [
              4481.0,
              6341.0
            ],
            [
              4483.0,
              6340.0
            ],
            [
              4490.0,
              6340.0
            ],
            [
              4497.0,
              6335.0
            ],
            [
              4496.0,
              6323.0
            ],
            [
              4499.0,
              6320.0
            ],
            [
              4503.0,
              6318.0
            ],
            [
              4508.0,
              6313.0
            ],
            [
              4510.0,
              6308.0
            ],
            [
              4513.0,
              6305.0
            ],
            [
              4517.0,
              6303.0
            ],
            [
              4531.0,
              6303.0
            ]
          ],
          [
            [
              4337.0,
              5952.0
            ],
            [
              4364.0,
              5969.0
            ],
            [
              4376.0,
              5990.0
            ],
            [
              4388.0,
              5986.0
            ],
            [
              4397.0,
              5996.0
            ],
            [
              4402.0,
              5996.0
            ],
            [
              4405.0,
              5990.0
            ],
            [
              4399.0,
              5982.0
            ],
            [
              4403.0,
              5980.0
            ],
            [
              4415.0,
              5984.0
            ],
            [
              4417.0,
              5995.0
            ],
            [
              4428.0,
              6002.0
            ],
            [
              4425.0,
              6016.0
            ],
            [
              4419.0,
              6022.0
            ],
            [
              4418.0,
              6036.0
            ],
            [
              4431.0,
              6047.0
            ],
            [
              4434.0,
              6057.0
            ],
            [
              4431.0,
              6069.0
            ],
            [
              4437.0,
              6077.0
            ],
            [
              4437.0,
              6087.0
            ],
            [
              4443.0,
              6092.0
            ],
            [
              4456.0,
              6116.0
            ],
            [
              4468.0,
              6153.0
            ],
            [
              4471.0,
              6174.0
            ],
            [
              4480.0,
              6181.0
            ],
            [
              4486.0,
              6194.0
            ],
            [
              4493.0,
              6201.0
            ],
            [
              4477.0,
              6229.0
            ],
            [
              4448.0,
              6258.0
            ],
            [
              4400.0,
              6271.0
            ],
            [
              4396.0,
              6269.0
            ],
            [
              4404.0,
              6258.0
            ],
            [
              4403.0,
              6255.0
            ],
            [
              4429.0,
              6234.0
            ],
            [
              4433.0,
              6217.0
            ],
            [
              4437.0,
              6213.0
            ],
            [
              4429.0,
              6196.0
            ],
            [
              4430.0,
              6185.0
            ],
            [
              4436.0,
              6176.0
            ],
            [
              4437.0,
              6162.0
            ],
            [
              4429.0,
              6156.0
            ],
            [
              4425.0,
              6159.0
            ],
            [
              4420.0,
              6156.0
            ],
            [
              4427.0,
              6149.0
            ],
            [
              4430.0,
              6137.0
            ],
            [
              4421.0,
              6134.0
            ],
            [
              4402.0,
              6117.0
            ],
            [
              4378.0,
              6107.0
            ],
            [
              4360.0,
              6092.0
            ],
            [
              4358.0,
              6081.0
            ],
            [
              4342.0,
              6068.0
            ],
            [
              4331.0,
              6075.0
            ],
            [
              4325.0,
              6074.0
            ],
            [
              4320.0,
              6068.0
            ],
            [
              4316.0,
              6051.0
            ],
            [
              4324.0,
              6034.0
            ],
            [
              4313.0,
              6009.0
            ],
            [
              4301.0,
              5998.0
            ],
            [
              4299.0,
              5988.0
            ],
            [
              4303.0,
              5977.0
            ],
            [
              4317.0,
              5962.0
            ],
            [
              4337.0,
              5952.0
            ]
          ]
        ]
      },
      "properties": {
        "annotation_id": "3569_Benign_15",
        "label": "GP3",
        "probabilities": {
          "GP3": 1,
          "GP4": 0,
          "GP5": 0,
          "Benign": 0
        },
        "tags": []
      }
    },
    {
      "type": "Feature",
      "geometry": {
        "type": "Polygon",
        "coordinates": [
          [
            [
              5713.0,
              7552.0
            ],
            [
              5703.0,
              7562.0
            ],
            [
              5682.0,
              7547.0
            ],
            [
              5668.0,
              7547.0
            ],
            [
              5654.0,
              7538.0
            ],
            [
              5631.0,
              7534.0
            ],
            [
              5613.0,
              7538.0
            ],
            [
              5606.0,
              7532.0
            ],
            [
              5565.0,
              7537.0
            ],
            [
              5492.0,
              7572.0
            ],
            [
              5458.0,
              7612.0
            ],
            [
              5473.0,
              7663.0
            ],
            [
              5483.0,
              7674.0
            ],
            [
              5482.0,
              7682.0
            ],
            [
              5494.0,
              7687.0
            ],
            [
              5498.0,
              7697.0
            ],
            [
              5480.0,
              7692.0
            ],
            [
              5472.0,
              7696.0
            ],
            [
              5473.0,
              7707.0
            ],
            [
              5484.0,
              7705.0
            ],
            [
              5488.0,
              7711.0
            ],
            [
              5474.0,
              7721.0
            ],
            [
              5458.0,
              7721.0
            ],
            [
              5457.0,
              7737.0
            ],
            [
              5447.0,
              7752.0
            ],
            [
              5440.0,
              7921.0
            ],
            [
              5457.0,
              7974.0
            ],
            [
              5502.0,
              8011.0
            ],
            [
              5526.0,
              8018.0
            ],
            [
              5584.0,
              8015.0
            ],
            [
              5603.0,
              8008.0
            ],
            [
              5616.0,
              7987.0
            ],
            [
              5642.0,
              7974.0
            ],
            [
              5641.0,
              7964.0
            ],
            [
              5663.0,
              7933.0
            ],
            [
              5654.0,
              7929.0
            ],
            [
              5619.0,
              7938.0
            ],
            [
              5534.0,
              7912.0
            ],
            [
              5543.0,
              7901.0
            ],
            [
              5556.0,
              7910.0
            ],
            [
              5593.0,
              7910.0
            ],
            [
              5600.0,
              7903.0
            ],
            [
              5613.0,
              7907.0
            ],
            [
              5633.0,
              7902.0
            ],
            [
              5650.0,
              7885.0
            ],
            [
              5656.0,
              7869.0
            ],
            [
              5654.0,
              7852.0
            ],
            [
              5663.0,
              7841.0
            ],
            [
              5653.0,
              7833.0
            ],
            [
              5657.0,
              7803.0
            ],
            [
              5640.0,
              7773.0
            ],
            [
              5648.0,
              7768.0
            ],
            [
              5656.0,
              7780.0
            ],
            [
              5662.0,
              7777.0
            ],
            [
              5683.0,
              7785.0
            ],
            [
              5718.0,
              7777.0
            ],
            [
              5736.0,
              7766.0
            ],
            [
              5748.0,
              7776.0
            ],
            [
              5763.0,
              7770.0
            ],
            [
              5789.0,
              7735.0
            ],
            [
              5795.0,
              7708.0
            ],
            [
              5791.0,
              7640.0
            ],
            [
              5753.0,
              7584.0
            ],
            [
              5713.0,
              7552.0
            ]
          ],
          [
            [
              5488.0,
              7751.0
            ],
            [
              5493.0,
              7747.0
            ],
            [
              5497.0,
              7746.0
            ],
            [
              5501.0,
              7749.0
            ],
            [
              5502.0,
              7752.0
            ],
            [
              5514.0,
              7752.0
            ],
            [
              5525.0,
              7761.0
            ],
            [
              5534.0,
              7765.0
            ],
            [
              5538.0,
              7762.0
            ],
            [
              5540.0,
              7758.0
            ],
            [
              5546.0,
              7755.0
            ],
            [
              5552.0,
              7758.0
            ],
            [
              5558.0,
              7756.0
            ],
            [
              5560.0,
              7757.0
            ],
            [
              5560.0,
              7769.0
            ],
            [
              5557.0,
              7771.0
            ],
            [
              5553.0,
              7769.0
            ],
            [
              5548.0,
              7770.0
            ],
            [
              5556.0,
              7773.0
            ],
            [
              5565.0,
              7781.0
            ],
            [
              5583.0,
              7790.0
            ],
            [
              5585.0,
              7792.0
            ],
            [
              5585.0,
              7796.0
            ],
            [
              5597.0,
              7804.0
            ],
            [
              5603.0,
              7817.0
            ],
            [
              5609.0,
              7822.0
            ],
            [
              5611.0,
              7828.0
            ],
            [
              5618.0,
              7833.0
            ],
            [
              5618.0,
              7842.0
            ],
            [
              5616.0,
              7846.0
            ],
            [
              5612.0,
              7849.0
            ],
            [
              5583.0,
              7849.0
            ],
            [
              5578.0,
              7848.0
            ],
            [
              5569.0,
              7843.0
            ],
            [
              5564.0,
              7843.0
            ],
            [
              5560.0,
              7845.0
            ],
            [
              5552.0,
              7843.0
            ],
            [
              5544.0,
              7848.0
            ],
            [
              5540.0,
              7858.0
            ],
            [
              5535.0,
              7864.0
            ],
            [
              5529.0,
              7866.0
            ],
            [
              5515.0,
              7863.0
            ],
            [
              5510.0,
              7857.0
            ],
            [
              5505.0,
              7854.0
            ],
            [
              5501.0,
              7848.0
            ],
            [
              5501.0,
              7846.0
            ],
            [
              5505.0,
              7844.0
            ],
            [
              5507.0,
              7840.0
            ],
            [
              5508.0,
              7825.0
            ],
            [
              5505.0,
              7820.0
            ],
            [
              5505.0,
              7812.0
            ],
            [
              5500.0,
              7801.0
            ],
            [
              5500.0,
              7789.0
            ],
            [
              5502.0,
              7787.0
            ],
            [
              5502.0,
              7784.0
            ],
            [
              5494.0,
              7774.0
            ],
            [
              5487.0,
              7775.0
            ],
            [
              5484.0,
              7773.0
            ],
            [
              5484.0,
              7769.0
            ],
            [
              5490.0,
              7765.0
            ],
            [
              5499.0,
              7765.0
            ],
            [
              5499.0,
              7759.0
            ],
            [
              5497.0,
              7756.0
            ],
            [
              5489.0,
              7754.0
            ],
            [
              5488.0,
              7751.0
            ]
          ],
          [
            [
              5501.0,
              7615.0
            ],
            [
              5505.0,
              7609.0
            ],
            [
              5506.0,
              7609.0
            ],
            [
              5515.0,
              7600.0
            ],
            [
              5519.0,
              7598.0
            ],
            [
              5523.0,
              7598.0
            ],
            [
              5524.0,
              7597.0
            ],
            [
              5540.0,
              7597.0
            ],
            [
              5543.0,
              7598.0
            ],
            [
              5547.0,
              7594.0
            ],
            [
              5552.0,
              7593.0
            ],
            [
              5556.0,
              7595.0
            ],
            [
              5568.0,
              7606.0
            ],
            [
              5570.0,
              7606.0
            ],
            [
              5574.0,
              7609.0
            ],
            [
              5576.0,
              7609.0
            ],
            [
              5579.0,
              7611.0
            ],
            [
              5579.0,
              7614.0
            ],
            [
              5576.0,
              7617.0
            ],
            [
              5571.0,
              7620.0
            ],
            [
              5569.0,
              7620.0
            ],
            [
              5567.0,
              7622.0
            ],
            [
              5565.0,
              7629.0
            ],
            [
              5571.0,
              7632.0
            ],
            [
              5580.0,
              7634.0
            ],
            [
              5585.0,
              7631.0
            ],
            [
              5587.0,
              7626.0
            ],
            [
              5587.0,
              7623.0
            ],
            [
              5591.0,
              7620.0
            ],
            [
              5596.0,
              7624.0
            ],
            [
              5596.0,
              7629.0
            ],
            [
              5593.0,
              7633.0
            ],
            [
              5593.0,
              7636.0
            ],
            [
              5597.0,
              7640.0
            ],
            [
              5597.0,
              7644.0
            ],
            [
              5591.0,
              7647.0
            ],
            [
              5586.0,
              7647.0
            ],
            [
              5579.0,
              7643.0
            ],
            [
              5568.0,
              7644.0
            ],
            [
              5563.0,
              7641.0
            ],
            [
              5561.0,
              7641.0
            ],
            [
              5558.0,
              7644.0
            ],
            [
              5555.0,
              7645.0
            ],
            [
              5549.0,
              7642.0
            ],
            [
              5544.0,
              7642.0
            ],
            [
              5543.0,
              7641.0
            ],
            [
              5539.0,
              7641.0
            ],
            [
              5537.0,
              7640.0
            ],
            [
              5530.0,
              7643.0
            ],
            [
              5526.0,
              7643.0
            ],
            [
              5524.0,
              7644.0
            ],
            [
              5521.0,
              7648.0
            ],
            [
              5517.0,
              7650.0
            ],
            [
              5514.0,
              7650.0
            ],
            [
              5510.0,
              7648.0
            ],
            [
              5503.0,
              7641.0
            ],
            [
              5503.0,
              7637.0
            ],
            [
              5502.0,
              7636.0
            ],
            [
              5503.0,
              7627.0
            ],
            [
              5501.0,
              7623.0
            ],
            [
              5501.0,
              7615.0
            ]
          ],
          [
            [
              5629.0,
              7613.0
            ],
            [
              5637.0,
              7607.0
            ],
            [
              5644.0,
              7605.0
            ],
            [
              5655.0,
              7608.0
            ],
            [
              5661.0,
              7603.0
            ],
            [
              5661.0,
              7594.0
            ],
            [
              5664.0,
              7591.0
            ],
            [
              5670.0,
              7590.0
            ],
            [
              5675.0,
              7586.0
            ],
            [
              5682.0,
              7588.0
            ],
            [
              5695.0,
              7601.0
            ],
            [
              5698.0,
              7610.0
            ],
            [
              5707.0,
              7616.0
            ],
            [
              5707.0,
              7622.0
            ],
            [
              5715.0,
              7627.0
            ],
            [
              5716.0,
              7635.0
            ],
            [
              5713.0,
              7639.0
            ],
            [
              5714.0,
              7645.0
            ],
            [
              5720.0,
              7638.0
            ],
            [
              5727.0,
              7638.0
            ],
            [
              5730.0,
              7640.0
            ],
            [
              5731.0,
              7657.0
            ],
            [
              5726.0,
              7662.0
            ],
            [
              5728.0,
              7673.0
            ],
            [
              5738.0,
              7678.0
            ],
            [
              5749.0,
              7679.0
            ],
            [
              5754.0,
              7685.0
            ],
            [
              5757.0,
              7701.0
            ],
            [
              5752.0,
              7705.0
            ],
            [
              5742.0,
              7700.0
            ],
            [
              5725.0,
              7702.0
            ],
            [
              5719.0,
              7700.0
            ],
            [
              5715.0,
              7692.0
            ],
            [
              5706.0,
              7698.0
            ],
            [
              5703.0,
              7696.0
            ],
            [
              5697.0,
              7685.0
            ],
            [
              5688.0,
              7684.0
            ],
            [
              5684.0,
              7689.0
            ],
            [
              5691.0,
              7692.0
            ],
            [
              5698.0,
              7692.0
            ],
            [
              5703.0,
              7699.0
            ],
            [
              5703.0,
              7703.0
            ],
            [
              5696.0,
              7706.0
            ],
            [
              5690.0,
              7700.0
            ],
            [
              5684.0,
              7703.0
            ],
            [
              5681.0,
              7702.0
            ],
            [
              5676.0,
              7691.0
            ],
            [
              5669.0,
              7687.0
            ],
            [
              5660.0,
              7687.0
            ],
            [
              5654.0,
              7680.0
            ],
            [
              5654.0,
              7676.0
            ],
            [
              5660.0,
              7670.0
            ],
            [
              5663.0,
              7669.0
            ],
            [
              5668.0,
              7672.0
            ],
            [
              5672.0,
              7667.0
            ],
            [
              5671.0,
              7665.0
            ],
            [
              5668.0,
              7667.0
            ],
            [
              5658.0,
              7658.0
            ],
            [
              5643.0,
              7658.0
            ],
            [
              5639.0,
              7654.0
            ],
            [
              5635.0,
              7642.0
            ],
            [
              5634.0,
              7645.0
            ],
            [
              5637.0,
              7655.0
            ],
            [
              5632.0,
              7660.0
            ],
            [
              5628.0,
              7660.0
            ],
            [
              5617.0,
              7652.0
            ],
            [
              5618.0,
              7643.0
            ],
            [
              5627.0,
              7636.0
            ],
            [
              5625.0,
              7624.0
            ],
            [
              5629.0,
              7613.0
            ]
          ]
        ]
      },
      "properties": {
        "annotation_id": "3569_Benign_2",
        "label": "GP3",
        "probabilities": {
          "GP3": 1,
          "GP4": 0,
          "GP5": 0,
          "Benign": 0
        },
        "tags": []
      }
    },
    {
      "type": "Feature",
      "geometry": {
        "type": "Polygon",
        "coordinates": [
          [
            [
              3560.0,
              5865.0
            ],
            [
              3560.0,
              5877.0
            ],
            [
              3556.0,
              5880.0
            ],
            [
              3558.0,
              5883.0
            ],
            [
              3571.0,
              5889.0
            ],
            [
              3610.0,
              5920.0
            ],
            [
              3642.0,
              5939.0
            ],
            [
              3699.0,
              5965.0
            ],
            [
              3731.0,
              5973.0
            ],
            [
              3751.0,
              5973.0
            ],
            [
              3771.0,
              5968.0
            ],
            [
              3771.0,
              5964.0
            ],
            [
              3782.0,
              5961.0
            ],
            [
              3790.0,
              5949.0
            ],
            [
              3791.0,
              5940.0
            ],
            [
              3788.0,
              5932.0
            ],
            [
              3788.0,
              5922.0
            ],
            [
              3772.0,
              5897.0
            ],
            [
              3770.0,
              5881.0
            ],
            [
              3749.0,
              5859.0
            ],
            [
              3740.0,
              5860.0
            ],
            [
              3736.0,
              5864.0
            ],
            [
              3735.0,
              5872.0
            ],
            [
              3751.0,
              5906.0
            ],
            [
              3750.0,
              5911.0
            ],
            [
              3754.0,
              5921.0
            ],
            [
              3751.0,
              5925.0
            ],
            [
              3740.0,
              5914.0
            ],
            [
              3737.0,
              5906.0
            ],
            [
              3726.0,
              5894.0
            ],
            [
              3717.0,
              5878.0
            ],
            [
              3706.0,
              5868.0
            ],
            [
              3682.0,
              5854.0
            ],
            [
              3658.0,
              5850.0
            ],
            [
              3646.0,
              5845.0
            ],
            [
              3632.0,
              5831.0
            ],
            [
              3631.0,
              5827.0
            ],
            [
              3616.0,
              5818.0
            ],
            [
              3610.0,
              5817.0
            ],
            [
              3606.0,
              5820.0
            ],
            [
              3610.0,
              5830.0
            ],
            [
              3607.0,
              5835.0
            ],
            [
              3594.0,
              5838.0
            ],
            [
              3578.0,
              5847.0
            ],
            [
              3560.0,
              5865.0
            ]
          ]
        ]
      },
      "properties": {
        "annotation_id": "3569_Benign_23",
        "label": "GP3",
        "probabilities": {
          "GP3": 1,
          "GP4": 0,
          "GP5": 0,
          "Benign": 0
        },
        "tags": []
      }
    },
    {
      "type": "Feature",
      "geometry": {
        "type": "Polygon",
        "coordinates": [
          [
            [
              3625.0,
              5805.0
            ],
            [
              3625.0,
              5809.0
            ],
            [
              3634.0,
              5822.0
            ],
            [
              3636.0,
              5821.0
            ],
            [
              3637.0,
              5822.0
            ],
            [
              3641.0,
              5822.0
            ],
            [
              3645.0,
              5824.0
            ],
            [
              3654.0,
              5833.0
            ],
            [
              3657.0,
              5834.0
            ],
            [
              3663.0,
              5839.0
            ],
            [
              3668.0,
              5841.0
            ],
            [
              3671.0,
              5844.0
            ],
            [
              3675.0,
              5846.0
            ],
            [
              3680.0,
              5846.0
            ],
            [
              3681.0,
              5845.0
            ],
            [
              3682.0,
              5846.0
            ],
            [
              3685.0,
              5846.0
            ],
            [
              3690.0,
              5849.0
            ],
            [
              3695.0,
              5850.0
            ],
            [
              3699.0,
              5852.0
            ],
            [
              3713.0,
              5863.0
            ],
            [
              3719.0,
              5866.0
            ],
            [
              3724.0,
              5866.0
            ],
            [
              3726.0,
              5865.0
            ],
            [
              3729.0,
              5861.0
            ],
            [
              3729.0,
              5859.0
            ],
            [
              3730.0,
              5858.0
            ],
            [
              3730.0,
              5852.0
            ],
            [
              3725.0,
              5845.0
            ],
            [
              3721.0,
              5841.0
            ],
            [
              3720.0,
              5841.0
            ],
            [
              3706.0,
              5826.0
            ],
            [
              3662.0,
              5799.0
            ],
            [
              3660.0,
              5797.0
            ],
            [
              3660.0,
              5795.0
            ],
            [
              3661.0,
              5794.0
            ],
            [
              3658.0,
              5791.0
            ],
            [
              3658.0,
              5789.0
            ],
            [
              3657.0,
              5788.0
            ],
            [
              3656.0,
              5789.0
            ],
            [
              3651.0,
              5787.0
            ],
            [
              3647.0,
              5787.0
            ],
            [
              3646.0,
              5788.0
            ],
            [
              3639.0,
              5789.0
            ],
            [
              3633.0,
              5795.0
            ],
            [
              3632.0,
              5798.0
            ],
            [
              3625.0,
              5805.0
            ]
          ]
        ]
      },
      "properties": {
        "annotation_id": "3569_Benign_24",
        "label": "GP3",
        "probabilities": {
          "GP3": 1,
          "GP4": 0,
          "GP5": 0,
          "Benign": 0
        },
        "tags": []
      }
    },
    {
      "type": "Feature",
      "geometry": {
        "type": "Polygon",
        "coordinates": [
          [
            [
              3806.0,
              5750.0
            ],
            [
              3813.0,
              5792.0
            ],
            [
              3818.0,
              5800.0
            ],
            [
              3817.0,
              5811.0
            ],
            [
              3827.0,
              5834.0
            ],
            [
              3842.0,
              5848.0
            ],
            [
              3877.0,
              5867.0
            ],
            [
              3884.0,
              5885.0
            ],
            [
              3904.0,
              5892.0
            ],
            [
              3917.0,
              5891.0
            ],
            [
              4006.0,
              5929.0
            ],
            [
              4065.0,
              5969.0
            ],
            [
              4137.0,
              6004.0
            ],
            [
              4169.0,
              6010.0
            ],
            [
              4221.0,
              6010.0
            ],
            [
              4243.0,
              6000.0
            ],
            [
              4252.0,
              5991.0
            ],
            [
              4256.0,
              5980.0
            ],
            [
              4256.0,
              5941.0
            ],
            [
              4249.0,
              5925.0
            ],
            [
              4231.0,
              5907.0
            ],
            [
              4220.0,
              5902.0
            ],
            [
              4199.0,
              5901.0
            ],
            [
              4184.0,
              5894.0
            ],
            [
              4172.0,
              5883.0
            ],
            [
              4164.0,
              5859.0
            ],
            [
              4155.0,
              5851.0
            ],
            [
              4112.0,
              5830.0
            ],
            [
              4099.0,
              5818.0
            ],
            [
              4059.0,
              5803.0
            ],
            [
              4023.0,
              5770.0
            ],
            [
              3921.0,
              5711.0
            ],
            [
              3903.0,
              5704.0
            ],
            [
              3900.0,
              5709.0
            ],
            [
              3904.0,
              5719.0
            ],
            [
              3900.0,
              5721.0
            ],
            [
              3892.0,
              5714.0
            ],
            [
              3873.0,
              5710.0
            ],
            [
              3873.0,
              5697.0
            ],
            [
              3860.0,
              5693.0
            ],
            [
              3856.0,
              5697.0
            ],
            [
              3859.0,
              5707.0
            ],
            [
              3846.0,
              5706.0
            ],
            [
              3832.0,
              5723.0
            ],
            [
              3816.0,
              5734.0
            ],
            [
              3806.0,
              5750.0
            ]
          ],
          [
            [
              3854.0,
              5749.0
            ],
            [
              3859.0,
              5745.0
            ],
            [
              3867.0,
              5744.0
            ],
            [
              3878.0,
              5749.0
            ],
            [
              3902.0,
              5751.0
            ],
            [
              3910.0,
              5747.0
            ],
            [
              3919.0,
              5747.0
            ],
            [
              3927.0,
              5743.0
            ],
            [
              3929.0,
              5744.0
            ],
            [
              3930.0,
              5753.0
            ],
            [
              3919.0,
              5765.0
            ],
            [
              3917.0,
              5790.0
            ],
            [
              3919.0,
              5801.0
            ],
            [
              3926.0,
              5802.0
            ],
            [
              3935.0,
              5808.0
            ],
            [
              3950.0,
              5808.0
            ],
            [
              3961.0,
              5814.0
            ],
            [
              3960.0,
              5819.0
            ],
            [
              3970.0,
              5824.0
            ],
            [
              3997.0,
              5851.0
            ],
            [
              4003.0,
              5852.0
            ],
            [
              4010.0,
              5848.0
            ],
            [
              4016.0,
              5852.0
            ],
            [
              4021.0,
              5859.0
            ],
            [
              4020.0,
              5863.0
            ],
            [
              4013.0,
              5867.0
            ],
            [
              4006.0,
              5864.0
            ],
            [
              3995.0,
              5863.0
            ],
            [
              3983.0,
              5857.0
            ],
            [
              3976.0,
              5850.0
            ],
            [
              3971.0,
              5840.0
            ],
            [
              3967.0,
              5836.0
            ],
            [
              3958.0,
              5832.0
            ],
            [
              3954.0,
              5835.0
            ],
            [
              3946.0,
              5832.0
            ],
            [
              3934.0,
              5833.0
            ],
            [
              3929.0,
              5831.0
            ],
            [
              3903.0,
              5833.0
            ],
            [
              3893.0,
              5828.0
            ],
            [
              3879.0,
              5827.0
            ],
            [
              3867.0,
              5834.0
            ],
            [
              3857.0,
              5833.0
            ],
            [
              3852.0,
              5827.0
            ],
            [
              3856.0,
              5812.0
            ],
            [
              3864.0,
              5806.0
            ],
            [
              3865.0,
              5798.0
            ],
            [
              3869.0,
              5790.0
            ],
            [
              3869.0,
              5784.0
            ],
            [
              3857.0,
              5772.0
            ],
            [
              3856.0,
              5762.0
            ],
            [
              3853.0,
              5754.0
            ],
            [
              3854.0,
              5749.0
            ]
          ]
        ]
      },
      "properties": {
        "annotation_id": "3569_Benign_26",
        "label": "GP3",
        "probabilities": {
          "GP3": 1,
          "GP4": 0,
          "GP5": 0,
          "Benign": 0
        },
        "tags": []
      }
    },
    {
      "type": "Feature",
      "geometry": {
        "type": "Polygon",
        "coordinates": [
          [
            [
              3641.0,
              5625.0
            ],
            [
              3642.0,
              5639.0
            ],
            [
              3644.0,
              5645.0
            ],
            [
              3646.0,
              5647.0
            ],
            [
              3656.0,
              5650.0
            ],
            [
              3664.0,
              5657.0
            ],
            [
              3671.0,
              5667.0
            ],
            [
              3671.0,
              5669.0
            ],
            [
              3668.0,
              5671.0
            ],
            [
              3658.0,
              5669.0
            ],
            [
              3645.0,
              5669.0
            ],
            [
              3644.0,
              5675.0
            ],
            [
              3657.0,
              5689.0
            ],
            [
              3662.0,
              5690.0
            ],
            [
              3678.0,
              5702.0
            ],
            [
              3706.0,
              5713.0
            ],
            [
              3748.0,
              5713.0
            ],
            [
              3755.0,
              5710.0
            ],
            [
              3768.0,
              5696.0
            ],
            [
              3772.0,
              5684.0
            ],
            [
              3772.0,
              5658.0
            ],
            [
              3769.0,
              5655.0
            ],
            [
              3760.0,
              5654.0
            ],
            [
              3747.0,
              5640.0
            ],
            [
              3741.0,
              5636.0
            ],
            [
              3717.0,
              5633.0
            ],
            [
              3702.0,
              5625.0
            ],
            [
              3695.0,
              5623.0
            ],
            [
              3685.0,
              5623.0
            ],
            [
              3678.0,
              5620.0
            ],
            [
              3673.0,
              5620.0
            ],
            [
              3667.0,
              5624.0
            ],
            [
              3663.0,
              5624.0
            ],
            [
              3652.0,
              5620.0
            ],
            [
              3647.0,
              5620.0
            ],
            [
              3641.0,
              5625.0
            ]
          ]
        ]
      },
      "properties": {
        "annotation_id": "3569_Benign_28",
        "label": "GP3",
        "probabilities": {
          "GP3": 1,
          "GP4": 0,
          "GP5": 0,
          "Benign": 0
        },
        "tags": []
      }
    },
    {
      "type": "Feature",
      "geometry": {
        "type": "Polygon",
        "coordinates": [
          [
            [
              4040.0,
              5642.0
            ],
            [
              4028.0,
              5712.0
            ],
            [
              4049.0,
              5768.0
            ],
            [
              4152.0,
              5828.0
            ],
            [
              4343.0,
              5882.0
            ],
            [
              4404.0,
              5916.0
            ],
            [
              4592.0,
              5889.0
            ],
            [
              4611.0,
              6008.0
            ],
            [
              4607.0,
              6049.0
            ],
            [
              4581.0,
              6060.0
            ],
            [
              4595.0,
              6184.0
            ],
            [
              4697.0,
              6267.0
            ],
            [
              4806.0,
              6387.0
            ],
            [
              5077.0,
              6571.0
            ],
            [
              5181.0,
              6629.0
            ],
            [
              5221.0,
              6633.0
            ],
            [
              5353.0,
              6487.0
            ],
            [
              5348.0,
              6397.0
            ],
            [
              5275.0,
              6278.0
            ],
            [
              5274.0,
              6217.0
            ],
            [
              5117.0,
              6015.0
            ],
            [
              4994.0,
              5977.0
            ],
            [
              4921.0,
              6005.0
            ],
            [
              4807.0,
              5830.0
            ],
            [
              4746.0,
              5780.0
            ],
            [
              4720.0,
              5785.0
            ],
            [
              4715.0,
              5808.0
            ],
            [
              4768.0,
              5862.0
            ],
            [
              4779.0,
              5917.0
            ],
            [
              4855.0,
              5995.0
            ],
            [
              4852.0,
              6035.0
            ],
            [
              4763.0,
              6003.0
            ],
            [
              4719.0,
              5950.0
            ],
            [
              4714.0,
              5912.0
            ],
            [
              4695.0,
              5911.0
            ],
            [
              4668.0,
              5940.0
            ],
            [
              4648.0,
              5923.0
            ],
            [
              4653.0,
              5881.0
            ],
            [
              4690.0,
              5821.0
            ],
            [
              4653.0,
              5811.0
            ],
            [
              4647.0,
              5786.0
            ],
            [
              4520.0,
              5829.0
            ],
            [
              4422.0,
              5820.0
            ],
            [
              4580.0,
              5729.0
            ],
            [
              4588.0,
              5704.0
            ],
            [
              4572.0,
              5687.0
            ],
            [
              4487.0,
              5693.0
            ],
            [
              4330.0,
              5618.0
            ],
            [
              4260.0,
              5605.0
            ],
            [
              4251.0,
              5582.0
            ],
            [
              4140.0,
              5593.0
            ],
            [
              4040.0,
              5642.0
            ]
          ],
          [
            [
              4965.0,
              6384.0
            ],
            [
              4967.0,
              6383.0
            ],
            [
              4969.0,
              6384.0
            ],
            [
              4974.0,
              6390.0
            ],
            [
              4979.0,
              6392.0
            ],
            [
              4981.0,
              6394.0
            ],
            [
              4991.0,
              6400.0
            ],
            [
              4993.0,
              6404.0
            ],
            [
              4999.0,
              6410.0
            ],
            [
              5002.0,
              6416.0
            ],
            [
              5007.0,
              6421.0
            ],
            [
              5007.0,
              6422.0
            ],
            [
              5011.0,
              6427.0
            ],
            [
              5012.0,
              6427.0
            ],
            [
              5014.0,
              6429.0
            ],
            [
              5020.0,
              6429.0
            ],
            [
              5022.0,
              6430.0
            ],
            [
              5025.0,
              6434.0
            ],
            [
              5027.0,
              6435.0
            ],
            [
              5030.0,
              6435.0
            ],
            [
              5033.0,
              6437.0
            ],
            [
              5033.0,
              6440.0
            ],
            [
              5031.0,
              6442.0
            ],
            [
              5027.0,
              6443.0
            ],
            [
              5024.0,
              6446.0
            ],
            [
              5024.0,
              6448.0
            ],
            [
              5026.0,
              6451.0
            ],
            [
              5029.0,
              6451.0
            ],
            [
              5033.0,
              6448.0
            ],
            [
              5037.0,
              6448.0
            ],
            [
              5040.0,
              6450.0
            ],
            [
              5039.0,
              6454.0
            ],
            [
              5034.0,
              6460.0
            ],
            [
              5032.0,
              6461.0
            ],
            [
              5029.0,
              6459.0
            ],
            [
              5026.0,
              6459.0
            ],
            [
              5023.0,
              6461.0
            ],
            [
              5017.0,
              6462.0
            ],
            [
              5016.0,
              6461.0
            ],
            [
              5012.0,
              6460.0
            ],
            [
              5008.0,
              6456.0
            ],
            [
              5006.0,
              6455.0
            ],
            [
              5000.0,
              6455.0
            ],
            [
              4995.0,
              6451.0
            ],
            [
              4991.0,
              6443.0
            ],
            [
              4981.0,
              6432.0
            ],
            [
              4980.0,
              6426.0
            ],
            [
              4979.0,
              6425.0
            ],
            [
              4979.0,
              6422.0
            ],
            [
              4977.0,
              6419.0
            ],
            [
              4977.0,
              6413.0
            ],
            [
              4972.0,
              6405.0
            ],
            [
              4968.0,
              6401.0
            ],
            [
              4966.0,
              6397.0
            ],
            [
              4965.0,
              6392.0
            ],
            [
              4963.0,
              6389.0
            ],
            [
              4963.0,
              6386.0
            ],
            [
              4965.0,
              6384.0
            ]
          ],
          [
            [
              5031.0,
              6361.0
            ],
            [
              5033.0,
              6360.0
            ],
            [
              5035.0,
              6360.0
            ],
            [
              5037.0,
              6361.0
            ],
            [
              5039.0,
              6363.0
            ],
            [
              5040.0,
              6363.0
            ],
            [
              5043.0,
              6367.0
            ],
            [
              5044.0,
              6367.0
            ],
            [
              5046.0,
              6369.0
            ],
            [
              5049.0,
              6369.0
            ],
            [
              5053.0,
              6371.0
            ],
            [
              5060.0,
              6377.0
            ],
            [
              5063.0,
              6383.0
            ],
            [
              5063.0,
              6385.0
            ],
            [
              5065.0,
              6387.0
            ],
            [
              5070.0,
              6389.0
            ],
            [
              5072.0,
              6391.0
            ],
            [
              5072.0,
              6393.0
            ],
            [
              5073.0,
              6394.0
            ],
            [
              5072.0,
              6401.0
            ],
            [
              5075.0,
              6404.0
            ],
            [
              5075.0,
              6406.0
            ],
            [
              5077.0,
              6410.0
            ],
            [
              5079.0,
              6412.0
            ],
            [
              5079.0,
              6413.0
            ],
            [
              5085.0,
              6419.0
            ],
            [
              5090.0,
              6421.0
            ],
            [
              5094.0,
              6425.0
            ],
            [
              5097.0,
              6426.0
            ],
            [
              5101.0,
              6431.0
            ],
            [
              5101.0,
              6433.0
            ],
            [
              5100.0,
              6434.0
            ],
            [
              5096.0,
              6436.0
            ],
            [
              5090.0,
              6436.0
            ],
            [
              5086.0,
              6434.0
            ],
            [
              5076.0,
              6424.0
            ],
            [
              5075.0,
              6424.0
            ],
            [
              5072.0,
              6421.0
            ],
            [
              5070.0,
              6417.0
            ],
            [
              5066.0,
              6413.0
            ],
            [
              5063.0,
              6412.0
            ],
            [
              5061.0,
              6410.0
            ],
            [
              5061.0,
              6408.0
            ],
            [
              5059.0,
              6404.0
            ],
            [
              5059.0,
              6399.0
            ],
            [
              5056.0,
              6395.0
            ],
            [
              5056.0,
              6394.0
            ],
            [
              5054.0,
              6392.0
            ],
            [
              5053.0,
              6392.0
            ],
            [
              5046.0,
              6385.0
            ],
            [
              5046.0,
              6384.0
            ],
            [
              5039.0,
              6377.0
            ],
            [
              5037.0,
              6376.0
            ],
            [
              5035.0,
              6372.0
            ],
            [
              5028.0,
              6366.0
            ],
            [
              5028.0,
              6364.0
            ],
            [
              5031.0,
              6361.0
            ]
          ],
          [
            [
              5136.0,
              6340.0
            ],
            [
              5143.0,
              6339.0
            ],
            [
              5148.0,
              6336.0
            ],
            [
              5151.0,
              6336.0
            ],
            [
              5157.0,
              6332.0
            ],
            [
              5161.0,
              6333.0
            ],
            [
              5167.0,
              6337.0
            ],
            [
              5167.0,
              6339.0
            ],
            [
              5168.0,
              6340.0
            ],
            [
              5168.0,
              6347.0
            ],
            [
              5172.0,
              6351.0
            ],
            [
              5178.0,
              6360.0
            ],
            [
              5184.0,
              6362.0
            ],
            [
              5187.0,
              6365.0
            ],
            [
              5187.0,
              6376.0
            ],
            [
              5188.0,
              6377.0
            ],
            [
              5188.0,
              6380.0
            ],
            [
              5189.0,
              6382.0
            ],
            [
              5191.0,
              6384.0
            ],
            [
              5195.0,
              6382.0
            ],
            [
              5199.0,
              6385.0
            ],
            [
              5199.0,
              6387.0
            ],
            [
              5193.0,
              6391.0
            ],
            [
              5194.0,
              6392.0
            ],
            [
              5195.0,
              6397.0
            ],
            [
              5187.0,
              6401.0
            ],
            [
              5187.0,
              6402.0
            ],
            [
              5189.0,
              6403.0
            ],
            [
              5191.0,
              6406.0
            ],
            [
              5191.0,
              6408.0
            ],
            [
              5189.0,
              6410.0
            ],
            [
              5187.0,
              6411.0
            ],
            [
              5184.0,
              6411.0
            ],
            [
              5181.0,
              6409.0
            ],
            [
              5180.0,
              6405.0
            ],
            [
              5178.0,
              6403.0
            ],
            [
              5176.0,
              6403.0
            ],
            [
              5173.0,
              6406.0
            ],
            [
              5169.0,
              6408.0
            ],
            [
              5165.0,
              6408.0
            ],
            [
              5161.0,
              6406.0
            ],
            [
              5157.0,
              6401.0
            ],
            [
              5156.0,
              6396.0
            ],
            [
              5151.0,
              6391.0
            ],
            [
              5148.0,
              6391.0
            ],
            [
              5145.0,
              6389.0
            ],
            [
              5143.0,
              6382.0
            ],
            [
              5140.0,
              6380.0
            ],
            [
              5138.0,
              6375.0
            ],
            [
              5135.0,
              6372.0
            ],
            [
              5130.0,
              6370.0
            ],
            [
              5126.0,
              6367.0
            ],
            [
              5126.0,
              6365.0
            ],
            [
              5125.0,
              6364.0
            ],
            [
              5126.0,
              6358.0
            ],
            [
              5129.0,
              6356.0
            ],
            [
              5132.0,
              6357.0
            ],
            [
              5134.0,
              6355.0
            ],
            [
              5134.0,
              6351.0
            ],
            [
              5131.0,
              6346.0
            ],
            [
              5131.0,
              6343.0
            ],
            [
              5136.0,
              6340.0
            ]
          ],
          [
            [
              5026.0,
              6175.0
            ],
            [
              5024.0,
              6182.0
            ],
            [
              5026.0,
              6204.0
            ],
            [
              5021.0,
              6210.0
            ],
            [
              5024.0,
              6238.0
            ],
            [
              5017.0,
              6252.0
            ],
            [
              5011.0,
              6253.0
            ],
            [
              5000.0,
              6249.0
            ],
            [
              5000.0,
              6237.0
            ],
            [
              4992.0,
              6233.0
            ],
            [
              4977.0,
              6247.0
            ],
            [
              4961.0,
              6255.0
            ],
            [
              4943.0,
              6276.0
            ],
            [
              4940.0,
              6283.0
            ],
            [
              4942.0,
              6297.0
            ],
            [
              4934.0,
              6308.0
            ],
            [
              4920.0,
              6309.0
            ],
            [
              4902.0,
              6297.0
            ],
            [
              4898.0,
              6300.0
            ],
            [
              4897.0,
              6309.0
            ],
            [
              4892.0,
              6312.0
            ],
            [
              4878.0,
              6309.0
            ],
            [
              4866.0,
              6312.0
            ],
            [
              4853.0,
              6308.0
            ],
            [
              4839.0,
              6294.0
            ],
            [
              4842.0,
              6289.0
            ],
            [
              4850.0,
              6289.0
            ],
            [
              4850.0,
              6285.0
            ],
            [
              4841.0,
              6282.0
            ],
            [
              4832.0,
              6287.0
            ],
            [
              4828.0,
              6284.0
            ],
            [
              4831.0,
              6268.0
            ],
            [
              4821.0,
              6257.0
            ],
            [
              4821.0,
              6248.0
            ],
            [
              4807.0,
              6228.0
            ],
            [
              4806.0,
              6222.0
            ],
            [
              4800.0,
              6217.0
            ],
            [
              4800.0,
              6212.0
            ],
            [
              4789.0,
              6205.0
            ],
            [
              4786.0,
              6197.0
            ],
            [
              4775.0,
              6187.0
            ],
            [
              4765.0,
              6172.0
            ],
            [
              4764.0,
              6158.0
            ],
            [
              4774.0,
              6153.0
            ],
            [
              4799.0,
              6159.0
            ],
            [
              4824.0,
              6156.0
            ],
            [
              4847.0,
              6145.0
            ],
            [
              4872.0,
              6119.0
            ],
            [
              4897.0,
              6111.0
            ],
            [
              4903.0,
              6115.0
            ],
            [
              4901.0,
              6134.0
            ],
            [
              4925.0,
              6147.0
            ],
            [
              4935.0,
              6144.0
            ],
            [
              4946.0,
              6145.0
            ],
            [
              4951.0,
              6150.0
            ],
            [
              4952.0,
              6170.0
            ],
            [
              4959.0,
              6176.0
            ],
            [
              4987.0,
              6174.0
            ],
            [
              5015.0,
              6168.0
            ],
            [
              5020.0,
              6169.0
            ],
            [
              5026.0,
              6175.0
            ]
          ],
          [
            [
              4245.0,
              5767.0
            ],
            [
              4251.0,
              5764.0
            ],
            [
              4255.0,
              5764.0
            ],
            [
              4256.0,
              5763.0
            ],
            [
              4257.0,
              5764.0
            ],
            [
              4260.0,
              5764.0
            ],
            [
              4263.0,
              5766.0
            ],
            [
              4269.0,
              5766.0
            ],
            [
              4270.0,
              5767.0
            ],
            [
              4274.0,
              5768.0
            ],
            [
              4278.0,
              5773.0
            ],
            [
              4284.0,
              5776.0
            ],
            [
              4289.0,
              5777.0
            ],
            [
              4294.0,
              5780.0
            ],
            [
              4294.0,
              5784.0
            ],
            [
              4293.0,
              5785.0
            ],
            [
              4293.0,
              5787.0
            ],
            [
              4295.0,
              5789.0
            ],
            [
              4295.0,
              5790.0
            ],
            [
              4297.0,
              5791.0
            ],
            [
              4302.0,
              5797.0
            ],
            [
              4303.0,
              5804.0
            ],
            [
              4305.0,
              5808.0
            ],
            [
              4307.0,
              5810.0
            ],
            [
              4307.0,
              5817.0
            ],
            [
              4306.0,
              5819.0
            ],
            [
              4301.0,
              5824.0
            ],
            [
              4301.0,
              5826.0
            ],
            [
              4297.0,
              5830.0
            ],
            [
              4298.0,
              5831.0
            ],
            [
              4298.0,
              5834.0
            ],
            [
              4297.0,
              5835.0
            ],
            [
              4294.0,
              5836.0
            ],
            [
              4289.0,
              5832.0
            ],
            [
              4285.0,
              5832.0
            ],
            [
              4280.0,
              5829.0
            ],
            [
              4277.0,
              5831.0
            ],
            [
              4275.0,
              5831.0
            ],
            [
              4270.0,
              5827.0
            ],
            [
              4267.0,
              5826.0
            ],
            [
              4264.0,
              5823.0
            ],
            [
              4250.0,
              5816.0
            ],
            [
              4246.0,
              5812.0
            ],
            [
              4246.0,
              5810.0
            ],
            [
              4244.0,
              5807.0
            ],
            [
              4244.0,
              5805.0
            ],
            [
              4240.0,
              5797.0
            ],
            [
              4238.0,
              5795.0
            ],
            [
              4232.0,
              5794.0
            ],
            [
              4229.0,
              5792.0
            ],
            [
              4229.0,
              5790.0
            ],
            [
              4230.0,
              5789.0
            ],
            [
              4234.0,
              5788.0
            ],
            [
              4236.0,
              5786.0
            ],
            [
              4236.0,
              5778.0
            ],
            [
              4237.0,
              5776.0
            ],
            [
              4242.0,
              5772.0
            ],
            [
              4242.0,
              5771.0
            ],
            [
              4245.0,
              5767.0
            ]
          ],
          [
            [
              4067.0,
              5690.0
            ],
            [
              4103.0,
              5658.0
            ],
            [
              4116.0,
              5655.0
            ],
            [
              4135.0,
              5655.0
            ],
            [
              4152.0,
              5640.0
            ],
            [
              4185.0,
              5638.0
            ],
            [
              4197.0,
              5643.0
            ],
            [
              4206.0,
              5643.0
            ],
            [
              4215.0,
              5653.0
            ],
            [
              4235.0,
              5657.0
            ],
            [
              4338.0,
              5699.0
            ],
            [
              4350.0,
              5707.0
            ],
            [
              4349.0,
              5721.0
            ],
            [
              4360.0,
              5734.0
            ],
            [
              4385.0,
              5736.0
            ],
            [
              4391.0,
              5740.0
            ],
            [
              4372.0,
              5789.0
            ],
            [
              4368.0,
              5793.0
            ],
            [
              4328.0,
              5769.0
            ],
            [
              4323.0,
              5759.0
            ],
            [
              4310.0,
              5749.0
            ],
            [
              4308.0,
              5737.0
            ],
            [
              4301.0,
              5730.0
            ],
            [
              4277.0,
              5725.0
            ],
            [
              4251.0,
              5715.0
            ],
            [
              4242.0,
              5718.0
            ],
            [
              4237.0,
              5723.0
            ],
            [
              4236.0,
              5729.0
            ],
            [
              4231.0,
              5732.0
            ],
            [
              4220.0,
              5732.0
            ],
            [
              4208.0,
              5737.0
            ],
            [
              4170.0,
              5743.0
            ],
            [
              4153.0,
              5735.0
            ],
            [
              4134.0,
              5734.0
            ],
            [
              4107.0,
              5720.0
            ],
            [
              4071.0,
              5710.0
            ],
            [
              4067.0,
              5707.0
            ],
            [
              4067.0,
              5690.0
            ]
          ]
        ]
      },
      "properties": {
        "annotation_id": "3569_Benign_29",
        "label": "GP3",
        "probabilities": {
          "GP3": 1,
          "GP4": 0,
          "GP5": 0,
          "Benign": 0
        },
        "tags": []
      }
    },
    {
      "type": "Feature",
      "geometry": {
        "type": "Polygon",
        "coordinates": [
          [
            [
              3446.0,
              5446.0
            ],
            [
              3442.0,
              5458.0
            ],
            [
              3426.0,
              5472.0
            ],
            [
              3420.0,
              5471.0
            ],
            [
              3419.0,
              5463.0
            ],
            [
              3400.0,
              5524.0
            ],
            [
              3402.0,
              5570.0
            ],
            [
              3462.0,
              5772.0
            ],
            [
              3502.0,
              5839.0
            ],
            [
              3513.0,
              5851.0
            ],
            [
              3537.0,
              5864.0
            ],
            [
              3549.0,
              5856.0
            ],
            [
              3562.0,
              5820.0
            ],
            [
              3576.0,
              5801.0
            ],
            [
              3574.0,
              5786.0
            ],
            [
              3547.0,
              5752.0
            ],
            [
              3556.0,
              5749.0
            ],
            [
              3595.0,
              5778.0
            ],
            [
              3613.0,
              5774.0
            ],
            [
              3626.0,
              5756.0
            ],
            [
              3582.0,
              5730.0
            ],
            [
              3579.0,
              5721.0
            ],
            [
              3593.0,
              5720.0
            ],
            [
              3599.0,
              5709.0
            ],
            [
              3600.0,
              5683.0
            ],
            [
              3565.0,
              5644.0
            ],
            [
              3552.0,
              5640.0
            ],
            [
              3574.0,
              5624.0
            ],
            [
              3578.0,
              5613.0
            ],
            [
              3576.0,
              5603.0
            ],
            [
              3570.0,
              5599.0
            ],
            [
              3574.0,
              5591.0
            ],
            [
              3573.0,
              5578.0
            ],
            [
              3562.0,
              5562.0
            ],
            [
              3536.0,
              5557.0
            ],
            [
              3531.0,
              5548.0
            ],
            [
              3520.0,
              5541.0
            ],
            [
              3520.0,
              5527.0
            ],
            [
              3507.0,
              5525.0
            ],
            [
              3506.0,
              5545.0
            ],
            [
              3501.0,
              5548.0
            ],
            [
              3478.0,
              5544.0
            ],
            [
              3478.0,
              5525.0
            ],
            [
              3473.0,
              5518.0
            ],
            [
              3480.0,
              5512.0
            ],
            [
              3483.0,
              5500.0
            ],
            [
              3467.0,
              5502.0
            ],
            [
              3468.0,
              5467.0
            ],
            [
              3458.0,
              5449.0
            ],
            [
              3446.0,
              5446.0
            ]
          ]
        ]
      },
      "properties": {
        "annotation_id": "3569_Benign_36",
        "label": "GP3",
        "probabilities": {
          "GP3": 1,
          "GP4": 0,
          "GP5": 0,
          "Benign": 0
        },
        "tags": []
      }
    },
    {
      "type": "Feature",
      "geometry": {
        "type": "Polygon",
        "coordinates": [
          [
            [
              3034.0,
              5195.0
            ],
            [
              3046.0,
              5216.0
            ],
            [
              3064.0,
              5219.0
            ],
            [
              3115.0,
              5186.0
            ],
            [
              3180.0,
              5176.0
            ],
            [
              3228.0,
              5173.0
            ],
            [
              3286.0,
              5190.0
            ],
            [
              3352.0,
              5187.0
            ],
            [
              3380.0,
              5165.0
            ],
            [
              3385.0,
              5122.0
            ],
            [
              3338.0,
              5061.0
            ],
            [
              3301.0,
              5040.0
            ],
            [
              3282.0,
              5018.0
            ],
            [
              3268.0,
              5013.0
            ],
            [
              3282.0,
              5062.0
            ],
            [
              3278.0,
              5101.0
            ],
            [
              3298.0,
              5121.0
            ],
            [
              3317.0,
              5152.0
            ],
            [
              3312.0,
              5154.0
            ],
            [
              3261.0,
              5126.0
            ],
            [
              3247.0,
              5124.0
            ],
            [
              3264.0,
              5105.0
            ],
            [
              3266.0,
              5066.0
            ],
            [
              3246.0,
              5008.0
            ],
            [
              3192.0,
              4961.0
            ],
            [
              3154.0,
              4958.0
            ],
            [
              3136.0,
              4973.0
            ],
            [
              3137.0,
              4994.0
            ],
            [
              3146.0,
              5004.0
            ],
            [
              3173.0,
              5010.0
            ],
            [
              3227.0,
              5039.0
            ],
            [
              3218.0,
              5084.0
            ],
            [
              3172.0,
              5087.0
            ],
            [
              3128.0,
              5078.0
            ],
            [
              3102.0,
              5062.0
            ],
            [
              3079.0,
              5066.0
            ],
            [
              3045.0,
              5125.0
            ],
            [
              3034.0,
              5195.0
            ]
          ]
        ]
      },
      "properties": {
        "annotation_id": "3569_Benign_37",
        "label": "Benign",
        "probabilities": null,
        "tags": []
      }
    },
    {
      "type": "Feature",
      "geometry": {
        "type": "Polygon",
        "coordinates": [
          [
            [
              2877.0,
              4637.0
            ],
            [
              2873.0,
              4644.0
            ],
            [
              2867.0,
              4645.0
            ],
            [
              2861.0,
              4651.0
            ],
            [
              2863.0,
              4658.0
            ],
            [
              2873.0,
              4662.0
            ],
            [
              2873.0,
              4670.0
            ],
            [
              2870.0,
              4676.0
            ],
            [
              2860.0,
              4684.0
            ],
            [
              2859.0,
              4691.0
            ],
            [
              2851.0,
              4695.0
            ],
            [
              2847.0,
              4702.0
            ],
            [
              2831.0,
              4716.0
            ],
            [
              2811.0,
              4723.0
            ],
            [
              2809.0,
              4754.0
            ],
            [
              2812.0,
              4766.0
            ],
            [
              2821.0,
              4784.0
            ],
            [
              2834.0,
              4797.0
            ],
            [
              2851.0,
              4809.0
            ],
            [
              2896.0,
              4823.0
            ],
            [
              2906.0,
              4829.0
            ],
            [
              2917.0,
              4832.0
            ],
            [
              2930.0,
              4841.0
            ],
            [
              2940.0,
              4852.0
            ],
            [
              2945.0,
              4854.0
            ],
            [
              2972.0,
              4855.0
            ],
            [
              2976.0,
              4842.0
            ],
            [
              2997.0,
              4828.0
            ],
            [
              2993.0,
              4822.0
            ],
            [
              2998.0,
              4816.0
            ],
            [
              2995.0,
              4813.0
            ],
            [
              2987.0,
              4815.0
            ],
            [
              2980.0,
              4811.0
            ],
            [
              2977.0,
              4804.0
            ],
            [
              2964.0,
              4794.0
            ],
            [
              2961.0,
              4784.0
            ],
            [
              2916.0,
              4750.0
            ],
            [
              2911.0,
              4731.0
            ],
            [
              2909.0,
              4710.0
            ],
            [
              2901.0,
              4696.0
            ],
            [
              2894.0,
              4690.0
            ],
            [
              2896.0,
              4661.0
            ],
            [
              2887.0,
              4653.0
            ],
            [
              2888.0,
              4650.0
            ],
            [
              2897.0,
              4647.0
            ],
            [
              2896.0,
              4642.0
            ],
            [
              2891.0,
              4637.0
            ],
            [
              2877.0,
              4637.0
            ]
          ]
        ]
      },
      "properties": {
        "annotation_id": "3569_Benign_38",
        "label": "GP3",
        "probabilities": {
          "GP3": 1,
          "GP4": 0,
          "GP5": 0,
          "Benign": 0
        },
        "tags": []
      }
    },
    {
      "type": "Feature",
      "geometry": {
        "type": "Polygon",
        "coordinates": [
          [
            [
              2333.0,
              4434.0
            ],
            [
              2325.0,
              4432.0
            ],
            [
              2311.0,
              4434.0
            ],
            [
              2298.0,
              4432.0
            ],
            [
              2243.0,
              4432.0
            ],
            [
              2234.0,
              4434.0
            ],
            [
              2200.0,
              4448.0
            ],
            [
              2189.0,
              4450.0
            ],
            [
              2154.0,
              4466.0
            ],
            [
              2152.0,
              4473.0
            ],
            [
              2155.0,
              4486.0
            ],
            [
              2151.0,
              4489.0
            ],
            [
              2142.0,
              4489.0
            ],
            [
              2129.0,
              4493.0
            ],
            [
              2119.0,
              4503.0
            ],
            [
              2119.0,
              4506.0
            ],
            [
              2138.0,
              4516.0
            ],
            [
              2147.0,
              4524.0
            ],
            [
              2153.0,
              4543.0
            ],
            [
              2150.0,
              4559.0
            ],
            [
              2154.0,
              4564.0
            ],
            [
              2167.0,
              4563.0
            ],
            [
              2179.0,
              4573.0
            ],
            [
              2181.0,
              4580.0
            ],
            [
              2185.0,
              4583.0
            ],
            [
              2220.0,
              4586.0
            ],
            [
              2219.0,
              4617.0
            ],
            [
              2225.0,
              4623.0
            ],
            [
              2229.0,
              4623.0
            ],
            [
              2235.0,
              4615.0
            ],
            [
              2238.0,
              4617.0
            ],
            [
              2235.0,
              4622.0
            ],
            [
              2237.0,
              4631.0
            ],
            [
              2255.0,
              4631.0
            ],
            [
              2262.0,
              4625.0
            ],
            [
              2277.0,
              4600.0
            ],
            [
              2282.0,
              4596.0
            ],
            [
              2286.0,
              4597.0
            ],
            [
              2294.0,
              4589.0
            ],
            [
              2300.0,
              4575.0
            ],
            [
              2324.0,
              4541.0
            ],
            [
              2333.0,
              4520.0
            ],
            [
              2349.0,
              4469.0
            ],
            [
              2349.0,
              4451.0
            ],
            [
              2347.0,
              4446.0
            ],
            [
              2333.0,
              4434.0
            ]
          ]
        ]
      },
      "properties": {
        "annotation_id": "3569_Benign_39",
        "label": "GP3",
        "probabilities": {
          "GP3": 1,
          "GP4": 0,
          "GP5": 0,
          "Benign": 0
        },
        "tags": []
      }
    },
    {
      "type": "Feature",
      "geometry": {
        "type": "Polygon",
        "coordinates": [
          [
            [
              2415.0,
              4387.0
            ],
            [
              2388.0,
              4422.0
            ],
            [
              2381.0,
              4454.0
            ],
            [
              2387.0,
              4522.0
            ],
            [
              2349.0,
              4590.0
            ],
            [
              2358.0,
              4605.0
            ],
            [
              2334.0,
              4631.0
            ],
            [
              2328.0,
              4689.0
            ],
            [
              2352.0,
              4702.0
            ],
            [
              2345.0,
              4716.0
            ],
            [
              2374.0,
              4746.0
            ],
            [
              2405.0,
              4754.0
            ],
            [
              2414.0,
              4782.0
            ],
            [
              2433.0,
              4788.0
            ],
            [
              2442.0,
              4769.0
            ],
            [
              2460.0,
              4781.0
            ],
            [
              2458.0,
              4742.0
            ],
            [
              2494.0,
              4732.0
            ],
            [
              2521.0,
              4749.0
            ],
            [
              2524.0,
              4762.0
            ],
            [
              2545.0,
              4765.0
            ],
            [
              2530.0,
              4773.0
            ],
            [
              2531.0,
              4783.0
            ],
            [
              2557.0,
              4796.0
            ],
            [
              2549.0,
              4808.0
            ],
            [
              2553.0,
              4830.0
            ],
            [
              2538.0,
              4818.0
            ],
            [
              2543.0,
              4842.0
            ],
            [
              2536.0,
              4852.0
            ],
            [
              2520.0,
              4835.0
            ],
            [
              2519.0,
              4787.0
            ],
            [
              2510.0,
              4814.0
            ],
            [
              2489.0,
              4808.0
            ],
            [
              2486.0,
              4795.0
            ],
            [
              2478.0,
              4800.0
            ],
            [
              2477.0,
              4821.0
            ],
            [
              2498.0,
              4866.0
            ],
            [
              2450.0,
              4821.0
            ],
            [
              2438.0,
              4823.0
            ],
            [
              2431.0,
              4837.0
            ],
            [
              2439.0,
              4863.0
            ],
            [
              2462.0,
              4868.0
            ],
            [
              2460.0,
              4885.0
            ],
            [
              2469.0,
              4897.0
            ],
            [
              2495.0,
              4892.0
            ],
            [
              2519.0,
              4939.0
            ],
            [
              2533.0,
              4937.0
            ],
            [
              2543.0,
              4948.0
            ],
            [
              2563.0,
              4949.0
            ],
            [
              2576.0,
              4936.0
            ],
            [
              2605.0,
              4930.0
            ],
            [
              2631.0,
              4943.0
            ],
            [
              2648.0,
              4970.0
            ],
            [
              2712.0,
              4977.0
            ],
            [
              2747.0,
              4973.0
            ],
            [
              2788.0,
              4953.0
            ],
            [
              2809.0,
              4910.0
            ],
            [
              2791.0,
              4856.0
            ],
            [
              2779.0,
              4851.0
            ],
            [
              2783.0,
              4825.0
            ],
            [
              2761.0,
              4792.0
            ],
            [
              2716.0,
              4783.0
            ],
            [
              2734.0,
              4750.0
            ],
            [
              2756.0,
              4739.0
            ],
            [
              2696.0,
              4647.0
            ],
            [
              2663.0,
              4616.0
            ],
            [
              2631.0,
              4620.0
            ],
            [
              2609.0,
              4667.0
            ],
            [
              2598.0,
              4654.0
            ],
            [
              2592.0,
              4607.0
            ],
            [
              2625.0,
              4556.0
            ],
            [
              2625.0,
              4507.0
            ],
            [
              2610.0,
              4475.0
            ],
            [
              2577.0,
              4437.0
            ],
            [
              2539.0,
              4410.0
            ],
            [
              2501.0,
              4405.0
            ],
            [
              2481.0,
              4413.0
            ],
            [
              2455.0,
              4385.0
            ],
            [
              2415.0,
              4387.0
            ]
          ],
          [
            [
              2638.0,
              4770.0
            ],
            [
              2642.0,
              4771.0
            ],
            [
              2655.0,
              4783.0
            ],
            [
              2669.0,
              4781.0
            ],
            [
              2681.0,
              4785.0
            ],
            [
              2701.0,
              4785.0
            ],
            [
              2707.0,
              4787.0
            ],
            [
              2712.0,
              4792.0
            ],
            [
              2712.0,
              4795.0
            ],
            [
              2705.0,
              4801.0
            ],
            [
              2705.0,
              4810.0
            ],
            [
              2708.0,
              4820.0
            ],
            [
              2715.0,
              4827.0
            ],
            [
              2729.0,
              4834.0
            ],
            [
              2733.0,
              4834.0
            ],
            [
              2740.0,
              4830.0
            ],
            [
              2746.0,
              4833.0
            ],
            [
              2746.0,
              4836.0
            ],
            [
              2740.0,
              4843.0
            ],
            [
              2734.0,
              4863.0
            ],
            [
              2729.0,
              4867.0
            ],
            [
              2719.0,
              4868.0
            ],
            [
              2716.0,
              4871.0
            ],
            [
              2715.0,
              4878.0
            ],
            [
              2712.0,
              4883.0
            ],
            [
              2712.0,
              4886.0
            ],
            [
              2718.0,
              4890.0
            ],
            [
              2725.0,
              4899.0
            ],
            [
              2722.0,
              4901.0
            ],
            [
              2720.0,
              4900.0
            ],
            [
              2716.0,
              4905.0
            ],
            [
              2704.0,
              4898.0
            ],
            [
              2696.0,
              4898.0
            ],
            [
              2691.0,
              4902.0
            ],
            [
              2679.0,
              4904.0
            ],
            [
              2675.0,
              4908.0
            ],
            [
              2677.0,
              4930.0
            ],
            [
              2674.0,
              4932.0
            ],
            [
              2664.0,
              4920.0
            ],
            [
              2656.0,
              4899.0
            ],
            [
              2642.0,
              4881.0
            ],
            [
              2638.0,
              4872.0
            ],
            [
              2638.0,
              4866.0
            ],
            [
              2641.0,
              4862.0
            ],
            [
              2641.0,
              4858.0
            ],
            [
              2638.0,
              4852.0
            ],
            [
              2631.0,
              4846.0
            ],
            [
              2636.0,
              4833.0
            ],
            [
              2642.0,
              4828.0
            ],
            [
              2653.0,
              4826.0
            ],
            [
              2655.0,
              4824.0
            ],
            [
              2655.0,
              4819.0
            ],
            [
              2652.0,
              4816.0
            ],
            [
              2647.0,
              4816.0
            ],
            [
              2636.0,
              4809.0
            ],
            [
              2628.0,
              4810.0
            ],
            [
              2617.0,
              4824.0
            ],
            [
              2611.0,
              4826.0
            ],
            [
              2608.0,
              4824.0
            ],
            [
              2608.0,
              4816.0
            ],
            [
              2611.0,
              4813.0
            ],
            [
              2613.0,
              4802.0
            ],
            [
              2619.0,
              4788.0
            ],
            [
              2630.0,
              4774.0
            ],
            [
              2638.0,
              4770.0
            ]
          ],
          [
            [
              2487.0,
              4499.0
            ],
            [
              2490.0,
              4501.0
            ],
            [
              2490.0,
              4508.0
            ],
            [
              2504.0,
              4516.0
            ],
            [
              2516.0,
              4514.0
            ],
            [
              2521.0,
              4518.0
            ],
            [
              2525.0,
              4528.0
            ],
            [
              2543.0,
              4548.0
            ],
            [
              2547.0,
              4556.0
            ],
            [
              2547.0,
              4565.0
            ],
            [
              2560.0,
              4575.0
            ],
            [
              2560.0,
              4581.0
            ],
            [
              2549.0,
              4595.0
            ],
            [
              2525.0,
              4616.0
            ],
            [
              2524.0,
              4624.0
            ],
            [
              2529.0,
              4631.0
            ],
            [
              2530.0,
              4642.0
            ],
            [
              2521.0,
              4652.0
            ],
            [
              2493.0,
              4660.0
            ],
            [
              2470.0,
              4660.0
            ],
            [
              2457.0,
              4655.0
            ],
            [
              2456.0,
              4665.0
            ],
            [
              2450.0,
              4670.0
            ],
            [
              2455.0,
              4682.0
            ],
            [
              2446.0,
              4689.0
            ],
            [
              2438.0,
              4686.0
            ],
            [
              2438.0,
              4668.0
            ],
            [
              2431.0,
              4660.0
            ],
            [
              2425.0,
              4661.0
            ],
            [
              2430.0,
              4673.0
            ],
            [
              2422.0,
              4680.0
            ],
            [
              2412.0,
              4683.0
            ],
            [
              2402.0,
              4679.0
            ],
            [
              2385.0,
              4684.0
            ],
            [
              2380.0,
              4689.0
            ],
            [
              2382.0,
              4700.0
            ],
            [
              2387.0,
              4702.0
            ],
            [
              2390.0,
              4697.0
            ],
            [
              2395.0,
              4698.0
            ],
            [
              2403.0,
              4715.0
            ],
            [
              2403.0,
              4723.0
            ],
            [
              2400.0,
              4725.0
            ],
            [
              2382.0,
              4716.0
            ],
            [
              2367.0,
              4702.0
            ],
            [
              2367.0,
              4691.0
            ],
            [
              2359.0,
              4677.0
            ],
            [
              2357.0,
              4667.0
            ],
            [
              2372.0,
              4657.0
            ],
            [
              2386.0,
              4657.0
            ],
            [
              2393.0,
              4653.0
            ],
            [
              2406.0,
              4652.0
            ],
            [
              2426.0,
              4640.0
            ],
            [
              2424.0,
              4635.0
            ],
            [
              2437.0,
              4623.0
            ],
            [
              2441.0,
              4607.0
            ],
            [
              2440.0,
              4598.0
            ],
            [
              2433.0,
              4592.0
            ],
            [
              2434.0,
              4579.0
            ],
            [
              2426.0,
              4563.0
            ],
            [
              2427.0,
              4555.0
            ],
            [
              2433.0,
              4545.0
            ],
            [
              2432.0,
              4535.0
            ],
            [
              2440.0,
              4529.0
            ],
            [
              2447.0,
              4533.0
            ],
            [
              2454.0,
              4532.0
            ],
            [
              2458.0,
              4523.0
            ],
            [
              2457.0,
              4512.0
            ],
            [
              2475.0,
              4500.0
            ],
            [
              2487.0,
              4499.0
            ]
          ]
        ]
      },
      "properties": {
        "annotation_id": "3569_Benign_40",
        "label": "GP3",
        "probabilities": {
          "GP3": 1,
          "GP4": 0,
          "GP5": 0,
          "Benign": 0
        },
        "tags": []
      }
    },
    {
      "type": "Feature",
      "geometry": {
        "type": "Polygon",
        "coordinates": [
          [
            [
              2817.0,
              4186.0
            ],
            [
              2780.0,
              4198.0
            ],
            [
              2722.0,
              4233.0
            ],
            [
              2695.0,
              4268.0
            ],
            [
              2670.0,
              4325.0
            ],
            [
              2667.0,
              4422.0
            ],
            [
              2643.0,
              4443.0
            ],
            [
              2638.0,
              4465.0
            ],
            [
              2655.0,
              4522.0
            ],
            [
              2729.0,
              4595.0
            ],
            [
              2791.0,
              4629.0
            ],
            [
              2843.0,
              4631.0
            ],
            [
              2879.0,
              4606.0
            ],
            [
              2900.0,
              4563.0
            ],
            [
              2872.0,
              4569.0
            ],
            [
              2868.0,
              4544.0
            ],
            [
              2882.0,
              4541.0
            ],
            [
              2886.0,
              4527.0
            ],
            [
              2872.0,
              4516.0
            ],
            [
              2851.0,
              4528.0
            ],
            [
              2836.0,
              4567.0
            ],
            [
              2822.0,
              4567.0
            ],
            [
              2806.0,
              4580.0
            ],
            [
              2774.0,
              4570.0
            ],
            [
              2756.0,
              4554.0
            ],
            [
              2770.0,
              4511.0
            ],
            [
              2791.0,
              4489.0
            ],
            [
              2787.0,
              4477.0
            ],
            [
              2796.0,
              4465.0
            ],
            [
              2768.0,
              4452.0
            ],
            [
              2768.0,
              4433.0
            ],
            [
              2746.0,
              4411.0
            ],
            [
              2760.0,
              4391.0
            ],
            [
              2756.0,
              4383.0
            ],
            [
              2774.0,
              4383.0
            ],
            [
              2783.0,
              4374.0
            ],
            [
              2782.0,
              4328.0
            ],
            [
              2762.0,
              4330.0
            ],
            [
              2737.0,
              4306.0
            ],
            [
              2751.0,
              4300.0
            ],
            [
              2773.0,
              4310.0
            ],
            [
              2774.0,
              4285.0
            ],
            [
              2809.0,
              4256.0
            ],
            [
              2833.0,
              4266.0
            ],
            [
              2840.0,
              4281.0
            ],
            [
              2828.0,
              4290.0
            ],
            [
              2810.0,
              4276.0
            ],
            [
              2807.0,
              4297.0
            ],
            [
              2818.0,
              4294.0
            ],
            [
              2861.0,
              4319.0
            ],
            [
              2898.0,
              4315.0
            ],
            [
              2900.0,
              4338.0
            ],
            [
              2879.0,
              4350.0
            ],
            [
              2876.0,
              4406.0
            ],
            [
              2852.0,
              4414.0
            ],
            [
              2854.0,
              4439.0
            ],
            [
              2844.0,
              4461.0
            ],
            [
              2867.0,
              4493.0
            ],
            [
              2894.0,
              4490.0
            ],
            [
              2889.0,
              4499.0
            ],
            [
              2872.0,
              4500.0
            ],
            [
              2871.0,
              4510.0
            ],
            [
              2891.0,
              4507.0
            ],
            [
              2906.0,
              4452.0
            ],
            [
              2897.0,
              4443.0
            ],
            [
              2913.0,
              4423.0
            ],
            [
              2927.0,
              4381.0
            ],
            [
              2941.0,
              4256.0
            ],
            [
              2912.0,
              4221.0
            ],
            [
              2846.0,
              4191.0
            ],
            [
              2817.0,
              4186.0
            ]
          ]
        ]
      },
      "properties": {
        "annotation_id": "3569_Benign_43",
        "label": "GP3",
        "probabilities": {
          "GP3": 1,
          "GP4": 0,
          "GP5": 0,
          "Benign": 0
        },
        "tags": []
      }
    },
    {
      "type": "Feature",
      "geometry": {
        "type": "Polygon",
        "coordinates": [
          [
            [
              2517.0,
              3855.0
            ],
            [
              2496.0,
              3853.0
            ],
            [
              2477.0,
              3860.0
            ],
            [
              2478.0,
              3871.0
            ],
            [
              2470.0,
              3884.0
            ],
            [
              2454.0,
              3885.0
            ],
            [
              2443.0,
              3898.0
            ],
            [
              2423.0,
              3909.0
            ],
            [
              2414.0,
              3934.0
            ],
            [
              2414.0,
              3955.0
            ],
            [
              2401.0,
              3959.0
            ],
            [
              2405.0,
              3982.0
            ],
            [
              2400.0,
              3984.0
            ],
            [
              2400.0,
              4001.0
            ],
            [
              2406.0,
              4013.0
            ],
            [
              2398.0,
              4023.0
            ],
            [
              2408.0,
              4022.0
            ],
            [
              2411.0,
              4026.0
            ],
            [
              2404.0,
              4031.0
            ],
            [
              2398.0,
              4028.0
            ],
            [
              2390.0,
              4038.0
            ],
            [
              2378.0,
              4037.0
            ],
            [
              2379.0,
              4043.0
            ],
            [
              2374.0,
              4046.0
            ],
            [
              2343.0,
              4041.0
            ],
            [
              2328.0,
              4049.0
            ],
            [
              2300.0,
              4075.0
            ],
            [
              2282.0,
              4099.0
            ],
            [
              2273.0,
              4132.0
            ],
            [
              2277.0,
              4145.0
            ],
            [
              2274.0,
              4166.0
            ],
            [
              2276.0,
              4177.0
            ],
            [
              2285.0,
              4185.0
            ],
            [
              2290.0,
              4198.0
            ],
            [
              2289.0,
              4207.0
            ],
            [
              2296.0,
              4225.0
            ],
            [
              2292.0,
              4241.0
            ],
            [
              2298.0,
              4243.0
            ],
            [
              2304.0,
              4232.0
            ],
            [
              2310.0,
              4232.0
            ],
            [
              2316.0,
              4245.0
            ],
            [
              2317.0,
              4263.0
            ],
            [
              2329.0,
              4275.0
            ],
            [
              2373.0,
              4281.0
            ],
            [
              2416.0,
              4280.0
            ],
            [
              2442.0,
              4266.0
            ],
            [
              2456.0,
              4265.0
            ],
            [
              2477.0,
              4255.0
            ],
            [
              2488.0,
              4259.0
            ],
            [
              2486.0,
              4271.0
            ],
            [
              2525.0,
              4265.0
            ],
            [
              2561.0,
              4253.0
            ],
            [
              2600.0,
              4196.0
            ],
            [
              2604.0,
              4180.0
            ],
            [
              2601.0,
              4064.0
            ],
            [
              2588.0,
              4026.0
            ],
            [
              2555.0,
              3984.0
            ],
            [
              2537.0,
              3949.0
            ],
            [
              2533.0,
              3930.0
            ],
            [
              2533.0,
              3874.0
            ],
            [
              2530.0,
              3865.0
            ],
            [
              2517.0,
              3855.0
            ]
          ],
          [
            [
              2467.0,
              3951.0
            ],
            [
              2492.0,
              3964.0
            ],
            [
              2487.0,
              3973.0
            ],
            [
              2490.0,
              3987.0
            ],
            [
              2482.0,
              3988.0
            ],
            [
              2473.0,
              3981.0
            ],
            [
              2468.0,
              3981.0
            ],
            [
              2474.0,
              3991.0
            ],
            [
              2470.0,
              4018.0
            ],
            [
              2476.0,
              4041.0
            ],
            [
              2507.0,
              4052.0
            ],
            [
              2510.0,
              4057.0
            ],
            [
              2519.0,
              4060.0
            ],
            [
              2530.0,
              4070.0
            ],
            [
              2537.0,
              4084.0
            ],
            [
              2521.0,
              4093.0
            ],
            [
              2519.0,
              4097.0
            ],
            [
              2529.0,
              4098.0
            ],
            [
              2544.0,
              4111.0
            ],
            [
              2533.0,
              4120.0
            ],
            [
              2536.0,
              4130.0
            ],
            [
              2541.0,
              4134.0
            ],
            [
              2541.0,
              4142.0
            ],
            [
              2533.0,
              4152.0
            ],
            [
              2531.0,
              4162.0
            ],
            [
              2500.0,
              4186.0
            ],
            [
              2503.0,
              4196.0
            ],
            [
              2509.0,
              4199.0
            ],
            [
              2510.0,
              4203.0
            ],
            [
              2506.0,
              4205.0
            ],
            [
              2499.0,
              4200.0
            ],
            [
              2492.0,
              4200.0
            ],
            [
              2486.0,
              4213.0
            ],
            [
              2487.0,
              4221.0
            ],
            [
              2484.0,
              4228.0
            ],
            [
              2468.0,
              4224.0
            ],
            [
              2457.0,
              4239.0
            ],
            [
              2450.0,
              4240.0
            ],
            [
              2438.0,
              4231.0
            ],
            [
              2427.0,
              4230.0
            ],
            [
              2421.0,
              4222.0
            ],
            [
              2408.0,
              4218.0
            ],
            [
              2396.0,
              4209.0
            ],
            [
              2400.0,
              4188.0
            ],
            [
              2397.0,
              4181.0
            ],
            [
              2389.0,
              4180.0
            ],
            [
              2393.0,
              4188.0
            ],
            [
              2392.0,
              4197.0
            ],
            [
              2387.0,
              4200.0
            ],
            [
              2382.0,
              4196.0
            ],
            [
              2381.0,
              4188.0
            ],
            [
              2372.0,
              4176.0
            ],
            [
              2374.0,
              4169.0
            ],
            [
              2371.0,
              4166.0
            ],
            [
              2371.0,
              4153.0
            ],
            [
              2382.0,
              4130.0
            ],
            [
              2389.0,
              4129.0
            ],
            [
              2394.0,
              4120.0
            ],
            [
              2406.0,
              4119.0
            ],
            [
              2409.0,
              4116.0
            ],
            [
              2408.0,
              4106.0
            ],
            [
              2396.0,
              4101.0
            ],
            [
              2394.0,
              4092.0
            ],
            [
              2403.0,
              4086.0
            ],
            [
              2415.0,
              4062.0
            ],
            [
              2439.0,
              4033.0
            ],
            [
              2444.0,
              3977.0
            ],
            [
              2448.0,
              3966.0
            ],
            [
              2446.0,
              3956.0
            ],
            [
              2467.0,
              3951.0
            ]
          ]
        ]
      },
      "properties": {
        "annotation_id": "3569_Benign_44",
        "label": "GP3",
        "probabilities": {
          "GP3": 1,
          "GP4": 0,
          "GP5": 0,
          "Benign": 0
        },
        "tags": []
      }
    },
    {
      "type": "Feature",
      "geometry": {
        "type": "Polygon",
        "coordinates": [
          [
            [
              1925.0,
              3519.0
            ],
            [
              1895.0,
              3549.0
            ],
            [
              1888.0,
              3567.0
            ],
            [
              1867.0,
              3576.0
            ],
            [
              1857.0,
              3590.0
            ],
            [
              1862.0,
              3622.0
            ],
            [
              1896.0,
              3643.0
            ],
            [
              1907.0,
              3631.0
            ],
            [
              1912.0,
              3589.0
            ],
            [
              1939.0,
              3564.0
            ],
            [
              1951.0,
              3562.0
            ],
            [
              1945.0,
              3584.0
            ],
            [
              1919.0,
              3620.0
            ],
            [
              1927.0,
              3630.0
            ],
            [
              1906.0,
              3656.0
            ],
            [
              1901.0,
              3705.0
            ],
            [
              1877.0,
              3721.0
            ],
            [
              1844.0,
              3720.0
            ],
            [
              1838.0,
              3731.0
            ],
            [
              1853.0,
              3738.0
            ],
            [
              1846.0,
              3746.0
            ],
            [
              1830.0,
              3740.0
            ],
            [
              1815.0,
              3752.0
            ],
            [
              1790.0,
              3738.0
            ],
            [
              1758.0,
              3772.0
            ],
            [
              1756.0,
              3792.0
            ],
            [
              1800.0,
              3830.0
            ],
            [
              1835.0,
              3886.0
            ],
            [
              1853.0,
              3886.0
            ],
            [
              1842.0,
              3899.0
            ],
            [
              1852.0,
              3910.0
            ],
            [
              1870.0,
              3875.0
            ],
            [
              1891.0,
              3864.0
            ],
            [
              1897.0,
              3840.0
            ],
            [
              1915.0,
              3832.0
            ],
            [
              1920.0,
              3889.0
            ],
            [
              1911.0,
              3898.0
            ],
            [
              1885.0,
              3883.0
            ],
            [
              1881.0,
              3889.0
            ],
            [
              1909.0,
              3909.0
            ],
            [
              1900.0,
              3917.0
            ],
            [
              1896.0,
              3961.0
            ],
            [
              1927.0,
              3996.0
            ],
            [
              1949.0,
              3990.0
            ],
            [
              1953.0,
              3977.0
            ],
            [
              1962.0,
              3974.0
            ],
            [
              1974.0,
              3953.0
            ],
            [
              1970.0,
              3931.0
            ],
            [
              1999.0,
              3921.0
            ],
            [
              2003.0,
              3925.0
            ],
            [
              1986.0,
              3940.0
            ],
            [
              1988.0,
              3949.0
            ],
            [
              2052.0,
              3941.0
            ],
            [
              2159.0,
              3972.0
            ],
            [
              2187.0,
              3967.0
            ],
            [
              2215.0,
              3937.0
            ],
            [
              2222.0,
              3866.0
            ],
            [
              2191.0,
              3787.0
            ],
            [
              2164.0,
              3765.0
            ],
            [
              2162.0,
              3733.0
            ],
            [
              2149.0,
              3704.0
            ],
            [
              2124.0,
              3674.0
            ],
            [
              2086.0,
              3666.0
            ],
            [
              2027.0,
              3615.0
            ],
            [
              2019.0,
              3595.0
            ],
            [
              2016.0,
              3518.0
            ],
            [
              2005.0,
              3501.0
            ],
            [
              1990.0,
              3496.0
            ],
            [
              1982.0,
              3524.0
            ],
            [
              1975.0,
              3519.0
            ],
            [
              1981.0,
              3507.0
            ],
            [
              1967.0,
              3509.0
            ],
            [
              1973.0,
              3500.0
            ],
            [
              1925.0,
              3519.0
            ]
          ],
          [
            [
              2103.0,
              3869.0
            ],
            [
              2098.0,
              3872.0
            ],
            [
              2092.0,
              3872.0
            ],
            [
              2091.0,
              3873.0
            ],
            [
              2065.0,
              3874.0
            ],
            [
              2061.0,
              3871.0
            ],
            [
              2057.0,
              3860.0
            ],
            [
              2047.0,
              3851.0
            ],
            [
              2039.0,
              3848.0
            ],
            [
              2030.0,
              3848.0
            ],
            [
              2022.0,
              3850.0
            ],
            [
              2014.0,
              3854.0
            ],
            [
              2011.0,
              3854.0
            ],
            [
              2002.0,
              3850.0
            ],
            [
              1995.0,
              3849.0
            ],
            [
              1985.0,
              3852.0
            ],
            [
              1982.0,
              3855.0
            ],
            [
              1976.0,
              3858.0
            ],
            [
              1973.0,
              3856.0
            ],
            [
              1970.0,
              3846.0
            ],
            [
              1966.0,
              3839.0
            ],
            [
              1964.0,
              3833.0
            ],
            [
              1964.0,
              3823.0
            ],
            [
              1967.0,
              3821.0
            ],
            [
              1977.0,
              3821.0
            ],
            [
              1986.0,
              3819.0
            ],
            [
              1994.0,
              3815.0
            ],
            [
              2000.0,
              3809.0
            ],
            [
              2008.0,
              3807.0
            ],
            [
              2027.0,
              3798.0
            ],
            [
              2040.0,
              3796.0
            ],
            [
              2049.0,
              3791.0
            ],
            [
              2064.0,
              3789.0
            ],
            [
              2076.0,
              3797.0
            ],
            [
              2086.0,
              3816.0
            ],
            [
              2086.0,
              3819.0
            ],
            [
              2092.0,
              3828.0
            ],
            [
              2092.0,
              3831.0
            ],
            [
              2095.0,
              3836.0
            ],
            [
              2096.0,
              3842.0
            ],
            [
              2102.0,
              3853.0
            ],
            [
              2103.0,
              3869.0
            ]
          ]
        ]
      },
      "properties": {
        "annotation_id": "3569_Benign_46",
        "label": "GP3",
        "probabilities": {
          "GP3": 1,
          "GP4": 0,
          "GP5": 0,
          "Benign": 0
        },
        "tags": []
      }
    },
    {
      "type": "Feature",
      "geometry": {
        "type": "Polygon",
        "coordinates": [
          [
            [
              2020.0,
              3430.0
            ],
            [
              2020.0,
              3459.0
            ],
            [
              2030.0,
              3485.0
            ],
            [
              2043.0,
              3499.0
            ],
            [
              2072.0,
              3516.0
            ],
            [
              2114.0,
              3533.0
            ],
            [
              2116.0,
              3553.0
            ],
            [
              2128.0,
              3573.0
            ],
            [
              2152.0,
              3598.0
            ],
            [
              2161.0,
              3601.0
            ],
            [
              2234.0,
              3603.0
            ],
            [
              2275.0,
              3592.0
            ],
            [
              2325.0,
              3591.0
            ],
            [
              2382.0,
              3577.0
            ],
            [
              2415.0,
              3565.0
            ],
            [
              2442.0,
              3547.0
            ],
            [
              2469.0,
              3514.0
            ],
            [
              2477.0,
              3494.0
            ],
            [
              2477.0,
              3440.0
            ],
            [
              2466.0,
              3429.0
            ],
            [
              2449.0,
              3423.0
            ],
            [
              2439.0,
              3432.0
            ],
            [
              2427.0,
              3436.0
            ],
            [
              2417.0,
              3427.0
            ],
            [
              2401.0,
              3434.0
            ],
            [
              2379.0,
              3427.0
            ],
            [
              2370.0,
              3436.0
            ],
            [
              2374.0,
              3448.0
            ],
            [
              2359.0,
              3451.0
            ],
            [
              2347.0,
              3448.0
            ],
            [
              2332.0,
              3435.0
            ],
            [
              2311.0,
              3431.0
            ],
            [
              2289.0,
              3443.0
            ],
            [
              2295.0,
              3445.0
            ],
            [
              2298.0,
              3456.0
            ],
            [
              2280.0,
              3453.0
            ],
            [
              2270.0,
              3463.0
            ],
            [
              2263.0,
              3456.0
            ],
            [
              2248.0,
              3452.0
            ],
            [
              2240.0,
              3460.0
            ],
            [
              2230.0,
              3456.0
            ],
            [
              2231.0,
              3444.0
            ],
            [
              2222.0,
              3424.0
            ],
            [
              2214.0,
              3426.0
            ],
            [
              2171.0,
              3416.0
            ],
            [
              2068.0,
              3412.0
            ],
            [
              2040.0,
              3406.0
            ],
            [
              2025.0,
              3416.0
            ],
            [
              2020.0,
              3430.0
            ]
          ],
          [
            [
              2194.0,
              3560.0
            ],
            [
              2194.0,
              3552.0
            ],
            [
              2190.0,
              3547.0
            ],
            [
              2191.0,
              3536.0
            ],
            [
              2198.0,
              3527.0
            ],
            [
              2205.0,
              3526.0
            ],
            [
              2209.0,
              3523.0
            ],
            [
              2209.0,
              3514.0
            ],
            [
              2210.0,
              3511.0
            ],
            [
              2214.0,
              3506.0
            ],
            [
              2215.0,
              3503.0
            ],
            [
              2223.0,
              3497.0
            ],
            [
              2227.0,
              3495.0
            ],
            [
              2233.0,
              3495.0
            ],
            [
              2247.0,
              3500.0
            ],
            [
              2255.0,
              3500.0
            ],
            [
              2264.0,
              3497.0
            ],
            [
              2293.0,
              3495.0
            ],
            [
              2294.0,
              3496.0
            ],
            [
              2308.0,
              3496.0
            ],
            [
              2313.0,
              3499.0
            ],
            [
              2314.0,
              3507.0
            ],
            [
              2310.0,
              3510.0
            ],
            [
              2307.0,
              3510.0
            ],
            [
              2300.0,
              3517.0
            ],
            [
              2294.0,
              3520.0
            ],
            [
              2277.0,
              3520.0
            ],
            [
              2258.0,
              3528.0
            ],
            [
              2252.0,
              3527.0
            ],
            [
              2246.0,
              3523.0
            ],
            [
              2239.0,
              3523.0
            ],
            [
              2236.0,
              3526.0
            ],
            [
              2234.0,
              3531.0
            ],
            [
              2221.0,
              3546.0
            ],
            [
              2218.0,
              3553.0
            ],
            [
              2217.0,
              3560.0
            ],
            [
              2213.0,
              3567.0
            ],
            [
              2209.0,
              3571.0
            ],
            [
              2207.0,
              3572.0
            ],
            [
              2204.0,
              3571.0
            ],
            [
              2194.0,
              3560.0
            ]
          ]
        ]
      },
      "properties": {
        "annotation_id": "3569_Benign_48",
        "label": "GP3",
        "probabilities": {
          "GP3": 1,
          "GP4": 0,
          "GP5": 0,
          "Benign": 0
        },
        "tags": []
      }
    },
    {
      "type": "Feature",
      "geometry": {
        "type": "Polygon",
        "coordinates": [
          [
            [
              6127.0,
              7134.0
            ],
            [
              6094.0,
              7119.0
            ],
            [
              6075.0,
              7127.0
            ],
            [
              6043.0,
              7117.0
            ],
            [
              6027.0,
              7120.0
            ],
            [
              5991.0,
              7139.0
            ],
            [
              5984.0,
              7148.0
            ],
            [
              5981.0,
              7167.0
            ],
            [
              5937.0,
              7197.0
            ],
            [
              5919.0,
              7232.0
            ],
            [
              5903.0,
              7287.0
            ],
            [
              5891.0,
              7311.0
            ],
            [
              5893.0,
              7339.0
            ],
            [
              5887.0,
              7347.0
            ],
            [
              5887.0,
              7359.0
            ],
            [
              5900.0,
              7394.0
            ],
            [
              5893.0,
              7401.0
            ],
            [
              5896.0,
              7409.0
            ],
            [
              5890.0,
              7416.0
            ],
            [
              5895.0,
              7425.0
            ],
            [
              5911.0,
              7435.0
            ],
            [
              5927.0,
              7429.0
            ],
            [
              5938.0,
              7414.0
            ],
            [
              5957.0,
              7417.0
            ],
            [
              5961.0,
              7397.0
            ],
            [
              6005.0,
              7378.0
            ],
            [
              6026.0,
              7360.0
            ],
            [
              6041.0,
              7326.0
            ],
            [
              6059.0,
              7309.0
            ],
            [
              6063.0,
              7269.0
            ],
            [
              6080.0,
              7250.0
            ],
            [
              6087.0,
              7231.0
            ],
            [
              6086.0,
              7208.0
            ],
            [
              6079.0,
              7193.0
            ],
            [
              6070.0,
              7197.0
            ],
            [
              6057.0,
              7224.0
            ],
            [
              6037.0,
              7238.0
            ],
            [
              6008.0,
              7270.0
            ],
            [
              5995.0,
              7270.0
            ],
            [
              5988.0,
              7250.0
            ],
            [
              6009.0,
              7218.0
            ],
            [
              6040.0,
              7196.0
            ],
            [
              6072.0,
              7181.0
            ],
            [
              6070.0,
              7154.0
            ],
            [
              6081.0,
              7158.0
            ],
            [
              6096.0,
              7172.0
            ],
            [
              6100.0,
              7223.0
            ],
            [
              6109.0,
              7229.0
            ],
            [
              6122.0,
              7226.0
            ],
            [
              6125.0,
              7244.0
            ],
            [
              6162.0,
              7211.0
            ],
            [
              6171.0,
              7199.0
            ],
            [
              6146.0,
              7150.0
            ],
            [
              6127.0,
              7134.0
            ]
          ]
        ]
      },
      "properties": {
        "annotation_id": "3569_Benign_6",
        "label": "GP3",
        "probabilities": {
          "GP3": 1,
          "GP4": 0,
          "GP5": 0,
          "Benign": 0
        },
        "tags": []
      }
    },
    {
      "type": "Feature",
      "geometry": {
        "type": "Polygon",
        "coordinates": [
          [
            [
              5350.0,
              6701.0
            ],
            [
              5328.0,
              6728.0
            ],
            [
              5329.0,
              6791.0
            ],
            [
              5396.0,
              6803.0
            ],
            [
              5384.0,
              6819.0
            ],
            [
              5395.0,
              6880.0
            ],
            [
              5306.0,
              7035.0
            ],
            [
              5302.0,
              7069.0
            ],
            [
              5315.0,
              7081.0
            ],
            [
              5299.0,
              7134.0
            ],
            [
              5319.0,
              7156.0
            ],
            [
              5247.0,
              7186.0
            ],
            [
              5231.0,
              7250.0
            ],
            [
              5210.0,
              7251.0
            ],
            [
              5230.0,
              7293.0
            ],
            [
              5260.0,
              7298.0
            ],
            [
              5325.0,
              7254.0
            ],
            [
              5340.0,
              7281.0
            ],
            [
              5369.0,
              7284.0
            ],
            [
              5374.0,
              7200.0
            ],
            [
              5428.0,
              7177.0
            ],
            [
              5396.0,
              7225.0
            ],
            [
              5398.0,
              7287.0
            ],
            [
              5374.0,
              7317.0
            ],
            [
              5396.0,
              7398.0
            ],
            [
              5490.0,
              7504.0
            ],
            [
              5514.0,
              7512.0
            ],
            [
              5618.0,
              7481.0
            ],
            [
              5709.0,
              7496.0
            ],
            [
              5755.0,
              7469.0
            ],
            [
              5773.0,
              7409.0
            ],
            [
              5832.0,
              7344.0
            ],
            [
              5820.0,
              7322.0
            ],
            [
              5865.0,
              7303.0
            ],
            [
              5878.0,
              7211.0
            ],
            [
              5838.0,
              7181.0
            ],
            [
              5745.0,
              7248.0
            ],
            [
              5702.0,
              7252.0
            ],
            [
              5671.0,
              7237.0
            ],
            [
              5653.0,
              7271.0
            ],
            [
              5632.0,
              7277.0
            ],
            [
              5620.0,
              7259.0
            ],
            [
              5642.0,
              7190.0
            ],
            [
              5679.0,
              7179.0
            ],
            [
              5673.0,
              7140.0
            ],
            [
              5652.0,
              7139.0
            ],
            [
              5633.0,
              7115.0
            ],
            [
              5731.0,
              7097.0
            ],
            [
              5836.0,
              7001.0
            ],
            [
              5850.0,
              6950.0
            ],
            [
              5779.0,
              6934.0
            ],
            [
              5744.0,
              6896.0
            ],
            [
              5803.0,
              6907.0
            ],
            [
              5836.0,
              6875.0
            ],
            [
              5766.0,
              6853.0
            ],
            [
              5714.0,
              6912.0
            ],
            [
              5673.0,
              6864.0
            ],
            [
              5619.0,
              6926.0
            ],
            [
              5558.0,
              6934.0
            ],
            [
              5577.0,
              6951.0
            ],
            [
              5614.0,
              6949.0
            ],
            [
              5544.0,
              6984.0
            ],
            [
              5553.0,
              6998.0
            ],
            [
              5465.0,
              7139.0
            ],
            [
              5377.0,
              7169.0
            ],
            [
              5455.0,
              7098.0
            ],
            [
              5466.0,
              7059.0
            ],
            [
              5453.0,
              7001.0
            ],
            [
              5528.0,
              6865.0
            ],
            [
              5521.0,
              6768.0
            ],
            [
              5481.0,
              6705.0
            ],
            [
              5350.0,
              6701.0
            ]
          ],
          [
            [
              5707.0,
              7390.0
            ],
            [
              5708.0,
              7391.0
            ],
            [
              5710.0,
              7391.0
            ],
            [
              5711.0,
              7392.0
            ],
            [
              5713.0,
              7392.0
            ],
            [
              5714.0,
              7393.0
            ],
            [
              5715.0,
              7393.0
            ],
            [
              5719.0,
              7397.0
            ],
            [
              5719.0,
              7398.0
            ],
            [
              5720.0,
              7399.0
            ],
            [
              5720.0,
              7401.0
            ],
            [
              5721.0,
              7402.0
            ],
            [
              5721.0,
              7404.0
            ],
            [
              5722.0,
              7405.0
            ],
            [
              5722.0,
              7410.0
            ],
            [
              5721.0,
              7411.0
            ],
            [
              5721.0,
              7414.0
            ],
            [
              5720.0,
              7415.0
            ],
            [
              5720.0,
              7417.0
            ],
            [
              5718.0,
              7420.0
            ],
            [
              5718.0,
              7427.0
            ],
            [
              5717.0,
              7428.0
            ],
            [
              5717.0,
              7431.0
            ],
            [
              5716.0,
              7432.0
            ],
            [
              5716.0,
              7434.0
            ],
            [
              5712.0,
              7441.0
            ],
            [
              5712.0,
              7445.0
            ],
            [
              5711.0,
              7446.0
            ],
            [
              5709.0,
              7451.0
            ],
            [
              5702.0,
              7458.0
            ],
            [
              5701.0,
              7458.0
            ],
            [
              5700.0,
              7459.0
            ],
            [
              5698.0,
              7459.0
            ],
            [
              5697.0,
              7460.0
            ],
            [
              5695.0,
              7460.0
            ],
            [
              5694.0,
              7461.0
            ],
            [
              5689.0,
              7461.0
            ],
            [
              5688.0,
              7460.0
            ],
            [
              5686.0,
              7460.0
            ],
            [
              5679.0,
              7456.0
            ],
            [
              5679.0,
              7455.0
            ],
            [
              5677.0,
              7453.0
            ],
            [
              5677.0,
              7451.0
            ],
            [
              5676.0,
              7450.0
            ],
            [
              5676.0,
              7448.0
            ],
            [
              5675.0,
              7447.0
            ],
            [
              5675.0,
              7445.0
            ],
            [
              5674.0,
              7444.0
            ],
            [
              5674.0,
              7431.0
            ],
            [
              5673.0,
              7430.0
            ],
            [
              5673.0,
              7425.0
            ],
            [
              5672.0,
              7424.0
            ],
            [
              5672.0,
              7419.0
            ],
            [
              5671.0,
              7418.0
            ],
            [
              5671.0,
              7411.0
            ],
            [
              5670.0,
              7410.0
            ],
            [
              5670.0,
              7408.0
            ],
            [
              5671.0,
              7407.0
            ],
            [
              5671.0,
              7404.0
            ],
            [
              5672.0,
              7403.0
            ],
            [
              5672.0,
              7401.0
            ],
            [
              5674.0,
              7399.0
            ],
            [
              5674.0,
              7398.0
            ],
            [
              5677.0,
              7395.0
            ],
            [
              5678.0,
              7395.0
            ],
            [
              5683.0,
              7392.0
            ],
            [
              5686.0,
              7392.0
            ],
            [
              5687.0,
              7391.0
            ],
            [
              5688.0,
              7391.0
            ],
            [
              5689.0,
              7392.0
            ],
            [
              5692.0,
              7392.0
            ],
            [
              5693.0,
              7393.0
            ],
            [
              5695.0,
              7393.0
            ],
            [
              5696.0,
              7392.0
            ],
            [
              5698.0,
              7392.0
            ],
            [
              5699.0,
              7391.0
            ],
            [
              5701.0,
              7391.0
            ],
            [
              5702.0,
              7390.0
            ],
            [
              5707.0,
              7390.0
            ]
          ],
          [
            [
              5581.0,
              7139.0
            ],
            [
              5594.0,
              7152.0
            ],
            [
              5604.0,
              7173.0
            ],
            [
              5591.0,
              7182.0
            ],
            [
              5585.0,
              7221.0
            ],
            [
              5573.0,
              7255.0
            ],
            [
              5529.0,
              7256.0
            ],
            [
              5526.0,
              7262.0
            ],
            [
              5526.0,
              7269.0
            ],
            [
              5537.0,
              7275.0
            ],
            [
              5526.0,
              7293.0
            ],
            [
              5525.0,
              7325.0
            ],
            [
              5533.0,
              7359.0
            ],
            [
              5536.0,
              7389.0
            ],
            [
              5544.0,
              7404.0
            ],
            [
              5534.0,
              7425.0
            ],
            [
              5523.0,
              7439.0
            ],
            [
              5518.0,
              7441.0
            ],
            [
              5511.0,
              7435.0
            ],
            [
              5503.0,
              7419.0
            ],
            [
              5493.0,
              7413.0
            ],
            [
              5489.0,
              7403.0
            ],
            [
              5479.0,
              7395.0
            ],
            [
              5479.0,
              7382.0
            ],
            [
              5469.0,
              7381.0
            ],
            [
              5461.0,
              7373.0
            ],
            [
              5447.0,
              7368.0
            ],
            [
              5444.0,
              7363.0
            ],
            [
              5452.0,
              7348.0
            ],
            [
              5462.0,
              7344.0
            ],
            [
              5458.0,
              7332.0
            ],
            [
              5464.0,
              7325.0
            ],
            [
              5459.0,
              7322.0
            ],
            [
              5458.0,
              7317.0
            ],
            [
              5463.0,
              7306.0
            ],
            [
              5476.0,
              7300.0
            ],
            [
              5471.0,
              7291.0
            ],
            [
              5483.0,
              7280.0
            ],
            [
              5493.0,
              7283.0
            ],
            [
              5491.0,
              7276.0
            ],
            [
              5500.0,
              7271.0
            ],
            [
              5488.0,
              7267.0
            ],
            [
              5484.0,
              7260.0
            ],
            [
              5485.0,
              7253.0
            ],
            [
              5472.0,
              7238.0
            ],
            [
              5468.0,
              7247.0
            ],
            [
              5462.0,
              7246.0
            ],
            [
              5464.0,
              7233.0
            ],
            [
              5458.0,
              7226.0
            ],
            [
              5458.0,
              7218.0
            ],
            [
              5465.0,
              7214.0
            ],
            [
              5478.0,
              7216.0
            ],
            [
              5488.0,
              7230.0
            ],
            [
              5504.0,
              7234.0
            ],
            [
              5534.0,
              7233.0
            ],
            [
              5549.0,
              7227.0
            ],
            [
              5562.0,
              7212.0
            ],
            [
              5566.0,
              7180.0
            ],
            [
              5578.0,
              7157.0
            ],
            [
              5578.0,
              7141.0
            ],
            [
              5581.0,
              7139.0
            ]
          ],
          [
            [
              5336.0,
              7064.0
            ],
            [
              5342.0,
              7061.0
            ],
            [
              5358.0,
              7061.0
            ],
            [
              5359.0,
              7060.0
            ],
            [
              5369.0,
              7060.0
            ],
            [
              5370.0,
              7061.0
            ],
            [
              5374.0,
              7061.0
            ],
            [
              5378.0,
              7063.0
            ],
            [
              5382.0,
              7067.0
            ],
            [
              5383.0,
              7078.0
            ],
            [
              5387.0,
              7084.0
            ],
            [
              5389.0,
              7085.0
            ],
            [
              5401.0,
              7085.0
            ],
            [
              5406.0,
              7088.0
            ],
            [
              5406.0,
              7090.0
            ],
            [
              5407.0,
              7091.0
            ],
            [
              5407.0,
              7098.0
            ],
            [
              5406.0,
              7099.0
            ],
            [
              5406.0,
              7103.0
            ],
            [
              5399.0,
              7109.0
            ],
            [
              5391.0,
              7109.0
            ],
            [
              5385.0,
              7104.0
            ],
            [
              5385.0,
              7102.0
            ],
            [
              5384.0,
              7101.0
            ],
            [
              5384.0,
              7099.0
            ],
            [
              5382.0,
              7097.0
            ],
            [
              5382.0,
              7095.0
            ],
            [
              5377.0,
              7092.0
            ],
            [
              5370.0,
              7098.0
            ],
            [
              5370.0,
              7103.0
            ],
            [
              5371.0,
              7104.0
            ],
            [
              5371.0,
              7106.0
            ],
            [
              5376.0,
              7112.0
            ],
            [
              5376.0,
              7122.0
            ],
            [
              5373.0,
              7124.0
            ],
            [
              5368.0,
              7124.0
            ],
            [
              5367.0,
              7125.0
            ],
            [
              5358.0,
              7125.0
            ],
            [
              5356.0,
              7124.0
            ],
            [
              5352.0,
              7119.0
            ],
            [
              5352.0,
              7117.0
            ],
            [
              5349.0,
              7115.0
            ],
            [
              5348.0,
              7110.0
            ],
            [
              5345.0,
              7107.0
            ],
            [
              5345.0,
              7105.0
            ],
            [
              5343.0,
              7103.0
            ],
            [
              5342.0,
              7097.0
            ],
            [
              5340.0,
              7095.0
            ],
            [
              5339.0,
              7083.0
            ],
            [
              5332.0,
              7076.0
            ],
            [
              5328.0,
              7074.0
            ],
            [
              5328.0,
              7071.0
            ],
            [
              5336.0,
              7064.0
            ]
          ],
          [
            [
              5725.0,
              7008.0
            ],
            [
              5725.0,
              7013.0
            ],
            [
              5720.0,
              7019.0
            ],
            [
              5722.0,
              7025.0
            ],
            [
              5719.0,
              7029.0
            ],
            [
              5719.0,
              7033.0
            ],
            [
              5725.0,
              7036.0
            ],
            [
              5725.0,
              7040.0
            ],
            [
              5720.0,
              7044.0
            ],
            [
              5690.0,
              7050.0
            ],
            [
              5670.0,
              7049.0
            ],
            [
              5639.0,
              7059.0
            ],
            [
              5597.0,
              7062.0
            ],
            [
              5593.0,
              7065.0
            ],
            [
              5588.0,
              7065.0
            ],
            [
              5584.0,
              7063.0
            ],
            [
              5581.0,
              7066.0
            ],
            [
              5579.0,
              7074.0
            ],
            [
              5571.0,
              7080.0
            ],
            [
              5568.0,
              7078.0
            ],
            [
              5563.0,
              7068.0
            ],
            [
              5563.0,
              7065.0
            ],
            [
              5568.0,
              7060.0
            ],
            [
              5577.0,
              7055.0
            ],
            [
              5580.0,
              7052.0
            ],
            [
              5580.0,
              7050.0
            ],
            [
              5587.0,
              7045.0
            ],
            [
              5588.0,
              7039.0
            ],
            [
              5595.0,
              7032.0
            ],
            [
              5613.0,
              7020.0
            ],
            [
              5648.0,
              7017.0
            ],
            [
              5663.0,
              7019.0
            ],
            [
              5670.0,
              7013.0
            ],
            [
              5676.0,
              7013.0
            ],
            [
              5680.0,
              7016.0
            ],
            [
              5681.0,
              7023.0
            ],
            [
              5673.0,
              7038.0
            ],
            [
              5691.0,
              7039.0
            ],
            [
              5692.0,
              7035.0
            ],
            [
              5699.0,
              7026.0
            ],
            [
              5707.0,
              7025.0
            ],
            [
              5706.0,
              7014.0
            ],
            [
              5703.0,
              7009.0
            ],
            [
              5703.0,
              7007.0
            ],
            [
              5712.0,
              7000.0
            ],
            [
              5715.0,
              7000.0
            ],
            [
              5723.0,
              7005.0
            ],
            [
              5725.0,
              7008.0
            ]
          ],
          [
            [
              5460.0,
              6804.0
            ],
            [
              5469.0,
              6804.0
            ],
            [
              5470.0,
              6805.0
            ],
            [
              5477.0,
              6808.0
            ],
            [
              5479.0,
              6810.0
            ],
            [
              5482.0,
              6811.0
            ],
            [
              5486.0,
              6815.0
            ],
            [
              5486.0,
              6817.0
            ],
            [
              5488.0,
              6819.0
            ],
            [
              5488.0,
              6823.0
            ],
            [
              5486.0,
              6825.0
            ],
            [
              5486.0,
              6828.0
            ],
            [
              5482.0,
              6832.0
            ],
            [
              5482.0,
              6834.0
            ],
            [
              5479.0,
              6838.0
            ],
            [
              5479.0,
              6852.0
            ],
            [
              5477.0,
              6854.0
            ],
            [
              5477.0,
              6855.0
            ],
            [
              5476.0,
              6856.0
            ],
            [
              5476.0,
              6859.0
            ],
            [
              5474.0,
              6861.0
            ],
            [
              5474.0,
              6867.0
            ],
            [
              5473.0,
              6868.0
            ],
            [
              5473.0,
              6873.0
            ],
            [
              5469.0,
              6877.0
            ],
            [
              5468.0,
              6877.0
            ],
            [
              5465.0,
              6879.0
            ],
            [
              5463.0,
              6879.0
            ],
            [
              5460.0,
              6877.0
            ],
            [
              5458.0,
              6877.0
            ],
            [
              5457.0,
              6876.0
            ],
            [
              5456.0,
              6876.0
            ],
            [
              5454.0,
              6874.0
            ],
            [
              5452.0,
              6874.0
            ],
            [
              5451.0,
              6873.0
            ],
            [
              5450.0,
              6873.0
            ],
            [
              5444.0,
              6868.0
            ],
            [
              5441.0,
              6867.0
            ],
            [
              5436.0,
              6862.0
            ],
            [
              5435.0,
              6862.0
            ],
            [
              5434.0,
              6861.0
            ],
            [
              5434.0,
              6853.0
            ],
            [
              5435.0,
              6852.0
            ],
            [
              5436.0,
              6852.0
            ],
            [
              5448.0,
              6840.0
            ],
            [
              5448.0,
              6838.0
            ],
            [
              5449.0,
              6837.0
            ],
            [
              5449.0,
              6811.0
            ],
            [
              5450.0,
              6810.0
            ],
            [
              5451.0,
              6810.0
            ],
            [
              5454.0,
              6807.0
            ],
            [
              5455.0,
              6807.0
            ],
            [
              5460.0,
              6804.0
            ]
          ]
        ]
      },
      "properties": {
        "annotation_id": "3569_Benign_7",
        "label": "GP3",
        "probabilities": {
          "GP3": 1,
          "GP4": 0,
          "GP5": 0,
          "Benign": 0
        },
        "tags": []
      }
    },
    {
      "type": "Feature",
      "geometry": {
        "type": "Polygon",
        "coordinates": [
          [
            [
              6629.0,
              9240.0
            ],
            [
              6615.0,
              9234.0
            ],
            [
              6596.0,
              9235.0
            ],
            [
              6586.0,
              9227.0
            ],
            [
              6564.0,
              9219.0
            ],
            [
              6535.0,
              9219.0
            ],
            [
              6513.0,
              9224.0
            ],
            [
              6496.0,
              9235.0
            ],
            [
              6487.0,
              9246.0
            ],
            [
              6475.0,
              9272.0
            ],
            [
              6458.0,
              9294.0
            ],
            [
              6442.0,
              9325.0
            ],
            [
              6435.0,
              9334.0
            ],
            [
              6431.0,
              9346.0
            ],
            [
              6418.0,
              9359.0
            ],
            [
              6416.0,
              9368.0
            ],
            [
              6418.0,
              9394.0
            ],
            [
              6430.0,
              9427.0
            ],
            [
              6444.0,
              9442.0
            ],
            [
              6477.0,
              9452.0
            ],
            [
              6511.0,
              9452.0
            ],
            [
              6530.0,
              9448.0
            ],
            [
              6567.0,
              9427.0
            ],
            [
              6578.0,
              9416.0
            ],
            [
              6584.0,
              9414.0
            ],
            [
              6595.0,
              9403.0
            ],
            [
              6603.0,
              9399.0
            ],
            [
              6637.0,
              9365.0
            ],
            [
              6657.0,
              9329.0
            ],
            [
              6660.0,
              9319.0
            ],
            [
              6660.0,
              9296.0
            ],
            [
              6656.0,
              9287.0
            ],
            [
              6636.0,
              9272.0
            ],
            [
              6638.0,
              9255.0
            ],
            [
              6635.0,
              9246.0
            ],
            [
              6629.0,
              9240.0
            ]
          ]
        ]
      },
      "properties": {
        "annotation_id": "3569_GP3_100",
        "label": "GP4",
        "probabilities": {
          "GP3": 0,
          "GP4": 1,
          "GP5": 0,
          "Benign": 0
        },
        "tags": []
      }
    },
    {
      "type": "Feature",
      "geometry": {
        "type": "Polygon",
        "coordinates": [
          [
            [
              6145,
              8780
            ],
            [
              6148,
              8730
            ],
            [
              6173,
              8694
            ],
            [
              6203,
              8672
            ],
            [
              6220,
              8672
            ],
            [
              6222,
              8689
            ],
            [
              6252,
              8714
            ],
            [
              6258,
              8706
            ],
            [
              6253,
              8693
            ],
            [
              6287,
              8655
            ],
            [
              6280,
              8647
            ],
            [
              6301,
              8617
            ],
            [
              6307,
              8626
            ],
            [
              6320,
              8623
            ],
            [
              6322,
              8613
            ],
            [
              6343,
              8594
            ],
            [
              6371,
              8598
            ],
            [
              6384,
              8611
            ],
            [
              6467,
              8623
            ],
            [
              6480,
              8633
            ],
            [
              6479,
              8676
            ],
            [
              6458,
              8733
            ],
            [
              6415,
              8809
            ],
            [
              6413,
              8862
            ],
            [
              6401,
              8882
            ],
            [
              6397,
              8908
            ],
            [
              6361,
              8957
            ],
            [
              6319.3248909857375,
              8983.672069769129
            ],
            [
              6282.4845088380325,
              8973.578814386196
            ],
            [
              6257.124078562223,
              8961.783265420703
            ],
            [
              6220.886602069161,
              8930.942859894692
            ],
            [
              6230,
              8926
            ],
            [
              6207,
              8847
            ],
            [
              6205,
              8820
            ],
            [
              6164,
              8813
            ],
            [
              6145,
              8780
            ]
          ],
          [
            [
              6286,
              8847
            ],
            [
              6287,
              8851
            ],
            [
              6295,
              8857
            ],
            [
              6295,
              8863
            ],
            [
              6291,
              8866
            ],
            [
              6294,
              8872
            ],
            [
              6294,
              8876
            ],
            [
              6305,
              8885
            ],
            [
              6307,
              8889
            ],
            [
              6305,
              8902
            ],
            [
              6307,
              8906
            ],
            [
              6319,
              8918
            ],
            [
              6325,
              8921
            ],
            [
              6330,
              8926
            ],
            [
              6328,
              8930
            ],
            [
              6316,
              8929
            ],
            [
              6313,
              8931
            ],
            [
              6313,
              8933
            ],
            [
              6320,
              8940
            ],
            [
              6330,
              8940
            ],
            [
              6334,
              8937
            ],
            [
              6334,
              8933
            ],
            [
              6339,
              8930
            ],
            [
              6340,
              8924
            ],
            [
              6354,
              8912
            ],
            [
              6357,
              8906
            ],
            [
              6360,
              8894
            ],
            [
              6364,
              8886
            ],
            [
              6368,
              8869
            ],
            [
              6366,
              8855
            ],
            [
              6360,
              8851
            ],
            [
              6341,
              8861
            ],
            [
              6334,
              8862
            ],
            [
              6326,
              8866
            ],
            [
              6309,
              8864
            ],
            [
              6306,
              8862
            ],
            [
              6306,
              8858
            ],
            [
              6311,
              8853
            ],
            [
              6319,
              8857
            ],
            [
              6340,
              8855
            ],
            [
              6348,
              8848
            ],
            [
              6348,
              8846
            ],
            [
              6332,
              8838
            ],
            [
              6329,
              8838
            ],
            [
              6315,
              8846
            ],
            [
              6302,
              8846
            ],
            [
              6301,
              8839
            ],
            [
              6298,
              8837
            ],
            [
              6295,
              8837
            ],
            [
              6288,
              8842
            ],
            [
              6286,
              8847
            ]
          ],
          [
            [
              6297,
              8700
            ],
            [
              6297,
              8704
            ],
            [
              6302,
              8709
            ],
            [
              6308,
              8710
            ],
            [
              6314,
              8707
            ],
            [
              6318,
              8703
            ],
            [
              6326,
              8701
            ],
            [
              6351,
              8700
            ],
            [
              6354,
              8703
            ],
            [
              6354,
              8708
            ],
            [
              6355,
              8709
            ],
            [
              6361,
              8710
            ],
            [
              6367,
              8705
            ],
            [
              6366,
              8699
            ],
            [
              6370,
              8698
            ],
            [
              6371,
              8699
            ],
            [
              6375,
              8695
            ],
            [
              6379,
              8698
            ],
            [
              6376,
              8700
            ],
            [
              6376,
              8702
            ],
            [
              6380,
              8705
            ],
            [
              6385,
              8703
            ],
            [
              6384,
              8699
            ],
            [
              6392,
              8695
            ],
            [
              6394,
              8699
            ],
            [
              6396,
              8700
            ],
            [
              6398,
              8699
            ],
            [
              6399,
              8696
            ],
            [
              6394,
              8694
            ],
            [
              6398,
              8690
            ],
            [
              6399,
              8683
            ],
            [
              6393,
              8678
            ],
            [
              6386,
              8675
            ],
            [
              6389,
              8673
            ],
            [
              6389,
              8671
            ],
            [
              6385,
              8669
            ],
            [
              6378,
              8676
            ],
            [
              6378,
              8679
            ],
            [
              6380,
              8681
            ],
            [
              6377,
              8684
            ],
            [
              6369,
              8688
            ],
            [
              6370,
              8692
            ],
            [
              6369,
              8693
            ],
            [
              6368,
              8692
            ],
            [
              6361,
              8692
            ],
            [
              6360,
              8689
            ],
            [
              6367,
              8685
            ],
            [
              6367,
              8682
            ],
            [
              6362,
              8680
            ],
            [
              6358,
              8674
            ],
            [
              6352,
              8671
            ],
            [
              6346,
              8665
            ],
            [
              6342,
              8663
            ],
            [
              6324,
              8663
            ],
            [
              6322,
              8662
            ],
            [
              6315,
              8666
            ],
            [
              6315,
              8671
            ],
            [
              6319,
              8678
            ],
            [
              6319,
              8681
            ],
            [
              6313,
              8686
            ],
            [
              6303,
              8685
            ],
            [
              6299,
              8688
            ],
            [
              6299,
              8696
            ],
            [
              6297,
              8700
            ]
          ]
        ]
      },
      "properties": {
        "annotation_id": "3569_GP3_101",
        "label": "GP3",
        "probabilities": {
          "GP3": 0.65,
          "GP4": 0.35,
          "GP5": 0.0,
          "Benign": 0.0
        },
        "tags": []
      }
    },
    {
      "type": "Feature",
      "geometry": {
        "type": "Polygon",
        "coordinates": [
          [
            [
              5418.0,
              8217.0
            ],
            [
              5392.0,
              8226.0
            ],
            [
              5388.0,
              8229.0
            ],
            [
              5386.0,
              8233.0
            ],
            [
              5370.0,
              8240.0
            ],
            [
              5365.0,
              8245.0
            ],
            [
              5361.0,
              8251.0
            ],
            [
              5361.0,
              8254.0
            ],
            [
              5356.0,
              8265.0
            ],
            [
              5352.0,
              8270.0
            ],
            [
              5348.0,
              8281.0
            ],
            [
              5347.0,
              8289.0
            ],
            [
              5350.0,
              8295.0
            ],
            [
              5351.0,
              8310.0
            ],
            [
              5358.0,
              8317.0
            ],
            [
              5370.0,
              8316.0
            ],
            [
              5379.0,
              8320.0
            ],
            [
              5385.0,
              8320.0
            ],
            [
              5390.0,
              8317.0
            ],
            [
              5394.0,
              8318.0
            ],
            [
              5399.0,
              8326.0
            ],
            [
              5420.0,
              8347.0
            ],
            [
              5428.0,
              8353.0
            ],
            [
              5428.0,
              8358.0
            ],
            [
              5426.0,
              8361.0
            ],
            [
              5427.0,
              8364.0
            ],
            [
              5431.0,
              8365.0
            ],
            [
              5439.0,
              8372.0
            ],
            [
              5445.0,
              8374.0
            ],
            [
              5452.0,
              8374.0
            ],
            [
              5460.0,
              8371.0
            ],
            [
              5469.0,
              8361.0
            ],
            [
              5472.0,
              8353.0
            ],
            [
              5472.0,
              8340.0
            ],
            [
              5465.0,
              8323.0
            ],
            [
              5442.0,
              8294.0
            ],
            [
              5440.0,
              8289.0
            ],
            [
              5440.0,
              8282.0
            ],
            [
              5438.0,
              8278.0
            ],
            [
              5438.0,
              8254.0
            ],
            [
              5441.0,
              8244.0
            ],
            [
              5440.0,
              8232.0
            ],
            [
              5438.0,
              8226.0
            ],
            [
              5432.0,
              8220.0
            ],
            [
              5423.0,
              8217.0
            ],
            [
              5418.0,
              8217.0
            ]
          ]
        ]
      },
      "properties": {
        "annotation_id": "3569_GP3_105",
        "label": "GP3",
        "probabilities": null,
        "tags": []
      }
    },
    {
      "type": "Feature",
      "geometry": {
        "type": "Polygon",
        "coordinates": [
          [
            [
              5378.0,
              8109.0
            ],
            [
              5363.0,
              8101.0
            ],
            [
              5352.0,
              8099.0
            ],
            [
              5340.0,
              8104.0
            ],
            [
              5329.0,
              8104.0
            ],
            [
              5294.0,
              8115.0
            ],
            [
              5272.0,
              8130.0
            ],
            [
              5254.0,
              8132.0
            ],
            [
              5243.0,
              8137.0
            ],
            [
              5223.0,
              8156.0
            ],
            [
              5210.0,
              8192.0
            ],
            [
              5212.0,
              8201.0
            ],
            [
              5217.0,
              8206.0
            ],
            [
              5224.0,
              8231.0
            ],
            [
              5240.0,
              8247.0
            ],
            [
              5265.0,
              8263.0
            ],
            [
              5284.0,
              8263.0
            ],
            [
              5300.0,
              8260.0
            ],
            [
              5308.0,
              8256.0
            ],
            [
              5319.0,
              8247.0
            ],
            [
              5332.0,
              8247.0
            ],
            [
              5342.0,
              8243.0
            ],
            [
              5352.0,
              8242.0
            ],
            [
              5372.0,
              8230.0
            ],
            [
              5389.0,
              8213.0
            ],
            [
              5402.0,
              8183.0
            ],
            [
              5401.0,
              8138.0
            ],
            [
              5396.0,
              8127.0
            ],
            [
              5378.0,
              8109.0
            ]
          ],
          [
            [
              5344.0,
              8157.0
            ],
            [
              5344.0,
              8161.0
            ],
            [
              5329.0,
              8176.0
            ],
            [
              5328.0,
              8176.0
            ],
            [
              5326.0,
              8178.0
            ],
            [
              5326.0,
              8179.0
            ],
            [
              5317.0,
              8188.0
            ],
            [
              5316.0,
              8188.0
            ],
            [
              5315.0,
              8189.0
            ],
            [
              5315.0,
              8190.0
            ],
            [
              5311.0,
              8194.0
            ],
            [
              5310.0,
              8194.0
            ],
            [
              5305.0,
              8197.0
            ],
            [
              5302.0,
              8197.0
            ],
            [
              5301.0,
              8198.0
            ],
            [
              5299.0,
              8198.0
            ],
            [
              5298.0,
              8199.0
            ],
            [
              5295.0,
              8199.0
            ],
            [
              5294.0,
              8198.0
            ],
            [
              5292.0,
              8198.0
            ],
            [
              5291.0,
              8197.0
            ],
            [
              5288.0,
              8197.0
            ],
            [
              5287.0,
              8196.0
            ],
            [
              5286.0,
              8196.0
            ],
            [
              5285.0,
              8197.0
            ],
            [
              5282.0,
              8197.0
            ],
            [
              5281.0,
              8198.0
            ],
            [
              5279.0,
              8198.0
            ],
            [
              5278.0,
              8199.0
            ],
            [
              5268.0,
              8199.0
            ],
            [
              5267.0,
              8198.0
            ],
            [
              5265.0,
              8198.0
            ],
            [
              5264.0,
              8197.0
            ],
            [
              5261.0,
              8197.0
            ],
            [
              5257.0,
              8194.0
            ],
            [
              5257.0,
              8190.0
            ],
            [
              5258.0,
              8189.0
            ],
            [
              5258.0,
              8188.0
            ],
            [
              5261.0,
              8185.0
            ],
            [
              5262.0,
              8185.0
            ],
            [
              5265.0,
              8183.0
            ],
            [
              5270.0,
              8183.0
            ],
            [
              5271.0,
              8182.0
            ],
            [
              5274.0,
              8182.0
            ],
            [
              5275.0,
              8181.0
            ],
            [
              5282.0,
              8181.0
            ],
            [
              5283.0,
              8180.0
            ],
            [
              5286.0,
              8180.0
            ],
            [
              5287.0,
              8179.0
            ],
            [
              5292.0,
              8179.0
            ],
            [
              5293.0,
              8178.0
            ],
            [
              5296.0,
              8178.0
            ],
            [
              5297.0,
              8177.0
            ],
            [
              5299.0,
              8177.0
            ],
            [
              5300.0,
              8176.0
            ],
            [
              5303.0,
              8176.0
            ],
            [
              5312.0,
              8171.0
            ],
            [
              5314.0,
              8171.0
            ],
            [
              5315.0,
              8170.0
            ],
            [
              5320.0,
              8168.0
            ],
            [
              5329.0,
              8160.0
            ],
            [
              5330.0,
              8160.0
            ],
            [
              5339.0,
              8155.0
            ],
            [
              5341.0,
              8155.0
            ],
            [
              5344.0,
              8157.0
            ]
          ]
        ]
      },
      "properties": {
        "annotation_id": "3569_GP3_106",
        "label": "GP3",
        "probabilities": null,
        "tags": []
      }
    },
    {
      "type": "Feature",
      "geometry": {
        "type": "Polygon",
        "coordinates": [
          [
            [
              5107.0,
              7310.0
            ],
            [
              5089.0,
              7316.0
            ],
            [
              5078.0,
              7327.0
            ],
            [
              5069.0,
              7363.0
            ],
            [
              5013.0,
              7385.0
            ],
            [
              4987.0,
              7408.0
            ],
            [
              4952.0,
              7462.0
            ],
            [
              4926.0,
              7527.0
            ],
            [
              4934.0,
              7534.0
            ],
            [
              4939.0,
              7578.0
            ],
            [
              4949.0,
              7593.0
            ],
            [
              4944.0,
              7622.0
            ],
            [
              4956.0,
              7645.0
            ],
            [
              4956.0,
              7667.0
            ],
            [
              4961.0,
              7675.0
            ],
            [
              4969.0,
              7675.0
            ],
            [
              4976.0,
              7643.0
            ],
            [
              4973.0,
              7608.0
            ],
            [
              4987.0,
              7607.0
            ],
            [
              5025.0,
              7628.0
            ],
            [
              5048.0,
              7630.0
            ],
            [
              5042.0,
              7661.0
            ],
            [
              5064.0,
              7694.0
            ],
            [
              5048.0,
              7723.0
            ],
            [
              5055.0,
              7749.0
            ],
            [
              5064.0,
              7751.0
            ],
            [
              5078.0,
              7741.0
            ],
            [
              5091.0,
              7719.0
            ],
            [
              5091.0,
              7697.0
            ],
            [
              5098.0,
              7695.0
            ],
            [
              5102.0,
              7711.0
            ],
            [
              5099.0,
              7733.0
            ],
            [
              5070.0,
              7772.0
            ],
            [
              5093.0,
              7767.0
            ],
            [
              5117.0,
              7802.0
            ],
            [
              5130.0,
              7807.0
            ],
            [
              5161.0,
              7807.0
            ],
            [
              5182.0,
              7800.0
            ],
            [
              5200.0,
              7770.0
            ],
            [
              5187.0,
              7711.0
            ],
            [
              5163.0,
              7665.0
            ],
            [
              5167.0,
              7651.0
            ],
            [
              5164.0,
              7373.0
            ],
            [
              5158.0,
              7358.0
            ],
            [
              5145.0,
              7347.0
            ],
            [
              5139.0,
              7326.0
            ],
            [
              5130.0,
              7317.0
            ],
            [
              5107.0,
              7310.0
            ]
          ],
          [
            [
              5048.0,
              7444.0
            ],
            [
              5057.0,
              7443.0
            ],
            [
              5060.0,
              7441.0
            ],
            [
              5071.0,
              7441.0
            ],
            [
              5084.0,
              7448.0
            ],
            [
              5085.0,
              7456.0
            ],
            [
              5082.0,
              7461.0
            ],
            [
              5082.0,
              7472.0
            ],
            [
              5084.0,
              7477.0
            ],
            [
              5082.0,
              7481.0
            ],
            [
              5085.0,
              7483.0
            ],
            [
              5090.0,
              7479.0
            ],
            [
              5090.0,
              7472.0
            ],
            [
              5093.0,
              7466.0
            ],
            [
              5104.0,
              7459.0
            ],
            [
              5116.0,
              7464.0
            ],
            [
              5121.0,
              7469.0
            ],
            [
              5121.0,
              7482.0
            ],
            [
              5124.0,
              7487.0
            ],
            [
              5124.0,
              7493.0
            ],
            [
              5117.0,
              7503.0
            ],
            [
              5114.0,
              7525.0
            ],
            [
              5112.0,
              7529.0
            ],
            [
              5105.0,
              7535.0
            ],
            [
              5105.0,
              7537.0
            ],
            [
              5109.0,
              7540.0
            ],
            [
              5120.0,
              7542.0
            ],
            [
              5130.0,
              7547.0
            ],
            [
              5136.0,
              7553.0
            ],
            [
              5134.0,
              7558.0
            ],
            [
              5122.0,
              7561.0
            ],
            [
              5109.0,
              7555.0
            ],
            [
              5091.0,
              7565.0
            ],
            [
              5072.0,
              7565.0
            ],
            [
              5069.0,
              7563.0
            ],
            [
              5067.0,
              7555.0
            ],
            [
              5058.0,
              7552.0
            ],
            [
              5049.0,
              7540.0
            ],
            [
              5040.0,
              7537.0
            ],
            [
              5044.0,
              7530.0
            ],
            [
              5052.0,
              7526.0
            ],
            [
              5056.0,
              7527.0
            ],
            [
              5061.0,
              7534.0
            ],
            [
              5065.0,
              7523.0
            ],
            [
              5065.0,
              7512.0
            ],
            [
              5052.0,
              7504.0
            ],
            [
              5053.0,
              7498.0
            ],
            [
              5061.0,
              7492.0
            ],
            [
              5059.0,
              7488.0
            ],
            [
              5060.0,
              7482.0
            ],
            [
              5059.0,
              7481.0
            ],
            [
              5044.0,
              7490.0
            ],
            [
              5035.0,
              7479.0
            ],
            [
              5035.0,
              7473.0
            ],
            [
              5039.0,
              7470.0
            ],
            [
              5046.0,
              7473.0
            ],
            [
              5052.0,
              7468.0
            ],
            [
              5048.0,
              7464.0
            ],
            [
              5048.0,
              7461.0
            ],
            [
              5041.0,
              7454.0
            ],
            [
              5041.0,
              7451.0
            ],
            [
              5048.0,
              7444.0
            ]
          ]
        ]
      },
      "properties": {
        "annotation_id": "3569_GP3_111",
        "label": "GP3",
        "probabilities": null,
        "tags": []
      }
    },
    {
      "type": "Feature",
      "geometry": {
        "type": "Polygon",
        "coordinates": [
          [
            [
              2207.0,
              2704.0
            ],
            [
              2111.0,
              2703.0
            ],
            [
              2089.0,
              2715.0
            ],
            [
              2040.0,
              2862.0
            ],
            [
              2032.0,
              2984.0
            ],
            [
              1909.0,
              3160.0
            ],
            [
              1879.0,
              3174.0
            ],
            [
              1858.0,
              3203.0
            ],
            [
              1855.0,
              3288.0
            ],
            [
              1896.0,
              3449.0
            ],
            [
              1931.0,
              3482.0
            ],
            [
              1954.0,
              3480.0
            ],
            [
              1994.0,
              3438.0
            ],
            [
              2017.0,
              3382.0
            ],
            [
              2033.0,
              3365.0
            ],
            [
              2098.0,
              3345.0
            ],
            [
              2131.0,
              3345.0
            ],
            [
              2174.0,
              3359.0
            ],
            [
              2232.0,
              3403.0
            ],
            [
              2294.0,
              3395.0
            ],
            [
              2346.0,
              3364.0
            ],
            [
              2398.0,
              3361.0
            ],
            [
              2484.0,
              3417.0
            ],
            [
              2522.0,
              3416.0
            ],
            [
              2589.0,
              3369.0
            ],
            [
              2588.0,
              3360.0
            ],
            [
              2569.0,
              3349.0
            ],
            [
              2524.0,
              3361.0
            ],
            [
              2539.0,
              3332.0
            ],
            [
              2538.0,
              3307.0
            ],
            [
              2413.0,
              3103.0
            ],
            [
              2349.0,
              3044.0
            ],
            [
              2325.0,
              3001.0
            ],
            [
              2324.0,
              2958.0
            ],
            [
              2309.0,
              2952.0
            ],
            [
              2320.0,
              2938.0
            ],
            [
              2305.0,
              2874.0
            ],
            [
              2284.0,
              2857.0
            ],
            [
              2293.0,
              2835.0
            ],
            [
              2273.0,
              2806.0
            ],
            [
              2272.0,
              2775.0
            ],
            [
              2256.0,
              2749.0
            ],
            [
              2207.0,
              2704.0
            ]
          ],
          [
            [
              2038.0,
              3042.0
            ],
            [
              2051.0,
              3042.0
            ],
            [
              2072.0,
              3050.0
            ],
            [
              2071.0,
              3059.0
            ],
            [
              2063.0,
              3070.0
            ],
            [
              2065.0,
              3092.0
            ],
            [
              2062.0,
              3097.0
            ],
            [
              2062.0,
              3111.0
            ],
            [
              2077.0,
              3129.0
            ],
            [
              2084.0,
              3145.0
            ],
            [
              2096.0,
              3150.0
            ],
            [
              2102.0,
              3162.0
            ],
            [
              2109.0,
              3166.0
            ],
            [
              2133.0,
              3166.0
            ],
            [
              2144.0,
              3163.0
            ],
            [
              2150.0,
              3170.0
            ],
            [
              2150.0,
              3176.0
            ],
            [
              2142.0,
              3185.0
            ],
            [
              2144.0,
              3196.0
            ],
            [
              2138.0,
              3200.0
            ],
            [
              2120.0,
              3197.0
            ],
            [
              2100.0,
              3188.0
            ],
            [
              2090.0,
              3188.0
            ],
            [
              2077.0,
              3183.0
            ],
            [
              2051.0,
              3182.0
            ],
            [
              2045.0,
              3186.0
            ],
            [
              2042.0,
              3199.0
            ],
            [
              2056.0,
              3221.0
            ],
            [
              2060.0,
              3232.0
            ],
            [
              2072.0,
              3243.0
            ],
            [
              2075.0,
              3249.0
            ],
            [
              2075.0,
              3261.0
            ],
            [
              2070.0,
              3264.0
            ],
            [
              2042.0,
              3263.0
            ],
            [
              2016.0,
              3252.0
            ],
            [
              2003.0,
              3232.0
            ],
            [
              2001.0,
              3218.0
            ],
            [
              1996.0,
              3215.0
            ],
            [
              1987.0,
              3223.0
            ],
            [
              1980.0,
              3224.0
            ],
            [
              1973.0,
              3214.0
            ],
            [
              1973.0,
              3207.0
            ],
            [
              1987.0,
              3204.0
            ],
            [
              2015.0,
              3166.0
            ],
            [
              2011.0,
              3137.0
            ],
            [
              2012.0,
              3115.0
            ],
            [
              2017.0,
              3105.0
            ],
            [
              2018.0,
              3086.0
            ],
            [
              2023.0,
              3081.0
            ],
            [
              2027.0,
              3062.0
            ],
            [
              2033.0,
              3054.0
            ],
            [
              2033.0,
              3046.0
            ],
            [
              2038.0,
              3042.0
            ]
          ]
        ]
      },
      "properties": {
        "annotation_id": "3569_GP3_113",
        "label": "GP3",
        "probabilities": null,
        "tags": []
      }
    },
    {
      "type": "Feature",
      "geometry": {
        "type": "Polygon",
        "coordinates": [
          [
            [
              1638.3542031533607,
              2085.2192672153906
            ],
            [
              1609.3542031533607,
              2119.2192672153906
            ],
            [
              1538.3542031533607,
              2141.2192672153906
            ],
            [
              1492.3542031533607,
              2169.2192672153906
            ],
            [
              1482.3542031533607,
              2186.2192672153906
            ],
            [
              1483.3542031533607,
              2240.2192672153906
            ],
            [
              1469.3542031533607,
              2248.2192672153906
            ],
            [
              1458.3542031533607,
              2224.2192672153906
            ],
            [
              1438.3542031533607,
              2228.2192672153906
            ],
            [
              1445.3542031533607,
              2260.2192672153906
            ],
            [
              1374.3542031533607,
              2369.2192672153906
            ],
            [
              1390.3542031533607,
              2397.2192672153906
            ],
            [
              1347.3542031533607,
              2443.2192672153906
            ],
            [
              1353.3542031533607,
              2462.2192672153906
            ],
            [
              1416.3542031533607,
              2478.2192672153906
            ],
            [
              1374.3542031533607,
              2503.2192672153906
            ],
            [
              1375.3542031533607,
              2564.2192672153906
            ],
            [
              1387.3542031533607,
              2585.2192672153906
            ],
            [
              1426.3542031533607,
              2575.2192672153906
            ],
            [
              1396.3542031533607,
              2646.2192672153906
            ],
            [
              1418.3542031533607,
              2664.2192672153906
            ],
            [
              1421.3542031533607,
              2699.2192672153906
            ],
            [
              1449.3542031533607,
              2747.2192672153906
            ],
            [
              1432.3542031533607,
              2796.2192672153906
            ],
            [
              1474.3542031533607,
              2851.2192672153906
            ],
            [
              1500.3542031533607,
              2864.2192672153906
            ],
            [
              1483.3542031533607,
              2931.2192672153906
            ],
            [
              1533.3542031533607,
              2964.2192672153906
            ],
            [
              1607.3542031533607,
              3083.2192672153906
            ],
            [
              1668.3542031533607,
              3086.2192672153906
            ],
            [
              1690.3542031533607,
              3053.2192672153906
            ],
            [
              1718.3542031533607,
              3038.2192672153906
            ],
            [
              1738.3542031533607,
              3051.2192672153906
            ],
            [
              1736.3542031533607,
              3078.2192672153906
            ],
            [
              1763.3542031533607,
              3119.2192672153906
            ],
            [
              1842.3542031533607,
              3126.2192672153906
            ],
            [
              1899.3542031533607,
              3103.2192672153906
            ],
            [
              1933.3542031533607,
              3057.2192672153906
            ],
            [
              1940.3542031533607,
              2938.2192672153906
            ],
            [
              1979.3542031533607,
              2873.2192672153906
            ],
            [
              1953.3542031533607,
              2794.2192672153906
            ],
            [
              2052.3542031533607,
              2680.2192672153906
            ],
            [
              2077.3542031533607,
              2682.2192672153906
            ],
            [
              2120.3542031533607,
              2652.2192672153906
            ],
            [
              2145.3542031533607,
              2604.2192672153906
            ],
            [
              2156.3542031533607,
              2526.2192672153906
            ],
            [
              2115.3542031533607,
              2456.2192672153906
            ],
            [
              2019.3542031533607,
              2427.2192672153906
            ],
            [
              2052.3542031533607,
              2416.2192672153906
            ],
            [
              2052.3542031533607,
              2391.2192672153906
            ],
            [
              2095.3542031533607,
              2335.2192672153906
            ],
            [
              2082.3542031533607,
              2295.2192672153906
            ],
            [
              2090.3542031533607,
              2243.2192672153906
            ],
            [
              2047.3542031533607,
              2192.2192672153906
            ],
            [
              1933.3542031533607,
              2101.2192672153906
            ],
            [
              1904.3542031533607,
              2123.2192672153906
            ],
            [
              1888.3542031533607,
              2077.2192672153906
            ],
            [
              1828.3542031533607,
              2083.2192672153906
            ],
            [
              1794.3542031533607,
              2071.2192672153906
            ],
            [
              1682.3542031533607,
              2105.2192672153906
            ],
            [
              1638.3542031533607,
              2085.2192672153906
            ]
          ],
          [
            [
              1722.3542031533607,
              2856.2192672153906
            ],
            [
              1726.3542031533607,
              2852.2192672153906
            ],
            [
              1730.3542031533607,
              2838.2192672153906
            ],
            [
              1737.3542031533607,
              2836.2192672153906
            ],
            [
              1748.3542031533607,
              2828.2192672153906
            ],
            [
              1759.3542031533607,
              2827.2192672153906
            ],
            [
              1782.3542031533607,
              2811.2192672153906
            ],
            [
              1801.3542031533607,
              2802.2192672153906
            ],
            [
              1804.3542031533607,
              2804.2192672153906
            ],
            [
              1805.3542031533607,
              2815.2192672153906
            ],
            [
              1808.3542031533607,
              2818.2192672153906
            ],
            [
              1844.3542031533607,
              2825.2192672153906
            ],
            [
              1858.3542031533607,
              2834.2192672153906
            ],
            [
              1864.3542031533607,
              2834.2192672153906
            ],
            [
              1869.3542031533607,
              2831.2192672153906
            ],
            [
              1869.3542031533607,
              2816.2192672153906
            ],
            [
              1872.3542031533607,
              2813.2192672153906
            ],
            [
              1879.3542031533607,
              2814.2192672153906
            ],
            [
              1882.3542031533607,
              2817.2192672153906
            ],
            [
              1882.3542031533607,
              2834.2192672153906
            ],
            [
              1885.3542031533607,
              2840.2192672153906
            ],
            [
              1889.3542031533607,
              2842.2192672153906
            ],
            [
              1904.3542031533607,
              2840.2192672153906
            ],
            [
              1912.3542031533607,
              2846.2192672153906
            ],
            [
              1913.3542031533607,
              2853.2192672153906
            ],
            [
              1901.3542031533607,
              2862.2192672153906
            ],
            [
              1904.3542031533607,
              2868.2192672153906
            ],
            [
              1925.3542031533607,
              2878.2192672153906
            ],
            [
              1940.3542031533607,
              2876.2192672153906
            ],
            [
              1943.3542031533607,
              2878.2192672153906
            ],
            [
              1943.3542031533607,
              2884.2192672153906
            ],
            [
              1940.3542031533607,
              2886.2192672153906
            ],
            [
              1926.3542031533607,
              2886.2192672153906
            ],
            [
              1907.3542031533607,
              2898.2192672153906
            ],
            [
              1897.3542031533607,
              2898.2192672153906
            ],
            [
              1890.3542031533607,
              2894.2192672153906
            ],
            [
              1886.3542031533607,
              2895.2192672153906
            ],
            [
              1885.3542031533607,
              2899.2192672153906
            ],
            [
              1895.3542031533607,
              2905.2192672153906
            ],
            [
              1901.3542031533607,
              2921.2192672153906
            ],
            [
              1900.3542031533607,
              2928.2192672153906
            ],
            [
              1892.3542031533607,
              2931.2192672153906
            ],
            [
              1881.3542031533607,
              2919.2192672153906
            ],
            [
              1863.3542031533607,
              2919.2192672153906
            ],
            [
              1859.3542031533607,
              2917.2192672153906
            ],
            [
              1858.3542031533607,
              2905.2192672153906
            ],
            [
              1855.3542031533607,
              2899.2192672153906
            ],
            [
              1835.3542031533607,
              2880.2192672153906
            ],
            [
              1821.3542031533607,
              2880.2192672153906
            ],
            [
              1802.3542031533607,
              2868.2192672153906
            ],
            [
              1797.3542031533607,
              2868.2192672153906
            ],
            [
              1783.3542031533607,
              2879.2192672153906
            ],
            [
              1773.3542031533607,
              2871.2192672153906
            ],
            [
              1763.3542031533607,
              2867.2192672153906
            ],
            [
              1758.3542031533607,
              2857.2192672153906
            ],
            [
              1752.3542031533607,
              2853.2192672153906
            ],
            [
              1736.3542031533607,
              2859.2192672153906
            ],
            [
              1727.3542031533607,
              2866.2192672153906
            ],
            [
              1722.3542031533607,
              2864.2192672153906
            ],
            [
              1722.3542031533607,
              2856.2192672153906
            ]
          ],
          [
            [
              1788.3542031533607,
              2577.2192672153906
            ],
            [
              1794.3542031533607,
              2572.2192672153906
            ],
            [
              1823.3542031533607,
              2563.2192672153906
            ],
            [
              1866.3542031533607,
              2560.2192672153906
            ],
            [
              1882.3542031533607,
              2551.2192672153906
            ],
            [
              1892.3542031533607,
              2548.2192672153906
            ],
            [
              1932.3542031533607,
              2549.2192672153906
            ],
            [
              1942.3542031533607,
              2553.2192672153906
            ],
            [
              1950.3542031533607,
              2563.2192672153906
            ],
            [
              1961.3542031533607,
              2568.2192672153906
            ],
            [
              1987.3542031533607,
              2587.2192672153906
            ],
            [
              1993.3542031533607,
              2589.2192672153906
            ],
            [
              2001.3542031533607,
              2589.2192672153906
            ],
            [
              2004.3542031533607,
              2587.2192672153906
            ],
            [
              2013.3542031533607,
              2588.2192672153906
            ],
            [
              2017.3542031533607,
              2594.2192672153906
            ],
            [
              2019.3542031533607,
              2618.2192672153906
            ],
            [
              2017.3542031533607,
              2620.2192672153906
            ],
            [
              2016.3542031533607,
              2629.2192672153906
            ],
            [
              2011.3542031533607,
              2635.2192672153906
            ],
            [
              2010.3542031533607,
              2642.2192672153906
            ],
            [
              2005.3542031533607,
              2650.2192672153906
            ],
            [
              1962.3542031533607,
              2666.2192672153906
            ],
            [
              1951.3542031533607,
              2666.2192672153906
            ],
            [
              1941.3542031533607,
              2672.2192672153906
            ],
            [
              1935.3542031533607,
              2672.2192672153906
            ],
            [
              1928.3542031533607,
              2668.2192672153906
            ],
            [
              1920.3542031533607,
              2656.2192672153906
            ],
            [
              1919.3542031533607,
              2642.2192672153906
            ],
            [
              1922.3542031533607,
              2638.2192672153906
            ],
            [
              1929.3542031533607,
              2637.2192672153906
            ],
            [
              1948.3542031533607,
              2626.2192672153906
            ],
            [
              1949.3542031533607,
              2616.2192672153906
            ],
            [
              1944.3542031533607,
              2612.2192672153906
            ],
            [
              1940.3542031533607,
              2604.2192672153906
            ],
            [
              1926.3542031533607,
              2591.2192672153906
            ],
            [
              1923.3542031533607,
              2584.2192672153906
            ],
            [
              1912.3542031533607,
              2575.2192672153906
            ],
            [
              1884.3542031533607,
              2574.2192672153906
            ],
            [
              1868.3542031533607,
              2583.2192672153906
            ],
            [
              1863.3542031533607,
              2583.2192672153906
            ],
            [
              1850.3542031533607,
              2576.2192672153906
            ],
            [
              1845.3542031533607,
              2577.2192672153906
            ],
            [
              1832.3542031533607,
              2588.2192672153906
            ],
            [
              1824.3542031533607,
              2586.2192672153906
            ],
            [
              1803.3542031533607,
              2586.2192672153906
            ],
            [
              1799.3542031533607,
              2589.2192672153906
            ],
            [
              1792.3542031533607,
              2589.2192672153906
            ],
            [
              1788.3542031533607,
              2586.2192672153906
            ],
            [
              1788.3542031533607,
              2577.2192672153906
            ]
          ],
          [
            [
              1709.3542031533607,
              2224.2192672153906
            ],
            [
              1711.3542031533607,
              2228.2192672153906
            ],
            [
              1710.3542031533607,
              2237.2192672153906
            ],
            [
              1715.3542031533607,
              2245.2192672153906
            ],
            [
              1715.3542031533607,
              2251.2192672153906
            ],
            [
              1712.3542031533607,
              2254.2192672153906
            ],
            [
              1707.3542031533607,
              2255.2192672153906
            ],
            [
              1702.3542031533607,
              2252.2192672153906
            ],
            [
              1697.3542031533607,
              2251.2192672153906
            ],
            [
              1692.3542031533607,
              2254.2192672153906
            ],
            [
              1681.3542031533607,
              2255.2192672153906
            ],
            [
              1674.3542031533607,
              2261.2192672153906
            ],
            [
              1668.3542031533607,
              2263.2192672153906
            ],
            [
              1659.3542031533607,
              2270.2192672153906
            ],
            [
              1647.3542031533607,
              2274.2192672153906
            ],
            [
              1642.3542031533607,
              2277.2192672153906
            ],
            [
              1639.3542031533607,
              2276.2192672153906
            ],
            [
              1637.3542031533607,
              2274.2192672153906
            ],
            [
              1636.3542031533607,
              2270.2192672153906
            ],
            [
              1632.3542031533607,
              2267.2192672153906
            ],
            [
              1629.3542031533607,
              2270.2192672153906
            ],
            [
              1629.3542031533607,
              2275.2192672153906
            ],
            [
              1635.3542031533607,
              2284.2192672153906
            ],
            [
              1635.3542031533607,
              2290.2192672153906
            ],
            [
              1634.3542031533607,
              2292.2192672153906
            ],
            [
              1628.3542031533607,
              2298.2192672153906
            ],
            [
              1621.3542031533607,
              2302.2192672153906
            ],
            [
              1617.3542031533607,
              2302.2192672153906
            ],
            [
              1614.3542031533607,
              2300.2192672153906
            ],
            [
              1613.3542031533607,
              2298.2192672153906
            ],
            [
              1614.3542031533607,
              2285.2192672153906
            ],
            [
              1606.3542031533607,
              2273.2192672153906
            ],
            [
              1606.3542031533607,
              2256.2192672153906
            ],
            [
              1609.3542031533607,
              2252.2192672153906
            ],
            [
              1613.3542031533607,
              2250.2192672153906
            ],
            [
              1624.3542031533607,
              2249.2192672153906
            ],
            [
              1625.3542031533607,
              2248.2192672153906
            ],
            [
              1641.3542031533607,
              2249.2192672153906
            ],
            [
              1642.3542031533607,
              2248.2192672153906
            ],
            [
              1654.3542031533607,
              2247.2192672153906
            ],
            [
              1672.3542031533607,
              2236.2192672153906
            ],
            [
              1682.3542031533607,
              2236.2192672153906
            ],
            [
              1686.3542031533607,
              2234.2192672153906
            ],
            [
              1690.3542031533607,
              2230.2192672153906
            ],
            [
              1692.3542031533607,
              2225.2192672153906
            ],
            [
              1699.3542031533607,
              2219.2192672153906
            ],
            [
              1701.3542031533607,
              2219.2192672153906
            ],
            [
              1709.3542031533607,
              2224.2192672153906
            ]
          ],
          [
            [
              1866.3542031533607,
              2152.2192672153906
            ],
            [
              1872.3542031533607,
              2155.2192672153906
            ],
            [
              1871.3542031533607,
              2164.2192672153906
            ],
            [
              1856.3542031533607,
              2177.2192672153906
            ],
            [
              1858.3542031533607,
              2182.2192672153906
            ],
            [
              1848.3542031533607,
              2192.2192672153906
            ],
            [
              1843.3542031533607,
              2194.2192672153906
            ],
            [
              1837.3542031533607,
              2199.2192672153906
            ],
            [
              1832.3542031533607,
              2209.2192672153906
            ],
            [
              1832.3542031533607,
              2214.2192672153906
            ],
            [
              1839.3542031533607,
              2221.2192672153906
            ],
            [
              1845.3542031533607,
              2234.2192672153906
            ],
            [
              1853.3542031533607,
              2243.2192672153906
            ],
            [
              1855.3542031533607,
              2251.2192672153906
            ],
            [
              1868.3542031533607,
              2262.2192672153906
            ],
            [
              1869.3542031533607,
              2264.2192672153906
            ],
            [
              1868.3542031533607,
              2276.2192672153906
            ],
            [
              1875.3542031533607,
              2277.2192672153906
            ],
            [
              1879.3542031533607,
              2280.2192672153906
            ],
            [
              1877.3542031533607,
              2289.2192672153906
            ],
            [
              1884.3542031533607,
              2296.2192672153906
            ],
            [
              1885.3542031533607,
              2303.2192672153906
            ],
            [
              1878.3542031533607,
              2309.2192672153906
            ],
            [
              1873.3542031533607,
              2307.2192672153906
            ],
            [
              1868.3542031533607,
              2302.2192672153906
            ],
            [
              1867.3542031533607,
              2299.2192672153906
            ],
            [
              1868.3542031533607,
              2288.2192672153906
            ],
            [
              1865.3542031533607,
              2279.2192672153906
            ],
            [
              1842.3542031533607,
              2257.2192672153906
            ],
            [
              1828.3542031533607,
              2241.2192672153906
            ],
            [
              1827.3542031533607,
              2233.2192672153906
            ],
            [
              1822.3542031533607,
              2229.2192672153906
            ],
            [
              1817.3542031533607,
              2231.2192672153906
            ],
            [
              1812.3542031533607,
              2230.2192672153906
            ],
            [
              1802.3542031533607,
              2216.2192672153906
            ],
            [
              1802.3542031533607,
              2212.2192672153906
            ],
            [
              1806.3542031533607,
              2210.2192672153906
            ],
            [
              1813.3542031533607,
              2218.2192672153906
            ],
            [
              1818.3542031533607,
              2217.2192672153906
            ],
            [
              1825.3542031533607,
              2207.2192672153906
            ],
            [
              1826.3542031533607,
              2192.2192672153906
            ],
            [
              1823.3542031533607,
              2187.2192672153906
            ],
            [
              1823.3542031533607,
              2184.2192672153906
            ],
            [
              1826.3542031533607,
              2182.2192672153906
            ],
            [
              1837.3542031533607,
              2180.2192672153906
            ],
            [
              1839.3542031533607,
              2178.2192672153906
            ],
            [
              1836.3542031533607,
              2175.2192672153906
            ],
            [
              1837.3542031533607,
              2168.2192672153906
            ],
            [
              1848.3542031533607,
              2157.2192672153906
            ],
            [
              1866.3542031533607,
              2152.2192672153906
            ]
          ]
        ]
      },
      "properties": {
        "annotation_id": "3569_GP3_115",
        "label": "GP3",
        "probabilities": null,
        "tags": []
      }
    },
    {
      "type": "Feature",
      "geometry": {
        "type": "Polygon",
        "coordinates": [
          [
            [
              6764.0,
              17716.0
            ],
            [
              6762.0,
              17724.0
            ],
            [
              6764.0,
              17741.0
            ],
            [
              6775.0,
              17764.0
            ],
            [
              6800.0,
              17795.0
            ],
            [
              6823.0,
              17829.0
            ],
            [
              6835.0,
              17824.0
            ],
            [
              6841.0,
              17826.0
            ],
            [
              6839.0,
              17845.0
            ],
            [
              6865.0,
              17867.0
            ],
            [
              6878.0,
              17920.0
            ],
            [
              6884.0,
              17924.0
            ],
            [
              6895.0,
              17924.0
            ],
            [
              6902.0,
              17921.0
            ],
            [
              6910.0,
              17907.0
            ],
            [
              6910.0,
              17891.0
            ],
            [
              6915.0,
              17888.0
            ],
            [
              6926.0,
              17896.0
            ],
            [
              6933.0,
              17910.0
            ],
            [
              6943.0,
              17914.0
            ],
            [
              6944.0,
              17921.0
            ],
            [
              6954.0,
              17929.0
            ],
            [
              6965.0,
              17927.0
            ],
            [
              6966.0,
              17918.0
            ],
            [
              6961.0,
              17912.0
            ],
            [
              6958.0,
              17894.0
            ],
            [
              6978.0,
              17879.0
            ],
            [
              6980.0,
              17837.0
            ],
            [
              6972.0,
              17819.0
            ],
            [
              6957.0,
              17800.0
            ],
            [
              6949.0,
              17784.0
            ],
            [
              6930.0,
              17771.0
            ],
            [
              6918.0,
              17759.0
            ],
            [
              6898.0,
              17750.0
            ],
            [
              6890.0,
              17742.0
            ],
            [
              6875.0,
              17738.0
            ],
            [
              6866.0,
              17727.0
            ],
            [
              6851.0,
              17724.0
            ],
            [
              6821.0,
              17706.0
            ],
            [
              6806.0,
              17705.0
            ],
            [
              6785.0,
              17708.0
            ],
            [
              6764.0,
              17716.0
            ]
          ]
        ]
      },
      "properties": {
        "annotation_id": "3569_GP3_50",
        "label": "GP3",
        "probabilities": null,
        "tags": []
      }
    },
    {
      "type": "Feature",
      "geometry": {
        "type": "Polygon",
        "coordinates": [
          [
            [
              6735.0,
              17719.0
            ],
            [
              6669.0,
              17706.0
            ],
            [
              6585.0,
              17764.0
            ],
            [
              6531.0,
              17812.0
            ],
            [
              6409.0,
              17983.0
            ],
            [
              6307.0,
              18051.0
            ],
            [
              6235.0,
              18136.0
            ],
            [
              6155.0,
              18199.0
            ],
            [
              6142.0,
              18226.0
            ],
            [
              6162.0,
              18246.0
            ],
            [
              6168.0,
              18309.0
            ],
            [
              6134.0,
              18313.0
            ],
            [
              6117.0,
              18328.0
            ],
            [
              6135.0,
              18380.0
            ],
            [
              6176.0,
              18369.0
            ],
            [
              6185.0,
              18359.0
            ],
            [
              6192.0,
              18390.0
            ],
            [
              6154.0,
              18383.0
            ],
            [
              6144.0,
              18394.0
            ],
            [
              6150.0,
              18412.0
            ],
            [
              6198.0,
              18414.0
            ],
            [
              6207.0,
              18434.0
            ],
            [
              6265.0,
              18425.0
            ],
            [
              6342.0,
              18386.0
            ],
            [
              6376.0,
              18345.0
            ],
            [
              6384.0,
              18263.0
            ],
            [
              6404.0,
              18194.0
            ],
            [
              6434.0,
              18182.0
            ],
            [
              6489.0,
              18144.0
            ],
            [
              6546.0,
              18081.0
            ],
            [
              6676.0,
              17991.0
            ],
            [
              6708.0,
              17958.0
            ],
            [
              6737.0,
              17908.0
            ],
            [
              6750.0,
              17830.0
            ],
            [
              6750.0,
              17743.0
            ],
            [
              6735.0,
              17719.0
            ]
          ]
        ]
      },
      "properties": {
        "annotation_id": "3569_GP3_51",
        "label": "GP3",
        "probabilities": null,
        "tags": []
      }
    },
    {
      "type": "Feature",
      "geometry": {
        "type": "Polygon",
        "coordinates": [
          [
            [
              6702.0,
              17527.0
            ],
            [
              6664.0,
              17518.0
            ],
            [
              6648.0,
              17520.0
            ],
            [
              6644.0,
              17512.0
            ],
            [
              6617.0,
              17544.0
            ],
            [
              6488.0,
              17611.0
            ],
            [
              6497.0,
              17617.0
            ],
            [
              6488.0,
              17633.0
            ],
            [
              6470.0,
              17636.0
            ],
            [
              6451.0,
              17647.0
            ],
            [
              6419.0,
              17643.0
            ],
            [
              6397.0,
              17655.0
            ],
            [
              6383.0,
              17656.0
            ],
            [
              6377.0,
              17666.0
            ],
            [
              6391.0,
              17691.0
            ],
            [
              6383.0,
              17706.0
            ],
            [
              6384.0,
              17719.0
            ],
            [
              6364.0,
              17712.0
            ],
            [
              6374.0,
              17698.0
            ],
            [
              6367.0,
              17688.0
            ],
            [
              6343.0,
              17696.0
            ],
            [
              6329.0,
              17723.0
            ],
            [
              6307.0,
              17720.0
            ],
            [
              6291.0,
              17726.0
            ],
            [
              6280.0,
              17718.0
            ],
            [
              6259.0,
              17749.0
            ],
            [
              6265.0,
              17755.0
            ],
            [
              6260.0,
              17768.0
            ],
            [
              6270.0,
              17772.0
            ],
            [
              6277.0,
              17785.0
            ],
            [
              6269.0,
              17792.0
            ],
            [
              6247.0,
              17796.0
            ],
            [
              6255.0,
              17808.0
            ],
            [
              6254.0,
              17845.0
            ],
            [
              6277.0,
              17853.0
            ],
            [
              6282.0,
              17860.0
            ],
            [
              6298.0,
              17860.0
            ],
            [
              6304.0,
              17843.0
            ],
            [
              6322.0,
              17836.0
            ],
            [
              6349.0,
              17854.0
            ],
            [
              6322.0,
              17858.0
            ],
            [
              6315.0,
              17867.0
            ],
            [
              6367.0,
              17869.0
            ],
            [
              6391.0,
              17861.0
            ],
            [
              6449.0,
              17827.0
            ],
            [
              6487.0,
              17777.0
            ],
            [
              6509.0,
              17783.0
            ],
            [
              6511.0,
              17768.0
            ],
            [
              6600.0,
              17725.0
            ],
            [
              6634.0,
              17720.0
            ],
            [
              6651.0,
              17700.0
            ],
            [
              6692.0,
              17693.0
            ],
            [
              6697.0,
              17682.0
            ],
            [
              6708.0,
              17675.0
            ],
            [
              6709.0,
              17664.0
            ],
            [
              6728.0,
              17663.0
            ],
            [
              6740.0,
              17630.0
            ],
            [
              6717.0,
              17577.0
            ],
            [
              6714.0,
              17549.0
            ],
            [
              6702.0,
              17527.0
            ]
          ]
        ]
      },
      "properties": {
        "annotation_id": "3569_GP3_52",
        "label": "GP3",
        "probabilities": null,
        "tags": []
      }
    },
    {
      "type": "Feature",
      "geometry": {
        "type": "Polygon",
        "coordinates": [
          [
            [
              6321.0,
              15984.0
            ],
            [
              6301.0,
              15977.0
            ],
            [
              6278.0,
              15984.0
            ],
            [
              6265.0,
              16002.0
            ],
            [
              6263.0,
              16016.0
            ],
            [
              6254.0,
              16019.0
            ],
            [
              6237.0,
              16064.0
            ],
            [
              6212.0,
              16076.0
            ],
            [
              6168.0,
              16081.0
            ],
            [
              6149.0,
              16109.0
            ],
            [
              6108.0,
              16145.0
            ],
            [
              6055.0,
              16173.0
            ],
            [
              6025.0,
              16172.0
            ],
            [
              5974.0,
              16190.0
            ],
            [
              5925.0,
              16220.0
            ],
            [
              5902.0,
              16260.0
            ],
            [
              5899.0,
              16305.0
            ],
            [
              5915.0,
              16349.0
            ],
            [
              5949.0,
              16397.0
            ],
            [
              5962.0,
              16402.0
            ],
            [
              6005.0,
              16401.0
            ],
            [
              6057.0,
              16383.0
            ],
            [
              6084.0,
              16367.0
            ],
            [
              6140.0,
              16351.0
            ],
            [
              6168.0,
              16331.0
            ],
            [
              6167.0,
              16365.0
            ],
            [
              6175.0,
              16397.0
            ],
            [
              6189.0,
              16423.0
            ],
            [
              6213.0,
              16444.0
            ],
            [
              6384.0,
              16445.0
            ],
            [
              6418.0,
              16440.0
            ],
            [
              6435.0,
              16427.0
            ],
            [
              6441.0,
              16384.0
            ],
            [
              6424.0,
              16325.0
            ],
            [
              6398.0,
              16308.0
            ],
            [
              6355.0,
              16310.0
            ],
            [
              6339.0,
              16305.0
            ],
            [
              6310.0,
              16212.0
            ],
            [
              6315.0,
              16207.0
            ],
            [
              6307.0,
              16199.0
            ],
            [
              6304.0,
              16183.0
            ],
            [
              6310.0,
              16175.0
            ],
            [
              6317.0,
              16178.0
            ],
            [
              6326.0,
              16160.0
            ],
            [
              6322.0,
              16124.0
            ],
            [
              6335.0,
              16070.0
            ],
            [
              6336.0,
              16008.0
            ],
            [
              6321.0,
              15984.0
            ]
          ],
          [
            [
              6223.0,
              16347.0
            ],
            [
              6228.0,
              16340.0
            ],
            [
              6232.0,
              16338.0
            ],
            [
              6237.0,
              16338.0
            ],
            [
              6241.0,
              16340.0
            ],
            [
              6251.0,
              16350.0
            ],
            [
              6254.0,
              16351.0
            ],
            [
              6262.0,
              16357.0
            ],
            [
              6277.0,
              16365.0
            ],
            [
              6285.0,
              16367.0
            ],
            [
              6326.0,
              16367.0
            ],
            [
              6333.0,
              16364.0
            ],
            [
              6348.0,
              16363.0
            ],
            [
              6349.0,
              16362.0
            ],
            [
              6361.0,
              16362.0
            ],
            [
              6367.0,
              16365.0
            ],
            [
              6371.0,
              16371.0
            ],
            [
              6371.0,
              16383.0
            ],
            [
              6369.0,
              16387.0
            ],
            [
              6365.0,
              16391.0
            ],
            [
              6361.0,
              16393.0
            ],
            [
              6340.0,
              16394.0
            ],
            [
              6336.0,
              16396.0
            ],
            [
              6307.0,
              16396.0
            ],
            [
              6304.0,
              16402.0
            ],
            [
              6298.0,
              16406.0
            ],
            [
              6275.0,
              16406.0
            ],
            [
              6271.0,
              16404.0
            ],
            [
              6267.0,
              16399.0
            ],
            [
              6264.0,
              16393.0
            ],
            [
              6263.0,
              16385.0
            ],
            [
              6261.0,
              16383.0
            ],
            [
              6237.0,
              16369.0
            ],
            [
              6226.0,
              16359.0
            ],
            [
              6223.0,
              16353.0
            ],
            [
              6223.0,
              16347.0
            ]
          ],
          [
            [
              5972.0,
              16286.0
            ],
            [
              5972.0,
              16282.0
            ],
            [
              5976.0,
              16275.0
            ],
            [
              5977.0,
              16275.0
            ],
            [
              5980.0,
              16272.0
            ],
            [
              5981.0,
              16272.0
            ],
            [
              5983.0,
              16270.0
            ],
            [
              5984.0,
              16270.0
            ],
            [
              5989.0,
              16266.0
            ],
            [
              5990.0,
              16266.0
            ],
            [
              5995.0,
              16263.0
            ],
            [
              5997.0,
              16263.0
            ],
            [
              5998.0,
              16262.0
            ],
            [
              6002.0,
              16262.0
            ],
            [
              6003.0,
              16261.0
            ],
            [
              6034.0,
              16261.0
            ],
            [
              6035.0,
              16262.0
            ],
            [
              6036.0,
              16262.0
            ],
            [
              6037.0,
              16263.0
            ],
            [
              6042.0,
              16265.0
            ],
            [
              6044.0,
              16267.0
            ],
            [
              6044.0,
              16268.0
            ],
            [
              6046.0,
              16271.0
            ],
            [
              6046.0,
              16278.0
            ],
            [
              6045.0,
              16279.0
            ],
            [
              6044.0,
              16282.0
            ],
            [
              6042.0,
              16284.0
            ],
            [
              6041.0,
              16284.0
            ],
            [
              6038.0,
              16286.0
            ],
            [
              6031.0,
              16286.0
            ],
            [
              6028.0,
              16284.0
            ],
            [
              6009.0,
              16284.0
            ],
            [
              6008.0,
              16285.0
            ],
            [
              6004.0,
              16285.0
            ],
            [
              6003.0,
              16286.0
            ],
            [
              6000.0,
              16287.0
            ],
            [
              5997.0,
              16290.0
            ],
            [
              5996.0,
              16290.0
            ],
            [
              5994.0,
              16292.0
            ],
            [
              5993.0,
              16292.0
            ],
            [
              5988.0,
              16295.0
            ],
            [
              5980.0,
              16295.0
            ],
            [
              5979.0,
              16294.0
            ],
            [
              5976.0,
              16293.0
            ],
            [
              5972.0,
              16286.0
            ]
          ],
          [
            [
              6261.0,
              16123.0
            ],
            [
              6262.0,
              16127.0
            ],
            [
              6263.0,
              16128.0
            ],
            [
              6263.0,
              16130.0
            ],
            [
              6264.0,
              16131.0
            ],
            [
              6264.0,
              16135.0
            ],
            [
              6263.0,
              16136.0
            ],
            [
              6263.0,
              16138.0
            ],
            [
              6262.0,
              16139.0
            ],
            [
              6261.0,
              16143.0
            ],
            [
              6255.0,
              16149.0
            ],
            [
              6251.0,
              16151.0
            ],
            [
              6248.0,
              16151.0
            ],
            [
              6247.0,
              16152.0
            ],
            [
              6243.0,
              16152.0
            ],
            [
              6239.0,
              16154.0
            ],
            [
              6236.0,
              16154.0
            ],
            [
              6232.0,
              16156.0
            ],
            [
              6229.0,
              16159.0
            ],
            [
              6215.0,
              16166.0
            ],
            [
              6206.0,
              16176.0
            ],
            [
              6206.0,
              16177.0
            ],
            [
              6198.0,
              16185.0
            ],
            [
              6194.0,
              16187.0
            ],
            [
              6192.0,
              16187.0
            ],
            [
              6188.0,
              16189.0
            ],
            [
              6183.0,
              16189.0
            ],
            [
              6173.0,
              16184.0
            ],
            [
              6173.0,
              16183.0
            ],
            [
              6171.0,
              16181.0
            ],
            [
              6171.0,
              16179.0
            ],
            [
              6169.0,
              16175.0
            ],
            [
              6169.0,
              16170.0
            ],
            [
              6171.0,
              16166.0
            ],
            [
              6171.0,
              16163.0
            ],
            [
              6173.0,
              16161.0
            ],
            [
              6173.0,
              16160.0
            ],
            [
              6183.0,
              16150.0
            ],
            [
              6183.0,
              16148.0
            ],
            [
              6185.0,
              16146.0
            ],
            [
              6185.0,
              16145.0
            ],
            [
              6192.0,
              16139.0
            ],
            [
              6199.0,
              16136.0
            ],
            [
              6201.0,
              16134.0
            ],
            [
              6206.0,
              16132.0
            ],
            [
              6209.0,
              16129.0
            ],
            [
              6212.0,
              16128.0
            ],
            [
              6214.0,
              16126.0
            ],
            [
              6220.0,
              16123.0
            ],
            [
              6222.0,
              16123.0
            ],
            [
              6229.0,
              16120.0
            ],
            [
              6232.0,
              16120.0
            ],
            [
              6233.0,
              16119.0
            ],
            [
              6238.0,
              16118.0
            ],
            [
              6241.0,
              16116.0
            ],
            [
              6245.0,
              16116.0
            ],
            [
              6246.0,
              16115.0
            ],
            [
              6248.0,
              16116.0
            ],
            [
              6251.0,
              16116.0
            ],
            [
              6257.0,
              16119.0
            ],
            [
              6261.0,
              16123.0
            ]
          ]
        ]
      },
      "properties": {
        "annotation_id": "3569_GP3_53",
        "label": "GP3",
        "probabilities": null,
        "tags": []
      }
    },
    {
      "type": "Feature",
      "geometry": {
        "type": "Polygon",
        "coordinates": [
          [
            [
              6553.0,
              15429.0
            ],
            [
              6532.0,
              15436.0
            ],
            [
              6547.0,
              15431.0
            ],
            [
              6554.0,
              15438.0
            ],
            [
              6553.0,
              15443.0
            ],
            [
              6542.0,
              15445.0
            ],
            [
              6538.0,
              15451.0
            ],
            [
              6557.0,
              15451.0
            ],
            [
              6554.0,
              15463.0
            ],
            [
              6560.0,
              15494.0
            ],
            [
              6557.0,
              15500.0
            ],
            [
              6550.0,
              15500.0
            ],
            [
              6545.0,
              15506.0
            ],
            [
              6542.0,
              15518.0
            ],
            [
              6524.0,
              15549.0
            ],
            [
              6509.0,
              15556.0
            ],
            [
              6501.0,
              15551.0
            ],
            [
              6503.0,
              15543.0
            ],
            [
              6511.0,
              15538.0
            ],
            [
              6519.0,
              15524.0
            ],
            [
              6509.0,
              15518.0
            ],
            [
              6523.0,
              15503.0
            ],
            [
              6525.0,
              15487.0
            ],
            [
              6536.0,
              15478.0
            ],
            [
              6533.0,
              15467.0
            ],
            [
              6527.0,
              15467.0
            ],
            [
              6521.0,
              15473.0
            ],
            [
              6519.0,
              15483.0
            ],
            [
              6484.0,
              15527.0
            ],
            [
              6485.0,
              15542.0
            ],
            [
              6453.0,
              15556.0
            ],
            [
              6445.0,
              15564.0
            ],
            [
              6451.0,
              15577.0
            ],
            [
              6445.0,
              15579.0
            ],
            [
              6444.0,
              15584.0
            ],
            [
              6436.0,
              15587.0
            ],
            [
              6435.0,
              15591.0
            ],
            [
              6454.0,
              15649.0
            ],
            [
              6465.0,
              15660.0
            ],
            [
              6482.0,
              15667.0
            ],
            [
              6485.0,
              15693.0
            ],
            [
              6502.0,
              15718.0
            ],
            [
              6521.0,
              15734.0
            ],
            [
              6542.0,
              15744.0
            ],
            [
              6577.0,
              15745.0
            ],
            [
              6592.0,
              15739.0
            ],
            [
              6607.0,
              15725.0
            ],
            [
              6615.0,
              15704.0
            ],
            [
              6613.0,
              15659.0
            ],
            [
              6589.0,
              15624.0
            ],
            [
              6580.0,
              15604.0
            ],
            [
              6606.0,
              15553.0
            ],
            [
              6608.0,
              15500.0
            ],
            [
              6603.0,
              15474.0
            ],
            [
              6593.0,
              15453.0
            ],
            [
              6577.0,
              15436.0
            ],
            [
              6553.0,
              15429.0
            ]
          ]
        ]
      },
      "properties": {
        "annotation_id": "3569_GP3_57",
        "label": "GP3",
        "probabilities": null,
        "tags": []
      }
    },
    {
      "type": "Feature",
      "geometry": {
        "type": "Polygon",
        "coordinates": [
          [
            [
              6593.0,
              15210.0
            ],
            [
              6581.0,
              15198.0
            ],
            [
              6558.0,
              15191.0
            ],
            [
              6540.0,
              15178.0
            ],
            [
              6511.0,
              15174.0
            ],
            [
              6426.0,
              15181.0
            ],
            [
              6151.0,
              15175.0
            ],
            [
              6113.0,
              15187.0
            ],
            [
              6097.0,
              15211.0
            ],
            [
              6102.0,
              15246.0
            ],
            [
              6148.0,
              15299.0
            ],
            [
              6234.0,
              15364.0
            ],
            [
              6254.0,
              15393.0
            ],
            [
              6251.0,
              15401.0
            ],
            [
              6207.0,
              15431.0
            ],
            [
              6174.0,
              15471.0
            ],
            [
              6167.0,
              15510.0
            ],
            [
              6175.0,
              15538.0
            ],
            [
              6201.0,
              15561.0
            ],
            [
              6260.0,
              15564.0
            ],
            [
              6292.0,
              15546.0
            ],
            [
              6357.0,
              15494.0
            ],
            [
              6377.0,
              15505.0
            ],
            [
              6396.0,
              15505.0
            ],
            [
              6457.0,
              15479.0
            ],
            [
              6480.0,
              15455.0
            ],
            [
              6527.0,
              15382.0
            ],
            [
              6557.0,
              15355.0
            ],
            [
              6557.0,
              15348.0
            ],
            [
              6598.0,
              15291.0
            ],
            [
              6604.0,
              15276.0
            ],
            [
              6604.0,
              15233.0
            ],
            [
              6593.0,
              15210.0
            ]
          ],
          [
            [
              6270.0,
              15448.0
            ],
            [
              6274.0,
              15453.0
            ],
            [
              6274.0,
              15455.0
            ],
            [
              6275.0,
              15456.0
            ],
            [
              6275.0,
              15460.0
            ],
            [
              6274.0,
              15461.0
            ],
            [
              6274.0,
              15465.0
            ],
            [
              6273.0,
              15466.0
            ],
            [
              6273.0,
              15480.0
            ],
            [
              6272.0,
              15481.0
            ],
            [
              6272.0,
              15485.0
            ],
            [
              6271.0,
              15486.0
            ],
            [
              6271.0,
              15488.0
            ],
            [
              6266.0,
              15498.0
            ],
            [
              6260.0,
              15504.0
            ],
            [
              6258.0,
              15505.0
            ],
            [
              6255.0,
              15505.0
            ],
            [
              6254.0,
              15506.0
            ],
            [
              6250.0,
              15506.0
            ],
            [
              6247.0,
              15508.0
            ],
            [
              6244.0,
              15508.0
            ],
            [
              6243.0,
              15509.0
            ],
            [
              6239.0,
              15509.0
            ],
            [
              6231.0,
              15513.0
            ],
            [
              6227.0,
              15513.0
            ],
            [
              6226.0,
              15514.0
            ],
            [
              6220.0,
              15514.0
            ],
            [
              6218.0,
              15513.0
            ],
            [
              6215.0,
              15510.0
            ],
            [
              6212.0,
              15504.0
            ],
            [
              6212.0,
              15501.0
            ],
            [
              6211.0,
              15500.0
            ],
            [
              6211.0,
              15498.0
            ],
            [
              6209.0,
              15494.0
            ],
            [
              6204.0,
              15489.0
            ],
            [
              6203.0,
              15487.0
            ],
            [
              6203.0,
              15482.0
            ],
            [
              6204.0,
              15481.0
            ],
            [
              6204.0,
              15478.0
            ],
            [
              6205.0,
              15477.0
            ],
            [
              6205.0,
              15473.0
            ],
            [
              6207.0,
              15469.0
            ],
            [
              6209.0,
              15467.0
            ],
            [
              6214.0,
              15456.0
            ],
            [
              6217.0,
              15453.0
            ],
            [
              6221.0,
              15451.0
            ],
            [
              6223.0,
              15451.0
            ],
            [
              6226.0,
              15449.0
            ],
            [
              6228.0,
              15449.0
            ],
            [
              6232.0,
              15447.0
            ],
            [
              6236.0,
              15447.0
            ],
            [
              6237.0,
              15446.0
            ],
            [
              6239.0,
              15446.0
            ],
            [
              6240.0,
              15447.0
            ],
            [
              6243.0,
              15447.0
            ],
            [
              6244.0,
              15448.0
            ],
            [
              6247.0,
              15448.0
            ],
            [
              6248.0,
              15449.0
            ],
            [
              6253.0,
              15449.0
            ],
            [
              6254.0,
              15448.0
            ],
            [
              6261.0,
              15448.0
            ],
            [
              6262.0,
              15447.0
            ],
            [
              6268.0,
              15447.0
            ],
            [
              6270.0,
              15448.0
            ]
          ],
          [
            [
              6437.0,
              15376.0
            ],
            [
              6439.0,
              15378.0
            ],
            [
              6439.0,
              15386.0
            ],
            [
              6440.0,
              15387.0
            ],
            [
              6440.0,
              15396.0
            ],
            [
              6439.0,
              15397.0
            ],
            [
              6439.0,
              15398.0
            ],
            [
              6438.0,
              15399.0
            ],
            [
              6438.0,
              15400.0
            ],
            [
              6437.0,
              15401.0
            ],
            [
              6437.0,
              15402.0
            ],
            [
              6429.0,
              15410.0
            ],
            [
              6428.0,
              15410.0
            ],
            [
              6424.0,
              15414.0
            ],
            [
              6423.0,
              15414.0
            ],
            [
              6421.0,
              15416.0
            ],
            [
              6420.0,
              15416.0
            ],
            [
              6419.0,
              15417.0
            ],
            [
              6418.0,
              15417.0
            ],
            [
              6416.0,
              15419.0
            ],
            [
              6415.0,
              15419.0
            ],
            [
              6411.0,
              15423.0
            ],
            [
              6410.0,
              15423.0
            ],
            [
              6408.0,
              15425.0
            ],
            [
              6407.0,
              15425.0
            ],
            [
              6404.0,
              15427.0
            ],
            [
              6403.0,
              15427.0
            ],
            [
              6402.0,
              15426.0
            ],
            [
              6401.0,
              15426.0
            ],
            [
              6399.0,
              15424.0
            ],
            [
              6399.0,
              15416.0
            ],
            [
              6400.0,
              15415.0
            ],
            [
              6400.0,
              15413.0
            ],
            [
              6401.0,
              15412.0
            ],
            [
              6401.0,
              15410.0
            ],
            [
              6402.0,
              15409.0
            ],
            [
              6402.0,
              15408.0
            ],
            [
              6403.0,
              15407.0
            ],
            [
              6403.0,
              15406.0
            ],
            [
              6405.0,
              15404.0
            ],
            [
              6405.0,
              15403.0
            ],
            [
              6407.0,
              15401.0
            ],
            [
              6407.0,
              15400.0
            ],
            [
              6408.0,
              15399.0
            ],
            [
              6408.0,
              15398.0
            ],
            [
              6410.0,
              15396.0
            ],
            [
              6410.0,
              15395.0
            ],
            [
              6416.0,
              15389.0
            ],
            [
              6417.0,
              15389.0
            ],
            [
              6419.0,
              15387.0
            ],
            [
              6420.0,
              15387.0
            ],
            [
              6422.0,
              15385.0
            ],
            [
              6422.0,
              15384.0
            ],
            [
              6424.0,
              15382.0
            ],
            [
              6424.0,
              15381.0
            ],
            [
              6426.0,
              15379.0
            ],
            [
              6427.0,
              15379.0
            ],
            [
              6429.0,
              15377.0
            ],
            [
              6430.0,
              15377.0
            ],
            [
              6433.0,
              15375.0
            ],
            [
              6435.0,
              15375.0
            ],
            [
              6436.0,
              15376.0
            ],
            [
              6437.0,
              15376.0
            ]
          ],
          [
            [
              6364.0,
              15295.0
            ],
            [
              6364.0,
              15302.0
            ],
            [
              6360.0,
              15310.0
            ],
            [
              6353.0,
              15317.0
            ],
            [
              6337.0,
              15325.0
            ],
            [
              6335.0,
              15325.0
            ],
            [
              6334.0,
              15326.0
            ],
            [
              6331.0,
              15326.0
            ],
            [
              6330.0,
              15327.0
            ],
            [
              6327.0,
              15327.0
            ],
            [
              6326.0,
              15328.0
            ],
            [
              6312.0,
              15328.0
            ],
            [
              6311.0,
              15329.0
            ],
            [
              6303.0,
              15329.0
            ],
            [
              6302.0,
              15330.0
            ],
            [
              6299.0,
              15330.0
            ],
            [
              6295.0,
              15332.0
            ],
            [
              6288.0,
              15332.0
            ],
            [
              6287.0,
              15331.0
            ],
            [
              6283.0,
              15331.0
            ],
            [
              6281.0,
              15330.0
            ],
            [
              6277.0,
              15325.0
            ],
            [
              6277.0,
              15321.0
            ],
            [
              6280.0,
              15315.0
            ],
            [
              6283.0,
              15311.0
            ],
            [
              6283.0,
              15309.0
            ],
            [
              6284.0,
              15308.0
            ],
            [
              6284.0,
              15302.0
            ],
            [
              6285.0,
              15301.0
            ],
            [
              6285.0,
              15298.0
            ],
            [
              6288.0,
              15292.0
            ],
            [
              6294.0,
              15285.0
            ],
            [
              6295.0,
              15285.0
            ],
            [
              6297.0,
              15283.0
            ],
            [
              6301.0,
              15281.0
            ],
            [
              6304.0,
              15281.0
            ],
            [
              6305.0,
              15280.0
            ],
            [
              6311.0,
              15280.0
            ],
            [
              6312.0,
              15281.0
            ],
            [
              6314.0,
              15281.0
            ],
            [
              6315.0,
              15280.0
            ],
            [
              6318.0,
              15280.0
            ],
            [
              6321.0,
              15278.0
            ],
            [
              6325.0,
              15278.0
            ],
            [
              6337.0,
              15285.0
            ],
            [
              6342.0,
              15285.0
            ],
            [
              6343.0,
              15286.0
            ],
            [
              6351.0,
              15286.0
            ],
            [
              6352.0,
              15287.0
            ],
            [
              6354.0,
              15287.0
            ],
            [
              6358.0,
              15290.0
            ],
            [
              6361.0,
              15291.0
            ],
            [
              6364.0,
              15295.0
            ]
          ],
          [
            [
              6523.0,
              15246.0
            ],
            [
              6524.0,
              15247.0
            ],
            [
              6525.0,
              15247.0
            ],
            [
              6526.0,
              15248.0
            ],
            [
              6527.0,
              15248.0
            ],
            [
              6528.0,
              15249.0
            ],
            [
              6529.0,
              15249.0
            ],
            [
              6530.0,
              15250.0
            ],
            [
              6533.0,
              15251.0
            ],
            [
              6535.0,
              15253.0
            ],
            [
              6536.0,
              15253.0
            ],
            [
              6537.0,
              15254.0
            ],
            [
              6537.0,
              15255.0
            ],
            [
              6538.0,
              15256.0
            ],
            [
              6538.0,
              15259.0
            ],
            [
              6537.0,
              15260.0
            ],
            [
              6537.0,
              15264.0
            ],
            [
              6536.0,
              15265.0
            ],
            [
              6536.0,
              15267.0
            ],
            [
              6535.0,
              15268.0
            ],
            [
              6535.0,
              15269.0
            ],
            [
              6534.0,
              15270.0
            ],
            [
              6534.0,
              15271.0
            ],
            [
              6532.0,
              15274.0
            ],
            [
              6532.0,
              15276.0
            ],
            [
              6531.0,
              15277.0
            ],
            [
              6531.0,
              15279.0
            ],
            [
              6530.0,
              15280.0
            ],
            [
              6530.0,
              15282.0
            ],
            [
              6528.0,
              15285.0
            ],
            [
              6528.0,
              15297.0
            ],
            [
              6519.0,
              15306.0
            ],
            [
              6518.0,
              15306.0
            ],
            [
              6515.0,
              15308.0
            ],
            [
              6512.0,
              15308.0
            ],
            [
              6511.0,
              15309.0
            ],
            [
              6510.0,
              15309.0
            ],
            [
              6507.0,
              15307.0
            ],
            [
              6507.0,
              15306.0
            ],
            [
              6506.0,
              15305.0
            ],
            [
              6506.0,
              15303.0
            ],
            [
              6507.0,
              15302.0
            ],
            [
              6507.0,
              15301.0
            ],
            [
              6510.0,
              15298.0
            ],
            [
              6510.0,
              15297.0
            ],
            [
              6512.0,
              15295.0
            ],
            [
              6512.0,
              15294.0
            ],
            [
              6514.0,
              15291.0
            ],
            [
              6514.0,
              15289.0
            ],
            [
              6516.0,
              15286.0
            ],
            [
              6516.0,
              15284.0
            ],
            [
              6518.0,
              15281.0
            ],
            [
              6518.0,
              15275.0
            ],
            [
              6517.0,
              15274.0
            ],
            [
              6516.0,
              15271.0
            ],
            [
              6513.0,
              15268.0
            ],
            [
              6513.0,
              15261.0
            ],
            [
              6514.0,
              15260.0
            ],
            [
              6514.0,
              15258.0
            ],
            [
              6515.0,
              15257.0
            ],
            [
              6515.0,
              15256.0
            ],
            [
              6517.0,
              15253.0
            ],
            [
              6517.0,
              15251.0
            ],
            [
              6519.0,
              15249.0
            ],
            [
              6519.0,
              15248.0
            ],
            [
              6520.0,
              15247.0
            ],
            [
              6523.0,
              15246.0
            ]
          ]
        ]
      },
      "properties": {
        "annotation_id": "3569_GP3_58",
        "label": "GP3",
        "probabilities": null,
        "tags": []
      }
    },
    {
      "type": "Feature",
      "geometry": {
        "type": "Polygon",
        "coordinates": [
          [
            [
              6355.0,
              14479.0
            ],
            [
              6342.0,
              14484.0
            ],
            [
              6330.0,
              14495.0
            ],
            [
              6316.0,
              14519.0
            ],
            [
              6302.0,
              14573.0
            ],
            [
              6301.0,
              14617.0
            ],
            [
              6307.0,
              14638.0
            ],
            [
              6314.0,
              14650.0
            ],
            [
              6331.0,
              14671.0
            ],
            [
              6343.0,
              14678.0
            ],
            [
              6359.0,
              14682.0
            ],
            [
              6397.0,
              14682.0
            ],
            [
              6427.0,
              14672.0
            ],
            [
              6449.0,
              14657.0
            ],
            [
              6464.0,
              14641.0
            ],
            [
              6469.0,
              14631.0
            ],
            [
              6479.0,
              14597.0
            ],
            [
              6479.0,
              14562.0
            ],
            [
              6476.0,
              14554.0
            ],
            [
              6476.0,
              14544.0
            ],
            [
              6464.0,
              14517.0
            ],
            [
              6462.0,
              14507.0
            ],
            [
              6458.0,
              14499.0
            ],
            [
              6449.0,
              14490.0
            ],
            [
              6422.0,
              14478.0
            ],
            [
              6403.0,
              14480.0
            ],
            [
              6389.0,
              14478.0
            ],
            [
              6355.0,
              14479.0
            ]
          ],
          [
            [
              6443.0,
              14554.0
            ],
            [
              6446.0,
              14558.0
            ],
            [
              6446.0,
              14561.0
            ],
            [
              6439.0,
              14564.0
            ],
            [
              6431.0,
              14571.0
            ],
            [
              6430.0,
              14586.0
            ],
            [
              6419.0,
              14594.0
            ],
            [
              6418.0,
              14601.0
            ],
            [
              6413.0,
              14606.0
            ],
            [
              6405.0,
              14609.0
            ],
            [
              6401.0,
              14613.0
            ],
            [
              6399.0,
              14618.0
            ],
            [
              6399.0,
              14624.0
            ],
            [
              6402.0,
              14627.0
            ],
            [
              6402.0,
              14629.0
            ],
            [
              6394.0,
              14637.0
            ],
            [
              6389.0,
              14640.0
            ],
            [
              6386.0,
              14640.0
            ],
            [
              6377.0,
              14634.0
            ],
            [
              6373.0,
              14633.0
            ],
            [
              6365.0,
              14625.0
            ],
            [
              6361.0,
              14624.0
            ],
            [
              6358.0,
              14626.0
            ],
            [
              6360.0,
              14633.0
            ],
            [
              6349.0,
              14639.0
            ],
            [
              6346.0,
              14639.0
            ],
            [
              6339.0,
              14634.0
            ],
            [
              6337.0,
              14628.0
            ],
            [
              6329.0,
              14616.0
            ],
            [
              6328.0,
              14598.0
            ],
            [
              6326.0,
              14594.0
            ],
            [
              6320.0,
              14589.0
            ],
            [
              6320.0,
              14587.0
            ],
            [
              6322.0,
              14585.0
            ],
            [
              6323.0,
              14578.0
            ],
            [
              6333.0,
              14574.0
            ],
            [
              6343.0,
              14567.0
            ],
            [
              6343.0,
              14563.0
            ],
            [
              6337.0,
              14558.0
            ],
            [
              6337.0,
              14554.0
            ],
            [
              6342.0,
              14551.0
            ],
            [
              6347.0,
              14550.0
            ],
            [
              6352.0,
              14542.0
            ],
            [
              6357.0,
              14540.0
            ],
            [
              6361.0,
              14542.0
            ],
            [
              6361.0,
              14552.0
            ],
            [
              6363.0,
              14554.0
            ],
            [
              6366.0,
              14554.0
            ],
            [
              6374.0,
              14547.0
            ],
            [
              6392.0,
              14546.0
            ],
            [
              6395.0,
              14541.0
            ],
            [
              6401.0,
              14539.0
            ],
            [
              6408.0,
              14540.0
            ],
            [
              6411.0,
              14543.0
            ],
            [
              6411.0,
              14549.0
            ],
            [
              6417.0,
              14554.0
            ],
            [
              6423.0,
              14553.0
            ],
            [
              6425.0,
              14547.0
            ],
            [
              6429.0,
              14544.0
            ],
            [
              6443.0,
              14554.0
            ]
          ]
        ]
      },
      "properties": {
        "annotation_id": "3569_GP3_63",
        "label": "GP3",
        "probabilities": null,
        "tags": []
      }
    },
    {
      "type": "Feature",
      "geometry": {
        "type": "Polygon",
        "coordinates": [
          [
            [
              5805.0,
              14466.0
            ],
            [
              5817.0,
              14484.0
            ],
            [
              5827.0,
              14488.0
            ],
            [
              5894.0,
              14489.0
            ],
            [
              5901.0,
              14487.0
            ],
            [
              5924.0,
              14466.0
            ],
            [
              5930.0,
              14453.0
            ],
            [
              5945.0,
              14432.0
            ],
            [
              5949.0,
              14420.0
            ],
            [
              5979.0,
              14413.0
            ],
            [
              6011.0,
              14410.0
            ],
            [
              6031.0,
              14402.0
            ],
            [
              6048.0,
              14384.0
            ],
            [
              6050.0,
              14377.0
            ],
            [
              6048.0,
              14354.0
            ],
            [
              6034.0,
              14342.0
            ],
            [
              6014.0,
              14340.0
            ],
            [
              6000.0,
              14343.0
            ],
            [
              5986.0,
              14350.0
            ],
            [
              5959.0,
              14358.0
            ],
            [
              5920.0,
              14358.0
            ],
            [
              5894.0,
              14342.0
            ],
            [
              5882.0,
              14338.0
            ],
            [
              5869.0,
              14328.0
            ],
            [
              5854.0,
              14324.0
            ],
            [
              5840.0,
              14328.0
            ],
            [
              5829.0,
              14339.0
            ],
            [
              5819.0,
              14359.0
            ],
            [
              5820.0,
              14404.0
            ],
            [
              5804.0,
              14441.0
            ],
            [
              5803.0,
              14457.0
            ],
            [
              5805.0,
              14466.0
            ]
          ]
        ]
      },
      "properties": {
        "annotation_id": "3569_GP3_65",
        "label": "GP3",
        "probabilities": null,
        "tags": []
      }
    },
    {
      "type": "Feature",
      "geometry": {
        "type": "Polygon",
        "coordinates": [
          [
            [
              6082.0,
              14317.0
            ],
            [
              6077.0,
              14330.0
            ],
            [
              6077.0,
              14344.0
            ],
            [
              6070.0,
              14357.0
            ],
            [
              6068.0,
              14374.0
            ],
            [
              6071.0,
              14388.0
            ],
            [
              6081.0,
              14399.0
            ],
            [
              6089.0,
              14403.0
            ],
            [
              6095.0,
              14414.0
            ],
            [
              6127.0,
              14425.0
            ],
            [
              6140.0,
              14422.0
            ],
            [
              6144.0,
              14425.0
            ],
            [
              6154.0,
              14427.0
            ],
            [
              6165.0,
              14422.0
            ],
            [
              6175.0,
              14425.0
            ],
            [
              6194.0,
              14412.0
            ],
            [
              6204.0,
              14401.0
            ],
            [
              6215.0,
              14396.0
            ],
            [
              6222.0,
              14395.0
            ],
            [
              6231.0,
              14398.0
            ],
            [
              6237.0,
              14403.0
            ],
            [
              6238.0,
              14407.0
            ],
            [
              6240.0,
              14407.0
            ],
            [
              6245.0,
              14394.0
            ],
            [
              6245.0,
              14363.0
            ],
            [
              6239.0,
              14348.0
            ],
            [
              6229.0,
              14337.0
            ],
            [
              6226.0,
              14330.0
            ],
            [
              6217.0,
              14321.0
            ],
            [
              6199.0,
              14308.0
            ],
            [
              6180.0,
              14299.0
            ],
            [
              6173.0,
              14299.0
            ],
            [
              6187.0,
              14309.0
            ],
            [
              6189.0,
              14321.0
            ],
            [
              6186.0,
              14323.0
            ],
            [
              6170.0,
              14311.0
            ],
            [
              6153.0,
              14307.0
            ],
            [
              6152.0,
              14304.0
            ],
            [
              6158.0,
              14299.0
            ],
            [
              6157.0,
              14297.0
            ],
            [
              6142.0,
              14294.0
            ],
            [
              6132.0,
              14297.0
            ],
            [
              6115.0,
              14297.0
            ],
            [
              6101.0,
              14300.0
            ],
            [
              6095.0,
              14303.0
            ],
            [
              6082.0,
              14317.0
            ]
          ],
          [
            [
              6105.0,
              14369.0
            ],
            [
              6107.0,
              14367.0
            ],
            [
              6107.0,
              14366.0
            ],
            [
              6108.0,
              14365.0
            ],
            [
              6108.0,
              14363.0
            ],
            [
              6113.0,
              14358.0
            ],
            [
              6114.0,
              14358.0
            ],
            [
              6115.0,
              14357.0
            ],
            [
              6123.0,
              14357.0
            ],
            [
              6124.0,
              14356.0
            ],
            [
              6126.0,
              14356.0
            ],
            [
              6127.0,
              14355.0
            ],
            [
              6129.0,
              14355.0
            ],
            [
              6130.0,
              14354.0
            ],
            [
              6131.0,
              14355.0
            ],
            [
              6136.0,
              14357.0
            ],
            [
              6139.0,
              14361.0
            ],
            [
              6139.0,
              14364.0
            ],
            [
              6141.0,
              14366.0
            ],
            [
              6143.0,
              14366.0
            ],
            [
              6144.0,
              14365.0
            ],
            [
              6144.0,
              14362.0
            ],
            [
              6143.0,
              14361.0
            ],
            [
              6143.0,
              14359.0
            ],
            [
              6146.0,
              14357.0
            ],
            [
              6148.0,
              14357.0
            ],
            [
              6149.0,
              14356.0
            ],
            [
              6152.0,
              14355.0
            ],
            [
              6153.0,
              14356.0
            ],
            [
              6156.0,
              14357.0
            ],
            [
              6158.0,
              14359.0
            ],
            [
              6160.0,
              14359.0
            ],
            [
              6161.0,
              14360.0
            ],
            [
              6163.0,
              14360.0
            ],
            [
              6164.0,
              14361.0
            ],
            [
              6166.0,
              14361.0
            ],
            [
              6167.0,
              14362.0
            ],
            [
              6173.0,
              14362.0
            ],
            [
              6174.0,
              14361.0
            ],
            [
              6177.0,
              14362.0
            ],
            [
              6178.0,
              14363.0
            ],
            [
              6178.0,
              14371.0
            ],
            [
              6180.0,
              14374.0
            ],
            [
              6180.0,
              14378.0
            ],
            [
              6177.0,
              14381.0
            ],
            [
              6177.0,
              14382.0
            ],
            [
              6173.0,
              14387.0
            ],
            [
              6173.0,
              14389.0
            ],
            [
              6165.0,
              14397.0
            ],
            [
              6164.0,
              14397.0
            ],
            [
              6163.0,
              14398.0
            ],
            [
              6160.0,
              14396.0
            ],
            [
              6158.0,
              14396.0
            ],
            [
              6157.0,
              14395.0
            ],
            [
              6154.0,
              14395.0
            ],
            [
              6153.0,
              14394.0
            ],
            [
              6152.0,
              14394.0
            ],
            [
              6151.0,
              14395.0
            ],
            [
              6148.0,
              14395.0
            ],
            [
              6147.0,
              14396.0
            ],
            [
              6145.0,
              14396.0
            ],
            [
              6144.0,
              14395.0
            ],
            [
              6141.0,
              14395.0
            ],
            [
              6140.0,
              14394.0
            ],
            [
              6134.0,
              14394.0
            ],
            [
              6133.0,
              14393.0
            ],
            [
              6130.0,
              14393.0
            ],
            [
              6129.0,
              14392.0
            ],
            [
              6128.0,
              14392.0
            ],
            [
              6123.0,
              14387.0
            ],
            [
              6122.0,
              14387.0
            ],
            [
              6120.0,
              14385.0
            ],
            [
              6118.0,
              14385.0
            ],
            [
              6117.0,
              14384.0
            ],
            [
              6116.0,
              14384.0
            ],
            [
              6115.0,
              14383.0
            ],
            [
              6114.0,
              14380.0
            ],
            [
              6105.0,
              14372.0
            ],
            [
              6105.0,
              14369.0
            ]
          ]
        ]
      },
      "properties": {
        "annotation_id": "3569_GP3_66",
        "label": "GP3",
        "probabilities": null,
        "tags": []
      }
    },
    {
      "type": "Feature",
      "geometry": {
        "type": "Polygon",
        "coordinates": [
          [
            [
              6669.0,
              13367.0
            ],
            [
              6632.0,
              13378.0
            ],
            [
              6628.0,
              13387.0
            ],
            [
              6641.0,
              13394.0
            ],
            [
              6641.0,
              13400.0
            ],
            [
              6635.0,
              13406.0
            ],
            [
              6629.0,
              13407.0
            ],
            [
              6593.0,
              13442.0
            ],
            [
              6588.0,
              13441.0
            ],
            [
              6587.0,
              13434.0
            ],
            [
              6574.0,
              13436.0
            ],
            [
              6568.0,
              13457.0
            ],
            [
              6572.0,
              13458.0
            ],
            [
              6583.0,
              13453.0
            ],
            [
              6593.0,
              13462.0
            ],
            [
              6584.0,
              13478.0
            ],
            [
              6583.0,
              13492.0
            ],
            [
              6591.0,
              13508.0
            ],
            [
              6600.0,
              13510.0
            ],
            [
              6602.0,
              13527.0
            ],
            [
              6609.0,
              13536.0
            ],
            [
              6604.0,
              13541.0
            ],
            [
              6608.0,
              13555.0
            ],
            [
              6606.0,
              13575.0
            ],
            [
              6616.0,
              13584.0
            ],
            [
              6620.0,
              13601.0
            ],
            [
              6632.0,
              13618.0
            ],
            [
              6650.0,
              13626.0
            ],
            [
              6666.0,
              13626.0
            ],
            [
              6682.0,
              13632.0
            ],
            [
              6701.0,
              13635.0
            ],
            [
              6731.0,
              13634.0
            ],
            [
              6748.0,
              13624.0
            ],
            [
              6772.0,
              13583.0
            ],
            [
              6792.0,
              13572.0
            ],
            [
              6803.0,
              13544.0
            ],
            [
              6829.0,
              13508.0
            ],
            [
              6832.0,
              13486.0
            ],
            [
              6839.0,
              13472.0
            ],
            [
              6834.0,
              13437.0
            ],
            [
              6829.0,
              13426.0
            ],
            [
              6812.0,
              13419.0
            ],
            [
              6806.0,
              13407.0
            ],
            [
              6796.0,
              13403.0
            ],
            [
              6782.0,
              13390.0
            ],
            [
              6761.0,
              13378.0
            ],
            [
              6716.0,
              13366.0
            ],
            [
              6669.0,
              13367.0
            ]
          ],
          [
            [
              6787.0,
              13436.0
            ],
            [
              6792.0,
              13444.0
            ],
            [
              6794.0,
              13458.0
            ],
            [
              6803.0,
              13460.0
            ],
            [
              6809.0,
              13464.0
            ],
            [
              6811.0,
              13468.0
            ],
            [
              6802.0,
              13475.0
            ],
            [
              6794.0,
              13472.0
            ],
            [
              6792.0,
              13475.0
            ],
            [
              6787.0,
              13507.0
            ],
            [
              6790.0,
              13514.0
            ],
            [
              6789.0,
              13526.0
            ],
            [
              6785.0,
              13532.0
            ],
            [
              6785.0,
              13545.0
            ],
            [
              6782.0,
              13547.0
            ],
            [
              6775.0,
              13543.0
            ],
            [
              6761.0,
              13558.0
            ],
            [
              6753.0,
              13562.0
            ],
            [
              6733.0,
              13579.0
            ],
            [
              6719.0,
              13578.0
            ],
            [
              6714.0,
              13585.0
            ],
            [
              6708.0,
              13587.0
            ],
            [
              6699.0,
              13584.0
            ],
            [
              6679.0,
              13583.0
            ],
            [
              6672.0,
              13575.0
            ],
            [
              6665.0,
              13563.0
            ],
            [
              6669.0,
              13554.0
            ],
            [
              6668.0,
              13544.0
            ],
            [
              6670.0,
              13538.0
            ],
            [
              6679.0,
              13531.0
            ],
            [
              6690.0,
              13517.0
            ],
            [
              6699.0,
              13513.0
            ],
            [
              6713.0,
              13503.0
            ],
            [
              6725.0,
              13498.0
            ],
            [
              6732.0,
              13492.0
            ],
            [
              6756.0,
              13464.0
            ],
            [
              6766.0,
              13464.0
            ],
            [
              6768.0,
              13462.0
            ],
            [
              6768.0,
              13460.0
            ],
            [
              6761.0,
              13454.0
            ],
            [
              6761.0,
              13450.0
            ],
            [
              6772.0,
              13434.0
            ],
            [
              6782.0,
              13433.0
            ],
            [
              6787.0,
              13436.0
            ]
          ]
        ]
      },
      "properties": {
        "annotation_id": "3569_GP3_68",
        "label": "GP4",
        "probabilities": {
          "GP3": 0,
          "GP4": 1,
          "GP5": 0,
          "Benign": 0
        },
        "tags": []
      }
    },
    {
      "type": "Feature",
      "geometry": {
        "type": "Polygon",
        "coordinates": [
          [
            [
              7077.0,
              12827.0
            ],
            [
              7000.0,
              12835.0
            ],
            [
              7021.0,
              12844.0
            ],
            [
              7022.0,
              12863.0
            ],
            [
              6980.0,
              12883.0
            ],
            [
              6990.0,
              12897.0
            ],
            [
              6952.0,
              12893.0
            ],
            [
              6925.0,
              12917.0
            ],
            [
              6934.0,
              12939.0
            ],
            [
              6921.0,
              12950.0
            ],
            [
              6936.0,
              12989.0
            ],
            [
              6973.0,
              13032.0
            ],
            [
              6990.0,
              13033.0
            ],
            [
              6962.0,
              13048.0
            ],
            [
              6991.0,
              13062.0
            ],
            [
              6924.0,
              13065.0
            ],
            [
              6883.0,
              13109.0
            ],
            [
              6880.0,
              13154.0
            ],
            [
              6853.0,
              13102.0
            ],
            [
              6766.0,
              13165.0
            ],
            [
              6765.0,
              13211.0
            ],
            [
              6781.0,
              13209.0
            ],
            [
              6786.0,
              13274.0
            ],
            [
              6805.0,
              13312.0
            ],
            [
              6888.0,
              13404.0
            ],
            [
              6898.0,
              13478.0
            ],
            [
              6929.0,
              13514.0
            ],
            [
              6945.0,
              13496.0
            ],
            [
              6956.0,
              13505.0
            ],
            [
              6919.0,
              13550.0
            ],
            [
              6884.0,
              13515.0
            ],
            [
              6865.0,
              13520.0
            ],
            [
              6873.0,
              13473.0
            ],
            [
              6829.0,
              13415.0
            ],
            [
              6860.0,
              13477.0
            ],
            [
              6795.0,
              13582.0
            ],
            [
              6801.0,
              13623.0
            ],
            [
              6785.0,
              13629.0
            ],
            [
              6787.0,
              13651.0
            ],
            [
              6821.0,
              13667.0
            ],
            [
              6862.0,
              13672.0
            ],
            [
              6876.0,
              13657.0
            ],
            [
              6892.0,
              13673.0
            ],
            [
              6971.0,
              13672.0
            ],
            [
              7081.0,
              13610.0
            ],
            [
              7175.0,
              13583.0
            ],
            [
              7213.0,
              13522.0
            ],
            [
              7238.0,
              13390.0
            ],
            [
              7309.0,
              13373.0
            ],
            [
              7299.0,
              13363.0
            ],
            [
              7263.0,
              13381.0
            ],
            [
              7246.0,
              13363.0
            ],
            [
              7245.0,
              13296.0
            ],
            [
              7285.0,
              13355.0
            ],
            [
              7325.0,
              13359.0
            ],
            [
              7366.0,
              13320.0
            ],
            [
              7327.0,
              13218.0
            ],
            [
              7263.0,
              13211.0
            ],
            [
              7204.0,
              13262.0
            ],
            [
              7185.0,
              13208.0
            ],
            [
              7127.0,
              13178.0
            ],
            [
              7148.0,
              13147.0
            ],
            [
              7143.0,
              13123.0
            ],
            [
              7084.0,
              13141.0
            ],
            [
              7075.0,
              13111.0
            ],
            [
              7035.0,
              13093.0
            ],
            [
              7034.0,
              13075.0
            ],
            [
              7078.0,
              13073.0
            ],
            [
              7088.0,
              13046.0
            ],
            [
              7112.0,
              13046.0
            ],
            [
              7117.0,
              13019.0
            ],
            [
              7166.0,
              13026.0
            ],
            [
              7209.0,
              12988.0
            ],
            [
              7207.0,
              12929.0
            ],
            [
              7181.0,
              12891.0
            ],
            [
              7077.0,
              12827.0
            ]
          ],
          [
            [
              7116.0,
              13246.0
            ],
            [
              7145.0,
              13265.0
            ],
            [
              7149.0,
              13272.0
            ],
            [
              7139.0,
              13281.0
            ],
            [
              7139.0,
              13292.0
            ],
            [
              7132.0,
              13302.0
            ],
            [
              7127.0,
              13329.0
            ],
            [
              7131.0,
              13333.0
            ],
            [
              7149.0,
              13333.0
            ],
            [
              7154.0,
              13344.0
            ],
            [
              7172.0,
              13344.0
            ],
            [
              7178.0,
              13349.0
            ],
            [
              7179.0,
              13357.0
            ],
            [
              7174.0,
              13361.0
            ],
            [
              7179.0,
              13369.0
            ],
            [
              7178.0,
              13374.0
            ],
            [
              7196.0,
              13383.0
            ],
            [
              7191.0,
              13399.0
            ],
            [
              7201.0,
              13407.0
            ],
            [
              7199.0,
              13464.0
            ],
            [
              7192.0,
              13481.0
            ],
            [
              7176.0,
              13494.0
            ],
            [
              7168.0,
              13508.0
            ],
            [
              7164.0,
              13500.0
            ],
            [
              7172.0,
              13491.0
            ],
            [
              7170.0,
              13487.0
            ],
            [
              7165.0,
              13488.0
            ],
            [
              7146.0,
              13509.0
            ],
            [
              7137.0,
              13514.0
            ],
            [
              7115.0,
              13520.0
            ],
            [
              7093.0,
              13521.0
            ],
            [
              7062.0,
              13530.0
            ],
            [
              7042.0,
              13521.0
            ],
            [
              7038.0,
              13511.0
            ],
            [
              7042.0,
              13494.0
            ],
            [
              7068.0,
              13493.0
            ],
            [
              7062.0,
              13487.0
            ],
            [
              7058.0,
              13475.0
            ],
            [
              7067.0,
              13469.0
            ],
            [
              7071.0,
              13474.0
            ],
            [
              7085.0,
              13474.0
            ],
            [
              7092.0,
              13459.0
            ],
            [
              7111.0,
              13443.0
            ],
            [
              7118.0,
              13427.0
            ],
            [
              7114.0,
              13425.0
            ],
            [
              7097.0,
              13443.0
            ],
            [
              7092.0,
              13436.0
            ],
            [
              7097.0,
              13433.0
            ],
            [
              7098.0,
              13424.0
            ],
            [
              7112.0,
              13416.0
            ],
            [
              7106.0,
              13403.0
            ],
            [
              7096.0,
              13398.0
            ],
            [
              7065.0,
              13401.0
            ],
            [
              7056.0,
              13389.0
            ],
            [
              7042.0,
              13394.0
            ],
            [
              7039.0,
              13392.0
            ],
            [
              7038.0,
              13384.0
            ],
            [
              7044.0,
              13379.0
            ],
            [
              7050.0,
              13379.0
            ],
            [
              7053.0,
              13370.0
            ],
            [
              7047.0,
              13363.0
            ],
            [
              7048.0,
              13341.0
            ],
            [
              7036.0,
              13337.0
            ],
            [
              7034.0,
              13331.0
            ],
            [
              7044.0,
              13326.0
            ],
            [
              7053.0,
              13313.0
            ],
            [
              7064.0,
              13309.0
            ],
            [
              7069.0,
              13301.0
            ],
            [
              7066.0,
              13293.0
            ],
            [
              7083.0,
              13277.0
            ],
            [
              7079.0,
              13271.0
            ],
            [
              7088.0,
              13266.0
            ],
            [
              7103.0,
              13265.0
            ],
            [
              7116.0,
              13246.0
            ]
          ],
          [
            [
              6847.0,
              13275.0
            ],
            [
              6863.0,
              13260.0
            ],
            [
              6865.0,
              13255.0
            ],
            [
              6865.0,
              13249.0
            ],
            [
              6868.0,
              13246.0
            ],
            [
              6877.0,
              13240.0
            ],
            [
              6886.0,
              13240.0
            ],
            [
              6887.0,
              13241.0
            ],
            [
              6892.0,
              13241.0
            ],
            [
              6899.0,
              13247.0
            ],
            [
              6905.0,
              13250.0
            ],
            [
              6913.0,
              13256.0
            ],
            [
              6919.0,
              13256.0
            ],
            [
              6920.0,
              13255.0
            ],
            [
              6922.0,
              13255.0
            ],
            [
              6927.0,
              13257.0
            ],
            [
              6932.0,
              13261.0
            ],
            [
              6933.0,
              13265.0
            ],
            [
              6944.0,
              13274.0
            ],
            [
              6945.0,
              13280.0
            ],
            [
              6941.0,
              13286.0
            ],
            [
              6941.0,
              13290.0
            ],
            [
              6944.0,
              13296.0
            ],
            [
              6944.0,
              13302.0
            ],
            [
              6941.0,
              13308.0
            ],
            [
              6935.0,
              13312.0
            ],
            [
              6926.0,
              13312.0
            ],
            [
              6925.0,
              13313.0
            ],
            [
              6919.0,
              13313.0
            ],
            [
              6918.0,
              13314.0
            ],
            [
              6916.0,
              13314.0
            ],
            [
              6906.0,
              13309.0
            ],
            [
              6896.0,
              13309.0
            ],
            [
              6891.0,
              13307.0
            ],
            [
              6870.0,
              13286.0
            ],
            [
              6865.0,
              13283.0
            ],
            [
              6862.0,
              13283.0
            ],
            [
              6861.0,
              13282.0
            ],
            [
              6850.0,
              13280.0
            ],
            [
              6847.0,
              13278.0
            ],
            [
              6847.0,
              13275.0
            ]
          ],
          [
            [
              7172.0,
              12961.0
            ],
            [
              7172.0,
              12965.0
            ],
            [
              7167.0,
              12969.0
            ],
            [
              7165.0,
              12974.0
            ],
            [
              7159.0,
              12974.0
            ],
            [
              7151.0,
              12979.0
            ],
            [
              7146.0,
              12979.0
            ],
            [
              7143.0,
              12982.0
            ],
            [
              7144.0,
              12992.0
            ],
            [
              7141.0,
              12994.0
            ],
            [
              7126.0,
              12986.0
            ],
            [
              7118.0,
              12985.0
            ],
            [
              7115.0,
              12983.0
            ],
            [
              7116.0,
              12974.0
            ],
            [
              7118.0,
              12972.0
            ],
            [
              7117.0,
              12969.0
            ],
            [
              7113.0,
              12969.0
            ],
            [
              7106.0,
              12973.0
            ],
            [
              7099.0,
              12973.0
            ],
            [
              7092.0,
              12976.0
            ],
            [
              7082.0,
              12977.0
            ],
            [
              7075.0,
              12980.0
            ],
            [
              7072.0,
              12985.0
            ],
            [
              7078.0,
              12990.0
            ],
            [
              7078.0,
              12993.0
            ],
            [
              7069.0,
              12998.0
            ],
            [
              7063.0,
              12997.0
            ],
            [
              7048.0,
              12981.0
            ],
            [
              7040.0,
              12975.0
            ],
            [
              7036.0,
              12976.0
            ],
            [
              7035.0,
              12981.0
            ],
            [
              7029.0,
              12987.0
            ],
            [
              7022.0,
              12989.0
            ],
            [
              7001.0,
              13002.0
            ],
            [
              6996.0,
              13001.0
            ],
            [
              6991.0,
              12992.0
            ],
            [
              6992.0,
              12982.0
            ],
            [
              6999.0,
              12976.0
            ],
            [
              7006.0,
              12979.0
            ],
            [
              7011.0,
              12979.0
            ],
            [
              7016.0,
              12977.0
            ],
            [
              7025.0,
              12977.0
            ],
            [
              7031.0,
              12974.0
            ],
            [
              7031.0,
              12962.0
            ],
            [
              7037.0,
              12955.0
            ],
            [
              7046.0,
              12950.0
            ],
            [
              7055.0,
              12953.0
            ],
            [
              7060.0,
              12950.0
            ],
            [
              7069.0,
              12954.0
            ],
            [
              7071.0,
              12951.0
            ],
            [
              7071.0,
              12943.0
            ],
            [
              7073.0,
              12941.0
            ],
            [
              7077.0,
              12940.0
            ],
            [
              7083.0,
              12945.0
            ],
            [
              7091.0,
              12946.0
            ],
            [
              7098.0,
              12937.0
            ],
            [
              7105.0,
              12934.0
            ],
            [
              7113.0,
              12943.0
            ],
            [
              7131.0,
              12950.0
            ],
            [
              7135.0,
              12957.0
            ],
            [
              7145.0,
              12961.0
            ],
            [
              7164.0,
              12961.0
            ],
            [
              7169.0,
              12959.0
            ],
            [
              7172.0,
              12961.0
            ]
          ]
        ]
      },
      "properties": {
        "annotation_id": "3569_GP3_70",
        "label": "GP3",
        "probabilities": {
          "GP3": 0.9,
          "GP4": 0.1,
          "GP5": 0.0,
          "Benign": 0.0
        },
        "tags": []
      }
    },
    {
      "type": "Feature",
      "geometry": {
        "type": "Polygon",
        "coordinates": [
          [
            [
              6898.0,
              12630.0
            ],
            [
              6882.0,
              12651.0
            ],
            [
              6866.0,
              12683.0
            ],
            [
              6864.0,
              12692.0
            ],
            [
              6866.0,
              12713.0
            ],
            [
              6882.0,
              12740.0
            ],
            [
              6908.0,
              12763.0
            ],
            [
              6979.0,
              12805.0
            ],
            [
              7005.0,
              12806.0
            ],
            [
              7025.0,
              12799.0
            ],
            [
              7056.0,
              12766.0
            ],
            [
              7080.0,
              12737.0
            ],
            [
              7085.0,
              12728.0
            ],
            [
              7091.0,
              12710.0
            ],
            [
              7091.0,
              12692.0
            ],
            [
              7098.0,
              12685.0
            ],
            [
              7101.0,
              12676.0
            ],
            [
              7098.0,
              12659.0
            ],
            [
              7076.0,
              12642.0
            ],
            [
              7041.0,
              12625.0
            ],
            [
              7011.0,
              12617.0
            ],
            [
              6936.0,
              12617.0
            ],
            [
              6913.0,
              12622.0
            ],
            [
              6898.0,
              12630.0
            ]
          ]
        ]
      },
      "properties": {
        "annotation_id": "3569_GP3_74",
        "label": "GP4",
        "probabilities": {
          "GP3": 0,
          "GP4": 1,
          "GP5": 0,
          "Benign": 0
        },
        "tags": []
      }
    },
    {
      "type": "Feature",
      "geometry": {
        "type": "Polygon",
        "coordinates": [
          [
            [
              7431.0,
              11965.0
            ],
            [
              7418.0,
              11970.0
            ],
            [
              7397.0,
              11991.0
            ],
            [
              7394.0,
              11997.0
            ],
            [
              7394.0,
              12000.0
            ],
            [
              7386.0,
              12015.0
            ],
            [
              7385.0,
              12025.0
            ],
            [
              7381.0,
              12032.0
            ],
            [
              7381.0,
              12038.0
            ],
            [
              7380.0,
              12039.0
            ],
            [
              7381.0,
              12050.0
            ],
            [
              7386.0,
              12061.0
            ],
            [
              7397.0,
              12072.0
            ],
            [
              7403.0,
              12075.0
            ],
            [
              7412.0,
              12077.0
            ],
            [
              7418.0,
              12082.0
            ],
            [
              7431.0,
              12087.0
            ],
            [
              7454.0,
              12087.0
            ],
            [
              7469.0,
              12081.0
            ],
            [
              7480.0,
              12070.0
            ],
            [
              7484.0,
              12062.0
            ],
            [
              7486.0,
              12055.0
            ],
            [
              7486.0,
              12015.0
            ],
            [
              7478.0,
              11988.0
            ],
            [
              7474.0,
              11980.0
            ],
            [
              7465.0,
              11971.0
            ],
            [
              7450.0,
              11965.0
            ],
            [
              7444.0,
              11965.0
            ],
            [
              7443.0,
              11964.0
            ],
            [
              7431.0,
              11965.0
            ]
          ]
        ]
      },
      "properties": {
        "annotation_id": "3569_GP3_75",
        "label": "GP4",
        "probabilities": {
          "GP3": 0,
          "GP4": 1,
          "GP5": 0,
          "Benign": 0
        },
        "tags": []
      }
    },
    {
      "type": "Feature",
      "geometry": {
        "type": "Polygon",
        "coordinates": [
          [
            [
              7123.0,
              11942.0
            ],
            [
              7079.0,
              11930.0
            ],
            [
              7024.0,
              11931.0
            ],
            [
              7004.0,
              11921.0
            ],
            [
              6982.0,
              11923.0
            ],
            [
              6962.0,
              11943.0
            ],
            [
              6959.0,
              11972.0
            ],
            [
              6897.0,
              12007.0
            ],
            [
              6858.0,
              12017.0
            ],
            [
              6669.0,
              12102.0
            ],
            [
              6604.0,
              12170.0
            ],
            [
              6588.0,
              12232.0
            ],
            [
              6587.0,
              12277.0
            ],
            [
              6605.0,
              12342.0
            ],
            [
              6655.0,
              12427.0
            ],
            [
              6705.0,
              12463.0
            ],
            [
              6712.0,
              12488.0
            ],
            [
              6750.0,
              12529.0
            ],
            [
              6792.0,
              12555.0
            ],
            [
              6829.0,
              12570.0
            ],
            [
              6901.0,
              12570.0
            ],
            [
              6980.0,
              12542.0
            ],
            [
              7014.0,
              12523.0
            ],
            [
              7042.0,
              12494.0
            ],
            [
              7064.0,
              12490.0
            ],
            [
              7078.0,
              12455.0
            ],
            [
              7159.0,
              12391.0
            ],
            [
              7195.0,
              12349.0
            ],
            [
              7207.0,
              12306.0
            ],
            [
              7207.0,
              12249.0
            ],
            [
              7201.0,
              12234.0
            ],
            [
              7170.0,
              12218.0
            ],
            [
              7132.0,
              12228.0
            ],
            [
              7132.0,
              12185.0
            ],
            [
              7173.0,
              12046.0
            ],
            [
              7173.0,
              11999.0
            ],
            [
              7155.0,
              11965.0
            ],
            [
              7123.0,
              11942.0
            ]
          ],
          [
            [
              7053.0,
              12305.0
            ],
            [
              7066.0,
              12326.0
            ],
            [
              7067.0,
              12338.0
            ],
            [
              7058.0,
              12350.0
            ],
            [
              7039.0,
              12362.0
            ],
            [
              7035.0,
              12360.0
            ],
            [
              7038.0,
              12350.0
            ],
            [
              7030.0,
              12352.0
            ],
            [
              7030.0,
              12365.0
            ],
            [
              7039.0,
              12366.0
            ],
            [
              7034.0,
              12373.0
            ],
            [
              7036.0,
              12394.0
            ],
            [
              7016.0,
              12407.0
            ],
            [
              7010.0,
              12421.0
            ],
            [
              7000.0,
              12425.0
            ],
            [
              6994.0,
              12433.0
            ],
            [
              6981.0,
              12427.0
            ],
            [
              6978.0,
              12449.0
            ],
            [
              6972.0,
              12448.0
            ],
            [
              6966.0,
              12427.0
            ],
            [
              6967.0,
              12406.0
            ],
            [
              6960.0,
              12413.0
            ],
            [
              6967.0,
              12440.0
            ],
            [
              6950.0,
              12434.0
            ],
            [
              6950.0,
              12426.0
            ],
            [
              6939.0,
              12443.0
            ],
            [
              6948.0,
              12447.0
            ],
            [
              6947.0,
              12452.0
            ],
            [
              6939.0,
              12454.0
            ],
            [
              6923.0,
              12449.0
            ],
            [
              6917.0,
              12455.0
            ],
            [
              6929.0,
              12455.0
            ],
            [
              6932.0,
              12459.0
            ],
            [
              6917.0,
              12467.0
            ],
            [
              6919.0,
              12475.0
            ],
            [
              6906.0,
              12475.0
            ],
            [
              6907.0,
              12483.0
            ],
            [
              6916.0,
              12481.0
            ],
            [
              6927.0,
              12488.0
            ],
            [
              6921.0,
              12499.0
            ],
            [
              6923.0,
              12514.0
            ],
            [
              6909.0,
              12518.0
            ],
            [
              6915.0,
              12523.0
            ],
            [
              6915.0,
              12529.0
            ],
            [
              6900.0,
              12537.0
            ],
            [
              6879.0,
              12539.0
            ],
            [
              6830.0,
              12531.0
            ],
            [
              6833.0,
              12517.0
            ],
            [
              6823.0,
              12505.0
            ],
            [
              6824.0,
              12489.0
            ],
            [
              6865.0,
              12467.0
            ],
            [
              6877.0,
              12465.0
            ],
            [
              6889.0,
              12450.0
            ],
            [
              6884.0,
              12437.0
            ],
            [
              6885.0,
              12423.0
            ],
            [
              6867.0,
              12424.0
            ],
            [
              6855.0,
              12419.0
            ],
            [
              6859.0,
              12399.0
            ],
            [
              6851.0,
              12392.0
            ],
            [
              6853.0,
              12375.0
            ],
            [
              6863.0,
              12365.0
            ],
            [
              6914.0,
              12360.0
            ],
            [
              6930.0,
              12348.0
            ],
            [
              6928.0,
              12335.0
            ],
            [
              6918.0,
              12320.0
            ],
            [
              6918.0,
              12314.0
            ],
            [
              6925.0,
              12307.0
            ],
            [
              6920.0,
              12303.0
            ],
            [
              6921.0,
              12298.0
            ],
            [
              6929.0,
              12294.0
            ],
            [
              6950.0,
              12295.0
            ],
            [
              6956.0,
              12308.0
            ],
            [
              6948.0,
              12325.0
            ],
            [
              6981.0,
              12310.0
            ],
            [
              6955.0,
              12285.0
            ],
            [
              6966.0,
              12277.0
            ],
            [
              6993.0,
              12285.0
            ],
            [
              7015.0,
              12299.0
            ],
            [
              7043.0,
              12299.0
            ],
            [
              7053.0,
              12305.0
            ]
          ],
          [
            [
              6735.0,
              12114.0
            ],
            [
              6746.0,
              12119.0
            ],
            [
              6750.0,
              12129.0
            ],
            [
              6764.0,
              12138.0
            ],
            [
              6771.0,
              12182.0
            ],
            [
              6777.0,
              12189.0
            ],
            [
              6779.0,
              12210.0
            ],
            [
              6776.0,
              12219.0
            ],
            [
              6777.0,
              12229.0
            ],
            [
              6798.0,
              12237.0
            ],
            [
              6798.0,
              12242.0
            ],
            [
              6788.0,
              12250.0
            ],
            [
              6787.0,
              12256.0
            ],
            [
              6803.0,
              12278.0
            ],
            [
              6829.0,
              12291.0
            ],
            [
              6831.0,
              12296.0
            ],
            [
              6822.0,
              12299.0
            ],
            [
              6816.0,
              12306.0
            ],
            [
              6822.0,
              12327.0
            ],
            [
              6822.0,
              12341.0
            ],
            [
              6820.0,
              12346.0
            ],
            [
              6812.0,
              12351.0
            ],
            [
              6809.0,
              12359.0
            ],
            [
              6802.0,
              12363.0
            ],
            [
              6795.0,
              12360.0
            ],
            [
              6795.0,
              12351.0
            ],
            [
              6807.0,
              12346.0
            ],
            [
              6807.0,
              12343.0
            ],
            [
              6795.0,
              12334.0
            ],
            [
              6780.0,
              12374.0
            ],
            [
              6764.0,
              12376.0
            ],
            [
              6747.0,
              12385.0
            ],
            [
              6729.0,
              12375.0
            ],
            [
              6712.0,
              12374.0
            ],
            [
              6703.0,
              12380.0
            ],
            [
              6705.0,
              12388.0
            ],
            [
              6690.0,
              12391.0
            ],
            [
              6683.0,
              12384.0
            ],
            [
              6683.0,
              12379.0
            ],
            [
              6696.0,
              12368.0
            ],
            [
              6704.0,
              12356.0
            ],
            [
              6708.0,
              12344.0
            ],
            [
              6707.0,
              12334.0
            ],
            [
              6698.0,
              12323.0
            ],
            [
              6686.0,
              12316.0
            ],
            [
              6669.0,
              12318.0
            ],
            [
              6660.0,
              12312.0
            ],
            [
              6667.0,
              12302.0
            ],
            [
              6677.0,
              12296.0
            ],
            [
              6677.0,
              12290.0
            ],
            [
              6669.0,
              12282.0
            ],
            [
              6657.0,
              12278.0
            ],
            [
              6641.0,
              12258.0
            ],
            [
              6647.0,
              12237.0
            ],
            [
              6644.0,
              12223.0
            ],
            [
              6654.0,
              12214.0
            ],
            [
              6657.0,
              12204.0
            ],
            [
              6673.0,
              12190.0
            ],
            [
              6698.0,
              12143.0
            ],
            [
              6710.0,
              12134.0
            ],
            [
              6717.0,
              12121.0
            ],
            [
              6735.0,
              12114.0
            ]
          ],
          [
            [
              6975.0,
              12069.0
            ],
            [
              6981.0,
              12072.0
            ],
            [
              6994.0,
              12087.0
            ],
            [
              7019.0,
              12102.0
            ],
            [
              7021.0,
              12112.0
            ],
            [
              7032.0,
              12126.0
            ],
            [
              7047.0,
              12139.0
            ],
            [
              7062.0,
              12159.0
            ],
            [
              7064.0,
              12167.0
            ],
            [
              7062.0,
              12179.0
            ],
            [
              7058.0,
              12185.0
            ],
            [
              7052.0,
              12184.0
            ],
            [
              7042.0,
              12188.0
            ],
            [
              7026.0,
              12185.0
            ],
            [
              7017.0,
              12186.0
            ],
            [
              7008.0,
              12181.0
            ],
            [
              7004.0,
              12182.0
            ],
            [
              7001.0,
              12187.0
            ],
            [
              7000.0,
              12199.0
            ],
            [
              7007.0,
              12209.0
            ],
            [
              7006.0,
              12212.0
            ],
            [
              6996.0,
              12212.0
            ],
            [
              6982.0,
              12204.0
            ],
            [
              6970.0,
              12213.0
            ],
            [
              6961.0,
              12227.0
            ],
            [
              6951.0,
              12232.0
            ],
            [
              6944.0,
              12228.0
            ],
            [
              6935.0,
              12228.0
            ],
            [
              6934.0,
              12230.0
            ],
            [
              6938.0,
              12234.0
            ],
            [
              6936.0,
              12238.0
            ],
            [
              6938.0,
              12246.0
            ],
            [
              6931.0,
              12248.0
            ],
            [
              6909.0,
              12238.0
            ],
            [
              6899.0,
              12226.0
            ],
            [
              6894.0,
              12229.0
            ],
            [
              6890.0,
              12227.0
            ],
            [
              6890.0,
              12212.0
            ],
            [
              6883.0,
              12204.0
            ],
            [
              6875.0,
              12200.0
            ],
            [
              6873.0,
              12197.0
            ],
            [
              6873.0,
              12186.0
            ],
            [
              6869.0,
              12182.0
            ],
            [
              6864.0,
              12180.0
            ],
            [
              6855.0,
              12186.0
            ],
            [
              6851.0,
              12184.0
            ],
            [
              6851.0,
              12178.0
            ],
            [
              6857.0,
              12173.0
            ],
            [
              6860.0,
              12165.0
            ],
            [
              6861.0,
              12153.0
            ],
            [
              6856.0,
              12146.0
            ],
            [
              6842.0,
              12140.0
            ],
            [
              6842.0,
              12132.0
            ],
            [
              6846.0,
              12129.0
            ],
            [
              6847.0,
              12105.0
            ],
            [
              6860.0,
              12091.0
            ],
            [
              6867.0,
              12088.0
            ],
            [
              6883.0,
              12090.0
            ],
            [
              6900.0,
              12099.0
            ],
            [
              6918.0,
              12100.0
            ],
            [
              6929.0,
              12091.0
            ],
            [
              6956.0,
              12081.0
            ],
            [
              6965.0,
              12071.0
            ],
            [
              6975.0,
              12069.0
            ]
          ],
          [
            [
              7038.0,
              11984.0
            ],
            [
              7042.0,
              11980.0
            ],
            [
              7046.0,
              11978.0
            ],
            [
              7049.0,
              11978.0
            ],
            [
              7050.0,
              11977.0
            ],
            [
              7053.0,
              11977.0
            ],
            [
              7058.0,
              11975.0
            ],
            [
              7066.0,
              11975.0
            ],
            [
              7073.0,
              11978.0
            ],
            [
              7081.0,
              11986.0
            ],
            [
              7087.0,
              11990.0
            ],
            [
              7092.0,
              11992.0
            ],
            [
              7100.0,
              11998.0
            ],
            [
              7103.0,
              12006.0
            ],
            [
              7111.0,
              12006.0
            ],
            [
              7113.0,
              12007.0
            ],
            [
              7123.0,
              12017.0
            ],
            [
              7125.0,
              12018.0
            ],
            [
              7131.0,
              12028.0
            ],
            [
              7133.0,
              12036.0
            ],
            [
              7135.0,
              12039.0
            ],
            [
              7135.0,
              12044.0
            ],
            [
              7134.0,
              12046.0
            ],
            [
              7126.0,
              12054.0
            ],
            [
              7122.0,
              12056.0
            ],
            [
              7117.0,
              12057.0
            ],
            [
              7115.0,
              12059.0
            ],
            [
              7103.0,
              12064.0
            ],
            [
              7099.0,
              12063.0
            ],
            [
              7095.0,
              12060.0
            ],
            [
              7088.0,
              12057.0
            ],
            [
              7087.0,
              12056.0
            ],
            [
              7087.0,
              12047.0
            ],
            [
              7082.0,
              12043.0
            ],
            [
              7077.0,
              12041.0
            ],
            [
              7073.0,
              12037.0
            ],
            [
              7071.0,
              12033.0
            ],
            [
              7071.0,
              12028.0
            ],
            [
              7073.0,
              12024.0
            ],
            [
              7073.0,
              12020.0
            ],
            [
              7072.0,
              12018.0
            ],
            [
              7063.0,
              12010.0
            ],
            [
              7056.0,
              12006.0
            ],
            [
              7050.0,
              12000.0
            ],
            [
              7049.0,
              12000.0
            ],
            [
              7039.0,
              11990.0
            ],
            [
              7038.0,
              11988.0
            ],
            [
              7038.0,
              11984.0
            ]
          ]
        ]
      },
      "properties": {
        "annotation_id": "3569_GP3_76",
        "label": "GP3",
        "probabilities": null,
        "tags": []
      }
    },
    {
      "type": "Feature",
      "geometry": {
        "type": "Polygon",
        "coordinates": [
          [
            [
              6143.0,
              11130.0
            ],
            [
              6121.0,
              11123.0
            ],
            [
              6073.0,
              11125.0
            ],
            [
              6056.0,
              11137.0
            ],
            [
              6039.0,
              11134.0
            ],
            [
              5967.0,
              11167.0
            ],
            [
              5951.0,
              11172.0
            ],
            [
              5921.0,
              11172.0
            ],
            [
              5891.0,
              11188.0
            ],
            [
              5891.0,
              11195.0
            ],
            [
              5897.0,
              11202.0
            ],
            [
              5928.0,
              11196.0
            ],
            [
              5960.0,
              11203.0
            ],
            [
              5989.0,
              11193.0
            ],
            [
              6009.0,
              11195.0
            ],
            [
              6030.0,
              11182.0
            ],
            [
              6049.0,
              11185.0
            ],
            [
              6077.0,
              11178.0
            ],
            [
              6086.0,
              11183.0
            ],
            [
              6083.0,
              11202.0
            ],
            [
              6069.0,
              11218.0
            ],
            [
              6049.0,
              11227.0
            ],
            [
              6044.0,
              11238.0
            ],
            [
              6034.0,
              11240.0
            ],
            [
              6029.0,
              11248.0
            ],
            [
              6015.0,
              11255.0
            ],
            [
              6007.0,
              11267.0
            ],
            [
              6003.0,
              11268.0
            ],
            [
              5996.0,
              11263.0
            ],
            [
              5994.0,
              11265.0
            ],
            [
              6000.0,
              11271.0
            ],
            [
              6000.0,
              11280.0
            ],
            [
              5995.0,
              11291.0
            ],
            [
              5979.0,
              11305.0
            ],
            [
              5967.0,
              11322.0
            ],
            [
              5965.0,
              11330.0
            ],
            [
              5970.0,
              11337.0
            ],
            [
              5982.0,
              11332.0
            ],
            [
              5993.0,
              11336.0
            ],
            [
              5998.0,
              11333.0
            ],
            [
              6001.0,
              11326.0
            ],
            [
              5991.0,
              11324.0
            ],
            [
              5990.0,
              11319.0
            ],
            [
              6002.0,
              11300.0
            ],
            [
              6015.0,
              11297.0
            ],
            [
              6054.0,
              11261.0
            ],
            [
              6098.0,
              11236.0
            ],
            [
              6104.0,
              11220.0
            ],
            [
              6112.0,
              11210.0
            ],
            [
              6112.0,
              11203.0
            ],
            [
              6131.0,
              11175.0
            ],
            [
              6133.0,
              11163.0
            ],
            [
              6150.0,
              11156.0
            ],
            [
              6155.0,
              11157.0
            ],
            [
              6159.0,
              11152.0
            ],
            [
              6155.0,
              11142.0
            ],
            [
              6143.0,
              11130.0
            ]
          ]
        ]
      },
      "properties": {
        "annotation_id": "3569_GP3_86",
        "label": "GP3",
        "probabilities": null,
        "tags": []
      }
    },
    {
      "type": "Feature",
      "geometry": {
        "type": "Polygon",
        "coordinates": [
          [
            [
              6229.0,
              9381.0
            ],
            [
              6211.0,
              9376.0
            ],
            [
              6194.0,
              9375.0
            ],
            [
              6180.0,
              9377.0
            ],
            [
              6168.0,
              9382.0
            ],
            [
              6156.0,
              9391.0
            ],
            [
              6136.0,
              9412.0
            ],
            [
              6133.0,
              9421.0
            ],
            [
              6130.0,
              9424.0
            ],
            [
              6121.0,
              9442.0
            ],
            [
              6118.0,
              9456.0
            ],
            [
              6119.0,
              9476.0
            ],
            [
              6115.0,
              9491.0
            ],
            [
              6116.0,
              9508.0
            ],
            [
              6129.0,
              9541.0
            ],
            [
              6140.0,
              9552.0
            ],
            [
              6153.0,
              9557.0
            ],
            [
              6173.0,
              9556.0
            ],
            [
              6184.0,
              9551.0
            ],
            [
              6194.0,
              9542.0
            ],
            [
              6209.0,
              9536.0
            ],
            [
              6247.0,
              9499.0
            ],
            [
              6251.0,
              9491.0
            ],
            [
              6256.0,
              9465.0
            ],
            [
              6256.0,
              9440.0
            ],
            [
              6251.0,
              9428.0
            ],
            [
              6252.0,
              9409.0
            ],
            [
              6246.0,
              9394.0
            ],
            [
              6237.0,
              9385.0
            ],
            [
              6229.0,
              9381.0
            ]
          ],
          [
            [
              6200.0,
              9421.0
            ],
            [
              6204.0,
              9423.0
            ],
            [
              6212.0,
              9431.0
            ],
            [
              6212.0,
              9432.0
            ],
            [
              6214.0,
              9434.0
            ],
            [
              6214.0,
              9438.0
            ],
            [
              6215.0,
              9439.0
            ],
            [
              6215.0,
              9441.0
            ],
            [
              6217.0,
              9443.0
            ],
            [
              6217.0,
              9451.0
            ],
            [
              6215.0,
              9453.0
            ],
            [
              6214.0,
              9458.0
            ],
            [
              6211.0,
              9461.0
            ],
            [
              6211.0,
              9463.0
            ],
            [
              6208.0,
              9466.0
            ],
            [
              6208.0,
              9467.0
            ],
            [
              6205.0,
              9470.0
            ],
            [
              6205.0,
              9472.0
            ],
            [
              6199.0,
              9479.0
            ],
            [
              6199.0,
              9481.0
            ],
            [
              6197.0,
              9483.0
            ],
            [
              6197.0,
              9485.0
            ],
            [
              6196.0,
              9486.0
            ],
            [
              6196.0,
              9490.0
            ],
            [
              6194.0,
              9492.0
            ],
            [
              6193.0,
              9496.0
            ],
            [
              6187.0,
              9502.0
            ],
            [
              6184.0,
              9503.0
            ],
            [
              6175.0,
              9509.0
            ],
            [
              6170.0,
              9509.0
            ],
            [
              6166.0,
              9506.0
            ],
            [
              6166.0,
              9503.0
            ],
            [
              6165.0,
              9502.0
            ],
            [
              6165.0,
              9497.0
            ],
            [
              6166.0,
              9496.0
            ],
            [
              6166.0,
              9488.0
            ],
            [
              6168.0,
              9486.0
            ],
            [
              6168.0,
              9479.0
            ],
            [
              6169.0,
              9478.0
            ],
            [
              6169.0,
              9473.0
            ],
            [
              6171.0,
              9471.0
            ],
            [
              6171.0,
              9463.0
            ],
            [
              6172.0,
              9462.0
            ],
            [
              6172.0,
              9458.0
            ],
            [
              6181.0,
              9449.0
            ],
            [
              6185.0,
              9447.0
            ],
            [
              6187.0,
              9447.0
            ],
            [
              6192.0,
              9442.0
            ],
            [
              6192.0,
              9438.0
            ],
            [
              6188.0,
              9434.0
            ],
            [
              6184.0,
              9432.0
            ],
            [
              6183.0,
              9430.0
            ],
            [
              6183.0,
              9427.0
            ],
            [
              6188.0,
              9423.0
            ],
            [
              6192.0,
              9423.0
            ],
            [
              6195.0,
              9421.0
            ],
            [
              6200.0,
              9421.0
            ]
          ]
        ]
      },
      "properties": {
        "annotation_id": "3569_GP3_98",
        "label": "GP3",
        "probabilities": null,
        "tags": []
      }
    },
    {
      "type": "Feature",
      "geometry": {
        "type": "Polygon",
        "coordinates": [
          [
            [
              5773.043768638031,
              8212.852503908836
            ],
            [
              5770.658031098491,
              8211.659635139065
            ],
            [
              5773.441391561288,
              8208.478651753012
            ],
            [
              5816.782290196264,
              8165.93299896455
            ],
            [
              5828.313354970707,
              8145.256606955203
            ],
            [
              5833.084830049786,
              8109.072920938847
            ],
            [
              5826.7228632776805,
              8045.850876141038
            ],
            [
              5812.40843804044,
              8027.560221671231
            ],
            [
              5782.189095872935,
              8013.245796433992
            ],
            [
              5754.753114168225,
              8010.462435971195
            ],
            [
              5714.195575996045,
              8017.222025666559
            ],
            [
              5684.7714796750515,
              8031.934073827055
            ],
            [
              5643.816318579616,
              8069.310628613181
            ],
            [
              5598.884928251613,
              8165.137753118037
            ],
            [
              5608.427878409773,
              8204.900045443703
            ],
            [
              5629.899516265633,
              8235.914633457722
            ],
            [
              5623.537549493526,
              8298.739055332275
            ],
            [
              5625.923287033066,
              8330.548889192807
            ],
            [
              5634.670991344712,
              8343.27282273702
            ],
            [
              5658.528366740113,
              8362.756345976597
            ],
            [
              5693.916806909955,
              8414.049703076707
            ],
            [
              5717.774182305355,
              8416.833063539503
            ],
            [
              5740.041066007728,
              8409.278227997627
            ],
            [
              5759.922212170561,
              8394.566179837131
            ],
            [
              5786.562948028757,
              8356.792002127748
            ],
            [
              5804.058356652051,
              8322.994053650931
            ],
            [
              5815.98704434975,
              8286.015121788061
            ],
            [
              5816.384667273007,
              8259.772008853122
            ],
            [
              5804.058356652051,
              8233.131272994926
            ],
            [
              5792.527291877607,
              8229.15504376236
            ],
            [
              5764.693687249641,
              8230.745535455386
            ],
            [
              5785.767702182244,
              8219.612093604199
            ],
            [
              5773.043768638031,
              8212.852503908836
            ]
          ]
        ]
      },
      "properties": {
        "annotation_id": "4208479b-2ba6-45e9-b30a-5b8afb445ec6",
        "label": "GP3",
        "probabilities": null,
        "tags": []
      }
    },
    {
      "type": "Feature",
      "geometry": {
        "type": "Polygon",
        "coordinates": [
          [
            [
              5956.337579942158,
              9177.346922765082
            ],
            [
              5954.568247597334,
              9178.82136638577
            ],
            [
              5963.120020597317,
              9179.70603255818
            ],
            [
              5983.762231286929,
              9171.449148282336
            ],
            [
              6001.160666011031,
              9156.409823351332
            ],
            [
              6020.328433079957,
              9148.152939075488
            ],
            [
              6035.36775801096,
              9137.831833730683
            ],
            [
              6046.278640804041,
              9133.998280316897
            ],
            [
              6057.484412321259,
              9126.331173489327
            ],
            [
              6063.382186804005,
              9117.779400489344
            ],
            [
              6069.279961286751,
              9083.572308489416
            ],
            [
              6076.357290666047,
              9079.443866351494
            ],
            [
              6088.447728355677,
              9077.969422730806
            ],
            [
              6096.114835183247,
              9071.776759523922
            ],
            [
              6098.179056252209,
              9066.173873765314
            ],
            [
              6102.012609665994,
              9047.890772868801
            ],
            [
              6102.012609665994,
              9034.325891558483
            ],
            [
              6096.99950135566,
              9021.64567642058
            ],
            [
              6088.742617079814,
              9010.734793627498
            ],
            [
              6074.587958321224,
              9004.247241696477
            ],
            [
              6055.420191252298,
              9003.362575524065
            ],
            [
              6030.059760976488,
              9008.3756838344
            ],
            [
              6016.494879666172,
              9017.812123006794
            ],
            [
              6006.76355176964,
              9032.851447937797
            ],
            [
              5995.8526689765595,
              9062.635209075666
            ],
            [
              5995.8526689765595,
              9072.661425696335
            ],
            [
              6003.224887079992,
              9089.175194248024
            ],
            [
              6003.814664528267,
              9095.662746179045
            ],
            [
              5979.044011700732,
              9118.958955385893
            ],
            [
              5951.619360355961,
              9127.215839661738
            ],
            [
              5946.606252045627,
              9131.344281799662
            ],
            [
              5940.708477562881,
              9143.43471948929
            ],
            [
              5939.528922666332,
              9156.409823351332
            ],
            [
              5941.593143735293,
              9163.192264006491
            ],
            [
              5948.375584390451,
              9168.795149765101
            ],
            [
              5956.337579942158,
              9177.346922765082
            ]
          ]
        ]
      },
      "properties": {
        "annotation_id": "420ee0ce-7973-4464-9c46-d680eec27962",
        "label": "GP4",
        "probabilities": null,
        "tags": []
      }
    },
    {
      "type": "Feature",
      "geometry": {
        "type": "Polygon",
        "coordinates": [
          [
            [
              5724.096338114761,
              10048.932871186511
            ],
            [
              5721.028393320714,
              10047.910222921828
            ],
            [
              5718.471772659007,
              10049.955519451194
            ],
            [
              5721.028393320714,
              10052.5121401129
            ],
            [
              5729.209579438174,
              10057.11405730397
            ],
            [
              5739.94738621734,
              10059.670677965678
            ],
            [
              5753.241813658213,
              10059.670677965678
            ],
            [
              5757.332406716943,
              10058.648029700995
            ],
            [
              5764.49094456972,
              10053.534788377583
            ],
            [
              5777.2740478782525,
              10040.24036093671
            ],
            [
              5781.364640936982,
              10034.104471348615
            ],
            [
              5786.477882260395,
              10021.321368040082
            ],
            [
              5793.125095980831,
              10011.606209525598
            ],
            [
              5794.147744245513,
              10007.51561646687
            ],
            [
              5793.125095980831,
              9999.84575448175
            ],
            [
              5789.034502922101,
              9992.687216628972
            ],
            [
              5785.966558128053,
              9989.619271834925
            ],
            [
              5782.387289201664,
              9983.48338224683
            ],
            [
              5777.2740478782525,
              9978.370140923416
            ],
            [
              5765.513592834403,
              9971.211603070638
            ],
            [
              5758.3550549816255,
              9970.700278938299
            ],
            [
              5750.173868864165,
              9971.72292720298
            ],
            [
              5736.368117290951,
              9975.302196129369
            ],
            [
              5726.141634644126,
              9979.3927891881
            ],
            [
              5713.358531335594,
              9986.551327040877
            ],
            [
              5705.688669350476,
              9992.17589249663
            ],
            [
              5703.132048688769,
              9996.266485555361
            ],
            [
              5700.0641038947215,
              10006.492968202187
            ],
            [
              5700.0641038947215,
              10022.855340437107
            ],
            [
              5701.086752159405,
              10028.991230025202
            ],
            [
              5704.666021085793,
              10039.217712672027
            ],
            [
              5709.267938276865,
              10042.796981598416
            ],
            [
              5715.40382786496,
              10045.353602260122
            ],
            [
              5724.096338114761,
              10048.932871186511
            ]
          ]
        ]
      },
      "properties": {
        "annotation_id": "507a5c36-10b5-45cb-b084-c013b6787961",
        "label": "GP4",
        "probabilities": null,
        "tags": []
      }
    },
    {
      "type": "Feature",
      "geometry": {
        "type": "Polygon",
        "coordinates": [
          [
            [
              6036.117686427894,
              10028.790710757617
            ],
            [
              6044.18524496039,
              10029.502554157543
            ],
            [
              6062.081589592334,
              10035.638443745638
            ],
            [
              6089.693092738762,
              10035.638443745638
            ],
            [
              6099.408251253246,
              10027.968581760519
            ],
            [
              6119.349892414555,
              10004.958995805162
            ],
            [
              6125.485782002651,
              9995.243837290678
            ],
            [
              6134.689616384793,
              9976.836168526394
            ],
            [
              6135.712264649475,
              9953.315258438695
            ],
            [
              6141.848154237571,
              9926.72640355695
            ],
            [
              6141.848154237571,
              9903.716817601593
            ],
            [
              6139.802857708206,
              9894.51298321945
            ],
            [
              6132.132995723087,
              9878.15061098453
            ],
            [
              6119.861216546897,
              9863.322211146633
            ],
            [
              6113.725326958802,
              9859.231618087902
            ],
            [
              6087.136472077056,
              9849.516459573419
            ],
            [
              6060.5476171953105,
              9847.471163044054
            ],
            [
              6051.343782813168,
              9850.02778370576
            ],
            [
              6043.162596695707,
              9854.629700896832
            ],
            [
              6018.619038343327,
              9876.105314455164
            ],
            [
              6005.8359350347955,
              9893.490334954768
            ],
            [
              5998.677397182018,
              9907.807410660324
            ],
            [
              5995.0981282556295,
              9927.749051821633
            ],
            [
              5995.0981282556295,
              9954.84923083572
            ],
            [
              5997.654748917335,
              9975.81352026171
            ],
            [
              6000.722693711383,
              9986.040002908536
            ],
            [
              6006.347259167137,
              9996.266485555361
            ],
            [
              6024.754927931423,
              10018.764747378376
            ],
            [
              6036.117686427894,
              10028.790710757617
            ],
            [
              6036.117686427894,
              10028.790710757617
            ]
          ]
        ]
      },
      "properties": {
        "annotation_id": "b4500099-443a-4a81-a480-a98a362bdba6",
        "label": "GP3",
        "probabilities": null,
        "tags": []
      }
    },
    {
      "type": "Feature",
      "geometry": {
        "type": "Polygon",
        "coordinates": [
          [
            [
              6122.654820355606,
              9048.480550317076
            ],
            [
              6120.885488010782,
              9048.480550317076
            ],
            [
              6129.1423722866275,
              9047.006106696388
            ],
            [
              6141.822587424532,
              9054.968102248096
            ],
            [
              6156.567023631398,
              9059.686321834293
            ],
            [
              6163.349464286556,
              9059.98121055843
            ],
            [
              6178.978566665834,
              9057.91698948947
            ],
            [
              6183.696786252031,
              9056.147657144646
            ],
            [
              6197.556556286485,
              9048.480550317076
            ],
            [
              6203.749219493368,
              9043.46744200674
            ],
            [
              6209.6469939761155,
              9035.505446455032
            ],
            [
              6212.006103769214,
              9029.017894524011
            ],
            [
              6212.890769941626,
              9013.683680868871
            ],
            [
              6210.826548872665,
              9004.247241696477
            ],
            [
              6208.762327803704,
              8978.002145248256
            ],
            [
              6203.159442045094,
              8966.5014850069
            ],
            [
              6199.325888631309,
              8962.07815414484
            ],
            [
              6187.235450941679,
              8954.116158593133
            ],
            [
              6176.324568148598,
              8949.98771645521
            ],
            [
              6146.245918286591,
              8947.923495386249
            ],
            [
              6142.117476148669,
              8948.808161558662
            ],
            [
              6128.552594838353,
              8955.590602213819
            ],
            [
              6119.116155665958,
              8962.667931593114
            ],
            [
              6116.75704587286,
              8966.5014850069
            ],
            [
              6110.8592713901135,
              8984.194808455139
            ],
            [
              6108.795050321152,
              9001.888131903379
            ],
            [
              6109.384827769427,
              9015.158124489557
            ],
            [
              6112.923492459075,
              9039.04411114468
            ],
            [
              6114.397936079761,
              9046.416329248113
            ],
            [
              6119.116155665958,
              9057.032323317057
            ],
            [
              6122.654820355606,
              9048.480550317076
            ]
          ]
        ]
      },
      "properties": {
        "annotation_id": "d8385883-02c0-4c90-a428-18aa6cdd2fab",
        "label": "GP3",
        "probabilities": null,
        "tags": []
      }
    },
    {
      "type": "Feature",
      "geometry": {
        "type": "Polygon",
        "coordinates": [
          [
            [
              5779.830668539958,
              10190.56965584504
            ],
            [
              5773.694778951864,
              10199.773490227182
            ],
            [
              5783.409937466347,
              10204.375407418254
            ],
            [
              5809.4874682157515,
              10202.84143502123
            ],
            [
              5844.257509214957,
              10190.56965584504
            ],
            [
              5861.131205582219,
              10175.741256007144
            ],
            [
              5897.435218978449,
              10158.867559639883
            ],
            [
              5931.693935845313,
              10135.857973684526
            ],
            [
              5960.328087256424,
              10106.201174008733
            ],
            [
              5977.201783623685,
              10081.657615656351
            ],
            [
              5980.269728417732,
              10055.580084906947
            ],
            [
              5978.224431888368,
              10014.162830187306
            ],
            [
              5967.486625109201,
              9993.198540761314
            ],
            [
              5958.282790727058,
              9985.017354643853
            ],
            [
              5925.558046257218,
              9986.040002908536
            ],
            [
              5883.629467405234,
              9999.334430349409
            ],
            [
              5850.393398803052,
              10003.42502340814
            ],
            [
              5873.402984758409,
              9997.800457952384
            ],
            [
              5931.182611712971,
              9970.700278938299
            ],
            [
              5953.680873535987,
              9947.1793688506
            ],
            [
              5962.88470791813,
              9930.81699661568
            ],
            [
              5986.405618005828,
              9858.208969823221
            ],
            [
              5985.382969741146,
              9834.688059735523
            ],
            [
              5978.735756020709,
              9822.927604691673
            ],
            [
              5938.852473698091,
              9798.384046339293
            ],
            [
              5913.797591213369,
              9793.27080501588
            ],
            [
              5889.254032860988,
              9795.316101545246
            ],
            [
              5825.33851631833,
              9817.30303923592
            ],
            [
              5797.727013171902,
              9833.154087338498
            ],
            [
              5775.228751348887,
              9860.765590484927
            ],
            [
              5756.821082584602,
              9847.982487176396
            ],
            [
              5736.8794414232925,
              9850.02778370576
            ],
            [
              5704.666021085793,
              9860.765590484927
            ],
            [
              5677.565842071706,
              9879.173259249212
            ],
            [
              5664.2714146308335,
              9903.716817601593
            ],
            [
              5657.112876778056,
              9933.373617277386
            ],
            [
              5662.226118101468,
              9976.836168526394
            ],
            [
              5670.91862835127,
              9992.17589249663
            ],
            [
              5681.145110998095,
              9994.221189025997
            ],
            [
              5776.762723745911,
              9964.053065217862
            ],
            [
              5786.989206392736,
              9965.075713482544
            ],
            [
              5799.260985568926,
              9972.745575467663
            ],
            [
              5814.600709539164,
              9991.66456836429
            ],
            [
              5814.600709539164,
              10008.538264731551
            ],
            [
              5796.70436490722,
              10037.172416142663
            ],
            [
              5781.875965069324,
              10051.489491848217
            ],
            [
              5755.287110187578,
              10058.648029700995
            ],
            [
              5737.902089687975,
              10068.87451234782
            ],
            [
              5728.698255305832,
              10081.657615656351
            ],
            [
              5722.5623657177375,
              10106.201174008733
            ],
            [
              5727.67560704115,
              10153.242994184127
            ],
            [
              5735.85679315861,
              10170.11669055139
            ],
            [
              5769.0928617607915,
              10187.501711050993
            ],
            [
              5792.61377184849,
              10186.990386918651
            ],
            [
              5804.374226892339,
              10181.87714559524
            ],
            [
              5779.830668539958,
              10190.56965584504
            ]
          ]
        ]
      },
      "properties": {
        "annotation_id": "dda673d5-874e-4d96-8787-21a489f3b4fa",
        "label": "GP3",
        "probabilities": null,
        "tags": []
      }
    },
    {
      "type": "Feature",
      "geometry": {
        "type": "Polygon",
        "coordinates": [
          [
            [
              6531.961519719499,
              14219.11871441308
            ],
            [
              6531.961519719499,
              14216.790233474978
            ],
            [
              6530.409199094097,
              14214.849832693226
            ],
            [
              6534.290000657601,
              14219.11871441308
            ],
            [
              6550.977447380668,
              14226.492237383736
            ],
            [
              6559.1271306640265,
              14229.20879847819
            ],
            [
              6566.888733791034,
              14229.59687863454
            ],
            [
              6572.32185597994,
              14228.82071832184
            ],
            [
              6583.188100357751,
              14225.716077071036
            ],
            [
              6597.547066142715,
              14224.551836601986
            ],
            [
              6600.263627237167,
              14222.611435820234
            ],
            [
              6606.0848295824235,
              14215.237912849576
            ],
            [
              6607.6371502078255,
              14210.580950973372
            ],
            [
              6607.6371502078255,
              14203.207428002714
            ],
            [
              6600.263627237167,
              14185.355740810595
            ],
            [
              6596.382825673663,
              14180.310698778041
            ],
            [
              6592.89010426651,
              14178.75837815264
            ],
            [
              6581.635779732349,
              14177.206057527237
            ],
            [
              6575.426497230743,
              14177.982217839939
            ],
            [
              6564.560252852932,
              14183.027259872493
            ],
            [
              6557.5748100386245,
              14185.355740810595
            ],
            [
              6540.887363315558,
              14187.684221748697
            ],
            [
              6535.842321283003,
              14190.788862999501
            ],
            [
              6531.573439563148,
              14196.221985188407
            ],
            [
              6528.856878468696,
              14201.655107377312
            ],
            [
              6525.752237217893,
              14212.909431911474
            ],
            [
              6526.140317374243,
              14218.342554100378
            ],
            [
              6528.468798312345,
              14220.671035038482
            ],
            [
              6531.961519719499,
              14222.223355663882
            ],
            [
              6531.961519719499,
              14219.11871441308
            ]
          ]
        ]
      },
      "properties": {
        "annotation_id": "e2bc6b18-1891-4440-85db-2986868f2032",
        "label": "GP4",
        "probabilities": null,
        "tags": []
      }
    },
    {
      "type": "Feature",
      "geometry": {
        "type": "Polygon",
        "coordinates": [
          [
            [
              5802.840254495315,
              9818.837011632944
            ],
            [
              5799.772309701268,
              9820.370984029967
            ],
            [
              5853.4613435971,
              9794.804777412905
            ],
            [
              5873.402984758409,
              9789.180211957151
            ],
            [
              5991.007535196899,
              9814.746418574214
            ],
            [
              6006.858583299478,
              9812.189797912508
            ],
            [
              6011.97182462289,
              9802.474639398024
            ],
            [
              6010.949176358208,
              9791.225508486516
            ],
            [
              5978.224431888368,
              9747.251633105167
            ],
            [
              5962.88470791813,
              9719.64012995874
            ],
            [
              5964.418680315153,
              9686.9153854889
            ],
            [
              5970.043245770908,
              9677.200226974415
            ],
            [
              5983.33767321178,
              9665.951096062907
            ],
            [
              6016.062417681621,
              9649.077399695645
            ],
            [
              6055.945700004239,
              9637.828268784138
            ],
            [
              6091.738389268127,
              9618.90927588751
            ],
            [
              6099.919575385587,
              9610.728089770051
            ],
            [
              6111.680030429437,
              9583.116586623622
            ],
            [
              6111.168706297095,
              9561.64097306529
            ],
            [
              6105.032816709,
              9547.835221492076
            ],
            [
              6096.3403064591985,
              9541.699331903981
            ],
            [
              6078.4439618272545,
              9538.120062977592
            ],
            [
              6047.253189754438,
              9540.165359506957
            ],
            [
              5943.454390889162,
              9585.161883152987
            ],
            [
              5867.7784193026555,
              9602.035579520249
            ],
            [
              5837.098971362179,
              9603.569551917273
            ],
            [
              5814.089385406823,
              9613.796034564099
            ],
            [
              5791.5911235838075,
              9618.90927588751
            ],
            [
              5756.30975845226,
              9636.294296387114
            ],
            [
              5753.241813658213,
              9643.452834239892
            ],
            [
              5753.753137790554,
              9663.905799533542
            ],
            [
              5760.911675643331,
              9706.857026650208
            ],
            [
              5776.762723745911,
              9741.115743517072
            ],
            [
              5793.636420113173,
              9800.940667001
            ],
            [
              5802.840254495315,
              9810.655825515483
            ],
            [
              5802.840254495315,
              9818.837011632944
            ]
          ]
        ]
      },
      "properties": {
        "annotation_id": "e58e32a6-7a43-420b-8d0c-bab716c131a8",
        "label": "GP4",
        "probabilities": null,
        "tags": []
      }
    },
    {
      "type": "Feature",
      "geometry": {
        "type": "Polygon",
        "coordinates": [
          [
            [
              6222.916986562294,
              9024.004786213678
            ],
            [
              6220.852765493333,
              9023.120120041265
            ],
            [
              6227.340317424354,
              9024.889452386089
            ],
            [
              6258.59852218291,
              9023.120120041265
            ],
            [
              6266.560517734618,
              9019.581455351617
            ],
            [
              6272.163403493227,
              9014.568347041282
            ],
            [
              6279.240732872522,
              9004.837019144752
            ],
            [
              6283.369175010444,
              8991.861915282709
            ],
            [
              6282.77939756217,
              8979.181700144805
            ],
            [
              6277.766289251836,
              8968.270817351724
            ],
            [
              6273.932735838051,
              8964.142375213802
            ],
            [
              6259.77807707946,
              8958.539489455192
            ],
            [
              6244.738752148456,
              8955.000824765544
            ],
            [
              6237.071645320886,
              8955.000824765544
            ],
            [
              6210.531660148527,
              8958.244600731055
            ],
            [
              6206.403218010604,
              8960.603710524154
            ],
            [
              6204.63388566578,
              8962.962820317252
            ],
            [
              6204.63388566578,
              8970.629927144822
            ],
            [
              6210.826548872665,
              8989.797694213748
            ],
            [
              6213.185658665763,
              9001.59324317924
            ],
            [
              6216.429434631274,
              9012.504125972322
            ],
            [
              6220.852765493333,
              9020.171232799892
            ],
            [
              6224.9812076312555,
              9023.120120041265
            ],
            [
              6229.404538493315,
              9024.004786213678
            ],
            [
              6222.916986562294,
              9024.004786213678
            ]
          ]
        ]
      },
      "properties": {
        "annotation_id": "e761ab05-7904-4e3e-a8f7-031afd26c7b5",
        "label": "GP4",
        "probabilities": null,
        "tags": []
      }
    },
    {
      "type": "Feature",
      "geometry": {
        "type": "Polygon",
        "coordinates": [
          [
            [
              5616.206946190755,
              10205.909379815277
            ],
            [
              5613.1390013967075,
              10205.398055682937
            ],
            [
              5605.98046354393,
              10212.045269403374
            ],
            [
              5624.899456440557,
              10208.977324609325
            ],
            [
              5645.863745866548,
              10198.23951783016
            ],
            [
              5662.73744223381,
              10185.456414521628
            ],
            [
              5681.656435130436,
              10166.02609749266
            ],
            [
              5695.973510835992,
              10143.527835669644
            ],
            [
              5699.041455630039,
              10129.72208409643
            ],
            [
              5699.041455630039,
              10117.961629052581
            ],
            [
              5682.679083395119,
              10076.54437433294
            ],
            [
              5673.475249012976,
              10063.761271024407
            ],
            [
              5647.397718263572,
              10047.398898789486
            ],
            [
              5612.627677264366,
              10033.081823083932
            ],
            [
              5580.925581059208,
              10028.47990589286
            ],
            [
              5572.233070809407,
              10032.05917481925
            ],
            [
              5553.825402045121,
              10044.330953995439
            ],
            [
              5537.463029810201,
              10064.272595156748
            ],
            [
              5530.815816089765,
              10077.567022597621
            ],
            [
              5524.679926501669,
              10101.08793268532
            ],
            [
              5525.702574766352,
              10131.256056493454
            ],
            [
              5528.770519560399,
              10141.99386327262
            ],
            [
              5546.666864192343,
              10178.29787666885
            ],
            [
              5574.789691471113,
              10207.443352212302
            ],
            [
              5586.03882238262,
              10211.02262113869
            ],
            [
              5608.537084205636,
              10199.773490227182
            ],
            [
              5616.206946190755,
              10205.909379815277
            ]
          ]
        ]
      },
      "properties": {
        "annotation_id": "e7dac8fd-3bbb-41d2-8bdc-b0e9351e84ae",
        "label": "GP3",
        "probabilities": null,
        "tags": []
      }
    },
    {
      "type": "Feature",
      "geometry": {
        "type": "Polygon",
        "coordinates": [
          [
            [
              6135.419263926709,
              8360.00514619142
            ],
            [
              6189.893604412872,
              8352.450310649543
            ],
            [
              6208.1842588826785,
              8338.135885412303
            ],
            [
              6228.463027968769,
              8306.32605155177
            ],
            [
              6242.379830282752,
              8273.720971844725
            ],
            [
              6248.344174131602,
              8250.658842295838
            ],
            [
              6245.958436592062,
              8230.777696133006
            ],
            [
              6249.537042901372,
              8183.062945342205
            ],
            [
              6244.367944899035,
              8176.303355646843
            ],
            [
              6239.596469819955,
              8173.519995184046
            ],
            [
              6227.270159198999,
              8172.724749337533
            ],
            [
              6219.317700733865,
              8175.110486877073
            ],
            [
              6194.665079491952,
              8189.822535037569
            ],
            [
              6180.350654254713,
              8202.546468581782
            ],
            [
              6177.1696708686595,
              8208.113189507376
            ],
            [
              6173.988687482606,
              8225.210975207412
            ],
            [
              6159.674262245366,
              8218.053762588792
            ],
            [
              6133.828772233684,
              8218.053762588792
            ],
            [
              6120.309592842957,
              8226.006221053925
            ],
            [
              6105.995167605717,
              8243.104006753962
            ],
            [
              6101.621315449894,
              8257.816054914458
            ],
            [
              6099.63320083361,
              8285.252036619167
            ],
            [
              6103.609430066177,
              8337.340639565791
            ],
            [
              6110.36901976154,
              8360.402769114677
            ],
            [
              6114.742871917363,
              8365.174244193757
            ],
            [
              6123.092953305753,
              8368.35522757981
            ],
            [
              6135.419263926709,
              8360.00514619142
            ]
          ]
        ]
      },
      "properties": {
        "annotation_id": "eab196b8-9b06-4d9d-902d-1561aca4263f",
        "label": "GP4",
        "probabilities": null,
        "tags": []
      }
    },
    {
      "type": "Feature",
      "geometry": {
        "type": "Polygon",
        "coordinates": [
          [
            [
              7057.566301676898,
              11422.465342352923
            ],
            [
              7055.608992747671,
              11420.01870619139
            ],
            [
              7057.566301676898,
              11416.593415565245
            ],
            [
              7060.502265070738,
              11415.125433868325
            ],
            [
              7087.4152628475995,
              11410.721488777564
            ],
            [
              7105.520370442942,
              11401.42427136374
            ],
            [
              7117.7535512506065,
              11392.127053949915
            ],
            [
              7135.85865884595,
              11373.043291889959
            ],
            [
              7139.2839494720965,
              11367.17136510228
            ],
            [
              7141.241258401323,
              11360.320783849987
            ],
            [
              7141.241258401323,
              11352.980875365389
            ],
            [
              7138.7946222397895,
              11345.151639648484
            ],
            [
              7128.5187503613515,
              11327.535859285448
            ],
            [
              7118.2428784829135,
              11320.19595080085
            ],
            [
              7107.4776793721685,
              11317.25998740701
            ],
            [
              7099.159116422957,
              11316.770660174703
            ],
            [
              7090.840553473745,
              11318.72796910393
            ],
            [
              7082.521990524533,
              11322.642586962382
            ],
            [
              7071.267464181482,
              11329.98249544698
            ],
            [
              7059.034283373818,
              11342.705003486952
            ],
            [
              7045.333120869233,
              11360.320783849987
            ],
            [
              7038.482539616942,
              11371.575310193039
            ],
            [
              7036.5252306877155,
              11377.447236980719
            ],
            [
              7035.057248990795,
              11383.319163768398
            ],
            [
              7035.057248990795,
              11388.70176332377
            ],
            [
              7036.5252306877155,
              11393.595035646835
            ],
            [
              7040.439848546168,
              11397.998980737595
            ],
            [
              7048.269084263073,
              11399.956289666821
            ],
            [
              7057.566301676898,
              11422.465342352923
            ]
          ]
        ]
      },
      "properties": {
        "annotation_id": "ee306a65-c367-49a5-9962-78aadfaa3d61",
        "label": "GP4",
        "probabilities": null,
        "tags": []
      }
    },
    {
      "type": "Feature",
      "geometry": {
        "type": "Polygon",
        "coordinates": [
          [
            [
              6010.949176358208,
              9903.716817601593
            ],
            [
              6006.858583299478,
              9900.137548675204
            ],
            [
              6014.017121152256,
              9887.354445366673
            ],
            [
              6036.515382975271,
              9863.833535278975
            ],
            [
              6069.751451577453,
              9850.539107838102
            ],
            [
              6091.738389268127,
              9852.584404367466
            ],
            [
              6124.974457870309,
              9869.458100734728
            ],
            [
              6159.233174737174,
              9947.1793688506
            ],
            [
              6168.437009119317,
              9957.405851497426
            ],
            [
              6183.776733089554,
              9956.383203232743
            ],
            [
              6241.045035911776,
              9919.567865704172
            ],
            [
              6286.041559557806,
              9910.36403132203
            ],
            [
              6307.005848983798,
              9895.535631484132
            ],
            [
              6349.957076100464,
              9879.684583381553
            ],
            [
              6406.202730658003,
              9848.493811308737
            ],
            [
              6437.39350273082,
              9819.859659897626
            ],
            [
              6446.597337112962,
              9801.963315265682
            ],
            [
              6446.086012980621,
              9791.736832618857
            ],
            [
              6426.144371819311,
              9772.817839722231
            ],
            [
              6383.193144702645,
              9775.885784516278
            ],
            [
              6320.811600557012,
              9836.733356264887
            ],
            [
              6299.335986998679,
              9851.561756102785
            ],
            [
              6264.0546218671325,
              9861.78823874961
            ],
            [
              6229.795905000267,
              9862.299562881952
            ],
            [
              6212.922208633006,
              9854.629700896832
            ],
            [
              6182.24276069253,
              9827.018197750403
            ],
            [
              6154.6312575461025,
              9814.746418574214
            ],
            [
              6125.485782002651,
              9808.099204853777
            ],
            [
              6093.272361665151,
              9788.157563692468
            ],
            [
              6057.990996533605,
              9781.510349972032
            ],
            [
              6039.583327769319,
              9782.021674104373
            ],
            [
              6020.1530107403505,
              9800.940667001
            ],
            [
              5996.120776520312,
              9855.652349161515
            ],
            [
              5994.586804123288,
              9888.377093631356
            ],
            [
              6000.211369579041,
              9902.182845204568
            ],
            [
              6010.949176358208,
              9903.716817601593
            ]
          ]
        ]
      },
      "properties": {
        "annotation_id": "f196752a-8e77-49e6-a934-c3274f87b305",
        "label": "GP4",
        "probabilities": null,
        "tags": []
      }
    },
    {
      "type": "Feature",
      "geometry": {
        "type": "Polygon",
        "coordinates": [
          [
            [
              5682.783365058769,
              8552.422480370025
            ],
            [
              5677.614267056432,
              8552.024857446768
            ],
            [
              5696.700167372752,
              8554.808217909565
            ],
            [
              5721.7504115379215,
              8549.241496983972
            ],
            [
              5741.233934777498,
              8535.32469466999
            ],
            [
              5762.705572633357,
              8528.167482051369
            ],
            [
              5773.839014484544,
              8514.250679737386
            ],
            [
              5776.622374947341,
              8488.405189725703
            ],
            [
              5763.898441403127,
              8474.488387411719
            ],
            [
              5708.2312321471945,
              8459.776339251222
            ],
            [
              5687.157217214592,
              8448.642897400037
            ],
            [
              5680.000004595972,
              8435.521340932566
            ],
            [
              5679.602381672716,
              8410.868719690654
            ],
            [
              5674.8309065936355,
              8394.963802760387
            ],
            [
              5641.828203963332,
              8370.70880444173
            ],
            [
              5611.211238872569,
              8340.489462274225
            ],
            [
              5602.065911637666,
              8312.258234723002
            ],
            [
              5614.3922222586225,
              8301.522415795072
            ],
            [
              5619.958943184216,
              8287.207990557832
            ],
            [
              5617.970828567933,
              8231.938404225155
            ],
            [
              5598.884928251613,
              8194.164226515773
            ],
            [
              5584.96812593763,
              8186.21176805064
            ],
            [
              5575.027552856213,
              8186.21176805064
            ],
            [
              5538.843866839857,
              8204.900045443703
            ],
            [
              5530.096162528211,
              8216.03348729489
            ],
            [
              5524.529441602617,
              8233.131272994926
            ],
            [
              5523.734195756104,
              8271.700696550823
            ],
            [
              5530.493785451467,
              8294.762826099708
            ],
            [
              5540.83198145614,
              8313.848726416029
            ],
            [
              5519.36034360028,
              8319.813070264878
            ],
            [
              5508.226901749094,
              8340.489462274225
            ],
            [
              5505.841164209554,
              8373.889787827784
            ],
            [
              5517.372228983997,
              8434.726095086053
            ],
            [
              5536.4581293003175,
              8468.921666486127
            ],
            [
              5559.9178817724605,
              8488.007566802446
            ],
            [
              5579.401405012037,
              8498.743385730375
            ],
            [
              5629.501893342376,
              8519.419777739722
            ],
            [
              5645.804433195899,
              8517.43166312344
            ],
            [
              5662.5045959726785,
              8508.286335888535
            ],
            [
              5682.783365058769,
              8552.422480370025
            ]
          ]
        ]
      },
      "properties": {
        "annotation_id": "f1f1c6d1-e938-4dff-8908-71500dc983ce",
        "label": "GP4",
        "probabilities": null,
        "tags": []
      }
    }
  ],
  "properties": {
    "slide_id": "8a5b5a83-e9aa-4692-beb4-115c90ecee0a",
    "filename": "3569.tiff",
    "openslide_quickhash1": "2ae2203b36f80259ffefe8dafba9ada49d8e504db3481fd88cec324611df18a0",
    "width": 8192,
    "height": 22528,
    "coordinate_space": "slide_pixels_level0",
    "source_project": "PANDA+",
    "label_counts": {
      "Benign": 1,
      "GP3": 46,
      "GP4": 15,
      "GP5": 0
    }
  }
}