{
  "type": "FeatureCollection",
  "features": [
    {
      "type": "Feature",
      "geometry": {
        "type": "Polygon",
        "coordinates": [
          [
            [
              2795.1703303830936,
              7847.5216999353515
            ],
            [
              2794.127524039404,
              7849.607312622733
            ],
            [
              2857.7387110045133,
              7861.7733866324525
            ],
            [
              2876.5092251909387,
              7856.559354914001
            ],
            [
              2876.8568273055025,
              7847.869302049915
            ],
            [
              2861.5623342647104,
              7827.708379405235
            ],
            [
              2822.978499548169,
              7805.114241958612
            ],
            [
              2821.588091089915,
              7800.595414469287
            ],
            [
              2827.497327037494,
              7797.466995438216
            ],
            [
              2866.776365983163,
              7791.210157376074
            ],
            [
              2908.8362218453394,
              7794.338576407145
            ],
            [
              2914.7454577929175,
              7790.514953146948
            ],
            [
              2927.6067360317647,
              7772.787245304212
            ],
            [
              2944.986841759937,
              7763.749590325562
            ],
            [
              2954.7197009677134,
              7763.749590325562
            ],
            [
              2971.057000352195,
              7773.134847418774
            ],
            [
              2984.6134828201693,
              7776.958470678973
            ],
            [
              3034.3205852027413,
              7766.878009356633
            ],
            [
              3048.2246697852793,
              7758.187956492547
            ],
            [
              3060.3907437949993,
              7742.198259222629
            ],
            [
              3062.47635648238,
              7723.775347150766
            ],
            [
              3058.305131107619,
              7709.523660453666
            ],
            [
              3049.2674761289695,
              7698.052790673071
            ],
            [
              3040.5774232648832,
              7694.576769527438
            ],
            [
              3009.640835068737,
              7720.994530234259
            ],
            [
              2965.4953665191797,
              7743.241065566319
            ],
            [
              2947.420056561881,
              7748.107495170207
            ],
            [
              2942.2060248434295,
              7737.331829618741
            ],
            [
              2940.8156163851754,
              7716.128100630371
            ],
            [
              2946.377250218191,
              7710.218864682793
            ],
            [
              2957.1529157696573,
              7684.8439103196615
            ],
            [
              2958.5433242279114,
              7675.458653226448
            ],
            [
              2956.1101094259666,
              7666.073396133235
            ],
            [
              2936.991993124978,
              7641.393645999231
            ],
            [
              2914.397855678354,
              7629.575174104073
            ],
            [
              2900.4937710958166,
              7630.270378333201
            ],
            [
              2890.76091188804,
              7640.003237540977
            ],
            [
              2895.9749436064913,
              7653.907322123514
            ],
            [
              2915.4406620220443,
              7670.592223622561
            ],
            [
              2928.997144490019,
              7676.153857455575
            ],
            [
              2940.8156163851754,
              7676.849061684702
            ],
            [
              2945.3344438745003,
              7683.80110397597
            ],
            [
              2945.3344438745003,
              7689.015135694422
            ],
            [
              2926.563929688075,
              7729.684583098346
            ],
            [
              2905.3602006997044,
              7752.973924774095
            ],
            [
              2876.8568273055025,
              7756.102343805167
            ],
            [
              2859.824323691894,
              7750.5407099721515
            ],
            [
              2846.9630454530466,
              7750.193107857588
            ],
            [
              2839.6634010472144,
              7757.145150148856
            ],
            [
              2834.796971443326,
              7773.830051647901
            ],
            [
              2826.4545206938033,
              7774.52525587703
            ],
            [
              2806.293598049124,
              7767.225611471196
            ],
            [
              2786.8278796335712,
              7774.177653762466
            ],
            [
              2782.3090521442464,
              7790.167351032384
            ],
            [
              2808.7268128510677,
              7798.857403896471
            ],
            [
              2812.898038225829,
              7802.681027156667
            ],
            [
              2813.2456403403926,
              7807.895058875119
            ],
            [
              2810.4648234238853,
              7818.670724426585
            ],
            [
              2803.512781132616,
              7828.751185748926
            ],
            [
              2784.0470627170635,
              7841.960066102336
            ],
            [
              2773.9666013947235,
              7845.436087247971
            ],
            [
              2777.7902246549215,
              7845.088485133408
            ],
            [
              2795.1703303830936,
              7847.5216999353515
            ]
          ]
        ]
      },
      "properties": {
        "annotation_id": "1834de75-fa46-4b1e-9b44-a4dfafa5bba6",
        "label": "GP4",
        "probabilities": null,
        "tags": []
      }
    },
    {
      "type": "Feature",
      "geometry": {
        "type": "Polygon",
        "coordinates": [
          [
            [
              2121.7441591788634,
              2186.2100621400705
            ],
            [
              2133.8542007452343,
              2188.759544575095
            ],
            [
              2185.481220054498,
              2208.5180334465426
            ],
            [
              2193.7670379683304,
              2207.561977533407
            ],
            [
              2217.6684357966933,
              2198.6387890108194
            ],
            [
              2245.0753719732156,
              2172.1879087474304
            ],
            [
              2254.9546164089393,
              2154.9789023110097
            ],
            [
              2254.9546164089393,
              2148.2865109190684
            ],
            [
              2249.855651538888,
              2128.209336743243
            ],
            [
              2234.8774422331144,
              2102.0771417842334
            ],
            [
              2224.6795124930127,
              2096.659491609804
            ],
            [
              2211.932100317886,
              2096.659491609804
            ],
            [
              2181.0196257932034,
              2101.121085871098
            ],
            [
              2161.2611369217566,
              2102.0771417842334
            ],
            [
              2131.623403614587,
              2111.9563862199566
            ],
            [
              2105.172523351199,
              2113.231127437469
            ],
            [
              2089.5569434366685,
              2112.5937568287127
            ],
            [
              2072.029251695869,
              2107.494791958661
            ],
            [
              2066.61160152144,
              2108.1321625674186
            ],
            [
              2063.1060631732803,
              2112.2750715243346
            ],
            [
              2064.380804390793,
              2120.560889438167
            ],
            [
              2088.600887523534,
              2160.3965524854393
            ],
            [
              2098.480131959257,
              2172.1879087474304
            ],
            [
              2121.7441591788634,
              2186.2100621400705
            ]
          ]
        ]
      },
      "properties": {
        "annotation_id": "18b5a26d-13bd-42d6-834b-2daade5169db",
        "label": "GP3",
        "probabilities": null,
        "tags": []
      }
    },
    {
      "type": "Feature",
      "geometry": {
        "type": "Polygon",
        "coordinates": [
          [
            [
              1931.1703471607173,
              2209.474089359677
            ],
            [
              1929.2582353344485,
              2209.1554040552987
            ],
            [
              1947.1046123796261,
              2212.9796277078367
            ],
            [
              1960.4893951635092,
              2213.2983130122147
            ],
            [
              2008.929561428991,
              2198.9574743151975
            ],
            [
              2018.4901205603362,
              2192.9024535320123
            ],
            [
              2029.006735604816,
              2181.4297825743974
            ],
            [
              2031.2375327354632,
              2173.781335269322
            ],
            [
              2029.9627915179506,
              2164.539461442355
            ],
            [
              2023.589085430387,
              2155.934958224144
            ],
            [
              2017.5340646472018,
              2153.0667904847405
            ],
            [
              2009.0025792610427,
              2153.4035596447206
            ],
            [
              2012.1164144727727,
              2151.154678658471
            ],
            [
              2013.7098409946636,
              2140.3193783096135
            ],
            [
              2007.9735055158567,
              2126.615910221353
            ],
            [
              2000.9624288195369,
              2117.6927216987638
            ],
            [
              1985.0281636006284,
              2109.0882184805528
            ],
            [
              1960.4893951635092,
              2086.7802471740806
            ],
            [
              1950.6101507277858,
              2074.351520303332
            ],
            [
              1935.3132561176337,
              2047.5819547355663
            ],
            [
              1927.9834941169356,
              2039.6148221261114
            ],
            [
              1923.5218998556413,
              2036.4279690823298
            ],
            [
              1897.0710195922532,
              2027.5047805597408
            ],
            [
              1882.4114955908572,
              2027.5047805597408
            ],
            [
              1869.3453981113523,
              2031.3290042122785
            ],
            [
              1861.0595801975196,
              2035.4719131691957
            ],
            [
              1853.0924475880654,
              2044.0764163874055
            ],
            [
              1850.54296515304,
              2050.450122474969
            ],
            [
              1850.224279848662,
              2060.0106816063153
            ],
            [
              1854.6858741099563,
              2073.07677908582
            ],
            [
              1864.5651185456798,
              2085.1868206521904
            ],
            [
              1872.532251155134,
              2088.054988391593
            ],
            [
              1887.829145765286,
              2088.054988391593
            ],
            [
              1866.795915676327,
              2096.0221210010477
            ],
            [
              1854.3671888055783,
              2108.1321625674186
            ],
            [
              1855.9606153274692,
              2116.099295176872
            ],
            [
              1873.8069923726468,
              2146.3743990927987
            ],
            [
              1876.0377895032937,
              2174.418705878078
            ],
            [
              1886.5544045477736,
              2188.122173966339
            ],
            [
              1899.9391873316567,
              2193.2211388363903
            ],
            [
              1905.0381522017074,
              2193.2211388363903
            ],
            [
              1912.6865995067835,
              2189.7156004882304
            ],
            [
              1927.9834941169356,
              2174.1000205737
            ],
            [
              1931.8077177694738,
              2199.9135302283316
            ],
            [
              1935.3132561176337,
              2205.968551011517
            ],
            [
              1931.1703471607173,
              2209.474089359677
            ]
          ]
        ]
      },
      "properties": {
        "annotation_id": "2233a543-d224-48e5-bb61-50380c1bdb7f",
        "label": "GP3",
        "probabilities": null,
        "tags": []
      }
    },
    {
      "type": "Feature",
      "geometry": {
        "type": "Polygon",
        "coordinates": [
          [
            [
              2498.4788328295417,
              3589.133188136496
            ],
            [
              2519.048982036027,
              3583.4586642174654
            ],
            [
              2523.7200840425467,
              3581.51237171475
            ],
            [
              2530.726737052325,
              3575.6734942066005
            ],
            [
              2539.6796825648203,
              3556.5998276799805
            ],
            [
              2542.793750569166,
              3539.0831951555347
            ],
            [
              2542.793750569166,
              3530.1302496430394
            ],
            [
              2537.3441315615605,
              3515.72768512294
            ],
            [
              2527.223410547436,
              3502.8821546050117
            ],
            [
              2522.1630500403735,
              3498.6003110990355
            ],
            [
              2509.7067780229895,
              3492.3721750903433
            ],
            [
              2499.9753155094077,
              3489.64736558654
            ],
            [
              2494.136438001259,
              3488.4795900849117
            ],
            [
              2480.512390482245,
              3488.4795900849117
            ],
            [
              2474.284254473553,
              3490.4258825876277
            ],
            [
              2471.55944496975,
              3492.3721750903433
            ],
            [
              2467.2776014637743,
              3497.0432770968623
            ],
            [
              2464.1635334594284,
              3503.2714131055554
            ],
            [
              2461.4387239556254,
              3516.5062021240255
            ],
            [
              2461.4387239556254,
              3528.9624741414095
            ],
            [
              2462.9957579577986,
              3537.1369026528187
            ],
            [
              2470.002410967577,
              3556.2105691794377
            ],
            [
              2476.230546976269,
              3567.8883241957355
            ],
            [
              2484.015716987134,
              3578.0090452098593
            ],
            [
              2494.136438001259,
              3586.9619907223546
            ],
            [
              2498.4788328295417,
              3589.133188136496
            ],
            [
              2498.4788328295417,
              3589.133188136496
            ]
          ]
        ]
      },
      "properties": {
        "annotation_id": "2406a881-e3cb-4735-a690-a657cda85067",
        "label": "GP3",
        "probabilities": null,
        "tags": []
      }
    },
    {
      "type": "Feature",
      "geometry": {
        "type": "Polygon",
        "coordinates": [
          [
            [
              2164.23211940899,
              3170.203276001087
            ],
            [
              2161.296491437593,
              3171.6710899867853
            ],
            [
              2163.2535767518575,
              3168.7354620153883
            ],
            [
              2202.3952830371545,
              3155.0358648155343
            ],
            [
              2223.9232214940675,
              3143.293352929945
            ],
            [
              2234.197919393958,
              3134.486469015754
            ],
            [
              2246.4297026081135,
              3112.469259230274
            ],
            [
              2249.3653305795106,
              3097.3018480447217
            ],
            [
              2249.854601908077,
              3076.263180916375
            ],
            [
              2246.91897393668,
              3067.4562970021825
            ],
            [
              2240.0691753367523,
              3055.2245137880277
            ],
            [
              2239.09063267962,
              3046.4176298738357
            ],
            [
              2245.940431279547,
              3026.3575054026214
            ],
            [
              2246.4297026081135,
              3014.1257221884653
            ],
            [
              2243.494074636716,
              2998.469039674347
            ],
            [
              2240.0691753367523,
              2992.108512402986
            ],
            [
              2236.644276036789,
              2990.1514270887224
            ],
            [
              2230.2837487654283,
              2990.6406984172872
            ],
            [
              2217.0734228941405,
              2998.469039674347
            ],
            [
              2192.6098564658305,
              3028.8038620454527
            ],
            [
              2168.6355613660858,
              3043.9712732310045
            ],
            [
              2161.785762766159,
              3053.2674284737627
            ],
            [
              2149.0647082234377,
              3101.2160186732517
            ],
            [
              2147.596894237739,
              3126.168856430128
            ],
            [
              2150.04325088057,
              3156.014407472666
            ],
            [
              2152.9788788519672,
              3166.289105372557
            ],
            [
              2159.339406123328,
              3173.138903972484
            ],
            [
              2166.6784760518212,
              3172.6496326439183
            ],
            [
              2164.23211940899,
              3170.203276001087
            ]
          ]
        ]
      },
      "properties": {
        "annotation_id": "2abe316b-5441-4da6-9cee-124b32b580d5",
        "label": "GP3",
        "probabilities": null,
        "tags": []
      }
    },
    {
      "type": "Feature",
      "geometry": {
        "type": "Polygon",
        "coordinates": [
          [
            [
              2946.00455059047,
              7270.402160285996
            ],
            [
              2939.384928229835,
              7269.929330117378
            ],
            [
              2923.470435150115,
              7261.191961367727
            ],
            [
              2896.322182249415,
              7286.467920964931
            ],
            [
              2888.2089112675967,
              7288.96431203626
            ],
            [
              2839.5292853766873,
              7262.440156903392
            ],
            [
              2829.2316722074565,
              7239.660588377517
            ],
            [
              2821.4304501095544,
              7231.235268511784
            ],
            [
              2808.948494752911,
              7226.242486369127
            ],
            [
              2795.530392744519,
              7230.611170743951
            ],
            [
              2792.721952789274,
              7235.916001770524
            ],
            [
              2796.4665393962673,
              7264.624499090805
            ],
            [
              2775.8713130578053,
              7265.87269462647
            ],
            [
              2759.6447710941693,
              7281.163089938357
            ],
            [
              2745.914620201861,
              7281.163089938357
            ],
            [
              2740.609789175287,
              7289.276360920177
            ],
            [
              2741.2338869431196,
              7299.573974089407
            ],
            [
              2745.290522434029,
              7304.566756232065
            ],
            [
              2759.9568199780847,
              7307.063147303394
            ],
            [
              2782.7363885039595,
              7304.878805115981
            ],
            [
              2820.494303457806,
              7293.332996411085
            ],
            [
              2835.160601001862,
              7292.084800875421
            ],
            [
              2837.344943189275,
              7304.878805115981
            ],
            [
              2850.1389474298344,
              7320.7932981957
            ],
            [
              2847.6425563585058,
              7343.884915605491
            ],
            [
              2827.671427787876,
              7380.70668390759
            ],
            [
              2808.3243969850787,
              7402.5501057817155
            ],
            [
              2797.0906371640995,
              7404.734447969128
            ],
            [
              2770.5664820312318,
              7393.5006881481495
            ],
            [
              2758.3965755585045,
              7394.436834799898
            ],
            [
              2739.3615936396236,
              7405.670594620877
            ],
            [
              2733.7447137291338,
              7429.3863097984995
            ],
            [
              2747.1628157375253,
              7439.059825199898
            ],
            [
              2754.6519889515116,
              7439.059825199898
            ],
            [
              2812.0689835920716,
              7417.528452209688
            ],
            [
              2841.401578680184,
              7394.124785915982
            ],
            [
              2857.0040228759885,
              7368.5367774348615
            ],
            [
              2873.542613723541,
              7352.934333239058
            ],
            [
              2877.5992492144496,
              7359.799408685211
            ],
            [
              2873.854662607457,
              7373.217510693604
            ],
            [
              2857.316071759904,
              7382.578977211086
            ],
            [
              2847.33050747459,
              7392.876590380318
            ],
            [
              2838.905187608855,
              7410.039278995701
            ],
            [
              2838.281089841023,
              7420.960989932765
            ],
            [
              2858.876316179485,
              7424.705576539758
            ],
            [
              2871.9823693039607,
              7422.521234352345
            ],
            [
              2918.7897018913736,
              7393.812737032065
            ],
            [
              2936.5764882745907,
              7365.416288595701
            ],
            [
              2935.9523905067585,
              7359.4873598012955
            ],
            [
              2925.9668262214436,
              7350.749991051645
            ],
            [
              2965.909083362703,
              7337.9559868110855
            ],
            [
              2975.2705498801856,
              7319.545102660036
            ],
            [
              2974.95850099627,
              7313.928222749547
            ],
            [
              2968.4054744340315,
              7308.623391722974
            ],
            [
              2943.441563720745,
              7308.311342839058
            ],
            [
              2947.4981992116536,
              7291.460703107588
            ],
            [
              2930.335510596269,
              7298.325778553743
            ],
            [
              2920.6619951948705,
              7297.077583018078
            ],
            [
              2919.4137996592062,
              7293.332996411085
            ],
            [
              2939.6969771137515,
              7274.298014492204
            ],
            [
              2946.00455059047,
              7270.402160285996
            ],
            [
              2946.00455059047,
              7270.402160285996
            ]
          ]
        ]
      },
      "properties": {
        "annotation_id": "35073e85-50d0-48dc-85dc-24de625d8cc1",
        "label": "GP4",
        "probabilities": null,
        "tags": []
      }
    },
    {
      "type": "Feature",
      "geometry": {
        "type": "Polygon",
        "coordinates": [
          [
            [
              1373.0,
              22371.0
            ],
            [
              1346.0,
              22355.0
            ],
            [
              1313.0,
              22365.0
            ],
            [
              1260.0,
              22365.0
            ],
            [
              1234.0,
              22358.0
            ],
            [
              1207.0,
              22324.0
            ],
            [
              1182.0,
              22311.0
            ],
            [
              1158.0,
              22314.0
            ],
            [
              1139.0,
              22328.0
            ],
            [
              1073.0,
              22303.0
            ],
            [
              1019.0,
              22305.0
            ],
            [
              999.0,
              22322.0
            ],
            [
              985.0,
              22348.0
            ],
            [
              974.0,
              22399.0
            ],
            [
              909.0,
              22421.0
            ],
            [
              865.0,
              22457.0
            ],
            [
              852.0,
              22484.0
            ],
            [
              851.0,
              22532.0
            ],
            [
              893.0,
              22583.0
            ],
            [
              895.0,
              22571.0
            ],
            [
              877.0,
              22556.0
            ],
            [
              881.0,
              22541.0
            ],
            [
              901.0,
              22562.0
            ],
            [
              942.0,
              22576.0
            ],
            [
              1005.0,
              22554.0
            ],
            [
              1041.0,
              22554.0
            ],
            [
              1063.0,
              22561.0
            ],
            [
              1064.0,
              22572.0
            ],
            [
              1054.0,
              22577.0
            ],
            [
              1043.0,
              22574.0
            ],
            [
              1036.0,
              22563.0
            ],
            [
              1024.0,
              22562.0
            ],
            [
              965.0,
              22588.0
            ],
            [
              895.0,
              22585.0
            ],
            [
              936.0,
              22607.0
            ],
            [
              913.0,
              22635.0
            ],
            [
              933.0,
              22637.0
            ],
            [
              934.0,
              22647.0
            ],
            [
              961.0,
              22677.0
            ],
            [
              959.0,
              22684.0
            ],
            [
              1021.0,
              22682.0
            ],
            [
              1075.0,
              22650.0
            ],
            [
              1135.0,
              22625.0
            ],
            [
              1148.0,
              22607.0
            ],
            [
              1193.0,
              22571.0
            ],
            [
              1225.0,
              22561.0
            ],
            [
              1259.0,
              22538.0
            ],
            [
              1284.0,
              22495.0
            ],
            [
              1297.0,
              22487.0
            ],
            [
              1299.0,
              22471.0
            ],
            [
              1315.0,
              22462.0
            ],
            [
              1328.0,
              22440.0
            ],
            [
              1340.0,
              22438.0
            ],
            [
              1358.0,
              22422.0
            ],
            [
              1360.0,
              22400.0
            ],
            [
              1369.0,
              22392.0
            ],
            [
              1373.0,
              22371.0
            ]
          ],
          [
            [
              1084.0,
              22609.0
            ],
            [
              1084.0,
              22611.0
            ],
            [
              1083.0,
              22612.0
            ],
            [
              1083.0,
              22613.0
            ],
            [
              1082.0,
              22614.0
            ],
            [
              1081.0,
              22617.0
            ],
            [
              1079.0,
              22619.0
            ],
            [
              1079.0,
              22620.0
            ],
            [
              1078.0,
              22621.0
            ],
            [
              1078.0,
              22622.0
            ],
            [
              1075.0,
              22627.0
            ],
            [
              1075.0,
              22629.0
            ],
            [
              1074.0,
              22630.0
            ],
            [
              1074.0,
              22631.0
            ],
            [
              1069.0,
              22636.0
            ],
            [
              1068.0,
              22636.0
            ],
            [
              1065.0,
              22638.0
            ],
            [
              1063.0,
              22638.0
            ],
            [
              1062.0,
              22639.0
            ],
            [
              1061.0,
              22639.0
            ],
            [
              1060.0,
              22640.0
            ],
            [
              1057.0,
              22641.0
            ],
            [
              1055.0,
              22643.0
            ],
            [
              1054.0,
              22643.0
            ],
            [
              1051.0,
              22645.0
            ],
            [
              1049.0,
              22645.0
            ],
            [
              1048.0,
              22646.0
            ],
            [
              1045.0,
              22646.0
            ],
            [
              1044.0,
              22647.0
            ],
            [
              1041.0,
              22647.0
            ],
            [
              1040.0,
              22648.0
            ],
            [
              1037.0,
              22648.0
            ],
            [
              1036.0,
              22647.0
            ],
            [
              1035.0,
              22647.0
            ],
            [
              1026.0,
              22639.0
            ],
            [
              1026.0,
              22638.0
            ],
            [
              1024.0,
              22636.0
            ],
            [
              1024.0,
              22635.0
            ],
            [
              1020.0,
              22630.0
            ],
            [
              1020.0,
              22628.0
            ],
            [
              1019.0,
              22627.0
            ],
            [
              1019.0,
              22622.0
            ],
            [
              1025.0,
              22616.0
            ],
            [
              1026.0,
              22616.0
            ],
            [
              1027.0,
              22615.0
            ],
            [
              1029.0,
              22615.0
            ],
            [
              1030.0,
              22614.0
            ],
            [
              1032.0,
              22614.0
            ],
            [
              1033.0,
              22613.0
            ],
            [
              1036.0,
              22613.0
            ],
            [
              1037.0,
              22612.0
            ],
            [
              1039.0,
              22612.0
            ],
            [
              1040.0,
              22611.0
            ],
            [
              1051.0,
              22611.0
            ],
            [
              1052.0,
              22610.0
            ],
            [
              1054.0,
              22610.0
            ],
            [
              1055.0,
              22609.0
            ],
            [
              1057.0,
              22609.0
            ],
            [
              1058.0,
              22608.0
            ],
            [
              1068.0,
              22608.0
            ],
            [
              1069.0,
              22607.0
            ],
            [
              1072.0,
              22607.0
            ],
            [
              1073.0,
              22606.0
            ],
            [
              1078.0,
              22606.0
            ],
            [
              1079.0,
              22607.0
            ],
            [
              1081.0,
              22607.0
            ],
            [
              1084.0,
              22609.0
            ]
          ],
          [
            [
              1246.0,
              22451.0
            ],
            [
              1247.0,
              22452.0
            ],
            [
              1247.0,
              22454.0
            ],
            [
              1248.0,
              22455.0
            ],
            [
              1248.0,
              22457.0
            ],
            [
              1252.0,
              22463.0
            ],
            [
              1252.0,
              22465.0
            ],
            [
              1253.0,
              22466.0
            ],
            [
              1253.0,
              22470.0
            ],
            [
              1254.0,
              22471.0
            ],
            [
              1254.0,
              22472.0
            ],
            [
              1258.0,
              22476.0
            ],
            [
              1259.0,
              22476.0
            ],
            [
              1260.0,
              22477.0
            ],
            [
              1260.0,
              22479.0
            ],
            [
              1259.0,
              22480.0
            ],
            [
              1258.0,
              22483.0
            ],
            [
              1249.0,
              22492.0
            ],
            [
              1248.0,
              22492.0
            ],
            [
              1243.0,
              22495.0
            ],
            [
              1241.0,
              22495.0
            ],
            [
              1240.0,
              22494.0
            ],
            [
              1238.0,
              22494.0
            ],
            [
              1237.0,
              22493.0
            ],
            [
              1236.0,
              22493.0
            ],
            [
              1235.0,
              22492.0
            ],
            [
              1233.0,
              22492.0
            ],
            [
              1232.0,
              22491.0
            ],
            [
              1226.0,
              22491.0
            ],
            [
              1225.0,
              22492.0
            ],
            [
              1221.0,
              22492.0
            ],
            [
              1220.0,
              22493.0
            ],
            [
              1215.0,
              22493.0
            ],
            [
              1214.0,
              22492.0
            ],
            [
              1211.0,
              22492.0
            ],
            [
              1210.0,
              22491.0
            ],
            [
              1209.0,
              22491.0
            ],
            [
              1205.0,
              22487.0
            ],
            [
              1204.0,
              22484.0
            ],
            [
              1200.0,
              22479.0
            ],
            [
              1200.0,
              22475.0
            ],
            [
              1201.0,
              22474.0
            ],
            [
              1202.0,
              22474.0
            ],
            [
              1205.0,
              22472.0
            ],
            [
              1207.0,
              22472.0
            ],
            [
              1208.0,
              22471.0
            ],
            [
              1209.0,
              22471.0
            ],
            [
              1210.0,
              22470.0
            ],
            [
              1211.0,
              22470.0
            ],
            [
              1212.0,
              22469.0
            ],
            [
              1215.0,
              22468.0
            ],
            [
              1217.0,
              22466.0
            ],
            [
              1218.0,
              22466.0
            ],
            [
              1219.0,
              22465.0
            ],
            [
              1222.0,
              22465.0
            ],
            [
              1223.0,
              22464.0
            ],
            [
              1224.0,
              22465.0
            ],
            [
              1229.0,
              22465.0
            ],
            [
              1230.0,
              22464.0
            ],
            [
              1231.0,
              22464.0
            ],
            [
              1232.0,
              22463.0
            ],
            [
              1232.0,
              22462.0
            ],
            [
              1233.0,
              22461.0
            ],
            [
              1233.0,
              22460.0
            ],
            [
              1234.0,
              22459.0
            ],
            [
              1234.0,
              22458.0
            ],
            [
              1235.0,
              22457.0
            ],
            [
              1236.0,
              22454.0
            ],
            [
              1239.0,
              22451.0
            ],
            [
              1240.0,
              22451.0
            ],
            [
              1241.0,
              22450.0
            ],
            [
              1244.0,
              22450.0
            ],
            [
              1245.0,
              22451.0
            ],
            [
              1246.0,
              22451.0
            ]
          ],
          [
            [
              1059.0,
              22367.0
            ],
            [
              1063.0,
              22366.0
            ],
            [
              1069.0,
              22370.0
            ],
            [
              1083.0,
              22373.0
            ],
            [
              1084.0,
              22391.0
            ],
            [
              1088.0,
              22396.0
            ],
            [
              1091.0,
              22409.0
            ],
            [
              1088.0,
              22421.0
            ],
            [
              1088.0,
              22442.0
            ],
            [
              1091.0,
              22450.0
            ],
            [
              1094.0,
              22453.0
            ],
            [
              1102.0,
              22451.0
            ],
            [
              1108.0,
              22438.0
            ],
            [
              1112.0,
              22435.0
            ],
            [
              1126.0,
              22440.0
            ],
            [
              1137.0,
              22439.0
            ],
            [
              1141.0,
              22441.0
            ],
            [
              1143.0,
              22448.0
            ],
            [
              1153.0,
              22454.0
            ],
            [
              1163.0,
              22466.0
            ],
            [
              1159.0,
              22476.0
            ],
            [
              1159.0,
              22497.0
            ],
            [
              1169.0,
              22513.0
            ],
            [
              1173.0,
              22525.0
            ],
            [
              1180.0,
              22530.0
            ],
            [
              1203.0,
              22537.0
            ],
            [
              1205.0,
              22539.0
            ],
            [
              1203.0,
              22543.0
            ],
            [
              1181.0,
              22545.0
            ],
            [
              1162.0,
              22542.0
            ],
            [
              1148.0,
              22549.0
            ],
            [
              1141.0,
              22557.0
            ],
            [
              1137.0,
              22557.0
            ],
            [
              1127.0,
              22542.0
            ],
            [
              1126.0,
              22526.0
            ],
            [
              1130.0,
              22523.0
            ],
            [
              1135.0,
              22526.0
            ],
            [
              1143.0,
              22526.0
            ],
            [
              1147.0,
              22523.0
            ],
            [
              1150.0,
              22498.0
            ],
            [
              1141.0,
              22486.0
            ],
            [
              1131.0,
              22480.0
            ],
            [
              1106.0,
              22481.0
            ],
            [
              1094.0,
              22488.0
            ],
            [
              1081.0,
              22484.0
            ],
            [
              1076.0,
              22490.0
            ],
            [
              1075.0,
              22497.0
            ],
            [
              1070.0,
              22501.0
            ],
            [
              1051.0,
              22501.0
            ],
            [
              1045.0,
              22497.0
            ],
            [
              1050.0,
              22490.0
            ],
            [
              1065.0,
              22478.0
            ],
            [
              1064.0,
              22472.0
            ],
            [
              1075.0,
              22466.0
            ],
            [
              1075.0,
              22461.0
            ],
            [
              1069.0,
              22454.0
            ],
            [
              1067.0,
              22447.0
            ],
            [
              1079.0,
              22439.0
            ],
            [
              1076.0,
              22432.0
            ],
            [
              1067.0,
              22428.0
            ],
            [
              1066.0,
              22405.0
            ],
            [
              1068.0,
              22397.0
            ],
            [
              1060.0,
              22380.0
            ],
            [
              1059.0,
              22367.0
            ]
          ]
        ]
      },
      "properties": {
        "annotation_id": "3587_Benign_0",
        "label": "Benign",
        "probabilities": null,
        "tags": []
      }
    },
    {
      "type": "Feature",
      "geometry": {
        "type": "Polygon",
        "coordinates": [
          [
            [
              3861.0,
              18785.0
            ],
            [
              3855.0,
              18787.0
            ],
            [
              3850.0,
              18784.0
            ],
            [
              3820.0,
              18785.0
            ],
            [
              3791.0,
              18805.0
            ],
            [
              3772.0,
              18812.0
            ],
            [
              3758.0,
              18823.0
            ],
            [
              3715.0,
              18837.0
            ],
            [
              3701.0,
              18848.0
            ],
            [
              3685.0,
              18868.0
            ],
            [
              3684.0,
              18883.0
            ],
            [
              3688.0,
              18892.0
            ],
            [
              3698.0,
              18901.0
            ],
            [
              3701.0,
              18912.0
            ],
            [
              3718.0,
              18938.0
            ],
            [
              3735.0,
              18949.0
            ],
            [
              3748.0,
              18952.0
            ],
            [
              3811.0,
              18949.0
            ],
            [
              3838.0,
              18938.0
            ],
            [
              3851.0,
              18942.0
            ],
            [
              3856.0,
              18968.0
            ],
            [
              3865.0,
              18967.0
            ],
            [
              3869.0,
              18961.0
            ],
            [
              3884.0,
              18961.0
            ],
            [
              3879.0,
              18940.0
            ],
            [
              3869.0,
              18927.0
            ],
            [
              3864.0,
              18915.0
            ],
            [
              3833.0,
              18907.0
            ],
            [
              3826.0,
              18908.0
            ],
            [
              3815.0,
              18900.0
            ],
            [
              3806.0,
              18901.0
            ],
            [
              3802.0,
              18898.0
            ],
            [
              3758.0,
              18902.0
            ],
            [
              3750.0,
              18893.0
            ],
            [
              3745.0,
              18893.0
            ],
            [
              3736.0,
              18886.0
            ],
            [
              3743.0,
              18876.0
            ],
            [
              3753.0,
              18869.0
            ],
            [
              3759.0,
              18871.0
            ],
            [
              3766.0,
              18865.0
            ],
            [
              3774.0,
              18866.0
            ],
            [
              3782.0,
              18862.0
            ],
            [
              3804.0,
              18860.0
            ],
            [
              3824.0,
              18846.0
            ],
            [
              3833.0,
              18849.0
            ],
            [
              3838.0,
              18840.0
            ],
            [
              3845.0,
              18840.0
            ],
            [
              3858.0,
              18819.0
            ],
            [
              3855.0,
              18802.0
            ],
            [
              3866.0,
              18794.0
            ],
            [
              3861.0,
              18785.0
            ]
          ]
        ]
      },
      "properties": {
        "annotation_id": "3587_Benign_10",
        "label": "Benign",
        "probabilities": null,
        "tags": []
      }
    },
    {
      "type": "Feature",
      "geometry": {
        "type": "Polygon",
        "coordinates": [
          [
            [
              2483.0,
              18720.0
            ],
            [
              2469.0,
              18777.0
            ],
            [
              2471.0,
              18854.0
            ],
            [
              2506.0,
              18906.0
            ],
            [
              2800.0,
              19006.0
            ],
            [
              2878.0,
              19088.0
            ],
            [
              3024.0,
              19191.0
            ],
            [
              3480.0,
              19598.0
            ],
            [
              3507.0,
              19671.0
            ],
            [
              3539.0,
              19656.0
            ],
            [
              3546.0,
              19621.0
            ],
            [
              3523.0,
              19523.0
            ],
            [
              3539.0,
              19475.0
            ],
            [
              3480.0,
              19468.0
            ],
            [
              3513.0,
              19445.0
            ],
            [
              3477.0,
              19436.0
            ],
            [
              3444.0,
              19399.0
            ],
            [
              3537.0,
              19393.0
            ],
            [
              3416.0,
              19269.0
            ],
            [
              3319.0,
              19206.0
            ],
            [
              3261.0,
              19114.0
            ],
            [
              3258.0,
              19082.0
            ],
            [
              3330.0,
              19086.0
            ],
            [
              3314.0,
              19097.0
            ],
            [
              3362.0,
              19129.0
            ],
            [
              3387.0,
              19186.0
            ],
            [
              3416.0,
              19189.0
            ],
            [
              3589.0,
              19333.0
            ],
            [
              3632.0,
              19332.0
            ],
            [
              3647.0,
              19348.0
            ],
            [
              3629.0,
              19302.0
            ],
            [
              3649.0,
              19292.0
            ],
            [
              3633.0,
              19276.0
            ],
            [
              3538.0,
              19240.0
            ],
            [
              3464.0,
              19140.0
            ],
            [
              3343.0,
              19027.0
            ],
            [
              3156.0,
              18900.0
            ],
            [
              3059.0,
              18813.0
            ],
            [
              2923.0,
              18730.0
            ],
            [
              2670.0,
              18662.0
            ],
            [
              2628.0,
              18697.0
            ],
            [
              2615.0,
              18686.0
            ],
            [
              2611.0,
              18711.0
            ],
            [
              2598.0,
              18693.0
            ],
            [
              2623.0,
              18645.0
            ],
            [
              2647.0,
              18659.0
            ],
            [
              2621.0,
              18585.0
            ],
            [
              2569.0,
              18655.0
            ],
            [
              2550.0,
              18647.0
            ],
            [
              2483.0,
              18720.0
            ]
          ],
          [
            [
              3309.0,
              19373.0
            ],
            [
              3313.0,
              19371.0
            ],
            [
              3317.0,
              19367.0
            ],
            [
              3320.0,
              19368.0
            ],
            [
              3321.0,
              19371.0
            ],
            [
              3324.0,
              19373.0
            ],
            [
              3329.0,
              19368.0
            ],
            [
              3334.0,
              19373.0
            ],
            [
              3344.0,
              19378.0
            ],
            [
              3344.0,
              19381.0
            ],
            [
              3340.0,
              19386.0
            ],
            [
              3342.0,
              19389.0
            ],
            [
              3350.0,
              19389.0
            ],
            [
              3356.0,
              19385.0
            ],
            [
              3366.0,
              19393.0
            ],
            [
              3368.0,
              19398.0
            ],
            [
              3371.0,
              19398.0
            ],
            [
              3375.0,
              19394.0
            ],
            [
              3379.0,
              19397.0
            ],
            [
              3380.0,
              19396.0
            ],
            [
              3383.0,
              19397.0
            ],
            [
              3390.0,
              19403.0
            ],
            [
              3391.0,
              19410.0
            ],
            [
              3393.0,
              19413.0
            ],
            [
              3413.0,
              19425.0
            ],
            [
              3415.0,
              19428.0
            ],
            [
              3423.0,
              19431.0
            ],
            [
              3426.0,
              19434.0
            ],
            [
              3425.0,
              19447.0
            ],
            [
              3419.0,
              19450.0
            ],
            [
              3413.0,
              19449.0
            ],
            [
              3405.0,
              19445.0
            ],
            [
              3404.0,
              19443.0
            ],
            [
              3404.0,
              19437.0
            ],
            [
              3403.0,
              19436.0
            ],
            [
              3401.0,
              19436.0
            ],
            [
              3398.0,
              19438.0
            ],
            [
              3395.0,
              19438.0
            ],
            [
              3394.0,
              19437.0
            ],
            [
              3388.0,
              19438.0
            ],
            [
              3383.0,
              19435.0
            ],
            [
              3383.0,
              19428.0
            ],
            [
              3381.0,
              19426.0
            ],
            [
              3379.0,
              19426.0
            ],
            [
              3368.0,
              19420.0
            ],
            [
              3364.0,
              19420.0
            ],
            [
              3359.0,
              19417.0
            ],
            [
              3355.0,
              19413.0
            ],
            [
              3353.0,
              19409.0
            ],
            [
              3345.0,
              19405.0
            ],
            [
              3345.0,
              19400.0
            ],
            [
              3344.0,
              19399.0
            ],
            [
              3340.0,
              19398.0
            ],
            [
              3334.0,
              19393.0
            ],
            [
              3328.0,
              19391.0
            ],
            [
              3317.0,
              19385.0
            ],
            [
              3314.0,
              19380.0
            ],
            [
              3309.0,
              19376.0
            ],
            [
              3309.0,
              19373.0
            ]
          ],
          [
            [
              2590.0,
              18718.0
            ],
            [
              2596.0,
              18725.0
            ],
            [
              2596.0,
              18727.0
            ],
            [
              2597.0,
              18728.0
            ],
            [
              2596.0,
              18734.0
            ],
            [
              2592.0,
              18736.0
            ],
            [
              2579.0,
              18748.0
            ],
            [
              2576.0,
              18749.0
            ],
            [
              2567.0,
              18758.0
            ],
            [
              2566.0,
              18763.0
            ],
            [
              2558.0,
              18772.0
            ],
            [
              2557.0,
              18776.0
            ],
            [
              2551.0,
              18783.0
            ],
            [
              2551.0,
              18785.0
            ],
            [
              2548.0,
              18788.0
            ],
            [
              2548.0,
              18790.0
            ],
            [
              2546.0,
              18792.0
            ],
            [
              2546.0,
              18794.0
            ],
            [
              2545.0,
              18795.0
            ],
            [
              2545.0,
              18800.0
            ],
            [
              2543.0,
              18802.0
            ],
            [
              2543.0,
              18805.0
            ],
            [
              2542.0,
              18806.0
            ],
            [
              2542.0,
              18811.0
            ],
            [
              2540.0,
              18813.0
            ],
            [
              2539.0,
              18821.0
            ],
            [
              2537.0,
              18823.0
            ],
            [
              2536.0,
              18827.0
            ],
            [
              2531.0,
              18831.0
            ],
            [
              2529.0,
              18831.0
            ],
            [
              2524.0,
              18828.0
            ],
            [
              2524.0,
              18811.0
            ],
            [
              2526.0,
              18809.0
            ],
            [
              2527.0,
              18800.0
            ],
            [
              2529.0,
              18798.0
            ],
            [
              2529.0,
              18794.0
            ],
            [
              2530.0,
              18793.0
            ],
            [
              2530.0,
              18787.0
            ],
            [
              2532.0,
              18785.0
            ],
            [
              2532.0,
              18773.0
            ],
            [
              2533.0,
              18772.0
            ],
            [
              2533.0,
              18770.0
            ],
            [
              2539.0,
              18763.0
            ],
            [
              2539.0,
              18761.0
            ],
            [
              2541.0,
              18758.0
            ],
            [
              2544.0,
              18756.0
            ],
            [
              2544.0,
              18754.0
            ],
            [
              2551.0,
              18747.0
            ],
            [
              2553.0,
              18743.0
            ],
            [
              2557.0,
              18739.0
            ],
            [
              2557.0,
              18737.0
            ],
            [
              2566.0,
              18729.0
            ],
            [
              2566.0,
              18727.0
            ],
            [
              2576.0,
              18717.0
            ],
            [
              2580.0,
              18715.0
            ],
            [
              2584.0,
              18715.0
            ],
            [
              2590.0,
              18718.0
            ]
          ],
          [
            [
              2616.0,
              18810.0
            ],
            [
              2631.0,
              18799.0
            ],
            [
              2664.0,
              18799.0
            ],
            [
              2687.0,
              18772.0
            ],
            [
              2676.0,
              18745.0
            ],
            [
              2698.0,
              18714.0
            ],
            [
              2761.0,
              18739.0
            ],
            [
              2804.0,
              18741.0
            ],
            [
              2814.0,
              18750.0
            ],
            [
              2811.0,
              18773.0
            ],
            [
              2839.0,
              18767.0
            ],
            [
              2901.0,
              18802.0
            ],
            [
              2902.0,
              18832.0
            ],
            [
              2941.0,
              18841.0
            ],
            [
              2909.0,
              18806.0
            ],
            [
              2913.0,
              18798.0
            ],
            [
              2926.0,
              18803.0
            ],
            [
              2927.0,
              18816.0
            ],
            [
              2941.0,
              18817.0
            ],
            [
              2944.0,
              18832.0
            ],
            [
              2972.0,
              18847.0
            ],
            [
              2986.0,
              18845.0
            ],
            [
              3001.0,
              18858.0
            ],
            [
              3034.0,
              18854.0
            ],
            [
              3053.0,
              18866.0
            ],
            [
              3061.0,
              18880.0
            ],
            [
              3054.0,
              18894.0
            ],
            [
              3089.0,
              18907.0
            ],
            [
              3145.0,
              18978.0
            ],
            [
              3154.0,
              19047.0
            ],
            [
              3183.0,
              19127.0
            ],
            [
              3265.0,
              19220.0
            ],
            [
              3377.0,
              19307.0
            ],
            [
              3375.0,
              19319.0
            ],
            [
              3387.0,
              19316.0
            ],
            [
              3383.0,
              19331.0
            ],
            [
              3320.0,
              19322.0
            ],
            [
              3315.0,
              19314.0
            ],
            [
              3278.0,
              19320.0
            ],
            [
              3273.0,
              19332.0
            ],
            [
              3281.0,
              19339.0
            ],
            [
              3271.0,
              19346.0
            ],
            [
              3217.0,
              19289.0
            ],
            [
              3213.0,
              19278.0
            ],
            [
              3226.0,
              19273.0
            ],
            [
              3224.0,
              19260.0
            ],
            [
              3196.0,
              19237.0
            ],
            [
              3184.0,
              19194.0
            ],
            [
              3171.0,
              19201.0
            ],
            [
              3150.0,
              19186.0
            ],
            [
              3087.0,
              19114.0
            ],
            [
              3088.0,
              19097.0
            ],
            [
              3024.0,
              18995.0
            ],
            [
              2925.0,
              18911.0
            ],
            [
              2892.0,
              18921.0
            ],
            [
              2886.0,
              18940.0
            ],
            [
              2870.0,
              18943.0
            ],
            [
              2842.0,
              18929.0
            ],
            [
              2776.0,
              18854.0
            ],
            [
              2757.0,
              18854.0
            ],
            [
              2727.0,
              18878.0
            ],
            [
              2715.0,
              18820.0
            ],
            [
              2650.0,
              18863.0
            ],
            [
              2635.0,
              18829.0
            ],
            [
              2616.0,
              18810.0
            ]
          ]
        ]
      },
      "properties": {
        "annotation_id": "3587_Benign_11",
        "label": "Benign",
        "probabilities": null,
        "tags": []
      }
    },
    {
      "type": "Feature",
      "geometry": {
        "type": "Polygon",
        "coordinates": [
          [
            [
              2696.0,
              18542.0
            ],
            [
              2703.0,
              18618.0
            ],
            [
              2785.0,
              18671.0
            ],
            [
              2861.0,
              18672.0
            ],
            [
              2890.0,
              18626.0
            ],
            [
              2984.0,
              18731.0
            ],
            [
              3374.0,
              18945.0
            ],
            [
              3483.0,
              19093.0
            ],
            [
              3526.0,
              19080.0
            ],
            [
              3537.0,
              19022.0
            ],
            [
              3608.0,
              19072.0
            ],
            [
              3676.0,
              19059.0
            ],
            [
              3669.0,
              19091.0
            ],
            [
              3573.0,
              19084.0
            ],
            [
              3497.0,
              19108.0
            ],
            [
              3482.0,
              19144.0
            ],
            [
              3521.0,
              19198.0
            ],
            [
              3678.0,
              19253.0
            ],
            [
              3690.0,
              19235.0
            ],
            [
              3760.0,
              19299.0
            ],
            [
              3737.0,
              19230.0
            ],
            [
              3619.0,
              19181.0
            ],
            [
              3563.0,
              19183.0
            ],
            [
              3511.0,
              19138.0
            ],
            [
              3561.0,
              19115.0
            ],
            [
              3710.0,
              19127.0
            ],
            [
              3722.0,
              19060.0
            ],
            [
              3847.0,
              19051.0
            ],
            [
              3824.0,
              19042.0
            ],
            [
              3835.0,
              19003.0
            ],
            [
              3717.0,
              19024.0
            ],
            [
              3675.0,
              19055.0
            ],
            [
              3679.0,
              19005.0
            ],
            [
              3632.0,
              18903.0
            ],
            [
              3371.0,
              18697.0
            ],
            [
              3351.0,
              18634.0
            ],
            [
              3381.0,
              18578.0
            ],
            [
              3369.0,
              18532.0
            ],
            [
              3238.0,
              18487.0
            ],
            [
              3197.0,
              18488.0
            ],
            [
              3171.0,
              18530.0
            ],
            [
              3136.0,
              18530.0
            ],
            [
              3060.0,
              18491.0
            ],
            [
              3003.0,
              18421.0
            ],
            [
              2928.0,
              18468.0
            ],
            [
              3101.0,
              18604.0
            ],
            [
              3207.0,
              18588.0
            ],
            [
              3249.0,
              18619.0
            ],
            [
              3265.0,
              18597.0
            ],
            [
              3292.0,
              18609.0
            ],
            [
              3276.0,
              18627.0
            ],
            [
              3300.0,
              18653.0
            ],
            [
              3291.0,
              18676.0
            ],
            [
              3326.0,
              18695.0
            ],
            [
              3349.0,
              18758.0
            ],
            [
              3605.0,
              18943.0
            ],
            [
              3644.0,
              19020.0
            ],
            [
              3579.0,
              19019.0
            ],
            [
              3490.0,
              18974.0
            ],
            [
              3473.0,
              19013.0
            ],
            [
              3325.0,
              18882.0
            ],
            [
              3139.0,
              18799.0
            ],
            [
              3100.0,
              18742.0
            ],
            [
              3087.0,
              18753.0
            ],
            [
              3004.0,
              18703.0
            ],
            [
              2900.0,
              18555.0
            ],
            [
              2891.0,
              18484.0
            ],
            [
              2838.0,
              18463.0
            ],
            [
              2827.0,
              18511.0
            ],
            [
              2795.0,
              18475.0
            ],
            [
              2771.0,
              18516.0
            ],
            [
              2758.0,
              18501.0
            ],
            [
              2696.0,
              18542.0
            ]
          ],
          [
            [
              2743.0,
              18565.0
            ],
            [
              2747.0,
              18562.0
            ],
            [
              2750.0,
              18563.0
            ],
            [
              2751.0,
              18564.0
            ],
            [
              2751.0,
              18566.0
            ],
            [
              2750.0,
              18567.0
            ],
            [
              2750.0,
              18570.0
            ],
            [
              2754.0,
              18573.0
            ],
            [
              2755.0,
              18573.0
            ],
            [
              2760.0,
              18578.0
            ],
            [
              2762.0,
              18578.0
            ],
            [
              2764.0,
              18579.0
            ],
            [
              2772.0,
              18585.0
            ],
            [
              2778.0,
              18585.0
            ],
            [
              2780.0,
              18586.0
            ],
            [
              2783.0,
              18589.0
            ],
            [
              2785.0,
              18589.0
            ],
            [
              2786.0,
              18590.0
            ],
            [
              2790.0,
              18590.0
            ],
            [
              2792.0,
              18591.0
            ],
            [
              2794.0,
              18593.0
            ],
            [
              2794.0,
              18600.0
            ],
            [
              2795.0,
              18601.0
            ],
            [
              2797.0,
              18601.0
            ],
            [
              2801.0,
              18603.0
            ],
            [
              2809.0,
              18612.0
            ],
            [
              2809.0,
              18615.0
            ],
            [
              2805.0,
              18618.0
            ],
            [
              2799.0,
              18618.0
            ],
            [
              2796.0,
              18616.0
            ],
            [
              2793.0,
              18616.0
            ],
            [
              2792.0,
              18617.0
            ],
            [
              2789.0,
              18617.0
            ],
            [
              2785.0,
              18619.0
            ],
            [
              2776.0,
              18619.0
            ],
            [
              2772.0,
              18617.0
            ],
            [
              2769.0,
              18614.0
            ],
            [
              2769.0,
              18611.0
            ],
            [
              2767.0,
              18609.0
            ],
            [
              2764.0,
              18612.0
            ],
            [
              2762.0,
              18613.0
            ],
            [
              2757.0,
              18613.0
            ],
            [
              2756.0,
              18612.0
            ],
            [
              2754.0,
              18612.0
            ],
            [
              2752.0,
              18611.0
            ],
            [
              2749.0,
              18608.0
            ],
            [
              2748.0,
              18605.0
            ],
            [
              2746.0,
              18603.0
            ],
            [
              2745.0,
              18603.0
            ],
            [
              2744.0,
              18601.0
            ],
            [
              2738.0,
              18595.0
            ],
            [
              2738.0,
              18593.0
            ],
            [
              2741.0,
              18591.0
            ],
            [
              2742.0,
              18592.0
            ],
            [
              2744.0,
              18592.0
            ],
            [
              2746.0,
              18589.0
            ],
            [
              2746.0,
              18582.0
            ],
            [
              2744.0,
              18580.0
            ],
            [
              2744.0,
              18578.0
            ],
            [
              2742.0,
              18576.0
            ],
            [
              2742.0,
              18570.0
            ],
            [
              2743.0,
              18569.0
            ],
            [
              2743.0,
              18565.0
            ]
          ]
        ]
      },
      "properties": {
        "annotation_id": "3587_Benign_15",
        "label": "Benign",
        "probabilities": null,
        "tags": []
      }
    },
    {
      "type": "Feature",
      "geometry": {
        "type": "Polygon",
        "coordinates": [
          [
            [
              2894.0,
              18017.0
            ],
            [
              2908.0,
              18084.0
            ],
            [
              2935.0,
              18131.0
            ],
            [
              2960.0,
              18147.0
            ],
            [
              2993.0,
              18142.0
            ],
            [
              3101.0,
              18062.0
            ],
            [
              3353.0,
              18018.0
            ],
            [
              3434.0,
              17989.0
            ],
            [
              3464.0,
              17930.0
            ],
            [
              3461.0,
              17845.0
            ],
            [
              3421.0,
              17787.0
            ],
            [
              3327.0,
              17723.0
            ],
            [
              3155.0,
              17686.0
            ],
            [
              3036.0,
              17691.0
            ],
            [
              3002.0,
              17712.0
            ],
            [
              2996.0,
              17736.0
            ],
            [
              3001.0,
              17754.0
            ],
            [
              3041.0,
              17774.0
            ],
            [
              3044.0,
              17789.0
            ],
            [
              3052.0,
              17770.0
            ],
            [
              3127.0,
              17780.0
            ],
            [
              3167.0,
              17768.0
            ],
            [
              3225.0,
              17794.0
            ],
            [
              3231.0,
              17785.0
            ],
            [
              3283.0,
              17786.0
            ],
            [
              3338.0,
              17818.0
            ],
            [
              3370.0,
              17820.0
            ],
            [
              3384.0,
              17809.0
            ],
            [
              3391.0,
              17845.0
            ],
            [
              3374.0,
              17892.0
            ],
            [
              3358.0,
              17910.0
            ],
            [
              3335.0,
              17896.0
            ],
            [
              3298.0,
              17919.0
            ],
            [
              3267.0,
              17918.0
            ],
            [
              3254.0,
              17928.0
            ],
            [
              3236.0,
              17921.0
            ],
            [
              3220.0,
              17937.0
            ],
            [
              3187.0,
              17925.0
            ],
            [
              3185.0,
              17945.0
            ],
            [
              3171.0,
              17926.0
            ],
            [
              3148.0,
              17921.0
            ],
            [
              3130.0,
              17970.0
            ],
            [
              3109.0,
              17959.0
            ],
            [
              3114.0,
              17933.0
            ],
            [
              3086.0,
              17897.0
            ],
            [
              3055.0,
              17901.0
            ],
            [
              3044.0,
              17917.0
            ],
            [
              3053.0,
              17962.0
            ],
            [
              3033.0,
              17994.0
            ],
            [
              2997.0,
              18012.0
            ],
            [
              2991.0,
              18027.0
            ],
            [
              2959.0,
              18034.0
            ],
            [
              2950.0,
              18052.0
            ],
            [
              2941.0,
              18017.0
            ],
            [
              2986.0,
              17984.0
            ],
            [
              2987.0,
              17935.0
            ],
            [
              3008.0,
              17942.0
            ],
            [
              3016.0,
              17959.0
            ],
            [
              3032.0,
              17923.0
            ],
            [
              3025.0,
              17896.0
            ],
            [
              2957.0,
              17882.0
            ],
            [
              2903.0,
              17945.0
            ],
            [
              2894.0,
              18017.0
            ]
          ]
        ]
      },
      "properties": {
        "annotation_id": "3587_Benign_17",
        "label": "Benign",
        "probabilities": null,
        "tags": []
      }
    },
    {
      "type": "Feature",
      "geometry": {
        "type": "Polygon",
        "coordinates": [
          [
            [
              4631.0,
              17484.0
            ],
            [
              4593.0,
              17470.0
            ],
            [
              4569.0,
              17470.0
            ],
            [
              4519.0,
              17486.0
            ],
            [
              4469.0,
              17514.0
            ],
            [
              4434.0,
              17541.0
            ],
            [
              4399.0,
              17583.0
            ],
            [
              4370.0,
              17607.0
            ],
            [
              4364.0,
              17633.0
            ],
            [
              4346.0,
              17663.0
            ],
            [
              4343.0,
              17685.0
            ],
            [
              4364.0,
              17758.0
            ],
            [
              4371.0,
              17814.0
            ],
            [
              4379.0,
              17836.0
            ],
            [
              4390.0,
              17847.0
            ],
            [
              4404.0,
              17852.0
            ],
            [
              4431.0,
              17852.0
            ],
            [
              4456.0,
              17841.0
            ],
            [
              4499.0,
              17796.0
            ],
            [
              4498.0,
              17788.0
            ],
            [
              4508.0,
              17775.0
            ],
            [
              4508.0,
              17759.0
            ],
            [
              4498.0,
              17747.0
            ],
            [
              4490.0,
              17748.0
            ],
            [
              4476.0,
              17762.0
            ],
            [
              4470.0,
              17758.0
            ],
            [
              4465.0,
              17762.0
            ],
            [
              4461.0,
              17760.0
            ],
            [
              4470.0,
              17750.0
            ],
            [
              4463.0,
              17727.0
            ],
            [
              4453.0,
              17712.0
            ],
            [
              4436.0,
              17700.0
            ],
            [
              4425.0,
              17670.0
            ],
            [
              4407.0,
              17658.0
            ],
            [
              4445.0,
              17639.0
            ],
            [
              4462.0,
              17641.0
            ],
            [
              4460.0,
              17627.0
            ],
            [
              4470.0,
              17620.0
            ],
            [
              4474.0,
              17610.0
            ],
            [
              4495.0,
              17604.0
            ],
            [
              4501.0,
              17595.0
            ],
            [
              4522.0,
              17581.0
            ],
            [
              4538.0,
              17576.0
            ],
            [
              4541.0,
              17564.0
            ],
            [
              4552.0,
              17559.0
            ],
            [
              4562.0,
              17561.0
            ],
            [
              4569.0,
              17551.0
            ],
            [
              4582.0,
              17550.0
            ],
            [
              4589.0,
              17535.0
            ],
            [
              4598.0,
              17531.0
            ],
            [
              4610.0,
              17514.0
            ],
            [
              4637.0,
              17503.0
            ],
            [
              4638.0,
              17496.0
            ],
            [
              4630.0,
              17491.0
            ],
            [
              4631.0,
              17484.0
            ]
          ]
        ]
      },
      "properties": {
        "annotation_id": "3587_Benign_18",
        "label": "Benign",
        "probabilities": null,
        "tags": []
      }
    },
    {
      "type": "Feature",
      "geometry": {
        "type": "Polygon",
        "coordinates": [
          [
            [
              4776.0,
              16917.0
            ],
            [
              4730.0,
              16881.0
            ],
            [
              4676.0,
              16861.0
            ],
            [
              4627.0,
              16855.0
            ],
            [
              4528.0,
              16860.0
            ],
            [
              4399.0,
              16913.0
            ],
            [
              4163.0,
              17045.0
            ],
            [
              4120.0,
              17079.0
            ],
            [
              4070.0,
              17142.0
            ],
            [
              4039.0,
              17217.0
            ],
            [
              4037.0,
              17283.0
            ],
            [
              4043.0,
              17304.0
            ],
            [
              4068.0,
              17322.0
            ],
            [
              4110.0,
              17329.0
            ],
            [
              4252.0,
              17334.0
            ],
            [
              4443.0,
              17270.0
            ],
            [
              4516.0,
              17257.0
            ],
            [
              4557.0,
              17239.0
            ],
            [
              4654.0,
              17184.0
            ],
            [
              4676.0,
              17155.0
            ],
            [
              4676.0,
              17143.0
            ],
            [
              4730.0,
              17103.0
            ],
            [
              4740.0,
              17105.0
            ],
            [
              4683.0,
              17167.0
            ],
            [
              4712.0,
              17150.0
            ],
            [
              4741.0,
              17115.0
            ],
            [
              4786.0,
              17011.0
            ],
            [
              4786.0,
              16948.0
            ],
            [
              4776.0,
              16917.0
            ]
          ],
          [
            [
              4740.0,
              16968.0
            ],
            [
              4727.0,
              16987.0
            ],
            [
              4667.0,
              17026.0
            ],
            [
              4640.0,
              17053.0
            ],
            [
              4627.0,
              17082.0
            ],
            [
              4594.0,
              17112.0
            ],
            [
              4546.0,
              17124.0
            ],
            [
              4513.0,
              17144.0
            ],
            [
              4504.0,
              17162.0
            ],
            [
              4484.0,
              17157.0
            ],
            [
              4461.0,
              17195.0
            ],
            [
              4436.0,
              17195.0
            ],
            [
              4421.0,
              17184.0
            ],
            [
              4398.0,
              17189.0
            ],
            [
              4338.0,
              17217.0
            ],
            [
              4287.0,
              17233.0
            ],
            [
              4272.0,
              17263.0
            ],
            [
              4258.0,
              17264.0
            ],
            [
              4252.0,
              17252.0
            ],
            [
              4244.0,
              17249.0
            ],
            [
              4204.0,
              17267.0
            ],
            [
              4194.0,
              17256.0
            ],
            [
              4178.0,
              17257.0
            ],
            [
              4151.0,
              17234.0
            ],
            [
              4116.0,
              17235.0
            ],
            [
              4106.0,
              17230.0
            ],
            [
              4109.0,
              17221.0
            ],
            [
              4124.0,
              17218.0
            ],
            [
              4136.0,
              17199.0
            ],
            [
              4131.0,
              17187.0
            ],
            [
              4153.0,
              17181.0
            ],
            [
              4154.0,
              17169.0
            ],
            [
              4143.0,
              17159.0
            ],
            [
              4187.0,
              17111.0
            ],
            [
              4270.0,
              17116.0
            ],
            [
              4296.0,
              17101.0
            ],
            [
              4303.0,
              17087.0
            ],
            [
              4351.0,
              17077.0
            ],
            [
              4394.0,
              17045.0
            ],
            [
              4406.0,
              17025.0
            ],
            [
              4399.0,
              16997.0
            ],
            [
              4376.0,
              16975.0
            ],
            [
              4380.0,
              16969.0
            ],
            [
              4399.0,
              16969.0
            ],
            [
              4471.0,
              17010.0
            ],
            [
              4490.0,
              17011.0
            ],
            [
              4512.0,
              17003.0
            ],
            [
              4521.0,
              16986.0
            ],
            [
              4539.0,
              17003.0
            ],
            [
              4572.0,
              16990.0
            ],
            [
              4577.0,
              16981.0
            ],
            [
              4576.0,
              16957.0
            ],
            [
              4583.0,
              16953.0
            ],
            [
              4593.0,
              16963.0
            ],
            [
              4603.0,
              16989.0
            ],
            [
              4690.0,
              16986.0
            ],
            [
              4705.0,
              16981.0
            ],
            [
              4727.0,
              16960.0
            ],
            [
              4740.0,
              16968.0
            ]
          ]
        ]
      },
      "properties": {
        "annotation_id": "3587_Benign_19",
        "label": "Benign",
        "probabilities": null,
        "tags": []
      }
    },
    {
      "type": "Feature",
      "geometry": {
        "type": "Polygon",
        "coordinates": [
          [
            [
              4178.0,
              16800.0
            ],
            [
              4145.0,
              16776.0
            ],
            [
              4118.0,
              16772.0
            ],
            [
              4098.0,
              16753.0
            ],
            [
              4088.0,
              16750.0
            ],
            [
              4049.0,
              16753.0
            ],
            [
              4016.0,
              16771.0
            ],
            [
              3975.0,
              16804.0
            ],
            [
              3911.0,
              16819.0
            ],
            [
              3767.0,
              16899.0
            ],
            [
              3735.0,
              16928.0
            ],
            [
              3727.0,
              16954.0
            ],
            [
              3730.0,
              16973.0
            ],
            [
              3738.0,
              16990.0
            ],
            [
              3757.0,
              17010.0
            ],
            [
              3760.0,
              17034.0
            ],
            [
              3770.0,
              17051.0
            ],
            [
              3823.0,
              17109.0
            ],
            [
              3883.0,
              17136.0
            ],
            [
              3918.0,
              17146.0
            ],
            [
              3998.0,
              17144.0
            ],
            [
              4028.0,
              17119.0
            ],
            [
              4042.0,
              17093.0
            ],
            [
              4089.0,
              17040.0
            ],
            [
              4180.0,
              16897.0
            ],
            [
              4188.0,
              16876.0
            ],
            [
              4188.0,
              16822.0
            ],
            [
              4178.0,
              16800.0
            ]
          ],
          [
            [
              4093.0,
              16802.0
            ],
            [
              4095.0,
              16826.0
            ],
            [
              4124.0,
              16860.0
            ],
            [
              4125.0,
              16888.0
            ],
            [
              4110.0,
              16911.0
            ],
            [
              4107.0,
              16927.0
            ],
            [
              4096.0,
              16938.0
            ],
            [
              4095.0,
              16947.0
            ],
            [
              4083.0,
              16956.0
            ],
            [
              4077.0,
              16975.0
            ],
            [
              4060.0,
              16982.0
            ],
            [
              4054.0,
              16992.0
            ],
            [
              4041.0,
              16994.0
            ],
            [
              4035.0,
              17000.0
            ],
            [
              4040.0,
              17011.0
            ],
            [
              4036.0,
              17012.0
            ],
            [
              4028.0,
              17005.0
            ],
            [
              3999.0,
              17031.0
            ],
            [
              3994.0,
              17040.0
            ],
            [
              3996.0,
              17056.0
            ],
            [
              3989.0,
              17072.0
            ],
            [
              3964.0,
              17075.0
            ],
            [
              3942.0,
              17069.0
            ],
            [
              3937.0,
              17075.0
            ],
            [
              3883.0,
              17060.0
            ],
            [
              3864.0,
              17049.0
            ],
            [
              3835.0,
              17043.0
            ],
            [
              3840.0,
              17033.0
            ],
            [
              3856.0,
              17031.0
            ],
            [
              3861.0,
              17027.0
            ],
            [
              3862.0,
              17017.0
            ],
            [
              3854.0,
              16994.0
            ],
            [
              3846.0,
              16986.0
            ],
            [
              3804.0,
              16966.0
            ],
            [
              3790.0,
              16953.0
            ],
            [
              3794.0,
              16950.0
            ],
            [
              3839.0,
              16950.0
            ],
            [
              3842.0,
              16932.0
            ],
            [
              3836.0,
              16911.0
            ],
            [
              3838.0,
              16904.0
            ],
            [
              3876.0,
              16923.0
            ],
            [
              3881.0,
              16916.0
            ],
            [
              3902.0,
              16905.0
            ],
            [
              3909.0,
              16878.0
            ],
            [
              3933.0,
              16861.0
            ],
            [
              3959.0,
              16867.0
            ],
            [
              3977.0,
              16867.0
            ],
            [
              3989.0,
              16858.0
            ],
            [
              4010.0,
              16857.0
            ],
            [
              4031.0,
              16847.0
            ],
            [
              4036.0,
              16836.0
            ],
            [
              4036.0,
              16829.0
            ],
            [
              4027.0,
              16819.0
            ],
            [
              4027.0,
              16808.0
            ],
            [
              4031.0,
              16804.0
            ],
            [
              4052.0,
              16805.0
            ],
            [
              4071.0,
              16791.0
            ],
            [
              4077.0,
              16792.0
            ],
            [
              4081.0,
              16799.0
            ],
            [
              4093.0,
              16802.0
            ]
          ]
        ]
      },
      "properties": {
        "annotation_id": "3587_Benign_21",
        "label": "Benign",
        "probabilities": null,
        "tags": []
      }
    },
    {
      "type": "Feature",
      "geometry": {
        "type": "Polygon",
        "coordinates": [
          [
            [
              3583.0,
              15483.0
            ],
            [
              3550.0,
              15511.0
            ],
            [
              3477.0,
              15518.0
            ],
            [
              3443.0,
              15559.0
            ],
            [
              3425.0,
              15614.0
            ],
            [
              3434.0,
              15636.0
            ],
            [
              3494.0,
              15655.0
            ],
            [
              3524.0,
              15650.0
            ],
            [
              3551.0,
              15679.0
            ],
            [
              3613.0,
              15688.0
            ],
            [
              3614.0,
              15707.0
            ],
            [
              3587.0,
              15696.0
            ],
            [
              3549.0,
              15702.0
            ],
            [
              3495.0,
              15675.0
            ],
            [
              3462.0,
              15673.0
            ],
            [
              3432.0,
              15705.0
            ],
            [
              3442.0,
              15763.0
            ],
            [
              3466.0,
              15791.0
            ],
            [
              3512.0,
              15811.0
            ],
            [
              3633.0,
              15793.0
            ],
            [
              3674.0,
              15768.0
            ],
            [
              3666.0,
              15804.0
            ],
            [
              3681.0,
              15827.0
            ],
            [
              3714.0,
              15834.0
            ],
            [
              3758.0,
              15819.0
            ],
            [
              3771.0,
              15856.0
            ],
            [
              3697.0,
              15872.0
            ],
            [
              3695.0,
              15933.0
            ],
            [
              3682.0,
              15932.0
            ],
            [
              3654.0,
              15895.0
            ],
            [
              3630.0,
              15896.0
            ],
            [
              3610.0,
              15934.0
            ],
            [
              3594.0,
              15943.0
            ],
            [
              3601.0,
              15890.0
            ],
            [
              3550.0,
              15871.0
            ],
            [
              3483.0,
              15889.0
            ],
            [
              3459.0,
              15862.0
            ],
            [
              3457.0,
              15900.0
            ],
            [
              3466.0,
              15917.0
            ],
            [
              3483.0,
              15916.0
            ],
            [
              3487.0,
              15935.0
            ],
            [
              3471.0,
              15947.0
            ],
            [
              3456.0,
              15942.0
            ],
            [
              3435.0,
              15914.0
            ],
            [
              3435.0,
              15871.0
            ],
            [
              3415.0,
              15861.0
            ],
            [
              3406.0,
              15875.0
            ],
            [
              3410.0,
              15921.0
            ],
            [
              3430.0,
              15955.0
            ],
            [
              3490.0,
              15958.0
            ],
            [
              3585.0,
              16005.0
            ],
            [
              3662.0,
              16017.0
            ],
            [
              3798.0,
              15952.0
            ],
            [
              3833.0,
              15917.0
            ],
            [
              3851.0,
              15885.0
            ],
            [
              3851.0,
              15825.0
            ],
            [
              3839.0,
              15789.0
            ],
            [
              3807.0,
              15745.0
            ],
            [
              3788.0,
              15732.0
            ],
            [
              3741.0,
              15727.0
            ],
            [
              3722.0,
              15701.0
            ],
            [
              3722.0,
              15619.0
            ],
            [
              3702.0,
              15576.0
            ],
            [
              3629.0,
              15493.0
            ],
            [
              3583.0,
              15483.0
            ]
          ],
          [
            [
              3563.0,
              15591.0
            ],
            [
              3571.0,
              15582.0
            ],
            [
              3575.0,
              15581.0
            ],
            [
              3581.0,
              15578.0
            ],
            [
              3586.0,
              15578.0
            ],
            [
              3591.0,
              15574.0
            ],
            [
              3594.0,
              15573.0
            ],
            [
              3595.0,
              15572.0
            ],
            [
              3595.0,
              15570.0
            ],
            [
              3604.0,
              15561.0
            ],
            [
              3606.0,
              15560.0
            ],
            [
              3610.0,
              15560.0
            ],
            [
              3613.0,
              15558.0
            ],
            [
              3615.0,
              15558.0
            ],
            [
              3621.0,
              15561.0
            ],
            [
              3623.0,
              15563.0
            ],
            [
              3623.0,
              15564.0
            ],
            [
              3626.0,
              15567.0
            ],
            [
              3627.0,
              15571.0
            ],
            [
              3632.0,
              15576.0
            ],
            [
              3635.0,
              15577.0
            ],
            [
              3642.0,
              15582.0
            ],
            [
              3646.0,
              15582.0
            ],
            [
              3649.0,
              15584.0
            ],
            [
              3655.0,
              15584.0
            ],
            [
              3662.0,
              15588.0
            ],
            [
              3665.0,
              15591.0
            ],
            [
              3665.0,
              15593.0
            ],
            [
              3666.0,
              15594.0
            ],
            [
              3666.0,
              15604.0
            ],
            [
              3662.0,
              15607.0
            ],
            [
              3634.0,
              15607.0
            ],
            [
              3630.0,
              15604.0
            ],
            [
              3626.0,
              15604.0
            ],
            [
              3622.0,
              15601.0
            ],
            [
              3618.0,
              15600.0
            ],
            [
              3616.0,
              15598.0
            ],
            [
              3609.0,
              15597.0
            ],
            [
              3606.0,
              15595.0
            ],
            [
              3585.0,
              15595.0
            ],
            [
              3582.0,
              15597.0
            ],
            [
              3574.0,
              15597.0
            ],
            [
              3571.0,
              15595.0
            ],
            [
              3566.0,
              15595.0
            ],
            [
              3563.0,
              15593.0
            ],
            [
              3563.0,
              15591.0
            ]
          ]
        ]
      },
      "properties": {
        "annotation_id": "3587_Benign_23",
        "label": "Benign",
        "probabilities": null,
        "tags": []
      }
    },
    {
      "type": "Feature",
      "geometry": {
        "type": "Polygon",
        "coordinates": [
          [
            [
              4614.0,
              14862.0
            ],
            [
              4557.0,
              14858.0
            ],
            [
              4459.0,
              14889.0
            ],
            [
              4417.0,
              14926.0
            ],
            [
              4392.0,
              14980.0
            ],
            [
              4337.0,
              15011.0
            ],
            [
              4326.0,
              15034.0
            ],
            [
              4326.0,
              15068.0
            ],
            [
              4259.0,
              15130.0
            ],
            [
              4253.0,
              15184.0
            ],
            [
              4263.0,
              15201.0
            ],
            [
              4263.0,
              15237.0
            ],
            [
              4230.0,
              15303.0
            ],
            [
              4222.0,
              15349.0
            ],
            [
              4223.0,
              15406.0
            ],
            [
              4248.0,
              15434.0
            ],
            [
              4331.0,
              15468.0
            ],
            [
              4411.0,
              15459.0
            ],
            [
              4495.0,
              15417.0
            ],
            [
              4528.0,
              15384.0
            ],
            [
              4546.0,
              15353.0
            ],
            [
              4560.0,
              15379.0
            ],
            [
              4563.0,
              15412.0
            ],
            [
              4577.0,
              15426.0
            ],
            [
              4685.0,
              15439.0
            ],
            [
              4704.0,
              15425.0
            ],
            [
              4699.0,
              15398.0
            ],
            [
              4650.0,
              15373.0
            ],
            [
              4651.0,
              15358.0
            ],
            [
              4640.0,
              15352.0
            ],
            [
              4646.0,
              15321.0
            ],
            [
              4637.0,
              15305.0
            ],
            [
              4661.0,
              15262.0
            ],
            [
              4659.0,
              15209.0
            ],
            [
              4667.0,
              15198.0
            ],
            [
              4688.0,
              15194.0
            ],
            [
              4685.0,
              15177.0
            ],
            [
              4658.0,
              15165.0
            ],
            [
              4649.0,
              15143.0
            ],
            [
              4657.0,
              15125.0
            ],
            [
              4674.0,
              15115.0
            ],
            [
              4704.0,
              15044.0
            ],
            [
              4719.0,
              15045.0
            ],
            [
              4729.0,
              15064.0
            ],
            [
              4759.0,
              15068.0
            ],
            [
              4787.0,
              15057.0
            ],
            [
              4792.0,
              15039.0
            ],
            [
              4777.0,
              15018.0
            ],
            [
              4748.0,
              15025.0
            ],
            [
              4690.0,
              15002.0
            ],
            [
              4667.0,
              15023.0
            ],
            [
              4675.0,
              15006.0
            ],
            [
              4652.0,
              14944.0
            ],
            [
              4637.0,
              14924.0
            ],
            [
              4631.0,
              14883.0
            ],
            [
              4614.0,
              14862.0
            ]
          ],
          [
            [
              4283.0,
              15322.0
            ],
            [
              4287.0,
              15322.0
            ],
            [
              4288.0,
              15321.0
            ],
            [
              4295.0,
              15326.0
            ],
            [
              4301.0,
              15326.0
            ],
            [
              4302.0,
              15327.0
            ],
            [
              4303.0,
              15327.0
            ],
            [
              4305.0,
              15329.0
            ],
            [
              4305.0,
              15336.0
            ],
            [
              4308.0,
              15341.0
            ],
            [
              4308.0,
              15344.0
            ],
            [
              4306.0,
              15346.0
            ],
            [
              4306.0,
              15347.0
            ],
            [
              4305.0,
              15348.0
            ],
            [
              4305.0,
              15366.0
            ],
            [
              4306.0,
              15367.0
            ],
            [
              4306.0,
              15370.0
            ],
            [
              4307.0,
              15371.0
            ],
            [
              4307.0,
              15373.0
            ],
            [
              4306.0,
              15374.0
            ],
            [
              4306.0,
              15377.0
            ],
            [
              4305.0,
              15378.0
            ],
            [
              4305.0,
              15381.0
            ],
            [
              4304.0,
              15382.0
            ],
            [
              4304.0,
              15383.0
            ],
            [
              4301.0,
              15385.0
            ],
            [
              4298.0,
              15385.0
            ],
            [
              4297.0,
              15384.0
            ],
            [
              4295.0,
              15384.0
            ],
            [
              4294.0,
              15383.0
            ],
            [
              4293.0,
              15383.0
            ],
            [
              4292.0,
              15382.0
            ],
            [
              4289.0,
              15381.0
            ],
            [
              4287.0,
              15379.0
            ],
            [
              4287.0,
              15377.0
            ],
            [
              4284.0,
              15372.0
            ],
            [
              4284.0,
              15370.0
            ],
            [
              4283.0,
              15369.0
            ],
            [
              4282.0,
              15366.0
            ],
            [
              4276.0,
              15360.0
            ],
            [
              4274.0,
              15360.0
            ],
            [
              4273.0,
              15359.0
            ],
            [
              4271.0,
              15359.0
            ],
            [
              4270.0,
              15358.0
            ],
            [
              4269.0,
              15358.0
            ],
            [
              4267.0,
              15356.0
            ],
            [
              4267.0,
              15354.0
            ],
            [
              4268.0,
              15353.0
            ],
            [
              4268.0,
              15351.0
            ],
            [
              4269.0,
              15350.0
            ],
            [
              4269.0,
              15349.0
            ],
            [
              4271.0,
              15347.0
            ],
            [
              4271.0,
              15346.0
            ],
            [
              4273.0,
              15343.0
            ],
            [
              4273.0,
              15341.0
            ],
            [
              4274.0,
              15340.0
            ],
            [
              4274.0,
              15333.0
            ],
            [
              4275.0,
              15332.0
            ],
            [
              4276.0,
              15329.0
            ],
            [
              4278.0,
              15327.0
            ],
            [
              4278.0,
              15326.0
            ],
            [
              4281.0,
              15323.0
            ],
            [
              4282.0,
              15323.0
            ],
            [
              4283.0,
              15322.0
            ]
          ],
          [
            [
              4452.0,
              15258.0
            ],
            [
              4457.0,
              15263.0
            ],
            [
              4457.0,
              15269.0
            ],
            [
              4450.0,
              15274.0
            ],
            [
              4447.0,
              15282.0
            ],
            [
              4442.0,
              15288.0
            ],
            [
              4439.0,
              15303.0
            ],
            [
              4435.0,
              15312.0
            ],
            [
              4428.0,
              15319.0
            ],
            [
              4419.0,
              15321.0
            ],
            [
              4425.0,
              15328.0
            ],
            [
              4430.0,
              15330.0
            ],
            [
              4437.0,
              15330.0
            ],
            [
              4440.0,
              15332.0
            ],
            [
              4446.0,
              15351.0
            ],
            [
              4440.0,
              15354.0
            ],
            [
              4433.0,
              15361.0
            ],
            [
              4428.0,
              15362.0
            ],
            [
              4426.0,
              15364.0
            ],
            [
              4426.0,
              15372.0
            ],
            [
              4423.0,
              15383.0
            ],
            [
              4412.0,
              15397.0
            ],
            [
              4402.0,
              15401.0
            ],
            [
              4393.0,
              15401.0
            ],
            [
              4385.0,
              15393.0
            ],
            [
              4385.0,
              15370.0
            ],
            [
              4388.0,
              15366.0
            ],
            [
              4374.0,
              15359.0
            ],
            [
              4360.0,
              15361.0
            ],
            [
              4354.0,
              15360.0
            ],
            [
              4349.0,
              15357.0
            ],
            [
              4343.0,
              15350.0
            ],
            [
              4335.0,
              15348.0
            ],
            [
              4334.0,
              15340.0
            ],
            [
              4338.0,
              15337.0
            ],
            [
              4342.0,
              15337.0
            ],
            [
              4349.0,
              15340.0
            ],
            [
              4357.0,
              15336.0
            ],
            [
              4358.0,
              15333.0
            ],
            [
              4366.0,
              15325.0
            ],
            [
              4369.0,
              15316.0
            ],
            [
              4369.0,
              15311.0
            ],
            [
              4383.0,
              15303.0
            ],
            [
              4392.0,
              15291.0
            ],
            [
              4398.0,
              15286.0
            ],
            [
              4396.0,
              15269.0
            ],
            [
              4400.0,
              15262.0
            ],
            [
              4418.0,
              15258.0
            ],
            [
              4424.0,
              15264.0
            ],
            [
              4429.0,
              15265.0
            ],
            [
              4437.0,
              15259.0
            ],
            [
              4452.0,
              15258.0
            ]
          ],
          [
            [
              4594.0,
              14938.0
            ],
            [
              4598.0,
              14965.0
            ],
            [
              4595.0,
              14975.0
            ],
            [
              4588.0,
              14982.0
            ],
            [
              4587.0,
              15005.0
            ],
            [
              4581.0,
              15013.0
            ],
            [
              4580.0,
              15027.0
            ],
            [
              4549.0,
              15060.0
            ],
            [
              4547.0,
              15069.0
            ],
            [
              4508.0,
              15096.0
            ],
            [
              4499.0,
              15114.0
            ],
            [
              4510.0,
              15136.0
            ],
            [
              4514.0,
              15159.0
            ],
            [
              4512.0,
              15166.0
            ],
            [
              4486.0,
              15173.0
            ],
            [
              4471.0,
              15166.0
            ],
            [
              4456.0,
              15168.0
            ],
            [
              4448.0,
              15177.0
            ],
            [
              4394.0,
              15194.0
            ],
            [
              4367.0,
              15208.0
            ],
            [
              4354.0,
              15207.0
            ],
            [
              4341.0,
              15221.0
            ],
            [
              4332.0,
              15223.0
            ],
            [
              4329.0,
              15220.0
            ],
            [
              4332.0,
              15205.0
            ],
            [
              4345.0,
              15186.0
            ],
            [
              4346.0,
              15178.0
            ],
            [
              4340.0,
              15173.0
            ],
            [
              4331.0,
              15173.0
            ],
            [
              4322.0,
              15161.0
            ],
            [
              4329.0,
              15156.0
            ],
            [
              4370.0,
              15159.0
            ],
            [
              4392.0,
              15150.0
            ],
            [
              4394.0,
              15138.0
            ],
            [
              4401.0,
              15130.0
            ],
            [
              4406.0,
              15105.0
            ],
            [
              4416.0,
              15099.0
            ],
            [
              4420.0,
              15089.0
            ],
            [
              4426.0,
              15087.0
            ],
            [
              4426.0,
              15079.0
            ],
            [
              4416.0,
              15057.0
            ],
            [
              4400.0,
              15042.0
            ],
            [
              4378.0,
              15040.0
            ],
            [
              4374.0,
              15033.0
            ],
            [
              4382.0,
              15027.0
            ],
            [
              4402.0,
              15023.0
            ],
            [
              4421.0,
              15037.0
            ],
            [
              4435.0,
              15053.0
            ],
            [
              4454.0,
              15059.0
            ],
            [
              4465.0,
              15049.0
            ],
            [
              4470.0,
              15032.0
            ],
            [
              4484.0,
              15014.0
            ],
            [
              4502.0,
              15015.0
            ],
            [
              4534.0,
              14996.0
            ],
            [
              4560.0,
              14969.0
            ],
            [
              4573.0,
              14982.0
            ],
            [
              4577.0,
              14982.0
            ],
            [
              4579.0,
              14976.0
            ],
            [
              4567.0,
              14965.0
            ],
            [
              4570.0,
              14952.0
            ],
            [
              4587.0,
              14938.0
            ],
            [
              4594.0,
              14938.0
            ]
          ],
          [
            [
              4558.0,
              14920.0
            ],
            [
              4558.0,
              14925.0
            ],
            [
              4556.0,
              14930.0
            ],
            [
              4548.0,
              14936.0
            ],
            [
              4544.0,
              14944.0
            ],
            [
              4540.0,
              14948.0
            ],
            [
              4534.0,
              14950.0
            ],
            [
              4528.0,
              14956.0
            ],
            [
              4522.0,
              14959.0
            ],
            [
              4517.0,
              14960.0
            ],
            [
              4516.0,
              14961.0
            ],
            [
              4516.0,
              14968.0
            ],
            [
              4514.0,
              14970.0
            ],
            [
              4508.0,
              14971.0
            ],
            [
              4502.0,
              14974.0
            ],
            [
              4499.0,
              14974.0
            ],
            [
              4481.0,
              14968.0
            ],
            [
              4475.0,
              14971.0
            ],
            [
              4465.0,
              14972.0
            ],
            [
              4461.0,
              14975.0
            ],
            [
              4461.0,
              14981.0
            ],
            [
              4458.0,
              14983.0
            ],
            [
              4454.0,
              14981.0
            ],
            [
              4447.0,
              14987.0
            ],
            [
              4445.0,
              14987.0
            ],
            [
              4442.0,
              14985.0
            ],
            [
              4442.0,
              14978.0
            ],
            [
              4452.0,
              14964.0
            ],
            [
              4450.0,
              14961.0
            ],
            [
              4450.0,
              14957.0
            ],
            [
              4457.0,
              14952.0
            ],
            [
              4463.0,
              14951.0
            ],
            [
              4467.0,
              14946.0
            ],
            [
              4470.0,
              14945.0
            ],
            [
              4480.0,
              14949.0
            ],
            [
              4498.0,
              14948.0
            ],
            [
              4501.0,
              14945.0
            ],
            [
              4515.0,
              14938.0
            ],
            [
              4522.0,
              14938.0
            ],
            [
              4523.0,
              14937.0
            ],
            [
              4526.0,
              14938.0
            ],
            [
              4527.0,
              14937.0
            ],
            [
              4527.0,
              14934.0
            ],
            [
              4531.0,
              14930.0
            ],
            [
              4538.0,
              14927.0
            ],
            [
              4539.0,
              14918.0
            ],
            [
              4543.0,
              14915.0
            ],
            [
              4546.0,
              14915.0
            ],
            [
              4550.0,
              14917.0
            ],
            [
              4554.0,
              14917.0
            ],
            [
              4558.0,
              14920.0
            ]
          ]
        ]
      },
      "properties": {
        "annotation_id": "3587_Benign_25",
        "label": "Benign",
        "probabilities": null,
        "tags": []
      }
    },
    {
      "type": "Feature",
      "geometry": {
        "type": "Polygon",
        "coordinates": [
          [
            [
              4678.0,
              13917.0
            ],
            [
              4656.0,
              13915.0
            ],
            [
              4633.0,
              13931.0
            ],
            [
              4603.0,
              14058.0
            ],
            [
              4523.0,
              14160.0
            ],
            [
              4371.0,
              14202.0
            ],
            [
              4350.0,
              14190.0
            ],
            [
              4311.0,
              14210.0
            ],
            [
              4237.0,
              14217.0
            ],
            [
              4176.0,
              14263.0
            ],
            [
              4120.0,
              14340.0
            ],
            [
              4090.0,
              14431.0
            ],
            [
              4095.0,
              14520.0
            ],
            [
              4129.0,
              14569.0
            ],
            [
              4166.0,
              14586.0
            ],
            [
              4489.0,
              14634.0
            ],
            [
              4611.0,
              14577.0
            ],
            [
              4756.0,
              14547.0
            ],
            [
              4776.0,
              14523.0
            ],
            [
              4731.0,
              14514.0
            ],
            [
              4692.0,
              14488.0
            ],
            [
              4574.0,
              14497.0
            ],
            [
              4502.0,
              14522.0
            ],
            [
              4348.0,
              14504.0
            ],
            [
              4264.0,
              14535.0
            ],
            [
              4228.0,
              14515.0
            ],
            [
              4185.0,
              14521.0
            ],
            [
              4175.0,
              14508.0
            ],
            [
              4203.0,
              14458.0
            ],
            [
              4165.0,
              14415.0
            ],
            [
              4200.0,
              14347.0
            ],
            [
              4216.0,
              14361.0
            ],
            [
              4233.0,
              14351.0
            ],
            [
              4224.0,
              14333.0
            ],
            [
              4189.0,
              14325.0
            ],
            [
              4200.0,
              14304.0
            ],
            [
              4234.0,
              14292.0
            ],
            [
              4236.0,
              14272.0
            ],
            [
              4246.0,
              14271.0
            ],
            [
              4261.0,
              14296.0
            ],
            [
              4304.0,
              14280.0
            ],
            [
              4329.0,
              14309.0
            ],
            [
              4437.0,
              14277.0
            ],
            [
              4464.0,
              14286.0
            ],
            [
              4472.0,
              14270.0
            ],
            [
              4491.0,
              14291.0
            ],
            [
              4498.0,
              14260.0
            ],
            [
              4527.0,
              14252.0
            ],
            [
              4601.0,
              14195.0
            ],
            [
              4665.0,
              14098.0
            ],
            [
              4653.0,
              14045.0
            ],
            [
              4685.0,
              13928.0
            ],
            [
              4678.0,
              13917.0
            ]
          ]
        ]
      },
      "properties": {
        "annotation_id": "3587_Benign_30",
        "label": "Benign",
        "probabilities": null,
        "tags": []
      }
    },
    {
      "type": "Feature",
      "geometry": {
        "type": "Polygon",
        "coordinates": [
          [
            [
              4666.0,
              13503.0
            ],
            [
              4655.0,
              13513.0
            ],
            [
              4650.0,
              13506.0
            ],
            [
              4538.0,
              13504.0
            ],
            [
              4476.0,
              13537.0
            ],
            [
              4431.0,
              13570.0
            ],
            [
              4395.0,
              13626.0
            ],
            [
              4341.0,
              13692.0
            ],
            [
              4341.0,
              13715.0
            ],
            [
              4355.0,
              13729.0
            ],
            [
              4410.0,
              13728.0
            ],
            [
              4425.0,
              13749.0
            ],
            [
              4487.0,
              13889.0
            ],
            [
              4532.0,
              13921.0
            ],
            [
              4556.0,
              13929.0
            ],
            [
              4593.0,
              13928.0
            ],
            [
              4668.0,
              13884.0
            ],
            [
              4722.0,
              13869.0
            ],
            [
              4710.0,
              13862.0
            ],
            [
              4710.0,
              13856.0
            ],
            [
              4731.0,
              13858.0
            ],
            [
              4737.0,
              13853.0
            ],
            [
              4707.0,
              13820.0
            ],
            [
              4692.0,
              13823.0
            ],
            [
              4664.0,
              13813.0
            ],
            [
              4665.0,
              13825.0
            ],
            [
              4623.0,
              13840.0
            ],
            [
              4621.0,
              13855.0
            ],
            [
              4604.0,
              13853.0
            ],
            [
              4572.0,
              13869.0
            ],
            [
              4560.0,
              13847.0
            ],
            [
              4546.0,
              13844.0
            ],
            [
              4541.0,
              13829.0
            ],
            [
              4515.0,
              13817.0
            ],
            [
              4512.0,
              13796.0
            ],
            [
              4496.0,
              13781.0
            ],
            [
              4496.0,
              13761.0
            ],
            [
              4505.0,
              13744.0
            ],
            [
              4529.0,
              13747.0
            ],
            [
              4583.0,
              13721.0
            ],
            [
              4597.0,
              13723.0
            ],
            [
              4613.0,
              13698.0
            ],
            [
              4635.0,
              13696.0
            ],
            [
              4630.0,
              13684.0
            ],
            [
              4657.0,
              13653.0
            ],
            [
              4642.0,
              13643.0
            ],
            [
              4622.0,
              13646.0
            ],
            [
              4618.0,
              13641.0
            ],
            [
              4629.0,
              13632.0
            ],
            [
              4632.0,
              13615.0
            ],
            [
              4658.0,
              13566.0
            ],
            [
              4642.0,
              13560.0
            ],
            [
              4621.0,
              13576.0
            ],
            [
              4615.0,
              13563.0
            ],
            [
              4658.0,
              13527.0
            ],
            [
              4673.0,
              13530.0
            ],
            [
              4672.0,
              13509.0
            ],
            [
              4666.0,
              13503.0
            ]
          ],
          [
            [
              4592.0,
              13523.0
            ],
            [
              4591.0,
              13527.0
            ],
            [
              4598.0,
              13534.0
            ],
            [
              4598.0,
              13536.0
            ],
            [
              4592.0,
              13542.0
            ],
            [
              4592.0,
              13546.0
            ],
            [
              4594.0,
              13550.0
            ],
            [
              4594.0,
              13560.0
            ],
            [
              4589.0,
              13568.0
            ],
            [
              4590.0,
              13574.0
            ],
            [
              4587.0,
              13580.0
            ],
            [
              4575.0,
              13594.0
            ],
            [
              4567.0,
              13607.0
            ],
            [
              4555.0,
              13619.0
            ],
            [
              4542.0,
              13625.0
            ],
            [
              4533.0,
              13634.0
            ],
            [
              4529.0,
              13636.0
            ],
            [
              4521.0,
              13636.0
            ],
            [
              4500.0,
              13647.0
            ],
            [
              4484.0,
              13665.0
            ],
            [
              4481.0,
              13666.0
            ],
            [
              4476.0,
              13663.0
            ],
            [
              4469.0,
              13656.0
            ],
            [
              4469.0,
              13653.0
            ],
            [
              4476.0,
              13646.0
            ],
            [
              4487.0,
              13640.0
            ],
            [
              4500.0,
              13628.0
            ],
            [
              4500.0,
              13624.0
            ],
            [
              4493.0,
              13615.0
            ],
            [
              4493.0,
              13606.0
            ],
            [
              4495.0,
              13602.0
            ],
            [
              4495.0,
              13598.0
            ],
            [
              4500.0,
              13592.0
            ],
            [
              4514.0,
              13585.0
            ],
            [
              4520.0,
              13576.0
            ],
            [
              4520.0,
              13567.0
            ],
            [
              4522.0,
              13562.0
            ],
            [
              4546.0,
              13540.0
            ],
            [
              4561.0,
              13533.0
            ],
            [
              4567.0,
              13525.0
            ],
            [
              4573.0,
              13520.0
            ],
            [
              4578.0,
              13518.0
            ],
            [
              4583.0,
              13518.0
            ],
            [
              4592.0,
              13523.0
            ]
          ]
        ]
      },
      "properties": {
        "annotation_id": "3587_Benign_31",
        "label": "Benign",
        "probabilities": null,
        "tags": []
      }
    },
    {
      "type": "Feature",
      "geometry": {
        "type": "Polygon",
        "coordinates": [
          [
            [
              3801.0,
              13364.0
            ],
            [
              3767.0,
              13351.0
            ],
            [
              3673.0,
              13344.0
            ],
            [
              3657.0,
              13338.0
            ],
            [
              3632.0,
              13339.0
            ],
            [
              3560.0,
              13369.0
            ],
            [
              3511.0,
              13383.0
            ],
            [
              3462.0,
              13414.0
            ],
            [
              3451.0,
              13441.0
            ],
            [
              3454.0,
              13474.0
            ],
            [
              3460.0,
              13488.0
            ],
            [
              3486.0,
              13510.0
            ],
            [
              3490.0,
              13520.0
            ],
            [
              3504.0,
              13523.0
            ],
            [
              3511.0,
              13536.0
            ],
            [
              3534.0,
              13557.0
            ],
            [
              3565.0,
              13576.0
            ],
            [
              3609.0,
              13581.0
            ],
            [
              3645.0,
              13593.0
            ],
            [
              3635.0,
              13602.0
            ],
            [
              3614.0,
              13599.0
            ],
            [
              3586.0,
              13605.0
            ],
            [
              3575.0,
              13620.0
            ],
            [
              3573.0,
              13632.0
            ],
            [
              3561.0,
              13618.0
            ],
            [
              3560.0,
              13602.0
            ],
            [
              3543.0,
              13602.0
            ],
            [
              3537.0,
              13592.0
            ],
            [
              3528.0,
              13589.0
            ],
            [
              3518.0,
              13614.0
            ],
            [
              3522.0,
              13631.0
            ],
            [
              3535.0,
              13646.0
            ],
            [
              3588.0,
              13662.0
            ],
            [
              3656.0,
              13663.0
            ],
            [
              3695.0,
              13639.0
            ],
            [
              3733.0,
              13603.0
            ],
            [
              3762.0,
              13569.0
            ],
            [
              3784.0,
              13530.0
            ],
            [
              3815.0,
              13498.0
            ],
            [
              3829.0,
              13472.0
            ],
            [
              3829.0,
              13406.0
            ],
            [
              3816.0,
              13379.0
            ],
            [
              3801.0,
              13364.0
            ]
          ],
          [
            [
              3661.0,
              13395.0
            ],
            [
              3710.0,
              13428.0
            ],
            [
              3719.0,
              13439.0
            ],
            [
              3742.0,
              13455.0
            ],
            [
              3760.0,
              13463.0
            ],
            [
              3760.0,
              13468.0
            ],
            [
              3752.0,
              13477.0
            ],
            [
              3752.0,
              13486.0
            ],
            [
              3746.0,
              13493.0
            ],
            [
              3744.0,
              13502.0
            ],
            [
              3739.0,
              13507.0
            ],
            [
              3733.0,
              13508.0
            ],
            [
              3724.0,
              13505.0
            ],
            [
              3705.0,
              13511.0
            ],
            [
              3684.0,
              13514.0
            ],
            [
              3672.0,
              13527.0
            ],
            [
              3672.0,
              13543.0
            ],
            [
              3663.0,
              13554.0
            ],
            [
              3660.0,
              13552.0
            ],
            [
              3659.0,
              13543.0
            ],
            [
              3653.0,
              13540.0
            ],
            [
              3647.0,
              13545.0
            ],
            [
              3643.0,
              13542.0
            ],
            [
              3646.0,
              13536.0
            ],
            [
              3645.0,
              13533.0
            ],
            [
              3638.0,
              13539.0
            ],
            [
              3628.0,
              13533.0
            ],
            [
              3619.0,
              13532.0
            ],
            [
              3616.0,
              13530.0
            ],
            [
              3619.0,
              13521.0
            ],
            [
              3587.0,
              13504.0
            ],
            [
              3578.0,
              13502.0
            ],
            [
              3567.0,
              13492.0
            ],
            [
              3548.0,
              13491.0
            ],
            [
              3537.0,
              13485.0
            ],
            [
              3528.0,
              13475.0
            ],
            [
              3534.0,
              13466.0
            ],
            [
              3554.0,
              13460.0
            ],
            [
              3576.0,
              13466.0
            ],
            [
              3585.0,
              13473.0
            ],
            [
              3601.0,
              13479.0
            ],
            [
              3627.0,
              13479.0
            ],
            [
              3633.0,
              13476.0
            ],
            [
              3640.0,
              13469.0
            ],
            [
              3640.0,
              13452.0
            ],
            [
              3648.0,
              13429.0
            ],
            [
              3642.0,
              13426.0
            ],
            [
              3632.0,
              13438.0
            ],
            [
              3628.0,
              13438.0
            ],
            [
              3625.0,
              13434.0
            ],
            [
              3627.0,
              13424.0
            ],
            [
              3621.0,
              13411.0
            ],
            [
              3626.0,
              13409.0
            ],
            [
              3644.0,
              13416.0
            ],
            [
              3645.0,
              13409.0
            ],
            [
              3650.0,
              13407.0
            ],
            [
              3661.0,
              13395.0
            ]
          ]
        ]
      },
      "properties": {
        "annotation_id": "3587_Benign_33",
        "label": "Benign",
        "probabilities": null,
        "tags": []
      }
    },
    {
      "type": "Feature",
      "geometry": {
        "type": "Polygon",
        "coordinates": [
          [
            [
              4490.0,
              12470.0
            ],
            [
              4475.0,
              12468.0
            ],
            [
              4471.0,
              12459.0
            ],
            [
              4458.0,
              12479.0
            ],
            [
              4443.0,
              12475.0
            ],
            [
              4439.0,
              12490.0
            ],
            [
              4427.0,
              12494.0
            ],
            [
              4412.0,
              12482.0
            ],
            [
              4414.0,
              12469.0
            ],
            [
              4426.0,
              12456.0
            ],
            [
              4409.0,
              12456.0
            ],
            [
              4351.0,
              12477.0
            ],
            [
              4292.0,
              12485.0
            ],
            [
              4207.0,
              12517.0
            ],
            [
              4196.0,
              12528.0
            ],
            [
              4190.0,
              12549.0
            ],
            [
              4197.0,
              12599.0
            ],
            [
              4173.0,
              12649.0
            ],
            [
              4172.0,
              12692.0
            ],
            [
              4178.0,
              12713.0
            ],
            [
              4204.0,
              12735.0
            ],
            [
              4225.0,
              12743.0
            ],
            [
              4308.0,
              12744.0
            ],
            [
              4315.0,
              12734.0
            ],
            [
              4338.0,
              12729.0
            ],
            [
              4333.0,
              12710.0
            ],
            [
              4394.0,
              12685.0
            ],
            [
              4438.0,
              12683.0
            ],
            [
              4438.0,
              12667.0
            ],
            [
              4418.0,
              12659.0
            ],
            [
              4359.0,
              12670.0
            ],
            [
              4351.0,
              12656.0
            ],
            [
              4361.0,
              12648.0
            ],
            [
              4353.0,
              12646.0
            ],
            [
              4339.0,
              12661.0
            ],
            [
              4306.0,
              12667.0
            ],
            [
              4283.0,
              12678.0
            ],
            [
              4281.0,
              12688.0
            ],
            [
              4270.0,
              12688.0
            ],
            [
              4250.0,
              12700.0
            ],
            [
              4236.0,
              12699.0
            ],
            [
              4228.0,
              12692.0
            ],
            [
              4234.0,
              12669.0
            ],
            [
              4245.0,
              12662.0
            ],
            [
              4257.0,
              12639.0
            ],
            [
              4278.0,
              12633.0
            ],
            [
              4280.0,
              12624.0
            ],
            [
              4312.0,
              12611.0
            ],
            [
              4324.0,
              12594.0
            ],
            [
              4358.0,
              12577.0
            ],
            [
              4356.0,
              12565.0
            ],
            [
              4318.0,
              12565.0
            ],
            [
              4300.0,
              12575.0
            ],
            [
              4292.0,
              12558.0
            ],
            [
              4294.0,
              12547.0
            ],
            [
              4311.0,
              12537.0
            ],
            [
              4385.0,
              12536.0
            ],
            [
              4460.0,
              12516.0
            ],
            [
              4464.0,
              12506.0
            ],
            [
              4456.0,
              12496.0
            ],
            [
              4474.0,
              12498.0
            ],
            [
              4475.0,
              12486.0
            ],
            [
              4490.0,
              12470.0
            ]
          ]
        ]
      },
      "properties": {
        "annotation_id": "3587_Benign_35",
        "label": "Benign",
        "probabilities": null,
        "tags": []
      }
    },
    {
      "type": "Feature",
      "geometry": {
        "type": "Polygon",
        "coordinates": [
          [
            [
              4461.0,
              12073.0
            ],
            [
              4424.0,
              12040.0
            ],
            [
              4401.0,
              12029.0
            ],
            [
              4375.0,
              12026.0
            ],
            [
              4351.0,
              12033.0
            ],
            [
              4331.0,
              12056.0
            ],
            [
              4329.0,
              12133.0
            ],
            [
              4310.0,
              12171.0
            ],
            [
              4271.0,
              12200.0
            ],
            [
              4205.0,
              12220.0
            ],
            [
              4200.0,
              12215.0
            ],
            [
              4210.0,
              12182.0
            ],
            [
              4208.0,
              12127.0
            ],
            [
              4175.0,
              12082.0
            ],
            [
              4173.0,
              12066.0
            ],
            [
              4160.0,
              12049.0
            ],
            [
              4128.0,
              12042.0
            ],
            [
              4032.0,
              12057.0
            ],
            [
              4001.0,
              12087.0
            ],
            [
              3990.0,
              12128.0
            ],
            [
              3966.0,
              12156.0
            ],
            [
              3941.0,
              12217.0
            ],
            [
              3912.0,
              12241.0
            ],
            [
              3904.0,
              12275.0
            ],
            [
              3910.0,
              12315.0
            ],
            [
              3945.0,
              12370.0
            ],
            [
              3975.0,
              12399.0
            ],
            [
              4022.0,
              12425.0
            ],
            [
              4040.0,
              12454.0
            ],
            [
              4056.0,
              12460.0
            ],
            [
              4107.0,
              12458.0
            ],
            [
              4126.0,
              12448.0
            ],
            [
              4156.0,
              12417.0
            ],
            [
              4179.0,
              12347.0
            ],
            [
              4255.0,
              12324.0
            ],
            [
              4316.0,
              12322.0
            ],
            [
              4369.0,
              12295.0
            ],
            [
              4423.0,
              12256.0
            ],
            [
              4444.0,
              12233.0
            ],
            [
              4442.0,
              12223.0
            ],
            [
              4412.0,
              12235.0
            ],
            [
              4390.0,
              12226.0
            ],
            [
              4428.0,
              12202.0
            ],
            [
              4460.0,
              12199.0
            ],
            [
              4473.0,
              12186.0
            ],
            [
              4457.0,
              12175.0
            ],
            [
              4455.0,
              12166.0
            ],
            [
              4474.0,
              12164.0
            ],
            [
              4479.0,
              12152.0
            ],
            [
              4449.0,
              12125.0
            ],
            [
              4455.0,
              12113.0
            ],
            [
              4462.0,
              12113.0
            ],
            [
              4461.0,
              12073.0
            ]
          ],
          [
            [
              4111.0,
              12344.0
            ],
            [
              4112.0,
              12345.0
            ],
            [
              4112.0,
              12348.0
            ],
            [
              4111.0,
              12349.0
            ],
            [
              4110.0,
              12352.0
            ],
            [
              4104.0,
              12359.0
            ],
            [
              4104.0,
              12360.0
            ],
            [
              4102.0,
              12362.0
            ],
            [
              4102.0,
              12363.0
            ],
            [
              4090.0,
              12375.0
            ],
            [
              4089.0,
              12378.0
            ],
            [
              4084.0,
              12384.0
            ],
            [
              4084.0,
              12385.0
            ],
            [
              4082.0,
              12388.0
            ],
            [
              4081.0,
              12393.0
            ],
            [
              4075.0,
              12399.0
            ],
            [
              4074.0,
              12399.0
            ],
            [
              4073.0,
              12400.0
            ],
            [
              4071.0,
              12400.0
            ],
            [
              4070.0,
              12401.0
            ],
            [
              4069.0,
              12401.0
            ],
            [
              4068.0,
              12400.0
            ],
            [
              4059.0,
              12400.0
            ],
            [
              4058.0,
              12399.0
            ],
            [
              4057.0,
              12399.0
            ],
            [
              4052.0,
              12394.0
            ],
            [
              4051.0,
              12391.0
            ],
            [
              4050.0,
              12390.0
            ],
            [
              4049.0,
              12390.0
            ],
            [
              4046.0,
              12387.0
            ],
            [
              4046.0,
              12386.0
            ],
            [
              4045.0,
              12385.0
            ],
            [
              4045.0,
              12381.0
            ],
            [
              4046.0,
              12380.0
            ],
            [
              4046.0,
              12379.0
            ],
            [
              4047.0,
              12378.0
            ],
            [
              4048.0,
              12378.0
            ],
            [
              4051.0,
              12375.0
            ],
            [
              4052.0,
              12375.0
            ],
            [
              4054.0,
              12373.0
            ],
            [
              4055.0,
              12373.0
            ],
            [
              4057.0,
              12371.0
            ],
            [
              4058.0,
              12371.0
            ],
            [
              4060.0,
              12369.0
            ],
            [
              4061.0,
              12369.0
            ],
            [
              4062.0,
              12368.0
            ],
            [
              4063.0,
              12368.0
            ],
            [
              4065.0,
              12366.0
            ],
            [
              4066.0,
              12366.0
            ],
            [
              4069.0,
              12363.0
            ],
            [
              4069.0,
              12362.0
            ],
            [
              4077.0,
              12354.0
            ],
            [
              4078.0,
              12354.0
            ],
            [
              4079.0,
              12353.0
            ],
            [
              4080.0,
              12353.0
            ],
            [
              4081.0,
              12352.0
            ],
            [
              4088.0,
              12349.0
            ],
            [
              4090.0,
              12347.0
            ],
            [
              4091.0,
              12347.0
            ],
            [
              4096.0,
              12344.0
            ],
            [
              4098.0,
              12344.0
            ],
            [
              4099.0,
              12343.0
            ],
            [
              4102.0,
              12343.0
            ],
            [
              4103.0,
              12342.0
            ],
            [
              4107.0,
              12342.0
            ],
            [
              4108.0,
              12343.0
            ],
            [
              4111.0,
              12344.0
            ]
          ],
          [
            [
              4084.0,
              12109.0
            ],
            [
              4091.0,
              12110.0
            ],
            [
              4095.0,
              12113.0
            ],
            [
              4100.0,
              12115.0
            ],
            [
              4103.0,
              12115.0
            ],
            [
              4104.0,
              12114.0
            ],
            [
              4115.0,
              12114.0
            ],
            [
              4119.0,
              12117.0
            ],
            [
              4119.0,
              12120.0
            ],
            [
              4115.0,
              12124.0
            ],
            [
              4115.0,
              12129.0
            ],
            [
              4117.0,
              12133.0
            ],
            [
              4117.0,
              12136.0
            ],
            [
              4119.0,
              12140.0
            ],
            [
              4123.0,
              12141.0
            ],
            [
              4126.0,
              12143.0
            ],
            [
              4126.0,
              12152.0
            ],
            [
              4125.0,
              12153.0
            ],
            [
              4125.0,
              12156.0
            ],
            [
              4122.0,
              12162.0
            ],
            [
              4119.0,
              12165.0
            ],
            [
              4116.0,
              12172.0
            ],
            [
              4111.0,
              12178.0
            ],
            [
              4107.0,
              12192.0
            ],
            [
              4098.0,
              12201.0
            ],
            [
              4096.0,
              12202.0
            ],
            [
              4094.0,
              12202.0
            ],
            [
              4090.0,
              12200.0
            ],
            [
              4081.0,
              12200.0
            ],
            [
              4067.0,
              12193.0
            ],
            [
              4065.0,
              12193.0
            ],
            [
              4058.0,
              12190.0
            ],
            [
              4054.0,
              12185.0
            ],
            [
              4054.0,
              12183.0
            ],
            [
              4051.0,
              12176.0
            ],
            [
              4051.0,
              12173.0
            ],
            [
              4050.0,
              12172.0
            ],
            [
              4050.0,
              12167.0
            ],
            [
              4049.0,
              12166.0
            ],
            [
              4050.0,
              12160.0
            ],
            [
              4053.0,
              12153.0
            ],
            [
              4053.0,
              12143.0
            ],
            [
              4055.0,
              12138.0
            ],
            [
              4055.0,
              12133.0
            ],
            [
              4058.0,
              12126.0
            ],
            [
              4071.0,
              12114.0
            ],
            [
              4084.0,
              12109.0
            ]
          ],
          [
            [
              4405.0,
              12082.0
            ],
            [
              4411.0,
              12085.0
            ],
            [
              4414.0,
              12090.0
            ],
            [
              4414.0,
              12093.0
            ],
            [
              4415.0,
              12094.0
            ],
            [
              4414.0,
              12101.0
            ],
            [
              4417.0,
              12104.0
            ],
            [
              4418.0,
              12121.0
            ],
            [
              4420.0,
              12124.0
            ],
            [
              4420.0,
              12130.0
            ],
            [
              4422.0,
              12132.0
            ],
            [
              4422.0,
              12150.0
            ],
            [
              4423.0,
              12151.0
            ],
            [
              4423.0,
              12156.0
            ],
            [
              4417.0,
              12163.0
            ],
            [
              4414.0,
              12164.0
            ],
            [
              4412.0,
              12166.0
            ],
            [
              4412.0,
              12169.0
            ],
            [
              4414.0,
              12171.0
            ],
            [
              4419.0,
              12171.0
            ],
            [
              4421.0,
              12172.0
            ],
            [
              4422.0,
              12175.0
            ],
            [
              4415.0,
              12180.0
            ],
            [
              4414.0,
              12179.0
            ],
            [
              4409.0,
              12180.0
            ],
            [
              4404.0,
              12178.0
            ],
            [
              4403.0,
              12179.0
            ],
            [
              4400.0,
              12178.0
            ],
            [
              4397.0,
              12180.0
            ],
            [
              4396.0,
              12179.0
            ],
            [
              4391.0,
              12182.0
            ],
            [
              4390.0,
              12181.0
            ],
            [
              4387.0,
              12181.0
            ],
            [
              4380.0,
              12189.0
            ],
            [
              4370.0,
              12193.0
            ],
            [
              4367.0,
              12191.0
            ],
            [
              4367.0,
              12188.0
            ],
            [
              4369.0,
              12186.0
            ],
            [
              4364.0,
              12182.0
            ],
            [
              4364.0,
              12178.0
            ],
            [
              4367.0,
              12176.0
            ],
            [
              4366.0,
              12166.0
            ],
            [
              4368.0,
              12164.0
            ],
            [
              4368.0,
              12159.0
            ],
            [
              4375.0,
              12155.0
            ],
            [
              4378.0,
              12155.0
            ],
            [
              4382.0,
              12153.0
            ],
            [
              4384.0,
              12148.0
            ],
            [
              4387.0,
              12145.0
            ],
            [
              4390.0,
              12144.0
            ],
            [
              4396.0,
              12137.0
            ],
            [
              4395.0,
              12128.0
            ],
            [
              4392.0,
              12124.0
            ],
            [
              4392.0,
              12114.0
            ],
            [
              4393.0,
              12112.0
            ],
            [
              4397.0,
              12109.0
            ],
            [
              4397.0,
              12104.0
            ],
            [
              4395.0,
              12100.0
            ],
            [
              4394.0,
              12094.0
            ],
            [
              4400.0,
              12085.0
            ],
            [
              4405.0,
              12082.0
            ]
          ]
        ]
      },
      "properties": {
        "annotation_id": "3587_Benign_36",
        "label": "GP3",
        "probabilities": {
          "GP3": 1,
          "GP4": 0,
          "GP5": 0,
          "Benign": 0
        },
        "tags": []
      }
    },
    {
      "type": "Feature",
      "geometry": {
        "type": "Polygon",
        "coordinates": [
          [
            [
              704.0,
              21886.0
            ],
            [
              702.0,
              21903.0
            ],
            [
              708.0,
              21915.0
            ],
            [
              717.0,
              21922.0
            ],
            [
              735.0,
              21925.0
            ],
            [
              738.0,
              21946.0
            ],
            [
              748.0,
              21964.0
            ],
            [
              790.0,
              22000.0
            ],
            [
              793.0,
              22067.0
            ],
            [
              800.0,
              22082.0
            ],
            [
              846.0,
              22119.0
            ],
            [
              929.0,
              22156.0
            ],
            [
              992.0,
              22216.0
            ],
            [
              1022.0,
              22216.0
            ],
            [
              1050.0,
              22196.0
            ],
            [
              1150.0,
              22196.0
            ],
            [
              1186.0,
              22176.0
            ],
            [
              1205.0,
              22151.0
            ],
            [
              1209.0,
              22116.0
            ],
            [
              1196.0,
              22097.0
            ],
            [
              1168.0,
              22097.0
            ],
            [
              1146.0,
              22072.0
            ],
            [
              1096.0,
              22068.0
            ],
            [
              1117.0,
              22039.0
            ],
            [
              1116.0,
              22018.0
            ],
            [
              1104.0,
              22004.0
            ],
            [
              1050.0,
              21975.0
            ],
            [
              996.0,
              21962.0
            ],
            [
              941.0,
              21933.0
            ],
            [
              915.0,
              21929.0
            ],
            [
              906.0,
              21910.0
            ],
            [
              889.0,
              21910.0
            ],
            [
              876.0,
              21893.0
            ],
            [
              879.0,
              21886.0
            ],
            [
              909.0,
              21884.0
            ],
            [
              928.0,
              21901.0
            ],
            [
              940.0,
              21901.0
            ],
            [
              958.0,
              21916.0
            ],
            [
              972.0,
              21916.0
            ],
            [
              931.0,
              21885.0
            ],
            [
              870.0,
              21858.0
            ],
            [
              769.0,
              21858.0
            ],
            [
              718.0,
              21872.0
            ],
            [
              704.0,
              21886.0
            ]
          ],
          [
            [
              896.0,
              22079.0
            ],
            [
              899.0,
              22077.0
            ],
            [
              902.0,
              22077.0
            ],
            [
              912.0,
              22081.0
            ],
            [
              919.0,
              22081.0
            ],
            [
              926.0,
              22084.0
            ],
            [
              930.0,
              22087.0
            ],
            [
              934.0,
              22092.0
            ],
            [
              938.0,
              22094.0
            ],
            [
              945.0,
              22095.0
            ],
            [
              955.0,
              22100.0
            ],
            [
              963.0,
              22099.0
            ],
            [
              972.0,
              22103.0
            ],
            [
              975.0,
              22103.0
            ],
            [
              984.0,
              22106.0
            ],
            [
              988.0,
              22106.0
            ],
            [
              993.0,
              22108.0
            ],
            [
              997.0,
              22112.0
            ],
            [
              1005.0,
              22117.0
            ],
            [
              1008.0,
              22120.0
            ],
            [
              1011.0,
              22126.0
            ],
            [
              1014.0,
              22127.0
            ],
            [
              1020.0,
              22132.0
            ],
            [
              1027.0,
              22142.0
            ],
            [
              1027.0,
              22145.0
            ],
            [
              1023.0,
              22148.0
            ],
            [
              1013.0,
              22146.0
            ],
            [
              1003.0,
              22135.0
            ],
            [
              994.0,
              22130.0
            ],
            [
              979.0,
              22113.0
            ],
            [
              977.0,
              22112.0
            ],
            [
              966.0,
              22113.0
            ],
            [
              958.0,
              22108.0
            ],
            [
              954.0,
              22108.0
            ],
            [
              942.0,
              22104.0
            ],
            [
              937.0,
              22104.0
            ],
            [
              933.0,
              22102.0
            ],
            [
              925.0,
              22093.0
            ],
            [
              920.0,
              22090.0
            ],
            [
              913.0,
              22089.0
            ],
            [
              912.0,
              22088.0
            ],
            [
              910.0,
              22089.0
            ],
            [
              905.0,
              22089.0
            ],
            [
              900.0,
              22087.0
            ],
            [
              898.0,
              22085.0
            ],
            [
              896.0,
              22079.0
            ]
          ],
          [
            [
              757.0,
              21920.0
            ],
            [
              763.0,
              21917.0
            ],
            [
              766.0,
              21908.0
            ],
            [
              770.0,
              21905.0
            ],
            [
              777.0,
              21911.0
            ],
            [
              784.0,
              21915.0
            ],
            [
              786.0,
              21918.0
            ],
            [
              790.0,
              21918.0
            ],
            [
              796.0,
              21922.0
            ],
            [
              815.0,
              21926.0
            ],
            [
              824.0,
              21931.0
            ],
            [
              832.0,
              21933.0
            ],
            [
              837.0,
              21933.0
            ],
            [
              838.0,
              21934.0
            ],
            [
              843.0,
              21934.0
            ],
            [
              851.0,
              21937.0
            ],
            [
              861.0,
              21938.0
            ],
            [
              875.0,
              21942.0
            ],
            [
              881.0,
              21945.0
            ],
            [
              888.0,
              21946.0
            ],
            [
              891.0,
              21948.0
            ],
            [
              891.0,
              21950.0
            ],
            [
              888.0,
              21953.0
            ],
            [
              889.0,
              21960.0
            ],
            [
              886.0,
              21962.0
            ],
            [
              873.0,
              21961.0
            ],
            [
              863.0,
              21965.0
            ],
            [
              860.0,
              21965.0
            ],
            [
              856.0,
              21962.0
            ],
            [
              851.0,
              21947.0
            ],
            [
              848.0,
              21944.0
            ],
            [
              840.0,
              21940.0
            ],
            [
              835.0,
              21940.0
            ],
            [
              833.0,
              21942.0
            ],
            [
              833.0,
              21949.0
            ],
            [
              835.0,
              21953.0
            ],
            [
              835.0,
              21957.0
            ],
            [
              832.0,
              21959.0
            ],
            [
              823.0,
              21956.0
            ],
            [
              818.0,
              21956.0
            ],
            [
              811.0,
              21953.0
            ],
            [
              806.0,
              21954.0
            ],
            [
              798.0,
              21952.0
            ],
            [
              790.0,
              21947.0
            ],
            [
              779.0,
              21944.0
            ],
            [
              770.0,
              21940.0
            ],
            [
              767.0,
              21937.0
            ],
            [
              764.0,
              21929.0
            ],
            [
              757.0,
              21922.0
            ],
            [
              757.0,
              21920.0
            ]
          ]
        ]
      },
      "properties": {
        "annotation_id": "3587_Benign_4",
        "label": "Benign",
        "probabilities": null,
        "tags": []
      }
    },
    {
      "type": "Feature",
      "geometry": {
        "type": "Polygon",
        "coordinates": [
          [
            [
              3987.0,
              11740.0
            ],
            [
              3681.0,
              11689.0
            ],
            [
              3601.0,
              11740.0
            ],
            [
              3530.0,
              11886.0
            ],
            [
              3464.0,
              11918.0
            ],
            [
              3217.0,
              11872.0
            ],
            [
              3137.0,
              11898.0
            ],
            [
              3224.0,
              11976.0
            ],
            [
              3205.0,
              12054.0
            ],
            [
              3255.0,
              12068.0
            ],
            [
              3176.0,
              12100.0
            ],
            [
              3162.0,
              12066.0
            ],
            [
              3138.0,
              12066.0
            ],
            [
              3124.0,
              12141.0
            ],
            [
              3226.0,
              12375.0
            ],
            [
              3714.0,
              12366.0
            ],
            [
              3694.0,
              12438.0
            ],
            [
              3548.0,
              12600.0
            ],
            [
              3528.0,
              12685.0
            ],
            [
              3504.0,
              12685.0
            ],
            [
              3498.0,
              12652.0
            ],
            [
              3462.0,
              12636.0
            ],
            [
              3327.0,
              12695.0
            ],
            [
              3219.0,
              12708.0
            ],
            [
              3253.0,
              12717.0
            ],
            [
              3201.0,
              12739.0
            ],
            [
              3181.0,
              12832.0
            ],
            [
              3276.0,
              12956.0
            ],
            [
              3264.0,
              12977.0
            ],
            [
              3281.0,
              13067.0
            ],
            [
              3258.0,
              13057.0
            ],
            [
              3241.0,
              13095.0
            ],
            [
              3303.0,
              13119.0
            ],
            [
              3344.0,
              13035.0
            ],
            [
              3418.0,
              13161.0
            ],
            [
              3474.0,
              13189.0
            ],
            [
              3542.0,
              13189.0
            ],
            [
              3754.0,
              13107.0
            ],
            [
              3830.0,
              13053.0
            ],
            [
              3857.0,
              12924.0
            ],
            [
              3980.0,
              12821.0
            ],
            [
              4055.0,
              12706.0
            ],
            [
              4049.0,
              12638.0
            ],
            [
              3998.0,
              12611.0
            ],
            [
              3923.0,
              12615.0
            ],
            [
              3939.0,
              12572.0
            ],
            [
              4003.0,
              12540.0
            ],
            [
              4007.0,
              12502.0
            ],
            [
              3917.0,
              12426.0
            ],
            [
              3914.0,
              12358.0
            ],
            [
              3844.0,
              12277.0
            ],
            [
              3887.0,
              12179.0
            ],
            [
              4027.0,
              12032.0
            ],
            [
              4081.0,
              11944.0
            ],
            [
              4060.0,
              11835.0
            ],
            [
              3987.0,
              11740.0
            ]
          ],
          [
            [
              3349.0,
              12978.0
            ],
            [
              3351.0,
              12976.0
            ],
            [
              3352.0,
              12976.0
            ],
            [
              3353.0,
              12975.0
            ],
            [
              3355.0,
              12975.0
            ],
            [
              3356.0,
              12974.0
            ],
            [
              3358.0,
              12974.0
            ],
            [
              3359.0,
              12975.0
            ],
            [
              3365.0,
              12975.0
            ],
            [
              3368.0,
              12977.0
            ],
            [
              3370.0,
              12977.0
            ],
            [
              3372.0,
              12975.0
            ],
            [
              3373.0,
              12975.0
            ],
            [
              3374.0,
              12974.0
            ],
            [
              3376.0,
              12974.0
            ],
            [
              3382.0,
              12968.0
            ],
            [
              3383.0,
              12968.0
            ],
            [
              3384.0,
              12967.0
            ],
            [
              3385.0,
              12967.0
            ],
            [
              3386.0,
              12968.0
            ],
            [
              3387.0,
              12968.0
            ],
            [
              3388.0,
              12969.0
            ],
            [
              3388.0,
              12972.0
            ],
            [
              3389.0,
              12973.0
            ],
            [
              3389.0,
              12978.0
            ],
            [
              3388.0,
              12979.0
            ],
            [
              3388.0,
              12984.0
            ],
            [
              3389.0,
              12985.0
            ],
            [
              3389.0,
              12986.0
            ],
            [
              3391.0,
              12988.0
            ],
            [
              3392.0,
              12988.0
            ],
            [
              3393.0,
              12989.0
            ],
            [
              3394.0,
              12989.0
            ],
            [
              3395.0,
              12990.0
            ],
            [
              3396.0,
              12990.0
            ],
            [
              3397.0,
              12991.0
            ],
            [
              3397.0,
              12993.0
            ],
            [
              3398.0,
              12994.0
            ],
            [
              3398.0,
              13002.0
            ],
            [
              3397.0,
              13003.0
            ],
            [
              3397.0,
              13004.0
            ],
            [
              3394.0,
              13006.0
            ],
            [
              3390.0,
              13006.0
            ],
            [
              3389.0,
              13005.0
            ],
            [
              3388.0,
              13005.0
            ],
            [
              3386.0,
              13003.0
            ],
            [
              3384.0,
              13003.0
            ],
            [
              3383.0,
              13002.0
            ],
            [
              3382.0,
              13002.0
            ],
            [
              3380.0,
              13000.0
            ],
            [
              3376.0,
              13000.0
            ],
            [
              3375.0,
              12999.0
            ],
            [
              3374.0,
              12999.0
            ],
            [
              3372.0,
              12997.0
            ],
            [
              3370.0,
              12997.0
            ],
            [
              3369.0,
              12996.0
            ],
            [
              3368.0,
              12996.0
            ],
            [
              3366.0,
              12994.0
            ],
            [
              3365.0,
              12994.0
            ],
            [
              3362.0,
              12991.0
            ],
            [
              3361.0,
              12991.0
            ],
            [
              3360.0,
              12990.0
            ],
            [
              3359.0,
              12990.0
            ],
            [
              3357.0,
              12988.0
            ],
            [
              3355.0,
              12988.0
            ],
            [
              3354.0,
              12987.0
            ],
            [
              3353.0,
              12987.0
            ],
            [
              3352.0,
              12986.0
            ],
            [
              3351.0,
              12986.0
            ],
            [
              3349.0,
              12984.0
            ],
            [
              3349.0,
              12978.0
            ]
          ],
          [
            [
              3727.0,
              12931.0
            ],
            [
              3727.0,
              12937.0
            ],
            [
              3724.0,
              12943.0
            ],
            [
              3715.0,
              12953.0
            ],
            [
              3704.0,
              12971.0
            ],
            [
              3704.0,
              12977.0
            ],
            [
              3706.0,
              12979.0
            ],
            [
              3707.0,
              13014.0
            ],
            [
              3696.0,
              13025.0
            ],
            [
              3685.0,
              13030.0
            ],
            [
              3679.0,
              13036.0
            ],
            [
              3670.0,
              13056.0
            ],
            [
              3657.0,
              13072.0
            ],
            [
              3650.0,
              13075.0
            ],
            [
              3634.0,
              13075.0
            ],
            [
              3622.0,
              13072.0
            ],
            [
              3599.0,
              13072.0
            ],
            [
              3583.0,
              13078.0
            ],
            [
              3569.0,
              13091.0
            ],
            [
              3563.0,
              13092.0
            ],
            [
              3557.0,
              13088.0
            ],
            [
              3549.0,
              13077.0
            ],
            [
              3551.0,
              13068.0
            ],
            [
              3559.0,
              13060.0
            ],
            [
              3572.0,
              13052.0
            ],
            [
              3592.0,
              13046.0
            ],
            [
              3598.0,
              13036.0
            ],
            [
              3606.0,
              13029.0
            ],
            [
              3610.0,
              13020.0
            ],
            [
              3610.0,
              13010.0
            ],
            [
              3607.0,
              13004.0
            ],
            [
              3595.0,
              12994.0
            ],
            [
              3592.0,
              12983.0
            ],
            [
              3596.0,
              12981.0
            ],
            [
              3608.0,
              12990.0
            ],
            [
              3621.0,
              12991.0
            ],
            [
              3630.0,
              12988.0
            ],
            [
              3639.0,
              12973.0
            ],
            [
              3634.0,
              12963.0
            ],
            [
              3623.0,
              12953.0
            ],
            [
              3624.0,
              12949.0
            ],
            [
              3649.0,
              12948.0
            ],
            [
              3663.0,
              12939.0
            ],
            [
              3676.0,
              12939.0
            ],
            [
              3690.0,
              12933.0
            ],
            [
              3711.0,
              12930.0
            ],
            [
              3719.0,
              12927.0
            ],
            [
              3727.0,
              12931.0
            ]
          ],
          [
            [
              3489.0,
              12729.0
            ],
            [
              3513.0,
              12753.0
            ],
            [
              3517.0,
              12765.0
            ],
            [
              3513.0,
              12776.0
            ],
            [
              3501.0,
              12786.0
            ],
            [
              3496.0,
              12804.0
            ],
            [
              3469.0,
              12823.0
            ],
            [
              3468.0,
              12833.0
            ],
            [
              3476.0,
              12841.0
            ],
            [
              3506.0,
              12845.0
            ],
            [
              3507.0,
              12855.0
            ],
            [
              3499.0,
              12865.0
            ],
            [
              3472.0,
              12882.0
            ],
            [
              3463.0,
              12893.0
            ],
            [
              3463.0,
              12904.0
            ],
            [
              3445.0,
              12925.0
            ],
            [
              3429.0,
              12932.0
            ],
            [
              3410.0,
              12952.0
            ],
            [
              3385.0,
              12956.0
            ],
            [
              3377.0,
              12950.0
            ],
            [
              3316.0,
              12947.0
            ],
            [
              3338.0,
              12937.0
            ],
            [
              3396.0,
              12933.0
            ],
            [
              3393.0,
              12924.0
            ],
            [
              3411.0,
              12898.0
            ],
            [
              3414.0,
              12885.0
            ],
            [
              3394.0,
              12858.0
            ],
            [
              3379.0,
              12854.0
            ],
            [
              3337.0,
              12872.0
            ],
            [
              3317.0,
              12871.0
            ],
            [
              3304.0,
              12877.0
            ],
            [
              3283.0,
              12875.0
            ],
            [
              3266.0,
              12866.0
            ],
            [
              3247.0,
              12842.0
            ],
            [
              3224.0,
              12830.0
            ],
            [
              3227.0,
              12821.0
            ],
            [
              3236.0,
              12815.0
            ],
            [
              3254.0,
              12835.0
            ],
            [
              3281.0,
              12847.0
            ],
            [
              3297.0,
              12847.0
            ],
            [
              3318.0,
              12839.0
            ],
            [
              3350.0,
              12838.0
            ],
            [
              3371.0,
              12829.0
            ],
            [
              3369.0,
              12812.0
            ],
            [
              3348.0,
              12791.0
            ],
            [
              3302.0,
              12759.0
            ],
            [
              3291.0,
              12744.0
            ],
            [
              3294.0,
              12740.0
            ],
            [
              3304.0,
              12741.0
            ],
            [
              3326.0,
              12763.0
            ],
            [
              3343.0,
              12764.0
            ],
            [
              3369.0,
              12775.0
            ],
            [
              3390.0,
              12748.0
            ],
            [
              3396.0,
              12723.0
            ],
            [
              3425.0,
              12706.0
            ],
            [
              3458.0,
              12713.0
            ],
            [
              3489.0,
              12729.0
            ]
          ],
          [
            [
              3751.0,
              12546.0
            ],
            [
              3755.0,
              12549.0
            ],
            [
              3758.0,
              12561.0
            ],
            [
              3753.0,
              12581.0
            ],
            [
              3753.0,
              12604.0
            ],
            [
              3761.0,
              12618.0
            ],
            [
              3761.0,
              12638.0
            ],
            [
              3776.0,
              12657.0
            ],
            [
              3767.0,
              12679.0
            ],
            [
              3767.0,
              12701.0
            ],
            [
              3774.0,
              12730.0
            ],
            [
              3771.0,
              12737.0
            ],
            [
              3738.0,
              12748.0
            ],
            [
              3750.0,
              12758.0
            ],
            [
              3741.0,
              12777.0
            ],
            [
              3744.0,
              12805.0
            ],
            [
              3738.0,
              12816.0
            ],
            [
              3738.0,
              12825.0
            ],
            [
              3742.0,
              12832.0
            ],
            [
              3741.0,
              12843.0
            ],
            [
              3723.0,
              12857.0
            ],
            [
              3706.0,
              12863.0
            ],
            [
              3693.0,
              12863.0
            ],
            [
              3671.0,
              12854.0
            ],
            [
              3672.0,
              12839.0
            ],
            [
              3687.0,
              12817.0
            ],
            [
              3685.0,
              12808.0
            ],
            [
              3680.0,
              12808.0
            ],
            [
              3676.0,
              12819.0
            ],
            [
              3670.0,
              12823.0
            ],
            [
              3658.0,
              12820.0
            ],
            [
              3640.0,
              12823.0
            ],
            [
              3633.0,
              12819.0
            ],
            [
              3632.0,
              12808.0
            ],
            [
              3638.0,
              12793.0
            ],
            [
              3655.0,
              12778.0
            ],
            [
              3677.0,
              12768.0
            ],
            [
              3703.0,
              12733.0
            ],
            [
              3710.0,
              12686.0
            ],
            [
              3709.0,
              12641.0
            ],
            [
              3703.0,
              12615.0
            ],
            [
              3697.0,
              12607.0
            ],
            [
              3682.0,
              12603.0
            ],
            [
              3670.0,
              12594.0
            ],
            [
              3652.0,
              12594.0
            ],
            [
              3646.0,
              12591.0
            ],
            [
              3638.0,
              12580.0
            ],
            [
              3637.0,
              12571.0
            ],
            [
              3638.0,
              12567.0
            ],
            [
              3647.0,
              12561.0
            ],
            [
              3675.0,
              12555.0
            ],
            [
              3687.0,
              12567.0
            ],
            [
              3698.0,
              12566.0
            ],
            [
              3711.0,
              12572.0
            ],
            [
              3722.0,
              12572.0
            ],
            [
              3742.0,
              12549.0
            ],
            [
              3751.0,
              12546.0
            ]
          ],
          [
            [
              3351.0,
              12245.0
            ],
            [
              3355.0,
              12242.0
            ],
            [
              3360.0,
              12242.0
            ],
            [
              3374.0,
              12248.0
            ],
            [
              3379.0,
              12248.0
            ],
            [
              3394.0,
              12257.0
            ],
            [
              3402.0,
              12258.0
            ],
            [
              3405.0,
              12260.0
            ],
            [
              3415.0,
              12260.0
            ],
            [
              3418.0,
              12258.0
            ],
            [
              3423.0,
              12258.0
            ],
            [
              3430.0,
              12263.0
            ],
            [
              3439.0,
              12267.0
            ],
            [
              3443.0,
              12271.0
            ],
            [
              3443.0,
              12275.0
            ],
            [
              3449.0,
              12279.0
            ],
            [
              3455.0,
              12278.0
            ],
            [
              3464.0,
              12273.0
            ],
            [
              3474.0,
              12273.0
            ],
            [
              3477.0,
              12275.0
            ],
            [
              3490.0,
              12278.0
            ],
            [
              3503.0,
              12285.0
            ],
            [
              3509.0,
              12285.0
            ],
            [
              3524.0,
              12294.0
            ],
            [
              3527.0,
              12297.0
            ],
            [
              3527.0,
              12307.0
            ],
            [
              3523.0,
              12310.0
            ],
            [
              3514.0,
              12310.0
            ],
            [
              3510.0,
              12307.0
            ],
            [
              3490.0,
              12300.0
            ],
            [
              3483.0,
              12295.0
            ],
            [
              3477.0,
              12294.0
            ],
            [
              3474.0,
              12292.0
            ],
            [
              3460.0,
              12292.0
            ],
            [
              3455.0,
              12296.0
            ],
            [
              3456.0,
              12311.0
            ],
            [
              3453.0,
              12313.0
            ],
            [
              3449.0,
              12313.0
            ],
            [
              3439.0,
              12306.0
            ],
            [
              3434.0,
              12297.0
            ],
            [
              3433.0,
              12292.0
            ],
            [
              3427.0,
              12286.0
            ],
            [
              3421.0,
              12285.0
            ],
            [
              3418.0,
              12283.0
            ],
            [
              3415.0,
              12283.0
            ],
            [
              3412.0,
              12285.0
            ],
            [
              3403.0,
              12285.0
            ],
            [
              3386.0,
              12279.0
            ],
            [
              3378.0,
              12271.0
            ],
            [
              3374.0,
              12270.0
            ],
            [
              3368.0,
              12264.0
            ],
            [
              3359.0,
              12260.0
            ],
            [
              3351.0,
              12251.0
            ],
            [
              3351.0,
              12245.0
            ]
          ],
          [
            [
              3747.0,
              12125.0
            ],
            [
              3750.0,
              12138.0
            ],
            [
              3750.0,
              12156.0
            ],
            [
              3748.0,
              12159.0
            ],
            [
              3725.0,
              12160.0
            ],
            [
              3716.0,
              12157.0
            ],
            [
              3706.0,
              12165.0
            ],
            [
              3697.0,
              12178.0
            ],
            [
              3682.0,
              12188.0
            ],
            [
              3652.0,
              12201.0
            ],
            [
              3644.0,
              12202.0
            ],
            [
              3633.0,
              12211.0
            ],
            [
              3630.0,
              12232.0
            ],
            [
              3610.0,
              12275.0
            ],
            [
              3615.0,
              12282.0
            ],
            [
              3621.0,
              12285.0
            ],
            [
              3635.0,
              12285.0
            ],
            [
              3646.0,
              12281.0
            ],
            [
              3651.0,
              12281.0
            ],
            [
              3654.0,
              12285.0
            ],
            [
              3640.0,
              12296.0
            ],
            [
              3626.0,
              12301.0
            ],
            [
              3600.0,
              12316.0
            ],
            [
              3592.0,
              12318.0
            ],
            [
              3572.0,
              12316.0
            ],
            [
              3562.0,
              12325.0
            ],
            [
              3559.0,
              12332.0
            ],
            [
              3553.0,
              12334.0
            ],
            [
              3544.0,
              12332.0
            ],
            [
              3539.0,
              12322.0
            ],
            [
              3540.0,
              12300.0
            ],
            [
              3552.0,
              12294.0
            ],
            [
              3561.0,
              12283.0
            ],
            [
              3582.0,
              12275.0
            ],
            [
              3588.0,
              12269.0
            ],
            [
              3605.0,
              12232.0
            ],
            [
              3609.0,
              12209.0
            ],
            [
              3606.0,
              12199.0
            ],
            [
              3597.0,
              12190.0
            ],
            [
              3597.0,
              12183.0
            ],
            [
              3610.0,
              12171.0
            ],
            [
              3622.0,
              12173.0
            ],
            [
              3630.0,
              12170.0
            ],
            [
              3638.0,
              12162.0
            ],
            [
              3666.0,
              12147.0
            ],
            [
              3683.0,
              12131.0
            ],
            [
              3690.0,
              12129.0
            ],
            [
              3726.0,
              12130.0
            ],
            [
              3742.0,
              12124.0
            ],
            [
              3747.0,
              12125.0
            ]
          ],
          [
            [
              3572.0,
              11938.0
            ],
            [
              3579.0,
              11935.0
            ],
            [
              3610.0,
              11981.0
            ],
            [
              3633.0,
              11998.0
            ],
            [
              3724.0,
              12012.0
            ],
            [
              3732.0,
              12006.0
            ],
            [
              3735.0,
              11989.0
            ],
            [
              3731.0,
              11942.0
            ],
            [
              3710.0,
              11888.0
            ],
            [
              3682.0,
              11876.0
            ],
            [
              3684.0,
              11862.0
            ],
            [
              3673.0,
              11853.0
            ],
            [
              3679.0,
              11845.0
            ],
            [
              3651.0,
              11831.0
            ],
            [
              3651.0,
              11813.0
            ],
            [
              3683.0,
              11804.0
            ],
            [
              3694.0,
              11818.0
            ],
            [
              3710.0,
              11818.0
            ],
            [
              3740.0,
              11775.0
            ],
            [
              3751.0,
              11771.0
            ],
            [
              3757.0,
              11781.0
            ],
            [
              3751.0,
              11866.0
            ],
            [
              3783.0,
              11922.0
            ],
            [
              3795.0,
              11930.0
            ],
            [
              3819.0,
              11916.0
            ],
            [
              3836.0,
              11887.0
            ],
            [
              3871.0,
              11856.0
            ],
            [
              3858.0,
              11813.0
            ],
            [
              3863.0,
              11782.0
            ],
            [
              3870.0,
              11780.0
            ],
            [
              3879.0,
              11787.0
            ],
            [
              3898.0,
              11822.0
            ],
            [
              3919.0,
              11823.0
            ],
            [
              3964.0,
              11808.0
            ],
            [
              3974.0,
              11814.0
            ],
            [
              3975.0,
              11833.0
            ],
            [
              3959.0,
              11865.0
            ],
            [
              3965.0,
              11885.0
            ],
            [
              3937.0,
              11901.0
            ],
            [
              3928.0,
              11914.0
            ],
            [
              3934.0,
              11940.0
            ],
            [
              3926.0,
              11952.0
            ],
            [
              3924.0,
              11974.0
            ],
            [
              3912.0,
              11984.0
            ],
            [
              3926.0,
              12023.0
            ],
            [
              3923.0,
              12033.0
            ],
            [
              3869.0,
              12030.0
            ],
            [
              3848.0,
              12036.0
            ],
            [
              3831.0,
              12051.0
            ],
            [
              3832.0,
              12070.0
            ],
            [
              3823.0,
              12075.0
            ],
            [
              3812.0,
              12074.0
            ],
            [
              3800.0,
              12062.0
            ],
            [
              3777.0,
              12066.0
            ],
            [
              3733.0,
              12052.0
            ],
            [
              3714.0,
              12054.0
            ],
            [
              3619.0,
              12021.0
            ],
            [
              3578.0,
              11965.0
            ],
            [
              3572.0,
              11938.0
            ]
          ]
        ]
      },
      "properties": {
        "annotation_id": "3587_Benign_40",
        "label": "Benign",
        "probabilities": null,
        "tags": []
      }
    },
    {
      "type": "Feature",
      "geometry": {
        "type": "Polygon",
        "coordinates": [
          [
            [
              4392.0,
              11420.0
            ],
            [
              4392.0,
              11370.0
            ],
            [
              4379.0,
              11340.0
            ],
            [
              4317.0,
              11312.0
            ],
            [
              4312.0,
              11285.0
            ],
            [
              4269.0,
              11266.0
            ],
            [
              4266.0,
              11251.0
            ],
            [
              4235.0,
              11261.0
            ],
            [
              4236.0,
              11276.0
            ],
            [
              4226.0,
              11267.0
            ],
            [
              4279.0,
              11212.0
            ],
            [
              4288.0,
              11177.0
            ],
            [
              4321.0,
              11166.0
            ],
            [
              4290.0,
              11146.0
            ],
            [
              4257.0,
              11178.0
            ],
            [
              4252.0,
              11145.0
            ],
            [
              4236.0,
              11144.0
            ],
            [
              4229.0,
              11158.0
            ],
            [
              4221.0,
              11151.0
            ],
            [
              4222.0,
              11180.0
            ],
            [
              4180.0,
              11206.0
            ],
            [
              4161.0,
              11238.0
            ],
            [
              4132.0,
              11228.0
            ],
            [
              4121.0,
              11211.0
            ],
            [
              4137.0,
              11193.0
            ],
            [
              4145.0,
              11201.0
            ],
            [
              4161.0,
              11193.0
            ],
            [
              4167.0,
              11172.0
            ],
            [
              3962.0,
              11214.0
            ],
            [
              3791.0,
              11218.0
            ],
            [
              3649.0,
              11272.0
            ],
            [
              3489.0,
              11281.0
            ],
            [
              3119.0,
              11238.0
            ],
            [
              3064.0,
              11255.0
            ],
            [
              3038.0,
              11302.0
            ],
            [
              3043.0,
              11361.0
            ],
            [
              3113.0,
              11514.0
            ],
            [
              3205.0,
              11566.0
            ],
            [
              3386.0,
              11528.0
            ],
            [
              3590.0,
              11523.0
            ],
            [
              3672.0,
              11554.0
            ],
            [
              3707.0,
              11581.0
            ],
            [
              3789.0,
              11606.0
            ],
            [
              4042.0,
              11620.0
            ],
            [
              4301.0,
              11527.0
            ],
            [
              4365.0,
              11472.0
            ],
            [
              4392.0,
              11420.0
            ]
          ],
          [
            [
              4168.0,
              11308.0
            ],
            [
              4147.0,
              11336.0
            ],
            [
              4097.0,
              11369.0
            ],
            [
              3970.0,
              11381.0
            ],
            [
              3901.0,
              11407.0
            ],
            [
              3830.0,
              11408.0
            ],
            [
              3826.0,
              11427.0
            ],
            [
              3836.0,
              11443.0
            ],
            [
              3802.0,
              11487.0
            ],
            [
              3803.0,
              11528.0
            ],
            [
              3755.0,
              11521.0
            ],
            [
              3728.0,
              11501.0
            ],
            [
              3684.0,
              11504.0
            ],
            [
              3661.0,
              11490.0
            ],
            [
              3621.0,
              11484.0
            ],
            [
              3599.0,
              11464.0
            ],
            [
              3558.0,
              11446.0
            ],
            [
              3538.0,
              11452.0
            ],
            [
              3527.0,
              11445.0
            ],
            [
              3504.0,
              11457.0
            ],
            [
              3468.0,
              11445.0
            ],
            [
              3408.0,
              11469.0
            ],
            [
              3384.0,
              11461.0
            ],
            [
              3366.0,
              11471.0
            ],
            [
              3324.0,
              11472.0
            ],
            [
              3254.0,
              11510.0
            ],
            [
              3163.0,
              11491.0
            ],
            [
              3143.0,
              11459.0
            ],
            [
              3153.0,
              11443.0
            ],
            [
              3144.0,
              11401.0
            ],
            [
              3156.0,
              11371.0
            ],
            [
              3147.0,
              11337.0
            ],
            [
              3240.0,
              11301.0
            ],
            [
              3299.0,
              11337.0
            ],
            [
              3313.0,
              11332.0
            ],
            [
              3374.0,
              11353.0
            ],
            [
              3383.0,
              11364.0
            ],
            [
              3400.0,
              11346.0
            ],
            [
              3432.0,
              11348.0
            ],
            [
              3455.0,
              11371.0
            ],
            [
              3544.0,
              11354.0
            ],
            [
              3558.0,
              11343.0
            ],
            [
              3657.0,
              11355.0
            ],
            [
              3780.0,
              11286.0
            ],
            [
              3829.0,
              11283.0
            ],
            [
              3866.0,
              11268.0
            ],
            [
              3872.0,
              11250.0
            ],
            [
              3881.0,
              11257.0
            ],
            [
              3876.0,
              11267.0
            ],
            [
              3897.0,
              11283.0
            ],
            [
              3926.0,
              11268.0
            ],
            [
              3939.0,
              11281.0
            ],
            [
              3955.0,
              11269.0
            ],
            [
              4021.0,
              11285.0
            ],
            [
              4086.0,
              11279.0
            ],
            [
              4102.0,
              11270.0
            ],
            [
              4099.0,
              11311.0
            ],
            [
              4116.0,
              11305.0
            ],
            [
              4122.0,
              11274.0
            ],
            [
              4140.0,
              11270.0
            ],
            [
              4149.0,
              11277.0
            ],
            [
              4149.0,
              11296.0
            ],
            [
              4168.0,
              11308.0
            ]
          ]
        ]
      },
      "properties": {
        "annotation_id": "3587_Benign_48",
        "label": "Benign",
        "probabilities": null,
        "tags": []
      }
    },
    {
      "type": "Feature",
      "geometry": {
        "type": "Polygon",
        "coordinates": [
          [
            [
              3371.0,
              8529.0
            ],
            [
              3371.0,
              8542.0
            ],
            [
              3384.0,
              8555.0
            ],
            [
              3397.0,
              8561.0
            ],
            [
              3411.0,
              8565.0
            ],
            [
              3437.0,
              8577.0
            ],
            [
              3459.0,
              8593.0
            ],
            [
              3485.0,
              8600.0
            ],
            [
              3492.0,
              8605.0
            ],
            [
              3513.0,
              8611.0
            ],
            [
              3534.0,
              8611.0
            ],
            [
              3543.0,
              8608.0
            ],
            [
              3558.0,
              8611.0
            ],
            [
              3573.0,
              8619.0
            ],
            [
              3580.0,
              8618.0
            ],
            [
              3584.0,
              8614.0
            ],
            [
              3584.0,
              8598.0
            ],
            [
              3580.0,
              8580.0
            ],
            [
              3574.0,
              8572.0
            ],
            [
              3567.0,
              8568.0
            ],
            [
              3553.0,
              8565.0
            ],
            [
              3549.0,
              8562.0
            ],
            [
              3528.0,
              8558.0
            ],
            [
              3521.0,
              8559.0
            ],
            [
              3502.0,
              8567.0
            ],
            [
              3487.0,
              8567.0
            ],
            [
              3480.0,
              8564.0
            ],
            [
              3463.0,
              8552.0
            ],
            [
              3461.0,
              8549.0
            ],
            [
              3435.0,
              8534.0
            ],
            [
              3429.0,
              8533.0
            ],
            [
              3415.0,
              8524.0
            ],
            [
              3397.0,
              8517.0
            ],
            [
              3391.0,
              8517.0
            ],
            [
              3378.0,
              8521.0
            ],
            [
              3371.0,
              8529.0
            ]
          ]
        ]
      },
      "properties": {
        "annotation_id": "3587_Benign_51",
        "label": "GP3",
        "probabilities": {
          "GP3": 1,
          "GP4": 0,
          "GP5": 0,
          "Benign": 0
        },
        "tags": []
      }
    },
    {
      "type": "Feature",
      "geometry": {
        "type": "Polygon",
        "coordinates": [
          [
            [
              3493.0,
              7787.0
            ],
            [
              3489.0,
              7791.0
            ],
            [
              3484.0,
              7794.0
            ],
            [
              3479.0,
              7801.0
            ],
            [
              3478.0,
              7804.0
            ],
            [
              3473.0,
              7808.0
            ],
            [
              3465.0,
              7819.0
            ],
            [
              3465.0,
              7823.0
            ],
            [
              3464.0,
              7824.0
            ],
            [
              3464.0,
              7841.0
            ],
            [
              3467.0,
              7848.0
            ],
            [
              3467.0,
              7851.0
            ],
            [
              3477.0,
              7863.0
            ],
            [
              3489.0,
              7870.0
            ],
            [
              3495.0,
              7877.0
            ],
            [
              3503.0,
              7881.0
            ],
            [
              3506.0,
              7884.0
            ],
            [
              3510.0,
              7884.0
            ],
            [
              3511.0,
              7885.0
            ],
            [
              3521.0,
              7885.0
            ],
            [
              3522.0,
              7884.0
            ],
            [
              3536.0,
              7885.0
            ],
            [
              3537.0,
              7884.0
            ],
            [
              3541.0,
              7884.0
            ],
            [
              3543.0,
              7883.0
            ],
            [
              3553.0,
              7874.0
            ],
            [
              3556.0,
              7869.0
            ],
            [
              3556.0,
              7865.0
            ],
            [
              3557.0,
              7864.0
            ],
            [
              3557.0,
              7817.0
            ],
            [
              3556.0,
              7816.0
            ],
            [
              3556.0,
              7812.0
            ],
            [
              3555.0,
              7810.0
            ],
            [
              3548.0,
              7802.0
            ],
            [
              3545.0,
              7797.0
            ],
            [
              3538.0,
              7790.0
            ],
            [
              3530.0,
              7786.0
            ],
            [
              3497.0,
              7786.0
            ],
            [
              3496.0,
              7787.0
            ],
            [
              3493.0,
              7787.0
            ]
          ]
        ]
      },
      "properties": {
        "annotation_id": "3587_Benign_52",
        "label": "GP3",
        "probabilities": {
          "GP3": 1,
          "GP4": 0,
          "GP5": 0,
          "Benign": 0
        },
        "tags": []
      }
    },
    {
      "type": "Feature",
      "geometry": {
        "type": "Polygon",
        "coordinates": [
          [
            [
              3070.0,
              7646.0
            ],
            [
              3076.0,
              7647.0
            ],
            [
              3079.0,
              7643.0
            ],
            [
              3083.0,
              7643.0
            ],
            [
              3085.0,
              7647.0
            ],
            [
              3083.0,
              7664.0
            ],
            [
              3088.0,
              7665.0
            ],
            [
              3096.0,
              7657.0
            ],
            [
              3101.0,
              7661.0
            ],
            [
              3099.0,
              7665.0
            ],
            [
              3101.0,
              7669.0
            ],
            [
              3107.0,
              7673.0
            ],
            [
              3113.0,
              7673.0
            ],
            [
              3120.0,
              7680.0
            ],
            [
              3131.0,
              7676.0
            ],
            [
              3139.0,
              7676.0
            ],
            [
              3154.0,
              7668.0
            ],
            [
              3170.0,
              7663.0
            ],
            [
              3179.0,
              7667.0
            ],
            [
              3181.0,
              7673.0
            ],
            [
              3186.0,
              7676.0
            ],
            [
              3197.0,
              7678.0
            ],
            [
              3216.0,
              7687.0
            ],
            [
              3235.0,
              7689.0
            ],
            [
              3238.0,
              7693.0
            ],
            [
              3233.0,
              7699.0
            ],
            [
              3232.0,
              7716.0
            ],
            [
              3237.0,
              7725.0
            ],
            [
              3247.0,
              7733.0
            ],
            [
              3303.0,
              7733.0
            ],
            [
              3318.0,
              7720.0
            ],
            [
              3327.0,
              7703.0
            ],
            [
              3329.0,
              7664.0
            ],
            [
              3327.0,
              7654.0
            ],
            [
              3321.0,
              7643.0
            ],
            [
              3312.0,
              7635.0
            ],
            [
              3308.0,
              7625.0
            ],
            [
              3284.0,
              7604.0
            ],
            [
              3268.0,
              7600.0
            ],
            [
              3215.0,
              7599.0
            ],
            [
              3207.0,
              7602.0
            ],
            [
              3192.0,
              7602.0
            ],
            [
              3150.0,
              7608.0
            ],
            [
              3119.0,
              7628.0
            ],
            [
              3107.0,
              7629.0
            ],
            [
              3089.0,
              7638.0
            ],
            [
              3078.0,
              7639.0
            ],
            [
              3070.0,
              7646.0
            ]
          ]
        ]
      },
      "properties": {
        "annotation_id": "3587_Benign_53",
        "label": "GP3",
        "probabilities": {
          "GP3": 1,
          "GP4": 0,
          "GP5": 0,
          "Benign": 0
        },
        "tags": []
      }
    },
    {
      "type": "Feature",
      "geometry": {
        "type": "Polygon",
        "coordinates": [
          [
            [
              3101.0,
              6257.0
            ],
            [
              3100.0,
              6301.0
            ],
            [
              3102.0,
              6310.0
            ],
            [
              3108.0,
              6320.0
            ],
            [
              3109.0,
              6326.0
            ],
            [
              3116.0,
              6336.0
            ],
            [
              3117.0,
              6342.0
            ],
            [
              3129.0,
              6360.0
            ],
            [
              3157.0,
              6387.0
            ],
            [
              3171.0,
              6396.0
            ],
            [
              3196.0,
              6404.0
            ],
            [
              3209.0,
              6404.0
            ],
            [
              3232.0,
              6408.0
            ],
            [
              3271.0,
              6408.0
            ],
            [
              3293.0,
              6398.0
            ],
            [
              3313.0,
              6380.0
            ],
            [
              3323.0,
              6359.0
            ],
            [
              3325.0,
              6348.0
            ],
            [
              3325.0,
              6297.0
            ],
            [
              3312.0,
              6274.0
            ],
            [
              3300.0,
              6262.0
            ],
            [
              3288.0,
              6254.0
            ],
            [
              3287.0,
              6247.0
            ],
            [
              3279.0,
              6239.0
            ],
            [
              3248.0,
              6227.0
            ],
            [
              3143.0,
              6226.0
            ],
            [
              3123.0,
              6234.0
            ],
            [
              3101.0,
              6257.0
            ]
          ],
          [
            [
              3166.0,
              6263.0
            ],
            [
              3173.0,
              6259.0
            ],
            [
              3183.0,
              6257.0
            ],
            [
              3194.0,
              6258.0
            ],
            [
              3201.0,
              6255.0
            ],
            [
              3202.0,
              6256.0
            ],
            [
              3214.0,
              6256.0
            ],
            [
              3217.0,
              6258.0
            ],
            [
              3229.0,
              6257.0
            ],
            [
              3253.0,
              6267.0
            ],
            [
              3255.0,
              6266.0
            ],
            [
              3257.0,
              6267.0
            ],
            [
              3258.0,
              6276.0
            ],
            [
              3263.0,
              6278.0
            ],
            [
              3267.0,
              6282.0
            ],
            [
              3267.0,
              6284.0
            ],
            [
              3273.0,
              6289.0
            ],
            [
              3279.0,
              6292.0
            ],
            [
              3284.0,
              6292.0
            ],
            [
              3289.0,
              6295.0
            ],
            [
              3294.0,
              6306.0
            ],
            [
              3292.0,
              6313.0
            ],
            [
              3291.0,
              6328.0
            ],
            [
              3286.0,
              6335.0
            ],
            [
              3286.0,
              6337.0
            ],
            [
              3280.0,
              6340.0
            ],
            [
              3281.0,
              6344.0
            ],
            [
              3280.0,
              6350.0
            ],
            [
              3264.0,
              6365.0
            ],
            [
              3256.0,
              6368.0
            ],
            [
              3251.0,
              6368.0
            ],
            [
              3242.0,
              6373.0
            ],
            [
              3235.0,
              6370.0
            ],
            [
              3225.0,
              6370.0
            ],
            [
              3217.0,
              6367.0
            ],
            [
              3203.0,
              6367.0
            ],
            [
              3192.0,
              6362.0
            ],
            [
              3186.0,
              6362.0
            ],
            [
              3180.0,
              6356.0
            ],
            [
              3176.0,
              6355.0
            ],
            [
              3161.0,
              6342.0
            ],
            [
              3160.0,
              6337.0
            ],
            [
              3152.0,
              6325.0
            ],
            [
              3152.0,
              6318.0
            ],
            [
              3149.0,
              6313.0
            ],
            [
              3151.0,
              6307.0
            ],
            [
              3150.0,
              6301.0
            ],
            [
              3152.0,
              6297.0
            ],
            [
              3152.0,
              6290.0
            ],
            [
              3158.0,
              6280.0
            ],
            [
              3159.0,
              6273.0
            ],
            [
              3166.0,
              6263.0
            ]
          ]
        ]
      },
      "properties": {
        "annotation_id": "3587_Benign_54",
        "label": "GP3",
        "probabilities": {
          "GP3": 1,
          "GP4": 0,
          "GP5": 0,
          "Benign": 0
        },
        "tags": []
      }
    },
    {
      "type": "Feature",
      "geometry": {
        "type": "Polygon",
        "coordinates": [
          [
            [
              2650.409739846671,
              5273.453322364805
            ],
            [
              2652.9080245460336,
              5255.340758294425
            ],
            [
              2668.198419857922,
              5217.270794456663
            ],
            [
              2697.5310149460347,
              5191.682785975543
            ],
            [
              2705.3322370439364,
              5181.073123922397
            ],
            [
              2708.1153329273916,
              5170.735910640993
            ],
            [
              2728.735903337643,
              5169.839364101418
            ],
            [
              2741.217858694287,
              5166.40682637834
            ],
            [
              2751.985545815222,
              5159.6061818809085
            ],
            [
              2760,
              5161
            ],
            [
              2819,
              5191
            ],
            [
              2842,
              5218
            ],
            [
              2845,
              5229
            ],
            [
              2845,
              5268
            ],
            [
              2841,
              5277
            ],
            [
              2826,
              5290
            ],
            [
              2769,
              5309
            ],
            [
              2733,
              5309
            ],
            [
              2712,
              5305
            ],
            [
              2686,
              5284
            ],
            [
              2672,
              5265
            ],
            [
              2660,
              5271
            ],
            [
              2650.409739846671,
              5273.453322364805
            ]
          ],
          [
            [
              2716,
              5252
            ],
            [
              2716,
              5268
            ],
            [
              2717,
              5269
            ],
            [
              2717,
              5271
            ],
            [
              2720,
              5274
            ],
            [
              2724,
              5276
            ],
            [
              2726,
              5276
            ],
            [
              2729,
              5278
            ],
            [
              2734,
              5279
            ],
            [
              2735,
              5280
            ],
            [
              2738,
              5280
            ],
            [
              2739,
              5281
            ],
            [
              2743,
              5280
            ],
            [
              2745,
              5278
            ],
            [
              2745,
              5275
            ],
            [
              2740,
              5271
            ],
            [
              2740,
              5265
            ],
            [
              2742,
              5262
            ],
            [
              2742,
              5253
            ],
            [
              2741,
              5252
            ],
            [
              2741,
              5250
            ],
            [
              2742,
              5249
            ],
            [
              2743,
              5249
            ],
            [
              2747,
              5253
            ],
            [
              2749,
              5257
            ],
            [
              2751,
              5259
            ],
            [
              2753,
              5264
            ],
            [
              2756,
              5267
            ],
            [
              2760,
              5269
            ],
            [
              2763,
              5269
            ],
            [
              2765,
              5268
            ],
            [
              2778,
              5255
            ],
            [
              2779,
              5251
            ],
            [
              2780,
              5250
            ],
            [
              2780,
              5246
            ],
            [
              2779,
              5244
            ],
            [
              2777,
              5243
            ],
            [
              2765,
              5231
            ],
            [
              2763,
              5230
            ],
            [
              2755,
              5230
            ],
            [
              2752,
              5225
            ],
            [
              2748,
              5223
            ],
            [
              2744,
              5223
            ],
            [
              2743,
              5222
            ],
            [
              2740,
              5222
            ],
            [
              2736,
              5224
            ],
            [
              2728,
              5231
            ],
            [
              2726,
              5235
            ],
            [
              2726,
              5237
            ],
            [
              2725,
              5238
            ],
            [
              2725,
              5240
            ],
            [
              2719,
              5245
            ],
            [
              2719,
              5246
            ],
            [
              2717,
              5248
            ],
            [
              2717,
              5251
            ],
            [
              2716,
              5252
            ]
          ]
        ]
      },
      "properties": {
        "annotation_id": "3587_Benign_56",
        "label": "GP3",
        "probabilities": {
          "GP3": 1,
          "GP4": 0,
          "GP5": 0,
          "Benign": 0
        },
        "tags": []
      }
    },
    {
      "type": "Feature",
      "geometry": {
        "type": "Polygon",
        "coordinates": [
          [
            [
              3171.0,
              5009.0
            ],
            [
              3170.0,
              5038.0
            ],
            [
              3173.0,
              5046.0
            ],
            [
              3181.0,
              5058.0
            ],
            [
              3196.0,
              5069.0
            ],
            [
              3203.0,
              5070.0
            ],
            [
              3208.0,
              5074.0
            ],
            [
              3220.0,
              5076.0
            ],
            [
              3223.0,
              5078.0
            ],
            [
              3235.0,
              5080.0
            ],
            [
              3256.0,
              5080.0
            ],
            [
              3270.0,
              5075.0
            ],
            [
              3283.0,
              5074.0
            ],
            [
              3291.0,
              5069.0
            ],
            [
              3306.0,
              5054.0
            ],
            [
              3311.0,
              5047.0
            ],
            [
              3313.0,
              5041.0
            ],
            [
              3313.0,
              5021.0
            ],
            [
              3312.0,
              5020.0
            ],
            [
              3314.0,
              5010.0
            ],
            [
              3313.0,
              4997.0
            ],
            [
              3310.0,
              4992.0
            ],
            [
              3302.0,
              4984.0
            ],
            [
              3294.0,
              4981.0
            ],
            [
              3275.0,
              4981.0
            ],
            [
              3271.0,
              4979.0
            ],
            [
              3262.0,
              4979.0
            ],
            [
              3254.0,
              4976.0
            ],
            [
              3220.0,
              4976.0
            ],
            [
              3201.0,
              4980.0
            ],
            [
              3184.0,
              4991.0
            ],
            [
              3180.0,
              4995.0
            ],
            [
              3176.0,
              5003.0
            ],
            [
              3171.0,
              5009.0
            ]
          ]
        ]
      },
      "properties": {
        "annotation_id": "3587_Benign_58",
        "label": "GP3",
        "probabilities": {
          "GP3": 1,
          "GP4": 0,
          "GP5": 0,
          "Benign": 0
        },
        "tags": []
      }
    },
    {
      "type": "Feature",
      "geometry": {
        "type": "Polygon",
        "coordinates": [
          [
            [
              2172.0,
              4281.0
            ],
            [
              2172.0,
              4288.0
            ],
            [
              2183.0,
              4292.0
            ],
            [
              2176.0,
              4321.0
            ],
            [
              2192.0,
              4327.0
            ],
            [
              2209.0,
              4359.0
            ],
            [
              2213.0,
              4354.0
            ],
            [
              2218.0,
              4358.0
            ],
            [
              2219.0,
              4370.0
            ],
            [
              2210.0,
              4378.0
            ],
            [
              2231.0,
              4388.0
            ],
            [
              2239.0,
              4417.0
            ],
            [
              2231.0,
              4426.0
            ],
            [
              2212.0,
              4430.0
            ],
            [
              2244.0,
              4425.0
            ],
            [
              2256.0,
              4440.0
            ],
            [
              2271.0,
              4438.0
            ],
            [
              2280.0,
              4446.0
            ],
            [
              2302.0,
              4440.0
            ],
            [
              2299.0,
              4454.0
            ],
            [
              2287.0,
              4463.0
            ],
            [
              2289.0,
              4474.0
            ],
            [
              2279.0,
              4481.0
            ],
            [
              2277.0,
              4516.0
            ],
            [
              2296.0,
              4544.0
            ],
            [
              2317.0,
              4558.0
            ],
            [
              2353.0,
              4554.0
            ],
            [
              2422.0,
              4486.0
            ],
            [
              2465.0,
              4459.0
            ],
            [
              2668.0,
              4466.0
            ],
            [
              2694.0,
              4459.0
            ],
            [
              2719.0,
              4462.0
            ],
            [
              2762.0,
              4447.0
            ],
            [
              2841.0,
              4386.0
            ],
            [
              2872.0,
              4335.0
            ],
            [
              2881.0,
              4291.0
            ],
            [
              2879.0,
              4281.0
            ],
            [
              2862.0,
              4275.0
            ],
            [
              2847.0,
              4246.0
            ],
            [
              2809.0,
              4231.0
            ],
            [
              2607.0,
              4229.0
            ],
            [
              2559.0,
              4221.0
            ],
            [
              2426.0,
              4219.0
            ],
            [
              2406.0,
              4199.0
            ],
            [
              2353.0,
              4193.0
            ],
            [
              2300.0,
              4197.0
            ],
            [
              2205.0,
              4232.0
            ],
            [
              2172.0,
              4281.0
            ]
          ],
          [
            [
              2533.0,
              4414.0
            ],
            [
              2535.0,
              4412.0
            ],
            [
              2539.0,
              4410.0
            ],
            [
              2541.0,
              4410.0
            ],
            [
              2545.0,
              4407.0
            ],
            [
              2549.0,
              4409.0
            ],
            [
              2553.0,
              4409.0
            ],
            [
              2554.0,
              4408.0
            ],
            [
              2557.0,
              4408.0
            ],
            [
              2561.0,
              4406.0
            ],
            [
              2563.0,
              4406.0
            ],
            [
              2565.0,
              4407.0
            ],
            [
              2570.0,
              4412.0
            ],
            [
              2576.0,
              4415.0
            ],
            [
              2581.0,
              4421.0
            ],
            [
              2582.0,
              4421.0
            ],
            [
              2594.0,
              4432.0
            ],
            [
              2594.0,
              4435.0
            ],
            [
              2596.0,
              4436.0
            ],
            [
              2599.0,
              4439.0
            ],
            [
              2600.0,
              4441.0
            ],
            [
              2600.0,
              4443.0
            ],
            [
              2601.0,
              4444.0
            ],
            [
              2601.0,
              4451.0
            ],
            [
              2600.0,
              4452.0
            ],
            [
              2600.0,
              4454.0
            ],
            [
              2597.0,
              4456.0
            ],
            [
              2591.0,
              4452.0
            ],
            [
              2586.0,
              4452.0
            ],
            [
              2584.0,
              4451.0
            ],
            [
              2581.0,
              4448.0
            ],
            [
              2579.0,
              4449.0
            ],
            [
              2577.0,
              4449.0
            ],
            [
              2575.0,
              4448.0
            ],
            [
              2568.0,
              4441.0
            ],
            [
              2566.0,
              4440.0
            ],
            [
              2564.0,
              4435.0
            ],
            [
              2561.0,
              4431.0
            ],
            [
              2556.0,
              4434.0
            ],
            [
              2554.0,
              4434.0
            ],
            [
              2551.0,
              4432.0
            ],
            [
              2548.0,
              4433.0
            ],
            [
              2546.0,
              4435.0
            ],
            [
              2547.0,
              4440.0
            ],
            [
              2544.0,
              4442.0
            ],
            [
              2541.0,
              4442.0
            ],
            [
              2539.0,
              4443.0
            ],
            [
              2536.0,
              4441.0
            ],
            [
              2533.0,
              4441.0
            ],
            [
              2530.0,
              4439.0
            ],
            [
              2530.0,
              4437.0
            ],
            [
              2527.0,
              4434.0
            ],
            [
              2527.0,
              4432.0
            ],
            [
              2532.0,
              4427.0
            ],
            [
              2533.0,
              4427.0
            ],
            [
              2535.0,
              4425.0
            ],
            [
              2535.0,
              4423.0
            ],
            [
              2534.0,
              4422.0
            ],
            [
              2534.0,
              4418.0
            ],
            [
              2533.0,
              4417.0
            ],
            [
              2533.0,
              4414.0
            ]
          ],
          [
            [
              2235.0,
              4324.0
            ],
            [
              2237.0,
              4323.0
            ],
            [
              2239.0,
              4324.0
            ],
            [
              2242.0,
              4322.0
            ],
            [
              2246.0,
              4324.0
            ],
            [
              2248.0,
              4326.0
            ],
            [
              2253.0,
              4327.0
            ],
            [
              2258.0,
              4331.0
            ],
            [
              2264.0,
              4334.0
            ],
            [
              2266.0,
              4334.0
            ],
            [
              2268.0,
              4335.0
            ],
            [
              2275.0,
              4341.0
            ],
            [
              2276.0,
              4346.0
            ],
            [
              2281.0,
              4353.0
            ],
            [
              2281.0,
              4356.0
            ],
            [
              2279.0,
              4360.0
            ],
            [
              2281.0,
              4364.0
            ],
            [
              2281.0,
              4367.0
            ],
            [
              2277.0,
              4369.0
            ],
            [
              2275.0,
              4371.0
            ],
            [
              2275.0,
              4372.0
            ],
            [
              2278.0,
              4375.0
            ],
            [
              2278.0,
              4380.0
            ],
            [
              2277.0,
              4381.0
            ],
            [
              2277.0,
              4385.0
            ],
            [
              2274.0,
              4387.0
            ],
            [
              2272.0,
              4387.0
            ],
            [
              2271.0,
              4388.0
            ],
            [
              2269.0,
              4388.0
            ],
            [
              2266.0,
              4386.0
            ],
            [
              2264.0,
              4389.0
            ],
            [
              2262.0,
              4390.0
            ],
            [
              2259.0,
              4390.0
            ],
            [
              2256.0,
              4388.0
            ],
            [
              2256.0,
              4380.0
            ],
            [
              2250.0,
              4377.0
            ],
            [
              2247.0,
              4378.0
            ],
            [
              2244.0,
              4381.0
            ],
            [
              2239.0,
              4383.0
            ],
            [
              2236.0,
              4381.0
            ],
            [
              2236.0,
              4376.0
            ],
            [
              2231.0,
              4371.0
            ],
            [
              2226.0,
              4369.0
            ],
            [
              2224.0,
              4367.0
            ],
            [
              2224.0,
              4361.0
            ],
            [
              2225.0,
              4360.0
            ],
            [
              2225.0,
              4355.0
            ],
            [
              2220.0,
              4350.0
            ],
            [
              2220.0,
              4348.0
            ],
            [
              2223.0,
              4345.0
            ],
            [
              2223.0,
              4340.0
            ],
            [
              2225.0,
              4339.0
            ],
            [
              2226.0,
              4337.0
            ],
            [
              2230.0,
              4333.0
            ],
            [
              2230.0,
              4329.0
            ],
            [
              2235.0,
              4324.0
            ]
          ],
          [
            [
              2830.0,
              4293.0
            ],
            [
              2830.0,
              4299.0
            ],
            [
              2826.0,
              4304.0
            ],
            [
              2829.0,
              4308.0
            ],
            [
              2826.0,
              4316.0
            ],
            [
              2827.0,
              4326.0
            ],
            [
              2822.0,
              4337.0
            ],
            [
              2804.0,
              4353.0
            ],
            [
              2800.0,
              4353.0
            ],
            [
              2794.0,
              4349.0
            ],
            [
              2785.0,
              4353.0
            ],
            [
              2786.0,
              4359.0
            ],
            [
              2779.0,
              4363.0
            ],
            [
              2775.0,
              4360.0
            ],
            [
              2774.0,
              4352.0
            ],
            [
              2769.0,
              4355.0
            ],
            [
              2761.0,
              4355.0
            ],
            [
              2758.0,
              4359.0
            ],
            [
              2751.0,
              4362.0
            ],
            [
              2744.0,
              4358.0
            ],
            [
              2735.0,
              4360.0
            ],
            [
              2727.0,
              4354.0
            ],
            [
              2724.0,
              4357.0
            ],
            [
              2725.0,
              4363.0
            ],
            [
              2722.0,
              4365.0
            ],
            [
              2716.0,
              4360.0
            ],
            [
              2706.0,
              4361.0
            ],
            [
              2702.0,
              4359.0
            ],
            [
              2702.0,
              4368.0
            ],
            [
              2697.0,
              4374.0
            ],
            [
              2694.0,
              4372.0
            ],
            [
              2694.0,
              4366.0
            ],
            [
              2685.0,
              4358.0
            ],
            [
              2686.0,
              4348.0
            ],
            [
              2679.0,
              4343.0
            ],
            [
              2682.0,
              4339.0
            ],
            [
              2678.0,
              4335.0
            ],
            [
              2680.0,
              4323.0
            ],
            [
              2684.0,
              4320.0
            ],
            [
              2688.0,
              4320.0
            ],
            [
              2692.0,
              4316.0
            ],
            [
              2696.0,
              4317.0
            ],
            [
              2698.0,
              4310.0
            ],
            [
              2701.0,
              4309.0
            ],
            [
              2704.0,
              4311.0
            ],
            [
              2706.0,
              4308.0
            ],
            [
              2714.0,
              4305.0
            ],
            [
              2713.0,
              4302.0
            ],
            [
              2707.0,
              4305.0
            ],
            [
              2703.0,
              4302.0
            ],
            [
              2698.0,
              4304.0
            ],
            [
              2695.0,
              4302.0
            ],
            [
              2695.0,
              4299.0
            ],
            [
              2699.0,
              4295.0
            ],
            [
              2705.0,
              4295.0
            ],
            [
              2712.0,
              4289.0
            ],
            [
              2721.0,
              4287.0
            ],
            [
              2731.0,
              4281.0
            ],
            [
              2736.0,
              4283.0
            ],
            [
              2743.0,
              4279.0
            ],
            [
              2750.0,
              4278.0
            ],
            [
              2753.0,
              4280.0
            ],
            [
              2764.0,
              4280.0
            ],
            [
              2774.0,
              4284.0
            ],
            [
              2774.0,
              4287.0
            ],
            [
              2767.0,
              4292.0
            ],
            [
              2763.0,
              4290.0
            ],
            [
              2735.0,
              4292.0
            ],
            [
              2723.0,
              4297.0
            ],
            [
              2726.0,
              4296.0
            ],
            [
              2730.0,
              4298.0
            ],
            [
              2735.0,
              4304.0
            ],
            [
              2743.0,
              4300.0
            ],
            [
              2749.0,
              4305.0
            ],
            [
              2752.0,
              4303.0
            ],
            [
              2756.0,
              4304.0
            ],
            [
              2766.0,
              4301.0
            ],
            [
              2773.0,
              4296.0
            ],
            [
              2779.0,
              4297.0
            ],
            [
              2784.0,
              4292.0
            ],
            [
              2788.0,
              4297.0
            ],
            [
              2789.0,
              4294.0
            ],
            [
              2796.0,
              4289.0
            ],
            [
              2795.0,
              4283.0
            ],
            [
              2798.0,
              4281.0
            ],
            [
              2804.0,
              4286.0
            ],
            [
              2810.0,
              4283.0
            ],
            [
              2820.0,
              4286.0
            ],
            [
              2830.0,
              4293.0
            ]
          ],
          [
            [
              2627.0,
              4261.0
            ],
            [
              2629.0,
              4263.0
            ],
            [
              2629.0,
              4266.0
            ],
            [
              2624.0,
              4272.0
            ],
            [
              2623.0,
              4275.0
            ],
            [
              2621.0,
              4277.0
            ],
            [
              2621.0,
              4279.0
            ],
            [
              2617.0,
              4284.0
            ],
            [
              2616.0,
              4287.0
            ],
            [
              2610.0,
              4292.0
            ],
            [
              2609.0,
              4292.0
            ],
            [
              2607.0,
              4294.0
            ],
            [
              2606.0,
              4294.0
            ],
            [
              2602.0,
              4298.0
            ],
            [
              2599.0,
              4299.0
            ],
            [
              2596.0,
              4302.0
            ],
            [
              2596.0,
              4305.0
            ],
            [
              2591.0,
              4310.0
            ],
            [
              2590.0,
              4310.0
            ],
            [
              2589.0,
              4311.0
            ],
            [
              2585.0,
              4311.0
            ],
            [
              2581.0,
              4308.0
            ],
            [
              2576.0,
              4307.0
            ],
            [
              2575.0,
              4306.0
            ],
            [
              2572.0,
              4305.0
            ],
            [
              2568.0,
              4302.0
            ],
            [
              2568.0,
              4299.0
            ],
            [
              2571.0,
              4295.0
            ],
            [
              2571.0,
              4290.0
            ],
            [
              2567.0,
              4287.0
            ],
            [
              2567.0,
              4285.0
            ],
            [
              2570.0,
              4283.0
            ],
            [
              2573.0,
              4283.0
            ],
            [
              2574.0,
              4282.0
            ],
            [
              2574.0,
              4281.0
            ],
            [
              2580.0,
              4275.0
            ],
            [
              2581.0,
              4275.0
            ],
            [
              2583.0,
              4273.0
            ],
            [
              2584.0,
              4273.0
            ],
            [
              2592.0,
              4266.0
            ],
            [
              2592.0,
              4263.0
            ],
            [
              2589.0,
              4260.0
            ],
            [
              2589.0,
              4258.0
            ],
            [
              2590.0,
              4257.0
            ],
            [
              2591.0,
              4257.0
            ],
            [
              2592.0,
              4256.0
            ],
            [
              2596.0,
              4256.0
            ],
            [
              2597.0,
              4257.0
            ],
            [
              2598.0,
              4257.0
            ],
            [
              2599.0,
              4258.0
            ],
            [
              2601.0,
              4258.0
            ],
            [
              2604.0,
              4260.0
            ],
            [
              2608.0,
              4260.0
            ],
            [
              2609.0,
              4261.0
            ],
            [
              2615.0,
              4261.0
            ],
            [
              2616.0,
              4260.0
            ],
            [
              2619.0,
              4260.0
            ],
            [
              2620.0,
              4259.0
            ],
            [
              2621.0,
              4259.0
            ],
            [
              2622.0,
              4260.0
            ],
            [
              2625.0,
              4260.0
            ],
            [
              2626.0,
              4261.0
            ],
            [
              2627.0,
              4261.0
            ]
          ],
          [
            [
              2517.0,
              4252.0
            ],
            [
              2534.0,
              4266.0
            ],
            [
              2534.0,
              4275.0
            ],
            [
              2536.0,
              4280.0
            ],
            [
              2537.0,
              4290.0
            ],
            [
              2540.0,
              4294.0
            ],
            [
              2546.0,
              4299.0
            ],
            [
              2548.0,
              4306.0
            ],
            [
              2548.0,
              4310.0
            ],
            [
              2537.0,
              4324.0
            ],
            [
              2533.0,
              4335.0
            ],
            [
              2528.0,
              4341.0
            ],
            [
              2525.0,
              4346.0
            ],
            [
              2525.0,
              4348.0
            ],
            [
              2520.0,
              4354.0
            ],
            [
              2517.0,
              4355.0
            ],
            [
              2508.0,
              4364.0
            ],
            [
              2502.0,
              4367.0
            ],
            [
              2494.0,
              4368.0
            ],
            [
              2488.0,
              4371.0
            ],
            [
              2483.0,
              4371.0
            ],
            [
              2476.0,
              4375.0
            ],
            [
              2473.0,
              4375.0
            ],
            [
              2470.0,
              4373.0
            ],
            [
              2471.0,
              4370.0
            ],
            [
              2482.0,
              4365.0
            ],
            [
              2490.0,
              4364.0
            ],
            [
              2497.0,
              4356.0
            ],
            [
              2501.0,
              4354.0
            ],
            [
              2502.0,
              4352.0
            ],
            [
              2501.0,
              4343.0
            ],
            [
              2505.0,
              4339.0
            ],
            [
              2506.0,
              4335.0
            ],
            [
              2515.0,
              4328.0
            ],
            [
              2515.0,
              4324.0
            ],
            [
              2513.0,
              4321.0
            ],
            [
              2513.0,
              4314.0
            ],
            [
              2518.0,
              4302.0
            ],
            [
              2518.0,
              4298.0
            ],
            [
              2516.0,
              4296.0
            ],
            [
              2513.0,
              4285.0
            ],
            [
              2514.0,
              4277.0
            ],
            [
              2516.0,
              4275.0
            ],
            [
              2512.0,
              4268.0
            ],
            [
              2512.0,
              4255.0
            ],
            [
              2517.0,
              4252.0
            ]
          ],
          [
            [
              2258.0,
              4274.0
            ],
            [
              2261.0,
              4272.0
            ],
            [
              2274.0,
              4272.0
            ],
            [
              2280.0,
              4260.0
            ],
            [
              2290.0,
              4257.0
            ],
            [
              2300.0,
              4257.0
            ],
            [
              2310.0,
              4248.0
            ],
            [
              2311.0,
              4244.0
            ],
            [
              2318.0,
              4242.0
            ],
            [
              2329.0,
              4235.0
            ],
            [
              2337.0,
              4238.0
            ],
            [
              2342.0,
              4234.0
            ],
            [
              2352.0,
              4231.0
            ],
            [
              2364.0,
              4232.0
            ],
            [
              2381.0,
              4226.0
            ],
            [
              2388.0,
              4232.0
            ],
            [
              2400.0,
              4233.0
            ],
            [
              2407.0,
              4241.0
            ],
            [
              2416.0,
              4240.0
            ],
            [
              2421.0,
              4243.0
            ],
            [
              2429.0,
              4243.0
            ],
            [
              2441.0,
              4249.0
            ],
            [
              2445.0,
              4259.0
            ],
            [
              2454.0,
              4256.0
            ],
            [
              2462.0,
              4259.0
            ],
            [
              2470.0,
              4257.0
            ],
            [
              2475.0,
              4258.0
            ],
            [
              2479.0,
              4255.0
            ],
            [
              2481.0,
              4256.0
            ],
            [
              2489.0,
              4272.0
            ],
            [
              2490.0,
              4282.0
            ],
            [
              2489.0,
              4291.0
            ],
            [
              2485.0,
              4300.0
            ],
            [
              2484.0,
              4312.0
            ],
            [
              2478.0,
              4322.0
            ],
            [
              2462.0,
              4334.0
            ],
            [
              2455.0,
              4341.0
            ],
            [
              2454.0,
              4346.0
            ],
            [
              2445.0,
              4351.0
            ],
            [
              2432.0,
              4351.0
            ],
            [
              2418.0,
              4349.0
            ],
            [
              2408.0,
              4340.0
            ],
            [
              2408.0,
              4335.0
            ],
            [
              2396.0,
              4328.0
            ],
            [
              2385.0,
              4316.0
            ],
            [
              2370.0,
              4322.0
            ],
            [
              2363.0,
              4330.0
            ],
            [
              2344.0,
              4326.0
            ],
            [
              2328.0,
              4318.0
            ],
            [
              2323.0,
              4318.0
            ],
            [
              2315.0,
              4313.0
            ],
            [
              2302.0,
              4300.0
            ],
            [
              2290.0,
              4300.0
            ],
            [
              2282.0,
              4294.0
            ],
            [
              2274.0,
              4293.0
            ],
            [
              2260.0,
              4281.0
            ],
            [
              2258.0,
              4274.0
            ]
          ]
        ]
      },
      "properties": {
        "annotation_id": "3587_Benign_59",
        "label": "GP3",
        "probabilities": {
          "GP3": 1,
          "GP4": 0,
          "GP5": 0,
          "Benign": 0
        },
        "tags": []
      }
    },
    {
      "type": "Feature",
      "geometry": {
        "type": "Polygon",
        "coordinates": [
          [
            [
              1085.0,
              21423.0
            ],
            [
              1087.0,
              21373.0
            ],
            [
              1081.0,
              21359.0
            ],
            [
              1040.0,
              21318.0
            ],
            [
              971.0,
              21232.0
            ],
            [
              970.0,
              21205.0
            ],
            [
              982.0,
              21181.0
            ],
            [
              981.0,
              21166.0
            ],
            [
              950.0,
              21164.0
            ],
            [
              940.0,
              21152.0
            ],
            [
              907.0,
              21166.0
            ],
            [
              869.0,
              21197.0
            ],
            [
              840.0,
              21206.0
            ],
            [
              821.0,
              21206.0
            ],
            [
              811.0,
              21200.0
            ],
            [
              799.0,
              21204.0
            ],
            [
              775.0,
              21185.0
            ],
            [
              759.0,
              21186.0
            ],
            [
              755.0,
              21193.0
            ],
            [
              757.0,
              21210.0
            ],
            [
              780.0,
              21231.0
            ],
            [
              780.0,
              21237.0
            ],
            [
              750.0,
              21263.0
            ],
            [
              724.0,
              21260.0
            ],
            [
              719.0,
              21246.0
            ],
            [
              709.0,
              21238.0
            ],
            [
              713.0,
              21205.0
            ],
            [
              705.0,
              21188.0
            ],
            [
              667.0,
              21201.0
            ],
            [
              650.0,
              21200.0
            ],
            [
              653.0,
              21219.0
            ],
            [
              668.0,
              21235.0
            ],
            [
              668.0,
              21262.0
            ],
            [
              659.0,
              21277.0
            ],
            [
              653.0,
              21274.0
            ],
            [
              641.0,
              21239.0
            ],
            [
              626.0,
              21227.0
            ],
            [
              631.0,
              21257.0
            ],
            [
              644.0,
              21287.0
            ],
            [
              670.0,
              21313.0
            ],
            [
              684.0,
              21337.0
            ],
            [
              701.0,
              21351.0
            ],
            [
              741.0,
              21354.0
            ],
            [
              762.0,
              21346.0
            ],
            [
              808.0,
              21366.0
            ],
            [
              838.0,
              21371.0
            ],
            [
              908.0,
              21394.0
            ],
            [
              932.0,
              21406.0
            ],
            [
              971.0,
              21436.0
            ],
            [
              1015.0,
              21450.0
            ],
            [
              1062.0,
              21447.0
            ],
            [
              1079.0,
              21434.0
            ],
            [
              1085.0,
              21423.0
            ]
          ],
          [
            [
              813.0,
              21267.0
            ],
            [
              822.0,
              21259.0
            ],
            [
              822.0,
              21257.0
            ],
            [
              828.0,
              21249.0
            ],
            [
              831.0,
              21248.0
            ],
            [
              835.0,
              21251.0
            ],
            [
              841.0,
              21253.0
            ],
            [
              845.0,
              21251.0
            ],
            [
              849.0,
              21247.0
            ],
            [
              850.0,
              21242.0
            ],
            [
              858.0,
              21233.0
            ],
            [
              864.0,
              21232.0
            ],
            [
              866.0,
              21230.0
            ],
            [
              874.0,
              21227.0
            ],
            [
              877.0,
              21229.0
            ],
            [
              877.0,
              21239.0
            ],
            [
              875.0,
              21241.0
            ],
            [
              875.0,
              21246.0
            ],
            [
              874.0,
              21247.0
            ],
            [
              874.0,
              21262.0
            ],
            [
              875.0,
              21265.0
            ],
            [
              881.0,
              21271.0
            ],
            [
              889.0,
              21273.0
            ],
            [
              895.0,
              21278.0
            ],
            [
              898.0,
              21279.0
            ],
            [
              902.0,
              21283.0
            ],
            [
              909.0,
              21286.0
            ],
            [
              916.0,
              21292.0
            ],
            [
              918.0,
              21292.0
            ],
            [
              930.0,
              21298.0
            ],
            [
              932.0,
              21300.0
            ],
            [
              932.0,
              21303.0
            ],
            [
              929.0,
              21305.0
            ],
            [
              923.0,
              21305.0
            ],
            [
              920.0,
              21303.0
            ],
            [
              916.0,
              21303.0
            ],
            [
              899.0,
              21294.0
            ],
            [
              892.0,
              21294.0
            ],
            [
              881.0,
              21290.0
            ],
            [
              867.0,
              21290.0
            ],
            [
              860.0,
              21287.0
            ],
            [
              849.0,
              21279.0
            ],
            [
              846.0,
              21279.0
            ],
            [
              839.0,
              21282.0
            ],
            [
              831.0,
              21282.0
            ],
            [
              825.0,
              21279.0
            ],
            [
              823.0,
              21279.0
            ],
            [
              818.0,
              21275.0
            ],
            [
              815.0,
              21274.0
            ],
            [
              813.0,
              21270.0
            ],
            [
              813.0,
              21267.0
            ]
          ]
        ]
      },
      "properties": {
        "annotation_id": "3587_Benign_7",
        "label": "Benign",
        "probabilities": null,
        "tags": []
      }
    },
    {
      "type": "Feature",
      "geometry": {
        "type": "Polygon",
        "coordinates": [
          [
            [
              2819.0,
              1110.0
            ],
            [
              2805.0,
              1065.0
            ],
            [
              2779.0,
              1030.0
            ],
            [
              2755.0,
              1008.0
            ],
            [
              2736.0,
              1004.0
            ],
            [
              2699.0,
              1004.0
            ],
            [
              2629.0,
              1013.0
            ],
            [
              2589.0,
              1024.0
            ],
            [
              2540.0,
              1042.0
            ],
            [
              2501.0,
              1077.0
            ],
            [
              2491.0,
              1080.0
            ],
            [
              2480.0,
              1090.0
            ],
            [
              2472.0,
              1105.0
            ],
            [
              2471.0,
              1127.0
            ],
            [
              2485.0,
              1149.0
            ],
            [
              2505.0,
              1162.0
            ],
            [
              2514.0,
              1164.0
            ],
            [
              2595.0,
              1163.0
            ],
            [
              2641.0,
              1150.0
            ],
            [
              2652.0,
              1160.0
            ],
            [
              2667.0,
              1182.0
            ],
            [
              2694.0,
              1208.0
            ],
            [
              2717.0,
              1214.0
            ],
            [
              2747.0,
              1214.0
            ],
            [
              2757.0,
              1212.0
            ],
            [
              2770.0,
              1204.0
            ],
            [
              2788.0,
              1187.0
            ],
            [
              2793.0,
              1177.0
            ],
            [
              2814.0,
              1159.0
            ],
            [
              2819.0,
              1145.0
            ],
            [
              2819.0,
              1110.0
            ]
          ],
          [
            [
              2731.0,
              1128.0
            ],
            [
              2746.0,
              1128.0
            ],
            [
              2747.0,
              1129.0
            ],
            [
              2748.0,
              1129.0
            ],
            [
              2751.0,
              1132.0
            ],
            [
              2753.0,
              1132.0
            ],
            [
              2754.0,
              1133.0
            ],
            [
              2755.0,
              1133.0
            ],
            [
              2761.0,
              1139.0
            ],
            [
              2761.0,
              1142.0
            ],
            [
              2762.0,
              1143.0
            ],
            [
              2762.0,
              1149.0
            ],
            [
              2761.0,
              1150.0
            ],
            [
              2761.0,
              1153.0
            ],
            [
              2758.0,
              1156.0
            ],
            [
              2758.0,
              1157.0
            ],
            [
              2757.0,
              1158.0
            ],
            [
              2757.0,
              1159.0
            ],
            [
              2756.0,
              1160.0
            ],
            [
              2756.0,
              1161.0
            ],
            [
              2755.0,
              1162.0
            ],
            [
              2755.0,
              1163.0
            ],
            [
              2748.0,
              1170.0
            ],
            [
              2747.0,
              1170.0
            ],
            [
              2746.0,
              1171.0
            ],
            [
              2744.0,
              1171.0
            ],
            [
              2743.0,
              1172.0
            ],
            [
              2737.0,
              1172.0
            ],
            [
              2736.0,
              1171.0
            ],
            [
              2732.0,
              1171.0
            ],
            [
              2729.0,
              1169.0
            ],
            [
              2725.0,
              1169.0
            ],
            [
              2724.0,
              1168.0
            ],
            [
              2723.0,
              1168.0
            ],
            [
              2722.0,
              1167.0
            ],
            [
              2721.0,
              1167.0
            ],
            [
              2717.0,
              1161.0
            ],
            [
              2717.0,
              1145.0
            ],
            [
              2718.0,
              1144.0
            ],
            [
              2718.0,
              1142.0
            ],
            [
              2719.0,
              1141.0
            ],
            [
              2719.0,
              1140.0
            ],
            [
              2721.0,
              1138.0
            ],
            [
              2721.0,
              1137.0
            ],
            [
              2729.0,
              1129.0
            ],
            [
              2730.0,
              1129.0
            ],
            [
              2731.0,
              1128.0
            ]
          ]
        ]
      },
      "properties": {
        "annotation_id": "3587_Benign_79",
        "label": "GP3",
        "probabilities": {
          "GP3": 1,
          "GP4": 0,
          "GP5": 0,
          "Benign": 0
        },
        "tags": []
      }
    },
    {
      "type": "Feature",
      "geometry": {
        "type": "Polygon",
        "coordinates": [
          [
            [
              2539.0,
              1013.0
            ],
            [
              2531.0,
              993.0
            ],
            [
              2510.0,
              979.0
            ],
            [
              2473.0,
              973.0
            ],
            [
              2448.0,
              973.0
            ],
            [
              2386.0,
              1010.0
            ],
            [
              2360.0,
              1019.0
            ],
            [
              2325.0,
              1025.0
            ],
            [
              2291.0,
              1025.0
            ],
            [
              2218.0,
              1037.0
            ],
            [
              2199.0,
              1062.0
            ],
            [
              2177.0,
              1076.0
            ],
            [
              2166.0,
              1074.0
            ],
            [
              2156.0,
              1061.0
            ],
            [
              2125.0,
              1043.0
            ],
            [
              2116.0,
              1034.0
            ],
            [
              2104.0,
              1034.0
            ],
            [
              2088.0,
              1046.0
            ],
            [
              2082.0,
              1058.0
            ],
            [
              2081.0,
              1071.0
            ],
            [
              2092.0,
              1097.0
            ],
            [
              2111.0,
              1125.0
            ],
            [
              2116.0,
              1141.0
            ],
            [
              2130.0,
              1156.0
            ],
            [
              2150.0,
              1164.0
            ],
            [
              2167.0,
              1165.0
            ],
            [
              2193.0,
              1173.0
            ],
            [
              2249.0,
              1173.0
            ],
            [
              2325.0,
              1148.0
            ],
            [
              2378.0,
              1136.0
            ],
            [
              2433.0,
              1113.0
            ],
            [
              2433.0,
              1108.0
            ],
            [
              2446.0,
              1095.0
            ],
            [
              2489.0,
              1073.0
            ],
            [
              2515.0,
              1041.0
            ],
            [
              2523.0,
              1038.0
            ],
            [
              2532.0,
              1026.0
            ],
            [
              2539.0,
              1024.0
            ],
            [
              2539.0,
              1013.0
            ]
          ],
          [
            [
              2396.0,
              1079.0
            ],
            [
              2396.0,
              1087.0
            ],
            [
              2389.0,
              1094.0
            ],
            [
              2384.0,
              1095.0
            ],
            [
              2378.0,
              1093.0
            ],
            [
              2372.0,
              1097.0
            ],
            [
              2355.0,
              1104.0
            ],
            [
              2329.0,
              1108.0
            ],
            [
              2313.0,
              1114.0
            ],
            [
              2288.0,
              1119.0
            ],
            [
              2285.0,
              1121.0
            ],
            [
              2261.0,
              1128.0
            ],
            [
              2249.0,
              1128.0
            ],
            [
              2241.0,
              1126.0
            ],
            [
              2236.0,
              1122.0
            ],
            [
              2230.0,
              1122.0
            ],
            [
              2225.0,
              1120.0
            ],
            [
              2220.0,
              1114.0
            ],
            [
              2220.0,
              1106.0
            ],
            [
              2228.0,
              1098.0
            ],
            [
              2251.0,
              1098.0
            ],
            [
              2262.0,
              1094.0
            ],
            [
              2268.0,
              1090.0
            ],
            [
              2275.0,
              1089.0
            ],
            [
              2294.0,
              1079.0
            ],
            [
              2303.0,
              1079.0
            ],
            [
              2308.0,
              1083.0
            ],
            [
              2316.0,
              1083.0
            ],
            [
              2319.0,
              1085.0
            ],
            [
              2322.0,
              1085.0
            ],
            [
              2336.0,
              1079.0
            ],
            [
              2338.0,
              1077.0
            ],
            [
              2339.0,
              1070.0
            ],
            [
              2346.0,
              1064.0
            ],
            [
              2353.0,
              1064.0
            ],
            [
              2360.0,
              1069.0
            ],
            [
              2365.0,
              1064.0
            ],
            [
              2369.0,
              1062.0
            ],
            [
              2384.0,
              1062.0
            ],
            [
              2392.0,
              1069.0
            ],
            [
              2393.0,
              1075.0
            ],
            [
              2396.0,
              1079.0
            ]
          ]
        ]
      },
      "properties": {
        "annotation_id": "3587_Benign_81",
        "label": "GP3",
        "probabilities": {
          "GP3": 1,
          "GP4": 0,
          "GP5": 0,
          "Benign": 0
        },
        "tags": []
      }
    },
    {
      "type": "Feature",
      "geometry": {
        "type": "Polygon",
        "coordinates": [
          [
            [
              2357.0,
              789.0
            ],
            [
              2356.0,
              791.0
            ],
            [
              2357.0,
              793.0
            ],
            [
              2356.0,
              803.0
            ],
            [
              2353.0,
              806.0
            ],
            [
              2356.0,
              810.0
            ],
            [
              2356.0,
              819.0
            ],
            [
              2360.0,
              822.0
            ],
            [
              2365.0,
              823.0
            ],
            [
              2370.0,
              828.0
            ],
            [
              2375.0,
              828.0
            ],
            [
              2379.0,
              831.0
            ],
            [
              2387.0,
              832.0
            ],
            [
              2391.0,
              834.0
            ],
            [
              2396.0,
              841.0
            ],
            [
              2401.0,
              838.0
            ],
            [
              2406.0,
              838.0
            ],
            [
              2407.0,
              839.0
            ],
            [
              2413.0,
              838.0
            ],
            [
              2418.0,
              841.0
            ],
            [
              2427.0,
              842.0
            ],
            [
              2433.0,
              847.0
            ],
            [
              2435.0,
              847.0
            ],
            [
              2441.0,
              842.0
            ],
            [
              2447.0,
              842.0
            ],
            [
              2457.0,
              836.0
            ],
            [
              2458.0,
              833.0
            ],
            [
              2450.0,
              826.0
            ],
            [
              2451.0,
              823.0
            ],
            [
              2453.0,
              822.0
            ],
            [
              2455.0,
              823.0
            ],
            [
              2456.0,
              822.0
            ],
            [
              2456.0,
              817.0
            ],
            [
              2461.0,
              814.0
            ],
            [
              2463.0,
              815.0
            ],
            [
              2466.0,
              819.0
            ],
            [
              2466.0,
              824.0
            ],
            [
              2467.0,
              825.0
            ],
            [
              2469.0,
              823.0
            ],
            [
              2470.0,
              817.0
            ],
            [
              2465.0,
              812.0
            ],
            [
              2465.0,
              810.0
            ],
            [
              2468.0,
              807.0
            ],
            [
              2466.0,
              804.0
            ],
            [
              2466.0,
              802.0
            ],
            [
              2458.0,
              791.0
            ],
            [
              2444.0,
              785.0
            ],
            [
              2441.0,
              780.0
            ],
            [
              2436.0,
              780.0
            ],
            [
              2435.0,
              779.0
            ],
            [
              2431.0,
              781.0
            ],
            [
              2420.0,
              775.0
            ],
            [
              2415.0,
              774.0
            ],
            [
              2408.0,
              779.0
            ],
            [
              2400.0,
              779.0
            ],
            [
              2396.0,
              781.0
            ],
            [
              2390.0,
              780.0
            ],
            [
              2384.0,
              782.0
            ],
            [
              2377.0,
              787.0
            ],
            [
              2373.0,
              785.0
            ],
            [
              2370.0,
              787.0
            ],
            [
              2364.0,
              787.0
            ],
            [
              2357.0,
              789.0
            ]
          ]
        ]
      },
      "properties": {
        "annotation_id": "3587_Benign_83",
        "label": "GP3",
        "probabilities": {
          "GP3": 1,
          "GP4": 0,
          "GP5": 0,
          "Benign": 0
        },
        "tags": []
      }
    },
    {
      "type": "Feature",
      "geometry": {
        "type": "Polygon",
        "coordinates": [
          [
            [
              2271.0,
              724.0
            ],
            [
              2264.0,
              722.0
            ],
            [
              2249.0,
              722.0
            ],
            [
              2229.0,
              717.0
            ],
            [
              2211.0,
              717.0
            ],
            [
              2182.0,
              724.0
            ],
            [
              2163.0,
              738.0
            ],
            [
              2165.0,
              742.0
            ],
            [
              2154.0,
              759.0
            ],
            [
              2142.0,
              766.0
            ],
            [
              2143.0,
              784.0
            ],
            [
              2136.0,
              791.0
            ],
            [
              2134.0,
              799.0
            ],
            [
              2131.0,
              802.0
            ],
            [
              2132.0,
              805.0
            ],
            [
              2140.0,
              808.0
            ],
            [
              2146.0,
              808.0
            ],
            [
              2154.0,
              805.0
            ],
            [
              2162.0,
              813.0
            ],
            [
              2179.0,
              812.0
            ],
            [
              2183.0,
              816.0
            ],
            [
              2188.0,
              816.0
            ],
            [
              2190.0,
              833.0
            ],
            [
              2196.0,
              839.0
            ],
            [
              2205.0,
              844.0
            ],
            [
              2213.0,
              852.0
            ],
            [
              2212.0,
              855.0
            ],
            [
              2218.0,
              859.0
            ],
            [
              2224.0,
              855.0
            ],
            [
              2223.0,
              837.0
            ],
            [
              2217.0,
              830.0
            ],
            [
              2209.0,
              831.0
            ],
            [
              2206.0,
              829.0
            ],
            [
              2203.0,
              817.0
            ],
            [
              2199.0,
              813.0
            ],
            [
              2199.0,
              810.0
            ],
            [
              2204.0,
              806.0
            ],
            [
              2211.0,
              805.0
            ],
            [
              2227.0,
              820.0
            ],
            [
              2238.0,
              820.0
            ],
            [
              2254.0,
              812.0
            ],
            [
              2261.0,
              813.0
            ],
            [
              2262.0,
              804.0
            ],
            [
              2264.0,
              802.0
            ],
            [
              2274.0,
              800.0
            ],
            [
              2284.0,
              792.0
            ],
            [
              2289.0,
              771.0
            ],
            [
              2295.0,
              759.0
            ],
            [
              2293.0,
              754.0
            ],
            [
              2283.0,
              747.0
            ],
            [
              2280.0,
              739.0
            ],
            [
              2282.0,
              735.0
            ],
            [
              2271.0,
              724.0
            ]
          ]
        ]
      },
      "properties": {
        "annotation_id": "3587_Benign_84",
        "label": "GP3",
        "probabilities": {
          "GP3": 1,
          "GP4": 0,
          "GP5": 0,
          "Benign": 0
        },
        "tags": []
      }
    },
    {
      "type": "Feature",
      "geometry": {
        "type": "Polygon",
        "coordinates": [
          [
            [
              2008.0,
              632.0
            ],
            [
              2009.0,
              641.0
            ],
            [
              2006.0,
              643.0
            ],
            [
              2007.0,
              649.0
            ],
            [
              2017.0,
              657.0
            ],
            [
              2031.0,
              663.0
            ],
            [
              2035.0,
              675.0
            ],
            [
              2030.0,
              681.0
            ],
            [
              2039.0,
              683.0
            ],
            [
              2034.0,
              698.0
            ],
            [
              2040.0,
              705.0
            ],
            [
              2047.0,
              708.0
            ],
            [
              2052.0,
              716.0
            ],
            [
              2060.0,
              720.0
            ],
            [
              2058.0,
              727.0
            ],
            [
              2061.0,
              730.0
            ],
            [
              2071.0,
              729.0
            ],
            [
              2076.0,
              732.0
            ],
            [
              2091.0,
              735.0
            ],
            [
              2106.0,
              733.0
            ],
            [
              2109.0,
              735.0
            ],
            [
              2127.0,
              736.0
            ],
            [
              2131.0,
              733.0
            ],
            [
              2138.0,
              733.0
            ],
            [
              2150.0,
              729.0
            ],
            [
              2154.0,
              724.0
            ],
            [
              2149.0,
              718.0
            ],
            [
              2159.0,
              715.0
            ],
            [
              2156.0,
              712.0
            ],
            [
              2156.0,
              708.0
            ],
            [
              2163.0,
              700.0
            ],
            [
              2173.0,
              696.0
            ],
            [
              2176.0,
              688.0
            ],
            [
              2183.0,
              687.0
            ],
            [
              2193.0,
              677.0
            ],
            [
              2203.0,
              672.0
            ],
            [
              2207.0,
              661.0
            ],
            [
              2214.0,
              653.0
            ],
            [
              2218.0,
              629.0
            ],
            [
              2220.0,
              627.0
            ],
            [
              2213.0,
              617.0
            ],
            [
              2202.0,
              617.0
            ],
            [
              2189.0,
              603.0
            ],
            [
              2173.0,
              602.0
            ],
            [
              2167.0,
              597.0
            ],
            [
              2142.0,
              593.0
            ],
            [
              2135.0,
              589.0
            ],
            [
              2113.0,
              589.0
            ],
            [
              2107.0,
              585.0
            ],
            [
              2102.0,
              586.0
            ],
            [
              2098.0,
              584.0
            ],
            [
              2087.0,
              586.0
            ],
            [
              2078.0,
              593.0
            ],
            [
              2072.0,
              594.0
            ],
            [
              2066.0,
              600.0
            ],
            [
              2042.0,
              611.0
            ],
            [
              2036.0,
              610.0
            ],
            [
              2020.0,
              628.0
            ],
            [
              2019.0,
              642.0
            ],
            [
              2017.0,
              644.0
            ],
            [
              2020.0,
              652.0
            ],
            [
              2017.0,
              654.0
            ],
            [
              2010.0,
              649.0
            ],
            [
              2014.0,
              643.0
            ],
            [
              2014.0,
              638.0
            ],
            [
              2008.0,
              632.0
            ]
          ],
          [
            [
              2176.0,
              634.0
            ],
            [
              2176.0,
              638.0
            ],
            [
              2171.0,
              641.0
            ],
            [
              2165.0,
              641.0
            ],
            [
              2160.0,
              638.0
            ],
            [
              2157.0,
              640.0
            ],
            [
              2157.0,
              645.0
            ],
            [
              2160.0,
              648.0
            ],
            [
              2160.0,
              651.0
            ],
            [
              2157.0,
              653.0
            ],
            [
              2152.0,
              653.0
            ],
            [
              2150.0,
              654.0
            ],
            [
              2145.0,
              660.0
            ],
            [
              2141.0,
              662.0
            ],
            [
              2137.0,
              662.0
            ],
            [
              2136.0,
              663.0
            ],
            [
              2128.0,
              660.0
            ],
            [
              2123.0,
              666.0
            ],
            [
              2116.0,
              668.0
            ],
            [
              2113.0,
              671.0
            ],
            [
              2113.0,
              681.0
            ],
            [
              2112.0,
              682.0
            ],
            [
              2112.0,
              684.0
            ],
            [
              2109.0,
              686.0
            ],
            [
              2104.0,
              686.0
            ],
            [
              2103.0,
              685.0
            ],
            [
              2098.0,
              685.0
            ],
            [
              2097.0,
              684.0
            ],
            [
              2094.0,
              684.0
            ],
            [
              2092.0,
              683.0
            ],
            [
              2087.0,
              677.0
            ],
            [
              2087.0,
              670.0
            ],
            [
              2091.0,
              665.0
            ],
            [
              2095.0,
              664.0
            ],
            [
              2098.0,
              661.0
            ],
            [
              2098.0,
              660.0
            ],
            [
              2102.0,
              657.0
            ],
            [
              2108.0,
              658.0
            ],
            [
              2116.0,
              654.0
            ],
            [
              2116.0,
              653.0
            ],
            [
              2122.0,
              646.0
            ],
            [
              2120.0,
              642.0
            ],
            [
              2120.0,
              640.0
            ],
            [
              2123.0,
              638.0
            ],
            [
              2127.0,
              640.0
            ],
            [
              2133.0,
              640.0
            ],
            [
              2135.0,
              638.0
            ],
            [
              2139.0,
              636.0
            ],
            [
              2146.0,
              634.0
            ],
            [
              2148.0,
              631.0
            ],
            [
              2148.0,
              628.0
            ],
            [
              2152.0,
              625.0
            ],
            [
              2156.0,
              626.0
            ],
            [
              2157.0,
              627.0
            ],
            [
              2157.0,
              630.0
            ],
            [
              2158.0,
              631.0
            ],
            [
              2161.0,
              631.0
            ],
            [
              2162.0,
              630.0
            ],
            [
              2169.0,
              630.0
            ],
            [
              2170.0,
              631.0
            ],
            [
              2174.0,
              632.0
            ],
            [
              2176.0,
              634.0
            ]
          ]
        ]
      },
      "properties": {
        "annotation_id": "3587_Benign_85",
        "label": "GP3",
        "probabilities": {
          "GP3": 1,
          "GP4": 0,
          "GP5": 0,
          "Benign": 0
        },
        "tags": []
      }
    },
    {
      "type": "Feature",
      "geometry": {
        "type": "Polygon",
        "coordinates": [
          [
            [
              2414.0,
              539.0
            ],
            [
              2401.0,
              527.0
            ],
            [
              2401.0,
              510.0
            ],
            [
              2392.0,
              500.0
            ],
            [
              2386.0,
              498.0
            ],
            [
              2366.0,
              498.0
            ],
            [
              2365.0,
              508.0
            ],
            [
              2356.0,
              511.0
            ],
            [
              2343.0,
              512.0
            ],
            [
              2342.0,
              515.0
            ],
            [
              2327.0,
              529.0
            ],
            [
              2331.0,
              533.0
            ],
            [
              2364.0,
              538.0
            ],
            [
              2364.0,
              547.0
            ],
            [
              2360.0,
              550.0
            ],
            [
              2355.0,
              550.0
            ],
            [
              2346.0,
              555.0
            ],
            [
              2337.0,
              555.0
            ],
            [
              2331.0,
              551.0
            ],
            [
              2326.0,
              552.0
            ],
            [
              2319.0,
              548.0
            ],
            [
              2321.0,
              539.0
            ],
            [
              2318.0,
              538.0
            ],
            [
              2315.0,
              545.0
            ],
            [
              2296.0,
              549.0
            ],
            [
              2279.0,
              560.0
            ],
            [
              2270.0,
              557.0
            ],
            [
              2262.0,
              564.0
            ],
            [
              2254.0,
              563.0
            ],
            [
              2235.0,
              566.0
            ],
            [
              2230.0,
              569.0
            ],
            [
              2226.0,
              567.0
            ],
            [
              2214.0,
              569.0
            ],
            [
              2216.0,
              574.0
            ],
            [
              2233.0,
              587.0
            ],
            [
              2239.0,
              596.0
            ],
            [
              2251.0,
              596.0
            ],
            [
              2254.0,
              598.0
            ],
            [
              2262.0,
              597.0
            ],
            [
              2266.0,
              601.0
            ],
            [
              2273.0,
              600.0
            ],
            [
              2285.0,
              607.0
            ],
            [
              2298.0,
              600.0
            ],
            [
              2305.0,
              599.0
            ],
            [
              2311.0,
              601.0
            ],
            [
              2319.0,
              599.0
            ],
            [
              2324.0,
              603.0
            ],
            [
              2330.0,
              602.0
            ],
            [
              2330.0,
              607.0
            ],
            [
              2334.0,
              610.0
            ],
            [
              2347.0,
              610.0
            ],
            [
              2364.0,
              597.0
            ],
            [
              2370.0,
              585.0
            ],
            [
              2379.0,
              578.0
            ],
            [
              2379.0,
              573.0
            ],
            [
              2384.0,
              568.0
            ],
            [
              2405.0,
              561.0
            ],
            [
              2414.0,
              552.0
            ],
            [
              2414.0,
              539.0
            ]
          ]
        ]
      },
      "properties": {
        "annotation_id": "3587_Benign_87",
        "label": "GP3",
        "probabilities": {
          "GP3": 1,
          "GP4": 0,
          "GP5": 0,
          "Benign": 0
        },
        "tags": []
      }
    },
    {
      "type": "Feature",
      "geometry": {
        "type": "Polygon",
        "coordinates": [
          [
            [
              2409.0,
              362.0
            ],
            [
              2388.0,
              318.0
            ],
            [
              2343.0,
              265.0
            ],
            [
              2292.0,
              229.0
            ],
            [
              2278.0,
              224.0
            ],
            [
              2255.0,
              224.0
            ],
            [
              2234.0,
              207.0
            ],
            [
              2188.0,
              200.0
            ],
            [
              2117.0,
              201.0
            ],
            [
              2091.0,
              235.0
            ],
            [
              2075.0,
              238.0
            ],
            [
              2058.0,
              253.0
            ],
            [
              2046.0,
              273.0
            ],
            [
              2045.0,
              320.0
            ],
            [
              2055.0,
              333.0
            ],
            [
              2059.0,
              365.0
            ],
            [
              2068.0,
              381.0
            ],
            [
              2023.0,
              397.0
            ],
            [
              1983.0,
              420.0
            ],
            [
              1956.0,
              452.0
            ],
            [
              1949.0,
              473.0
            ],
            [
              1950.0,
              501.0
            ],
            [
              1963.0,
              517.0
            ],
            [
              1983.0,
              527.0
            ],
            [
              2071.0,
              544.0
            ],
            [
              2114.0,
              545.0
            ],
            [
              2195.0,
              535.0
            ],
            [
              2249.0,
              511.0
            ],
            [
              2284.0,
              471.0
            ],
            [
              2400.0,
              416.0
            ],
            [
              2412.0,
              397.0
            ],
            [
              2409.0,
              362.0
            ]
          ],
          [
            [
              2011.0,
              447.0
            ],
            [
              2014.0,
              442.0
            ],
            [
              2021.0,
              437.0
            ],
            [
              2028.0,
              441.0
            ],
            [
              2035.0,
              432.0
            ],
            [
              2041.0,
              430.0
            ],
            [
              2050.0,
              423.0
            ],
            [
              2061.0,
              423.0
            ],
            [
              2076.0,
              415.0
            ],
            [
              2098.0,
              415.0
            ],
            [
              2121.0,
              422.0
            ],
            [
              2142.0,
              424.0
            ],
            [
              2151.0,
              431.0
            ],
            [
              2157.0,
              431.0
            ],
            [
              2183.0,
              444.0
            ],
            [
              2199.0,
              446.0
            ],
            [
              2211.0,
              454.0
            ],
            [
              2214.0,
              460.0
            ],
            [
              2227.0,
              471.0
            ],
            [
              2234.0,
              468.0
            ],
            [
              2241.0,
              462.0
            ],
            [
              2244.0,
              464.0
            ],
            [
              2244.0,
              480.0
            ],
            [
              2242.0,
              487.0
            ],
            [
              2232.0,
              496.0
            ],
            [
              2224.0,
              498.0
            ],
            [
              2217.0,
              493.0
            ],
            [
              2208.0,
              497.0
            ],
            [
              2199.0,
              504.0
            ],
            [
              2189.0,
              503.0
            ],
            [
              2165.0,
              507.0
            ],
            [
              2151.0,
              504.0
            ],
            [
              2137.0,
              506.0
            ],
            [
              2083.0,
              505.0
            ],
            [
              2076.0,
              502.0
            ],
            [
              2056.0,
              500.0
            ],
            [
              2031.0,
              492.0
            ],
            [
              2017.0,
              480.0
            ],
            [
              2014.0,
              468.0
            ],
            [
              2011.0,
              465.0
            ],
            [
              2011.0,
              447.0
            ]
          ],
          [
            [
              2100.0,
              275.0
            ],
            [
              2113.0,
              271.0
            ],
            [
              2114.0,
              259.0
            ],
            [
              2126.0,
              248.0
            ],
            [
              2148.0,
              246.0
            ],
            [
              2152.0,
              242.0
            ],
            [
              2160.0,
              246.0
            ],
            [
              2162.0,
              238.0
            ],
            [
              2177.0,
              229.0
            ],
            [
              2183.0,
              228.0
            ],
            [
              2198.0,
              238.0
            ],
            [
              2208.0,
              236.0
            ],
            [
              2233.0,
              258.0
            ],
            [
              2251.0,
              265.0
            ],
            [
              2250.0,
              270.0
            ],
            [
              2239.0,
              278.0
            ],
            [
              2244.0,
              287.0
            ],
            [
              2249.0,
              288.0
            ],
            [
              2264.0,
              274.0
            ],
            [
              2271.0,
              274.0
            ],
            [
              2296.0,
              290.0
            ],
            [
              2301.0,
              300.0
            ],
            [
              2307.0,
              301.0
            ],
            [
              2316.0,
              314.0
            ],
            [
              2324.0,
              315.0
            ],
            [
              2334.0,
              325.0
            ],
            [
              2347.0,
              330.0
            ],
            [
              2361.0,
              342.0
            ],
            [
              2368.0,
              354.0
            ],
            [
              2358.0,
              377.0
            ],
            [
              2367.0,
              382.0
            ],
            [
              2373.0,
              381.0
            ],
            [
              2379.0,
              384.0
            ],
            [
              2379.0,
              389.0
            ],
            [
              2370.0,
              394.0
            ],
            [
              2372.0,
              407.0
            ],
            [
              2366.0,
              408.0
            ],
            [
              2359.0,
              396.0
            ],
            [
              2354.0,
              400.0
            ],
            [
              2344.0,
              401.0
            ],
            [
              2328.0,
              414.0
            ],
            [
              2285.0,
              422.0
            ],
            [
              2268.0,
              416.0
            ],
            [
              2252.0,
              401.0
            ],
            [
              2248.0,
              407.0
            ],
            [
              2244.0,
              408.0
            ],
            [
              2230.0,
              400.0
            ],
            [
              2210.0,
              396.0
            ],
            [
              2196.0,
              388.0
            ],
            [
              2180.0,
              388.0
            ],
            [
              2171.0,
              382.0
            ],
            [
              2154.0,
              377.0
            ],
            [
              2148.0,
              373.0
            ],
            [
              2143.0,
              364.0
            ],
            [
              2131.0,
              366.0
            ],
            [
              2100.0,
              343.0
            ],
            [
              2098.0,
              337.0
            ],
            [
              2105.0,
              330.0
            ],
            [
              2097.0,
              330.0
            ],
            [
              2091.0,
              326.0
            ],
            [
              2089.0,
              317.0
            ],
            [
              2094.0,
              308.0
            ],
            [
              2092.0,
              298.0
            ],
            [
              2101.0,
              291.0
            ],
            [
              2100.0,
              275.0
            ]
          ]
        ]
      },
      "properties": {
        "annotation_id": "3587_Benign_88",
        "label": "GP3",
        "probabilities": {
          "GP3": 1,
          "GP4": 0,
          "GP5": 0,
          "Benign": 0
        },
        "tags": []
      }
    },
    {
      "type": "Feature",
      "geometry": {
        "type": "Polygon",
        "coordinates": [
          [
            [
              2922.0,
              8618.0
            ],
            [
              2919.0,
              8637.0
            ],
            [
              2919.0,
              8657.0
            ],
            [
              2924.0,
              8669.0
            ],
            [
              2935.0,
              8685.0
            ],
            [
              2947.0,
              8697.0
            ],
            [
              2959.0,
              8704.0
            ],
            [
              2968.0,
              8705.0
            ],
            [
              2984.0,
              8713.0
            ],
            [
              3005.0,
              8719.0
            ],
            [
              3013.0,
              8724.0
            ],
            [
              3029.0,
              8727.0
            ],
            [
              3038.0,
              8734.0
            ],
            [
              3052.0,
              8737.0
            ],
            [
              3088.0,
              8737.0
            ],
            [
              3111.0,
              8729.0
            ],
            [
              3162.0,
              8724.0
            ],
            [
              3178.0,
              8719.0
            ],
            [
              3191.0,
              8705.0
            ],
            [
              3192.0,
              8687.0
            ],
            [
              3187.0,
              8676.0
            ],
            [
              3178.0,
              8668.0
            ],
            [
              3153.0,
              8659.0
            ],
            [
              3074.0,
              8641.0
            ],
            [
              3047.0,
              8638.0
            ],
            [
              3015.0,
              8627.0
            ],
            [
              2985.0,
              8612.0
            ],
            [
              2970.0,
              8611.0
            ],
            [
              2952.0,
              8603.0
            ],
            [
              2936.0,
              8604.0
            ],
            [
              2922.0,
              8618.0
            ]
          ]
        ]
      },
      "properties": {
        "annotation_id": "3587_GP3_101",
        "label": "GP3",
        "probabilities": null,
        "tags": []
      }
    },
    {
      "type": "Feature",
      "geometry": {
        "type": "Polygon",
        "coordinates": [
          [
            [
              2774,
              8380
            ],
            [
              2781,
              8370
            ],
            [
              2832,
              8360
            ],
            [
              2842,
              8354
            ],
            [
              2847,
              8341
            ],
            [
              2853,
              8336
            ],
            [
              2873,
              8331
            ],
            [
              2923,
              8354
            ],
            [
              3003,
              8350
            ],
            [
              3045.1515629673772,
              8376.667315346709
            ],
            [
              3033.273881119064,
              8377.706261513109
            ],
            [
              2995.0409277823187,
              8382.375935203094
            ],
            [
              2985.6523914238724,
              8377.011057283982
            ],
            [
              2972.7911131850256,
              8373.187434023785
            ],
            [
              2961.667845518995,
              8372.839831909221
            ],
            [
              2939.4213101869345,
              8377.011057283982
            ],
            [
              2909.5275283344786,
              8389.524733408267
            ],
            [
              2900.1422712412664,
              8396.824377814099
            ],
            [
              2899.276023314813,
              8398
            ],
            [
              2899,
              8398
            ],
            [
              2895,
              8402
            ],
            [
              2895,
              8403.803174498675
            ],
            [
              2894.4488885962896,
              8404.55111140371
            ],
            [
              2894,
              8405
            ],
            [
              2894,
              8405.160317355818
            ],
            [
              2890.40941203349,
              8410.03325816751
            ],
            [
              2885.5429824296016,
              8419.418515260722
            ],
            [
              2883.1097676276577,
              8430.889385041315
            ],
            [
              2882.817046037533,
              8440.841919105551
            ],
            [
              2875,
              8442
            ],
            [
              2836,
              8442
            ],
            [
              2813,
              8430
            ],
            [
              2798,
              8411
            ],
            [
              2774,
              8391
            ],
            [
              2774,
              8380
            ]
          ]
        ]
      },
      "properties": {
        "annotation_id": "3587_GP3_102",
        "label": "GP3",
        "probabilities": null,
        "tags": []
      }
    },
    {
      "type": "Feature",
      "geometry": {
        "type": "Polygon",
        "coordinates": [
          [
            [
              3276.0,
              8046.0
            ],
            [
              3270.0,
              8044.0
            ],
            [
              3233.0,
              8044.0
            ],
            [
              3227.0,
              8047.0
            ],
            [
              3218.0,
              8058.0
            ],
            [
              3209.0,
              8057.0
            ],
            [
              3194.0,
              8063.0
            ],
            [
              3185.0,
              8056.0
            ],
            [
              3162.0,
              8049.0
            ],
            [
              3141.0,
              8035.0
            ],
            [
              3125.0,
              8035.0
            ],
            [
              3105.0,
              8057.0
            ],
            [
              3094.0,
              8076.0
            ],
            [
              3056.0,
              8105.0
            ],
            [
              3031.0,
              8133.0
            ],
            [
              3017.0,
              8161.0
            ],
            [
              3017.0,
              8191.0
            ],
            [
              3027.0,
              8201.0
            ],
            [
              3048.0,
              8199.0
            ],
            [
              3060.0,
              8188.0
            ],
            [
              3067.0,
              8171.0
            ],
            [
              3082.0,
              8160.0
            ],
            [
              3097.0,
              8157.0
            ],
            [
              3121.0,
              8146.0
            ],
            [
              3135.0,
              8144.0
            ],
            [
              3155.0,
              8134.0
            ],
            [
              3170.0,
              8133.0
            ],
            [
              3182.0,
              8129.0
            ],
            [
              3194.0,
              8129.0
            ],
            [
              3210.0,
              8123.0
            ],
            [
              3257.0,
              8116.0
            ],
            [
              3274.0,
              8111.0
            ],
            [
              3285.0,
              8099.0
            ],
            [
              3285.0,
              8057.0
            ],
            [
              3276.0,
              8046.0
            ]
          ]
        ]
      },
      "properties": {
        "annotation_id": "3587_GP3_104",
        "label": "GP3",
        "probabilities": null,
        "tags": []
      }
    },
    {
      "type": "Feature",
      "geometry": {
        "type": "Polygon",
        "coordinates": [
          [
            [
              3262.0,
              7829.0
            ],
            [
              3257.0,
              7818.0
            ],
            [
              3248.0,
              7810.0
            ],
            [
              3241.0,
              7808.0
            ],
            [
              3170.0,
              7808.0
            ],
            [
              3159.0,
              7812.0
            ],
            [
              3152.0,
              7809.0
            ],
            [
              3141.0,
              7809.0
            ],
            [
              3134.0,
              7812.0
            ],
            [
              3112.0,
              7814.0
            ],
            [
              3104.0,
              7817.0
            ],
            [
              3030.0,
              7820.0
            ],
            [
              3019.0,
              7822.0
            ],
            [
              3005.0,
              7836.0
            ],
            [
              3004.0,
              7857.0
            ],
            [
              3010.0,
              7868.0
            ],
            [
              3023.0,
              7877.0
            ],
            [
              3052.0,
              7883.0
            ],
            [
              3088.0,
              7884.0
            ],
            [
              3102.0,
              7897.0
            ],
            [
              3107.0,
              7898.0
            ],
            [
              3156.0,
              7898.0
            ],
            [
              3178.0,
              7893.0
            ],
            [
              3186.0,
              7889.0
            ],
            [
              3199.0,
              7887.0
            ],
            [
              3228.0,
              7875.0
            ],
            [
              3237.0,
              7864.0
            ],
            [
              3249.0,
              7857.0
            ],
            [
              3260.0,
              7845.0
            ],
            [
              3262.0,
              7829.0
            ]
          ]
        ]
      },
      "properties": {
        "annotation_id": "3587_GP3_105",
        "label": "GP3",
        "probabilities": null,
        "tags": []
      }
    },
    {
      "type": "Feature",
      "geometry": {
        "type": "Polygon",
        "coordinates": [
          [
            [
              2771.0,
              5987.0
            ],
            [
              2764.0,
              5991.0
            ],
            [
              2753.0,
              6001.0
            ],
            [
              2746.0,
              6013.0
            ],
            [
              2731.0,
              6026.0
            ],
            [
              2722.0,
              6038.0
            ],
            [
              2720.0,
              6045.0
            ],
            [
              2721.0,
              6081.0
            ],
            [
              2736.0,
              6100.0
            ],
            [
              2753.0,
              6110.0
            ],
            [
              2795.0,
              6118.0
            ],
            [
              2829.0,
              6118.0
            ],
            [
              2838.0,
              6115.0
            ],
            [
              2854.0,
              6103.0
            ],
            [
              2886.0,
              6068.0
            ],
            [
              2892.0,
              6054.0
            ],
            [
              2901.0,
              6040.0
            ],
            [
              2901.0,
              6036.0
            ],
            [
              2907.0,
              6024.0
            ],
            [
              2908.0,
              6008.0
            ],
            [
              2906.0,
              6001.0
            ],
            [
              2898.0,
              5992.0
            ],
            [
              2892.0,
              5988.0
            ],
            [
              2871.0,
              5987.0
            ],
            [
              2857.0,
              5983.0
            ],
            [
              2783.0,
              5983.0
            ],
            [
              2771.0,
              5987.0
            ]
          ]
        ]
      },
      "properties": {
        "annotation_id": "3587_GP3_106",
        "label": "GP3",
        "probabilities": null,
        "tags": []
      }
    },
    {
      "type": "Feature",
      "geometry": {
        "type": "Polygon",
        "coordinates": [
          [
            [
              2439.0,
              5657.0
            ],
            [
              2426.0,
              5668.0
            ],
            [
              2415.0,
              5686.0
            ],
            [
              2410.0,
              5721.0
            ],
            [
              2412.0,
              5764.0
            ],
            [
              2417.0,
              5784.0
            ],
            [
              2429.0,
              5805.0
            ],
            [
              2457.0,
              5833.0
            ],
            [
              2450.0,
              5847.0
            ],
            [
              2452.0,
              5890.0
            ],
            [
              2459.0,
              5913.0
            ],
            [
              2479.0,
              5950.0
            ],
            [
              2492.0,
              5966.0
            ],
            [
              2510.0,
              5979.0
            ],
            [
              2554.0,
              5997.0
            ],
            [
              2633.0,
              6043.0
            ],
            [
              2648.0,
              6046.0
            ],
            [
              2687.0,
              6044.0
            ],
            [
              2717.0,
              6028.0
            ],
            [
              2730.0,
              6010.0
            ],
            [
              2731.0,
              5970.0
            ],
            [
              2748.0,
              5940.0
            ],
            [
              2756.0,
              5901.0
            ],
            [
              2756.0,
              5852.0
            ],
            [
              2751.0,
              5831.0
            ],
            [
              2738.0,
              5805.0
            ],
            [
              2728.0,
              5794.0
            ],
            [
              2681.0,
              5762.0
            ],
            [
              2666.0,
              5731.0
            ],
            [
              2624.0,
              5685.0
            ],
            [
              2562.0,
              5648.0
            ],
            [
              2518.0,
              5644.0
            ],
            [
              2439.0,
              5657.0
            ]
          ],
          [
            [
              2446.0,
              5691.0
            ],
            [
              2465.0,
              5675.0
            ],
            [
              2478.0,
              5676.0
            ],
            [
              2487.0,
              5672.0
            ],
            [
              2504.0,
              5676.0
            ],
            [
              2511.0,
              5672.0
            ],
            [
              2541.0,
              5682.0
            ],
            [
              2552.0,
              5689.0
            ],
            [
              2558.0,
              5706.0
            ],
            [
              2571.0,
              5715.0
            ],
            [
              2569.0,
              5723.0
            ],
            [
              2580.0,
              5730.0
            ],
            [
              2592.0,
              5720.0
            ],
            [
              2598.0,
              5727.0
            ],
            [
              2609.0,
              5731.0
            ],
            [
              2610.0,
              5738.0
            ],
            [
              2603.0,
              5743.0
            ],
            [
              2603.0,
              5750.0
            ],
            [
              2606.0,
              5751.0
            ],
            [
              2613.0,
              5742.0
            ],
            [
              2617.0,
              5742.0
            ],
            [
              2618.0,
              5747.0
            ],
            [
              2614.0,
              5751.0
            ],
            [
              2620.0,
              5760.0
            ],
            [
              2612.0,
              5768.0
            ],
            [
              2614.0,
              5783.0
            ],
            [
              2623.0,
              5789.0
            ],
            [
              2629.0,
              5789.0
            ],
            [
              2633.0,
              5781.0
            ],
            [
              2643.0,
              5783.0
            ],
            [
              2660.0,
              5796.0
            ],
            [
              2679.0,
              5819.0
            ],
            [
              2686.0,
              5820.0
            ],
            [
              2686.0,
              5825.0
            ],
            [
              2678.0,
              5828.0
            ],
            [
              2682.0,
              5832.0
            ],
            [
              2681.0,
              5839.0
            ],
            [
              2689.0,
              5844.0
            ],
            [
              2694.0,
              5862.0
            ],
            [
              2692.0,
              5868.0
            ],
            [
              2701.0,
              5873.0
            ],
            [
              2707.0,
              5883.0
            ],
            [
              2706.0,
              5892.0
            ],
            [
              2697.0,
              5899.0
            ],
            [
              2710.0,
              5907.0
            ],
            [
              2700.0,
              5929.0
            ],
            [
              2686.0,
              5936.0
            ],
            [
              2678.0,
              5932.0
            ],
            [
              2670.0,
              5938.0
            ],
            [
              2649.0,
              5935.0
            ],
            [
              2644.0,
              5939.0
            ],
            [
              2629.0,
              5939.0
            ],
            [
              2614.0,
              5943.0
            ],
            [
              2598.0,
              5954.0
            ],
            [
              2591.0,
              5948.0
            ],
            [
              2556.0,
              5936.0
            ],
            [
              2551.0,
              5932.0
            ],
            [
              2550.0,
              5924.0
            ],
            [
              2541.0,
              5928.0
            ],
            [
              2534.0,
              5925.0
            ],
            [
              2515.0,
              5905.0
            ],
            [
              2497.0,
              5874.0
            ],
            [
              2497.0,
              5853.0
            ],
            [
              2512.0,
              5829.0
            ],
            [
              2502.0,
              5812.0
            ],
            [
              2485.0,
              5811.0
            ],
            [
              2468.0,
              5803.0
            ],
            [
              2461.0,
              5796.0
            ],
            [
              2458.0,
              5783.0
            ],
            [
              2446.0,
              5775.0
            ],
            [
              2432.0,
              5743.0
            ],
            [
              2432.0,
              5716.0
            ],
            [
              2437.0,
              5702.0
            ],
            [
              2446.0,
              5691.0
            ]
          ]
        ]
      },
      "properties": {
        "annotation_id": "3587_GP3_107",
        "label": "GP3",
        "probabilities": null,
        "tags": []
      }
    },
    {
      "type": "Feature",
      "geometry": {
        "type": "Polygon",
        "coordinates": [
          [
            [
              3031.0,
              5520.0
            ],
            [
              3024.0,
              5481.0
            ],
            [
              3008.0,
              5457.0
            ],
            [
              3007.0,
              5466.0
            ],
            [
              3001.0,
              5469.0
            ],
            [
              2995.0,
              5456.0
            ],
            [
              2989.0,
              5454.0
            ],
            [
              2978.0,
              5462.0
            ],
            [
              2979.0,
              5473.0
            ],
            [
              2964.0,
              5475.0
            ],
            [
              2960.0,
              5472.0
            ],
            [
              2958.0,
              5447.0
            ],
            [
              2950.0,
              5441.0
            ],
            [
              2947.0,
              5429.0
            ],
            [
              2908.0,
              5411.0
            ],
            [
              2909.0,
              5398.0
            ],
            [
              2921.0,
              5392.0
            ],
            [
              2872.0,
              5392.0
            ],
            [
              2850.0,
              5405.0
            ],
            [
              2844.0,
              5414.0
            ],
            [
              2829.0,
              5415.0
            ],
            [
              2811.0,
              5425.0
            ],
            [
              2825.0,
              5419.0
            ],
            [
              2839.0,
              5421.0
            ],
            [
              2810.0,
              5442.0
            ],
            [
              2805.0,
              5468.0
            ],
            [
              2782.0,
              5463.0
            ],
            [
              2784.0,
              5476.0
            ],
            [
              2802.0,
              5478.0
            ],
            [
              2817.0,
              5495.0
            ],
            [
              2742.0,
              5502.0
            ],
            [
              2704.0,
              5519.0
            ],
            [
              2690.0,
              5513.0
            ],
            [
              2697.0,
              5501.0
            ],
            [
              2656.0,
              5515.0
            ],
            [
              2566.0,
              5526.0
            ],
            [
              2541.0,
              5546.0
            ],
            [
              2540.0,
              5567.0
            ],
            [
              2587.0,
              5634.0
            ],
            [
              2613.0,
              5657.0
            ],
            [
              2651.0,
              5675.0
            ],
            [
              2705.0,
              5675.0
            ],
            [
              2761.0,
              5640.0
            ],
            [
              2783.0,
              5601.0
            ],
            [
              2782.0,
              5594.0
            ],
            [
              2817.0,
              5570.0
            ],
            [
              2842.0,
              5568.0
            ],
            [
              2857.0,
              5558.0
            ],
            [
              2873.0,
              5562.0
            ],
            [
              2920.0,
              5551.0
            ],
            [
              2964.0,
              5557.0
            ],
            [
              2972.0,
              5564.0
            ],
            [
              3020.0,
              5545.0
            ],
            [
              3030.0,
              5533.0
            ],
            [
              3031.0,
              5520.0
            ]
          ],
          [
            [
              2960.0,
              5500.0
            ],
            [
              2957.0,
              5504.0
            ],
            [
              2953.0,
              5500.0
            ],
            [
              2950.0,
              5502.0
            ],
            [
              2951.0,
              5511.0
            ],
            [
              2921.0,
              5524.0
            ],
            [
              2906.0,
              5522.0
            ],
            [
              2888.0,
              5532.0
            ],
            [
              2880.0,
              5522.0
            ],
            [
              2877.0,
              5525.0
            ],
            [
              2879.0,
              5534.0
            ],
            [
              2874.0,
              5537.0
            ],
            [
              2818.0,
              5540.0
            ],
            [
              2798.0,
              5549.0
            ],
            [
              2783.0,
              5548.0
            ],
            [
              2782.0,
              5556.0
            ],
            [
              2766.0,
              5564.0
            ],
            [
              2741.0,
              5585.0
            ],
            [
              2740.0,
              5597.0
            ],
            [
              2731.0,
              5609.0
            ],
            [
              2725.0,
              5625.0
            ],
            [
              2714.0,
              5631.0
            ],
            [
              2718.0,
              5638.0
            ],
            [
              2694.0,
              5656.0
            ],
            [
              2672.0,
              5659.0
            ],
            [
              2656.0,
              5655.0
            ],
            [
              2652.0,
              5652.0
            ],
            [
              2655.0,
              5645.0
            ],
            [
              2641.0,
              5633.0
            ],
            [
              2640.0,
              5624.0
            ],
            [
              2622.0,
              5611.0
            ],
            [
              2628.0,
              5599.0
            ],
            [
              2635.0,
              5604.0
            ],
            [
              2649.0,
              5605.0
            ],
            [
              2687.0,
              5602.0
            ],
            [
              2683.0,
              5595.0
            ],
            [
              2708.0,
              5560.0
            ],
            [
              2715.0,
              5560.0
            ],
            [
              2718.0,
              5566.0
            ],
            [
              2710.0,
              5574.0
            ],
            [
              2708.0,
              5586.0
            ],
            [
              2711.0,
              5587.0
            ],
            [
              2724.0,
              5576.0
            ],
            [
              2730.0,
              5559.0
            ],
            [
              2743.0,
              5552.0
            ],
            [
              2742.0,
              5549.0
            ],
            [
              2750.0,
              5541.0
            ],
            [
              2748.0,
              5535.0
            ],
            [
              2765.0,
              5525.0
            ],
            [
              2773.0,
              5525.0
            ],
            [
              2778.0,
              5520.0
            ],
            [
              2806.0,
              5512.0
            ],
            [
              2817.0,
              5516.0
            ],
            [
              2824.0,
              5507.0
            ],
            [
              2832.0,
              5507.0
            ],
            [
              2839.0,
              5503.0
            ],
            [
              2882.0,
              5505.0
            ],
            [
              2897.0,
              5495.0
            ],
            [
              2905.0,
              5501.0
            ],
            [
              2911.0,
              5497.0
            ],
            [
              2910.0,
              5491.0
            ],
            [
              2913.0,
              5489.0
            ],
            [
              2946.0,
              5490.0
            ],
            [
              2960.0,
              5500.0
            ]
          ]
        ]
      },
      "properties": {
        "annotation_id": "3587_GP3_109",
        "label": "GP3",
        "probabilities": null,
        "tags": []
      }
    },
    {
      "type": "Feature",
      "geometry": {
        "type": "Polygon",
        "coordinates": [
          [
            [
              3217.0,
              4638.0
            ],
            [
              3176.0,
              4637.0
            ],
            [
              3134.0,
              4639.0
            ],
            [
              3120.0,
              4647.0
            ],
            [
              3110.0,
              4650.0
            ],
            [
              3100.0,
              4659.0
            ],
            [
              3083.0,
              4669.0
            ],
            [
              3067.0,
              4686.0
            ],
            [
              3058.0,
              4700.0
            ],
            [
              3055.0,
              4714.0
            ],
            [
              3055.0,
              4733.0
            ],
            [
              3059.0,
              4746.0
            ],
            [
              3071.0,
              4761.0
            ],
            [
              3093.0,
              4778.0
            ],
            [
              3125.0,
              4790.0
            ],
            [
              3136.0,
              4796.0
            ],
            [
              3148.0,
              4799.0
            ],
            [
              3182.0,
              4799.0
            ],
            [
              3192.0,
              4795.0
            ],
            [
              3204.0,
              4786.0
            ],
            [
              3223.0,
              4764.0
            ],
            [
              3238.0,
              4730.0
            ],
            [
              3239.0,
              4722.0
            ],
            [
              3243.0,
              4713.0
            ],
            [
              3243.0,
              4669.0
            ],
            [
              3236.0,
              4654.0
            ],
            [
              3217.0,
              4638.0
            ]
          ]
        ]
      },
      "properties": {
        "annotation_id": "3587_GP3_111",
        "label": "GP3",
        "probabilities": null,
        "tags": []
      }
    },
    {
      "type": "Feature",
      "geometry": {
        "type": "Polygon",
        "coordinates": [
          [
            [
              3161.0,
              4343.0
            ],
            [
              3061.0,
              4292.0
            ],
            [
              3023.0,
              4292.0
            ],
            [
              3003.0,
              4312.0
            ],
            [
              3000.0,
              4341.0
            ],
            [
              2933.0,
              4381.0
            ],
            [
              2897.0,
              4428.0
            ],
            [
              2808.0,
              4482.0
            ],
            [
              2628.0,
              4570.0
            ],
            [
              2505.0,
              4647.0
            ],
            [
              2373.0,
              4620.0
            ],
            [
              2280.0,
              4625.0
            ],
            [
              2236.0,
              4645.0
            ],
            [
              2244.0,
              4664.0
            ],
            [
              2230.0,
              4683.0
            ],
            [
              2290.0,
              4907.0
            ],
            [
              2373.0,
              4956.0
            ],
            [
              2444.0,
              4952.0
            ],
            [
              2479.0,
              4987.0
            ],
            [
              2558.0,
              4987.0
            ],
            [
              2594.0,
              4966.0
            ],
            [
              2623.0,
              4920.0
            ],
            [
              2665.0,
              4888.0
            ],
            [
              2650.0,
              4881.0
            ],
            [
              2655.0,
              4870.0
            ],
            [
              2670.0,
              4875.0
            ],
            [
              2678.0,
              4860.0
            ],
            [
              2715.0,
              4865.0
            ],
            [
              2735.0,
              4853.0
            ],
            [
              2744.0,
              4861.0
            ],
            [
              2775.0,
              4853.0
            ],
            [
              2835.0,
              4811.0
            ],
            [
              2897.0,
              4789.0
            ],
            [
              2906.0,
              4780.0
            ],
            [
              2893.0,
              4776.0
            ],
            [
              2913.0,
              4759.0
            ],
            [
              2932.0,
              4717.0
            ],
            [
              2920.0,
              4685.0
            ],
            [
              2940.0,
              4696.0
            ],
            [
              2942.0,
              4682.0
            ],
            [
              2981.0,
              4682.0
            ],
            [
              2981.0,
              4667.0
            ],
            [
              3003.0,
              4648.0
            ],
            [
              3058.0,
              4535.0
            ],
            [
              3051.0,
              4532.0
            ],
            [
              3061.0,
              4505.0
            ],
            [
              3057.0,
              4472.0
            ],
            [
              3026.0,
              4440.0
            ],
            [
              3046.0,
              4442.0
            ],
            [
              3052.0,
              4433.0
            ],
            [
              3085.0,
              4440.0
            ],
            [
              3116.0,
              4428.0
            ],
            [
              3117.0,
              4441.0
            ],
            [
              3166.0,
              4388.0
            ],
            [
              3161.0,
              4343.0
            ]
          ],
          [
            [
              2889.0,
              4715.0
            ],
            [
              2889.0,
              4717.0
            ],
            [
              2890.0,
              4718.0
            ],
            [
              2890.0,
              4729.0
            ],
            [
              2889.0,
              4730.0
            ],
            [
              2889.0,
              4733.0
            ],
            [
              2887.0,
              4736.0
            ],
            [
              2887.0,
              4738.0
            ],
            [
              2886.0,
              4739.0
            ],
            [
              2884.0,
              4744.0
            ],
            [
              2878.0,
              4750.0
            ],
            [
              2877.0,
              4750.0
            ],
            [
              2869.0,
              4756.0
            ],
            [
              2868.0,
              4756.0
            ],
            [
              2863.0,
              4759.0
            ],
            [
              2861.0,
              4759.0
            ],
            [
              2858.0,
              4761.0
            ],
            [
              2855.0,
              4761.0
            ],
            [
              2854.0,
              4762.0
            ],
            [
              2850.0,
              4762.0
            ],
            [
              2849.0,
              4763.0
            ],
            [
              2845.0,
              4763.0
            ],
            [
              2844.0,
              4764.0
            ],
            [
              2840.0,
              4764.0
            ],
            [
              2839.0,
              4763.0
            ],
            [
              2835.0,
              4763.0
            ],
            [
              2834.0,
              4762.0
            ],
            [
              2833.0,
              4762.0
            ],
            [
              2825.0,
              4754.0
            ],
            [
              2825.0,
              4753.0
            ],
            [
              2824.0,
              4752.0
            ],
            [
              2824.0,
              4749.0
            ],
            [
              2825.0,
              4748.0
            ],
            [
              2825.0,
              4746.0
            ],
            [
              2827.0,
              4743.0
            ],
            [
              2827.0,
              4741.0
            ],
            [
              2828.0,
              4740.0
            ],
            [
              2828.0,
              4739.0
            ],
            [
              2831.0,
              4736.0
            ],
            [
              2831.0,
              4735.0
            ],
            [
              2838.0,
              4727.0
            ],
            [
              2838.0,
              4726.0
            ],
            [
              2840.0,
              4723.0
            ],
            [
              2840.0,
              4720.0
            ],
            [
              2841.0,
              4719.0
            ],
            [
              2841.0,
              4715.0
            ],
            [
              2842.0,
              4714.0
            ],
            [
              2842.0,
              4712.0
            ],
            [
              2846.0,
              4708.0
            ],
            [
              2847.0,
              4708.0
            ],
            [
              2852.0,
              4705.0
            ],
            [
              2854.0,
              4705.0
            ],
            [
              2855.0,
              4704.0
            ],
            [
              2865.0,
              4704.0
            ],
            [
              2866.0,
              4705.0
            ],
            [
              2868.0,
              4705.0
            ],
            [
              2869.0,
              4706.0
            ],
            [
              2871.0,
              4706.0
            ],
            [
              2872.0,
              4707.0
            ],
            [
              2875.0,
              4707.0
            ],
            [
              2876.0,
              4708.0
            ],
            [
              2879.0,
              4708.0
            ],
            [
              2880.0,
              4709.0
            ],
            [
              2883.0,
              4710.0
            ],
            [
              2887.0,
              4714.0
            ],
            [
              2888.0,
              4714.0
            ],
            [
              2889.0,
              4715.0
            ]
          ],
          [
            [
              2724.0,
              4625.0
            ],
            [
              2724.0,
              4639.0
            ],
            [
              2721.0,
              4643.0
            ],
            [
              2721.0,
              4644.0
            ],
            [
              2711.0,
              4654.0
            ],
            [
              2710.0,
              4654.0
            ],
            [
              2708.0,
              4656.0
            ],
            [
              2704.0,
              4657.0
            ],
            [
              2699.0,
              4660.0
            ],
            [
              2697.0,
              4660.0
            ],
            [
              2689.0,
              4665.0
            ],
            [
              2679.0,
              4665.0
            ],
            [
              2676.0,
              4667.0
            ],
            [
              2673.0,
              4667.0
            ],
            [
              2670.0,
              4669.0
            ],
            [
              2649.0,
              4669.0
            ],
            [
              2645.0,
              4667.0
            ],
            [
              2638.0,
              4659.0
            ],
            [
              2638.0,
              4656.0
            ],
            [
              2637.0,
              4655.0
            ],
            [
              2637.0,
              4646.0
            ],
            [
              2638.0,
              4645.0
            ],
            [
              2638.0,
              4642.0
            ],
            [
              2640.0,
              4640.0
            ],
            [
              2640.0,
              4639.0
            ],
            [
              2646.0,
              4633.0
            ],
            [
              2650.0,
              4631.0
            ],
            [
              2652.0,
              4631.0
            ],
            [
              2653.0,
              4630.0
            ],
            [
              2658.0,
              4630.0
            ],
            [
              2659.0,
              4631.0
            ],
            [
              2662.0,
              4631.0
            ],
            [
              2663.0,
              4632.0
            ],
            [
              2664.0,
              4631.0
            ],
            [
              2667.0,
              4631.0
            ],
            [
              2668.0,
              4630.0
            ],
            [
              2677.0,
              4630.0
            ],
            [
              2679.0,
              4628.0
            ],
            [
              2687.0,
              4624.0
            ],
            [
              2690.0,
              4624.0
            ],
            [
              2697.0,
              4616.0
            ],
            [
              2703.0,
              4613.0
            ],
            [
              2710.0,
              4613.0
            ],
            [
              2711.0,
              4614.0
            ],
            [
              2715.0,
              4615.0
            ],
            [
              2723.0,
              4623.0
            ],
            [
              2724.0,
              4625.0
            ]
          ],
          [
            [
              2943.0,
              4511.0
            ],
            [
              2944.0,
              4512.0
            ],
            [
              2954.0,
              4514.0
            ],
            [
              2963.0,
              4520.0
            ],
            [
              2964.0,
              4522.0
            ],
            [
              2963.0,
              4538.0
            ],
            [
              2967.0,
              4543.0
            ],
            [
              2967.0,
              4548.0
            ],
            [
              2965.0,
              4551.0
            ],
            [
              2965.0,
              4554.0
            ],
            [
              2964.0,
              4555.0
            ],
            [
              2964.0,
              4568.0
            ],
            [
              2963.0,
              4569.0
            ],
            [
              2963.0,
              4572.0
            ],
            [
              2958.0,
              4582.0
            ],
            [
              2958.0,
              4588.0
            ],
            [
              2950.0,
              4602.0
            ],
            [
              2947.0,
              4616.0
            ],
            [
              2942.0,
              4621.0
            ],
            [
              2936.0,
              4625.0
            ],
            [
              2926.0,
              4625.0
            ],
            [
              2925.0,
              4624.0
            ],
            [
              2921.0,
              4624.0
            ],
            [
              2913.0,
              4621.0
            ],
            [
              2909.0,
              4617.0
            ],
            [
              2901.0,
              4612.0
            ],
            [
              2899.0,
              4609.0
            ],
            [
              2899.0,
              4602.0
            ],
            [
              2902.0,
              4598.0
            ],
            [
              2906.0,
              4597.0
            ],
            [
              2909.0,
              4595.0
            ],
            [
              2909.0,
              4591.0
            ],
            [
              2902.0,
              4585.0
            ],
            [
              2902.0,
              4580.0
            ],
            [
              2903.0,
              4579.0
            ],
            [
              2903.0,
              4559.0
            ],
            [
              2906.0,
              4557.0
            ],
            [
              2910.0,
              4559.0
            ],
            [
              2914.0,
              4559.0
            ],
            [
              2922.0,
              4555.0
            ],
            [
              2925.0,
              4552.0
            ],
            [
              2926.0,
              4550.0
            ],
            [
              2926.0,
              4534.0
            ],
            [
              2927.0,
              4533.0
            ],
            [
              2927.0,
              4530.0
            ],
            [
              2933.0,
              4523.0
            ],
            [
              2937.0,
              4513.0
            ],
            [
              2940.0,
              4511.0
            ],
            [
              2943.0,
              4511.0
            ]
          ]
        ]
      },
      "properties": {
        "annotation_id": "3587_GP3_112",
        "label": "GP3",
        "probabilities": null,
        "tags": []
      }
    },
    {
      "type": "Feature",
      "geometry": {
        "type": "Polygon",
        "coordinates": [
          [
            [
              3269.0,
              3850.0
            ],
            [
              3231.0,
              3803.0
            ],
            [
              3126.0,
              3796.0
            ],
            [
              3026.0,
              3826.0
            ],
            [
              2847.0,
              3853.0
            ],
            [
              2732.0,
              3884.0
            ],
            [
              2563.0,
              3905.0
            ],
            [
              2539.0,
              3923.0
            ],
            [
              2511.0,
              3973.0
            ],
            [
              2513.0,
              4035.0
            ],
            [
              2534.0,
              4063.0
            ],
            [
              2642.0,
              4123.0
            ],
            [
              2701.0,
              4142.0
            ],
            [
              2824.0,
              4152.0
            ],
            [
              2873.0,
              4136.0
            ],
            [
              2926.0,
              4094.0
            ],
            [
              2977.0,
              4084.0
            ],
            [
              3000.0,
              4067.0
            ],
            [
              3001.0,
              4047.0
            ],
            [
              2986.0,
              4032.0
            ],
            [
              2904.0,
              4029.0
            ],
            [
              2938.0,
              3945.0
            ],
            [
              2961.0,
              3933.0
            ],
            [
              3058.0,
              3945.0
            ],
            [
              3092.0,
              3973.0
            ],
            [
              3093.0,
              3985.0
            ],
            [
              3002.0,
              4097.0
            ],
            [
              2933.0,
              4122.0
            ],
            [
              2888.0,
              4153.0
            ],
            [
              2883.0,
              4198.0
            ],
            [
              2911.0,
              4229.0
            ],
            [
              2992.0,
              4225.0
            ],
            [
              3028.0,
              4198.0
            ],
            [
              3057.0,
              4191.0
            ],
            [
              3101.0,
              4246.0
            ],
            [
              3110.0,
              4287.0
            ],
            [
              3125.0,
              4306.0
            ],
            [
              3190.0,
              4305.0
            ],
            [
              3205.0,
              4290.0
            ],
            [
              3206.0,
              4256.0
            ],
            [
              3183.0,
              4184.0
            ],
            [
              3222.0,
              4153.0
            ],
            [
              3225.0,
              4103.0
            ],
            [
              3207.0,
              4001.0
            ],
            [
              3188.0,
              3966.0
            ],
            [
              3263.0,
              3894.0
            ],
            [
              3269.0,
              3850.0
            ]
          ],
          [
            [
              3066.0,
              4115.0
            ],
            [
              3074.0,
              4107.0
            ],
            [
              3079.0,
              4106.0
            ],
            [
              3082.0,
              4102.0
            ],
            [
              3090.0,
              4099.0
            ],
            [
              3102.0,
              4090.0
            ],
            [
              3110.0,
              4088.0
            ],
            [
              3114.0,
              4085.0
            ],
            [
              3118.0,
              4088.0
            ],
            [
              3123.0,
              4086.0
            ],
            [
              3126.0,
              4088.0
            ],
            [
              3126.0,
              4093.0
            ],
            [
              3125.0,
              4094.0
            ],
            [
              3126.0,
              4103.0
            ],
            [
              3135.0,
              4108.0
            ],
            [
              3138.0,
              4106.0
            ],
            [
              3141.0,
              4108.0
            ],
            [
              3141.0,
              4114.0
            ],
            [
              3149.0,
              4119.0
            ],
            [
              3150.0,
              4124.0
            ],
            [
              3153.0,
              4122.0
            ],
            [
              3158.0,
              4122.0
            ],
            [
              3161.0,
              4124.0
            ],
            [
              3165.0,
              4124.0
            ],
            [
              3173.0,
              4129.0
            ],
            [
              3174.0,
              4131.0
            ],
            [
              3173.0,
              4143.0
            ],
            [
              3170.0,
              4146.0
            ],
            [
              3171.0,
              4153.0
            ],
            [
              3168.0,
              4159.0
            ],
            [
              3163.0,
              4162.0
            ],
            [
              3160.0,
              4162.0
            ],
            [
              3154.0,
              4158.0
            ],
            [
              3149.0,
              4158.0
            ],
            [
              3147.0,
              4160.0
            ],
            [
              3147.0,
              4162.0
            ],
            [
              3144.0,
              4165.0
            ],
            [
              3140.0,
              4166.0
            ],
            [
              3137.0,
              4169.0
            ],
            [
              3137.0,
              4171.0
            ],
            [
              3134.0,
              4173.0
            ],
            [
              3129.0,
              4171.0
            ],
            [
              3128.0,
              4165.0
            ],
            [
              3126.0,
              4163.0
            ],
            [
              3122.0,
              4163.0
            ],
            [
              3121.0,
              4164.0
            ],
            [
              3121.0,
              4172.0
            ],
            [
              3118.0,
              4174.0
            ],
            [
              3114.0,
              4173.0
            ],
            [
              3109.0,
              4170.0
            ],
            [
              3109.0,
              4167.0
            ],
            [
              3111.0,
              4165.0
            ],
            [
              3110.0,
              4164.0
            ],
            [
              3105.0,
              4164.0
            ],
            [
              3100.0,
              4166.0
            ],
            [
              3096.0,
              4164.0
            ],
            [
              3093.0,
              4165.0
            ],
            [
              3090.0,
              4164.0
            ],
            [
              3086.0,
              4159.0
            ],
            [
              3086.0,
              4154.0
            ],
            [
              3081.0,
              4149.0
            ],
            [
              3073.0,
              4156.0
            ],
            [
              3070.0,
              4155.0
            ],
            [
              3067.0,
              4152.0
            ],
            [
              3066.0,
              4153.0
            ],
            [
              3063.0,
              4151.0
            ],
            [
              3064.0,
              4148.0
            ],
            [
              3066.0,
              4147.0
            ],
            [
              3069.0,
              4149.0
            ],
            [
              3071.0,
              4147.0
            ],
            [
              3069.0,
              4145.0
            ],
            [
              3069.0,
              4143.0
            ],
            [
              3063.0,
              4139.0
            ],
            [
              3063.0,
              4132.0
            ],
            [
              3066.0,
              4128.0
            ],
            [
              3064.0,
              4125.0
            ],
            [
              3066.0,
              4115.0
            ]
          ],
          [
            [
              2709.0,
              4025.0
            ],
            [
              2712.0,
              4023.0
            ],
            [
              2716.0,
              4023.0
            ],
            [
              2721.0,
              4026.0
            ],
            [
              2727.0,
              4027.0
            ],
            [
              2729.0,
              4029.0
            ],
            [
              2730.0,
              4033.0
            ],
            [
              2738.0,
              4040.0
            ],
            [
              2743.0,
              4039.0
            ],
            [
              2746.0,
              4041.0
            ],
            [
              2746.0,
              4043.0
            ],
            [
              2738.0,
              4050.0
            ],
            [
              2739.0,
              4052.0
            ],
            [
              2741.0,
              4053.0
            ],
            [
              2750.0,
              4053.0
            ],
            [
              2751.0,
              4054.0
            ],
            [
              2760.0,
              4052.0
            ],
            [
              2767.0,
              4057.0
            ],
            [
              2767.0,
              4061.0
            ],
            [
              2774.0,
              4067.0
            ],
            [
              2776.0,
              4067.0
            ],
            [
              2778.0,
              4065.0
            ],
            [
              2775.0,
              4060.0
            ],
            [
              2776.0,
              4055.0
            ],
            [
              2778.0,
              4053.0
            ],
            [
              2786.0,
              4050.0
            ],
            [
              2785.0,
              4047.0
            ],
            [
              2785.0,
              4034.0
            ],
            [
              2788.0,
              4032.0
            ],
            [
              2791.0,
              4033.0
            ],
            [
              2798.0,
              4042.0
            ],
            [
              2798.0,
              4050.0
            ],
            [
              2801.0,
              4053.0
            ],
            [
              2806.0,
              4055.0
            ],
            [
              2806.0,
              4058.0
            ],
            [
              2803.0,
              4064.0
            ],
            [
              2804.0,
              4075.0
            ],
            [
              2800.0,
              4079.0
            ],
            [
              2795.0,
              4081.0
            ],
            [
              2783.0,
              4081.0
            ],
            [
              2778.0,
              4078.0
            ],
            [
              2776.0,
              4078.0
            ],
            [
              2772.0,
              4081.0
            ],
            [
              2754.0,
              4081.0
            ],
            [
              2739.0,
              4076.0
            ],
            [
              2728.0,
              4065.0
            ],
            [
              2725.0,
              4067.0
            ],
            [
              2726.0,
              4069.0
            ],
            [
              2725.0,
              4074.0
            ],
            [
              2721.0,
              4075.0
            ],
            [
              2717.0,
              4073.0
            ],
            [
              2712.0,
              4067.0
            ],
            [
              2712.0,
              4063.0
            ],
            [
              2714.0,
              4061.0
            ],
            [
              2714.0,
              4055.0
            ],
            [
              2718.0,
              4052.0
            ],
            [
              2724.0,
              4050.0
            ],
            [
              2727.0,
              4047.0
            ],
            [
              2723.0,
              4043.0
            ],
            [
              2722.0,
              4038.0
            ],
            [
              2719.0,
              4035.0
            ],
            [
              2713.0,
              4035.0
            ],
            [
              2710.0,
              4033.0
            ],
            [
              2709.0,
              4025.0
            ]
          ],
          [
            [
              2636.0,
              3955.0
            ],
            [
              2648.0,
              3961.0
            ],
            [
              2656.0,
              3971.0
            ],
            [
              2656.0,
              3974.0
            ],
            [
              2650.0,
              3981.0
            ],
            [
              2651.0,
              3987.0
            ],
            [
              2645.0,
              3994.0
            ],
            [
              2645.0,
              3996.0
            ],
            [
              2642.0,
              4002.0
            ],
            [
              2640.0,
              4004.0
            ],
            [
              2640.0,
              4007.0
            ],
            [
              2639.0,
              4008.0
            ],
            [
              2639.0,
              4018.0
            ],
            [
              2637.0,
              4020.0
            ],
            [
              2637.0,
              4021.0
            ],
            [
              2633.0,
              4025.0
            ],
            [
              2624.0,
              4029.0
            ],
            [
              2622.0,
              4033.0
            ],
            [
              2620.0,
              4035.0
            ],
            [
              2616.0,
              4036.0
            ],
            [
              2615.0,
              4037.0
            ],
            [
              2613.0,
              4037.0
            ],
            [
              2611.0,
              4036.0
            ],
            [
              2606.0,
              4030.0
            ],
            [
              2602.0,
              4030.0
            ],
            [
              2596.0,
              4025.0
            ],
            [
              2593.0,
              4024.0
            ],
            [
              2591.0,
              4022.0
            ],
            [
              2591.0,
              4015.0
            ],
            [
              2584.0,
              4010.0
            ],
            [
              2584.0,
              4006.0
            ],
            [
              2586.0,
              4003.0
            ],
            [
              2590.0,
              4001.0
            ],
            [
              2593.0,
              4001.0
            ],
            [
              2594.0,
              4002.0
            ],
            [
              2596.0,
              4000.0
            ],
            [
              2593.0,
              3998.0
            ],
            [
              2593.0,
              3996.0
            ],
            [
              2592.0,
              3995.0
            ],
            [
              2592.0,
              3992.0
            ],
            [
              2593.0,
              3991.0
            ],
            [
              2593.0,
              3986.0
            ],
            [
              2596.0,
              3982.0
            ],
            [
              2596.0,
              3977.0
            ],
            [
              2592.0,
              3973.0
            ],
            [
              2592.0,
              3970.0
            ],
            [
              2599.0,
              3965.0
            ],
            [
              2605.0,
              3965.0
            ],
            [
              2606.0,
              3966.0
            ],
            [
              2609.0,
              3966.0
            ],
            [
              2613.0,
              3964.0
            ],
            [
              2617.0,
              3960.0
            ],
            [
              2623.0,
              3957.0
            ],
            [
              2627.0,
              3959.0
            ],
            [
              2630.0,
              3957.0
            ],
            [
              2632.0,
              3957.0
            ],
            [
              2636.0,
              3955.0
            ]
          ],
          [
            [
              3021.0,
              3852.0
            ],
            [
              3024.0,
              3850.0
            ],
            [
              3039.0,
              3850.0
            ],
            [
              3040.0,
              3851.0
            ],
            [
              3043.0,
              3851.0
            ],
            [
              3051.0,
              3854.0
            ],
            [
              3064.0,
              3854.0
            ],
            [
              3066.0,
              3853.0
            ],
            [
              3076.0,
              3857.0
            ],
            [
              3093.0,
              3857.0
            ],
            [
              3094.0,
              3858.0
            ],
            [
              3097.0,
              3858.0
            ],
            [
              3102.0,
              3860.0
            ],
            [
              3105.0,
              3860.0
            ],
            [
              3106.0,
              3859.0
            ],
            [
              3133.0,
              3859.0
            ],
            [
              3134.0,
              3860.0
            ],
            [
              3141.0,
              3860.0
            ],
            [
              3146.0,
              3863.0
            ],
            [
              3146.0,
              3865.0
            ],
            [
              3140.0,
              3870.0
            ],
            [
              3138.0,
              3870.0
            ],
            [
              3135.0,
              3872.0
            ],
            [
              3133.0,
              3872.0
            ],
            [
              3130.0,
              3874.0
            ],
            [
              3128.0,
              3874.0
            ],
            [
              3124.0,
              3876.0
            ],
            [
              3115.0,
              3877.0
            ],
            [
              3114.0,
              3878.0
            ],
            [
              3107.0,
              3878.0
            ],
            [
              3106.0,
              3877.0
            ],
            [
              3092.0,
              3877.0
            ],
            [
              3087.0,
              3879.0
            ],
            [
              3069.0,
              3879.0
            ],
            [
              3068.0,
              3880.0
            ],
            [
              3064.0,
              3880.0
            ],
            [
              3063.0,
              3881.0
            ],
            [
              3051.0,
              3881.0
            ],
            [
              3046.0,
              3879.0
            ],
            [
              3036.0,
              3880.0
            ],
            [
              3029.0,
              3877.0
            ],
            [
              3025.0,
              3877.0
            ],
            [
              3021.0,
              3874.0
            ],
            [
              3021.0,
              3852.0
            ]
          ]
        ]
      },
      "properties": {
        "annotation_id": "3587_GP3_116",
        "label": "GP3",
        "probabilities": null,
        "tags": []
      }
    },
    {
      "type": "Feature",
      "geometry": {
        "type": "Polygon",
        "coordinates": [
          [
            [
              2919.0,
              3680.0
            ],
            [
              2919.0,
              3698.0
            ],
            [
              2924.0,
              3715.0
            ],
            [
              2948.0,
              3742.0
            ],
            [
              2977.0,
              3757.0
            ],
            [
              2988.0,
              3767.0
            ],
            [
              3035.0,
              3796.0
            ],
            [
              3045.0,
              3799.0
            ],
            [
              3081.0,
              3796.0
            ],
            [
              3102.0,
              3790.0
            ],
            [
              3146.0,
              3785.0
            ],
            [
              3200.0,
              3756.0
            ],
            [
              3220.0,
              3738.0
            ],
            [
              3224.0,
              3728.0
            ],
            [
              3223.0,
              3715.0
            ],
            [
              3212.0,
              3702.0
            ],
            [
              3204.0,
              3699.0
            ],
            [
              3193.0,
              3699.0
            ],
            [
              3178.0,
              3685.0
            ],
            [
              3144.0,
              3669.0
            ],
            [
              3111.0,
              3669.0
            ],
            [
              3075.0,
              3642.0
            ],
            [
              3055.0,
              3637.0
            ],
            [
              3016.0,
              3637.0
            ],
            [
              2942.0,
              3653.0
            ],
            [
              2926.0,
              3666.0
            ],
            [
              2919.0,
              3680.0
            ]
          ],
          [
            [
              2972.0,
              3697.0
            ],
            [
              2981.0,
              3687.0
            ],
            [
              2987.0,
              3683.0
            ],
            [
              3000.0,
              3686.0
            ],
            [
              3008.0,
              3680.0
            ],
            [
              3017.0,
              3681.0
            ],
            [
              3020.0,
              3679.0
            ],
            [
              3029.0,
              3679.0
            ],
            [
              3043.0,
              3685.0
            ],
            [
              3048.0,
              3689.0
            ],
            [
              3056.0,
              3701.0
            ],
            [
              3066.0,
              3706.0
            ],
            [
              3063.0,
              3718.0
            ],
            [
              3072.0,
              3726.0
            ],
            [
              3076.0,
              3723.0
            ],
            [
              3077.0,
              3719.0
            ],
            [
              3080.0,
              3716.0
            ],
            [
              3084.0,
              3715.0
            ],
            [
              3088.0,
              3710.0
            ],
            [
              3092.0,
              3708.0
            ],
            [
              3100.0,
              3708.0
            ],
            [
              3112.0,
              3711.0
            ],
            [
              3118.0,
              3715.0
            ],
            [
              3136.0,
              3713.0
            ],
            [
              3148.0,
              3720.0
            ],
            [
              3157.0,
              3723.0
            ],
            [
              3160.0,
              3726.0
            ],
            [
              3160.0,
              3729.0
            ],
            [
              3154.0,
              3738.0
            ],
            [
              3132.0,
              3746.0
            ],
            [
              3109.0,
              3745.0
            ],
            [
              3102.0,
              3749.0
            ],
            [
              3089.0,
              3752.0
            ],
            [
              3081.0,
              3751.0
            ],
            [
              3071.0,
              3746.0
            ],
            [
              3061.0,
              3749.0
            ],
            [
              3057.0,
              3746.0
            ],
            [
              3056.0,
              3742.0
            ],
            [
              3053.0,
              3739.0
            ],
            [
              3047.0,
              3736.0
            ],
            [
              3041.0,
              3729.0
            ],
            [
              3028.0,
              3721.0
            ],
            [
              3029.0,
              3717.0
            ],
            [
              3042.0,
              3708.0
            ],
            [
              3042.0,
              3705.0
            ],
            [
              3038.0,
              3700.0
            ],
            [
              3034.0,
              3699.0
            ],
            [
              3031.0,
              3701.0
            ],
            [
              3022.0,
              3702.0
            ],
            [
              3019.0,
              3708.0
            ],
            [
              3019.0,
              3716.0
            ],
            [
              3015.0,
              3718.0
            ],
            [
              3000.0,
              3713.0
            ],
            [
              2987.0,
              3704.0
            ],
            [
              2978.0,
              3704.0
            ],
            [
              2972.0,
              3700.0
            ],
            [
              2972.0,
              3697.0
            ]
          ]
        ]
      },
      "properties": {
        "annotation_id": "3587_GP3_121",
        "label": "GP3",
        "probabilities": null,
        "tags": []
      }
    },
    {
      "type": "Feature",
      "geometry": {
        "type": "Polygon",
        "coordinates": [
          [
            [
              2336.0,
              3509.0
            ],
            [
              2315.0,
              3519.0
            ],
            [
              2293.0,
              3540.0
            ],
            [
              2287.0,
              3552.0
            ],
            [
              2264.0,
              3581.0
            ],
            [
              2259.0,
              3595.0
            ],
            [
              2259.0,
              3656.0
            ],
            [
              2264.0,
              3679.0
            ],
            [
              2275.0,
              3704.0
            ],
            [
              2279.0,
              3743.0
            ],
            [
              2285.0,
              3761.0
            ],
            [
              2293.0,
              3775.0
            ],
            [
              2313.0,
              3795.0
            ],
            [
              2338.0,
              3805.0
            ],
            [
              2442.0,
              3806.0
            ],
            [
              2479.0,
              3790.0
            ],
            [
              2496.0,
              3773.0
            ],
            [
              2514.0,
              3747.0
            ],
            [
              2521.0,
              3727.0
            ],
            [
              2519.0,
              3698.0
            ],
            [
              2506.0,
              3681.0
            ],
            [
              2495.0,
              3675.0
            ],
            [
              2503.0,
              3655.0
            ],
            [
              2503.0,
              3614.0
            ],
            [
              2496.0,
              3590.0
            ],
            [
              2476.0,
              3548.0
            ],
            [
              2459.0,
              3530.0
            ],
            [
              2441.0,
              3518.0
            ],
            [
              2387.0,
              3503.0
            ],
            [
              2366.0,
              3503.0
            ],
            [
              2336.0,
              3509.0
            ]
          ],
          [
            [
              2453.0,
              3674.0
            ],
            [
              2453.0,
              3677.0
            ],
            [
              2451.0,
              3681.0
            ],
            [
              2442.0,
              3690.0
            ],
            [
              2438.0,
              3692.0
            ],
            [
              2436.0,
              3692.0
            ],
            [
              2435.0,
              3693.0
            ],
            [
              2432.0,
              3693.0
            ],
            [
              2431.0,
              3694.0
            ],
            [
              2424.0,
              3695.0
            ],
            [
              2423.0,
              3696.0
            ],
            [
              2421.0,
              3696.0
            ],
            [
              2417.0,
              3698.0
            ],
            [
              2376.0,
              3698.0
            ],
            [
              2375.0,
              3699.0
            ],
            [
              2371.0,
              3699.0
            ],
            [
              2370.0,
              3700.0
            ],
            [
              2368.0,
              3700.0
            ],
            [
              2367.0,
              3699.0
            ],
            [
              2355.0,
              3699.0
            ],
            [
              2354.0,
              3698.0
            ],
            [
              2350.0,
              3698.0
            ],
            [
              2344.0,
              3695.0
            ],
            [
              2344.0,
              3693.0
            ],
            [
              2345.0,
              3692.0
            ],
            [
              2351.0,
              3689.0
            ],
            [
              2358.0,
              3688.0
            ],
            [
              2364.0,
              3685.0
            ],
            [
              2368.0,
              3685.0
            ],
            [
              2369.0,
              3684.0
            ],
            [
              2370.0,
              3685.0
            ],
            [
              2375.0,
              3685.0
            ],
            [
              2376.0,
              3684.0
            ],
            [
              2381.0,
              3684.0
            ],
            [
              2382.0,
              3683.0
            ],
            [
              2404.0,
              3683.0
            ],
            [
              2405.0,
              3682.0
            ],
            [
              2409.0,
              3681.0
            ],
            [
              2413.0,
              3678.0
            ],
            [
              2425.0,
              3678.0
            ],
            [
              2429.0,
              3676.0
            ],
            [
              2434.0,
              3672.0
            ],
            [
              2438.0,
              3672.0
            ],
            [
              2439.0,
              3673.0
            ],
            [
              2448.0,
              3673.0
            ],
            [
              2450.0,
              3672.0
            ],
            [
              2453.0,
              3674.0
            ]
          ],
          [
            [
              2411.0,
              3581.0
            ],
            [
              2413.0,
              3586.0
            ],
            [
              2408.0,
              3592.0
            ],
            [
              2408.0,
              3596.0
            ],
            [
              2410.0,
              3600.0
            ],
            [
              2420.0,
              3609.0
            ],
            [
              2420.0,
              3612.0
            ],
            [
              2416.0,
              3618.0
            ],
            [
              2415.0,
              3627.0
            ],
            [
              2409.0,
              3634.0
            ],
            [
              2394.0,
              3643.0
            ],
            [
              2387.0,
              3643.0
            ],
            [
              2380.0,
              3639.0
            ],
            [
              2376.0,
              3639.0
            ],
            [
              2368.0,
              3649.0
            ],
            [
              2348.0,
              3657.0
            ],
            [
              2344.0,
              3656.0
            ],
            [
              2335.0,
              3648.0
            ],
            [
              2328.0,
              3648.0
            ],
            [
              2319.0,
              3657.0
            ],
            [
              2310.0,
              3660.0
            ],
            [
              2306.0,
              3657.0
            ],
            [
              2300.0,
              3644.0
            ],
            [
              2300.0,
              3635.0
            ],
            [
              2296.0,
              3624.0
            ],
            [
              2296.0,
              3610.0
            ],
            [
              2295.0,
              3609.0
            ],
            [
              2296.0,
              3599.0
            ],
            [
              2305.0,
              3584.0
            ],
            [
              2307.0,
              3583.0
            ],
            [
              2310.0,
              3585.0
            ],
            [
              2311.0,
              3599.0
            ],
            [
              2313.0,
              3601.0
            ],
            [
              2318.0,
              3602.0
            ],
            [
              2329.0,
              3600.0
            ],
            [
              2334.0,
              3595.0
            ],
            [
              2334.0,
              3591.0
            ],
            [
              2332.0,
              3587.0
            ],
            [
              2321.0,
              3580.0
            ],
            [
              2319.0,
              3576.0
            ],
            [
              2322.0,
              3574.0
            ],
            [
              2327.0,
              3574.0
            ],
            [
              2334.0,
              3569.0
            ],
            [
              2342.0,
              3566.0
            ],
            [
              2359.0,
              3568.0
            ],
            [
              2369.0,
              3574.0
            ],
            [
              2373.0,
              3574.0
            ],
            [
              2381.0,
              3568.0
            ],
            [
              2389.0,
              3567.0
            ],
            [
              2403.0,
              3574.0
            ],
            [
              2411.0,
              3581.0
            ]
          ]
        ]
      },
      "properties": {
        "annotation_id": "3587_GP3_123",
        "label": "GP3",
        "probabilities": null,
        "tags": []
      }
    },
    {
      "type": "Feature",
      "geometry": {
        "type": "Polygon",
        "coordinates": [
          [
            [
              2948.0,
              3463.0
            ],
            [
              2932.0,
              3452.0
            ],
            [
              2911.0,
              3454.0
            ],
            [
              2868.0,
              3472.0
            ],
            [
              2788.0,
              3522.0
            ],
            [
              2719.0,
              3540.0
            ],
            [
              2684.0,
              3560.0
            ],
            [
              2669.0,
              3577.0
            ],
            [
              2660.0,
              3614.0
            ],
            [
              2660.0,
              3650.0
            ],
            [
              2670.0,
              3684.0
            ],
            [
              2648.0,
              3697.0
            ],
            [
              2597.0,
              3743.0
            ],
            [
              2554.0,
              3773.0
            ],
            [
              2544.0,
              3790.0
            ],
            [
              2535.0,
              3819.0
            ],
            [
              2534.0,
              3834.0
            ],
            [
              2538.0,
              3843.0
            ],
            [
              2554.0,
              3854.0
            ],
            [
              2602.0,
              3855.0
            ],
            [
              2647.0,
              3829.0
            ],
            [
              2663.0,
              3814.0
            ],
            [
              2704.0,
              3793.0
            ],
            [
              2714.0,
              3782.0
            ],
            [
              2741.0,
              3733.0
            ],
            [
              2752.0,
              3702.0
            ],
            [
              2757.0,
              3670.0
            ],
            [
              2770.0,
              3646.0
            ],
            [
              2790.0,
              3630.0
            ],
            [
              2830.0,
              3617.0
            ],
            [
              2863.0,
              3593.0
            ],
            [
              2899.0,
              3533.0
            ],
            [
              2918.0,
              3509.0
            ],
            [
              2938.0,
              3500.0
            ],
            [
              2950.0,
              3488.0
            ],
            [
              2952.0,
              3473.0
            ],
            [
              2948.0,
              3463.0
            ]
          ],
          [
            [
              2773.0,
              3581.0
            ],
            [
              2773.0,
              3584.0
            ],
            [
              2774.0,
              3585.0
            ],
            [
              2774.0,
              3590.0
            ],
            [
              2772.0,
              3594.0
            ],
            [
              2760.0,
              3606.0
            ],
            [
              2756.0,
              3608.0
            ],
            [
              2754.0,
              3608.0
            ],
            [
              2748.0,
              3614.0
            ],
            [
              2747.0,
              3617.0
            ],
            [
              2743.0,
              3621.0
            ],
            [
              2737.0,
              3624.0
            ],
            [
              2734.0,
              3623.0
            ],
            [
              2728.0,
              3618.0
            ],
            [
              2723.0,
              3619.0
            ],
            [
              2718.0,
              3623.0
            ],
            [
              2718.0,
              3628.0
            ],
            [
              2714.0,
              3633.0
            ],
            [
              2712.0,
              3634.0
            ],
            [
              2709.0,
              3634.0
            ],
            [
              2708.0,
              3635.0
            ],
            [
              2706.0,
              3635.0
            ],
            [
              2704.0,
              3634.0
            ],
            [
              2698.0,
              3627.0
            ],
            [
              2694.0,
              3625.0
            ],
            [
              2690.0,
              3621.0
            ],
            [
              2689.0,
              3619.0
            ],
            [
              2689.0,
              3616.0
            ],
            [
              2691.0,
              3614.0
            ],
            [
              2693.0,
              3613.0
            ],
            [
              2695.0,
              3613.0
            ],
            [
              2696.0,
              3612.0
            ],
            [
              2698.0,
              3612.0
            ],
            [
              2702.0,
              3609.0
            ],
            [
              2705.0,
              3602.0
            ],
            [
              2707.0,
              3600.0
            ],
            [
              2717.0,
              3596.0
            ],
            [
              2721.0,
              3591.0
            ],
            [
              2725.0,
              3589.0
            ],
            [
              2727.0,
              3589.0
            ],
            [
              2728.0,
              3588.0
            ],
            [
              2731.0,
              3588.0
            ],
            [
              2741.0,
              3583.0
            ],
            [
              2746.0,
              3579.0
            ],
            [
              2752.0,
              3576.0
            ],
            [
              2765.0,
              3576.0
            ],
            [
              2773.0,
              3581.0
            ]
          ]
        ]
      },
      "properties": {
        "annotation_id": "3587_GP3_126",
        "label": "GP3",
        "probabilities": null,
        "tags": []
      }
    },
    {
      "type": "Feature",
      "geometry": {
        "type": "Polygon",
        "coordinates": [
          [
            [
              3105.0,
              3457.0
            ],
            [
              3090.0,
              3472.0
            ],
            [
              3087.0,
              3504.0
            ],
            [
              3087.0,
              3580.0
            ],
            [
              3091.0,
              3598.0
            ],
            [
              3095.0,
              3637.0
            ],
            [
              3100.0,
              3644.0
            ],
            [
              3111.0,
              3654.0
            ],
            [
              3134.0,
              3656.0
            ],
            [
              3210.0,
              3678.0
            ],
            [
              3226.0,
              3678.0
            ],
            [
              3244.0,
              3673.0
            ],
            [
              3261.0,
              3662.0
            ],
            [
              3281.0,
              3640.0
            ],
            [
              3290.0,
              3622.0
            ],
            [
              3298.0,
              3613.0
            ],
            [
              3304.0,
              3597.0
            ],
            [
              3304.0,
              3558.0
            ],
            [
              3295.0,
              3536.0
            ],
            [
              3296.0,
              3515.0
            ],
            [
              3291.0,
              3503.0
            ],
            [
              3258.0,
              3466.0
            ],
            [
              3245.0,
              3456.0
            ],
            [
              3241.0,
              3445.0
            ],
            [
              3233.0,
              3437.0
            ],
            [
              3225.0,
              3434.0
            ],
            [
              3214.0,
              3434.0
            ],
            [
              3205.0,
              3438.0
            ],
            [
              3161.0,
              3447.0
            ],
            [
              3129.0,
              3450.0
            ],
            [
              3105.0,
              3457.0
            ]
          ],
          [
            [
              3175.0,
              3481.0
            ],
            [
              3180.0,
              3483.0
            ],
            [
              3185.0,
              3483.0
            ],
            [
              3188.0,
              3481.0
            ],
            [
              3193.0,
              3482.0
            ],
            [
              3195.0,
              3484.0
            ],
            [
              3195.0,
              3494.0
            ],
            [
              3200.0,
              3493.0
            ],
            [
              3202.0,
              3488.0
            ],
            [
              3208.0,
              3484.0
            ],
            [
              3214.0,
              3488.0
            ],
            [
              3224.0,
              3490.0
            ],
            [
              3229.0,
              3495.0
            ],
            [
              3238.0,
              3498.0
            ],
            [
              3242.0,
              3502.0
            ],
            [
              3243.0,
              3507.0
            ],
            [
              3251.0,
              3513.0
            ],
            [
              3250.0,
              3521.0
            ],
            [
              3258.0,
              3528.0
            ],
            [
              3257.0,
              3537.0
            ],
            [
              3244.0,
              3537.0
            ],
            [
              3241.0,
              3539.0
            ],
            [
              3241.0,
              3541.0
            ],
            [
              3246.0,
              3545.0
            ],
            [
              3251.0,
              3545.0
            ],
            [
              3254.0,
              3543.0
            ],
            [
              3258.0,
              3545.0
            ],
            [
              3258.0,
              3563.0
            ],
            [
              3254.0,
              3569.0
            ],
            [
              3254.0,
              3576.0
            ],
            [
              3250.0,
              3585.0
            ],
            [
              3254.0,
              3593.0
            ],
            [
              3250.0,
              3611.0
            ],
            [
              3246.0,
              3616.0
            ],
            [
              3238.0,
              3619.0
            ],
            [
              3230.0,
              3627.0
            ],
            [
              3223.0,
              3631.0
            ],
            [
              3214.0,
              3632.0
            ],
            [
              3209.0,
              3637.0
            ],
            [
              3202.0,
              3637.0
            ],
            [
              3193.0,
              3633.0
            ],
            [
              3188.0,
              3634.0
            ],
            [
              3183.0,
              3631.0
            ],
            [
              3160.0,
              3636.0
            ],
            [
              3141.0,
              3634.0
            ],
            [
              3133.0,
              3625.0
            ],
            [
              3128.0,
              3622.0
            ],
            [
              3125.0,
              3613.0
            ],
            [
              3120.0,
              3608.0
            ],
            [
              3119.0,
              3600.0
            ],
            [
              3126.0,
              3596.0
            ],
            [
              3131.0,
              3587.0
            ],
            [
              3131.0,
              3581.0
            ],
            [
              3136.0,
              3570.0
            ],
            [
              3134.0,
              3565.0
            ],
            [
              3134.0,
              3553.0
            ],
            [
              3137.0,
              3550.0
            ],
            [
              3137.0,
              3544.0
            ],
            [
              3132.0,
              3536.0
            ],
            [
              3132.0,
              3530.0
            ],
            [
              3134.0,
              3526.0
            ],
            [
              3134.0,
              3511.0
            ],
            [
              3140.0,
              3503.0
            ],
            [
              3141.0,
              3497.0
            ],
            [
              3145.0,
              3493.0
            ],
            [
              3153.0,
              3489.0
            ],
            [
              3162.0,
              3489.0
            ],
            [
              3175.0,
              3481.0
            ]
          ]
        ]
      },
      "properties": {
        "annotation_id": "3587_GP3_128",
        "label": "GP3",
        "probabilities": null,
        "tags": []
      }
    },
    {
      "type": "Feature",
      "geometry": {
        "type": "Polygon",
        "coordinates": [
          [
            [
              2390.0,
              3279.0
            ],
            [
              2380.0,
              3270.0
            ],
            [
              2373.0,
              3268.0
            ],
            [
              2352.0,
              3268.0
            ],
            [
              2344.0,
              3270.0
            ],
            [
              2304.0,
              3305.0
            ],
            [
              2285.0,
              3319.0
            ],
            [
              2273.0,
              3333.0
            ],
            [
              2263.0,
              3339.0
            ],
            [
              2259.0,
              3339.0
            ],
            [
              2241.0,
              3352.0
            ],
            [
              2234.0,
              3365.0
            ],
            [
              2235.0,
              3388.0
            ],
            [
              2249.0,
              3402.0
            ],
            [
              2254.0,
              3403.0
            ],
            [
              2294.0,
              3402.0
            ],
            [
              2307.0,
              3398.0
            ],
            [
              2323.0,
              3390.0
            ],
            [
              2356.0,
              3370.0
            ],
            [
              2381.0,
              3344.0
            ],
            [
              2384.0,
              3339.0
            ],
            [
              2388.0,
              3325.0
            ],
            [
              2394.0,
              3315.0
            ],
            [
              2395.0,
              3290.0
            ],
            [
              2394.0,
              3285.0
            ],
            [
              2390.0,
              3279.0
            ]
          ]
        ]
      },
      "properties": {
        "annotation_id": "3587_GP3_130",
        "label": "GP3",
        "probabilities": null,
        "tags": []
      }
    },
    {
      "type": "Feature",
      "geometry": {
        "type": "Polygon",
        "coordinates": [
          [
            [
              2387.0,
              3186.0
            ],
            [
              2378.0,
              3177.0
            ],
            [
              2360.0,
              3170.0
            ],
            [
              2331.0,
              3171.0
            ],
            [
              2323.0,
              3173.0
            ],
            [
              2312.0,
              3179.0
            ],
            [
              2293.0,
              3197.0
            ],
            [
              2280.0,
              3214.0
            ],
            [
              2277.0,
              3215.0
            ],
            [
              2263.0,
              3229.0
            ],
            [
              2259.0,
              3237.0
            ],
            [
              2256.0,
              3252.0
            ],
            [
              2259.0,
              3267.0
            ],
            [
              2262.0,
              3273.0
            ],
            [
              2273.0,
              3284.0
            ],
            [
              2287.0,
              3289.0
            ],
            [
              2301.0,
              3289.0
            ],
            [
              2309.0,
              3287.0
            ],
            [
              2317.0,
              3283.0
            ],
            [
              2322.0,
              3278.0
            ],
            [
              2329.0,
              3274.0
            ],
            [
              2345.0,
              3259.0
            ],
            [
              2352.0,
              3246.0
            ],
            [
              2370.0,
              3243.0
            ],
            [
              2378.0,
              3239.0
            ],
            [
              2387.0,
              3230.0
            ],
            [
              2391.0,
              3222.0
            ],
            [
              2393.0,
              3214.0
            ],
            [
              2392.0,
              3197.0
            ],
            [
              2387.0,
              3186.0
            ]
          ]
        ]
      },
      "properties": {
        "annotation_id": "3587_GP3_131",
        "label": "GP3",
        "probabilities": null,
        "tags": []
      }
    },
    {
      "type": "Feature",
      "geometry": {
        "type": "Polygon",
        "coordinates": [
          [
            [
              3064.0,
              2947.0
            ],
            [
              3023.0,
              2947.0
            ],
            [
              2993.0,
              2953.0
            ],
            [
              2956.0,
              2977.0
            ],
            [
              2940.0,
              3007.0
            ],
            [
              2908.0,
              2985.0
            ],
            [
              2895.0,
              2987.0
            ],
            [
              2883.0,
              3007.0
            ],
            [
              2884.0,
              3023.0
            ],
            [
              2894.0,
              3047.0
            ],
            [
              2903.0,
              3056.0
            ],
            [
              2932.0,
              3063.0
            ],
            [
              2936.0,
              3085.0
            ],
            [
              2950.0,
              3106.0
            ],
            [
              2975.0,
              3126.0
            ],
            [
              2998.0,
              3133.0
            ],
            [
              3030.0,
              3163.0
            ],
            [
              3000.0,
              3232.0
            ],
            [
              2992.0,
              3270.0
            ],
            [
              2992.0,
              3295.0
            ],
            [
              2976.0,
              3311.0
            ],
            [
              2974.0,
              3327.0
            ],
            [
              2961.0,
              3344.0
            ],
            [
              2962.0,
              3359.0
            ],
            [
              2972.0,
              3370.0
            ],
            [
              3000.0,
              3380.0
            ],
            [
              3058.0,
              3375.0
            ],
            [
              3088.0,
              3353.0
            ],
            [
              3150.0,
              3321.0
            ],
            [
              3171.0,
              3300.0
            ],
            [
              3197.0,
              3244.0
            ],
            [
              3196.0,
              3218.0
            ],
            [
              3184.0,
              3186.0
            ],
            [
              3171.0,
              3170.0
            ],
            [
              3171.0,
              3149.0
            ],
            [
              3161.0,
              3128.0
            ],
            [
              3166.0,
              3111.0
            ],
            [
              3165.0,
              3093.0
            ],
            [
              3146.0,
              3071.0
            ],
            [
              3144.0,
              3051.0
            ],
            [
              3157.0,
              3037.0
            ],
            [
              3157.0,
              3019.0
            ],
            [
              3146.0,
              3006.0
            ],
            [
              3093.0,
              2976.0
            ],
            [
              3084.0,
              2962.0
            ],
            [
              3064.0,
              2947.0
            ]
          ],
          [
            [
              3075.0,
              3200.0
            ],
            [
              3079.0,
              3200.0
            ],
            [
              3082.0,
              3202.0
            ],
            [
              3089.0,
              3202.0
            ],
            [
              3093.0,
              3205.0
            ],
            [
              3097.0,
              3205.0
            ],
            [
              3101.0,
              3202.0
            ],
            [
              3107.0,
              3202.0
            ],
            [
              3117.0,
              3205.0
            ],
            [
              3123.0,
              3209.0
            ],
            [
              3141.0,
              3226.0
            ],
            [
              3141.0,
              3229.0
            ],
            [
              3143.0,
              3233.0
            ],
            [
              3143.0,
              3237.0
            ],
            [
              3138.0,
              3244.0
            ],
            [
              3137.0,
              3249.0
            ],
            [
              3133.0,
              3254.0
            ],
            [
              3127.0,
              3257.0
            ],
            [
              3124.0,
              3257.0
            ],
            [
              3118.0,
              3253.0
            ],
            [
              3117.0,
              3254.0
            ],
            [
              3117.0,
              3261.0
            ],
            [
              3113.0,
              3264.0
            ],
            [
              3110.0,
              3264.0
            ],
            [
              3108.0,
              3266.0
            ],
            [
              3107.0,
              3271.0
            ],
            [
              3103.0,
              3275.0
            ],
            [
              3096.0,
              3279.0
            ],
            [
              3092.0,
              3279.0
            ],
            [
              3085.0,
              3284.0
            ],
            [
              3085.0,
              3286.0
            ],
            [
              3090.0,
              3291.0
            ],
            [
              3090.0,
              3293.0
            ],
            [
              3086.0,
              3296.0
            ],
            [
              3082.0,
              3296.0
            ],
            [
              3079.0,
              3294.0
            ],
            [
              3078.0,
              3291.0
            ],
            [
              3079.0,
              3283.0
            ],
            [
              3077.0,
              3281.0
            ],
            [
              3072.0,
              3282.0
            ],
            [
              3063.0,
              3279.0
            ],
            [
              3054.0,
              3269.0
            ],
            [
              3054.0,
              3264.0
            ],
            [
              3055.0,
              3263.0
            ],
            [
              3054.0,
              3262.0
            ],
            [
              3051.0,
              3264.0
            ],
            [
              3048.0,
              3263.0
            ],
            [
              3046.0,
              3261.0
            ],
            [
              3044.0,
              3254.0
            ],
            [
              3045.0,
              3244.0
            ],
            [
              3050.0,
              3235.0
            ],
            [
              3052.0,
              3224.0
            ],
            [
              3055.0,
              3220.0
            ],
            [
              3055.0,
              3218.0
            ],
            [
              3062.0,
              3211.0
            ],
            [
              3063.0,
              3208.0
            ],
            [
              3065.0,
              3207.0
            ],
            [
              3070.0,
              3211.0
            ],
            [
              3068.0,
              3217.0
            ],
            [
              3069.0,
              3220.0
            ],
            [
              3075.0,
              3221.0
            ],
            [
              3078.0,
              3219.0
            ],
            [
              3082.0,
              3221.0
            ],
            [
              3084.0,
              3220.0
            ],
            [
              3077.0,
              3212.0
            ],
            [
              3073.0,
              3211.0
            ],
            [
              3070.0,
              3208.0
            ],
            [
              3070.0,
              3204.0
            ],
            [
              3075.0,
              3200.0
            ]
          ],
          [
            [
              2992.0,
              3027.0
            ],
            [
              3010.0,
              3013.0
            ],
            [
              3014.0,
              3015.0
            ],
            [
              3016.0,
              3017.0
            ],
            [
              3016.0,
              3023.0
            ],
            [
              3019.0,
              3027.0
            ],
            [
              3035.0,
              3034.0
            ],
            [
              3043.0,
              3045.0
            ],
            [
              3042.0,
              3049.0
            ],
            [
              3037.0,
              3054.0
            ],
            [
              3037.0,
              3057.0
            ],
            [
              3038.0,
              3058.0
            ],
            [
              3045.0,
              3058.0
            ],
            [
              3056.0,
              3064.0
            ],
            [
              3061.0,
              3074.0
            ],
            [
              3074.0,
              3087.0
            ],
            [
              3076.0,
              3094.0
            ],
            [
              3073.0,
              3096.0
            ],
            [
              3072.0,
              3095.0
            ],
            [
              3065.0,
              3094.0
            ],
            [
              3062.0,
              3095.0
            ],
            [
              3056.0,
              3101.0
            ],
            [
              3052.0,
              3103.0
            ],
            [
              3045.0,
              3102.0
            ],
            [
              3042.0,
              3098.0
            ],
            [
              3042.0,
              3096.0
            ],
            [
              3045.0,
              3091.0
            ],
            [
              3045.0,
              3086.0
            ],
            [
              3043.0,
              3084.0
            ],
            [
              3038.0,
              3084.0
            ],
            [
              3035.0,
              3082.0
            ],
            [
              3034.0,
              3075.0
            ],
            [
              3031.0,
              3070.0
            ],
            [
              3030.0,
              3065.0
            ],
            [
              3026.0,
              3062.0
            ],
            [
              3020.0,
              3060.0
            ],
            [
              3017.0,
              3060.0
            ],
            [
              3016.0,
              3061.0
            ],
            [
              3016.0,
              3065.0
            ],
            [
              3019.0,
              3068.0
            ],
            [
              3019.0,
              3075.0
            ],
            [
              3016.0,
              3081.0
            ],
            [
              3010.0,
              3086.0
            ],
            [
              3003.0,
              3086.0
            ],
            [
              2999.0,
              3083.0
            ],
            [
              2999.0,
              3080.0
            ],
            [
              3001.0,
              3078.0
            ],
            [
              3003.0,
              3072.0
            ],
            [
              3003.0,
              3061.0
            ],
            [
              2994.0,
              3048.0
            ],
            [
              2991.0,
              3039.0
            ],
            [
              2988.0,
              3035.0
            ],
            [
              2988.0,
              3033.0
            ],
            [
              2991.0,
              3030.0
            ],
            [
              2992.0,
              3027.0
            ]
          ]
        ]
      },
      "properties": {
        "annotation_id": "3587_GP3_132",
        "label": "GP3",
        "probabilities": null,
        "tags": []
      }
    },
    {
      "type": "Feature",
      "geometry": {
        "type": "Polygon",
        "coordinates": [
          [
            [
              2852.0,
              2448.0
            ],
            [
              2761.0,
              2472.0
            ],
            [
              2695.0,
              2592.0
            ],
            [
              2648.0,
              2712.0
            ],
            [
              2710.0,
              2766.0
            ],
            [
              2621.0,
              2751.0
            ],
            [
              2574.0,
              2719.0
            ],
            [
              2521.0,
              2722.0
            ],
            [
              2486.0,
              2772.0
            ],
            [
              2488.0,
              2803.0
            ],
            [
              2517.0,
              2833.0
            ],
            [
              2482.0,
              2858.0
            ],
            [
              2446.0,
              2834.0
            ],
            [
              2394.0,
              2834.0
            ],
            [
              2349.0,
              2853.0
            ],
            [
              2325.0,
              2881.0
            ],
            [
              2319.0,
              2934.0
            ],
            [
              2297.0,
              2964.0
            ],
            [
              2298.0,
              2995.0
            ],
            [
              2325.0,
              3024.0
            ],
            [
              2356.0,
              3010.0
            ],
            [
              2386.0,
              3017.0
            ],
            [
              2450.0,
              2965.0
            ],
            [
              2461.0,
              2990.0
            ],
            [
              2453.0,
              3077.0
            ],
            [
              2501.0,
              3145.0
            ],
            [
              2452.0,
              3182.0
            ],
            [
              2436.0,
              3269.0
            ],
            [
              2450.0,
              3283.0
            ],
            [
              2496.0,
              3282.0
            ],
            [
              2599.0,
              3230.0
            ],
            [
              2682.0,
              3300.0
            ],
            [
              2705.0,
              3429.0
            ],
            [
              2734.0,
              3462.0
            ],
            [
              2772.0,
              3458.0
            ],
            [
              2918.0,
              3362.0
            ],
            [
              2982.0,
              3264.0
            ],
            [
              2977.0,
              3205.0
            ],
            [
              2942.0,
              3169.0
            ],
            [
              2896.0,
              3168.0
            ],
            [
              2863.0,
              3110.0
            ],
            [
              2853.0,
              3067.0
            ],
            [
              2871.0,
              3001.0
            ],
            [
              2855.0,
              2971.0
            ],
            [
              2826.0,
              2956.0
            ],
            [
              2726.0,
              2950.0
            ],
            [
              2768.0,
              2900.0
            ],
            [
              2774.0,
              2864.0
            ],
            [
              2748.0,
              2832.0
            ],
            [
              2716.0,
              2828.0
            ],
            [
              2717.0,
              2767.0
            ],
            [
              2805.0,
              2778.0
            ],
            [
              2859.0,
              2727.0
            ],
            [
              2804.0,
              2791.0
            ],
            [
              2802.0,
              2819.0
            ],
            [
              2819.0,
              2843.0
            ],
            [
              2945.0,
              2876.0
            ],
            [
              2998.0,
              2826.0
            ],
            [
              2999.0,
              2782.0
            ],
            [
              2976.0,
              2716.0
            ],
            [
              2931.0,
              2706.0
            ],
            [
              2883.0,
              2716.0
            ],
            [
              2931.0,
              2669.0
            ],
            [
              2930.0,
              2630.0
            ],
            [
              2909.0,
              2612.0
            ],
            [
              2838.0,
              2609.0
            ],
            [
              2907.0,
              2510.0
            ],
            [
              2902.0,
              2475.0
            ],
            [
              2852.0,
              2448.0
            ]
          ],
          [
            [
              2807.0,
              3427.0
            ],
            [
              2807.0,
              3429.0
            ],
            [
              2798.0,
              3438.0
            ],
            [
              2797.0,
              3438.0
            ],
            [
              2796.0,
              3439.0
            ],
            [
              2795.0,
              3439.0
            ],
            [
              2794.0,
              3440.0
            ],
            [
              2793.0,
              3440.0
            ],
            [
              2792.0,
              3441.0
            ],
            [
              2791.0,
              3441.0
            ],
            [
              2790.0,
              3442.0
            ],
            [
              2789.0,
              3442.0
            ],
            [
              2784.0,
              3445.0
            ],
            [
              2782.0,
              3445.0
            ],
            [
              2781.0,
              3446.0
            ],
            [
              2780.0,
              3446.0
            ],
            [
              2778.0,
              3448.0
            ],
            [
              2777.0,
              3448.0
            ],
            [
              2772.0,
              3451.0
            ],
            [
              2770.0,
              3451.0
            ],
            [
              2769.0,
              3452.0
            ],
            [
              2762.0,
              3452.0
            ],
            [
              2761.0,
              3453.0
            ],
            [
              2750.0,
              3453.0
            ],
            [
              2749.0,
              3452.0
            ],
            [
              2742.0,
              3452.0
            ],
            [
              2741.0,
              3451.0
            ],
            [
              2738.0,
              3450.0
            ],
            [
              2736.0,
              3448.0
            ],
            [
              2736.0,
              3447.0
            ],
            [
              2735.0,
              3446.0
            ],
            [
              2735.0,
              3441.0
            ],
            [
              2738.0,
              3438.0
            ],
            [
              2739.0,
              3438.0
            ],
            [
              2740.0,
              3437.0
            ],
            [
              2742.0,
              3437.0
            ],
            [
              2743.0,
              3436.0
            ],
            [
              2747.0,
              3436.0
            ],
            [
              2748.0,
              3437.0
            ],
            [
              2751.0,
              3437.0
            ],
            [
              2752.0,
              3438.0
            ],
            [
              2760.0,
              3438.0
            ],
            [
              2761.0,
              3437.0
            ],
            [
              2763.0,
              3437.0
            ],
            [
              2764.0,
              3436.0
            ],
            [
              2765.0,
              3436.0
            ],
            [
              2774.0,
              3427.0
            ],
            [
              2775.0,
              3427.0
            ],
            [
              2776.0,
              3426.0
            ],
            [
              2779.0,
              3426.0
            ],
            [
              2780.0,
              3427.0
            ],
            [
              2782.0,
              3427.0
            ],
            [
              2783.0,
              3428.0
            ],
            [
              2796.0,
              3428.0
            ],
            [
              2797.0,
              3427.0
            ],
            [
              2800.0,
              3427.0
            ],
            [
              2801.0,
              3426.0
            ],
            [
              2803.0,
              3426.0
            ],
            [
              2804.0,
              3425.0
            ],
            [
              2807.0,
              3427.0
            ]
          ],
          [
            [
              2520.0,
              3213.0
            ],
            [
              2521.0,
              3214.0
            ],
            [
              2522.0,
              3214.0
            ],
            [
              2525.0,
              3217.0
            ],
            [
              2525.0,
              3219.0
            ],
            [
              2526.0,
              3220.0
            ],
            [
              2526.0,
              3224.0
            ],
            [
              2525.0,
              3225.0
            ],
            [
              2525.0,
              3227.0
            ],
            [
              2524.0,
              3228.0
            ],
            [
              2524.0,
              3229.0
            ],
            [
              2523.0,
              3230.0
            ],
            [
              2523.0,
              3232.0
            ],
            [
              2522.0,
              3233.0
            ],
            [
              2522.0,
              3236.0
            ],
            [
              2521.0,
              3237.0
            ],
            [
              2521.0,
              3238.0
            ],
            [
              2520.0,
              3239.0
            ],
            [
              2520.0,
              3240.0
            ],
            [
              2511.0,
              3249.0
            ],
            [
              2510.0,
              3249.0
            ],
            [
              2509.0,
              3250.0
            ],
            [
              2507.0,
              3250.0
            ],
            [
              2506.0,
              3251.0
            ],
            [
              2504.0,
              3251.0
            ],
            [
              2503.0,
              3250.0
            ],
            [
              2501.0,
              3250.0
            ],
            [
              2500.0,
              3249.0
            ],
            [
              2499.0,
              3249.0
            ],
            [
              2498.0,
              3248.0
            ],
            [
              2497.0,
              3248.0
            ],
            [
              2496.0,
              3247.0
            ],
            [
              2495.0,
              3247.0
            ],
            [
              2490.0,
              3242.0
            ],
            [
              2490.0,
              3241.0
            ],
            [
              2489.0,
              3240.0
            ],
            [
              2489.0,
              3238.0
            ],
            [
              2488.0,
              3237.0
            ],
            [
              2488.0,
              3229.0
            ],
            [
              2489.0,
              3228.0
            ],
            [
              2489.0,
              3226.0
            ],
            [
              2492.0,
              3223.0
            ],
            [
              2493.0,
              3223.0
            ],
            [
              2494.0,
              3222.0
            ],
            [
              2499.0,
              3222.0
            ],
            [
              2500.0,
              3221.0
            ],
            [
              2501.0,
              3221.0
            ],
            [
              2502.0,
              3220.0
            ],
            [
              2502.0,
              3217.0
            ],
            [
              2505.0,
              3214.0
            ],
            [
              2506.0,
              3214.0
            ],
            [
              2507.0,
              3213.0
            ],
            [
              2510.0,
              3213.0
            ],
            [
              2511.0,
              3214.0
            ],
            [
              2515.0,
              3214.0
            ],
            [
              2516.0,
              3213.0
            ],
            [
              2520.0,
              3213.0
            ]
          ],
          [
            [
              2945.0,
              3215.0
            ],
            [
              2947.0,
              3218.0
            ],
            [
              2948.0,
              3240.0
            ],
            [
              2945.0,
              3247.0
            ],
            [
              2938.0,
              3256.0
            ],
            [
              2934.0,
              3266.0
            ],
            [
              2928.0,
              3272.0
            ],
            [
              2921.0,
              3275.0
            ],
            [
              2914.0,
              3280.0
            ],
            [
              2912.0,
              3288.0
            ],
            [
              2909.0,
              3294.0
            ],
            [
              2893.0,
              3310.0
            ],
            [
              2891.0,
              3311.0
            ],
            [
              2888.0,
              3310.0
            ],
            [
              2876.0,
              3318.0
            ],
            [
              2869.0,
              3319.0
            ],
            [
              2856.0,
              3331.0
            ],
            [
              2851.0,
              3331.0
            ],
            [
              2845.0,
              3329.0
            ],
            [
              2840.0,
              3324.0
            ],
            [
              2839.0,
              3318.0
            ],
            [
              2849.0,
              3300.0
            ],
            [
              2849.0,
              3296.0
            ],
            [
              2851.0,
              3291.0
            ],
            [
              2850.0,
              3282.0
            ],
            [
              2858.0,
              3270.0
            ],
            [
              2864.0,
              3264.0
            ],
            [
              2865.0,
              3253.0
            ],
            [
              2874.0,
              3245.0
            ],
            [
              2875.0,
              3242.0
            ],
            [
              2880.0,
              3237.0
            ],
            [
              2886.0,
              3234.0
            ],
            [
              2894.0,
              3232.0
            ],
            [
              2907.0,
              3222.0
            ],
            [
              2928.0,
              3211.0
            ],
            [
              2938.0,
              3211.0
            ],
            [
              2945.0,
              3215.0
            ]
          ],
          [
            [
              2571.0,
              3156.0
            ],
            [
              2576.0,
              3151.0
            ],
            [
              2577.0,
              3151.0
            ],
            [
              2579.0,
              3149.0
            ],
            [
              2580.0,
              3149.0
            ],
            [
              2582.0,
              3147.0
            ],
            [
              2583.0,
              3147.0
            ],
            [
              2585.0,
              3145.0
            ],
            [
              2586.0,
              3145.0
            ],
            [
              2589.0,
              3143.0
            ],
            [
              2595.0,
              3143.0
            ],
            [
              2596.0,
              3144.0
            ],
            [
              2600.0,
              3144.0
            ],
            [
              2603.0,
              3146.0
            ],
            [
              2605.0,
              3146.0
            ],
            [
              2608.0,
              3148.0
            ],
            [
              2610.0,
              3148.0
            ],
            [
              2611.0,
              3149.0
            ],
            [
              2612.0,
              3149.0
            ],
            [
              2618.0,
              3155.0
            ],
            [
              2619.0,
              3155.0
            ],
            [
              2620.0,
              3156.0
            ],
            [
              2620.0,
              3157.0
            ],
            [
              2621.0,
              3158.0
            ],
            [
              2621.0,
              3162.0
            ],
            [
              2620.0,
              3163.0
            ],
            [
              2620.0,
              3164.0
            ],
            [
              2616.0,
              3168.0
            ],
            [
              2616.0,
              3169.0
            ],
            [
              2614.0,
              3171.0
            ],
            [
              2614.0,
              3172.0
            ],
            [
              2608.0,
              3178.0
            ],
            [
              2607.0,
              3178.0
            ],
            [
              2606.0,
              3179.0
            ],
            [
              2596.0,
              3179.0
            ],
            [
              2595.0,
              3178.0
            ],
            [
              2592.0,
              3178.0
            ],
            [
              2591.0,
              3177.0
            ],
            [
              2590.0,
              3177.0
            ],
            [
              2589.0,
              3176.0
            ],
            [
              2588.0,
              3176.0
            ],
            [
              2583.0,
              3171.0
            ],
            [
              2583.0,
              3165.0
            ],
            [
              2581.0,
              3163.0
            ],
            [
              2574.0,
              3163.0
            ],
            [
              2573.0,
              3162.0
            ],
            [
              2572.0,
              3162.0
            ],
            [
              2571.0,
              3161.0
            ],
            [
              2571.0,
              3156.0
            ]
          ],
          [
            [
              2840.0,
              3140.0
            ],
            [
              2842.0,
              3142.0
            ],
            [
              2840.0,
              3150.0
            ],
            [
              2835.0,
              3154.0
            ],
            [
              2826.0,
              3153.0
            ],
            [
              2824.0,
              3155.0
            ],
            [
              2824.0,
              3167.0
            ],
            [
              2793.0,
              3196.0
            ],
            [
              2786.0,
              3207.0
            ],
            [
              2784.0,
              3216.0
            ],
            [
              2768.0,
              3233.0
            ],
            [
              2757.0,
              3251.0
            ],
            [
              2743.0,
              3265.0
            ],
            [
              2737.0,
              3268.0
            ],
            [
              2731.0,
              3268.0
            ],
            [
              2724.0,
              3263.0
            ],
            [
              2720.0,
              3263.0
            ],
            [
              2720.0,
              3257.0
            ],
            [
              2728.0,
              3248.0
            ],
            [
              2731.0,
              3237.0
            ],
            [
              2691.0,
              3214.0
            ],
            [
              2690.0,
              3205.0
            ],
            [
              2681.0,
              3197.0
            ],
            [
              2681.0,
              3181.0
            ],
            [
              2683.0,
              3175.0
            ],
            [
              2690.0,
              3170.0
            ],
            [
              2704.0,
              3165.0
            ],
            [
              2712.0,
              3157.0
            ],
            [
              2722.0,
              3157.0
            ],
            [
              2731.0,
              3151.0
            ],
            [
              2747.0,
              3151.0
            ],
            [
              2759.0,
              3147.0
            ],
            [
              2766.0,
              3153.0
            ],
            [
              2765.0,
              3157.0
            ],
            [
              2753.0,
              3158.0
            ],
            [
              2740.0,
              3165.0
            ],
            [
              2732.0,
              3165.0
            ],
            [
              2722.0,
              3176.0
            ],
            [
              2718.0,
              3178.0
            ],
            [
              2713.0,
              3177.0
            ],
            [
              2709.0,
              3183.0
            ],
            [
              2709.0,
              3195.0
            ],
            [
              2715.0,
              3195.0
            ],
            [
              2723.0,
              3183.0
            ],
            [
              2742.0,
              3176.0
            ],
            [
              2749.0,
              3178.0
            ],
            [
              2756.0,
              3190.0
            ],
            [
              2765.0,
              3190.0
            ],
            [
              2778.0,
              3179.0
            ],
            [
              2785.0,
              3161.0
            ],
            [
              2802.0,
              3150.0
            ],
            [
              2802.0,
              3145.0
            ],
            [
              2805.0,
              3141.0
            ],
            [
              2810.0,
              3139.0
            ],
            [
              2840.0,
              3140.0
            ]
          ],
          [
            [
              2517.0,
              3020.0
            ],
            [
              2523.0,
              3019.0
            ],
            [
              2528.0,
              3016.0
            ],
            [
              2533.0,
              3016.0
            ],
            [
              2539.0,
              3018.0
            ],
            [
              2546.0,
              3018.0
            ],
            [
              2551.0,
              3021.0
            ],
            [
              2553.0,
              3025.0
            ],
            [
              2559.0,
              3024.0
            ],
            [
              2560.0,
              3023.0
            ],
            [
              2566.0,
              3027.0
            ],
            [
              2566.0,
              3030.0
            ],
            [
              2563.0,
              3033.0
            ],
            [
              2562.0,
              3033.0
            ],
            [
              2556.0,
              3039.0
            ],
            [
              2552.0,
              3041.0
            ],
            [
              2548.0,
              3041.0
            ],
            [
              2544.0,
              3045.0
            ],
            [
              2543.0,
              3048.0
            ],
            [
              2541.0,
              3050.0
            ],
            [
              2541.0,
              3058.0
            ],
            [
              2550.0,
              3068.0
            ],
            [
              2554.0,
              3070.0
            ],
            [
              2556.0,
              3073.0
            ],
            [
              2560.0,
              3085.0
            ],
            [
              2560.0,
              3091.0
            ],
            [
              2561.0,
              3092.0
            ],
            [
              2562.0,
              3100.0
            ],
            [
              2557.0,
              3104.0
            ],
            [
              2556.0,
              3103.0
            ],
            [
              2545.0,
              3102.0
            ],
            [
              2544.0,
              3101.0
            ],
            [
              2542.0,
              3102.0
            ],
            [
              2530.0,
              3102.0
            ],
            [
              2529.0,
              3101.0
            ],
            [
              2519.0,
              3100.0
            ],
            [
              2515.0,
              3098.0
            ],
            [
              2505.0,
              3097.0
            ],
            [
              2501.0,
              3094.0
            ],
            [
              2498.0,
              3088.0
            ],
            [
              2498.0,
              3085.0
            ],
            [
              2497.0,
              3084.0
            ],
            [
              2497.0,
              3076.0
            ],
            [
              2494.0,
              3073.0
            ],
            [
              2490.0,
              3073.0
            ],
            [
              2485.0,
              3069.0
            ],
            [
              2485.0,
              3060.0
            ],
            [
              2486.0,
              3059.0
            ],
            [
              2486.0,
              3055.0
            ],
            [
              2489.0,
              3049.0
            ],
            [
              2496.0,
              3040.0
            ],
            [
              2499.0,
              3034.0
            ],
            [
              2505.0,
              3028.0
            ],
            [
              2508.0,
              3027.0
            ],
            [
              2517.0,
              3020.0
            ]
          ],
          [
            [
              2794.0,
              3030.0
            ],
            [
              2795.0,
              3036.0
            ],
            [
              2793.0,
              3040.0
            ],
            [
              2790.0,
              3043.0
            ],
            [
              2786.0,
              3045.0
            ],
            [
              2782.0,
              3045.0
            ],
            [
              2779.0,
              3048.0
            ],
            [
              2773.0,
              3051.0
            ],
            [
              2771.0,
              3054.0
            ],
            [
              2765.0,
              3060.0
            ],
            [
              2763.0,
              3061.0
            ],
            [
              2753.0,
              3055.0
            ],
            [
              2741.0,
              3055.0
            ],
            [
              2735.0,
              3051.0
            ],
            [
              2733.0,
              3051.0
            ],
            [
              2732.0,
              3052.0
            ],
            [
              2732.0,
              3054.0
            ],
            [
              2734.0,
              3056.0
            ],
            [
              2741.0,
              3060.0
            ],
            [
              2741.0,
              3063.0
            ],
            [
              2736.0,
              3066.0
            ],
            [
              2721.0,
              3066.0
            ],
            [
              2715.0,
              3063.0
            ],
            [
              2712.0,
              3060.0
            ],
            [
              2709.0,
              3054.0
            ],
            [
              2709.0,
              3050.0
            ],
            [
              2708.0,
              3049.0
            ],
            [
              2708.0,
              3039.0
            ],
            [
              2720.0,
              3028.0
            ],
            [
              2727.0,
              3025.0
            ],
            [
              2730.0,
              3019.0
            ],
            [
              2735.0,
              3015.0
            ],
            [
              2739.0,
              3015.0
            ],
            [
              2745.0,
              3018.0
            ],
            [
              2751.0,
              3018.0
            ],
            [
              2755.0,
              3015.0
            ],
            [
              2760.0,
              3013.0
            ],
            [
              2761.0,
              3014.0
            ],
            [
              2765.0,
              3014.0
            ],
            [
              2772.0,
              3018.0
            ],
            [
              2772.0,
              3026.0
            ],
            [
              2774.0,
              3028.0
            ],
            [
              2777.0,
              3028.0
            ],
            [
              2778.0,
              3027.0
            ],
            [
              2778.0,
              3024.0
            ],
            [
              2780.0,
              3022.0
            ],
            [
              2782.0,
              3021.0
            ],
            [
              2786.0,
              3021.0
            ],
            [
              2789.0,
              3023.0
            ],
            [
              2789.0,
              3024.0
            ],
            [
              2794.0,
              3030.0
            ]
          ],
          [
            [
              2406.0,
              2863.0
            ],
            [
              2410.0,
              2865.0
            ],
            [
              2412.0,
              2867.0
            ],
            [
              2412.0,
              2869.0
            ],
            [
              2413.0,
              2870.0
            ],
            [
              2413.0,
              2883.0
            ],
            [
              2412.0,
              2884.0
            ],
            [
              2412.0,
              2887.0
            ],
            [
              2408.0,
              2894.0
            ],
            [
              2408.0,
              2901.0
            ],
            [
              2407.0,
              2902.0
            ],
            [
              2407.0,
              2905.0
            ],
            [
              2406.0,
              2906.0
            ],
            [
              2406.0,
              2914.0
            ],
            [
              2403.0,
              2918.0
            ],
            [
              2403.0,
              2919.0
            ],
            [
              2400.0,
              2922.0
            ],
            [
              2400.0,
              2927.0
            ],
            [
              2399.0,
              2928.0
            ],
            [
              2399.0,
              2930.0
            ],
            [
              2397.0,
              2934.0
            ],
            [
              2395.0,
              2936.0
            ],
            [
              2393.0,
              2941.0
            ],
            [
              2388.0,
              2946.0
            ],
            [
              2384.0,
              2948.0
            ],
            [
              2382.0,
              2948.0
            ],
            [
              2381.0,
              2949.0
            ],
            [
              2375.0,
              2950.0
            ],
            [
              2367.0,
              2954.0
            ],
            [
              2364.0,
              2952.0
            ],
            [
              2364.0,
              2948.0
            ],
            [
              2366.0,
              2945.0
            ],
            [
              2366.0,
              2939.0
            ],
            [
              2365.0,
              2937.0
            ],
            [
              2360.0,
              2932.0
            ],
            [
              2360.0,
              2928.0
            ],
            [
              2359.0,
              2926.0
            ],
            [
              2352.0,
              2920.0
            ],
            [
              2352.0,
              2911.0
            ],
            [
              2353.0,
              2910.0
            ],
            [
              2353.0,
              2906.0
            ],
            [
              2355.0,
              2902.0
            ],
            [
              2361.0,
              2896.0
            ],
            [
              2364.0,
              2890.0
            ],
            [
              2365.0,
              2886.0
            ],
            [
              2379.0,
              2872.0
            ],
            [
              2390.0,
              2866.0
            ],
            [
              2392.0,
              2866.0
            ],
            [
              2393.0,
              2865.0
            ],
            [
              2399.0,
              2865.0
            ],
            [
              2400.0,
              2864.0
            ],
            [
              2406.0,
              2863.0
            ]
          ],
          [
            [
              2601.0,
              2878.0
            ],
            [
              2601.0,
              2881.0
            ],
            [
              2599.0,
              2884.0
            ],
            [
              2599.0,
              2890.0
            ],
            [
              2596.0,
              2895.0
            ],
            [
              2594.0,
              2903.0
            ],
            [
              2590.0,
              2911.0
            ],
            [
              2581.0,
              2923.0
            ],
            [
              2581.0,
              2927.0
            ],
            [
              2580.0,
              2929.0
            ],
            [
              2568.0,
              2940.0
            ],
            [
              2567.0,
              2944.0
            ],
            [
              2561.0,
              2950.0
            ],
            [
              2560.0,
              2953.0
            ],
            [
              2553.0,
              2960.0
            ],
            [
              2543.0,
              2964.0
            ],
            [
              2534.0,
              2961.0
            ],
            [
              2528.0,
              2963.0
            ],
            [
              2525.0,
              2963.0
            ],
            [
              2516.0,
              2958.0
            ],
            [
              2511.0,
              2953.0
            ],
            [
              2511.0,
              2950.0
            ],
            [
              2510.0,
              2949.0
            ],
            [
              2510.0,
              2936.0
            ],
            [
              2511.0,
              2935.0
            ],
            [
              2511.0,
              2926.0
            ],
            [
              2512.0,
              2925.0
            ],
            [
              2512.0,
              2922.0
            ],
            [
              2517.0,
              2912.0
            ],
            [
              2519.0,
              2904.0
            ],
            [
              2524.0,
              2898.0
            ],
            [
              2526.0,
              2894.0
            ],
            [
              2526.0,
              2892.0
            ],
            [
              2530.0,
              2885.0
            ],
            [
              2531.0,
              2880.0
            ],
            [
              2537.0,
              2874.0
            ],
            [
              2545.0,
              2868.0
            ],
            [
              2550.0,
              2866.0
            ],
            [
              2559.0,
              2860.0
            ],
            [
              2570.0,
              2859.0
            ],
            [
              2578.0,
              2864.0
            ],
            [
              2582.0,
              2870.0
            ],
            [
              2593.0,
              2873.0
            ],
            [
              2601.0,
              2878.0
            ]
          ],
          [
            [
              2861.0,
              2784.0
            ],
            [
              2862.0,
              2783.0
            ],
            [
              2862.0,
              2780.0
            ],
            [
              2864.0,
              2777.0
            ],
            [
              2864.0,
              2775.0
            ],
            [
              2867.0,
              2771.0
            ],
            [
              2867.0,
              2769.0
            ],
            [
              2868.0,
              2768.0
            ],
            [
              2869.0,
              2768.0
            ],
            [
              2874.0,
              2763.0
            ],
            [
              2880.0,
              2760.0
            ],
            [
              2883.0,
              2757.0
            ],
            [
              2891.0,
              2754.0
            ],
            [
              2893.0,
              2752.0
            ],
            [
              2901.0,
              2748.0
            ],
            [
              2904.0,
              2745.0
            ],
            [
              2906.0,
              2744.0
            ],
            [
              2909.0,
              2744.0
            ],
            [
              2912.0,
              2746.0
            ],
            [
              2912.0,
              2748.0
            ],
            [
              2906.0,
              2753.0
            ],
            [
              2902.0,
              2759.0
            ],
            [
              2903.0,
              2760.0
            ],
            [
              2905.0,
              2759.0
            ],
            [
              2918.0,
              2759.0
            ],
            [
              2920.0,
              2760.0
            ],
            [
              2925.0,
              2758.0
            ],
            [
              2928.0,
              2758.0
            ],
            [
              2931.0,
              2760.0
            ],
            [
              2931.0,
              2763.0
            ],
            [
              2937.0,
              2769.0
            ],
            [
              2938.0,
              2773.0
            ],
            [
              2943.0,
              2776.0
            ],
            [
              2943.0,
              2778.0
            ],
            [
              2946.0,
              2781.0
            ],
            [
              2949.0,
              2781.0
            ],
            [
              2952.0,
              2783.0
            ],
            [
              2954.0,
              2787.0
            ],
            [
              2954.0,
              2792.0
            ],
            [
              2949.0,
              2796.0
            ],
            [
              2947.0,
              2801.0
            ],
            [
              2945.0,
              2802.0
            ],
            [
              2941.0,
              2802.0
            ],
            [
              2938.0,
              2800.0
            ],
            [
              2936.0,
              2800.0
            ],
            [
              2932.0,
              2804.0
            ],
            [
              2928.0,
              2806.0
            ],
            [
              2926.0,
              2806.0
            ],
            [
              2922.0,
              2804.0
            ],
            [
              2920.0,
              2805.0
            ],
            [
              2905.0,
              2805.0
            ],
            [
              2900.0,
              2802.0
            ],
            [
              2895.0,
              2805.0
            ],
            [
              2893.0,
              2805.0
            ],
            [
              2886.0,
              2799.0
            ],
            [
              2884.0,
              2800.0
            ],
            [
              2876.0,
              2800.0
            ],
            [
              2869.0,
              2796.0
            ],
            [
              2866.0,
              2796.0
            ],
            [
              2864.0,
              2795.0
            ],
            [
              2861.0,
              2791.0
            ],
            [
              2861.0,
              2784.0
            ]
          ]
        ]
      },
      "properties": {
        "annotation_id": "3587_GP3_136",
        "label": "GP3",
        "probabilities": null,
        "tags": []
      }
    },
    {
      "type": "Feature",
      "geometry": {
        "type": "Polygon",
        "coordinates": [
          [
            [
              2886.0,
              1939.0
            ],
            [
              2807.0,
              1850.0
            ],
            [
              2758.0,
              1824.0
            ],
            [
              2749.0,
              1799.0
            ],
            [
              2658.0,
              1796.0
            ],
            [
              2630.0,
              1884.0
            ],
            [
              2661.0,
              1927.0
            ],
            [
              2616.0,
              1991.0
            ],
            [
              2609.0,
              2036.0
            ],
            [
              2678.0,
              2111.0
            ],
            [
              2619.0,
              2116.0
            ],
            [
              2455.0,
              2200.0
            ],
            [
              2401.0,
              2208.0
            ],
            [
              2365.0,
              2188.0
            ],
            [
              2128.0,
              2224.0
            ],
            [
              2114.0,
              2253.0
            ],
            [
              2162.0,
              2292.0
            ],
            [
              2122.0,
              2289.0
            ],
            [
              2105.0,
              2334.0
            ],
            [
              1949.0,
              2349.0
            ],
            [
              1925.0,
              2372.0
            ],
            [
              1925.0,
              2404.0
            ],
            [
              1994.0,
              2466.0
            ],
            [
              2009.0,
              2497.0
            ],
            [
              2288.0,
              2557.0
            ],
            [
              2294.0,
              2587.0
            ],
            [
              2329.0,
              2625.0
            ],
            [
              2475.0,
              2632.0
            ],
            [
              2522.0,
              2662.0
            ],
            [
              2586.0,
              2644.0
            ],
            [
              2603.0,
              2626.0
            ],
            [
              2599.0,
              2595.0
            ],
            [
              2509.0,
              2586.0
            ],
            [
              2462.0,
              2512.0
            ],
            [
              2536.0,
              2544.0
            ],
            [
              2593.0,
              2544.0
            ],
            [
              2617.0,
              2594.0
            ],
            [
              2660.0,
              2600.0
            ],
            [
              2696.0,
              2533.0
            ],
            [
              2728.0,
              2511.0
            ],
            [
              2706.0,
              2417.0
            ],
            [
              2732.0,
              2343.0
            ],
            [
              2789.0,
              2370.0
            ],
            [
              2852.0,
              2370.0
            ],
            [
              2875.0,
              2356.0
            ],
            [
              2870.0,
              2301.0
            ],
            [
              2807.0,
              2249.0
            ],
            [
              2755.0,
              2275.0
            ],
            [
              2730.0,
              2334.0
            ],
            [
              2713.0,
              2284.0
            ],
            [
              2739.0,
              2262.0
            ],
            [
              2755.0,
              2216.0
            ],
            [
              2713.0,
              2167.0
            ],
            [
              2765.0,
              2196.0
            ],
            [
              2805.0,
              2198.0
            ],
            [
              2820.0,
              2185.0
            ],
            [
              2837.0,
              2102.0
            ],
            [
              2803.0,
              2027.0
            ],
            [
              2885.0,
              1991.0
            ],
            [
              2886.0,
              1939.0
            ]
          ],
          [
            [
              2423.0,
              2570.0
            ],
            [
              2423.0,
              2572.0
            ],
            [
              2424.0,
              2573.0
            ],
            [
              2424.0,
              2581.0
            ],
            [
              2423.0,
              2582.0
            ],
            [
              2423.0,
              2583.0
            ],
            [
              2418.0,
              2588.0
            ],
            [
              2417.0,
              2588.0
            ],
            [
              2416.0,
              2589.0
            ],
            [
              2415.0,
              2589.0
            ],
            [
              2412.0,
              2591.0
            ],
            [
              2409.0,
              2591.0
            ],
            [
              2408.0,
              2592.0
            ],
            [
              2406.0,
              2592.0
            ],
            [
              2405.0,
              2591.0
            ],
            [
              2397.0,
              2591.0
            ],
            [
              2394.0,
              2593.0
            ],
            [
              2391.0,
              2593.0
            ],
            [
              2390.0,
              2594.0
            ],
            [
              2386.0,
              2594.0
            ],
            [
              2385.0,
              2593.0
            ],
            [
              2378.0,
              2593.0
            ],
            [
              2377.0,
              2592.0
            ],
            [
              2376.0,
              2592.0
            ],
            [
              2373.0,
              2589.0
            ],
            [
              2373.0,
              2588.0
            ],
            [
              2372.0,
              2587.0
            ],
            [
              2372.0,
              2582.0
            ],
            [
              2373.0,
              2581.0
            ],
            [
              2373.0,
              2580.0
            ],
            [
              2374.0,
              2579.0
            ],
            [
              2374.0,
              2578.0
            ],
            [
              2376.0,
              2576.0
            ],
            [
              2376.0,
              2575.0
            ],
            [
              2380.0,
              2571.0
            ],
            [
              2381.0,
              2571.0
            ],
            [
              2383.0,
              2569.0
            ],
            [
              2384.0,
              2569.0
            ],
            [
              2386.0,
              2567.0
            ],
            [
              2387.0,
              2567.0
            ],
            [
              2389.0,
              2565.0
            ],
            [
              2390.0,
              2565.0
            ],
            [
              2391.0,
              2564.0
            ],
            [
              2393.0,
              2564.0
            ],
            [
              2394.0,
              2563.0
            ],
            [
              2396.0,
              2563.0
            ],
            [
              2397.0,
              2562.0
            ],
            [
              2399.0,
              2562.0
            ],
            [
              2400.0,
              2561.0
            ],
            [
              2402.0,
              2561.0
            ],
            [
              2403.0,
              2560.0
            ],
            [
              2411.0,
              2560.0
            ],
            [
              2412.0,
              2561.0
            ],
            [
              2413.0,
              2561.0
            ],
            [
              2414.0,
              2562.0
            ],
            [
              2415.0,
              2562.0
            ],
            [
              2418.0,
              2565.0
            ],
            [
              2419.0,
              2565.0
            ],
            [
              2422.0,
              2568.0
            ],
            [
              2422.0,
              2569.0
            ],
            [
              2423.0,
              2570.0
            ]
          ],
          [
            [
              2094.0,
              2422.0
            ],
            [
              2097.0,
              2419.0
            ],
            [
              2108.0,
              2414.0
            ],
            [
              2116.0,
              2414.0
            ],
            [
              2119.0,
              2412.0
            ],
            [
              2121.0,
              2412.0
            ],
            [
              2124.0,
              2414.0
            ],
            [
              2135.0,
              2415.0
            ],
            [
              2143.0,
              2421.0
            ],
            [
              2146.0,
              2422.0
            ],
            [
              2153.0,
              2429.0
            ],
            [
              2153.0,
              2432.0
            ],
            [
              2155.0,
              2434.0
            ],
            [
              2155.0,
              2436.0
            ],
            [
              2162.0,
              2441.0
            ],
            [
              2169.0,
              2442.0
            ],
            [
              2172.0,
              2440.0
            ],
            [
              2173.0,
              2436.0
            ],
            [
              2177.0,
              2433.0
            ],
            [
              2183.0,
              2434.0
            ],
            [
              2189.0,
              2440.0
            ],
            [
              2189.0,
              2450.0
            ],
            [
              2186.0,
              2453.0
            ],
            [
              2180.0,
              2455.0
            ],
            [
              2176.0,
              2458.0
            ],
            [
              2172.0,
              2458.0
            ],
            [
              2169.0,
              2460.0
            ],
            [
              2162.0,
              2460.0
            ],
            [
              2159.0,
              2458.0
            ],
            [
              2156.0,
              2458.0
            ],
            [
              2153.0,
              2460.0
            ],
            [
              2148.0,
              2461.0
            ],
            [
              2146.0,
              2463.0
            ],
            [
              2142.0,
              2464.0
            ],
            [
              2137.0,
              2467.0
            ],
            [
              2118.0,
              2467.0
            ],
            [
              2117.0,
              2466.0
            ],
            [
              2113.0,
              2466.0
            ],
            [
              2108.0,
              2463.0
            ],
            [
              2101.0,
              2455.0
            ],
            [
              2101.0,
              2452.0
            ],
            [
              2114.0,
              2442.0
            ],
            [
              2117.0,
              2443.0
            ],
            [
              2125.0,
              2450.0
            ],
            [
              2128.0,
              2451.0
            ],
            [
              2133.0,
              2450.0
            ],
            [
              2134.0,
              2449.0
            ],
            [
              2134.0,
              2446.0
            ],
            [
              2136.0,
              2444.0
            ],
            [
              2136.0,
              2438.0
            ],
            [
              2134.0,
              2436.0
            ],
            [
              2134.0,
              2433.0
            ],
            [
              2126.0,
              2428.0
            ],
            [
              2121.0,
              2428.0
            ],
            [
              2113.0,
              2434.0
            ],
            [
              2104.0,
              2434.0
            ],
            [
              2094.0,
              2428.0
            ],
            [
              2094.0,
              2422.0
            ]
          ],
          [
            [
              2509.0,
              2417.0
            ],
            [
              2511.0,
              2415.0
            ],
            [
              2515.0,
              2413.0
            ],
            [
              2519.0,
              2413.0
            ],
            [
              2520.0,
              2412.0
            ],
            [
              2523.0,
              2412.0
            ],
            [
              2527.0,
              2410.0
            ],
            [
              2531.0,
              2410.0
            ],
            [
              2532.0,
              2411.0
            ],
            [
              2536.0,
              2411.0
            ],
            [
              2537.0,
              2412.0
            ],
            [
              2543.0,
              2412.0
            ],
            [
              2544.0,
              2413.0
            ],
            [
              2546.0,
              2413.0
            ],
            [
              2559.0,
              2420.0
            ],
            [
              2562.0,
              2423.0
            ],
            [
              2563.0,
              2425.0
            ],
            [
              2563.0,
              2429.0
            ],
            [
              2566.0,
              2433.0
            ],
            [
              2571.0,
              2433.0
            ],
            [
              2576.0,
              2430.0
            ],
            [
              2580.0,
              2431.0
            ],
            [
              2587.0,
              2438.0
            ],
            [
              2590.0,
              2439.0
            ],
            [
              2594.0,
              2443.0
            ],
            [
              2596.0,
              2444.0
            ],
            [
              2596.0,
              2449.0
            ],
            [
              2589.0,
              2456.0
            ],
            [
              2581.0,
              2460.0
            ],
            [
              2579.0,
              2460.0
            ],
            [
              2578.0,
              2461.0
            ],
            [
              2571.0,
              2461.0
            ],
            [
              2570.0,
              2462.0
            ],
            [
              2567.0,
              2462.0
            ],
            [
              2566.0,
              2463.0
            ],
            [
              2564.0,
              2463.0
            ],
            [
              2561.0,
              2465.0
            ],
            [
              2555.0,
              2465.0
            ],
            [
              2554.0,
              2464.0
            ],
            [
              2552.0,
              2464.0
            ],
            [
              2548.0,
              2462.0
            ],
            [
              2540.0,
              2462.0
            ],
            [
              2539.0,
              2461.0
            ],
            [
              2534.0,
              2460.0
            ],
            [
              2532.0,
              2459.0
            ],
            [
              2527.0,
              2454.0
            ],
            [
              2526.0,
              2450.0
            ],
            [
              2525.0,
              2449.0
            ],
            [
              2525.0,
              2446.0
            ],
            [
              2522.0,
              2443.0
            ],
            [
              2513.0,
              2439.0
            ],
            [
              2508.0,
              2434.0
            ],
            [
              2508.0,
              2430.0
            ],
            [
              2509.0,
              2429.0
            ],
            [
              2509.0,
              2417.0
            ]
          ],
          [
            [
              2698.0,
              2333.0
            ],
            [
              2699.0,
              2334.0
            ],
            [
              2699.0,
              2340.0
            ],
            [
              2700.0,
              2341.0
            ],
            [
              2701.0,
              2348.0
            ],
            [
              2704.0,
              2354.0
            ],
            [
              2703.0,
              2358.0
            ],
            [
              2699.0,
              2363.0
            ],
            [
              2699.0,
              2374.0
            ],
            [
              2701.0,
              2377.0
            ],
            [
              2701.0,
              2380.0
            ],
            [
              2697.0,
              2383.0
            ],
            [
              2694.0,
              2381.0
            ],
            [
              2690.0,
              2381.0
            ],
            [
              2686.0,
              2389.0
            ],
            [
              2684.0,
              2397.0
            ],
            [
              2680.0,
              2401.0
            ],
            [
              2675.0,
              2403.0
            ],
            [
              2666.0,
              2410.0
            ],
            [
              2663.0,
              2410.0
            ],
            [
              2659.0,
              2408.0
            ],
            [
              2656.0,
              2408.0
            ],
            [
              2652.0,
              2410.0
            ],
            [
              2647.0,
              2409.0
            ],
            [
              2634.0,
              2402.0
            ],
            [
              2620.0,
              2389.0
            ],
            [
              2615.0,
              2390.0
            ],
            [
              2612.0,
              2388.0
            ],
            [
              2612.0,
              2386.0
            ],
            [
              2614.0,
              2384.0
            ],
            [
              2614.0,
              2379.0
            ],
            [
              2609.0,
              2370.0
            ],
            [
              2605.0,
              2366.0
            ],
            [
              2602.0,
              2365.0
            ],
            [
              2601.0,
              2362.0
            ],
            [
              2604.0,
              2360.0
            ],
            [
              2610.0,
              2359.0
            ],
            [
              2613.0,
              2356.0
            ],
            [
              2617.0,
              2349.0
            ],
            [
              2617.0,
              2346.0
            ],
            [
              2614.0,
              2343.0
            ],
            [
              2615.0,
              2340.0
            ],
            [
              2617.0,
              2339.0
            ],
            [
              2624.0,
              2339.0
            ],
            [
              2633.0,
              2334.0
            ],
            [
              2639.0,
              2337.0
            ],
            [
              2643.0,
              2337.0
            ],
            [
              2644.0,
              2338.0
            ],
            [
              2651.0,
              2337.0
            ],
            [
              2655.0,
              2335.0
            ],
            [
              2665.0,
              2336.0
            ],
            [
              2668.0,
              2334.0
            ],
            [
              2668.0,
              2330.0
            ],
            [
              2671.0,
              2328.0
            ],
            [
              2674.0,
              2329.0
            ],
            [
              2684.0,
              2329.0
            ],
            [
              2688.0,
              2331.0
            ],
            [
              2698.0,
              2333.0
            ]
          ],
          [
            [
              2835.0,
              2297.0
            ],
            [
              2836.0,
              2299.0
            ],
            [
              2836.0,
              2303.0
            ],
            [
              2838.0,
              2306.0
            ],
            [
              2838.0,
              2309.0
            ],
            [
              2832.0,
              2314.0
            ],
            [
              2832.0,
              2319.0
            ],
            [
              2830.0,
              2321.0
            ],
            [
              2827.0,
              2322.0
            ],
            [
              2823.0,
              2325.0
            ],
            [
              2818.0,
              2325.0
            ],
            [
              2816.0,
              2327.0
            ],
            [
              2816.0,
              2329.0
            ],
            [
              2813.0,
              2331.0
            ],
            [
              2809.0,
              2331.0
            ],
            [
              2802.0,
              2337.0
            ],
            [
              2799.0,
              2337.0
            ],
            [
              2796.0,
              2335.0
            ],
            [
              2783.0,
              2337.0
            ],
            [
              2780.0,
              2335.0
            ],
            [
              2779.0,
              2333.0
            ],
            [
              2779.0,
              2329.0
            ],
            [
              2782.0,
              2327.0
            ],
            [
              2785.0,
              2323.0
            ],
            [
              2787.0,
              2322.0
            ],
            [
              2789.0,
              2323.0
            ],
            [
              2792.0,
              2323.0
            ],
            [
              2794.0,
              2321.0
            ],
            [
              2794.0,
              2318.0
            ],
            [
              2795.0,
              2317.0
            ],
            [
              2800.0,
              2315.0
            ],
            [
              2803.0,
              2312.0
            ],
            [
              2817.0,
              2305.0
            ],
            [
              2819.0,
              2302.0
            ],
            [
              2819.0,
              2295.0
            ],
            [
              2818.0,
              2294.0
            ],
            [
              2812.0,
              2294.0
            ],
            [
              2809.0,
              2296.0
            ],
            [
              2804.0,
              2297.0
            ],
            [
              2785.0,
              2311.0
            ],
            [
              2783.0,
              2310.0
            ],
            [
              2781.0,
              2308.0
            ],
            [
              2781.0,
              2303.0
            ],
            [
              2783.0,
              2301.0
            ],
            [
              2789.0,
              2298.0
            ],
            [
              2793.0,
              2290.0
            ],
            [
              2796.0,
              2287.0
            ],
            [
              2798.0,
              2286.0
            ],
            [
              2801.0,
              2286.0
            ],
            [
              2802.0,
              2285.0
            ],
            [
              2805.0,
              2285.0
            ],
            [
              2811.0,
              2282.0
            ],
            [
              2814.0,
              2282.0
            ],
            [
              2819.0,
              2286.0
            ],
            [
              2824.0,
              2288.0
            ],
            [
              2830.0,
              2294.0
            ],
            [
              2833.0,
              2295.0
            ],
            [
              2835.0,
              2297.0
            ]
          ],
          [
            [
              2655.0,
              2125.0
            ],
            [
              2668.0,
              2131.0
            ],
            [
              2672.0,
              2135.0
            ],
            [
              2673.0,
              2141.0
            ],
            [
              2675.0,
              2143.0
            ],
            [
              2675.0,
              2146.0
            ],
            [
              2678.0,
              2150.0
            ],
            [
              2679.0,
              2155.0
            ],
            [
              2693.0,
              2174.0
            ],
            [
              2693.0,
              2176.0
            ],
            [
              2696.0,
              2180.0
            ],
            [
              2696.0,
              2182.0
            ],
            [
              2699.0,
              2185.0
            ],
            [
              2699.0,
              2187.0
            ],
            [
              2715.0,
              2201.0
            ],
            [
              2717.0,
              2204.0
            ],
            [
              2717.0,
              2208.0
            ],
            [
              2710.0,
              2212.0
            ],
            [
              2703.0,
              2213.0
            ],
            [
              2696.0,
              2220.0
            ],
            [
              2690.0,
              2234.0
            ],
            [
              2680.0,
              2244.0
            ],
            [
              2677.0,
              2245.0
            ],
            [
              2676.0,
              2248.0
            ],
            [
              2671.0,
              2253.0
            ],
            [
              2668.0,
              2254.0
            ],
            [
              2659.0,
              2262.0
            ],
            [
              2651.0,
              2267.0
            ],
            [
              2643.0,
              2270.0
            ],
            [
              2635.0,
              2270.0
            ],
            [
              2630.0,
              2267.0
            ],
            [
              2630.0,
              2255.0
            ],
            [
              2642.0,
              2242.0
            ],
            [
              2642.0,
              2240.0
            ],
            [
              2647.0,
              2236.0
            ],
            [
              2648.0,
              2230.0
            ],
            [
              2650.0,
              2228.0
            ],
            [
              2650.0,
              2211.0
            ],
            [
              2648.0,
              2209.0
            ],
            [
              2648.0,
              2198.0
            ],
            [
              2647.0,
              2193.0
            ],
            [
              2645.0,
              2191.0
            ],
            [
              2644.0,
              2184.0
            ],
            [
              2642.0,
              2182.0
            ],
            [
              2642.0,
              2180.0
            ],
            [
              2639.0,
              2176.0
            ],
            [
              2638.0,
              2170.0
            ],
            [
              2636.0,
              2168.0
            ],
            [
              2635.0,
              2144.0
            ],
            [
              2638.0,
              2139.0
            ],
            [
              2639.0,
              2134.0
            ],
            [
              2646.0,
              2126.0
            ],
            [
              2655.0,
              2125.0
            ]
          ],
          [
            [
              2746.0,
              2073.0
            ],
            [
              2747.0,
              2074.0
            ],
            [
              2758.0,
              2074.0
            ],
            [
              2768.0,
              2079.0
            ],
            [
              2772.0,
              2083.0
            ],
            [
              2773.0,
              2083.0
            ],
            [
              2775.0,
              2085.0
            ],
            [
              2775.0,
              2090.0
            ],
            [
              2784.0,
              2097.0
            ],
            [
              2784.0,
              2100.0
            ],
            [
              2786.0,
              2104.0
            ],
            [
              2792.0,
              2110.0
            ],
            [
              2792.0,
              2113.0
            ],
            [
              2794.0,
              2116.0
            ],
            [
              2794.0,
              2121.0
            ],
            [
              2793.0,
              2122.0
            ],
            [
              2793.0,
              2126.0
            ],
            [
              2792.0,
              2127.0
            ],
            [
              2792.0,
              2131.0
            ],
            [
              2791.0,
              2132.0
            ],
            [
              2791.0,
              2138.0
            ],
            [
              2785.0,
              2141.0
            ],
            [
              2785.0,
              2143.0
            ],
            [
              2784.0,
              2144.0
            ],
            [
              2785.0,
              2145.0
            ],
            [
              2785.0,
              2149.0
            ],
            [
              2780.0,
              2152.0
            ],
            [
              2775.0,
              2152.0
            ],
            [
              2767.0,
              2157.0
            ],
            [
              2765.0,
              2157.0
            ],
            [
              2762.0,
              2155.0
            ],
            [
              2762.0,
              2153.0
            ],
            [
              2767.0,
              2150.0
            ],
            [
              2765.0,
              2148.0
            ],
            [
              2760.0,
              2150.0
            ],
            [
              2753.0,
              2149.0
            ],
            [
              2747.0,
              2153.0
            ],
            [
              2742.0,
              2151.0
            ],
            [
              2740.0,
              2149.0
            ],
            [
              2735.0,
              2149.0
            ],
            [
              2732.0,
              2147.0
            ],
            [
              2732.0,
              2144.0
            ],
            [
              2730.0,
              2141.0
            ],
            [
              2730.0,
              2139.0
            ],
            [
              2727.0,
              2136.0
            ],
            [
              2727.0,
              2134.0
            ],
            [
              2724.0,
              2132.0
            ],
            [
              2724.0,
              2127.0
            ],
            [
              2722.0,
              2123.0
            ],
            [
              2722.0,
              2118.0
            ],
            [
              2724.0,
              2113.0
            ],
            [
              2724.0,
              2107.0
            ],
            [
              2723.0,
              2106.0
            ],
            [
              2724.0,
              2095.0
            ],
            [
              2729.0,
              2091.0
            ],
            [
              2728.0,
              2087.0
            ],
            [
              2733.0,
              2083.0
            ],
            [
              2736.0,
              2084.0
            ],
            [
              2738.0,
              2080.0
            ],
            [
              2746.0,
              2073.0
            ]
          ],
          [
            [
              2681.0,
              1820.0
            ],
            [
              2690.0,
              1819.0
            ],
            [
              2714.0,
              1831.0
            ],
            [
              2719.0,
              1841.0
            ],
            [
              2723.0,
              1845.0
            ],
            [
              2725.0,
              1853.0
            ],
            [
              2725.0,
              1866.0
            ],
            [
              2727.0,
              1870.0
            ],
            [
              2737.0,
              1880.0
            ],
            [
              2741.0,
              1887.0
            ],
            [
              2742.0,
              1892.0
            ],
            [
              2747.0,
              1889.0
            ],
            [
              2751.0,
              1889.0
            ],
            [
              2754.0,
              1891.0
            ],
            [
              2755.0,
              1894.0
            ],
            [
              2754.0,
              1910.0
            ],
            [
              2743.0,
              1922.0
            ],
            [
              2727.0,
              1923.0
            ],
            [
              2703.0,
              1911.0
            ],
            [
              2691.0,
              1902.0
            ],
            [
              2688.0,
              1896.0
            ],
            [
              2676.0,
              1885.0
            ],
            [
              2677.0,
              1880.0
            ],
            [
              2675.0,
              1877.0
            ],
            [
              2674.0,
              1867.0
            ],
            [
              2675.0,
              1843.0
            ],
            [
              2673.0,
              1840.0
            ],
            [
              2673.0,
              1838.0
            ],
            [
              2676.0,
              1836.0
            ],
            [
              2684.0,
              1839.0
            ],
            [
              2690.0,
              1846.0
            ],
            [
              2695.0,
              1848.0
            ],
            [
              2695.0,
              1866.0
            ],
            [
              2698.0,
              1871.0
            ],
            [
              2698.0,
              1877.0
            ],
            [
              2702.0,
              1880.0
            ],
            [
              2707.0,
              1879.0
            ],
            [
              2713.0,
              1884.0
            ],
            [
              2718.0,
              1885.0
            ],
            [
              2720.0,
              1883.0
            ],
            [
              2720.0,
              1877.0
            ],
            [
              2708.0,
              1858.0
            ],
            [
              2708.0,
              1847.0
            ],
            [
              2705.0,
              1844.0
            ],
            [
              2701.0,
              1834.0
            ],
            [
              2698.0,
              1831.0
            ],
            [
              2691.0,
              1831.0
            ],
            [
              2686.0,
              1828.0
            ],
            [
              2679.0,
              1827.0
            ],
            [
              2678.0,
              1823.0
            ],
            [
              2681.0,
              1820.0
            ]
          ]
        ]
      },
      "properties": {
        "annotation_id": "3587_GP3_147",
        "label": "GP3",
        "probabilities": null,
        "tags": []
      }
    },
    {
      "type": "Feature",
      "geometry": {
        "type": "Polygon",
        "coordinates": [
          [
            [
              3918.0,
              9476.0
            ],
            [
              3908.0,
              9464.0
            ],
            [
              3894.0,
              9465.0
            ],
            [
              3860.0,
              9457.0
            ],
            [
              3844.0,
              9447.0
            ],
            [
              3844.0,
              9454.0
            ],
            [
              3834.0,
              9457.0
            ],
            [
              3826.0,
              9454.0
            ],
            [
              3813.0,
              9456.0
            ],
            [
              3803.0,
              9450.0
            ],
            [
              3798.0,
              9453.0
            ],
            [
              3791.0,
              9448.0
            ],
            [
              3789.0,
              9440.0
            ],
            [
              3781.0,
              9441.0
            ],
            [
              3776.0,
              9448.0
            ],
            [
              3770.0,
              9436.0
            ],
            [
              3759.0,
              9433.0
            ],
            [
              3743.0,
              9441.0
            ],
            [
              3741.0,
              9460.0
            ],
            [
              3736.0,
              9464.0
            ],
            [
              3726.0,
              9462.0
            ],
            [
              3724.0,
              9454.0
            ],
            [
              3710.0,
              9456.0
            ],
            [
              3706.0,
              9467.0
            ],
            [
              3698.0,
              9471.0
            ],
            [
              3698.0,
              9475.0
            ],
            [
              3713.0,
              9485.0
            ],
            [
              3713.0,
              9490.0
            ],
            [
              3706.0,
              9496.0
            ],
            [
              3710.0,
              9510.0
            ],
            [
              3701.0,
              9517.0
            ],
            [
              3667.0,
              9507.0
            ],
            [
              3645.0,
              9514.0
            ],
            [
              3637.0,
              9508.0
            ],
            [
              3646.0,
              9502.0
            ],
            [
              3654.0,
              9504.0
            ],
            [
              3655.0,
              9500.0
            ],
            [
              3632.0,
              9502.0
            ],
            [
              3622.0,
              9496.0
            ],
            [
              3582.0,
              9499.0
            ],
            [
              3562.0,
              9495.0
            ],
            [
              3540.0,
              9499.0
            ],
            [
              3536.0,
              9496.0
            ],
            [
              3516.0,
              9505.0
            ],
            [
              3502.0,
              9519.0
            ],
            [
              3496.0,
              9540.0
            ],
            [
              3497.0,
              9555.0
            ],
            [
              3507.0,
              9588.0
            ],
            [
              3518.0,
              9599.0
            ],
            [
              3530.0,
              9604.0
            ],
            [
              3647.0,
              9604.0
            ],
            [
              3707.0,
              9600.0
            ],
            [
              3759.0,
              9591.0
            ],
            [
              3801.0,
              9591.0
            ],
            [
              3804.0,
              9583.0
            ],
            [
              3801.0,
              9579.0
            ],
            [
              3808.0,
              9575.0
            ],
            [
              3812.0,
              9564.0
            ],
            [
              3822.0,
              9572.0
            ],
            [
              3835.0,
              9572.0
            ],
            [
              3839.0,
              9567.0
            ],
            [
              3847.0,
              9569.0
            ],
            [
              3853.0,
              9565.0
            ],
            [
              3862.0,
              9567.0
            ],
            [
              3871.0,
              9561.0
            ],
            [
              3888.0,
              9562.0
            ],
            [
              3906.0,
              9553.0
            ],
            [
              3915.0,
              9542.0
            ],
            [
              3916.0,
              9534.0
            ],
            [
              3915.0,
              9518.0
            ],
            [
              3909.0,
              9514.0
            ],
            [
              3904.0,
              9502.0
            ],
            [
              3914.0,
              9495.0
            ],
            [
              3918.0,
              9476.0
            ]
          ],
          [
            [
              3705.0,
              9545.0
            ],
            [
              3705.0,
              9547.0
            ],
            [
              3703.0,
              9550.0
            ],
            [
              3695.0,
              9554.0
            ],
            [
              3683.0,
              9554.0
            ],
            [
              3676.0,
              9559.0
            ],
            [
              3671.0,
              9559.0
            ],
            [
              3670.0,
              9560.0
            ],
            [
              3658.0,
              9561.0
            ],
            [
              3655.0,
              9559.0
            ],
            [
              3650.0,
              9559.0
            ],
            [
              3645.0,
              9556.0
            ],
            [
              3640.0,
              9557.0
            ],
            [
              3636.0,
              9555.0
            ],
            [
              3632.0,
              9559.0
            ],
            [
              3631.0,
              9562.0
            ],
            [
              3627.0,
              9565.0
            ],
            [
              3615.0,
              9565.0
            ],
            [
              3611.0,
              9569.0
            ],
            [
              3607.0,
              9571.0
            ],
            [
              3597.0,
              9572.0
            ],
            [
              3596.0,
              9573.0
            ],
            [
              3590.0,
              9573.0
            ],
            [
              3587.0,
              9571.0
            ],
            [
              3578.0,
              9571.0
            ],
            [
              3572.0,
              9567.0
            ],
            [
              3571.0,
              9562.0
            ],
            [
              3569.0,
              9560.0
            ],
            [
              3569.0,
              9549.0
            ],
            [
              3574.0,
              9545.0
            ],
            [
              3577.0,
              9547.0
            ],
            [
              3591.0,
              9546.0
            ],
            [
              3597.0,
              9551.0
            ],
            [
              3599.0,
              9551.0
            ],
            [
              3602.0,
              9549.0
            ],
            [
              3611.0,
              9549.0
            ],
            [
              3614.0,
              9551.0
            ],
            [
              3616.0,
              9551.0
            ],
            [
              3622.0,
              9546.0
            ],
            [
              3622.0,
              9544.0
            ],
            [
              3626.0,
              9540.0
            ],
            [
              3628.0,
              9539.0
            ],
            [
              3633.0,
              9539.0
            ],
            [
              3634.0,
              9538.0
            ],
            [
              3640.0,
              9538.0
            ],
            [
              3642.0,
              9539.0
            ],
            [
              3646.0,
              9544.0
            ],
            [
              3647.0,
              9541.0
            ],
            [
              3651.0,
              9538.0
            ],
            [
              3660.0,
              9539.0
            ],
            [
              3667.0,
              9535.0
            ],
            [
              3675.0,
              9534.0
            ],
            [
              3696.0,
              9541.0
            ],
            [
              3699.0,
              9541.0
            ],
            [
              3705.0,
              9545.0
            ]
          ]
        ]
      },
      "properties": {
        "annotation_id": "3587_GP3_91",
        "label": "GP3",
        "probabilities": null,
        "tags": []
      }
    },
    {
      "type": "Feature",
      "geometry": {
        "type": "Polygon",
        "coordinates": [
          [
            [
              3732.0,
              9152.0
            ],
            [
              3726.0,
              9149.0
            ],
            [
              3702.0,
              9149.0
            ],
            [
              3652.0,
              9155.0
            ],
            [
              3610.0,
              9167.0
            ],
            [
              3598.0,
              9175.0
            ],
            [
              3593.0,
              9196.0
            ],
            [
              3593.0,
              9221.0
            ],
            [
              3589.0,
              9243.0
            ],
            [
              3612.0,
              9250.0
            ],
            [
              3622.0,
              9261.0
            ],
            [
              3622.0,
              9273.0
            ],
            [
              3611.0,
              9284.0
            ],
            [
              3598.0,
              9284.0
            ],
            [
              3581.0,
              9277.0
            ],
            [
              3577.0,
              9280.0
            ],
            [
              3570.0,
              9299.0
            ],
            [
              3553.0,
              9313.0
            ],
            [
              3545.0,
              9325.0
            ],
            [
              3542.0,
              9340.0
            ],
            [
              3544.0,
              9358.0
            ],
            [
              3552.0,
              9352.0
            ],
            [
              3571.0,
              9365.0
            ],
            [
              3582.0,
              9366.0
            ],
            [
              3597.0,
              9362.0
            ],
            [
              3610.0,
              9365.0
            ],
            [
              3612.0,
              9361.0
            ],
            [
              3621.0,
              9358.0
            ],
            [
              3628.0,
              9361.0
            ],
            [
              3628.0,
              9366.0
            ],
            [
              3654.0,
              9360.0
            ],
            [
              3652.0,
              9353.0
            ],
            [
              3661.0,
              9346.0
            ],
            [
              3690.0,
              9345.0
            ],
            [
              3701.0,
              9339.0
            ],
            [
              3713.0,
              9339.0
            ],
            [
              3717.0,
              9343.0
            ],
            [
              3723.0,
              9341.0
            ],
            [
              3748.0,
              9320.0
            ],
            [
              3750.0,
              9313.0
            ],
            [
              3747.0,
              9298.0
            ],
            [
              3738.0,
              9288.0
            ],
            [
              3730.0,
              9285.0
            ],
            [
              3715.0,
              9288.0
            ],
            [
              3698.0,
              9300.0
            ],
            [
              3692.0,
              9301.0
            ],
            [
              3685.0,
              9297.0
            ],
            [
              3669.0,
              9305.0
            ],
            [
              3662.0,
              9304.0
            ],
            [
              3649.0,
              9295.0
            ],
            [
              3649.0,
              9277.0
            ],
            [
              3659.0,
              9267.0
            ],
            [
              3658.0,
              9261.0
            ],
            [
              3665.0,
              9264.0
            ],
            [
              3710.0,
              9239.0
            ],
            [
              3712.0,
              9231.0
            ],
            [
              3721.0,
              9230.0
            ],
            [
              3748.0,
              9204.0
            ],
            [
              3751.0,
              9196.0
            ],
            [
              3748.0,
              9180.0
            ],
            [
              3742.0,
              9165.0
            ],
            [
              3732.0,
              9152.0
            ]
          ]
        ]
      },
      "properties": {
        "annotation_id": "3587_GP3_93",
        "label": "GP3",
        "probabilities": null,
        "tags": []
      }
    },
    {
      "type": "Feature",
      "geometry": {
        "type": "Polygon",
        "coordinates": [
          [
            [
              2821.0,
              9247.0
            ],
            [
              2830.0,
              9269.0
            ],
            [
              2846.0,
              9270.0
            ],
            [
              2834.0,
              9279.0
            ],
            [
              2848.0,
              9285.0
            ],
            [
              2875.0,
              9249.0
            ],
            [
              2892.0,
              9243.0
            ],
            [
              2893.0,
              9252.0
            ],
            [
              2875.0,
              9265.0
            ],
            [
              2881.0,
              9276.0
            ],
            [
              2865.0,
              9313.0
            ],
            [
              2879.0,
              9344.0
            ],
            [
              2924.0,
              9381.0
            ],
            [
              3036.0,
              9441.0
            ],
            [
              3103.0,
              9443.0
            ],
            [
              3206.0,
              9411.0
            ],
            [
              3333.0,
              9411.0
            ],
            [
              3434.0,
              9376.0
            ],
            [
              3521.0,
              9266.0
            ],
            [
              3515.0,
              9230.0
            ],
            [
              3490.0,
              9215.0
            ],
            [
              3466.0,
              9217.0
            ],
            [
              3440.0,
              9240.0
            ],
            [
              3409.0,
              9249.0
            ],
            [
              3352.0,
              9249.0
            ],
            [
              3346.0,
              9234.0
            ],
            [
              3447.0,
              9183.0
            ],
            [
              3520.0,
              9182.0
            ],
            [
              3540.0,
              9166.0
            ],
            [
              3545.0,
              9137.0
            ],
            [
              3521.0,
              9109.0
            ],
            [
              3440.0,
              9097.0
            ],
            [
              3333.0,
              9111.0
            ],
            [
              3251.0,
              9140.0
            ],
            [
              3212.0,
              9140.0
            ],
            [
              3080.0,
              9122.0
            ],
            [
              3004.0,
              9100.0
            ],
            [
              2963.0,
              9097.0
            ],
            [
              2969.0,
              9104.0
            ],
            [
              2959.0,
              9107.0
            ],
            [
              2922.0,
              9096.0
            ],
            [
              2859.0,
              9099.0
            ],
            [
              2856.0,
              9091.0
            ],
            [
              2845.0,
              9103.0
            ],
            [
              2866.0,
              9116.0
            ],
            [
              2843.0,
              9135.0
            ],
            [
              2819.0,
              9141.0
            ],
            [
              2816.0,
              9178.0
            ],
            [
              2832.0,
              9173.0
            ],
            [
              2840.0,
              9181.0
            ],
            [
              2875.0,
              9144.0
            ],
            [
              2905.0,
              9162.0
            ],
            [
              2846.0,
              9202.0
            ],
            [
              2845.0,
              9231.0
            ],
            [
              2821.0,
              9247.0
            ]
          ],
          [
            [
              3440.0,
              9274.0
            ],
            [
              3442.0,
              9276.0
            ],
            [
              3442.0,
              9279.0
            ],
            [
              3439.0,
              9282.0
            ],
            [
              3443.0,
              9285.0
            ],
            [
              3442.0,
              9295.0
            ],
            [
              3440.0,
              9297.0
            ],
            [
              3436.0,
              9298.0
            ],
            [
              3435.0,
              9300.0
            ],
            [
              3432.0,
              9302.0
            ],
            [
              3432.0,
              9311.0
            ],
            [
              3431.0,
              9312.0
            ],
            [
              3430.0,
              9318.0
            ],
            [
              3427.0,
              9320.0
            ],
            [
              3424.0,
              9319.0
            ],
            [
              3422.0,
              9321.0
            ],
            [
              3424.0,
              9325.0
            ],
            [
              3424.0,
              9328.0
            ],
            [
              3420.0,
              9332.0
            ],
            [
              3420.0,
              9333.0
            ],
            [
              3416.0,
              9336.0
            ],
            [
              3415.0,
              9338.0
            ],
            [
              3403.0,
              9345.0
            ],
            [
              3397.0,
              9345.0
            ],
            [
              3394.0,
              9348.0
            ],
            [
              3390.0,
              9350.0
            ],
            [
              3385.0,
              9350.0
            ],
            [
              3381.0,
              9348.0
            ],
            [
              3380.0,
              9349.0
            ],
            [
              3380.0,
              9351.0
            ],
            [
              3377.0,
              9353.0
            ],
            [
              3374.0,
              9351.0
            ],
            [
              3369.0,
              9350.0
            ],
            [
              3365.0,
              9346.0
            ],
            [
              3365.0,
              9343.0
            ],
            [
              3358.0,
              9338.0
            ],
            [
              3358.0,
              9336.0
            ],
            [
              3359.0,
              9335.0
            ],
            [
              3359.0,
              9322.0
            ],
            [
              3360.0,
              9321.0
            ],
            [
              3360.0,
              9319.0
            ],
            [
              3364.0,
              9313.0
            ],
            [
              3366.0,
              9308.0
            ],
            [
              3368.0,
              9306.0
            ],
            [
              3367.0,
              9305.0
            ],
            [
              3367.0,
              9303.0
            ],
            [
              3370.0,
              9298.0
            ],
            [
              3373.0,
              9295.0
            ],
            [
              3374.0,
              9290.0
            ],
            [
              3381.0,
              9285.0
            ],
            [
              3386.0,
              9286.0
            ],
            [
              3390.0,
              9284.0
            ],
            [
              3393.0,
              9284.0
            ],
            [
              3402.0,
              9276.0
            ],
            [
              3410.0,
              9274.0
            ],
            [
              3417.0,
              9270.0
            ],
            [
              3420.0,
              9272.0
            ],
            [
              3424.0,
              9272.0
            ],
            [
              3425.0,
              9273.0
            ],
            [
              3427.0,
              9273.0
            ],
            [
              3428.0,
              9272.0
            ],
            [
              3436.0,
              9272.0
            ],
            [
              3440.0,
              9274.0
            ]
          ],
          [
            [
              2981.0,
              9152.0
            ],
            [
              2981.0,
              9150.0
            ],
            [
              2985.0,
              9147.0
            ],
            [
              2986.0,
              9147.0
            ],
            [
              2987.0,
              9146.0
            ],
            [
              2990.0,
              9146.0
            ],
            [
              2991.0,
              9145.0
            ],
            [
              2996.0,
              9143.0
            ],
            [
              2997.0,
              9142.0
            ],
            [
              2997.0,
              9141.0
            ],
            [
              2996.0,
              9140.0
            ],
            [
              2996.0,
              9138.0
            ],
            [
              2999.0,
              9135.0
            ],
            [
              3000.0,
              9135.0
            ],
            [
              3003.0,
              9133.0
            ],
            [
              3010.0,
              9133.0
            ],
            [
              3011.0,
              9134.0
            ],
            [
              3012.0,
              9134.0
            ],
            [
              3015.0,
              9137.0
            ],
            [
              3022.0,
              9137.0
            ],
            [
              3023.0,
              9138.0
            ],
            [
              3031.0,
              9138.0
            ],
            [
              3032.0,
              9137.0
            ],
            [
              3037.0,
              9137.0
            ],
            [
              3038.0,
              9138.0
            ],
            [
              3044.0,
              9138.0
            ],
            [
              3045.0,
              9139.0
            ],
            [
              3048.0,
              9139.0
            ],
            [
              3049.0,
              9140.0
            ],
            [
              3053.0,
              9140.0
            ],
            [
              3054.0,
              9141.0
            ],
            [
              3061.0,
              9141.0
            ],
            [
              3062.0,
              9142.0
            ],
            [
              3064.0,
              9142.0
            ],
            [
              3067.0,
              9144.0
            ],
            [
              3069.0,
              9144.0
            ],
            [
              3075.0,
              9148.0
            ],
            [
              3075.0,
              9150.0
            ],
            [
              3072.0,
              9152.0
            ],
            [
              3071.0,
              9151.0
            ],
            [
              3050.0,
              9151.0
            ],
            [
              3049.0,
              9150.0
            ],
            [
              3046.0,
              9150.0
            ],
            [
              3045.0,
              9149.0
            ],
            [
              3043.0,
              9149.0
            ],
            [
              3042.0,
              9150.0
            ],
            [
              3039.0,
              9150.0
            ],
            [
              3038.0,
              9151.0
            ],
            [
              3035.0,
              9151.0
            ],
            [
              3034.0,
              9152.0
            ],
            [
              3022.0,
              9152.0
            ],
            [
              3021.0,
              9151.0
            ],
            [
              3020.0,
              9151.0
            ],
            [
              3019.0,
              9152.0
            ],
            [
              3016.0,
              9152.0
            ],
            [
              3015.0,
              9153.0
            ],
            [
              3012.0,
              9153.0
            ],
            [
              3011.0,
              9154.0
            ],
            [
              3005.0,
              9154.0
            ],
            [
              3004.0,
              9155.0
            ],
            [
              2998.0,
              9155.0
            ],
            [
              2997.0,
              9154.0
            ],
            [
              2984.0,
              9154.0
            ],
            [
              2981.0,
              9152.0
            ]
          ],
          [
            [
              3369.0,
              9142.0
            ],
            [
              3371.0,
              9140.0
            ],
            [
              3372.0,
              9140.0
            ],
            [
              3377.0,
              9137.0
            ],
            [
              3379.0,
              9137.0
            ],
            [
              3380.0,
              9136.0
            ],
            [
              3384.0,
              9136.0
            ],
            [
              3388.0,
              9133.0
            ],
            [
              3390.0,
              9133.0
            ],
            [
              3391.0,
              9134.0
            ],
            [
              3396.0,
              9135.0
            ],
            [
              3397.0,
              9134.0
            ],
            [
              3398.0,
              9134.0
            ],
            [
              3401.0,
              9132.0
            ],
            [
              3403.0,
              9132.0
            ],
            [
              3406.0,
              9130.0
            ],
            [
              3407.0,
              9131.0
            ],
            [
              3415.0,
              9131.0
            ],
            [
              3416.0,
              9130.0
            ],
            [
              3419.0,
              9130.0
            ],
            [
              3420.0,
              9131.0
            ],
            [
              3426.0,
              9131.0
            ],
            [
              3427.0,
              9132.0
            ],
            [
              3429.0,
              9132.0
            ],
            [
              3430.0,
              9133.0
            ],
            [
              3431.0,
              9133.0
            ],
            [
              3432.0,
              9134.0
            ],
            [
              3434.0,
              9134.0
            ],
            [
              3435.0,
              9135.0
            ],
            [
              3437.0,
              9135.0
            ],
            [
              3438.0,
              9134.0
            ],
            [
              3439.0,
              9135.0
            ],
            [
              3441.0,
              9135.0
            ],
            [
              3442.0,
              9136.0
            ],
            [
              3447.0,
              9138.0
            ],
            [
              3448.0,
              9139.0
            ],
            [
              3448.0,
              9140.0
            ],
            [
              3451.0,
              9142.0
            ],
            [
              3451.0,
              9144.0
            ],
            [
              3450.0,
              9145.0
            ],
            [
              3450.0,
              9146.0
            ],
            [
              3452.0,
              9148.0
            ],
            [
              3452.0,
              9150.0
            ],
            [
              3447.0,
              9153.0
            ],
            [
              3445.0,
              9153.0
            ],
            [
              3441.0,
              9156.0
            ],
            [
              3438.0,
              9154.0
            ],
            [
              3438.0,
              9151.0
            ],
            [
              3437.0,
              9150.0
            ],
            [
              3435.0,
              9150.0
            ],
            [
              3432.0,
              9153.0
            ],
            [
              3434.0,
              9155.0
            ],
            [
              3434.0,
              9157.0
            ],
            [
              3431.0,
              9159.0
            ],
            [
              3428.0,
              9159.0
            ],
            [
              3427.0,
              9160.0
            ],
            [
              3423.0,
              9160.0
            ],
            [
              3422.0,
              9159.0
            ],
            [
              3421.0,
              9159.0
            ],
            [
              3419.0,
              9156.0
            ],
            [
              3418.0,
              9156.0
            ],
            [
              3417.0,
              9157.0
            ],
            [
              3417.0,
              9158.0
            ],
            [
              3414.0,
              9160.0
            ],
            [
              3401.0,
              9160.0
            ],
            [
              3400.0,
              9159.0
            ],
            [
              3399.0,
              9160.0
            ],
            [
              3392.0,
              9160.0
            ],
            [
              3391.0,
              9159.0
            ],
            [
              3390.0,
              9159.0
            ],
            [
              3387.0,
              9157.0
            ],
            [
              3385.0,
              9157.0
            ],
            [
              3381.0,
              9154.0
            ],
            [
              3378.0,
              9153.0
            ],
            [
              3373.0,
              9148.0
            ],
            [
              3372.0,
              9148.0
            ],
            [
              3370.0,
              9146.0
            ],
            [
              3370.0,
              9145.0
            ],
            [
              3369.0,
              9144.0
            ],
            [
              3369.0,
              9142.0
            ]
          ]
        ]
      },
      "properties": {
        "annotation_id": "3587_GP3_94",
        "label": "GP3",
        "probabilities": null,
        "tags": []
      }
    },
    {
      "type": "Feature",
      "geometry": {
        "type": "Polygon",
        "coordinates": [
          [
            [
              3790.0,
              9018.0
            ],
            [
              3789.0,
              9017.0
            ],
            [
              3770.0,
              9017.0
            ],
            [
              3765.0,
              9015.0
            ],
            [
              3752.0,
              9014.0
            ],
            [
              3749.0,
              9012.0
            ],
            [
              3735.0,
              9012.0
            ],
            [
              3730.0,
              9010.0
            ],
            [
              3722.0,
              9010.0
            ],
            [
              3714.0,
              9014.0
            ],
            [
              3695.0,
              9034.0
            ],
            [
              3686.0,
              9038.0
            ],
            [
              3667.0,
              9061.0
            ],
            [
              3663.0,
              9072.0
            ],
            [
              3663.0,
              9076.0
            ],
            [
              3668.0,
              9087.0
            ],
            [
              3671.0,
              9090.0
            ],
            [
              3672.0,
              9093.0
            ],
            [
              3685.0,
              9106.0
            ],
            [
              3694.0,
              9106.0
            ],
            [
              3695.0,
              9105.0
            ],
            [
              3704.0,
              9106.0
            ],
            [
              3713.0,
              9102.0
            ],
            [
              3723.0,
              9103.0
            ],
            [
              3733.0,
              9098.0
            ],
            [
              3736.0,
              9098.0
            ],
            [
              3741.0,
              9102.0
            ],
            [
              3745.0,
              9102.0
            ],
            [
              3749.0,
              9099.0
            ],
            [
              3753.0,
              9100.0
            ],
            [
              3756.0,
              9098.0
            ],
            [
              3762.0,
              9097.0
            ],
            [
              3770.0,
              9091.0
            ],
            [
              3774.0,
              9091.0
            ],
            [
              3781.0,
              9088.0
            ],
            [
              3788.0,
              9082.0
            ],
            [
              3789.0,
              9078.0
            ],
            [
              3790.0,
              9053.0
            ],
            [
              3786.0,
              9042.0
            ],
            [
              3786.0,
              9039.0
            ],
            [
              3784.0,
              9037.0
            ],
            [
              3784.0,
              9030.0
            ],
            [
              3786.0,
              9027.0
            ],
            [
              3786.0,
              9024.0
            ],
            [
              3790.0,
              9018.0
            ]
          ]
        ]
      },
      "properties": {
        "annotation_id": "3587_GP3_98",
        "label": "GP3",
        "probabilities": null,
        "tags": []
      }
    },
    {
      "type": "Feature",
      "geometry": {
        "type": "Polygon",
        "coordinates": [
          [
            [
              2960.0,
              8933.0
            ],
            [
              2960.0,
              8962.0
            ],
            [
              2981.0,
              8985.0
            ],
            [
              2981.0,
              8999.0
            ],
            [
              2984.0,
              9006.0
            ],
            [
              3003.0,
              9018.0
            ],
            [
              3040.0,
              9016.0
            ],
            [
              3048.0,
              9024.0
            ],
            [
              3068.0,
              9035.0
            ],
            [
              3113.0,
              9045.0
            ],
            [
              3126.0,
              9052.0
            ],
            [
              3166.0,
              9061.0
            ],
            [
              3193.0,
              9061.0
            ],
            [
              3206.0,
              9055.0
            ],
            [
              3241.0,
              9061.0
            ],
            [
              3278.0,
              9061.0
            ],
            [
              3294.0,
              9055.0
            ],
            [
              3304.0,
              9043.0
            ],
            [
              3305.0,
              9028.0
            ],
            [
              3300.0,
              9017.0
            ],
            [
              3284.0,
              9004.0
            ],
            [
              3262.0,
              8993.0
            ],
            [
              3262.0,
              8990.0
            ],
            [
              3269.0,
              8986.0
            ],
            [
              3279.0,
              8974.0
            ],
            [
              3280.0,
              8961.0
            ],
            [
              3275.0,
              8950.0
            ],
            [
              3264.0,
              8941.0
            ],
            [
              3253.0,
              8940.0
            ],
            [
              3230.0,
              8931.0
            ],
            [
              3221.0,
              8921.0
            ],
            [
              3202.0,
              8912.0
            ],
            [
              3156.0,
              8906.0
            ],
            [
              3097.0,
              8906.0
            ],
            [
              3089.0,
              8909.0
            ],
            [
              3067.0,
              8909.0
            ],
            [
              3038.0,
              8914.0
            ],
            [
              2994.0,
              8914.0
            ],
            [
              2974.0,
              8919.0
            ],
            [
              2960.0,
              8933.0
            ]
          ],
          [
            [
              3067.0,
              8970.0
            ],
            [
              3076.0,
              8967.0
            ],
            [
              3078.0,
              8964.0
            ],
            [
              3083.0,
              8963.0
            ],
            [
              3086.0,
              8960.0
            ],
            [
              3093.0,
              8958.0
            ],
            [
              3101.0,
              8953.0
            ],
            [
              3105.0,
              8953.0
            ],
            [
              3115.0,
              8949.0
            ],
            [
              3119.0,
              8950.0
            ],
            [
              3120.0,
              8949.0
            ],
            [
              3124.0,
              8951.0
            ],
            [
              3127.0,
              8946.0
            ],
            [
              3132.0,
              8942.0
            ],
            [
              3137.0,
              8942.0
            ],
            [
              3146.0,
              8948.0
            ],
            [
              3157.0,
              8945.0
            ],
            [
              3162.0,
              8949.0
            ],
            [
              3162.0,
              8956.0
            ],
            [
              3167.0,
              8959.0
            ],
            [
              3170.0,
              8956.0
            ],
            [
              3170.0,
              8953.0
            ],
            [
              3174.0,
              8950.0
            ],
            [
              3195.0,
              8951.0
            ],
            [
              3199.0,
              8954.0
            ],
            [
              3199.0,
              8960.0
            ],
            [
              3201.0,
              8962.0
            ],
            [
              3209.0,
              8960.0
            ],
            [
              3218.0,
              8967.0
            ],
            [
              3218.0,
              8970.0
            ],
            [
              3211.0,
              8981.0
            ],
            [
              3210.0,
              8999.0
            ],
            [
              3207.0,
              9006.0
            ],
            [
              3197.0,
              9011.0
            ],
            [
              3197.0,
              9013.0
            ],
            [
              3200.0,
              9015.0
            ],
            [
              3206.0,
              9011.0
            ],
            [
              3209.0,
              9013.0
            ],
            [
              3209.0,
              9015.0
            ],
            [
              3203.0,
              9021.0
            ],
            [
              3204.0,
              9024.0
            ],
            [
              3199.0,
              9028.0
            ],
            [
              3184.0,
              9027.0
            ],
            [
              3179.0,
              9024.0
            ],
            [
              3178.0,
              9018.0
            ],
            [
              3184.0,
              9014.0
            ],
            [
              3183.0,
              9010.0
            ],
            [
              3178.0,
              9010.0
            ],
            [
              3175.0,
              9015.0
            ],
            [
              3166.0,
              9019.0
            ],
            [
              3155.0,
              9019.0
            ],
            [
              3149.0,
              9015.0
            ],
            [
              3144.0,
              9014.0
            ],
            [
              3140.0,
              9009.0
            ],
            [
              3135.0,
              9013.0
            ],
            [
              3128.0,
              9012.0
            ],
            [
              3118.0,
              9006.0
            ],
            [
              3110.0,
              8998.0
            ],
            [
              3105.0,
              8998.0
            ],
            [
              3100.0,
              8996.0
            ],
            [
              3097.0,
              8990.0
            ],
            [
              3086.0,
              8982.0
            ],
            [
              3080.0,
              8982.0
            ],
            [
              3072.0,
              8977.0
            ],
            [
              3067.0,
              8972.0
            ],
            [
              3067.0,
              8970.0
            ]
          ]
        ]
      },
      "properties": {
        "annotation_id": "3587_GP3_99",
        "label": "GP3",
        "probabilities": null,
        "tags": []
      }
    },
    {
      "type": "Feature",
      "geometry": {
        "type": "Polygon",
        "coordinates": [
          [
            [
              2432.6335949154245,
              3950.9186887303003
            ],
            [
              2424.8484249045596,
              3955.5897907368194
            ],
            [
              2435.7476629197704,
              3950.9186887303003
            ],
            [
              2450.539485940414,
              3941.1872262167194
            ],
            [
              2485.9620094898505,
              3911.603580175431
            ],
            [
              2490.63311149637,
              3906.153961167825
            ],
            [
              2495.693472003432,
              3895.254723152614
            ],
            [
              2499.5860570088644,
              3877.3488321276254
            ],
            [
              2498.8075400077782,
              3866.06033561187
            ],
            [
              2497.250506005605,
              3861.778492105894
            ],
            [
              2491.8008869979994,
              3855.161097596659
            ],
            [
              2485.572750989307,
              3851.657771091769
            ],
            [
              2477.7875809784423,
              3849.32222008851
            ],
            [
              2464.1635334594284,
              3848.932961587966
            ],
            [
              2442.754315929549,
              3856.718131598832
            ],
            [
              2416.2847378926076,
              3879.29512463034
            ],
            [
              2412.002894386632,
              3890.972879646638
            ],
            [
              2410.835118885002,
              3899.147308158047
            ],
            [
              2411.2243773855453,
              3917.8317161841233
            ],
            [
              2415.506220891521,
              3932.234280704224
            ],
            [
              2417.841771894781,
              3936.516124210199
            ],
            [
              2424.459166404016,
              3943.133518719434
            ],
            [
              2432.244336414881,
              3945.4690697226943
            ],
            [
              2432.6335949154245,
              3950.9186887303003
            ]
          ]
        ]
      },
      "properties": {
        "annotation_id": "3e343ffe-b0d0-4b79-af92-13058415c11a",
        "label": "GP3",
        "probabilities": null,
        "tags": []
      }
    },
    {
      "type": "Feature",
      "geometry": {
        "type": "Polygon",
        "coordinates": [
          [
            [
              3143.6833622133327,
              7513.85313760311
            ],
            [
              3164.539489087139,
              7521.152782008941
            ],
            [
              3202.428119574555,
              7521.500384123505
            ],
            [
              3237.188331030898,
              7504.81548262446
            ],
            [
              3259.087264248395,
              7502.034665707952
            ],
            [
              3260.1300705920858,
              7506.9010953118395
            ],
            [
              3247.9639965823653,
              7522.890792581758
            ],
            [
              3243.4451690930405,
              7536.099672935169
            ],
            [
              3244.4879754367307,
              7557.303401923539
            ],
            [
              3249.0068029260556,
              7561.4746272983
            ],
            [
              3256.654049446451,
              7561.4746272983
            ],
            [
              3269.5153276852984,
              7553.479778663342
            ],
            [
              3280.290993236765,
              7533.666458133224
            ],
            [
              3282.376605924146,
              7513.85313760311
            ],
            [
              3273.68655306006,
              7502.729869937079
            ],
            [
              3274.0341551746233,
              7494.73502130212
            ],
            [
              3279.595789007638,
              7489.173387469105
            ],
            [
              3291.761863017359,
              7486.392570552597
            ],
            [
              3317.4844194950538,
              7474.57409865744
            ],
            [
              3331.7361061921542,
              7470.402873282679
            ],
            [
              3338.6881484834234,
              7460.670014074903
            ],
            [
              3338.6881484834234,
              7441.899499888476
            ],
            [
              3333.1265146504084,
              7429.385823764193
            ],
            [
              3320.265236411561,
              7419.3053624418535
            ],
            [
              3304.97074337077,
              7414.786534952528
            ],
            [
              3290.7190566736685,
              7416.176943410782
            ],
            [
              3276.1197678620038,
              7422.08617935836
            ],
            [
              3263.60609173772,
              7433.20944702439
            ],
            [
              3229.5410845105025,
              7480.8309367195825
            ],
            [
              3223.284246448361,
              7485.69736632347
            ],
            [
              3198.2568941997934,
              7487.087774781724
            ],
            [
              3187.4812286483266,
              7491.954204385612
            ],
            [
              3173.5771440657886,
              7490.563795927359
            ],
            [
              3160.3682637123784,
              7483.2641515215255
            ],
            [
              3144.3785664424595,
              7480.483334605019
            ],
            [
              3136.3837178075005,
              7482.568947292399
            ],
            [
              3128.041267057978,
              7489.520989583669
            ],
            [
              3126.3032564851605,
              7498.211042447753
            ],
            [
              3128.3888691725415,
              7500.644257249698
            ],
            [
              3143.6833622133327,
              7513.85313760311
            ]
          ]
        ]
      },
      "properties": {
        "annotation_id": "462dc6ff-c1b2-4016-b227-d4d520cc4dbd",
        "label": "GP4",
        "probabilities": null,
        "tags": []
      }
    },
    {
      "type": "Feature",
      "geometry": {
        "type": "Polygon",
        "coordinates": [
          [
            [
              3956.424778730116,
              9655.88053812244
            ],
            [
              3958.507965308545,
              9657.616526937798
            ],
            [
              3975.173457935977,
              9659.352515753155
            ],
            [
              3984.2005997758356,
              9659.699713516226
            ],
            [
              3992.5333460895513,
              9657.963724700869
            ],
            [
              4008.5044431908404,
              9650.672571676369
            ],
            [
              4017.5315850306993,
              9637.131858916578
            ],
            [
              4019.267573846056,
              9615.605597606147
            ],
            [
              4014.059607399984,
              9592.690545243428
            ],
            [
              3999.477301350981,
              9571.511481696067
            ],
            [
              3985.24219306505,
              9560.74835104085
            ],
            [
              3977.951040040549,
              9558.665164462422
            ],
            [
              3956.771976493187,
              9557.276373410135
            ],
            [
              3947.397636890257,
              9560.401153277779
            ],
            [
              3927.6073643951822,
              9574.63626156371
            ],
            [
              3923.440991238324,
              9583.316205640498
            ],
            [
              3920.3162113706803,
              9618.73037747379
            ],
            [
              3917.5386292661083,
              9625.327134972149
            ],
            [
              3911.2890695308215,
              9630.882299181292
            ],
            [
              3881.082864143602,
              9630.882299181292
            ],
            [
              3865.111767042313,
              9627.410321550577
            ],
            [
              3850.876658756382,
              9627.410321550577
            ],
            [
              3841.15512139038,
              9633.659881285865
            ],
            [
              3839.071934811951,
              9642.687023125723
            ],
            [
              3840.8079236273084,
              9649.283780624082
            ],
            [
              3852.612647571739,
              9664.213284436157
            ],
            [
              3866.1533603315274,
              9669.074053119155
            ],
            [
              3885.2492373004598,
              9666.990866540727
            ],
            [
              3891.845994798818,
              9664.560482199227
            ],
            [
              3926.912968869039,
              9640.256638784223
            ],
            [
              3930.0377487366827,
              9639.56224325808
            ],
            [
              3933.162528604326,
              9641.99262759958
            ],
            [
              3935.940110708898,
              9647.894989571794
            ],
            [
              3956.424778730116,
              9655.88053812244
            ]
          ]
        ]
      },
      "properties": {
        "annotation_id": "48f9dfec-938d-44af-b8f2-517407ac0594",
        "label": "GP3",
        "probabilities": null,
        "tags": []
      }
    },
    {
      "type": "Feature",
      "geometry": {
        "type": "Polygon",
        "coordinates": [
          [
            [
              2760.326636761997,
              1621.1153093473447
            ],
            [
              2773.470963480753,
              1595.2648001337907
            ],
            [
              2772.594675032836,
              1576.4245985035743
            ],
            [
              2752.878184954702,
              1559.3369737691912
            ],
            [
              2729.218396860941,
              1558.4606853212754
            ],
            [
              2697.2338685119685,
              1578.6153196233674
            ],
            [
              2675.3266573140413,
              1601.3988192692111
            ],
            [
              2634.579244485898,
              1585.625627206704
            ],
            [
              2595.584408553588,
              1597.4555212535838
            ],
            [
              2573.239053131703,
              1611.4761364202566
            ],
            [
              2562.723591756698,
              1636.0122129619347
            ],
            [
              2528.1101980639737,
              1647.4039627848572
            ],
            [
              2482.5431987722864,
              1630.316338050474
            ],
            [
              2465.017429813945,
              1629.0019053785982
            ],
            [
              2444.424651287894,
              1636.0122129619347
            ],
            [
              2430.8421803451793,
              1644.3369532171469
            ],
            [
              2424.2700169858012,
              1657.4812799359026
            ],
            [
              2430.8421803451793,
              1703.9245676755072
            ],
            [
              2441.357641720184,
              1734.5946633526046
            ],
            [
              2466.770006709779,
              1768.3317685974123
            ],
            [
              2472.46588162124,
              1799.8781527224269
            ],
            [
              2480.3524776524937,
              1814.7750563370168
            ],
            [
              2546.5122554702325,
              1867.352363212042
            ],
            [
              2571.04833201191,
              1871.2956612276682
            ],
            [
              2623.187494662976,
              1851.579171149535
            ],
            [
              2638.5225425015246,
              1827.0430946078554
            ],
            [
              2642.027696293193,
              1808.202892977639
            ],
            [
              2638.5225425015246,
              1783.666816435961
            ],
            [
              2611.795744840054,
              1738.0998171442734
            ],
            [
              2611.3576006160956,
              1720.1359039619733
            ],
            [
              2617.491619751515,
              1710.4967310348864
            ],
            [
              2632.8266675900636,
              1708.744154139052
            ],
            [
              2641.5895520692343,
              1711.8111637067623
            ],
            [
              2675.3266573140413,
              1768.7699128213708
            ],
            [
              2696.79572428801,
              1780.1616626442933
            ],
            [
              2711.2544836786415,
              1776.6565088526245
            ],
            [
              2737.104992892195,
              1743.7956920557353
            ],
            [
              2793.6255977828455,
              1748.6152785192787
            ],
            [
              2801.950338038058,
              1742.9194036078181
            ],
            [
              2832.182289491197,
              1687.7132313890415
            ],
            [
              2832.6204337151553,
              1653.5379819202765
            ],
            [
              2825.1719819078603,
              1645.2132416650643
            ],
            [
              2809.8369340693116,
              1637.764789857769
            ],
            [
              2763.393646329707,
              1633.821491842143
            ],
            [
              2760.326636761997,
              1621.1153093473447
            ]
          ]
        ]
      },
      "properties": {
        "annotation_id": "49b7ba7e-d5ae-4762-9435-ede273e7ecce",
        "label": "GP3",
        "probabilities": null,
        "tags": []
      }
    },
    {
      "type": "Feature",
      "geometry": {
        "type": "Polygon",
        "coordinates": [
          [
            [
              2339.8805263642594,
              2786.125283076612
            ],
            [
              2341.837611678524,
              2788.5716397194433
            ],
            [
              2353.090852235547,
              2789.0609110480104
            ],
            [
              2360.4299221640404,
              2787.5930970623112
            ],
            [
              2399.0823571207707,
              2775.361313848156
            ],
            [
              2413.7604969777567,
              2765.575887276832
            ],
            [
              2435.28843543467,
              2739.644506862823
            ],
            [
              2443.6060480202955,
              2725.4556383344016
            ],
            [
              2448.988032634524,
              2712.2453124631147
            ],
            [
              2450.4558466202225,
              2705.8847851917535
            ],
            [
              2449.966575291656,
              2695.6100872918637
            ],
            [
              2445.5631333345605,
              2685.8246607205397
            ],
            [
              2439.2026060631997,
              2676.5285054777814
            ],
            [
              2435.7777067632364,
              2674.0821488349507
            ],
            [
              2414.2497683063234,
              2671.63579219212
            ],
            [
              2396.146729149373,
              2671.63579219212
            ],
            [
              2382.936403278086,
              2674.0821488349507
            ],
            [
              2367.2797207639674,
              2679.9534047777447
            ],
            [
              2357.0050228640766,
              2680.9319474348777
            ],
            [
              2350.1552242641496,
              2684.3568467348405
            ],
            [
              2336.4556270642956,
              2692.6744593204667
            ],
            [
              2327.648743150104,
              2701.9706145632235
            ],
            [
              2323.7345725215746,
              2707.841870506019
            ],
            [
              2322.266758535876,
              2715.6702117630775
            ],
            [
              2321.2882158787434,
              2767.0437012625302
            ],
            [
              2324.713115178707,
              2775.8505851767222
            ],
            [
              2333.0307277643324,
              2788.082368390877
            ],
            [
              2344.7732396499214,
              2794.932166990804
            ],
            [
              2339.8805263642594,
              2786.125283076612
            ]
          ]
        ]
      },
      "properties": {
        "annotation_id": "5100bcb2-4832-4310-aa5f-40b522313c7e",
        "label": "GP3",
        "probabilities": null,
        "tags": []
      }
    },
    {
      "type": "Feature",
      "geometry": {
        "type": "Polygon",
        "coordinates": [
          [
            [
              2707.563279638567,
              6883.288751181107
            ],
            [
              2705.378937451155,
              6883.288751181107
            ],
            [
              2706.939181870735,
              6885.161044484604
            ],
            [
              2710.9958173616446,
              6887.0333377881
            ],
            [
              2726.2862126735326,
              6887.657435555932
            ],
            [
              2731.2789948161903,
              6886.721288904184
            ],
            [
              2740.016363565841,
              6882.352604529358
            ],
            [
              2759.98749213647,
              6874.23933354754
            ],
            [
              2764.9802742791276,
              6869.5586002887985
            ],
            [
              2765.6043720469597,
              6867.6863069853025
            ],
            [
              2765.6043720469597,
              6862.693524842645
            ],
            [
              2759.3633943686377,
              6851.459765021666
            ],
            [
              2752.186270038568,
              6845.53083622726
            ],
            [
              2738.45611914626,
              6837.1055163615265
            ],
            [
              2729.094652628777,
              6834.609125290197
            ],
            [
              2719.421137227379,
              6833.6729786384485
            ],
            [
              2713.180159549057,
              6836.169369709778
            ],
            [
              2707.875328522484,
              6839.601907432855
            ],
            [
              2705.378937451155,
              6845.218787343344
            ],
            [
              2701.634350844162,
              6859.573036003483
            ],
            [
              2701.3223019602456,
              6865.814013681806
            ],
            [
              2704.7548396833226,
              6872.991138011876
            ],
            [
              2706.939181870735,
              6875.79957796712
            ],
            [
              2707.563279638567,
              6883.288751181107
            ]
          ]
        ]
      },
      "properties": {
        "annotation_id": "8228e80c-90c4-4519-a591-845d23ae1261",
        "label": "GP3",
        "probabilities": null,
        "tags": []
      }
    },
    {
      "type": "Feature",
      "geometry": {
        "type": "Polygon",
        "coordinates": [
          [
            [
              2976.206696531934,
              7214.072579896399
            ],
            [
              2978.3910387193464,
              7213.760531012483
            ],
            [
              2982.447674210256,
              7210.6400421733215
            ],
            [
              2997.738069522144,
              7203.4629178432515
            ],
            [
              3004.9151938522136,
              7198.470135700595
            ],
            [
              3013.6525626018642,
              7187.860473647447
            ],
            [
              3016.4610025571096,
              7178.811056013881
            ],
            [
              3015.8369047892775,
              7172.570078335559
            ],
            [
              3011.1561715305356,
              7167.889345076817
            ],
            [
              3006.513034522869,
              7165.746358765587
            ],
            [
              3012.7164159501162,
              7163.208611818077
            ],
            [
              3015.8369047892775,
              7158.5278785593355
            ],
            [
              3017.3971492088576,
              7153.2230475327615
            ],
            [
              3017.3971492088576,
              7147.9182165061875
            ],
            [
              3012.092318182284,
              7137.30855445304
            ],
            [
              2999.6103628256405,
              7117.025376998496
            ],
            [
              2996.1778251025635,
              7113.280790391502
            ],
            [
              2990.87299407599,
              7110.784399320173
            ],
            [
              2987.4404563529133,
              7110.472350436257
            ],
            [
              2980.887429790675,
              7114.528985927166
            ],
            [
              2977.142843183682,
              7119.521768069824
            ],
            [
              2974.3344032284376,
              7126.3868435159775
            ],
            [
              2972.1500610410244,
              7158.5278785593355
            ],
            [
              2965.284985594871,
              7196.2857935131815
            ],
            [
              2965.284985594871,
              7202.526771191504
            ],
            [
              2966.8452300144513,
              7207.207504450244
            ],
            [
              2969.965718853612,
              7211.888237708986
            ],
            [
              2972.462109924941,
              7213.760531012483
            ],
            [
              2976.206696531934,
              7214.072579896399
            ]
          ]
        ]
      },
      "properties": {
        "annotation_id": "93ace716-49a7-4986-aa05-e485250ba370",
        "label": "GP4",
        "probabilities": null,
        "tags": []
      }
    },
    {
      "type": "Feature",
      "geometry": {
        "type": "Polygon",
        "coordinates": [
          [
            [
              1942.9619534126275,
              1975.3606783493308
            ],
            [
              1960.8262717119665,
              1950.5059746285124
            ],
            [
              1992.6713608542661,
              1971.0887761473155
            ],
            [
              2011.7007433905183,
              1967.5935834365755
            ],
            [
              2040.8273493133534,
              1935.3601395486376
            ],
            [
              2072.672438455653,
              1875.5535087204166
            ],
            [
              2097.9154969221095,
              1874.0000897378657
            ],
            [
              2120.440072169102,
              1854.9707072016135
            ],
            [
              2142.187937924819,
              1814.1934589096447
            ],
            [
              2139.469454705354,
              1801.3777523035972
            ],
            [
              2119.663362677826,
              1769.9210179069346
            ],
            [
              2131.3140050469606,
              1753.610118590147
            ],
            [
              2146.4598401268345,
              1750.8916353706827
            ],
            [
              2166.6542869000004,
              1757.1053113008884
            ],
            [
              2181.4117672342363,
              1736.9108645277224
            ],
            [
              2207.431535191969,
              1721.7650294478487
            ],
            [
              2223.7424345087566,
              1718.2698367371077
            ],
            [
              2246.655364501387,
              1728.3670601236904
            ],
            [
              2296.753126688663,
              1729.5321243606043
            ],
            [
              2325.1030231202226,
              1761.377213502904
            ],
            [
              2356.5597575168845,
              1771.4744368894867
            ],
            [
              2400.055489028318,
              1771.4744368894867
            ],
            [
              2417.5314525820186,
              1761.377213502904
            ],
            [
              2421.026645292759,
              1751.6683448619592
            ],
            [
              2397.337005808853,
              1733.0273170713442
            ],
            [
              2349.5693720954037,
              1714.3862892807292
            ],
            [
              2288.597677030269,
              1709.3376775874383
            ],
            [
              2265.296392292001,
              1679.4343621733278
            ],
            [
              2240.053333825544,
              1667.0070103129187
            ],
            [
              2208.2082446832446,
              1659.6282701458003
            ],
            [
              2124.32361962548,
              1693.0267782706508
            ],
            [
              2080.8278881140463,
              1721.3766747022105
            ],
            [
              2060.633441340881,
              1723.3184484303997
            ],
            [
              2038.8855755851641,
              1710.5027418243521
            ],
            [
              2036.5554471113373,
              1703.9007111485091
            ],
            [
              2041.6040588046287,
              1696.9103257270292
            ],
            [
              2071.1190194731016,
              1677.880943190777
            ],
            [
              2095.9737231939207,
              1680.2110716646034
            ],
            [
              2124.711974371118,
              1675.1624599713125
            ],
            [
              2155.391999276504,
              1646.8125635397528
            ],
            [
              2162.3823846979844,
              1630.8900189686037
            ],
            [
              2086.6532092986135,
              1590.5011254222718
            ],
            [
              2054.419765410676,
              1589.7244159309964
            ],
            [
              2019.856193048912,
              1602.9284772826811
            ],
            [
              1991.1179418717147,
              1625.4530525296746
            ],
            [
              1944.127017649541,
              1687.5898118317216
            ],
            [
              1927.0394088414778,
              1697.2986804726675
            ],
            [
              1915.7771212179816,
              1715.1629987720057
            ],
            [
              1917.7188949461706,
              1738.4642835102734
            ],
            [
              1939.8551154475253,
              1773.416210617676
            ],
            [
              1918.883959183084,
              1805.2612997599745
            ],
            [
              1917.3305402005328,
              1824.6790370418648
            ],
            [
              1927.0394088414778,
              1847.203612288857
            ],
            [
              1910.3401547790525,
              1861.5727378774563
            ],
            [
              1905.6798978313986,
              1881.378829904984
            ],
            [
              1925.0976351132888,
              1952.0593936110633
            ],
            [
              1936.748277482423,
              1963.710035980197
            ],
            [
              1942.9619534126275,
              1975.3606783493308
            ]
          ]
        ]
      },
      "properties": {
        "annotation_id": "9c4e17ca-e816-4d56-8b6c-8b40ae5c21b0",
        "label": "GP3",
        "probabilities": null,
        "tags": []
      }
    },
    {
      "type": "Feature",
      "geometry": {
        "type": "Polygon",
        "coordinates": [
          [
            [
              1983.9449963630996,
              1525.7683595764265
            ],
            [
              2095.104877241244,
              1485.4405888392394
            ],
            [
              2110.09853559225,
              1468.8958623829574
            ],
            [
              2118.3708988203907,
              1535.074768208086
            ],
            [
              2154.045465241749,
              1563.5110168048209
            ],
            [
              2203.679644610595,
              1580.572765962861
            ],
            [
              2270.3755731374818,
              1581.0897886646208
            ],
            [
              2298.294799032458,
              1611.5941280683903
            ],
            [
              2332.4182973485395,
              1628.6558772264316
            ],
            [
              2424.448338261608,
              1641.5814447704015
            ],
            [
              2472.5314495251773,
              1613.1451961736664
            ],
            [
              2534.057151034476,
              1550.0684265590914
            ],
            [
              2551.118900192517,
              1548.000335752056
            ],
            [
              2599.7190341578453,
              1573.851470839997
            ],
            [
              2637.9787140879976,
              1577.987652454067
            ],
            [
              2676.23839401815,
              1569.7152892259255
            ],
            [
              2731.559823106343,
              1541.2790406291917
            ],
            [
              2744.485390650313,
              1504.5704288043162
            ],
            [
              2756.8939354925246,
              1496.8150882779341
            ],
            [
              2784.2961386857414,
              1509.223633120146
            ],
            [
              2843.753749388005,
              1501.9853152955222
            ],
            [
              2859.2644304407695,
              1475.617157505823
            ],
            [
              2863.9176347565985,
              1434.2553413651176
            ],
            [
              2858.230385037252,
              1420.2957284176287
            ],
            [
              2845.304817493281,
              1413.0574105930061
            ],
            [
              2785.330184089259,
              1417.7106149088359
            ],
            [
              2758.96202629956,
              1403.751001961348
            ],
            [
              2782.7450705804654,
              1384.1041392945126
            ],
            [
              2815.8345234930293,
              1378.9339122769247
            ],
            [
              2842.7197039844873,
              1347.9125501713957
            ],
            [
              2841.68565858097,
              1300.863484311344
            ],
            [
              2819.4536824053407,
              1276.0463946269208
            ],
            [
              2776.0237754576005,
              1288.4549394691326
            ],
            [
              2708.810824228955,
              1233.1335103809397
            ],
            [
              2681.9256437374966,
              1231.065419573904
            ],
            [
              2650.387258930209,
              1242.9569417143562
            ],
            [
              2634.359555175686,
              1256.916554661845
            ],
            [
              2624.0191011405095,
              1287.937916767373
            ],
            [
              2633.325509772168,
              1329.299732908078
            ],
            [
              2648.3191681231738,
              1339.1231642414957
            ],
            [
              2731.0428004045834,
              1349.4636182766717
            ],
            [
              2749.1385949661426,
              1369.6275036452653
            ],
            [
              2745.002413352072,
              1384.621161996271
            ],
            [
              2717.083187457096,
              1412.0233651894882
            ],
            [
              2678.823507526944,
              1412.0233651894882
            ],
            [
              2631.257418965133,
              1351.5317090837075
            ],
            [
              2587.827512017393,
              1321.544392381696
            ],
            [
              2527.85287861337,
              1198.4929893630986
            ],
            [
              2504.069834332465,
              1172.1248315733992
            ],
            [
              2425.999406366884,
              1152.9949916083233
            ],
            [
              2365.5077502611034,
              1156.6141505206351
            ],
            [
              2287.437322295523,
              1180.914217503299
            ],
            [
              2231.0818478038123,
              1214.5206931176222
            ],
            [
              2172.6582825050664,
              1294.6592118902383
            ],
            [
              2155.5965333470253,
              1342.7423231538075
            ],
            [
              2152.494397136473,
              1395.4786387332065
            ],
            [
              2123.541125837979,
              1386.1722301015484
            ],
            [
              2087.866559416621,
              1352.5657544872251
            ],
            [
              2001.5237682228992,
              1347.3955274696373
            ],
            [
              1956.5427931698825,
              1361.355140417125
            ],
            [
              1944.1342483276708,
              1387.2062755050652
            ],
            [
              1951.8895888540533,
              1425.465955435218
            ],
            [
              1926.5554764678714,
              1443.5617499967757
            ],
            [
              1918.2831132397303,
              1483.889520733963
            ],
            [
              1928.1065445731476,
              1506.6385196113506
            ],
            [
              1978.2577466437526,
              1523.700268769392
            ],
            [
              1983.9449963630996,
              1525.7683595764265
            ]
          ]
        ]
      },
      "properties": {
        "annotation_id": "b50c62cd-40a9-4bc6-9f0b-a6345323c76f",
        "label": "GP3",
        "probabilities": null,
        "tags": []
      }
    },
    {
      "type": "Feature",
      "geometry": {
        "type": "Polygon",
        "coordinates": [
          [
            [
              2513.1101245516265,
              5355.50845003149
            ],
            [
              2541.1945241040744,
              5363.621721013309
            ],
            [
              2566.7825325851936,
              5360.813281058063
            ],
            [
              2611.093474101278,
              5336.1614192286925
            ],
            [
              2619.2067450830964,
              5314.00594847065
            ],
            [
              2643.546558028551,
              5316.1902906580635
            ],
            [
              2647.60319351946,
              5296.53121097135
            ],
            [
              2640.1140203054742,
              5261.893784856664
            ],
            [
              2642.9224602607187,
              5252.220269455264
            ],
            [
              2655.4044156173627,
              5235.6816786077125
            ],
            [
              2688.793646196384,
              5168.591168565754
            ],
            [
              2704.396090392188,
              5153.924871021698
            ],
            [
              2722.1828767754055,
              5150.492333298621
            ],
            [
              2773.358893737644,
              5151.740528834283
            ],
            [
              2820.790324092889,
              5175.768292895823
            ],
            [
              2849.186772529253,
              5203.228594680439
            ],
            [
              2868.2217544481346,
              5215.086452269251
            ],
            [
              2894.1218118131696,
              5225.696114322397
            ],
            [
              2900.050740607576,
              5219.4551366440755
            ],
            [
              2898.1784473040793,
              5208.221376823096
            ],
            [
              2884.760345295687,
              5189.810492672048
            ],
            [
              2866.9735589124703,
              5182.945417225894
            ],
            [
              2850.1229191810016,
              5182.321319458061
            ],
            [
              2841.697599315267,
              5176.08034177974
            ],
            [
              2836.0807194047775,
              5167.967070797922
            ],
            [
              2832.6481816817004,
              5141.130866781137
            ],
            [
              2827.967448422959,
              5133.3296446832355
            ],
            [
              2812.0529553432384,
              5123.656129281836
            ],
            [
              2788.961337933448,
              5117.415151603515
            ],
            [
              2765.557671639742,
              5129.585058076243
            ],
            [
              2744.3383475334476,
              5119.599493790927
            ],
            [
              2728.4238544537275,
              5121.159738210507
            ],
            [
              2712.1973124900906,
              5143.31520896855
            ],
            [
              2698.4671615977827,
              5153.924871021698
            ],
            [
              2681.304472982398,
              5157.981506512607
            ],
            [
              2651.9718778942856,
              5155.797164325194
            ],
            [
              2642.610411376803,
              5159.853799816103
            ],
            [
              2627.6320649488307,
              5178.2646839671515
            ],
            [
              2607.660936378201,
              5183.257466109809
            ],
            [
              2618.5826473152642,
              5168.279119681836
            ],
            [
              2612.9657674047744,
              5154.236919905613
            ],
            [
              2583.321123432746,
              5140.818817897221
            ],
            [
              2564.598190397781,
              5145.811600039879
            ],
            [
              2553.6764794607175,
              5137.386280174144
            ],
            [
              2547.435501782396,
              5175.456244011908
            ],
            [
              2510.6137334802975,
              5191.058688207712
            ],
            [
              2498.755875891486,
              5192.618932627292
            ],
            [
              2463.1823031250524,
              5182.633368341977
            ],
            [
              2431.6653658495275,
              5182.945417225894
            ],
            [
              2426.67258370687,
              5189.498443788132
            ],
            [
              2425.7364370551218,
              5201.044252493027
            ],
            [
              2435.7220013404367,
              5256.901002714007
            ],
            [
              2444.147321206171,
              5264.3901759279925
            ],
            [
              2459.125667634143,
              5266.886566999321
            ],
            [
              2497.1956314719055,
              5251.284122803516
            ],
            [
              2503.4366091502275,
              5252.532318339182
            ],
            [
              2499.6920225432345,
              5260.021491553168
            ],
            [
              2477.5365517851924,
              5266.886566999321
            ],
            [
              2475.6642584816955,
              5284.985402266454
            ],
            [
              2480.032942856521,
              5295.907113203518
            ],
            [
              2494.699240400577,
              5309.949312979741
            ],
            [
              2516.2306133907873,
              5317.438486193728
            ],
            [
              2504.372755801976,
              5345.834934630091
            ],
            [
              2507.181195757221,
              5353.636156727994
            ],
            [
              2514.982417855123,
              5353.324107844077
            ],
            [
              2513.1101245516265,
              5355.50845003149
            ]
          ]
        ]
      },
      "properties": {
        "annotation_id": "c4ea3e17-4e2b-474c-8056-80aa2e4e47ac",
        "label": "GP4",
        "probabilities": null,
        "tags": []
      }
    },
    {
      "type": "Feature",
      "geometry": {
        "type": "Polygon",
        "coordinates": [
          [
            [
              2091.0785197686555,
              3313.451611223719
            ],
            [
              2096.7126760668534,
              3287.6283948569767
            ],
            [
              2105.0302886524787,
              3279.8000535999176
            ],
            [
              2125.5796844522592,
              3312.581232613854
            ],
            [
              2153.4681501805335,
              3304.752891356795
            ],
            [
              2164.23211940899,
              3273.439526328557
            ],
            [
              2172.5497319946157,
              3269.0360843714616
            ],
            [
              2195.0562131086613,
              3292.5211081426387
            ],
            [
              2224.9017641512,
              3301.3279920568307
            ],
            [
              2239.09063267962,
              3301.817263385397
            ],
            [
              2257.6829431651363,
              3286.6498521998446
            ],
            [
              2254.2580438651726,
              3240.1690759860544
            ],
            [
              2242.5155319795836,
              3229.8943780861646
            ],
            [
              2250.343873236643,
              3229.4051067575983
            ],
            [
              2260.129299807967,
              3214.7269669006128
            ],
            [
              2267.9576410650266,
              3188.3063151580363
            ],
            [
              2263.554199107931,
              3170.203276001087
            ],
            [
              2250.343873236643,
              3162.374934744027
            ],
            [
              2225.3910354797663,
              3160.907120758328
            ],
            [
              2142.704180952077,
              3188.7955864866035
            ],
            [
              2119.7084285094647,
              3170.203276001087
            ],
            [
              2115.794257880935,
              3148.675337544173
            ],
            [
              2143.6827236092095,
              3043.9712732310045
            ],
            [
              2169.6141040232183,
              3037.121474631079
            ],
            [
              2197.0132984229263,
              3015.104264845598
            ],
            [
              2274.3181683363873,
              2896.21133200401
            ],
            [
              2338.901983707127,
              2845.3271138331233
            ],
            [
              2356.026480206944,
              2815.481562790584
            ],
            [
              2352.6015809069804,
              2798.8463376193345
            ],
            [
              2323.7345725215746,
              2785.14674041948
            ],
            [
              2314.9276886073826,
              2769.9793292339273
            ],
            [
              2321.7774872073096,
              2727.412723648668
            ],
            [
              2342.32688300709,
              2690.228102677636
            ],
            [
              2394.1896438351087,
              2667.7216215635895
            ],
            [
              2402.0179850921677,
              2650.1078537352064
            ],
            [
              2395.1681864922407,
              2642.7687838067122
            ],
            [
              2329.116557135803,
              2654.0220243637355
            ],
            [
              2288.9963081933734,
              2605.0948915071153
            ],
            [
              2267.4683697364603,
              2612.4339614356086
            ],
            [
              2225.8803068083325,
              2644.2365977924114
            ],
            [
              2191.1420424801317,
              2650.1078537352064
            ],
            [
              2134.3865683664517,
              2646.682954435242
            ],
            [
              2073.7169236242416,
              2672.1250635206857
            ],
            [
              2022.3434341247894,
              2745.026491477051
            ],
            [
              1991.030069096552,
              2805.2068648906943
            ],
            [
              1956.291804768351,
              2813.5244774763205
            ],
            [
              1933.296052325739,
              2838.9665865617626
            ],
            [
              1927.9140677115108,
              2929.481782346512
            ],
            [
              1945.5278355398946,
              3033.6965753311147
            ],
            [
              1968.5235879825063,
              3106.108731958914
            ],
            [
              2004.7296662964059,
              3185.3706871866393
            ],
            [
              2056.1031557958577,
              3243.5939752860177
            ],
            [
              2071.7598383099767,
              3245.5510606002836
            ],
            [
              2080.0774508956024,
              3239.1905333289224
            ],
            [
              2086.927249495529,
              3182.924330543808
            ],
            [
              2101.6053893525154,
              3179.499431243844
            ],
            [
              2110.412273266707,
              3190.2634004723013
            ],
            [
              2112.369358580972,
              3205.430811657853
            ],
            [
              2101.6053893525154,
              3232.8300060575616
            ],
            [
              2064.4207683814834,
              3262.675557100101
            ],
            [
              2067.8456676814467,
              3278.8215109427856
            ],
            [
              2091.0785197686555,
              3313.451611223719
            ],
            [
              2091.0785197686555,
              3313.451611223719
            ]
          ]
        ]
      },
      "properties": {
        "annotation_id": "c55b465d-a5be-4d3d-8820-1064f31b8d81",
        "label": "GP4",
        "probabilities": null,
        "tags": []
      }
    },
    {
      "type": "Feature",
      "geometry": {
        "type": "Polygon",
        "coordinates": [
          [
            [
              2895.728756639968,
              6883.912848948939
            ],
            [
              2895.104658872136,
              6885.785142252435
            ],
            [
              2896.9769521756325,
              6889.2176799755125
            ],
            [
              2904.154076505703,
              6895.458657653834
            ],
            [
              2917.5721785140945,
              6899.515293144743
            ],
            [
              2931.302329406403,
              6907.316515242645
            ],
            [
              2944.408382530878,
              6910.12495519789
            ],
            [
              2961.2590222623467,
              6908.876759662226
            ],
            [
              2980.294004181228,
              6902.011684216072
            ],
            [
              2989.967519582627,
              6895.458657653834
            ],
            [
              3004.3217682427667,
              6889.841777743344
            ],
            [
              3008.690452617592,
              6886.721288904184
            ],
            [
              3016.491674715495,
              6876.423675734953
            ],
            [
              3022.1085546259837,
              6864.877867030058
            ],
            [
              3024.9169945812287,
              6853.956156092994
            ],
            [
              3025.2290434651454,
              6843.346494039848
            ],
            [
              3020.86035909032,
              6835.233223058029
            ],
            [
              3018.676016902907,
              6833.360929754533
            ],
            [
              3011.498892572837,
              6828.992245379707
            ],
            [
              3007.130208198012,
              6828.992245379707
            ],
            [
              2960.6349244945145,
              6845.842885111176
            ],
            [
              2929.4300361029063,
              6863.005573726561
            ],
            [
              2921.94086288892,
              6863.005573726561
            ],
            [
              2907.8986631126963,
              6859.573036003483
            ],
            [
              2900.40948989871,
              6861.133280423065
            ],
            [
              2895.4167077560523,
              6865.50196479789
            ],
            [
              2891.360072265143,
              6871.742942476211
            ],
            [
              2889.799827845563,
              6877.671871270617
            ],
            [
              2890.423925613395,
              6882.664653413275
            ],
            [
              2895.728756639968,
              6883.912848948939
            ]
          ]
        ]
      },
      "properties": {
        "annotation_id": "d3109c7d-2385-497d-9d92-925907d9e794",
        "label": "GP3",
        "probabilities": null,
        "tags": []
      }
    },
    {
      "type": "Feature",
      "geometry": {
        "type": "Polygon",
        "coordinates": [
          [
            [
              2479.512127561371,
              4592.5974874758285
            ],
            [
              2481.072371980951,
              4588.852900868835
            ],
            [
              2483.256714168364,
              4588.228803101004
            ],
            [
              2499.4832561320004,
              4592.285438591913
            ],
            [
              2512.2772603725602,
              4591.349291940164
            ],
            [
              2518.8302869347976,
              4589.476998636666
            ],
            [
              2523.8230690774553,
              4585.732412029674
            ],
            [
              2526.943557916616,
              4579.491434351353
            ],
            [
              2526.943557916616,
              4569.817918949954
            ],
            [
              2522.886922425707,
              4562.3287457359675
            ],
            [
              2514.461602559973,
              4556.087768057646
            ],
            [
              2544.418295415917,
              4545.166057120584
            ],
            [
              2576.8713793431903,
              4545.4781060045
            ],
            [
              2593.0979213068267,
              4539.549177210093
            ],
            [
              2614.941343180953,
              4538.300981674429
            ],
            [
              2626.1751030019323,
              4534.868443951352
            ],
            [
              2638.3450094746595,
              4527.691319621283
            ],
            [
              2645.5221338047295,
              4520.202146407296
            ],
            [
              2647.7064759921423,
              4512.088875425478
            ],
            [
              2646.1462315725616,
              4506.784044398904
            ],
            [
              2641.7775471977366,
              4501.167164488415
            ],
            [
              2632.72812956417,
              4495.550284577926
            ],
            [
              2621.182320859275,
              4493.365942390512
            ],
            [
              2597.4666056816523,
              4493.365942390512
            ],
            [
              2584.3605525571766,
              4494.614137926177
            ],
            [
              2549.4110775585746,
              4503.0394577919105
            ],
            [
              2516.6459447473853,
              4505.847897747155
            ],
            [
              2462.661487829902,
              4519.265999755547
            ],
            [
              2449.2433858215104,
              4528.627466273031
            ],
            [
              2442.6903592592726,
              4537.676883906597
            ],
            [
              2438.321674884447,
              4549.222692611493
            ],
            [
              2436.4493815809506,
              4561.080550200303
            ],
            [
              2437.0734793487827,
              4572.6263589052
            ],
            [
              2441.754212607524,
              4581.987825422681
            ],
            [
              2445.8108480984333,
              4583.8601187261775
            ],
            [
              2479.512127561371,
              4592.5974874758285
            ]
          ]
        ]
      },
      "properties": {
        "annotation_id": "e064fde4-0e75-4771-bcfa-d83c9014382a",
        "label": "GP4",
        "probabilities": null,
        "tags": []
      }
    },
    {
      "type": "Feature",
      "geometry": {
        "type": "Polygon",
        "coordinates": [
          [
            [
              2055.6138844672896,
              2641.3009698210135
            ],
            [
              2065.3993110386136,
              2629.0691866068582
            ],
            [
              2085.9487068383946,
              2623.197930664064
            ],
            [
              2097.2019473954174,
              2626.133558635461
            ],
            [
              2113.8371725666684,
              2635.4297138782194
            ],
            [
              2119.708428509463,
              2635.4297138782194
            ],
            [
              2129.004583752221,
              2634.451171221086
            ],
            [
              2142.214909623509,
              2627.601372621159
            ],
            [
              2164.232119408988,
              2622.2193880069312
            ],
            [
              2181.3566159088055,
              2640.3224271638815
            ],
            [
              2194.5669417800927,
              2640.8116984924472
            ],
            [
              2212.669980937043,
              2637.386799192483
            ],
            [
              2260.1292998079653,
              2617.815946049835
            ],
            [
              2271.382540364988,
              2606.073434164246
            ],
            [
              2273.828897007819,
              2594.330922278657
            ],
            [
              2266.489827079326,
              2585.0347670358988
            ],
            [
              2239.5799040081843,
              2571.335169836046
            ],
            [
              2209.2450816370792,
              2569.867355850347
            ],
            [
              2165.699933394687,
              2582.099139064502
            ],
            [
              2119.2191571808967,
              2563.01755725042
            ],
            [
              2115.7942578809334,
              2562.528285921854
            ],
            [
              2102.5839320096457,
              2567.910270536082
            ],
            [
              2090.3521487954904,
              2553.7214020076617
            ],
            [
              2070.2920243242756,
              2550.7857740362647
            ],
            [
              2054.635341810157,
              2555.189215993361
            ],
            [
              2048.2748145387964,
              2559.103386621891
            ],
            [
              2045.339186567399,
              2564.974642564685
            ],
            [
              2043.8713725817006,
              2576.717154450274
            ],
            [
              2040.446473281737,
              2577.695697107406
            ],
            [
              2018.9185348248238,
              2570.845898507479
            ],
            [
              2012.068736224897,
              2571.824441164612
            ],
            [
              2009.622379582066,
              2574.760069136009
            ],
            [
              2008.6438369249336,
              2606.073434164246
            ],
            [
              2015.0043641962943,
              2620.2623026926663
            ],
            [
              2022.8327054533536,
              2623.197930664064
            ],
            [
              2055.6138844672896,
              2641.3009698210135
            ]
          ]
        ]
      },
      "properties": {
        "annotation_id": "ffd8c362-c616-4c03-921b-db2e28d822ef",
        "label": "GP3",
        "probabilities": null,
        "tags": []
      }
    }
  ],
  "properties": {
    "slide_id": "3e4ca2fa-4ade-4c22-8fa8-0e96d0fa72a8",
    "filename": "3587.tiff",
    "openslide_quickhash1": "7837cce5dcc989a9ad5b9fbc9c2152f6df9b1e6b3f9e47c0442fddc3c603b7c7",
    "width": 5376,
    "height": 23296,
    "coordinate_space": "slide_pixels_level0",
    "source_project": "PANDA+",
    "label_counts": {
      "Benign": 18,
      "GP3": 52,
      "GP4": 7,
      "GP5": 0
    }
  }
}