{
  "type": "FeatureCollection",
  "features": [
    {
      "type": "Feature",
      "geometry": {
        "type": "Polygon",
        "coordinates": [
          [
            [
              6040.426155407913,
              881.1927870074221
            ],
            [
              6056.279968672665,
              886.306920318632
            ],
            [
              6066.627168627903,
              886.306920318632
            ],
            [
              6080.078528569714,
              884.237480327584
            ],
            [
              6097.668768493621,
              876.9944403589167
            ],
            [
              6104.394448464526,
              876.477080361155
            ],
            [
              6106.981248453336,
              878.5465203522025
            ],
            [
              6109.050688444384,
              885.272200323108
            ],
            [
              6113.18956842648,
              890.9631602984895
            ],
            [
              6116.293728413052,
              891.9978802940135
            ],
            [
              6129.745088354863,
              891.4805202962517
            ],
            [
              6140.6096483078645,
              880.6159603432501
            ],
            [
              6152.5089282563895,
              855.7826804506763
            ],
            [
              6150.956848263104,
              824.2237205871963
            ],
            [
              6144.748528289961,
              817.4980406162913
            ],
            [
              6126.12356837053,
              805.0814006700039
            ],
            [
              6118.880528401862,
              801.9772406834322
            ],
            [
              6084.217408551811,
              793.699480719241
            ],
            [
              6062.488288645808,
              793.1821207214787
            ],
            [
              6046.9674887129495,
              795.7689207102885
            ],
            [
              6032.481408775613,
              804.5640406722421
            ],
            [
              6021.616848822613,
              815.4286006252432
            ],
            [
              6016.443248844994,
              825.7758005804826
            ],
            [
              6014.891168851707,
              835.6056405379597
            ],
            [
              6017.995328838279,
              851.1264404708182
            ],
            [
              6027.307808797995,
              870.2687603880112
            ],
            [
              6034.550848766662,
              878.0291603544403
            ],
            [
              6040.426155407913,
              881.1927870074221
            ],
            [
              6040.426155407913,
              881.1927870074221
            ]
          ]
        ]
      },
      "properties": {
        "annotation_id": "1bf297c4-ba46-4a8c-b525-e1d8478d2c45",
        "label": "GP3",
        "probabilities": null,
        "tags": []
      }
    },
    {
      "type": "Feature",
      "geometry": {
        "type": "Polygon",
        "coordinates": [
          [
            [
              5749.871902638642,
              1759.8644298748507
            ],
            [
              5746.60030560898,
              1758.9296878663758
            ],
            [
              5745.198192596268,
              1755.6580908367143
            ],
            [
              5747.535047617454,
              1753.7886068197647
            ],
            [
              5757.817209710677,
              1753.7886068197647
            ],
            [
              5775.1099368674595,
              1748.6475257731533
            ],
            [
              5796.141632058142,
              1750.0496387858657
            ],
            [
              5808.293278168314,
              1744.9085577392545
            ],
            [
              5813.434359214925,
              1738.8327346841688
            ],
            [
              5816.705956244587,
              1729.0179435951839
            ],
            [
              5816.705956244587,
              1718.7357815019614
            ],
            [
              5814.836472227637,
              1710.3231034256885
            ],
            [
              5804.554310134415,
              1684.1503271883953
            ],
            [
              5798.945858083567,
              1676.6723911205972
            ],
            [
              5791.935293020006,
              1671.9986810782236
            ],
            [
              5778.848904901359,
              1667.7923420400873
            ],
            [
              5755.012983685253,
              1668.2597130443246
            ],
            [
              5748.4697896259295,
              1671.0639390697486
            ],
            [
              5746.132934604742,
              1674.3355360994105
            ],
            [
              5742.393966570844,
              1687.421924218057
            ],
            [
              5741.926595566606,
              1695.83460229433
            ],
            [
              5745.665563600505,
              1707.5188774002645
            ],
            [
              5742.861337575081,
              1708.9209904129764
            ],
            [
              5729.307578452197,
              1699.573570328229
            ],
            [
              5712.014851295415,
              1691.160892251956
            ],
            [
              5703.134802214904,
              1689.758779239244
            ],
            [
              5698.928463176768,
              1692.5630052646682
            ],
            [
              5696.591608155581,
              1699.1061993239914
            ],
            [
              5696.124237151343,
              1704.71465137484
            ],
            [
              5697.058979159818,
              1712.6599584468754
            ],
            [
              5703.602173219141,
              1736.0285086587444
            ],
            [
              5712.014851295415,
              1751.9191228028153
            ],
            [
              5719.025416358974,
              1756.592832845189
            ],
            [
              5749.871902638642,
              1759.8644298748507
            ]
          ]
        ]
      },
      "properties": {
        "annotation_id": "205cb8b2-b3b1-43c7-adcf-71ce5923d49d",
        "label": "GP4",
        "probabilities": null,
        "tags": []
      }
    },
    {
      "type": "Feature",
      "geometry": {
        "type": "Polygon",
        "coordinates": [
          [
            [
              12713.00836543048,
              2497.0316140841473
            ],
            [
              12713.988374060651,
              2493.6015838785497
            ],
            [
              12744.368641595942,
              2474.0014112751373
            ],
            [
              12765.43882714461,
              2474.9814199053076
            ],
            [
              12778.178939336829,
              2479.881463056161
            ],
            [
              12783.568986802768,
              2480.3714673712466
            ],
            [
              12789.44903858379,
              2476.941437165649
            ],
            [
              12821.29931906434,
              2446.561169630359
            ],
            [
              12829.139388105701,
              2435.7810746984815
            ],
            [
              12830.119396735872,
              2428.4310099722015
            ],
            [
              12827.669375160447,
              2409.81084599896
            ],
            [
              12825.709357900105,
              2406.380815793362
            ],
            [
              12819.829306119082,
              2404.420798533021
            ],
            [
              12796.79910331007,
              2405.8908114782766
            ],
            [
              12781.11896522734,
              2411.2808589442157
            ],
            [
              12757.10875378816,
              2424.510975451519
            ],
            [
              12731.138525088638,
              2444.111148054932
            ],
            [
              12712.518361115397,
              2468.6113638091983
            ],
            [
              12706.63830933437,
              2480.3714673712466
            ],
            [
              12713.00836543048,
              2497.0316140841473
            ]
          ]
        ]
      },
      "properties": {
        "annotation_id": "2a77ce0e-dc53-490a-98aa-6b86b15aadcd",
        "label": "GP4",
        "probabilities": null,
        "tags": []
      }
    },
    {
      "type": "Feature",
      "geometry": {
        "type": "Polygon",
        "coordinates": [
          [
            [
              6647.028303413566,
              1375.6986416267907
            ],
            [
              6643.924143426994,
              1377.250721620077
            ],
            [
              6681.174063265856,
              1370.5250416491715
            ],
            [
              6699.799023185286,
              1356.5563217095983
            ],
            [
              6718.941343102479,
              1349.8306417386927
            ],
            [
              6744.291982992814,
              1331.205681819262
            ],
            [
              6756.19126294134,
              1312.0633619020696
            ],
            [
              6766.538462896579,
              1300.6814419513064
            ],
            [
              6777.920382847343,
              1278.434962047542
            ],
            [
              6782.5766228272005,
              1273.2613620699224
            ],
            [
              6793.958542777963,
              1226.6989622713459
            ],
            [
              6793.958542777963,
              1215.317042320583
            ],
            [
              6787.232862807058,
              1211.1781623384868
            ],
            [
              6776.885662851819,
              1208.591362349677
            ],
            [
              6758.260702932388,
              1220.4906422982024
            ],
            [
              6749.465582970434,
              1231.3552022512035
            ],
            [
              6728.253823062194,
              1275.3308020609702
            ],
            [
              6710.663583138287,
              1299.1293619580204
            ],
            [
              6692.038623218857,
              1314.1328018931174
            ],
            [
              6654.788703379995,
              1328.1015218326904
            ],
            [
              6644.958863422518,
              1333.792481808072
            ],
            [
              6630.472783485184,
              1351.3827217319786
            ],
            [
              6623.229743516516,
              1363.7993616782658
            ],
            [
              6621.1603035254675,
              1370.5250416491715
            ],
            [
              6627.885983496373,
              1370.007681651409
            ],
            [
              6647.028303413566,
              1375.6986416267907
            ]
          ]
        ]
      },
      "properties": {
        "annotation_id": "3af811d0-1dd6-47bf-9ba3-cf93bd5e6eb7",
        "label": "GP4",
        "probabilities": null,
        "tags": []
      }
    },
    {
      "type": "Feature",
      "geometry": {
        "type": "Polygon",
        "coordinates": [
          [
            [
              17073.0,
              3333.0
            ],
            [
              17069.0,
              3345.0
            ],
            [
              17076.0,
              3370.0
            ],
            [
              17076.0,
              3392.0
            ],
            [
              17084.0,
              3404.0
            ],
            [
              17093.0,
              3446.0
            ],
            [
              17103.0,
              3456.0
            ],
            [
              17109.0,
              3473.0
            ],
            [
              17138.0,
              3492.0
            ],
            [
              17146.0,
              3505.0
            ],
            [
              17142.0,
              3557.0
            ],
            [
              17115.0,
              3608.0
            ],
            [
              17123.0,
              3625.0
            ],
            [
              17172.0,
              3622.0
            ],
            [
              17200.0,
              3612.0
            ],
            [
              17206.0,
              3604.0
            ],
            [
              17206.0,
              3596.0
            ],
            [
              17218.0,
              3581.0
            ],
            [
              17223.0,
              3563.0
            ],
            [
              17235.0,
              3561.0
            ],
            [
              17249.0,
              3568.0
            ],
            [
              17264.0,
              3587.0
            ],
            [
              17277.0,
              3643.0
            ],
            [
              17293.0,
              3658.0
            ],
            [
              17316.0,
              3669.0
            ],
            [
              17339.0,
              3670.0
            ],
            [
              17365.0,
              3637.0
            ],
            [
              17365.0,
              3617.0
            ],
            [
              17358.0,
              3605.0
            ],
            [
              17358.0,
              3587.0
            ],
            [
              17350.0,
              3575.0
            ],
            [
              17269.0,
              3500.0
            ],
            [
              17214.0,
              3485.0
            ],
            [
              17201.0,
              3478.0
            ],
            [
              17182.0,
              3458.0
            ],
            [
              17182.0,
              3445.0
            ],
            [
              17188.0,
              3441.0
            ],
            [
              17257.0,
              3439.0
            ],
            [
              17261.0,
              3432.0
            ],
            [
              17245.0,
              3421.0
            ],
            [
              17244.0,
              3412.0
            ],
            [
              17235.0,
              3406.0
            ],
            [
              17176.0,
              3409.0
            ],
            [
              17124.0,
              3336.0
            ],
            [
              17113.0,
              3336.0
            ],
            [
              17097.0,
              3327.0
            ],
            [
              17073.0,
              3333.0
            ]
          ]
        ]
      },
      "properties": {
        "annotation_id": "416_Benign_0",
        "label": "Benign",
        "probabilities": null,
        "tags": []
      }
    },
    {
      "type": "Feature",
      "geometry": {
        "type": "Polygon",
        "coordinates": [
          [
            [
              18136.0,
              3328.0
            ],
            [
              18134.0,
              3327.0
            ],
            [
              18131.0,
              3327.0
            ],
            [
              18130.0,
              3326.0
            ],
            [
              18116.0,
              3326.0
            ],
            [
              18115.0,
              3327.0
            ],
            [
              18109.0,
              3327.0
            ],
            [
              18108.0,
              3328.0
            ],
            [
              18105.0,
              3328.0
            ],
            [
              18102.0,
              3330.0
            ],
            [
              18095.0,
              3331.0
            ],
            [
              18087.0,
              3335.0
            ],
            [
              18084.0,
              3335.0
            ],
            [
              18076.0,
              3339.0
            ],
            [
              18069.0,
              3345.0
            ],
            [
              18069.0,
              3346.0
            ],
            [
              18065.0,
              3351.0
            ],
            [
              18065.0,
              3354.0
            ],
            [
              18064.0,
              3355.0
            ],
            [
              18064.0,
              3370.0
            ],
            [
              18065.0,
              3371.0
            ],
            [
              18066.0,
              3379.0
            ],
            [
              18069.0,
              3384.0
            ],
            [
              18069.0,
              3386.0
            ],
            [
              18071.0,
              3388.0
            ],
            [
              18075.0,
              3398.0
            ],
            [
              18080.0,
              3403.0
            ],
            [
              18081.0,
              3403.0
            ],
            [
              18083.0,
              3405.0
            ],
            [
              18096.0,
              3405.0
            ],
            [
              18098.0,
              3404.0
            ],
            [
              18105.0,
              3397.0
            ],
            [
              18106.0,
              3395.0
            ],
            [
              18106.0,
              3385.0
            ],
            [
              18108.0,
              3383.0
            ],
            [
              18112.0,
              3381.0
            ],
            [
              18121.0,
              3381.0
            ],
            [
              18122.0,
              3380.0
            ],
            [
              18125.0,
              3380.0
            ],
            [
              18126.0,
              3379.0
            ],
            [
              18131.0,
              3379.0
            ],
            [
              18140.0,
              3372.0
            ],
            [
              18141.0,
              3369.0
            ],
            [
              18144.0,
              3366.0
            ],
            [
              18146.0,
              3362.0
            ],
            [
              18146.0,
              3343.0
            ],
            [
              18145.0,
              3342.0
            ],
            [
              18145.0,
              3340.0
            ],
            [
              18144.0,
              3339.0
            ],
            [
              18143.0,
              3335.0
            ],
            [
              18136.0,
              3328.0
            ]
          ]
        ]
      },
      "properties": {
        "annotation_id": "416_Benign_1",
        "label": "Benign",
        "probabilities": null,
        "tags": []
      }
    },
    {
      "type": "Feature",
      "geometry": {
        "type": "Polygon",
        "coordinates": [
          [
            [
              15866.0,
              3069.0
            ],
            [
              15843.0,
              3058.0
            ],
            [
              15828.0,
              3043.0
            ],
            [
              15820.0,
              3029.0
            ],
            [
              15804.0,
              3021.0
            ],
            [
              15796.0,
              3028.0
            ],
            [
              15769.0,
              3038.0
            ],
            [
              15763.0,
              3043.0
            ],
            [
              15746.0,
              3045.0
            ],
            [
              15700.0,
              3066.0
            ],
            [
              15686.0,
              3080.0
            ],
            [
              15677.0,
              3084.0
            ],
            [
              15659.0,
              3128.0
            ],
            [
              15653.0,
              3132.0
            ],
            [
              15652.0,
              3139.0
            ],
            [
              15647.0,
              3145.0
            ],
            [
              15634.0,
              3150.0
            ],
            [
              15629.0,
              3156.0
            ],
            [
              15626.0,
              3168.0
            ],
            [
              15614.0,
              3191.0
            ],
            [
              15614.0,
              3243.0
            ],
            [
              15617.0,
              3246.0
            ],
            [
              15617.0,
              3267.0
            ],
            [
              15620.0,
              3273.0
            ],
            [
              15638.0,
              3285.0
            ],
            [
              15737.0,
              3285.0
            ],
            [
              15755.0,
              3281.0
            ],
            [
              15801.0,
              3261.0
            ],
            [
              15809.0,
              3261.0
            ],
            [
              15826.0,
              3250.0
            ],
            [
              15845.0,
              3227.0
            ],
            [
              15848.0,
              3199.0
            ],
            [
              15853.0,
              3196.0
            ],
            [
              15857.0,
              3183.0
            ],
            [
              15858.0,
              3166.0
            ],
            [
              15866.0,
              3155.0
            ],
            [
              15867.0,
              3126.0
            ],
            [
              15873.0,
              3115.0
            ],
            [
              15866.0,
              3069.0
            ]
          ],
          [
            [
              15823.0,
              3101.0
            ],
            [
              15823.0,
              3105.0
            ],
            [
              15817.0,
              3111.0
            ],
            [
              15810.0,
              3114.0
            ],
            [
              15790.0,
              3131.0
            ],
            [
              15784.0,
              3146.0
            ],
            [
              15777.0,
              3153.0
            ],
            [
              15760.0,
              3160.0
            ],
            [
              15742.0,
              3163.0
            ],
            [
              15726.0,
              3172.0
            ],
            [
              15720.0,
              3178.0
            ],
            [
              15716.0,
              3186.0
            ],
            [
              15716.0,
              3190.0
            ],
            [
              15713.0,
              3194.0
            ],
            [
              15713.0,
              3198.0
            ],
            [
              15709.0,
              3203.0
            ],
            [
              15708.0,
              3221.0
            ],
            [
              15706.0,
              3224.0
            ],
            [
              15706.0,
              3229.0
            ],
            [
              15701.0,
              3234.0
            ],
            [
              15694.0,
              3235.0
            ],
            [
              15684.0,
              3228.0
            ],
            [
              15681.0,
              3221.0
            ],
            [
              15674.0,
              3217.0
            ],
            [
              15664.0,
              3217.0
            ],
            [
              15661.0,
              3215.0
            ],
            [
              15663.0,
              3209.0
            ],
            [
              15669.0,
              3203.0
            ],
            [
              15680.0,
              3196.0
            ],
            [
              15680.0,
              3193.0
            ],
            [
              15684.0,
              3188.0
            ],
            [
              15684.0,
              3181.0
            ],
            [
              15687.0,
              3177.0
            ],
            [
              15705.0,
              3176.0
            ],
            [
              15712.0,
              3173.0
            ],
            [
              15717.0,
              3165.0
            ],
            [
              15717.0,
              3156.0
            ],
            [
              15723.0,
              3149.0
            ],
            [
              15729.0,
              3146.0
            ],
            [
              15736.0,
              3145.0
            ],
            [
              15744.0,
              3139.0
            ],
            [
              15754.0,
              3136.0
            ],
            [
              15761.0,
              3132.0
            ],
            [
              15764.0,
              3129.0
            ],
            [
              15764.0,
              3127.0
            ],
            [
              15780.0,
              3112.0
            ],
            [
              15780.0,
              3109.0
            ],
            [
              15786.0,
              3102.0
            ],
            [
              15792.0,
              3099.0
            ],
            [
              15798.0,
              3099.0
            ],
            [
              15801.0,
              3101.0
            ],
            [
              15815.0,
              3101.0
            ],
            [
              15820.0,
              3099.0
            ],
            [
              15823.0,
              3101.0
            ]
          ]
        ]
      },
      "properties": {
        "annotation_id": "416_Benign_11",
        "label": "Benign",
        "probabilities": null,
        "tags": []
      }
    },
    {
      "type": "Feature",
      "geometry": {
        "type": "Polygon",
        "coordinates": [
          [
            [
              17911.0,
              2975.0
            ],
            [
              17903.0,
              2986.0
            ],
            [
              17902.0,
              2991.0
            ],
            [
              17892.0,
              3000.0
            ],
            [
              17889.0,
              3006.0
            ],
            [
              17888.0,
              3027.0
            ],
            [
              17885.0,
              3032.0
            ],
            [
              17885.0,
              3037.0
            ],
            [
              17891.0,
              3041.0
            ],
            [
              17894.0,
              3077.0
            ],
            [
              17899.0,
              3085.0
            ],
            [
              17905.0,
              3114.0
            ],
            [
              17907.0,
              3116.0
            ],
            [
              17907.0,
              3134.0
            ],
            [
              17912.0,
              3149.0
            ],
            [
              17910.0,
              3163.0
            ],
            [
              17925.0,
              3178.0
            ],
            [
              17927.0,
              3185.0
            ],
            [
              17932.0,
              3191.0
            ],
            [
              17932.0,
              3196.0
            ],
            [
              17941.0,
              3205.0
            ],
            [
              17946.0,
              3220.0
            ],
            [
              17999.0,
              3219.0
            ],
            [
              18007.0,
              3211.0
            ],
            [
              18007.0,
              3201.0
            ],
            [
              18004.0,
              3199.0
            ],
            [
              18004.0,
              3196.0
            ],
            [
              18013.0,
              3194.0
            ],
            [
              18020.0,
              3187.0
            ],
            [
              18020.0,
              3161.0
            ],
            [
              18016.0,
              3154.0
            ],
            [
              18015.0,
              3133.0
            ],
            [
              18012.0,
              3130.0
            ],
            [
              18014.0,
              3123.0
            ],
            [
              18012.0,
              3121.0
            ],
            [
              18012.0,
              3108.0
            ],
            [
              18008.0,
              3090.0
            ],
            [
              18003.0,
              3085.0
            ],
            [
              18001.0,
              3076.0
            ],
            [
              17996.0,
              3072.0
            ],
            [
              17999.0,
              3051.0
            ],
            [
              17995.0,
              3044.0
            ],
            [
              17994.0,
              3027.0
            ],
            [
              17991.0,
              3024.0
            ],
            [
              17992.0,
              3018.0
            ],
            [
              17988.0,
              2985.0
            ],
            [
              17983.0,
              2975.0
            ],
            [
              17973.0,
              2969.0
            ],
            [
              17957.0,
              2971.0
            ],
            [
              17956.0,
              2977.0
            ],
            [
              17946.0,
              2985.0
            ],
            [
              17939.0,
              2984.0
            ],
            [
              17935.0,
              2981.0
            ],
            [
              17934.0,
              2977.0
            ],
            [
              17911.0,
              2975.0
            ]
          ],
          [
            [
              17922.0,
              3035.0
            ],
            [
              17927.0,
              3036.0
            ],
            [
              17940.0,
              3048.0
            ],
            [
              17947.0,
              3051.0
            ],
            [
              17951.0,
              3051.0
            ],
            [
              17954.0,
              3053.0
            ],
            [
              17957.0,
              3053.0
            ],
            [
              17963.0,
              3056.0
            ],
            [
              17965.0,
              3058.0
            ],
            [
              17965.0,
              3060.0
            ],
            [
              17982.0,
              3077.0
            ],
            [
              17982.0,
              3079.0
            ],
            [
              17984.0,
              3081.0
            ],
            [
              17984.0,
              3086.0
            ],
            [
              17986.0,
              3088.0
            ],
            [
              17987.0,
              3105.0
            ],
            [
              17989.0,
              3107.0
            ],
            [
              17989.0,
              3112.0
            ],
            [
              17991.0,
              3114.0
            ],
            [
              17991.0,
              3116.0
            ],
            [
              17993.0,
              3118.0
            ],
            [
              17994.0,
              3122.0
            ],
            [
              17996.0,
              3124.0
            ],
            [
              17996.0,
              3126.0
            ],
            [
              17992.0,
              3132.0
            ],
            [
              17982.0,
              3136.0
            ],
            [
              17966.0,
              3136.0
            ],
            [
              17959.0,
              3140.0
            ],
            [
              17955.0,
              3140.0
            ],
            [
              17950.0,
              3136.0
            ],
            [
              17950.0,
              3131.0
            ],
            [
              17948.0,
              3129.0
            ],
            [
              17948.0,
              3114.0
            ],
            [
              17950.0,
              3112.0
            ],
            [
              17950.0,
              3109.0
            ],
            [
              17951.0,
              3108.0
            ],
            [
              17951.0,
              3099.0
            ],
            [
              17950.0,
              3098.0
            ],
            [
              17950.0,
              3096.0
            ],
            [
              17945.0,
              3091.0
            ],
            [
              17935.0,
              3086.0
            ],
            [
              17927.0,
              3078.0
            ],
            [
              17927.0,
              3076.0
            ],
            [
              17923.0,
              3072.0
            ],
            [
              17922.0,
              3070.0
            ],
            [
              17922.0,
              3066.0
            ],
            [
              17918.0,
              3061.0
            ],
            [
              17918.0,
              3057.0
            ],
            [
              17916.0,
              3054.0
            ],
            [
              17916.0,
              3051.0
            ],
            [
              17915.0,
              3050.0
            ],
            [
              17915.0,
              3044.0
            ],
            [
              17916.0,
              3043.0
            ],
            [
              17916.0,
              3039.0
            ],
            [
              17922.0,
              3035.0
            ]
          ]
        ]
      },
      "properties": {
        "annotation_id": "416_Benign_13",
        "label": "Benign",
        "probabilities": null,
        "tags": []
      }
    },
    {
      "type": "Feature",
      "geometry": {
        "type": "Polygon",
        "coordinates": [
          [
            [
              17805.0,
              2946.0
            ],
            [
              17745.0,
              2935.0
            ],
            [
              17727.0,
              2920.0
            ],
            [
              17691.0,
              2916.0
            ],
            [
              17683.0,
              2907.0
            ],
            [
              17671.0,
              2903.0
            ],
            [
              17600.0,
              2901.0
            ],
            [
              17565.0,
              2928.0
            ],
            [
              17534.0,
              2934.0
            ],
            [
              17518.0,
              2948.0
            ],
            [
              17493.0,
              2950.0
            ],
            [
              17480.0,
              2963.0
            ],
            [
              17433.0,
              2965.0
            ],
            [
              17402.0,
              2977.0
            ],
            [
              17392.0,
              2987.0
            ],
            [
              17373.0,
              3049.0
            ],
            [
              17377.0,
              3062.0
            ],
            [
              17372.0,
              3080.0
            ],
            [
              17375.0,
              3103.0
            ],
            [
              17368.0,
              3111.0
            ],
            [
              17369.0,
              3135.0
            ],
            [
              17360.0,
              3149.0
            ],
            [
              17352.0,
              3179.0
            ],
            [
              17390.0,
              3236.0
            ],
            [
              17412.0,
              3239.0
            ],
            [
              17424.0,
              3247.0
            ],
            [
              17470.0,
              3246.0
            ],
            [
              17486.0,
              3256.0
            ],
            [
              17502.0,
              3259.0
            ],
            [
              17503.0,
              3271.0
            ],
            [
              17519.0,
              3303.0
            ],
            [
              17532.0,
              3303.0
            ],
            [
              17571.0,
              3324.0
            ],
            [
              17596.0,
              3324.0
            ],
            [
              17641.0,
              3311.0
            ],
            [
              17663.0,
              3280.0
            ],
            [
              17668.0,
              3263.0
            ],
            [
              17700.0,
              3210.0
            ],
            [
              17736.0,
              3165.0
            ],
            [
              17779.0,
              3126.0
            ],
            [
              17786.0,
              3097.0
            ],
            [
              17784.0,
              3060.0
            ],
            [
              17795.0,
              3050.0
            ],
            [
              17795.0,
              3032.0
            ],
            [
              17820.0,
              3005.0
            ],
            [
              17829.0,
              2978.0
            ],
            [
              17815.0,
              2970.0
            ],
            [
              17805.0,
              2946.0
            ]
          ],
          [
            [
              17583.0,
              3112.0
            ],
            [
              17587.0,
              3112.0
            ],
            [
              17593.0,
              3116.0
            ],
            [
              17595.0,
              3122.0
            ],
            [
              17598.0,
              3124.0
            ],
            [
              17599.0,
              3131.0
            ],
            [
              17602.0,
              3135.0
            ],
            [
              17606.0,
              3136.0
            ],
            [
              17614.0,
              3143.0
            ],
            [
              17615.0,
              3149.0
            ],
            [
              17617.0,
              3152.0
            ],
            [
              17621.0,
              3152.0
            ],
            [
              17626.0,
              3148.0
            ],
            [
              17629.0,
              3150.0
            ],
            [
              17628.0,
              3156.0
            ],
            [
              17622.0,
              3161.0
            ],
            [
              17620.0,
              3170.0
            ],
            [
              17616.0,
              3175.0
            ],
            [
              17615.0,
              3184.0
            ],
            [
              17612.0,
              3187.0
            ],
            [
              17608.0,
              3188.0
            ],
            [
              17603.0,
              3195.0
            ],
            [
              17604.0,
              3200.0
            ],
            [
              17610.0,
              3207.0
            ],
            [
              17610.0,
              3211.0
            ],
            [
              17608.0,
              3215.0
            ],
            [
              17614.0,
              3219.0
            ],
            [
              17617.0,
              3223.0
            ],
            [
              17616.0,
              3230.0
            ],
            [
              17618.0,
              3233.0
            ],
            [
              17618.0,
              3240.0
            ],
            [
              17614.0,
              3242.0
            ],
            [
              17611.0,
              3246.0
            ],
            [
              17612.0,
              3257.0
            ],
            [
              17606.0,
              3261.0
            ],
            [
              17599.0,
              3261.0
            ],
            [
              17584.0,
              3251.0
            ],
            [
              17579.0,
              3251.0
            ],
            [
              17575.0,
              3248.0
            ],
            [
              17576.0,
              3244.0
            ],
            [
              17575.0,
              3233.0
            ],
            [
              17572.0,
              3229.0
            ],
            [
              17568.0,
              3227.0
            ],
            [
              17561.0,
              3211.0
            ],
            [
              17557.0,
              3207.0
            ],
            [
              17557.0,
              3203.0
            ],
            [
              17564.0,
              3197.0
            ],
            [
              17563.0,
              3191.0
            ],
            [
              17571.0,
              3188.0
            ],
            [
              17574.0,
              3185.0
            ],
            [
              17576.0,
              3176.0
            ],
            [
              17582.0,
              3169.0
            ],
            [
              17582.0,
              3163.0
            ],
            [
              17580.0,
              3161.0
            ],
            [
              17576.0,
              3161.0
            ],
            [
              17573.0,
              3159.0
            ],
            [
              17572.0,
              3151.0
            ],
            [
              17575.0,
              3149.0
            ],
            [
              17580.0,
              3150.0
            ],
            [
              17584.0,
              3144.0
            ],
            [
              17585.0,
              3134.0
            ],
            [
              17582.0,
              3125.0
            ],
            [
              17582.0,
              3121.0
            ],
            [
              17580.0,
              3119.0
            ],
            [
              17580.0,
              3114.0
            ],
            [
              17583.0,
              3112.0
            ]
          ],
          [
            [
              17440.0,
              3082.0
            ],
            [
              17443.0,
              3084.0
            ],
            [
              17446.0,
              3082.0
            ],
            [
              17450.0,
              3082.0
            ],
            [
              17451.0,
              3083.0
            ],
            [
              17452.0,
              3083.0
            ],
            [
              17455.0,
              3086.0
            ],
            [
              17458.0,
              3087.0
            ],
            [
              17460.0,
              3089.0
            ],
            [
              17461.0,
              3089.0
            ],
            [
              17464.0,
              3091.0
            ],
            [
              17466.0,
              3091.0
            ],
            [
              17467.0,
              3092.0
            ],
            [
              17470.0,
              3091.0
            ],
            [
              17473.0,
              3093.0
            ],
            [
              17473.0,
              3095.0
            ],
            [
              17472.0,
              3096.0
            ],
            [
              17472.0,
              3100.0
            ],
            [
              17470.0,
              3102.0
            ],
            [
              17470.0,
              3108.0
            ],
            [
              17469.0,
              3109.0
            ],
            [
              17469.0,
              3113.0
            ],
            [
              17470.0,
              3114.0
            ],
            [
              17470.0,
              3137.0
            ],
            [
              17467.0,
              3142.0
            ],
            [
              17467.0,
              3144.0
            ],
            [
              17465.0,
              3146.0
            ],
            [
              17465.0,
              3148.0
            ],
            [
              17462.0,
              3151.0
            ],
            [
              17461.0,
              3156.0
            ],
            [
              17457.0,
              3159.0
            ],
            [
              17453.0,
              3156.0
            ],
            [
              17453.0,
              3153.0
            ],
            [
              17452.0,
              3152.0
            ],
            [
              17452.0,
              3149.0
            ],
            [
              17451.0,
              3148.0
            ],
            [
              17451.0,
              3146.0
            ],
            [
              17452.0,
              3145.0
            ],
            [
              17452.0,
              3142.0
            ],
            [
              17453.0,
              3141.0
            ],
            [
              17453.0,
              3138.0
            ],
            [
              17452.0,
              3137.0
            ],
            [
              17452.0,
              3134.0
            ],
            [
              17451.0,
              3133.0
            ],
            [
              17451.0,
              3131.0
            ],
            [
              17450.0,
              3130.0
            ],
            [
              17450.0,
              3129.0
            ],
            [
              17448.0,
              3127.0
            ],
            [
              17448.0,
              3125.0
            ],
            [
              17447.0,
              3124.0
            ],
            [
              17447.0,
              3120.0
            ],
            [
              17445.0,
              3118.0
            ],
            [
              17445.0,
              3116.0
            ],
            [
              17443.0,
              3113.0
            ],
            [
              17443.0,
              3108.0
            ],
            [
              17442.0,
              3107.0
            ],
            [
              17442.0,
              3105.0
            ],
            [
              17441.0,
              3104.0
            ],
            [
              17441.0,
              3102.0
            ],
            [
              17440.0,
              3101.0
            ],
            [
              17440.0,
              3099.0
            ],
            [
              17439.0,
              3098.0
            ],
            [
              17439.0,
              3096.0
            ],
            [
              17438.0,
              3095.0
            ],
            [
              17438.0,
              3093.0
            ],
            [
              17437.0,
              3092.0
            ],
            [
              17437.0,
              3090.0
            ],
            [
              17436.0,
              3089.0
            ],
            [
              17436.0,
              3086.0
            ],
            [
              17437.0,
              3085.0
            ],
            [
              17437.0,
              3084.0
            ],
            [
              17440.0,
              3082.0
            ]
          ],
          [
            [
              17767.0,
              2995.0
            ],
            [
              17763.0,
              3005.0
            ],
            [
              17750.0,
              3018.0
            ],
            [
              17728.0,
              3026.0
            ],
            [
              17721.0,
              3047.0
            ],
            [
              17711.0,
              3055.0
            ],
            [
              17712.0,
              3077.0
            ],
            [
              17700.0,
              3089.0
            ],
            [
              17684.0,
              3121.0
            ],
            [
              17671.0,
              3131.0
            ],
            [
              17661.0,
              3129.0
            ],
            [
              17655.0,
              3133.0
            ],
            [
              17648.0,
              3132.0
            ],
            [
              17640.0,
              3143.0
            ],
            [
              17630.0,
              3147.0
            ],
            [
              17627.0,
              3140.0
            ],
            [
              17633.0,
              3139.0
            ],
            [
              17638.0,
              3133.0
            ],
            [
              17635.0,
              3125.0
            ],
            [
              17637.0,
              3117.0
            ],
            [
              17622.0,
              3113.0
            ],
            [
              17621.0,
              3108.0
            ],
            [
              17631.0,
              3107.0
            ],
            [
              17634.0,
              3101.0
            ],
            [
              17640.0,
              3099.0
            ],
            [
              17653.0,
              3102.0
            ],
            [
              17670.0,
              3088.0
            ],
            [
              17668.0,
              3063.0
            ],
            [
              17683.0,
              3058.0
            ],
            [
              17670.0,
              3033.0
            ],
            [
              17651.0,
              3052.0
            ],
            [
              17641.0,
              3053.0
            ],
            [
              17636.0,
              3065.0
            ],
            [
              17623.0,
              3065.0
            ],
            [
              17616.0,
              3078.0
            ],
            [
              17620.0,
              3100.0
            ],
            [
              17616.0,
              3103.0
            ],
            [
              17605.0,
              3102.0
            ],
            [
              17595.0,
              3093.0
            ],
            [
              17584.0,
              3093.0
            ],
            [
              17557.0,
              3104.0
            ],
            [
              17545.0,
              3102.0
            ],
            [
              17521.0,
              3107.0
            ],
            [
              17502.0,
              3102.0
            ],
            [
              17489.0,
              3093.0
            ],
            [
              17492.0,
              3089.0
            ],
            [
              17502.0,
              3090.0
            ],
            [
              17507.0,
              3086.0
            ],
            [
              17516.0,
              3087.0
            ],
            [
              17528.0,
              3082.0
            ],
            [
              17533.0,
              3076.0
            ],
            [
              17548.0,
              3072.0
            ],
            [
              17558.0,
              3059.0
            ],
            [
              17574.0,
              3055.0
            ],
            [
              17583.0,
              3046.0
            ],
            [
              17580.0,
              3040.0
            ],
            [
              17582.0,
              3029.0
            ],
            [
              17591.0,
              3023.0
            ],
            [
              17612.0,
              3034.0
            ],
            [
              17618.0,
              3032.0
            ],
            [
              17643.0,
              2997.0
            ],
            [
              17645.0,
              2976.0
            ],
            [
              17657.0,
              2965.0
            ],
            [
              17665.0,
              2950.0
            ],
            [
              17676.0,
              2958.0
            ],
            [
              17683.0,
              2971.0
            ],
            [
              17700.0,
              2959.0
            ],
            [
              17712.0,
              2965.0
            ],
            [
              17706.0,
              2972.0
            ],
            [
              17707.0,
              2976.0
            ],
            [
              17716.0,
              2973.0
            ],
            [
              17733.0,
              2979.0
            ],
            [
              17745.0,
              2977.0
            ],
            [
              17751.0,
              2981.0
            ],
            [
              17752.0,
              2988.0
            ],
            [
              17767.0,
              2995.0
            ]
          ]
        ]
      },
      "properties": {
        "annotation_id": "416_Benign_15",
        "label": "Benign",
        "probabilities": null,
        "tags": []
      }
    },
    {
      "type": "Feature",
      "geometry": {
        "type": "Polygon",
        "coordinates": [
          [
            [
              11225.0,
              3039.0
            ],
            [
              11265.0,
              3069.0
            ],
            [
              11317.0,
              3021.0
            ],
            [
              11324.0,
              2999.0
            ],
            [
              11381.0,
              2974.0
            ],
            [
              11382.0,
              2995.0
            ],
            [
              11357.0,
              3007.0
            ],
            [
              11350.0,
              3022.0
            ],
            [
              11356.0,
              3041.0
            ],
            [
              11416.0,
              3058.0
            ],
            [
              11425.0,
              3039.0
            ],
            [
              11437.0,
              3037.0
            ],
            [
              11433.0,
              3082.0
            ],
            [
              11448.0,
              3115.0
            ],
            [
              11477.0,
              3101.0
            ],
            [
              11494.0,
              3065.0
            ],
            [
              11511.0,
              3064.0
            ],
            [
              11532.0,
              3099.0
            ],
            [
              11530.0,
              3113.0
            ],
            [
              11564.0,
              3128.0
            ],
            [
              11585.0,
              3121.0
            ],
            [
              11588.0,
              3111.0
            ],
            [
              11551.0,
              3060.0
            ],
            [
              11545.0,
              3067.0
            ],
            [
              11556.0,
              3095.0
            ],
            [
              11539.0,
              3094.0
            ],
            [
              11537.0,
              3077.0
            ],
            [
              11523.0,
              3066.0
            ],
            [
              11527.0,
              3038.0
            ],
            [
              11514.0,
              3021.0
            ],
            [
              11563.0,
              2980.0
            ],
            [
              11571.0,
              2959.0
            ],
            [
              11596.0,
              2958.0
            ],
            [
              11599.0,
              2974.0
            ],
            [
              11610.0,
              2977.0
            ],
            [
              11602.0,
              2960.0
            ],
            [
              11629.0,
              2956.0
            ],
            [
              11606.0,
              3015.0
            ],
            [
              11654.0,
              3041.0
            ],
            [
              11675.0,
              3024.0
            ],
            [
              11674.0,
              2993.0
            ],
            [
              11695.0,
              2986.0
            ],
            [
              11745.0,
              2999.0
            ],
            [
              11753.0,
              3021.0
            ],
            [
              11762.0,
              3023.0
            ],
            [
              11761.0,
              2987.0
            ],
            [
              11776.0,
              2977.0
            ],
            [
              11794.0,
              2979.0
            ],
            [
              11797.0,
              2963.0
            ],
            [
              11823.0,
              2952.0
            ],
            [
              11803.0,
              2931.0
            ],
            [
              11821.0,
              2919.0
            ],
            [
              11838.0,
              2929.0
            ],
            [
              11837.0,
              2910.0
            ],
            [
              11779.0,
              2896.0
            ],
            [
              11751.0,
              2913.0
            ],
            [
              11715.0,
              2909.0
            ],
            [
              11709.0,
              2898.0
            ],
            [
              11719.0,
              2881.0
            ],
            [
              11709.0,
              2865.0
            ],
            [
              11665.0,
              2848.0
            ],
            [
              11625.0,
              2815.0
            ],
            [
              11608.0,
              2827.0
            ],
            [
              11599.0,
              2808.0
            ],
            [
              11568.0,
              2810.0
            ],
            [
              11560.0,
              2817.0
            ],
            [
              11564.0,
              2835.0
            ],
            [
              11553.0,
              2840.0
            ],
            [
              11545.0,
              2820.0
            ],
            [
              11521.0,
              2831.0
            ],
            [
              11501.0,
              2808.0
            ],
            [
              11481.0,
              2806.0
            ],
            [
              11473.0,
              2813.0
            ],
            [
              11482.0,
              2834.0
            ],
            [
              11476.0,
              2850.0
            ],
            [
              11493.0,
              2861.0
            ],
            [
              11487.0,
              2880.0
            ],
            [
              11495.0,
              2896.0
            ],
            [
              11479.0,
              2901.0
            ],
            [
              11482.0,
              2917.0
            ],
            [
              11453.0,
              2964.0
            ],
            [
              11436.0,
              2967.0
            ],
            [
              11422.0,
              2944.0
            ],
            [
              11388.0,
              2967.0
            ],
            [
              11374.0,
              2936.0
            ],
            [
              11353.0,
              2945.0
            ],
            [
              11356.0,
              2908.0
            ],
            [
              11324.0,
              2907.0
            ],
            [
              11321.0,
              2920.0
            ],
            [
              11331.0,
              2933.0
            ],
            [
              11315.0,
              2936.0
            ],
            [
              11286.0,
              2924.0
            ],
            [
              11260.0,
              2945.0
            ],
            [
              11258.0,
              2973.0
            ],
            [
              11246.0,
              2986.0
            ],
            [
              11251.0,
              3008.0
            ],
            [
              11225.0,
              3039.0
            ]
          ]
        ]
      },
      "properties": {
        "annotation_id": "416_Benign_19",
        "label": "GP4",
        "probabilities": {
          "GP3": 0,
          "GP4": 1,
          "GP5": 0,
          "Benign": 0
        },
        "tags": []
      }
    },
    {
      "type": "Feature",
      "geometry": {
        "type": "Polygon",
        "coordinates": [
          [
            [
              17998.0,
              3278.0
            ],
            [
              17985.0,
              3278.0
            ],
            [
              17980.0,
              3283.0
            ],
            [
              17980.0,
              3303.0
            ],
            [
              17977.0,
              3310.0
            ],
            [
              17961.0,
              3323.0
            ],
            [
              17953.0,
              3343.0
            ],
            [
              17948.0,
              3346.0
            ],
            [
              17944.0,
              3354.0
            ],
            [
              17918.0,
              3375.0
            ],
            [
              17907.0,
              3379.0
            ],
            [
              17866.0,
              3382.0
            ],
            [
              17841.0,
              3399.0
            ],
            [
              17831.0,
              3399.0
            ],
            [
              17816.0,
              3406.0
            ],
            [
              17768.0,
              3406.0
            ],
            [
              17758.0,
              3422.0
            ],
            [
              17756.0,
              3438.0
            ],
            [
              17749.0,
              3446.0
            ],
            [
              17749.0,
              3463.0
            ],
            [
              17756.0,
              3476.0
            ],
            [
              17763.0,
              3481.0
            ],
            [
              17763.0,
              3488.0
            ],
            [
              17783.0,
              3504.0
            ],
            [
              17786.0,
              3510.0
            ],
            [
              17809.0,
              3511.0
            ],
            [
              17813.0,
              3515.0
            ],
            [
              17827.0,
              3517.0
            ],
            [
              17838.0,
              3524.0
            ],
            [
              17854.0,
              3540.0
            ],
            [
              17855.0,
              3545.0
            ],
            [
              17862.0,
              3549.0
            ],
            [
              17876.0,
              3549.0
            ],
            [
              17883.0,
              3530.0
            ],
            [
              17883.0,
              3512.0
            ],
            [
              17878.0,
              3495.0
            ],
            [
              17864.0,
              3475.0
            ],
            [
              17896.0,
              3463.0
            ],
            [
              17903.0,
              3463.0
            ],
            [
              17906.0,
              3459.0
            ],
            [
              17899.0,
              3444.0
            ],
            [
              17878.0,
              3426.0
            ],
            [
              17878.0,
              3422.0
            ],
            [
              17896.0,
              3414.0
            ],
            [
              17934.0,
              3409.0
            ],
            [
              17944.0,
              3403.0
            ],
            [
              17960.0,
              3402.0
            ],
            [
              17973.0,
              3397.0
            ],
            [
              17984.0,
              3380.0
            ],
            [
              17984.0,
              3366.0
            ],
            [
              17995.0,
              3356.0
            ],
            [
              17996.0,
              3341.0
            ],
            [
              18001.0,
              3335.0
            ],
            [
              18003.0,
              3289.0
            ],
            [
              17998.0,
              3278.0
            ]
          ]
        ]
      },
      "properties": {
        "annotation_id": "416_Benign_2",
        "label": "Benign",
        "probabilities": null,
        "tags": []
      }
    },
    {
      "type": "Feature",
      "geometry": {
        "type": "Polygon",
        "coordinates": [
          [
            [
              15661.0,
              3383.0
            ],
            [
              15702.0,
              3468.0
            ],
            [
              15830.0,
              3453.0
            ],
            [
              16006.0,
              3286.0
            ],
            [
              16057.0,
              3175.0
            ],
            [
              16120.0,
              3122.0
            ],
            [
              16164.0,
              3256.0
            ],
            [
              16096.0,
              3364.0
            ],
            [
              16084.0,
              3515.0
            ],
            [
              16131.0,
              3563.0
            ],
            [
              16065.0,
              3642.0
            ],
            [
              16063.0,
              3781.0
            ],
            [
              16113.0,
              3739.0
            ],
            [
              16203.0,
              3818.0
            ],
            [
              16291.0,
              3799.0
            ],
            [
              16400.0,
              3860.0
            ],
            [
              16464.0,
              3816.0
            ],
            [
              16447.0,
              3804.0
            ],
            [
              16514.0,
              3700.0
            ],
            [
              16560.0,
              3735.0
            ],
            [
              16625.0,
              3729.0
            ],
            [
              16673.0,
              3625.0
            ],
            [
              16659.0,
              3571.0
            ],
            [
              16702.0,
              3556.0
            ],
            [
              16697.0,
              3350.0
            ],
            [
              16718.0,
              3309.0
            ],
            [
              16742.0,
              3340.0
            ],
            [
              16774.0,
              3304.0
            ],
            [
              16765.0,
              3227.0
            ],
            [
              16822.0,
              3226.0
            ],
            [
              16837.0,
              3253.0
            ],
            [
              16765.0,
              3352.0
            ],
            [
              16757.0,
              3418.0
            ],
            [
              16808.0,
              3433.0
            ],
            [
              16880.0,
              3388.0
            ],
            [
              16899.0,
              3416.0
            ],
            [
              16798.0,
              3499.0
            ],
            [
              16754.0,
              3677.0
            ],
            [
              16884.0,
              3737.0
            ],
            [
              16993.0,
              3697.0
            ],
            [
              17009.0,
              3722.0
            ],
            [
              17096.0,
              3710.0
            ],
            [
              17133.0,
              3671.0
            ],
            [
              17114.0,
              3627.0
            ],
            [
              17028.0,
              3604.0
            ],
            [
              17016.0,
              3540.0
            ],
            [
              17056.0,
              3495.0
            ],
            [
              17056.0,
              3394.0
            ],
            [
              17020.0,
              3284.0
            ],
            [
              16898.0,
              3121.0
            ],
            [
              16862.0,
              2904.0
            ],
            [
              16819.0,
              2862.0
            ],
            [
              16786.0,
              2946.0
            ],
            [
              16834.0,
              3020.0
            ],
            [
              16709.0,
              3055.0
            ],
            [
              16700.0,
              3187.0
            ],
            [
              16651.0,
              3204.0
            ],
            [
              16557.0,
              3512.0
            ],
            [
              16467.0,
              3497.0
            ],
            [
              16340.0,
              3562.0
            ],
            [
              16393.0,
              3708.0
            ],
            [
              16375.0,
              3750.0
            ],
            [
              16279.0,
              3731.0
            ],
            [
              16209.0,
              3755.0
            ],
            [
              16144.0,
              3717.0
            ],
            [
              16189.0,
              3669.0
            ],
            [
              16230.0,
              3537.0
            ],
            [
              16192.0,
              3399.0
            ],
            [
              16262.0,
              3256.0
            ],
            [
              16204.0,
              3104.0
            ],
            [
              16147.0,
              3068.0
            ],
            [
              16249.0,
              3079.0
            ],
            [
              16309.0,
              2929.0
            ],
            [
              16377.0,
              2900.0
            ],
            [
              16382.0,
              2829.0
            ],
            [
              16327.0,
              2777.0
            ],
            [
              16160.0,
              2758.0
            ],
            [
              16139.0,
              2794.0
            ],
            [
              16167.0,
              2867.0
            ],
            [
              16085.0,
              2996.0
            ],
            [
              16098.0,
              3028.0
            ],
            [
              16021.0,
              3033.0
            ],
            [
              16007.0,
              3105.0
            ],
            [
              15876.0,
              3251.0
            ],
            [
              15689.0,
              3310.0
            ],
            [
              15661.0,
              3383.0
            ]
          ],
          [
            [
              16399.0,
              3583.0
            ],
            [
              16402.0,
              3581.0
            ],
            [
              16404.0,
              3581.0
            ],
            [
              16409.0,
              3584.0
            ],
            [
              16415.0,
              3585.0
            ],
            [
              16434.0,
              3598.0
            ],
            [
              16440.0,
              3598.0
            ],
            [
              16445.0,
              3600.0
            ],
            [
              16461.0,
              3613.0
            ],
            [
              16467.0,
              3616.0
            ],
            [
              16472.0,
              3621.0
            ],
            [
              16477.0,
              3624.0
            ],
            [
              16484.0,
              3626.0
            ],
            [
              16488.0,
              3630.0
            ],
            [
              16488.0,
              3654.0
            ],
            [
              16487.0,
              3656.0
            ],
            [
              16484.0,
              3658.0
            ],
            [
              16481.0,
              3657.0
            ],
            [
              16478.0,
              3654.0
            ],
            [
              16478.0,
              3651.0
            ],
            [
              16470.0,
              3643.0
            ],
            [
              16468.0,
              3643.0
            ],
            [
              16466.0,
              3647.0
            ],
            [
              16464.0,
              3648.0
            ],
            [
              16461.0,
              3646.0
            ],
            [
              16461.0,
              3644.0
            ],
            [
              16463.0,
              3642.0
            ],
            [
              16463.0,
              3640.0
            ],
            [
              16461.0,
              3638.0
            ],
            [
              16460.0,
              3632.0
            ],
            [
              16457.0,
              3629.0
            ],
            [
              16455.0,
              3629.0
            ],
            [
              16448.0,
              3625.0
            ],
            [
              16446.0,
              3625.0
            ],
            [
              16441.0,
              3622.0
            ],
            [
              16437.0,
              3621.0
            ],
            [
              16432.0,
              3615.0
            ],
            [
              16432.0,
              3614.0
            ],
            [
              16421.0,
              3604.0
            ],
            [
              16415.0,
              3601.0
            ],
            [
              16410.0,
              3601.0
            ],
            [
              16408.0,
              3600.0
            ],
            [
              16402.0,
              3593.0
            ],
            [
              16400.0,
              3586.0
            ],
            [
              16399.0,
              3585.0
            ],
            [
              16399.0,
              3583.0
            ]
          ],
          [
            [
              16216.0,
              2934.0
            ],
            [
              16220.0,
              2937.0
            ],
            [
              16220.0,
              2945.0
            ],
            [
              16216.0,
              2953.0
            ],
            [
              16207.0,
              2962.0
            ],
            [
              16207.0,
              2964.0
            ],
            [
              16204.0,
              2969.0
            ],
            [
              16204.0,
              2976.0
            ],
            [
              16202.0,
              2978.0
            ],
            [
              16202.0,
              2982.0
            ],
            [
              16204.0,
              2984.0
            ],
            [
              16204.0,
              2992.0
            ],
            [
              16206.0,
              2994.0
            ],
            [
              16206.0,
              3003.0
            ],
            [
              16207.0,
              3004.0
            ],
            [
              16207.0,
              3019.0
            ],
            [
              16205.0,
              3021.0
            ],
            [
              16203.0,
              3022.0
            ],
            [
              16201.0,
              3022.0
            ],
            [
              16199.0,
              3021.0
            ],
            [
              16187.0,
              3009.0
            ],
            [
              16187.0,
              3007.0
            ],
            [
              16186.0,
              3006.0
            ],
            [
              16182.0,
              3004.0
            ],
            [
              16180.0,
              3004.0
            ],
            [
              16179.0,
              3003.0
            ],
            [
              16171.0,
              3003.0
            ],
            [
              16168.0,
              3001.0
            ],
            [
              16168.0,
              2998.0
            ],
            [
              16171.0,
              2995.0
            ],
            [
              16171.0,
              2993.0
            ],
            [
              16173.0,
              2991.0
            ],
            [
              16173.0,
              2989.0
            ],
            [
              16175.0,
              2987.0
            ],
            [
              16175.0,
              2985.0
            ],
            [
              16180.0,
              2979.0
            ],
            [
              16180.0,
              2977.0
            ],
            [
              16192.0,
              2965.0
            ],
            [
              16192.0,
              2963.0
            ],
            [
              16196.0,
              2960.0
            ],
            [
              16196.0,
              2957.0
            ],
            [
              16198.0,
              2955.0
            ],
            [
              16198.0,
              2952.0
            ],
            [
              16199.0,
              2951.0
            ],
            [
              16199.0,
              2947.0
            ],
            [
              16201.0,
              2945.0
            ],
            [
              16201.0,
              2943.0
            ],
            [
              16203.0,
              2942.0
            ],
            [
              16207.0,
              2938.0
            ],
            [
              16216.0,
              2934.0
            ]
          ],
          [
            [
              16242.0,
              2776.0
            ],
            [
              16245.0,
              2776.0
            ],
            [
              16248.0,
              2778.0
            ],
            [
              16251.0,
              2778.0
            ],
            [
              16254.0,
              2780.0
            ],
            [
              16257.0,
              2780.0
            ],
            [
              16260.0,
              2782.0
            ],
            [
              16265.0,
              2783.0
            ],
            [
              16281.0,
              2799.0
            ],
            [
              16285.0,
              2799.0
            ],
            [
              16288.0,
              2801.0
            ],
            [
              16293.0,
              2801.0
            ],
            [
              16296.0,
              2803.0
            ],
            [
              16300.0,
              2803.0
            ],
            [
              16305.0,
              2805.0
            ],
            [
              16313.0,
              2813.0
            ],
            [
              16313.0,
              2816.0
            ],
            [
              16315.0,
              2818.0
            ],
            [
              16315.0,
              2820.0
            ],
            [
              16322.0,
              2832.0
            ],
            [
              16322.0,
              2845.0
            ],
            [
              16320.0,
              2847.0
            ],
            [
              16320.0,
              2851.0
            ],
            [
              16312.0,
              2860.0
            ],
            [
              16310.0,
              2861.0
            ],
            [
              16295.0,
              2861.0
            ],
            [
              16292.0,
              2863.0
            ],
            [
              16288.0,
              2863.0
            ],
            [
              16278.0,
              2868.0
            ],
            [
              16276.0,
              2868.0
            ],
            [
              16272.0,
              2870.0
            ],
            [
              16262.0,
              2880.0
            ],
            [
              16262.0,
              2882.0
            ],
            [
              16254.0,
              2889.0
            ],
            [
              16251.0,
              2889.0
            ],
            [
              16247.0,
              2887.0
            ],
            [
              16244.0,
              2882.0
            ],
            [
              16244.0,
              2867.0
            ],
            [
              16246.0,
              2865.0
            ],
            [
              16247.0,
              2855.0
            ],
            [
              16256.0,
              2847.0
            ],
            [
              16256.0,
              2843.0
            ],
            [
              16253.0,
              2840.0
            ],
            [
              16246.0,
              2839.0
            ],
            [
              16240.0,
              2836.0
            ],
            [
              16234.0,
              2830.0
            ],
            [
              16232.0,
              2824.0
            ],
            [
              16232.0,
              2818.0
            ],
            [
              16230.0,
              2816.0
            ],
            [
              16230.0,
              2812.0
            ],
            [
              16228.0,
              2810.0
            ],
            [
              16228.0,
              2806.0
            ],
            [
              16226.0,
              2804.0
            ],
            [
              16225.0,
              2798.0
            ],
            [
              16221.0,
              2793.0
            ],
            [
              16221.0,
              2790.0
            ],
            [
              16219.0,
              2788.0
            ],
            [
              16219.0,
              2785.0
            ],
            [
              16227.0,
              2780.0
            ],
            [
              16233.0,
              2780.0
            ],
            [
              16242.0,
              2776.0
            ]
          ]
        ]
      },
      "properties": {
        "annotation_id": "416_Benign_20",
        "label": "Benign",
        "probabilities": null,
        "tags": []
      }
    },
    {
      "type": "Feature",
      "geometry": {
        "type": "Polygon",
        "coordinates": [
          [
            [
              12548.0,
              2720.0
            ],
            [
              12523.0,
              2687.0
            ],
            [
              12498.0,
              2671.0
            ],
            [
              12476.0,
              2671.0
            ],
            [
              12404.0,
              2737.0
            ],
            [
              12355.0,
              2762.0
            ],
            [
              12310.0,
              2798.0
            ],
            [
              12245.0,
              2862.0
            ],
            [
              12210.0,
              2909.0
            ],
            [
              12195.0,
              2914.0
            ],
            [
              12100.0,
              2904.0
            ],
            [
              12053.0,
              2911.0
            ],
            [
              12020.0,
              2907.0
            ],
            [
              12006.0,
              2915.0
            ],
            [
              12020.0,
              2932.0
            ],
            [
              12038.0,
              2937.0
            ],
            [
              12094.0,
              2937.0
            ],
            [
              12170.0,
              2957.0
            ],
            [
              12221.0,
              2952.0
            ],
            [
              12291.0,
              2865.0
            ],
            [
              12342.0,
              2825.0
            ],
            [
              12417.0,
              2782.0
            ],
            [
              12463.0,
              2734.0
            ],
            [
              12496.0,
              2717.0
            ],
            [
              12515.0,
              2761.0
            ],
            [
              12511.0,
              2781.0
            ],
            [
              12486.0,
              2796.0
            ],
            [
              12479.0,
              2835.0
            ],
            [
              12436.0,
              2856.0
            ],
            [
              12396.0,
              2904.0
            ],
            [
              12398.0,
              2940.0
            ],
            [
              12413.0,
              2970.0
            ],
            [
              12370.0,
              2954.0
            ],
            [
              12345.0,
              2972.0
            ],
            [
              12332.0,
              2995.0
            ],
            [
              12331.0,
              3011.0
            ],
            [
              12361.0,
              3024.0
            ],
            [
              12444.0,
              3027.0
            ],
            [
              12455.0,
              3021.0
            ],
            [
              12454.0,
              2964.0
            ],
            [
              12434.0,
              2914.0
            ],
            [
              12436.0,
              2901.0
            ],
            [
              12499.0,
              2860.0
            ],
            [
              12516.0,
              2813.0
            ],
            [
              12550.0,
              2770.0
            ],
            [
              12548.0,
              2720.0
            ]
          ]
        ]
      },
      "properties": {
        "annotation_id": "416_Benign_24",
        "label": "Benign",
        "probabilities": null,
        "tags": []
      }
    },
    {
      "type": "Feature",
      "geometry": {
        "type": "Polygon",
        "coordinates": [
          [
            [
              14174.0,
              2665.0
            ],
            [
              14164.0,
              2690.0
            ],
            [
              14163.0,
              2751.0
            ],
            [
              14203.0,
              2792.0
            ],
            [
              14259.0,
              2798.0
            ],
            [
              14292.0,
              2817.0
            ],
            [
              14322.0,
              2858.0
            ],
            [
              14357.0,
              2950.0
            ],
            [
              14425.0,
              3028.0
            ],
            [
              14427.0,
              3089.0
            ],
            [
              14412.0,
              3106.0
            ],
            [
              14407.0,
              3154.0
            ],
            [
              14419.0,
              3198.0
            ],
            [
              14460.0,
              3232.0
            ],
            [
              14500.0,
              3234.0
            ],
            [
              14552.0,
              3191.0
            ],
            [
              14535.0,
              3134.0
            ],
            [
              14547.0,
              3105.0
            ],
            [
              14573.0,
              3092.0
            ],
            [
              14591.0,
              3198.0
            ],
            [
              14564.0,
              3202.0
            ],
            [
              14565.0,
              3226.0
            ],
            [
              14625.0,
              3359.0
            ],
            [
              14641.0,
              3372.0
            ],
            [
              14694.0,
              3369.0
            ],
            [
              14672.0,
              3277.0
            ],
            [
              14673.0,
              3230.0
            ],
            [
              14788.0,
              3311.0
            ],
            [
              14804.0,
              3283.0
            ],
            [
              14793.0,
              3149.0
            ],
            [
              14829.0,
              3083.0
            ],
            [
              14824.0,
              3045.0
            ],
            [
              14801.0,
              3006.0
            ],
            [
              14787.0,
              3002.0
            ],
            [
              14783.0,
              3019.0
            ],
            [
              14667.0,
              3019.0
            ],
            [
              14670.0,
              3048.0
            ],
            [
              14687.0,
              3077.0
            ],
            [
              14677.0,
              3093.0
            ],
            [
              14649.0,
              3090.0
            ],
            [
              14641.0,
              3082.0
            ],
            [
              14658.0,
              3041.0
            ],
            [
              14648.0,
              3024.0
            ],
            [
              14650.0,
              2986.0
            ],
            [
              14632.0,
              2965.0
            ],
            [
              14631.0,
              2944.0
            ],
            [
              14609.0,
              2913.0
            ],
            [
              14484.0,
              2878.0
            ],
            [
              14455.0,
              2790.0
            ],
            [
              14413.0,
              2747.0
            ],
            [
              14415.0,
              2728.0
            ],
            [
              14400.0,
              2700.0
            ],
            [
              14337.0,
              2649.0
            ],
            [
              14256.0,
              2640.0
            ],
            [
              14174.0,
              2665.0
            ]
          ],
          [
            [
              14263.0,
              2683.0
            ],
            [
              14326.0,
              2688.0
            ],
            [
              14368.0,
              2707.0
            ],
            [
              14385.0,
              2749.0
            ],
            [
              14427.0,
              2798.0
            ],
            [
              14445.0,
              2831.0
            ],
            [
              14454.0,
              2858.0
            ],
            [
              14454.0,
              2890.0
            ],
            [
              14481.0,
              2929.0
            ],
            [
              14520.0,
              2936.0
            ],
            [
              14555.0,
              2924.0
            ],
            [
              14587.0,
              2944.0
            ],
            [
              14598.0,
              2958.0
            ],
            [
              14596.0,
              2987.0
            ],
            [
              14605.0,
              3002.0
            ],
            [
              14599.0,
              3030.0
            ],
            [
              14575.0,
              3061.0
            ],
            [
              14521.0,
              3109.0
            ],
            [
              14512.0,
              3147.0
            ],
            [
              14508.0,
              3119.0
            ],
            [
              14506.0,
              3168.0
            ],
            [
              14494.0,
              3184.0
            ],
            [
              14478.0,
              3179.0
            ],
            [
              14458.0,
              3161.0
            ],
            [
              14483.0,
              3122.0
            ],
            [
              14481.0,
              3100.0
            ],
            [
              14488.0,
              3090.0
            ],
            [
              14486.0,
              3075.0
            ],
            [
              14493.0,
              3057.0
            ],
            [
              14479.0,
              3043.0
            ],
            [
              14475.0,
              3028.0
            ],
            [
              14476.0,
              3044.0
            ],
            [
              14490.0,
              3059.0
            ],
            [
              14478.0,
              3099.0
            ],
            [
              14478.0,
              3123.0
            ],
            [
              14466.0,
              3112.0
            ],
            [
              14466.0,
              3076.0
            ],
            [
              14458.0,
              3064.0
            ],
            [
              14465.0,
              3029.0
            ],
            [
              14441.0,
              3001.0
            ],
            [
              14443.0,
              2991.0
            ],
            [
              14431.0,
              2973.0
            ],
            [
              14413.0,
              2960.0
            ],
            [
              14410.0,
              2938.0
            ],
            [
              14378.0,
              2916.0
            ],
            [
              14360.0,
              2859.0
            ],
            [
              14332.0,
              2808.0
            ],
            [
              14318.0,
              2796.0
            ],
            [
              14311.0,
              2775.0
            ],
            [
              14294.0,
              2756.0
            ],
            [
              14290.0,
              2734.0
            ],
            [
              14264.0,
              2724.0
            ],
            [
              14232.0,
              2722.0
            ],
            [
              14234.0,
              2714.0
            ],
            [
              14253.0,
              2704.0
            ],
            [
              14253.0,
              2690.0
            ],
            [
              14263.0,
              2683.0
            ]
          ]
        ]
      },
      "properties": {
        "annotation_id": "416_Benign_25",
        "label": "Benign",
        "probabilities": null,
        "tags": []
      }
    },
    {
      "type": "Feature",
      "geometry": {
        "type": "Polygon",
        "coordinates": [
          [
            [
              16890.0,
              2599.0
            ],
            [
              16869.0,
              2651.0
            ],
            [
              16796.0,
              2650.0
            ],
            [
              16796.0,
              2698.0
            ],
            [
              16781.0,
              2698.0
            ],
            [
              16786.0,
              2799.0
            ],
            [
              16793.0,
              2817.0
            ],
            [
              16802.0,
              2819.0
            ],
            [
              16811.0,
              2778.0
            ],
            [
              16836.0,
              2762.0
            ],
            [
              16881.0,
              2829.0
            ],
            [
              16893.0,
              2861.0
            ],
            [
              16910.0,
              2878.0
            ],
            [
              16915.0,
              2905.0
            ],
            [
              16909.0,
              2924.0
            ],
            [
              16926.0,
              2943.0
            ],
            [
              16923.0,
              2974.0
            ],
            [
              16931.0,
              2987.0
            ],
            [
              16947.0,
              2989.0
            ],
            [
              16943.0,
              2999.0
            ],
            [
              16921.0,
              3002.0
            ],
            [
              16927.0,
              3018.0
            ],
            [
              16943.0,
              3015.0
            ],
            [
              16928.0,
              3029.0
            ],
            [
              16918.0,
              3028.0
            ],
            [
              16916.0,
              3042.0
            ],
            [
              16938.0,
              3058.0
            ],
            [
              16941.0,
              3069.0
            ],
            [
              16957.0,
              3073.0
            ],
            [
              16971.0,
              3093.0
            ],
            [
              16999.0,
              3178.0
            ],
            [
              17012.0,
              3188.0
            ],
            [
              17025.0,
              3186.0
            ],
            [
              17037.0,
              3203.0
            ],
            [
              17035.0,
              3233.0
            ],
            [
              17055.0,
              3271.0
            ],
            [
              17053.0,
              3292.0
            ],
            [
              17062.0,
              3300.0
            ],
            [
              17082.0,
              3294.0
            ],
            [
              17082.0,
              3279.0
            ],
            [
              17059.0,
              3217.0
            ],
            [
              17036.0,
              3111.0
            ],
            [
              16989.0,
              3006.0
            ],
            [
              16972.0,
              2919.0
            ],
            [
              16972.0,
              2887.0
            ],
            [
              16987.0,
              2877.0
            ],
            [
              17009.0,
              2833.0
            ],
            [
              17011.0,
              2770.0
            ],
            [
              17018.0,
              2755.0
            ],
            [
              17007.0,
              2744.0
            ],
            [
              16988.0,
              2743.0
            ],
            [
              16966.0,
              2790.0
            ],
            [
              16949.0,
              2799.0
            ],
            [
              16947.0,
              2762.0
            ],
            [
              16922.0,
              2751.0
            ],
            [
              16918.0,
              2731.0
            ],
            [
              16946.0,
              2712.0
            ],
            [
              17006.0,
              2711.0
            ],
            [
              17005.0,
              2680.0
            ],
            [
              16970.0,
              2668.0
            ],
            [
              16981.0,
              2649.0
            ],
            [
              17081.0,
              2631.0
            ],
            [
              17081.0,
              2622.0
            ],
            [
              17050.0,
              2602.0
            ],
            [
              16890.0,
              2599.0
            ]
          ]
        ]
      },
      "properties": {
        "annotation_id": "416_Benign_27",
        "label": "Benign",
        "probabilities": null,
        "tags": []
      }
    },
    {
      "type": "Feature",
      "geometry": {
        "type": "Polygon",
        "coordinates": [
          [
            [
              15579.0,
              2580.0
            ],
            [
              15560.0,
              2556.0
            ],
            [
              15551.0,
              2555.0
            ],
            [
              15539.0,
              2546.0
            ],
            [
              15519.0,
              2544.0
            ],
            [
              15502.0,
              2537.0
            ],
            [
              15478.0,
              2538.0
            ],
            [
              15438.0,
              2573.0
            ],
            [
              15424.0,
              2608.0
            ],
            [
              15370.0,
              2582.0
            ],
            [
              15353.0,
              2562.0
            ],
            [
              15332.0,
              2555.0
            ],
            [
              15296.0,
              2556.0
            ],
            [
              15244.0,
              2580.0
            ],
            [
              15235.0,
              2588.0
            ],
            [
              15231.0,
              2609.0
            ],
            [
              15222.0,
              2625.0
            ],
            [
              15225.0,
              2632.0
            ],
            [
              15233.0,
              2635.0
            ],
            [
              15233.0,
              2662.0
            ],
            [
              15219.0,
              2666.0
            ],
            [
              15209.0,
              2680.0
            ],
            [
              15207.0,
              2698.0
            ],
            [
              15211.0,
              2716.0
            ],
            [
              15224.0,
              2733.0
            ],
            [
              15235.0,
              2760.0
            ],
            [
              15248.0,
              2775.0
            ],
            [
              15266.0,
              2777.0
            ],
            [
              15287.0,
              2792.0
            ],
            [
              15303.0,
              2798.0
            ],
            [
              15315.0,
              2796.0
            ],
            [
              15315.0,
              2775.0
            ],
            [
              15311.0,
              2766.0
            ],
            [
              15316.0,
              2761.0
            ],
            [
              15316.0,
              2752.0
            ],
            [
              15300.0,
              2731.0
            ],
            [
              15303.0,
              2724.0
            ],
            [
              15318.0,
              2734.0
            ],
            [
              15327.0,
              2760.0
            ],
            [
              15351.0,
              2777.0
            ],
            [
              15457.0,
              2777.0
            ],
            [
              15473.0,
              2766.0
            ],
            [
              15501.0,
              2721.0
            ],
            [
              15505.0,
              2697.0
            ],
            [
              15494.0,
              2680.0
            ],
            [
              15532.0,
              2672.0
            ],
            [
              15564.0,
              2654.0
            ],
            [
              15585.0,
              2606.0
            ],
            [
              15579.0,
              2580.0
            ]
          ],
          [
            [
              15286.0,
              2618.0
            ],
            [
              15293.0,
              2612.0
            ],
            [
              15297.0,
              2613.0
            ],
            [
              15301.0,
              2618.0
            ],
            [
              15301.0,
              2620.0
            ],
            [
              15310.0,
              2629.0
            ],
            [
              15313.0,
              2631.0
            ],
            [
              15322.0,
              2633.0
            ],
            [
              15336.0,
              2641.0
            ],
            [
              15341.0,
              2646.0
            ],
            [
              15341.0,
              2648.0
            ],
            [
              15347.0,
              2655.0
            ],
            [
              15368.0,
              2675.0
            ],
            [
              15375.0,
              2675.0
            ],
            [
              15387.0,
              2667.0
            ],
            [
              15390.0,
              2667.0
            ],
            [
              15394.0,
              2669.0
            ],
            [
              15398.0,
              2675.0
            ],
            [
              15407.0,
              2679.0
            ],
            [
              15411.0,
              2683.0
            ],
            [
              15411.0,
              2686.0
            ],
            [
              15413.0,
              2688.0
            ],
            [
              15413.0,
              2690.0
            ],
            [
              15417.0,
              2694.0
            ],
            [
              15417.0,
              2699.0
            ],
            [
              15413.0,
              2702.0
            ],
            [
              15402.0,
              2702.0
            ],
            [
              15399.0,
              2704.0
            ],
            [
              15395.0,
              2704.0
            ],
            [
              15385.0,
              2700.0
            ],
            [
              15380.0,
              2700.0
            ],
            [
              15365.0,
              2686.0
            ],
            [
              15346.0,
              2679.0
            ],
            [
              15329.0,
              2671.0
            ],
            [
              15306.0,
              2653.0
            ],
            [
              15299.0,
              2650.0
            ],
            [
              15291.0,
              2650.0
            ],
            [
              15287.0,
              2648.0
            ],
            [
              15283.0,
              2644.0
            ],
            [
              15283.0,
              2627.0
            ],
            [
              15286.0,
              2618.0
            ]
          ]
        ]
      },
      "properties": {
        "annotation_id": "416_Benign_28",
        "label": "Benign",
        "probabilities": null,
        "tags": []
      }
    },
    {
      "type": "Feature",
      "geometry": {
        "type": "Polygon",
        "coordinates": [
          [
            [
              17336.28748670637,
              3256.4250265872724
            ],
            [
              17335.28748670637,
              3264.4250265872724
            ],
            [
              17327.28748670637,
              3276.4250265872724
            ],
            [
              17334.28748670637,
              3293.4250265872724
            ],
            [
              17334.28748670637,
              3309.4250265872724
            ],
            [
              17336.28748670637,
              3315.4250265872724
            ],
            [
              17356.28748670637,
              3333.4250265872724
            ],
            [
              17371.28748670637,
              3339.4250265872724
            ],
            [
              17415.28748670637,
              3336.4250265872724
            ],
            [
              17442.28748670637,
              3349.4250265872724
            ],
            [
              17452.28748670637,
              3363.4250265872724
            ],
            [
              17463.28748670637,
              3363.4250265872724
            ],
            [
              17479.28748670637,
              3351.4250265872724
            ],
            [
              17484.28748670637,
              3355.4250265872724
            ],
            [
              17484.28748670637,
              3382.4250265872724
            ],
            [
              17463.28748670637,
              3395.4250265872724
            ],
            [
              17453.28748670637,
              3410.4250265872724
            ],
            [
              17453.28748670637,
              3424.4250265872724
            ],
            [
              17464.28748670637,
              3441.4250265872724
            ],
            [
              17498.28748670637,
              3450.4250265872724
            ],
            [
              17519.28748670637,
              3450.4250265872724
            ],
            [
              17531.28748670637,
              3441.4250265872724
            ],
            [
              17541.28748670637,
              3412.4250265872724
            ],
            [
              17549.28748670637,
              3372.4250265872724
            ],
            [
              17553.28748670637,
              3363.4250265872724
            ],
            [
              17564.28748670637,
              3352.4250265872724
            ],
            [
              17566.28748670637,
              3344.4250265872724
            ],
            [
              17564.28748670637,
              3333.4250265872724
            ],
            [
              17554.28748670637,
              3323.4250265872724
            ],
            [
              17531.28748670637,
              3313.4250265872724
            ],
            [
              17507.28748670637,
              3313.4250265872724
            ],
            [
              17498.28748670637,
              3316.4250265872724
            ],
            [
              17487.28748670637,
              3325.4250265872724
            ],
            [
              17481.28748670637,
              3334.4250265872724
            ],
            [
              17479.28748670637,
              3344.4250265872724
            ],
            [
              17472.28748670637,
              3345.4250265872724
            ],
            [
              17458.28748670637,
              3341.4250265872724
            ],
            [
              17452.28748670637,
              3337.4250265872724
            ],
            [
              17450.28748670637,
              3325.4250265872724
            ],
            [
              17454.28748670637,
              3319.4250265872724
            ],
            [
              17452.28748670637,
              3303.4250265872724
            ],
            [
              17458.28748670637,
              3299.4250265872724
            ],
            [
              17457.28748670637,
              3294.4250265872724
            ],
            [
              17446.28748670637,
              3284.4250265872724
            ],
            [
              17445.28748670637,
              3280.4250265872724
            ],
            [
              17437.28748670637,
              3275.4250265872724
            ],
            [
              17433.28748670637,
              3268.4250265872724
            ],
            [
              17403.28748670637,
              3256.4250265872724
            ],
            [
              17379.28748670637,
              3252.4250265872724
            ],
            [
              17352.28748670637,
              3251.4250265872724
            ],
            [
              17336.28748670637,
              3256.4250265872724
            ]
          ],
          [
            [
              17366.28748670637,
              3274.4250265872724
            ],
            [
              17367.28748670637,
              3273.4250265872724
            ],
            [
              17368.28748670637,
              3273.4250265872724
            ],
            [
              17371.28748670637,
              3271.4250265872724
            ],
            [
              17373.28748670637,
              3271.4250265872724
            ],
            [
              17376.28748670637,
              3269.4250265872724
            ],
            [
              17377.28748670637,
              3269.4250265872724
            ],
            [
              17380.28748670637,
              3271.4250265872724
            ],
            [
              17383.28748670637,
              3271.4250265872724
            ],
            [
              17384.28748670637,
              3272.4250265872724
            ],
            [
              17385.28748670637,
              3272.4250265872724
            ],
            [
              17389.28748670637,
              3276.4250265872724
            ],
            [
              17390.28748670637,
              3276.4250265872724
            ],
            [
              17391.28748670637,
              3277.4250265872724
            ],
            [
              17392.28748670637,
              3277.4250265872724
            ],
            [
              17393.28748670637,
              3278.4250265872724
            ],
            [
              17394.28748670637,
              3278.4250265872724
            ],
            [
              17396.28748670637,
              3280.4250265872724
            ],
            [
              17399.28748670637,
              3280.4250265872724
            ],
            [
              17400.28748670637,
              3281.4250265872724
            ],
            [
              17401.28748670637,
              3281.4250265872724
            ],
            [
              17406.28748670637,
              3286.4250265872724
            ],
            [
              17406.28748670637,
              3288.4250265872724
            ],
            [
              17408.28748670637,
              3290.4250265872724
            ],
            [
              17408.28748670637,
              3292.4250265872724
            ],
            [
              17411.28748670637,
              3295.4250265872724
            ],
            [
              17411.28748670637,
              3296.4250265872724
            ],
            [
              17413.28748670637,
              3298.4250265872724
            ],
            [
              17413.28748670637,
              3300.4250265872724
            ],
            [
              17411.28748670637,
              3302.4250265872724
            ],
            [
              17410.28748670637,
              3302.4250265872724
            ],
            [
              17409.28748670637,
              3303.4250265872724
            ],
            [
              17407.28748670637,
              3303.4250265872724
            ],
            [
              17404.28748670637,
              3305.4250265872724
            ],
            [
              17393.28748670637,
              3305.4250265872724
            ],
            [
              17390.28748670637,
              3303.4250265872724
            ],
            [
              17387.28748670637,
              3303.4250265872724
            ],
            [
              17386.28748670637,
              3302.4250265872724
            ],
            [
              17385.28748670637,
              3302.4250265872724
            ],
            [
              17383.28748670637,
              3300.4250265872724
            ],
            [
              17382.28748670637,
              3300.4250265872724
            ],
            [
              17381.28748670637,
              3299.4250265872724
            ],
            [
              17380.28748670637,
              3299.4250265872724
            ],
            [
              17379.28748670637,
              3298.4250265872724
            ],
            [
              17378.28748670637,
              3298.4250265872724
            ],
            [
              17376.28748670637,
              3296.4250265872724
            ],
            [
              17373.28748670637,
              3296.4250265872724
            ],
            [
              17372.28748670637,
              3295.4250265872724
            ],
            [
              17371.28748670637,
              3295.4250265872724
            ],
            [
              17370.28748670637,
              3294.4250265872724
            ],
            [
              17369.28748670637,
              3294.4250265872724
            ],
            [
              17368.28748670637,
              3293.4250265872724
            ],
            [
              17368.28748670637,
              3290.4250265872724
            ],
            [
              17365.28748670637,
              3287.4250265872724
            ],
            [
              17365.28748670637,
              3277.4250265872724
            ],
            [
              17366.28748670637,
              3276.4250265872724
            ],
            [
              17366.28748670637,
              3274.4250265872724
            ]
          ]
        ]
      },
      "properties": {
        "annotation_id": "416_Benign_3",
        "label": "Benign",
        "probabilities": null,
        "tags": []
      }
    },
    {
      "type": "Feature",
      "geometry": {
        "type": "Polygon",
        "coordinates": [
          [
            [
              15234.0,
              2840.0
            ],
            [
              15222.0,
              2799.0
            ],
            [
              15210.0,
              2783.0
            ],
            [
              15190.0,
              2774.0
            ],
            [
              15173.0,
              2753.0
            ],
            [
              15152.0,
              2747.0
            ],
            [
              15140.0,
              2730.0
            ],
            [
              15096.0,
              2706.0
            ],
            [
              15045.0,
              2633.0
            ],
            [
              15041.0,
              2617.0
            ],
            [
              15083.0,
              2585.0
            ],
            [
              15083.0,
              2570.0
            ],
            [
              15063.0,
              2530.0
            ],
            [
              14995.0,
              2514.0
            ],
            [
              14964.0,
              2514.0
            ],
            [
              14955.0,
              2520.0
            ],
            [
              14949.0,
              2573.0
            ],
            [
              14969.0,
              2613.0
            ],
            [
              14967.0,
              2681.0
            ],
            [
              14953.0,
              2679.0
            ],
            [
              14941.0,
              2645.0
            ],
            [
              14870.0,
              2642.0
            ],
            [
              14832.0,
              2652.0
            ],
            [
              14805.0,
              2673.0
            ],
            [
              14733.0,
              2698.0
            ],
            [
              14702.0,
              2722.0
            ],
            [
              14603.0,
              2711.0
            ],
            [
              14556.0,
              2698.0
            ],
            [
              14520.0,
              2712.0
            ],
            [
              14518.0,
              2761.0
            ],
            [
              14549.0,
              2795.0
            ],
            [
              14578.0,
              2812.0
            ],
            [
              14617.0,
              2811.0
            ],
            [
              14652.0,
              2826.0
            ],
            [
              14782.0,
              2852.0
            ],
            [
              14792.0,
              2877.0
            ],
            [
              14792.0,
              2921.0
            ],
            [
              14816.0,
              2942.0
            ],
            [
              14903.0,
              2990.0
            ],
            [
              14939.0,
              2992.0
            ],
            [
              14972.0,
              2966.0
            ],
            [
              15052.0,
              2935.0
            ],
            [
              15116.0,
              2942.0
            ],
            [
              15175.0,
              2917.0
            ],
            [
              15208.0,
              2892.0
            ],
            [
              15234.0,
              2840.0
            ]
          ],
          [
            [
              14853.0,
              2784.0
            ],
            [
              14851.0,
              2786.0
            ],
            [
              14848.0,
              2787.0
            ],
            [
              14845.0,
              2785.0
            ],
            [
              14834.0,
              2785.0
            ],
            [
              14831.0,
              2783.0
            ],
            [
              14825.0,
              2783.0
            ],
            [
              14824.0,
              2782.0
            ],
            [
              14823.0,
              2782.0
            ],
            [
              14819.0,
              2778.0
            ],
            [
              14816.0,
              2777.0
            ],
            [
              14812.0,
              2773.0
            ],
            [
              14811.0,
              2773.0
            ],
            [
              14808.0,
              2771.0
            ],
            [
              14805.0,
              2771.0
            ],
            [
              14804.0,
              2772.0
            ],
            [
              14801.0,
              2773.0
            ],
            [
              14797.0,
              2777.0
            ],
            [
              14796.0,
              2777.0
            ],
            [
              14791.0,
              2780.0
            ],
            [
              14789.0,
              2780.0
            ],
            [
              14788.0,
              2779.0
            ],
            [
              14787.0,
              2779.0
            ],
            [
              14783.0,
              2775.0
            ],
            [
              14783.0,
              2774.0
            ],
            [
              14782.0,
              2773.0
            ],
            [
              14782.0,
              2770.0
            ],
            [
              14783.0,
              2769.0
            ],
            [
              14783.0,
              2766.0
            ],
            [
              14785.0,
              2764.0
            ],
            [
              14785.0,
              2763.0
            ],
            [
              14789.0,
              2759.0
            ],
            [
              14790.0,
              2759.0
            ],
            [
              14791.0,
              2758.0
            ],
            [
              14794.0,
              2758.0
            ],
            [
              14795.0,
              2757.0
            ],
            [
              14798.0,
              2757.0
            ],
            [
              14799.0,
              2758.0
            ],
            [
              14811.0,
              2758.0
            ],
            [
              14814.0,
              2756.0
            ],
            [
              14817.0,
              2756.0
            ],
            [
              14818.0,
              2755.0
            ],
            [
              14819.0,
              2755.0
            ],
            [
              14820.0,
              2754.0
            ],
            [
              14822.0,
              2754.0
            ],
            [
              14823.0,
              2753.0
            ],
            [
              14839.0,
              2753.0
            ],
            [
              14840.0,
              2754.0
            ],
            [
              14845.0,
              2756.0
            ],
            [
              14849.0,
              2761.0
            ],
            [
              14849.0,
              2773.0
            ],
            [
              14851.0,
              2775.0
            ],
            [
              14851.0,
              2777.0
            ],
            [
              14853.0,
              2779.0
            ],
            [
              14853.0,
              2784.0
            ]
          ],
          [
            [
              14745.0,
              2742.0
            ],
            [
              14742.0,
              2746.0
            ],
            [
              14738.0,
              2744.0
            ],
            [
              14735.0,
              2746.0
            ],
            [
              14730.0,
              2763.0
            ],
            [
              14715.0,
              2778.0
            ],
            [
              14704.0,
              2783.0
            ],
            [
              14689.0,
              2783.0
            ],
            [
              14681.0,
              2779.0
            ],
            [
              14677.0,
              2779.0
            ],
            [
              14660.0,
              2770.0
            ],
            [
              14659.0,
              2766.0
            ],
            [
              14651.0,
              2758.0
            ],
            [
              14625.0,
              2767.0
            ],
            [
              14627.0,
              2776.0
            ],
            [
              14643.0,
              2789.0
            ],
            [
              14649.0,
              2789.0
            ],
            [
              14652.0,
              2791.0
            ],
            [
              14657.0,
              2789.0
            ],
            [
              14667.0,
              2789.0
            ],
            [
              14682.0,
              2796.0
            ],
            [
              14691.0,
              2796.0
            ],
            [
              14694.0,
              2798.0
            ],
            [
              14717.0,
              2798.0
            ],
            [
              14728.0,
              2791.0
            ],
            [
              14730.0,
              2792.0
            ],
            [
              14730.0,
              2799.0
            ],
            [
              14726.0,
              2803.0
            ],
            [
              14716.0,
              2807.0
            ],
            [
              14708.0,
              2807.0
            ],
            [
              14691.0,
              2802.0
            ],
            [
              14680.0,
              2802.0
            ],
            [
              14661.0,
              2795.0
            ],
            [
              14653.0,
              2797.0
            ],
            [
              14640.0,
              2795.0
            ],
            [
              14629.0,
              2790.0
            ],
            [
              14622.0,
              2783.0
            ],
            [
              14621.0,
              2779.0
            ],
            [
              14612.0,
              2772.0
            ],
            [
              14612.0,
              2760.0
            ],
            [
              14618.0,
              2756.0
            ],
            [
              14638.0,
              2757.0
            ],
            [
              14654.0,
              2752.0
            ],
            [
              14658.0,
              2754.0
            ],
            [
              14673.0,
              2770.0
            ],
            [
              14694.0,
              2777.0
            ],
            [
              14706.0,
              2775.0
            ],
            [
              14714.0,
              2771.0
            ],
            [
              14726.0,
              2759.0
            ],
            [
              14726.0,
              2741.0
            ],
            [
              14730.0,
              2737.0
            ],
            [
              14734.0,
              2736.0
            ],
            [
              14745.0,
              2742.0
            ]
          ],
          [
            [
              14805.0,
              2800.0
            ],
            [
              14809.0,
              2798.0
            ],
            [
              14818.0,
              2805.0
            ],
            [
              14829.0,
              2806.0
            ],
            [
              14824.0,
              2801.0
            ],
            [
              14824.0,
              2790.0
            ],
            [
              14829.0,
              2787.0
            ],
            [
              14863.0,
              2794.0
            ],
            [
              14887.0,
              2778.0
            ],
            [
              14891.0,
              2762.0
            ],
            [
              14873.0,
              2762.0
            ],
            [
              14869.0,
              2765.0
            ],
            [
              14870.0,
              2776.0
            ],
            [
              14864.0,
              2780.0
            ],
            [
              14857.0,
              2776.0
            ],
            [
              14859.0,
              2761.0
            ],
            [
              14851.0,
              2753.0
            ],
            [
              14835.0,
              2749.0
            ],
            [
              14834.0,
              2743.0
            ],
            [
              14850.0,
              2713.0
            ],
            [
              14865.0,
              2697.0
            ],
            [
              14881.0,
              2695.0
            ],
            [
              14893.0,
              2682.0
            ],
            [
              14904.0,
              2681.0
            ],
            [
              14928.0,
              2713.0
            ],
            [
              14933.0,
              2733.0
            ],
            [
              14939.0,
              2737.0
            ],
            [
              14979.0,
              2742.0
            ],
            [
              15001.0,
              2721.0
            ],
            [
              15017.0,
              2727.0
            ],
            [
              15026.0,
              2741.0
            ],
            [
              15008.0,
              2743.0
            ],
            [
              15003.0,
              2760.0
            ],
            [
              15018.0,
              2766.0
            ],
            [
              15026.0,
              2779.0
            ],
            [
              15044.0,
              2779.0
            ],
            [
              15053.0,
              2766.0
            ],
            [
              15063.0,
              2765.0
            ],
            [
              15079.0,
              2772.0
            ],
            [
              15083.0,
              2778.0
            ],
            [
              15133.0,
              2783.0
            ],
            [
              15150.0,
              2793.0
            ],
            [
              15150.0,
              2802.0
            ],
            [
              15135.0,
              2817.0
            ],
            [
              15135.0,
              2827.0
            ],
            [
              15150.0,
              2838.0
            ],
            [
              15152.0,
              2845.0
            ],
            [
              15143.0,
              2859.0
            ],
            [
              15128.0,
              2860.0
            ],
            [
              15082.0,
              2821.0
            ],
            [
              15063.0,
              2829.0
            ],
            [
              15047.0,
              2823.0
            ],
            [
              15027.0,
              2845.0
            ],
            [
              15013.0,
              2850.0
            ],
            [
              15002.0,
              2864.0
            ],
            [
              14989.0,
              2872.0
            ],
            [
              14986.0,
              2888.0
            ],
            [
              14993.0,
              2911.0
            ],
            [
              14953.0,
              2917.0
            ],
            [
              14931.0,
              2893.0
            ],
            [
              14907.0,
              2890.0
            ],
            [
              14892.0,
              2901.0
            ],
            [
              14870.0,
              2887.0
            ],
            [
              14857.0,
              2871.0
            ],
            [
              14875.0,
              2860.0
            ],
            [
              14861.0,
              2854.0
            ],
            [
              14852.0,
              2844.0
            ],
            [
              14852.0,
              2848.0
            ],
            [
              14847.0,
              2849.0
            ],
            [
              14838.0,
              2830.0
            ],
            [
              14805.0,
              2800.0
            ]
          ]
        ]
      },
      "properties": {
        "annotation_id": "416_Benign_30",
        "label": "Benign",
        "probabilities": null,
        "tags": []
      }
    },
    {
      "type": "Feature",
      "geometry": {
        "type": "Polygon",
        "coordinates": [
          [
            [
              15991.0,
              2499.0
            ],
            [
              15969.0,
              2491.0
            ],
            [
              15920.0,
              2487.0
            ],
            [
              15816.0,
              2491.0
            ],
            [
              15786.0,
              2505.0
            ],
            [
              15759.0,
              2542.0
            ],
            [
              15756.0,
              2604.0
            ],
            [
              15767.0,
              2626.0
            ],
            [
              15761.0,
              2661.0
            ],
            [
              15759.0,
              2733.0
            ],
            [
              15765.0,
              2755.0
            ],
            [
              15777.0,
              2775.0
            ],
            [
              15776.0,
              2797.0
            ],
            [
              15783.0,
              2813.0
            ],
            [
              15784.0,
              2843.0
            ],
            [
              15750.0,
              2864.0
            ],
            [
              15744.0,
              2908.0
            ],
            [
              15757.0,
              2933.0
            ],
            [
              15781.0,
              2951.0
            ],
            [
              15825.0,
              2948.0
            ],
            [
              15845.0,
              2936.0
            ],
            [
              15874.0,
              2927.0
            ],
            [
              15882.0,
              2918.0
            ],
            [
              15919.0,
              2897.0
            ],
            [
              15941.0,
              2876.0
            ],
            [
              15952.0,
              2853.0
            ],
            [
              15975.0,
              2822.0
            ],
            [
              15992.0,
              2808.0
            ],
            [
              16016.0,
              2766.0
            ],
            [
              16049.0,
              2743.0
            ],
            [
              16059.0,
              2730.0
            ],
            [
              16080.0,
              2667.0
            ],
            [
              16079.0,
              2644.0
            ],
            [
              16067.0,
              2620.0
            ],
            [
              16062.0,
              2582.0
            ],
            [
              16027.0,
              2529.0
            ],
            [
              15991.0,
              2499.0
            ]
          ],
          [
            [
              16002.0,
              2572.0
            ],
            [
              16001.0,
              2578.0
            ],
            [
              15974.0,
              2588.0
            ],
            [
              15966.0,
              2596.0
            ],
            [
              15948.0,
              2627.0
            ],
            [
              15948.0,
              2639.0
            ],
            [
              15968.0,
              2654.0
            ],
            [
              16017.0,
              2655.0
            ],
            [
              16034.0,
              2665.0
            ],
            [
              16036.0,
              2675.0
            ],
            [
              16024.0,
              2677.0
            ],
            [
              16004.0,
              2670.0
            ],
            [
              15948.0,
              2672.0
            ],
            [
              15925.0,
              2681.0
            ],
            [
              15915.0,
              2691.0
            ],
            [
              15915.0,
              2699.0
            ],
            [
              15904.0,
              2711.0
            ],
            [
              15887.0,
              2747.0
            ],
            [
              15885.0,
              2774.0
            ],
            [
              15871.0,
              2785.0
            ],
            [
              15866.0,
              2849.0
            ],
            [
              15834.0,
              2869.0
            ],
            [
              15822.0,
              2888.0
            ],
            [
              15793.0,
              2918.0
            ],
            [
              15772.0,
              2909.0
            ],
            [
              15758.0,
              2888.0
            ],
            [
              15760.0,
              2878.0
            ],
            [
              15780.0,
              2861.0
            ],
            [
              15796.0,
              2861.0
            ],
            [
              15837.0,
              2843.0
            ],
            [
              15835.0,
              2818.0
            ],
            [
              15839.0,
              2809.0
            ],
            [
              15839.0,
              2772.0
            ],
            [
              15832.0,
              2750.0
            ],
            [
              15814.0,
              2722.0
            ],
            [
              15828.0,
              2719.0
            ],
            [
              15835.0,
              2713.0
            ],
            [
              15833.0,
              2692.0
            ],
            [
              15843.0,
              2675.0
            ],
            [
              15850.0,
              2670.0
            ],
            [
              15866.0,
              2672.0
            ],
            [
              15891.0,
              2647.0
            ],
            [
              15893.0,
              2627.0
            ],
            [
              15865.0,
              2595.0
            ],
            [
              15871.0,
              2594.0
            ],
            [
              15890.0,
              2605.0
            ],
            [
              15910.0,
              2605.0
            ],
            [
              15930.0,
              2590.0
            ],
            [
              15947.0,
              2564.0
            ],
            [
              15967.0,
              2577.0
            ],
            [
              15984.0,
              2571.0
            ],
            [
              16002.0,
              2572.0
            ]
          ]
        ]
      },
      "properties": {
        "annotation_id": "416_Benign_34",
        "label": "Benign",
        "probabilities": null,
        "tags": []
      }
    },
    {
      "type": "Feature",
      "geometry": {
        "type": "Polygon",
        "coordinates": [
          [
            [
              13131.0,
              2324.0
            ],
            [
              13114.0,
              2340.0
            ],
            [
              13116.0,
              2426.0
            ],
            [
              13126.0,
              2450.0
            ],
            [
              13152.0,
              2483.0
            ],
            [
              13192.0,
              2508.0
            ],
            [
              13250.0,
              2576.0
            ],
            [
              13294.0,
              2608.0
            ],
            [
              13318.0,
              2637.0
            ],
            [
              13321.0,
              2666.0
            ],
            [
              13304.0,
              2669.0
            ],
            [
              13297.0,
              2685.0
            ],
            [
              13301.0,
              2710.0
            ],
            [
              13313.0,
              2731.0
            ],
            [
              13340.0,
              2751.0
            ],
            [
              13393.0,
              2748.0
            ],
            [
              13432.0,
              2706.0
            ],
            [
              13432.0,
              2680.0
            ],
            [
              13422.0,
              2654.0
            ],
            [
              13429.0,
              2630.0
            ],
            [
              13427.0,
              2550.0
            ],
            [
              13439.0,
              2525.0
            ],
            [
              13444.0,
              2490.0
            ],
            [
              13472.0,
              2437.0
            ],
            [
              13470.0,
              2421.0
            ],
            [
              13448.0,
              2429.0
            ],
            [
              13464.0,
              2407.0
            ],
            [
              13463.0,
              2396.0
            ],
            [
              13449.0,
              2396.0
            ],
            [
              13430.0,
              2414.0
            ],
            [
              13401.0,
              2464.0
            ],
            [
              13394.0,
              2516.0
            ],
            [
              13381.0,
              2522.0
            ],
            [
              13385.0,
              2586.0
            ],
            [
              13380.0,
              2626.0
            ],
            [
              13371.0,
              2650.0
            ],
            [
              13363.0,
              2652.0
            ],
            [
              13356.0,
              2614.0
            ],
            [
              13335.0,
              2613.0
            ],
            [
              13324.0,
              2578.0
            ],
            [
              13314.0,
              2573.0
            ],
            [
              13305.0,
              2554.0
            ],
            [
              13283.0,
              2541.0
            ],
            [
              13275.0,
              2524.0
            ],
            [
              13243.0,
              2504.0
            ],
            [
              13239.0,
              2485.0
            ],
            [
              13205.0,
              2450.0
            ],
            [
              13193.0,
              2428.0
            ],
            [
              13192.0,
              2410.0
            ],
            [
              13205.0,
              2397.0
            ],
            [
              13216.0,
              2395.0
            ],
            [
              13237.0,
              2368.0
            ],
            [
              13259.0,
              2359.0
            ],
            [
              13255.0,
              2332.0
            ],
            [
              13231.0,
              2318.0
            ],
            [
              13196.0,
              2312.0
            ],
            [
              13155.0,
              2312.0
            ],
            [
              13131.0,
              2324.0
            ]
          ]
        ]
      },
      "properties": {
        "annotation_id": "416_Benign_36",
        "label": "Benign",
        "probabilities": null,
        "tags": []
      }
    },
    {
      "type": "Feature",
      "geometry": {
        "type": "Polygon",
        "coordinates": [
          [
            [
              12249.0,
              2023.0
            ],
            [
              12243.0,
              2045.0
            ],
            [
              12243.0,
              2067.0
            ],
            [
              12250.0,
              2092.0
            ],
            [
              12263.0,
              2117.0
            ],
            [
              12274.0,
              2129.0
            ],
            [
              12296.0,
              2142.0
            ],
            [
              12344.0,
              2147.0
            ],
            [
              12368.0,
              2157.0
            ],
            [
              12371.0,
              2176.0
            ],
            [
              12378.0,
              2185.0
            ],
            [
              12393.0,
              2195.0
            ],
            [
              12425.0,
              2196.0
            ],
            [
              12436.0,
              2191.0
            ],
            [
              12501.0,
              2176.0
            ],
            [
              12511.0,
              2169.0
            ],
            [
              12516.0,
              2158.0
            ],
            [
              12521.0,
              2154.0
            ],
            [
              12505.0,
              2148.0
            ],
            [
              12513.0,
              2130.0
            ],
            [
              12514.0,
              2110.0
            ],
            [
              12509.0,
              2105.0
            ],
            [
              12495.0,
              2098.0
            ],
            [
              12484.0,
              2101.0
            ],
            [
              12469.0,
              2092.0
            ],
            [
              12436.0,
              2097.0
            ],
            [
              12424.0,
              2079.0
            ],
            [
              12415.0,
              2080.0
            ],
            [
              12400.0,
              2070.0
            ],
            [
              12392.0,
              2070.0
            ],
            [
              12384.0,
              2065.0
            ],
            [
              12385.0,
              2061.0
            ],
            [
              12394.0,
              2057.0
            ],
            [
              12394.0,
              2046.0
            ],
            [
              12402.0,
              2034.0
            ],
            [
              12407.0,
              2032.0
            ],
            [
              12417.0,
              2036.0
            ],
            [
              12419.0,
              2026.0
            ],
            [
              12407.0,
              2014.0
            ],
            [
              12405.0,
              2008.0
            ],
            [
              12393.0,
              2000.0
            ],
            [
              12392.0,
              1993.0
            ],
            [
              12376.0,
              1983.0
            ],
            [
              12370.0,
              1983.0
            ],
            [
              12361.0,
              1992.0
            ],
            [
              12352.0,
              1995.0
            ],
            [
              12336.0,
              2014.0
            ],
            [
              12310.0,
              2019.0
            ],
            [
              12291.0,
              2018.0
            ],
            [
              12271.0,
              2000.0
            ],
            [
              12249.0,
              2023.0
            ]
          ]
        ]
      },
      "properties": {
        "annotation_id": "416_Benign_37",
        "label": "Benign",
        "probabilities": null,
        "tags": []
      }
    },
    {
      "type": "Feature",
      "geometry": {
        "type": "Polygon",
        "coordinates": [
          [
            [
              3764.0,
              1038.0
            ],
            [
              3754.0,
              1044.0
            ],
            [
              3750.0,
              1049.0
            ],
            [
              3741.0,
              1080.0
            ],
            [
              3737.0,
              1109.0
            ],
            [
              3737.0,
              1137.0
            ],
            [
              3727.0,
              1194.0
            ],
            [
              3729.0,
              1219.0
            ],
            [
              3743.0,
              1233.0
            ],
            [
              3755.0,
              1236.0
            ],
            [
              3767.0,
              1243.0
            ],
            [
              3786.0,
              1264.0
            ],
            [
              3799.0,
              1271.0
            ],
            [
              3809.0,
              1284.0
            ],
            [
              3821.0,
              1289.0
            ],
            [
              3837.0,
              1289.0
            ],
            [
              3850.0,
              1282.0
            ],
            [
              3858.0,
              1270.0
            ],
            [
              3858.0,
              1264.0
            ],
            [
              3866.0,
              1240.0
            ],
            [
              3866.0,
              1203.0
            ],
            [
              3852.0,
              1175.0
            ],
            [
              3845.0,
              1150.0
            ],
            [
              3842.0,
              1128.0
            ],
            [
              3834.0,
              1112.0
            ],
            [
              3809.0,
              1076.0
            ],
            [
              3797.0,
              1067.0
            ],
            [
              3796.0,
              1054.0
            ],
            [
              3791.0,
              1046.0
            ],
            [
              3779.0,
              1038.0
            ],
            [
              3764.0,
              1038.0
            ]
          ]
        ]
      },
      "properties": {
        "annotation_id": "416_Benign_38",
        "label": "GP4",
        "probabilities": {
          "GP3": 0,
          "GP4": 1,
          "GP5": 0,
          "Benign": 0
        },
        "tags": []
      }
    },
    {
      "type": "Feature",
      "geometry": {
        "type": "Polygon",
        "coordinates": [
          [
            [
              3456.0,
              845.0
            ],
            [
              3443.0,
              857.0
            ],
            [
              3447.0,
              862.0
            ],
            [
              3438.0,
              869.0
            ],
            [
              3439.0,
              888.0
            ],
            [
              3448.0,
              917.0
            ],
            [
              3448.0,
              938.0
            ],
            [
              3444.0,
              960.0
            ],
            [
              3433.0,
              983.0
            ],
            [
              3429.0,
              1003.0
            ],
            [
              3424.0,
              1010.0
            ],
            [
              3424.0,
              1026.0
            ],
            [
              3447.0,
              1059.0
            ],
            [
              3463.0,
              1075.0
            ],
            [
              3508.0,
              1077.0
            ],
            [
              3538.0,
              1084.0
            ],
            [
              3575.0,
              1084.0
            ],
            [
              3588.0,
              1079.0
            ],
            [
              3593.0,
              1071.0
            ],
            [
              3603.0,
              1032.0
            ],
            [
              3600.0,
              1005.0
            ],
            [
              3611.0,
              990.0
            ],
            [
              3611.0,
              977.0
            ],
            [
              3607.0,
              972.0
            ],
            [
              3607.0,
              967.0
            ],
            [
              3617.0,
              951.0
            ],
            [
              3634.0,
              936.0
            ],
            [
              3640.0,
              934.0
            ],
            [
              3647.0,
              924.0
            ],
            [
              3648.0,
              906.0
            ],
            [
              3654.0,
              891.0
            ],
            [
              3652.0,
              881.0
            ],
            [
              3637.0,
              866.0
            ],
            [
              3630.0,
              862.0
            ],
            [
              3618.0,
              861.0
            ],
            [
              3609.0,
              855.0
            ],
            [
              3560.0,
              855.0
            ],
            [
              3546.0,
              865.0
            ],
            [
              3542.0,
              874.0
            ],
            [
              3537.0,
              876.0
            ],
            [
              3530.0,
              866.0
            ],
            [
              3530.0,
              856.0
            ],
            [
              3544.0,
              852.0
            ],
            [
              3545.0,
              849.0
            ],
            [
              3532.0,
              835.0
            ],
            [
              3517.0,
              838.0
            ],
            [
              3488.0,
              838.0
            ],
            [
              3479.0,
              842.0
            ],
            [
              3456.0,
              845.0
            ]
          ]
        ]
      },
      "properties": {
        "annotation_id": "416_Benign_39",
        "label": "GP3",
        "probabilities": {
          "GP3": 1,
          "GP4": 0,
          "GP5": 0,
          "Benign": 0
        },
        "tags": []
      }
    },
    {
      "type": "Feature",
      "geometry": {
        "type": "Polygon",
        "coordinates": [
          [
            [
              13309.0,
              3059.0
            ],
            [
              13308.0,
              3067.0
            ],
            [
              13317.0,
              3073.0
            ],
            [
              13317.0,
              3092.0
            ],
            [
              13295.0,
              3131.0
            ],
            [
              13296.0,
              3139.0
            ],
            [
              13292.0,
              3145.0
            ],
            [
              13292.0,
              3149.0
            ],
            [
              13276.0,
              3162.0
            ],
            [
              13271.0,
              3169.0
            ],
            [
              13264.0,
              3197.0
            ],
            [
              13266.0,
              3212.0
            ],
            [
              13278.0,
              3226.0
            ],
            [
              13288.0,
              3246.0
            ],
            [
              13305.0,
              3255.0
            ],
            [
              13316.0,
              3255.0
            ],
            [
              13319.0,
              3257.0
            ],
            [
              13363.0,
              3257.0
            ],
            [
              13366.0,
              3255.0
            ],
            [
              13388.0,
              3254.0
            ],
            [
              13399.0,
              3249.0
            ],
            [
              13433.0,
              3243.0
            ],
            [
              13467.0,
              3223.0
            ],
            [
              13479.0,
              3211.0
            ],
            [
              13487.0,
              3184.0
            ],
            [
              13494.0,
              3179.0
            ],
            [
              13494.0,
              3174.0
            ],
            [
              13475.0,
              3153.0
            ],
            [
              13462.0,
              3145.0
            ],
            [
              13442.0,
              3140.0
            ],
            [
              13433.0,
              3135.0
            ],
            [
              13427.0,
              3115.0
            ],
            [
              13415.0,
              3105.0
            ],
            [
              13395.0,
              3100.0
            ],
            [
              13375.0,
              3075.0
            ],
            [
              13333.0,
              3057.0
            ],
            [
              13309.0,
              3059.0
            ]
          ]
        ]
      },
      "properties": {
        "annotation_id": "416_Benign_5",
        "label": "GP4",
        "probabilities": {
          "GP3": 0,
          "GP4": 1,
          "GP5": 0,
          "Benign": 0
        },
        "tags": []
      }
    },
    {
      "type": "Feature",
      "geometry": {
        "type": "Polygon",
        "coordinates": [
          [
            [
              14124.0,
              3059.0
            ],
            [
              14061.0,
              3056.0
            ],
            [
              14053.0,
              3059.0
            ],
            [
              14048.0,
              3065.0
            ],
            [
              14048.0,
              3072.0
            ],
            [
              14040.0,
              3077.0
            ],
            [
              14020.0,
              3077.0
            ],
            [
              14006.0,
              3081.0
            ],
            [
              13978.0,
              3105.0
            ],
            [
              13985.0,
              3115.0
            ],
            [
              13986.0,
              3129.0
            ],
            [
              13974.0,
              3134.0
            ],
            [
              13953.0,
              3136.0
            ],
            [
              13942.0,
              3155.0
            ],
            [
              13941.0,
              3171.0
            ],
            [
              13931.0,
              3194.0
            ],
            [
              13926.0,
              3198.0
            ],
            [
              13921.0,
              3218.0
            ],
            [
              13921.0,
              3267.0
            ],
            [
              13924.0,
              3271.0
            ],
            [
              13925.0,
              3294.0
            ],
            [
              13932.0,
              3310.0
            ],
            [
              13952.0,
              3327.0
            ],
            [
              13955.0,
              3334.0
            ],
            [
              14000.0,
              3359.0
            ],
            [
              14017.0,
              3354.0
            ],
            [
              14040.0,
              3358.0
            ],
            [
              14092.0,
              3357.0
            ],
            [
              14122.0,
              3351.0
            ],
            [
              14134.0,
              3352.0
            ],
            [
              14135.0,
              3359.0
            ],
            [
              14145.0,
              3357.0
            ],
            [
              14156.0,
              3343.0
            ],
            [
              14166.0,
              3338.0
            ],
            [
              14165.0,
              3326.0
            ],
            [
              14172.0,
              3317.0
            ],
            [
              14192.0,
              3315.0
            ],
            [
              14198.0,
              3311.0
            ],
            [
              14218.0,
              3312.0
            ],
            [
              14233.0,
              3302.0
            ],
            [
              14258.0,
              3270.0
            ],
            [
              14271.0,
              3242.0
            ],
            [
              14271.0,
              3215.0
            ],
            [
              14250.0,
              3193.0
            ],
            [
              14250.0,
              3184.0
            ],
            [
              14237.0,
              3170.0
            ],
            [
              14228.0,
              3169.0
            ],
            [
              14214.0,
              3161.0
            ],
            [
              14205.0,
              3146.0
            ],
            [
              14202.0,
              3118.0
            ],
            [
              14195.0,
              3107.0
            ],
            [
              14156.0,
              3084.0
            ],
            [
              14124.0,
              3059.0
            ]
          ],
          [
            [
              14189.0,
              3213.0
            ],
            [
              14190.0,
              3214.0
            ],
            [
              14190.0,
              3215.0
            ],
            [
              14193.0,
              3218.0
            ],
            [
              14193.0,
              3222.0
            ],
            [
              14195.0,
              3224.0
            ],
            [
              14195.0,
              3225.0
            ],
            [
              14197.0,
              3227.0
            ],
            [
              14197.0,
              3229.0
            ],
            [
              14199.0,
              3231.0
            ],
            [
              14199.0,
              3233.0
            ],
            [
              14200.0,
              3234.0
            ],
            [
              14200.0,
              3243.0
            ],
            [
              14198.0,
              3245.0
            ],
            [
              14195.0,
              3246.0
            ],
            [
              14192.0,
              3249.0
            ],
            [
              14192.0,
              3250.0
            ],
            [
              14190.0,
              3253.0
            ],
            [
              14190.0,
              3255.0
            ],
            [
              14186.0,
              3260.0
            ],
            [
              14186.0,
              3262.0
            ],
            [
              14185.0,
              3263.0
            ],
            [
              14185.0,
              3266.0
            ],
            [
              14184.0,
              3267.0
            ],
            [
              14184.0,
              3268.0
            ],
            [
              14182.0,
              3270.0
            ],
            [
              14181.0,
              3270.0
            ],
            [
              14180.0,
              3271.0
            ],
            [
              14178.0,
              3271.0
            ],
            [
              14177.0,
              3270.0
            ],
            [
              14174.0,
              3269.0
            ],
            [
              14172.0,
              3267.0
            ],
            [
              14166.0,
              3267.0
            ],
            [
              14165.0,
              3266.0
            ],
            [
              14156.0,
              3266.0
            ],
            [
              14155.0,
              3265.0
            ],
            [
              14154.0,
              3265.0
            ],
            [
              14153.0,
              3264.0
            ],
            [
              14150.0,
              3263.0
            ],
            [
              14149.0,
              3262.0
            ],
            [
              14149.0,
              3255.0
            ],
            [
              14154.0,
              3250.0
            ],
            [
              14155.0,
              3250.0
            ],
            [
              14160.0,
              3247.0
            ],
            [
              14163.0,
              3247.0
            ],
            [
              14165.0,
              3245.0
            ],
            [
              14166.0,
              3245.0
            ],
            [
              14167.0,
              3244.0
            ],
            [
              14169.0,
              3244.0
            ],
            [
              14170.0,
              3243.0
            ],
            [
              14173.0,
              3242.0
            ],
            [
              14177.0,
              3238.0
            ],
            [
              14177.0,
              3236.0
            ],
            [
              14178.0,
              3235.0
            ],
            [
              14178.0,
              3215.0
            ],
            [
              14183.0,
              3212.0
            ],
            [
              14187.0,
              3212.0
            ],
            [
              14188.0,
              3213.0
            ],
            [
              14189.0,
              3213.0
            ]
          ],
          [
            [
              14079.0,
              3085.0
            ],
            [
              14093.0,
              3090.0
            ],
            [
              14095.0,
              3142.0
            ],
            [
              14075.0,
              3164.0
            ],
            [
              14072.0,
              3180.0
            ],
            [
              14077.0,
              3194.0
            ],
            [
              14069.0,
              3196.0
            ],
            [
              14063.0,
              3192.0
            ],
            [
              14058.0,
              3198.0
            ],
            [
              14067.0,
              3210.0
            ],
            [
              14071.0,
              3223.0
            ],
            [
              14078.0,
              3223.0
            ],
            [
              14088.0,
              3212.0
            ],
            [
              14103.0,
              3232.0
            ],
            [
              14127.0,
              3237.0
            ],
            [
              14138.0,
              3247.0
            ],
            [
              14138.0,
              3255.0
            ],
            [
              14123.0,
              3264.0
            ],
            [
              14087.0,
              3245.0
            ],
            [
              14073.0,
              3245.0
            ],
            [
              14061.0,
              3234.0
            ],
            [
              14056.0,
              3237.0
            ],
            [
              14056.0,
              3241.0
            ],
            [
              14065.0,
              3250.0
            ],
            [
              14070.0,
              3261.0
            ],
            [
              14072.0,
              3282.0
            ],
            [
              14077.0,
              3296.0
            ],
            [
              14087.0,
              3303.0
            ],
            [
              14103.0,
              3306.0
            ],
            [
              14114.0,
              3315.0
            ],
            [
              14111.0,
              3323.0
            ],
            [
              14098.0,
              3327.0
            ],
            [
              14070.0,
              3312.0
            ],
            [
              14057.0,
              3299.0
            ],
            [
              14039.0,
              3306.0
            ],
            [
              14022.0,
              3295.0
            ],
            [
              14020.0,
              3284.0
            ],
            [
              14008.0,
              3271.0
            ],
            [
              14010.0,
              3257.0
            ],
            [
              14027.0,
              3249.0
            ],
            [
              14034.0,
              3240.0
            ],
            [
              14050.0,
              3232.0
            ],
            [
              14045.0,
              3199.0
            ],
            [
              14041.0,
              3193.0
            ],
            [
              14031.0,
              3185.0
            ],
            [
              14006.0,
              3180.0
            ],
            [
              14003.0,
              3176.0
            ],
            [
              14004.0,
              3167.0
            ],
            [
              14028.0,
              3151.0
            ],
            [
              14035.0,
              3151.0
            ],
            [
              14052.0,
              3160.0
            ],
            [
              14060.0,
              3159.0
            ],
            [
              14060.0,
              3142.0
            ],
            [
              14064.0,
              3131.0
            ],
            [
              14060.0,
              3107.0
            ],
            [
              14079.0,
              3085.0
            ]
          ]
        ]
      },
      "properties": {
        "annotation_id": "416_Benign_6",
        "label": "Benign",
        "probabilities": null,
        "tags": []
      }
    },
    {
      "type": "Feature",
      "geometry": {
        "type": "Polygon",
        "coordinates": [
          [
            [
              11597.0,
              3054.0
            ],
            [
              11599.0,
              3058.0
            ],
            [
              11610.0,
              3058.0
            ],
            [
              11641.0,
              3067.0
            ],
            [
              11641.0,
              3079.0
            ],
            [
              11633.0,
              3085.0
            ],
            [
              11610.0,
              3086.0
            ],
            [
              11599.0,
              3082.0
            ],
            [
              11592.0,
              3091.0
            ],
            [
              11614.0,
              3100.0
            ],
            [
              11610.0,
              3107.0
            ],
            [
              11599.0,
              3112.0
            ],
            [
              11599.0,
              3119.0
            ],
            [
              11606.0,
              3137.0
            ],
            [
              11620.0,
              3153.0
            ],
            [
              11643.0,
              3167.0
            ],
            [
              11672.0,
              3161.0
            ],
            [
              11689.0,
              3176.0
            ],
            [
              11706.0,
              3176.0
            ],
            [
              11714.0,
              3170.0
            ],
            [
              11722.0,
              3180.0
            ],
            [
              11721.0,
              3187.0
            ],
            [
              11710.0,
              3203.0
            ],
            [
              11704.0,
              3225.0
            ],
            [
              11708.0,
              3239.0
            ],
            [
              11712.0,
              3239.0
            ],
            [
              11718.0,
              3232.0
            ],
            [
              11727.0,
              3234.0
            ],
            [
              11728.0,
              3229.0
            ],
            [
              11737.0,
              3222.0
            ],
            [
              11755.0,
              3228.0
            ],
            [
              11759.0,
              3235.0
            ],
            [
              11763.0,
              3234.0
            ],
            [
              11767.0,
              3218.0
            ],
            [
              11802.0,
              3180.0
            ],
            [
              11816.0,
              3181.0
            ],
            [
              11828.0,
              3188.0
            ],
            [
              11838.0,
              3184.0
            ],
            [
              11837.0,
              3170.0
            ],
            [
              11840.0,
              3164.0
            ],
            [
              11826.0,
              3156.0
            ],
            [
              11823.0,
              3148.0
            ],
            [
              11815.0,
              3142.0
            ],
            [
              11815.0,
              3134.0
            ],
            [
              11812.0,
              3132.0
            ],
            [
              11811.0,
              3138.0
            ],
            [
              11803.0,
              3143.0
            ],
            [
              11799.0,
              3141.0
            ],
            [
              11801.0,
              3127.0
            ],
            [
              11810.0,
              3126.0
            ],
            [
              11814.0,
              3118.0
            ],
            [
              11803.0,
              3116.0
            ],
            [
              11786.0,
              3092.0
            ],
            [
              11773.0,
              3095.0
            ],
            [
              11750.0,
              3077.0
            ],
            [
              11742.0,
              3080.0
            ],
            [
              11702.0,
              3080.0
            ],
            [
              11691.0,
              3084.0
            ],
            [
              11670.0,
              3081.0
            ],
            [
              11666.0,
              3085.0
            ],
            [
              11666.0,
              3096.0
            ],
            [
              11659.0,
              3105.0
            ],
            [
              11656.0,
              3103.0
            ],
            [
              11658.0,
              3095.0
            ],
            [
              11653.0,
              3084.0
            ],
            [
              11657.0,
              3074.0
            ],
            [
              11656.0,
              3067.0
            ],
            [
              11645.0,
              3061.0
            ],
            [
              11642.0,
              3050.0
            ],
            [
              11634.0,
              3050.0
            ],
            [
              11628.0,
              3046.0
            ],
            [
              11627.0,
              3032.0
            ],
            [
              11618.0,
              3041.0
            ],
            [
              11608.0,
              3039.0
            ],
            [
              11606.0,
              3050.0
            ],
            [
              11597.0,
              3054.0
            ]
          ],
          [
            [
              11618.0,
              3106.0
            ],
            [
              11621.0,
              3104.0
            ],
            [
              11628.0,
              3108.0
            ],
            [
              11633.0,
              3109.0
            ],
            [
              11652.0,
              3109.0
            ],
            [
              11680.0,
              3105.0
            ],
            [
              11687.0,
              3101.0
            ],
            [
              11728.0,
              3101.0
            ],
            [
              11734.0,
              3103.0
            ],
            [
              11740.0,
              3103.0
            ],
            [
              11749.0,
              3107.0
            ],
            [
              11754.0,
              3107.0
            ],
            [
              11765.0,
              3113.0
            ],
            [
              11769.0,
              3113.0
            ],
            [
              11784.0,
              3121.0
            ],
            [
              11791.0,
              3133.0
            ],
            [
              11794.0,
              3146.0
            ],
            [
              11797.0,
              3152.0
            ],
            [
              11794.0,
              3154.0
            ],
            [
              11785.0,
              3156.0
            ],
            [
              11771.0,
              3164.0
            ],
            [
              11764.0,
              3171.0
            ],
            [
              11755.0,
              3177.0
            ],
            [
              11749.0,
              3185.0
            ],
            [
              11747.0,
              3191.0
            ],
            [
              11744.0,
              3193.0
            ],
            [
              11741.0,
              3191.0
            ],
            [
              11739.0,
              3187.0
            ],
            [
              11736.0,
              3174.0
            ],
            [
              11726.0,
              3161.0
            ],
            [
              11697.0,
              3136.0
            ],
            [
              11682.0,
              3129.0
            ],
            [
              11662.0,
              3128.0
            ],
            [
              11642.0,
              3123.0
            ],
            [
              11620.0,
              3111.0
            ],
            [
              11618.0,
              3109.0
            ],
            [
              11618.0,
              3106.0
            ]
          ]
        ]
      },
      "properties": {
        "annotation_id": "416_Benign_9",
        "label": "GP4",
        "probabilities": {
          "GP3": 0,
          "GP4": 1,
          "GP5": 0,
          "Benign": 0
        },
        "tags": []
      }
    },
    {
      "type": "Feature",
      "geometry": {
        "type": "Polygon",
        "coordinates": [
          [
            [
              6896.0,
              1748.0
            ],
            [
              6838.0,
              1748.0
            ],
            [
              6829.0,
              1755.0
            ],
            [
              6813.0,
              1757.0
            ],
            [
              6810.0,
              1764.0
            ],
            [
              6799.0,
              1767.0
            ],
            [
              6794.0,
              1772.0
            ],
            [
              6775.0,
              1778.0
            ],
            [
              6765.0,
              1787.0
            ],
            [
              6766.0,
              1808.0
            ],
            [
              6770.0,
              1811.0
            ],
            [
              6770.0,
              1818.0
            ],
            [
              6775.0,
              1823.0
            ],
            [
              6773.0,
              1844.0
            ],
            [
              6778.0,
              1847.0
            ],
            [
              6778.0,
              1864.0
            ],
            [
              6774.0,
              1867.0
            ],
            [
              6780.0,
              1872.0
            ],
            [
              6790.0,
              1876.0
            ],
            [
              6789.0,
              1881.0
            ],
            [
              6781.0,
              1882.0
            ],
            [
              6778.0,
              1885.0
            ],
            [
              6780.0,
              1900.0
            ],
            [
              6794.0,
              1916.0
            ],
            [
              6794.0,
              1921.0
            ],
            [
              6802.0,
              1932.0
            ],
            [
              6802.0,
              1936.0
            ],
            [
              6820.0,
              1953.0
            ],
            [
              6867.0,
              1953.0
            ],
            [
              6882.0,
              1945.0
            ],
            [
              6900.0,
              1930.0
            ],
            [
              6912.0,
              1927.0
            ],
            [
              6925.0,
              1909.0
            ],
            [
              6925.0,
              1887.0
            ],
            [
              6923.0,
              1885.0
            ],
            [
              6921.0,
              1866.0
            ],
            [
              6919.0,
              1863.0
            ],
            [
              6919.0,
              1850.0
            ],
            [
              6923.0,
              1846.0
            ],
            [
              6921.0,
              1844.0
            ],
            [
              6921.0,
              1831.0
            ],
            [
              6919.0,
              1829.0
            ],
            [
              6918.0,
              1802.0
            ],
            [
              6914.0,
              1799.0
            ],
            [
              6913.0,
              1784.0
            ],
            [
              6909.0,
              1779.0
            ],
            [
              6909.0,
              1768.0
            ],
            [
              6897.0,
              1760.0
            ],
            [
              6896.0,
              1748.0
            ]
          ],
          [
            [
              6873.0,
              1818.0
            ],
            [
              6877.0,
              1821.0
            ],
            [
              6877.0,
              1823.0
            ],
            [
              6876.0,
              1824.0
            ],
            [
              6876.0,
              1827.0
            ],
            [
              6869.0,
              1833.0
            ],
            [
              6869.0,
              1837.0
            ],
            [
              6871.0,
              1841.0
            ],
            [
              6871.0,
              1847.0
            ],
            [
              6866.0,
              1851.0
            ],
            [
              6862.0,
              1852.0
            ],
            [
              6858.0,
              1856.0
            ],
            [
              6857.0,
              1858.0
            ],
            [
              6857.0,
              1865.0
            ],
            [
              6853.0,
              1868.0
            ],
            [
              6848.0,
              1868.0
            ],
            [
              6846.0,
              1867.0
            ],
            [
              6845.0,
              1868.0
            ],
            [
              6843.0,
              1868.0
            ],
            [
              6842.0,
              1870.0
            ],
            [
              6844.0,
              1872.0
            ],
            [
              6844.0,
              1876.0
            ],
            [
              6846.0,
              1880.0
            ],
            [
              6848.0,
              1881.0
            ],
            [
              6852.0,
              1881.0
            ],
            [
              6858.0,
              1884.0
            ],
            [
              6867.0,
              1884.0
            ],
            [
              6870.0,
              1882.0
            ],
            [
              6872.0,
              1882.0
            ],
            [
              6876.0,
              1885.0
            ],
            [
              6876.0,
              1890.0
            ],
            [
              6875.0,
              1891.0
            ],
            [
              6875.0,
              1893.0
            ],
            [
              6869.0,
              1899.0
            ],
            [
              6859.0,
              1903.0
            ],
            [
              6856.0,
              1903.0
            ],
            [
              6853.0,
              1905.0
            ],
            [
              6850.0,
              1905.0
            ],
            [
              6847.0,
              1903.0
            ],
            [
              6843.0,
              1902.0
            ],
            [
              6840.0,
              1898.0
            ],
            [
              6840.0,
              1890.0
            ],
            [
              6836.0,
              1887.0
            ],
            [
              6831.0,
              1886.0
            ],
            [
              6826.0,
              1881.0
            ],
            [
              6825.0,
              1879.0
            ],
            [
              6825.0,
              1870.0
            ],
            [
              6826.0,
              1869.0
            ],
            [
              6826.0,
              1863.0
            ],
            [
              6825.0,
              1862.0
            ],
            [
              6825.0,
              1860.0
            ],
            [
              6829.0,
              1857.0
            ],
            [
              6832.0,
              1853.0
            ],
            [
              6836.0,
              1851.0
            ],
            [
              6843.0,
              1854.0
            ],
            [
              6845.0,
              1856.0
            ],
            [
              6847.0,
              1856.0
            ],
            [
              6848.0,
              1857.0
            ],
            [
              6852.0,
              1854.0
            ],
            [
              6852.0,
              1852.0
            ],
            [
              6857.0,
              1849.0
            ],
            [
              6861.0,
              1843.0
            ],
            [
              6858.0,
              1838.0
            ],
            [
              6858.0,
              1832.0
            ],
            [
              6870.0,
              1823.0
            ],
            [
              6870.0,
              1820.0
            ],
            [
              6873.0,
              1818.0
            ]
          ]
        ]
      },
      "properties": {
        "annotation_id": "416_GP3_40",
        "label": "GP3",
        "probabilities": null,
        "tags": []
      }
    },
    {
      "type": "Feature",
      "geometry": {
        "type": "Polygon",
        "coordinates": [
          [
            [
              6126.0,
              1627.0
            ],
            [
              6125.0,
              1651.0
            ],
            [
              6133.0,
              1664.0
            ],
            [
              6158.0,
              1687.0
            ],
            [
              6190.0,
              1706.0
            ],
            [
              6143.0,
              1736.0
            ],
            [
              6124.0,
              1778.0
            ],
            [
              6124.0,
              1805.0
            ],
            [
              6132.0,
              1822.0
            ],
            [
              6176.0,
              1863.0
            ],
            [
              6247.0,
              1866.0
            ],
            [
              6263.0,
              1853.0
            ],
            [
              6264.0,
              1822.0
            ],
            [
              6249.0,
              1792.0
            ],
            [
              6247.0,
              1765.0
            ],
            [
              6256.0,
              1741.0
            ],
            [
              6276.0,
              1729.0
            ],
            [
              6344.0,
              1785.0
            ],
            [
              6393.0,
              1797.0
            ],
            [
              6444.0,
              1834.0
            ],
            [
              6480.0,
              1850.0
            ],
            [
              6507.0,
              1850.0
            ],
            [
              6528.0,
              1840.0
            ],
            [
              6546.0,
              1818.0
            ],
            [
              6559.0,
              1761.0
            ],
            [
              6578.0,
              1745.0
            ],
            [
              6579.0,
              1729.0
            ],
            [
              6570.0,
              1719.0
            ],
            [
              6566.0,
              1687.0
            ],
            [
              6551.0,
              1671.0
            ],
            [
              6538.0,
              1638.0
            ],
            [
              6463.0,
              1622.0
            ],
            [
              6408.0,
              1656.0
            ],
            [
              6395.0,
              1678.0
            ],
            [
              6366.0,
              1689.0
            ],
            [
              6332.0,
              1688.0
            ],
            [
              6316.0,
              1655.0
            ],
            [
              6317.0,
              1624.0
            ],
            [
              6330.0,
              1605.0
            ],
            [
              6331.0,
              1590.0
            ],
            [
              6315.0,
              1569.0
            ],
            [
              6301.0,
              1563.0
            ],
            [
              6224.0,
              1563.0
            ],
            [
              6213.0,
              1585.0
            ],
            [
              6166.0,
              1597.0
            ],
            [
              6126.0,
              1627.0
            ]
          ]
        ]
      },
      "properties": {
        "annotation_id": "416_GP3_42",
        "label": "GP3",
        "probabilities": null,
        "tags": []
      }
    },
    {
      "type": "Feature",
      "geometry": {
        "type": "Polygon",
        "coordinates": [
          [
            [
              5896.0,
              1541.0
            ],
            [
              5900.0,
              1547.0
            ],
            [
              5900.0,
              1558.0
            ],
            [
              5882.0,
              1583.0
            ],
            [
              5878.0,
              1595.0
            ],
            [
              5884.0,
              1662.0
            ],
            [
              5871.0,
              1684.0
            ],
            [
              5865.0,
              1689.0
            ],
            [
              5865.0,
              1717.0
            ],
            [
              5878.0,
              1737.0
            ],
            [
              5881.0,
              1749.0
            ],
            [
              5889.0,
              1762.0
            ],
            [
              5889.0,
              1784.0
            ],
            [
              5900.0,
              1796.0
            ],
            [
              5923.0,
              1807.0
            ],
            [
              5928.0,
              1813.0
            ],
            [
              5940.0,
              1817.0
            ],
            [
              5951.0,
              1828.0
            ],
            [
              5973.0,
              1842.0
            ],
            [
              6009.0,
              1843.0
            ],
            [
              6022.0,
              1835.0
            ],
            [
              6045.0,
              1827.0
            ],
            [
              6054.0,
              1814.0
            ],
            [
              6054.0,
              1805.0
            ],
            [
              6048.0,
              1796.0
            ],
            [
              6049.0,
              1760.0
            ],
            [
              6054.0,
              1743.0
            ],
            [
              6039.0,
              1727.0
            ],
            [
              6039.0,
              1715.0
            ],
            [
              6043.0,
              1703.0
            ],
            [
              6056.0,
              1688.0
            ],
            [
              6067.0,
              1666.0
            ],
            [
              6069.0,
              1651.0
            ],
            [
              6065.0,
              1642.0
            ],
            [
              6057.0,
              1636.0
            ],
            [
              6049.0,
              1616.0
            ],
            [
              6043.0,
              1610.0
            ],
            [
              6040.0,
              1601.0
            ],
            [
              6027.0,
              1587.0
            ],
            [
              6024.0,
              1579.0
            ],
            [
              6012.0,
              1569.0
            ],
            [
              5998.0,
              1564.0
            ],
            [
              5984.0,
              1549.0
            ],
            [
              5974.0,
              1544.0
            ],
            [
              5958.0,
              1541.0
            ],
            [
              5896.0,
              1541.0
            ]
          ],
          [
            [
              5972.0,
              1582.0
            ],
            [
              5975.0,
              1584.0
            ],
            [
              5975.0,
              1589.0
            ],
            [
              5971.0,
              1593.0
            ],
            [
              5971.0,
              1594.0
            ],
            [
              5969.0,
              1596.0
            ],
            [
              5967.0,
              1600.0
            ],
            [
              5967.0,
              1608.0
            ],
            [
              5966.0,
              1609.0
            ],
            [
              5966.0,
              1611.0
            ],
            [
              5965.0,
              1613.0
            ],
            [
              5963.0,
              1615.0
            ],
            [
              5963.0,
              1625.0
            ],
            [
              5961.0,
              1629.0
            ],
            [
              5961.0,
              1639.0
            ],
            [
              5957.0,
              1643.0
            ],
            [
              5957.0,
              1651.0
            ],
            [
              5961.0,
              1655.0
            ],
            [
              5961.0,
              1658.0
            ],
            [
              5960.0,
              1659.0
            ],
            [
              5960.0,
              1664.0
            ],
            [
              5956.0,
              1667.0
            ],
            [
              5953.0,
              1667.0
            ],
            [
              5950.0,
              1665.0
            ],
            [
              5950.0,
              1660.0
            ],
            [
              5943.0,
              1653.0
            ],
            [
              5943.0,
              1652.0
            ],
            [
              5941.0,
              1650.0
            ],
            [
              5941.0,
              1643.0
            ],
            [
              5943.0,
              1641.0
            ],
            [
              5943.0,
              1639.0
            ],
            [
              5940.0,
              1634.0
            ],
            [
              5940.0,
              1631.0
            ],
            [
              5945.0,
              1626.0
            ],
            [
              5945.0,
              1625.0
            ],
            [
              5948.0,
              1623.0
            ],
            [
              5947.0,
              1620.0
            ],
            [
              5943.0,
              1616.0
            ],
            [
              5942.0,
              1614.0
            ],
            [
              5942.0,
              1611.0
            ],
            [
              5945.0,
              1608.0
            ],
            [
              5947.0,
              1607.0
            ],
            [
              5951.0,
              1609.0
            ],
            [
              5958.0,
              1609.0
            ],
            [
              5961.0,
              1606.0
            ],
            [
              5961.0,
              1603.0
            ],
            [
              5958.0,
              1598.0
            ],
            [
              5958.0,
              1595.0
            ],
            [
              5962.0,
              1591.0
            ],
            [
              5962.0,
              1590.0
            ],
            [
              5968.0,
              1583.0
            ],
            [
              5970.0,
              1582.0
            ],
            [
              5972.0,
              1582.0
            ]
          ]
        ]
      },
      "properties": {
        "annotation_id": "416_GP3_43",
        "label": "GP3",
        "probabilities": null,
        "tags": []
      }
    },
    {
      "type": "Feature",
      "geometry": {
        "type": "Polygon",
        "coordinates": [
          [
            [
              5532.0,
              1569.0
            ],
            [
              5532.0,
              1571.0
            ],
            [
              5530.0,
              1573.0
            ],
            [
              5530.0,
              1591.0
            ],
            [
              5533.0,
              1595.0
            ],
            [
              5535.0,
              1603.0
            ],
            [
              5540.0,
              1609.0
            ],
            [
              5541.0,
              1614.0
            ],
            [
              5558.0,
              1627.0
            ],
            [
              5561.0,
              1627.0
            ],
            [
              5590.0,
              1639.0
            ],
            [
              5606.0,
              1641.0
            ],
            [
              5613.0,
              1644.0
            ],
            [
              5658.0,
              1644.0
            ],
            [
              5666.0,
              1643.0
            ],
            [
              5669.0,
              1640.0
            ],
            [
              5669.0,
              1634.0
            ],
            [
              5671.0,
              1632.0
            ],
            [
              5671.0,
              1626.0
            ],
            [
              5673.0,
              1620.0
            ],
            [
              5673.0,
              1597.0
            ],
            [
              5669.0,
              1593.0
            ],
            [
              5665.0,
              1581.0
            ],
            [
              5662.0,
              1579.0
            ],
            [
              5660.0,
              1571.0
            ],
            [
              5655.0,
              1563.0
            ],
            [
              5654.0,
              1558.0
            ],
            [
              5651.0,
              1555.0
            ],
            [
              5651.0,
              1552.0
            ],
            [
              5636.0,
              1541.0
            ],
            [
              5622.0,
              1535.0
            ],
            [
              5584.0,
              1535.0
            ],
            [
              5583.0,
              1534.0
            ],
            [
              5563.0,
              1535.0
            ],
            [
              5556.0,
              1538.0
            ],
            [
              5556.0,
              1543.0
            ],
            [
              5553.0,
              1549.0
            ],
            [
              5548.0,
              1553.0
            ],
            [
              5544.0,
              1559.0
            ],
            [
              5541.0,
              1560.0
            ],
            [
              5532.0,
              1569.0
            ]
          ]
        ]
      },
      "properties": {
        "annotation_id": "416_GP3_45",
        "label": "GP3",
        "probabilities": null,
        "tags": []
      }
    },
    {
      "type": "Feature",
      "geometry": {
        "type": "Polygon",
        "coordinates": [
          [
            [
              7495.0,
              1481.0
            ],
            [
              7487.0,
              1477.0
            ],
            [
              7473.0,
              1477.0
            ],
            [
              7472.0,
              1478.0
            ],
            [
              7466.0,
              1479.0
            ],
            [
              7453.0,
              1486.0
            ],
            [
              7430.0,
              1508.0
            ],
            [
              7428.0,
              1512.0
            ],
            [
              7421.0,
              1520.0
            ],
            [
              7420.0,
              1523.0
            ],
            [
              7415.0,
              1529.0
            ],
            [
              7415.0,
              1531.0
            ],
            [
              7413.0,
              1535.0
            ],
            [
              7413.0,
              1557.0
            ],
            [
              7416.0,
              1564.0
            ],
            [
              7419.0,
              1568.0
            ],
            [
              7432.0,
              1575.0
            ],
            [
              7454.0,
              1575.0
            ],
            [
              7464.0,
              1570.0
            ],
            [
              7467.0,
              1567.0
            ],
            [
              7477.0,
              1563.0
            ],
            [
              7491.0,
              1550.0
            ],
            [
              7491.0,
              1549.0
            ],
            [
              7495.0,
              1545.0
            ],
            [
              7501.0,
              1533.0
            ],
            [
              7501.0,
              1529.0
            ],
            [
              7502.0,
              1528.0
            ],
            [
              7502.0,
              1500.0
            ],
            [
              7501.0,
              1499.0
            ],
            [
              7501.0,
              1490.0
            ],
            [
              7498.0,
              1484.0
            ],
            [
              7495.0,
              1481.0
            ]
          ]
        ]
      },
      "properties": {
        "annotation_id": "416_GP3_46",
        "label": "GP3",
        "probabilities": null,
        "tags": []
      }
    },
    {
      "type": "Feature",
      "geometry": {
        "type": "Polygon",
        "coordinates": [
          [
            [
              4780.0,
              1402.0
            ],
            [
              4785.0,
              1411.0
            ],
            [
              4785.0,
              1421.0
            ],
            [
              4790.0,
              1429.0
            ],
            [
              4790.0,
              1439.0
            ],
            [
              4797.0,
              1457.0
            ],
            [
              4803.0,
              1464.0
            ],
            [
              4805.0,
              1474.0
            ],
            [
              4810.0,
              1482.0
            ],
            [
              4819.0,
              1485.0
            ],
            [
              4823.0,
              1491.0
            ],
            [
              4823.0,
              1498.0
            ],
            [
              4831.0,
              1511.0
            ],
            [
              4833.0,
              1520.0
            ],
            [
              4848.0,
              1535.0
            ],
            [
              4850.0,
              1541.0
            ],
            [
              4868.0,
              1558.0
            ],
            [
              4875.0,
              1559.0
            ],
            [
              4886.0,
              1568.0
            ],
            [
              4903.0,
              1591.0
            ],
            [
              4932.0,
              1601.0
            ],
            [
              4964.0,
              1601.0
            ],
            [
              4968.0,
              1598.0
            ],
            [
              4981.0,
              1596.0
            ],
            [
              4985.0,
              1584.0
            ],
            [
              4993.0,
              1578.0
            ],
            [
              5018.0,
              1578.0
            ],
            [
              5027.0,
              1573.0
            ],
            [
              5028.0,
              1564.0
            ],
            [
              5033.0,
              1559.0
            ],
            [
              5033.0,
              1554.0
            ],
            [
              5028.0,
              1546.0
            ],
            [
              5028.0,
              1529.0
            ],
            [
              5023.0,
              1523.0
            ],
            [
              5023.0,
              1516.0
            ],
            [
              5018.0,
              1512.0
            ],
            [
              5018.0,
              1486.0
            ],
            [
              5021.0,
              1483.0
            ],
            [
              5021.0,
              1476.0
            ],
            [
              5012.0,
              1471.0
            ],
            [
              5010.0,
              1466.0
            ],
            [
              4992.0,
              1448.0
            ],
            [
              4986.0,
              1445.0
            ],
            [
              4982.0,
              1438.0
            ],
            [
              4972.0,
              1429.0
            ],
            [
              4916.0,
              1429.0
            ],
            [
              4913.0,
              1433.0
            ],
            [
              4906.0,
              1434.0
            ],
            [
              4883.0,
              1413.0
            ],
            [
              4878.0,
              1411.0
            ],
            [
              4868.0,
              1411.0
            ],
            [
              4858.0,
              1406.0
            ],
            [
              4835.0,
              1406.0
            ],
            [
              4824.0,
              1401.0
            ],
            [
              4780.0,
              1402.0
            ]
          ]
        ]
      },
      "properties": {
        "annotation_id": "416_GP3_48",
        "label": "GP3",
        "probabilities": null,
        "tags": []
      }
    },
    {
      "type": "Feature",
      "geometry": {
        "type": "Polygon",
        "coordinates": [
          [
            [
              7673.0,
              1375.0
            ],
            [
              7666.0,
              1379.0
            ],
            [
              7665.0,
              1389.0
            ],
            [
              7659.0,
              1393.0
            ],
            [
              7660.0,
              1415.0
            ],
            [
              7658.0,
              1419.0
            ],
            [
              7645.0,
              1432.0
            ],
            [
              7629.0,
              1440.0
            ],
            [
              7622.0,
              1448.0
            ],
            [
              7620.0,
              1464.0
            ],
            [
              7615.0,
              1472.0
            ],
            [
              7613.0,
              1504.0
            ],
            [
              7605.0,
              1515.0
            ],
            [
              7605.0,
              1522.0
            ],
            [
              7610.0,
              1536.0
            ],
            [
              7624.0,
              1552.0
            ],
            [
              7643.0,
              1554.0
            ],
            [
              7654.0,
              1559.0
            ],
            [
              7684.0,
              1560.0
            ],
            [
              7698.0,
              1565.0
            ],
            [
              7708.0,
              1572.0
            ],
            [
              7713.0,
              1569.0
            ],
            [
              7719.0,
              1569.0
            ],
            [
              7721.0,
              1565.0
            ],
            [
              7733.0,
              1561.0
            ],
            [
              7741.0,
              1554.0
            ],
            [
              7742.0,
              1518.0
            ],
            [
              7755.0,
              1504.0
            ],
            [
              7764.0,
              1499.0
            ],
            [
              7771.0,
              1499.0
            ],
            [
              7783.0,
              1492.0
            ],
            [
              7809.0,
              1487.0
            ],
            [
              7813.0,
              1484.0
            ],
            [
              7814.0,
              1477.0
            ],
            [
              7818.0,
              1474.0
            ],
            [
              7819.0,
              1434.0
            ],
            [
              7807.0,
              1407.0
            ],
            [
              7799.0,
              1402.0
            ],
            [
              7787.0,
              1399.0
            ],
            [
              7782.0,
              1395.0
            ],
            [
              7773.0,
              1394.0
            ],
            [
              7751.0,
              1380.0
            ],
            [
              7704.0,
              1380.0
            ],
            [
              7695.0,
              1375.0
            ],
            [
              7673.0,
              1375.0
            ]
          ],
          [
            [
              7676.0,
              1500.0
            ],
            [
              7677.0,
              1499.0
            ],
            [
              7678.0,
              1499.0
            ],
            [
              7682.0,
              1495.0
            ],
            [
              7683.0,
              1495.0
            ],
            [
              7684.0,
              1494.0
            ],
            [
              7685.0,
              1494.0
            ],
            [
              7687.0,
              1492.0
            ],
            [
              7688.0,
              1492.0
            ],
            [
              7689.0,
              1491.0
            ],
            [
              7690.0,
              1491.0
            ],
            [
              7691.0,
              1490.0
            ],
            [
              7694.0,
              1490.0
            ],
            [
              7695.0,
              1491.0
            ],
            [
              7696.0,
              1491.0
            ],
            [
              7697.0,
              1492.0
            ],
            [
              7698.0,
              1492.0
            ],
            [
              7699.0,
              1493.0
            ],
            [
              7700.0,
              1493.0
            ],
            [
              7701.0,
              1494.0
            ],
            [
              7702.0,
              1494.0
            ],
            [
              7703.0,
              1495.0
            ],
            [
              7704.0,
              1495.0
            ],
            [
              7705.0,
              1496.0
            ],
            [
              7706.0,
              1496.0
            ],
            [
              7707.0,
              1497.0
            ],
            [
              7708.0,
              1497.0
            ],
            [
              7709.0,
              1498.0
            ],
            [
              7710.0,
              1498.0
            ],
            [
              7716.0,
              1504.0
            ],
            [
              7716.0,
              1515.0
            ],
            [
              7714.0,
              1517.0
            ],
            [
              7714.0,
              1521.0
            ],
            [
              7712.0,
              1523.0
            ],
            [
              7712.0,
              1525.0
            ],
            [
              7710.0,
              1527.0
            ],
            [
              7709.0,
              1527.0
            ],
            [
              7708.0,
              1528.0
            ],
            [
              7705.0,
              1528.0
            ],
            [
              7704.0,
              1529.0
            ],
            [
              7703.0,
              1529.0
            ],
            [
              7702.0,
              1530.0
            ],
            [
              7689.0,
              1530.0
            ],
            [
              7688.0,
              1529.0
            ],
            [
              7687.0,
              1529.0
            ],
            [
              7686.0,
              1528.0
            ],
            [
              7685.0,
              1528.0
            ],
            [
              7684.0,
              1527.0
            ],
            [
              7683.0,
              1527.0
            ],
            [
              7682.0,
              1526.0
            ],
            [
              7681.0,
              1526.0
            ],
            [
              7680.0,
              1525.0
            ],
            [
              7679.0,
              1525.0
            ],
            [
              7678.0,
              1524.0
            ],
            [
              7678.0,
              1522.0
            ],
            [
              7677.0,
              1521.0
            ],
            [
              7677.0,
              1520.0
            ],
            [
              7676.0,
              1519.0
            ],
            [
              7676.0,
              1518.0
            ],
            [
              7675.0,
              1517.0
            ],
            [
              7675.0,
              1504.0
            ],
            [
              7676.0,
              1503.0
            ],
            [
              7676.0,
              1500.0
            ]
          ]
        ]
      },
      "properties": {
        "annotation_id": "416_GP3_49",
        "label": "GP3",
        "probabilities": null,
        "tags": []
      }
    },
    {
      "type": "Feature",
      "geometry": {
        "type": "Polygon",
        "coordinates": [
          [
            [
              5679.0,
              1358.0
            ],
            [
              5677.0,
              1363.0
            ],
            [
              5678.0,
              1371.0
            ],
            [
              5673.0,
              1382.0
            ],
            [
              5673.0,
              1406.0
            ],
            [
              5675.0,
              1409.0
            ],
            [
              5675.0,
              1413.0
            ],
            [
              5677.0,
              1416.0
            ],
            [
              5677.0,
              1419.0
            ],
            [
              5685.0,
              1429.0
            ],
            [
              5701.0,
              1436.0
            ],
            [
              5709.0,
              1436.0
            ],
            [
              5712.0,
              1438.0
            ],
            [
              5718.0,
              1438.0
            ],
            [
              5721.0,
              1440.0
            ],
            [
              5752.0,
              1440.0
            ],
            [
              5755.0,
              1439.0
            ],
            [
              5760.0,
              1434.0
            ],
            [
              5764.0,
              1432.0
            ],
            [
              5767.0,
              1428.0
            ],
            [
              5772.0,
              1425.0
            ],
            [
              5775.0,
              1419.0
            ],
            [
              5775.0,
              1416.0
            ],
            [
              5777.0,
              1413.0
            ],
            [
              5777.0,
              1411.0
            ],
            [
              5779.0,
              1409.0
            ],
            [
              5779.0,
              1393.0
            ],
            [
              5777.0,
              1391.0
            ],
            [
              5776.0,
              1387.0
            ],
            [
              5768.0,
              1381.0
            ],
            [
              5765.0,
              1376.0
            ],
            [
              5765.0,
              1373.0
            ],
            [
              5762.0,
              1371.0
            ],
            [
              5762.0,
              1368.0
            ],
            [
              5759.0,
              1366.0
            ],
            [
              5758.0,
              1362.0
            ],
            [
              5752.0,
              1357.0
            ],
            [
              5750.0,
              1352.0
            ],
            [
              5744.0,
              1345.0
            ],
            [
              5743.0,
              1342.0
            ],
            [
              5740.0,
              1342.0
            ],
            [
              5739.0,
              1341.0
            ],
            [
              5716.0,
              1341.0
            ],
            [
              5713.0,
              1343.0
            ],
            [
              5710.0,
              1343.0
            ],
            [
              5706.0,
              1346.0
            ],
            [
              5704.0,
              1346.0
            ],
            [
              5701.0,
              1349.0
            ],
            [
              5693.0,
              1353.0
            ],
            [
              5688.0,
              1353.0
            ],
            [
              5686.0,
              1355.0
            ],
            [
              5679.0,
              1358.0
            ]
          ]
        ]
      },
      "properties": {
        "annotation_id": "416_GP3_51",
        "label": "GP3",
        "probabilities": null,
        "tags": []
      }
    },
    {
      "type": "Feature",
      "geometry": {
        "type": "Polygon",
        "coordinates": [
          [
            [
              5427.0,
              1295.0
            ],
            [
              5401.0,
              1294.0
            ],
            [
              5394.0,
              1299.0
            ],
            [
              5370.0,
              1306.0
            ],
            [
              5351.0,
              1307.0
            ],
            [
              5331.0,
              1311.0
            ],
            [
              5315.0,
              1325.0
            ],
            [
              5315.0,
              1329.0
            ],
            [
              5305.0,
              1338.0
            ],
            [
              5301.0,
              1345.0
            ],
            [
              5301.0,
              1360.0
            ],
            [
              5312.0,
              1383.0
            ],
            [
              5321.0,
              1418.0
            ],
            [
              5343.0,
              1445.0
            ],
            [
              5343.0,
              1449.0
            ],
            [
              5340.0,
              1452.0
            ],
            [
              5343.0,
              1455.0
            ],
            [
              5343.0,
              1459.0
            ],
            [
              5355.0,
              1472.0
            ],
            [
              5368.0,
              1481.0
            ],
            [
              5377.0,
              1481.0
            ],
            [
              5383.0,
              1478.0
            ],
            [
              5397.0,
              1477.0
            ],
            [
              5417.0,
              1463.0
            ],
            [
              5418.0,
              1457.0
            ],
            [
              5422.0,
              1451.0
            ],
            [
              5427.0,
              1426.0
            ],
            [
              5436.0,
              1416.0
            ],
            [
              5429.0,
              1406.0
            ],
            [
              5427.0,
              1399.0
            ],
            [
              5421.0,
              1393.0
            ],
            [
              5420.0,
              1368.0
            ],
            [
              5422.0,
              1364.0
            ],
            [
              5422.0,
              1357.0
            ],
            [
              5429.0,
              1347.0
            ],
            [
              5440.0,
              1343.0
            ],
            [
              5452.0,
              1330.0
            ],
            [
              5461.0,
              1325.0
            ],
            [
              5461.0,
              1316.0
            ],
            [
              5457.0,
              1311.0
            ],
            [
              5427.0,
              1295.0
            ]
          ],
          [
            [
              5386.0,
              1331.0
            ],
            [
              5389.0,
              1332.0
            ],
            [
              5397.0,
              1338.0
            ],
            [
              5397.0,
              1342.0
            ],
            [
              5390.0,
              1349.0
            ],
            [
              5390.0,
              1362.0
            ],
            [
              5388.0,
              1367.0
            ],
            [
              5388.0,
              1374.0
            ],
            [
              5387.0,
              1375.0
            ],
            [
              5388.0,
              1385.0
            ],
            [
              5394.0,
              1396.0
            ],
            [
              5394.0,
              1398.0
            ],
            [
              5395.0,
              1399.0
            ],
            [
              5395.0,
              1409.0
            ],
            [
              5398.0,
              1413.0
            ],
            [
              5398.0,
              1417.0
            ],
            [
              5396.0,
              1420.0
            ],
            [
              5396.0,
              1427.0
            ],
            [
              5397.0,
              1428.0
            ],
            [
              5397.0,
              1430.0
            ],
            [
              5396.0,
              1431.0
            ],
            [
              5396.0,
              1433.0
            ],
            [
              5390.0,
              1438.0
            ],
            [
              5385.0,
              1438.0
            ],
            [
              5377.0,
              1434.0
            ],
            [
              5376.0,
              1432.0
            ],
            [
              5376.0,
              1430.0
            ],
            [
              5377.0,
              1429.0
            ],
            [
              5377.0,
              1422.0
            ],
            [
              5373.0,
              1418.0
            ],
            [
              5368.0,
              1418.0
            ],
            [
              5365.0,
              1416.0
            ],
            [
              5365.0,
              1409.0
            ],
            [
              5364.0,
              1408.0
            ],
            [
              5364.0,
              1406.0
            ],
            [
              5357.0,
              1401.0
            ],
            [
              5354.0,
              1395.0
            ],
            [
              5345.0,
              1386.0
            ],
            [
              5345.0,
              1382.0
            ],
            [
              5348.0,
              1379.0
            ],
            [
              5357.0,
              1375.0
            ],
            [
              5364.0,
              1374.0
            ],
            [
              5368.0,
              1371.0
            ],
            [
              5368.0,
              1365.0
            ],
            [
              5369.0,
              1363.0
            ],
            [
              5376.0,
              1356.0
            ],
            [
              5375.0,
              1344.0
            ],
            [
              5382.0,
              1334.0
            ],
            [
              5386.0,
              1331.0
            ]
          ]
        ]
      },
      "properties": {
        "annotation_id": "416_GP3_52",
        "label": "GP3",
        "probabilities": null,
        "tags": []
      }
    },
    {
      "type": "Feature",
      "geometry": {
        "type": "Polygon",
        "coordinates": [
          [
            [
              7725.0,
              1179.0
            ],
            [
              7721.0,
              1185.0
            ],
            [
              7721.0,
              1190.0
            ],
            [
              7716.0,
              1196.0
            ],
            [
              7716.0,
              1223.0
            ],
            [
              7711.0,
              1226.0
            ],
            [
              7698.0,
              1227.0
            ],
            [
              7694.0,
              1231.0
            ],
            [
              7681.0,
              1231.0
            ],
            [
              7676.0,
              1233.0
            ],
            [
              7670.0,
              1243.0
            ],
            [
              7669.0,
              1260.0
            ],
            [
              7675.0,
              1269.0
            ],
            [
              7675.0,
              1273.0
            ],
            [
              7679.0,
              1277.0
            ],
            [
              7700.0,
              1277.0
            ],
            [
              7712.0,
              1280.0
            ],
            [
              7719.0,
              1289.0
            ],
            [
              7719.0,
              1299.0
            ],
            [
              7723.0,
              1303.0
            ],
            [
              7728.0,
              1305.0
            ],
            [
              7746.0,
              1306.0
            ],
            [
              7750.0,
              1308.0
            ],
            [
              7774.0,
              1308.0
            ],
            [
              7779.0,
              1304.0
            ],
            [
              7782.0,
              1298.0
            ],
            [
              7783.0,
              1276.0
            ],
            [
              7786.0,
              1273.0
            ],
            [
              7791.0,
              1271.0
            ],
            [
              7791.0,
              1265.0
            ],
            [
              7788.0,
              1261.0
            ],
            [
              7787.0,
              1252.0
            ],
            [
              7785.0,
              1250.0
            ],
            [
              7785.0,
              1247.0
            ],
            [
              7783.0,
              1245.0
            ],
            [
              7781.0,
              1238.0
            ],
            [
              7769.0,
              1230.0
            ],
            [
              7769.0,
              1225.0
            ],
            [
              7772.0,
              1223.0
            ],
            [
              7774.0,
              1216.0
            ],
            [
              7779.0,
              1212.0
            ],
            [
              7779.0,
              1198.0
            ],
            [
              7775.0,
              1194.0
            ],
            [
              7773.0,
              1188.0
            ],
            [
              7766.0,
              1181.0
            ],
            [
              7757.0,
              1181.0
            ],
            [
              7751.0,
              1179.0
            ],
            [
              7725.0,
              1179.0
            ]
          ]
        ]
      },
      "properties": {
        "annotation_id": "416_GP3_54",
        "label": "GP3",
        "probabilities": null,
        "tags": []
      }
    },
    {
      "type": "Feature",
      "geometry": {
        "type": "Polygon",
        "coordinates": [
          [
            [
              5851.0,
              1172.0
            ],
            [
              5838.0,
              1186.0
            ],
            [
              5833.0,
              1209.0
            ],
            [
              5823.0,
              1224.0
            ],
            [
              5816.0,
              1229.0
            ],
            [
              5812.0,
              1240.0
            ],
            [
              5792.0,
              1262.0
            ],
            [
              5792.0,
              1274.0
            ],
            [
              5801.0,
              1280.0
            ],
            [
              5801.0,
              1303.0
            ],
            [
              5783.0,
              1322.0
            ],
            [
              5783.0,
              1327.0
            ],
            [
              5812.0,
              1328.0
            ],
            [
              5827.0,
              1339.0
            ],
            [
              5826.0,
              1359.0
            ],
            [
              5815.0,
              1368.0
            ],
            [
              5812.0,
              1376.0
            ],
            [
              5815.0,
              1406.0
            ],
            [
              5823.0,
              1415.0
            ],
            [
              5851.0,
              1427.0
            ],
            [
              5878.0,
              1458.0
            ],
            [
              5894.0,
              1467.0
            ],
            [
              6000.0,
              1467.0
            ],
            [
              6014.0,
              1454.0
            ],
            [
              6023.0,
              1419.0
            ],
            [
              6032.0,
              1414.0
            ],
            [
              6032.0,
              1406.0
            ],
            [
              6040.0,
              1394.0
            ],
            [
              6040.0,
              1372.0
            ],
            [
              6023.0,
              1330.0
            ],
            [
              6017.0,
              1325.0
            ],
            [
              6012.0,
              1311.0
            ],
            [
              6008.0,
              1270.0
            ],
            [
              6003.0,
              1263.0
            ],
            [
              5999.0,
              1244.0
            ],
            [
              5986.0,
              1230.0
            ],
            [
              5986.0,
              1222.0
            ],
            [
              5969.0,
              1206.0
            ],
            [
              5962.0,
              1202.0
            ],
            [
              5953.0,
              1202.0
            ],
            [
              5917.0,
              1180.0
            ],
            [
              5910.0,
              1180.0
            ],
            [
              5905.0,
              1175.0
            ],
            [
              5892.0,
              1171.0
            ],
            [
              5851.0,
              1172.0
            ]
          ]
        ]
      },
      "properties": {
        "annotation_id": "416_GP3_55",
        "label": "GP4",
        "probabilities": {
          "GP3": 0,
          "GP4": 1,
          "GP5": 0,
          "Benign": 0
        },
        "tags": []
      }
    },
    {
      "type": "Feature",
      "geometry": {
        "type": "Polygon",
        "coordinates": [
          [
            [
              8025.0,
              1165.0
            ],
            [
              8018.0,
              1161.0
            ],
            [
              7986.0,
              1161.0
            ],
            [
              7977.0,
              1170.0
            ],
            [
              7970.0,
              1190.0
            ],
            [
              7961.0,
              1198.0
            ],
            [
              7941.0,
              1201.0
            ],
            [
              7932.0,
              1191.0
            ],
            [
              7912.0,
              1202.0
            ],
            [
              7898.0,
              1214.0
            ],
            [
              7896.0,
              1221.0
            ],
            [
              7871.0,
              1252.0
            ],
            [
              7865.0,
              1266.0
            ],
            [
              7865.0,
              1281.0
            ],
            [
              7856.0,
              1293.0
            ],
            [
              7852.0,
              1294.0
            ],
            [
              7849.0,
              1299.0
            ],
            [
              7843.0,
              1300.0
            ],
            [
              7838.0,
              1306.0
            ],
            [
              7837.0,
              1335.0
            ],
            [
              7853.0,
              1357.0
            ],
            [
              7879.0,
              1357.0
            ],
            [
              7908.0,
              1352.0
            ],
            [
              7948.0,
              1356.0
            ],
            [
              7967.0,
              1346.0
            ],
            [
              7979.0,
              1334.0
            ],
            [
              8004.0,
              1323.0
            ],
            [
              8012.0,
              1316.0
            ],
            [
              8020.0,
              1316.0
            ],
            [
              8045.0,
              1330.0
            ],
            [
              8058.0,
              1330.0
            ],
            [
              8066.0,
              1339.0
            ],
            [
              8084.0,
              1339.0
            ],
            [
              8089.0,
              1334.0
            ],
            [
              8090.0,
              1281.0
            ],
            [
              8088.0,
              1270.0
            ],
            [
              8066.0,
              1247.0
            ],
            [
              8059.0,
              1247.0
            ],
            [
              8055.0,
              1250.0
            ],
            [
              8052.0,
              1248.0
            ],
            [
              8053.0,
              1239.0
            ],
            [
              8057.0,
              1234.0
            ],
            [
              8057.0,
              1224.0
            ],
            [
              8046.0,
              1206.0
            ],
            [
              8037.0,
              1180.0
            ],
            [
              8025.0,
              1165.0
            ]
          ]
        ]
      },
      "properties": {
        "annotation_id": "416_GP3_56",
        "label": "GP3",
        "probabilities": null,
        "tags": []
      }
    },
    {
      "type": "Feature",
      "geometry": {
        "type": "Polygon",
        "coordinates": [
          [
            [
              6203.0,
              1221.0
            ],
            [
              6204.0,
              1230.0
            ],
            [
              6212.0,
              1238.0
            ],
            [
              6206.0,
              1254.0
            ],
            [
              6207.0,
              1269.0
            ],
            [
              6220.0,
              1291.0
            ],
            [
              6222.0,
              1311.0
            ],
            [
              6243.0,
              1343.0
            ],
            [
              6247.0,
              1360.0
            ],
            [
              6252.0,
              1365.0
            ],
            [
              6258.0,
              1382.0
            ],
            [
              6268.0,
              1391.0
            ],
            [
              6286.0,
              1396.0
            ],
            [
              6409.0,
              1395.0
            ],
            [
              6440.0,
              1375.0
            ],
            [
              6448.0,
              1342.0
            ],
            [
              6463.0,
              1310.0
            ],
            [
              6465.0,
              1296.0
            ],
            [
              6470.0,
              1289.0
            ],
            [
              6473.0,
              1275.0
            ],
            [
              6476.0,
              1273.0
            ],
            [
              6479.0,
              1251.0
            ],
            [
              6482.0,
              1248.0
            ],
            [
              6478.0,
              1242.0
            ],
            [
              6459.0,
              1231.0
            ],
            [
              6440.0,
              1208.0
            ],
            [
              6430.0,
              1190.0
            ],
            [
              6430.0,
              1175.0
            ],
            [
              6425.0,
              1166.0
            ],
            [
              6399.0,
              1159.0
            ],
            [
              6379.0,
              1148.0
            ],
            [
              6318.0,
              1149.0
            ],
            [
              6313.0,
              1152.0
            ],
            [
              6300.0,
              1152.0
            ],
            [
              6277.0,
              1160.0
            ],
            [
              6270.0,
              1167.0
            ],
            [
              6254.0,
              1194.0
            ],
            [
              6246.0,
              1195.0
            ],
            [
              6222.0,
              1209.0
            ],
            [
              6213.0,
              1211.0
            ],
            [
              6203.0,
              1221.0
            ]
          ]
        ]
      },
      "properties": {
        "annotation_id": "416_GP3_57",
        "label": "GP4",
        "probabilities": {
          "GP3": 0,
          "GP4": 1,
          "GP5": 0,
          "Benign": 0
        },
        "tags": []
      }
    },
    {
      "type": "Feature",
      "geometry": {
        "type": "Polygon",
        "coordinates": [
          [
            [
              5724.0,
              1116.0
            ],
            [
              5707.0,
              1114.0
            ],
            [
              5701.0,
              1110.0
            ],
            [
              5691.0,
              1110.0
            ],
            [
              5690.0,
              1109.0
            ],
            [
              5663.0,
              1109.0
            ],
            [
              5648.0,
              1116.0
            ],
            [
              5639.0,
              1123.0
            ],
            [
              5630.0,
              1139.0
            ],
            [
              5631.0,
              1179.0
            ],
            [
              5628.0,
              1181.0
            ],
            [
              5620.0,
              1178.0
            ],
            [
              5619.0,
              1179.0
            ],
            [
              5619.0,
              1187.0
            ],
            [
              5627.0,
              1195.0
            ],
            [
              5634.0,
              1197.0
            ],
            [
              5645.0,
              1203.0
            ],
            [
              5648.0,
              1206.0
            ],
            [
              5648.0,
              1212.0
            ],
            [
              5649.0,
              1213.0
            ],
            [
              5653.0,
              1211.0
            ],
            [
              5665.0,
              1211.0
            ],
            [
              5676.0,
              1216.0
            ],
            [
              5680.0,
              1220.0
            ],
            [
              5683.0,
              1218.0
            ],
            [
              5683.0,
              1215.0
            ],
            [
              5688.0,
              1211.0
            ],
            [
              5689.0,
              1207.0
            ],
            [
              5691.0,
              1206.0
            ],
            [
              5703.0,
              1206.0
            ],
            [
              5706.0,
              1204.0
            ],
            [
              5709.0,
              1204.0
            ],
            [
              5734.0,
              1191.0
            ],
            [
              5742.0,
              1181.0
            ],
            [
              5743.0,
              1170.0
            ],
            [
              5749.0,
              1155.0
            ],
            [
              5750.0,
              1146.0
            ],
            [
              5748.0,
              1144.0
            ],
            [
              5747.0,
              1139.0
            ],
            [
              5742.0,
              1135.0
            ],
            [
              5741.0,
              1130.0
            ],
            [
              5732.0,
              1121.0
            ],
            [
              5724.0,
              1116.0
            ]
          ]
        ]
      },
      "properties": {
        "annotation_id": "416_GP3_58",
        "label": "GP3",
        "probabilities": null,
        "tags": []
      }
    },
    {
      "type": "Feature",
      "geometry": {
        "type": "Polygon",
        "coordinates": [
          [
            [
              6745.88264150604,
              1361.8309762126642
            ],
            [
              6757.743342934626,
              1331.723041817024
            ],
            [
              6773.264142867484,
              1300.6814419513064
            ],
            [
              6792.92382278244,
              1253.6016821549676
            ],
            [
              6793.869684549277,
              1221.9153129659037
            ],
            [
              6806,
              1220
            ],
            [
              6850,
              1195
            ],
            [
              6887,
              1119
            ],
            [
              6910,
              1106
            ],
            [
              6957,
              1104
            ],
            [
              7006,
              1124
            ],
            [
              7023,
              1145
            ],
            [
              7036,
              1198
            ],
            [
              6985,
              1259
            ],
            [
              6978,
              1306
            ],
            [
              6993,
              1353
            ],
            [
              6999,
              1326
            ],
            [
              7018,
              1302
            ],
            [
              7109,
              1273
            ],
            [
              7116,
              1237
            ],
            [
              7143,
              1211
            ],
            [
              7164,
              1216
            ],
            [
              7212,
              1296
            ],
            [
              7245,
              1307
            ],
            [
              7324,
              1408
            ],
            [
              7332,
              1487
            ],
            [
              7315,
              1513
            ],
            [
              7281,
              1531
            ],
            [
              7278,
              1547
            ],
            [
              7284,
              1561
            ],
            [
              7321,
              1565
            ],
            [
              7348,
              1591
            ],
            [
              7357,
              1680
            ],
            [
              7339,
              1689
            ],
            [
              7326,
              1736
            ],
            [
              7277,
              1765
            ],
            [
              7233,
              1765
            ],
            [
              7208,
              1738
            ],
            [
              7195,
              1685
            ],
            [
              7162,
              1633
            ],
            [
              7179,
              1597
            ],
            [
              7226,
              1570
            ],
            [
              7223,
              1539
            ],
            [
              7067,
              1536
            ],
            [
              6998,
              1513
            ],
            [
              6971,
              1481
            ],
            [
              6982,
              1408
            ],
            [
              6962,
              1418
            ],
            [
              6883,
              1398
            ],
            [
              6870,
              1413
            ],
            [
              6775,
              1413
            ],
            [
              6762,
              1405
            ],
            [
              6761,
              1350
            ],
            [
              6745.88264150604,
              1361.8309762126642
            ]
          ],
          [
            [
              6864,
              1253
            ],
            [
              6864,
              1270
            ],
            [
              6869,
              1273
            ],
            [
              6881,
              1273
            ],
            [
              6887,
              1268
            ],
            [
              6890,
              1267
            ],
            [
              6907,
              1250
            ],
            [
              6907,
              1247
            ],
            [
              6912,
              1242
            ],
            [
              6912,
              1240
            ],
            [
              6924,
              1228
            ],
            [
              6928,
              1227
            ],
            [
              6932,
              1223
            ],
            [
              6935,
              1222
            ],
            [
              6937,
              1220
            ],
            [
              6949,
              1220
            ],
            [
              6952,
              1218
            ],
            [
              6956,
              1218
            ],
            [
              6962,
              1213
            ],
            [
              6965,
              1212
            ],
            [
              6977,
              1200
            ],
            [
              6977,
              1189
            ],
            [
              6955,
              1177
            ],
            [
              6953,
              1177
            ],
            [
              6949,
              1174
            ],
            [
              6943,
              1174
            ],
            [
              6940,
              1172
            ],
            [
              6936,
              1172
            ],
            [
              6933,
              1174
            ],
            [
              6928,
              1175
            ],
            [
              6916,
              1186
            ],
            [
              6916,
              1189
            ],
            [
              6911,
              1193
            ],
            [
              6911,
              1197
            ],
            [
              6901,
              1206
            ],
            [
              6901,
              1209
            ],
            [
              6896,
              1213
            ],
            [
              6896,
              1216
            ],
            [
              6894,
              1218
            ],
            [
              6894,
              1221
            ],
            [
              6889,
              1226
            ],
            [
              6889,
              1228
            ],
            [
              6864,
              1253
            ]
          ],
          [
            [
              7030,
              1405
            ],
            [
              7030,
              1416
            ],
            [
              7032,
              1418
            ],
            [
              7032,
              1422
            ],
            [
              7035,
              1425
            ],
            [
              7035,
              1431
            ],
            [
              7037,
              1433
            ],
            [
              7037,
              1435
            ],
            [
              7040,
              1438
            ],
            [
              7040,
              1441
            ],
            [
              7042,
              1443
            ],
            [
              7042,
              1445
            ],
            [
              7045,
              1448
            ],
            [
              7045,
              1451
            ],
            [
              7055,
              1461
            ],
            [
              7055,
              1463
            ],
            [
              7062,
              1470
            ],
            [
              7069,
              1473
            ],
            [
              7070,
              1474
            ],
            [
              7081,
              1474
            ],
            [
              7082,
              1473
            ],
            [
              7083,
              1473
            ],
            [
              7086,
              1470
            ],
            [
              7086,
              1454
            ],
            [
              7080,
              1450
            ],
            [
              7072,
              1450
            ],
            [
              7069,
              1448
            ],
            [
              7067,
              1448
            ],
            [
              7061,
              1442
            ],
            [
              7061,
              1439
            ],
            [
              7056,
              1434
            ],
            [
              7056,
              1432
            ],
            [
              7053,
              1429
            ],
            [
              7053,
              1426
            ],
            [
              7051,
              1424
            ],
            [
              7051,
              1422
            ],
            [
              7046,
              1417
            ],
            [
              7046,
              1414
            ],
            [
              7045,
              1413
            ],
            [
              7044,
              1413
            ],
            [
              7038,
              1407
            ],
            [
              7038,
              1405
            ],
            [
              7037,
              1404
            ],
            [
              7036,
              1404
            ],
            [
              7035,
              1403
            ],
            [
              7033,
              1403
            ],
            [
              7032,
              1404
            ],
            [
              7031,
              1404
            ],
            [
              7030,
              1405
            ]
          ],
          [
            [
              7143,
              1269
            ],
            [
              7143,
              1295
            ],
            [
              7145,
              1297
            ],
            [
              7145,
              1299
            ],
            [
              7151,
              1305
            ],
            [
              7152,
              1305
            ],
            [
              7153,
              1306
            ],
            [
              7159,
              1306
            ],
            [
              7160,
              1305
            ],
            [
              7161,
              1305
            ],
            [
              7163,
              1303
            ],
            [
              7165,
              1303
            ],
            [
              7166,
              1302
            ],
            [
              7167,
              1302
            ],
            [
              7173,
              1296
            ],
            [
              7173,
              1295
            ],
            [
              7174,
              1294
            ],
            [
              7174,
              1293
            ],
            [
              7176,
              1291
            ],
            [
              7176,
              1288
            ],
            [
              7178,
              1286
            ],
            [
              7178,
              1285
            ],
            [
              7179,
              1284
            ],
            [
              7179,
              1274
            ],
            [
              7176,
              1271
            ],
            [
              7176,
              1269
            ],
            [
              7168,
              1261
            ],
            [
              7167,
              1261
            ],
            [
              7166,
              1260
            ],
            [
              7160,
              1260
            ],
            [
              7159,
              1259
            ],
            [
              7156,
              1259
            ],
            [
              7155,
              1260
            ],
            [
              7151,
              1260
            ],
            [
              7150,
              1261
            ],
            [
              7149,
              1261
            ],
            [
              7147,
              1263
            ],
            [
              7146,
              1263
            ],
            [
              7145,
              1264
            ],
            [
              7145,
              1267
            ],
            [
              7143,
              1269
            ]
          ],
          [
            [
              7155,
              1401
            ],
            [
              7155,
              1429
            ],
            [
              7158,
              1432
            ],
            [
              7158,
              1440
            ],
            [
              7160,
              1442
            ],
            [
              7160,
              1447
            ],
            [
              7163,
              1450
            ],
            [
              7163,
              1453
            ],
            [
              7166,
              1457
            ],
            [
              7171,
              1458
            ],
            [
              7174,
              1456
            ],
            [
              7174,
              1451
            ],
            [
              7171,
              1449
            ],
            [
              7171,
              1433
            ],
            [
              7176,
              1426
            ],
            [
              7176,
              1423
            ],
            [
              7178,
              1421
            ],
            [
              7179,
              1418
            ],
            [
              7194,
              1403
            ],
            [
              7208,
              1396
            ],
            [
              7212,
              1396
            ],
            [
              7216,
              1393
            ],
            [
              7235,
              1393
            ],
            [
              7241,
              1388
            ],
            [
              7241,
              1385
            ],
            [
              7244,
              1382
            ],
            [
              7244,
              1366
            ],
            [
              7241,
              1364
            ],
            [
              7241,
              1361
            ],
            [
              7239,
              1359
            ],
            [
              7232,
              1355
            ],
            [
              7227,
              1355
            ],
            [
              7223,
              1352
            ],
            [
              7219,
              1352
            ],
            [
              7215,
              1355
            ],
            [
              7208,
              1355
            ],
            [
              7205,
              1357
            ],
            [
              7201,
              1357
            ],
            [
              7197,
              1360
            ],
            [
              7193,
              1361
            ],
            [
              7182,
              1370
            ],
            [
              7178,
              1371
            ],
            [
              7168,
              1381
            ],
            [
              7168,
              1384
            ],
            [
              7160,
              1391
            ],
            [
              7160,
              1394
            ],
            [
              7158,
              1396
            ],
            [
              7158,
              1399
            ],
            [
              7155,
              1401
            ]
          ],
          [
            [
              7176,
              1638
            ],
            [
              7176,
              1644
            ],
            [
              7178,
              1646
            ],
            [
              7178,
              1648
            ],
            [
              7181,
              1651
            ],
            [
              7181,
              1654
            ],
            [
              7193,
              1666
            ],
            [
              7194,
              1666
            ],
            [
              7195,
              1667
            ],
            [
              7196,
              1667
            ],
            [
              7197,
              1668
            ],
            [
              7198,
              1668
            ],
            [
              7199,
              1669
            ],
            [
              7200,
              1669
            ],
            [
              7201,
              1670
            ],
            [
              7209,
              1670
            ],
            [
              7210,
              1669
            ],
            [
              7211,
              1669
            ],
            [
              7217,
              1663
            ],
            [
              7217,
              1643
            ],
            [
              7214,
              1640
            ],
            [
              7214,
              1638
            ],
            [
              7213,
              1637
            ],
            [
              7212,
              1637
            ],
            [
              7211,
              1636
            ],
            [
              7210,
              1636
            ],
            [
              7209,
              1635
            ],
            [
              7206,
              1635
            ],
            [
              7205,
              1636
            ],
            [
              7193,
              1636
            ],
            [
              7192,
              1635
            ],
            [
              7191,
              1635
            ],
            [
              7190,
              1634
            ],
            [
              7181,
              1634
            ],
            [
              7180,
              1635
            ],
            [
              7179,
              1635
            ],
            [
              7176,
              1638
            ]
          ]
        ]
      },
      "properties": {
        "annotation_id": "416_GP3_59",
        "label": "GP3",
        "probabilities": null,
        "tags": []
      }
    },
    {
      "type": "Feature",
      "geometry": {
        "type": "Polygon",
        "coordinates": [
          [
            [
              9195,
              1179
            ],
            [
              9169,
              1174
            ],
            [
              9159,
              1124
            ],
            [
              9010,
              1105
            ],
            [
              8936,
              1066
            ],
            [
              8804,
              1112
            ],
            [
              8647,
              1228
            ],
            [
              8612,
              1288
            ],
            [
              8509,
              1247
            ],
            [
              8389,
              1288
            ],
            [
              8340,
              1333
            ],
            [
              8168,
              1297
            ],
            [
              8089,
              1366
            ],
            [
              7922,
              1425
            ],
            [
              7878,
              1581
            ],
            [
              7826,
              1603
            ],
            [
              7832,
              1637
            ],
            [
              7803,
              1671
            ],
            [
              7677,
              1571
            ],
            [
              7521,
              1606
            ],
            [
              7462,
              1709
            ],
            [
              7522,
              1822
            ],
            [
              7463,
              1868
            ],
            [
              7454,
              1808
            ],
            [
              7416,
              1760
            ],
            [
              7371,
              1810
            ],
            [
              7381,
              1843
            ],
            [
              7333,
              1970
            ],
            [
              7358,
              2003
            ],
            [
              7440,
              2006
            ],
            [
              7467,
              2044
            ],
            [
              7529,
              2067
            ],
            [
              7601,
              2059
            ],
            [
              7629,
              2030
            ],
            [
              7698,
              2071
            ],
            [
              7760,
              2019
            ],
            [
              7792,
              2109
            ],
            [
              7866,
              2125
            ],
            [
              7887,
              2109
            ],
            [
              7889,
              2021
            ],
            [
              7965,
              2062
            ],
            [
              7989,
              1989
            ],
            [
              8109,
              2048
            ],
            [
              8263,
              2035
            ],
            [
              8242,
              2133
            ],
            [
              8327,
              2156
            ],
            [
              8410,
              2238
            ],
            [
              8554,
              2290
            ],
            [
              8863,
              2331
            ],
            [
              8857,
              2252
            ],
            [
              8739,
              2113
            ],
            [
              8667,
              2076
            ],
            [
              8755,
              2105
            ],
            [
              8802,
              2170
            ],
            [
              8885,
              2189
            ],
            [
              8891,
              2106
            ],
            [
              8956,
              2075
            ],
            [
              8966,
              2027
            ],
            [
              8979.132143041248,
              1927.3485253907577
            ],
            [
              8902.52624460428,
              1852.5444472148456
            ],
            [
              8805.856567384471,
              1783.209608604942
            ],
            [
              8885.88387130032,
              1780.3075346940557
            ],
            [
              8951.489769737289,
              1717.8018202610565
            ],
            [
              9042,
              1467
            ],
            [
              9058,
              1272
            ],
            [
              9104,
              1291
            ],
            [
              9150,
              1232
            ],
            [
              9172,
              1252
            ],
            [
              9162,
              1199
            ],
            [
              9195,
              1179
            ]
          ],
          [
            [
              8292,
              2022
            ],
            [
              8330,
              2002
            ],
            [
              8335,
              1996
            ],
            [
              8332,
              1988
            ],
            [
              8335,
              1984
            ],
            [
              8343,
              1990
            ],
            [
              8362,
              1996
            ],
            [
              8365,
              2001
            ],
            [
              8373,
              2006
            ],
            [
              8387,
              2009
            ],
            [
              8393,
              2014
            ],
            [
              8406,
              2016
            ],
            [
              8417,
              2022
            ],
            [
              8446,
              2031
            ],
            [
              8461,
              2033
            ],
            [
              8474,
              2042
            ],
            [
              8514,
              2042
            ],
            [
              8534,
              2049
            ],
            [
              8545,
              2050
            ],
            [
              8553,
              2055
            ],
            [
              8562,
              2055
            ],
            [
              8590,
              2064
            ],
            [
              8599,
              2064
            ],
            [
              8603,
              2067
            ],
            [
              8608,
              2067
            ],
            [
              8608,
              2062
            ],
            [
              8611,
              2060
            ],
            [
              8618,
              2060
            ],
            [
              8639,
              2069
            ],
            [
              8653,
              2071
            ],
            [
              8656,
              2075
            ],
            [
              8653,
              2077
            ],
            [
              8636,
              2077
            ],
            [
              8632,
              2080
            ],
            [
              8552,
              2080
            ],
            [
              8544,
              2070
            ],
            [
              8538,
              2070
            ],
            [
              8532,
              2065
            ],
            [
              8523,
              2063
            ],
            [
              8506,
              2050
            ],
            [
              8480,
              2050
            ],
            [
              8447,
              2046
            ],
            [
              8438,
              2041
            ],
            [
              8424,
              2039
            ],
            [
              8380,
              2041
            ],
            [
              8351,
              2031
            ],
            [
              8339,
              2031
            ],
            [
              8325,
              2026
            ],
            [
              8295,
              2026
            ],
            [
              8292,
              2022
            ]
          ],
          [
            [
              8753,
              1971
            ],
            [
              8756,
              1973
            ],
            [
              8756,
              1976
            ],
            [
              8752,
              1979
            ],
            [
              8750,
              1979
            ],
            [
              8747,
              1981
            ],
            [
              8745,
              1981
            ],
            [
              8744,
              1982
            ],
            [
              8741,
              1983
            ],
            [
              8736,
              1988
            ],
            [
              8736,
              1997
            ],
            [
              8737,
              1998
            ],
            [
              8737,
              2002
            ],
            [
              8738,
              2003
            ],
            [
              8738,
              2018
            ],
            [
              8739,
              2019
            ],
            [
              8739,
              2025
            ],
            [
              8741,
              2027
            ],
            [
              8741,
              2030
            ],
            [
              8742,
              2031
            ],
            [
              8742,
              2033
            ],
            [
              8743,
              2034
            ],
            [
              8743,
              2038
            ],
            [
              8742,
              2039
            ],
            [
              8742,
              2041
            ],
            [
              8741,
              2042
            ],
            [
              8740,
              2042
            ],
            [
              8739,
              2043
            ],
            [
              8733,
              2043
            ],
            [
              8727,
              2039
            ],
            [
              8727,
              2037
            ],
            [
              8723,
              2033
            ],
            [
              8723,
              2032
            ],
            [
              8721,
              2030
            ],
            [
              8720,
              2025
            ],
            [
              8718,
              2023
            ],
            [
              8718,
              2020
            ],
            [
              8717,
              2019
            ],
            [
              8717,
              2011
            ],
            [
              8718,
              2010
            ],
            [
              8718,
              2008
            ],
            [
              8722,
              2005
            ],
            [
              8722,
              2003
            ],
            [
              8723,
              2002
            ],
            [
              8723,
              2000
            ],
            [
              8722,
              1999
            ],
            [
              8722,
              1996
            ],
            [
              8720,
              1993
            ],
            [
              8720,
              1991
            ],
            [
              8718,
              1989
            ],
            [
              8718,
              1983
            ],
            [
              8722,
              1980
            ],
            [
              8723,
              1980
            ],
            [
              8725,
              1978
            ],
            [
              8728,
              1977
            ],
            [
              8730,
              1975
            ],
            [
              8731,
              1975
            ],
            [
              8736,
              1972
            ],
            [
              8740,
              1972
            ],
            [
              8741,
              1971
            ],
            [
              8753,
              1971
            ]
          ],
          [
            [
              8605,
              1924
            ],
            [
              8608,
              1926
            ],
            [
              8608,
              1928
            ],
            [
              8609,
              1929
            ],
            [
              8609,
              1935
            ],
            [
              8610,
              1936
            ],
            [
              8613,
              1943
            ],
            [
              8616,
              1947
            ],
            [
              8616,
              1951
            ],
            [
              8615,
              1952
            ],
            [
              8615,
              1954
            ],
            [
              8614,
              1955
            ],
            [
              8614,
              1959
            ],
            [
              8617,
              1964
            ],
            [
              8617,
              1974
            ],
            [
              8618,
              1975
            ],
            [
              8618,
              1979
            ],
            [
              8619,
              1980
            ],
            [
              8619,
              1986
            ],
            [
              8618,
              1987
            ],
            [
              8618,
              1989
            ],
            [
              8616,
              1992
            ],
            [
              8616,
              1995
            ],
            [
              8615,
              1996
            ],
            [
              8615,
              1998
            ],
            [
              8614,
              1999
            ],
            [
              8613,
              2004
            ],
            [
              8606,
              2012
            ],
            [
              8603,
              2013
            ],
            [
              8599,
              2010
            ],
            [
              8599,
              2005
            ],
            [
              8601,
              2003
            ],
            [
              8601,
              1999
            ],
            [
              8602,
              1998
            ],
            [
              8602,
              1993
            ],
            [
              8601,
              1992
            ],
            [
              8601,
              1990
            ],
            [
              8599,
              1988
            ],
            [
              8599,
              1987
            ],
            [
              8597,
              1984
            ],
            [
              8597,
              1980
            ],
            [
              8596,
              1979
            ],
            [
              8596,
              1975
            ],
            [
              8594,
              1973
            ],
            [
              8594,
              1971
            ],
            [
              8593,
              1970
            ],
            [
              8593,
              1950
            ],
            [
              8594,
              1949
            ],
            [
              8594,
              1939
            ],
            [
              8596,
              1937
            ],
            [
              8596,
              1935
            ],
            [
              8598,
              1932
            ],
            [
              8598,
              1930
            ],
            [
              8603,
              1925
            ],
            [
              8604,
              1925
            ],
            [
              8605,
              1924
            ]
          ],
          [
            [
              8175,
              1923
            ],
            [
              8178,
              1920
            ],
            [
              8179,
              1920
            ],
            [
              8180,
              1919
            ],
            [
              8182,
              1919
            ],
            [
              8183,
              1918
            ],
            [
              8184,
              1918
            ],
            [
              8185,
              1919
            ],
            [
              8189,
              1919
            ],
            [
              8190,
              1920
            ],
            [
              8191,
              1920
            ],
            [
              8194,
              1923
            ],
            [
              8195,
              1923
            ],
            [
              8205,
              1933
            ],
            [
              8206,
              1933
            ],
            [
              8207,
              1934
            ],
            [
              8208,
              1934
            ],
            [
              8209,
              1935
            ],
            [
              8210,
              1935
            ],
            [
              8215,
              1940
            ],
            [
              8215,
              1949
            ],
            [
              8216,
              1950
            ],
            [
              8216,
              1951
            ],
            [
              8220,
              1955
            ],
            [
              8220,
              1957
            ],
            [
              8221,
              1958
            ],
            [
              8221,
              1962
            ],
            [
              8219,
              1964
            ],
            [
              8218,
              1964
            ],
            [
              8217,
              1965
            ],
            [
              8214,
              1965
            ],
            [
              8213,
              1964
            ],
            [
              8211,
              1964
            ],
            [
              8210,
              1963
            ],
            [
              8209,
              1963
            ],
            [
              8207,
              1961
            ],
            [
              8195,
              1961
            ],
            [
              8194,
              1960
            ],
            [
              8193,
              1960
            ],
            [
              8192,
              1959
            ],
            [
              8191,
              1959
            ],
            [
              8189,
              1957
            ],
            [
              8189,
              1956
            ],
            [
              8186,
              1953
            ],
            [
              8186,
              1952
            ],
            [
              8184,
              1950
            ],
            [
              8184,
              1948
            ],
            [
              8183,
              1947
            ],
            [
              8183,
              1946
            ],
            [
              8180,
              1944
            ],
            [
              8180,
              1942
            ],
            [
              8179,
              1941
            ],
            [
              8179,
              1939
            ],
            [
              8175,
              1935
            ],
            [
              8175,
              1933
            ],
            [
              8174,
              1932
            ],
            [
              8174,
              1928
            ],
            [
              8175,
              1927
            ],
            [
              8175,
              1923
            ]
          ],
          [
            [
              7945,
              1767
            ],
            [
              7945,
              1780
            ],
            [
              7947,
              1784
            ],
            [
              7947,
              1792
            ],
            [
              7946,
              1793
            ],
            [
              7946,
              1796
            ],
            [
              7943,
              1800
            ],
            [
              7943,
              1802
            ],
            [
              7942,
              1803
            ],
            [
              7942,
              1807
            ],
            [
              7940,
              1811
            ],
            [
              7932,
              1819
            ],
            [
              7931,
              1822
            ],
            [
              7928,
              1824
            ],
            [
              7919,
              1824
            ],
            [
              7918,
              1823
            ],
            [
              7915,
              1823
            ],
            [
              7914,
              1822
            ],
            [
              7912,
              1822
            ],
            [
              7911,
              1823
            ],
            [
              7906,
              1823
            ],
            [
              7902,
              1821
            ],
            [
              7900,
              1819
            ],
            [
              7899,
              1815
            ],
            [
              7896,
              1812
            ],
            [
              7895,
              1807
            ],
            [
              7891,
              1803
            ],
            [
              7891,
              1797
            ],
            [
              7899,
              1792
            ],
            [
              7906,
              1790
            ],
            [
              7907,
              1789
            ],
            [
              7907,
              1787
            ],
            [
              7909,
              1785
            ],
            [
              7909,
              1781
            ],
            [
              7903,
              1775
            ],
            [
              7902,
              1775
            ],
            [
              7897,
              1780
            ],
            [
              7897,
              1782
            ],
            [
              7894,
              1785
            ],
            [
              7890,
              1787
            ],
            [
              7884,
              1788
            ],
            [
              7879,
              1784
            ],
            [
              7879,
              1781
            ],
            [
              7878,
              1780
            ],
            [
              7878,
              1777
            ],
            [
              7879,
              1776
            ],
            [
              7879,
              1772
            ],
            [
              7880,
              1770
            ],
            [
              7883,
              1767
            ],
            [
              7885,
              1766
            ],
            [
              7889,
              1766
            ],
            [
              7890,
              1765
            ],
            [
              7901,
              1765
            ],
            [
              7904,
              1767
            ],
            [
              7924,
              1767
            ],
            [
              7925,
              1766
            ],
            [
              7931,
              1765
            ],
            [
              7934,
              1763
            ],
            [
              7939,
              1763
            ],
            [
              7945,
              1767
            ]
          ],
          [
            [
              8379,
              1781
            ],
            [
              8384,
              1778
            ],
            [
              8404,
              1780
            ],
            [
              8414,
              1788
            ],
            [
              8414,
              1798
            ],
            [
              8420,
              1800
            ],
            [
              8423,
              1798
            ],
            [
              8427,
              1788
            ],
            [
              8435,
              1780
            ],
            [
              8441,
              1778
            ],
            [
              8447,
              1769
            ],
            [
              8467,
              1751
            ],
            [
              8472,
              1749
            ],
            [
              8483,
              1755
            ],
            [
              8489,
              1761
            ],
            [
              8487,
              1767
            ],
            [
              8482,
              1770
            ],
            [
              8470,
              1771
            ],
            [
              8461,
              1776
            ],
            [
              8435,
              1800
            ],
            [
              8434,
              1811
            ],
            [
              8437,
              1824
            ],
            [
              8447,
              1843
            ],
            [
              8461,
              1855
            ],
            [
              8467,
              1855
            ],
            [
              8479,
              1847
            ],
            [
              8501,
              1839
            ],
            [
              8522,
              1839
            ],
            [
              8527,
              1842
            ],
            [
              8538,
              1853
            ],
            [
              8540,
              1863
            ],
            [
              8540,
              1883
            ],
            [
              8531,
              1901
            ],
            [
              8527,
              1904
            ],
            [
              8524,
              1902
            ],
            [
              8527,
              1892
            ],
            [
              8527,
              1880
            ],
            [
              8521,
              1866
            ],
            [
              8521,
              1854
            ],
            [
              8515,
              1849
            ],
            [
              8502,
              1855
            ],
            [
              8491,
              1855
            ],
            [
              8471,
              1861
            ],
            [
              8450,
              1874
            ],
            [
              8444,
              1873
            ],
            [
              8441,
              1870
            ],
            [
              8438,
              1860
            ],
            [
              8431,
              1855
            ],
            [
              8431,
              1848
            ],
            [
              8426,
              1837
            ],
            [
              8419,
              1829
            ],
            [
              8416,
              1818
            ],
            [
              8400,
              1802
            ],
            [
              8393,
              1799
            ],
            [
              8381,
              1787
            ],
            [
              8379,
              1781
            ]
          ],
          [
            [
              8664,
              1716
            ],
            [
              8675,
              1727
            ],
            [
              8675,
              1729
            ],
            [
              8666,
              1734
            ],
            [
              8660,
              1744
            ],
            [
              8660,
              1776
            ],
            [
              8658,
              1781
            ],
            [
              8640,
              1795
            ],
            [
              8632,
              1799
            ],
            [
              8626,
              1800
            ],
            [
              8620,
              1804
            ],
            [
              8617,
              1804
            ],
            [
              8610,
              1800
            ],
            [
              8605,
              1799
            ],
            [
              8600,
              1800
            ],
            [
              8593,
              1804
            ],
            [
              8588,
              1803
            ],
            [
              8586,
              1800
            ],
            [
              8586,
              1792
            ],
            [
              8584,
              1790
            ],
            [
              8584,
              1784
            ],
            [
              8586,
              1780
            ],
            [
              8594,
              1773
            ],
            [
              8606,
              1773
            ],
            [
              8612,
              1770
            ],
            [
              8616,
              1765
            ],
            [
              8625,
              1763
            ],
            [
              8627,
              1761
            ],
            [
              8626,
              1753
            ],
            [
              8624,
              1751
            ],
            [
              8624,
              1745
            ],
            [
              8621,
              1737
            ],
            [
              8618,
              1735
            ],
            [
              8618,
              1733
            ],
            [
              8614,
              1728
            ],
            [
              8606,
              1723
            ],
            [
              8598,
              1725
            ],
            [
              8593,
              1730
            ],
            [
              8587,
              1733
            ],
            [
              8581,
              1733
            ],
            [
              8578,
              1731
            ],
            [
              8571,
              1730
            ],
            [
              8564,
              1726
            ],
            [
              8561,
              1722
            ],
            [
              8562,
              1717
            ],
            [
              8573,
              1709
            ],
            [
              8580,
              1708
            ],
            [
              8586,
              1705
            ],
            [
              8601,
              1704
            ],
            [
              8608,
              1698
            ],
            [
              8610,
              1694
            ],
            [
              8614,
              1692
            ],
            [
              8633,
              1699
            ],
            [
              8641,
              1707
            ],
            [
              8648,
              1710
            ],
            [
              8651,
              1713
            ],
            [
              8664,
              1716
            ]
          ],
          [
            [
              8873,
              1634
            ],
            [
              8888,
              1634
            ],
            [
              8889,
              1633
            ],
            [
              8894,
              1634
            ],
            [
              8897,
              1636
            ],
            [
              8898,
              1641
            ],
            [
              8901,
              1646
            ],
            [
              8908,
              1653
            ],
            [
              8922,
              1660
            ],
            [
              8932,
              1660
            ],
            [
              8936,
              1663
            ],
            [
              8936,
              1671
            ],
            [
              8933,
              1678
            ],
            [
              8926,
              1686
            ],
            [
              8922,
              1695
            ],
            [
              8923,
              1705
            ],
            [
              8922,
              1706
            ],
            [
              8921,
              1715
            ],
            [
              8928,
              1724
            ],
            [
              8928,
              1728
            ],
            [
              8925,
              1734
            ],
            [
              8925,
              1738
            ],
            [
              8920,
              1743
            ],
            [
              8915,
              1746
            ],
            [
              8904,
              1745
            ],
            [
              8899,
              1741
            ],
            [
              8900,
              1724
            ],
            [
              8897,
              1718
            ],
            [
              8896,
              1709
            ],
            [
              8890,
              1698
            ],
            [
              8889,
              1689
            ],
            [
              8884,
              1681
            ],
            [
              8878,
              1675
            ],
            [
              8870,
              1670
            ],
            [
              8867,
              1663
            ],
            [
              8867,
              1660
            ],
            [
              8863,
              1653
            ],
            [
              8863,
              1650
            ],
            [
              8862,
              1649
            ],
            [
              8862,
              1645
            ],
            [
              8863,
              1643
            ],
            [
              8873,
              1634
            ]
          ],
          [
            [
              7658,
              1619
            ],
            [
              7663,
              1625
            ],
            [
              7663,
              1629
            ],
            [
              7658,
              1634
            ],
            [
              7651,
              1637
            ],
            [
              7649,
              1639
            ],
            [
              7648,
              1639
            ],
            [
              7647,
              1640
            ],
            [
              7645,
              1640
            ],
            [
              7644,
              1641
            ],
            [
              7641,
              1641
            ],
            [
              7640,
              1642
            ],
            [
              7639,
              1642
            ],
            [
              7636,
              1645
            ],
            [
              7636,
              1647
            ],
            [
              7631,
              1652
            ],
            [
              7631,
              1654
            ],
            [
              7630,
              1655
            ],
            [
              7630,
              1657
            ],
            [
              7629,
              1658
            ],
            [
              7629,
              1664
            ],
            [
              7628,
              1665
            ],
            [
              7628,
              1669
            ],
            [
              7626,
              1671
            ],
            [
              7626,
              1674
            ],
            [
              7625,
              1675
            ],
            [
              7625,
              1676
            ],
            [
              7620,
              1681
            ],
            [
              7617,
              1682
            ],
            [
              7613,
              1685
            ],
            [
              7609,
              1685
            ],
            [
              7608,
              1684
            ],
            [
              7607,
              1684
            ],
            [
              7604,
              1681
            ],
            [
              7604,
              1673
            ],
            [
              7605,
              1672
            ],
            [
              7605,
              1669
            ],
            [
              7607,
              1667
            ],
            [
              7607,
              1665
            ],
            [
              7608,
              1664
            ],
            [
              7608,
              1659
            ],
            [
              7609,
              1658
            ],
            [
              7609,
              1655
            ],
            [
              7610,
              1654
            ],
            [
              7610,
              1653
            ],
            [
              7613,
              1651
            ],
            [
              7613,
              1649
            ],
            [
              7614,
              1648
            ],
            [
              7614,
              1642
            ],
            [
              7613,
              1641
            ],
            [
              7613,
              1640
            ],
            [
              7608,
              1635
            ],
            [
              7608,
              1632
            ],
            [
              7612,
              1629
            ],
            [
              7618,
              1629
            ],
            [
              7619,
              1628
            ],
            [
              7624,
              1628
            ],
            [
              7625,
              1627
            ],
            [
              7626,
              1627
            ],
            [
              7627,
              1626
            ],
            [
              7629,
              1626
            ],
            [
              7630,
              1625
            ],
            [
              7636,
              1625
            ],
            [
              7637,
              1624
            ],
            [
              7639,
              1624
            ],
            [
              7643,
              1621
            ],
            [
              7644,
              1621
            ],
            [
              7645,
              1620
            ],
            [
              7647,
              1620
            ],
            [
              7650,
              1618
            ],
            [
              7656,
              1618
            ],
            [
              7657,
              1619
            ],
            [
              7658,
              1619
            ]
          ],
          [
            [
              8458,
              1558
            ],
            [
              8459,
              1559
            ],
            [
              8462,
              1560
            ],
            [
              8463,
              1561
            ],
            [
              8463,
              1563
            ],
            [
              8464,
              1564
            ],
            [
              8464,
              1582
            ],
            [
              8463,
              1583
            ],
            [
              8463,
              1615
            ],
            [
              8464,
              1616
            ],
            [
              8464,
              1627
            ],
            [
              8463,
              1628
            ],
            [
              8463,
              1632
            ],
            [
              8460,
              1636
            ],
            [
              8458,
              1642
            ],
            [
              8453,
              1645
            ],
            [
              8451,
              1645
            ],
            [
              8448,
              1643
            ],
            [
              8448,
              1629
            ],
            [
              8447,
              1628
            ],
            [
              8447,
              1627
            ],
            [
              8441,
              1621
            ],
            [
              8441,
              1604
            ],
            [
              8442,
              1603
            ],
            [
              8442,
              1596
            ],
            [
              8443,
              1595
            ],
            [
              8443,
              1590
            ],
            [
              8444,
              1589
            ],
            [
              8444,
              1584
            ],
            [
              8443,
              1583
            ],
            [
              8443,
              1564
            ],
            [
              8447,
              1560
            ],
            [
              8448,
              1560
            ],
            [
              8451,
              1558
            ],
            [
              8458,
              1558
            ]
          ],
          [
            [
              8701,
              1535
            ],
            [
              8707,
              1535
            ],
            [
              8708,
              1536
            ],
            [
              8712,
              1537
            ],
            [
              8717,
              1542
            ],
            [
              8718,
              1542
            ],
            [
              8719,
              1544
            ],
            [
              8723,
              1548
            ],
            [
              8725,
              1549
            ],
            [
              8725,
              1551
            ],
            [
              8726,
              1552
            ],
            [
              8726,
              1565
            ],
            [
              8727,
              1566
            ],
            [
              8727,
              1569
            ],
            [
              8730,
              1572
            ],
            [
              8730,
              1575
            ],
            [
              8731,
              1576
            ],
            [
              8731,
              1582
            ],
            [
              8729,
              1584
            ],
            [
              8729,
              1585
            ],
            [
              8723,
              1591
            ],
            [
              8716,
              1593
            ],
            [
              8712,
              1597
            ],
            [
              8712,
              1600
            ],
            [
              8714,
              1602
            ],
            [
              8718,
              1604
            ],
            [
              8721,
              1604
            ],
            [
              8726,
              1607
            ],
            [
              8726,
              1609
            ],
            [
              8728,
              1612
            ],
            [
              8728,
              1621
            ],
            [
              8725,
              1623
            ],
            [
              8721,
              1621
            ],
            [
              8717,
              1617
            ],
            [
              8715,
              1616
            ],
            [
              8715,
              1614
            ],
            [
              8712,
              1611
            ],
            [
              8712,
              1610
            ],
            [
              8708,
              1605
            ],
            [
              8707,
              1605
            ],
            [
              8705,
              1603
            ],
            [
              8703,
              1603
            ],
            [
              8699,
              1601
            ],
            [
              8696,
              1598
            ],
            [
              8696,
              1582
            ],
            [
              8695,
              1581
            ],
            [
              8695,
              1577
            ],
            [
              8705,
              1569
            ],
            [
              8705,
              1566
            ],
            [
              8706,
              1565
            ],
            [
              8706,
              1555
            ],
            [
              8705,
              1553
            ],
            [
              8700,
              1548
            ],
            [
              8700,
              1546
            ],
            [
              8696,
              1541
            ],
            [
              8696,
              1539
            ],
            [
              8701,
              1535
            ]
          ],
          [
            [
              8467,
              1514
            ],
            [
              8469,
              1519
            ],
            [
              8469,
              1535
            ],
            [
              8466,
              1539
            ],
            [
              8465,
              1545
            ],
            [
              8461,
              1549
            ],
            [
              8451,
              1550
            ],
            [
              8448,
              1548
            ],
            [
              8442,
              1548
            ],
            [
              8436,
              1550
            ],
            [
              8432,
              1548
            ],
            [
              8428,
              1541
            ],
            [
              8425,
              1539
            ],
            [
              8418,
              1542
            ],
            [
              8405,
              1551
            ],
            [
              8397,
              1559
            ],
            [
              8382,
              1581
            ],
            [
              8380,
              1588
            ],
            [
              8374,
              1598
            ],
            [
              8354,
              1616
            ],
            [
              8346,
              1619
            ],
            [
              8329,
              1616
            ],
            [
              8320,
              1620
            ],
            [
              8311,
              1617
            ],
            [
              8289,
              1617
            ],
            [
              8274,
              1625
            ],
            [
              8265,
              1622
            ],
            [
              8261,
              1618
            ],
            [
              8269,
              1604
            ],
            [
              8275,
              1601
            ],
            [
              8289,
              1587
            ],
            [
              8296,
              1585
            ],
            [
              8301,
              1581
            ],
            [
              8340,
              1581
            ],
            [
              8346,
              1580
            ],
            [
              8364,
              1571
            ],
            [
              8368,
              1567
            ],
            [
              8369,
              1560
            ],
            [
              8381,
              1540
            ],
            [
              8397,
              1526
            ],
            [
              8422,
              1517
            ],
            [
              8440,
              1519
            ],
            [
              8455,
              1510
            ],
            [
              8461,
              1510
            ],
            [
              8467,
              1514
            ]
          ],
          [
            [
              8112,
              1490
            ],
            [
              8119,
              1495
            ],
            [
              8128,
              1511
            ],
            [
              8128,
              1522
            ],
            [
              8125,
              1527
            ],
            [
              8124,
              1540
            ],
            [
              8127,
              1542
            ],
            [
              8127,
              1544
            ],
            [
              8132,
              1550
            ],
            [
              8132,
              1553
            ],
            [
              8128,
              1557
            ],
            [
              8120,
              1558
            ],
            [
              8115,
              1563
            ],
            [
              8114,
              1572
            ],
            [
              8110,
              1578
            ],
            [
              8109,
              1588
            ],
            [
              8107,
              1592
            ],
            [
              8105,
              1593
            ],
            [
              8102,
              1592
            ],
            [
              8096,
              1582
            ],
            [
              8091,
              1582
            ],
            [
              8088,
              1587
            ],
            [
              8083,
              1589
            ],
            [
              8083,
              1600
            ],
            [
              8086,
              1605
            ],
            [
              8087,
              1611
            ],
            [
              8092,
              1617
            ],
            [
              8094,
              1622
            ],
            [
              8093,
              1630
            ],
            [
              8090,
              1632
            ],
            [
              8084,
              1632
            ],
            [
              8079,
              1628
            ],
            [
              8074,
              1627
            ],
            [
              8067,
              1631
            ],
            [
              8061,
              1631
            ],
            [
              8057,
              1628
            ],
            [
              8058,
              1622
            ],
            [
              8063,
              1617
            ],
            [
              8065,
              1610
            ],
            [
              8058,
              1600
            ],
            [
              8058,
              1597
            ],
            [
              8064,
              1587
            ],
            [
              8063,
              1585
            ],
            [
              8064,
              1579
            ],
            [
              8069,
              1575
            ],
            [
              8069,
              1572
            ],
            [
              8072,
              1569
            ],
            [
              8074,
              1561
            ],
            [
              8082,
              1556
            ],
            [
              8087,
              1551
            ],
            [
              8089,
              1540
            ],
            [
              8094,
              1533
            ],
            [
              8094,
              1521
            ],
            [
              8096,
              1519
            ],
            [
              8098,
              1511
            ],
            [
              8101,
              1507
            ],
            [
              8106,
              1495
            ],
            [
              8112,
              1490
            ]
          ],
          [
            [
              8809,
              1478
            ],
            [
              8814,
              1481
            ],
            [
              8814,
              1483
            ],
            [
              8816,
              1486
            ],
            [
              8816,
              1492
            ],
            [
              8815,
              1493
            ],
            [
              8815,
              1495
            ],
            [
              8813,
              1498
            ],
            [
              8813,
              1501
            ],
            [
              8814,
              1502
            ],
            [
              8814,
              1521
            ],
            [
              8812,
              1523
            ],
            [
              8812,
              1524
            ],
            [
              8810,
              1527
            ],
            [
              8810,
              1530
            ],
            [
              8811,
              1531
            ],
            [
              8811,
              1533
            ],
            [
              8813,
              1535
            ],
            [
              8813,
              1539
            ],
            [
              8811,
              1541
            ],
            [
              8811,
              1544
            ],
            [
              8810,
              1545
            ],
            [
              8810,
              1546
            ],
            [
              8806,
              1550
            ],
            [
              8805,
              1550
            ],
            [
              8804,
              1551
            ],
            [
              8799,
              1551
            ],
            [
              8798,
              1550
            ],
            [
              8795,
              1549
            ],
            [
              8792,
              1546
            ],
            [
              8791,
              1546
            ],
            [
              8787,
              1542
            ],
            [
              8787,
              1541
            ],
            [
              8784,
              1538
            ],
            [
              8784,
              1537
            ],
            [
              8782,
              1535
            ],
            [
              8782,
              1531
            ],
            [
              8780,
              1529
            ],
            [
              8780,
              1521
            ],
            [
              8782,
              1519
            ],
            [
              8782,
              1516
            ],
            [
              8784,
              1513
            ],
            [
              8784,
              1511
            ],
            [
              8785,
              1510
            ],
            [
              8785,
              1508
            ],
            [
              8787,
              1506
            ],
            [
              8787,
              1499
            ],
            [
              8788,
              1498
            ],
            [
              8788,
              1494
            ],
            [
              8792,
              1490
            ],
            [
              8793,
              1490
            ],
            [
              8794,
              1489
            ],
            [
              8799,
              1489
            ],
            [
              8800,
              1488
            ],
            [
              8802,
              1488
            ],
            [
              8803,
              1487
            ],
            [
              8803,
              1485
            ],
            [
              8804,
              1484
            ],
            [
              8804,
              1480
            ],
            [
              8807,
              1478
            ],
            [
              8809,
              1478
            ]
          ],
          [
            [
              8211,
              1485
            ],
            [
              8216,
              1481
            ],
            [
              8220,
              1481
            ],
            [
              8221,
              1480
            ],
            [
              8223,
              1480
            ],
            [
              8226,
              1477
            ],
            [
              8226,
              1475
            ],
            [
              8228,
              1473
            ],
            [
              8228,
              1472
            ],
            [
              8234,
              1467
            ],
            [
              8236,
              1466
            ],
            [
              8239,
              1466
            ],
            [
              8241,
              1467
            ],
            [
              8244,
              1471
            ],
            [
              8244,
              1474
            ],
            [
              8246,
              1477
            ],
            [
              8246,
              1479
            ],
            [
              8250,
              1484
            ],
            [
              8252,
              1489
            ],
            [
              8254,
              1491
            ],
            [
              8254,
              1494
            ],
            [
              8255,
              1495
            ],
            [
              8255,
              1508
            ],
            [
              8252,
              1512
            ],
            [
              8252,
              1520
            ],
            [
              8257,
              1524
            ],
            [
              8263,
              1524
            ],
            [
              8264,
              1523
            ],
            [
              8267,
              1523
            ],
            [
              8269,
              1524
            ],
            [
              8275,
              1530
            ],
            [
              8280,
              1532
            ],
            [
              8281,
              1534
            ],
            [
              8289,
              1542
            ],
            [
              8289,
              1548
            ],
            [
              8288,
              1550
            ],
            [
              8285,
              1552
            ],
            [
              8280,
              1552
            ],
            [
              8276,
              1550
            ],
            [
              8274,
              1548
            ],
            [
              8268,
              1548
            ],
            [
              8265,
              1550
            ],
            [
              8262,
              1550
            ],
            [
              8260,
              1549
            ],
            [
              8250,
              1538
            ],
            [
              8249,
              1534
            ],
            [
              8248,
              1533
            ],
            [
              8248,
              1528
            ],
            [
              8245,
              1526
            ],
            [
              8245,
              1524
            ],
            [
              8241,
              1520
            ],
            [
              8239,
              1516
            ],
            [
              8239,
              1514
            ],
            [
              8236,
              1510
            ],
            [
              8235,
              1507
            ],
            [
              8232,
              1504
            ],
            [
              8224,
              1501
            ],
            [
              8220,
              1497
            ],
            [
              8217,
              1496
            ],
            [
              8215,
              1494
            ],
            [
              8215,
              1492
            ],
            [
              8211,
              1488
            ],
            [
              8211,
              1485
            ]
          ],
          [
            [
              8299,
              1395
            ],
            [
              8300,
              1395
            ],
            [
              8303,
              1397
            ],
            [
              8303,
              1410
            ],
            [
              8304,
              1411
            ],
            [
              8304,
              1412
            ],
            [
              8309,
              1417
            ],
            [
              8310,
              1417
            ],
            [
              8311,
              1418
            ],
            [
              8311,
              1420
            ],
            [
              8312,
              1421
            ],
            [
              8312,
              1423
            ],
            [
              8313,
              1424
            ],
            [
              8313,
              1430
            ],
            [
              8314,
              1431
            ],
            [
              8314,
              1433
            ],
            [
              8316,
              1435
            ],
            [
              8316,
              1436
            ],
            [
              8321,
              1441
            ],
            [
              8321,
              1442
            ],
            [
              8323,
              1444
            ],
            [
              8323,
              1446
            ],
            [
              8324,
              1447
            ],
            [
              8324,
              1448
            ],
            [
              8326,
              1450
            ],
            [
              8326,
              1452
            ],
            [
              8328,
              1454
            ],
            [
              8328,
              1456
            ],
            [
              8329,
              1457
            ],
            [
              8329,
              1458
            ],
            [
              8336,
              1466
            ],
            [
              8336,
              1468
            ],
            [
              8333,
              1470
            ],
            [
              8332,
              1470
            ],
            [
              8331,
              1469
            ],
            [
              8328,
              1469
            ],
            [
              8327,
              1468
            ],
            [
              8324,
              1467
            ],
            [
              8322,
              1465
            ],
            [
              8322,
              1464
            ],
            [
              8317,
              1459
            ],
            [
              8316,
              1459
            ],
            [
              8305,
              1448
            ],
            [
              8305,
              1447
            ],
            [
              8302,
              1444
            ],
            [
              8302,
              1443
            ],
            [
              8301,
              1442
            ],
            [
              8301,
              1440
            ],
            [
              8300,
              1439
            ],
            [
              8300,
              1438
            ],
            [
              8298,
              1436
            ],
            [
              8298,
              1435
            ],
            [
              8296,
              1432
            ],
            [
              8296,
              1428
            ],
            [
              8295,
              1427
            ],
            [
              8295,
              1424
            ],
            [
              8293,
              1422
            ],
            [
              8293,
              1421
            ],
            [
              8291,
              1418
            ],
            [
              8291,
              1410
            ],
            [
              8292,
              1409
            ],
            [
              8292,
              1406
            ],
            [
              8293,
              1405
            ],
            [
              8293,
              1403
            ],
            [
              8296,
              1400
            ],
            [
              8296,
              1397
            ],
            [
              8299,
              1395
            ]
          ],
          [
            [
              8480,
              1366
            ],
            [
              8481,
              1367
            ],
            [
              8482,
              1367
            ],
            [
              8485,
              1370
            ],
            [
              8485,
              1371
            ],
            [
              8486,
              1372
            ],
            [
              8486,
              1375
            ],
            [
              8487,
              1376
            ],
            [
              8487,
              1386
            ],
            [
              8486,
              1387
            ],
            [
              8486,
              1395
            ],
            [
              8487,
              1396
            ],
            [
              8487,
              1397
            ],
            [
              8493,
              1403
            ],
            [
              8493,
              1404
            ],
            [
              8495,
              1406
            ],
            [
              8495,
              1409
            ],
            [
              8496,
              1410
            ],
            [
              8496,
              1412
            ],
            [
              8497,
              1413
            ],
            [
              8497,
              1415
            ],
            [
              8498,
              1416
            ],
            [
              8498,
              1417
            ],
            [
              8500,
              1419
            ],
            [
              8500,
              1420
            ],
            [
              8505,
              1425
            ],
            [
              8505,
              1430
            ],
            [
              8502,
              1432
            ],
            [
              8490,
              1432
            ],
            [
              8489,
              1431
            ],
            [
              8486,
              1430
            ],
            [
              8482,
              1426
            ],
            [
              8482,
              1424
            ],
            [
              8481,
              1423
            ],
            [
              8481,
              1417
            ],
            [
              8480,
              1416
            ],
            [
              8480,
              1413
            ],
            [
              8479,
              1412
            ],
            [
              8479,
              1410
            ],
            [
              8476,
              1407
            ],
            [
              8476,
              1405
            ],
            [
              8475,
              1404
            ],
            [
              8475,
              1402
            ],
            [
              8474,
              1401
            ],
            [
              8474,
              1394
            ],
            [
              8472,
              1392
            ],
            [
              8472,
              1390
            ],
            [
              8470,
              1387
            ],
            [
              8470,
              1385
            ],
            [
              8469,
              1384
            ],
            [
              8469,
              1383
            ],
            [
              8467,
              1381
            ],
            [
              8467,
              1375
            ],
            [
              8468,
              1374
            ],
            [
              8469,
              1374
            ],
            [
              8471,
              1372
            ],
            [
              8472,
              1372
            ],
            [
              8475,
              1369
            ],
            [
              8476,
              1369
            ],
            [
              8478,
              1367
            ],
            [
              8479,
              1367
            ],
            [
              8480,
              1366
            ]
          ],
          [
            [
              9003,
              1344
            ],
            [
              9005,
              1344
            ],
            [
              9006,
              1345
            ],
            [
              9008,
              1345
            ],
            [
              9009,
              1346
            ],
            [
              9010,
              1346
            ],
            [
              9011,
              1347
            ],
            [
              9011,
              1348
            ],
            [
              9012,
              1349
            ],
            [
              9013,
              1349
            ],
            [
              9014,
              1350
            ],
            [
              9014,
              1351
            ],
            [
              9017,
              1354
            ],
            [
              9018,
              1354
            ],
            [
              9021,
              1357
            ],
            [
              9022,
              1357
            ],
            [
              9023,
              1358
            ],
            [
              9023,
              1359
            ],
            [
              9027,
              1363
            ],
            [
              9027,
              1368
            ],
            [
              9026,
              1369
            ],
            [
              9026,
              1370
            ],
            [
              9025,
              1371
            ],
            [
              9025,
              1372
            ],
            [
              9019,
              1378
            ],
            [
              9018,
              1378
            ],
            [
              9017,
              1379
            ],
            [
              9015,
              1379
            ],
            [
              9014,
              1380
            ],
            [
              9012,
              1380
            ],
            [
              9011,
              1381
            ],
            [
              9007,
              1381
            ],
            [
              9006,
              1382
            ],
            [
              9001,
              1382
            ],
            [
              9000,
              1381
            ],
            [
              8999,
              1381
            ],
            [
              8998,
              1380
            ],
            [
              8997,
              1380
            ],
            [
              8996,
              1379
            ],
            [
              8995,
              1379
            ],
            [
              8991,
              1375
            ],
            [
              8991,
              1374
            ],
            [
              8990,
              1373
            ],
            [
              8990,
              1372
            ],
            [
              8989,
              1371
            ],
            [
              8989,
              1369
            ],
            [
              8988,
              1368
            ],
            [
              8988,
              1364
            ],
            [
              8987,
              1363
            ],
            [
              8987,
              1350
            ],
            [
              8989,
              1348
            ],
            [
              8990,
              1348
            ],
            [
              8991,
              1347
            ],
            [
              8994,
              1347
            ],
            [
              8995,
              1346
            ],
            [
              8998,
              1346
            ],
            [
              8999,
              1345
            ],
            [
              9002,
              1345
            ],
            [
              9003,
              1344
            ]
          ],
          [
            [
              8937,
              1338
            ],
            [
              8945,
              1342
            ],
            [
              8949,
              1349
            ],
            [
              8949,
              1355
            ],
            [
              8954,
              1364
            ],
            [
              8954,
              1374
            ],
            [
              8959,
              1395
            ],
            [
              8974,
              1417
            ],
            [
              8990,
              1431
            ],
            [
              8998,
              1467
            ],
            [
              8993,
              1477
            ],
            [
              8988,
              1506
            ],
            [
              8980,
              1519
            ],
            [
              8973,
              1524
            ],
            [
              8960,
              1538
            ],
            [
              8952,
              1539
            ],
            [
              8941,
              1544
            ],
            [
              8923,
              1543
            ],
            [
              8919,
              1545
            ],
            [
              8907,
              1545
            ],
            [
              8900,
              1538
            ],
            [
              8901,
              1528
            ],
            [
              8913,
              1521
            ],
            [
              8919,
              1514
            ],
            [
              8933,
              1512
            ],
            [
              8956,
              1493
            ],
            [
              8960,
              1488
            ],
            [
              8960,
              1481
            ],
            [
              8967,
              1462
            ],
            [
              8967,
              1457
            ],
            [
              8963,
              1449
            ],
            [
              8962,
              1437
            ],
            [
              8952,
              1423
            ],
            [
              8952,
              1411
            ],
            [
              8935,
              1394
            ],
            [
              8930,
              1383
            ],
            [
              8930,
              1378
            ],
            [
              8936,
              1371
            ],
            [
              8936,
              1364
            ],
            [
              8925,
              1356
            ],
            [
              8926,
              1341
            ],
            [
              8930,
              1338
            ],
            [
              8937,
              1338
            ]
          ],
          [
            [
              8223,
              1338
            ],
            [
              8228,
              1342
            ],
            [
              8228,
              1345
            ],
            [
              8227,
              1346
            ],
            [
              8226,
              1352
            ],
            [
              8224,
              1354
            ],
            [
              8222,
              1360
            ],
            [
              8219,
              1363
            ],
            [
              8219,
              1365
            ],
            [
              8214,
              1370
            ],
            [
              8213,
              1374
            ],
            [
              8201,
              1387
            ],
            [
              8197,
              1389
            ],
            [
              8195,
              1389
            ],
            [
              8188,
              1396
            ],
            [
              8187,
              1403
            ],
            [
              8182,
              1413
            ],
            [
              8181,
              1433
            ],
            [
              8179,
              1435
            ],
            [
              8179,
              1440
            ],
            [
              8176,
              1442
            ],
            [
              8172,
              1439
            ],
            [
              8170,
              1432
            ],
            [
              8167,
              1429
            ],
            [
              8167,
              1426
            ],
            [
              8165,
              1423
            ],
            [
              8165,
              1419
            ],
            [
              8164,
              1418
            ],
            [
              8164,
              1416
            ],
            [
              8165,
              1415
            ],
            [
              8165,
              1406
            ],
            [
              8163,
              1404
            ],
            [
              8162,
              1397
            ],
            [
              8163,
              1396
            ],
            [
              8163,
              1392
            ],
            [
              8165,
              1390
            ],
            [
              8166,
              1383
            ],
            [
              8170,
              1378
            ],
            [
              8175,
              1376
            ],
            [
              8188,
              1376
            ],
            [
              8190,
              1377
            ],
            [
              8192,
              1375
            ],
            [
              8191,
              1368
            ],
            [
              8192,
              1367
            ],
            [
              8193,
              1357
            ],
            [
              8195,
              1355
            ],
            [
              8195,
              1352
            ],
            [
              8197,
              1349
            ],
            [
              8200,
              1347
            ],
            [
              8203,
              1347
            ],
            [
              8204,
              1348
            ],
            [
              8211,
              1348
            ],
            [
              8212,
              1347
            ],
            [
              8214,
              1347
            ],
            [
              8215,
              1346
            ],
            [
              8215,
              1343
            ],
            [
              8219,
              1339
            ],
            [
              8223,
              1338
            ]
          ],
          [
            [
              9143,
              1142
            ],
            [
              9155,
              1155
            ],
            [
              9155,
              1157
            ],
            [
              9157,
              1159
            ],
            [
              9157,
              1161
            ],
            [
              9158,
              1162
            ],
            [
              9158,
              1166
            ],
            [
              9160,
              1168
            ],
            [
              9160,
              1185
            ],
            [
              9158,
              1187
            ],
            [
              9158,
              1192
            ],
            [
              9153,
              1202
            ],
            [
              9137,
              1217
            ],
            [
              9133,
              1218
            ],
            [
              9130,
              1220
            ],
            [
              9128,
              1220
            ],
            [
              9125,
              1222
            ],
            [
              9119,
              1222
            ],
            [
              9118,
              1223
            ],
            [
              9116,
              1223
            ],
            [
              9105,
              1230
            ],
            [
              9102,
              1230
            ],
            [
              9099,
              1232
            ],
            [
              9086,
              1232
            ],
            [
              9083,
              1230
            ],
            [
              9077,
              1230
            ],
            [
              9073,
              1227
            ],
            [
              9072,
              1223
            ],
            [
              9070,
              1221
            ],
            [
              9070,
              1210
            ],
            [
              9072,
              1208
            ],
            [
              9073,
              1201
            ],
            [
              9075,
              1199
            ],
            [
              9075,
              1196
            ],
            [
              9077,
              1194
            ],
            [
              9077,
              1190
            ],
            [
              9079,
              1188
            ],
            [
              9080,
              1184
            ],
            [
              9086,
              1178
            ],
            [
              9087,
              1170
            ],
            [
              9089,
              1168
            ],
            [
              9089,
              1162
            ],
            [
              9093,
              1157
            ],
            [
              9094,
              1152
            ],
            [
              9098,
              1149
            ],
            [
              9098,
              1147
            ],
            [
              9111,
              1134
            ],
            [
              9116,
              1133
            ],
            [
              9117,
              1132
            ],
            [
              9125,
              1133
            ],
            [
              9131,
              1137
            ],
            [
              9133,
              1137
            ],
            [
              9137,
              1140
            ],
            [
              9139,
              1140
            ],
            [
              9143,
              1142
            ]
          ],
          [
            [
              8974,
              1127
            ],
            [
              8975,
              1128
            ],
            [
              8980,
              1130
            ],
            [
              8987,
              1137
            ],
            [
              8987,
              1139
            ],
            [
              8991,
              1143
            ],
            [
              8991,
              1146
            ],
            [
              8993,
              1148
            ],
            [
              8993,
              1158
            ],
            [
              8991,
              1161
            ],
            [
              8991,
              1170
            ],
            [
              8989,
              1172
            ],
            [
              8989,
              1175
            ],
            [
              8987,
              1177
            ],
            [
              8987,
              1181
            ],
            [
              8984,
              1186
            ],
            [
              8984,
              1188
            ],
            [
              8980,
              1192
            ],
            [
              8978,
              1197
            ],
            [
              8975,
              1200
            ],
            [
              8975,
              1202
            ],
            [
              8973,
              1204
            ],
            [
              8973,
              1206
            ],
            [
              8971,
              1208
            ],
            [
              8970,
              1208
            ],
            [
              8963,
              1212
            ],
            [
              8953,
              1212
            ],
            [
              8946,
              1207
            ],
            [
              8946,
              1188
            ],
            [
              8948,
              1186
            ],
            [
              8948,
              1181
            ],
            [
              8950,
              1179
            ],
            [
              8950,
              1176
            ],
            [
              8951,
              1175
            ],
            [
              8951,
              1173
            ],
            [
              8953,
              1171
            ],
            [
              8953,
              1167
            ],
            [
              8955,
              1165
            ],
            [
              8955,
              1160
            ],
            [
              8957,
              1158
            ],
            [
              8957,
              1146
            ],
            [
              8958,
              1145
            ],
            [
              8958,
              1143
            ],
            [
              8959,
              1142
            ],
            [
              8960,
              1142
            ],
            [
              8964,
              1138
            ],
            [
              8964,
              1134
            ],
            [
              8965,
              1133
            ],
            [
              8965,
              1131
            ],
            [
              8972,
              1127
            ],
            [
              8974,
              1127
            ]
          ]
        ]
      },
      "properties": {
        "annotation_id": "416_GP3_65",
        "label": "GP3",
        "probabilities": {
          "GP3": 0.8,
          "GP4": 0.2,
          "GP5": 0.0,
          "Benign": 0.0
        },
        "tags": []
      }
    },
    {
      "type": "Feature",
      "geometry": {
        "type": "Polygon",
        "coordinates": [
          [
            [
              7780.0,
              1038.0
            ],
            [
              7772.0,
              1047.0
            ],
            [
              7770.0,
              1054.0
            ],
            [
              7770.0,
              1065.0
            ],
            [
              7768.0,
              1068.0
            ],
            [
              7770.0,
              1098.0
            ],
            [
              7774.0,
              1101.0
            ],
            [
              7774.0,
              1114.0
            ],
            [
              7781.0,
              1126.0
            ],
            [
              7783.0,
              1135.0
            ],
            [
              7783.0,
              1143.0
            ],
            [
              7778.0,
              1150.0
            ],
            [
              7775.0,
              1168.0
            ],
            [
              7782.0,
              1172.0
            ],
            [
              7785.0,
              1176.0
            ],
            [
              7802.0,
              1178.0
            ],
            [
              7808.0,
              1182.0
            ],
            [
              7826.0,
              1186.0
            ],
            [
              7829.0,
              1191.0
            ],
            [
              7835.0,
              1195.0
            ],
            [
              7845.0,
              1206.0
            ],
            [
              7860.0,
              1206.0
            ],
            [
              7866.0,
              1202.0
            ],
            [
              7882.0,
              1179.0
            ],
            [
              7892.0,
              1174.0
            ],
            [
              7896.0,
              1167.0
            ],
            [
              7897.0,
              1158.0
            ],
            [
              7902.0,
              1153.0
            ],
            [
              7906.0,
              1152.0
            ],
            [
              7913.0,
              1144.0
            ],
            [
              7916.0,
              1138.0
            ],
            [
              7916.0,
              1101.0
            ],
            [
              7907.0,
              1090.0
            ],
            [
              7907.0,
              1088.0
            ],
            [
              7901.0,
              1084.0
            ],
            [
              7901.0,
              1079.0
            ],
            [
              7897.0,
              1073.0
            ],
            [
              7887.0,
              1068.0
            ],
            [
              7881.0,
              1067.0
            ],
            [
              7879.0,
              1064.0
            ],
            [
              7867.0,
              1056.0
            ],
            [
              7844.0,
              1050.0
            ],
            [
              7835.0,
              1042.0
            ],
            [
              7831.0,
              1042.0
            ],
            [
              7825.0,
              1039.0
            ],
            [
              7780.0,
              1038.0
            ]
          ]
        ]
      },
      "properties": {
        "annotation_id": "416_GP3_88",
        "label": "GP3",
        "probabilities": null,
        "tags": []
      }
    },
    {
      "type": "Feature",
      "geometry": {
        "type": "Polygon",
        "coordinates": [
          [
            [
              8145.0,
              1090.0
            ],
            [
              8145.0,
              1107.0
            ],
            [
              8162.0,
              1120.0
            ],
            [
              8179.0,
              1142.0
            ],
            [
              8228.0,
              1173.0
            ],
            [
              8232.0,
              1199.0
            ],
            [
              8245.0,
              1211.0
            ],
            [
              8263.0,
              1219.0
            ],
            [
              8337.0,
              1220.0
            ],
            [
              8359.0,
              1207.0
            ],
            [
              8367.0,
              1196.0
            ],
            [
              8371.0,
              1179.0
            ],
            [
              8405.0,
              1152.0
            ],
            [
              8418.0,
              1133.0
            ],
            [
              8462.0,
              1115.0
            ],
            [
              8502.0,
              1112.0
            ],
            [
              8501.0,
              1135.0
            ],
            [
              8512.0,
              1166.0
            ],
            [
              8527.0,
              1174.0
            ],
            [
              8555.0,
              1176.0
            ],
            [
              8593.0,
              1133.0
            ],
            [
              8593.0,
              1121.0
            ],
            [
              8588.0,
              1112.0
            ],
            [
              8610.0,
              1092.0
            ],
            [
              8610.0,
              1085.0
            ],
            [
              8589.0,
              1059.0
            ],
            [
              8446.0,
              1038.0
            ],
            [
              8386.0,
              1015.0
            ],
            [
              8358.0,
              1010.0
            ],
            [
              8284.0,
              1028.0
            ],
            [
              8199.0,
              1043.0
            ],
            [
              8154.0,
              1076.0
            ],
            [
              8145.0,
              1090.0
            ]
          ]
        ]
      },
      "properties": {
        "annotation_id": "416_GP3_89",
        "label": "GP3",
        "probabilities": null,
        "tags": []
      }
    },
    {
      "type": "Feature",
      "geometry": {
        "type": "Polygon",
        "coordinates": [
          [
            [
              7698.0,
              1004.0
            ],
            [
              7630.0,
              994.0
            ],
            [
              7532.0,
              991.0
            ],
            [
              7513.0,
              1006.0
            ],
            [
              7492.0,
              1041.0
            ],
            [
              7423.0,
              1042.0
            ],
            [
              7388.0,
              1058.0
            ],
            [
              7366.0,
              1087.0
            ],
            [
              7356.0,
              1092.0
            ],
            [
              7355.0,
              1098.0
            ],
            [
              7331.0,
              1107.0
            ],
            [
              7323.0,
              1106.0
            ],
            [
              7318.0,
              1111.0
            ],
            [
              7315.0,
              1152.0
            ],
            [
              7322.0,
              1164.0
            ],
            [
              7325.0,
              1249.0
            ],
            [
              7335.0,
              1290.0
            ],
            [
              7345.0,
              1302.0
            ],
            [
              7351.0,
              1319.0
            ],
            [
              7392.0,
              1322.0
            ],
            [
              7410.0,
              1304.0
            ],
            [
              7444.0,
              1294.0
            ],
            [
              7453.0,
              1302.0
            ],
            [
              7455.0,
              1327.0
            ],
            [
              7483.0,
              1347.0
            ],
            [
              7503.0,
              1354.0
            ],
            [
              7518.0,
              1354.0
            ],
            [
              7531.0,
              1340.0
            ],
            [
              7554.0,
              1327.0
            ],
            [
              7588.0,
              1320.0
            ],
            [
              7634.0,
              1254.0
            ],
            [
              7625.0,
              1246.0
            ],
            [
              7625.0,
              1237.0
            ],
            [
              7637.0,
              1215.0
            ],
            [
              7667.0,
              1185.0
            ],
            [
              7691.0,
              1170.0
            ],
            [
              7722.0,
              1134.0
            ],
            [
              7714.0,
              1068.0
            ],
            [
              7710.0,
              1064.0
            ],
            [
              7709.0,
              1032.0
            ],
            [
              7704.0,
              1028.0
            ],
            [
              7704.0,
              1014.0
            ],
            [
              7698.0,
              1004.0
            ]
          ],
          [
            [
              7528.0,
              1130.0
            ],
            [
              7530.0,
              1120.0
            ],
            [
              7534.0,
              1112.0
            ],
            [
              7534.0,
              1109.0
            ],
            [
              7536.0,
              1107.0
            ],
            [
              7537.0,
              1099.0
            ],
            [
              7541.0,
              1090.0
            ],
            [
              7544.0,
              1087.0
            ],
            [
              7543.0,
              1077.0
            ],
            [
              7539.0,
              1074.0
            ],
            [
              7539.0,
              1071.0
            ],
            [
              7536.0,
              1065.0
            ],
            [
              7536.0,
              1052.0
            ],
            [
              7541.0,
              1047.0
            ],
            [
              7559.0,
              1038.0
            ],
            [
              7562.0,
              1038.0
            ],
            [
              7565.0,
              1036.0
            ],
            [
              7573.0,
              1039.0
            ],
            [
              7578.0,
              1043.0
            ],
            [
              7582.0,
              1043.0
            ],
            [
              7586.0,
              1045.0
            ],
            [
              7591.0,
              1059.0
            ],
            [
              7597.0,
              1063.0
            ],
            [
              7609.0,
              1063.0
            ],
            [
              7617.0,
              1057.0
            ],
            [
              7629.0,
              1052.0
            ],
            [
              7636.0,
              1052.0
            ],
            [
              7639.0,
              1050.0
            ],
            [
              7648.0,
              1050.0
            ],
            [
              7659.0,
              1056.0
            ],
            [
              7668.0,
              1067.0
            ],
            [
              7668.0,
              1071.0
            ],
            [
              7670.0,
              1073.0
            ],
            [
              7668.0,
              1095.0
            ],
            [
              7666.0,
              1097.0
            ],
            [
              7664.0,
              1104.0
            ],
            [
              7659.0,
              1107.0
            ],
            [
              7655.0,
              1107.0
            ],
            [
              7652.0,
              1109.0
            ],
            [
              7638.0,
              1109.0
            ],
            [
              7617.0,
              1118.0
            ],
            [
              7611.0,
              1118.0
            ],
            [
              7587.0,
              1127.0
            ],
            [
              7584.0,
              1127.0
            ],
            [
              7574.0,
              1122.0
            ],
            [
              7566.0,
              1114.0
            ],
            [
              7561.0,
              1113.0
            ],
            [
              7557.0,
              1114.0
            ],
            [
              7544.0,
              1127.0
            ],
            [
              7535.0,
              1132.0
            ],
            [
              7531.0,
              1132.0
            ],
            [
              7528.0,
              1130.0
            ]
          ]
        ]
      },
      "properties": {
        "annotation_id": "416_GP3_90",
        "label": "GP3",
        "probabilities": null,
        "tags": []
      }
    },
    {
      "type": "Feature",
      "geometry": {
        "type": "Polygon",
        "coordinates": [
          [
            [
              6125.0,
              955.0
            ],
            [
              6119.0,
              968.0
            ],
            [
              6102.0,
              986.0
            ],
            [
              6085.0,
              996.0
            ],
            [
              6076.0,
              1005.0
            ],
            [
              6065.0,
              1023.0
            ],
            [
              6055.0,
              1024.0
            ],
            [
              6034.0,
              1033.0
            ],
            [
              6033.0,
              1044.0
            ],
            [
              6037.0,
              1050.0
            ],
            [
              6033.0,
              1058.0
            ],
            [
              6033.0,
              1073.0
            ],
            [
              6042.0,
              1097.0
            ],
            [
              6044.0,
              1123.0
            ],
            [
              6047.0,
              1127.0
            ],
            [
              6048.0,
              1153.0
            ],
            [
              6061.0,
              1181.0
            ],
            [
              6065.0,
              1207.0
            ],
            [
              6088.0,
              1225.0
            ],
            [
              6113.0,
              1257.0
            ],
            [
              6149.0,
              1259.0
            ],
            [
              6157.0,
              1253.0
            ],
            [
              6158.0,
              1247.0
            ],
            [
              6163.0,
              1242.0
            ],
            [
              6161.0,
              1214.0
            ],
            [
              6164.0,
              1211.0
            ],
            [
              6164.0,
              1200.0
            ],
            [
              6179.0,
              1189.0
            ],
            [
              6189.0,
              1175.0
            ],
            [
              6206.0,
              1161.0
            ],
            [
              6206.0,
              1122.0
            ],
            [
              6210.0,
              1116.0
            ],
            [
              6210.0,
              1093.0
            ],
            [
              6215.0,
              1083.0
            ],
            [
              6215.0,
              1070.0
            ],
            [
              6198.0,
              1050.0
            ],
            [
              6187.0,
              1045.0
            ],
            [
              6187.0,
              1026.0
            ],
            [
              6191.0,
              1015.0
            ],
            [
              6186.0,
              1013.0
            ],
            [
              6146.0,
              1015.0
            ],
            [
              6141.0,
              1011.0
            ],
            [
              6138.0,
              1004.0
            ],
            [
              6140.0,
              968.0
            ],
            [
              6135.0,
              958.0
            ],
            [
              6125.0,
              955.0
            ]
          ]
        ]
      },
      "properties": {
        "annotation_id": "416_GP3_92",
        "label": "GP3",
        "probabilities": null,
        "tags": []
      }
    },
    {
      "type": "Feature",
      "geometry": {
        "type": "Polygon",
        "coordinates": [
          [
            [
              6764.0,
              959.0
            ],
            [
              6751.0,
              956.0
            ],
            [
              6738.0,
              947.0
            ],
            [
              6714.0,
              947.0
            ],
            [
              6689.0,
              954.0
            ],
            [
              6668.0,
              967.0
            ],
            [
              6647.0,
              974.0
            ],
            [
              6621.0,
              979.0
            ],
            [
              6596.0,
              979.0
            ],
            [
              6583.0,
              983.0
            ],
            [
              6575.0,
              979.0
            ],
            [
              6564.0,
              961.0
            ],
            [
              6522.0,
              945.0
            ],
            [
              6496.0,
              945.0
            ],
            [
              6520.0,
              1010.0
            ],
            [
              6523.0,
              1035.0
            ],
            [
              6527.0,
              1044.0
            ],
            [
              6527.0,
              1064.0
            ],
            [
              6520.0,
              1076.0
            ],
            [
              6519.0,
              1103.0
            ],
            [
              6526.0,
              1119.0
            ],
            [
              6553.0,
              1157.0
            ],
            [
              6562.0,
              1180.0
            ],
            [
              6590.0,
              1213.0
            ],
            [
              6601.0,
              1213.0
            ],
            [
              6617.0,
              1199.0
            ],
            [
              6627.0,
              1185.0
            ],
            [
              6632.0,
              1171.0
            ],
            [
              6633.0,
              1144.0
            ],
            [
              6636.0,
              1137.0
            ],
            [
              6674.0,
              1122.0
            ],
            [
              6683.0,
              1122.0
            ],
            [
              6705.0,
              1111.0
            ],
            [
              6708.0,
              1099.0
            ],
            [
              6714.0,
              1093.0
            ],
            [
              6718.0,
              1081.0
            ],
            [
              6735.0,
              1063.0
            ],
            [
              6740.0,
              1043.0
            ],
            [
              6752.0,
              1030.0
            ],
            [
              6760.0,
              1012.0
            ],
            [
              6757.0,
              1005.0
            ],
            [
              6764.0,
              983.0
            ],
            [
              6764.0,
              959.0
            ]
          ]
        ]
      },
      "properties": {
        "annotation_id": "416_GP3_93",
        "label": "GP3",
        "probabilities": null,
        "tags": []
      }
    },
    {
      "type": "Feature",
      "geometry": {
        "type": "Polygon",
        "coordinates": [
          [
            [
              5869.0,
              888.0
            ],
            [
              5847.0,
              887.0
            ],
            [
              5828.0,
              890.0
            ],
            [
              5794.0,
              889.0
            ],
            [
              5782.0,
              897.0
            ],
            [
              5755.0,
              905.0
            ],
            [
              5740.0,
              920.0
            ],
            [
              5726.0,
              924.0
            ],
            [
              5711.0,
              934.0
            ],
            [
              5709.0,
              943.0
            ],
            [
              5695.0,
              950.0
            ],
            [
              5683.0,
              966.0
            ],
            [
              5683.0,
              999.0
            ],
            [
              5690.0,
              1009.0
            ],
            [
              5689.0,
              1022.0
            ],
            [
              5706.0,
              1035.0
            ],
            [
              5717.0,
              1039.0
            ],
            [
              5730.0,
              1058.0
            ],
            [
              5734.0,
              1058.0
            ],
            [
              5752.0,
              1067.0
            ],
            [
              5767.0,
              1069.0
            ],
            [
              5771.0,
              1072.0
            ],
            [
              5805.0,
              1073.0
            ],
            [
              5814.0,
              1069.0
            ],
            [
              5854.0,
              1072.0
            ],
            [
              5866.0,
              1066.0
            ],
            [
              5880.0,
              1054.0
            ],
            [
              5886.0,
              1043.0
            ],
            [
              5886.0,
              1035.0
            ],
            [
              5889.0,
              1030.0
            ],
            [
              5889.0,
              1017.0
            ],
            [
              5884.0,
              1014.0
            ],
            [
              5882.0,
              1009.0
            ],
            [
              5868.0,
              995.0
            ],
            [
              5871.0,
              989.0
            ],
            [
              5871.0,
              975.0
            ],
            [
              5876.0,
              968.0
            ],
            [
              5883.0,
              966.0
            ],
            [
              5884.0,
              957.0
            ],
            [
              5878.0,
              939.0
            ],
            [
              5878.0,
              929.0
            ],
            [
              5872.0,
              923.0
            ],
            [
              5871.0,
              911.0
            ],
            [
              5875.0,
              908.0
            ],
            [
              5875.0,
              905.0
            ],
            [
              5869.0,
              896.0
            ],
            [
              5869.0,
              888.0
            ]
          ]
        ]
      },
      "properties": {
        "annotation_id": "416_GP3_94",
        "label": "GP3",
        "probabilities": null,
        "tags": []
      }
    },
    {
      "type": "Feature",
      "geometry": {
        "type": "Polygon",
        "coordinates": [
          [
            [
              4714.0,
              636.0
            ],
            [
              4729.0,
              670.0
            ],
            [
              4745.0,
              813.0
            ],
            [
              4796.0,
              872.0
            ],
            [
              4834.0,
              893.0
            ],
            [
              4868.0,
              942.0
            ],
            [
              4906.0,
              965.0
            ],
            [
              4917.0,
              979.0
            ],
            [
              4914.0,
              1028.0
            ],
            [
              4926.0,
              1034.0
            ],
            [
              5022.0,
              1034.0
            ],
            [
              5071.0,
              1013.0
            ],
            [
              5262.0,
              984.0
            ],
            [
              5308.0,
              956.0
            ],
            [
              5350.0,
              956.0
            ],
            [
              5388.0,
              924.0
            ],
            [
              5497.0,
              894.0
            ],
            [
              5556.0,
              868.0
            ],
            [
              5608.0,
              765.0
            ],
            [
              5609.0,
              736.0
            ],
            [
              5585.0,
              689.0
            ],
            [
              5495.0,
              652.0
            ],
            [
              5461.0,
              649.0
            ],
            [
              5457.0,
              660.0
            ],
            [
              5435.0,
              665.0
            ],
            [
              5448.0,
              699.0
            ],
            [
              5451.0,
              729.0
            ],
            [
              5443.0,
              739.0
            ],
            [
              5432.0,
              695.0
            ],
            [
              5415.0,
              672.0
            ],
            [
              5393.0,
              659.0
            ],
            [
              5355.0,
              656.0
            ],
            [
              5342.0,
              641.0
            ],
            [
              5289.0,
              639.0
            ],
            [
              5210.0,
              616.0
            ],
            [
              5121.0,
              609.0
            ],
            [
              5112.0,
              598.0
            ],
            [
              5007.0,
              574.0
            ],
            [
              4988.0,
              635.0
            ],
            [
              4893.0,
              623.0
            ],
            [
              4895.0,
              586.0
            ],
            [
              4887.0,
              573.0
            ],
            [
              4824.0,
              541.0
            ],
            [
              4840.0,
              560.0
            ],
            [
              4827.0,
              604.0
            ],
            [
              4841.0,
              633.0
            ],
            [
              4837.0,
              640.0
            ],
            [
              4813.0,
              620.0
            ],
            [
              4796.0,
              628.0
            ],
            [
              4731.0,
              626.0
            ],
            [
              4714.0,
              636.0
            ]
          ],
          [
            [
              4931.0,
              719.0
            ],
            [
              4934.0,
              719.0
            ],
            [
              4937.0,
              721.0
            ],
            [
              4944.0,
              721.0
            ],
            [
              4947.0,
              719.0
            ],
            [
              4950.0,
              719.0
            ],
            [
              4955.0,
              722.0
            ],
            [
              4955.0,
              731.0
            ],
            [
              4954.0,
              732.0
            ],
            [
              4954.0,
              737.0
            ],
            [
              4953.0,
              738.0
            ],
            [
              4953.0,
              755.0
            ],
            [
              4952.0,
              756.0
            ],
            [
              4952.0,
              769.0
            ],
            [
              4953.0,
              770.0
            ],
            [
              4953.0,
              778.0
            ],
            [
              4950.0,
              780.0
            ],
            [
              4947.0,
              778.0
            ],
            [
              4947.0,
              774.0
            ],
            [
              4945.0,
              771.0
            ],
            [
              4944.0,
              771.0
            ],
            [
              4942.0,
              769.0
            ],
            [
              4941.0,
              769.0
            ],
            [
              4940.0,
              768.0
            ],
            [
              4938.0,
              768.0
            ],
            [
              4937.0,
              767.0
            ],
            [
              4936.0,
              767.0
            ],
            [
              4934.0,
              765.0
            ],
            [
              4934.0,
              764.0
            ],
            [
              4932.0,
              762.0
            ],
            [
              4932.0,
              761.0
            ],
            [
              4930.0,
              759.0
            ],
            [
              4930.0,
              758.0
            ],
            [
              4928.0,
              756.0
            ],
            [
              4928.0,
              755.0
            ],
            [
              4925.0,
              752.0
            ],
            [
              4925.0,
              751.0
            ],
            [
              4923.0,
              749.0
            ],
            [
              4923.0,
              748.0
            ],
            [
              4922.0,
              747.0
            ],
            [
              4922.0,
              746.0
            ],
            [
              4921.0,
              745.0
            ],
            [
              4921.0,
              744.0
            ],
            [
              4920.0,
              743.0
            ],
            [
              4919.0,
              740.0
            ],
            [
              4916.0,
              737.0
            ],
            [
              4916.0,
              736.0
            ],
            [
              4915.0,
              735.0
            ],
            [
              4915.0,
              733.0
            ],
            [
              4927.0,
              721.0
            ],
            [
              4928.0,
              721.0
            ],
            [
              4931.0,
              719.0
            ]
          ],
          [
            [
              5128.0,
              681.0
            ],
            [
              5131.0,
              679.0
            ],
            [
              5135.0,
              679.0
            ],
            [
              5136.0,
              680.0
            ],
            [
              5139.0,
              680.0
            ],
            [
              5140.0,
              681.0
            ],
            [
              5142.0,
              681.0
            ],
            [
              5150.0,
              685.0
            ],
            [
              5160.0,
              685.0
            ],
            [
              5161.0,
              686.0
            ],
            [
              5163.0,
              686.0
            ],
            [
              5167.0,
              688.0
            ],
            [
              5171.0,
              692.0
            ],
            [
              5175.0,
              694.0
            ],
            [
              5177.0,
              694.0
            ],
            [
              5180.0,
              696.0
            ],
            [
              5182.0,
              696.0
            ],
            [
              5183.0,
              697.0
            ],
            [
              5185.0,
              697.0
            ],
            [
              5187.0,
              698.0
            ],
            [
              5192.0,
              703.0
            ],
            [
              5193.0,
              703.0
            ],
            [
              5196.0,
              707.0
            ],
            [
              5198.0,
              708.0
            ],
            [
              5204.0,
              708.0
            ],
            [
              5205.0,
              707.0
            ],
            [
              5208.0,
              707.0
            ],
            [
              5209.0,
              706.0
            ],
            [
              5211.0,
              706.0
            ],
            [
              5214.0,
              704.0
            ],
            [
              5216.0,
              705.0
            ],
            [
              5218.0,
              708.0
            ],
            [
              5218.0,
              713.0
            ],
            [
              5217.0,
              714.0
            ],
            [
              5217.0,
              716.0
            ],
            [
              5214.0,
              719.0
            ],
            [
              5210.0,
              721.0
            ],
            [
              5208.0,
              721.0
            ],
            [
              5207.0,
              722.0
            ],
            [
              5204.0,
              722.0
            ],
            [
              5196.0,
              716.0
            ],
            [
              5190.0,
              716.0
            ],
            [
              5189.0,
              715.0
            ],
            [
              5187.0,
              715.0
            ],
            [
              5179.0,
              711.0
            ],
            [
              5174.0,
              706.0
            ],
            [
              5172.0,
              702.0
            ],
            [
              5172.0,
              700.0
            ],
            [
              5168.0,
              696.0
            ],
            [
              5164.0,
              694.0
            ],
            [
              5157.0,
              694.0
            ],
            [
              5156.0,
              693.0
            ],
            [
              5142.0,
              693.0
            ],
            [
              5141.0,
              692.0
            ],
            [
              5136.0,
              691.0
            ],
            [
              5132.0,
              689.0
            ],
            [
              5128.0,
              685.0
            ],
            [
              5128.0,
              681.0
            ]
          ],
          [
            [
              4849.0,
              690.0
            ],
            [
              4852.0,
              688.0
            ],
            [
              4854.0,
              688.0
            ],
            [
              4855.0,
              687.0
            ],
            [
              4856.0,
              687.0
            ],
            [
              4858.0,
              685.0
            ],
            [
              4858.0,
              684.0
            ],
            [
              4862.0,
              680.0
            ],
            [
              4863.0,
              680.0
            ],
            [
              4864.0,
              679.0
            ],
            [
              4870.0,
              679.0
            ],
            [
              4871.0,
              680.0
            ],
            [
              4873.0,
              680.0
            ],
            [
              4874.0,
              681.0
            ],
            [
              4875.0,
              681.0
            ],
            [
              4876.0,
              682.0
            ],
            [
              4877.0,
              682.0
            ],
            [
              4880.0,
              684.0
            ],
            [
              4888.0,
              684.0
            ],
            [
              4891.0,
              682.0
            ],
            [
              4893.0,
              682.0
            ],
            [
              4896.0,
              684.0
            ],
            [
              4896.0,
              685.0
            ],
            [
              4897.0,
              686.0
            ],
            [
              4897.0,
              687.0
            ],
            [
              4898.0,
              688.0
            ],
            [
              4898.0,
              689.0
            ],
            [
              4899.0,
              690.0
            ],
            [
              4899.0,
              691.0
            ],
            [
              4901.0,
              693.0
            ],
            [
              4901.0,
              694.0
            ],
            [
              4903.0,
              696.0
            ],
            [
              4903.0,
              697.0
            ],
            [
              4904.0,
              698.0
            ],
            [
              4904.0,
              701.0
            ],
            [
              4903.0,
              702.0
            ],
            [
              4903.0,
              703.0
            ],
            [
              4902.0,
              704.0
            ],
            [
              4902.0,
              705.0
            ],
            [
              4901.0,
              706.0
            ],
            [
              4901.0,
              707.0
            ],
            [
              4900.0,
              708.0
            ],
            [
              4900.0,
              709.0
            ],
            [
              4899.0,
              710.0
            ],
            [
              4899.0,
              711.0
            ],
            [
              4896.0,
              714.0
            ],
            [
              4895.0,
              714.0
            ],
            [
              4894.0,
              715.0
            ],
            [
              4888.0,
              715.0
            ],
            [
              4887.0,
              714.0
            ],
            [
              4884.0,
              714.0
            ],
            [
              4883.0,
              713.0
            ],
            [
              4880.0,
              713.0
            ],
            [
              4879.0,
              712.0
            ],
            [
              4878.0,
              712.0
            ],
            [
              4877.0,
              711.0
            ],
            [
              4876.0,
              711.0
            ],
            [
              4875.0,
              710.0
            ],
            [
              4874.0,
              710.0
            ],
            [
              4873.0,
              709.0
            ],
            [
              4872.0,
              709.0
            ],
            [
              4871.0,
              708.0
            ],
            [
              4870.0,
              708.0
            ],
            [
              4867.0,
              706.0
            ],
            [
              4865.0,
              706.0
            ],
            [
              4864.0,
              705.0
            ],
            [
              4860.0,
              705.0
            ],
            [
              4859.0,
              704.0
            ],
            [
              4858.0,
              704.0
            ],
            [
              4854.0,
              700.0
            ],
            [
              4854.0,
              699.0
            ],
            [
              4852.0,
              697.0
            ],
            [
              4852.0,
              696.0
            ],
            [
              4850.0,
              694.0
            ],
            [
              4850.0,
              693.0
            ],
            [
              4849.0,
              692.0
            ],
            [
              4849.0,
              690.0
            ]
          ]
        ]
      },
      "properties": {
        "annotation_id": "416_GP3_95",
        "label": "GP4",
        "probabilities": {
          "GP3": 0.4,
          "GP4": 0.6,
          "GP5": 0.0,
          "Benign": 0.0
        },
        "tags": []
      }
    },
    {
      "type": "Feature",
      "geometry": {
        "type": "Polygon",
        "coordinates": [
          [
            [
              8925,
              2268
            ],
            [
              9069,
              2039
            ],
            [
              9239,
              2011
            ],
            [
              9536,
              2097
            ],
            [
              9512,
              2053
            ],
            [
              9198,
              1966
            ],
            [
              9067,
              1708
            ],
            [
              9105,
              1350
            ],
            [
              9205,
              1224
            ],
            [
              9188,
              1097
            ],
            [
              9286,
              1095
            ],
            [
              9574,
              1216
            ],
            [
              9596,
              1188
            ],
            [
              9791,
              1235
            ],
            [
              9893,
              1203
            ],
            [
              10073,
              1343
            ],
            [
              10256,
              1327
            ],
            [
              10661,
              1409
            ],
            [
              11159,
              1668
            ],
            [
              11186,
              1756
            ],
            [
              11259,
              1718
            ],
            [
              11498,
              1798
            ],
            [
              11603,
              1765
            ],
            [
              11726,
              1824
            ],
            [
              11873,
              1824
            ],
            [
              11921,
              1897
            ],
            [
              11905,
              1959
            ],
            [
              11759,
              2117
            ],
            [
              11926,
              2147
            ],
            [
              11929,
              2298
            ],
            [
              12075,
              2218
            ],
            [
              12140,
              2130
            ],
            [
              12200,
              2135
            ],
            [
              12204,
              2177
            ],
            [
              12285,
              2199
            ],
            [
              12277,
              2376
            ],
            [
              12329.323476981046,
              2294.4453184971935
            ],
            [
              12470,
              2358
            ],
            [
              12393,
              2268
            ],
            [
              12399,
              2211
            ],
            [
              12493,
              2187
            ],
            [
              12597,
              2223
            ],
            [
              12613,
              2288
            ],
            [
              12659,
              2241
            ],
            [
              12755,
              2387
            ],
            [
              12659,
              2475
            ],
            [
              12675,
              2567
            ],
            [
              12610,
              2626
            ],
            [
              12381,
              2641
            ],
            [
              12362.447203395628,
              2652.9399186067744
            ],
            [
              12359.25978506334,
              2628.3512629005454
            ],
            [
              12359.72448045955,
              2602.7930161090153
            ],
            [
              12356.471612686082,
              2586.063981845469
            ],
            [
              12359.25978506334,
              2559.57634426152
            ],
            [
              12357.4010034785,
              2534.9474882624086
            ],
            [
              12352.289354120196,
              2517.753758602652
            ],
            [
              12336.954406045277,
              2502.883505923944
            ],
            [
              12314.184331631006,
              2493.5895979997513
            ],
            [
              12307.21390068786,
              2494.0542933959605
            ],
            [
              12294.202429593992,
              2500.5600289428958
            ],
            [
              12286.767303254637,
              2508.9245460746693
            ],
            [
              12243.55063140714,
              2587.9227634303074
            ],
            [
              12236.580200463995,
              2610.6928378445796
            ],
            [
              12235.650809671577,
              2642.2921247868344
            ],
            [
              12244.01532680335,
              2666.9209807859456
            ],
            [
              12267.250096613832,
              2691.0851413888468
            ],
            [
              12284.06425752465,
              2703.38438872176
            ],
            [
              12280,
              2706
            ],
            [
              12197,
              2844
            ],
            [
              11966,
              2844
            ],
            [
              11873,
              2777
            ],
            [
              11878,
              2868
            ],
            [
              11369,
              2734
            ],
            [
              11294,
              2679
            ],
            [
              11212,
              2734
            ],
            [
              10977,
              2705
            ],
            [
              10839,
              2605
            ],
            [
              10879,
              2523
            ],
            [
              10768,
              2463
            ],
            [
              10808,
              2544
            ],
            [
              10747,
              2606
            ],
            [
              10401,
              2599
            ],
            [
              10185,
              2546
            ],
            [
              9978,
              2574
            ],
            [
              9411,
              2475
            ],
            [
              9049,
              2332
            ],
            [
              8948,
              2336
            ],
            [
              8925,
              2268
            ]
          ],
          [
            [
              9214,
              1330
            ],
            [
              9214,
              1338
            ],
            [
              9217,
              1343
            ],
            [
              9217,
              1345
            ],
            [
              9218,
              1346
            ],
            [
              9219,
              1346
            ],
            [
              9224,
              1351
            ],
            [
              9225,
              1351
            ],
            [
              9226,
              1352
            ],
            [
              9229,
              1352
            ],
            [
              9230,
              1351
            ],
            [
              9232,
              1351
            ],
            [
              9233,
              1352
            ],
            [
              9262,
              1352
            ],
            [
              9267,
              1349
            ],
            [
              9269,
              1349
            ],
            [
              9272,
              1347
            ],
            [
              9273,
              1347
            ],
            [
              9274,
              1346
            ],
            [
              9274,
              1345
            ],
            [
              9276,
              1343
            ],
            [
              9276,
              1337
            ],
            [
              9274,
              1334
            ],
            [
              9274,
              1333
            ],
            [
              9271,
              1330
            ],
            [
              9266,
              1328
            ],
            [
              9265,
              1327
            ],
            [
              9264,
              1327
            ],
            [
              9263,
              1326
            ],
            [
              9262,
              1326
            ],
            [
              9261,
              1325
            ],
            [
              9260,
              1325
            ],
            [
              9258,
              1323
            ],
            [
              9258,
              1309
            ],
            [
              9256,
              1307
            ],
            [
              9253,
              1306
            ],
            [
              9248,
              1309
            ],
            [
              9247,
              1309
            ],
            [
              9243,
              1314
            ],
            [
              9243,
              1317
            ],
            [
              9242,
              1318
            ],
            [
              9242,
              1319
            ],
            [
              9240,
              1321
            ],
            [
              9239,
              1321
            ],
            [
              9238,
              1322
            ],
            [
              9235,
              1322
            ],
            [
              9232,
              1320
            ],
            [
              9227,
              1320
            ],
            [
              9224,
              1322
            ],
            [
              9221,
              1322
            ],
            [
              9220,
              1323
            ],
            [
              9219,
              1323
            ],
            [
              9216,
              1326
            ],
            [
              9215,
              1329
            ],
            [
              9214,
              1330
            ]
          ],
          [
            [
              9248,
              1168
            ],
            [
              9248,
              1176
            ],
            [
              9251,
              1178
            ],
            [
              9252,
              1178
            ],
            [
              9253,
              1177
            ],
            [
              9290,
              1177
            ],
            [
              9291,
              1176
            ],
            [
              9292,
              1176
            ],
            [
              9293,
              1175
            ],
            [
              9293,
              1147
            ],
            [
              9290,
              1145
            ],
            [
              9289,
              1146
            ],
            [
              9285,
              1146
            ],
            [
              9284,
              1147
            ],
            [
              9283,
              1147
            ],
            [
              9282,
              1148
            ],
            [
              9282,
              1149
            ],
            [
              9280,
              1151
            ],
            [
              9279,
              1151
            ],
            [
              9278,
              1152
            ],
            [
              9264,
              1152
            ],
            [
              9263,
              1153
            ],
            [
              9262,
              1153
            ],
            [
              9255,
              1160
            ],
            [
              9255,
              1163
            ],
            [
              9253,
              1165
            ],
            [
              9252,
              1165
            ],
            [
              9251,
              1166
            ],
            [
              9250,
              1166
            ],
            [
              9248,
              1168
            ]
          ],
          [
            [
              9576,
              2013
            ],
            [
              9579,
              2015
            ],
            [
              9588,
              2014
            ],
            [
              9622,
              1996
            ],
            [
              9632,
              1993
            ],
            [
              9643,
              1984
            ],
            [
              9655,
              1977
            ],
            [
              9661,
              1975
            ],
            [
              9668,
              1975
            ],
            [
              9671,
              1973
            ],
            [
              9686,
              1973
            ],
            [
              9694,
              1970
            ],
            [
              9721,
              1970
            ],
            [
              9724,
              1968
            ],
            [
              9729,
              1968
            ],
            [
              9740,
              1973
            ],
            [
              9768,
              1975
            ],
            [
              9774,
              1972
            ],
            [
              9778,
              1967
            ],
            [
              9778,
              1957
            ],
            [
              9773,
              1951
            ],
            [
              9762,
              1946
            ],
            [
              9755,
              1946
            ],
            [
              9747,
              1943
            ],
            [
              9735,
              1943
            ],
            [
              9719,
              1950
            ],
            [
              9714,
              1950
            ],
            [
              9693,
              1957
            ],
            [
              9674,
              1957
            ],
            [
              9665,
              1958
            ],
            [
              9662,
              1960
            ],
            [
              9656,
              1960
            ],
            [
              9648,
              1964
            ],
            [
              9642,
              1964
            ],
            [
              9634,
              1967
            ],
            [
              9617,
              1981
            ],
            [
              9600,
              1987
            ],
            [
              9578,
              2007
            ],
            [
              9576,
              2013
            ]
          ],
          [
            [
              9581,
              1889
            ],
            [
              9582,
              1897
            ],
            [
              9585,
              1903
            ],
            [
              9588,
              1905
            ],
            [
              9592,
              1903
            ],
            [
              9595,
              1891
            ],
            [
              9602,
              1882
            ],
            [
              9602,
              1880
            ],
            [
              9606,
              1874
            ],
            [
              9607,
              1870
            ],
            [
              9611,
              1865
            ],
            [
              9614,
              1859
            ],
            [
              9615,
              1853
            ],
            [
              9624,
              1841
            ],
            [
              9628,
              1833
            ],
            [
              9630,
              1825
            ],
            [
              9638,
              1812
            ],
            [
              9643,
              1801
            ],
            [
              9642,
              1788
            ],
            [
              9644,
              1783
            ],
            [
              9644,
              1777
            ],
            [
              9642,
              1769
            ],
            [
              9642,
              1758
            ],
            [
              9640,
              1754
            ],
            [
              9637,
              1752
            ],
            [
              9633,
              1753
            ],
            [
              9631,
              1755
            ],
            [
              9625,
              1766
            ],
            [
              9622,
              1780
            ],
            [
              9618,
              1788
            ],
            [
              9617,
              1795
            ],
            [
              9612,
              1802
            ],
            [
              9612,
              1804
            ],
            [
              9608,
              1812
            ],
            [
              9601,
              1822
            ],
            [
              9589,
              1848
            ],
            [
              9590,
              1851
            ],
            [
              9590,
              1860
            ],
            [
              9589,
              1861
            ],
            [
              9589,
              1865
            ],
            [
              9584,
              1871
            ],
            [
              9584,
              1880
            ],
            [
              9581,
              1889
            ]
          ],
          [
            [
              9714,
              2143
            ],
            [
              9714,
              2152
            ],
            [
              9717,
              2155
            ],
            [
              9720,
              2156
            ],
            [
              9721,
              2155
            ],
            [
              9722,
              2155
            ],
            [
              9726,
              2151
            ],
            [
              9727,
              2151
            ],
            [
              9728,
              2150
            ],
            [
              9736,
              2150
            ],
            [
              9739,
              2148
            ],
            [
              9740,
              2148
            ],
            [
              9744,
              2144
            ],
            [
              9745,
              2144
            ],
            [
              9746,
              2143
            ],
            [
              9748,
              2143
            ],
            [
              9749,
              2144
            ],
            [
              9760,
              2144
            ],
            [
              9761,
              2143
            ],
            [
              9763,
              2143
            ],
            [
              9766,
              2141
            ],
            [
              9767,
              2141
            ],
            [
              9770,
              2138
            ],
            [
              9771,
              2138
            ],
            [
              9773,
              2136
            ],
            [
              9779,
              2136
            ],
            [
              9780,
              2135
            ],
            [
              9781,
              2135
            ],
            [
              9782,
              2134
            ],
            [
              9782,
              2132
            ],
            [
              9781,
              2131
            ],
            [
              9780,
              2131
            ],
            [
              9775,
              2126
            ],
            [
              9772,
              2125
            ],
            [
              9771,
              2124
            ],
            [
              9770,
              2124
            ],
            [
              9769,
              2123
            ],
            [
              9764,
              2123
            ],
            [
              9763,
              2122
            ],
            [
              9761,
              2122
            ],
            [
              9760,
              2121
            ],
            [
              9756,
              2121
            ],
            [
              9755,
              2120
            ],
            [
              9754,
              2121
            ],
            [
              9752,
              2121
            ],
            [
              9751,
              2122
            ],
            [
              9749,
              2122
            ],
            [
              9746,
              2124
            ],
            [
              9744,
              2124
            ],
            [
              9743,
              2125
            ],
            [
              9741,
              2125
            ],
            [
              9736,
              2128
            ],
            [
              9735,
              2128
            ],
            [
              9734,
              2129
            ],
            [
              9733,
              2129
            ],
            [
              9732,
              2130
            ],
            [
              9729,
              2130
            ],
            [
              9728,
              2131
            ],
            [
              9726,
              2131
            ],
            [
              9725,
              2132
            ],
            [
              9724,
              2132
            ],
            [
              9721,
              2135
            ],
            [
              9720,
              2135
            ],
            [
              9715,
              2140
            ],
            [
              9715,
              2142
            ],
            [
              9714,
              2143
            ]
          ],
          [
            [
              9865,
              1367
            ],
            [
              9865,
              1370
            ],
            [
              9866,
              1371
            ],
            [
              9866,
              1379
            ],
            [
              9869,
              1382
            ],
            [
              9869,
              1396
            ],
            [
              9871,
              1398
            ],
            [
              9872,
              1398
            ],
            [
              9873,
              1399
            ],
            [
              9878,
              1399
            ],
            [
              9880,
              1402
            ],
            [
              9881,
              1402
            ],
            [
              9882,
              1403
            ],
            [
              9895,
              1403
            ],
            [
              9896,
              1404
            ],
            [
              9896,
              1406
            ],
            [
              9897,
              1407
            ],
            [
              9900,
              1408
            ],
            [
              9901,
              1409
            ],
            [
              9906,
              1409
            ],
            [
              9908,
              1412
            ],
            [
              9909,
              1412
            ],
            [
              9910,
              1413
            ],
            [
              9913,
              1413
            ],
            [
              9914,
              1414
            ],
            [
              9916,
              1414
            ],
            [
              9919,
              1416
            ],
            [
              9928,
              1416
            ],
            [
              9931,
              1414
            ],
            [
              9931,
              1412
            ],
            [
              9929,
              1410
            ],
            [
              9926,
              1409
            ],
            [
              9925,
              1408
            ],
            [
              9922,
              1408
            ],
            [
              9921,
              1407
            ],
            [
              9919,
              1407
            ],
            [
              9911,
              1399
            ],
            [
              9911,
              1398
            ],
            [
              9907,
              1394
            ],
            [
              9904,
              1393
            ],
            [
              9897,
              1386
            ],
            [
              9896,
              1386
            ],
            [
              9894,
              1384
            ],
            [
              9894,
              1383
            ],
            [
              9893,
              1382
            ],
            [
              9890,
              1381
            ],
            [
              9889,
              1380
            ],
            [
              9887,
              1380
            ],
            [
              9886,
              1379
            ],
            [
              9885,
              1379
            ],
            [
              9880,
              1374
            ],
            [
              9879,
              1374
            ],
            [
              9877,
              1372
            ],
            [
              9877,
              1371
            ],
            [
              9873,
              1367
            ],
            [
              9872,
              1367
            ],
            [
              9871,
              1366
            ],
            [
              9869,
              1366
            ],
            [
              9868,
              1365
            ],
            [
              9865,
              1367
            ]
          ],
          [
            [
              9880,
              1278
            ],
            [
              9880,
              1283
            ],
            [
              9882,
              1285
            ],
            [
              9883,
              1292
            ],
            [
              9885,
              1294
            ],
            [
              9885,
              1305
            ],
            [
              9887,
              1307
            ],
            [
              9887,
              1311
            ],
            [
              9892,
              1317
            ],
            [
              9892,
              1319
            ],
            [
              9894,
              1321
            ],
            [
              9894,
              1325
            ],
            [
              9896,
              1327
            ],
            [
              9896,
              1337
            ],
            [
              9897,
              1338
            ],
            [
              9897,
              1344
            ],
            [
              9899,
              1347
            ],
            [
              9899,
              1349
            ],
            [
              9901,
              1351
            ],
            [
              9901,
              1353
            ],
            [
              9912,
              1364
            ],
            [
              9918,
              1367
            ],
            [
              9923,
              1367
            ],
            [
              9926,
              1365
            ],
            [
              9926,
              1340
            ],
            [
              9925,
              1339
            ],
            [
              9925,
              1334
            ],
            [
              9923,
              1332
            ],
            [
              9923,
              1330
            ],
            [
              9921,
              1328
            ],
            [
              9921,
              1327
            ],
            [
              9918,
              1324
            ],
            [
              9918,
              1322
            ],
            [
              9914,
              1318
            ],
            [
              9914,
              1316
            ],
            [
              9911,
              1313
            ],
            [
              9911,
              1311
            ],
            [
              9907,
              1308
            ],
            [
              9907,
              1306
            ],
            [
              9905,
              1304
            ],
            [
              9905,
              1300
            ],
            [
              9904,
              1299
            ],
            [
              9904,
              1296
            ],
            [
              9902,
              1294
            ],
            [
              9902,
              1288
            ],
            [
              9900,
              1286
            ],
            [
              9900,
              1280
            ],
            [
              9898,
              1278
            ],
            [
              9898,
              1274
            ],
            [
              9893,
              1270
            ],
            [
              9892,
              1271
            ],
            [
              9890,
              1271
            ],
            [
              9884,
              1274
            ],
            [
              9880,
              1278
            ]
          ],
          [
            [
              9896,
              1549
            ],
            [
              9896,
              1585
            ],
            [
              9900,
              1588
            ],
            [
              9900,
              1651
            ],
            [
              9904,
              1654
            ],
            [
              9907,
              1652
            ],
            [
              9906,
              1610
            ],
            [
              9908,
              1607
            ],
            [
              9908,
              1593
            ],
            [
              9913,
              1588
            ],
            [
              9913,
              1565
            ],
            [
              9915,
              1563
            ],
            [
              9915,
              1560
            ],
            [
              9922,
              1554
            ],
            [
              9923,
              1548
            ],
            [
              9930,
              1537
            ],
            [
              9930,
              1533
            ],
            [
              9935,
              1527
            ],
            [
              9943,
              1526
            ],
            [
              9952,
              1522
            ],
            [
              9951,
              1512
            ],
            [
              9947,
              1507
            ],
            [
              9944,
              1498
            ],
            [
              9941,
              1495
            ],
            [
              9940,
              1491
            ],
            [
              9934,
              1485
            ],
            [
              9934,
              1480
            ],
            [
              9923,
              1464
            ],
            [
              9922,
              1430
            ],
            [
              9919,
              1428
            ],
            [
              9907,
              1434
            ],
            [
              9907,
              1457
            ],
            [
              9910,
              1462
            ],
            [
              9910,
              1467
            ],
            [
              9917,
              1478
            ],
            [
              9924,
              1484
            ],
            [
              9924,
              1491
            ],
            [
              9930,
              1497
            ],
            [
              9930,
              1516
            ],
            [
              9920,
              1525
            ],
            [
              9920,
              1529
            ],
            [
              9917,
              1532
            ],
            [
              9916,
              1538
            ],
            [
              9908,
              1541
            ],
            [
              9896,
              1549
            ]
          ],
          [
            [
              9910,
              1665
            ],
            [
              9910,
              1671
            ],
            [
              9912,
              1673
            ],
            [
              9924,
              1679
            ],
            [
              9929,
              1679
            ],
            [
              9931,
              1681
            ],
            [
              9941,
              1686
            ],
            [
              9944,
              1686
            ],
            [
              9948,
              1689
            ],
            [
              9967,
              1689
            ],
            [
              9969,
              1692
            ],
            [
              9971,
              1693
            ],
            [
              9978,
              1693
            ],
            [
              9982,
              1696
            ],
            [
              9983,
              1698
            ],
            [
              9985,
              1699
            ],
            [
              9988,
              1699
            ],
            [
              9991,
              1702
            ],
            [
              9993,
              1703
            ],
            [
              9995,
              1703
            ],
            [
              9999,
              1706
            ],
            [
              10002,
              1704
            ],
            [
              10002,
              1699
            ],
            [
              10004,
              1697
            ],
            [
              10004,
              1694
            ],
            [
              9994,
              1689
            ],
            [
              9987,
              1689
            ],
            [
              9984,
              1687
            ],
            [
              9978,
              1687
            ],
            [
              9972,
              1684
            ],
            [
              9970,
              1681
            ],
            [
              9968,
              1680
            ],
            [
              9966,
              1680
            ],
            [
              9965,
              1679
            ],
            [
              9958,
              1679
            ],
            [
              9955,
              1676
            ],
            [
              9953,
              1675
            ],
            [
              9944,
              1675
            ],
            [
              9939,
              1672
            ],
            [
              9935,
              1672
            ],
            [
              9932,
              1670
            ],
            [
              9928,
              1670
            ],
            [
              9924,
              1667
            ],
            [
              9920,
              1667
            ],
            [
              9913,
              1663
            ],
            [
              9910,
              1665
            ]
          ],
          [
            [
              10030,
              2179
            ],
            [
              10031,
              2187
            ],
            [
              10042,
              2191
            ],
            [
              10045,
              2189
            ],
            [
              10052,
              2196
            ],
            [
              10063,
              2220
            ],
            [
              10061,
              2227
            ],
            [
              10064,
              2229
            ],
            [
              10072,
              2222
            ],
            [
              10073,
              2218
            ],
            [
              10066,
              2208
            ],
            [
              10064,
              2197
            ],
            [
              10053,
              2185
            ],
            [
              10053,
              2179
            ],
            [
              10059,
              2166
            ],
            [
              10064,
              2140
            ],
            [
              10069,
              2128
            ],
            [
              10078,
              2116
            ],
            [
              10081,
              2104
            ],
            [
              10098,
              2090
            ],
            [
              10105,
              2087
            ],
            [
              10111,
              2088
            ],
            [
              10117,
              2096
            ],
            [
              10119,
              2128
            ],
            [
              10128,
              2157
            ],
            [
              10128,
              2169
            ],
            [
              10122,
              2183
            ],
            [
              10107,
              2190
            ],
            [
              10098,
              2204
            ],
            [
              10106,
              2206
            ],
            [
              10123,
              2193
            ],
            [
              10145,
              2185
            ],
            [
              10155,
              2177
            ],
            [
              10153,
              2169
            ],
            [
              10146,
              2161
            ],
            [
              10143,
              2147
            ],
            [
              10137,
              2136
            ],
            [
              10134,
              2113
            ],
            [
              10125,
              2095
            ],
            [
              10127,
              2078
            ],
            [
              10125,
              2071
            ],
            [
              10120,
              2065
            ],
            [
              10104,
              2055
            ],
            [
              10099,
              2035
            ],
            [
              10096,
              2033
            ],
            [
              10091,
              2036
            ],
            [
              10092,
              2041
            ],
            [
              10081,
              2049
            ],
            [
              10077,
              2056
            ],
            [
              10075,
              2085
            ],
            [
              10044,
              2131
            ],
            [
              10040,
              2155
            ],
            [
              10030,
              2179
            ]
          ],
          [
            [
              11505,
              2384
            ],
            [
              11505,
              2392
            ],
            [
              11506,
              2393
            ],
            [
              11507,
              2393
            ],
            [
              11508,
              2394
            ],
            [
              11513,
              2391
            ],
            [
              11514,
              2391
            ],
            [
              11520,
              2385
            ],
            [
              11521,
              2385
            ],
            [
              11523,
              2383
            ],
            [
              11526,
              2382
            ],
            [
              11527,
              2381
            ],
            [
              11530,
              2381
            ],
            [
              11531,
              2380
            ],
            [
              11532,
              2380
            ],
            [
              11534,
              2378
            ],
            [
              11534,
              2376
            ],
            [
              11536,
              2374
            ],
            [
              11536,
              2359
            ],
            [
              11538,
              2357
            ],
            [
              11538,
              2355
            ],
            [
              11543,
              2350
            ],
            [
              11546,
              2349
            ],
            [
              11553,
              2342
            ],
            [
              11554,
              2339
            ],
            [
              11555,
              2338
            ],
            [
              11555,
              2336
            ],
            [
              11557,
              2334
            ],
            [
              11557,
              2326
            ],
            [
              11555,
              2324
            ],
            [
              11552,
              2323
            ],
            [
              11551,
              2324
            ],
            [
              11550,
              2324
            ],
            [
              11548,
              2326
            ],
            [
              11545,
              2327
            ],
            [
              11544,
              2328
            ],
            [
              11541,
              2328
            ],
            [
              11536,
              2331
            ],
            [
              11535,
              2331
            ],
            [
              11530,
              2336
            ],
            [
              11530,
              2338
            ],
            [
              11528,
              2340
            ],
            [
              11528,
              2345
            ],
            [
              11526,
              2347
            ],
            [
              11526,
              2351
            ],
            [
              11523,
              2354
            ],
            [
              11523,
              2356
            ],
            [
              11514,
              2365
            ],
            [
              11513,
              2365
            ],
            [
              11512,
              2366
            ],
            [
              11511,
              2371
            ],
            [
              11507,
              2376
            ],
            [
              11507,
              2382
            ],
            [
              11505,
              2384
            ]
          ],
          [
            [
              11654,
              2017
            ],
            [
              11654,
              2027
            ],
            [
              11662,
              2035
            ],
            [
              11662,
              2037
            ],
            [
              11666,
              2041
            ],
            [
              11671,
              2043
            ],
            [
              11673,
              2045
            ],
            [
              11679,
              2048
            ],
            [
              11682,
              2046
            ],
            [
              11682,
              2043
            ],
            [
              11680,
              2041
            ],
            [
              11680,
              2029
            ],
            [
              11682,
              2027
            ],
            [
              11682,
              2014
            ],
            [
              11684,
              2011
            ],
            [
              11684,
              1994
            ],
            [
              11682,
              1992
            ],
            [
              11682,
              1986
            ],
            [
              11684,
              1983
            ],
            [
              11684,
              1979
            ],
            [
              11685,
              1978
            ],
            [
              11685,
              1976
            ],
            [
              11694,
              1967
            ],
            [
              11694,
              1966
            ],
            [
              11696,
              1964
            ],
            [
              11696,
              1955
            ],
            [
              11691,
              1951
            ],
            [
              11685,
              1951
            ],
            [
              11683,
              1952
            ],
            [
              11679,
              1957
            ],
            [
              11679,
              1961
            ],
            [
              11677,
              1963
            ],
            [
              11677,
              1965
            ],
            [
              11676,
              1966
            ],
            [
              11676,
              1969
            ],
            [
              11674,
              1971
            ],
            [
              11674,
              1974
            ],
            [
              11672,
              1976
            ],
            [
              11672,
              1985
            ],
            [
              11670,
              1987
            ],
            [
              11669,
              1992
            ],
            [
              11662,
              1999
            ],
            [
              11662,
              2001
            ],
            [
              11663,
              2003
            ],
            [
              11660,
              2006
            ],
            [
              11660,
              2008
            ],
            [
              11656,
              2011
            ],
            [
              11656,
              2015
            ],
            [
              11654,
              2017
            ]
          ],
          [
            [
              11838,
              2483
            ],
            [
              11842,
              2485
            ],
            [
              11847,
              2483
            ],
            [
              11857,
              2473
            ],
            [
              11875,
              2460
            ],
            [
              11878,
              2456
            ],
            [
              11894,
              2452
            ],
            [
              11897,
              2448
            ],
            [
              11906,
              2442
            ],
            [
              11906,
              2440
            ],
            [
              11910,
              2436
            ],
            [
              11920,
              2436
            ],
            [
              11924,
              2440
            ],
            [
              11924,
              2443
            ],
            [
              11928,
              2451
            ],
            [
              11935,
              2455
            ],
            [
              11937,
              2459
            ],
            [
              11941,
              2461
            ],
            [
              11941,
              2465
            ],
            [
              11950,
              2477
            ],
            [
              11953,
              2490
            ],
            [
              11964,
              2498
            ],
            [
              11967,
              2496
            ],
            [
              11967,
              2490
            ],
            [
              11962,
              2485
            ],
            [
              11958,
              2477
            ],
            [
              11958,
              2455
            ],
            [
              11945,
              2441
            ],
            [
              11943,
              2435
            ],
            [
              11938,
              2430
            ],
            [
              11938,
              2428
            ],
            [
              11933,
              2426
            ],
            [
              11929,
              2421
            ],
            [
              11929,
              2418
            ],
            [
              11926,
              2415
            ],
            [
              11926,
              2410
            ],
            [
              11922,
              2405
            ],
            [
              11922,
              2398
            ],
            [
              11920,
              2396
            ],
            [
              11920,
              2389
            ],
            [
              11917,
              2378
            ],
            [
              11910,
              2371
            ],
            [
              11910,
              2367
            ],
            [
              11905,
              2364
            ],
            [
              11901,
              2368
            ],
            [
              11896,
              2369
            ],
            [
              11890,
              2376
            ],
            [
              11890,
              2379
            ],
            [
              11885,
              2384
            ],
            [
              11885,
              2386
            ],
            [
              11872,
              2399
            ],
            [
              11866,
              2402
            ],
            [
              11866,
              2422
            ],
            [
              11863,
              2426
            ],
            [
              11863,
              2432
            ],
            [
              11856,
              2439
            ],
            [
              11854,
              2446
            ],
            [
              11849,
              2452
            ],
            [
              11849,
              2456
            ],
            [
              11846,
              2458
            ],
            [
              11846,
              2461
            ],
            [
              11842,
              2467
            ],
            [
              11842,
              2473
            ],
            [
              11839,
              2477
            ],
            [
              11838,
              2483
            ]
          ],
          [
            [
              11924,
              2735
            ],
            [
              11924,
              2737
            ],
            [
              11925,
              2738
            ],
            [
              11926,
              2738
            ],
            [
              11927,
              2739
            ],
            [
              11931,
              2739
            ],
            [
              11934,
              2737
            ],
            [
              11935,
              2737
            ],
            [
              11936,
              2736
            ],
            [
              11937,
              2736
            ],
            [
              11938,
              2735
            ],
            [
              11939,
              2735
            ],
            [
              11940,
              2734
            ],
            [
              11941,
              2734
            ],
            [
              11943,
              2732
            ],
            [
              11943,
              2730
            ],
            [
              11945,
              2728
            ],
            [
              11948,
              2727
            ],
            [
              11952,
              2722
            ],
            [
              11953,
              2722
            ],
            [
              11955,
              2720
            ],
            [
              11956,
              2720
            ],
            [
              11958,
              2718
            ],
            [
              11959,
              2718
            ],
            [
              11963,
              2714
            ],
            [
              11963,
              2712
            ],
            [
              11965,
              2710
            ],
            [
              11965,
              2706
            ],
            [
              11967,
              2704
            ],
            [
              11967,
              2701
            ],
            [
              11970,
              2698
            ],
            [
              11970,
              2696
            ],
            [
              11973,
              2693
            ],
            [
              11973,
              2690
            ],
            [
              11972,
              2689
            ],
            [
              11971,
              2689
            ],
            [
              11970,
              2688
            ],
            [
              11960,
              2688
            ],
            [
              11957,
              2690
            ],
            [
              11953,
              2690
            ],
            [
              11952,
              2691
            ],
            [
              11946,
              2691
            ],
            [
              11943,
              2693
            ],
            [
              11942,
              2693
            ],
            [
              11941,
              2694
            ],
            [
              11941,
              2700
            ],
            [
              11940,
              2701
            ],
            [
              11940,
              2702
            ],
            [
              11938,
              2704
            ],
            [
              11938,
              2716
            ],
            [
              11940,
              2718
            ],
            [
              11939,
              2719
            ],
            [
              11937,
              2719
            ],
            [
              11936,
              2720
            ],
            [
              11934,
              2720
            ],
            [
              11931,
              2722
            ],
            [
              11931,
              2725
            ],
            [
              11928,
              2727
            ],
            [
              11928,
              2728
            ],
            [
              11926,
              2730
            ],
            [
              11926,
              2733
            ],
            [
              11924,
              2735
            ]
          ],
          [
            [
              11965,
              2561
            ],
            [
              11965,
              2571
            ],
            [
              11967,
              2573
            ],
            [
              11967,
              2583
            ],
            [
              11969,
              2585
            ],
            [
              11969,
              2589
            ],
            [
              11972,
              2592
            ],
            [
              11972,
              2595
            ],
            [
              11979,
              2600
            ],
            [
              11981,
              2605
            ],
            [
              11981,
              2610
            ],
            [
              11986,
              2616
            ],
            [
              11989,
              2624
            ],
            [
              11991,
              2626
            ],
            [
              11991,
              2665
            ],
            [
              11988,
              2670
            ],
            [
              11988,
              2675
            ],
            [
              11993,
              2677
            ],
            [
              12001,
              2672
            ],
            [
              12001,
              2660
            ],
            [
              11999,
              2658
            ],
            [
              11999,
              2653
            ],
            [
              11997,
              2651
            ],
            [
              11997,
              2635
            ],
            [
              11999,
              2633
            ],
            [
              11999,
              2630
            ],
            [
              12003,
              2627
            ],
            [
              12004,
              2605
            ],
            [
              12003,
              2602
            ],
            [
              11997,
              2595
            ],
            [
              11997,
              2591
            ],
            [
              11992,
              2588
            ],
            [
              11992,
              2580
            ],
            [
              11989,
              2578
            ],
            [
              11988,
              2572
            ],
            [
              11984,
              2568
            ],
            [
              11984,
              2564
            ],
            [
              11980,
              2561
            ],
            [
              11979,
              2557
            ],
            [
              11979,
              2515
            ],
            [
              11976,
              2510
            ],
            [
              11973,
              2509
            ],
            [
              11970,
              2511
            ],
            [
              11969,
              2543
            ],
            [
              11967,
              2545
            ],
            [
              11967,
              2559
            ],
            [
              11965,
              2561
            ]
          ]
        ]
      },
      "properties": {
        "annotation_id": "416_GP4_100",
        "label": "GP4",
        "probabilities": {
          "GP3": 0.408,
          "GP4": 0.55,
          "GP5": 0.0,
          "Benign": 0.042
        },
        "tags": []
      }
    },
    {
      "type": "Feature",
      "geometry": {
        "type": "Polygon",
        "coordinates": [
          [
            [
              12745.0,
              2575.0
            ],
            [
              12658.0,
              2646.0
            ],
            [
              12598.0,
              2740.0
            ],
            [
              12593.0,
              2764.0
            ],
            [
              12596.0,
              2816.0
            ],
            [
              12585.0,
              2835.0
            ],
            [
              12580.0,
              2902.0
            ],
            [
              12545.0,
              3001.0
            ],
            [
              12513.0,
              3140.0
            ],
            [
              12544.0,
              3176.0
            ],
            [
              12565.0,
              3176.0
            ],
            [
              12588.0,
              3188.0
            ],
            [
              12721.0,
              3180.0
            ],
            [
              12741.0,
              3203.0
            ],
            [
              12809.0,
              3233.0
            ],
            [
              12959.0,
              3247.0
            ],
            [
              12957.0,
              3190.0
            ],
            [
              12946.0,
              3165.0
            ],
            [
              12910.0,
              3140.0
            ],
            [
              12917.0,
              3100.0
            ],
            [
              12905.0,
              3052.0
            ],
            [
              12881.0,
              3001.0
            ],
            [
              12888.0,
              2977.0
            ],
            [
              12912.0,
              2938.0
            ],
            [
              12912.0,
              2926.0
            ],
            [
              12898.0,
              2919.0
            ],
            [
              12890.0,
              2833.0
            ],
            [
              12873.0,
              2815.0
            ],
            [
              12813.0,
              2806.0
            ],
            [
              12813.0,
              2755.0
            ],
            [
              12835.0,
              2744.0
            ],
            [
              12835.0,
              2723.0
            ],
            [
              12820.0,
              2705.0
            ],
            [
              12783.0,
              2703.0
            ],
            [
              12765.0,
              2683.0
            ],
            [
              12790.0,
              2655.0
            ],
            [
              12790.0,
              2613.0
            ],
            [
              12775.0,
              2579.0
            ],
            [
              12745.0,
              2575.0
            ]
          ]
        ]
      },
      "properties": {
        "annotation_id": "416_GP4_99",
        "label": "GP4",
        "probabilities": null,
        "tags": []
      }
    },
    {
      "type": "Feature",
      "geometry": {
        "type": "Polygon",
        "coordinates": [
          [
            [
              10436.0,
              4756.0
            ],
            [
              10186.0,
              4799.0
            ],
            [
              10025.0,
              4955.0
            ],
            [
              9955.0,
              4925.0
            ],
            [
              9762.0,
              5135.0
            ],
            [
              9545.0,
              5239.0
            ],
            [
              9572.0,
              5086.0
            ],
            [
              9590.0,
              5178.0
            ],
            [
              9716.0,
              5086.0
            ],
            [
              9590.0,
              4908.0
            ],
            [
              9505.0,
              4859.0
            ],
            [
              9437.0,
              4902.0
            ],
            [
              9465.0,
              5040.0
            ],
            [
              9338.0,
              5143.0
            ],
            [
              9282.0,
              5252.0
            ],
            [
              9168.0,
              5214.0
            ],
            [
              9050.0,
              5302.0
            ],
            [
              9096.0,
              5350.0
            ],
            [
              9065.0,
              5457.0
            ],
            [
              8831.0,
              5876.0
            ],
            [
              8825.0,
              5940.0
            ],
            [
              8876.0,
              5951.0
            ],
            [
              8817.0,
              6046.0
            ],
            [
              8854.0,
              6117.0
            ],
            [
              8835.0,
              6195.0
            ],
            [
              8781.0,
              6196.0
            ],
            [
              8724.0,
              6099.0
            ],
            [
              8740.0,
              6064.0
            ],
            [
              8665.0,
              6037.0
            ],
            [
              8594.0,
              6186.0
            ],
            [
              8614.0,
              6277.0
            ],
            [
              8760.0,
              6317.0
            ],
            [
              8826.0,
              6391.0
            ],
            [
              9023.0,
              6431.0
            ],
            [
              9007.0,
              6488.0
            ],
            [
              8926.0,
              6517.0
            ],
            [
              8933.0,
              6558.0
            ],
            [
              9002.0,
              6582.0
            ],
            [
              9167.0,
              6481.0
            ],
            [
              9286.0,
              6529.0
            ],
            [
              9421.0,
              6462.0
            ],
            [
              9409.0,
              6373.0
            ],
            [
              9473.0,
              6345.0
            ],
            [
              9487.0,
              6291.0
            ],
            [
              9680.0,
              6350.0
            ],
            [
              9689.0,
              6287.0
            ],
            [
              9803.0,
              6301.0
            ],
            [
              9830.0,
              6241.0
            ],
            [
              9872.0,
              6319.0
            ],
            [
              10093.0,
              6265.0
            ],
            [
              10219.0,
              6303.0
            ],
            [
              10410.0,
              6219.0
            ],
            [
              10572.0,
              6078.0
            ],
            [
              10674.0,
              6097.0
            ],
            [
              10652.0,
              5698.0
            ],
            [
              10561.0,
              5697.0
            ],
            [
              10474.0,
              5500.0
            ],
            [
              10357.0,
              5496.0
            ],
            [
              10258.0,
              5603.0
            ],
            [
              10248.0,
              5692.0
            ],
            [
              10155.0,
              5707.0
            ],
            [
              10140.0,
              5572.0
            ],
            [
              10022.0,
              5496.0
            ],
            [
              10081.0,
              5482.0
            ],
            [
              10106.0,
              5534.0
            ],
            [
              10183.0,
              5508.0
            ],
            [
              10072.0,
              5367.0
            ],
            [
              10157.0,
              5408.0
            ],
            [
              10207.0,
              5489.0
            ],
            [
              10269.0,
              5452.0
            ],
            [
              10263.0,
              5335.0
            ],
            [
              10363.0,
              5154.0
            ],
            [
              10287.0,
              5406.0
            ],
            [
              10344.0,
              5364.0
            ],
            [
              10433.0,
              5420.0
            ],
            [
              10444.0,
              5383.0
            ],
            [
              10525.0,
              5381.0
            ],
            [
              10473.0,
              5321.0
            ],
            [
              10374.0,
              5311.0
            ],
            [
              10437.0,
              5218.0
            ],
            [
              10461.0,
              5066.0
            ],
            [
              10435.0,
              5044.0
            ],
            [
              10479.0,
              4983.0
            ],
            [
              10186.0,
              4875.0
            ],
            [
              10370.0,
              4819.0
            ],
            [
              10436.0,
              4756.0
            ]
          ],
          [
            [
              9194.0,
              6228.0
            ],
            [
              9193.0,
              6236.0
            ],
            [
              9183.0,
              6251.0
            ],
            [
              9178.0,
              6256.0
            ],
            [
              9173.0,
              6258.0
            ],
            [
              9167.0,
              6265.0
            ],
            [
              9162.0,
              6281.0
            ],
            [
              9157.0,
              6285.0
            ],
            [
              9150.0,
              6285.0
            ],
            [
              9146.0,
              6282.0
            ],
            [
              9146.0,
              6269.0
            ],
            [
              9134.0,
              6259.0
            ],
            [
              9132.0,
              6252.0
            ],
            [
              9129.0,
              6250.0
            ],
            [
              9109.0,
              6250.0
            ],
            [
              9099.0,
              6244.0
            ],
            [
              9096.0,
              6244.0
            ],
            [
              9086.0,
              6252.0
            ],
            [
              9072.0,
              6253.0
            ],
            [
              9066.0,
              6259.0
            ],
            [
              9065.0,
              6263.0
            ],
            [
              9057.0,
              6268.0
            ],
            [
              9052.0,
              6268.0
            ],
            [
              9041.0,
              6274.0
            ],
            [
              9035.0,
              6272.0
            ],
            [
              9037.0,
              6265.0
            ],
            [
              9043.0,
              6260.0
            ],
            [
              9050.0,
              6243.0
            ],
            [
              9049.0,
              6230.0
            ],
            [
              9046.0,
              6225.0
            ],
            [
              9046.0,
              6217.0
            ],
            [
              9049.0,
              6215.0
            ],
            [
              9049.0,
              6213.0
            ],
            [
              9062.0,
              6203.0
            ],
            [
              9071.0,
              6203.0
            ],
            [
              9075.0,
              6201.0
            ],
            [
              9077.0,
              6197.0
            ],
            [
              9077.0,
              6190.0
            ],
            [
              9080.0,
              6188.0
            ],
            [
              9084.0,
              6190.0
            ],
            [
              9084.0,
              6194.0
            ],
            [
              9090.0,
              6205.0
            ],
            [
              9093.0,
              6207.0
            ],
            [
              9097.0,
              6206.0
            ],
            [
              9098.0,
              6202.0
            ],
            [
              9101.0,
              6200.0
            ],
            [
              9104.0,
              6194.0
            ],
            [
              9107.0,
              6177.0
            ],
            [
              9112.0,
              6172.0
            ],
            [
              9115.0,
              6173.0
            ],
            [
              9122.0,
              6181.0
            ],
            [
              9122.0,
              6186.0
            ],
            [
              9125.0,
              6192.0
            ],
            [
              9133.0,
              6197.0
            ],
            [
              9142.0,
              6197.0
            ],
            [
              9156.0,
              6187.0
            ],
            [
              9161.0,
              6188.0
            ],
            [
              9164.0,
              6192.0
            ],
            [
              9165.0,
              6202.0
            ],
            [
              9167.0,
              6204.0
            ],
            [
              9168.0,
              6212.0
            ],
            [
              9171.0,
              6217.0
            ],
            [
              9180.0,
              6224.0
            ],
            [
              9194.0,
              6228.0
            ]
          ],
          [
            [
              9240.0,
              6095.0
            ],
            [
              9253.0,
              6092.0
            ],
            [
              9267.0,
              6099.0
            ],
            [
              9282.0,
              6113.0
            ],
            [
              9295.0,
              6117.0
            ],
            [
              9302.0,
              6130.0
            ],
            [
              9321.0,
              6141.0
            ],
            [
              9335.0,
              6143.0
            ],
            [
              9345.0,
              6136.0
            ],
            [
              9352.0,
              6125.0
            ],
            [
              9362.0,
              6120.0
            ],
            [
              9368.0,
              6122.0
            ],
            [
              9369.0,
              6129.0
            ],
            [
              9364.0,
              6143.0
            ],
            [
              9367.0,
              6151.0
            ],
            [
              9378.0,
              6163.0
            ],
            [
              9382.0,
              6182.0
            ],
            [
              9397.0,
              6192.0
            ],
            [
              9446.0,
              6197.0
            ],
            [
              9453.0,
              6191.0
            ],
            [
              9453.0,
              6181.0
            ],
            [
              9463.0,
              6179.0
            ],
            [
              9466.0,
              6181.0
            ],
            [
              9466.0,
              6189.0
            ],
            [
              9456.0,
              6213.0
            ],
            [
              9451.0,
              6219.0
            ],
            [
              9422.0,
              6234.0
            ],
            [
              9407.0,
              6234.0
            ],
            [
              9401.0,
              6237.0
            ],
            [
              9396.0,
              6246.0
            ],
            [
              9376.0,
              6262.0
            ],
            [
              9368.0,
              6262.0
            ],
            [
              9362.0,
              6256.0
            ],
            [
              9363.0,
              6249.0
            ],
            [
              9378.0,
              6239.0
            ],
            [
              9378.0,
              6232.0
            ],
            [
              9364.0,
              6222.0
            ],
            [
              9341.0,
              6237.0
            ],
            [
              9309.0,
              6245.0
            ],
            [
              9291.0,
              6267.0
            ],
            [
              9283.0,
              6267.0
            ],
            [
              9286.0,
              6283.0
            ],
            [
              9285.0,
              6322.0
            ],
            [
              9279.0,
              6328.0
            ],
            [
              9254.0,
              6330.0
            ],
            [
              9252.0,
              6321.0
            ],
            [
              9255.0,
              6307.0
            ],
            [
              9266.0,
              6294.0
            ],
            [
              9269.0,
              6280.0
            ],
            [
              9275.0,
              6273.0
            ],
            [
              9277.0,
              6248.0
            ],
            [
              9286.0,
              6247.0
            ],
            [
              9293.0,
              6239.0
            ],
            [
              9284.0,
              6234.0
            ],
            [
              9278.0,
              6237.0
            ],
            [
              9270.0,
              6235.0
            ],
            [
              9258.0,
              6218.0
            ],
            [
              9261.0,
              6202.0
            ],
            [
              9260.0,
              6170.0
            ],
            [
              9252.0,
              6156.0
            ],
            [
              9240.0,
              6095.0
            ]
          ],
          [
            [
              10112.0,
              6070.0
            ],
            [
              10115.0,
              6068.0
            ],
            [
              10120.0,
              6068.0
            ],
            [
              10133.0,
              6076.0
            ],
            [
              10143.0,
              6076.0
            ],
            [
              10150.0,
              6071.0
            ],
            [
              10152.0,
              6072.0
            ],
            [
              10154.0,
              6075.0
            ],
            [
              10155.0,
              6082.0
            ],
            [
              10151.0,
              6089.0
            ],
            [
              10151.0,
              6094.0
            ],
            [
              10154.0,
              6098.0
            ],
            [
              10158.0,
              6099.0
            ],
            [
              10166.0,
              6094.0
            ],
            [
              10169.0,
              6094.0
            ],
            [
              10183.0,
              6106.0
            ],
            [
              10189.0,
              6109.0
            ],
            [
              10196.0,
              6110.0
            ],
            [
              10200.0,
              6112.0
            ],
            [
              10205.0,
              6116.0
            ],
            [
              10205.0,
              6118.0
            ],
            [
              10203.0,
              6120.0
            ],
            [
              10197.0,
              6123.0
            ],
            [
              10195.0,
              6123.0
            ],
            [
              10191.0,
              6125.0
            ],
            [
              10184.0,
              6125.0
            ],
            [
              10183.0,
              6126.0
            ],
            [
              10156.0,
              6125.0
            ],
            [
              10148.0,
              6118.0
            ],
            [
              10146.0,
              6118.0
            ],
            [
              10141.0,
              6122.0
            ],
            [
              10134.0,
              6125.0
            ],
            [
              10128.0,
              6131.0
            ],
            [
              10126.0,
              6132.0
            ],
            [
              10122.0,
              6131.0
            ],
            [
              10121.0,
              6130.0
            ],
            [
              10121.0,
              6124.0
            ],
            [
              10122.0,
              6123.0
            ],
            [
              10122.0,
              6121.0
            ],
            [
              10124.0,
              6119.0
            ],
            [
              10128.0,
              6118.0
            ],
            [
              10131.0,
              6116.0
            ],
            [
              10131.0,
              6111.0
            ],
            [
              10127.0,
              6108.0
            ],
            [
              10117.0,
              6097.0
            ],
            [
              10118.0,
              6083.0
            ],
            [
              10112.0,
              6073.0
            ],
            [
              10112.0,
              6070.0
            ]
          ],
          [
            [
              8988.0,
              6029.0
            ],
            [
              8988.0,
              6034.0
            ],
            [
              8987.0,
              6036.0
            ],
            [
              8980.0,
              6042.0
            ],
            [
              8976.0,
              6043.0
            ],
            [
              8971.0,
              6046.0
            ],
            [
              8969.0,
              6046.0
            ],
            [
              8965.0,
              6049.0
            ],
            [
              8962.0,
              6049.0
            ],
            [
              8956.0,
              6052.0
            ],
            [
              8950.0,
              6052.0
            ],
            [
              8941.0,
              6055.0
            ],
            [
              8937.0,
              6058.0
            ],
            [
              8935.0,
              6058.0
            ],
            [
              8926.0,
              6064.0
            ],
            [
              8921.0,
              6069.0
            ],
            [
              8918.0,
              6070.0
            ],
            [
              8906.0,
              6078.0
            ],
            [
              8902.0,
              6079.0
            ],
            [
              8895.0,
              6086.0
            ],
            [
              8894.0,
              6086.0
            ],
            [
              8887.0,
              6093.0
            ],
            [
              8885.0,
              6097.0
            ],
            [
              8881.0,
              6100.0
            ],
            [
              8876.0,
              6099.0
            ],
            [
              8865.0,
              6088.0
            ],
            [
              8864.0,
              6085.0
            ],
            [
              8864.0,
              6079.0
            ],
            [
              8867.0,
              6076.0
            ],
            [
              8875.0,
              6073.0
            ],
            [
              8881.0,
              6073.0
            ],
            [
              8884.0,
              6072.0
            ],
            [
              8890.0,
              6067.0
            ],
            [
              8904.0,
              6060.0
            ],
            [
              8905.0,
              6058.0
            ],
            [
              8912.0,
              6052.0
            ],
            [
              8920.0,
              6048.0
            ],
            [
              8926.0,
              6043.0
            ],
            [
              8930.0,
              6042.0
            ],
            [
              8932.0,
              6040.0
            ],
            [
              8946.0,
              6034.0
            ],
            [
              8949.0,
              6031.0
            ],
            [
              8953.0,
              6030.0
            ],
            [
              8957.0,
              6027.0
            ],
            [
              8959.0,
              6027.0
            ],
            [
              8962.0,
              6025.0
            ],
            [
              8976.0,
              6025.0
            ],
            [
              8981.0,
              6027.0
            ],
            [
              8985.0,
              6027.0
            ],
            [
              8988.0,
              6029.0
            ]
          ],
          [
            [
              9036.0,
              5928.0
            ],
            [
              9042.0,
              5920.0
            ],
            [
              9043.0,
              5916.0
            ],
            [
              9045.0,
              5914.0
            ],
            [
              9050.0,
              5913.0
            ],
            [
              9053.0,
              5915.0
            ],
            [
              9060.0,
              5915.0
            ],
            [
              9063.0,
              5913.0
            ],
            [
              9067.0,
              5916.0
            ],
            [
              9067.0,
              5918.0
            ],
            [
              9070.0,
              5922.0
            ],
            [
              9070.0,
              5925.0
            ],
            [
              9074.0,
              5932.0
            ],
            [
              9082.0,
              5941.0
            ],
            [
              9082.0,
              5943.0
            ],
            [
              9088.0,
              5949.0
            ],
            [
              9099.0,
              5954.0
            ],
            [
              9103.0,
              5954.0
            ],
            [
              9104.0,
              5955.0
            ],
            [
              9119.0,
              5955.0
            ],
            [
              9122.0,
              5957.0
            ],
            [
              9126.0,
              5957.0
            ],
            [
              9127.0,
              5958.0
            ],
            [
              9137.0,
              5958.0
            ],
            [
              9140.0,
              5960.0
            ],
            [
              9139.0,
              5968.0
            ],
            [
              9131.0,
              5975.0
            ],
            [
              9128.0,
              5976.0
            ],
            [
              9122.0,
              5982.0
            ],
            [
              9115.0,
              5986.0
            ],
            [
              9109.0,
              5986.0
            ],
            [
              9106.0,
              5988.0
            ],
            [
              9101.0,
              5989.0
            ],
            [
              9097.0,
              5992.0
            ],
            [
              9092.0,
              5992.0
            ],
            [
              9089.0,
              5994.0
            ],
            [
              9083.0,
              5995.0
            ],
            [
              9076.0,
              6000.0
            ],
            [
              9073.0,
              6000.0
            ],
            [
              9070.0,
              5998.0
            ],
            [
              9070.0,
              5992.0
            ],
            [
              9069.0,
              5989.0
            ],
            [
              9066.0,
              5986.0
            ],
            [
              9066.0,
              5984.0
            ],
            [
              9064.0,
              5982.0
            ],
            [
              9063.0,
              5975.0
            ],
            [
              9057.0,
              5971.0
            ],
            [
              9050.0,
              5969.0
            ],
            [
              9046.0,
              5964.0
            ],
            [
              9045.0,
              5956.0
            ],
            [
              9042.0,
              5953.0
            ],
            [
              9042.0,
              5951.0
            ],
            [
              9039.0,
              5949.0
            ],
            [
              9039.0,
              5947.0
            ],
            [
              9036.0,
              5944.0
            ],
            [
              9036.0,
              5942.0
            ],
            [
              9034.0,
              5940.0
            ],
            [
              9034.0,
              5934.0
            ],
            [
              9036.0,
              5932.0
            ],
            [
              9036.0,
              5928.0
            ]
          ],
          [
            [
              9060.0,
              5811.0
            ],
            [
              9063.0,
              5813.0
            ],
            [
              9063.0,
              5815.0
            ],
            [
              9066.0,
              5820.0
            ],
            [
              9066.0,
              5823.0
            ],
            [
              9064.0,
              5827.0
            ],
            [
              9064.0,
              5829.0
            ],
            [
              9066.0,
              5831.0
            ],
            [
              9069.0,
              5831.0
            ],
            [
              9071.0,
              5830.0
            ],
            [
              9074.0,
              5827.0
            ],
            [
              9075.0,
              5825.0
            ],
            [
              9075.0,
              5822.0
            ],
            [
              9078.0,
              5820.0
            ],
            [
              9080.0,
              5821.0
            ],
            [
              9084.0,
              5826.0
            ],
            [
              9084.0,
              5831.0
            ],
            [
              9083.0,
              5832.0
            ],
            [
              9083.0,
              5841.0
            ],
            [
              9082.0,
              5842.0
            ],
            [
              9082.0,
              5849.0
            ],
            [
              9081.0,
              5850.0
            ],
            [
              9081.0,
              5853.0
            ],
            [
              9077.0,
              5856.0
            ],
            [
              9073.0,
              5856.0
            ],
            [
              9069.0,
              5853.0
            ],
            [
              9067.0,
              5853.0
            ],
            [
              9062.0,
              5857.0
            ],
            [
              9063.0,
              5861.0
            ],
            [
              9072.0,
              5868.0
            ],
            [
              9072.0,
              5874.0
            ],
            [
              9069.0,
              5876.0
            ],
            [
              9065.0,
              5875.0
            ],
            [
              9058.0,
              5881.0
            ],
            [
              9058.0,
              5882.0
            ],
            [
              9060.0,
              5884.0
            ],
            [
              9062.0,
              5885.0
            ],
            [
              9065.0,
              5885.0
            ],
            [
              9068.0,
              5887.0
            ],
            [
              9068.0,
              5891.0
            ],
            [
              9065.0,
              5893.0
            ],
            [
              9060.0,
              5889.0
            ],
            [
              9057.0,
              5889.0
            ],
            [
              9054.0,
              5891.0
            ],
            [
              9051.0,
              5890.0
            ],
            [
              9050.0,
              5889.0
            ],
            [
              9050.0,
              5883.0
            ],
            [
              9048.0,
              5880.0
            ],
            [
              9048.0,
              5877.0
            ],
            [
              9053.0,
              5874.0
            ],
            [
              9053.0,
              5870.0
            ],
            [
              9050.0,
              5868.0
            ],
            [
              9050.0,
              5858.0
            ],
            [
              9049.0,
              5857.0
            ],
            [
              9049.0,
              5846.0
            ],
            [
              9053.0,
              5841.0
            ],
            [
              9053.0,
              5818.0
            ],
            [
              9052.0,
              5817.0
            ],
            [
              9052.0,
              5815.0
            ],
            [
              9054.0,
              5813.0
            ],
            [
              9056.0,
              5812.0
            ],
            [
              9059.0,
              5812.0
            ],
            [
              9060.0,
              5811.0
            ]
          ],
          [
            [
              9954.0,
              5761.0
            ],
            [
              9959.0,
              5764.0
            ],
            [
              9959.0,
              5765.0
            ],
            [
              9962.0,
              5770.0
            ],
            [
              9962.0,
              5774.0
            ],
            [
              9959.0,
              5778.0
            ],
            [
              9959.0,
              5782.0
            ],
            [
              9961.0,
              5785.0
            ],
            [
              9965.0,
              5785.0
            ],
            [
              9966.0,
              5784.0
            ],
            [
              9967.0,
              5784.0
            ],
            [
              9968.0,
              5783.0
            ],
            [
              9968.0,
              5777.0
            ],
            [
              9972.0,
              5774.0
            ],
            [
              9973.0,
              5774.0
            ],
            [
              9976.0,
              5776.0
            ],
            [
              9976.0,
              5781.0
            ],
            [
              9975.0,
              5782.0
            ],
            [
              9974.0,
              5785.0
            ],
            [
              9971.0,
              5788.0
            ],
            [
              9971.0,
              5789.0
            ],
            [
              9959.0,
              5800.0
            ],
            [
              9959.0,
              5801.0
            ],
            [
              9958.0,
              5802.0
            ],
            [
              9958.0,
              5804.0
            ],
            [
              9957.0,
              5805.0
            ],
            [
              9957.0,
              5807.0
            ],
            [
              9956.0,
              5808.0
            ],
            [
              9955.0,
              5811.0
            ],
            [
              9951.0,
              5815.0
            ],
            [
              9948.0,
              5822.0
            ],
            [
              9942.0,
              5828.0
            ],
            [
              9941.0,
              5828.0
            ],
            [
              9938.0,
              5831.0
            ],
            [
              9937.0,
              5831.0
            ],
            [
              9936.0,
              5832.0
            ],
            [
              9935.0,
              5831.0
            ],
            [
              9934.0,
              5831.0
            ],
            [
              9932.0,
              5828.0
            ],
            [
              9932.0,
              5814.0
            ],
            [
              9931.0,
              5813.0
            ],
            [
              9931.0,
              5810.0
            ],
            [
              9930.0,
              5809.0
            ],
            [
              9930.0,
              5807.0
            ],
            [
              9928.0,
              5804.0
            ],
            [
              9928.0,
              5801.0
            ],
            [
              9927.0,
              5800.0
            ],
            [
              9927.0,
              5795.0
            ],
            [
              9926.0,
              5794.0
            ],
            [
              9926.0,
              5790.0
            ],
            [
              9927.0,
              5789.0
            ],
            [
              9927.0,
              5787.0
            ],
            [
              9936.0,
              5778.0
            ],
            [
              9936.0,
              5777.0
            ],
            [
              9938.0,
              5775.0
            ],
            [
              9938.0,
              5774.0
            ],
            [
              9949.0,
              5763.0
            ],
            [
              9954.0,
              5761.0
            ]
          ],
          [
            [
              8993.0,
              5710.0
            ],
            [
              9000.0,
              5704.0
            ],
            [
              9005.0,
              5702.0
            ],
            [
              9007.0,
              5700.0
            ],
            [
              9010.0,
              5692.0
            ],
            [
              9019.0,
              5684.0
            ],
            [
              9022.0,
              5685.0
            ],
            [
              9026.0,
              5689.0
            ],
            [
              9037.0,
              5693.0
            ],
            [
              9040.0,
              5696.0
            ],
            [
              9040.0,
              5702.0
            ],
            [
              9043.0,
              5704.0
            ],
            [
              9060.0,
              5699.0
            ],
            [
              9063.0,
              5695.0
            ],
            [
              9068.0,
              5693.0
            ],
            [
              9075.0,
              5699.0
            ],
            [
              9076.0,
              5702.0
            ],
            [
              9077.0,
              5716.0
            ],
            [
              9080.0,
              5727.0
            ],
            [
              9079.0,
              5734.0
            ],
            [
              9085.0,
              5754.0
            ],
            [
              9090.0,
              5757.0
            ],
            [
              9099.0,
              5756.0
            ],
            [
              9103.0,
              5758.0
            ],
            [
              9107.0,
              5758.0
            ],
            [
              9111.0,
              5756.0
            ],
            [
              9114.0,
              5758.0
            ],
            [
              9114.0,
              5762.0
            ],
            [
              9111.0,
              5767.0
            ],
            [
              9103.0,
              5773.0
            ],
            [
              9102.0,
              5776.0
            ],
            [
              9098.0,
              5780.0
            ],
            [
              9098.0,
              5782.0
            ],
            [
              9090.0,
              5786.0
            ],
            [
              9084.0,
              5784.0
            ],
            [
              9077.0,
              5779.0
            ],
            [
              9073.0,
              5779.0
            ],
            [
              9069.0,
              5776.0
            ],
            [
              9064.0,
              5777.0
            ],
            [
              9061.0,
              5775.0
            ],
            [
              9061.0,
              5772.0
            ],
            [
              9066.0,
              5764.0
            ],
            [
              9063.0,
              5759.0
            ],
            [
              9063.0,
              5753.0
            ],
            [
              9055.0,
              5739.0
            ],
            [
              9038.0,
              5730.0
            ],
            [
              9032.0,
              5734.0
            ],
            [
              9029.0,
              5734.0
            ],
            [
              9020.0,
              5728.0
            ],
            [
              9004.0,
              5732.0
            ],
            [
              8997.0,
              5736.0
            ],
            [
              8994.0,
              5734.0
            ],
            [
              8993.0,
              5726.0
            ],
            [
              8990.0,
              5724.0
            ],
            [
              8990.0,
              5716.0
            ],
            [
              8993.0,
              5712.0
            ],
            [
              8993.0,
              5710.0
            ]
          ],
          [
            [
              9401.0,
              5678.0
            ],
            [
              9404.0,
              5680.0
            ],
            [
              9404.0,
              5688.0
            ],
            [
              9402.0,
              5690.0
            ],
            [
              9402.0,
              5695.0
            ],
            [
              9404.0,
              5699.0
            ],
            [
              9405.0,
              5707.0
            ],
            [
              9406.0,
              5708.0
            ],
            [
              9404.0,
              5735.0
            ],
            [
              9398.0,
              5744.0
            ],
            [
              9398.0,
              5751.0
            ],
            [
              9395.0,
              5758.0
            ],
            [
              9392.0,
              5761.0
            ],
            [
              9392.0,
              5766.0
            ],
            [
              9384.0,
              5776.0
            ],
            [
              9384.0,
              5780.0
            ],
            [
              9380.0,
              5783.0
            ],
            [
              9377.0,
              5781.0
            ],
            [
              9378.0,
              5775.0
            ],
            [
              9379.0,
              5774.0
            ],
            [
              9379.0,
              5764.0
            ],
            [
              9380.0,
              5763.0
            ],
            [
              9380.0,
              5742.0
            ],
            [
              9383.0,
              5739.0
            ],
            [
              9384.0,
              5737.0
            ],
            [
              9384.0,
              5734.0
            ],
            [
              9380.0,
              5729.0
            ],
            [
              9381.0,
              5722.0
            ],
            [
              9378.0,
              5716.0
            ],
            [
              9377.0,
              5708.0
            ],
            [
              9374.0,
              5705.0
            ],
            [
              9371.0,
              5700.0
            ],
            [
              9371.0,
              5698.0
            ],
            [
              9368.0,
              5693.0
            ],
            [
              9367.0,
              5685.0
            ],
            [
              9368.0,
              5683.0
            ],
            [
              9374.0,
              5678.0
            ],
            [
              9375.0,
              5679.0
            ],
            [
              9379.0,
              5679.0
            ],
            [
              9380.0,
              5680.0
            ],
            [
              9385.0,
              5680.0
            ],
            [
              9388.0,
              5682.0
            ],
            [
              9390.0,
              5685.0
            ],
            [
              9390.0,
              5688.0
            ],
            [
              9391.0,
              5689.0
            ],
            [
              9396.0,
              5689.0
            ],
            [
              9398.0,
              5687.0
            ],
            [
              9397.0,
              5680.0
            ],
            [
              9401.0,
              5678.0
            ]
          ],
          [
            [
              9650.0,
              5661.0
            ],
            [
              9653.0,
              5663.0
            ],
            [
              9654.0,
              5666.0
            ],
            [
              9658.0,
              5671.0
            ],
            [
              9659.0,
              5675.0
            ],
            [
              9660.0,
              5676.0
            ],
            [
              9660.0,
              5680.0
            ],
            [
              9661.0,
              5681.0
            ],
            [
              9661.0,
              5688.0
            ],
            [
              9662.0,
              5689.0
            ],
            [
              9662.0,
              5706.0
            ],
            [
              9661.0,
              5707.0
            ],
            [
              9661.0,
              5711.0
            ],
            [
              9660.0,
              5712.0
            ],
            [
              9660.0,
              5714.0
            ],
            [
              9658.0,
              5718.0
            ],
            [
              9654.0,
              5723.0
            ],
            [
              9654.0,
              5735.0
            ],
            [
              9653.0,
              5736.0
            ],
            [
              9653.0,
              5738.0
            ],
            [
              9651.0,
              5742.0
            ],
            [
              9649.0,
              5744.0
            ],
            [
              9648.0,
              5747.0
            ],
            [
              9644.0,
              5752.0
            ],
            [
              9643.0,
              5758.0
            ],
            [
              9642.0,
              5759.0
            ],
            [
              9642.0,
              5761.0
            ],
            [
              9640.0,
              5765.0
            ],
            [
              9635.0,
              5770.0
            ],
            [
              9632.0,
              5771.0
            ],
            [
              9629.0,
              5769.0
            ],
            [
              9629.0,
              5765.0
            ],
            [
              9631.0,
              5762.0
            ],
            [
              9631.0,
              5760.0
            ],
            [
              9634.0,
              5754.0
            ],
            [
              9634.0,
              5740.0
            ],
            [
              9639.0,
              5734.0
            ],
            [
              9639.0,
              5730.0
            ],
            [
              9637.0,
              5726.0
            ],
            [
              9637.0,
              5714.0
            ],
            [
              9639.0,
              5711.0
            ],
            [
              9639.0,
              5709.0
            ],
            [
              9643.0,
              5701.0
            ],
            [
              9643.0,
              5696.0
            ],
            [
              9644.0,
              5695.0
            ],
            [
              9643.0,
              5681.0
            ],
            [
              9644.0,
              5680.0
            ],
            [
              9644.0,
              5676.0
            ],
            [
              9645.0,
              5675.0
            ],
            [
              9645.0,
              5672.0
            ],
            [
              9646.0,
              5671.0
            ],
            [
              9647.0,
              5663.0
            ],
            [
              9650.0,
              5661.0
            ]
          ],
          [
            [
              9363.0,
              5545.0
            ],
            [
              9368.0,
              5546.0
            ],
            [
              9371.0,
              5549.0
            ],
            [
              9374.0,
              5556.0
            ],
            [
              9379.0,
              5555.0
            ],
            [
              9379.0,
              5552.0
            ],
            [
              9382.0,
              5550.0
            ],
            [
              9383.0,
              5544.0
            ],
            [
              9387.0,
              5541.0
            ],
            [
              9390.0,
              5542.0
            ],
            [
              9394.0,
              5547.0
            ],
            [
              9394.0,
              5551.0
            ],
            [
              9389.0,
              5557.0
            ],
            [
              9389.0,
              5562.0
            ],
            [
              9382.0,
              5573.0
            ],
            [
              9383.0,
              5578.0
            ],
            [
              9382.0,
              5588.0
            ],
            [
              9394.0,
              5600.0
            ],
            [
              9394.0,
              5604.0
            ],
            [
              9391.0,
              5610.0
            ],
            [
              9391.0,
              5617.0
            ],
            [
              9394.0,
              5622.0
            ],
            [
              9394.0,
              5628.0
            ],
            [
              9391.0,
              5634.0
            ],
            [
              9391.0,
              5643.0
            ],
            [
              9400.0,
              5653.0
            ],
            [
              9403.0,
              5655.0
            ],
            [
              9409.0,
              5655.0
            ],
            [
              9412.0,
              5657.0
            ],
            [
              9412.0,
              5662.0
            ],
            [
              9410.0,
              5668.0
            ],
            [
              9398.0,
              5676.0
            ],
            [
              9394.0,
              5676.0
            ],
            [
              9390.0,
              5674.0
            ],
            [
              9385.0,
              5669.0
            ],
            [
              9381.0,
              5669.0
            ],
            [
              9374.0,
              5672.0
            ],
            [
              9369.0,
              5667.0
            ],
            [
              9362.0,
              5664.0
            ],
            [
              9360.0,
              5661.0
            ],
            [
              9361.0,
              5650.0
            ],
            [
              9369.0,
              5641.0
            ],
            [
              9369.0,
              5637.0
            ],
            [
              9362.0,
              5626.0
            ],
            [
              9362.0,
              5606.0
            ],
            [
              9363.0,
              5605.0
            ],
            [
              9364.0,
              5591.0
            ],
            [
              9361.0,
              5587.0
            ],
            [
              9361.0,
              5584.0
            ],
            [
              9364.0,
              5578.0
            ],
            [
              9364.0,
              5570.0
            ],
            [
              9362.0,
              5566.0
            ],
            [
              9364.0,
              5558.0
            ],
            [
              9359.0,
              5554.0
            ],
            [
              9358.0,
              5549.0
            ],
            [
              9363.0,
              5545.0
            ]
          ],
          [
            [
              10035.0,
              5303.0
            ],
            [
              10037.0,
              5308.0
            ],
            [
              10038.0,
              5332.0
            ],
            [
              10033.0,
              5343.0
            ],
            [
              10033.0,
              5352.0
            ],
            [
              10039.0,
              5359.0
            ],
            [
              10045.0,
              5361.0
            ],
            [
              10051.0,
              5366.0
            ],
            [
              10054.0,
              5371.0
            ],
            [
              10053.0,
              5374.0
            ],
            [
              10051.0,
              5375.0
            ],
            [
              10045.0,
              5371.0
            ],
            [
              10033.0,
              5368.0
            ],
            [
              10026.0,
              5368.0
            ],
            [
              10014.0,
              5372.0
            ],
            [
              10005.0,
              5373.0
            ],
            [
              10000.0,
              5378.0
            ],
            [
              9994.0,
              5380.0
            ],
            [
              9983.0,
              5390.0
            ],
            [
              9980.0,
              5388.0
            ],
            [
              9982.0,
              5382.0
            ],
            [
              9987.0,
              5378.0
            ],
            [
              9987.0,
              5375.0
            ],
            [
              9984.0,
              5372.0
            ],
            [
              9976.0,
              5372.0
            ],
            [
              9956.0,
              5388.0
            ],
            [
              9942.0,
              5383.0
            ],
            [
              9940.0,
              5387.0
            ],
            [
              9934.0,
              5391.0
            ],
            [
              9931.0,
              5396.0
            ],
            [
              9925.0,
              5401.0
            ],
            [
              9914.0,
              5399.0
            ],
            [
              9892.0,
              5407.0
            ],
            [
              9885.0,
              5407.0
            ],
            [
              9882.0,
              5405.0
            ],
            [
              9883.0,
              5401.0
            ],
            [
              9889.0,
              5393.0
            ],
            [
              9889.0,
              5361.0
            ],
            [
              9893.0,
              5353.0
            ],
            [
              9899.0,
              5347.0
            ],
            [
              9934.0,
              5335.0
            ],
            [
              9945.0,
              5333.0
            ],
            [
              9949.0,
              5330.0
            ],
            [
              9954.0,
              5330.0
            ],
            [
              9968.0,
              5323.0
            ],
            [
              9983.0,
              5326.0
            ],
            [
              9994.0,
              5319.0
            ],
            [
              10006.0,
              5320.0
            ],
            [
              10013.0,
              5317.0
            ],
            [
              10024.0,
              5318.0
            ],
            [
              10027.0,
              5316.0
            ],
            [
              10027.0,
              5302.0
            ],
            [
              10030.0,
              5300.0
            ],
            [
              10035.0,
              5303.0
            ]
          ],
          [
            [
              10181.0,
              4830.0
            ],
            [
              10184.0,
              4834.0
            ],
            [
              10184.0,
              4838.0
            ],
            [
              10178.0,
              4841.0
            ],
            [
              10173.0,
              4845.0
            ],
            [
              10173.0,
              4846.0
            ],
            [
              10171.0,
              4848.0
            ],
            [
              10170.0,
              4853.0
            ],
            [
              10166.0,
              4857.0
            ],
            [
              10164.0,
              4861.0
            ],
            [
              10161.0,
              4864.0
            ],
            [
              10161.0,
              4866.0
            ],
            [
              10159.0,
              4867.0
            ],
            [
              10155.0,
              4871.0
            ],
            [
              10154.0,
              4871.0
            ],
            [
              10146.0,
              4880.0
            ],
            [
              10146.0,
              4886.0
            ],
            [
              10148.0,
              4888.0
            ],
            [
              10148.0,
              4895.0
            ],
            [
              10147.0,
              4896.0
            ],
            [
              10147.0,
              4904.0
            ],
            [
              10144.0,
              4906.0
            ],
            [
              10141.0,
              4906.0
            ],
            [
              10140.0,
              4907.0
            ],
            [
              10135.0,
              4907.0
            ],
            [
              10133.0,
              4906.0
            ],
            [
              10128.0,
              4900.0
            ],
            [
              10128.0,
              4896.0
            ],
            [
              10127.0,
              4895.0
            ],
            [
              10127.0,
              4893.0
            ],
            [
              10125.0,
              4889.0
            ],
            [
              10125.0,
              4881.0
            ],
            [
              10126.0,
              4880.0
            ],
            [
              10126.0,
              4878.0
            ],
            [
              10127.0,
              4876.0
            ],
            [
              10131.0,
              4872.0
            ],
            [
              10132.0,
              4872.0
            ],
            [
              10134.0,
              4870.0
            ],
            [
              10136.0,
              4866.0
            ],
            [
              10145.0,
              4858.0
            ],
            [
              10145.0,
              4855.0
            ],
            [
              10151.0,
              4848.0
            ],
            [
              10151.0,
              4845.0
            ],
            [
              10156.0,
              4840.0
            ],
            [
              10158.0,
              4839.0
            ],
            [
              10160.0,
              4839.0
            ],
            [
              10167.0,
              4833.0
            ],
            [
              10168.0,
              4833.0
            ],
            [
              10172.0,
              4830.0
            ],
            [
              10174.0,
              4830.0
            ],
            [
              10175.0,
              4829.0
            ],
            [
              10179.0,
              4829.0
            ],
            [
              10181.0,
              4830.0
            ]
          ],
          [
            [
              10288.0,
              4791.0
            ],
            [
              10288.0,
              4793.0
            ],
            [
              10283.0,
              4798.0
            ],
            [
              10282.0,
              4800.0
            ],
            [
              10282.0,
              4803.0
            ],
            [
              10286.0,
              4807.0
            ],
            [
              10286.0,
              4810.0
            ],
            [
              10281.0,
              4815.0
            ],
            [
              10279.0,
              4816.0
            ],
            [
              10272.0,
              4817.0
            ],
            [
              10269.0,
              4819.0
            ],
            [
              10264.0,
              4820.0
            ],
            [
              10255.0,
              4825.0
            ],
            [
              10252.0,
              4825.0
            ],
            [
              10251.0,
              4826.0
            ],
            [
              10248.0,
              4826.0
            ],
            [
              10246.0,
              4825.0
            ],
            [
              10241.0,
              4828.0
            ],
            [
              10237.0,
              4828.0
            ],
            [
              10231.0,
              4831.0
            ],
            [
              10226.0,
              4831.0
            ],
            [
              10225.0,
              4832.0
            ],
            [
              10219.0,
              4832.0
            ],
            [
              10218.0,
              4831.0
            ],
            [
              10212.0,
              4834.0
            ],
            [
              10202.0,
              4834.0
            ],
            [
              10200.0,
              4833.0
            ],
            [
              10197.0,
              4829.0
            ],
            [
              10197.0,
              4824.0
            ],
            [
              10199.0,
              4822.0
            ],
            [
              10202.0,
              4821.0
            ],
            [
              10207.0,
              4816.0
            ],
            [
              10208.0,
              4814.0
            ],
            [
              10216.0,
              4810.0
            ],
            [
              10219.0,
              4810.0
            ],
            [
              10220.0,
              4811.0
            ],
            [
              10223.0,
              4811.0
            ],
            [
              10229.0,
              4815.0
            ],
            [
              10232.0,
              4815.0
            ],
            [
              10235.0,
              4812.0
            ],
            [
              10235.0,
              4811.0
            ],
            [
              10243.0,
              4803.0
            ],
            [
              10243.0,
              4802.0
            ],
            [
              10245.0,
              4801.0
            ],
            [
              10249.0,
              4797.0
            ],
            [
              10251.0,
              4796.0
            ],
            [
              10256.0,
              4796.0
            ],
            [
              10257.0,
              4795.0
            ],
            [
              10259.0,
              4795.0
            ],
            [
              10270.0,
              4787.0
            ],
            [
              10273.0,
              4787.0
            ],
            [
              10274.0,
              4788.0
            ],
            [
              10280.0,
              4788.0
            ],
            [
              10281.0,
              4789.0
            ],
            [
              10285.0,
              4789.0
            ],
            [
              10288.0,
              4791.0
            ]
          ]
        ]
      },
      "properties": {
        "annotation_id": "416_GP5_116",
        "label": "GP4",
        "probabilities": {
          "GP3": 0,
          "GP4": 1,
          "GP5": 0,
          "Benign": 0
        },
        "tags": []
      }
    },
    {
      "type": "Feature",
      "geometry": {
        "type": "Polygon",
        "coordinates": [
          [
            [
              8716.0,
              3292.0
            ],
            [
              8691.0,
              3278.0
            ],
            [
              8650.0,
              3286.0
            ],
            [
              8626.0,
              3262.0
            ],
            [
              8556.0,
              3323.0
            ],
            [
              8555.0,
              3301.0
            ],
            [
              8523.0,
              3274.0
            ],
            [
              8461.0,
              3291.0
            ],
            [
              8439.0,
              3329.0
            ],
            [
              8412.0,
              3315.0
            ],
            [
              8370.0,
              3318.0
            ],
            [
              8356.0,
              3351.0
            ],
            [
              8321.0,
              3357.0
            ],
            [
              8290.0,
              3342.0
            ],
            [
              8305.0,
              3331.0
            ],
            [
              8328.0,
              3343.0
            ],
            [
              8351.0,
              3325.0
            ],
            [
              8348.0,
              3310.0
            ],
            [
              8312.0,
              3321.0
            ],
            [
              8239.0,
              3311.0
            ],
            [
              8222.0,
              3326.0
            ],
            [
              8206.0,
              3391.0
            ],
            [
              8104.0,
              3424.0
            ],
            [
              8115.0,
              3482.0
            ],
            [
              8131.0,
              3507.0
            ],
            [
              8157.0,
              3509.0
            ],
            [
              8161.0,
              3533.0
            ],
            [
              8132.0,
              3555.0
            ],
            [
              8103.0,
              3621.0
            ],
            [
              8107.0,
              3641.0
            ],
            [
              8082.0,
              3661.0
            ],
            [
              8097.0,
              3703.0
            ],
            [
              8047.0,
              3726.0
            ],
            [
              8029.0,
              3792.0
            ],
            [
              7992.0,
              3817.0
            ],
            [
              7972.0,
              3794.0
            ],
            [
              7969.0,
              3839.0
            ],
            [
              7989.0,
              3861.0
            ],
            [
              7960.0,
              3922.0
            ],
            [
              7940.0,
              3912.0
            ],
            [
              7920.0,
              3935.0
            ],
            [
              7893.0,
              3936.0
            ],
            [
              7905.0,
              3976.0
            ],
            [
              7873.0,
              4012.0
            ],
            [
              7862.0,
              4064.0
            ],
            [
              7881.0,
              4110.0
            ],
            [
              7935.0,
              4105.0
            ],
            [
              7958.0,
              4131.0
            ],
            [
              7982.0,
              4135.0
            ],
            [
              7993.0,
              4188.0
            ],
            [
              8027.0,
              4187.0
            ],
            [
              8073.0,
              4224.0
            ],
            [
              8073.0,
              4238.0
            ],
            [
              8042.0,
              4257.0
            ],
            [
              8046.0,
              4290.0
            ],
            [
              8105.0,
              4286.0
            ],
            [
              8125.0,
              4260.0
            ],
            [
              8136.0,
              4198.0
            ],
            [
              8234.0,
              4151.0
            ],
            [
              8240.0,
              4090.0
            ],
            [
              8176.0,
              4084.0
            ],
            [
              8158.0,
              4028.0
            ],
            [
              8182.0,
              3986.0
            ],
            [
              8183.0,
              3947.0
            ],
            [
              8221.0,
              3952.0
            ],
            [
              8215.0,
              3912.0
            ],
            [
              8228.0,
              3881.0
            ],
            [
              8363.0,
              3739.0
            ],
            [
              8378.0,
              3690.0
            ],
            [
              8366.0,
              3671.0
            ],
            [
              8372.0,
              3643.0
            ],
            [
              8397.0,
              3644.0
            ],
            [
              8389.0,
              3667.0
            ],
            [
              8448.0,
              3682.0
            ],
            [
              8446.0,
              3645.0
            ],
            [
              8463.0,
              3631.0
            ],
            [
              8482.0,
              3649.0
            ],
            [
              8514.0,
              3639.0
            ],
            [
              8550.0,
              3583.0
            ],
            [
              8542.0,
              3538.0
            ],
            [
              8500.0,
              3531.0
            ],
            [
              8488.0,
              3503.0
            ],
            [
              8463.0,
              3490.0
            ],
            [
              8467.0,
              3479.0
            ],
            [
              8505.0,
              3459.0
            ],
            [
              8523.0,
              3477.0
            ],
            [
              8546.0,
              3468.0
            ],
            [
              8550.0,
              3431.0
            ],
            [
              8595.0,
              3398.0
            ],
            [
              8637.0,
              3400.0
            ],
            [
              8725.0,
              3330.0
            ],
            [
              8716.0,
              3292.0
            ]
          ]
        ]
      },
      "properties": {
        "annotation_id": "416_GP5_132",
        "label": "GP4",
        "probabilities": {
          "GP3": 0,
          "GP4": 1,
          "GP5": 0,
          "Benign": 0
        },
        "tags": []
      }
    },
    {
      "type": "Feature",
      "geometry": {
        "type": "Polygon",
        "coordinates": [
          [
            [
              1968.0,
              1120.0
            ],
            [
              1965.0,
              1121.0
            ],
            [
              1961.0,
              1124.0
            ],
            [
              1958.0,
              1124.0
            ],
            [
              1951.0,
              1120.0
            ],
            [
              1946.0,
              1120.0
            ],
            [
              1945.0,
              1119.0
            ],
            [
              1933.0,
              1121.0
            ],
            [
              1928.0,
              1124.0
            ],
            [
              1923.0,
              1129.0
            ],
            [
              1923.0,
              1131.0
            ],
            [
              1920.0,
              1134.0
            ],
            [
              1920.0,
              1139.0
            ],
            [
              1916.0,
              1145.0
            ],
            [
              1905.0,
              1148.0
            ],
            [
              1900.0,
              1152.0
            ],
            [
              1890.0,
              1157.0
            ],
            [
              1880.0,
              1159.0
            ],
            [
              1869.0,
              1166.0
            ],
            [
              1861.0,
              1165.0
            ],
            [
              1849.0,
              1171.0
            ],
            [
              1847.0,
              1173.0
            ],
            [
              1847.0,
              1181.0
            ],
            [
              1849.0,
              1183.0
            ],
            [
              1850.0,
              1187.0
            ],
            [
              1854.0,
              1192.0
            ],
            [
              1859.0,
              1192.0
            ],
            [
              1862.0,
              1189.0
            ],
            [
              1863.0,
              1182.0
            ],
            [
              1867.0,
              1180.0
            ],
            [
              1870.0,
              1182.0
            ],
            [
              1870.0,
              1187.0
            ],
            [
              1877.0,
              1197.0
            ],
            [
              1883.0,
              1197.0
            ],
            [
              1888.0,
              1193.0
            ],
            [
              1896.0,
              1190.0
            ],
            [
              1903.0,
              1185.0
            ],
            [
              1909.0,
              1183.0
            ],
            [
              1919.0,
              1182.0
            ],
            [
              1925.0,
              1178.0
            ],
            [
              1935.0,
              1178.0
            ],
            [
              1940.0,
              1176.0
            ],
            [
              1942.0,
              1174.0
            ],
            [
              1942.0,
              1172.0
            ],
            [
              1939.0,
              1169.0
            ],
            [
              1939.0,
              1165.0
            ],
            [
              1949.0,
              1156.0
            ],
            [
              1959.0,
              1166.0
            ],
            [
              1960.0,
              1165.0
            ],
            [
              1960.0,
              1158.0
            ],
            [
              1969.0,
              1153.0
            ],
            [
              1972.0,
              1150.0
            ],
            [
              1972.0,
              1144.0
            ],
            [
              1970.0,
              1141.0
            ],
            [
              1971.0,
              1126.0
            ],
            [
              1968.0,
              1120.0
            ]
          ]
        ]
      },
      "properties": {
        "annotation_id": "416_GP5_133",
        "label": "GP5",
        "probabilities": null,
        "tags": []
      }
    },
    {
      "type": "Feature",
      "geometry": {
        "type": "Polygon",
        "coordinates": [
          [
            [
              1833,
              870
            ],
            [
              1836,
              872
            ],
            [
              1836,
              875
            ],
            [
              1834,
              879
            ],
            [
              1834,
              883
            ],
            [
              1838,
              891
            ],
            [
              1838,
              893
            ],
            [
              1839,
              894
            ],
            [
              1846,
              894
            ],
            [
              1849,
              896
            ],
            [
              1853,
              896
            ],
            [
              1855,
              897
            ],
            [
              1858,
              900
            ],
            [
              1869.9170956934233,
              912.5347745226695
            ],
            [
              1892,
              902
            ],
            [
              1896,
              899
            ],
            [
              1897,
              899
            ],
            [
              1903,
              893
            ],
            [
              1907,
              885
            ],
            [
              1907,
              878
            ],
            [
              1905,
              874
            ],
            [
              1901,
              871
            ],
            [
              1900,
              871
            ],
            [
              1897,
              868
            ],
            [
              1894,
              862
            ],
            [
              1888,
              856
            ],
            [
              1888,
              855
            ],
            [
              1886,
              853
            ],
            [
              1886,
              850
            ],
            [
              1885,
              848
            ],
            [
              1880,
              844
            ],
            [
              1878,
              844
            ],
            [
              1877,
              843
            ],
            [
              1868,
              843
            ],
            [
              1866,
              845
            ],
            [
              1864,
              846
            ],
            [
              1862,
              846
            ],
            [
              1859,
              849
            ],
            [
              1858,
              852
            ],
            [
              1856,
              854
            ],
            [
              1855,
              854
            ],
            [
              1848,
              860
            ],
            [
              1846,
              861
            ],
            [
              1844,
              861
            ],
            [
              1837,
              868
            ],
            [
              1833,
              870
            ]
          ]
        ]
      },
      "properties": {
        "annotation_id": "416_GP5_134",
        "label": "GP4",
        "probabilities": {
          "GP3": 0,
          "GP4": 1,
          "GP5": 0,
          "Benign": 0
        },
        "tags": []
      }
    },
    {
      "type": "Feature",
      "geometry": {
        "type": "Polygon",
        "coordinates": [
          [
            [
              1168.0,
              795.0
            ],
            [
              1165.0,
              798.0
            ],
            [
              1165.0,
              799.0
            ],
            [
              1163.0,
              801.0
            ],
            [
              1163.0,
              802.0
            ],
            [
              1161.0,
              805.0
            ],
            [
              1161.0,
              807.0
            ],
            [
              1155.0,
              813.0
            ],
            [
              1155.0,
              814.0
            ],
            [
              1154.0,
              815.0
            ],
            [
              1154.0,
              817.0
            ],
            [
              1153.0,
              818.0
            ],
            [
              1154.0,
              819.0
            ],
            [
              1154.0,
              827.0
            ],
            [
              1153.0,
              828.0
            ],
            [
              1152.0,
              828.0
            ],
            [
              1147.0,
              833.0
            ],
            [
              1146.0,
              836.0
            ],
            [
              1143.0,
              839.0
            ],
            [
              1143.0,
              841.0
            ],
            [
              1145.0,
              843.0
            ],
            [
              1147.0,
              843.0
            ],
            [
              1148.0,
              844.0
            ],
            [
              1150.0,
              844.0
            ],
            [
              1151.0,
              845.0
            ],
            [
              1154.0,
              846.0
            ],
            [
              1156.0,
              848.0
            ],
            [
              1159.0,
              849.0
            ],
            [
              1162.0,
              852.0
            ],
            [
              1163.0,
              852.0
            ],
            [
              1164.0,
              853.0
            ],
            [
              1167.0,
              853.0
            ],
            [
              1168.0,
              854.0
            ],
            [
              1171.0,
              854.0
            ],
            [
              1172.0,
              855.0
            ],
            [
              1173.0,
              855.0
            ],
            [
              1174.0,
              854.0
            ],
            [
              1175.0,
              854.0
            ],
            [
              1189.0,
              840.0
            ],
            [
              1189.0,
              839.0
            ],
            [
              1190.0,
              838.0
            ],
            [
              1190.0,
              837.0
            ],
            [
              1193.0,
              832.0
            ],
            [
              1193.0,
              830.0
            ],
            [
              1194.0,
              829.0
            ],
            [
              1194.0,
              827.0
            ],
            [
              1196.0,
              824.0
            ],
            [
              1196.0,
              820.0
            ],
            [
              1194.0,
              818.0
            ],
            [
              1194.0,
              813.0
            ],
            [
              1193.0,
              812.0
            ],
            [
              1193.0,
              810.0
            ],
            [
              1191.0,
              807.0
            ],
            [
              1191.0,
              805.0
            ],
            [
              1184.0,
              798.0
            ],
            [
              1182.0,
              798.0
            ],
            [
              1177.0,
              795.0
            ],
            [
              1168.0,
              795.0
            ]
          ]
        ]
      },
      "properties": {
        "annotation_id": "416_GP5_135",
        "label": "GP5",
        "probabilities": null,
        "tags": []
      }
    },
    {
      "type": "Feature",
      "geometry": {
        "type": "Polygon",
        "coordinates": [
          [
            [
              2555.0,
              1206.0
            ],
            [
              2552.0,
              1161.0
            ],
            [
              2468.0,
              1080.0
            ],
            [
              2531.0,
              1002.0
            ],
            [
              2542.0,
              939.0
            ],
            [
              2479.0,
              912.0
            ],
            [
              2410.0,
              917.0
            ],
            [
              2353.0,
              986.0
            ],
            [
              2309.0,
              1107.0
            ],
            [
              2265.0,
              1129.0
            ],
            [
              2282.0,
              1022.0
            ],
            [
              2235.0,
              950.0
            ],
            [
              2267.0,
              896.0
            ],
            [
              2214.0,
              872.0
            ],
            [
              2200.0,
              768.0
            ],
            [
              2225.0,
              690.0
            ],
            [
              2194.0,
              683.0
            ],
            [
              2245.0,
              650.0
            ],
            [
              2253.0,
              603.0
            ],
            [
              2174.0,
              553.0
            ],
            [
              2192.0,
              506.0
            ],
            [
              2174.0,
              465.0
            ],
            [
              2152.0,
              494.0
            ],
            [
              2113.0,
              494.0
            ],
            [
              2152.0,
              413.0
            ],
            [
              2261.0,
              377.0
            ],
            [
              2383.0,
              378.0
            ],
            [
              2396.0,
              352.0
            ],
            [
              2416.0,
              369.0
            ],
            [
              2395.0,
              320.0
            ],
            [
              2135.0,
              306.0
            ],
            [
              2086.0,
              333.0
            ],
            [
              2050.0,
              405.0
            ],
            [
              1999.0,
              375.0
            ],
            [
              1850.0,
              366.0
            ],
            [
              1726.0,
              447.0
            ],
            [
              1711.0,
              584.0
            ],
            [
              1545.0,
              624.0
            ],
            [
              1503.0,
              650.0
            ],
            [
              1489.0,
              703.0
            ],
            [
              1249.0,
              786.0
            ],
            [
              1229.0,
              822.0
            ],
            [
              1235.0,
              879.0
            ],
            [
              1259.0,
              889.0
            ],
            [
              1242.0,
              929.0
            ],
            [
              1211.0,
              875.0
            ],
            [
              1082.0,
              866.0
            ],
            [
              1033.0,
              932.0
            ],
            [
              1059.0,
              974.0
            ],
            [
              1085.0,
              952.0
            ],
            [
              1084.0,
              1025.0
            ],
            [
              1121.0,
              1067.0
            ],
            [
              1293.0,
              1085.0
            ],
            [
              1351.0,
              1034.0
            ],
            [
              1343.0,
              983.0
            ],
            [
              1369.0,
              974.0
            ],
            [
              1465.0,
              1087.0
            ],
            [
              1488.0,
              1058.0
            ],
            [
              1595.0,
              1065.0
            ],
            [
              1671.0,
              1013.0
            ],
            [
              1718.0,
              878.0
            ],
            [
              1797.0,
              847.0
            ],
            [
              1764.0,
              821.0
            ],
            [
              1776.0,
              783.0
            ],
            [
              1868.0,
              821.0
            ],
            [
              1918.0,
              725.0
            ],
            [
              1908.0,
              697.0
            ],
            [
              1883.0,
              729.0
            ],
            [
              1869.0,
              697.0
            ],
            [
              1910.0,
              597.0
            ],
            [
              1946.0,
              687.0
            ],
            [
              2005.0,
              719.0
            ],
            [
              2061.0,
              633.0
            ],
            [
              2066.0,
              568.0
            ],
            [
              2134.0,
              531.0
            ],
            [
              2133.0,
              572.0
            ],
            [
              2029.0,
              750.0
            ],
            [
              2050.0,
              766.0
            ],
            [
              2025.0,
              808.0
            ],
            [
              1974.0,
              821.0
            ],
            [
              1993.0,
              926.0
            ],
            [
              2030.0,
              969.0
            ],
            [
              2041.0,
              1058.0
            ],
            [
              2015.0,
              1105.0
            ],
            [
              2055.0,
              1082.0
            ],
            [
              2101.0,
              1154.0
            ],
            [
              2555.0,
              1206.0
            ]
          ]
        ]
      },
      "properties": {
        "annotation_id": "416_GP5_136",
        "label": "GP4",
        "probabilities": {
          "GP3": 0,
          "GP4": 1,
          "GP5": 0,
          "Benign": 0
        },
        "tags": [
          "cribriform"
        ]
      }
    },
    {
      "type": "Feature",
      "geometry": {
        "type": "Polygon",
        "coordinates": [
          [
            [
              12809.049211187204,
              2666.0831027885843
            ],
            [
              12812.4792413928,
              2668.5331243640107
            ],
            [
              12817.379284543655,
              2668.5331243640107
            ],
            [
              12833.54942694147,
              2665.593098473499
            ],
            [
              12843.349513243178,
              2661.673063952816
            ],
            [
              12849.229565024201,
              2655.303007856707
            ],
            [
              12855.109616805225,
              2644.032908609745
            ],
            [
              12866.869720367273,
              2628.352770527014
            ],
            [
              12868.339733312529,
              2622.4727187459903
            ],
            [
              12868.829737627615,
              2601.402533197321
            ],
            [
              12870.789754887954,
              2587.192408059847
            ],
            [
              12870.789754887954,
              2577.882326073226
            ],
            [
              12865.889711737102,
              2569.5522527167755
            ],
            [
              12860.499664271165,
              2564.1622052508365
            ],
            [
              12854.619612490138,
              2560.7321750452397
            ],
            [
              12843.349513243178,
              2560.7321750452397
            ],
            [
              12835.019439886726,
              2564.1622052508365
            ],
            [
              12824.239344954849,
              2575.432304497799
            ],
            [
              12798.269116255327,
              2615.612658334796
            ],
            [
              12793.85907741956,
              2632.272805047697
            ],
            [
              12793.85907741956,
              2644.032908609745
            ],
            [
              12796.309098994985,
              2654.813003541622
            ],
            [
              12809.049211187204,
              2666.0831027885843
            ]
          ]
        ]
      },
      "properties": {
        "annotation_id": "44ae7d0d-28eb-45f7-8f3a-92b86705f438",
        "label": "GP4",
        "probabilities": null,
        "tags": []
      }
    },
    {
      "type": "Feature",
      "geometry": {
        "type": "Polygon",
        "coordinates": [
          [
            [
              13321.42609560255,
              2820.6155242907575
            ],
            [
              13300.355910053882,
              2786.3152222347853
            ],
            [
              13277.815711559955,
              2776.5151359330785
            ],
            [
              13253.31549580569,
              2776.025131617993
            ],
            [
              13235.185336147531,
              2782.8851920291877
            ],
            [
              13225.87525416091,
              2811.795446619222
            ],
            [
              13216.075167859206,
              2806.4053991532833
            ],
            [
              13204.805068612242,
              2788.7652438102114
            ],
            [
              13189.614934844598,
              2789.7452524403825
            ],
            [
              13173.934796761869,
              2823.55555018127
            ],
            [
              13159.234667309307,
              2883.826080936765
            ],
            [
              13158.74466299422,
              2913.716344156969
            ],
            [
              13165.604723405417,
              2949.9766634732837
            ],
            [
              13155.314632788624,
              2980.3569310085736
            ],
            [
              13155.80463710371,
              3005.8371553930106
            ],
            [
              13150.904593952859,
              3024.9473236813383
            ],
            [
              13153.844619843368,
              3043.0774833394953
            ],
            [
              13164.134710460161,
              3046.0175092300074
            ],
            [
              13187.654917584256,
              3041.117466079154
            ],
            [
              13209.21510744801,
              3029.357362517106
            ],
            [
              13219.995202379887,
              3014.6572330645463
            ],
            [
              13257.725534641459,
              2994.077051830963
            ],
            [
              13270.465646833676,
              2996.037069091304
            ],
            [
              13288.105802176748,
              3008.7771812835226
            ],
            [
              13288.105802176748,
              3037.197431558471
            ],
            [
              13252.825491490605,
              3068.0677034088467
            ],
            [
              13231.755305941937,
              3077.377785395468
            ],
            [
              13219.015193749716,
              3098.447970944137
            ],
            [
              13220.975211010058,
              3131.278260054854
            ],
            [
              13251.355478545347,
              3142.5483593018166
            ],
            [
              13273.40567272419,
              3131.7682643699395
            ],
            [
              13298.885897108627,
              3085.7078587519186
            ],
            [
              13314.566035191356,
              3030.337371147277
            ],
            [
              13316.036048136611,
              3011.7172071740342
            ],
            [
              13324.366121493063,
              2996.037069091304
            ],
            [
              13325.836134438317,
              2976.9269008029764
            ],
            [
              13331.226181904258,
              2967.6168188163556
            ],
            [
              13337.106233685281,
              2965.1667972409286
            ],
            [
              13342.986285466304,
              2973.9868749124644
            ],
            [
              13336.12622505511,
              3007.3071683382664
            ],
            [
              13344.946302726645,
              3030.337371147277
            ],
            [
              13342.986285466304,
              3042.58747902441
            ],
            [
              13355.236393343437,
              3050.427548065775
            ],
            [
              13371.89654005634,
              3052.877569641202
            ],
            [
              13394.436738550263,
              3079.3378026558094
            ],
            [
              13416.486932729104,
              3076.3977767652973
            ],
            [
              13444.417178688966,
              3061.6976473127374
            ],
            [
              13457.157290881185,
              3041.117466079154
            ],
            [
              13476.267459169512,
              3004.85714676284
            ],
            [
              13482.637515265622,
              2972.026857652123
            ],
            [
              13502.72769218412,
              2924.986443403932
            ],
            [
              13503.707700814291,
              2889.7061327177885
            ],
            [
              13499.297661978524,
              2879.906046416082
            ],
            [
              13488.02756273156,
              2875.496007580314
            ],
            [
              13462.057334032039,
              2900.486227649666
            ],
            [
              13448.827217524735,
              2955.8567152543073
            ],
            [
              13431.677066496748,
              2954.876706624137
            ],
            [
              13430.207053551492,
              2934.2965253905527
            ],
            [
              13460.097316771697,
              2876.96602052557
            ],
            [
              13458.627303826443,
              2853.4458134014744
            ],
            [
              13449.317221839821,
              2845.6057443601094
            ],
            [
              13419.426958619615,
              2841.6857098394266
            ],
            [
              13391.496712659753,
              2821.5955329209287
            ],
            [
              13379.246604782618,
              2821.105528605843
            ],
            [
              13356.216401973608,
              2836.2956623734885
            ],
            [
              13304.76594888965,
              2850.505787510963
            ],
            [
              13321.42609560255,
              2820.6155242907575
            ]
          ]
        ]
      },
      "properties": {
        "annotation_id": "63630f2b-58dd-4037-9ff7-fb2193eb2503",
        "label": "GP4",
        "probabilities": null,
        "tags": []
      }
    },
    {
      "type": "Feature",
      "geometry": {
        "type": "Polygon",
        "coordinates": [
          [
            [
              17034.000373768646,
              2847.475140862482
            ],
            [
              17033.31021823749,
              2848.8554519247946
            ],
            [
              17036.300892205832,
              2849.315555612232
            ],
            [
              17042.28224014252,
              2854.8367998614817
            ],
            [
              17046.653225173177,
              2854.1466443303257
            ],
            [
              17050.564106516395,
              2851.1559703619814
            ],
            [
              17055.855298921928,
              2844.254415050419
            ],
            [
              17064.59726898324,
              2826.3103712403567
            ],
            [
              17068.04804663902,
              2815.958038273013
            ],
            [
              17074.949601950582,
              2780.530054340325
            ],
            [
              17075.40970563802,
              2769.487565841825
            ],
            [
              17071.498824294802,
              2758.675129187044
            ],
            [
              17067.127839264143,
              2750.623314656888
            ],
            [
              17061.146491327458,
              2742.5715001267313
            ],
            [
              17057.46566182796,
              2740.0409298458253
            ],
            [
              17050.104002828957,
              2739.580826158388
            ],
            [
              17045.272914110865,
              2740.5010335332627
            ],
            [
              17040.44182539277,
              2742.8015519704504
            ],
            [
              17036.53094404955,
              2746.0222777825124
            ],
            [
              17028.249077675675,
              2763.0461142177005
            ],
            [
              17025.48845555105,
              2774.7787582473566
            ],
            [
              17025.48845555105,
              2829.761148896138
            ],
            [
              17027.328870300804,
              2836.8927560514194
            ],
            [
              17030.089492425428,
              2842.6440521443883
            ],
            [
              17033.770321924927,
              2847.015037175044
            ],
            [
              17037.451151424426,
              2849.5456074559506
            ],
            [
              17034.000373768646,
              2847.475140862482
            ]
          ]
        ]
      },
      "properties": {
        "annotation_id": "82c750a5-6a47-4d38-85fd-e920403ae4ba",
        "label": "GP3",
        "probabilities": null,
        "tags": []
      }
    },
    {
      "type": "Feature",
      "geometry": {
        "type": "Polygon",
        "coordinates": [
          [
            [
              4615.83901289201,
              1080.9120854213613
            ],
            [
              4619.110609921672,
              1085.1184244594979
            ],
            [
              4651.82658021829,
              1093.998473540008
            ],
            [
              4685.47729252338,
              1093.998473540008
            ],
            [
              4723.801714870844,
              1086.0531664679722
            ],
            [
              4755.582943158986,
              1066.423584290003
            ],
            [
              4766.799847260684,
              1040.718179056947
            ],
            [
              4759.789282197123,
              1012.6759188027039
            ],
            [
              4745.7681520700025,
              993.9810786332094
            ],
            [
              4713.052181773385,
              966.4061893832037
            ],
            [
              4710.247955747961,
              947.7113492137088
            ],
            [
              4712.584810769147,
              936.4944451120116
            ],
            [
              4720.530117841183,
              929.4838800484508
            ],
            [
              4747.637636086951,
              930.8859930611627
            ],
            [
              4773.343041320007,
              920.1364599637036
            ],
            [
              4778.484122366618,
              907.0500718450569
            ],
            [
              4779.418864375093,
              880.4099246035262
            ],
            [
              4753.2460881378,
              856.1066323831824
            ],
            [
              4708.378471731011,
              851.9002933450461
            ],
            [
              4688.281518548804,
              846.7592122984352
            ],
            [
              4674.260388421682,
              837.879163217925
            ],
            [
              4674.72775942592,
              822.9232910823283
            ],
            [
              4683.60780850643,
              806.0979349297828
            ],
            [
              4716.791149807284,
              802.3589668958839
            ],
            [
              4723.334343866608,
              786.9357237560504
            ],
            [
              4704.639503697113,
              747.2091883958735
            ],
            [
              4702.302648675926,
              697.200490942474
            ],
            [
              4692.020486582704,
              662.1476656246705
            ],
            [
              4681.738324489481,
              647.1917934890744
            ],
            [
              4660.706629298798,
              635.9748893873773
            ],
            [
              4638.740192099642,
              638.7791154128017
            ],
            [
              4607.893705819975,
              669.6256016924688
            ],
            [
              4607.426334815737,
              690.1899258789132
            ],
            [
              4629.860143019133,
              764.5019155526566
            ],
            [
              4605.089479794551,
              758.4260924975702
            ],
            [
              4600.415769752177,
              764.9692865568941
            ],
            [
              4599.94839874794,
              781.7946427094396
            ],
            [
              4616.773754900485,
              821.0538070653795
            ],
            [
              4656.500290260662,
              894.8984257348848
            ],
            [
              4681.270953485244,
              917.3322339382792
            ],
            [
              4684.075179510668,
              942.5702681670974
            ],
            [
              4682.205695493718,
              948.6460912221833
            ],
            [
              4643.413902142016,
              949.5808332306582
            ],
            [
              4619.57798092591,
              956.5913982942185
            ],
            [
              4593.872575692854,
              967.8083023959161
            ],
            [
              4582.188300586919,
              983.6989165399867
            ],
            [
              4577.981961548782,
              1000.0569016882947
            ],
            [
              4581.720929582682,
              1022.4907098916891
            ],
            [
              4594.339946697091,
              1046.794002112033
            ],
            [
              4614.436899879299,
              1069.6951813196642
            ],
            [
              4615.83901289201,
              1080.9120854213613
            ]
          ]
        ]
      },
      "properties": {
        "annotation_id": "972718dc-c6d2-4ef2-ba29-3cdb99e0b921",
        "label": "GP4",
        "probabilities": null,
        "tags": []
      }
    },
    {
      "type": "Feature",
      "geometry": {
        "type": "Polygon",
        "coordinates": [
          [
            [
              4194.283545984643,
              1353.2779979594707
            ],
            [
              4198.94907965312,
              1355.8228345059126
            ],
            [
              4204.462892170412,
              1356.2469739303197
            ],
            [
              4217.611214327028,
              1353.2779979594707
            ],
            [
              4221.004329722285,
              1351.5814402618425
            ],
            [
              4232.456094181273,
              1338.4331181052253
            ],
            [
              4235.84920957653,
              1332.0710267391203
            ],
            [
              4239.242324971786,
              1312.1364737919912
            ],
            [
              4242.211300942635,
              1304.077824728258
            ],
            [
              4243.483719215856,
              1294.322617966897
            ],
            [
              4243.059579791448,
              1282.4467140835009
            ],
            [
              4242.635440367041,
              1279.4777381126519
            ],
            [
              4238.818185547379,
              1271.419089048919
            ],
            [
              4234.152651878901,
              1267.177694804849
            ],
            [
              4228.2146999372035,
              1263.7845794095929
            ],
            [
              4222.700887419913,
              1262.9363005607788
            ],
            [
              4215.9146566294,
              1263.7845794095929
            ],
            [
              4209.552565263295,
              1266.7535553804419
            ],
            [
              4200.221497926341,
              1273.539786170954
            ],
            [
              4191.314570013794,
              1281.598435234687
            ],
            [
              4185.376618072096,
              1288.384666025199
            ],
            [
              4176.469690159549,
              1301.108848757409
            ],
            [
              4173.076574764293,
              1307.8950795479211
            ],
            [
              4170.531738217851,
              1316.802007460468
            ],
            [
              4170.531738217851,
              1321.4675411289452
            ],
            [
              4171.804156491071,
              1326.1330747974223
            ],
            [
              4177.317969008363,
              1340.5538152272602
            ],
            [
              4181.559363252433,
              1346.4917671689586
            ],
            [
              4187.9214546185385,
              1352.0055796862496
            ],
            [
              4194.283545984643,
              1353.2779979594707
            ]
          ]
        ]
      },
      "properties": {
        "annotation_id": "9b3d3217-cf4a-473d-a4af-338cd98a4b20",
        "label": "GP3",
        "probabilities": null,
        "tags": []
      }
    },
    {
      "type": "Feature",
      "geometry": {
        "type": "Polygon",
        "coordinates": [
          [
            [
              7074.0758604816665,
              1889.9464129891237
            ],
            [
              7069.551943438101,
              1898.9942470762528
            ],
            [
              7096.695445699488,
              1922.367818468003
            ],
            [
              7124.592934134804,
              1923.1218046419306
            ],
            [
              7152.490422570118,
              1936.693555772624
            ],
            [
              7231.658970832498,
              1938.2015281204792
            ],
            [
              7242.968763441409,
              1943.479431337971
            ],
            [
              7252.770583702466,
              1943.479431337971
            ],
            [
              7275.3901689202885,
              1922.367818468003
            ],
            [
              7277.65212744207,
              1916.3359290765836
            ],
            [
              7282.1760444856345,
              1876.3746618584303
            ],
            [
              7279.914085963853,
              1847.723187249188
            ],
            [
              7258.802473093885,
              1796.4521274221229
            ],
            [
              7237.690860223916,
              1768.5546389868082
            ],
            [
              7224.87309526715,
              1756.4908602039693
            ],
            [
              7192.451689788272,
              1733.8712749861465
            ],
            [
              7175.863993961868,
              1733.1172888122194
            ],
            [
              7143.44258848299,
              1744.4270814211304
            ],
            [
              7104.98929361269,
              1777.6024730739375
            ],
            [
              7094.433487177706,
              1797.960099769978
            ],
            [
              7093.6795010037795,
              1816.8097541181635
            ],
            [
              7089.909570134141,
              1825.8575882052924
            ],
            [
              7060.504109350973,
              1825.1036020313652
            ],
            [
              7046.178372046351,
              1831.1354914227845
            ],
            [
              7040.900468828859,
              1836.4133946402765
            ],
            [
              7034.86857943744,
              1852.2471042927525
            ],
            [
              7034.86857943744,
              1864.3108830755914
            ],
            [
              7040.146482654932,
              1877.8826342062848
            ],
            [
              7052.21026143777,
              1892.9623576848335
            ],
            [
              7068.0439710902465,
              1903.5181641198176
            ],
            [
              7074.0758604816665,
              1889.9464129891237
            ]
          ]
        ]
      },
      "properties": {
        "annotation_id": "9f0b6738-3551-4f38-9146-d422c11558b0",
        "label": "GP3",
        "probabilities": null,
        "tags": []
      }
    },
    {
      "type": "Feature",
      "geometry": {
        "type": "Polygon",
        "coordinates": [
          [
            [
              6443.036999940775,
              1578.0781032084662
            ],
            [
              6439.932839954203,
              1578.0781032084662
            ],
            [
              6438.380759960917,
              1581.182263195038
            ],
            [
              6442.519639943013,
              1587.9079431659436
            ],
            [
              6446.141159927346,
              1590.4947431547535
            ],
            [
              6459.5925198691575,
              1593.598903141325
            ],
            [
              6480.286919779636,
              1592.5641831458013
            ],
            [
              6493.738279721447,
              1589.4600231592294
            ],
            [
              6498.394519701304,
              1586.3558631726578
            ],
            [
              6511.3285196453535,
              1573.4218632286086
            ],
            [
              6513.915319634163,
              1569.282983246513
            ],
            [
              6520.640999605069,
              1549.1059433337964
            ],
            [
              6521.15835960283,
              1536.6893033875092
            ],
            [
              6514.432679631926,
              1511.856023494935
            ],
            [
              6512.3632396408775,
              1492.1963435799803
            ],
            [
              6508.741719656543,
              1483.401223618027
            ],
            [
              6503.568119678924,
              1476.6755436471215
            ],
            [
              6492.18619972816,
              1475.6408236515977
            ],
            [
              6474.078599806492,
              1478.2276236404077
            ],
            [
              6464.766119846777,
              1478.2276236404077
            ],
            [
              6455.453639887062,
              1481.8491436247411
            ],
            [
              6440.450199951965,
              1495.3005035665522
            ],
            [
              6432.6897999855355,
              1505.1303435240295
            ],
            [
              6422.342600030296,
              1523.7553034434602
            ],
            [
              6407.856520092962,
              1561.0052232823216
            ],
            [
              6407.856520092962,
              1572.3871432330845
            ],
            [
              6410.443320081771,
              1578.0781032084662
            ],
            [
              6415.616920059391,
              1584.8037831793717
            ],
            [
              6443.036999940775,
              1578.0781032084662
            ]
          ]
        ]
      },
      "properties": {
        "annotation_id": "a67c9531-a9f9-4050-993a-aaf217142621",
        "label": "GP3",
        "probabilities": null,
        "tags": []
      }
    },
    {
      "type": "Feature",
      "geometry": {
        "type": "Polygon",
        "coordinates": [
          [
            [
              13038.54429561355,
              3024.8497470552375
            ],
            [
              13035.60426972304,
              3023.8697384250663
            ],
            [
              13036.094274038125,
              3020.9297125345547
            ],
            [
              13051.774412120856,
              3022.3997254798105
            ],
            [
              13071.864589039353,
              3018.9696952742133
            ],
            [
              13080.194662395803,
              3010.1496176026776
            ],
            [
              13083.134688286316,
              3002.3095485613126
            ],
            [
              13081.174671025974,
              2991.5294536294355
            ],
            [
              13065.98453725833,
              2978.2993371221314
            ],
            [
              13058.144468216964,
              2965.069220614828
            ],
            [
              13054.714438011366,
              2954.2891256829507
            ],
            [
              13055.694446641537,
              2944.4890393812443
            ],
            [
              13066.9645458885,
              2924.3988624627455
            ],
            [
              13069.414567463928,
              2907.248711434759
            ],
            [
              13073.824606299695,
              2892.5485819821993
            ],
            [
              13075.29461924495,
              2875.8884352692985
            ],
            [
              13073.334601984609,
              2835.708081432302
            ],
            [
              13065.004528628158,
              2819.047934719401
            ],
            [
              13055.694446641537,
              2814.637895883633
            ],
            [
              13048.344381915258,
              2815.1279001987186
            ],
            [
              13044.914351709662,
              2817.0879174590596
            ],
            [
              13035.114265407954,
              2830.318033966363
            ],
            [
              13029.234213626929,
              2855.7982583508
            ],
            [
              13023.844166160992,
              2898.428633763224
            ],
            [
              13025.314179106248,
              2965.069220614828
            ],
            [
              13029.724217942015,
              3001.329539931142
            ],
            [
              13035.114265407954,
              3014.0696521233604
            ],
            [
              13045.404356024745,
              3017.9896866440426
            ],
            [
              13038.54429561355,
              3024.8497470552375
            ]
          ]
        ]
      },
      "properties": {
        "annotation_id": "a6fd1638-63e1-4752-a2ba-a1112fda1dde",
        "label": "GP4",
        "probabilities": null,
        "tags": []
      }
    },
    {
      "type": "Feature",
      "geometry": {
        "type": "Polygon",
        "coordinates": [
          [
            [
              9065.086854983161,
              1506.3012645164363
            ],
            [
              9050.76111767854,
              1507.055250690364
            ],
            [
              9031.157477156426,
              1531.9367944299686
            ],
            [
              9013.061808982167,
              1585.469812778816
            ],
            [
              8982.148375851144,
              1652.574582258357
            ],
            [
              8976.870472633653,
              1697.8137526940025
            ],
            [
              8961.790749155103,
              1746.0688678253578
            ],
            [
              8964.806693850813,
              1798.8479000002774
            ],
            [
              8973.100541764015,
              1829.7613331313019
            ],
            [
              8990.442223764345,
              1856.9048353926892
            ],
            [
              9006.275933416822,
              1873.4925312190924
            ],
            [
              9022.863629243226,
              1882.5403653062217
            ],
            [
              9026.633560112861,
              1893.0961717412056
            ],
            [
              9018.33971219966,
              1899.8820473065525
            ],
            [
              8997.228099329692,
              1898.3740749586975
            ],
            [
              8954.250887415828,
              1852.3809183491248
            ],
            [
              8943.695080980844,
              1847.1030151316327
            ],
            [
              8935.401233067643,
              1850.8729460012696
            ],
            [
              8935.401233067643,
              1861.4287524362537
            ],
            [
              8963.298721502957,
              1906.6679228718995
            ],
            [
              8988.180265242563,
              1930.795480437577
            ],
            [
              8997.228099329692,
              2006.9480840042468
            ],
            [
              9002.506002547185,
              2018.2578766131583
            ],
            [
              9016.831739851805,
              2025.7977383524326
            ],
            [
              9027.387546286789,
              2025.7977383524326
            ],
            [
              9096.000288114185,
              2011.4720010478113
            ],
            [
              9149.533306463032,
              2028.8136830481421
            ],
            [
              9177.430794898346,
              2030.3216553959971
            ],
            [
              9185.724642811549,
              2022.781793656723
            ],
            [
              9187.98660133333,
              1991.114374351771
            ],
            [
              9172.152891680855,
              1955.677024177182
            ],
            [
              9130.683652114847,
              1899.8820473065525
            ],
            [
              9080.166578461709,
              1859.1667939144716
            ],
            [
              9071.11874437458,
              1846.349028957705
            ],
            [
              9065.086854983161,
              1761.9025774778336
            ],
            [
              9046.991186808902,
              1683.4880153893812
            ],
            [
              9047.74517298283,
              1642.7727619973004
            ],
            [
              9059.808951765668,
              1599.0415639095097
            ],
            [
              9056.793007069959,
              1546.2625317345899
            ],
            [
              9063.578882635305,
              1524.3969326906947
            ],
            [
              9065.086854983161,
              1506.3012645164363
            ]
          ]
        ]
      },
      "properties": {
        "annotation_id": "bd5961d5-00ed-4119-a26e-174b2342c32a",
        "label": "GP4",
        "probabilities": null,
        "tags": []
      }
    },
    {
      "type": "Feature",
      "geometry": {
        "type": "Polygon",
        "coordinates": [
          [
            [
              3725.1467301325497,
              887.3200252554111
            ],
            [
              3722.1777541617007,
              887.7441646798181
            ],
            [
              3734.9019368939107,
              883.9269098601551
            ],
            [
              3738.7191917135738,
              880.9579338893061
            ],
            [
              3742.11230710883,
              876.716539645236
            ],
            [
              3751.867513870191,
              850.4198953320019
            ],
            [
              3756.957186963075,
              839.8164097218269
            ],
            [
              3758.229605236296,
              828.7887846872447
            ],
            [
              3754.4123504166328,
              818.1852990770698
            ],
            [
              3751.019235021377,
              813.5197654085928
            ],
            [
              3744.233004230865,
              807.5818134668947
            ],
            [
              3733.62951862069,
              800.7955826763827
            ],
            [
              3727.2674272545846,
              798.6748855543476
            ],
            [
              3720.4811964640726,
              797.8266067055337
            ],
            [
              3711.5742685515256,
              799.5231644031617
            ],
            [
              3705.212177185421,
              802.9162797984177
            ],
            [
              3698.425946394909,
              808.4300923157086
            ],
            [
              3689.5190184823614,
              821.1542750479188
            ],
            [
              3684.8534848138847,
              832.6060395069078
            ],
            [
              3683.5810665406634,
              844.9060828147109
            ],
            [
              3684.4293453894775,
              858.902683820142
            ],
            [
              3690.3672973311755,
              878.413097342864
            ],
            [
              3694.1845521508385,
              885.6234675577831
            ],
            [
              3696.7293886972807,
              886.471746406597
            ],
            [
              3725.1467301325497,
              887.3200252554111
            ]
          ]
        ]
      },
      "properties": {
        "annotation_id": "e931c62f-55d6-47eb-8639-32e77bea7ee2",
        "label": "GP4",
        "probabilities": null,
        "tags": []
      }
    },
    {
      "type": "Feature",
      "geometry": {
        "type": "Polygon",
        "coordinates": [
          [
            [
              4016.569127158108,
              1020.3285497999733
            ],
            [
              4011.479454065224,
              1018.6319921023453
            ],
            [
              4021.234660826586,
              1018.2078526779383
            ],
            [
              4038.6243772272724,
              1011.8457613118333
            ],
            [
              4056.0140936279604,
              1007.6043670677633
            ],
            [
              4065.7693003893205,
              999.9698574284372
            ],
            [
              4074.2520888774607,
              995.3043237599602
            ],
            [
              4079.3417619703446,
              987.6698141206341
            ],
            [
              4082.7348773656004,
              977.490467934866
            ],
            [
              4081.8865985167868,
              969.431818871133
            ],
            [
              4076.3727859994965,
              955.4352178657019
            ],
            [
              4071.7072523310185,
              952.0421024704459
            ],
            [
              4059.4072090232166,
              946.9524293775619
            ],
            [
              4050.9244205350765,
              940.1661985870498
            ],
            [
              4047.1071657154125,
              938.4696408894218
            ],
            [
              4039.4726560760864,
              938.0455014650149
            ],
            [
              4035.231261832016,
              938.8937803138289
            ],
            [
              4023.7794973730283,
              943.5593139823059
            ],
            [
              4019.9622425533644,
              947.800708226376
            ],
            [
              4016.569127158108,
              954.162799592481
            ],
            [
              4012.3277329140383,
              966.8869823246911
            ],
            [
              3999.1794107574224,
              994.4560449111461
            ],
            [
              3998.3311319086083,
              998.2732997308092
            ],
            [
              4016.569127158108,
              1020.3285497999733
            ]
          ]
        ]
      },
      "properties": {
        "annotation_id": "fdf13d16-cf11-4716-9780-00d8826e61d0",
        "label": "GP4",
        "probabilities": null,
        "tags": []
      }
    }
  ],
  "properties": {
    "slide_id": "8a19698a-6bb3-4b4a-866e-6c8e11706fce",
    "filename": "416.tiff",
    "openslide_quickhash1": "2cbbbad9b4efed7d911dc302ea285c934ee921b8723610cf2932bc8ac6bafd7b",
    "width": 18944,
    "height": 7168,
    "coordinate_space": "slide_pixels_level0",
    "source_project": "PANDA+",
    "label_counts": {
      "Benign": 17,
      "GP3": 26,
      "GP4": 23,
      "GP5": 2
    }
  }
}