{
  "type": "FeatureCollection",
  "features": [
    {
      "type": "Feature",
      "geometry": {
        "type": "Polygon",
        "coordinates": [
          [
            [
              2168.3825956645514,
              6081.743448393607
            ],
            [
              2166.110508693615,
              6082.5008107172525
            ],
            [
              2196.0263204776124,
              6079.850042584493
            ],
            [
              2219.883233672446,
              6081.364767231783
            ],
            [
              2235.7878424690016,
              6080.607404908138
            ],
            [
              2249.7990454564438,
              6073.791143995329
            ],
            [
              2252.8284947510256,
              6070.761694700746
            ],
            [
              2256.993987531076,
              6063.945433787937
            ],
            [
              2257.372668692899,
              6057.5078540369495
            ],
            [
              2259.644755663835,
              6056.750491713305
            ],
            [
              2266.461016576645,
              6060.158622169709
            ],
            [
              2277.4427702695048,
              6061.294665655178
            ],
            [
              2294.104741389706,
              6054.478404742368
            ],
            [
              2296.755509522465,
              6052.206317771432
            ],
            [
              2300.9210023025157,
              6043.496651049508
            ],
            [
              2307.3585820535027,
              6017.746332045562
            ],
            [
              2308.115944377148,
              5998.433592792601
            ],
            [
              2305.465176244388,
              5988.966563747031
            ],
            [
              2293.7260602278834,
              5981.0142593487535
            ],
            [
              2280.4722195640866,
              5979.499534701463
            ],
            [
              2258.5087121783667,
              5985.1797521288045
            ],
            [
              2247.5269584855073,
              5989.723926070677
            ],
            [
              2236.545204792647,
              5997.297549307132
            ],
            [
              2230.486306203483,
              6003.735129058119
            ],
            [
              2225.94213226161,
              6023.4265494729025
            ],
            [
              2213.4456539214593,
              6020.775781340143
            ],
            [
              2207.386755332295,
              6020.775781340143
            ],
            [
              2201.7065379049536,
              6022.669187149257
            ],
            [
              2159.672928942628,
              6046.147419182268
            ],
            [
              2151.3419433825275,
              6056.371810551482
            ],
            [
              2149.8272187352363,
              6063.188071464292
            ],
            [
              2150.205899897059,
              6065.8388395970505
            ],
            [
              2152.8566680298186,
              6068.48960772981
            ],
            [
              2160.051610104451,
              6072.655100509861
            ],
            [
              2168.3825956645514,
              6081.743448393607
            ]
          ]
        ]
      },
      "properties": {
        "annotation_id": "038e4f54-4678-4817-b4ac-3f34b0c29416",
        "label": "GP3",
        "probabilities": null,
        "tags": []
      }
    },
    {
      "type": "Feature",
      "geometry": {
        "type": "Polygon",
        "coordinates": [
          [
            [
              1894.8942940745005,
              7384.431217721168
            ],
            [
              1902.1753215236704,
              7359.278577442217
            ],
            [
              1907.4706142139758,
              7310.297120056892
            ],
            [
              1919.3850227671633,
              7299.706534676281
            ],
            [
              1929.975608147774,
              7295.073153572264
            ],
            [
              1937.9185471832318,
              7295.073153572264
            ],
            [
              1987.5619161548457,
              7321.549617023791
            ],
            [
              2002.1239710531854,
              7314.268589574621
            ],
            [
              2016.0241143652372,
              7296.396976744841
            ],
            [
              2018.0098491241015,
              7267.272866948161
            ],
            [
              2015.3622027789493,
              7234.177287633751
            ],
            [
              2010.0669100886435,
              7216.9675863902585
            ],
            [
              1996.1667667765919,
              7200.419796733055
            ],
            [
              1976.3094191879463,
              7188.505388179867
            ],
            [
              1952.4806020815722,
              7181.224360730697
            ],
            [
              1932.6232544929264,
              7180.56244914441
            ],
            [
              1906.8087026276876,
              7185.195830248426
            ],
            [
              1860.474891587515,
              7208.362735768513
            ],
            [
              1832.0126933771235,
              7231.5296412886
            ],
            [
              1822.0840195828005,
              7245.429784600651
            ],
            [
              1820.7601964102244,
              7256.6822815675505
            ],
            [
              1822.7459311690889,
              7261.315662671567
            ],
            [
              1835.9841628948525,
              7263.96330901672
            ],
            [
              1802.2266719941554,
              7265.287132189296
            ],
            [
              1790.9741750272563,
              7271.906248052178
            ],
            [
              1783.0312359917982,
              7292.425507227112
            ],
            [
              1784.3550591643743,
              7306.987562125451
            ],
            [
              1828.7031354456826,
              7346.702257302742
            ],
            [
              1846.5747482754632,
              7359.278577442217
            ],
            [
              1874.3750348995668,
              7365.235781718811
            ],
            [
              1894.8942940745005,
              7384.431217721168
            ]
          ]
        ]
      },
      "properties": {
        "annotation_id": "03a7a459-9856-407a-b270-091f58c1e50e",
        "label": "GP4",
        "probabilities": null,
        "tags": []
      }
    },
    {
      "type": "Feature",
      "geometry": {
        "type": "Polygon",
        "coordinates": [
          [
            [
              2862.398718053324,
              22083.996442509346
            ],
            [
              2856.1805864312573,
              22085.43139596059
            ],
            [
              2865.2686249558164,
              22086.388031594754
            ],
            [
              2870.051803126638,
              22081.604853423934
            ],
            [
              2877.226570382869,
              22059.123916021075
            ],
            [
              2885.836291090347,
              22051.470830947765
            ],
            [
              2887.749562358675,
              22041.904474606123
            ],
            [
              2894.4460117978247,
              22034.251389532805
            ],
            [
              2896.8376008832347,
              22024.685033191166
            ],
            [
              2902.57741468822,
              22016.075312483685
            ],
            [
              2905.9256394077947,
              21979.244840568368
            ],
            [
              2908.795546310287,
              21972.548391129218
            ],
            [
              2914.5353601152724,
              21967.286895141315
            ],
            [
              2923.623398639832,
              21964.895306055903
            ],
            [
              2933.189754981474,
              21967.286895141315
            ],
            [
              2939.407886603541,
              21974.93998021463
            ],
            [
              2952.3224676647574,
              22000.76914233706
            ],
            [
              2962.8454596405636,
              22011.292134312866
            ],
            [
              2980.064901055519,
              22018.4669015691
            ],
            [
              3003.9807919096233,
              22018.94521938618
            ],
            [
              3017.3736907879224,
              22007.46559177621
            ],
            [
              3029.8099540320563,
              21977.80988711712
            ],
            [
              3030.2882718491387,
              21963.46035260466
            ],
            [
              3024.5484580441534,
              21953.893996263017
            ],
            [
              3021.678551141661,
              21951.98072499469
            ],
            [
              3012.590512617101,
              21957.242220982593
            ],
            [
              2998.240978104638,
              21982.11474747086
            ],
            [
              2988.6746217629966,
              21986.4196078246
            ],
            [
              2982.9348079580113,
              21986.4196078246
            ],
            [
              2969.063591262631,
              21978.288204934204
            ],
            [
              2957.1056458355783,
              21967.765212958395
            ],
            [
              2929.363212444817,
              21956.76390316551
            ],
            [
              2905.9256394077947,
              21939.066143933473
            ],
            [
              2890.141151444085,
              21938.58782611639
            ],
            [
              2874.834981297459,
              21946.240911189703
            ],
            [
              2870.051803126638,
              21954.372314080098
            ],
            [
              2864.790307138735,
              21978.766522751284
            ],
            [
              2861.44208241916,
              22021.81512628867
            ],
            [
              2859.0504933337497,
              22031.859800447397
            ],
            [
              2851.397408260436,
              22051.949148764845
            ],
            [
              2835.612920296727,
              22072.038497082292
            ],
            [
              2847.0925479066973,
              22077.299993070195
            ],
            [
              2862.398718053324,
              22083.996442509346
            ]
          ]
        ]
      },
      "properties": {
        "annotation_id": "045d658c-0804-40a8-8ba9-f13acc4bb6a5",
        "label": "GP4",
        "probabilities": null,
        "tags": []
      }
    },
    {
      "type": "Feature",
      "geometry": {
        "type": "Polygon",
        "coordinates": [
          [
            [
              1894.701669362766,
              4100.297233723303
            ],
            [
              1891.2798177759312,
              4100.297233723303
            ],
            [
              1898.1235209496012,
              4098.01599933208
            ],
            [
              1918.084321872805,
              4080.336432800099
            ],
            [
              1926.6389508398922,
              4067.7896436483707
            ],
            [
              1937.474814198203,
              4042.696065344915
            ],
            [
              1947.1700603609024,
              4028.4383503997697
            ],
            [
              1956.865306523601,
              4019.8837214326827
            ],
            [
              1968.2714784797176,
              4020.454030030488
            ],
            [
              1984.8104278160868,
              4033.5711277800215
            ],
            [
              2003.6306115436792,
              4042.696065344915
            ],
            [
              2028.7241898471352,
              4044.977299736139
            ],
            [
              2042.4115961944751,
              4039.8445223558865
            ],
            [
              2068.075483095737,
              3997.6416861182547
            ],
            [
              2082.333198040883,
              3958.2903928696533
            ],
            [
              2087.465975421135,
              3925.2124941969146
            ],
            [
              2073.7785690737956,
              3905.2516932737108
            ],
            [
              2065.794248704514,
              3901.8298416868756
            ],
            [
              2042.9819047922808,
              3901.2595330890704
            ],
            [
              2002.489994348067,
              3904.1110760781
            ],
            [
              1988.8025880007274,
              3908.673544860545
            ],
            [
              1968.8417870775238,
              3929.204654381556
            ],
            [
              1959.7168495126302,
              3947.4545295113426
            ],
            [
              1954.584072132378,
              3962.282553054293
            ],
            [
              1955.7246893279896,
              3991.3682915423906
            ],
            [
              1949.4512947521257,
              3996.5010689226438
            ],
            [
              1938.0451227960089,
              3989.0870571511678
            ],
            [
              1907.2484585144944,
              3952.5873068915944
            ],
            [
              1875.3111770373682,
              3949.16545530476
            ],
            [
              1858.772227700999,
              3961.1419358586813
            ],
            [
              1852.4988331251352,
              3967.4153304345464
            ],
            [
              1841.0926611690188,
              3990.7979829445853
            ],
            [
              1835.959883788766,
              4022.735264421711
            ],
            [
              1857.0613019075818,
              4078.625507006682
            ],
            [
              1863.9050050812516,
              4088.891061767187
            ],
            [
              1870.1783996571157,
              4091.742604756216
            ],
            [
              1894.701669362766,
              4100.297233723303
            ]
          ]
        ]
      },
      "properties": {
        "annotation_id": "046163fd-06f2-4fe6-a7db-6be2a47591d3",
        "label": "GP3",
        "probabilities": null,
        "tags": []
      }
    },
    {
      "type": "Feature",
      "geometry": {
        "type": "Polygon",
        "coordinates": [
          [
            [
              1923.1299627835829,
              6075.041709899576
            ],
            [
              1915.2653820569403,
              6073.294025293655
            ],
            [
              1912.2069339965792,
              6074.167867596615
            ],
            [
              1890.3608764225717,
              6084.217054080659
            ],
            [
              1882.496295695929,
              6089.460107898421
            ],
            [
              1876.3793995752071,
              6095.140082867662
            ],
            [
              1863.7086861822827,
              6115.23845583575
            ],
            [
              1856.28102660712,
              6122.229194259432
            ],
            [
              1843.1733920627153,
              6122.229194259432
            ],
            [
              1828.3180729123903,
              6117.42306159315
            ],
            [
              1822.6380979431485,
              6116.98614044167
            ],
            [
              1815.2104383679857,
              6120.918430804992
            ],
            [
              1805.5981730354224,
              6135.336828803836
            ],
            [
              1800.3551192176606,
              6148.88138449972
            ],
            [
              1800.3551192176606,
              6160.241334438204
            ],
            [
              1804.724330732462,
              6168.979757467808
            ],
            [
              1814.3365960650253,
              6178.15510164889
            ],
            [
              1819.1427287313072,
              6179.465865103331
            ],
            [
              1850.601051637878,
              6179.465865103331
            ],
            [
              1871.136345757445,
              6175.53357474001
            ],
            [
              1889.9239552710917,
              6166.795151710407
            ],
            [
              1900.8469840580956,
              6163.7367036500455
            ],
            [
              1915.7023032084205,
              6161.989019044126
            ],
            [
              1928.373016601345,
              6163.7367036500455
            ],
            [
              1935.8006761765073,
              6163.299782498566
            ],
            [
              1936.2375973279877,
              6159.367492135245
            ],
            [
              1932.7422281161466,
              6153.250596014523
            ],
            [
              1915.2653820569403,
              6130.5306961375545
            ],
            [
              1908.274643633258,
              6125.724563471273
            ],
            [
              1900.8469840580956,
              6123.539957713871
            ],
            [
              1903.4685109669763,
              6119.60766735055
            ],
            [
              1945.412941509071,
              6096.013925170622
            ],
            [
              1923.1299627835829,
              6075.041709899576
            ]
          ]
        ]
      },
      "properties": {
        "annotation_id": "04d5e1af-99b7-4ef7-bc67-5cedfdab0385",
        "label": "GP4",
        "probabilities": null,
        "tags": []
      }
    },
    {
      "type": "Feature",
      "geometry": {
        "type": "Polygon",
        "coordinates": [
          [
            [
              2279.046710859154,
              18231.93079258808
            ],
            [
              2277.3435614278696,
              18234.059729377183
            ],
            [
              2279.4724982169746,
              18235.76287880847
            ],
            [
              2285.4335212264687,
              18236.188666166287
            ],
            [
              2305.4455270440553,
              18227.24713165205
            ],
            [
              2318.219147778685,
              18224.69240750512
            ],
            [
              2327.1606822929257,
              18226.395556936404
            ],
            [
              2344.6179639635866,
              18235.76287880847
            ],
            [
              2346.7469007526915,
              18232.78236730372
            ],
            [
              2346.3211133948707,
              18221.71189600037
            ],
            [
              2341.2116651010188,
              18187.223120016875
            ],
            [
              2331.418555871136,
              18131.870763500145
            ],
            [
              2328.4380443663886,
              18123.780803701546
            ],
            [
              2323.328596072537,
              18117.393993334234
            ],
            [
              2313.961274200475,
              18111.858757682556
            ],
            [
              2305.4455270440553,
              18111.858757682556
            ],
            [
              2274.788837280944,
              18125.90974049065
            ],
            [
              2270.1051763449127,
              18130.593401426682
            ],
            [
              2268.82781427145,
              18133.99970028925
            ],
            [
              2266.698877482345,
              18153.160131391192
            ],
            [
              2267.9762395558078,
              18184.668395869947
            ],
            [
              2265.421515408882,
              18249.38807425874
            ],
            [
              2279.046710859154,
              18231.93079258808
            ]
          ]
        ]
      },
      "properties": {
        "annotation_id": "08a67375-1354-48e9-80da-406d04ef8804",
        "label": "GP5",
        "probabilities": null,
        "tags": []
      }
    },
    {
      "type": "Feature",
      "geometry": {
        "type": "Polygon",
        "coordinates": [
          [
            [
              2809.4533894351525,
              18787.622958247688
            ],
            [
              2806.472877930405,
              18788.04874560551
            ],
            [
              2804.3439411413,
              18789.751895036792
            ],
            [
              2813.285475655541,
              18791.029257110255
            ],
            [
              2833.2974814731283,
              18800.396578982316
            ],
            [
              2839.258504482622,
              18802.0997284136
            ],
            [
              2867.786257456628,
              18802.525515771424
            ],
            [
              2876.7277919708695,
              18803.802877844882
            ],
            [
              2885.6693264851106,
              18807.634964065273
            ],
            [
              2896.739797788456,
              18814.44756179041
            ],
            [
              2899.294521935382,
              18814.02177443259
            ],
            [
              2900.571884008845,
              18811.041262927843
            ],
            [
              2901.8492460823077,
              18801.67394105578
            ],
            [
              2901.8492460823077,
              18790.177682394613
            ],
            [
              2896.739797788456,
              18772.720400723952
            ],
            [
              2887.7982632742155,
              18757.392055842396
            ],
            [
              2880.1340908334373,
              18748.024733970335
            ],
            [
              2872.0441310348388,
              18742.489498318664
            ],
            [
              2866.9346827409863,
              18740.786348887377
            ],
            [
              2856.715786153283,
              18740.360561529556
            ],
            [
              2850.328975785968,
              18741.212136245198
            ],
            [
              2831.594332041844,
              18747.173159254693
            ],
            [
              2825.63330903235,
              18750.15367075944
            ],
            [
              2814.562837729004,
              18757.817843200217
            ],
            [
              2806.0470905725842,
              18766.333590356637
            ],
            [
              2800.5118549209114,
              18776.97827430216
            ],
            [
              2800.0860675630906,
              18785.49402145858
            ],
            [
              2809.4533894351525,
              18787.622958247688
            ]
          ]
        ]
      },
      "properties": {
        "annotation_id": "094b6755-6d56-4a1a-9c37-132f745e929c",
        "label": "GP5",
        "probabilities": null,
        "tags": []
      }
    },
    {
      "type": "Feature",
      "geometry": {
        "type": "Polygon",
        "coordinates": [
          [
            [
              2776.7088424271515,
              20901.79535796559
            ],
            [
              2772.2470418667745,
              20900.42249625471
            ],
            [
              2778.4249195657576,
              20902.48178882104
            ],
            [
              2787.348520686512,
              20902.48178882104
            ],
            [
              2804.5092920725774,
              20898.01998826066
            ],
            [
              2814.1193240487737,
              20894.587833983445
            ],
            [
              2825.445433163577,
              20888.066740856742
            ],
            [
              2833.682603428889,
              20881.202432302314
            ],
            [
              2835.7418959952165,
              20878.45670888054
            ],
            [
              2838.1444039892654,
              20873.308477464725
            ],
            [
              2839.5172657001513,
              20866.10095348258
            ],
            [
              2840.2036965555935,
              20852.372336373723
            ],
            [
              2836.77154227838,
              20837.95728840943
            ],
            [
              2831.6233108625606,
              20830.406548999563
            ],
            [
              2828.87758744079,
              20828.00404100551
            ],
            [
              2821.3268480309216,
              20824.228671300578
            ],
            [
              2817.2082628982657,
              20823.199025017413
            ],
            [
              2812.7464623378887,
              20822.16937873425
            ],
            [
              2803.136430361692,
              20821.826163306527
            ],
            [
              2794.8992600963807,
              20823.542240445135
            ],
            [
              2791.4671058191675,
              20825.25831758374
            ],
            [
              2784.25958183702,
              20830.406548999563
            ],
            [
              2781.5138584152496,
              20834.181918704497
            ],
            [
              2775.6791961439876,
              20845.164812391577
            ],
            [
              2772.2470418667745,
              20860.609506639037
            ],
            [
              2768.4716721618397,
              20905.913943098247
            ],
            [
              2769.158103017283,
              20907.973235664576
            ],
            [
              2771.2173955836106,
              20908.65966652002
            ],
            [
              2774.6495498608233,
              20908.65966652002
            ],
            [
              2776.7088424271515,
              20907.630020236855
            ],
            [
              2776.7088424271515,
              20901.79535796559
            ]
          ]
        ]
      },
      "properties": {
        "annotation_id": "09ee8456-dd0f-4fda-9b8d-07e6707a9932",
        "label": "GP4",
        "probabilities": null,
        "tags": []
      }
    },
    {
      "type": "Feature",
      "geometry": {
        "type": "Polygon",
        "coordinates": [
          [
            [
              1010.4490594438811,
              7311.425295691094
            ],
            [
              1007.1395015124401,
              7308.115737759653
            ],
            [
              1011.7728826164573,
              7305.4680914145
            ],
            [
              1036.9255228954082,
              7308.115737759653
            ],
            [
              1053.4733125526127,
              7308.115737759653
            ],
            [
              1073.992571727546,
              7297.525152379042
            ],
            [
              1091.864184557327,
              7292.891771275025
            ],
            [
              1113.707266904837,
              7273.696335272667
            ],
            [
              1123.6359406991596,
              7254.500899270311
            ],
            [
              1123.6359406991596,
              7245.234137062276
            ],
            [
              1118.3406480088543,
              7220.7434083696135
            ],
            [
              1111.0596205596844,
              7202.209883953545
            ],
            [
              1108.4119742145315,
              7196.252679676951
            ],
            [
              1099.1452120064969,
              7188.309740641493
            ],
            [
              1088.5546266258862,
              7183.014447951186
            ],
            [
              1075.3163949001225,
              7180.366801606034
            ],
            [
              1057.4447820703415,
              7180.366801606034
            ],
            [
              1026.9968491010854,
              7184.338271123764
            ],
            [
              1011.7728826164573,
              7186.985917468915
            ],
            [
              1005.8156783398636,
              7190.295475400357
            ],
            [
              999.8584740632699,
              7195.590768090663
            ],
            [
              995.2250929592527,
              7203.53370712612
            ],
            [
              985.9583307512185,
              7230.010170577648
            ],
            [
              985.9583307512185,
              7251.853252925158
            ],
            [
              1007.8014130987283,
              7318.7063231402635
            ],
            [
              1013.0967057890338,
              7326.649262175722
            ],
            [
              1018.3919984793392,
              7330.620731693451
            ],
            [
              1010.4490594438811,
              7311.425295691094
            ]
          ]
        ]
      },
      "properties": {
        "annotation_id": "0a272f8a-3b63-4d08-b1b5-2a4679abf7f4",
        "label": "GP3",
        "probabilities": null,
        "tags": []
      }
    },
    {
      "type": "Feature",
      "geometry": {
        "type": "Polygon",
        "coordinates": [
          [
            [
              2053.630583942968,
              6635.028454703518
            ],
            [
              2064.5536127299715,
              6633.717691249079
            ],
            [
              2072.8551146080945,
              6629.348479734276
            ],
            [
              2082.0304587891774,
              6622.7946624620745
            ],
            [
              2085.962749152499,
              6618.862372098753
            ],
            [
              2092.953487576181,
              6609.25010676619
            ],
            [
              2095.575014485062,
              6604.443974099909
            ],
            [
              2097.322699090983,
              6599.200920282146
            ],
            [
              2098.633462545423,
              6593.957866464385
            ],
            [
              2099.0703836969033,
              6585.219443434781
            ],
            [
              2097.322699090983,
              6577.791783859619
            ],
            [
              2095.138093333582,
              6575.607178102218
            ],
            [
              2091.6427241217407,
              6573.859493496298
            ],
            [
              2086.8365914554593,
              6573.859493496298
            ],
            [
              2079.8458530317766,
              6575.170256950737
            ],
            [
              2071.5443511536537,
              6578.6656261625785
            ],
            [
              2062.369006972571,
              6584.345601131821
            ],
            [
              2052.7567416400075,
              6591.773260706984
            ],
            [
              2044.018318610404,
              6600.948604888067
            ],
            [
              2037.901422489682,
              6610.99779137211
            ],
            [
              2034.4060532778408,
              6621.046977856154
            ],
            [
              2033.5322109748806,
              6631.096164340197
            ],
            [
              2034.842974429321,
              6638.960745066841
            ],
            [
              2039.2121859441227,
              6643.766877733121
            ],
            [
              2046.202924367805,
              6645.077641187562
            ],
            [
              2056.2521108518486,
              6643.329956581641
            ],
            [
              2069.359745396253,
              6638.52382391536
            ],
            [
              2053.630583942968,
              6635.028454703518
            ]
          ]
        ]
      },
      "properties": {
        "annotation_id": "0a7e069d-462d-4e9b-9182-997441b4118a",
        "label": "GP5",
        "probabilities": null,
        "tags": []
      }
    },
    {
      "type": "Feature",
      "geometry": {
        "type": "Polygon",
        "coordinates": [
          [
            [
              2135.56401122532,
              8822.672349232786
            ],
            [
              2131.6349787138984,
              8823.32718798469
            ],
            [
              2136.2188499772233,
              8822.672349232786
            ],
            [
              2142.1123987443557,
              8818.743316721364
            ],
            [
              2147.3511087595843,
              8814.814284209942
            ],
            [
              2156.5188512862346,
              8805.646541683293
            ],
            [
              2162.4124000533666,
              8797.788476660451
            ],
            [
              2168.9607875724028,
              8784.691701622378
            ],
            [
              2170.9253038281136,
              8778.798152855246
            ],
            [
              2170.27046507621,
              8768.320732824788
            ],
            [
              2166.341432564788,
              8764.391700313367
            ],
            [
              2161.1027225495595,
              8761.11750655385
            ],
            [
              2153.89949627862,
              8759.807829050042
            ],
            [
              2149.315625015295,
              8759.807829050042
            ],
            [
              2145.3865925038735,
              8760.462667801945
            ],
            [
              2140.8027212405486,
              8762.427184057657
            ],
            [
              2131.6349787138984,
              8767.665894072885
            ],
            [
              2125.0865911948626,
              8775.523959095728
            ],
            [
              2122.467236187248,
              8780.107830359053
            ],
            [
              2119.847881179634,
              8791.240089141415
            ],
            [
              2119.847881179634,
              8797.788476660451
            ],
            [
              2120.5027199315377,
              8805.646541683293
            ],
            [
              2123.122074939152,
              8815.469122961847
            ],
            [
              2127.0511074505735,
              8823.32718798469
            ],
            [
              2132.289817465802,
              8829.220736751822
            ],
            [
              2139.493043736741,
              8831.185253007534
            ],
            [
              2135.56401122532,
              8822.672349232786
            ]
          ]
        ]
      },
      "properties": {
        "annotation_id": "0aa15ec2-73bd-40c8-acf3-50da544566c8",
        "label": "GP5",
        "probabilities": null,
        "tags": []
      }
    },
    {
      "type": "Feature",
      "geometry": {
        "type": "Polygon",
        "coordinates": [
          [
            [
              3224.82021601036,
              22424.8174410339
            ],
            [
              3223.4381472147434,
              22426.545027028424
            ],
            [
              3225.856767607073,
              22428.272613022946
            ],
            [
              3244.8602135468045,
              22432.4188194098
            ],
            [
              3260.7540046963977,
              22427.236061426232
            ],
            [
              3274.92020985147,
              22426.545027028424
            ],
            [
              3291.159518199968,
              22418.598131453626
            ],
            [
              3312.5815845320285,
              22410.65123587883
            ],
            [
              3317.4188253166876,
              22401.32227150842
            ],
            [
              3326.7477896871005,
              22359.169173242102
            ],
            [
              3327.438824084909,
              22346.039519683745
            ],
            [
              3323.638134896963,
              22336.36503811443
            ],
            [
              3315.691239322166,
              22330.491245733057
            ],
            [
              3295.305724586818,
              22321.85331576045
            ],
            [
              3251.07952312708,
              22317.016074975792
            ],
            [
              3243.1326275522833,
              22318.39814377141
            ],
            [
              3233.4581459829656,
              22322.54435015826
            ],
            [
              3210.999528054192,
              22337.747106910043
            ],
            [
              3201.3250464848747,
              22346.730554081554
            ],
            [
              3194.069185307886,
              22357.09607004868
            ],
            [
              3190.614013318844,
              22366.079517220187
            ],
            [
              3188.8864273243234,
              22377.136067585125
            ],
            [
              3191.650564915557,
              22403.395374701842
            ],
            [
              3200.288494888162,
              22430.691233415277
            ],
            [
              3224.82021601036,
              22424.8174410339
            ]
          ]
        ]
      },
      "properties": {
        "annotation_id": "0f027d8d-e761-479b-8317-54ff9aadf380",
        "label": "GP3",
        "probabilities": null,
        "tags": []
      }
    },
    {
      "type": "Feature",
      "geometry": {
        "type": "Polygon",
        "coordinates": [
          [
            [
              1685.3060532452,
              6686.585150578177
            ],
            [
              1678.3153148215176,
              6693.138967850378
            ],
            [
              1686.6168166996404,
              6673.477516033772
            ],
            [
              1692.2967916688822,
              6673.040594882292
            ],
            [
              1707.5890319706878,
              6678.283648700053
            ],
            [
              1716.7643761517709,
              6677.846727548574
            ],
            [
              1725.0658780298936,
              6673.914437185253
            ],
            [
              1727.6874049387745,
              6670.855989124891
            ],
            [
              1730.3089318476555,
              6663.428329549728
            ],
            [
              1729.8720106961755,
              6653.816064217165
            ],
            [
              1723.3181934239733,
              6651.1945373082835
            ],
            [
              1712.8320857884496,
              6650.757616156804
            ],
            [
              1698.4136877896046,
              6655.126827671606
            ],
            [
              1695.3552397292435,
              6643.766877733121
            ],
            [
              1690.5491070629616,
              6638.52382391536
            ],
            [
              1687.4906590026008,
              6637.6499816124
            ],
            [
              1679.189157124478,
              6636.776139309439
            ],
            [
              1673.946103306716,
              6638.960745066841
            ],
            [
              1670.0138129433947,
              6642.893035430162
            ],
            [
              1667.392286034514,
              6643.329956581641
            ],
            [
              1662.586153368232,
              6634.5915335520385
            ],
            [
              1657.3430995504705,
              6621.920820159114
            ],
            [
              1654.2846514901094,
              6619.299293250233
            ],
            [
              1646.8569919149465,
              6615.803924038392
            ],
            [
              1641.1770169457047,
              6615.803924038392
            ],
            [
              1638.5554900368238,
              6617.988529795793
            ],
            [
              1635.9339631279427,
              6623.231583613555
            ],
            [
              1630.690909310181,
              6637.6499816124
            ],
            [
              1629.3801458557407,
              6646.388404642003
            ],
            [
              1630.2539881587008,
              6649.883773853844
            ],
            [
              1636.3708842794229,
              6657.311433429007
            ],
            [
              1655.1584937930697,
              6667.36061991305
            ],
            [
              1685.3060532452,
              6686.585150578177
            ]
          ]
        ]
      },
      "properties": {
        "annotation_id": "0fca987a-8b8a-44ae-a1a6-5f3a4d0be936",
        "label": "GP5",
        "probabilities": {
          "GP3": 0,
          "GP4": 0,
          "GP5": 1,
          "Benign": 0
        },
        "tags": []
      }
    },
    {
      "type": "Feature",
      "geometry": {
        "type": "Polygon",
        "coordinates": [
          [
            [
              1633.3124362190622,
              6808.049230689659
            ],
            [
              1628.0693824013001,
              6806.301546083739
            ],
            [
              1637.6816477338634,
              6802.806176871897
            ],
            [
              1653.410809187149,
              6790.572384630453
            ],
            [
              1655.1584937930697,
              6783.14472505529
            ],
            [
              1654.2846514901094,
              6770.910932813846
            ],
            [
              1648.1677553693871,
              6762.172509784242
            ],
            [
              1642.4877804001453,
              6758.677140572401
            ],
            [
              1634.1862785220221,
              6756.0556136635205
            ],
            [
              1632.4385939161018,
              6753.87100790612
            ],
            [
              1620.6417228261378,
              6729.403423423231
            ],
            [
              1615.8355901598559,
              6714.985025424386
            ],
            [
              1613.6509844024552,
              6706.683523546264
            ],
            [
              1613.214063250975,
              6691.828204395939
            ],
            [
              1608.8448517361735,
              6681.342096760414
            ],
            [
              1604.912561372852,
              6676.099042942653
            ],
            [
              1599.6695075550904,
              6672.166752579332
            ],
            [
              1597.0479806462095,
              6670.855989124891
            ],
            [
              1586.998794162166,
              6669.982146821931
            ],
            [
              1574.7650019207217,
              6676.099042942653
            ],
            [
              1566.9004211940787,
              6685.711308275216
            ],
            [
              1564.2788942851982,
              6708.868129303664
            ],
            [
              1564.7158154366784,
              6720.228079242148
            ],
            [
              1569.0850269514797,
              6730.714186877672
            ],
            [
              1582.6295826473645,
              6753.43408675464
            ],
            [
              1609.2817728876537,
              6789.261621176011
            ],
            [
              1619.7678805231774,
              6798.873886508576
            ],
            [
              1633.3124362190622,
              6808.049230689659
            ]
          ]
        ]
      },
      "properties": {
        "annotation_id": "10fe2b63-3933-4502-bf2a-496c75e9302e",
        "label": "GP3",
        "probabilities": null,
        "tags": []
      }
    },
    {
      "type": "Feature",
      "geometry": {
        "type": "Polygon",
        "coordinates": [
          [
            [
              1851.971333181026,
              10151.296012733583
            ],
            [
              1841.5055675694668,
              10152.604233435028
            ],
            [
              1876.1734161577572,
              10184.655640620427
            ],
            [
              1903.6460508881003,
              10201.662509739212
            ],
            [
              1918.6905889547168,
              10208.203613246436
            ],
            [
              1924.5775821112188,
              10206.895392544993
            ],
            [
              1934.3892373720557,
              10200.354289037768
            ],
            [
              1963.8242031545667,
              10187.272082023319
            ],
            [
              1976.2522998182935,
              10172.881654307424
            ],
            [
              1979.5228515719054,
              10160.453557643697
            ],
            [
              1979.5228515719054,
              10153.912454136473
            ],
            [
              1973.6358584154034,
              10142.138467823468
            ],
            [
              1962.5159824531215,
              10134.94325396552
            ],
            [
              1949.4337754386722,
              10131.018591861186
            ],
            [
              1932.4269063198885,
              10129.056260809019
            ],
            [
              1912.8035957982147,
              10129.710371159741
            ],
            [
              1909.5330440446023,
              10127.093929756851
            ],
            [
              1901.0296094852106,
              10103.545957130844
            ],
            [
              1893.8343956272633,
              10098.313074325064
            ],
            [
              1891.2179542243737,
              10085.230867310614
            ],
            [
              1886.6391817693163,
              10076.0733224005
            ],
            [
              1865.053540195475,
              10059.720563632438
            ],
            [
              1859.8206573896955,
              10057.10412222955
            ],
            [
              1827.1151398535726,
              10053.833570475936
            ],
            [
              1809.4541603840662,
              10046.638356617988
            ],
            [
              1795.0637326681722,
              10045.984246267266
            ],
            [
              1793.1014016160048,
              10116.628164145292
            ],
            [
              1799.642505123229,
              10126.439819406129
            ],
            [
              1815.3411535405683,
              10130.364481510464
            ],
            [
              1851.971333181026,
              10151.296012733583
            ]
          ]
        ]
      },
      "properties": {
        "annotation_id": "111cf6bb-18fb-44a9-826e-fb064864fab7",
        "label": "GP5",
        "probabilities": null,
        "tags": []
      }
    },
    {
      "type": "Feature",
      "geometry": {
        "type": "Polygon",
        "coordinates": [
          [
            [
              1699.5620063852612,
              2970.3849275448615
            ],
            [
              1699.5620063852612,
              2966.7184768518987
            ],
            [
              1705.8473504303395,
              2954.6715674321667
            ],
            [
              1706.894907771186,
              2947.338666046241
            ],
            [
              1699.5620063852612,
              2940.0057646603173
            ],
            [
              1684.372424942989,
              2931.101527263123
            ],
            [
              1681.753531590873,
              2915.9119458208506
            ],
            [
              1685.4199822838355,
              2890.7705696405383
            ],
            [
              1686.991318295105,
              2885.532782936305
            ],
            [
              1694.8479983514528,
              2876.6285455391107
            ],
            [
              1695.371777021876,
              2868.2480868123403
            ],
            [
              1680.1821955796036,
              2830.0122438714484
            ],
            [
              1674.4206302049486,
              2819.536670462985
            ],
            [
              1664.9926141373312,
              2809.061097054521
            ],
            [
              1627.804328537285,
              2788.1099502375946
            ],
            [
              1608.9482964020506,
              2782.872163533362
            ],
            [
              1590.092264266816,
              2784.9672782150546
            ],
            [
              1583.806920221738,
              2790.205064919287
            ],
            [
              1581.7118055400451,
              2794.3952942826727
            ],
            [
              1577.52157617666,
              2819.0128917925613
            ],
            [
              1577.52157617666,
              2833.154915893987
            ],
            [
              1588.5209282555466,
              2860.9151854264164
            ],
            [
              1641.422573968288,
              2936.3393139673544
            ],
            [
              1657.1359340809834,
              2947.862444716665
            ],
            [
              1664.9926141373312,
              2949.9575593983577
            ],
            [
              1682.2773102612962,
              2948.3862233870877
            ],
            [
              1699.5620063852612,
              2970.3849275448615
            ]
          ]
        ]
      },
      "properties": {
        "annotation_id": "128d09ae-b120-4f70-b4f6-adb8dca0f2ad",
        "label": "GP3",
        "probabilities": null,
        "tags": []
      }
    },
    {
      "type": "Feature",
      "geometry": {
        "type": "Polygon",
        "coordinates": [
          [
            [
              2126.3583209441617,
              17200.63151252393
            ],
            [
              2112.2489204084964,
              17208.15652614295
            ],
            [
              2120.244247378707,
              17215.211226410785
            ],
            [
              2137.645841372693,
              17217.09247981554
            ],
            [
              2152.695868610736,
              17206.745586089386
            ],
            [
              2167.2755824975898,
              17192.63618555372
            ],
            [
              2175.7412228189883,
              17171.00177139904
            ],
            [
              2187.9693699498976,
              17150.77829729792
            ],
            [
              2194.083443515353,
              17126.322003036097
            ],
            [
              2190.320936705842,
              17063.770327327984
            ],
            [
              2197.845950324863,
              17038.373406363786
            ],
            [
              2234.5303917175916,
              17018.620245613856
            ],
            [
              2281.5617268364745,
              17010.154605292457
            ],
            [
              2319.1867949315806,
              16958.890450012874
            ],
            [
              2325.3008684970355,
              16943.840422774832
            ],
            [
              2324.3602417946577,
              16935.845095804623
            ],
            [
              2315.8946014732587,
              16915.621621703503
            ],
            [
              2304.607081044727,
              16905.745041328537
            ],
            [
              2291.9086205626286,
              16902.452847870212
            ],
            [
              2276.8585933245863,
              16902.923161221403
            ],
            [
              2252.8726124139557,
              16915.151308352313
            ],
            [
              2175.7412228189883,
              16990.871757893714
            ],
            [
              2159.2802555273793,
              17015.32805215553
            ],
            [
              2154.577122015491,
              17042.135913173297
            ],
            [
              2163.513075688079,
              17100.9250820719
            ],
            [
              2159.2802555273793,
              17139.961090220575
            ],
            [
              2151.755241908358,
              17146.075163786027
            ],
            [
              2143.289601586959,
              17142.312656976515
            ],
            [
              2136.705214670316,
              17107.97978233973
            ],
            [
              2125.888007592973,
              17097.632888613578
            ],
            [
              2119.773934027518,
              17096.6922619112
            ],
            [
              2112.7192337596853,
              17105.628215583787
            ],
            [
              2095.787953116888,
              17146.075163786027
            ],
            [
              2098.139519872832,
              17168.1798912919
            ],
            [
              2118.83330732514,
              17195.458065660856
            ],
            [
              2126.3583209441617,
              17200.63151252393
            ]
          ]
        ]
      },
      "properties": {
        "annotation_id": "12ec50bc-18d8-45c0-88de-915159e5c96e",
        "label": "GP5",
        "probabilities": null,
        "tags": []
      }
    },
    {
      "type": "Feature",
      "geometry": {
        "type": "Polygon",
        "coordinates": [
          [
            [
              2240.7348026562972,
              9824.500054008564
            ],
            [
              2237.4186118803177,
              9825.60545093389
            ],
            [
              2257.3157565361935,
              9835.001324799165
            ],
            [
              2287.7141719826714,
              9836.10672172449
            ],
            [
              2313.1383012651795,
              9821.736561695247
            ],
            [
              2323.0868735931176,
              9810.12989397932
            ],
            [
              2326.9557628317602,
              9800.181321651382
            ],
            [
              2330.2719536077398,
              9746.569570773048
            ],
            [
              2320.3233812798017,
              9711.196869162603
            ],
            [
              2315.3490951158324,
              9653.163530582962
            ],
            [
              2296.557347385283,
              9611.158447420557
            ],
            [
              2286.6087750573447,
              9599.55177970463
            ],
            [
              2258.42115346152,
              9598.999081241967
            ],
            [
              2243.498294969613,
              9605.631462793926
            ],
            [
              2223.601150313737,
              9610.053050495231
            ],
            [
              2203.7040056578608,
              9619.448924360508
            ],
            [
              2198.7297194938915,
              9627.186702837791
            ],
            [
              2192.097337941933,
              9657.585118284269
            ],
            [
              2188.2284487032903,
              9664.770198298891
            ],
            [
              2183.8068610019845,
              9663.664801373565
            ],
            [
              2147.3287624662116,
              9630.502893613771
            ],
            [
              2130.195110123652,
              9626.634004375128
            ],
            [
              2119.141140870387,
              9627.739401300456
            ],
            [
              2100.3493931398375,
              9638.240672091057
            ],
            [
              2087.0846300359203,
              9652.058133657636
            ],
            [
              2078.2414546333084,
              9680.798453716125
            ],
            [
              2077.136057707982,
              9715.065758401246
            ],
            [
              2100.9020916025006,
              9791.33814624877
            ],
            [
              2106.429076229133,
              9800.181321651382
            ],
            [
              2136.8274916756104,
              9824.500054008564
            ],
            [
              2152.3030486301805,
              9831.685134023184
            ],
            [
              2168.8840025100776,
              9835.001324799165
            ],
            [
              2204.8094025831874,
              9831.685134023184
            ],
            [
              2211.441784135146,
              9827.26354632188
            ],
            [
              2211.994482597809,
              9808.47179859133
            ],
            [
              2215.3106733737886,
              9807.366401666004
            ],
            [
              2232.444325716349,
              9813.998783217963
            ],
            [
              2240.7348026562972,
              9824.500054008564
            ]
          ]
        ]
      },
      "properties": {
        "annotation_id": "132cf083-78c7-4db3-ae8a-4d66b2e46a27",
        "label": "GP3",
        "probabilities": null,
        "tags": []
      }
    },
    {
      "type": "Feature",
      "geometry": {
        "type": "Polygon",
        "coordinates": [
          [
            [
              1804.148606447801,
              6864.8489803820785
            ],
            [
              1802.4009218418807,
              6859.605926564316
            ],
            [
              1852.6468542620978,
              6856.547478503955
            ],
            [
              1880.1728868053476,
              6859.605926564316
            ],
            [
              1899.8343386219542,
              6853.925951595074
            ],
            [
              1919.495790438561,
              6836.886026687349
            ],
            [
              1919.058869287081,
              6831.6429728695875
            ],
            [
              1903.7666289852757,
              6829.021445960706
            ],
            [
              1873.6190695331454,
              6831.6429728695875
            ],
            [
              1865.7544888065024,
              6825.962997900344
            ],
            [
              1862.2591195946611,
              6817.661496022222
            ],
            [
              1865.3175676550222,
              6810.23383644706
            ],
            [
              1898.960496318994,
              6795.378517296735
            ],
            [
              1906.3881558941566,
              6794.067753842293
            ],
            [
              1914.2527366207994,
              6797.563123054135
            ],
            [
              1926.9234500137238,
              6811.107678750019
            ],
            [
              1943.5264537699693,
              6823.341470991464
            ],
            [
              1951.391034496612,
              6821.593786385543
            ],
            [
              1954.4494825569732,
              6818.535338325181
            ],
            [
              1959.692536374735,
              6798.873886508576
            ],
            [
              1957.9448517688145,
              6789.261621176011
            ],
            [
              1947.0218229818106,
              6776.5909077830875
            ],
            [
              1930.8557403770453,
              6771.7847751168065
            ],
            [
              1930.4188192255647,
              6769.163248207925
            ],
            [
              1940.0310845581284,
              6759.550982875362
            ],
            [
              1954.8864037084534,
              6752.123323300199
            ],
            [
              1959.692536374735,
              6747.317190633918
            ],
            [
              1970.1786440102587,
              6724.16036960547
            ],
            [
              1968.8678805558181,
              6716.295788878827
            ],
            [
              1964.498669041017,
              6712.363498515506
            ],
            [
              1957.9448517688145,
              6712.363498515506
            ],
            [
              1922.117317347442,
              6742.074136816155
            ],
            [
              1909.0096828030373,
              6748.191032936878
            ],
            [
              1901.582023227875,
              6763.920194390163
            ],
            [
              1888.9113098349505,
              6773.969380874207
            ],
            [
              1879.7359656538674,
              6775.7170654801275
            ],
            [
              1865.7544888065024,
              6771.347853965325
            ],
            [
              1861.3852772917007,
              6766.978642450525
            ],
            [
              1858.32682923134,
              6758.240219420921
            ],
            [
              1853.9576177165384,
              6729.403423423231
            ],
            [
              1863.1329618976215,
              6714.985025424386
            ],
            [
              1863.1329618976215,
              6709.741971606625
            ],
            [
              1859.2006715343005,
              6701.877390879981
            ],
            [
              1860.5114349887406,
              6693.138967850378
            ],
            [
              1874.9298329875855,
              6688.332835184097
            ],
            [
              1898.0866540160337,
              6693.138967850378
            ],
            [
              1911.6312097119185,
              6690.080519790018
            ],
            [
              1929.1080557711246,
              6671.729831427851
            ],
            [
              1929.981898074085,
              6665.612935307129
            ],
            [
              1928.2342134681644,
              6662.117566095288
            ],
            [
              1921.6803961959617,
              6657.748354580486
            ],
            [
              1894.5912848041926,
              6649.009931550883
            ],
            [
              1874.0559906846252,
              6648.136089247923
            ],
            [
              1855.268381170979,
              6644.640720036083
            ],
            [
              1839.9761408691738,
              6647.2622469449625
            ],
            [
              1830.8007966880903,
              6656.000669974566
            ],
            [
              1819.4408467496064,
              6675.6621217911725
            ],
            [
              1817.6931621436856,
              6683.089781366335
            ],
            [
              1836.4807716573325,
              6714.985025424386
            ],
            [
              1836.0438505058523,
              6724.59729075695
            ],
            [
              1828.1792697792093,
              6730.277265726192
            ],
            [
              1825.5577428703286,
              6745.132584876516
            ],
            [
              1827.3054274762494,
              6759.550982875362
            ],
            [
              1833.8592447484516,
              6780.523198146409
            ],
            [
              1834.7330870514118,
              6796.2523595996945
            ],
            [
              1833.4223235969714,
              6801.932334568936
            ],
            [
              1823.810058264408,
              6815.9138114163015
            ],
            [
              1804.148606447801,
              6834.264499778467
            ],
            [
              1801.9640006904006,
              6846.498292019912
            ],
            [
              1802.837842993361,
              6858.732084261357
            ],
            [
              1804.148606447801,
              6864.8489803820785
            ]
          ]
        ]
      },
      "properties": {
        "annotation_id": "14a4fa7e-548b-455c-baff-b5a5f36029e0",
        "label": "GP5",
        "probabilities": null,
        "tags": []
      }
    },
    {
      "type": "Feature",
      "geometry": {
        "type": "Polygon",
        "coordinates": [
          [
            [
              1544.5394683414704,
              10014.586949432589
            ],
            [
              1540.6148062371358,
              10013.278728731144
            ],
            [
              1575.9367651761486,
              10044.676025565823
            ],
            [
              1594.2518549963772,
              10053.179460125213
            ],
            [
              1642.0019105991169,
              10055.141791177382
            ],
            [
              1682.5567523439095,
              10044.0219152151
            ],
            [
              1706.7588353206402,
              10042.713694513655
            ],
            [
              1722.4574837379791,
              10030.93970820065
            ],
            [
              1751.2383391697676,
              9980.573211195022
            ],
            [
              1773.4780910943311,
              9911.237514018441
            ],
            [
              1795.7178430188947,
              9871.990892975093
            ],
            [
              1799.642505123229,
              9870.028561922925
            ],
            [
              1839.5432365172994,
              9888.997762093877
            ],
            [
              1864.3994298447528,
              9879.18610683304
            ],
            [
              1884.676850717149,
              9860.216906662088
            ],
            [
              1885.3309610678716,
              9852.367582453418
            ],
            [
              1865.7076505461976,
              9811.812740708627
            ],
            [
              1857.2042159868058,
              9780.41544387395
            ],
            [
              1859.166547038973,
              9755.559250546496
            ],
            [
              1877.4816368592017,
              9711.73385704809
            ],
            [
              1866.3617608969203,
              9682.29889126558
            ],
            [
              1773.4780910943311,
              9673.141346355465
            ],
            [
              1742.7349046103755,
              9682.29889126558
            ],
            [
              1723.1115940887018,
              9696.035208630752
            ],
            [
              1617.1457172716634,
              9708.46330529448
            ],
            [
              1553.0429029008626,
              9733.319498621931
            ],
            [
              1523.6079371183519,
              9753.596919494328
            ],
            [
              1513.796281857515,
              9765.370905807331
            ],
            [
              1514.4503922082376,
              9779.761333523225
            ],
            [
              1566.125109915312,
              9858.908685960643
            ],
            [
              1579.2073169297607,
              9891.614203496767
            ],
            [
              1576.590875526871,
              9905.350520861939
            ],
            [
              1561.5463374602546,
              9907.966962264827
            ],
            [
              1543.2312476400255,
              9898.809417354714
            ],
            [
              1531.4572613270213,
              9889.6518724446
            ],
            [
              1513.796281857515,
              9864.795679117145
            ],
            [
              1490.902419582229,
              9849.097030699806
            ],
            [
              1479.1284332692246,
              9847.788809998361
            ],
            [
              1460.8133434489957,
              9853.675803154863
            ],
            [
              1452.9640192403263,
              9868.72034122148
            ],
            [
              1456.888681344661,
              9896.847086302547
            ],
            [
              1475.8578815156122,
              9936.747817696616
            ],
            [
              1503.3305162459558,
              9988.422535403692
            ],
            [
              1521.6456060661844,
              10006.083514873197
            ],
            [
              1544.5394683414704,
              10014.586949432589
            ]
          ]
        ]
      },
      "properties": {
        "annotation_id": "19fe73f9-ee15-4a14-8bf6-11f22e7ddcc5",
        "label": "GP5",
        "probabilities": null,
        "tags": []
      }
    },
    {
      "type": "Feature",
      "geometry": {
        "type": "Polygon",
        "coordinates": [
          [
            [
              1714.8400679004808,
              4684.269237357704
            ],
            [
              1717.8982170285337,
              4686.308003443071
            ],
            [
              1731.6598881047714,
              4689.875844092468
            ],
            [
              1753.0669320011416,
              4698.540599955284
            ],
            [
              1764.789836992011,
              4701.598749083337
            ],
            [
              1782.1193487176438,
              4701.598749083337
            ],
            [
              1792.822870665829,
              4698.030908433941
            ],
            [
              1800.9779350073034,
              4690.895227135152
            ],
            [
              1810.662073912804,
              4674.0754069308605
            ],
            [
              1812.7008399981726,
              4663.881576504018
            ],
            [
              1811.6814569554886,
              4659.294352811938
            ],
            [
              1808.6233078274358,
              4655.216820641201
            ],
            [
              1796.9004028365664,
              4648.590830863754
            ],
            [
              1782.1193487176438,
              4644.513298693017
            ],
            [
              1765.8092200346955,
              4636.358234351542
            ],
            [
              1761.731687863958,
              4635.338851308858
            ],
            [
              1758.1638472145635,
              4635.848542830199
            ],
            [
              1748.4797083090623,
              4641.455149564964
            ],
            [
              1741.8537185316145,
              4650.11990542778
            ],
            [
              1738.7955694035616,
              4649.100522385095
            ],
            [
              1725.0338983273239,
              4637.887308915568
            ],
            [
              1719.9369831139024,
              4635.848542830199
            ],
            [
              1708.214078123033,
              4634.319468266173
            ],
            [
              1703.6268544309537,
              4635.338851308858
            ],
            [
              1694.452407046795,
              4640.43576652228
            ],
            [
              1690.3748748760577,
              4645.022990214358
            ],
            [
              1686.297342705321,
              4656.236203683886
            ],
            [
              1686.807034226663,
              4663.3718849826755
            ],
            [
              1690.3748748760577,
              4671.52694932415
            ],
            [
              1697.5105561748478,
              4679.172322144283
            ],
            [
              1707.7043866016907,
              4684.269237357704
            ],
            [
              1713.3109933364544,
              4685.288620400388
            ],
            [
              1714.8400679004808,
              4684.269237357704
            ]
          ]
        ]
      },
      "properties": {
        "annotation_id": "1b6ee944-fc6a-4d70-9d48-628c2342c355",
        "label": "GP4",
        "probabilities": null,
        "tags": []
      }
    },
    {
      "type": "Feature",
      "geometry": {
        "type": "Polygon",
        "coordinates": [
          [
            [
              4098.52598610951,
              21112.477303940435
            ],
            [
              4089.916265402032,
              21110.085714855024
            ],
            [
              4090.8729010361967,
              21112.955621757515
            ],
            [
              4096.6127148411815,
              21119.173753379582
            ],
            [
              4104.744117731578,
              21125.391885001653
            ],
            [
              4112.39720280489,
              21129.218427538308
            ],
            [
              4130.57327985401,
              21134.00160570913
            ],
            [
              4153.53253507395,
              21130.175063172475
            ],
            [
              4156.402441976443,
              21127.30515626998
            ],
            [
              4158.315713244771,
              21119.652071196666
            ],
            [
              4158.315713244771,
              21107.215807952532
            ],
            [
              4157.837395427689,
              21103.867583232957
            ],
            [
              4151.619263805622,
              21097.64945161089
            ],
            [
              4156.402441976443,
              21097.17113379381
            ],
            [
              4168.360387403495,
              21100.041040696302
            ],
            [
              4175.535154659727,
              21099.084405062138
            ],
            [
              4181.2749684647115,
              21092.387955622988
            ],
            [
              4186.536464452614,
              21079.951692378854
            ],
            [
              4187.493100086779,
              21065.60215786639
            ],
            [
              4184.623193184287,
              21056.992437158915
            ],
            [
              4181.753286281794,
              21052.687576805172
            ],
            [
              4147.792721268966,
              21030.6849572194
            ],
            [
              4132.486551122339,
              21024.945143414414
            ],
            [
              4110.005613719481,
              21024.46682559733
            ],
            [
              4093.264490121607,
              21029.728321585233
            ],
            [
              4079.8715912433086,
              21035.9464532073
            ],
            [
              4075.5667308895695,
              21044.077856097694
            ],
            [
              4076.0450487066514,
              21062.732250963898
            ],
            [
              4086.5680406824576,
              21110.564032672108
            ],
            [
              4088.002994133704,
              21128.261791904144
            ],
            [
              4091.351218853278,
              21137.349830428702
            ],
            [
              4095.1777613899353,
              21140.698055148277
            ],
            [
              4098.52598610951,
              21112.477303940435
            ]
          ]
        ]
      },
      "properties": {
        "annotation_id": "1bb3a377-2d99-4c57-89a7-7e0f65945b7a",
        "label": "GP4",
        "probabilities": null,
        "tags": []
      }
    },
    {
      "type": "Feature",
      "geometry": {
        "type": "Polygon",
        "coordinates": [
          [
            [
              3267.375104757365,
              19233.284088444543
            ],
            [
              3264.820380610439,
              19232.4325137289
            ],
            [
              3264.394593252618,
              19229.877789581977
            ],
            [
              3266.949317399544,
              19194.11165152501
            ],
            [
              3262.6914438213344,
              19151.532915742915
            ],
            [
              3260.136719674408,
              19142.16559387085
            ],
            [
              3255.4530587383774,
              19134.927208787893
            ],
            [
              3237.5699897098957,
              19120.8762259798
            ],
            [
              3227.3510931221917,
              19116.61835240159
            ],
            [
              3219.686920681414,
              19115.340990328128
            ],
            [
              3204.358575799858,
              19115.340990328128
            ],
            [
              3190.7333803495862,
              19117.469927117232
            ],
            [
              3172.8503113211045,
              19128.114611062756
            ],
            [
              3166.037713595969,
              19138.759295008284
            ],
            [
              3151.986730787876,
              19170.267559487038
            ],
            [
              3149.857793998771,
              19187.724841157695
            ],
            [
              3154.5414549348015,
              19204.330548112714
            ],
            [
              3181.7918458353456,
              19246.05770917917
            ],
            [
              3195.417041285617,
              19255.850818409053
            ],
            [
              3212.4485355984566,
              19263.514990849835
            ],
            [
              3229.4800299112967,
              19267.347077070222
            ],
            [
              3236.292627636433,
              19266.9212897124
            ],
            [
              3274.187702482501,
              19255.850818409053
            ],
            [
              3282.7034496389206,
              19251.592944830845
            ],
            [
              3267.375104757365,
              19233.284088444543
            ]
          ]
        ]
      },
      "properties": {
        "annotation_id": "1d6a8bcb-fba9-4516-a238-b1695b778458",
        "label": "GP3",
        "probabilities": {
          "GP3": 1,
          "GP4": 0,
          "GP5": 0,
          "Benign": 0
        },
        "tags": []
      }
    },
    {
      "type": "Feature",
      "geometry": {
        "type": "Polygon",
        "coordinates": [
          [
            [
              2575.6611816811796,
              19628.330246623733
            ],
            [
              2565.931899576897,
              19632.072278202304
            ],
            [
              2561.441461682613,
              19615.607339256596
            ],
            [
              2544.976522736904,
              19603.63283820517
            ],
            [
              2511.2982385297723,
              19596.897181363744
            ],
            [
              2487.3492364269227,
              19602.884431889455
            ],
            [
              2446.1868890626506,
              19632.820684518018
            ],
            [
              2403.52772906695,
              19670.24100030372
            ],
            [
              2388.559602752669,
              19694.19000240657
            ],
            [
              2380.3271332798145,
              19737.597568717985
            ],
            [
              2388.559602752669,
              19778.011509766544
            ],
            [
              2409.5149795926623,
              19794.476448712252
            ],
            [
              2448.4321080097925,
              19805.702543447962
            ],
            [
              2515.788676424056,
              19804.205730816535
            ],
            [
              2577.157994312608,
              19786.99238555511
            ],
            [
              2616.0751227297383,
              19791.482823449394
            ],
            [
              2687.922129038286,
              19784.74716660797
            ],
            [
              2720.1036006139902,
              19801.212105553677
            ],
            [
              2716.36156903542,
              19819.173857130816
            ],
            [
              2733.574914296843,
              19839.380827655095
            ],
            [
              2846.5842679696634,
              19848.36170344366
            ],
            [
              2904.2115542796446,
              19844.619671865094
            ],
            [
              2937.1414321710627,
              19833.393577129384
            ],
            [
              2968.574497431052,
              19855.845766600803
            ],
            [
              3033.685846898174,
              19861.0846108108
            ],
            [
              3077.8418195253025,
              19858.090985547944
            ],
            [
              3168.3989837267018,
              19836.387202392238
            ],
            [
              3232.7619268781095,
              19833.393577129384
            ],
            [
              3287.395587925235,
              19807.199356079393
            ],
            [
              3293.382838450947,
              19779.50832239797
            ],
            [
              3291.1376195038056,
              19763.791789767976
            ],
            [
              3261.2013668752434,
              19727.868286613702
            ],
            [
              3205.8192995124045,
              19687.454345565144
            ],
            [
              3170.6442026738437,
              19681.467095039432
            ],
            [
              3154.927670043849,
              19650.034029779443
            ],
            [
              3142.2047626767103,
              19641.053153990873
            ],
            [
              3090.5647268924413,
              19648.537217148016
            ],
            [
              3045.660347949599,
              19676.976657145147
            ],
            [
              2985.7878426924754,
              19638.059528728016
            ],
            [
              2961.0904342739123,
              19606.626463468026
            ],
            [
              2882.5077711239373,
              19554.238021368044
            ],
            [
              2863.049206915372,
              19557.980052946616
            ],
            [
              2843.5906427068076,
              19575.193398208037
            ],
            [
              2839.848611128237,
              19630.575465570877
            ],
            [
              2826.377297445384,
              19635.814309780875
            ],
            [
              2787.460169028254,
              19606.626463468026
            ],
            [
              2762.014354293977,
              19599.142400310888
            ],
            [
              2693.1609732482843,
              19547.502364526616
            ],
            [
              2651.998625884012,
              19540.76670768519
            ],
            [
              2602.603809046885,
              19550.495989789473
            ],
            [
              2592.1261206268887,
              19568.457741366612
            ],
            [
              2612.333091151168,
              19656.021280305155
            ],
            [
              2613.081497466882,
              19718.887410825133
            ],
            [
              2618.32034167688,
              19720.38422345656
            ],
            [
              2575.6611816811796,
              19628.330246623733
            ]
          ]
        ]
      },
      "properties": {
        "annotation_id": "1efd2199-9ee3-4dca-9f14-e60664aa31c3",
        "label": "GP4",
        "probabilities": null,
        "tags": []
      }
    },
    {
      "type": "Feature",
      "geometry": {
        "type": "Polygon",
        "coordinates": [
          [
            [
              3529.3604729843073,
              19000.828925636353
            ],
            [
              3524.676812048276,
              19010.196247508415
            ],
            [
              3548.520904086252,
              19026.376167105616
            ],
            [
              3583.4354674275733,
              19023.395655600867
            ],
            [
              3619.627392842358,
              19004.235224498923
            ],
            [
              3648.155145816365,
              18952.714954202584
            ],
            [
              3657.948255046247,
              18950.160230055655
            ],
            [
              3669.8703010652353,
              18961.230701359003
            ],
            [
              3700.9527781861675,
              19021.692506169584
            ],
            [
              3723.0937207928596,
              19029.356678610362
            ],
            [
              3750.769899051224,
              19029.356678610362
            ],
            [
              3804.8448934944904,
              19013.602546370985
            ],
            [
              3864.0293362316083,
              18979.965345103126
            ],
            [
              3885.318704122658,
              18956.97282778079
            ],
            [
              3895.5376007103623,
              18914.394091998693
            ],
            [
              3879.3576811131643,
              18838.603942306556
            ],
            [
              3862.7519741581455,
              18819.01772384679
            ],
            [
              3827.8374108168236,
              18794.747844450994
            ],
            [
              3818.895876302583,
              18767.071666192627
            ],
            [
              3820.599025733867,
              18744.079148870296
            ],
            [
              3808.676979714879,
              18723.641355694886
            ],
            [
              3815.4895774400156,
              18718.957694758858
            ],
            [
              3824.431111954256,
              18722.789780979245
            ],
            [
              3857.6425258642935,
              18758.13013167839
            ],
            [
              3881.91240526009,
              18766.22009147699
            ],
            [
              3900.221261646393,
              18741.098637365547
            ],
            [
              3914.2722444544856,
              18699.797263656914
            ],
            [
              3887.021853553942,
              18635.503372625943
            ],
            [
              3834.6500085419602,
              18616.76872888182
            ],
            [
              3820.599025733867,
              18603.143533431547
            ],
            [
              3811.231703861805,
              18538.423855042754
            ],
            [
              3792.07127275986,
              18504.7866537749
            ],
            [
              3776.7429278783043,
              18491.161458324623
            ],
            [
              3758.8598588498226,
              18484.77464795731
            ],
            [
              3746.512025473014,
              18490.309883608985
            ],
            [
              3728.2031690867116,
              18523.521297519022
            ],
            [
              3724.7968702241437,
              18564.396883869835
            ],
            [
              3716.7069104255443,
              18567.8031827324
            ],
            [
              3692.011243671927,
              18558.861648218164
            ],
            [
              3683.069709157686,
              18560.564797649447
            ],
            [
              3647.3035711007224,
              18613.78821737707
            ],
            [
              3635.807312439556,
              18651.257504865316
            ],
            [
              3631.549438861346,
              18693.410453289598
            ],
            [
              3630.697864145704,
              18740.672850007726
            ],
            [
              3649.4325078898273,
              18799.005718029202
            ],
            [
              3643.8972722381545,
              18851.377563041187
            ],
            [
              3634.5299503660926,
              18875.22165507916
            ],
            [
              3624.3110537783887,
              18880.331103373013
            ],
            [
              3595.7833008043826,
              18870.53799414313
            ],
            [
              3539.5793695720113,
              18863.725396417994
            ],
            [
              3511.0516165980043,
              18878.62795394173
            ],
            [
              3489.762248706955,
              18907.581494273556
            ],
            [
              3481.2465015505345,
              18944.624994403985
            ],
            [
              3481.672288908356,
              18972.301172662348
            ],
            [
              3506.7937430197944,
              19009.344672792777
            ],
            [
              3527.2315361952024,
              19007.21573600367
            ],
            [
              3529.3604729843073,
              19000.828925636353
            ]
          ]
        ]
      },
      "properties": {
        "annotation_id": "22c367f0-9924-4261-96db-2c3003c51258",
        "label": "GP4",
        "probabilities": null,
        "tags": []
      }
    },
    {
      "type": "Feature",
      "geometry": {
        "type": "Polygon",
        "coordinates": [
          [
            [
              1175.0767467991486,
              4558.885123107536
            ],
            [
              1172.018597671096,
              4558.375431586193
            ],
            [
              1183.2318111406232,
              4560.923889192904
            ],
            [
              1215.8520685065203,
              4551.239750287404
            ],
            [
              1248.9820173937599,
              4550.730058766061
            ],
            [
              1275.9956680248938,
              4567.549878970352
            ],
            [
              1289.2476475797894,
              4569.588645055721
            ],
            [
              1325.4357455950817,
              4549.710675723378
            ],
            [
              1328.4938947231344,
              4549.200984202035
            ],
            [
              1343.784640363399,
              4557.35604854351
            ],
            [
              1361.114152089032,
              4556.8463570221675
            ],
            [
              1372.8370570799011,
              4552.259133330087
            ],
            [
              1378.9533553360068,
              4542.574994424586
            ],
            [
              1381.5018129427176,
              4526.264865741639
            ],
            [
              1380.9921214213755,
              4512.503194665401
            ],
            [
              1373.3467486012432,
              4503.328747281242
            ],
            [
              1366.7207588237954,
              4500.270598153189
            ],
            [
              1358.0560029609792,
              4499.7609066318455
            ],
            [
              1320.3388303816603,
              4514.032269229427
            ],
            [
              1309.125616912133,
              4515.051652272111
            ],
            [
              1292.305796707842,
              4504.857821845269
            ],
            [
              1282.6216578023414,
              4489.567076205004
            ],
            [
              1247.9626343510756,
              4458.985584924474
            ],
            [
              1232.162197189469,
              4456.9468188391065
            ],
            [
              1199.5419398235715,
              4463.5728086165545
            ],
            [
              1160.2956926802265,
              4476.315096650108
            ],
            [
              1138.8886487838563,
              4486.50892707695
            ],
            [
              1125.1269777076184,
              4496.193065982451
            ],
            [
              1120.030062494197,
              4503.328747281242
            ],
            [
              1122.0688285795657,
              4519.63887596419
            ],
            [
              1133.7917335704349,
              4539.5168452965345
            ],
            [
              1143.4758724759358,
              4549.710675723378
            ],
            [
              1155.7084689881472,
              4557.35604854351
            ],
            [
              1169.9798315857272,
              4560.923889192904
            ],
            [
              1175.0767467991486,
              4558.885123107536
            ]
          ]
        ]
      },
      "properties": {
        "annotation_id": "235bdea5-5429-4598-bbdb-f1d42e5d4c97",
        "label": "GP3",
        "probabilities": null,
        "tags": []
      }
    },
    {
      "type": "Feature",
      "geometry": {
        "type": "Polygon",
        "coordinates": [
          [
            [
              2095.4535047198187,
              7085.247180718912
            ],
            [
              2090.8201236158015,
              7085.247180718912
            ],
            [
              2090.8201236158015,
              7080.613799614894
            ],
            [
              2139.1396694148384,
              7044.208662369045
            ],
            [
              2144.4349621051438,
              7042.884839196468
            ],
            [
              2155.687459072043,
              7045.53248554162
            ],
            [
              2172.2352487292474,
              7056.78498250852
            ],
            [
              2178.854364592129,
              7058.770717267384
            ],
            [
              2187.4592152138757,
              7058.108805681096
            ],
            [
              2200.035535353351,
              7049.50395505935
            ],
            [
              2211.28803232025,
              7036.927634919874
            ],
            [
              2227.8358219774545,
              6998.53676291516
            ],
            [
              2229.159645150031,
              6978.017503740226
            ],
            [
              2218.56905976942,
              6963.455448841886
            ],
            [
              2203.345093284792,
              6957.498244565292
            ],
            [
              2147.082608450297,
              6955.512509806429
            ],
            [
              2078.243803476326,
              6965.441183600751
            ],
            [
              2069.6389528545797,
              6968.750741532192
            ],
            [
              2053.091163197375,
              6981.327061671667
            ],
            [
              2046.4720473344935,
              6993.241470224855
            ],
            [
              2025.95278815956,
              7043.546750782756
            ],
            [
              2023.305141814407,
              7058.770717267384
            ],
            [
              2025.95278815956,
              7064.727921543978
            ],
            [
              2039.1910198853234,
              7079.951888028606
            ],
            [
              2050.4435168522227,
              7087.894827064065
            ],
            [
              2065.6674833368506,
              7093.852031340657
            ],
            [
              2083.539096166631,
              7095.837766099523
            ],
            [
              2120.6061449987697,
              7086.571003891488
            ],
            [
              2095.4535047198187,
              7085.247180718912
            ]
          ]
        ]
      },
      "properties": {
        "annotation_id": "238824d2-0037-416a-b9aa-14750557b481",
        "label": "GP3",
        "probabilities": null,
        "tags": []
      }
    },
    {
      "type": "Feature",
      "geometry": {
        "type": "Polygon",
        "coordinates": [
          [
            [
              4022.9517710105392,
              21142.133008599525
            ],
            [
              4023.4300888276216,
              21145.00291550202
            ],
            [
              4026.299995730114,
              21147.394504587428
            ],
            [
              4029.648220449689,
              21149.307775855756
            ],
            [
              4033.474762986345,
              21150.26441148992
            ],
            [
              4047.824297498808,
              21150.26441148992
            ],
            [
              4051.650840035465,
              21147.87282240451
            ],
            [
              4058.3472894746137,
              21141.654690782445
            ],
            [
              4063.130467645435,
              21133.52328789205
            ],
            [
              4066.47869236501,
              21122.521978099157
            ],
            [
              4066.47869236501,
              21113.912257391683
            ],
            [
              4064.5654210966813,
              21110.085714855024
            ],
            [
              4059.3039251087785,
              21103.867583232957
            ],
            [
              4051.650840035465,
              21096.692815976727
            ],
            [
              4047.824297498808,
              21094.7795447084
            ],
            [
              4033.9530808034274,
              21091.431319988824
            ],
            [
              4015.777003754308,
              21084.256552732593
            ],
            [
              4005.732329595584,
              21084.734870549677
            ],
            [
              4001.9057870589277,
              21086.16982400092
            ],
            [
              3992.3394307172853,
              21094.301226891315
            ],
            [
              3988.512888180629,
              21100.997676330466
            ],
            [
              3988.0345703635467,
              21105.78085450129
            ],
            [
              3999.9925157905986,
              21142.133008599525
            ],
            [
              4003.3407405101734,
              21149.307775855756
            ],
            [
              4007.1672830468306,
              21151.699364941167
            ],
            [
              4022.9517710105392,
              21142.133008599525
            ]
          ]
        ]
      },
      "properties": {
        "annotation_id": "26a996dd-9098-4548-a5f6-862233ecc3fa",
        "label": "GP4",
        "probabilities": null,
        "tags": []
      }
    },
    {
      "type": "Feature",
      "geometry": {
        "type": "Polygon",
        "coordinates": [
          [
            [
              2890.8726675836792,
              17217.736288999222
            ],
            [
              2893.215502802894,
              17218.204856043067
            ],
            [
              2898.2622003078986,
              17217.64411187584
            ],
            [
              2903.869641980126,
              17215.40113520695
            ],
            [
              2916.766757826249,
              17208.67220520028
            ],
            [
              2917.327501993471,
              17204.74699602972
            ],
            [
              2908.9163394851307,
              17195.214345186934
            ],
            [
              2894.3369911373397,
              17188.48541518026
            ],
            [
              2882.561363625662,
              17185.120950176923
            ],
            [
              2878.636154455103,
              17185.120950176923
            ],
            [
              2864.0568061073122,
              17176.14904350136
            ],
            [
              2852.8419227628574,
              17158.765974317455
            ],
            [
              2851.7204344284123,
              17154.280020979673
            ],
            [
              2852.8419227628574,
              17147.551090973
            ],
            [
              2856.7671319334163,
              17145.868858471335
            ],
            [
              2887.047316963444,
              17144.747370136887
            ],
            [
              2890.411781966781,
              17143.625881802443
            ],
            [
              2897.140711973453,
              17137.457695962992
            ],
            [
              2905.551874481794,
              17135.2147192941
            ],
            [
              2907.7948511506847,
              17128.485789287428
            ],
            [
              2908.355595317908,
              17120.63537094631
            ],
            [
              2902.7481536456803,
              17113.906440939638
            ],
            [
              2892.6547586356714,
              17109.981231769078
            ],
            [
              2864.0568061073122,
              17109.420487601856
            ],
            [
              2853.40266693008,
              17112.78495260519
            ],
            [
              2845.552248588962,
              17116.71016177575
            ],
            [
              2838.823318582289,
              17121.196115113533
            ],
            [
              2836.5803419133986,
              17123.999835949646
            ],
            [
              2829.290667739502,
              17135.775463461323
            ],
            [
              2828.1691794050575,
              17143.625881802443
            ],
            [
              2837.141086080621,
              17159.326718484677
            ],
            [
              2842.1877835856253,
              17164.934160156907
            ],
            [
              2848.3559694250757,
              17169.42011349469
            ],
            [
              2850.5989460939663,
              17172.784578498024
            ],
            [
              2853.963411097303,
              17179.513508504697
            ],
            [
              2855.0848994317485,
              17190.167647681927
            ],
            [
              2860.692341103975,
              17199.700298524713
            ],
            [
              2863.496061940089,
              17202.50401936083
            ],
            [
              2878.636154455103,
              17208.67220520028
            ],
            [
              2890.8726675836792,
              17217.736288999222
            ],
            [
              2890.8726675836792,
              17217.736288999222
            ]
          ]
        ]
      },
      "properties": {
        "annotation_id": "28b650ff-94e0-4b85-8d84-59fb099d4ab9",
        "label": "GP5",
        "probabilities": null,
        "tags": []
      }
    },
    {
      "type": "Feature",
      "geometry": {
        "type": "Polygon",
        "coordinates": [
          [
            [
              1856.5791446254193,
              6949.174762617748
            ],
            [
              1854.3945388680186,
              6950.922447223667
            ],
            [
              1856.5791446254193,
              6954.417816435509
            ],
            [
              1875.803675290546,
              6979.322322069878
            ],
            [
              1905.5143135911965,
              6996.362246977604
            ],
            [
              1931.292661528525,
              6994.614562371683
            ],
            [
              1955.3233248599336,
              7002.0422219468455
            ],
            [
              1975.4216978280206,
              6998.983773886485
            ],
            [
              1990.2770169783457,
              7000.731458492406
            ],
            [
              1992.8985438872267,
              7000.294537340925
            ],
            [
              2000.7631246138692,
              6986.749981645041
            ],
            [
              2000.326203462389,
              6971.020820191755
            ],
            [
              1994.209307341667,
              6960.534712556231
            ],
            [
              1988.529332372425,
              6955.29165873847
            ],
            [
              1985.0339631605837,
              6953.107052981069
            ],
            [
              1978.0432247369013,
              6952.233210678109
            ],
            [
              1959.692536374735,
              6956.602422192909
            ],
            [
              1955.3233248599336,
              6953.107052981069
            ],
            [
              1954.4494825569732,
              6950.485526072188
            ],
            [
              1957.071009465854,
              6939.562497285184
            ],
            [
              1958.3817729202947,
              6917.7164397111765
            ],
            [
              1951.8279556480925,
              6907.230332075653
            ],
            [
              1937.8464788007275,
              6895.870382137169
            ],
            [
              1929.1080557711246,
              6891.938091773848
            ],
            [
              1901.582023227875,
              6889.753486016447
            ],
            [
              1879.7359656538674,
              6881.015062986844
            ],
            [
              1863.1329618976215,
              6879.267378380923
            ],
            [
              1850.8991696561775,
              6883.636589895725
            ],
            [
              1837.7915351117726,
              6893.685776379769
            ],
            [
              1829.92695438513,
              6908.541095530093
            ],
            [
              1828.6161909306895,
              6920.337966620057
            ],
            [
              1831.2377178395705,
              6931.26099540706
            ],
            [
              1840.8499831721338,
              6946.553235708867
            ],
            [
              1854.8314600194988,
              6959.660870253271
            ],
            [
              1856.5791446254193,
              6949.174762617748
            ]
          ]
        ]
      },
      "properties": {
        "annotation_id": "29a84a23-a18c-4990-92d4-a8227bfe79c2",
        "label": "GP4",
        "probabilities": null,
        "tags": []
      }
    },
    {
      "type": "Feature",
      "geometry": {
        "type": "Polygon",
        "coordinates": [
          [
            [
              2362.1382193839595,
              8849.520738060834
            ],
            [
              2358.2091868725383,
              8850.83041556464
            ],
            [
              2363.4478968877665,
              8860.652996843193
            ],
            [
              2386.367253204392,
              8877.023965640783
            ],
            [
              2399.464028242464,
              8882.917514407916
            ],
            [
              2447.922095883329,
              8896.014289445988
            ],
            [
              2466.2575809366294,
              8896.014289445988
            ],
            [
              2495.070486020387,
              8901.252999461216
            ],
            [
              2507.512422306555,
              8898.633644453603
            ],
            [
              2522.573713600337,
              8899.94332195741
            ],
            [
              2537.6350048941194,
              8886.846546919336
            ],
            [
              2541.564037405541,
              8878.988481896493
            ],
            [
              2542.218876157445,
              8856.069125579868
            ],
            [
              2546.8027474207697,
              8834.45944676705
            ],
            [
              2544.183392413155,
              8825.946542992304
            ],
            [
              2537.6350048941194,
              8820.052994225172
            ],
            [
              2542.218876157445,
              8819.398155473267
            ],
            [
              2544.838231165059,
              8816.12396171375
            ],
            [
              2557.935006203131,
              8783.382024118571
            ],
            [
              2559.244683706938,
              8777.488475351438
            ],
            [
              2557.935006203131,
              8765.04653906527
            ],
            [
              2544.183392413155,
              8751.949764027198
            ],
            [
              2531.0866173750837,
              8748.675570267682
            ],
            [
              2507.512422306555,
              8768.320732824788
            ],
            [
              2474.115645959472,
              8810.23041294662
            ],
            [
              2470.8414521999543,
              8823.32718798469
            ],
            [
              2470.1866134480506,
              8856.723964331773
            ],
            [
              2468.22209719234,
              8861.962674347002
            ],
            [
              2464.2930646809186,
              8864.582029354617
            ],
            [
              2455.1253221542684,
              8863.927190602712
            ],
            [
              2431.551127085739,
              8831.185253007534
            ],
            [
              2426.9672558224142,
              8821.362671728979
            ],
            [
              2413.870480784343,
              8816.12396171375
            ],
            [
              2395.5349957310423,
              8816.12396171375
            ],
            [
              2360.8285418801524,
              8825.946542992304
            ],
            [
              2358.2091868725383,
              8830.530414255629
            ],
            [
              2359.5188643763454,
              8837.733640526569
            ],
            [
              2364.757574391574,
              8848.211060557025
            ],
            [
              2362.1382193839595,
              8849.520738060834
            ]
          ]
        ]
      },
      "properties": {
        "annotation_id": "2abe090c-129f-4496-90fd-e430155fe263",
        "label": "GP4",
        "probabilities": null,
        "tags": []
      }
    },
    {
      "type": "Feature",
      "geometry": {
        "type": "Polygon",
        "coordinates": [
          [
            [
              1835.1700082028942,
              6468.998417141057
            ],
            [
              1837.7915351117751,
              6471.183022898458
            ],
            [
              1847.4038004443385,
              6474.678392110299
            ],
            [
              1852.20993311062,
              6474.678392110299
            ],
            [
              1857.889908079862,
              6472.930707504378
            ],
            [
              1887.163625229032,
              6455.453861445173
            ],
            [
              1896.7758905615956,
              6446.27851726409
            ],
            [
              1901.582023227877,
              6437.540094234487
            ],
            [
              1902.4558655308374,
              6429.238592356363
            ],
            [
              1900.7081809249169,
              6419.18940587232
            ],
            [
              1898.523575167516,
              6412.198667448638
            ],
            [
              1889.785152137913,
              6395.595663692392
            ],
            [
              1877.988281047949,
              6382.488029147987
            ],
            [
              1864.8806465035443,
              6373.312684966903
            ],
            [
              1858.3268292313421,
              6371.565000360984
            ],
            [
              1846.9668792928583,
              6371.565000360984
            ],
            [
              1839.1022985662157,
              6373.749606118385
            ],
            [
              1827.3054274762515,
              6379.866502239106
            ],
            [
              1820.3146890525688,
              6386.42031951131
            ],
            [
              1812.4501083259263,
              6396.469505995352
            ],
            [
              1801.5270795389224,
              6414.383273206038
            ],
            [
              1799.3424737815217,
              6426.180144296003
            ],
            [
              1800.6532372359623,
              6433.170882719684
            ],
            [
              1804.1486064478036,
              6441.472384597808
            ],
            [
              1813.7608717803669,
              6461.133836414415
            ],
            [
              1820.3146890525688,
              6469.435338292537
            ],
            [
              1827.3054274762515,
              6474.241470958819
            ],
            [
              1835.1700082028942,
              6468.998417141057
            ]
          ]
        ]
      },
      "properties": {
        "annotation_id": "2b3064fd-03c6-4eb2-b4b4-02c7a5139ec2",
        "label": "GP3",
        "probabilities": null,
        "tags": []
      }
    },
    {
      "type": "Feature",
      "geometry": {
        "type": "Polygon",
        "coordinates": [
          [
            [
              3651.1221001256267,
              22185.61979608906
            ],
            [
              3648.415433758255,
              22186.522018211515
            ],
            [
              3652.4754333093124,
              22184.266462905376
            ],
            [
              3673.22654212583,
              22182.46201866046
            ],
            [
              3700.293205799549,
              22175.69535274203
            ],
            [
              3707.962093840436,
              22171.184242129744
            ],
            [
              3717.886537187466,
              22159.906465599026
            ],
            [
              3718.3376482486947,
              22156.748688170424
            ],
            [
              3692.624317758661,
              22131.48646874162
            ],
            [
              3688.1132071463753,
              22125.17091388442
            ],
            [
              3679.542096983031,
              22099.45758339439
            ],
            [
              3679.9932080442595,
              22092.69091747596
            ],
            [
              3684.053207595317,
              22091.337584292272
            ],
            [
              3716.9843150650086,
              22116.599803721077
            ],
            [
              3719.6909814323803,
              22117.502025843532
            ],
            [
              3723.2998699222094,
              22115.24647053739
            ],
            [
              3727.3598694732673,
              22105.32202719036
            ],
            [
              3731.4198690243256,
              22070.586475475757
            ],
            [
              3730.066535840639,
              22065.62425380224
            ],
            [
              3726.0065362895816,
              22059.759810006268
            ],
            [
              3715.6309818813224,
              22045.775367108177
            ],
            [
              3711.5709823302645,
              22042.61758967958
            ],
            [
              3698.037650493405,
              22039.459812250978
            ],
            [
              3683.1509854728606,
              22039.459812250978
            ],
            [
              3671.873208942144,
              22046.677589230636
            ],
            [
              3667.8132093910863,
              22052.09092196538
            ],
            [
              3652.024322248084,
              22101.262027639303
            ],
            [
              3642.0998789010537,
              22120.208692210905
            ],
            [
              3635.7843240438524,
              22139.606467843736
            ],
            [
              3633.9798797989383,
              22170.282020007286
            ],
            [
              3637.1376572275385,
              22180.657574415545
            ],
            [
              3643.45321208474,
              22188.326462456433
            ],
            [
              3651.1221001256267,
              22185.61979608906
            ]
          ]
        ]
      },
      "properties": {
        "annotation_id": "2b86aecc-3872-4865-998a-7612fcc4da40",
        "label": "GP5",
        "probabilities": null,
        "tags": []
      }
    },
    {
      "type": "Feature",
      "geometry": {
        "type": "Polygon",
        "coordinates": [
          [
            [
              1722.1560734162656,
              9248.503436792225
            ],
            [
              1717.1817872522965,
              9248.503436792225
            ],
            [
              1721.0506764909394,
              9249.056135254887
            ],
            [
              1769.1354427426402,
              9225.842799823033
            ],
            [
              1788.4798889358528,
              9219.763116733737
            ],
            [
              1826.6160828596155,
              9191.575495137913
            ],
            [
              1836.5646551875536,
              9186.601208973943
            ],
            [
              1850.3821167541346,
              9183.285018197963
            ],
            [
              1871.384658335337,
              9171.678350482036
            ],
            [
              1894.045295304529,
              9154.544698139476
            ],
            [
              1901.7830737818144,
              9137.96374425958
            ],
            [
              1901.7830737818144,
              9129.673267319631
            ],
            [
              1899.5722799311616,
              9124.146282692998
            ],
            [
              1888.5183106778968,
              9115.303107290387
            ],
            [
              1871.384658335337,
              9112.539614977071
            ],
            [
              1844.855132127502,
              9113.645011902398
            ],
            [
              1828.8268767102684,
              9116.961202678376
            ],
            [
              1818.8783043823303,
              9121.382790379683
            ],
            [
              1801.1919535771071,
              9132.98945809561
            ],
            [
              1763.0557596533445,
              9166.704064318068
            ],
            [
              1735.420836520183,
              9178.863430496658
            ],
            [
              1717.73448571496,
              9191.022796675248
            ],
            [
              1709.9967072376746,
              9200.418670540523
            ],
            [
              1698.390039521747,
              9220.3158151964
            ],
            [
              1692.8630548951148,
              9233.580578300318
            ],
            [
              1692.8630548951148,
              9242.976452165592
            ],
            [
              1722.1560734162656,
              9248.503436792225
            ]
          ]
        ]
      },
      "properties": {
        "annotation_id": "2bc0ad39-c3ac-44fb-816d-c2c146b7395c",
        "label": "GP5",
        "probabilities": null,
        "tags": []
      }
    },
    {
      "type": "Feature",
      "geometry": {
        "type": "Polygon",
        "coordinates": [
          [
            [
              1439.8951692465334,
              6641.72844336932
            ],
            [
              1435.089036580252,
              6637.796153005998
            ],
            [
              1434.6521154287718,
              6634.300783794158
            ],
            [
              1435.089036580252,
              6631.679256885276
            ],
            [
              1438.5844057920933,
              6630.368493430837
            ],
            [
              1445.5751442157755,
              6635.174626097117
            ],
            [
              1463.0519902749818,
              6656.583762519645
            ],
            [
              1472.227334456065,
              6664.885264397768
            ],
            [
              1501.937972756715,
              6675.371372033291
            ],
            [
              1508.054868877437,
              6675.808293184772
            ],
            [
              1516.7932919070404,
              6673.1867662758905
            ],
            [
              1521.5994245733218,
              6666.196027852207
            ],
            [
              1525.9686360881235,
              6652.6514721563235
            ],
            [
              1528.1532418455242,
              6628.183887673435
            ],
            [
              1525.0947937851631,
              6620.3193069467925
            ],
            [
              1516.7932919070404,
              6611.580883917189
            ],
            [
              1498.0056823933937,
              6607.211672402388
            ],
            [
              1487.9564959093502,
              6595.8517224639045
            ],
            [
              1485.7718901519497,
              6589.297905191702
            ],
            [
              1485.7718901519497,
              6580.559482162098
            ],
            [
              1489.2672593637906,
              6553.907291921809
            ],
            [
              1510.239474634838,
              6550.411922709968
            ],
            [
              1517.2302130585206,
              6551.285765012928
            ],
            [
              1523.7840303307225,
              6557.839582285131
            ],
            [
              1532.9593745118057,
              6572.694901435456
            ],
            [
              1557.8638801461743,
              6577.0641129502565
            ],
            [
              1564.854618569857,
              6571.384137981015
            ],
            [
              1570.5345935390988,
              6559.5872668910515
            ],
            [
              1573.15612044798,
              6547.790395801087
            ],
            [
              1571.4084358420591,
              6535.556603559642
            ],
            [
              1565.7284608728173,
              6527.2551016815205
            ],
            [
              1546.9408513591707,
              6516.332072894516
            ],
            [
              1527.2793995425639,
              6515.021309440075
            ],
            [
              1516.7932919070404,
              6519.390520954877
            ],
            [
              1513.7348438466793,
              6524.633574772639
            ],
            [
              1508.054868877437,
              6515.458230591556
            ],
            [
              1487.9564959093502,
              6503.224438350112
            ],
            [
              1465.6735171838625,
              6496.670621077909
            ],
            [
              1452.5658826394579,
              6499.29214798679
            ],
            [
              1441.6428538524542,
              6507.156728713433
            ],
            [
              1430.7198250654503,
              6518.516678651917
            ],
            [
              1422.4183231873276,
              6529.002786287441
            ],
            [
              1418.049111672526,
              6539.9258150744445
            ],
            [
              1417.6121905210462,
              6560.024188042531
            ],
            [
              1422.4183231873276,
              6582.744087919498
            ],
            [
              1430.7198250654503,
              6605.900908947947
            ],
            [
              1435.9628788832124,
              6611.143962765709
            ],
            [
              1439.8951692465334,
              6641.72844336932
            ]
          ]
        ]
      },
      "properties": {
        "annotation_id": "2cca97b9-da6a-431b-9c62-cc520c898ec7",
        "label": "GP5",
        "probabilities": null,
        "tags": []
      }
    },
    {
      "type": "Feature",
      "geometry": {
        "type": "Polygon",
        "coordinates": [
          [
            [
              4266.767915225114,
              21988.81194188755
            ],
            [
              4264.512359918971,
              21984.30083127526
            ],
            [
              4263.159026735284,
              21987.007497642637
            ],
            [
              4270.827914776172,
              21999.18749629581
            ],
            [
              4297.89457844989,
              22020.84082723478
            ],
            [
              4311.879021347979,
              22036.629714377785
            ],
            [
              4336.690129715554,
              22048.809713030958
            ],
            [
              4358.794571715757,
              22069.109710786248
            ],
            [
              4374.5834588587595,
              22070.011932908707
            ],
            [
              4410.221232695822,
              22061.89193380659
            ],
            [
              4416.536787553024,
              22056.027490010616
            ],
            [
              4415.634565430566,
              22047.9074909085
            ],
            [
              4410.672343757051,
              22041.5919360513
            ],
            [
              4347.96790624627,
              21999.18749629581
            ],
            [
              4334.434574409411,
              21977.98527641806
            ],
            [
              4336.690129715554,
              21975.72972111192
            ],
            [
              4360.599015960672,
              21983.398609152806
            ],
            [
              4376.387903103674,
              21981.594164907892
            ],
            [
              4388.116790695619,
              21973.474165805776
            ],
            [
              4390.823457062991,
              21963.098611397516
            ],
            [
              4370.523459307702,
              21913.476394662368
            ],
            [
              4369.170126124016,
              21896.334174335676
            ],
            [
              4361.0501270219,
              21884.154175682506
            ],
            [
              4349.321239429955,
              21820.096404988035
            ],
            [
              4339.396796082926,
              21802.05196253889
            ],
            [
              4329.923463797124,
              21793.931963436775
            ],
            [
              4314.134576654122,
              21791.225297069406
            ],
            [
              4300.601244817262,
              21800.698629355204
            ],
            [
              4298.796800572348,
              21807.465295273636
            ],
            [
              4299.699022694805,
              21858.440845192472
            ],
            [
              4294.73680102129,
              21875.13195445793
            ],
            [
              4283.910135551802,
              21895.88306327445
            ],
            [
              4264.061248857742,
              21896.785285396905
            ],
            [
              4252.783472327025,
              21902.19861813165
            ],
            [
              4250.527917020882,
              21919.791949519567
            ],
            [
              4256.392360816855,
              21936.483058785027
            ],
            [
              4266.767915225114,
              21988.81194188755
            ]
          ]
        ]
      },
      "properties": {
        "annotation_id": "2d549de4-1362-43ed-86ca-950e851468bd",
        "label": "GP4",
        "probabilities": null,
        "tags": []
      }
    },
    {
      "type": "Feature",
      "geometry": {
        "type": "Polygon",
        "coordinates": [
          [
            [
              3354.335072174739,
              16424.0943147888
            ],
            [
              3348.6913119604724,
              16425.975568193553
            ],
            [
              3328.4678378593535,
              16459.36781612796
            ],
            [
              3319.5318841867656,
              16460.30844283034
            ],
            [
              3273.911489121449,
              16440.08496872922
            ],
            [
              3260.742715288162,
              16446.669355645863
            ],
            [
              3252.277074966763,
              16459.83812947915
            ],
            [
              3251.806761615574,
              16499.34445097901
            ],
            [
              3264.5052220976722,
              16542.613279288384
            ],
            [
              3277.67399593096,
              16559.074246579992
            ],
            [
              3305.4224836511003,
              16575.06490052041
            ],
            [
              3363.2710258473267,
              16576.946153925168
            ],
            [
              3380.202306490124,
              16570.832080359713
            ],
            [
              3407.950794210265,
              16524.741371943208
            ],
            [
              3414.5351811269084,
              16473.477216663625
            ],
            [
              3423.0008214483073,
              16452.783429211315
            ],
            [
              3471.443096620757,
              16431.619328407818
            ],
            [
              3493.077510775443,
              16431.619328407818
            ],
            [
              3514.711924930129,
              16438.203715324464
            ],
            [
              3528.8213254657935,
              16435.381835217333
            ],
            [
              3547.163546162158,
              16418.92086792572
            ],
            [
              3567.8573336144664,
              16373.770786211595
            ],
            [
              3570.679213721599,
              16328.150391146279
            ],
            [
              3543.871352703836,
              16282.059682729774
            ],
            [
              3558.451066590689,
              16240.672107825158
            ],
            [
              3559.8620066442563,
              16216.686126914525
            ],
            [
              3552.8073063764236,
              16203.987666432426
            ],
            [
              3534.465085680059,
              16190.81889259914
            ],
            [
              3528.3510121146046,
              16189.878265896765
            ],
            [
              3516.593178334884,
              16198.34390621816
            ],
            [
              3520.3556851443946,
              16179.061058819421
            ],
            [
              3508.5978513646737,
              16138.614110617182
            ],
            [
              3493.547824126631,
              16121.682829974383
            ],
            [
              3475.6759167814557,
              16111.335936248228
            ],
            [
              3460.155576192225,
              16105.692176033963
            ],
            [
              3436.1695952815944,
              16106.63280273634
            ],
            [
              3420.6492546923632,
              16114.62812970655
            ],
            [
              3412.653927722153,
              16126.385963486271
            ],
            [
              3416.886747882853,
              16136.262543861236
            ],
            [
              3456.8633827339027,
              16165.421971634943
            ],
            [
              3474.7352900790784,
              16199.754846271728
            ],
            [
              3467.6805898112457,
              16217.156440265715
            ],
            [
              3454.511815977959,
              16227.973647343058
            ],
            [
              3430.05552171614,
              16198.81421956935
            ],
            [
              3411.7133010197754,
              16194.111086057463
            ],
            [
              3391.019513567467,
              16198.34390621816
            ],
            [
              3362.8007124961377,
              16228.443960694247
            ],
            [
              3331.760031317675,
              16287.23312959285
            ],
            [
              3322.3537642938986,
              16323.917570985579
            ],
            [
              3313.8881239724997,
              16391.17238020558
            ],
            [
              3322.3537642938986,
              16404.811467390056
            ],
            [
              3334.111598073619,
              16411.86616765789
            ],
            [
              3357.6272656330602,
              16410.92554095551
            ],
            [
              3354.335072174739,
              16424.0943147888
            ]
          ]
        ]
      },
      "properties": {
        "annotation_id": "34bfc9fe-0c6b-467e-bd70-cdae5993128c",
        "label": "GP4",
        "probabilities": null,
        "tags": []
      }
    },
    {
      "type": "Feature",
      "geometry": {
        "type": "Polygon",
        "coordinates": [
          [
            [
              2319.0469608888257,
              13834.040137313457
            ],
            [
              2321.553994575462,
              13836.129332052322
            ],
            [
              2326.150223000963,
              13835.71149310455
            ],
            [
              2354.9811103972843,
              13827.772553096867
            ],
            [
              2378.7979304203322,
              13826.936875201322
            ],
            [
              2395.511488331243,
              13823.176324671365
            ],
            [
              2408.4644957121996,
              13822.758485723592
            ],
            [
              2414.314240981018,
              13821.087129932503
            ],
            [
              2424.7602146753375,
              13815.655223611457
            ],
            [
              2428.5207652052927,
              13811.058995185955
            ],
            [
              2429.7742820486105,
              13807.716283603773
            ],
            [
              2428.9386041530656,
              13800.613021491637
            ],
            [
              2424.7602146753375,
              13794.763276222817
            ],
            [
              2416.821274667655,
              13787.660014110681
            ],
            [
              2410.553690451063,
              13784.73514147627
            ],
            [
              2402.1969114956078,
              13783.481624632954
            ],
            [
              2394.257971487925,
              13783.899463580725
            ],
            [
              2377.544413577014,
              13787.660014110681
            ],
            [
              2361.248694613876,
              13798.523826752773
            ],
            [
              2359.577338822785,
              13796.434632013908
            ],
            [
              2360.830855666103,
              13790.167047797317
            ],
            [
              2369.1876346215586,
              13777.21404041636
            ],
            [
              2372.9481851515134,
              13768.439422513133
            ],
            [
              2373.7838630470587,
              13757.157770923268
            ],
            [
              2372.530346203741,
              13749.63666986336
            ],
            [
              2367.5162788304674,
              13744.622602490084
            ],
            [
              2362.502211457194,
              13742.53340775122
            ],
            [
              2347.877848285147,
              13742.951246698995
            ],
            [
              2328.6572566875993,
              13751.308025654449
            ],
            [
              2321.553994575462,
              13756.739931975495
            ],
            [
              2314.450732463325,
              13767.603744617587
            ],
            [
              2310.6901819333702,
              13788.077853058452
            ],
            [
              2306.9296314034154,
              13834.040137313457
            ],
            [
              2311.1080208811427,
              13836.129332052322
            ],
            [
              2319.0469608888257,
              13834.040137313457
            ]
          ]
        ]
      },
      "properties": {
        "annotation_id": "34c6a0da-481d-47bc-a6cc-fb592cd4d285",
        "label": "GP5",
        "probabilities": null,
        "tags": []
      }
    },
    {
      "type": "Feature",
      "geometry": {
        "type": "Polygon",
        "coordinates": [
          [
            [
              2606.675233352079,
              17880.443717533126
            ],
            [
              2596.58183834207,
              17893.34083337925
            ],
            [
              2622.9368142015383,
              17903.99497255648
            ],
            [
              2644.8058367232247,
              17905.67720505815
            ],
            [
              2655.459975900457,
              17902.873484222036
            ],
            [
              2676.7682542549205,
              17884.929670870908
            ],
            [
              2687.422393432152,
              17880.443717533126
            ],
            [
              2723.3100201344073,
              17872.59329919201
            ],
            [
              2766.4873210105575,
              17873.15404335923
            ],
            [
              2790.0385760339122,
              17860.25692751311
            ],
            [
              2822.5617377328304,
              17837.8271608242
            ],
            [
              2839.9448069167356,
              17829.415998315857
            ],
            [
              2862.935317772867,
              17800.8180457875
            ],
            [
              2878.636154455103,
              17768.29488408858
            ],
            [
              2880.8791311239947,
              17741.379164061887
            ],
            [
              2875.2716894517675,
              17723.435350710763
            ],
            [
              2859.0101086023083,
              17707.173769861303
            ],
            [
              2847.7952252578534,
              17702.127072356296
            ],
            [
              2814.1505752244893,
              17692.03367734629
            ],
            [
              2787.795599365021,
              17693.715909847957
            ],
            [
              2781.6274135255712,
              17698.76260735296
            ],
            [
              2778.2629485222346,
              17717.26716487131
            ],
            [
              2760.319135171107,
              17758.762233245794
            ],
            [
              2748.54350765943,
              17771.65934909192
            ],
            [
              2709.852160121062,
              17798.014324951386
            ],
            [
              2652.656255064343,
              17823.80855664363
            ],
            [
              2605.5537450176334,
              17852.96725333921
            ],
            [
              2560.694211639815,
              17863.621392516445
            ],
            [
              2606.675233352079,
              17880.443717533126
            ]
          ]
        ]
      },
      "properties": {
        "annotation_id": "3512b2d9-837b-4511-96a8-800e9fecfa81",
        "label": "GP4",
        "probabilities": {
          "GP3": 0,
          "GP4": 1,
          "GP5": 0,
          "Benign": 0
        },
        "tags": []
      }
    },
    {
      "type": "Feature",
      "geometry": {
        "type": "Polygon",
        "coordinates": [
          [
            [
              3520.592895025913,
              19762.22131878144
            ],
            [
              3516.8508634473424,
              19765.2149440443
            ],
            [
              3507.869987658774,
              19765.963350360013
            ],
            [
              3516.102457131628,
              19771.950600885728
            ],
            [
              3520.592895025913,
              19771.20219457001
            ],
            [
              3533.3158023930514,
              19759.9760998343
            ],
            [
              3552.0259602859023,
              19720.310565101456
            ],
            [
              3566.245680284469,
              19706.090845102888
            ],
            [
              3572.9813371258956,
              19691.871125104324
            ],
            [
              3585.7042444930344,
              19675.406186158612
            ],
            [
              3594.685120281603,
              19625.262963005775
            ],
            [
              3596.181932913031,
              19590.836272482928
            ],
            [
              3588.6978697558907,
              19557.157988275794
            ],
            [
              3587.9494634401767,
              19536.2026114358
            ],
            [
              3580.465400283036,
              19519.737672490093
            ],
            [
              3569.9877118630393,
              19510.00839038581
            ],
            [
              3537.057833971621,
              19489.053013545818
            ],
            [
              3495.147080291635,
              19483.065763020106
            ],
            [
              3480.178953977354,
              19492.04663880867
            ],
            [
              3471.1980781887855,
              19506.266358807243
            ],
            [
              3462.9656087159315,
              19534.705798804374
            ],
            [
              3462.217202400217,
              19559.40320722294
            ],
            [
              3470.449671873072,
              19587.842647220074
            ],
            [
              3474.191703451642,
              19635.74065142577
            ],
            [
              3488.4114234502085,
              19683.63865563147
            ],
            [
              3490.656642397351,
              19712.826501944317
            ],
            [
              3496.6438929230635,
              19730.03984720574
            ],
            [
              3511.612019237344,
              19732.28506615288
            ],
            [
              3520.592895025913,
              19762.22131878144
            ]
          ]
        ]
      },
      "properties": {
        "annotation_id": "3621d6d3-362b-4347-901a-85d97e7dd8fc",
        "label": "GP4",
        "probabilities": null,
        "tags": []
      }
    },
    {
      "type": "Feature",
      "geometry": {
        "type": "Polygon",
        "coordinates": [
          [
            [
              2748.7754335081913,
              14469.40020963375
            ],
            [
              2745.8505608737814,
              14468.982370685979
            ],
            [
              2752.535984038146,
              14457.700719096114
            ],
            [
              2772.1744145834664,
              14439.315805394112
            ],
            [
              2789.30581144215,
              14418.841696953246
            ],
            [
              2797.244751449833,
              14413.4097906322
            ],
            [
              2808.944241987471,
              14412.156273788882
            ],
            [
              2818.5545377862445,
              14406.306528520061
            ],
            [
              2823.150766211745,
              14391.264326400242
            ],
            [
              2822.732927263972,
              14380.40051375815
            ],
            [
              2808.1085640919255,
              14358.255049526195
            ],
            [
              2801.8409798753332,
              14354.494498996239
            ],
            [
              2795.1555567109694,
              14353.658821100693
            ],
            [
              2776.770643008967,
              14367.02966742942
            ],
            [
              2769.249541949057,
              14381.654030601469
            ],
            [
              2750.864628247055,
              14389.592970609152
            ],
            [
              2745.8505608737814,
              14390.84648745247
            ],
            [
              2743.343527187145,
              14389.592970609152
            ],
            [
              2735.8224261272353,
              14379.564835862606
            ],
            [
              2738.329459813872,
              14346.973397936328
            ],
            [
              2732.479714545053,
              14328.588484234328
            ],
            [
              2723.7050966418246,
              14318.978188435554
            ],
            [
              2709.9164113653233,
              14310.203570532325
            ],
            [
              2694.874209245503,
              14308.532214741233
            ],
            [
              2687.770947133366,
              14313.546282114505
            ],
            [
              2686.099591342275,
              14321.485222122188
            ],
            [
              2688.188786081139,
              14335.273907398692
            ],
            [
              2701.141793462095,
              14371.625895854922
            ],
            [
              2700.306115566549,
              14398.367588512381
            ],
            [
              2693.620692402185,
              14413.827629579973
            ],
            [
              2674.81793975241,
              14415.916824318838
            ],
            [
              2658.104381841499,
              14424.273603274292
            ],
            [
              2654.343831311544,
              14428.034153804248
            ],
            [
              2654.343831311544,
              14430.541187490882
            ],
            [
              2661.447093423681,
              14443.494194871839
            ],
            [
              2672.728745013546,
              14448.926101192885
            ],
            [
              2681.503362916774,
              14449.343940140658
            ],
            [
              2711.1699282086415,
              14440.56932223743
            ],
            [
              2722.033740850734,
              14440.56932223743
            ],
            [
              2748.7754335081913,
              14469.40020963375
            ]
          ]
        ]
      },
      "properties": {
        "annotation_id": "3889c24b-0ce8-4c1f-b6f5-2291053ba1cb",
        "label": "GP5",
        "probabilities": null,
        "tags": []
      }
    },
    {
      "type": "Feature",
      "geometry": {
        "type": "Polygon",
        "coordinates": [
          [
            [
              1419.8973437643713,
              4953.4339195417415
            ],
            [
              1414.2907370296077,
              4949.866078892347
            ],
            [
              1431.1105572338986,
              4971.273122788718
            ],
            [
              1438.7559300540306,
              4990.131709078378
            ],
            [
              1444.3625367887944,
              5032.945796871118
            ],
            [
              1431.1105572338986,
              5065.566054237014
            ],
            [
              1390.844927047869,
              5096.657237038886
            ],
            [
              1381.6704796637107,
              5108.380142029755
            ],
            [
              1381.1607881423683,
              5125.199962234046
            ],
            [
              1391.3546185692114,
              5142.529473959679
            ],
            [
              1445.8916113528207,
              5172.601273718866
            ],
            [
              1464.2405061211382,
              5192.479243051208
            ],
            [
              1480.5506348040867,
              5203.692456520736
            ],
            [
              1510.6224345632731,
              5212.357212383553
            ],
            [
              1547.3202240999078,
              5210.318446298184
            ],
            [
              1565.6691188682253,
              5218.473510639658
            ],
            [
              1614.599504917071,
              5222.551042810396
            ],
            [
              1626.8321014292826,
              5230.70610715187
            ],
            [
              1649.2585283683368,
              5230.70610715187
            ],
            [
              1695.6404568104722,
              5238.3514799720015
            ],
            [
              1703.2858296306044,
              5236.312713886635
            ],
            [
              1727.7510226550273,
              5215.925053032947
            ],
            [
              1729.280097219054,
              5200.634307392684
            ],
            [
              1717.5571922281845,
              5185.343561752419
            ],
            [
              1701.2470635452357,
              5176.678805889603
            ],
            [
              1677.801253563497,
              5178.71757197497
            ],
            [
              1652.31667749639,
              5172.601273718866
            ],
            [
              1643.6519216335732,
              5154.762070471891
            ],
            [
              1618.1673455664663,
              5123.161196148678
            ],
            [
              1590.6440034139903,
              5104.302609859019
            ],
            [
              1580.9598645084895,
              5104.812301380361
            ],
            [
              1540.6942343224598,
              5144.568240045048
            ],
            [
              1509.093359999247,
              5158.839602642627
            ],
            [
              1492.7832313162983,
              5157.820219599943
            ],
            [
              1466.2792722065067,
              5147.116697651758
            ],
            [
              1447.4206859168473,
              5125.709653755388
            ],
            [
              1444.8722283101365,
              5118.064280935256
            ],
            [
              1448.4400689595313,
              5109.399525072439
            ],
            [
              1471.376187419928,
              5088.502172697412
            ],
            [
              1483.0990924107975,
              5034.4748714351435
            ],
            [
              1472.3955704626123,
              4984.015410822271
            ],
            [
              1471.8858789412702,
              4958.021143233822
            ],
            [
              1457.104824822348,
              4941.711014550874
            ],
            [
              1441.8140791820838,
              4935.594716294768
            ],
            [
              1420.9167268070557,
              4936.614099337452
            ],
            [
              1417.348886157661,
              4939.672248465505
            ],
            [
              1418.877960721687,
              4946.807929764295
            ],
            [
              1419.8973437643713,
              4953.4339195417415
            ]
          ]
        ]
      },
      "properties": {
        "annotation_id": "3ed52cea-437d-40e5-a4c4-b669a7bd2dc8",
        "label": "GP4",
        "probabilities": null,
        "tags": []
      }
    },
    {
      "type": "Feature",
      "geometry": {
        "type": "Polygon",
        "coordinates": [
          [
            [
              2565.0,
              13248.0
            ],
            [
              2544.0,
              13226.0
            ],
            [
              2527.0,
              13219.0
            ],
            [
              2488.0,
              13218.0
            ],
            [
              2457.0,
              13226.0
            ],
            [
              2435.0,
              13238.0
            ],
            [
              2420.0,
              13241.0
            ],
            [
              2401.0,
              13249.0
            ],
            [
              2352.0,
              13284.0
            ],
            [
              2338.0,
              13303.0
            ],
            [
              2337.0,
              13328.0
            ],
            [
              2350.0,
              13352.0
            ],
            [
              2359.0,
              13361.0
            ],
            [
              2369.0,
              13366.0
            ],
            [
              2416.0,
              13366.0
            ],
            [
              2430.0,
              13376.0
            ],
            [
              2434.0,
              13376.0
            ],
            [
              2446.0,
              13384.0
            ],
            [
              2464.0,
              13389.0
            ],
            [
              2472.0,
              13394.0
            ],
            [
              2483.0,
              13397.0
            ],
            [
              2502.0,
              13396.0
            ],
            [
              2511.0,
              13387.0
            ],
            [
              2518.0,
              13369.0
            ],
            [
              2548.0,
              13334.0
            ],
            [
              2558.0,
              13315.0
            ],
            [
              2569.0,
              13282.0
            ],
            [
              2569.0,
              13263.0
            ],
            [
              2567.0,
              13261.0
            ],
            [
              2565.0,
              13248.0
            ]
          ]
        ]
      },
      "properties": {
        "annotation_id": "42_Benign_0",
        "label": "GP4",
        "probabilities": {
          "GP3": 0,
          "GP4": 1,
          "GP5": 0,
          "Benign": 0
        },
        "tags": []
      }
    },
    {
      "type": "Feature",
      "geometry": {
        "type": "Polygon",
        "coordinates": [
          [
            [
              2938.0,
              12759.0
            ],
            [
              2916.0,
              12761.0
            ],
            [
              2898.0,
              12768.0
            ],
            [
              2889.0,
              12778.0
            ],
            [
              2869.0,
              12829.0
            ],
            [
              2859.0,
              12837.0
            ],
            [
              2844.0,
              12840.0
            ],
            [
              2807.0,
              12857.0
            ],
            [
              2793.0,
              12870.0
            ],
            [
              2779.0,
              12888.0
            ],
            [
              2777.0,
              12895.0
            ],
            [
              2757.0,
              12918.0
            ],
            [
              2759.0,
              12954.0
            ],
            [
              2764.0,
              12969.0
            ],
            [
              2795.0,
              13004.0
            ],
            [
              2827.0,
              13019.0
            ],
            [
              2867.0,
              13048.0
            ],
            [
              2898.0,
              13064.0
            ],
            [
              2911.0,
              13067.0
            ],
            [
              2921.0,
              13066.0
            ],
            [
              2911.0,
              13046.0
            ],
            [
              2879.0,
              13020.0
            ],
            [
              2863.0,
              12999.0
            ],
            [
              2806.0,
              12956.0
            ],
            [
              2801.0,
              12949.0
            ],
            [
              2801.0,
              12918.0
            ],
            [
              2809.0,
              12902.0
            ],
            [
              2824.0,
              12883.0
            ],
            [
              2850.0,
              12867.0
            ],
            [
              2856.0,
              12867.0
            ],
            [
              2903.0,
              12844.0
            ],
            [
              2916.0,
              12833.0
            ],
            [
              2922.0,
              12832.0
            ],
            [
              2933.0,
              12821.0
            ],
            [
              2943.0,
              12803.0
            ],
            [
              2943.0,
              12770.0
            ],
            [
              2938.0,
              12759.0
            ]
          ]
        ]
      },
      "properties": {
        "annotation_id": "42_Benign_1",
        "label": "GP3",
        "probabilities": {
          "GP3": 1,
          "GP4": 0,
          "GP5": 0,
          "Benign": 0
        },
        "tags": []
      }
    },
    {
      "type": "Feature",
      "geometry": {
        "type": "Polygon",
        "coordinates": [
          [
            [
              1986.0,
              12785.0
            ],
            [
              1992.0,
              12821.0
            ],
            [
              2060.0,
              12858.0
            ],
            [
              2090.0,
              12866.0
            ],
            [
              2024.0,
              12899.0
            ],
            [
              2024.0,
              12933.0
            ],
            [
              2053.0,
              12974.0
            ],
            [
              2079.0,
              12998.0
            ],
            [
              2168.0,
              13048.0
            ],
            [
              2245.0,
              13067.0
            ],
            [
              2282.0,
              13063.0
            ],
            [
              2282.0,
              13022.0
            ],
            [
              2251.0,
              12916.0
            ],
            [
              2272.0,
              12919.0
            ],
            [
              2290.0,
              12963.0
            ],
            [
              2296.0,
              13007.0
            ],
            [
              2309.0,
              13028.0
            ],
            [
              2336.0,
              13049.0
            ],
            [
              2366.0,
              13051.0
            ],
            [
              2387.0,
              13024.0
            ],
            [
              2394.0,
              12974.0
            ],
            [
              2422.0,
              12933.0
            ],
            [
              2454.0,
              12990.0
            ],
            [
              2469.0,
              12993.0
            ],
            [
              2500.0,
              12979.0
            ],
            [
              2535.0,
              12922.0
            ],
            [
              2574.0,
              12881.0
            ],
            [
              2617.0,
              12859.0
            ],
            [
              2678.0,
              12807.0
            ],
            [
              2678.0,
              12770.0
            ],
            [
              2651.0,
              12743.0
            ],
            [
              2611.0,
              12734.0
            ],
            [
              2536.0,
              12737.0
            ],
            [
              2368.0,
              12812.0
            ],
            [
              2255.0,
              12831.0
            ],
            [
              2151.0,
              12833.0
            ],
            [
              2136.0,
              12817.0
            ],
            [
              2138.0,
              12802.0
            ],
            [
              2207.0,
              12760.0
            ],
            [
              2217.0,
              12743.0
            ],
            [
              2214.0,
              12730.0
            ],
            [
              2186.0,
              12730.0
            ],
            [
              2161.0,
              12746.0
            ],
            [
              2026.0,
              12737.0
            ],
            [
              1986.0,
              12785.0
            ]
          ]
        ]
      },
      "properties": {
        "annotation_id": "42_Benign_2",
        "label": "GP3",
        "probabilities": {
          "GP3": 1,
          "GP4": 0,
          "GP5": 0,
          "Benign": 0
        },
        "tags": []
      }
    },
    {
      "type": "Feature",
      "geometry": {
        "type": "Polygon",
        "coordinates": [
          [
            [
              2429.0,
              12614.0
            ],
            [
              2419.0,
              12614.0
            ],
            [
              2406.0,
              12622.0
            ],
            [
              2400.0,
              12630.0
            ],
            [
              2395.0,
              12631.0
            ],
            [
              2388.0,
              12638.0
            ],
            [
              2386.0,
              12643.0
            ],
            [
              2374.0,
              12654.0
            ],
            [
              2367.0,
              12654.0
            ],
            [
              2362.0,
              12658.0
            ],
            [
              2307.0,
              12658.0
            ],
            [
              2304.0,
              12660.0
            ],
            [
              2287.0,
              12661.0
            ],
            [
              2284.0,
              12663.0
            ],
            [
              2277.0,
              12663.0
            ],
            [
              2269.0,
              12671.0
            ],
            [
              2269.0,
              12678.0
            ],
            [
              2265.0,
              12683.0
            ],
            [
              2265.0,
              12728.0
            ],
            [
              2269.0,
              12736.0
            ],
            [
              2269.0,
              12790.0
            ],
            [
              2276.0,
              12801.0
            ],
            [
              2280.0,
              12802.0
            ],
            [
              2284.0,
              12807.0
            ],
            [
              2288.0,
              12808.0
            ],
            [
              2292.0,
              12812.0
            ],
            [
              2299.0,
              12814.0
            ],
            [
              2313.0,
              12814.0
            ],
            [
              2344.0,
              12798.0
            ],
            [
              2356.0,
              12789.0
            ],
            [
              2369.0,
              12770.0
            ],
            [
              2369.0,
              12766.0
            ],
            [
              2374.0,
              12763.0
            ],
            [
              2374.0,
              12759.0
            ],
            [
              2378.0,
              12755.0
            ],
            [
              2380.0,
              12745.0
            ],
            [
              2385.0,
              12735.0
            ],
            [
              2385.0,
              12721.0
            ],
            [
              2391.0,
              12714.0
            ],
            [
              2398.0,
              12698.0
            ],
            [
              2403.0,
              12695.0
            ],
            [
              2403.0,
              12692.0
            ],
            [
              2409.0,
              12688.0
            ],
            [
              2414.0,
              12678.0
            ],
            [
              2425.0,
              12668.0
            ],
            [
              2425.0,
              12660.0
            ],
            [
              2431.0,
              12656.0
            ],
            [
              2432.0,
              12617.0
            ],
            [
              2429.0,
              12614.0
            ]
          ]
        ]
      },
      "properties": {
        "annotation_id": "42_Benign_3",
        "label": "GP3",
        "probabilities": {
          "GP3": 1,
          "GP4": 0,
          "GP5": 0,
          "Benign": 0
        },
        "tags": []
      }
    },
    {
      "type": "Feature",
      "geometry": {
        "type": "Polygon",
        "coordinates": [
          [
            [
              1960,
              12542
            ],
            [
              1948,
              12558
            ],
            [
              1947,
              12565
            ],
            [
              1939,
              12578
            ],
            [
              1939,
              12586
            ],
            [
              1934,
              12596
            ],
            [
              1934,
              12625
            ],
            [
              1939,
              12638
            ],
            [
              1943,
              12641
            ],
            [
              1943,
              12644
            ],
            [
              1966,
              12665
            ],
            [
              1981,
              12669
            ],
            [
              2027,
              12669
            ],
            [
              2034,
              12673
            ],
            [
              2042,
              12673
            ],
            [
              2045,
              12675
            ],
            [
              2089,
              12675
            ],
            [
              2101,
              12665
            ],
            [
              2152.4311614442554,
              12669.361243372214
            ],
            [
              2246.4682795128683,
              12654.738886746143
            ],
            [
              2233.822616862782,
              12623.918428915953
            ],
            [
              2207.3448433705,
              12591.766939759862
            ],
            [
              2134,
              12565
            ],
            [
              2132,
              12563
            ],
            [
              2132,
              12557
            ],
            [
              2124,
              12549
            ],
            [
              2119,
              12547
            ],
            [
              2111,
              12547
            ],
            [
              2107,
              12544
            ],
            [
              2088,
              12544
            ],
            [
              2076,
              12540
            ],
            [
              2036,
              12537
            ],
            [
              2033,
              12535
            ],
            [
              1970,
              12535
            ],
            [
              1960,
              12542
            ]
          ]
        ]
      },
      "properties": {
        "annotation_id": "42_Benign_4",
        "label": "GP3",
        "probabilities": {
          "GP3": 1,
          "GP4": 0,
          "GP5": 0,
          "Benign": 0
        },
        "tags": []
      }
    },
    {
      "type": "Feature",
      "geometry": {
        "type": "Polygon",
        "coordinates": [
          [
            [
              2950.0,
              12397.0
            ],
            [
              2944.0,
              12397.0
            ],
            [
              2941.0,
              12395.0
            ],
            [
              2915.0,
              12395.0
            ],
            [
              2910.0,
              12399.0
            ],
            [
              2889.0,
              12399.0
            ],
            [
              2885.0,
              12403.0
            ],
            [
              2880.0,
              12404.0
            ],
            [
              2875.0,
              12413.0
            ],
            [
              2869.0,
              12417.0
            ],
            [
              2869.0,
              12420.0
            ],
            [
              2860.0,
              12429.0
            ],
            [
              2860.0,
              12432.0
            ],
            [
              2855.0,
              12437.0
            ],
            [
              2855.0,
              12440.0
            ],
            [
              2853.0,
              12442.0
            ],
            [
              2853.0,
              12445.0
            ],
            [
              2851.0,
              12447.0
            ],
            [
              2848.0,
              12456.0
            ],
            [
              2842.0,
              12464.0
            ],
            [
              2840.0,
              12470.0
            ],
            [
              2837.0,
              12473.0
            ],
            [
              2837.0,
              12476.0
            ],
            [
              2833.0,
              12480.0
            ],
            [
              2830.0,
              12486.0
            ],
            [
              2830.0,
              12496.0
            ],
            [
              2832.0,
              12506.0
            ],
            [
              2836.0,
              12510.0
            ],
            [
              2837.0,
              12513.0
            ],
            [
              2841.0,
              12517.0
            ],
            [
              2844.0,
              12518.0
            ],
            [
              2850.0,
              12525.0
            ],
            [
              2879.0,
              12525.0
            ],
            [
              2887.0,
              12521.0
            ],
            [
              2891.0,
              12521.0
            ],
            [
              2898.0,
              12516.0
            ],
            [
              2903.0,
              12516.0
            ],
            [
              2921.0,
              12505.0
            ],
            [
              2937.0,
              12500.0
            ],
            [
              2929.0,
              12468.0
            ],
            [
              2929.0,
              12463.0
            ],
            [
              2947.0,
              12451.0
            ],
            [
              2953.0,
              12440.0
            ],
            [
              2955.0,
              12432.0
            ],
            [
              2957.0,
              12430.0
            ],
            [
              2957.0,
              12405.0
            ],
            [
              2950.0,
              12397.0
            ]
          ]
        ]
      },
      "properties": {
        "annotation_id": "42_Benign_5",
        "label": "GP4",
        "probabilities": {
          "GP3": 0,
          "GP4": 1,
          "GP5": 0,
          "Benign": 0
        },
        "tags": []
      }
    },
    {
      "type": "Feature",
      "geometry": {
        "type": "Polygon",
        "coordinates": [
          [
            [
              2069.0,
              12441.0
            ],
            [
              2116.0,
              12456.0
            ],
            [
              2124.0,
              12456.0
            ],
            [
              2129.0,
              12461.0
            ],
            [
              2134.0,
              12463.0
            ],
            [
              2163.0,
              12463.0
            ],
            [
              2166.0,
              12460.0
            ],
            [
              2166.0,
              12457.0
            ],
            [
              2173.0,
              12452.0
            ],
            [
              2206.0,
              12452.0
            ],
            [
              2213.0,
              12449.0
            ],
            [
              2225.0,
              12449.0
            ],
            [
              2239.0,
              12443.0
            ],
            [
              2293.0,
              12443.0
            ],
            [
              2298.0,
              12438.0
            ],
            [
              2298.0,
              12433.0
            ],
            [
              2300.0,
              12431.0
            ],
            [
              2300.0,
              12421.0
            ],
            [
              2295.0,
              12414.0
            ],
            [
              2284.0,
              12410.0
            ],
            [
              2280.0,
              12406.0
            ],
            [
              2268.0,
              12403.0
            ],
            [
              2259.0,
              12397.0
            ],
            [
              2247.0,
              12394.0
            ],
            [
              2237.0,
              12388.0
            ],
            [
              2229.0,
              12386.0
            ],
            [
              2226.0,
              12383.0
            ],
            [
              2220.0,
              12382.0
            ],
            [
              2212.0,
              12376.0
            ],
            [
              2205.0,
              12374.0
            ],
            [
              2203.0,
              12370.0
            ],
            [
              2191.0,
              12364.0
            ],
            [
              2189.0,
              12360.0
            ],
            [
              2174.0,
              12347.0
            ],
            [
              2158.0,
              12348.0
            ],
            [
              2135.0,
              12368.0
            ],
            [
              2133.0,
              12373.0
            ],
            [
              2126.0,
              12378.0
            ],
            [
              2124.0,
              12383.0
            ],
            [
              2111.0,
              12395.0
            ],
            [
              2109.0,
              12400.0
            ],
            [
              2102.0,
              12405.0
            ],
            [
              2102.0,
              12408.0
            ],
            [
              2069.0,
              12441.0
            ]
          ]
        ]
      },
      "properties": {
        "annotation_id": "42_Benign_6",
        "label": "Benign",
        "probabilities": null,
        "tags": []
      }
    },
    {
      "type": "Feature",
      "geometry": {
        "type": "Polygon",
        "coordinates": [
          [
            [
              2876.0,
              12140.0
            ],
            [
              2850.0,
              12133.0
            ],
            [
              2705.0,
              12140.0
            ],
            [
              2683.0,
              12146.0
            ],
            [
              2667.0,
              12158.0
            ],
            [
              2670.0,
              12184.0
            ],
            [
              2699.0,
              12195.0
            ],
            [
              2771.0,
              12199.0
            ],
            [
              2781.0,
              12192.0
            ],
            [
              2784.0,
              12194.0
            ],
            [
              2781.0,
              12241.0
            ],
            [
              2723.0,
              12249.0
            ],
            [
              2705.0,
              12261.0
            ],
            [
              2692.0,
              12338.0
            ],
            [
              2687.0,
              12349.0
            ],
            [
              2659.0,
              12375.0
            ],
            [
              2654.0,
              12385.0
            ],
            [
              2652.0,
              12428.0
            ],
            [
              2668.0,
              12455.0
            ],
            [
              2692.0,
              12479.0
            ],
            [
              2704.0,
              12483.0
            ],
            [
              2708.0,
              12489.0
            ],
            [
              2724.0,
              12489.0
            ],
            [
              2736.0,
              12472.0
            ],
            [
              2740.0,
              12459.0
            ],
            [
              2736.0,
              12399.0
            ],
            [
              2743.0,
              12388.0
            ],
            [
              2755.0,
              12380.0
            ],
            [
              2787.0,
              12339.0
            ],
            [
              2821.0,
              12320.0
            ],
            [
              2871.0,
              12302.0
            ],
            [
              2881.0,
              12287.0
            ],
            [
              2881.0,
              12280.0
            ],
            [
              2874.0,
              12274.0
            ],
            [
              2837.0,
              12262.0
            ],
            [
              2832.0,
              12249.0
            ],
            [
              2832.0,
              12231.0
            ],
            [
              2836.0,
              12224.0
            ],
            [
              2870.0,
              12193.0
            ],
            [
              2877.0,
              12157.0
            ],
            [
              2881.0,
              12154.0
            ],
            [
              2881.0,
              12146.0
            ],
            [
              2876.0,
              12140.0
            ]
          ]
        ]
      },
      "properties": {
        "annotation_id": "42_Benign_7",
        "label": "GP3",
        "probabilities": {
          "GP3": 1,
          "GP4": 0,
          "GP5": 0,
          "Benign": 0
        },
        "tags": []
      }
    },
    {
      "type": "Feature",
      "geometry": {
        "type": "Polygon",
        "coordinates": [
          [
            [
              2410.0,
              12006.0
            ],
            [
              2397.0,
              12014.0
            ],
            [
              2393.0,
              12020.0
            ],
            [
              2386.0,
              12025.0
            ],
            [
              2384.0,
              12031.0
            ],
            [
              2369.0,
              12046.0
            ],
            [
              2352.0,
              12070.0
            ],
            [
              2352.0,
              12099.0
            ],
            [
              2361.0,
              12117.0
            ],
            [
              2361.0,
              12128.0
            ],
            [
              2366.0,
              12134.0
            ],
            [
              2368.0,
              12146.0
            ],
            [
              2372.0,
              12150.0
            ],
            [
              2374.0,
              12166.0
            ],
            [
              2382.0,
              12182.0
            ],
            [
              2403.0,
              12197.0
            ],
            [
              2410.0,
              12197.0
            ],
            [
              2425.0,
              12203.0
            ],
            [
              2440.0,
              12204.0
            ],
            [
              2465.0,
              12221.0
            ],
            [
              2469.0,
              12221.0
            ],
            [
              2484.0,
              12228.0
            ],
            [
              2494.0,
              12228.0
            ],
            [
              2499.0,
              12218.0
            ],
            [
              2499.0,
              12185.0
            ],
            [
              2497.0,
              12182.0
            ],
            [
              2497.0,
              12168.0
            ],
            [
              2494.0,
              12164.0
            ],
            [
              2494.0,
              12156.0
            ],
            [
              2490.0,
              12152.0
            ],
            [
              2490.0,
              12124.0
            ],
            [
              2492.0,
              12117.0
            ],
            [
              2501.0,
              12107.0
            ],
            [
              2501.0,
              12104.0
            ],
            [
              2507.0,
              12100.0
            ],
            [
              2508.0,
              12095.0
            ],
            [
              2516.0,
              12086.0
            ],
            [
              2521.0,
              12071.0
            ],
            [
              2521.0,
              12056.0
            ],
            [
              2519.0,
              12054.0
            ],
            [
              2517.0,
              12039.0
            ],
            [
              2507.0,
              12030.0
            ],
            [
              2486.0,
              12023.0
            ],
            [
              2470.0,
              12014.0
            ],
            [
              2457.0,
              12012.0
            ],
            [
              2445.0,
              12006.0
            ],
            [
              2410.0,
              12006.0
            ]
          ]
        ]
      },
      "properties": {
        "annotation_id": "42_Benign_8",
        "label": "GP3",
        "probabilities": {
          "GP3": 1,
          "GP4": 0,
          "GP5": 0,
          "Benign": 0
        },
        "tags": []
      }
    },
    {
      "type": "Feature",
      "geometry": {
        "type": "Polygon",
        "coordinates": [
          [
            [
              2665.0,
              12045.0
            ],
            [
              2665.0,
              12055.0
            ],
            [
              2678.0,
              12068.0
            ],
            [
              2678.0,
              12070.0
            ],
            [
              2680.0,
              12072.0
            ],
            [
              2688.0,
              12074.0
            ],
            [
              2692.0,
              12078.0
            ],
            [
              2696.0,
              12078.0
            ],
            [
              2708.0,
              12083.0
            ],
            [
              2714.0,
              12083.0
            ],
            [
              2717.0,
              12085.0
            ],
            [
              2753.0,
              12085.0
            ],
            [
              2756.0,
              12083.0
            ],
            [
              2767.0,
              12081.0
            ],
            [
              2776.0,
              12073.0
            ],
            [
              2779.0,
              12072.0
            ],
            [
              2796.0,
              12055.0
            ],
            [
              2796.0,
              12036.0
            ],
            [
              2794.0,
              12034.0
            ],
            [
              2794.0,
              12030.0
            ],
            [
              2783.0,
              12019.0
            ],
            [
              2780.0,
              12018.0
            ],
            [
              2771.0,
              12008.0
            ],
            [
              2768.0,
              12008.0
            ],
            [
              2764.0,
              12006.0
            ],
            [
              2761.0,
              12003.0
            ],
            [
              2755.0,
              12001.0
            ],
            [
              2751.0,
              11997.0
            ],
            [
              2725.0,
              11997.0
            ],
            [
              2722.0,
              11999.0
            ],
            [
              2707.0,
              11999.0
            ],
            [
              2703.0,
              12001.0
            ],
            [
              2692.0,
              12012.0
            ],
            [
              2692.0,
              12016.0
            ],
            [
              2686.0,
              12022.0
            ],
            [
              2683.0,
              12023.0
            ],
            [
              2675.0,
              12032.0
            ],
            [
              2670.0,
              12035.0
            ],
            [
              2670.0,
              12037.0
            ],
            [
              2667.0,
              12040.0
            ],
            [
              2667.0,
              12043.0
            ],
            [
              2665.0,
              12045.0
            ]
          ]
        ]
      },
      "properties": {
        "annotation_id": "42_Benign_9",
        "label": "GP4",
        "probabilities": {
          "GP3": 0,
          "GP4": 1,
          "GP5": 0,
          "Benign": 0
        },
        "tags": []
      }
    },
    {
      "type": "Feature",
      "geometry": {
        "type": "Polygon",
        "coordinates": [
          [
            [
              4463.0,
              22195.0
            ],
            [
              4436.0,
              22194.0
            ],
            [
              4428.0,
              22198.0
            ],
            [
              4415.0,
              22216.0
            ],
            [
              4410.0,
              22230.0
            ],
            [
              4406.0,
              22234.0
            ],
            [
              4405.0,
              22257.0
            ],
            [
              4408.0,
              22260.0
            ],
            [
              4408.0,
              22266.0
            ],
            [
              4415.0,
              22277.0
            ],
            [
              4428.0,
              22292.0
            ],
            [
              4427.0,
              22306.0
            ],
            [
              4418.0,
              22314.0
            ],
            [
              4389.0,
              22323.0
            ],
            [
              4379.0,
              22337.0
            ],
            [
              4379.0,
              22363.0
            ],
            [
              4388.0,
              22383.0
            ],
            [
              4418.0,
              22383.0
            ],
            [
              4421.0,
              22381.0
            ],
            [
              4443.0,
              22378.0
            ],
            [
              4447.0,
              22375.0
            ],
            [
              4461.0,
              22372.0
            ],
            [
              4484.0,
              22362.0
            ],
            [
              4500.0,
              22351.0
            ],
            [
              4501.0,
              22344.0
            ],
            [
              4505.0,
              22338.0
            ],
            [
              4511.0,
              22334.0
            ],
            [
              4511.0,
              22329.0
            ],
            [
              4521.0,
              22321.0
            ],
            [
              4525.0,
              22314.0
            ],
            [
              4525.0,
              22274.0
            ],
            [
              4523.0,
              22272.0
            ],
            [
              4523.0,
              22267.0
            ],
            [
              4514.0,
              22261.0
            ],
            [
              4509.0,
              22261.0
            ],
            [
              4494.0,
              22255.0
            ],
            [
              4488.0,
              22255.0
            ],
            [
              4476.0,
              22248.0
            ],
            [
              4477.0,
              22235.0
            ],
            [
              4483.0,
              22225.0
            ],
            [
              4483.0,
              22209.0
            ],
            [
              4463.0,
              22195.0
            ]
          ]
        ]
      },
      "properties": {
        "annotation_id": "42_GP3_10",
        "label": "GP3",
        "probabilities": null,
        "tags": []
      }
    },
    {
      "type": "Feature",
      "geometry": {
        "type": "Polygon",
        "coordinates": [
          [
            [
              3656.0,
              21363.0
            ],
            [
              3647.0,
              21380.0
            ],
            [
              3647.0,
              21387.0
            ],
            [
              3643.0,
              21395.0
            ],
            [
              3642.0,
              21405.0
            ],
            [
              3640.0,
              21408.0
            ],
            [
              3640.0,
              21416.0
            ],
            [
              3634.0,
              21428.0
            ],
            [
              3633.0,
              21437.0
            ],
            [
              3633.0,
              21469.0
            ],
            [
              3637.0,
              21478.0
            ],
            [
              3650.0,
              21490.0
            ],
            [
              3655.0,
              21490.0
            ],
            [
              3665.0,
              21495.0
            ],
            [
              3677.0,
              21499.0
            ],
            [
              3682.0,
              21499.0
            ],
            [
              3689.0,
              21504.0
            ],
            [
              3744.0,
              21504.0
            ],
            [
              3754.0,
              21503.0
            ],
            [
              3783.0,
              21488.0
            ],
            [
              3794.0,
              21479.0
            ],
            [
              3796.0,
              21456.0
            ],
            [
              3796.0,
              21412.0
            ],
            [
              3794.0,
              21409.0
            ],
            [
              3794.0,
              21401.0
            ],
            [
              3787.0,
              21391.0
            ],
            [
              3776.0,
              21385.0
            ],
            [
              3762.0,
              21373.0
            ],
            [
              3759.0,
              21373.0
            ],
            [
              3755.0,
              21370.0
            ],
            [
              3747.0,
              21370.0
            ],
            [
              3741.0,
              21368.0
            ],
            [
              3737.0,
              21364.0
            ],
            [
              3721.0,
              21362.0
            ],
            [
              3717.0,
              21359.0
            ],
            [
              3709.0,
              21359.0
            ],
            [
              3706.0,
              21357.0
            ],
            [
              3664.0,
              21357.0
            ],
            [
              3661.0,
              21361.0
            ],
            [
              3656.0,
              21363.0
            ]
          ]
        ]
      },
      "properties": {
        "annotation_id": "42_GP3_13",
        "label": "GP3",
        "probabilities": null,
        "tags": []
      }
    },
    {
      "type": "Feature",
      "geometry": {
        "type": "Polygon",
        "coordinates": [
          [
            [
              4224.0,
              21344.0
            ],
            [
              4209.0,
              21332.0
            ],
            [
              4192.0,
              21325.0
            ],
            [
              4173.0,
              21323.0
            ],
            [
              4166.0,
              21319.0
            ],
            [
              4153.0,
              21319.0
            ],
            [
              4138.0,
              21313.0
            ],
            [
              4121.0,
              21311.0
            ],
            [
              4114.0,
              21313.0
            ],
            [
              4103.0,
              21328.0
            ],
            [
              4083.0,
              21366.0
            ],
            [
              4049.0,
              21412.0
            ],
            [
              4020.0,
              21435.0
            ],
            [
              3989.0,
              21470.0
            ],
            [
              3982.0,
              21491.0
            ],
            [
              3978.0,
              21495.0
            ],
            [
              3973.0,
              21514.0
            ],
            [
              3970.0,
              21546.0
            ],
            [
              3971.0,
              21569.0
            ],
            [
              3977.0,
              21572.0
            ],
            [
              4009.0,
              21572.0
            ],
            [
              4043.0,
              21545.0
            ],
            [
              4049.0,
              21543.0
            ],
            [
              4057.0,
              21527.0
            ],
            [
              4063.0,
              21521.0
            ],
            [
              4100.0,
              21523.0
            ],
            [
              4130.0,
              21521.0
            ],
            [
              4146.0,
              21508.0
            ],
            [
              4152.0,
              21497.0
            ],
            [
              4153.0,
              21489.0
            ],
            [
              4163.0,
              21474.0
            ],
            [
              4164.0,
              21467.0
            ],
            [
              4176.0,
              21449.0
            ],
            [
              4223.0,
              21446.0
            ],
            [
              4237.0,
              21435.0
            ],
            [
              4242.0,
              21419.0
            ],
            [
              4242.0,
              21377.0
            ],
            [
              4235.0,
              21359.0
            ],
            [
              4224.0,
              21344.0
            ]
          ]
        ]
      },
      "properties": {
        "annotation_id": "42_GP3_14",
        "label": "GP4",
        "probabilities": {
          "GP3": 0,
          "GP4": 1,
          "GP5": 0,
          "Benign": 0
        },
        "tags": []
      }
    },
    {
      "type": "Feature",
      "geometry": {
        "type": "Polygon",
        "coordinates": [
          [
            [
              3913.0,
              21247.0
            ],
            [
              3904.0,
              21245.0
            ],
            [
              3896.0,
              21241.0
            ],
            [
              3882.0,
              21240.0
            ],
            [
              3881.0,
              21239.0
            ],
            [
              3870.0,
              21239.0
            ],
            [
              3845.0,
              21257.0
            ],
            [
              3826.0,
              21276.0
            ],
            [
              3822.0,
              21288.0
            ],
            [
              3814.0,
              21301.0
            ],
            [
              3814.0,
              21308.0
            ],
            [
              3812.0,
              21313.0
            ],
            [
              3812.0,
              21334.0
            ],
            [
              3823.0,
              21346.0
            ],
            [
              3823.0,
              21348.0
            ],
            [
              3834.0,
              21358.0
            ],
            [
              3836.0,
              21358.0
            ],
            [
              3842.0,
              21363.0
            ],
            [
              3850.0,
              21366.0
            ],
            [
              3894.0,
              21350.0
            ],
            [
              3897.0,
              21347.0
            ],
            [
              3900.0,
              21346.0
            ],
            [
              3909.0,
              21336.0
            ],
            [
              3913.0,
              21334.0
            ],
            [
              3915.0,
              21330.0
            ],
            [
              3926.0,
              21322.0
            ],
            [
              3926.0,
              21320.0
            ],
            [
              3935.0,
              21308.0
            ],
            [
              3934.0,
              21279.0
            ],
            [
              3932.0,
              21277.0
            ],
            [
              3930.0,
              21269.0
            ],
            [
              3927.0,
              21266.0
            ],
            [
              3927.0,
              21262.0
            ],
            [
              3925.0,
              21260.0
            ],
            [
              3925.0,
              21258.0
            ],
            [
              3921.0,
              21255.0
            ],
            [
              3921.0,
              21253.0
            ],
            [
              3918.0,
              21250.0
            ],
            [
              3913.0,
              21247.0
            ]
          ]
        ]
      },
      "properties": {
        "annotation_id": "42_GP3_15",
        "label": "GP3",
        "probabilities": null,
        "tags": []
      }
    },
    {
      "type": "Feature",
      "geometry": {
        "type": "Polygon",
        "coordinates": [
          [
            [
              2795.2291273701044,
              21585.19551070316
            ],
            [
              2804,
              21561
            ],
            [
              2828,
              21525
            ],
            [
              2912,
              21463
            ],
            [
              2949,
              21421
            ],
            [
              2994,
              21305
            ],
            [
              3024,
              21261
            ],
            [
              3070,
              21234
            ],
            [
              3125,
              21234
            ],
            [
              3295,
              21263
            ],
            [
              3403,
              21263
            ],
            [
              3488,
              21225
            ],
            [
              3547,
              21225
            ],
            [
              3594,
              21248
            ],
            [
              3622,
              21273
            ],
            [
              3632,
              21295
            ],
            [
              3630,
              21347
            ],
            [
              3600,
              21401
            ],
            [
              3536,
              21438
            ],
            [
              3485,
              21489
            ],
            [
              3421,
              21504
            ],
            [
              3349,
              21544
            ],
            [
              3324,
              21585
            ],
            [
              3322,
              21621
            ],
            [
              3288,
              21660
            ],
            [
              3160,
              21729
            ],
            [
              3129,
              21766
            ],
            [
              3063,
              21786
            ],
            [
              2989,
              21849
            ],
            [
              2989,
              21874
            ],
            [
              3004,
              21914
            ],
            [
              2995,
              21967
            ],
            [
              2962,
              21971
            ],
            [
              2951,
              21950
            ],
            [
              2900,
              21940
            ],
            [
              2885.1138116774837,
              21928.421853526932
            ],
            [
              2886.314608907429,
              21927.586516323492
            ],
            [
              2898.272554334481,
              21911.3237105427
            ],
            [
              2905.447321590713,
              21879.276416798202
            ],
            [
              2903.0557325053023,
              21850.577347773273
            ],
            [
              2871.486756577884,
              21765.436776332663
            ],
            [
              2865.2686249558164,
              21751.56555963728
            ],
            [
              2858.0938576995854,
              21743.91247456397
            ],
            [
              2852.3540438946,
              21727.171350966095
            ],
            [
              2837.5261915650553,
              21705.16873138032
            ],
            [
              2824.1332926867567,
              21665.468352562508
            ],
            [
              2827.959835223414,
              21609.5051679639
            ],
            [
              2813.1319828938686,
              21593.72068000019
            ],
            [
              2795.2291273701044,
              21585.19551070316
            ]
          ]
        ]
      },
      "properties": {
        "annotation_id": "42_GP3_16",
        "label": "GP3",
        "probabilities": {
          "GP3": 1,
          "GP4": 0,
          "GP5": 0,
          "Benign": 0
        },
        "tags": []
      }
    },
    {
      "type": "Feature",
      "geometry": {
        "type": "Polygon",
        "coordinates": [
          [
            [
              4104.0,
              21153.0
            ],
            [
              4089.0,
              21153.0
            ],
            [
              4067.0,
              21168.0
            ],
            [
              4061.0,
              21175.0
            ],
            [
              4060.0,
              21179.0
            ],
            [
              4056.0,
              21183.0
            ],
            [
              4052.0,
              21190.0
            ],
            [
              4048.0,
              21200.0
            ],
            [
              4027.0,
              21222.0
            ],
            [
              4024.0,
              21223.0
            ],
            [
              4011.0,
              21235.0
            ],
            [
              4010.0,
              21239.0
            ],
            [
              4007.0,
              21242.0
            ],
            [
              4007.0,
              21248.0
            ],
            [
              4006.0,
              21249.0
            ],
            [
              4006.0,
              21263.0
            ],
            [
              4008.0,
              21265.0
            ],
            [
              4015.0,
              21268.0
            ],
            [
              4018.0,
              21271.0
            ],
            [
              4024.0,
              21273.0
            ],
            [
              4028.0,
              21277.0
            ],
            [
              4031.0,
              21277.0
            ],
            [
              4041.0,
              21282.0
            ],
            [
              4044.0,
              21282.0
            ],
            [
              4058.0,
              21290.0
            ],
            [
              4074.0,
              21290.0
            ],
            [
              4099.0,
              21281.0
            ],
            [
              4103.0,
              21282.0
            ],
            [
              4107.0,
              21278.0
            ],
            [
              4110.0,
              21272.0
            ],
            [
              4110.0,
              21266.0
            ],
            [
              4112.0,
              21263.0
            ],
            [
              4113.0,
              21256.0
            ],
            [
              4115.0,
              21254.0
            ],
            [
              4116.0,
              21245.0
            ],
            [
              4118.0,
              21243.0
            ],
            [
              4118.0,
              21236.0
            ],
            [
              4121.0,
              21233.0
            ],
            [
              4122.0,
              21229.0
            ],
            [
              4122.0,
              21222.0
            ],
            [
              4124.0,
              21216.0
            ],
            [
              4124.0,
              21185.0
            ],
            [
              4122.0,
              21179.0
            ],
            [
              4118.0,
              21175.0
            ],
            [
              4118.0,
              21171.0
            ],
            [
              4112.0,
              21164.0
            ],
            [
              4112.0,
              21162.0
            ],
            [
              4104.0,
              21153.0
            ]
          ]
        ]
      },
      "properties": {
        "annotation_id": "42_GP3_17",
        "label": "GP4",
        "probabilities": {
          "GP3": 0.4,
          "GP4": 0.6,
          "GP5": 0.0,
          "Benign": 0.0
        },
        "tags": []
      }
    },
    {
      "type": "Feature",
      "geometry": {
        "type": "Polygon",
        "coordinates": [
          [
            [
              3469.0,
              21078.0
            ],
            [
              3464.0,
              21084.0
            ],
            [
              3464.0,
              21087.0
            ],
            [
              3462.0,
              21089.0
            ],
            [
              3462.0,
              21092.0
            ],
            [
              3459.0,
              21099.0
            ],
            [
              3459.0,
              21102.0
            ],
            [
              3455.0,
              21106.0
            ],
            [
              3455.0,
              21109.0
            ],
            [
              3452.0,
              21112.0
            ],
            [
              3449.0,
              21121.0
            ],
            [
              3446.0,
              21124.0
            ],
            [
              3446.0,
              21141.0
            ],
            [
              3448.0,
              21147.0
            ],
            [
              3450.0,
              21149.0
            ],
            [
              3451.0,
              21152.0
            ],
            [
              3453.0,
              21153.0
            ],
            [
              3456.0,
              21157.0
            ],
            [
              3470.0,
              21164.0
            ],
            [
              3472.0,
              21166.0
            ],
            [
              3475.0,
              21167.0
            ],
            [
              3479.0,
              21171.0
            ],
            [
              3489.0,
              21176.0
            ],
            [
              3497.0,
              21184.0
            ],
            [
              3510.0,
              21184.0
            ],
            [
              3523.0,
              21179.0
            ],
            [
              3525.0,
              21176.0
            ],
            [
              3525.0,
              21174.0
            ],
            [
              3527.0,
              21172.0
            ],
            [
              3527.0,
              21170.0
            ],
            [
              3536.0,
              21156.0
            ],
            [
              3536.0,
              21142.0
            ],
            [
              3534.0,
              21139.0
            ],
            [
              3534.0,
              21136.0
            ],
            [
              3530.0,
              21130.0
            ],
            [
              3529.0,
              21125.0
            ],
            [
              3527.0,
              21123.0
            ],
            [
              3527.0,
              21121.0
            ],
            [
              3525.0,
              21118.0
            ],
            [
              3525.0,
              21115.0
            ],
            [
              3520.0,
              21108.0
            ],
            [
              3519.0,
              21103.0
            ],
            [
              3516.0,
              21101.0
            ],
            [
              3516.0,
              21099.0
            ],
            [
              3508.0,
              21092.0
            ],
            [
              3505.0,
              21091.0
            ],
            [
              3501.0,
              21087.0
            ],
            [
              3493.0,
              21085.0
            ],
            [
              3482.0,
              21079.0
            ],
            [
              3479.0,
              21079.0
            ],
            [
              3478.0,
              21078.0
            ],
            [
              3469.0,
              21078.0
            ]
          ]
        ]
      },
      "properties": {
        "annotation_id": "42_GP3_18",
        "label": "GP3",
        "probabilities": null,
        "tags": []
      }
    },
    {
      "type": "Feature",
      "geometry": {
        "type": "Polygon",
        "coordinates": [
          [
            [
              3678.0,
              21041.0
            ],
            [
              3668.0,
              21035.0
            ],
            [
              3661.0,
              21034.0
            ],
            [
              3655.0,
              21031.0
            ],
            [
              3636.0,
              21028.0
            ],
            [
              3623.0,
              21028.0
            ],
            [
              3620.0,
              21030.0
            ],
            [
              3614.0,
              21030.0
            ],
            [
              3605.0,
              21034.0
            ],
            [
              3601.0,
              21034.0
            ],
            [
              3592.0,
              21038.0
            ],
            [
              3588.0,
              21042.0
            ],
            [
              3583.0,
              21044.0
            ],
            [
              3572.0,
              21052.0
            ],
            [
              3570.0,
              21055.0
            ],
            [
              3567.0,
              21056.0
            ],
            [
              3561.0,
              21062.0
            ],
            [
              3561.0,
              21065.0
            ],
            [
              3557.0,
              21069.0
            ],
            [
              3552.0,
              21079.0
            ],
            [
              3548.0,
              21094.0
            ],
            [
              3548.0,
              21103.0
            ],
            [
              3545.0,
              21115.0
            ],
            [
              3545.0,
              21133.0
            ],
            [
              3549.0,
              21137.0
            ],
            [
              3549.0,
              21141.0
            ],
            [
              3556.0,
              21150.0
            ],
            [
              3556.0,
              21152.0
            ],
            [
              3567.0,
              21162.0
            ],
            [
              3574.0,
              21162.0
            ],
            [
              3590.0,
              21157.0
            ],
            [
              3613.0,
              21157.0
            ],
            [
              3632.0,
              21148.0
            ],
            [
              3647.0,
              21137.0
            ],
            [
              3654.0,
              21134.0
            ],
            [
              3664.0,
              21127.0
            ],
            [
              3676.0,
              21113.0
            ],
            [
              3684.0,
              21095.0
            ],
            [
              3684.0,
              21090.0
            ],
            [
              3686.0,
              21088.0
            ],
            [
              3687.0,
              21053.0
            ],
            [
              3678.0,
              21041.0
            ]
          ]
        ]
      },
      "properties": {
        "annotation_id": "42_GP3_19",
        "label": "GP3",
        "probabilities": null,
        "tags": []
      }
    },
    {
      "type": "Feature",
      "geometry": {
        "type": "Polygon",
        "coordinates": [
          [
            [
              3707.0,
              21040.0
            ],
            [
              3706.0,
              21043.0
            ],
            [
              3706.0,
              21059.0
            ],
            [
              3709.0,
              21068.0
            ],
            [
              3712.0,
              21072.0
            ],
            [
              3712.0,
              21074.0
            ],
            [
              3717.0,
              21080.0
            ],
            [
              3718.0,
              21084.0
            ],
            [
              3721.0,
              21087.0
            ],
            [
              3723.0,
              21087.0
            ],
            [
              3732.0,
              21092.0
            ],
            [
              3732.0,
              21098.0
            ],
            [
              3738.0,
              21103.0
            ],
            [
              3751.0,
              21104.0
            ],
            [
              3752.0,
              21105.0
            ],
            [
              3767.0,
              21105.0
            ],
            [
              3768.0,
              21104.0
            ],
            [
              3773.0,
              21104.0
            ],
            [
              3783.0,
              21099.0
            ],
            [
              3794.0,
              21099.0
            ],
            [
              3799.0,
              21096.0
            ],
            [
              3803.0,
              21095.0
            ],
            [
              3805.0,
              21092.0
            ],
            [
              3809.0,
              21089.0
            ],
            [
              3809.0,
              21087.0
            ],
            [
              3812.0,
              21083.0
            ],
            [
              3813.0,
              21080.0
            ],
            [
              3813.0,
              21071.0
            ],
            [
              3814.0,
              21070.0
            ],
            [
              3813.0,
              21062.0
            ],
            [
              3804.0,
              21053.0
            ],
            [
              3803.0,
              21053.0
            ],
            [
              3794.0,
              21043.0
            ],
            [
              3788.0,
              21039.0
            ],
            [
              3782.0,
              21031.0
            ],
            [
              3769.0,
              21024.0
            ],
            [
              3763.0,
              21023.0
            ],
            [
              3760.0,
              21021.0
            ],
            [
              3747.0,
              21021.0
            ],
            [
              3740.0,
              21025.0
            ],
            [
              3737.0,
              21025.0
            ],
            [
              3726.0,
              21030.0
            ],
            [
              3723.0,
              21030.0
            ],
            [
              3721.0,
              21032.0
            ],
            [
              3712.0,
              21036.0
            ],
            [
              3707.0,
              21040.0
            ]
          ]
        ]
      },
      "properties": {
        "annotation_id": "42_GP3_20",
        "label": "GP3",
        "probabilities": null,
        "tags": []
      }
    },
    {
      "type": "Feature",
      "geometry": {
        "type": "Polygon",
        "coordinates": [
          [
            [
              2727.877596639856,
              21146.17538013142
            ],
            [
              2942.9905673513053,
              21034.935453496386
            ],
            [
              2947,
              21040
            ],
            [
              3010,
              21028
            ],
            [
              3153,
              20968
            ],
            [
              3284,
              20934
            ],
            [
              3351,
              20901
            ],
            [
              3417,
              20887
            ],
            [
              3495,
              20838
            ],
            [
              3541,
              20843
            ],
            [
              3535,
              20888
            ],
            [
              3420,
              20993
            ],
            [
              3358,
              21021
            ],
            [
              3286,
              21030
            ],
            [
              3211,
              21095
            ],
            [
              3156,
              21115
            ],
            [
              3069,
              21174
            ],
            [
              2995,
              21193
            ],
            [
              2899,
              21247
            ],
            [
              2780,
              21242
            ],
            [
              2756,
              21214
            ],
            [
              2727.877596639856,
              21146.17538013142
            ]
          ]
        ]
      },
      "properties": {
        "annotation_id": "42_GP3_21",
        "label": "GP3",
        "probabilities": {
          "GP3": 1,
          "GP4": 0,
          "GP5": 0,
          "Benign": 0
        },
        "tags": []
      }
    },
    {
      "type": "Feature",
      "geometry": {
        "type": "Polygon",
        "coordinates": [
          [
            [
              3381.0,
              20800.0
            ],
            [
              3369.0,
              20797.0
            ],
            [
              3364.0,
              20793.0
            ],
            [
              3343.0,
              20790.0
            ],
            [
              3338.0,
              20787.0
            ],
            [
              3299.0,
              20787.0
            ],
            [
              3286.0,
              20792.0
            ],
            [
              3277.0,
              20792.0
            ],
            [
              3271.0,
              20796.0
            ],
            [
              3254.0,
              20797.0
            ],
            [
              3243.0,
              20803.0
            ],
            [
              3240.0,
              20807.0
            ],
            [
              3209.0,
              20824.0
            ],
            [
              3198.0,
              20834.0
            ],
            [
              3180.0,
              20859.0
            ],
            [
              3180.0,
              20881.0
            ],
            [
              3194.0,
              20896.0
            ],
            [
              3202.0,
              20899.0
            ],
            [
              3208.0,
              20904.0
            ],
            [
              3216.0,
              20904.0
            ],
            [
              3224.0,
              20908.0
            ],
            [
              3235.0,
              20907.0
            ],
            [
              3301.0,
              20888.0
            ],
            [
              3303.0,
              20884.0
            ],
            [
              3320.0,
              20869.0
            ],
            [
              3328.0,
              20865.0
            ],
            [
              3355.0,
              20864.0
            ],
            [
              3366.0,
              20857.0
            ],
            [
              3376.0,
              20835.0
            ],
            [
              3377.0,
              20821.0
            ],
            [
              3380.0,
              20818.0
            ],
            [
              3381.0,
              20800.0
            ]
          ]
        ]
      },
      "properties": {
        "annotation_id": "42_GP3_22",
        "label": "GP3",
        "probabilities": null,
        "tags": []
      }
    },
    {
      "type": "Feature",
      "geometry": {
        "type": "Polygon",
        "coordinates": [
          [
            [
              2859.0,
              20758.0
            ],
            [
              2853.0,
              20768.0
            ],
            [
              2845.0,
              20795.0
            ],
            [
              2844.0,
              20824.0
            ],
            [
              2846.0,
              20830.0
            ],
            [
              2883.0,
              20874.0
            ],
            [
              2899.0,
              20887.0
            ],
            [
              2919.0,
              20897.0
            ],
            [
              2937.0,
              20897.0
            ],
            [
              2940.0,
              20899.0
            ],
            [
              3073.0,
              20904.0
            ],
            [
              3078.0,
              20900.0
            ],
            [
              3078.0,
              20871.0
            ],
            [
              3069.0,
              20857.0
            ],
            [
              3070.0,
              20752.0
            ],
            [
              3062.0,
              20739.0
            ],
            [
              3061.0,
              20733.0
            ],
            [
              3050.0,
              20722.0
            ],
            [
              3033.0,
              20695.0
            ],
            [
              3024.0,
              20685.0
            ],
            [
              2992.0,
              20684.0
            ],
            [
              2984.0,
              20686.0
            ],
            [
              2966.0,
              20697.0
            ],
            [
              2954.0,
              20709.0
            ],
            [
              2942.0,
              20731.0
            ],
            [
              2934.0,
              20739.0
            ],
            [
              2923.0,
              20744.0
            ],
            [
              2874.0,
              20748.0
            ],
            [
              2859.0,
              20758.0
            ]
          ]
        ]
      },
      "properties": {
        "annotation_id": "42_GP3_23",
        "label": "GP3",
        "probabilities": null,
        "tags": []
      }
    },
    {
      "type": "Feature",
      "geometry": {
        "type": "Polygon",
        "coordinates": [
          [
            [
              3346.0,
              20546.0
            ],
            [
              3329.0,
              20543.0
            ],
            [
              3265.0,
              20541.0
            ],
            [
              3219.0,
              20579.0
            ],
            [
              3209.0,
              20590.0
            ],
            [
              3202.0,
              20604.0
            ],
            [
              3175.0,
              20632.0
            ],
            [
              3158.0,
              20640.0
            ],
            [
              3094.0,
              20641.0
            ],
            [
              3065.0,
              20649.0
            ],
            [
              3053.0,
              20661.0
            ],
            [
              3049.0,
              20669.0
            ],
            [
              3049.0,
              20700.0
            ],
            [
              3065.0,
              20719.0
            ],
            [
              3088.0,
              20753.0
            ],
            [
              3094.0,
              20767.0
            ],
            [
              3102.0,
              20776.0
            ],
            [
              3118.0,
              20785.0
            ],
            [
              3129.0,
              20785.0
            ],
            [
              3171.0,
              20763.0
            ],
            [
              3176.0,
              20757.0
            ],
            [
              3211.0,
              20746.0
            ],
            [
              3239.0,
              20730.0
            ],
            [
              3247.0,
              20717.0
            ],
            [
              3247.0,
              20706.0
            ],
            [
              3263.0,
              20666.0
            ],
            [
              3298.0,
              20613.0
            ],
            [
              3341.0,
              20577.0
            ],
            [
              3347.0,
              20565.0
            ],
            [
              3346.0,
              20546.0
            ]
          ]
        ]
      },
      "properties": {
        "annotation_id": "42_GP3_24",
        "label": "GP3",
        "probabilities": null,
        "tags": []
      }
    },
    {
      "type": "Feature",
      "geometry": {
        "type": "Polygon",
        "coordinates": [
          [
            [
              3157.0,
              20516.0
            ],
            [
              3153.0,
              20511.0
            ],
            [
              3144.0,
              20507.0
            ],
            [
              3136.0,
              20499.0
            ],
            [
              3123.0,
              20493.0
            ],
            [
              3111.0,
              20483.0
            ],
            [
              3105.0,
              20481.0
            ],
            [
              3087.0,
              20466.0
            ],
            [
              3075.0,
              20459.0
            ],
            [
              3053.0,
              20452.0
            ],
            [
              3022.0,
              20452.0
            ],
            [
              3008.0,
              20459.0
            ],
            [
              3002.0,
              20460.0
            ],
            [
              2989.0,
              20469.0
            ],
            [
              2974.0,
              20493.0
            ],
            [
              2974.0,
              20497.0
            ],
            [
              2971.0,
              20499.0
            ],
            [
              2970.0,
              20506.0
            ],
            [
              2967.0,
              20510.0
            ],
            [
              2965.0,
              20540.0
            ],
            [
              2963.0,
              20543.0
            ],
            [
              2964.0,
              20583.0
            ],
            [
              2970.0,
              20592.0
            ],
            [
              2978.0,
              20598.0
            ],
            [
              2987.0,
              20601.0
            ],
            [
              2991.0,
              20605.0
            ],
            [
              3009.0,
              20615.0
            ],
            [
              3038.0,
              20613.0
            ],
            [
              3040.0,
              20610.0
            ],
            [
              3054.0,
              20602.0
            ],
            [
              3064.0,
              20591.0
            ],
            [
              3067.0,
              20584.0
            ],
            [
              3076.0,
              20575.0
            ],
            [
              3107.0,
              20554.0
            ],
            [
              3149.0,
              20553.0
            ],
            [
              3155.0,
              20546.0
            ],
            [
              3157.0,
              20516.0
            ]
          ]
        ]
      },
      "properties": {
        "annotation_id": "42_GP3_25",
        "label": "GP3",
        "probabilities": null,
        "tags": []
      }
    },
    {
      "type": "Feature",
      "geometry": {
        "type": "Polygon",
        "coordinates": [
          [
            [
              3196.0,
              20257.0
            ],
            [
              3163.0,
              20239.0
            ],
            [
              3123.0,
              20228.0
            ],
            [
              3019.0,
              20215.0
            ],
            [
              2973.0,
              20223.0
            ],
            [
              2940.0,
              20236.0
            ],
            [
              2867.0,
              20247.0
            ],
            [
              2820.0,
              20247.0
            ],
            [
              2805.0,
              20240.0
            ],
            [
              2728.0,
              20228.0
            ],
            [
              2603.0,
              20222.0
            ],
            [
              2576.0,
              20233.0
            ],
            [
              2547.0,
              20268.0
            ],
            [
              2526.0,
              20351.0
            ],
            [
              2522.0,
              20399.0
            ],
            [
              2533.0,
              20409.0
            ],
            [
              2522.0,
              20414.0
            ],
            [
              2523.0,
              20430.0
            ],
            [
              2549.0,
              20477.0
            ],
            [
              2568.0,
              20497.0
            ],
            [
              2613.0,
              20512.0
            ],
            [
              2715.0,
              20513.0
            ],
            [
              2760.0,
              20496.0
            ],
            [
              2825.0,
              20458.0
            ],
            [
              2895.0,
              20432.0
            ],
            [
              2923.0,
              20401.0
            ],
            [
              2997.0,
              20397.0
            ],
            [
              3131.0,
              20362.0
            ],
            [
              3162.0,
              20337.0
            ],
            [
              3179.0,
              20313.0
            ],
            [
              3195.0,
              20278.0
            ],
            [
              3196.0,
              20257.0
            ]
          ]
        ]
      },
      "properties": {
        "annotation_id": "42_GP3_26",
        "label": "GP3",
        "probabilities": null,
        "tags": []
      }
    },
    {
      "type": "Feature",
      "geometry": {
        "type": "Polygon",
        "coordinates": [
          [
            [
              2688.0,
              18880.0
            ],
            [
              2663.0,
              18880.0
            ],
            [
              2658.0,
              18884.0
            ],
            [
              2650.0,
              18895.0
            ],
            [
              2650.0,
              18899.0
            ],
            [
              2640.0,
              18917.0
            ],
            [
              2640.0,
              18923.0
            ],
            [
              2634.0,
              18930.0
            ],
            [
              2634.0,
              18935.0
            ],
            [
              2627.0,
              18943.0
            ],
            [
              2622.0,
              18956.0
            ],
            [
              2618.0,
              18960.0
            ],
            [
              2618.0,
              18965.0
            ],
            [
              2612.0,
              18975.0
            ],
            [
              2611.0,
              18981.0
            ],
            [
              2603.0,
              18993.0
            ],
            [
              2603.0,
              19002.0
            ],
            [
              2598.0,
              19012.0
            ],
            [
              2598.0,
              19021.0
            ],
            [
              2594.0,
              19027.0
            ],
            [
              2591.0,
              19047.0
            ],
            [
              2587.0,
              19050.0
            ],
            [
              2587.0,
              19058.0
            ],
            [
              2580.0,
              19081.0
            ],
            [
              2580.0,
              19133.0
            ],
            [
              2596.0,
              19152.0
            ],
            [
              2609.0,
              19154.0
            ],
            [
              2642.0,
              19142.0
            ],
            [
              2651.0,
              19131.0
            ],
            [
              2668.0,
              19124.0
            ],
            [
              2680.0,
              19115.0
            ],
            [
              2685.0,
              19114.0
            ],
            [
              2688.0,
              19110.0
            ],
            [
              2703.0,
              19104.0
            ],
            [
              2715.0,
              19091.0
            ],
            [
              2720.0,
              19069.0
            ],
            [
              2720.0,
              19014.0
            ],
            [
              2716.0,
              18999.0
            ],
            [
              2713.0,
              18996.0
            ],
            [
              2713.0,
              18989.0
            ],
            [
              2700.0,
              18967.0
            ],
            [
              2700.0,
              18961.0
            ],
            [
              2696.0,
              18958.0
            ],
            [
              2696.0,
              18891.0
            ],
            [
              2688.0,
              18880.0
            ]
          ]
        ]
      },
      "properties": {
        "annotation_id": "42_GP3_28",
        "label": "GP3",
        "probabilities": null,
        "tags": []
      }
    },
    {
      "type": "Feature",
      "geometry": {
        "type": "Polygon",
        "coordinates": [
          [
            [
              3269.0,
              18210.0
            ],
            [
              3260.0,
              18217.0
            ],
            [
              3259.0,
              18221.0
            ],
            [
              3253.0,
              18228.0
            ],
            [
              3253.0,
              18231.0
            ],
            [
              3248.0,
              18236.0
            ],
            [
              3248.0,
              18239.0
            ],
            [
              3246.0,
              18241.0
            ],
            [
              3246.0,
              18278.0
            ],
            [
              3250.0,
              18289.0
            ],
            [
              3251.0,
              18302.0
            ],
            [
              3253.0,
              18306.0
            ],
            [
              3257.0,
              18309.0
            ],
            [
              3257.0,
              18314.0
            ],
            [
              3259.0,
              18318.0
            ],
            [
              3262.0,
              18320.0
            ],
            [
              3264.0,
              18326.0
            ],
            [
              3268.0,
              18329.0
            ],
            [
              3269.0,
              18334.0
            ],
            [
              3273.0,
              18338.0
            ],
            [
              3273.0,
              18340.0
            ],
            [
              3279.0,
              18346.0
            ],
            [
              3280.0,
              18351.0
            ],
            [
              3308.0,
              18381.0
            ],
            [
              3312.0,
              18382.0
            ],
            [
              3337.0,
              18399.0
            ],
            [
              3350.0,
              18399.0
            ],
            [
              3362.0,
              18395.0
            ],
            [
              3368.0,
              18389.0
            ],
            [
              3372.0,
              18380.0
            ],
            [
              3375.0,
              18378.0
            ],
            [
              3375.0,
              18367.0
            ],
            [
              3377.0,
              18364.0
            ],
            [
              3377.0,
              18354.0
            ],
            [
              3380.0,
              18351.0
            ],
            [
              3384.0,
              18317.0
            ],
            [
              3368.0,
              18302.0
            ],
            [
              3365.0,
              18301.0
            ],
            [
              3358.0,
              18290.0
            ],
            [
              3353.0,
              18287.0
            ],
            [
              3353.0,
              18285.0
            ],
            [
              3348.0,
              18280.0
            ],
            [
              3348.0,
              18277.0
            ],
            [
              3344.0,
              18273.0
            ],
            [
              3343.0,
              18266.0
            ],
            [
              3335.0,
              18257.0
            ],
            [
              3334.0,
              18250.0
            ],
            [
              3328.0,
              18244.0
            ],
            [
              3328.0,
              18242.0
            ],
            [
              3322.0,
              18238.0
            ],
            [
              3321.0,
              18235.0
            ],
            [
              3314.0,
              18228.0
            ],
            [
              3310.0,
              18226.0
            ],
            [
              3308.0,
              18222.0
            ],
            [
              3305.0,
              18221.0
            ],
            [
              3298.0,
              18214.0
            ],
            [
              3288.0,
              18210.0
            ],
            [
              3269.0,
              18210.0
            ]
          ]
        ]
      },
      "properties": {
        "annotation_id": "42_GP3_30",
        "label": "GP3",
        "probabilities": null,
        "tags": []
      }
    },
    {
      "type": "Feature",
      "geometry": {
        "type": "Polygon",
        "coordinates": [
          [
            [
              3577.0,
              18090.0
            ],
            [
              3577.0,
              18115.0
            ],
            [
              3580.0,
              18118.0
            ],
            [
              3653.0,
              18129.0
            ],
            [
              3664.0,
              18137.0
            ],
            [
              3664.0,
              18145.0
            ],
            [
              3635.0,
              18178.0
            ],
            [
              3635.0,
              18206.0
            ],
            [
              3673.0,
              18252.0
            ],
            [
              3719.0,
              18285.0
            ],
            [
              3765.0,
              18359.0
            ],
            [
              3796.0,
              18387.0
            ],
            [
              3834.0,
              18388.0
            ],
            [
              3873.0,
              18364.0
            ],
            [
              3900.0,
              18363.0
            ],
            [
              3909.0,
              18346.0
            ],
            [
              3891.0,
              18335.0
            ],
            [
              3856.0,
              18284.0
            ],
            [
              3844.0,
              18246.0
            ],
            [
              3837.0,
              18240.0
            ],
            [
              3834.0,
              18225.0
            ],
            [
              3817.0,
              18191.0
            ],
            [
              3815.0,
              18161.0
            ],
            [
              3800.0,
              18120.0
            ],
            [
              3757.0,
              18070.0
            ],
            [
              3728.0,
              18052.0
            ],
            [
              3717.0,
              18049.0
            ],
            [
              3657.0,
              18049.0
            ],
            [
              3606.0,
              18065.0
            ],
            [
              3592.0,
              18074.0
            ],
            [
              3577.0,
              18090.0
            ]
          ]
        ]
      },
      "properties": {
        "annotation_id": "42_GP3_31",
        "label": "GP3",
        "probabilities": null,
        "tags": []
      }
    },
    {
      "type": "Feature",
      "geometry": {
        "type": "Polygon",
        "coordinates": [
          [
            [
              2949.0,
              17842.0
            ],
            [
              2947.0,
              17880.0
            ],
            [
              2960.0,
              17896.0
            ],
            [
              3024.0,
              17905.0
            ],
            [
              3054.0,
              17918.0
            ],
            [
              3058.0,
              17987.0
            ],
            [
              3092.0,
              18060.0
            ],
            [
              3195.0,
              18104.0
            ],
            [
              3269.0,
              18106.0
            ],
            [
              3315.0,
              18097.0
            ],
            [
              3331.0,
              18130.0
            ],
            [
              3331.0,
              18162.0
            ],
            [
              3356.0,
              18240.0
            ],
            [
              3474.0,
              18393.0
            ],
            [
              3500.0,
              18338.0
            ],
            [
              3502.0,
              18313.0
            ],
            [
              3437.0,
              18253.0
            ],
            [
              3428.0,
              18213.0
            ],
            [
              3431.0,
              18164.0
            ],
            [
              3492.0,
              18068.0
            ],
            [
              3579.0,
              18037.0
            ],
            [
              3623.0,
              18009.0
            ],
            [
              3628.0,
              17975.0
            ],
            [
              3656.0,
              17930.0
            ],
            [
              3665.0,
              17864.0
            ],
            [
              3628.0,
              17862.0
            ],
            [
              3567.0,
              17889.0
            ],
            [
              3528.0,
              17889.0
            ],
            [
              3457.0,
              17846.0
            ],
            [
              3394.0,
              17839.0
            ],
            [
              3348.0,
              17799.0
            ],
            [
              3252.0,
              17795.0
            ],
            [
              3242.0,
              17803.0
            ],
            [
              3244.0,
              17820.0
            ],
            [
              3300.0,
              17861.0
            ],
            [
              3300.0,
              17880.0
            ],
            [
              3270.0,
              17899.0
            ],
            [
              3203.0,
              17906.0
            ],
            [
              3177.0,
              17873.0
            ],
            [
              3121.0,
              17878.0
            ],
            [
              3037.0,
              17804.0
            ],
            [
              3002.0,
              17799.0
            ],
            [
              2949.0,
              17842.0
            ]
          ]
        ]
      },
      "properties": {
        "annotation_id": "42_GP3_32",
        "label": "GP4",
        "probabilities": {
          "GP3": 0,
          "GP4": 1,
          "GP5": 0,
          "Benign": 0
        },
        "tags": []
      }
    },
    {
      "type": "Feature",
      "geometry": {
        "type": "Polygon",
        "coordinates": [
          [
            [
              3061.0,
              17408.0
            ],
            [
              3043.0,
              17422.0
            ],
            [
              3043.0,
              17425.0
            ],
            [
              3034.0,
              17437.0
            ],
            [
              3034.0,
              17442.0
            ],
            [
              3027.0,
              17450.0
            ],
            [
              3027.0,
              17455.0
            ],
            [
              3023.0,
              17461.0
            ],
            [
              3022.0,
              17473.0
            ],
            [
              3022.0,
              17524.0
            ],
            [
              3023.0,
              17527.0
            ],
            [
              3039.0,
              17543.0
            ],
            [
              3053.0,
              17547.0
            ],
            [
              3057.0,
              17550.0
            ],
            [
              3064.0,
              17550.0
            ],
            [
              3067.0,
              17552.0
            ],
            [
              3098.0,
              17552.0
            ],
            [
              3105.0,
              17548.0
            ],
            [
              3115.0,
              17547.0
            ],
            [
              3123.0,
              17543.0
            ],
            [
              3132.0,
              17536.0
            ],
            [
              3139.0,
              17534.0
            ],
            [
              3156.0,
              17511.0
            ],
            [
              3156.0,
              17492.0
            ],
            [
              3153.0,
              17489.0
            ],
            [
              3151.0,
              17482.0
            ],
            [
              3147.0,
              17477.0
            ],
            [
              3147.0,
              17471.0
            ],
            [
              3144.0,
              17466.0
            ],
            [
              3144.0,
              17460.0
            ],
            [
              3124.0,
              17439.0
            ],
            [
              3122.0,
              17435.0
            ],
            [
              3119.0,
              17434.0
            ],
            [
              3117.0,
              17431.0
            ],
            [
              3097.0,
              17416.0
            ],
            [
              3080.0,
              17408.0
            ],
            [
              3061.0,
              17408.0
            ]
          ]
        ]
      },
      "properties": {
        "annotation_id": "42_GP3_33",
        "label": "GP3",
        "probabilities": null,
        "tags": []
      }
    },
    {
      "type": "Feature",
      "geometry": {
        "type": "Polygon",
        "coordinates": [
          [
            [
              2323,
              17452
            ],
            [
              2332,
              17411
            ],
            [
              2354,
              17363
            ],
            [
              2383,
              17343
            ],
            [
              2431,
              17349
            ],
            [
              2449,
              17361
            ],
            [
              2449,
              17381
            ],
            [
              2427,
              17419
            ],
            [
              2427,
              17443
            ],
            [
              2439,
              17477
            ],
            [
              2465,
              17472
            ],
            [
              2553,
              17428
            ],
            [
              2572,
              17428
            ],
            [
              2605,
              17448
            ],
            [
              2621,
              17468
            ],
            [
              2621,
              17493
            ],
            [
              2590,
              17551
            ],
            [
              2590,
              17586
            ],
            [
              2608,
              17647
            ],
            [
              2618,
              17654
            ],
            [
              2662,
              17662
            ],
            [
              2769,
              17663
            ],
            [
              2800.3890229452177,
              17670.847255736306
            ],
            [
              2783.309646027239,
              17681.379538169058
            ],
            [
              2686.300905097707,
              17753.71553574079
            ],
            [
              2574.7128158203836,
              17843.434602496425
            ],
            [
              2560.12716769212,
              17867.625433538426
            ],
            [
              2512,
              17858
            ],
            [
              2432,
              17814
            ],
            [
              2365,
              17727
            ],
            [
              2343,
              17678
            ],
            [
              2343,
              17617
            ],
            [
              2332,
              17521
            ],
            [
              2323,
              17504
            ],
            [
              2323,
              17452
            ]
          ]
        ]
      },
      "properties": {
        "annotation_id": "42_GP3_34",
        "label": "GP3",
        "probabilities": null,
        "tags": []
      }
    },
    {
      "type": "Feature",
      "geometry": {
        "type": "Polygon",
        "coordinates": [
          [
            [
              3514.0,
              17292.0
            ],
            [
              3467.0,
              17321.0
            ],
            [
              3416.0,
              17369.0
            ],
            [
              3405.0,
              17396.0
            ],
            [
              3405.0,
              17444.0
            ],
            [
              3412.0,
              17466.0
            ],
            [
              3420.0,
              17469.0
            ],
            [
              3434.0,
              17504.0
            ],
            [
              3468.0,
              17558.0
            ],
            [
              3485.0,
              17629.0
            ],
            [
              3488.0,
              17694.0
            ],
            [
              3505.0,
              17731.0
            ],
            [
              3524.0,
              17733.0
            ],
            [
              3548.0,
              17715.0
            ],
            [
              3561.0,
              17713.0
            ],
            [
              3568.0,
              17718.0
            ],
            [
              3581.0,
              17747.0
            ],
            [
              3591.0,
              17789.0
            ],
            [
              3605.0,
              17796.0
            ],
            [
              3647.0,
              17796.0
            ],
            [
              3652.0,
              17791.0
            ],
            [
              3648.0,
              17728.0
            ],
            [
              3659.0,
              17711.0
            ],
            [
              3659.0,
              17654.0
            ],
            [
              3666.0,
              17625.0
            ],
            [
              3692.0,
              17571.0
            ],
            [
              3695.0,
              17511.0
            ],
            [
              3637.0,
              17508.0
            ],
            [
              3614.0,
              17495.0
            ],
            [
              3601.0,
              17472.0
            ],
            [
              3589.0,
              17426.0
            ],
            [
              3552.0,
              17379.0
            ],
            [
              3552.0,
              17341.0
            ],
            [
              3571.0,
              17314.0
            ],
            [
              3572.0,
              17293.0
            ],
            [
              3514.0,
              17292.0
            ]
          ]
        ]
      },
      "properties": {
        "annotation_id": "42_GP3_35",
        "label": "GP4",
        "probabilities": {
          "GP3": 0,
          "GP4": 1,
          "GP5": 0,
          "Benign": 0
        },
        "tags": []
      }
    },
    {
      "type": "Feature",
      "geometry": {
        "type": "Polygon",
        "coordinates": [
          [
            [
              2463.0,
              17272.0
            ],
            [
              2447.0,
              17260.0
            ],
            [
              2433.0,
              17256.0
            ],
            [
              2410.0,
              17253.0
            ],
            [
              2406.0,
              17249.0
            ],
            [
              2399.0,
              17249.0
            ],
            [
              2391.0,
              17245.0
            ],
            [
              2379.0,
              17245.0
            ],
            [
              2375.0,
              17242.0
            ],
            [
              2354.0,
              17238.0
            ],
            [
              2308.0,
              17281.0
            ],
            [
              2288.0,
              17292.0
            ],
            [
              2283.0,
              17292.0
            ],
            [
              2259.0,
              17303.0
            ],
            [
              2253.0,
              17303.0
            ],
            [
              2250.0,
              17306.0
            ],
            [
              2235.0,
              17312.0
            ],
            [
              2226.0,
              17323.0
            ],
            [
              2224.0,
              17329.0
            ],
            [
              2218.0,
              17334.0
            ],
            [
              2218.0,
              17340.0
            ],
            [
              2208.0,
              17358.0
            ],
            [
              2234.0,
              17384.0
            ],
            [
              2246.0,
              17384.0
            ],
            [
              2259.0,
              17380.0
            ],
            [
              2268.0,
              17374.0
            ],
            [
              2273.0,
              17373.0
            ],
            [
              2291.0,
              17358.0
            ],
            [
              2306.0,
              17349.0
            ],
            [
              2311.0,
              17344.0
            ],
            [
              2315.0,
              17335.0
            ],
            [
              2321.0,
              17330.0
            ],
            [
              2329.0,
              17328.0
            ],
            [
              2351.0,
              17317.0
            ],
            [
              2360.0,
              17317.0
            ],
            [
              2367.0,
              17313.0
            ],
            [
              2376.0,
              17313.0
            ],
            [
              2383.0,
              17310.0
            ],
            [
              2396.0,
              17310.0
            ],
            [
              2399.0,
              17308.0
            ],
            [
              2407.0,
              17308.0
            ],
            [
              2433.0,
              17302.0
            ],
            [
              2435.0,
              17299.0
            ],
            [
              2443.0,
              17297.0
            ],
            [
              2463.0,
              17282.0
            ],
            [
              2463.0,
              17272.0
            ]
          ]
        ]
      },
      "properties": {
        "annotation_id": "42_GP3_36",
        "label": "GP4",
        "probabilities": {
          "GP3": 0,
          "GP4": 1,
          "GP5": 0,
          "Benign": 0
        },
        "tags": []
      }
    },
    {
      "type": "Feature",
      "geometry": {
        "type": "Polygon",
        "coordinates": [
          [
            [
              3350.0,
              16936.0
            ],
            [
              3324.0,
              16936.0
            ],
            [
              3288.0,
              16952.0
            ],
            [
              3260.0,
              16969.0
            ],
            [
              3223.0,
              17007.0
            ],
            [
              3177.0,
              17007.0
            ],
            [
              3135.0,
              16985.0
            ],
            [
              3117.0,
              16983.0
            ],
            [
              3066.0,
              17007.0
            ],
            [
              3058.0,
              17021.0
            ],
            [
              3061.0,
              17064.0
            ],
            [
              3081.0,
              17109.0
            ],
            [
              3119.0,
              17138.0
            ],
            [
              3153.0,
              17154.0
            ],
            [
              3166.0,
              17167.0
            ],
            [
              3210.0,
              17235.0
            ],
            [
              3222.0,
              17287.0
            ],
            [
              3235.0,
              17300.0
            ],
            [
              3239.0,
              17330.0
            ],
            [
              3251.0,
              17359.0
            ],
            [
              3270.0,
              17382.0
            ],
            [
              3293.0,
              17389.0
            ],
            [
              3335.0,
              17389.0
            ],
            [
              3391.0,
              17377.0
            ],
            [
              3404.0,
              17365.0
            ],
            [
              3413.0,
              17347.0
            ],
            [
              3413.0,
              17334.0
            ],
            [
              3397.0,
              17321.0
            ],
            [
              3356.0,
              17307.0
            ],
            [
              3335.0,
              17292.0
            ],
            [
              3326.0,
              17264.0
            ],
            [
              3325.0,
              17231.0
            ],
            [
              3359.0,
              17189.0
            ],
            [
              3390.0,
              17176.0
            ],
            [
              3413.0,
              17159.0
            ],
            [
              3428.0,
              17156.0
            ],
            [
              3440.0,
              17147.0
            ],
            [
              3444.0,
              17136.0
            ],
            [
              3444.0,
              17098.0
            ],
            [
              3437.0,
              17088.0
            ],
            [
              3403.0,
              17070.0
            ],
            [
              3391.0,
              17052.0
            ],
            [
              3390.0,
              16970.0
            ],
            [
              3350.0,
              16936.0
            ]
          ]
        ]
      },
      "properties": {
        "annotation_id": "42_GP3_37",
        "label": "GP4",
        "probabilities": {
          "GP3": 0,
          "GP4": 1,
          "GP5": 0,
          "Benign": 0
        },
        "tags": []
      }
    },
    {
      "type": "Feature",
      "geometry": {
        "type": "Polygon",
        "coordinates": [
          [
            [
              3277.0,
              16736.0
            ],
            [
              3277.0,
              16759.0
            ],
            [
              3280.0,
              16764.0
            ],
            [
              3299.0,
              16779.0
            ],
            [
              3313.0,
              16793.0
            ],
            [
              3320.0,
              16805.0
            ],
            [
              3327.0,
              16810.0
            ],
            [
              3327.0,
              16813.0
            ],
            [
              3351.0,
              16836.0
            ],
            [
              3360.0,
              16839.0
            ],
            [
              3412.0,
              16839.0
            ],
            [
              3426.0,
              16834.0
            ],
            [
              3440.0,
              16834.0
            ],
            [
              3446.0,
              16829.0
            ],
            [
              3455.0,
              16804.0
            ],
            [
              3460.0,
              16798.0
            ],
            [
              3458.0,
              16753.0
            ],
            [
              3455.0,
              16742.0
            ],
            [
              3446.0,
              16730.0
            ],
            [
              3445.0,
              16725.0
            ],
            [
              3440.0,
              16721.0
            ],
            [
              3437.0,
              16712.0
            ],
            [
              3422.0,
              16697.0
            ],
            [
              3410.0,
              16688.0
            ],
            [
              3383.0,
              16688.0
            ],
            [
              3378.0,
              16690.0
            ],
            [
              3365.0,
              16703.0
            ],
            [
              3354.0,
              16717.0
            ],
            [
              3353.0,
              16727.0
            ],
            [
              3347.0,
              16739.0
            ],
            [
              3347.0,
              16748.0
            ],
            [
              3342.0,
              16755.0
            ],
            [
              3342.0,
              16762.0
            ],
            [
              3339.0,
              16764.0
            ],
            [
              3333.0,
              16764.0
            ],
            [
              3327.0,
              16761.0
            ],
            [
              3315.0,
              16749.0
            ],
            [
              3314.0,
              16745.0
            ],
            [
              3308.0,
              16739.0
            ],
            [
              3308.0,
              16736.0
            ],
            [
              3299.0,
              16728.0
            ],
            [
              3289.0,
              16728.0
            ],
            [
              3280.0,
              16732.0
            ],
            [
              3277.0,
              16736.0
            ]
          ]
        ]
      },
      "properties": {
        "annotation_id": "42_GP3_38",
        "label": "GP4",
        "probabilities": {
          "GP3": 0,
          "GP4": 1,
          "GP5": 0,
          "Benign": 0
        },
        "tags": []
      }
    },
    {
      "type": "Feature",
      "geometry": {
        "type": "Polygon",
        "coordinates": [
          [
            [
              3145.0,
              16650.0
            ],
            [
              3092.0,
              16648.0
            ],
            [
              3072.0,
              16656.0
            ],
            [
              3061.0,
              16657.0
            ],
            [
              3052.0,
              16665.0
            ],
            [
              3040.0,
              16668.0
            ],
            [
              3027.0,
              16677.0
            ],
            [
              3014.0,
              16679.0
            ],
            [
              2970.0,
              16708.0
            ],
            [
              2926.0,
              16733.0
            ],
            [
              2913.0,
              16748.0
            ],
            [
              2911.0,
              16797.0
            ],
            [
              2920.0,
              16809.0
            ],
            [
              2921.0,
              16815.0
            ],
            [
              2946.0,
              16846.0
            ],
            [
              2949.0,
              16855.0
            ],
            [
              2969.0,
              16876.0
            ],
            [
              3020.0,
              16912.0
            ],
            [
              3074.0,
              16904.0
            ],
            [
              3109.0,
              16903.0
            ],
            [
              3132.0,
              16893.0
            ],
            [
              3162.0,
              16890.0
            ],
            [
              3177.0,
              16883.0
            ],
            [
              3191.0,
              16868.0
            ],
            [
              3191.0,
              16860.0
            ],
            [
              3194.0,
              16857.0
            ],
            [
              3194.0,
              16799.0
            ],
            [
              3187.0,
              16786.0
            ],
            [
              3173.0,
              16771.0
            ],
            [
              3161.0,
              16767.0
            ],
            [
              3122.0,
              16743.0
            ],
            [
              3111.0,
              16728.0
            ],
            [
              3111.0,
              16712.0
            ],
            [
              3117.0,
              16706.0
            ],
            [
              3137.0,
              16700.0
            ],
            [
              3158.0,
              16684.0
            ],
            [
              3158.0,
              16664.0
            ],
            [
              3145.0,
              16650.0
            ]
          ]
        ]
      },
      "properties": {
        "annotation_id": "42_GP3_39",
        "label": "GP4",
        "probabilities": {
          "GP3": 0,
          "GP4": 1,
          "GP5": 0,
          "Benign": 0
        },
        "tags": []
      }
    },
    {
      "type": "Feature",
      "geometry": {
        "type": "Polygon",
        "coordinates": [
          [
            [
              2430.0,
              16166.0
            ],
            [
              2430.0,
              16168.0
            ],
            [
              2429.0,
              16169.0
            ],
            [
              2429.0,
              16211.0
            ],
            [
              2430.0,
              16213.0
            ],
            [
              2432.0,
              16215.0
            ],
            [
              2433.0,
              16215.0
            ],
            [
              2434.0,
              16217.0
            ],
            [
              2440.0,
              16222.0
            ],
            [
              2448.0,
              16226.0
            ],
            [
              2466.0,
              16226.0
            ],
            [
              2467.0,
              16224.0
            ],
            [
              2470.0,
              16222.0
            ],
            [
              2477.0,
              16222.0
            ],
            [
              2478.0,
              16221.0
            ],
            [
              2480.0,
              16221.0
            ],
            [
              2485.0,
              16217.0
            ],
            [
              2487.0,
              16217.0
            ],
            [
              2496.0,
              16212.0
            ],
            [
              2501.0,
              16212.0
            ],
            [
              2502.0,
              16211.0
            ],
            [
              2502.0,
              16201.0
            ],
            [
              2501.0,
              16200.0
            ],
            [
              2501.0,
              16188.0
            ],
            [
              2498.0,
              16184.0
            ],
            [
              2495.0,
              16178.0
            ],
            [
              2495.0,
              16175.0
            ],
            [
              2493.0,
              16173.0
            ],
            [
              2493.0,
              16172.0
            ],
            [
              2489.0,
              16169.0
            ],
            [
              2489.0,
              16167.0
            ],
            [
              2485.0,
              16164.0
            ],
            [
              2483.0,
              16164.0
            ],
            [
              2480.0,
              16162.0
            ],
            [
              2474.0,
              16162.0
            ],
            [
              2471.0,
              16160.0
            ],
            [
              2452.0,
              16160.0
            ],
            [
              2449.0,
              16162.0
            ],
            [
              2441.0,
              16162.0
            ],
            [
              2438.0,
              16164.0
            ],
            [
              2436.0,
              16164.0
            ],
            [
              2435.0,
              16165.0
            ],
            [
              2431.0,
              16165.0
            ],
            [
              2430.0,
              16166.0
            ]
          ]
        ]
      },
      "properties": {
        "annotation_id": "42_GP3_40",
        "label": "GP4",
        "probabilities": {
          "GP3": 0,
          "GP4": 1,
          "GP5": 0,
          "Benign": 0
        },
        "tags": []
      }
    },
    {
      "type": "Feature",
      "geometry": {
        "type": "Polygon",
        "coordinates": [
          [
            [
              2114.0,
              16127.0
            ],
            [
              2068.0,
              16161.0
            ],
            [
              2062.0,
              16230.0
            ],
            [
              2106.0,
              16300.0
            ],
            [
              2094.0,
              16534.0
            ],
            [
              2110.0,
              16591.0
            ],
            [
              2109.0,
              16643.0
            ],
            [
              2122.0,
              16660.0
            ],
            [
              2143.0,
              16664.0
            ],
            [
              2200.0,
              16625.0
            ],
            [
              2212.0,
              16610.0
            ],
            [
              2217.0,
              16533.0
            ],
            [
              2209.0,
              16513.0
            ],
            [
              2209.0,
              16469.0
            ],
            [
              2190.0,
              16423.0
            ],
            [
              2186.0,
              16394.0
            ],
            [
              2199.0,
              16389.0
            ],
            [
              2270.0,
              16387.0
            ],
            [
              2313.0,
              16350.0
            ],
            [
              2331.0,
              16302.0
            ],
            [
              2331.0,
              16218.0
            ],
            [
              2318.0,
              16219.0
            ],
            [
              2295.0,
              16243.0
            ],
            [
              2249.0,
              16313.0
            ],
            [
              2197.0,
              16321.0
            ],
            [
              2187.0,
              16313.0
            ],
            [
              2170.0,
              16271.0
            ],
            [
              2170.0,
              16235.0
            ],
            [
              2207.0,
              16169.0
            ],
            [
              2208.0,
              16151.0
            ],
            [
              2190.0,
              16136.0
            ],
            [
              2168.0,
              16128.0
            ],
            [
              2114.0,
              16127.0
            ]
          ]
        ]
      },
      "properties": {
        "annotation_id": "42_GP3_41",
        "label": "GP5",
        "probabilities": {
          "GP3": 0,
          "GP4": 0,
          "GP5": 1,
          "Benign": 0
        },
        "tags": []
      }
    },
    {
      "type": "Feature",
      "geometry": {
        "type": "Polygon",
        "coordinates": [
          [
            [
              2433.0,
              14429.0
            ],
            [
              2426.0,
              14436.0
            ],
            [
              2419.0,
              14453.0
            ],
            [
              2419.0,
              14474.0
            ],
            [
              2430.0,
              14486.0
            ],
            [
              2459.0,
              14504.0
            ],
            [
              2459.0,
              14566.0
            ],
            [
              2450.0,
              14591.0
            ],
            [
              2434.0,
              14618.0
            ],
            [
              2424.0,
              14628.0
            ],
            [
              2407.0,
              14635.0
            ],
            [
              2403.0,
              14641.0
            ],
            [
              2403.0,
              14686.0
            ],
            [
              2416.0,
              14688.0
            ],
            [
              2466.0,
              14735.0
            ],
            [
              2496.0,
              14752.0
            ],
            [
              2528.0,
              14759.0
            ],
            [
              2533.0,
              14763.0
            ],
            [
              2566.0,
              14766.0
            ],
            [
              2608.0,
              14764.0
            ],
            [
              2623.0,
              14751.0
            ],
            [
              2623.0,
              14740.0
            ],
            [
              2612.0,
              14727.0
            ],
            [
              2571.0,
              14701.0
            ],
            [
              2543.0,
              14670.0
            ],
            [
              2543.0,
              14644.0
            ],
            [
              2548.0,
              14633.0
            ],
            [
              2572.0,
              14604.0
            ],
            [
              2585.0,
              14554.0
            ],
            [
              2586.0,
              14525.0
            ],
            [
              2590.0,
              14522.0
            ],
            [
              2590.0,
              14475.0
            ],
            [
              2572.0,
              14447.0
            ],
            [
              2553.0,
              14434.0
            ],
            [
              2536.0,
              14416.0
            ],
            [
              2523.0,
              14409.0
            ],
            [
              2492.0,
              14409.0
            ],
            [
              2467.0,
              14424.0
            ],
            [
              2433.0,
              14429.0
            ]
          ]
        ]
      },
      "properties": {
        "annotation_id": "42_GP3_43",
        "label": "GP4",
        "probabilities": {
          "GP3": 0,
          "GP4": 1,
          "GP5": 0,
          "Benign": 0
        },
        "tags": []
      }
    },
    {
      "type": "Feature",
      "geometry": {
        "type": "Polygon",
        "coordinates": [
          [
            [
              2724.0311563180653,
              14310.793436174483
            ],
            [
              2736,
              14302
            ],
            [
              2801,
              14275
            ],
            [
              2986,
              14273
            ],
            [
              3031,
              14257
            ],
            [
              3055,
              14255
            ],
            [
              3080,
              14276
            ],
            [
              3095,
              14299
            ],
            [
              3118,
              14402
            ],
            [
              3146,
              14449
            ],
            [
              3147,
              14588
            ],
            [
              3170,
              14611
            ],
            [
              3076,
              14612
            ],
            [
              3028,
              14622
            ],
            [
              2922,
              14622
            ],
            [
              2883,
              14616
            ],
            [
              2866,
              14590
            ],
            [
              2853,
              14517
            ],
            [
              2853,
              14482
            ],
            [
              2861,
              14471
            ],
            [
              2857,
              14456
            ],
            [
              2794.742284901662,
              14455.598337321946
            ],
            [
              2799.7517851364696,
              14451.433134879522
            ],
            [
              2820.2258935773357,
              14428.034153804248
            ],
            [
              2834.8502567493824,
              14402.545977990108
            ],
            [
              2833.5967399060646,
              14379.564835862604
            ],
            [
              2824.8221220028363,
              14365.776150586102
            ],
            [
              2794.737717763196,
              14343.212847406372
            ],
            [
              2779.6955156433764,
              14334.856068450918
            ],
            [
              2751.282467194828,
              14326.917128443234
            ],
            [
              2724.0311563180653,
              14310.793436174483
            ]
          ]
        ]
      },
      "properties": {
        "annotation_id": "42_GP3_44",
        "label": "GP4",
        "probabilities": {
          "GP3": 0,
          "GP4": 1,
          "GP5": 0,
          "Benign": 0
        },
        "tags": []
      }
    },
    {
      "type": "Feature",
      "geometry": {
        "type": "Polygon",
        "coordinates": [
          [
            [
              1777,
              14619
            ],
            [
              1781.1351834474976,
              14524.717817397053
            ],
            [
              1806.2640270283066,
              14527.750608863704
            ],
            [
              1829.2158547266363,
              14521.739415895094
            ],
            [
              1843.970601104134,
              14523.925304247314
            ],
            [
              1874.0265659471845,
              14582.397817669249
            ],
            [
              1913.3725562871784,
              14627.755000977853
            ],
            [
              1941.7891048660626,
              14650.706828676184
            ],
            [
              1989.8786486149438,
              14662.729214613404
            ],
            [
              2012.8304763132735,
              14657.810965820905
            ],
            [
              2017.7487251057726,
              14652.892717028404
            ],
            [
              2029.2246389549375,
              14632.126777682297
            ],
            [
              2029.771111042993,
              14609.721422072023
            ],
            [
              2022.6669738982719,
              14574.200736348415
            ],
            [
              1988.2392323507775,
              14528.29708095176
            ],
            [
              1985.5068719105,
              14504.252309077316
            ],
            [
              1991.5180648791104,
              14486.765202259543
            ],
            [
              2034.6893598354923,
              14431.57152136594
            ],
            [
              2039.6076086279913,
              14414.63088663622
            ],
            [
              2035.7823040116032,
              14391.67905893789
            ],
            [
              2011.1910600491074,
              14334.845961780124
            ],
            [
              1983.8982466623418,
              14291.63234058441
            ],
            [
              1990,
              14285
            ],
            [
              2018,
              14215
            ],
            [
              2044,
              14192
            ],
            [
              2082,
              14192
            ],
            [
              2131,
              14205
            ],
            [
              2167,
              14226
            ],
            [
              2222,
              14272
            ],
            [
              2274,
              14288
            ],
            [
              2306,
              14306
            ],
            [
              2337,
              14348
            ],
            [
              2344,
              14378
            ],
            [
              2272,
              14452
            ],
            [
              2266,
              14463
            ],
            [
              2261,
              14525
            ],
            [
              2188,
              14583
            ],
            [
              2192,
              14646
            ],
            [
              2199,
              14659
            ],
            [
              2196,
              14706
            ],
            [
              2151,
              14735
            ],
            [
              2111,
              14775
            ],
            [
              2055,
              14810
            ],
            [
              2005,
              14811
            ],
            [
              1979,
              14806
            ],
            [
              1963,
              14790
            ],
            [
              1959,
              14777
            ],
            [
              1911,
              14760
            ],
            [
              1858,
              14725
            ],
            [
              1815,
              14680
            ],
            [
              1777,
              14619
            ]
          ]
        ]
      },
      "properties": {
        "annotation_id": "42_GP3_45",
        "label": "GP4",
        "probabilities": {
          "GP3": 0.0,
          "GP4": 0.95,
          "GP5": 0.05,
          "Benign": 0.0
        },
        "tags": []
      }
    },
    {
      "type": "Feature",
      "geometry": {
        "type": "Polygon",
        "coordinates": [
          [
            [
              2818,
              13510
            ],
            [
              2810,
              13521
            ],
            [
              2751,
              13545
            ],
            [
              2672,
              13627
            ],
            [
              2590,
              13659
            ],
            [
              2569,
              13680
            ],
            [
              2575,
              13695
            ],
            [
              2625,
              13708
            ],
            [
              2778,
              13725
            ],
            [
              2699,
              13766
            ],
            [
              2670,
              13842
            ],
            [
              2632,
              13893
            ],
            [
              2615,
              13952
            ],
            [
              2613,
              14031
            ],
            [
              2621,
              14064
            ],
            [
              2637,
              14084
            ],
            [
              2726,
              14082
            ],
            [
              2798,
              14053
            ],
            [
              2854,
              14010
            ],
            [
              2873,
              13966
            ],
            [
              2871,
              13894
            ],
            [
              2850,
              13863
            ],
            [
              2779,
              13827
            ],
            [
              2777,
              13804
            ],
            [
              2796,
              13794
            ],
            [
              2859,
              13792
            ],
            [
              2871,
              13767
            ],
            [
              2927,
              13724
            ],
            [
              2955,
              13691
            ],
            [
              2969,
              13874
            ],
            [
              2989,
              13883
            ],
            [
              3003,
              13867
            ],
            [
              3003,
              13839
            ],
            [
              2985,
              13795
            ],
            [
              2989,
              13705
            ],
            [
              2964,
              13673
            ],
            [
              2917,
              13636
            ],
            [
              2799,
              13582
            ],
            [
              2801,
              13550
            ],
            [
              2831.9882437842725,
              13538.67026117716
            ],
            [
              2818,
              13510
            ]
          ]
        ]
      },
      "properties": {
        "annotation_id": "42_GP3_47",
        "label": "GP4",
        "probabilities": {
          "GP3": 0,
          "GP4": 1,
          "GP5": 0,
          "Benign": 0
        },
        "tags": []
      }
    },
    {
      "type": "Feature",
      "geometry": {
        "type": "Polygon",
        "coordinates": [
          [
            [
              2675.627211658791,
              10668.693166764677
            ],
            [
              2614.627211658791,
              10530.693166764677
            ],
            [
              2473.627211658791,
              10349.693166764677
            ],
            [
              2354.627211658791,
              10291.693166764677
            ],
            [
              2244.627211658791,
              10262.693166764677
            ],
            [
              2183.627211658791,
              10262.693166764677
            ],
            [
              1712.627211658791,
              10489.693166764677
            ],
            [
              1648.627211658791,
              10502.693166764677
            ],
            [
              1418.627211658791,
              10507.693166764677
            ],
            [
              1324.627211658791,
              10534.693166764677
            ],
            [
              1288.627211658791,
              10577.693166764677
            ],
            [
              1269.627211658791,
              10631.693166764677
            ],
            [
              1264.627211658791,
              10774.693166764677
            ],
            [
              1338.627211658791,
              11067.693166764677
            ],
            [
              1372.627211658791,
              11051.693166764677
            ],
            [
              1767.627211658791,
              11067.693166764677
            ],
            [
              1976.627211658791,
              11002.693166764677
            ],
            [
              2178.627211658791,
              10962.693166764677
            ],
            [
              2350.627211658791,
              10878.693166764677
            ],
            [
              2402.627211658791,
              10878.693166764677
            ],
            [
              2464.627211658791,
              10902.693166764677
            ],
            [
              2516.627211658791,
              10902.693166764677
            ],
            [
              2565.627211658791,
              10886.693166764677
            ],
            [
              2618.627211658791,
              10849.693166764677
            ],
            [
              2675.627211658791,
              10748.693166764677
            ],
            [
              2675.627211658791,
              10668.693166764677
            ]
          ]
        ]
      },
      "properties": {
        "annotation_id": "42_GP3_48",
        "label": "GP4",
        "probabilities": {
          "GP3": 0,
          "GP4": 1,
          "GP5": 0,
          "Benign": 0
        },
        "tags": []
      }
    },
    {
      "type": "Feature",
      "geometry": {
        "type": "Polygon",
        "coordinates": [
          [
            [
              1345.0,
              10214.0
            ],
            [
              1340.0,
              10281.0
            ],
            [
              1334.0,
              10289.0
            ],
            [
              1332.0,
              10372.0
            ],
            [
              1344.0,
              10421.0
            ],
            [
              1434.0,
              10418.0
            ],
            [
              1576.0,
              10394.0
            ],
            [
              1714.0,
              10393.0
            ],
            [
              1753.0,
              10383.0
            ],
            [
              1783.0,
              10367.0
            ],
            [
              1815.0,
              10362.0
            ],
            [
              1834.0,
              10344.0
            ],
            [
              1834.0,
              10320.0
            ],
            [
              1822.0,
              10308.0
            ],
            [
              1713.0,
              10279.0
            ],
            [
              1682.0,
              10258.0
            ],
            [
              1657.0,
              10216.0
            ],
            [
              1620.0,
              10192.0
            ],
            [
              1585.0,
              10180.0
            ],
            [
              1586.0,
              10175.0
            ],
            [
              1604.0,
              10168.0
            ],
            [
              1624.0,
              10151.0
            ],
            [
              1621.0,
              10109.0
            ],
            [
              1596.0,
              10091.0
            ],
            [
              1532.0,
              10079.0
            ],
            [
              1502.0,
              10079.0
            ],
            [
              1476.0,
              10091.0
            ],
            [
              1419.0,
              10100.0
            ],
            [
              1403.0,
              10109.0
            ],
            [
              1379.0,
              10133.0
            ],
            [
              1365.0,
              10158.0
            ],
            [
              1345.0,
              10214.0
            ]
          ]
        ]
      },
      "properties": {
        "annotation_id": "42_GP3_49",
        "label": "GP5",
        "probabilities": {
          "GP3": 0,
          "GP4": 0,
          "GP5": 1,
          "Benign": 0
        },
        "tags": []
      }
    },
    {
      "type": "Feature",
      "geometry": {
        "type": "Polygon",
        "coordinates": [
          [
            [
              1446.0,
              9043.0
            ],
            [
              1417.0,
              9033.0
            ],
            [
              1316.0,
              9033.0
            ],
            [
              1284.0,
              9038.0
            ],
            [
              1254.0,
              9054.0
            ],
            [
              1248.0,
              9063.0
            ],
            [
              1235.0,
              9070.0
            ],
            [
              1181.0,
              9127.0
            ],
            [
              1170.0,
              9147.0
            ],
            [
              1165.0,
              9173.0
            ],
            [
              1166.0,
              9347.0
            ],
            [
              1217.0,
              9368.0
            ],
            [
              1228.0,
              9368.0
            ],
            [
              1264.0,
              9330.0
            ],
            [
              1274.0,
              9312.0
            ],
            [
              1274.0,
              9305.0
            ],
            [
              1299.0,
              9272.0
            ],
            [
              1316.0,
              9260.0
            ],
            [
              1337.0,
              9237.0
            ],
            [
              1373.0,
              9217.0
            ],
            [
              1392.0,
              9200.0
            ],
            [
              1399.0,
              9186.0
            ],
            [
              1413.0,
              9180.0
            ],
            [
              1433.0,
              9163.0
            ],
            [
              1441.0,
              9149.0
            ],
            [
              1458.0,
              9132.0
            ],
            [
              1460.0,
              9125.0
            ],
            [
              1460.0,
              9059.0
            ],
            [
              1446.0,
              9043.0
            ]
          ]
        ]
      },
      "properties": {
        "annotation_id": "42_GP3_51",
        "label": "GP3",
        "probabilities": null,
        "tags": []
      }
    },
    {
      "type": "Feature",
      "geometry": {
        "type": "Polygon",
        "coordinates": [
          [
            [
              1413.0,
              8834.0
            ],
            [
              1413.0,
              8865.0
            ],
            [
              1418.0,
              8868.0
            ],
            [
              1418.0,
              8872.0
            ],
            [
              1427.0,
              8877.0
            ],
            [
              1442.0,
              8892.0
            ],
            [
              1446.0,
              8892.0
            ],
            [
              1452.0,
              8897.0
            ],
            [
              1457.0,
              8897.0
            ],
            [
              1464.0,
              8903.0
            ],
            [
              1470.0,
              8905.0
            ],
            [
              1474.0,
              8908.0
            ],
            [
              1528.0,
              8908.0
            ],
            [
              1531.0,
              8903.0
            ],
            [
              1541.0,
              8900.0
            ],
            [
              1545.0,
              8895.0
            ],
            [
              1548.0,
              8894.0
            ],
            [
              1555.0,
              8887.0
            ],
            [
              1560.0,
              8885.0
            ],
            [
              1552.0,
              8855.0
            ],
            [
              1548.0,
              8854.0
            ],
            [
              1543.0,
              8848.0
            ],
            [
              1534.0,
              8846.0
            ],
            [
              1530.0,
              8841.0
            ],
            [
              1519.0,
              8838.0
            ],
            [
              1512.0,
              8832.0
            ],
            [
              1500.0,
              8827.0
            ],
            [
              1490.0,
              8820.0
            ],
            [
              1484.0,
              8820.0
            ],
            [
              1480.0,
              8818.0
            ],
            [
              1474.0,
              8812.0
            ],
            [
              1453.0,
              8812.0
            ],
            [
              1450.0,
              8814.0
            ],
            [
              1443.0,
              8814.0
            ],
            [
              1433.0,
              8820.0
            ],
            [
              1430.0,
              8820.0
            ],
            [
              1428.0,
              8824.0
            ],
            [
              1424.0,
              8825.0
            ],
            [
              1413.0,
              8834.0
            ]
          ]
        ]
      },
      "properties": {
        "annotation_id": "42_GP3_52",
        "label": "GP3",
        "probabilities": null,
        "tags": []
      }
    },
    {
      "type": "Feature",
      "geometry": {
        "type": "Polygon",
        "coordinates": [
          [
            [
              1041.0,
              7677.0
            ],
            [
              1025.0,
              7683.0
            ],
            [
              1008.0,
              7705.0
            ],
            [
              992.0,
              7766.0
            ],
            [
              995.0,
              8064.0
            ],
            [
              973.0,
              8142.0
            ],
            [
              973.0,
              8238.0
            ],
            [
              992.0,
              8290.0
            ],
            [
              1000.0,
              8345.0
            ],
            [
              1000.0,
              8475.0
            ],
            [
              1033.0,
              8588.0
            ],
            [
              1041.0,
              8677.0
            ],
            [
              1076.0,
              8712.0
            ],
            [
              1084.0,
              8695.0
            ],
            [
              1155.0,
              8652.0
            ],
            [
              1313.0,
              8581.0
            ],
            [
              1349.0,
              8534.0
            ],
            [
              1387.0,
              8504.0
            ],
            [
              1430.0,
              8396.0
            ],
            [
              1433.0,
              8325.0
            ],
            [
              1387.0,
              8278.0
            ],
            [
              1352.0,
              8213.0
            ],
            [
              1309.0,
              8025.0
            ],
            [
              1305.0,
              7969.0
            ],
            [
              1223.0,
              7734.0
            ],
            [
              1211.0,
              7720.0
            ],
            [
              1164.0,
              7696.0
            ],
            [
              1087.0,
              7677.0
            ],
            [
              1041.0,
              7677.0
            ]
          ]
        ]
      },
      "properties": {
        "annotation_id": "42_GP3_54",
        "label": "GP4",
        "probabilities": {
          "GP3": 0.05,
          "GP4": 0.95,
          "GP5": 0.0,
          "Benign": 0.0
        },
        "tags": []
      }
    },
    {
      "type": "Feature",
      "geometry": {
        "type": "Polygon",
        "coordinates": [
          [
            [
              1010.1012102953542,
              7167.613242231021
            ],
            [
              1016,
              7156
            ],
            [
              1169,
              6998
            ],
            [
              1215,
              6982
            ],
            [
              1394,
              7077
            ],
            [
              1544,
              7058
            ],
            [
              1608,
              7074
            ],
            [
              1661,
              7119
            ],
            [
              1797,
              7335
            ],
            [
              1899,
              7408
            ],
            [
              2010,
              7427
            ],
            [
              2287,
              7432
            ],
            [
              2335,
              7492
            ],
            [
              2335,
              7530
            ],
            [
              2310,
              7576
            ],
            [
              2221,
              7612
            ],
            [
              2219,
              7659
            ],
            [
              2489,
              7766
            ],
            [
              2473,
              7964
            ],
            [
              2447,
              8035
            ],
            [
              2297,
              8145
            ],
            [
              2211,
              8180
            ],
            [
              2135,
              8175
            ],
            [
              1940,
              8115
            ],
            [
              1835,
              8115
            ],
            [
              1832,
              8290
            ],
            [
              1815,
              8334
            ],
            [
              1776,
              8369
            ],
            [
              1672,
              8371
            ],
            [
              1597,
              8416
            ],
            [
              1520,
              8327
            ],
            [
              1485,
              8230
            ],
            [
              1496,
              8179
            ],
            [
              1558,
              8107
            ],
            [
              1557,
              8030
            ],
            [
              1438,
              8150
            ],
            [
              1385,
              8140
            ],
            [
              1353,
              8092
            ],
            [
              1364,
              7994
            ],
            [
              1315,
              7887
            ],
            [
              1313,
              7786
            ],
            [
              1397,
              7658
            ],
            [
              1399,
              7624
            ],
            [
              1341,
              7536
            ],
            [
              1202,
              7502
            ],
            [
              1148,
              7463
            ],
            [
              1159,
              7350
            ],
            [
              1085.4182893206769,
              7319.044935507319
            ],
            [
              1086.5688918670216,
              7318.044411553976
            ],
            [
              1117.6787364225659,
              7277.005893204108
            ],
            [
              1124.2978522854478,
              7265.091484650921
            ],
            [
              1126.9454986306005,
              7255.162810856598
            ],
            [
              1126.9454986306005,
              7245.896048648564
            ],
            [
              1118.3406480088543,
              7202.209883953545
            ],
            [
              1110.397708973396,
              7182.352536364899
            ],
            [
              1103.116681524226,
              7174.409597329441
            ],
            [
              1068.6972790372406,
              7158.523719258525
            ],
            [
              1046.8541966897308,
              7157.199896085948
            ],
            [
              1010.1012102953542,
              7167.613242231021
            ]
          ]
        ]
      },
      "properties": {
        "annotation_id": "42_GP3_55",
        "label": "GP4",
        "probabilities": {
          "GP3": 0.05,
          "GP4": 0.9,
          "GP5": 0.05,
          "Benign": 0.0
        },
        "tags": []
      }
    },
    {
      "type": "Feature",
      "geometry": {
        "type": "Polygon",
        "coordinates": [
          [
            [
              1230.0,
              6243.0
            ],
            [
              1230.0,
              6262.0
            ],
            [
              1233.0,
              6265.0
            ],
            [
              1233.0,
              6269.0
            ],
            [
              1264.0,
              6301.0
            ],
            [
              1273.0,
              6304.0
            ],
            [
              1305.0,
              6329.0
            ],
            [
              1334.0,
              6342.0
            ],
            [
              1340.0,
              6348.0
            ],
            [
              1346.0,
              6348.0
            ],
            [
              1358.0,
              6354.0
            ],
            [
              1377.0,
              6353.0
            ],
            [
              1409.0,
              6345.0
            ],
            [
              1417.0,
              6324.0
            ],
            [
              1422.0,
              6320.0
            ],
            [
              1422.0,
              6313.0
            ],
            [
              1437.0,
              6301.0
            ],
            [
              1450.0,
              6301.0
            ],
            [
              1455.0,
              6305.0
            ],
            [
              1468.0,
              6309.0
            ],
            [
              1488.0,
              6309.0
            ],
            [
              1507.0,
              6292.0
            ],
            [
              1507.0,
              6269.0
            ],
            [
              1504.0,
              6263.0
            ],
            [
              1494.0,
              6252.0
            ],
            [
              1481.0,
              6244.0
            ],
            [
              1479.0,
              6239.0
            ],
            [
              1465.0,
              6232.0
            ],
            [
              1457.0,
              6225.0
            ],
            [
              1432.0,
              6225.0
            ],
            [
              1425.0,
              6227.0
            ],
            [
              1402.0,
              6254.0
            ],
            [
              1386.0,
              6254.0
            ],
            [
              1354.0,
              6246.0
            ],
            [
              1317.0,
              6230.0
            ],
            [
              1303.0,
              6221.0
            ],
            [
              1287.0,
              6216.0
            ],
            [
              1262.0,
              6216.0
            ],
            [
              1234.0,
              6234.0
            ],
            [
              1230.0,
              6243.0
            ]
          ]
        ]
      },
      "properties": {
        "annotation_id": "42_GP3_56",
        "label": "GP3",
        "probabilities": null,
        "tags": []
      }
    },
    {
      "type": "Feature",
      "geometry": {
        "type": "Polygon",
        "coordinates": [
          [
            [
              1118.0,
              5944.0
            ],
            [
              1118.0,
              5966.0
            ],
            [
              1121.0,
              5969.0
            ],
            [
              1121.0,
              5971.0
            ],
            [
              1131.0,
              5981.0
            ],
            [
              1142.0,
              5985.0
            ],
            [
              1146.0,
              5988.0
            ],
            [
              1152.0,
              5989.0
            ],
            [
              1160.0,
              5994.0
            ],
            [
              1166.0,
              5994.0
            ],
            [
              1171.0,
              5998.0
            ],
            [
              1176.0,
              5998.0
            ],
            [
              1181.0,
              6001.0
            ],
            [
              1190.0,
              6003.0
            ],
            [
              1197.0,
              6007.0
            ],
            [
              1221.0,
              6008.0
            ],
            [
              1224.0,
              6010.0
            ],
            [
              1231.0,
              6010.0
            ],
            [
              1235.0,
              6014.0
            ],
            [
              1252.0,
              6016.0
            ],
            [
              1259.0,
              6019.0
            ],
            [
              1260.0,
              6018.0
            ],
            [
              1257.0,
              6016.0
            ],
            [
              1257.0,
              6014.0
            ],
            [
              1265.0,
              6010.0
            ],
            [
              1278.0,
              5995.0
            ],
            [
              1278.0,
              5991.0
            ],
            [
              1280.0,
              5989.0
            ],
            [
              1280.0,
              5956.0
            ],
            [
              1278.0,
              5953.0
            ],
            [
              1278.0,
              5950.0
            ],
            [
              1272.0,
              5944.0
            ],
            [
              1270.0,
              5938.0
            ],
            [
              1264.0,
              5933.0
            ],
            [
              1255.0,
              5932.0
            ],
            [
              1252.0,
              5930.0
            ],
            [
              1139.0,
              5930.0
            ],
            [
              1131.0,
              5935.0
            ],
            [
              1128.0,
              5935.0
            ],
            [
              1118.0,
              5944.0
            ]
          ]
        ]
      },
      "properties": {
        "annotation_id": "42_GP3_57",
        "label": "GP3",
        "probabilities": null,
        "tags": []
      }
    },
    {
      "type": "Feature",
      "geometry": {
        "type": "Polygon",
        "coordinates": [
          [
            [
              1460.0,
              5936.0
            ],
            [
              1460.0,
              5944.0
            ],
            [
              1467.0,
              5949.0
            ],
            [
              1505.0,
              5963.0
            ],
            [
              1510.0,
              5969.0
            ],
            [
              1519.0,
              5971.0
            ],
            [
              1529.0,
              5979.0
            ],
            [
              1615.0,
              5992.0
            ],
            [
              1634.0,
              5992.0
            ],
            [
              1643.0,
              5998.0
            ],
            [
              1656.0,
              5999.0
            ],
            [
              1710.0,
              6016.0
            ],
            [
              1754.0,
              6016.0
            ],
            [
              1797.0,
              5997.0
            ],
            [
              1849.0,
              5959.0
            ],
            [
              1857.0,
              5940.0
            ],
            [
              1857.0,
              5909.0
            ],
            [
              1846.0,
              5892.0
            ],
            [
              1846.0,
              5885.0
            ],
            [
              1840.0,
              5876.0
            ],
            [
              1824.0,
              5861.0
            ],
            [
              1630.0,
              5861.0
            ],
            [
              1620.0,
              5866.0
            ],
            [
              1599.0,
              5870.0
            ],
            [
              1591.0,
              5875.0
            ],
            [
              1557.0,
              5877.0
            ],
            [
              1498.0,
              5897.0
            ],
            [
              1472.0,
              5917.0
            ],
            [
              1460.0,
              5936.0
            ]
          ]
        ]
      },
      "properties": {
        "annotation_id": "42_GP3_58",
        "label": "GP4",
        "probabilities": {
          "GP3": 0.2,
          "GP4": 0.8,
          "GP5": 0.0,
          "Benign": 0.0
        },
        "tags": []
      }
    },
    {
      "type": "Feature",
      "geometry": {
        "type": "Polygon",
        "coordinates": [
          [
            [
              1305.0,
              5559.0
            ],
            [
              1405.0,
              5628.0
            ],
            [
              1530.0,
              5671.0
            ],
            [
              1662.0,
              5732.0
            ],
            [
              1803.0,
              5735.0
            ],
            [
              1867.0,
              5714.0
            ],
            [
              1985.0,
              5735.0
            ],
            [
              2024.0,
              5735.0
            ],
            [
              2126.0,
              5667.0
            ],
            [
              2149.0,
              5621.0
            ],
            [
              2207.0,
              5552.0
            ],
            [
              2211.0,
              5527.0
            ],
            [
              2198.0,
              5517.0
            ],
            [
              2147.0,
              5516.0
            ],
            [
              2061.0,
              5568.0
            ],
            [
              2010.0,
              5561.0
            ],
            [
              1890.0,
              5568.0
            ],
            [
              1840.0,
              5555.0
            ],
            [
              1810.0,
              5555.0
            ],
            [
              1693.0,
              5613.0
            ],
            [
              1670.0,
              5613.0
            ],
            [
              1614.0,
              5571.0
            ],
            [
              1579.0,
              5555.0
            ],
            [
              1443.0,
              5523.0
            ],
            [
              1371.0,
              5479.0
            ],
            [
              1343.0,
              5474.0
            ],
            [
              1327.0,
              5483.0
            ],
            [
              1313.0,
              5503.0
            ],
            [
              1305.0,
              5527.0
            ],
            [
              1305.0,
              5559.0
            ]
          ]
        ]
      },
      "properties": {
        "annotation_id": "42_GP3_59",
        "label": "GP3",
        "probabilities": null,
        "tags": []
      }
    },
    {
      "type": "Feature",
      "geometry": {
        "type": "Polygon",
        "coordinates": [
          [
            [
              2128.0,
              4830.0
            ],
            [
              2044.0,
              4830.0
            ],
            [
              1930.0,
              4873.0
            ],
            [
              1900.0,
              4893.0
            ],
            [
              1851.0,
              4906.0
            ],
            [
              1828.0,
              4922.0
            ],
            [
              1799.0,
              4957.0
            ],
            [
              1763.0,
              5015.0
            ],
            [
              1745.0,
              5085.0
            ],
            [
              1745.0,
              5129.0
            ],
            [
              1789.0,
              5190.0
            ],
            [
              1864.0,
              5263.0
            ],
            [
              1904.0,
              5291.0
            ],
            [
              1935.0,
              5305.0
            ],
            [
              1983.0,
              5287.0
            ],
            [
              1990.0,
              5278.0
            ],
            [
              1990.0,
              5223.0
            ],
            [
              1983.0,
              5205.0
            ],
            [
              1983.0,
              5116.0
            ],
            [
              1990.0,
              5092.0
            ],
            [
              2019.0,
              5038.0
            ],
            [
              2050.0,
              5018.0
            ],
            [
              2096.0,
              4976.0
            ],
            [
              2133.0,
              4921.0
            ],
            [
              2142.0,
              4882.0
            ],
            [
              2142.0,
              4843.0
            ],
            [
              2128.0,
              4830.0
            ]
          ]
        ]
      },
      "properties": {
        "annotation_id": "42_GP3_60",
        "label": "GP3",
        "probabilities": null,
        "tags": []
      }
    },
    {
      "type": "Feature",
      "geometry": {
        "type": "Polygon",
        "coordinates": [
          [
            [
              979.0,
              3803.0
            ],
            [
              959.0,
              3803.0
            ],
            [
              952.0,
              3806.0
            ],
            [
              941.0,
              3806.0
            ],
            [
              924.0,
              3814.0
            ],
            [
              917.0,
              3820.0
            ],
            [
              908.0,
              3831.0
            ],
            [
              908.0,
              3834.0
            ],
            [
              906.0,
              3836.0
            ],
            [
              906.0,
              3840.0
            ],
            [
              904.0,
              3842.0
            ],
            [
              904.0,
              3864.0
            ],
            [
              906.0,
              3866.0
            ],
            [
              906.0,
              3871.0
            ],
            [
              908.0,
              3873.0
            ],
            [
              908.0,
              3875.0
            ],
            [
              910.0,
              3878.0
            ],
            [
              910.0,
              3882.0
            ],
            [
              913.0,
              3885.0
            ],
            [
              914.0,
              3888.0
            ],
            [
              925.0,
              3899.0
            ],
            [
              932.0,
              3902.0
            ],
            [
              933.0,
              3904.0
            ],
            [
              937.0,
              3907.0
            ],
            [
              976.0,
              3907.0
            ],
            [
              979.0,
              3904.0
            ],
            [
              986.0,
              3901.0
            ],
            [
              990.0,
              3898.0
            ],
            [
              993.0,
              3898.0
            ],
            [
              994.0,
              3897.0
            ],
            [
              994.0,
              3895.0
            ],
            [
              999.0,
              3890.0
            ],
            [
              1002.0,
              3880.0
            ],
            [
              1008.0,
              3872.0
            ],
            [
              1008.0,
              3847.0
            ],
            [
              1007.0,
              3846.0
            ],
            [
              1007.0,
              3841.0
            ],
            [
              1005.0,
              3839.0
            ],
            [
              1005.0,
              3834.0
            ],
            [
              999.0,
              3826.0
            ],
            [
              999.0,
              3823.0
            ],
            [
              994.0,
              3816.0
            ],
            [
              985.0,
              3806.0
            ],
            [
              979.0,
              3803.0
            ]
          ]
        ]
      },
      "properties": {
        "annotation_id": "42_GP3_61",
        "label": "GP3",
        "probabilities": null,
        "tags": []
      }
    },
    {
      "type": "Feature",
      "geometry": {
        "type": "Polygon",
        "coordinates": [
          [
            [
              1228.0,
              3767.0
            ],
            [
              1203.0,
              3768.0
            ],
            [
              1193.0,
              3774.0
            ],
            [
              1189.0,
              3774.0
            ],
            [
              1185.0,
              3777.0
            ],
            [
              1180.0,
              3777.0
            ],
            [
              1169.0,
              3785.0
            ],
            [
              1165.0,
              3786.0
            ],
            [
              1161.0,
              3790.0
            ],
            [
              1145.0,
              3798.0
            ],
            [
              1139.0,
              3805.0
            ],
            [
              1136.0,
              3806.0
            ],
            [
              1129.0,
              3813.0
            ],
            [
              1129.0,
              3817.0
            ],
            [
              1125.0,
              3821.0
            ],
            [
              1122.0,
              3834.0
            ],
            [
              1120.0,
              3836.0
            ],
            [
              1120.0,
              3843.0
            ],
            [
              1116.0,
              3849.0
            ],
            [
              1116.0,
              3861.0
            ],
            [
              1114.0,
              3863.0
            ],
            [
              1114.0,
              3879.0
            ],
            [
              1116.0,
              3881.0
            ],
            [
              1200.0,
              3880.0
            ],
            [
              1222.0,
              3892.0
            ],
            [
              1239.0,
              3892.0
            ],
            [
              1245.0,
              3883.0
            ],
            [
              1245.0,
              3877.0
            ],
            [
              1248.0,
              3874.0
            ],
            [
              1251.0,
              3868.0
            ],
            [
              1251.0,
              3862.0
            ],
            [
              1254.0,
              3860.0
            ],
            [
              1254.0,
              3857.0
            ],
            [
              1256.0,
              3855.0
            ],
            [
              1256.0,
              3828.0
            ],
            [
              1254.0,
              3824.0
            ],
            [
              1254.0,
              3816.0
            ],
            [
              1249.0,
              3810.0
            ],
            [
              1249.0,
              3805.0
            ],
            [
              1242.0,
              3794.0
            ],
            [
              1242.0,
              3790.0
            ],
            [
              1238.0,
              3786.0
            ],
            [
              1238.0,
              3784.0
            ],
            [
              1234.0,
              3779.0
            ],
            [
              1233.0,
              3774.0
            ],
            [
              1228.0,
              3767.0
            ]
          ]
        ]
      },
      "properties": {
        "annotation_id": "42_GP3_62",
        "label": "GP3",
        "probabilities": null,
        "tags": []
      }
    },
    {
      "type": "Feature",
      "geometry": {
        "type": "Polygon",
        "coordinates": [
          [
            [
              1112.0,
              3745.0
            ],
            [
              1100.0,
              3740.0
            ],
            [
              1080.0,
              3740.0
            ],
            [
              1070.0,
              3748.0
            ],
            [
              1070.0,
              3750.0
            ],
            [
              1066.0,
              3754.0
            ],
            [
              1061.0,
              3765.0
            ],
            [
              1058.0,
              3767.0
            ],
            [
              1058.0,
              3769.0
            ],
            [
              1040.0,
              3794.0
            ],
            [
              1039.0,
              3798.0
            ],
            [
              1034.0,
              3806.0
            ],
            [
              1034.0,
              3841.0
            ],
            [
              1035.0,
              3842.0
            ],
            [
              1035.0,
              3848.0
            ],
            [
              1039.0,
              3855.0
            ],
            [
              1039.0,
              3858.0
            ],
            [
              1045.0,
              3865.0
            ],
            [
              1052.0,
              3866.0
            ],
            [
              1060.0,
              3857.0
            ],
            [
              1067.0,
              3855.0
            ],
            [
              1073.0,
              3850.0
            ],
            [
              1082.0,
              3840.0
            ],
            [
              1083.0,
              3836.0
            ],
            [
              1089.0,
              3826.0
            ],
            [
              1089.0,
              3824.0
            ],
            [
              1093.0,
              3819.0
            ],
            [
              1101.0,
              3814.0
            ],
            [
              1106.0,
              3814.0
            ],
            [
              1110.0,
              3811.0
            ],
            [
              1118.0,
              3808.0
            ],
            [
              1124.0,
              3802.0
            ],
            [
              1128.0,
              3801.0
            ],
            [
              1135.0,
              3795.0
            ],
            [
              1136.0,
              3788.0
            ],
            [
              1138.0,
              3786.0
            ],
            [
              1138.0,
              3771.0
            ],
            [
              1112.0,
              3745.0
            ]
          ]
        ]
      },
      "properties": {
        "annotation_id": "42_GP3_63",
        "label": "GP4",
        "probabilities": {
          "GP3": 0,
          "GP4": 1,
          "GP5": 0,
          "Benign": 0
        },
        "tags": []
      }
    },
    {
      "type": "Feature",
      "geometry": {
        "type": "Polygon",
        "coordinates": [
          [
            [
              1355.0,
              3249.0
            ],
            [
              1333.0,
              3271.0
            ],
            [
              1333.0,
              3274.0
            ],
            [
              1324.0,
              3286.0
            ],
            [
              1324.0,
              3291.0
            ],
            [
              1322.0,
              3293.0
            ],
            [
              1322.0,
              3328.0
            ],
            [
              1326.0,
              3331.0
            ],
            [
              1326.0,
              3347.0
            ],
            [
              1331.0,
              3353.0
            ],
            [
              1333.0,
              3361.0
            ],
            [
              1340.0,
              3369.0
            ],
            [
              1344.0,
              3370.0
            ],
            [
              1348.0,
              3375.0
            ],
            [
              1354.0,
              3375.0
            ],
            [
              1366.0,
              3380.0
            ],
            [
              1396.0,
              3380.0
            ],
            [
              1399.0,
              3378.0
            ],
            [
              1419.0,
              3377.0
            ],
            [
              1426.0,
              3374.0
            ],
            [
              1431.0,
              3367.0
            ],
            [
              1437.0,
              3352.0
            ],
            [
              1437.0,
              3349.0
            ],
            [
              1435.0,
              3347.0
            ],
            [
              1433.0,
              3338.0
            ],
            [
              1430.0,
              3336.0
            ],
            [
              1430.0,
              3324.0
            ],
            [
              1424.0,
              3314.0
            ],
            [
              1423.0,
              3305.0
            ],
            [
              1417.0,
              3299.0
            ],
            [
              1417.0,
              3293.0
            ],
            [
              1415.0,
              3291.0
            ],
            [
              1415.0,
              3286.0
            ],
            [
              1410.0,
              3278.0
            ],
            [
              1410.0,
              3274.0
            ],
            [
              1406.0,
              3271.0
            ],
            [
              1406.0,
              3266.0
            ],
            [
              1403.0,
              3264.0
            ],
            [
              1399.0,
              3258.0
            ],
            [
              1399.0,
              3255.0
            ],
            [
              1390.0,
              3246.0
            ],
            [
              1362.0,
              3246.0
            ],
            [
              1355.0,
              3249.0
            ]
          ]
        ]
      },
      "properties": {
        "annotation_id": "42_GP3_65",
        "label": "GP3",
        "probabilities": null,
        "tags": []
      }
    },
    {
      "type": "Feature",
      "geometry": {
        "type": "Polygon",
        "coordinates": [
          [
            [
              1195.0,
              2990.0
            ],
            [
              645.0,
              2864.0
            ],
            [
              527.0,
              2867.0
            ],
            [
              420.0,
              2909.0
            ],
            [
              385.0,
              2938.0
            ],
            [
              356.0,
              3012.0
            ],
            [
              356.0,
              3138.0
            ],
            [
              331.0,
              3269.0
            ],
            [
              354.0,
              3351.0
            ],
            [
              356.0,
              3439.0
            ],
            [
              398.0,
              3530.0
            ],
            [
              389.0,
              3701.0
            ],
            [
              439.0,
              3862.0
            ],
            [
              450.0,
              3967.0
            ],
            [
              506.0,
              4175.0
            ],
            [
              541.0,
              4214.0
            ],
            [
              585.0,
              4214.0
            ],
            [
              646.0,
              4191.0
            ],
            [
              733.0,
              4189.0
            ],
            [
              788.0,
              4152.0
            ],
            [
              808.0,
              4118.0
            ],
            [
              808.0,
              4053.0
            ],
            [
              764.0,
              3964.0
            ],
            [
              760.0,
              3879.0
            ],
            [
              864.0,
              3790.0
            ],
            [
              906.0,
              3713.0
            ],
            [
              1017.0,
              3640.0
            ],
            [
              1146.0,
              3584.0
            ],
            [
              1224.0,
              3502.0
            ],
            [
              1227.0,
              3444.0
            ],
            [
              1193.0,
              3381.0
            ],
            [
              1173.0,
              3284.0
            ],
            [
              1180.0,
              3153.0
            ],
            [
              1218.0,
              3019.0
            ],
            [
              1195.0,
              2990.0
            ]
          ]
        ]
      },
      "properties": {
        "annotation_id": "42_GP3_66",
        "label": "GP4",
        "probabilities": {
          "GP3": 0,
          "GP4": 1,
          "GP5": 0,
          "Benign": 0
        },
        "tags": []
      }
    },
    {
      "type": "Feature",
      "geometry": {
        "type": "Polygon",
        "coordinates": [
          [
            [
              1857.0,
              2334.0
            ],
            [
              1849.0,
              2343.0
            ],
            [
              1849.0,
              2357.0
            ],
            [
              1846.0,
              2360.0
            ],
            [
              1846.0,
              2410.0
            ],
            [
              1848.0,
              2413.0
            ],
            [
              1849.0,
              2421.0
            ],
            [
              1853.0,
              2426.0
            ],
            [
              1853.0,
              2432.0
            ],
            [
              1857.0,
              2435.0
            ],
            [
              1858.0,
              2441.0
            ],
            [
              1871.0,
              2465.0
            ],
            [
              1871.0,
              2471.0
            ],
            [
              1875.0,
              2474.0
            ],
            [
              1877.0,
              2486.0
            ],
            [
              1887.0,
              2505.0
            ],
            [
              1887.0,
              2508.0
            ],
            [
              1905.0,
              2516.0
            ],
            [
              1905.0,
              2531.0
            ],
            [
              1917.0,
              2543.0
            ],
            [
              1922.0,
              2543.0
            ],
            [
              1925.0,
              2545.0
            ],
            [
              1951.0,
              2545.0
            ],
            [
              1961.0,
              2533.0
            ],
            [
              1962.0,
              2529.0
            ],
            [
              1968.0,
              2524.0
            ],
            [
              1968.0,
              2520.0
            ],
            [
              1970.0,
              2518.0
            ],
            [
              1970.0,
              2502.0
            ],
            [
              1966.0,
              2499.0
            ],
            [
              1966.0,
              2495.0
            ],
            [
              1962.0,
              2491.0
            ],
            [
              1962.0,
              2487.0
            ],
            [
              1953.0,
              2473.0
            ],
            [
              1949.0,
              2471.0
            ],
            [
              1935.0,
              2457.0
            ],
            [
              1919.0,
              2432.0
            ],
            [
              1919.0,
              2428.0
            ],
            [
              1915.0,
              2424.0
            ],
            [
              1914.0,
              2413.0
            ],
            [
              1908.0,
              2399.0
            ],
            [
              1908.0,
              2390.0
            ],
            [
              1904.0,
              2387.0
            ],
            [
              1904.0,
              2375.0
            ],
            [
              1899.0,
              2360.0
            ],
            [
              1886.0,
              2347.0
            ],
            [
              1857.0,
              2334.0
            ]
          ]
        ]
      },
      "properties": {
        "annotation_id": "42_GP3_67",
        "label": "GP3",
        "probabilities": null,
        "tags": []
      }
    },
    {
      "type": "Feature",
      "geometry": {
        "type": "Polygon",
        "coordinates": [
          [
            [
              1690.0,
              2273.0
            ],
            [
              1687.0,
              2275.0
            ],
            [
              1687.0,
              2280.0
            ],
            [
              1685.0,
              2282.0
            ],
            [
              1685.0,
              2283.0
            ],
            [
              1683.0,
              2285.0
            ],
            [
              1681.0,
              2289.0
            ],
            [
              1681.0,
              2295.0
            ],
            [
              1679.0,
              2298.0
            ],
            [
              1679.0,
              2302.0
            ],
            [
              1678.0,
              2303.0
            ],
            [
              1678.0,
              2343.0
            ],
            [
              1679.0,
              2344.0
            ],
            [
              1711.0,
              2344.0
            ],
            [
              1714.0,
              2342.0
            ],
            [
              1716.0,
              2342.0
            ],
            [
              1718.0,
              2341.0
            ],
            [
              1720.0,
              2339.0
            ],
            [
              1720.0,
              2338.0
            ],
            [
              1722.0,
              2336.0
            ],
            [
              1722.0,
              2332.0
            ],
            [
              1725.0,
              2328.0
            ],
            [
              1725.0,
              2325.0
            ],
            [
              1728.0,
              2321.0
            ],
            [
              1731.0,
              2320.0
            ],
            [
              1733.0,
              2318.0
            ],
            [
              1734.0,
              2305.0
            ],
            [
              1736.0,
              2303.0
            ],
            [
              1736.0,
              2300.0
            ],
            [
              1738.0,
              2298.0
            ],
            [
              1738.0,
              2279.0
            ],
            [
              1736.0,
              2277.0
            ],
            [
              1734.0,
              2276.0
            ],
            [
              1732.0,
              2276.0
            ],
            [
              1729.0,
              2274.0
            ],
            [
              1717.0,
              2274.0
            ],
            [
              1716.0,
              2273.0
            ],
            [
              1690.0,
              2273.0
            ]
          ]
        ]
      },
      "properties": {
        "annotation_id": "42_GP3_68",
        "label": "GP3",
        "probabilities": null,
        "tags": []
      }
    },
    {
      "type": "Feature",
      "geometry": {
        "type": "Polygon",
        "coordinates": [
          [
            [
              856.0,
              1575.0
            ],
            [
              787.0,
              1712.0
            ],
            [
              775.0,
              1840.0
            ],
            [
              845.0,
              1949.0
            ],
            [
              953.0,
              2053.0
            ],
            [
              1276.0,
              2161.0
            ],
            [
              1309.0,
              2161.0
            ],
            [
              1333.0,
              2140.0
            ],
            [
              1320.0,
              2099.0
            ],
            [
              1328.0,
              2091.0
            ],
            [
              1479.0,
              2094.0
            ],
            [
              1600.0,
              2134.0
            ],
            [
              1659.0,
              2141.0
            ],
            [
              1689.0,
              2178.0
            ],
            [
              1929.0,
              2307.0
            ],
            [
              1980.0,
              2346.0
            ],
            [
              2028.0,
              2364.0
            ],
            [
              2078.0,
              2354.0
            ],
            [
              2080.0,
              2326.0
            ],
            [
              2047.0,
              2293.0
            ],
            [
              2047.0,
              2273.0
            ],
            [
              2116.0,
              2181.0
            ],
            [
              2090.0,
              2078.0
            ],
            [
              2016.0,
              1981.0
            ],
            [
              1908.0,
              1951.0
            ],
            [
              1832.0,
              1905.0
            ],
            [
              1750.0,
              1913.0
            ],
            [
              1704.0,
              1869.0
            ],
            [
              1644.0,
              1844.0
            ],
            [
              1583.0,
              1840.0
            ],
            [
              1568.0,
              1877.0
            ],
            [
              1540.0,
              1882.0
            ],
            [
              1509.0,
              1831.0
            ],
            [
              1467.0,
              1819.0
            ],
            [
              1374.0,
              1761.0
            ],
            [
              1373.0,
              1735.0
            ],
            [
              1425.0,
              1701.0
            ],
            [
              1429.0,
              1669.0
            ],
            [
              1281.0,
              1620.0
            ],
            [
              1231.0,
              1589.0
            ],
            [
              894.0,
              1556.0
            ],
            [
              856.0,
              1575.0
            ]
          ]
        ]
      },
      "properties": {
        "annotation_id": "42_GP3_70",
        "label": "GP4",
        "probabilities": {
          "GP3": 0.05,
          "GP4": 0.95,
          "GP5": 0.0,
          "Benign": 0.0
        },
        "tags": []
      }
    },
    {
      "type": "Feature",
      "geometry": {
        "type": "Polygon",
        "coordinates": [
          [
            [
              558.0,
              656.0
            ],
            [
              543.0,
              720.0
            ],
            [
              588.0,
              788.0
            ],
            [
              611.0,
              905.0
            ],
            [
              543.0,
              945.0
            ],
            [
              559.0,
              1034.0
            ],
            [
              583.0,
              1068.0
            ],
            [
              669.0,
              1062.0
            ],
            [
              682.0,
              1099.0
            ],
            [
              737.0,
              1145.0
            ],
            [
              781.0,
              1235.0
            ],
            [
              932.0,
              1240.0
            ],
            [
              1093.0,
              1280.0
            ],
            [
              1121.0,
              1302.0
            ],
            [
              1250.0,
              1342.0
            ],
            [
              1315.0,
              1394.0
            ],
            [
              1517.0,
              1463.0
            ],
            [
              1636.0,
              1448.0
            ],
            [
              1649.0,
              1463.0
            ],
            [
              1652.0,
              1536.0
            ],
            [
              1681.0,
              1573.0
            ],
            [
              1776.0,
              1578.0
            ],
            [
              1818.0,
              1539.0
            ],
            [
              1834.0,
              1426.0
            ],
            [
              1781.0,
              1294.0
            ],
            [
              1760.0,
              1270.0
            ],
            [
              1664.0,
              1226.0
            ],
            [
              1640.0,
              1137.0
            ],
            [
              1595.0,
              1078.0
            ],
            [
              1582.0,
              1010.0
            ],
            [
              1499.0,
              957.0
            ],
            [
              1402.0,
              942.0
            ],
            [
              1363.0,
              915.0
            ],
            [
              1367.0,
              895.0
            ],
            [
              1414.0,
              854.0
            ],
            [
              1425.0,
              794.0
            ],
            [
              1336.0,
              736.0
            ],
            [
              1344.0,
              634.0
            ],
            [
              1324.0,
              610.0
            ],
            [
              1114.0,
              512.0
            ],
            [
              824.0,
              474.0
            ],
            [
              762.0,
              485.0
            ],
            [
              666.0,
              544.0
            ],
            [
              558.0,
              656.0
            ]
          ]
        ]
      },
      "properties": {
        "annotation_id": "42_GP3_71",
        "label": "GP4",
        "probabilities": {
          "GP3": 0,
          "GP4": 1,
          "GP5": 0,
          "Benign": 0
        },
        "tags": []
      }
    },
    {
      "type": "Feature",
      "geometry": {
        "type": "Polygon",
        "coordinates": [
          [
            [
              4903.0,
              23888.0
            ],
            [
              4776.0,
              23950.0
            ],
            [
              4711.0,
              23945.0
            ],
            [
              4654.0,
              23902.0
            ],
            [
              4462.0,
              24018.0
            ],
            [
              3885.0,
              24047.0
            ],
            [
              3518.0,
              24141.0
            ],
            [
              3485.0,
              24166.0
            ],
            [
              3492.0,
              24270.0
            ],
            [
              3658.0,
              24280.0
            ],
            [
              3679.0,
              24365.0
            ],
            [
              3582.0,
              24403.0
            ],
            [
              3571.0,
              24451.0
            ],
            [
              3660.0,
              24597.0
            ],
            [
              3652.0,
              24836.0
            ],
            [
              3706.0,
              24981.0
            ],
            [
              3684.0,
              25068.0
            ],
            [
              3684.0,
              25211.0
            ],
            [
              3797.0,
              25483.0
            ],
            [
              3825.0,
              25484.0
            ],
            [
              3845.0,
              25460.0
            ],
            [
              3861.0,
              25342.0
            ],
            [
              3840.0,
              25254.0
            ],
            [
              3886.0,
              25199.0
            ],
            [
              4236.0,
              25226.0
            ],
            [
              4445.0,
              25212.0
            ],
            [
              4481.0,
              25193.0
            ],
            [
              4516.0,
              25058.0
            ],
            [
              4518.0,
              24637.0
            ],
            [
              4544.0,
              24513.0
            ],
            [
              4693.0,
              24536.0
            ],
            [
              4916.0,
              24536.0
            ],
            [
              5052.0,
              24464.0
            ],
            [
              5094.0,
              24465.0
            ],
            [
              5138.0,
              24384.0
            ],
            [
              5151.0,
              24301.0
            ],
            [
              5036.0,
              24203.0
            ],
            [
              5036.0,
              24031.0
            ],
            [
              4936.0,
              23953.0
            ],
            [
              4903.0,
              23888.0
            ]
          ]
        ]
      },
      "properties": {
        "annotation_id": "42_GP4_72",
        "label": "GP4",
        "probabilities": null,
        "tags": [
          "cribriform"
        ]
      }
    },
    {
      "type": "Feature",
      "geometry": {
        "type": "Polygon",
        "coordinates": [
          [
            [
              4557.0,
              22596.0
            ],
            [
              4457.0,
              22585.0
            ],
            [
              4290.0,
              22711.0
            ],
            [
              3916.0,
              22893.0
            ],
            [
              3984.0,
              22824.0
            ],
            [
              4106.0,
              22773.0
            ],
            [
              4291.0,
              22633.0
            ],
            [
              4325.0,
              22523.0
            ],
            [
              4289.0,
              22523.0
            ],
            [
              3831.0,
              22820.0
            ],
            [
              3650.0,
              22900.0
            ],
            [
              3354.0,
              23146.0
            ],
            [
              3314.0,
              23232.0
            ],
            [
              3306.0,
              23388.0
            ],
            [
              3424.0,
              23810.0
            ],
            [
              3451.0,
              24042.0
            ],
            [
              3478.0,
              24086.0
            ],
            [
              3652.0,
              24095.0
            ],
            [
              3775.0,
              24047.0
            ],
            [
              4356.0,
              24009.0
            ],
            [
              4501.0,
              23963.0
            ],
            [
              4616.0,
              23891.0
            ],
            [
              4809.0,
              23899.0
            ],
            [
              4904.0,
              23833.0
            ],
            [
              4929.0,
              23738.0
            ],
            [
              4859.0,
              23649.0
            ],
            [
              4883.0,
              23588.0
            ],
            [
              4748.0,
              23530.0
            ],
            [
              4810.0,
              23450.0
            ],
            [
              4840.0,
              23265.0
            ],
            [
              4729.0,
              23060.0
            ],
            [
              4684.0,
              22880.0
            ],
            [
              4643.0,
              22857.0
            ],
            [
              4635.0,
              22793.0
            ],
            [
              4565.0,
              22752.0
            ],
            [
              4573.0,
              22623.0
            ],
            [
              4557.0,
              22596.0
            ]
          ]
        ]
      },
      "properties": {
        "annotation_id": "42_GP4_73",
        "label": "GP4",
        "probabilities": null,
        "tags": [
          "cribriform"
        ]
      }
    },
    {
      "type": "Feature",
      "geometry": {
        "type": "Polygon",
        "coordinates": [
          [
            [
              2529.0,
              15541.0
            ],
            [
              2477.0,
              15594.0
            ],
            [
              2345.0,
              15643.0
            ],
            [
              2327.0,
              15664.0
            ],
            [
              2322.0,
              15713.0
            ],
            [
              2353.0,
              15744.0
            ],
            [
              2526.0,
              15810.0
            ],
            [
              2557.0,
              15810.0
            ],
            [
              2581.0,
              15795.0
            ],
            [
              2587.0,
              15773.0
            ],
            [
              2571.0,
              15690.0
            ],
            [
              2698.0,
              15809.0
            ],
            [
              2640.0,
              15849.0
            ],
            [
              2671.0,
              15951.0
            ],
            [
              2673.0,
              16078.0
            ],
            [
              2687.0,
              16115.0
            ],
            [
              2716.0,
              16130.0
            ],
            [
              2730.0,
              16046.0
            ],
            [
              2759.0,
              16020.0
            ],
            [
              2780.0,
              16021.0
            ],
            [
              2789.0,
              16037.0
            ],
            [
              2798.0,
              16174.0
            ],
            [
              2836.0,
              16232.0
            ],
            [
              2841.0,
              16339.0
            ],
            [
              2792.0,
              16395.0
            ],
            [
              2780.0,
              16482.0
            ],
            [
              2801.0,
              16528.0
            ],
            [
              2829.0,
              16526.0
            ],
            [
              3001.0,
              16407.0
            ],
            [
              3001.0,
              16377.0
            ],
            [
              2969.0,
              16328.0
            ],
            [
              2969.0,
              16182.0
            ],
            [
              2991.0,
              16177.0
            ],
            [
              2993.0,
              16247.0
            ],
            [
              3202.0,
              16246.0
            ],
            [
              3268.0,
              16197.0
            ],
            [
              3287.0,
              16162.0
            ],
            [
              3301.0,
              16067.0
            ],
            [
              3263.0,
              15963.0
            ],
            [
              3262.0,
              15905.0
            ],
            [
              3376.0,
              15897.0
            ],
            [
              3406.0,
              15874.0
            ],
            [
              3408.0,
              15851.0
            ],
            [
              3374.0,
              15818.0
            ],
            [
              3191.0,
              15740.0
            ],
            [
              2871.0,
              15684.0
            ],
            [
              2554.0,
              15541.0
            ],
            [
              2529.0,
              15541.0
            ]
          ]
        ]
      },
      "properties": {
        "annotation_id": "42_GP4_75",
        "label": "GP4",
        "probabilities": null,
        "tags": []
      }
    },
    {
      "type": "Feature",
      "geometry": {
        "type": "Polygon",
        "coordinates": [
          [
            [
              2259.0,
              15241.0
            ],
            [
              2182.0,
              15243.0
            ],
            [
              2139.0,
              15258.0
            ],
            [
              2035.0,
              15308.0
            ],
            [
              1958.0,
              15362.0
            ],
            [
              1925.0,
              15397.0
            ],
            [
              1900.0,
              15440.0
            ],
            [
              1896.0,
              15485.0
            ],
            [
              1905.0,
              15506.0
            ],
            [
              1950.0,
              15553.0
            ],
            [
              1983.0,
              15610.0
            ],
            [
              2032.0,
              15651.0
            ],
            [
              2111.0,
              15702.0
            ],
            [
              2145.0,
              15707.0
            ],
            [
              2158.0,
              15688.0
            ],
            [
              2219.0,
              15689.0
            ],
            [
              2248.0,
              15666.0
            ],
            [
              2263.0,
              15640.0
            ],
            [
              2264.0,
              15601.0
            ],
            [
              2246.0,
              15589.0
            ],
            [
              2191.0,
              15571.0
            ],
            [
              2179.0,
              15553.0
            ],
            [
              2179.0,
              15516.0
            ],
            [
              2192.0,
              15496.0
            ],
            [
              2213.0,
              15478.0
            ],
            [
              2312.0,
              15416.0
            ],
            [
              2339.0,
              15388.0
            ],
            [
              2355.0,
              15362.0
            ],
            [
              2357.0,
              15330.0
            ],
            [
              2329.0,
              15287.0
            ],
            [
              2259.0,
              15241.0
            ]
          ]
        ]
      },
      "properties": {
        "annotation_id": "42_GP4_76",
        "label": "GP4",
        "probabilities": null,
        "tags": []
      }
    },
    {
      "type": "Feature",
      "geometry": {
        "type": "Polygon",
        "coordinates": [
          [
            [
              2310.0,
              14821.0
            ],
            [
              2264.0,
              14796.0
            ],
            [
              2210.0,
              14780.0
            ],
            [
              2188.0,
              14780.0
            ],
            [
              2130.0,
              14825.0
            ],
            [
              2069.0,
              14860.0
            ],
            [
              2015.0,
              14872.0
            ],
            [
              1920.0,
              14872.0
            ],
            [
              1896.0,
              14885.0
            ],
            [
              1891.0,
              14894.0
            ],
            [
              1895.0,
              14945.0
            ],
            [
              1937.0,
              14971.0
            ],
            [
              1990.0,
              14988.0
            ],
            [
              1987.0,
              15008.0
            ],
            [
              1942.0,
              15069.0
            ],
            [
              1920.0,
              15128.0
            ],
            [
              1920.0,
              15176.0
            ],
            [
              1943.0,
              15221.0
            ],
            [
              1972.0,
              15257.0
            ],
            [
              2005.0,
              15246.0
            ],
            [
              2058.0,
              15246.0
            ],
            [
              2150.0,
              15229.0
            ],
            [
              2228.0,
              15191.0
            ],
            [
              2362.0,
              15186.0
            ],
            [
              2415.0,
              15171.0
            ],
            [
              2436.0,
              15155.0
            ],
            [
              2436.0,
              15128.0
            ],
            [
              2412.0,
              15104.0
            ],
            [
              2371.0,
              15089.0
            ],
            [
              2313.0,
              15077.0
            ],
            [
              2259.0,
              15086.0
            ],
            [
              2216.0,
              15085.0
            ],
            [
              2221.0,
              15068.0
            ],
            [
              2290.0,
              15052.0
            ],
            [
              2312.0,
              15039.0
            ],
            [
              2368.0,
              14952.0
            ],
            [
              2375.0,
              14931.0
            ],
            [
              2373.0,
              14907.0
            ],
            [
              2348.0,
              14864.0
            ],
            [
              2310.0,
              14821.0
            ]
          ]
        ]
      },
      "properties": {
        "annotation_id": "42_GP4_77",
        "label": "GP4",
        "probabilities": null,
        "tags": []
      }
    },
    {
      "type": "Feature",
      "geometry": {
        "type": "Polygon",
        "coordinates": [
          [
            [
              2448,
              15415
            ],
            [
              2452,
              15382
            ],
            [
              2588,
              15209
            ],
            [
              2759,
              14908
            ],
            [
              2782,
              14888
            ],
            [
              2794.291364115966,
              14888
            ],
            [
              2785.038516669363,
              14929.365670937756
            ],
            [
              2799.939489911763,
              14994.127593106648
            ],
            [
              2824.010292841793,
              15030.806911857171
            ],
            [
              2830.31455075204,
              15035.964941056463
            ],
            [
              2848.654210127301,
              15038.257398478372
            ],
            [
              2869.28632692447,
              15035.964941056463
            ],
            [
              2897.368930342839,
              15022.210196525019
            ],
            [
              2920.866618917393,
              15000.431851016892
            ],
            [
              2941.498735714562,
              14972.349247598524
            ],
            [
              2963.2770812226845,
              14927.646327871324
            ],
            [
              2973.593139621269,
              14892.113237831758
            ],
            [
              2999.956399973208,
              14835.94803099502
            ],
            [
              3001.1026286841616,
              14814.742799842372
            ],
            [
              2998.6651371493017,
              14786.015221038668
            ],
            [
              3021,
              14785
            ],
            [
              3033,
              14768
            ],
            [
              3036,
              14716
            ],
            [
              3062,
              14685
            ],
            [
              3095,
              14687
            ],
            [
              3126,
              14728
            ],
            [
              3149,
              14734
            ],
            [
              3182,
              14685
            ],
            [
              3196,
              14721
            ],
            [
              3193,
              14762
            ],
            [
              3156,
              14811
            ],
            [
              3228,
              14835
            ],
            [
              3256,
              14863
            ],
            [
              3248,
              14890
            ],
            [
              3195,
              14922
            ],
            [
              3189,
              14956
            ],
            [
              3207,
              14991
            ],
            [
              3296,
              15011
            ],
            [
              3301,
              15026
            ],
            [
              3277,
              15069
            ],
            [
              3211,
              15110
            ],
            [
              3303,
              15153
            ],
            [
              3300,
              15176
            ],
            [
              3236,
              15208
            ],
            [
              3243,
              15248
            ],
            [
              3274,
              15273
            ],
            [
              3372,
              15298
            ],
            [
              3392,
              15325
            ],
            [
              3435,
              15480
            ],
            [
              3435,
              15643
            ],
            [
              3416,
              15690
            ],
            [
              3272,
              15686
            ],
            [
              2920,
              15645
            ],
            [
              2889,
              15632
            ],
            [
              2732,
              15503
            ],
            [
              2475,
              15438
            ],
            [
              2448,
              15415
            ]
          ]
        ]
      },
      "properties": {
        "annotation_id": "42_GP4_78",
        "label": "GP4",
        "probabilities": {
          "GP3": 0.0,
          "GP4": 0.85,
          "GP5": 0.15,
          "Benign": 0.0
        },
        "tags": []
      }
    },
    {
      "type": "Feature",
      "geometry": {
        "type": "Polygon",
        "coordinates": [
          [
            [
              1273.9498764966977,
              2309.083971185103
            ],
            [
              1292.5859794664507,
              2310.947581482078
            ],
            [
              1299.9188808523752,
              2309.900024141232
            ],
            [
              1329.2504863960735,
              2310.4238028116542
            ],
            [
              1365.3912146552732,
              2307.8049094595394
            ],
            [
              1375.8667880637367,
              2311.9951388229247
            ],
            [
              1381.1045747679686,
              2312.518917493347
            ],
            [
              1407.817286959551,
              2300.9957867440376
            ],
            [
              1415.6739670158986,
              2287.3775413130356
            ],
            [
              1416.1977456863217,
              2272.711738541186
            ],
            [
              1411.4837376525134,
              2258.56971443976
            ],
            [
              1396.2941562102408,
              2229.238108896061
            ],
            [
              1367.4863293369658,
              2207.2394047382886
            ],
            [
              1354.9156412468094,
              2203.049175374902
            ],
            [
              1314.0609049538014,
              2195.1924953185553
            ],
            [
              1302.5377742044914,
              2195.1924953185553
            ],
            [
              1294.1573154777202,
              2197.2876100002477
            ],
            [
              1283.1579633988333,
              2202.5253967044796
            ],
            [
              1274.2537260016395,
              2214.5723061242124
            ],
            [
              1271.6348326495233,
              2222.952764850983
            ],
            [
              1270.0634966382538,
              2237.0947889524105
            ],
            [
              1270.0634966382538,
              2296.28177871023
            ],
            [
              1271.1110539791002,
              2303.0909014257304
            ],
            [
              1273.9498764966977,
              2309.083971185103
            ],
            [
              1273.9498764966977,
              2309.083971185103
            ]
          ]
        ]
      },
      "properties": {
        "annotation_id": "43feb67e-9255-4bd0-8ab1-f1d6212e12c2",
        "label": "GP4",
        "probabilities": null,
        "tags": []
      }
    },
    {
      "type": "Feature",
      "geometry": {
        "type": "Polygon",
        "coordinates": [
          [
            [
              2340.360791646445,
              7222.262879080565
            ],
            [
              2337.713145301292,
              7218.291409562836
            ],
            [
              2341.684614819021,
              7218.291409562836
            ],
            [
              2349.6275538544796,
              7223.58670225314
            ],
            [
              2366.175343511684,
              7230.205818116023
            ],
            [
              2384.0469563414645,
              7239.472580324057
            ],
            [
              2406.5519502752627,
              7241.458315082921
            ],
            [
              2415.156800897009,
              7243.444049841786
            ],
            [
              2429.056944209061,
              7250.7250772909565
            ],
            [
              2433.6903253130786,
              7249.40125411838
            ],
            [
              2443.618999107401,
              7244.105961428074
            ],
            [
              2444.942822279977,
              7239.472580324057
            ],
            [
              2439.6475295896716,
              7207.700824182225
            ],
            [
              2440.30944117596,
              7191.814946111308
            ],
            [
              2438.985618003384,
              7187.181565007291
            ],
            [
              2428.3950326227728,
              7180.56244914441
            ],
            [
              2403.242392343822,
              7175.929068040392
            ],
            [
              2382.723133168888,
              7169.30995217751
            ],
            [
              2380.737398410024,
              7164.676571073493
            ],
            [
              2381.3993099963122,
              7156.071720451747
            ],
            [
              2379.4135752374477,
              7150.776427761441
            ],
            [
              2374.1182825471424,
              7143.495400312271
            ],
            [
              2369.4849014431247,
              7141.509665553407
            ],
            [
              2341.684614819021,
              7146.804958243712
            ],
            [
              2319.179620885223,
              7158.7193667968995
            ],
            [
              2314.546239781206,
              7162.6908363146285
            ],
            [
              2308.589035504612,
              7171.957598522664
            ],
            [
              2303.293742814307,
              7189.167299766156
            ],
            [
              2303.955654400595,
              7203.067443078208
            ],
            [
              2312.560505022341,
              7224.910525425717
            ],
            [
              2320.5034440577997,
              7235.501110806328
            ],
            [
              2329.7702062658336,
              7240.134491910345
            ],
            [
              2343.6703495778856,
              7242.120226669211
            ],
            [
              2368.822989856837,
              7240.7964034966335
            ],
            [
              2340.360791646445,
              7222.262879080565
            ]
          ]
        ]
      },
      "properties": {
        "annotation_id": "46053a14-074a-4e87-a068-8b66359d2319",
        "label": "GP3",
        "probabilities": null,
        "tags": []
      }
    },
    {
      "type": "Feature",
      "geometry": {
        "type": "Polygon",
        "coordinates": [
          [
            [
              2111.403362393102,
              9520.515899543789
            ],
            [
              2108.0871716171227,
              9519.410502618462
            ],
            [
              2107.5344731544596,
              9522.726693394443
            ],
            [
              2115.824950094408,
              9547.045425751623
            ],
            [
              2113.0614577810916,
              9570.258761183479
            ],
            [
              2116.377648557071,
              9599.55177970463
            ],
            [
              2151.7503501675174,
              9613.921939733875
            ],
            [
              2161.1462240327924,
              9626.634004375128
            ],
            [
              2181.5960671513317,
              9622.212416673821
            ],
            [
              2222.495753388411,
              9589.603207376693
            ],
            [
              2260.631947312173,
              9577.996539660764
            ],
            [
              2279.423695042723,
              9583.523524287397
            ],
            [
              2315.901793578496,
              9631.055592076435
            ],
            [
              2348.511002875626,
              9650.95273673231
            ],
            [
              2377.251322934114,
              9678.587659865472
            ],
            [
              2398.8065629779794,
              9678.034961402807
            ],
            [
              2430.3103753497835,
              9647.636545956331
            ],
            [
              2443.022439991038,
              9644.873053643016
            ],
            [
              2460.708790796261,
              9666.42829368688
            ],
            [
              2487.238317004096,
              9684.667342954766
            ],
            [
              2528.138003241175,
              9695.721312208032
            ],
            [
              2533.112289405144,
              9694.06321682004
            ],
            [
              2561.299911000968,
              9657.585118284269
            ],
            [
              2571.8011817915694,
              9615.580035121864
            ],
            [
              2565.168800239611,
              9575.233047347449
            ],
            [
              2526.479907853185,
              9510.014628753188
            ],
            [
              2496.6341908693707,
              9490.11748409731
            ],
            [
              2478.9478400641474,
              9492.328277947965
            ],
            [
              2401.570055291296,
              9532.122567259717
            ],
            [
              2363.433861367533,
              9537.64955188635
            ],
            [
              2281.634488893376,
              9522.173994931778
            ],
            [
              2246.8144857455923,
              9527.148281095748
            ],
            [
              2224.1538487764,
              9520.515899543789
            ],
            [
              2204.8094025831874,
              9519.963201081126
            ],
            [
              2199.282417956555,
              9514.988914917158
            ],
            [
              2111.403362393102,
              9520.515899543789
            ]
          ]
        ]
      },
      "properties": {
        "annotation_id": "461defa8-8369-467d-b05f-46a9b3a065e1",
        "label": "GP4",
        "probabilities": null,
        "tags": []
      }
    },
    {
      "type": "Feature",
      "geometry": {
        "type": "Polygon",
        "coordinates": [
          [
            [
              1575.95024016539,
              2783.919720874208
            ],
            [
              1572.283789472428,
              2782.872163533362
            ],
            [
              1580.1404695287756,
              2783.919720874208
            ],
            [
              1607.3769603907808,
              2778.158155499553
            ],
            [
              1623.6140991738998,
              2778.6819341699766
            ],
            [
              1630.9470005598241,
              2777.6343768291304
            ],
            [
              1637.2323446049027,
              2775.015483477015
            ],
            [
              1645.6128033316734,
              2768.2063607615137
            ],
            [
              1650.8505900359053,
              2759.3021233643194
            ],
            [
              1651.3743687063284,
              2754.064336660086
            ],
            [
              1650.3268113654822,
              2749.3503286262785
            ],
            [
              1634.0896725823634,
              2733.1131898431604
            ],
            [
              1636.1847872640562,
              2729.97051782062
            ],
            [
              1649.8030326950588,
              2721.066280423427
            ],
            [
              1651.8981473767517,
              2717.923608400888
            ],
            [
              1652.4219260471748,
              2710.06692834454
            ],
            [
              1651.3743687063284,
              2705.876698981154
            ],
            [
              1647.7079180133665,
              2699.5913549360757
            ],
            [
              1644.5652459908272,
              2696.9724615839605
            ],
            [
              1633.5658939119403,
              2691.734674879729
            ],
            [
              1603.710509697819,
              2682.306658812111
            ],
            [
              1596.3776083118944,
              2680.2115441304186
            ],
            [
              1583.2831415513144,
              2679.163986789572
            ],
            [
              1571.7600108020047,
              2684.925552164227
            ],
            [
              1565.9984454273497,
              2689.6395601980366
            ],
            [
              1557.0942080301554,
              2700.1151336064995
            ],
            [
              1543.4759625991528,
              2718.971165741733
            ],
            [
              1538.238175894921,
              2729.97051782062
            ],
            [
              1536.6668398836514,
              2736.7796405361214
            ],
            [
              1536.1430612132283,
              2750.397885967125
            ],
            [
              1537.7143972244978,
              2758.7783446938956
            ],
            [
              1545.5710772808454,
              2773.444147465745
            ],
            [
              1551.3326426555004,
              2778.158155499553
            ],
            [
              1570.712453461158,
              2783.919720874208
            ],
            [
              1575.95024016539,
              2783.919720874208
            ]
          ]
        ]
      },
      "properties": {
        "annotation_id": "4724d54b-6408-4298-a94b-5cd7a43e1b90",
        "label": "GP4",
        "probabilities": null,
        "tags": []
      }
    },
    {
      "type": "Feature",
      "geometry": {
        "type": "Polygon",
        "coordinates": [
          [
            [
              2226.5119988048777,
              7156.071720451747
            ],
            [
              2222.540529287149,
              7156.071720451747
            ],
            [
              2257.6218433604226,
              7154.7478972791705
            ],
            [
              2295.350803778849,
              7136.87628444939
            ],
            [
              2319.8415324715115,
              7085.9090923052
            ],
            [
              2327.1225599206814,
              7056.78498250852
            ],
            [
              2334.4035873698513,
              7044.208662369045
            ],
            [
              2343.6703495778856,
              7038.913369678739
            ],
            [
              2372.1325477882774,
              7036.265723333587
            ],
            [
              2396.62327648094,
              7007.141613536907
            ],
            [
              2400.594745998669,
              6987.284265948261
            ],
            [
              2386.6946026866176,
              6961.469714083021
            ],
            [
              2386.0326911003294,
              6941.612366494377
            ],
            [
              2391.989895376923,
              6934.993250631495
            ],
            [
              2414.494889310721,
              6931.021781113766
            ],
            [
              2430.3807673816373,
              6917.783549388002
            ],
            [
              2449.5762033839947,
              6895.278555454204
            ],
            [
              2473.4050204903688,
              6848.282832827743
            ],
            [
              2470.757374145216,
              6780.7678510263495
            ],
            [
              2457.5191424194522,
              6768.191530886874
            ],
            [
              2433.6903253130786,
              6766.20579612801
            ],
            [
              2429.718855795349,
              6769.515354059451
            ],
            [
              2408.537685034127,
              6861.521064553507
            ],
            [
              2395.299453308364,
              6864.16871089866
            ],
            [
              2365.5134319253957,
              6854.240037104337
            ],
            [
              2354.2609349584964,
              6861.521064553507
            ],
            [
              2345.6560843367506,
              6899.250024971933
            ],
            [
              2335.7274105424276,
              6914.473991456562
            ],
            [
              2321.827267230376,
              6955.512509806429
            ],
            [
              2315.208151367494,
              6963.455448841886
            ],
            [
              2298.6603617102896,
              6966.10309518704
            ],
            [
              2296.012715365137,
              6972.060299463632
            ],
            [
              2292.041245847408,
              7016.408375744941
            ],
            [
              2281.450660466797,
              7044.208662369045
            ],
            [
              2248.3550811523883,
              7079.289976442318
            ],
            [
              2213.273767079115,
              7105.104528307557
            ],
            [
              2204.00700487108,
              7119.004671619608
            ],
            [
              2200.035535353351,
              7156.071720451747
            ],
            [
              2206.6546512162327,
              7167.324217418645
            ],
            [
              2226.5119988048777,
              7156.071720451747
            ]
          ]
        ]
      },
      "properties": {
        "annotation_id": "4810394e-971e-44b4-925b-a1676ddc367f",
        "label": "GP4",
        "probabilities": null,
        "tags": []
      }
    },
    {
      "type": "Feature",
      "geometry": {
        "type": "Polygon",
        "coordinates": [
          [
            [
              1207.1275103703038,
              2435.7688836675325
            ],
            [
              1185.1259850460776,
              2419.267739674363
            ],
            [
              1131.693709258671,
              2407.4812082506705
            ],
            [
              1092.405271179696,
              2369.7643076948534
            ],
            [
              1048.4022205312435,
              2357.192007509582
            ],
            [
              989.4695634127809,
              2311.617419337971
            ],
            [
              950.9668940953851,
              2306.1170380069148
            ],
            [
              906.1780746853533,
              2321.046644476925
            ],
            [
              868.4611741295372,
              2305.3312692453346
            ],
            [
              813.457360818972,
              2275.4720563053143
            ],
            [
              803.2423669184384,
              2255.0420685042463
            ],
            [
              810.3142857726539,
              2234.6120807031793
            ],
            [
              787.5269916868483,
              2214.182092902113
            ],
            [
              736.4520221841805,
              2205.5386365247377
            ],
            [
              665.732833642025,
              2268.4001374510976
            ],
            [
              637.4451582251629,
              2347.762782370628
            ],
            [
              655.5178397414913,
              2460.1277152764965
            ],
            [
              693.2347402973078,
              2577.2072607518426
            ],
            [
              686.162821443092,
              2587.4222546523765
            ],
            [
              668.8759086883429,
              2587.4222546523765
            ],
            [
              614.6578641393571,
              2555.991504189196
            ],
            [
              593.4421075767107,
              2561.4918855202536
            ],
            [
              589.5132637688132,
              2579.564567036581
            ],
            [
              624.0870892783114,
              2646.354911770839
            ],
            [
              667.3043711651841,
              2642.4260679629424
            ],
            [
              672.8047524962404,
              2601.566092360808
            ],
            [
              730.1658720915444,
              2597.6372485529105
            ],
            [
              764.7396976010426,
              2674.642587187702
            ],
            [
              811.1000545342332,
              2723.3602504056307
            ],
            [
              962.7534255190778,
              2804.294432848321
            ],
            [
              998.8987885517352,
              2808.2232766562174
            ],
            [
              1035.044151584392,
              2863.2270899667833
            ],
            [
              1093.1910399412754,
              2908.801678138394
            ],
            [
              1151.3379282981587,
              2937.875122316836
            ],
            [
              1207.913279131883,
              2948.09011621737
            ],
            [
              1221.2713480787345,
              2905.6586030920766
            ],
            [
              1269.2032425350847,
              2903.301296807338
            ],
            [
              1279.4182364356182,
              2918.2309032773483
            ],
            [
              1269.2032425350847,
              2974.020485349493
            ],
            [
              1295.9193804287877,
              2992.878935627401
            ],
            [
              1314.7778307066958,
              2963.01972268738
            ],
            [
              1318.7066745145935,
              2901.729759284179
            ],
            [
              1281.7755427203565,
              2855.369402350988
            ],
            [
              1274.7036238661412,
              2790.936363901469
            ],
            [
              1302.2055305214237,
              2784.6502138088317
            ],
            [
              1320.2782120377522,
              2856.1551711125667
            ],
            [
              1336.779356030922,
              2870.2990088209986
            ],
            [
              1407.4985445730774,
              2806.6517391330585
            ],
            [
              1451.50159522153,
              2736.718319352482
            ],
            [
              1448.3585201752117,
              2711.5737189819392
            ],
            [
              1378.4251003946358,
              2625.1391552081923
            ],
            [
              1399.6408569572825,
              2555.991504189196
            ],
            [
              1438.143526274678,
              2541.061897719187
            ],
            [
              1469.5742767378583,
              2467.199634130713
            ],
            [
              1489.2184957773459,
              2453.055796422281
            ],
            [
              1548.936921657388,
              2457.770408991759
            ],
            [
              1578.7961345974093,
              2478.9861655544055
            ],
            [
              1589.0111284979428,
              2473.4857842233478
            ],
            [
              1600.7976599216354,
              2463.270790322815
            ],
            [
              1615.7272663916463,
              2402.766595681193
            ],
            [
              1609.4411162990098,
              2379.1935328338086
            ],
            [
              1589.7968972595227,
              2372.1216139795924
            ],
            [
              1546.5796153726499,
              2384.693914164865
            ],
            [
              1478.217733115233,
              2377.6219953106483
            ],
            [
              1457.0019765525863,
              2388.6227579727624
            ],
            [
              1451.50159522153,
              2343.8339385627305
            ],
            [
              1426.3569948509855,
              2319.475106953766
            ],
            [
              1409.8558508578158,
              2350.9058574169458
            ],
            [
              1425.571226089406,
              2420.839277197522
            ],
            [
              1411.4273883809747,
              2405.1239019659315
            ],
            [
              1386.2827880104307,
              2428.696964813317
            ],
            [
              1376.067794109897,
              2403.552364442773
            ],
            [
              1341.4939686003988,
              2431.0542710980544
            ],
            [
              1340.7081998388194,
              2453.055796422281
            ],
            [
              1373.710487825159,
              2461.6992527996563
            ],
            [
              1384.7112504872716,
              2477.414628031247
            ],
            [
              1378.4251003946358,
              2542.6334352423446
            ],
            [
              1352.4947312625122,
              2563.0634230434125
            ],
            [
              1338.350893554081,
              2558.3488104739345
            ],
            [
              1313.2062931835367,
              2522.2034474412776
            ],
            [
              1318.7066745145935,
              2492.3442345012572
            ],
            [
              1307.70591185248,
              2464.0565590843953
            ],
            [
              1284.132849005095,
              2467.985402892292
            ],
            [
              1262.9170924424484,
              2444.4123400449075
            ],
            [
              1234.6294170255865,
              2442.0550337601685
            ],
            [
              1207.1275103703038,
              2454.62733394544
            ],
            [
              1194.5552101850315,
              2438.126189952271
            ],
            [
              1207.1275103703038,
              2435.7688836675325
            ]
          ]
        ]
      },
      "properties": {
        "annotation_id": "48b63cb9-5549-4539-aa77-c2b45ac27ad1",
        "label": "GP4",
        "probabilities": null,
        "tags": []
      }
    },
    {
      "type": "Feature",
      "geometry": {
        "type": "Polygon",
        "coordinates": [
          [
            [
              2211.5253064461353,
              9064.962687437112
            ],
            [
              2206.9414351828104,
              9064.307848685208
            ],
            [
              2205.631757679003,
              9060.378816173787
            ],
            [
              2220.6930489727856,
              9057.759461166172
            ],
            [
              2230.515630251339,
              9050.556234895234
            ],
            [
              2236.409179018472,
              9043.353008624294
            ],
            [
              2251.470470312254,
              9017.15945854815
            ],
            [
              2266.531761606036,
              8999.478812246754
            ],
            [
              2274.3898266288793,
              8987.691714712488
            ],
            [
              2277.009181636494,
              8975.904617178225
            ],
            [
              2277.009181636494,
              8969.356229659188
            ],
            [
              2275.044665380783,
              8963.462680892057
            ],
            [
              2271.770471621265,
              8958.223970876828
            ],
            [
              2267.8414391098436,
              8954.94977711731
            ],
            [
              2261.947890342711,
              8952.330422109695
            ],
            [
              2254.7446640717717,
              8951.020744605888
            ],
            [
              2239.6833727779895,
              8951.020744605888
            ],
            [
              2227.896275243725,
              8954.94977711731
            ],
            [
              2220.038210220882,
              8959.533648380635
            ],
            [
              2214.7995002056537,
              8963.462680892057
            ],
            [
              2208.905951438521,
              8971.3207459149
            ],
            [
              2196.464015152353,
              9002.098167254368
            ],
            [
              2195.154337648546,
              9009.301393525308
            ],
            [
              2193.8446601447386,
              9028.29171733051
            ],
            [
              2189.9156276333174,
              9053.830428654752
            ],
            [
              2190.5704663852207,
              9064.307848685208
            ],
            [
              2194.4994988966423,
              9066.927203692823
            ],
            [
              2211.5253064461353,
              9064.962687437112
            ]
          ]
        ]
      },
      "properties": {
        "annotation_id": "4bcfb76d-e076-4dfc-8543-b76ee45b8a97",
        "label": "GP5",
        "probabilities": null,
        "tags": []
      }
    },
    {
      "type": "Feature",
      "geometry": {
        "type": "Polygon",
        "coordinates": [
          [
            [
              3906.3301773034277,
              21956.331945479087
            ],
            [
              3903.623510936056,
              21958.136389724
            ],
            [
              3904.074621997284,
              21961.294167152602
            ],
            [
              3907.232399425885,
              21964.000833519975
            ],
            [
              3915.803509589229,
              21966.707499887347
            ],
            [
              3929.7879524873174,
              21967.609722009805
            ],
            [
              3937.4568405282043,
              21964.903055642433
            ],
            [
              3945.125728569091,
              21956.783056540316
            ],
            [
              3954.5990608548927,
              21935.58083666257
            ],
            [
              3956.8546161610357,
              21928.81417074414
            ],
            [
              3956.8546161610357,
              21924.303060131853
            ],
            [
              3950.539061303835,
              21905.35639556025
            ],
            [
              3946.0279506915485,
              21898.138618580593
            ],
            [
              3924.3746197525734,
              21878.740842947762
            ],
            [
              3910.841287915714,
              21868.81639960073
            ],
            [
              3896.405733956397,
              21860.696400498615
            ],
            [
              3892.3457344053395,
              21858.8919562537
            ],
            [
              3877.0079583235656,
              21857.087512008784
            ],
            [
              3872.947958772508,
              21858.8919562537
            ],
            [
              3868.88795922145,
              21862.50084474353
            ],
            [
              3860.767960119335,
              21878.740842947762
            ],
            [
              3857.1590716295054,
              21894.078619029537
            ],
            [
              3858.0612937519627,
              21904.905284499022
            ],
            [
              3859.865737996877,
              21912.57417253991
            ],
            [
              3871.1435145275937,
              21933.776392417654
            ],
            [
              3880.1657357521663,
              21948.21194637697
            ],
            [
              3895.5035118339397,
              21965.35416670366
            ],
            [
              3906.3301773034277,
              21956.331945479087
            ]
          ]
        ]
      },
      "properties": {
        "annotation_id": "4c78166e-5e8a-4e74-acb3-32d354957c45",
        "label": "GP4",
        "probabilities": null,
        "tags": []
      }
    },
    {
      "type": "Feature",
      "geometry": {
        "type": "Polygon",
        "coordinates": [
          [
            [
              3773.2188071429027,
              19951.868479008845
            ],
            [
              3758.4057832474386,
              19939.52429242929
            ],
            [
              3734.704945014696,
              19886.691173868803
            ],
            [
              3723.3482933615064,
              19872.37191743652
            ],
            [
              3714.9542464874103,
              19868.421777731062
            ],
            [
              3705.0788972237674,
              19872.8656848997
            ],
            [
              3663.1086628532858,
              19917.304756586094
            ],
            [
              3634.4701499887215,
              19916.81098912291
            ],
            [
              3625.582335651443,
              19911.379547027907
            ],
            [
              3601.8814974187003,
              19891.13508103744
            ],
            [
              3577.1931242595942,
              19860.521498320148
            ],
            [
              3563.367635290494,
              19853.608753835597
            ],
            [
              3532.260285110019,
              19855.583823688325
            ],
            [
              3517.9410286777374,
              19872.37191743652
            ],
            [
              3511.028284193187,
              19890.147546111075
            ],
            [
              3511.5220516563695,
              19924.711268533825
            ],
            [
              3538.185494668205,
              19968.656572757038
            ],
            [
              3587.068473523237,
              19972.11294499931
            ],
            [
              3617.6820562405287,
              19965.693967977943
            ],
            [
              3672.984012116928,
              19977.050619631133
            ],
            [
              3702.6100599078563,
              19988.407271284323
            ],
            [
              3748.530433983796,
              20012.108109517067
            ],
            [
              3770.7499698269917,
              20028.896203265256
            ],
            [
              3790.0069008910955,
              20055.55964627709
            ],
            [
              3806.7949946392882,
              20089.13583377348
            ],
            [
              3846.296391693859,
              20095.554810794845
            ],
            [
              3872.466067242512,
              20120.243183953953
            ],
            [
              3895.1793705488903,
              20133.57490545987
            ],
            [
              3893.2043006961617,
              20110.36783469031
            ],
            [
              3884.810253822066,
              20093.579740942117
            ],
            [
              3867.034625147509,
              20075.310344804377
            ],
            [
              3829.0145304824837,
              20050.62197164527
            ],
            [
              3814.695274050202,
              20032.35257550753
            ],
            [
              3812.2264367342914,
              20024.9460635598
            ],
            [
              3816.1765764397483,
              20006.676667422063
            ],
            [
              3804.326157323377,
              19981.000759336588
            ],
            [
              3797.413412838827,
              19970.13787514658
            ],
            [
              3770.7499698269917,
              19947.918339303385
            ],
            [
              3773.2188071429027,
              19951.868479008845
            ]
          ]
        ]
      },
      "properties": {
        "annotation_id": "4c90af56-955c-41ce-ad15-3ce50cbafb0a",
        "label": "GP4",
        "probabilities": null,
        "tags": []
      }
    },
    {
      "type": "Feature",
      "geometry": {
        "type": "Polygon",
        "coordinates": [
          [
            [
              1971.695363177239,
              11855.009352405863
            ],
            [
              1969.0117795688047,
              11856.54282875354
            ],
            [
              1972.4621013510773,
              11848.875447015156
            ],
            [
              1988.1802339147641,
              11836.99100532066
            ],
            [
              2005.0484737392085,
              11820.889503670052
            ],
            [
              2017.6996536075414,
              11803.63789475869
            ],
            [
              2021.149975389814,
              11795.203774846468
            ],
            [
              2023.06682082441,
              11782.552594978137
            ],
            [
              2023.06682082441,
              11774.118475065914
            ],
            [
              2019.2331299552181,
              11759.933818849904
            ],
            [
              2010.0322718691577,
              11744.215686286218
            ],
            [
              2000.064675609259,
              11735.398197287075
            ],
            [
              1917.2569528347149,
              11707.412253941975
            ],
            [
              1912.2731547047651,
              11707.028884855055
            ],
            [
              1906.5226184009775,
              11710.095837550409
            ],
            [
              1903.8390347925433,
              11714.696266593439
            ],
            [
              1902.6889275317858,
              11722.747017418742
            ],
            [
              1903.8390347925433,
              11735.398197287075
            ],
            [
              1909.589571096331,
              11754.950020719956
            ],
            [
              1924.5409654861794,
              11794.82040575955
            ],
            [
              1935.2752999199165,
              11818.972658235458
            ],
            [
              1945.6262652667347,
              11834.690790799146
            ],
            [
              1971.695363177239,
              11855.009352405863
            ]
          ]
        ]
      },
      "properties": {
        "annotation_id": "4f7ca789-4b2c-44ea-9ad9-ac9b5241b342",
        "label": "GP4",
        "probabilities": null,
        "tags": []
      }
    },
    {
      "type": "Feature",
      "geometry": {
        "type": "Polygon",
        "coordinates": [
          [
            [
              1832.6746049634114,
              7122.314229551049
            ],
            [
              1832.6746049634114,
              7117.680848447032
            ],
            [
              1836.6460744811407,
              7115.033202101879
            ],
            [
              1841.2794555851578,
              7113.709378929303
            ],
            [
              1863.1225379326677,
              7113.047467343015
            ],
            [
              1866.4320958641088,
              7110.399820997863
            ],
            [
              1867.094007450397,
              7106.428351480134
            ],
            [
              1866.4320958641088,
              7099.809235617251
            ],
            [
              1861.7987147600916,
              7083.923357546335
            ],
            [
              1853.855775724633,
              7066.051744716554
            ],
            [
              1845.9128366891753,
              7053.475424577079
            ],
            [
              1837.9698976537168,
              7042.222927610181
            ],
            [
              1832.0126933771235,
              7037.589546506162
            ],
            [
              1824.7316659279534,
              7034.9419001610095
            ],
            [
              1811.4934342021897,
              7032.294253815858
            ],
            [
              1792.2979981998326,
              7032.294253815858
            ],
            [
              1777.0740317152045,
              7037.589546506162
            ],
            [
              1773.7644737837636,
              7042.222927610181
            ],
            [
              1771.778739024899,
              7048.8420434730615
            ],
            [
              1771.778739024899,
              7058.770717267384
            ],
            [
              1773.7644737837636,
              7066.713656302842
            ],
            [
              1783.6931475780862,
              7089.21865023664
            ],
            [
              1792.2979981998326,
              7101.133058789827
            ],
            [
              1801.5647604078672,
              7109.737909411574
            ],
            [
              1811.4934342021897,
              7113.709378929303
            ],
            [
              1822.0840195828005,
              7113.047467343015
            ],
            [
              1827.379312273106,
              7110.399820997863
            ],
            [
              1832.6746049634114,
              7122.314229551049
            ]
          ]
        ]
      },
      "properties": {
        "annotation_id": "516cf3ac-c2eb-49f4-a045-f27f39579ef1",
        "label": "GP5",
        "probabilities": null,
        "tags": []
      }
    },
    {
      "type": "Feature",
      "geometry": {
        "type": "Polygon",
        "coordinates": [
          [
            [
              2935.8320595118216,
              17281.008202772013
            ],
            [
              2931.34610617404,
              17279.886714437565
            ],
            [
              2934.710571177376,
              17279.325970270344
            ],
            [
              2939.1965245151578,
              17280.447458604787
            ],
            [
              2959.3833145351764,
              17289.41936528035
            ],
            [
              2969.4767095451853,
              17290.5408536148
            ],
            [
              2980.69159288964,
              17288.297876945908
            ],
            [
              2997.513917906322,
              17279.886714437565
            ],
            [
              3003.121359578549,
              17274.84001693256
            ],
            [
              3018.8221962607854,
              17255.77471524699
            ],
            [
              3023.3081495985675,
              17243.438343568087
            ],
            [
              3023.8688937657903,
              17238.391646063083
            ],
            [
              3023.8688937657903,
              17229.41973938752
            ],
            [
              3018.8221962607854,
              17203.06476352805
            ],
            [
              3012.654010421336,
              17195.214345186934
            ],
            [
              2998.074662073545,
              17185.120950176923
            ],
            [
              2994.710197070208,
              17184.5602060097
            ],
            [
              2990.784987899649,
              17186.24243851137
            ],
            [
              2983.495313725754,
              17191.849880183596
            ],
            [
              2975.6448953846357,
              17195.775089354156
            ],
            [
              2962.747779538513,
              17211.47592603639
            ],
            [
              2953.7758728629487,
              17218.204856043067
            ],
            [
              2950.4114078596126,
              17219.887088544732
            ],
            [
              2936.9535478462667,
              17219.32634437751
            ],
            [
              2926.299408669035,
              17223.812297715293
            ],
            [
              2917.8882461606945,
              17231.66271605641
            ],
            [
              2913.963036990135,
              17238.952390230304
            ],
            [
              2915.08452532458,
              17243.999087735312
            ],
            [
              2921.25271116403,
              17252.41025024365
            ],
            [
              2947.0469428562765,
              17272.036296096445
            ],
            [
              2954.8973611973943,
              17280.447458604787
            ],
            [
              2935.8320595118216,
              17281.008202772013
            ]
          ]
        ]
      },
      "properties": {
        "annotation_id": "52554ccf-20ea-4548-ac65-30dc64e3208b",
        "label": "GP3",
        "probabilities": null,
        "tags": []
      }
    },
    {
      "type": "Feature",
      "geometry": {
        "type": "Polygon",
        "coordinates": [
          [
            [
              2026.9783937026784,
              6896.744224440129
            ],
            [
              2024.3568667937975,
              6897.1811455916095
            ],
            [
              2051.445978185567,
              6899.365751349011
            ],
            [
              2075.039720365495,
              6899.365751349011
            ],
            [
              2097.759620242463,
              6900.676514803451
            ],
            [
              2108.2457278779866,
              6899.365751349011
            ],
            [
              2116.9841509075895,
              6896.744224440129
            ],
            [
              2126.159495088673,
              6892.375012925328
            ],
            [
              2127.4702585431132,
              6888.879643713486
            ],
            [
              2123.537968179792,
              6885.384274501645
            ],
            [
              2119.6056778164707,
              6883.636589895725
            ],
            [
              2087.273512606939,
              6875.335088017602
            ],
            [
              2070.6705088506933,
              6869.655113048359
            ],
            [
              2048.3875301252056,
              6856.110557352475
            ],
            [
              2044.018318610404,
              6854.799793898034
            ],
            [
              2032.6583686719205,
              6853.925951595074
            ],
            [
              2026.5414725511982,
              6854.799793898034
            ],
            [
              2015.1815226127144,
              6861.353611170237
            ],
            [
              2010.3753899464325,
              6865.285901533558
            ],
            [
              2004.2584938257105,
              6873.587403411681
            ],
            [
              2004.6954149771907,
              6881.451984138324
            ],
            [
              2008.190784189032,
              6885.821195653125
            ],
            [
              2014.7446014612342,
              6890.627328319407
            ],
            [
              2026.9783937026784,
              6896.744224440129
            ]
          ]
        ]
      },
      "properties": {
        "annotation_id": "54379129-d710-41a3-8f0b-94fe40268e5f",
        "label": "GP5",
        "probabilities": null,
        "tags": []
      }
    },
    {
      "type": "Feature",
      "geometry": {
        "type": "Polygon",
        "coordinates": [
          [
            [
              1477.789130951315,
              11350.697171031597
            ],
            [
              1471.8126414059848,
              11350.237441066573
            ],
            [
              1475.9502110912133,
              11355.754200646878
            ],
            [
              1484.2253504616706,
              11361.270960227183
            ],
            [
              1489.7421100419754,
              11363.109880087284
            ],
            [
              1499.3964393075087,
              11362.65015012226
            ],
            [
              1529.2788870341597,
              11356.213930611904
            ],
            [
              1535.25537657949,
              11347.938791241446
            ],
            [
              1540.772136159795,
              11343.801221556218
            ],
            [
              1542.151326054871,
              11341.042841766064
            ],
            [
              1542.6110560198965,
              11332.30797243058
            ],
            [
              1541.691596089846,
              11324.952292990174
            ],
            [
              1537.0942964395917,
              11309.321474179313
            ],
            [
              1532.956726754363,
              11299.66714491378
            ],
            [
              1518.7050978385757,
              11282.197406242813
            ],
            [
              1511.3494183981693,
              11277.140376627534
            ],
            [
              1501.695089132636,
              11273.462536907331
            ],
            [
              1485.1448103917214,
              11271.163887082203
            ],
            [
              1478.7085908813658,
              11271.163887082203
            ],
            [
              1472.7321013360356,
              11272.54307697728
            ],
            [
              1467.675071720756,
              11276.680646662508
            ],
            [
              1465.3764218956292,
              11279.898756417686
            ],
            [
              1463.997232000553,
              11284.036326102914
            ],
            [
              1463.5375020355277,
              11297.828225053678
            ],
            [
              1469.0542616158325,
              11330.009322605454
            ],
            [
              1472.7321013360356,
              11341.962301696114
            ],
            [
              1477.789130951315,
              11350.697171031597
            ]
          ]
        ]
      },
      "properties": {
        "annotation_id": "54822ba7-4805-42a8-8072-fa16ae657587",
        "label": "GP4",
        "probabilities": null,
        "tags": []
      }
    },
    {
      "type": "Feature",
      "geometry": {
        "type": "Polygon",
        "coordinates": [
          [
            [
              1272.6823899903698,
              2416.227094237138
            ],
            [
              1269.5397179678307,
              2415.1795368962917
            ],
            [
              1278.443955365025,
              2424.083774293486
            ],
            [
              1288.3957501030652,
              2430.369118338564
            ],
            [
              1295.2048728185666,
              2432.4642330202564
            ],
            [
              1312.4895689425316,
              2432.4642330202564
            ],
            [
              1325.060257032688,
              2428.797782327294
            ],
            [
              1333.9644944298823,
              2423.559995623062
            ],
            [
              1350.201633213001,
              2407.3228568399436
            ],
            [
              1372.2003373707744,
              2371.182128580744
            ],
            [
              1376.9143454045832,
              2357.0401044793184
            ],
            [
              1377.4381240750063,
              2351.802317775087
            ],
            [
              1375.3430093933137,
              2346.0407524004313
            ],
            [
              1361.724763962311,
              2332.4225069694285
            ],
            [
              1350.201633213001,
              2327.1847202651966
            ],
            [
              1339.7260598045373,
              2326.1371629243504
            ],
            [
              1318.2511343171866,
              2327.1847202651966
            ],
            [
              1304.632888886184,
              2329.803613617313
            ],
            [
              1292.5859794664507,
              2335.0414003215446
            ],
            [
              1280.5390700467176,
              2343.421859048315
            ],
            [
              1269.0159392974076,
              2354.9449897976256
            ],
            [
              1255.921472536828,
              2378.5150299666684
            ],
            [
              1250.159907162173,
              2395.799726090633
            ],
            [
              1247.541013810057,
              2415.703315566714
            ],
            [
              1251.2074645030193,
              2417.2746515779845
            ],
            [
              1258.5403658889438,
              2416.7508729075616
            ],
            [
              1272.6823899903698,
              2416.227094237138
            ]
          ]
        ]
      },
      "properties": {
        "annotation_id": "54f8408f-cf1c-421f-97a2-4d1fa1d1f9c4",
        "label": "GP3",
        "probabilities": null,
        "tags": []
      }
    },
    {
      "type": "Feature",
      "geometry": {
        "type": "Polygon",
        "coordinates": [
          [
            [
              1200.1417330645156,
              5343.554579569733
            ],
            [
              1209.911762563382,
              5338.343897170338
            ],
            [
              1225.2181421116054,
              5335.087220670715
            ],
            [
              1234.9881716104717,
              5329.550870621359
            ],
            [
              1238.2448481100937,
              5324.014520572001
            ],
            [
              1238.570515760056,
              5315.2214940230215
            ],
            [
              1233.6855010106226,
              5302.520455674495
            ],
            [
              1238.8961834100178,
              5301.543452724608
            ],
            [
              1250.2945511586954,
              5304.800129224231
            ],
            [
              1257.784907107826,
              5305.125796874193
            ],
            [
              1265.9265983568812,
              5302.520455674495
            ],
            [
              1272.4399513561252,
              5297.6354409250625
            ],
            [
              1286.4436603045006,
              5277.444046627405
            ],
            [
              1288.0719985543114,
              5271.907696578049
            ],
            [
              1279.9303073052563,
              5247.808290480844
            ],
            [
              1275.0452925558234,
              5241.2949374816
            ],
            [
              1267.22926895673,
              5236.73559038213
            ],
            [
              1257.1335718079015,
              5233.153246232545
            ],
            [
              1253.2255600083554,
              5234.130249182433
            ],
            [
              1245.409536409262,
              5239.992266881753
            ],
            [
              1235.639506910396,
              5236.084255082205
            ],
            [
              1230.1031568610383,
              5235.107252132319
            ],
            [
              1225.2181421116054,
              5236.084255082205
            ],
            [
              1206.6550860637594,
              5249.762296380617
            ],
            [
              1197.86205951478,
              5258.229655279635
            ],
            [
              1184.1840182163673,
              5275.1643730776705
            ],
            [
              1170.1803092679925,
              5286.237073176385
            ],
            [
              1168.8776386681434,
              5288.516746726121
            ],
            [
              1168.2263033682193,
              5298.286776224986
            ],
            [
              1170.8316445679166,
              5308.382473373815
            ],
            [
              1177.3449975671608,
              5322.060514672228
            ],
            [
              1186.1380241161405,
              5333.784550070868
            ],
            [
              1192.3257094654227,
              5338.6695648203
            ],
            [
              1200.1417330645156,
              5342.251908969885
            ],
            [
              1200.1417330645156,
              5343.554579569733
            ]
          ]
        ]
      },
      "properties": {
        "annotation_id": "5757fc9b-0ba1-4981-bf79-fd8aa2e74608",
        "label": "GP4",
        "probabilities": null,
        "tags": []
      }
    },
    {
      "type": "Feature",
      "geometry": {
        "type": "Polygon",
        "coordinates": [
          [
            [
              3513.1090122145706,
              20561.93664086386
            ],
            [
              3505.6380079144906,
              20561.93664086386
            ],
            [
              3513.642655378862,
              20548.06191859228
            ],
            [
              3518.9790870217766,
              20529.918051006374
            ],
            [
              3518.9790870217766,
              20481.890166220142
            ],
            [
              3514.1762985431537,
              20469.61637344144
            ],
            [
              3504.5707215859074,
              20459.477153319902
            ],
            [
              3492.2969288072045,
              20452.539792184114
            ],
            [
              3484.825924507124,
              20450.93886269124
            ],
            [
              3458.6774094568436,
              20450.405219526947
            ],
            [
              3427.7261059279404,
              20454.674364841278
            ],
            [
              3418.120528970695,
              20459.477153319902
            ],
            [
              3406.9140225205742,
              20468.015443948567
            ],
            [
              3399.4430182204937,
              20476.553734577228
            ],
            [
              3392.5056570847055,
              20488.827527355934
            ],
            [
              3375.962718991671,
              20529.38440784208
            ],
            [
              3370.6262873487567,
              20547.52827542799
            ],
            [
              3370.6262873487567,
              20556.066566056652
            ],
            [
              3377.563648484545,
              20572.60950414969
            ],
            [
              3399.976661384786,
              20599.29166236426
            ],
            [
              3409.5822383420314,
              20607.29630982863
            ],
            [
              3420.7887447921516,
              20611.03181197867
            ],
            [
              3433.062537570855,
              20609.430882485794
            ],
            [
              3466.682056921216,
              20599.29166236426
            ],
            [
              3474.6867043855873,
              20596.623446542802
            ],
            [
              3491.229642478622,
              20584.3496537641
            ],
            [
              3497.099717285828,
              20567.273072506774
            ],
            [
              3501.902505764451,
              20565.672143013897
            ],
            [
              3513.1090122145706,
              20561.93664086386
            ]
          ]
        ]
      },
      "properties": {
        "annotation_id": "589d4791-d575-41d5-a639-3c8bacda93c6",
        "label": "GP3",
        "probabilities": null,
        "tags": []
      }
    },
    {
      "type": "Feature",
      "geometry": {
        "type": "Polygon",
        "coordinates": [
          [
            [
              3486.7817372022055,
              19058.31021894221
            ],
            [
              3490.1880360647738,
              19052.349195932715
            ],
            [
              3488.059099275669,
              19037.02085105116
            ],
            [
              3482.5238636239956,
              19021.692506169602
            ],
            [
              3468.4728808159025,
              18996.996839415984
            ],
            [
              3464.640794595514,
              18994.01632791124
            ],
            [
              3454.847685365631,
              18991.887391122134
            ],
            [
              3440.796702557538,
              18995.2936899847
            ],
            [
              3436.1130416215074,
              18998.27420148945
            ],
            [
              3428.448869180729,
              19009.344672792795
            ],
            [
              3421.2104840977727,
              19029.7824659682
            ],
            [
              3414.823673730458,
              19099.185805293022
            ],
            [
              3416.1010358039207,
              19120.900960541894
            ],
            [
              3434.8356795480445,
              19157.092885956677
            ],
            [
              3443.777214062285,
              19183.06591478376
            ],
            [
              3453.9961106499895,
              19192.007449298002
            ],
            [
              3464.2150072376926,
              19214.14839190469
            ],
            [
              3483.3754383396376,
              19225.21886320804
            ],
            [
              3501.2585073681194,
              19227.773587354965
            ],
            [
              3505.090593588508,
              19222.664139061115
            ],
            [
              3504.239018872866,
              19188.17536307761
            ],
            [
              3507.2195303776134,
              19169.014931975667
            ],
            [
              3505.5163809463293,
              19159.647610103606
            ],
            [
              3486.7817372022055,
              19058.31021894221
            ]
          ]
        ]
      },
      "properties": {
        "annotation_id": "5a6aa59d-6124-483a-aa0d-1d534454887b",
        "label": "GP4",
        "probabilities": null,
        "tags": []
      }
    },
    {
      "type": "Feature",
      "geometry": {
        "type": "Polygon",
        "coordinates": [
          [
            [
              1463.861604694829,
              3125.423413990124
            ],
            [
              1457.0524819793277,
              3125.423413990124
            ],
            [
              1473.2896207624462,
              3111.805168559121
            ],
            [
              1479.5749648075243,
              3096.6155871168485
            ],
            [
              1484.8127515117562,
              3040.571269381568
            ],
            [
              1483.76519417091,
              3006.001877133637
            ],
            [
              1479.0511861371012,
              2988.19340233925
            ],
            [
              1473.2896207624462,
              2978.7653862716334
            ],
            [
              1461.242711342713,
              2970.3849275448615
            ],
            [
              1442.9104578779018,
              2966.1946981814763
            ],
            [
              1436.1013351624003,
              2961.4806901476686
            ],
            [
              1451.2909166046725,
              2948.3862233870877
            ],
            [
              1468.0518340582148,
              2922.1972898659287
            ],
            [
              1485.3365301821796,
              2883.9614469250364
            ],
            [
              1488.4792022047186,
              2865.6291934602255
            ],
            [
              1481.6700794892174,
              2852.010948029222
            ],
            [
              1464.3853833652522,
              2833.154915893987
            ],
            [
              1451.2909166046725,
              2824.7744571672165
            ],
            [
              1434.0062204807077,
              2825.822014508063
            ],
            [
              1404.6746149370094,
              2835.25003057568
            ],
            [
              1393.1514841876995,
              2844.678046643298
            ],
            [
              1386.8661401426211,
              2853.582284040492
            ],
            [
              1376.9143454045807,
              2877.1523242095345
            ],
            [
              1374.295452052465,
              2894.4370203334993
            ],
            [
              1373.7716733820416,
              2914.8643884800044
            ],
            [
              1380.580796097543,
              2940.0057646603173
            ],
            [
              1376.9143454045807,
              2950.4813380687815
            ],
            [
              1366.4387719961169,
              2966.7184768518987
            ],
            [
              1360.6772066214621,
              2996.050082395598
            ],
            [
              1362.2485426327316,
              3008.6207704857534
            ],
            [
              1376.9143454045807,
              3037.952376029453
            ],
            [
              1401.5319429144702,
              3073.5693256182285
            ],
            [
              1416.1977456863194,
              3086.1400137083856
            ],
            [
              1446.053129900441,
              3104.4722671731965
            ],
            [
              1463.861604694829,
              3125.423413990124
            ]
          ]
        ]
      },
      "properties": {
        "annotation_id": "5c480ec3-330a-45f1-93dc-cf623f135686",
        "label": "GP3",
        "probabilities": null,
        "tags": []
      }
    },
    {
      "type": "Feature",
      "geometry": {
        "type": "Polygon",
        "coordinates": [
          [
            [
              3002.7608498858835,
              18832.33063081889
            ],
            [
              3001.909275170242,
              18829.775906671966
            ],
            [
              3006.1671487484514,
              18824.240671020292
            ],
            [
              3009.573447611019,
              18814.87334914823
            ],
            [
              3009.9992349688405,
              18793.58398125718
            ],
            [
              3005.3155740328098,
              18762.92729149407
            ],
            [
              3003.186637243705,
              18708.00072233516
            ],
            [
              2999.780338381137,
              18687.988716517575
            ],
            [
              2992.9677406560004,
              18665.42198655306
            ],
            [
              2989.1356544356117,
              18659.886750901387
            ],
            [
              2981.045694637013,
              18652.648365818433
            ],
            [
              2968.6978612602043,
              18646.68734280894
            ],
            [
              2964.865775039815,
              18646.68734280894
            ],
            [
              2959.7563267459636,
              18653.499940534075
            ],
            [
              2956.350027883395,
              18664.99619919524
            ],
            [
              2955.072665809932,
              18690.96922802232
            ],
            [
              2964.0142003241735,
              18764.204653567533
            ],
            [
              2975.9362463431607,
              18825.092245735934
            ],
            [
              2979.3425452057286,
              18856.174722856867
            ],
            [
              3002.7608498858835,
              18832.33063081889
            ]
          ]
        ]
      },
      "properties": {
        "annotation_id": "5f6928b9-c6fe-4148-97cd-35cc5e380e36",
        "label": "GP5",
        "probabilities": null,
        "tags": []
      }
    },
    {
      "type": "Feature",
      "geometry": {
        "type": "Polygon",
        "coordinates": [
          [
            [
              2120.042598967953,
              6499.145976593189
            ],
            [
              2118.7318355135126,
              6496.524449684306
            ],
            [
              2126.596416240155,
              6495.650607381347
            ],
            [
              2152.8116853289644,
              6503.515188107989
            ],
            [
              2180.337717872214,
              6503.515188107989
            ],
            [
              2194.3191947195783,
              6500.8936611991085
            ],
            [
              2214.4175676876653,
              6493.466001623947
            ],
            [
              2224.029833020229,
              6488.659868957664
            ],
            [
              2228.8359656865105,
              6481.232209382501
            ],
            [
              2230.5836502924312,
              6467.250732535136
            ],
            [
              2228.3990445350305,
              6455.890782596653
            ],
            [
              2222.2821484143083,
              6445.841596112608
            ],
            [
              2211.3591196273046,
              6437.540094234487
            ],
            [
              2177.279269811853,
              6426.617065447483
            ],
            [
              2151.937843026004,
              6426.180144296003
            ],
            [
              2130.091785451996,
              6429.675513507843
            ],
            [
              2122.2272047253537,
              6432.2970404167245
            ],
            [
              2119.1687566649925,
              6434.481646174125
            ],
            [
              2113.925702847231,
              6441.472384597808
            ],
            [
              2112.1780182413104,
              6447.15235956705
            ],
            [
              2111.30417593835,
              6462.881521020336
            ],
            [
              2113.0518605442708,
              6471.619944049939
            ],
            [
              2116.5472297561114,
              6481.232209382501
            ],
            [
              2121.7902835738737,
              6490.407553563585
            ],
            [
              2127.033337391635,
              6495.650607381347
            ],
            [
              2120.042598967953,
              6499.145976593189
            ]
          ]
        ]
      },
      "properties": {
        "annotation_id": "6471b285-8d96-4e97-a99c-5956999cac0a",
        "label": "GP3",
        "probabilities": null,
        "tags": []
      }
    },
    {
      "type": "Feature",
      "geometry": {
        "type": "Polygon",
        "coordinates": [
          [
            [
              2295.350803778849,
              7346.040345716454
            ],
            [
              2291.3793342611198,
              7344.7165225438775
            ],
            [
              2290.7174226748316,
              7340.7450530261485
            ],
            [
              2297.9984501240015,
              7345.378434130165
            ],
            [
              2307.265212332036,
              7345.378434130165
            ],
            [
              2316.5319745400707,
              7342.730787785013
            ],
            [
              2331.0940294384104,
              7332.140202404402
            ],
            [
              2336.389322128716,
              7324.197263368944
            ],
            [
              2337.713145301292,
              7319.563882264927
            ],
            [
              2337.713145301292,
              7311.620943229468
            ],
            [
              2333.741675783563,
              7303.016092607722
            ],
            [
              2327.7844715069696,
              7295.735065158553
            ],
            [
              2322.489178816664,
              7293.749330399687
            ],
            [
              2317.1938861263584,
              7293.749330399687
            ],
            [
              2303.293742814307,
              7296.396976744841
            ],
            [
              2289.393599502255,
              7301.692269435147
            ],
            [
              2285.4221299845262,
              7305.001827366587
            ],
            [
              2283.4363952256617,
              7309.635208470604
            ],
            [
              2276.155367776492,
              7314.93050116091
            ],
            [
              2273.5077214313387,
              7318.901970678639
            ],
            [
              2268.8743403273215,
              7302.354181021435
            ],
            [
              2263.579047637016,
              7294.411241985977
            ],
            [
              2264.9028708095925,
              7290.439772468247
            ],
            [
              2274.169633017627,
              7280.511098673925
            ],
            [
              2284.7602183982376,
              7275.877717569907
            ],
            [
              2308.589035504612,
              7275.877717569907
            ],
            [
              2313.22241660863,
              7274.553894397331
            ],
            [
              2315.208151367494,
              7270.582424879602
            ],
            [
              2315.8700629537825,
              7260.6537510852795
            ],
            [
              2305.94138915946,
              7238.148757151482
            ],
            [
              2296.012715365137,
              7225.572437012006
            ],
            [
              2290.7174226748316,
              7221.600967494277
            ],
            [
              2284.7602183982376,
              7219.615232735412
            ],
            [
              2267.550517154745,
              7219.615232735412
            ],
            [
              2263.579047637016,
              7220.939055907988
            ],
            [
              2254.3122854289813,
              7226.234348598294
            ],
            [
              2247.0312579798115,
              7237.486845565192
            ],
            [
              2241.735965289506,
              7258.006104740126
            ],
            [
              2238.4264073580653,
              7281.834921846501
            ],
            [
              2238.4264073580653,
              7293.749330399687
            ],
            [
              2240.4121421169298,
              7301.692269435147
            ],
            [
              2246.3693463935238,
              7311.620943229468
            ],
            [
              2255.636108601558,
              7320.887705437503
            ],
            [
              2260.9314012918635,
              7324.197263368944
            ],
            [
              2272.845809845051,
              7327.506821300385
            ],
            [
              2297.9984501240015,
              7326.844909714097
            ],
            [
              2303.955654400595,
              7328.830644472961
            ],
            [
              2309.9128586771885,
              7333.464025576979
            ],
            [
              2295.350803778849,
              7346.040345716454
            ]
          ]
        ]
      },
      "properties": {
        "annotation_id": "65b9ba81-500e-4311-aa2a-eee0c33c0ff1",
        "label": "GP4",
        "probabilities": null,
        "tags": []
      }
    },
    {
      "type": "Feature",
      "geometry": {
        "type": "Polygon",
        "coordinates": [
          [
            [
              1991.4142423068345,
              10260.129911857635
            ],
            [
              1993.259168937077,
              10257.915999901343
            ],
            [
              1998.4920517428568,
              10257.915999901343
            ],
            [
              2029.2352382268125,
              10265.11121375929
            ],
            [
              2035.1222313833146,
              10265.765324110012
            ],
            [
              2041.0092245398166,
              10263.802993057845
            ],
            [
              2047.5503280470414,
              10259.87833095351
            ],
            [
              2051.474990151376,
              10255.299558498455
            ],
            [
              2056.0537626064333,
              10245.487903237616
            ],
            [
              2056.707872957156,
              10235.67624797678
            ],
            [
              2056.0537626064333,
              10229.135144469556
            ],
            [
              2054.091431554266,
              10223.902261663776
            ],
            [
              2049.5126590992086,
              10219.977599559441
            ],
            [
              2034.468121032592,
              10214.090606402939
            ],
            [
              2029.2352382268125,
              10213.436496052216
            ],
            [
              2013.5365898094735,
              10213.436496052216
            ],
            [
              1994.5673896385222,
              10219.323489208718
            ],
            [
              1982.7934033255178,
              10225.864592715943
            ],
            [
              1978.8687412211832,
              10231.751585872446
            ],
            [
              1978.2146308704605,
              10235.67624797678
            ],
            [
              1978.2146308704605,
              10240.255020431838
            ],
            [
              1979.5228515719054,
              10245.487903237616
            ],
            [
              1982.7934033255178,
              10251.374896394118
            ],
            [
              1986.7180654298522,
              10256.6077791999
            ],
            [
              1991.4142423068345,
              10260.129911857635
            ],
            [
              1991.4142423068345,
              10260.129911857635
            ]
          ]
        ]
      },
      "properties": {
        "annotation_id": "66d88a20-b1cc-4691-a832-5c919e2504ec",
        "label": "GP5",
        "probabilities": null,
        "tags": []
      }
    },
    {
      "type": "Feature",
      "geometry": {
        "type": "Polygon",
        "coordinates": [
          [
            [
              1054.7904630943258,
              2263.807501143992
            ],
            [
              1052.17156974221,
              2260.664829121453
            ],
            [
              1055.3142417647489,
              2259.093493110183
            ],
            [
              1063.170921821097,
              2261.712386462299
            ],
            [
              1083.0745112971777,
              2282.139754608803
            ],
            [
              1093.026306035218,
              2288.425098653881
            ],
            [
              1118.1676822155307,
              2291.043992005997
            ],
            [
              1122.3579115789162,
              2287.3775413130356
            ],
            [
              1126.0243622718785,
              2280.0446399271104
            ],
            [
              1127.071919612725,
              2251.236813053835
            ],
            [
              1121.834132908493,
              2242.332575656642
            ],
            [
              1108.2158874774905,
              2233.4283382594476
            ],
            [
              1099.3116500802964,
              2225.047879532676
            ],
            [
              1095.645199387334,
              2224.0003221918305
            ],
            [
              1124.4530262606092,
              2231.333223577755
            ],
            [
              1145.9279517479595,
              2241.808796986218
            ],
            [
              1159.0224185085394,
              2251.236813053835
            ],
            [
              1177.8784506437735,
              2251.7605917242586
            ],
            [
              1187.3064667113908,
              2244.951469008757
            ],
            [
              1197.2582614494315,
              2242.332575656642
            ],
            [
              1205.6387201762022,
              2234.475895600294
            ],
            [
              1211.9240642212806,
              2231.333223577755
            ],
            [
              1212.4478428917037,
              2222.952764850983
            ],
            [
              1206.686277517049,
              2208.810740749557
            ],
            [
              1193.068032086046,
              2201.4778393636334
            ],
            [
              1183.1162373480056,
              2199.3827246819405
            ],
            [
              1164.2602052127709,
              2199.3827246819405
            ],
            [
              1152.7370744634609,
              2202.5253967044796
            ],
            [
              1128.1194769535714,
              2195.1924953185553
            ],
            [
              1114.5012315225686,
              2176.3364631833206
            ],
            [
              1108.7396661479136,
              2156.956652377662
            ],
            [
              1099.8354287507195,
              2144.9097429579297
            ],
            [
              1087.2647406605633,
              2134.4341695494654
            ],
            [
              1075.7416099112534,
              2128.67260417481
            ],
            [
              1065.7898151732127,
              2123.9585961410025
            ],
            [
              1056.3617991055953,
              2123.4348174705788
            ],
            [
              1050.076455060517,
              2127.625046833964
            ],
            [
              1048.5051190492477,
              2132.339054867773
            ],
            [
              1049.0288977196708,
              2141.2432922649673
            ],
            [
              1054.7904630943258,
              2159.5755457297782
            ],
            [
              1061.0758071394039,
              2174.7651271720506
            ],
            [
              1083.598289967601,
              2208.810740749557
            ],
            [
              1083.0745112971777,
              2211.9534127720963
            ],
            [
              1076.7891672520996,
              2211.9534127720963
            ],
            [
              1073.1227165591372,
              2214.5723061242124
            ],
            [
              1066.837372514059,
              2223.4765435214067
            ],
            [
              1050.6002337309403,
              2236.047231611563
            ],
            [
              1052.6953484126332,
              2244.4276903383343
            ],
            [
              1059.5044711281346,
              2252.8081490651048
            ],
            [
              1054.7904630943258,
              2263.807501143992
            ]
          ]
        ]
      },
      "properties": {
        "annotation_id": "68ae8e8b-4339-4a3f-a517-3d06f35eba7a",
        "label": "GP5",
        "probabilities": null,
        "tags": []
      }
    },
    {
      "type": "Feature",
      "geometry": {
        "type": "Polygon",
        "coordinates": [
          [
            [
              4010.0506255028968,
              19447.142259865832
            ],
            [
              4004.8117812928986,
              19447.890666181545
            ],
            [
              3998.824530767186,
              19417.20600723727
            ],
            [
              3989.8436549786175,
              19412.715569342985
            ],
            [
              3934.461587615778,
              19411.96716302727
            ],
            [
              3909.764179197215,
              19418.702819868697
            ],
            [
              3862.6145813072303,
              19413.4639756587
            ],
            [
              3813.968170785817,
              19419.45122618441
            ],
            [
              3703.9524423758535,
              19373.798440925857
            ],
            [
              3641.8347181715876,
              19372.301628294426
            ],
            [
              3635.8474676458754,
              19386.521348292994
            ],
            [
              3641.086311855873,
              19405.97991250156
            ],
            [
              3668.7773455372926,
              19459.86516723297
            ],
            [
              3692.726347640142,
              19478.57532512582
            ],
            [
              3697.9651918501413,
              19492.04663880867
            ],
            [
              3671.0225644844354,
              19494.291857755816
            ],
            [
              3650.815593960156,
              19513.75042196438
            ],
            [
              3638.092686593017,
              19546.680299855798
            ],
            [
              3633.6022486987335,
              19580.35858406293
            ],
            [
              3635.099061330161,
              19634.24383879434
            ],
            [
              3612.6468718587403,
              19633.495432478627
            ],
            [
              3602.917589754457,
              19643.973120898623
            ],
            [
              3601.420777123029,
              19715.820127207175
            ],
            [
              3588.6978697558907,
              19727.794628258598
            ],
            [
              3564.000461337327,
              19733.78187878431
            ],
            [
              3530.322177130195,
              19768.95697562287
            ],
            [
              3528.825364498767,
              19789.912352462863
            ],
            [
              3537.8062402873356,
              19810.119322987142
            ],
            [
              3566.9940866001834,
              19815.35816719714
            ],
            [
              3601.420777123029,
              19795.15119667286
            ],
            [
              3665.7837202744367,
              19780.18307035858
            ],
            [
              3695.7199729029985,
              19758.479287202874
            ],
            [
              3704.7008486915674,
              19711.32968931289
            ],
            [
              3724.1594129001323,
              19697.858375630036
            ],
            [
              3745.8631960558396,
              19695.613156682895
            ],
            [
              3760.0829160544063,
              19703.097219840034
            ],
            [
              3767.566979211547,
              19714.323314575748
            ],
            [
              3772.057417105831,
              19759.227693518587
            ],
            [
              3805.735701312963,
              19810.119322987142
            ],
            [
              3810.2261392072473,
              19888.701986137115
            ],
            [
              3844.652829730094,
              19902.17329981997
            ],
            [
              3859.620956044374,
              19899.179674557116
            ],
            [
              3887.3119897257934,
              19869.243421928553
            ],
            [
              3897.7896781457903,
              19835.56513772142
            ],
            [
              3873.0922697272267,
              19783.176695621438
            ],
            [
              3925.4807118272097,
              19777.93785141144
            ],
            [
              3938.203619194349,
              19687.38068721004
            ],
            [
              3959.907402350056,
              19671.664154580045
            ],
            [
              3993.5856865571877,
              19690.374312472897
            ],
            [
              4007.8054065557544,
              19688.877499841466
            ],
            [
              4011.5474381343247,
              19677.651405105757
            ],
            [
              4011.5474381343247,
              19561.648426170083
            ],
            [
              3986.101623400047,
              19503.272733544385
            ],
            [
              3965.146246560054,
              19480.072137757248
            ],
            [
              3950.1781202457732,
              19471.839668284396
            ],
            [
              3926.229118142924,
              19470.34285565297
            ],
            [
              3919.4934613014975,
              19488.304607230104
            ],
            [
              3938.203619194349,
              19516.744047227236
            ],
            [
              3920.990273932926,
              19542.189861961513
            ],
            [
              3903.028522355789,
              19548.177112487225
            ],
            [
              3893.299240251506,
              19543.686674592944
            ],
            [
              3882.0731455157957,
              19519.737672490093
            ],
            [
              3879.0795202529393,
              19477.826918810108
            ],
            [
              3894.796052882934,
              19464.355605127254
            ],
            [
              3974.127122348623,
              19456.123135654398
            ],
            [
              3989.0952486629035,
              19441.903415655834
            ],
            [
              4010.0506255028968,
              19447.142259865832
            ]
          ]
        ]
      },
      "properties": {
        "annotation_id": "6ab80448-90bb-428b-9876-fd99071d2dd9",
        "label": "GP5",
        "probabilities": null,
        "tags": []
      }
    },
    {
      "type": "Feature",
      "geometry": {
        "type": "Polygon",
        "coordinates": [
          [
            [
              1618.5083703668151,
              4867.758185040876
            ],
            [
              1615.4502212387624,
              4868.777568083559
            ],
            [
              1612.3920721107097,
              4867.248493519533
            ],
            [
              1642.9735633912383,
              4859.603120699401
            ],
            [
              1652.1480107753969,
              4855.525588528664
            ],
            [
              1662.3418412022397,
              4847.880215708532
            ],
            [
              1677.6325868425042,
              4824.944097248136
            ],
            [
              1677.6325868425042,
              4821.376256598742
            ],
            [
              1675.5938207571357,
              4817.298724428004
            ],
            [
              1662.851532723582,
              4811.1824261718975
            ],
            [
              1645.0123294766072,
              4808.6339685651865
            ],
            [
              1628.1925092723159,
              4803.027361830423
            ],
            [
              1625.6440516656053,
              4800.478904223713
            ],
            [
              1624.6246686229213,
              4787.226924668816
            ],
            [
              1622.5859025375526,
              4784.678467062107
            ],
            [
              1610.353306025341,
              4781.110626412711
            ],
            [
              1579.7718147448122,
              4790.28507379687
            ],
            [
              1541.5449506441514,
              4793.852914446265
            ],
            [
              1529.822045653282,
              4797.42075509566
            ],
            [
              1525.744513482545,
              4800.988595745054
            ],
            [
              1524.7251304398605,
              4805.575819437135
            ],
            [
              1525.744513482545,
              4813.7308837786095
            ],
            [
              1529.3123541319399,
              4822.905331162767
            ],
            [
              1535.4286523880457,
              4830.550703982899
            ],
            [
              1547.6612489002569,
              4836.157310717663
            ],
            [
              1570.0876758393115,
              4838.196076803031
            ],
            [
              1618.5083703668151,
              4867.758185040876
            ]
          ]
        ]
      },
      "properties": {
        "annotation_id": "6b6d0140-d4ea-4754-b663-cbfb4eee3b9d",
        "label": "GP4",
        "probabilities": null,
        "tags": []
      }
    },
    {
      "type": "Feature",
      "geometry": {
        "type": "Polygon",
        "coordinates": [
          [
            [
              4056.797763004368,
              22002.95579997269
            ],
            [
              4055.1968275088802,
              22007.758606459152
            ],
            [
              4063.316826610995,
              22020.389716173555
            ],
            [
              4075.0457142029404,
              22028.50971527567
            ],
            [
              4085.421268611199,
              22029.863048459356
            ],
            [
              4128.276819427921,
              22010.014161765295
            ],
            [
              4141.359040203551,
              21986.105275520178
            ],
            [
              4139.554595958636,
              21955.429723356632
            ],
            [
              4124.216819876862,
              21928.81417074414
            ],
            [
              4113.390154407375,
              21919.791949519567
            ],
            [
              4098.50348938683,
              21921.145282703255
            ],
            [
              4107.074599550174,
              21913.476394662368
            ],
            [
              4109.781265917545,
              21893.627507968304
            ],
            [
              4107.074599550174,
              21876.03417658039
            ],
            [
              4096.699045141915,
              21857.538623070013
            ],
            [
              4089.0301571010286,
              21848.51640184544
            ],
            [
              4052.0390500802796,
              21825.509737722783
            ],
            [
              4021.8146089779607,
              21813.780850130835
            ],
            [
              4019.559053671817,
              21807.465295273636
            ],
            [
              4027.6790527739327,
              21781.300853722372
            ],
            [
              4034.896829753591,
              21772.2786324978
            ],
            [
              4078.2034916315406,
              21776.789743110086
            ],
            [
              4111.134599101232,
              21774.083076742714
            ],
            [
              4128.276819427921,
              21761.000855967086
            ],
            [
              4132.787930040206,
              21731.22752592599
            ],
            [
              4108.879043795088,
              21682.958642374528
            ],
            [
              4086.3234907336564,
              21676.1919764561
            ],
            [
              4061.061271304852,
              21687.018641925588
            ],
            [
              4055.647938570108,
              21695.58975208893
            ],
            [
              4051.5879390190507,
              21720.400860456506
            ],
            [
              4035.3479408148196,
              21686.11641980313
            ],
            [
              4012.341276692159,
              21665.81642204784
            ],
            [
              3990.236834691955,
              21659.50086719064
            ],
            [
              3951.8923944875205,
              21659.04975612941
            ],
            [
              3932.9457299159176,
              21664.011977802926
            ],
            [
              3918.059064895372,
              21686.11641980313
            ],
            [
              3916.7057317116864,
              21717.694194089134
            ],
            [
              3919.8635091402866,
              21737.091969721965
            ],
            [
              3934.2990630996032,
              21768.66974400797
            ],
            [
              3935.6523962832894,
              21785.360853273432
            ],
            [
              3930.239063548546,
              21797.089740865376
            ],
            [
              3919.8635091402866,
              21801.600851477662
            ],
            [
              3895.5035118339397,
              21797.540851926606
            ],
            [
              3876.5568472623368,
              21750.174190497597
            ],
            [
              3859.865737996877,
              21726.71641531371
            ],
            [
              3849.0390725273896,
              21719.49863833405
            ],
            [
              3829.1901858333295,
              21712.28086135439
            ],
            [
              3815.2057429352417,
              21712.73197241562
            ],
            [
              3794.003523057495,
              21719.949749395277
            ],
            [
              3779.1168580369504,
              21732.58085910968
            ],
            [
              3770.5457478736053,
              21747.016413068995
            ],
            [
              3769.643525751149,
              21769.1208550692
            ],
            [
              3774.6057474246636,
              21786.714186457117
            ],
            [
              3784.079079710465,
              21801.149740416433
            ],
            [
              3820.167964608757,
              21818.74307180435
            ],
            [
              3844.9790729763317,
              21820.547516049264
            ],
            [
              3886.9324016705955,
              21840.847513804554
            ],
            [
              3899.112400323769,
              21857.538623070013
            ],
            [
              3928.434619303631,
              21877.838620825303
            ],
            [
              3988.8835015082695,
              21932.874170295196
            ],
            [
              4031.287941263762,
              21982.496387030347
            ],
            [
              4051.5879390190507,
              21996.931940989667
            ],
            [
              4056.797763004368,
              22002.95579997269
            ],
            [
              4056.797763004368,
              22002.95579997269
            ]
          ]
        ]
      },
      "properties": {
        "annotation_id": "6da0bb56-b4ff-46f9-b2d0-48a186e346de",
        "label": "GP3",
        "probabilities": null,
        "tags": []
      }
    },
    {
      "type": "Feature",
      "geometry": {
        "type": "Polygon",
        "coordinates": [
          [
            [
              1146.7026883249816,
              5115.515823328546
            ],
            [
              1143.1348476755863,
              5116.025514849887
            ],
            [
              1140.5863900688755,
              5113.98674876452
            ],
            [
              1140.5863900688755,
              5110.4189081151235
            ],
            [
              1148.2317628890078,
              5099.205694645596
            ],
            [
              1161.9934339652457,
              5068.624203365068
            ],
            [
              1175.2454135201415,
              5057.410989895541
            ],
            [
              1193.0846167671166,
              5046.707467947354
            ],
            [
              1231.8211723891197,
              5034.4748714351435
            ],
            [
              1238.4471621665678,
              5027.8488816576955
            ],
            [
              1244.053768901331,
              5015.106593624142
            ],
            [
              1244.5634604226732,
              5005.422454718641
            ],
            [
              1240.4859282519362,
              4995.738315813141
            ],
            [
              1231.3114808677776,
              4991.660783642405
            ],
            [
              1223.156416526303,
              4993.1898582064305
            ],
            [
              1219.5885758769082,
              4995.738315813141
            ],
            [
              1220.0982673982503,
              4959.040526276506
            ],
            [
              1216.5304267488555,
              4950.37577041369
            ],
            [
              1200.7299895872488,
              4931.51718412403
            ],
            [
              1186.4586269896688,
              4923.8718113038985
            ],
            [
              1169.638806785378,
              4923.362119782557
            ],
            [
              1156.8965187518245,
              4927.439651953294
            ],
            [
              1145.173613760955,
              4935.085024773426
            ],
            [
              1138.547623983507,
              4944.259472157584
            ],
            [
              1134.9797833341122,
              4960.05990931919
            ],
            [
              1134.9797833341122,
              4975.350654959455
            ],
            [
              1142.1154646329019,
              5013.577519060116
            ],
            [
              1126.3150274712957,
              5014.087210581458
            ],
            [
              1105.4176750962679,
              5038.04271208454
            ],
            [
              1099.3013768401615,
              5058.4303729382245
            ],
            [
              1095.7335361907672,
              5082.3858744413055
            ],
            [
              1095.7335361907672,
              5096.657237038886
            ],
            [
              1101.8498344468726,
              5106.3413759443865
            ],
            [
              1146.7026883249816,
              5115.515823328546
            ]
          ]
        ]
      },
      "properties": {
        "annotation_id": "6ff96d17-50e8-4cdc-8fd4-4f546ddd5c06",
        "label": "GP5",
        "probabilities": null,
        "tags": []
      }
    },
    {
      "type": "Feature",
      "geometry": {
        "type": "Polygon",
        "coordinates": [
          [
            [
              2849.9624548091897,
              21858.70875066367
            ],
            [
              2847.0925479066973,
              21860.143704114915
            ],
            [
              2850.440772626272,
              21860.622021932
            ],
            [
              2856.658904248339,
              21856.31716157826
            ],
            [
              2860.0071289679136,
              21852.968936858684
            ],
            [
              2863.8336715045707,
              21845.794169602454
            ],
            [
              2868.616849675391,
              21821.399960931267
            ],
            [
              2862.398718053324,
              21787.917713735522
            ],
            [
              2860.963764602078,
              21771.65490795473
            ],
            [
              2857.615539882503,
              21761.610233796007
            ],
            [
              2846.135912272533,
              21742.955838929804
            ],
            [
              2835.612920296727,
              21730.041257868586
            ],
            [
              2828.9164708575777,
              21729.084622234423
            ],
            [
              2817.436843247607,
              21733.38948258816
            ],
            [
              2811.21871162554,
              21737.6943429419
            ],
            [
              2806.913851271802,
              21742.955838929804
            ],
            [
              2802.1306731009804,
              21762.56686943017
            ],
            [
              2802.1306731009804,
              21773.568179223057
            ],
            [
              2805.0005800034733,
              21779.307993028044
            ],
            [
              2807.8704869059657,
              21780.742946479288
            ],
            [
              2827.959835223414,
              21780.264628662208
            ],
            [
              2830.8297421259063,
              21781.22126429637
            ],
            [
              2835.612920296727,
              21786.004442467194
            ],
            [
              2835.612920296727,
              21795.570798808832
            ],
            [
              2832.2646955771525,
              21801.31061261382
            ],
            [
              2826.524881772167,
              21804.180519516314
            ],
            [
              2816.9585254305257,
              21805.615472967558
            ],
            [
              2816.0018897963614,
              21809.442015504213
            ],
            [
              2818.871796698854,
              21819.96500748002
            ],
            [
              2827.4815174063315,
              21834.792859809568
            ],
            [
              2836.091238113809,
              21840.05435579747
            ],
            [
              2842.7876875529582,
              21838.619402346223
            ],
            [
              2849.9624548091897,
              21858.70875066367
            ]
          ]
        ]
      },
      "properties": {
        "annotation_id": "704b4375-3d34-46b8-af5b-28efa9c7deb1",
        "label": "GP5",
        "probabilities": {
          "GP3": 0,
          "GP4": 0,
          "GP5": 1,
          "Benign": 0
        },
        "tags": []
      }
    },
    {
      "type": "Feature",
      "geometry": {
        "type": "Polygon",
        "coordinates": [
          [
            [
              3000.5295143286844,
              14758.004478650157
            ],
            [
              2993.6521420629615,
              14755.71202122825
            ],
            [
              2977.6049401096075,
              14763.162507849449
            ],
            [
              2975.3124826877,
              14766.028079626834
            ],
            [
              2972.4469109103156,
              14776.344138025419
            ],
            [
              2971.3006821993617,
              14800.988055310927
            ],
            [
              2948.949222335762,
              14800.988055310927
            ],
            [
              2937.4869352262235,
              14806.719198865696
            ],
            [
              2934.621363448839,
              14810.157884998556
            ],
            [
              2925.451533761208,
              14833.082459217634
            ],
            [
              2924.8784194057316,
              14848.55654681551
            ],
            [
              2922.5859619838234,
              14855.433919081233
            ],
            [
              2919.147275850962,
              14858.299490858619
            ],
            [
              2907.6849887414237,
              14864.030634413388
            ],
            [
              2887.052871944254,
              14864.603748768863
            ],
            [
              2874.444356123762,
              14867.469320546248
            ],
            [
              2859.5433828813625,
              14874.91980716745
            ],
            [
              2839.48438043967,
              14889.82078040985
            ],
            [
              2830.887665107516,
              14909.306668496065
            ],
            [
              2830.887665107516,
              14913.318468984402
            ],
            [
              2838.338151728716,
              14924.207641738463
            ],
            [
              2841.203723506101,
              14926.500099160372
            ],
            [
              2856.677811103978,
              14930.51189964871
            ],
            [
              2868.1400982135165,
              14930.51189964871
            ],
            [
              2885.333528877824,
              14922.488298672033
            ],
            [
              2902.526959542131,
              14909.306668496065
            ],
            [
              2917.4279327845315,
              14901.283067519387
            ],
            [
              2938.6331639371774,
              14893.25946654271
            ],
            [
              2944.3643074919464,
              14886.955208632466
            ],
            [
              2954.6803658905314,
              14864.603748768863
            ],
            [
              2961.5577381562543,
              14854.287690370278
            ],
            [
              2970.7275678438846,
              14845.117860682649
            ],
            [
              2977.6049401096075,
              14842.82540326074
            ],
            [
              2988.4941128636697,
              14835.374916639543
            ],
            [
              2997.6639425513,
              14823.339515174526
            ],
            [
              3000.5295143286844,
              14811.877228064988
            ],
            [
              2998.237056906777,
              14782.075281580188
            ],
            [
              3001.6757430396383,
              14770.039880115171
            ],
            [
              3000.5295143286844,
              14758.004478650157
            ]
          ]
        ]
      },
      "properties": {
        "annotation_id": "72cacc34-d7a5-439c-8c67-bd6d8480c3b2",
        "label": "GP5",
        "probabilities": null,
        "tags": []
      }
    },
    {
      "type": "Feature",
      "geometry": {
        "type": "Polygon",
        "coordinates": [
          [
            [
              3968.064286874818,
              21006.204057208004
            ],
            [
              3981.9355035701988,
              21009.0739641105
            ],
            [
              4021.1575645709304,
              21005.725739390924
            ],
            [
              4049.8566335958553,
              20999.507607768854
            ],
            [
              4063.249532474154,
              20999.029289951774
            ],
            [
              4099.601686572393,
              21011.465553195907
            ],
            [
              4114.429538901938,
              21009.55228192758
            ],
            [
              4153.65159990267,
              20995.20274741512
            ],
            [
              4182.828986744677,
              20965.547042756025
            ],
            [
              4185.220575830087,
              20960.285546768126
            ],
            [
              4172.305994768871,
              20955.024050780223
            ],
            [
              4151.738328634341,
              20955.024050780223
            ],
            [
              4115.864492353185,
              20981.331530719737
            ],
            [
              4100.080004389475,
              20985.158073256393
            ],
            [
              4063.249532474154,
              20977.983306000162
            ],
            [
              4057.5097186691687,
              20973.678445646423
            ],
            [
              4057.5097186691687,
              20966.503678390192
            ],
            [
              4061.336261205826,
              20955.502368597303
            ],
            [
              4083.817198608684,
              20934.93470246277
            ],
            [
              4100.080004389475,
              20927.75993520654
            ],
            [
              4106.776453828625,
              20919.628532316146
            ],
            [
              4111.559631999446,
              20883.276378217906
            ],
            [
              4115.386174536102,
              20871.318432790853
            ],
            [
              4111.081314182364,
              20863.18702990046
            ],
            [
              4101.993275657804,
              20859.838805180883
            ],
            [
              4092.4269193161617,
              20864.143665534622
            ],
            [
              4081.903927340356,
              20875.144975327512
            ],
            [
              4074.7291600841245,
              20886.62460293748
            ],
            [
              4068.5110284620578,
              20891.407781108304
            ],
            [
              4049.3783157787734,
              20887.10292075456
            ],
            [
              4022.5925180221766,
              20892.364416742468
            ],
            [
              3993.8934489972507,
              20891.886098925384
            ],
            [
              3968.5426046918997,
              20903.365726535354
            ],
            [
              3958.976248350258,
              20910.062175974504
            ],
            [
              3954.6713879965196,
              20915.80198977949
            ],
            [
              3948.9315741915343,
              20933.021431194444
            ],
            [
              3942.713442569467,
              20994.724429598034
            ],
            [
              3968.064286874818,
              21006.204057208004
            ]
          ]
        ]
      },
      "properties": {
        "annotation_id": "72db81de-dbfc-43bc-831e-2a3fc9a15033",
        "label": "GP5",
        "probabilities": null,
        "tags": []
      }
    },
    {
      "type": "Feature",
      "geometry": {
        "type": "Polygon",
        "coordinates": [
          [
            [
              2199.9991696888183,
              6770.910932813846
            ],
            [
              2214.8544888391434,
              6773.969380874207
            ],
            [
              2235.826704110191,
              6781.397040449369
            ],
            [
              2251.118944411996,
              6779.212434691969
            ],
            [
              2264.2265789564008,
              6771.347853965325
            ],
            [
              2281.266503864126,
              6753.87100790612
            ],
            [
              2284.7618730759677,
              6746.443348330958
            ],
            [
              2285.1987942274477,
              6735.083398392473
            ],
            [
              2279.9557404096863,
              6699.692785122581
            ],
            [
              2270.3434750771225,
              6682.6528602148555
            ],
            [
              2259.8573674415993,
              6672.603673730811
            ],
            [
              2251.5558655634763,
              6669.982146821931
            ],
            [
              2238.0113098675915,
              6670.855989124891
            ],
            [
              2214.8544888391434,
              6677.409806397093
            ],
            [
              2189.0761409018146,
              6690.517440941498
            ],
            [
              2187.328456295894,
              6687.895914032618
            ],
            [
              2188.639219750334,
              6680.468254457453
            ],
            [
              2205.67914465806,
              6646.388404642003
            ],
            [
              2208.737592718421,
              6629.785400885758
            ],
            [
              2207.8637504154613,
              6613.182397129511
            ],
            [
              2205.67914465806,
              6606.628579857309
            ],
            [
              2201.3099331432586,
              6602.259368342507
            ],
            [
              2191.2607466592153,
              6598.327077979186
            ],
            [
              2175.09466405445,
              6597.453235676226
            ],
            [
              2165.045477570406,
              6601.385526039547
            ],
            [
              2155.8701333893227,
              6614.056239432472
            ],
            [
              2151.0640007230413,
              6629.785400885758
            ],
            [
              2147.5686315112002,
              6663.865250701208
            ],
            [
              2149.753237268601,
              6705.372760091823
            ],
            [
              2152.811685328962,
              6715.8588677273465
            ],
            [
              2158.054739146724,
              6721.975763848069
            ],
            [
              2166.7931621763264,
              6723.286527302509
            ],
            [
              2199.9991696888183,
              6770.910932813846
            ]
          ]
        ]
      },
      "properties": {
        "annotation_id": "72fcce47-f441-4114-985a-fbbe4b66fca7",
        "label": "GP5",
        "probabilities": null,
        "tags": []
      }
    },
    {
      "type": "Feature",
      "geometry": {
        "type": "Polygon",
        "coordinates": [
          [
            [
              1360.3755196771463,
              6511.5259402282345
            ],
            [
              1355.1324658593842,
              6510.652097925275
            ],
            [
              1352.5109389505033,
              6511.089019076754
            ],
            [
              1347.7048062842218,
              6532.935076650762
            ],
            [
              1347.2678851327414,
              6543.421184286286
            ],
            [
              1350.3263331931025,
              6562.208793799932
            ],
            [
              1352.5109389505033,
              6565.704163011773
            ],
            [
              1356.0063081623446,
              6567.888768769174
            ],
            [
              1362.997046586027,
              6568.762611072135
            ],
            [
              1375.6677599789514,
              6566.578005314733
            ],
            [
              1377.852365736352,
              6563.956478405853
            ],
            [
              1378.2892868878323,
              6560.898030345491
            ],
            [
              1373.0462330700702,
              6532.061234347801
            ],
            [
              1373.9200753730306,
              6520.701284409317
            ],
            [
              1373.0462330700702,
              6509.341334470833
            ],
            [
              1373.9200753730306,
              6489.679882654227
            ],
            [
              1372.1723907671103,
              6483.126065382025
            ],
            [
              1368.2401004037888,
              6477.446090412782
            ],
            [
              1362.997046586027,
              6473.513800049461
            ],
            [
              1339.8402255575788,
              6464.775377019858
            ],
            [
              1331.538723679456,
              6464.775377019858
            ],
            [
              1329.7910390735353,
              6467.396903928739
            ],
            [
              1328.9171967705752,
              6477.883011564263
            ],
            [
              1331.101802527976,
              6490.116803805707
            ],
            [
              1333.2864082853766,
              6496.23369992643
            ],
            [
              1335.9079351942578,
              6501.039832592711
            ],
            [
              1339.8402255575788,
              6503.6613595015915
            ],
            [
              1346.3940428297813,
              6504.972122956033
            ],
            [
              1360.3755196771463,
              6511.5259402282345
            ]
          ]
        ]
      },
      "properties": {
        "annotation_id": "76a7bd8b-6b48-4769-86d1-66d0ecb463db",
        "label": "GP5",
        "probabilities": null,
        "tags": []
      }
    },
    {
      "type": "Feature",
      "geometry": {
        "type": "Polygon",
        "coordinates": [
          [
            [
              2420.0594727377297,
              11266.272984027404
            ],
            [
              2416.3816330175264,
              11264.893794132326
            ],
            [
              2423.737312457933,
              11263.054874272224
            ],
            [
              2432.472181793416,
              11263.054874272224
            ],
            [
              2480.2840981560576,
              11275.007853362884
            ],
            [
              2529.01547444875,
              11275.46758332791
            ],
            [
              2532.693314168953,
              11275.007853362884
            ],
            [
              2553.381162595096,
              11262.595144307199
            ],
            [
              2556.1395423852487,
              11259.37703455202
            ],
            [
              2556.1395423852487,
              11255.239464866792
            ],
            [
              2551.082512769969,
              11245.125405636234
            ],
            [
              2538.210073749258,
              11226.736207035217
            ],
            [
              2535.451693959106,
              11212.024848154406
            ],
            [
              2531.314124273877,
              11205.128898679024
            ],
            [
              2520.740335078293,
              11196.853759308568
            ],
            [
              2510.1665458827083,
              11191.796729693287
            ],
            [
              2498.213566792048,
              11179.384020637603
            ],
            [
              2489.01896749154,
              11176.165910882424
            ],
            [
              2476.146528470829,
              11174.326991022323
            ],
            [
              2467.8713891003717,
              11174.326991022323
            ],
            [
              2441.6667810939234,
              11184.900780217906
            ],
            [
              2423.737312457933,
              11188.57861993811
            ],
            [
              2412.244063332298,
              11196.853759308568
            ],
            [
              2406.727303751993,
              11207.42754850415
            ],
            [
              2395.6937845913835,
              11238.68918612588
            ],
            [
              2396.6132445214344,
              11242.367025846082
            ],
            [
              2399.8313542766123,
              11245.585135601259
            ],
            [
              2407.187033717019,
              11248.343515391412
            ],
            [
              2420.0594727377297,
              11266.272984027404
            ]
          ]
        ]
      },
      "properties": {
        "annotation_id": "797c3206-acca-4fca-9b4b-8423e433cdc3",
        "label": "GP5",
        "probabilities": null,
        "tags": []
      }
    },
    {
      "type": "Feature",
      "geometry": {
        "type": "Polygon",
        "coordinates": [
          [
            [
              2306.578026933135,
              10089.15552941495
            ],
            [
              2311.1567993881918,
              10091.117860467117
            ],
            [
              2317.6979028954165,
              10095.696632922174
            ],
            [
              2330.780109909866,
              10110.087060638069
            ],
            [
              2332.742440962033,
              10114.011722742402
            ],
            [
              2342.5540962228697,
              10115.974053794569
            ],
            [
              2356.2904135880417,
              10116.628164145292
            ],
            [
              2360.2150756923766,
              10115.319943443847
            ],
            [
              2362.831517095266,
              10112.049391690236
            ],
            [
              2364.7938481474334,
              10107.470619235179
            ],
            [
              2368.7185102517687,
              10095.04252257145
            ],
            [
              2369.3726206024908,
              10085.230867310614
            ],
            [
              2368.7185102517687,
              10081.30620520628
            ],
            [
              2360.2150756923766,
              10063.645225736775
            ],
            [
              2353.673972185152,
              10053.179460125213
            ],
            [
              2340.5917651707027,
              10040.097253110764
            ],
            [
              2327.5095581562537,
              10030.285597849928
            ],
            [
              2322.276675350474,
              10028.977377148483
            ],
            [
              2306.578026933135,
              10028.977377148483
            ],
            [
              2303.3074751795225,
              10031.593818551373
            ],
            [
              2300.0369234259106,
              10035.518480655708
            ],
            [
              2296.766371672298,
              10042.713694513655
            ],
            [
              2288.262937112906,
              10055.795901528105
            ],
            [
              2286.3006060607386,
              10061.028784333883
            ],
            [
              2289.571157814351,
              10066.261667139663
            ],
            [
              2306.578026933135,
              10089.15552941495
            ]
          ]
        ]
      },
      "properties": {
        "annotation_id": "7a5c65da-b60f-4cbd-8b4d-e88be602a9cf",
        "label": "GP4",
        "probabilities": null,
        "tags": []
      }
    },
    {
      "type": "Feature",
      "geometry": {
        "type": "Polygon",
        "coordinates": [
          [
            [
              1928.4601712515741,
              9865.952438708306
            ],
            [
              1924.5912820129315,
              9867.610534096295
            ],
            [
              1927.9074727889106,
              9865.952438708306
            ],
            [
              1934.5398543408696,
              9858.767358693683
            ],
            [
              1937.3033466541856,
              9852.687675604388
            ],
            [
              1938.408743579512,
              9848.818786365746
            ],
            [
              1938.408743579512,
              9835.001324799165
            ],
            [
              1935.0925528035327,
              9809.577195516657
            ],
            [
              1924.5912820129315,
              9770.335604667567
            ],
            [
              1920.1696943116256,
              9762.597826190282
            ],
            [
              1917.4062019983094,
              9760.38703233963
            ],
            [
              1901.377946581076,
              9752.096555399681
            ],
            [
              1894.7455650291172,
              9749.333063086366
            ],
            [
              1883.1388973131895,
              9749.333063086366
            ],
            [
              1876.5065157612307,
              9753.75465078767
            ],
            [
              1874.2957219105776,
              9757.623540026312
            ],
            [
              1873.1903249852514,
              9792.99624163676
            ],
            [
              1875.4011188359043,
              9796.865130875403
            ],
            [
              1882.033500387863,
              9802.944813964697
            ],
            [
              1895.2982634917805,
              9818.973069381931
            ],
            [
              1898.6144542677598,
              9818.973069381931
            ],
            [
              1901.377946581076,
              9816.762275531279
            ],
            [
              1909.115725058361,
              9845.502595589765
            ],
            [
              1915.1954081476565,
              9854.345770992377
            ],
            [
              1921.8277896996153,
              9860.425454081673
            ],
            [
              1925.1439804755946,
              9862.083549469664
            ],
            [
              1928.4601712515741,
              9865.952438708306
            ]
          ]
        ]
      },
      "properties": {
        "annotation_id": "7a5c6c5b-7ce4-4772-a13e-c78d6d55d129",
        "label": "GP5",
        "probabilities": null,
        "tags": []
      }
    },
    {
      "type": "Feature",
      "geometry": {
        "type": "Polygon",
        "coordinates": [
          [
            [
              2787.302820771436,
              21713.300134270714
            ],
            [
              2784.432913868943,
              21714.73508772196
            ],
            [
              2784.911231686025,
              21711.865180819466
            ],
            [
              2790.1727276739284,
              21707.56032046573
            ],
            [
              2796.8691771130775,
              21696.55901067284
            ],
            [
              2798.3041305643237,
              21693.210785953266
            ],
            [
              2800.695719649734,
              21679.81788707497
            ],
            [
              2803.0873087351447,
              21674.078073269982
            ],
            [
              2805.957215637637,
              21669.773212916243
            ],
            [
              2815.523571979279,
              21661.163492208765
            ],
            [
              2816.9585254305257,
              21657.33694967211
            ],
            [
              2817.9151610646895,
              21613.33171050056
            ],
            [
              2814.5669363451148,
              21607.11357887849
            ],
            [
              2811.6970294426224,
              21604.243671975997
            ],
            [
              2807.8704869059657,
              21602.80871852475
            ],
            [
              2799.260766198488,
              21603.765354158917
            ],
            [
              2784.432913868943,
              21608.548532329736
            ],
            [
              2777.736464429794,
              21613.81002831764
            ],
            [
              2772.4749684418907,
              21624.81133811053
            ],
            [
              2764.8218833685773,
              21669.773212916243
            ],
            [
              2762.908612100249,
              21682.68779397746
            ],
            [
              2762.908612100249,
              21689.38424341661
            ],
            [
              2763.386929917331,
              21696.55901067284
            ],
            [
              2767.213472453988,
              21708.03863828281
            ],
            [
              2771.0400149906445,
              21712.821816453634
            ],
            [
              2778.214782246876,
              21716.64835899029
            ],
            [
              2787.302820771436,
              21713.300134270714
            ]
          ]
        ]
      },
      "properties": {
        "annotation_id": "7aa4a180-9844-4f7c-9b32-59c599207f7d",
        "label": "GP4",
        "probabilities": null,
        "tags": []
      }
    },
    {
      "type": "Feature",
      "geometry": {
        "type": "Polygon",
        "coordinates": [
          [
            [
              2478.7409816772,
              17965.813693949956
            ],
            [
              2473.6315333833477,
              17969.645780170347
            ],
            [
              2454.471102281403,
              17973.90365374856
            ],
            [
              2438.7169700420263,
              17983.696762978438
            ],
            [
              2423.8144125182916,
              17998.599320502173
            ],
            [
              2411.4665791414827,
              18021.591837824508
            ],
            [
              2405.505556131989,
              18044.15856778902
            ],
            [
              2405.505556131989,
              18053.951677018904
            ],
            [
              2428.9238608121436,
              18081.202067919447
            ],
            [
              2433.1817343903535,
              18090.143602433687
            ],
            [
              2428.9238608121436,
              18099.93671166357
            ],
            [
              2405.505556131989,
              18119.522930123338
            ],
            [
              2400.3961078381367,
              18128.8902519954
            ],
            [
              2386.7709123878653,
              18176.152648713527
            ],
            [
              2388.048274461328,
              18188.92626944816
            ],
            [
              2397.841383691211,
              18194.88729245765
            ],
            [
              2407.208705563273,
              18196.590441888937
            ],
            [
              2422.1112630870075,
              18191.480993595083
            ],
            [
              2428.4980734543224,
              18185.945757943413
            ],
            [
              2437.8653953263843,
              18170.617413061856
            ],
            [
              2457.45161378615,
              18155.71485553812
            ],
            [
              2460.432125290897,
              18156.992217611583
            ],
            [
              2471.076809236422,
              18179.133160218276
            ],
            [
              2477.8894069615576,
              18188.500482090334
            ],
            [
              2485.979366760157,
              18189.7778441638
            ],
            [
              2496.6240507056814,
              18187.648907374696
            ],
            [
              2504.714010504281,
              18182.539459080843
            ],
            [
              2507.2687346512066,
              18178.28158550263
            ],
            [
              2509.8234587981324,
              18166.359539483645
            ],
            [
              2509.3976714403116,
              18149.328045170805
            ],
            [
              2499.1787748526076,
              18120.37450483898
            ],
            [
              2487.6825161914408,
              18105.897734673064
            ],
            [
              2462.1352747221813,
              18094.4014760119
            ],
            [
              2441.2716941889526,
              18068.428447184815
            ],
            [
              2435.7364585372793,
              18052.24852758762
            ],
            [
              2435.3106711794585,
              18044.584355146842
            ],
            [
              2439.5685447576684,
              18037.345970063885
            ],
            [
              2454.8968896392244,
              18024.146561971433
            ],
            [
              2480.8699184663046,
              18007.115067658593
            ],
            [
              2484.7020046866937,
              18001.57983200692
            ],
            [
              2478.7409816772,
              17965.813693949956
            ]
          ]
        ]
      },
      "properties": {
        "annotation_id": "7b8d38e9-bdc6-4e43-9060-7ca03ab2ca6c",
        "label": "GP5",
        "probabilities": null,
        "tags": []
      }
    },
    {
      "type": "Feature",
      "geometry": {
        "type": "Polygon",
        "coordinates": [
          [
            [
              2460.857912648718,
              18492.938442932358
            ],
            [
              2452.767952850119,
              18497.19631651057
            ],
            [
              2458.3031885017917,
              18501.8799774466
            ],
            [
              2468.5220850894957,
              18506.989425740452
            ],
            [
              2478.7409816771997,
              18508.692575171735
            ],
            [
              2486.830941475798,
              18503.15733952006
            ],
            [
              2492.3661771274715,
              18496.34474179493
            ],
            [
              2496.624050705681,
              18486.977419922863
            ],
            [
              2499.178774852607,
              18453.766006012826
            ],
            [
              2491.088815054008,
              18430.347701332674
            ],
            [
              2483.4246426132304,
              18422.683528891892
            ],
            [
              2472.354171309885,
              18416.7225058824
            ],
            [
              2471.0768092364215,
              18414.167781735472
            ],
            [
              2471.0768092364215,
              18409.058333441622
            ],
            [
              2479.1667690350205,
              18405.652034579056
            ],
            [
              2482.1472805397675,
              18400.11679892738
            ],
            [
              2482.5730678975883,
              18392.452626486604
            ],
            [
              2480.0183437506626,
              18384.362666688005
            ],
            [
              2465.1157862269274,
              18365.62802294388
            ],
            [
              2444.252205693699,
              18345.190229768476
            ],
            [
              2437.865395326384,
              18341.783930905905
            ],
            [
              2427.6464987386803,
              18341.783930905905
            ],
            [
              2421.259688371365,
              18343.91286769501
            ],
            [
              2415.2986653618714,
              18348.17074127322
            ],
            [
              2408.9118549945565,
              18357.538063145283
            ],
            [
              2405.079768774168,
              18369.460109164273
            ],
            [
              2406.7829182054516,
              18380.956367825434
            ],
            [
              2414.4470906462293,
              18404.800459863414
            ],
            [
              2422.111263087007,
              18436.734511699986
            ],
            [
              2428.923860812143,
              18453.34021865501
            ],
            [
              2438.716970042026,
              18467.3912014631
            ],
            [
              2444.252205693699,
              18472.50064975695
            ],
            [
              2453.619527565761,
              18477.18431069298
            ],
            [
              2465.1157862269274,
              18479.31324748209
            ],
            [
              2460.857912648718,
              18492.938442932358
            ]
          ]
        ]
      },
      "properties": {
        "annotation_id": "7cfee519-fb04-4efd-a6c5-470f16b28d4b",
        "label": "GP4",
        "probabilities": null,
        "tags": []
      }
    },
    {
      "type": "Feature",
      "geometry": {
        "type": "Polygon",
        "coordinates": [
          [
            [
              2164.8643891606716,
              14087.25053966376
            ],
            [
              2162.357355474035,
              14086.832700715986
            ],
            [
              2156.0897712574433,
              14070.536981752848
            ],
            [
              2146.8973144064425,
              14062.180202797394
            ],
            [
              2131.43727333885,
              14060.508847006302
            ],
            [
              2098.8458354125733,
              14064.687236484031
            ],
            [
              2075.8646932850706,
              14055.076940685256
            ],
            [
              2063.7473637996604,
              14044.630966990937
            ],
            [
              2054.1370680008868,
              14027.08173118448
            ],
            [
              2049.5408395753857,
              14010.368173273571
            ],
            [
              2047.8694837842947,
              13991.147581676021
            ],
            [
              2054.554906948659,
              13972.344829026246
            ],
            [
              2068.3435922251606,
              13961.063177436383
            ],
            [
              2087.5641838227084,
              13955.213432167562
            ],
            [
              2126.841044913349,
              13930.97877319674
            ],
            [
              2141.465408085396,
              13925.96470582347
            ],
            [
              2146.4794754586696,
              13919.697121606878
            ],
            [
              2146.8973144064425,
              13906.326275278148
            ],
            [
              2142.7189249287144,
              13891.7019121061
            ],
            [
              2127.6767228088947,
              13871.227803665235
            ],
            [
              2114.7237154279387,
              13868.720769978598
            ],
            [
              2087.5641838227084,
              13872.481320508554
            ],
            [
              2056.644101687523,
              13891.7019121061
            ],
            [
              2028.2310532389743,
              13917.607926868015
            ],
            [
              2012.7710121713815,
              13946.020975316562
            ],
            [
              2002.7428774248351,
              13991.565420623796
            ],
            [
              1995.221776364925,
              13996.997326944842
            ],
            [
              1975.1655068718321,
              14002.847072213659
            ],
            [
              1969.3157616030132,
              14011.621690116886
            ],
            [
              1966.3908889686036,
              14035.020671192164
            ],
            [
              1968.0622447596947,
              14047.138000677574
            ],
            [
              1973.494151080741,
              14062.598041745165
            ],
            [
              1990.6255479394247,
              14091.428929141488
            ],
            [
              2024.4705027090195,
              14116.499266007853
            ],
            [
              2042.4375774632488,
              14121.9311723289
            ],
            [
              2058.733296426387,
              14123.60252811999
            ],
            [
              2085.057150136072,
              14120.677655485582
            ],
            [
              2111.7988427935293,
              14123.60252811999
            ],
            [
              2118.066427010121,
              14122.349011276674
            ],
            [
              2144.3902807198056,
              14105.635453365761
            ],
            [
              2164.8643891606716,
              14087.25053966376
            ]
          ]
        ]
      },
      "properties": {
        "annotation_id": "7e6ae906-d278-4d4f-a25a-de762af942e5",
        "label": "GP5",
        "probabilities": null,
        "tags": []
      }
    },
    {
      "type": "Feature",
      "geometry": {
        "type": "Polygon",
        "coordinates": [
          [
            [
              778.8835353094738,
              2873.4420838673173
            ],
            [
              781.240841594212,
              2868.7274712978397
            ],
            [
              782.0266103557917,
              2862.441321205203
            ],
            [
              781.240841594212,
              2852.2263273046706
            ],
            [
              775.7404602631557,
              2832.5821082651814
            ],
            [
              766.3112351242016,
              2809.794814179377
            ],
            [
              756.8820099852475,
              2799.5798202788433
            ],
            [
              728.5943345683853,
              2776.7925261930377
            ],
            [
              716.0220343831131,
              2770.506376100401
            ],
            [
              708.9501155288978,
              2769.7206073388224
            ],
            [
              701.8781966746823,
              2780.721370000935
            ],
            [
              701.0924279131029,
              2787.7932888551504
            ],
            [
              703.449734197841,
              2873.4420838673173
            ],
            [
              704.2355029594207,
              2882.0855402446914
            ],
            [
              706.5928092441593,
              2887.5859215757473
            ],
            [
              711.3074218136362,
              2890.728996622065
            ],
            [
              719.1651094294314,
              2890.728996622065
            ],
            [
              756.8820099852475,
              2878.9424651983736
            ],
            [
              778.8835353094738,
              2873.4420838673173
            ]
          ]
        ]
      },
      "properties": {
        "annotation_id": "81be0e9f-6130-4783-848b-7ffcb4728a8d",
        "label": "GP4",
        "probabilities": null,
        "tags": []
      }
    },
    {
      "type": "Feature",
      "geometry": {
        "type": "Polygon",
        "coordinates": [
          [
            [
              1580.639590479959,
              8754.712427943501
            ],
            [
              1575.4008804647303,
              8756.022105447308
            ],
            [
              1572.1266867052125,
              8758.641460454923
            ],
            [
              1579.329912976152,
              8751.438234183983
            ],
            [
              1585.2234617432841,
              8741.61565290543
            ],
            [
              1587.187977998995,
              8734.41242663449
            ],
            [
              1587.187977998995,
              8714.112425325478
            ],
            [
              1589.1524942547057,
              8707.564037806444
            ],
            [
              1593.7363655180307,
              8704.289844046925
            ],
            [
              1602.2492692927772,
              8701.67048903931
            ],
            [
              1611.4170118194274,
              8693.157585264564
            ],
            [
              1629.0976581208245,
              8687.264036497432
            ],
            [
              1631.7170131284386,
              8682.680165234106
            ],
            [
              1634.3363681360527,
              8672.20274520365
            ],
            [
              1639.5750781512816,
              8630.29306508182
            ],
            [
              1634.3363681360527,
              8621.12532255517
            ],
            [
              1625.1686256094029,
              8616.541451291845
            ],
            [
              1604.8686243003917,
              8613.922096284232
            ],
            [
              1598.3202367813556,
              8615.231773788037
            ],
            [
              1587.8428167508985,
              8621.12532255517
            ],
            [
              1579.329912976152,
              8628.983387578013
            ],
            [
              1577.3653967204411,
              8634.222097593241
            ],
            [
              1577.3653967204411,
              8640.770485112278
            ],
            [
              1583.9137842394769,
              8658.451131413674
            ],
            [
              1581.9492679837663,
              8662.380163925096
            ],
            [
              1571.4718479533092,
              8666.309196436518
            ],
            [
              1539.3847491100332,
              8669.583390196036
            ],
            [
              1533.491200342901,
              8671.547906451746
            ],
            [
              1519.7395865529259,
              8677.441455218877
            ],
            [
              1511.8815215300829,
              8685.954358993626
            ],
            [
              1508.607327770565,
              8694.467262768372
            ],
            [
              1508.607327770565,
              8714.112425325478
            ],
            [
              1520.3944253048296,
              8746.854362920658
            ],
            [
              1528.2524903276726,
              8757.98662170302
            ],
            [
              1534.1460390948046,
              8761.915654214441
            ],
            [
              1540.6944266138403,
              8763.225331718248
            ],
            [
              1549.2073303885873,
              8761.260815462538
            ],
            [
              1580.639590479959,
              8754.712427943501
            ]
          ]
        ]
      },
      "properties": {
        "annotation_id": "81d31d9a-199e-4516-bef0-098b1a09bb0f",
        "label": "GP5",
        "probabilities": null,
        "tags": []
      }
    },
    {
      "type": "Feature",
      "geometry": {
        "type": "Polygon",
        "coordinates": [
          [
            [
              1689.6752647600017,
              6959.660870253271
            ],
            [
              1684.4322109422396,
              6962.282397162153
            ],
            [
              1690.112185911482,
              6963.156239465112
            ],
            [
              1695.7921608807237,
              6958.35010679883
            ],
            [
              1727.6874049387745,
              6909.851858984534
            ],
            [
              1745.601172149461,
              6914.657991650815
            ],
            [
              1753.0288317246234,
              6914.657991650815
            ],
            [
              1760.456491299786,
              6910.288780136014
            ],
            [
              1766.136466269028,
              6903.734962863811
            ],
            [
              1777.496416207512,
              6880.5781418353645
            ],
            [
              1783.6133123282339,
              6862.227453473197
            ],
            [
              1784.9240757826744,
              6832.953736324027
            ],
            [
              1788.4194449945157,
              6821.593786385543
            ],
            [
              1801.9640006904006,
              6817.661496022222
            ],
            [
              1807.6439756596424,
              6801.058492265976
            ],
            [
              1810.7024237200035,
              6782.270882752329
            ],
            [
              1810.2655025685233,
              6770.037090510886
            ],
            [
              1808.0808968111226,
              6760.424825178321
            ],
            [
              1803.711685296321,
              6755.181771360561
            ],
            [
              1788.856366145996,
              6753.87100790612
            ],
            [
              1771.8164412382698,
              6756.92945596648
            ],
            [
              1761.7672547542263,
              6760.424825178321
            ],
            [
              1744.7273298465007,
              6770.474011662365
            ],
            [
              1734.241222210977,
              6773.532459722727
            ],
            [
              1725.502799181374,
              6773.532459722727
            ],
            [
              1723.7551145754535,
              6775.7170654801275
            ],
            [
              1716.3274550002907,
              6824.6522344459045
            ],
            [
              1702.3459781529257,
              6856.547478503955
            ],
            [
              1689.2383436085215,
              6870.52895535132
            ],
            [
              1686.1798955481604,
              6878.393536077962
            ],
            [
              1679.6260782759578,
              6886.695037956086
            ],
            [
              1665.207680277113,
              6896.307303288649
            ],
            [
              1660.4015476108314,
              6904.171884015292
            ],
            [
              1660.4015476108314,
              6913.347228196376
            ],
            [
              1671.324576397835,
              6942.1840241940645
            ],
            [
              1689.6752647600017,
              6959.660870253271
            ]
          ]
        ]
      },
      "properties": {
        "annotation_id": "828e6865-d803-4a78-9980-dc53bb6049c6",
        "label": "GP4",
        "probabilities": null,
        "tags": []
      }
    },
    {
      "type": "Feature",
      "geometry": {
        "type": "Polygon",
        "coordinates": [
          [
            [
              2303.9864037410966,
              6427.053986598963
            ],
            [
              2330.638593981386,
              6436.2293307800455
            ],
            [
              2340.687780465429,
              6437.540094234487
            ],
            [
              2366.9030495542384,
              6434.044725022645
            ],
            [
              2378.2629994927224,
              6429.238592356363
            ],
            [
              2384.379895613444,
              6419.6263270238005
            ],
            [
              2387.8752648252857,
              6401.712559813114
            ],
            [
              2386.5645013708454,
              6384.2357137539075
            ],
            [
              2379.573762947163,
              6369.380394603582
            ],
            [
              2370.39841876608,
              6360.641971573979
            ],
            [
              2357.727705373155,
              6353.651233150298
            ],
            [
              2349.8631246465125,
              6351.0297062414165
            ],
            [
              2341.5616227683895,
              6351.0297062414165
            ],
            [
              2327.5801459210247,
              6355.398917756218
            ],
            [
              2306.1710094984974,
              6369.380394603582
            ],
            [
              2304.5219845074275,
              6371.029419594653
            ],
            [
              2307.481772952938,
              6361.95273502842
            ],
            [
              2307.9186941044177,
              6357.146602362139
            ],
            [
              2305.7340883470174,
              6350.155863938457
            ],
            [
              2292.1895326511326,
              6330.931333273329
            ],
            [
              2283.0141884700497,
              6323.066752546687
            ],
            [
              2276.0234500463666,
              6318.697541031885
            ],
            [
              2264.2265789564026,
              6317.823698728925
            ],
            [
              2252.866629017919,
              6323.940594849647
            ],
            [
              2239.758994473514,
              6335.737465939612
            ],
            [
              2229.2728868379904,
              6355.835838907698
            ],
            [
              2227.96212338355,
              6365.885025391741
            ],
            [
              2232.331334898352,
              6375.060369572824
            ],
            [
              2236.7005464131535,
              6380.303423390586
            ],
            [
              2249.371259806078,
              6388.60492526871
            ],
            [
              2279.518819258208,
              6392.97413678351
            ],
            [
              2303.9864037410966,
              6427.053986598963
            ]
          ]
        ]
      },
      "properties": {
        "annotation_id": "842d507c-84f5-4ea5-ba1d-7033b28145d1",
        "label": "GP3",
        "probabilities": {
          "GP3": 0.65,
          "GP4": 0.35,
          "GP5": 0.0,
          "Benign": 0.0
        },
        "tags": []
      }
    },
    {
      "type": "Feature",
      "geometry": {
        "type": "Polygon",
        "coordinates": [
          [
            [
              2099.7966946771744,
              9816.209577068616
            ],
            [
              2092.058916199889,
              9819.525767844594
            ],
            [
              2089.295423886573,
              9817.314973993942
            ],
            [
              2082.110343871951,
              9797.417829338065
            ],
            [
              2072.161771544013,
              9791.33814624877
            ],
            [
              2063.3185961414015,
              9791.33814624877
            ],
            [
              2057.238913052106,
              9796.312432412738
            ],
            [
              2055.0281192014527,
              9842.73910327645
            ],
            [
              2048.9484361121577,
              9853.24037406705
            ],
            [
              2046.1849437988415,
              9864.84704178298
            ],
            [
              2048.9484361121577,
              9886.954980289509
            ],
            [
              2056.1335161267793,
              9901.325140318751
            ],
            [
              2062.765897678738,
              9905.194029557395
            ],
            [
              2073.267168469339,
              9904.64133109473
            ],
            [
              2095.375106975868,
              9888.613075677498
            ],
            [
              2108.639870079786,
              9885.849583364183
            ],
            [
              2123.562728571693,
              9886.402281826844
            ],
            [
              2127.4316178103354,
              9892.48196491614
            ],
            [
              2114.1668547064182,
              9901.325140318751
            ],
            [
              2108.639870079786,
              9911.27371264669
            ],
            [
              2107.5344731544596,
              9921.774983437292
            ],
            [
              2135.722094750284,
              9967.096257375675
            ],
            [
              2151.7503501675174,
              9972.070543539645
            ],
            [
              2158.9354301821395,
              9970.412448151656
            ],
            [
              2176.621780987363,
              9947.751811182463
            ],
            [
              2184.912257927311,
              9944.435620406482
            ],
            [
              2198.7297194938915,
              9943.330223481156
            ],
            [
              2205.9147995085136,
              9947.1991127198
            ],
            [
              2214.7579749111255,
              9965.990860450349
            ],
            [
              2222.495753388411,
              9974.83403585296
            ],
            [
              2280.529091968049,
              9991.414989732857
            ],
            [
              2296.0046489226197,
              9973.728638927634
            ],
            [
              2296.0046489226197,
              9951.620700421106
            ],
            [
              2288.2668704453345,
              9930.618158839903
            ],
            [
              2277.2129011920697,
              9912.379109572015
            ],
            [
              2258.42115346152,
              9893.587361841468
            ],
            [
              2244.6036918949394,
              9873.69021718559
            ],
            [
              2235.207818029665,
              9865.952438708306
            ],
            [
              2217.5214672244415,
              9857.109263305694
            ],
            [
              2186.017654852638,
              9847.160690977757
            ],
            [
              2155.066540943497,
              9843.844500201776
            ],
            [
              2137.3801901382735,
              9832.23783248585
            ],
            [
              2124.1154270343563,
              9827.26354632188
            ],
            [
              2132.4059039743042,
              9830.579737097858
            ],
            [
              2099.7966946771744,
              9816.209577068616
            ]
          ]
        ]
      },
      "properties": {
        "annotation_id": "8e5ddaf0-b51d-46a7-aa33-ceaafe5aea81",
        "label": "GP4",
        "probabilities": null,
        "tags": []
      }
    },
    {
      "type": "Feature",
      "geometry": {
        "type": "Polygon",
        "coordinates": [
          [
            [
              2114.7987759608636,
              11404.651703500049
            ],
            [
              2089.9733578494915,
              11403.272513604974
            ],
            [
              2043.0809014169008,
              11410.168463080354
            ],
            [
              2006.3025042148686,
              11425.339551926192
            ],
            [
              1981.4770861034972,
              11442.349560632132
            ],
            [
              1968.604647082786,
              11459.359569338072
            ],
            [
              1965.3865373276083,
              11483.725257484419
            ],
            [
              1973.20194673304,
              11509.929865490865
            ],
            [
              1989.7522254739545,
              11535.674743532287
            ],
            [
              2008.1414240749702,
              11538.892853287465
            ],
            [
              2026.5306226759863,
              11532.916363742137
            ],
            [
              2150.1979832678194,
              11460.738759233147
            ],
            [
              2163.0704222885306,
              11458.899839373045
            ],
            [
              2176.4025912742673,
              11464.416598953352
            ],
            [
              2185.1374606097497,
              11474.530658183909
            ],
            [
              2187.436110434877,
              11513.607705211067
            ],
            [
              2198.4696295954864,
              11533.37609370716
            ],
            [
              2219.617207986655,
              11553.604212168279
            ],
            [
              2232.4896470073663,
              11560.040431678633
            ],
            [
              2318.459150467116,
              11563.258541433812
            ],
            [
              2414.0829831923998,
              11558.201511818532
            ],
            [
              2461.435169590016,
              11529.698253986957
            ],
            [
              2491.317617316667,
              11464.416598953352
            ],
            [
              2496.3746469319462,
              11429.936851576445
            ],
            [
              2491.317617316667,
              11383.963855073907
            ],
            [
              2486.2605877013875,
              11379.36655542365
            ],
            [
              2446.723810709203,
              11383.044395143854
            ],
            [
              2400.2910842416377,
              11403.272513604974
            ],
            [
              2361.2140372144786,
              11407.4100832902
            ],
            [
              2216.399098231477,
              11369.252496193094
            ],
            [
              2186.9763804698514,
              11371.55114601822
            ],
            [
              2165.3690721136577,
              11379.826285388675
            ],
            [
              2106.9833665554315,
              11420.282522310912
            ],
            [
              2114.7987759608636,
              11404.651703500049
            ]
          ]
        ]
      },
      "properties": {
        "annotation_id": "8e6970b0-4e69-4c47-8cd8-d162f9ba9a2e",
        "label": "GP5",
        "probabilities": null,
        "tags": []
      }
    },
    {
      "type": "Feature",
      "geometry": {
        "type": "Polygon",
        "coordinates": [
          [
            [
              4074.888859245163,
              22254.679925784578
            ],
            [
              4074.5306544422206,
              22248.232239331617
            ],
            [
              4100.070395428655,
              22319.530682918747
            ],
            [
              4111.2440321102185,
              22341.345878344655
            ],
            [
              4125.610136415088,
              22356.77613852396
            ],
            [
              4153.27818915039,
              22371.674320766047
            ],
            [
              4179.350008074041,
              22367.41769726831
            ],
            [
              4189.9915668183885,
              22363.693151707786
            ],
            [
              4201.697281437171,
              22347.730813591264
            ],
            [
              4213.935073993171,
              22338.153410721352
            ],
            [
              4220.852087176995,
              22289.734318434574
            ],
            [
              4214.999229867604,
              22257.277564264314
            ],
            [
              4203.825593186039,
              22230.673667403444
            ],
            [
              4178.817930136824,
              22219.50003072188
            ],
            [
              4141.572474531608,
              22209.92262785197
            ],
            [
              4123.481824666218,
              22199.28106910762
            ],
            [
              4114.96857767074,
              22189.17158830049
            ],
            [
              4114.436499733523,
              22184.382886865536
            ],
            [
              4120.821434980131,
              22168.95262668623
            ],
            [
              4134.123383410566,
              22159.375223816318
            ],
            [
              4143.168708343261,
              22158.311067941882
            ],
            [
              4170.8367610785635,
              22172.145094309537
            ],
            [
              4185.734943320649,
              22173.209250183972
            ],
            [
              4208.614294620996,
              22180.126263367794
            ],
            [
              4217.127541616474,
              22176.401717807275
            ],
            [
              4234.15403560743,
              22159.907301753537
            ],
            [
              4249.5842957867335,
              22132.239249018232
            ],
            [
              4249.5842957867335,
              22116.276910901714
            ],
            [
              4235.218191481865,
              22076.37106561041
            ],
            [
              4212.338840181518,
              22051.363402561194
            ],
            [
              4198.504813813866,
              22048.17093493789
            ],
            [
              4191.587800630041,
              22051.89548049841
            ],
            [
              4160.727280271433,
              22088.076780229192
            ],
            [
              4146.893253903782,
              22095.525871350234
            ],
            [
              4124.5459805406535,
              22089.140936103628
            ],
            [
              4103.262863051958,
              22073.710675924325
            ],
            [
              4076.1268882538725,
              22063.601195117193
            ],
            [
              4062.824939823439,
              22064.13327305441
            ],
            [
              4052.7154590163086,
              22073.178597987106
            ],
            [
              4044.7342899580485,
              22093.397559601366
            ],
            [
              4044.202212020831,
              22154.054444444148
            ],
            [
              4046.862601706918,
              22174.80548399562
            ],
            [
              4064.953251572308,
              22237.59068058727
            ],
            [
              4074.888859245163,
              22254.679925784578
            ],
            [
              4074.888859245163,
              22254.679925784578
            ]
          ]
        ]
      },
      "properties": {
        "annotation_id": "8ea7b1fd-a20a-4f4e-81be-fc57b29c07a0",
        "label": "GP3",
        "probabilities": {
          "GP3": 1,
          "GP4": 0,
          "GP5": 0,
          "Benign": 0
        },
        "tags": []
      }
    },
    {
      "type": "Feature",
      "geometry": {
        "type": "Polygon",
        "coordinates": [
          [
            [
              1558.8108142335245,
              6456.919128527111
            ],
            [
              1556.1892873246436,
              6456.04528622415
            ],
            [
              1561.8692622938856,
              6456.04528622415
            ],
            [
              1599.4444813211787,
              6427.645411377939
            ],
            [
              1609.4936678052222,
              6432.451544044221
            ],
            [
              1632.65048883367,
              6452.112995860829
            ],
            [
              1641.3889118632733,
              6456.4822073756295
            ],
            [
              1658.8657579224791,
              6459.103734284511
            ],
            [
              1671.5364713154036,
              6463.909866950792
            ],
            [
              1689.4502385260898,
              6460.851418890432
            ],
            [
              1713.917823008978,
              6446.433020891587
            ],
            [
              1727.0254575533827,
              6432.451544044221
            ],
            [
              1737.5115651889064,
              6413.227013379094
            ],
            [
              1739.6961709463071,
              6401.430142289131
            ],
            [
              1738.3854074918668,
              6391.380955805087
            ],
            [
              1727.4623787048629,
              6378.710242412162
            ],
            [
              1716.102428766379,
              6373.904109745881
            ],
            [
              1699.9363461616133,
              6374.777952048841
            ],
            [
              1665.8564963461617,
              6388.759428896206
            ],
            [
              1652.311940650277,
              6388.759428896206
            ],
            [
              1646.631965681035,
              6385.700980835845
            ],
            [
              1636.1458580455112,
              6371.719503988481
            ],
            [
              1624.3489869555472,
              6367.350292473679
            ],
            [
              1592.8906640489763,
              6361.233396352957
            ],
            [
              1584.1522410193734,
              6362.981080958878
            ],
            [
              1572.3553699294093,
              6375.2148732003225
            ],
            [
              1567.9861584146076,
              6371.282582837
            ],
            [
              1563.1800257483262,
              6357.301105989636
            ],
            [
              1555.7523661731634,
              6344.630392596711
            ],
            [
              1549.6354700524414,
              6340.261181081909
            ],
            [
              1529.1001759328744,
              6337.202733021549
            ],
            [
              1521.2355952062314,
              6342.882707990791
            ],
            [
              1508.1279606618268,
              6363.854923261837
            ],
            [
              1505.069512601466,
              6400.11937883469
            ],
            [
              1509.0018029647872,
              6411.479328773174
            ],
            [
              1516.8663836914302,
              6423.713121014618
            ],
            [
              1527.7894124784339,
              6432.0146228927415
            ],
            [
              1541.3339681743187,
              6436.8207555590225
            ],
            [
              1558.8108142335245,
              6456.919128527111
            ]
          ]
        ]
      },
      "properties": {
        "annotation_id": "9057f1e7-21b2-471d-8f6f-1f4687999f21",
        "label": "GP4",
        "probabilities": null,
        "tags": []
      }
    },
    {
      "type": "Feature",
      "geometry": {
        "type": "Polygon",
        "coordinates": [
          [
            [
              1672.849294193679,
              2757.730787353049
            ],
            [
              1684.372424942989,
              2761.397238046012
            ],
            [
              1743.5594147008087,
              2760.873459375588
            ],
            [
              1785.9854870050863,
              2774.4917048065913
            ],
            [
              1821.6024365938626,
              2804.347089020713
            ],
            [
              1848.8389274558683,
              2810.1086543953684
            ],
            [
              1895.9790077939547,
              2783.3959422037856
            ],
            [
              1908.025917213688,
              2761.397238046012
            ],
            [
              1892.8363357714156,
              2724.7327311163885
            ],
            [
              1879.7418690108361,
              2712.162043026233
            ],
            [
              1826.8402232980948,
              2691.2108962093052
            ],
            [
              1783.3665936529706,
              2690.163338868459
            ],
            [
              1754.0349881092723,
              2681.259101471265
            ],
            [
              1744.6069720416551,
              2668.6884133811077
            ],
            [
              1758.2252174726577,
              2665.0219626881462
            ],
            [
              1767.129454869852,
              2654.0226106092596
            ],
            [
              1771.3196842332372,
              2618.4056610204825
            ],
            [
              1766.605676199429,
              2606.882530271173
            ],
            [
              1743.0356360303856,
              2613.6916529866744
            ],
            [
              1721.0369318726118,
              2636.214135814871
            ],
            [
              1704.799793089493,
              2636.214135814871
            ],
            [
              1694.8479983514528,
              2612.1203169754044
            ],
            [
              1685.4199822838355,
              2602.168522237364
            ],
            [
              1670.7541795119862,
              2557.12355658097
            ],
            [
              1679.65841690918,
              2550.3144338654683
            ],
            [
              1695.8955556922992,
              2549.790655195046
            ],
            [
              1705.8473504303395,
              2524.1255003443093
            ],
            [
              1690.657768988067,
              2492.175001448496
            ],
            [
              1680.7059742500267,
              2483.7945427217246
            ],
            [
              1684.8962036134121,
              2452.891601166758
            ],
            [
              1681.753531590873,
              2432.464233020253
            ],
            [
              1672.849294193679,
              2423.5599956230585
            ],
            [
              1652.945704717598,
              2422.5124382822123
            ],
            [
              1640.3750166274415,
              2429.3215609977137
            ],
            [
              1626.2329925260158,
              2449.7489291442175
            ],
            [
              1619.9476484809372,
              2484.842100062571
            ],
            [
              1606.3294030499346,
              2483.7945427217246
            ],
            [
              1591.1398216076625,
              2492.175001448496
            ],
            [
              1557.6179867005785,
              2481.6994280400318
            ],
            [
              1496.8596609314895,
              2482.746985380878
            ],
            [
              1476.4322927849855,
              2501.603017516113
            ],
            [
              1468.575612728638,
              2529.363287048542
            ],
            [
              1473.2896207624462,
              2549.790655195046
            ],
            [
              1484.2889728413331,
              2558.1711139218164
            ],
            [
              1515.715693066724,
              2546.647983172507
            ],
            [
              1552.380199996347,
              2504.745689538652
            ],
            [
              1569.1411174498887,
              2509.4596975724608
            ],
            [
              1576.9977975062366,
              2517.316377628809
            ],
            [
              1571.7600108020047,
              2558.1711139218164
            ],
            [
              1589.568485596393,
              2584.360047442977
            ],
            [
              1608.9482964020506,
              2599.025850214825
            ],
            [
              1633.5658939119403,
              2628.357455758523
            ],
            [
              1634.6134512527865,
              2644.5945945416415
            ],
            [
              1623.6140991738998,
              2665.0219626881462
            ],
            [
              1640.3750166274415,
              2676.021314767033
            ],
            [
              1648.2316966837896,
              2701.1626909473457
            ],
            [
              1657.1359340809834,
              2712.162043026233
            ],
            [
              1658.7072700922529,
              2747.255213944586
            ],
            [
              1662.8974994556384,
              2754.064336660086
            ],
            [
              1675.4681875457948,
              2757.2070086826266
            ],
            [
              1672.849294193679,
              2757.730787353049
            ]
          ]
        ]
      },
      "properties": {
        "annotation_id": "90d43176-1b59-46f2-ba15-eeccae45f6da",
        "label": "GP4",
        "probabilities": null,
        "tags": []
      }
    },
    {
      "type": "Feature",
      "geometry": {
        "type": "Polygon",
        "coordinates": [
          [
            [
              3490.1623561500387,
              20756.182752665944
            ],
            [
              3486.9604971642902,
              20757.783682158817
            ],
            [
              3486.4268539999985,
              20760.985541144564
            ],
            [
              3514.1762985431537,
              20767.922902280356
            ],
            [
              3522.180946007525,
              20766.32197278748
            ],
            [
              3540.8584567577254,
              20752.447250515903
            ],
            [
              3557.9350380150513,
              20732.16881027283
            ],
            [
              3585.150839393915,
              20678.804493843683
            ],
            [
              3588.3526983796633,
              20658.52605360061
            ],
            [
              3580.881694079583,
              20631.84389538604
            ],
            [
              3571.8097602866287,
              20620.103745771627
            ],
            [
              3544.5939589077657,
              20604.628094007174
            ],
            [
              3527.5173776504394,
              20603.0271645143
            ],
            [
              3513.642655378862,
              20606.76266666434
            ],
            [
              3443.7354008566836,
              20640.3821860147
            ],
            [
              3433.062537570855,
              20652.655978793402
            ],
            [
              3428.7933922565235,
              20665.463414736398
            ],
            [
              3429.860678585106,
              20687.342784472345
            ],
            [
              3427.192462763649,
              20690.0110002938
            ],
            [
              3402.644877206243,
              20681.47270966514
            ],
            [
              3378.0972916488363,
              20676.136278022226
            ],
            [
              3367.424428363008,
              20676.136278022226
            ],
            [
              3348.7469176128075,
              20689.477357129515
            ],
            [
              3341.809556477019,
              20699.61657725105
            ],
            [
              3338.0740543269785,
              20710.28944053688
            ],
            [
              3339.1413406555616,
              20734.837026094287
            ],
            [
              3349.2805607770993,
              20746.577175708695
            ],
            [
              3360.487067227219,
              20750.31267785874
            ],
            [
              3379.6982211417107,
              20750.31267785874
            ],
            [
              3396.774802399037,
              20744.44260305153
            ],
            [
              3415.4523131492374,
              20733.769739765703
            ],
            [
              3422.3896742850256,
              20732.70245343712
            ],
            [
              3431.46160807798,
              20735.370669258577
            ],
            [
              3490.1623561500387,
              20756.182752665944
            ]
          ]
        ]
      },
      "properties": {
        "annotation_id": "9249e490-90f1-4f53-96cb-ae39bea55057",
        "label": "GP3",
        "probabilities": null,
        "tags": []
      }
    },
    {
      "type": "Feature",
      "geometry": {
        "type": "Polygon",
        "coordinates": [
          [
            [
              1157.2071842388755,
              6519.827442106358
            ],
            [
              1140.60418048263,
              6520.264363257837
            ],
            [
              1148.4687612092725,
              6518.516678651917
            ],
            [
              1160.7025534507168,
              6518.516678651917
            ],
            [
              1175.120951449562,
              6516.768994045996
            ],
            [
              1186.917822539526,
              6514.147467137116
            ],
            [
              1203.9577474472517,
              6511.962861379714
            ],
            [
              1213.570012779815,
              6504.972122956033
            ],
            [
              1219.2499877490573,
              6496.670621077909
            ],
            [
              1220.1238300520174,
              6489.242961502747
            ],
            [
              1218.813066597577,
              6484.873749987944
            ],
            [
              1210.0746435679741,
              6474.824563503902
            ],
            [
              1198.2777724780099,
              6469.14458853466
            ],
            [
              1176.8686360554825,
              6464.338455868377
            ],
            [
              1167.256370722919,
              6459.969244353577
            ],
            [
              1160.7025534507168,
              6458.221559747656
            ],
            [
              1144.536470845951,
              6458.221559747656
            ],
            [
              1136.2349689678283,
              6456.473875141735
            ],
            [
              1128.3703882411858,
              6456.473875141735
            ],
            [
              1117.884280605662,
              6463.464613565418
            ],
            [
              1115.6996748482613,
              6468.270746231699
            ],
            [
              1115.2627536967811,
              6483.126065382025
            ],
            [
              1118.3212017571423,
              6519.827442106358
            ],
            [
              1120.505807514543,
              6524.633574772639
            ],
            [
              1124.8750190293445,
              6527.2551016815205
            ],
            [
              1131.8657574530266,
              6528.1289439844795
            ],
            [
              1157.2071842388755,
              6519.827442106358
            ]
          ]
        ]
      },
      "properties": {
        "annotation_id": "9342052b-31ff-4f6e-9278-082d15d4ef9c",
        "label": "GP5",
        "probabilities": null,
        "tags": []
      }
    },
    {
      "type": "Feature",
      "geometry": {
        "type": "Polygon",
        "coordinates": [
          [
            [
              1974.1717263358235,
              16160.772539899639
            ],
            [
              1972.677473631475,
              16134.996680749626
            ],
            [
              1980.2024872504962,
              16106.777879678295
            ],
            [
              1995.2525144885387,
              16081.3809587141
            ],
            [
              2007.0103482682593,
              16071.974691690324
            ],
            [
              2016.8869286432248,
              16069.623124934378
            ],
            [
              2028.6447624229454,
              16077.148138553399
            ],
            [
              2042.7541629586103,
              16096.430985952142
            ],
            [
              2052.1604299823866,
              16093.60910584501
            ],
            [
              2057.8041901966526,
              16066.330931476055
            ],
            [
              2054.5119967383307,
              16016.477716250043
            ],
            [
              2087.4339313215487,
              16009.893329333398
            ],
            [
              2106.2464653691018,
              16013.655836142907
            ],
            [
              2112.3605389345566,
              16009.893329333398
            ],
            [
              2153.2778004879847,
              15925.707239470597
            ],
            [
              2180.085661505748,
              15904.5431386671
            ],
            [
              2195.13568874379,
              15905.01345201829
            ],
            [
              2214.888849493721,
              15926.647866172976
            ],
            [
              2232.2904434877073,
              15924.76661276822
            ],
            [
              2234.171696892463,
              15913.0087789885
            ],
            [
              2226.176369922253,
              15881.497784458848
            ],
            [
              2198.898195553301,
              15853.749296738708
            ],
            [
              2194.1950620414127,
              15819.416422101922
            ],
            [
              2177.263781398615,
              15793.549187786537
            ],
            [
              2140.5793400058865,
              15777.08822049493
            ],
            [
              2122.237119309522,
              15775.677280441361
            ],
            [
              2117.063672446445,
              15779.910100602061
            ],
            [
              2120.3558659047667,
              15795.900754542481
            ],
            [
              2150.4559203808517,
              15838.228956149476
            ],
            [
              2155.6293672439288,
              15861.274310357729
            ],
            [
              2151.866860434418,
              15862.685250411294
            ],
            [
              2142.93090676183,
              15858.452430250596
            ],
            [
              2118.4746125000115,
              15826.000809018566
            ],
            [
              2102.4839585595914,
              15814.242975238845
            ],
            [
              2074.2651574882616,
              15807.658588322203
            ],
            [
              2061.0963836549745,
              15811.891408482901
            ],
            [
              2047.9276098216872,
              15822.238302209054
            ],
            [
              2044.6354163633655,
              15839.639896203042
            ],
            [
              2048.8682365240647,
              15853.749296738708
            ],
            [
              2055.9229367918974,
              15866.447757220805
            ],
            [
              2080.8495444049054,
              15885.730604619546
            ],
            [
              2090.2558114286817,
              15908.305645476612
            ],
            [
              2086.0229912679824,
              15919.122852553955
            ],
            [
              2068.6213972739956,
              15928.529119577732
            ],
            [
              2070.0323373275623,
              15975.560454696613
            ],
            [
              2067.210457220429,
              15984.4964083692
            ],
            [
              2057.8041901966526,
              15993.902675392977
            ],
            [
              2051.690116631198,
              15995.783928797733
            ],
            [
              2049.8088632264426,
              15992.9620486906
            ],
            [
              2038.5213427979108,
              15945.460400220529
            ],
            [
              2020.1791221015465,
              15922.885359363465
            ],
            [
              2002.3072147563712,
              15911.597838934931
            ],
            [
              1989.6087542742728,
              15922.415046012275
            ],
            [
              1985.8462474647622,
              15944.04946016696
            ],
            [
              1995.2525144885387,
              15964.74324761927
            ],
            [
              2012.6541084825253,
              15986.377661773957
            ],
            [
              2015.475988589658,
              15999.546435607244
            ],
            [
              2006.5400349170707,
              16005.6605091727
            ],
            [
              1981.1431139528738,
              15976.030768047804
            ],
            [
              1969.3852801731532,
              15971.327634535914
            ],
            [
              1962.8008932565097,
              15973.679201291858
            ],
            [
              1960.4493265005653,
              16003.779255767944
            ],
            [
              1982.5540540064403,
              16058.335604505848
            ],
            [
              1976.4399804409854,
              16066.330931476055
            ],
            [
              1954.3352529351107,
              16078.088765255778
            ],
            [
              1941.1664791018236,
              16095.960672600953
            ],
            [
              1949.6321194232223,
              16133.11542734487
            ],
            [
              1961.389953202943,
              16152.398274743613
            ],
            [
              1974.1717263358235,
              16160.772539899639
            ],
            [
              1974.1717263358235,
              16160.772539899639
            ]
          ]
        ]
      },
      "properties": {
        "annotation_id": "9371a2fe-df0a-4737-a11c-d9c6a0b5f65e",
        "label": "GP5",
        "probabilities": null,
        "tags": []
      }
    },
    {
      "type": "Feature",
      "geometry": {
        "type": "Polygon",
        "coordinates": [
          [
            [
              2255.1235049406496,
              8415.505954457445
            ],
            [
              2250.539633677324,
              8412.88659944983
            ],
            [
              2252.5041499330355,
              8408.957566938408
            ],
            [
              2269.529957482528,
              8405.028534426989
            ],
            [
              2279.3525387610816,
              8401.099501915567
            ],
            [
              2284.5912487763107,
              8397.170469404145
            ],
            [
              2292.449313799154,
              8389.312404381302
            ],
            [
              2298.9977013181897,
              8380.14466185465
            ],
            [
              2304.2364113334183,
              8369.667241824194
            ],
            [
              2307.510605092936,
              8358.534983041834
            ],
            [
              2310.1299601005503,
              8334.960787973305
            ],
            [
              2310.1299601005503,
              8321.864012935233
            ],
            [
              2307.510605092936,
              8315.315625416197
            ],
            [
              2302.9267338296113,
              8310.731754152872
            ],
            [
              2295.723507558672,
              8308.112399145257
            ],
            [
              2280.662216264889,
              8306.80272164145
            ],
            [
              2270.184796234432,
              8306.80272164145
            ],
            [
              2258.3976987001674,
              8308.767237897162
            ],
            [
              2245.300923662096,
              8315.315625416197
            ],
            [
              2231.5493098721204,
              8327.102722950462
            ],
            [
              2224.346083601181,
              8334.960787973305
            ],
            [
              2215.1783410745306,
              8353.951111778508
            ],
            [
              2211.904147315013,
              8367.04788681658
            ],
            [
              2211.904147315013,
              8399.78982441176
            ],
            [
              2214.523502322627,
              8418.12530946506
            ],
            [
              2219.762212337856,
              8425.983374487903
            ],
            [
              2228.2751161126025,
              8427.947890743613
            ],
            [
              2234.168664879735,
              8427.947890743613
            ],
            [
              2255.1235049406496,
              8415.505954457445
            ]
          ]
        ]
      },
      "properties": {
        "annotation_id": "96c1422f-5875-446b-8282-c2aa67d7ff5b",
        "label": "GP4",
        "probabilities": null,
        "tags": []
      }
    },
    {
      "type": "Feature",
      "geometry": {
        "type": "Polygon",
        "coordinates": [
          [
            [
              1230.2563176860897,
              3106.5673818548894
            ],
            [
              1226.0660883227042,
              3108.662496536582
            ],
            [
              1227.1136456635504,
              3104.996045843619
            ],
            [
              1232.3514323677823,
              3100.805816480234
            ],
            [
              1245.4458991283618,
              3093.9966937647323
            ],
            [
              1261.1592592410575,
              3087.711349719654
            ],
            [
              1278.9677340354456,
              3082.4735630154228
            ],
            [
              1286.30063542137,
              3078.80711232246
            ],
            [
              1288.9195287734863,
              3076.1882189703438
            ],
            [
              1291.0146434551789,
              3070.4266535956895
            ],
            [
              1291.538422125602,
              3064.141309550612
            ],
            [
              1287.8719714326396,
              3052.618178801301
            ],
            [
              1280.539070046715,
              3038.999933370298
            ],
            [
              1273.7299473312137,
              3031.667031984374
            ],
            [
              1269.5397179678282,
              3028.5243599618348
            ],
            [
              1264.8257099340199,
              3026.429245280142
            ],
            [
              1253.826357855133,
              3025.905466609718
            ],
            [
              1243.3507844466692,
              3030.6194746435276
            ],
            [
              1237.065440401591,
              3034.8097040069124
            ],
            [
              1231.8276536973592,
              3038.999933370298
            ],
            [
              1220.8283016184723,
              3052.094400130877
            ],
            [
              1216.638072255087,
              3060.474858857649
            ],
            [
              1213.4954002325478,
              3069.9028749252657
            ],
            [
              1212.4478428917012,
              3080.902227004153
            ],
            [
              1214.019178902971,
              3091.90157908304
            ],
            [
              1218.2094082663566,
              3101.8533738210804
            ],
            [
              1225.0185309818578,
              3110.7576112182746
            ],
            [
              1233.3989897086285,
              3115.4716192520837
            ],
            [
              1243.3507844466692,
              3114.94784058166
            ],
            [
              1230.2563176860897,
              3106.5673818548894
            ]
          ]
        ]
      },
      "properties": {
        "annotation_id": "96fe0eb7-63b3-4f7c-93ea-20dad66c071d",
        "label": "GP4",
        "probabilities": null,
        "tags": []
      }
    },
    {
      "type": "Feature",
      "geometry": {
        "type": "Polygon",
        "coordinates": [
          [
            [
              1505.7512056591931,
              3876.1659547856134
            ],
            [
              1520.0089206043388,
              3878.447189176837
            ],
            [
              1551.946202081465,
              3878.447189176837
            ],
            [
              1593.0084211234844,
              3867.04101722072
            ],
            [
              1615.2504564379117,
              3847.6505248953226
            ],
            [
              1635.2112573611157,
              3834.5334271457878
            ],
            [
              1644.9065035238143,
              3822.556946591866
            ],
            [
              1654.0314410887077,
              3815.7132434181967
            ],
            [
              1654.6017496865138,
              3802.5961456686623
            ],
            [
              1652.890823893096,
              3792.9008995059635
            ],
            [
              1648.8986637084554,
              3783.205653343265
            ],
            [
              1636.3518745567271,
              3772.369789984954
            ],
            [
              1627.226936991834,
              3767.237012604701
            ],
            [
              1597.570889905931,
              3763.244852420061
            ],
            [
              1575.3288545915038,
              3758.1120750398086
            ],
            [
              1546.243116103407,
              3759.2526922354195
            ],
            [
              1530.2744753648435,
              3765.5260868112837
            ],
            [
              1507.4621314526107,
              3780.924418952041
            ],
            [
              1497.1965766921057,
              3795.1821338971863
            ],
            [
              1495.4856508986882,
              3799.744602679633
            ],
            [
              1494.3450337030768,
              3817.9944778094195
            ],
            [
              1496.6262680943,
              3839.666204526041
            ],
            [
              1496.6262680943,
              3863.619165633885
            ],
            [
              1505.7512056591931,
              3876.1659547856134
            ]
          ]
        ]
      },
      "properties": {
        "annotation_id": "980cec45-25e2-4397-88bf-61b247cad328",
        "label": "GP3",
        "probabilities": null,
        "tags": []
      }
    },
    {
      "type": "Feature",
      "geometry": {
        "type": "Polygon",
        "coordinates": [
          [
            [
              3885.0582977257036,
              20612.632741471545
            ],
            [
              3883.4573682328296,
              20615.834600457292
            ],
            [
              3893.0629451900754,
              20624.906534250247
            ],
            [
              3904.803094804487,
              20643.050401836157
            ],
            [
              3914.9423149260247,
              20649.454119807655
            ],
            [
              3943.7590457977617,
              20677.737207515103
            ],
            [
              3961.9029133836707,
              20686.275498143765
            ],
            [
              3969.907560848043,
              20686.275498143765
            ],
            [
              3983.248639955328,
              20677.20356435081
            ],
            [
              3985.3832126124944,
              20674.001705365063
            ],
            [
              3985.9168557767857,
              20667.06434422927
            ],
            [
              3989.6523579268255,
              20666.53070106498
            ],
            [
              4008.8635118413176,
              20675.602634857933
            ],
            [
              4016.868159305689,
              20677.20356435081
            ],
            [
              4025.406449934352,
              20675.602634857933
            ],
            [
              4030.209238412975,
              20669.73256005073
            ],
            [
              4031.276524741558,
              20661.194269422063
            ],
            [
              4027.0073794272266,
              20651.05504930053
            ],
            [
              4000.8588643769463,
              20622.238318428794
            ],
            [
              3984.3159262839113,
              20612.09909830725
            ],
            [
              3968.306631355168,
              20598.224376035676
            ],
            [
              3912.2740991045675,
              20566.20578617819
            ],
            [
              3892.529302025784,
              20541.658200620783
            ],
            [
              3879.7218660827893,
              20531.518980499248
            ],
            [
              3862.111641661172,
              20531.518980499248
            ],
            [
              3841.2995582538056,
              20540.590914292203
            ],
            [
              3842.90048774668,
              20551.79742074232
            ],
            [
              3857.3088531825492,
              20585.41694009268
            ],
            [
              3885.0582977257036,
              20612.632741471545
            ]
          ]
        ]
      },
      "properties": {
        "annotation_id": "981f7320-8fa8-4e14-9281-0bf39336235a",
        "label": "GP5",
        "probabilities": null,
        "tags": []
      }
    },
    {
      "type": "Feature",
      "geometry": {
        "type": "Polygon",
        "coordinates": [
          [
            [
              2085.488728388944,
              10113.357612391681
            ],
            [
              2082.2181766353315,
              10110.087060638069
            ],
            [
              2084.180507687499,
              10114.011722742402
            ],
            [
              2102.495597507728,
              10123.823378003239
            ],
            [
              2132.584673640961,
              10129.710371159741
            ],
            [
              2167.2525222292506,
              10141.484357472746
            ],
            [
              2179.6806188929777,
              10143.446688524913
            ],
            [
              2234.6258883536643,
              10144.754909226358
            ],
            [
              2247.7080953681134,
              10142.138467823468
            ],
            [
              2276.4889507999014,
              10125.785709055406
            ],
            [
              2281.7218336056812,
              10118.59049519746
            ],
            [
              2284.338275008571,
              10102.891846780121
            ],
            [
              2260.7903023825625,
              10083.92264660917
            ],
            [
              2226.1224537942726,
              10078.035653452667
            ],
            [
              2220.23546063777,
              10068.878108542553
            ],
            [
              2220.889570988493,
              10041.40547381221
            ],
            [
              2209.1155846754887,
              10024.398604693426
            ],
            [
              2186.2217224002025,
              10013.932839081866
            ],
            [
              2145.0127703046874,
              10007.391735574642
            ],
            [
              2132.584673640961,
              10010.008176977532
            ],
            [
              2128.0059011859034,
              10013.278728731144
            ],
            [
              2093.338052597613,
              10051.871239423768
            ],
            [
              2075.0229627773842,
              10097.658963974342
            ],
            [
              2073.060631725217,
              10114.665833093124
            ],
            [
              2075.0229627773842,
              10118.59049519746
            ],
            [
              2079.6017352324416,
              10119.244605548183
            ],
            [
              2085.488728388944,
              10113.357612391681
            ]
          ]
        ]
      },
      "properties": {
        "annotation_id": "9a8470bd-f294-416a-82ac-2d07f6ffccee",
        "label": "GP5",
        "probabilities": null,
        "tags": []
      }
    },
    {
      "type": "Feature",
      "geometry": {
        "type": "Polygon",
        "coordinates": [
          [
            [
              1505.7638983286863,
              2343.421859048315
            ],
            [
              1504.1925623174166,
              2340.279187025776
            ],
            [
              1552.3801999963496,
              2351.278539104663
            ],
            [
              1564.950888086506,
              2351.278539104663
            ],
            [
              1591.139821607665,
              2344.4694163891627
            ],
            [
              1601.6153950161288,
              2340.279187025776
            ],
            [
              1610.5196324133226,
              2334.517621651121
            ],
            [
              1621.5189844922095,
              2324.042048242658
            ],
            [
              1626.2329925260183,
              2315.6615895158875
            ],
            [
              1627.2805498668645,
              2309.900024141232
            ],
            [
              1626.2329925260183,
              2296.8055573806523
            ],
            [
              1618.3763124696702,
              2281.0921972679566
            ],
            [
              1605.805624379514,
              2265.378837155262
            ],
            [
              1582.2355842104707,
              2245.475247679181
            ],
            [
              1560.76065872312,
              2233.95211692987
            ],
            [
              1545.571077280848,
              2231.333223577755
            ],
            [
              1528.810159827306,
              2233.4283382594476
            ],
            [
              1508.9065703512251,
              2241.808796986218
            ],
            [
              1497.3834396019151,
              2248.6179197017195
            ],
            [
              1485.8603088526052,
              2258.045935769336
            ],
            [
              1465.9567193765242,
              2279.5208612566876
            ],
            [
              1460.1951540018692,
              2288.9488773243047
            ],
            [
              1458.1000393201766,
              2297.329336051075
            ],
            [
              1458.6238179905997,
              2305.186016107423
            ],
            [
              1464.909162035678,
              2312.518917493347
            ],
            [
              1475.3847354441414,
              2320.375597549696
            ],
            [
              1489.0029808751444,
              2327.1847202651966
            ],
            [
              1513.0967997146108,
              2333.9938429806984
            ],
            [
              1505.7638983286863,
              2343.421859048315
            ]
          ]
        ]
      },
      "properties": {
        "annotation_id": "9a922a08-7866-4b21-a11c-65b7f404a826",
        "label": "GP3",
        "probabilities": null,
        "tags": []
      }
    },
    {
      "type": "Feature",
      "geometry": {
        "type": "Polygon",
        "coordinates": [
          [
            [
              3619.3040019085674,
              20922.67941992487
            ],
            [
              3617.703072415693,
              20925.88127891062
            ],
            [
              3618.2367155799843,
              20929.083137896367
            ],
            [
              3620.9049314014414,
              20931.217710553534
            ],
            [
              3627.84229253723,
              20933.88592637499
            ],
            [
              3663.062741380465,
              20937.087785360738
            ],
            [
              3666.2646003662135,
              20936.55414219645
            ],
            [
              3667.3318866947966,
              20932.81864004641
            ],
            [
              3666.2646003662135,
              20920.01120410341
            ],
            [
              3661.9954550518823,
              20913.073842967628
            ],
            [
              3641.717014808807,
              20901.333693353215
            ],
            [
              3635.31329683731,
              20899.73276386034
            ],
            [
              3628.375935701522,
              20900.800050188922
            ],
            [
              3625.7077198800644,
              20898.131834367465
            ],
            [
              3621.972217730024,
              20887.992614245926
            ],
            [
              3617.169429251401,
              20881.05525311014
            ],
            [
              3610.7657112799043,
              20876.786107795808
            ],
            [
              3607.5638522941554,
              20873.050605645767
            ],
            [
              3595.2900595154524,
              20865.045958181396
            ],
            [
              3591.554557365412,
              20863.445028688522
            ],
            [
              3583.5499099010403,
              20862.911385524232
            ],
            [
              3577.6798350938348,
              20868.247817167143
            ],
            [
              3576.612548765252,
              20871.449676152894
            ],
            [
              3576.612548765252,
              20875.718821467224
            ],
            [
              3582.482623572458,
              20890.660830067383
            ],
            [
              3588.8863415439555,
              20901.333693353215
            ],
            [
              3593.689130022578,
              20904.001909174673
            ],
            [
              3596.890989008327,
              20904.535552338963
            ],
            [
              3619.3040019085674,
              20922.67941992487
            ]
          ]
        ]
      },
      "properties": {
        "annotation_id": "9f9a438d-5594-4d52-909e-aa2ee5055586",
        "label": "GP5",
        "probabilities": null,
        "tags": []
      }
    },
    {
      "type": "Feature",
      "geometry": {
        "type": "Polygon",
        "coordinates": [
          [
            [
              1601.091616345703,
              2971.9562635561315
            ],
            [
              1608.9482964020506,
              2969.3373702040153
            ],
            [
              1613.1385257654363,
              2957.8142394547044
            ],
            [
              1613.1385257654363,
              2938.9582073194706
            ],
            [
              1607.9007390612044,
              2925.3399618884678
            ],
            [
              1601.091616345703,
              2917.483281832121
            ],
            [
              1585.3782562330075,
              2905.96015108281
            ],
            [
              1575.426461494967,
              2901.246143049001
            ],
            [
              1553.9515360076166,
              2896.0083563447697
            ],
            [
              1545.0472986104223,
              2886.056561606729
            ],
            [
              1542.4284052583066,
              2880.294996232075
            ],
            [
              1543.4759625991528,
              2872.9620948461497
            ],
            [
              1560.7606587231178,
              2862.4865214376864
            ],
            [
              1560.7606587231178,
              2859.343849415146
            ],
            [
              1553.4277573371933,
              2839.440259939065
            ],
            [
              1541.3808479174602,
              2783.3959422037856
            ],
            [
              1532.476610520266,
              2767.68258209109
            ],
            [
              1524.6199304639183,
              2760.873459375588
            ],
            [
              1507.8590130103764,
              2756.1594513417804
            ],
            [
              1497.9072182723357,
              2756.683230012203
            ],
            [
              1494.764546249797,
              2759.825902034743
            ],
            [
              1490.0505382159881,
              2773.9679261361675
            ],
            [
              1490.5743168864112,
              2803.299531679867
            ],
            [
              1506.287676999107,
              2871.914537505303
            ],
            [
              1524.6199304639183,
              2914.8643884800044
            ],
            [
              1533.000389190689,
              2945.2435513645487
            ],
            [
              1536.6668398836514,
              2949.433780727934
            ],
            [
              1543.999741269576,
              2952.0526740800506
            ],
            [
              1576.9977975062366,
              2950.4813380687815
            ],
            [
              1595.330050971048,
              2960.956911477245
            ],
            [
              1601.091616345703,
              2971.9562635561315
            ]
          ]
        ]
      },
      "properties": {
        "annotation_id": "9fadb53f-0c45-41df-907a-b5d67482f6f5",
        "label": "GP5",
        "probabilities": {
          "GP3": 0,
          "GP4": 0,
          "GP5": 1,
          "Benign": 0
        },
        "tags": []
      }
    },
    {
      "type": "Feature",
      "geometry": {
        "type": "Polygon",
        "coordinates": [
          [
            [
              1877.9882810479467,
              6528.856614893842
            ],
            [
              1927.360371165204,
              6520.118191864239
            ],
            [
              1948.7695075877314,
              6514.438216894997
            ],
            [
              1961.0032998291756,
              6523.1766399246
            ],
            [
              1966.2463536469372,
              6524.924324530521
            ],
            [
              1988.529332372425,
              6522.73971877312
            ],
            [
              2014.307680309754,
              6515.312059197958
            ],
            [
              2040.086028247083,
              6516.185901500918
            ],
            [
              2054.0675050944474,
              6507.447478471314
            ],
            [
              2055.815189700368,
              6500.456740047632
            ],
            [
              2051.882899337047,
              6494.339843926909
            ],
            [
              2037.464501338202,
              6486.038342048786
            ],
            [
              2022.1722610363965,
              6478.173761322144
            ],
            [
              1993.7723861901868,
              6467.68765368662
            ],
            [
              1986.3447266150245,
              6467.25073253514
            ],
            [
              1981.1016727972624,
              6468.998417141061
            ],
            [
              1973.6740132221,
              6474.241470958823
            ],
            [
              1970.615565161739,
              6481.6691305339855
            ],
            [
              1971.4894074646993,
              6475.552234413264
            ],
            [
              1969.7417228587785,
              6472.056865201423
            ],
            [
              1958.3817729202947,
              6458.949230657018
            ],
            [
              1944.4002960729297,
              6451.958492233335
            ],
            [
              1934.3511095888862,
              6451.521571081855
            ],
            [
              1928.2342134681644,
              6454.143097990736
            ],
            [
              1919.058869287081,
              6465.06612677774
            ],
            [
              1916.87426352968,
              6482.106051685465
            ],
            [
              1917.7481058326402,
              6486.475263200267
            ],
            [
              1923.8650019533627,
              6496.08752853283
            ],
            [
              1925.6126865592832,
              6505.262872713914
            ],
            [
              1922.117317347442,
              6511.816689986116
            ],
            [
              1918.6219481356006,
              6513.564374592037
            ],
            [
              1909.4466039545175,
              6514.438216894997
            ],
            [
              1900.2712597734344,
              6512.253611137596
            ],
            [
              1887.60054638051,
              6506.136715016874
            ],
            [
              1881.483650259788,
              6495.650607381351
            ],
            [
              1879.2990445023872,
              6486.475263200267
            ],
            [
              1870.9975426242645,
              6476.426076716223
            ],
            [
              1859.6375926857804,
              6477.299919019184
            ],
            [
              1848.2776427472966,
              6485.164499745827
            ],
            [
              1846.529958141376,
              6490.407553563588
            ],
            [
              1849.5884062017367,
              6496.524449684311
            ],
            [
              1861.3852772917007,
              6511.379768834635
            ],
            [
              1876.2405964420261,
              6522.73971877312
            ],
            [
              1877.9882810479467,
              6528.856614893842
            ]
          ]
        ]
      },
      "properties": {
        "annotation_id": "a0e30e25-ba6f-44be-b789-850d9c333731",
        "label": "GP5",
        "probabilities": null,
        "tags": []
      }
    },
    {
      "type": "Feature",
      "geometry": {
        "type": "Polygon",
        "coordinates": [
          [
            [
              2421.114005173603,
              7152.100250934018
            ],
            [
              2417.804447242162,
              7149.452604588865
            ],
            [
              2429.718855795349,
              7149.452604588865
            ],
            [
              2438.3237064170953,
              7144.8192234848475
            ],
            [
              2458.842965592029,
              7129.595257000219
            ],
            [
              2465.4620814549107,
              7121.652317964761
            ],
            [
              2474.728843662945,
              7102.456881962405
            ],
            [
              2476.0526668355214,
              7093.852031340657
            ],
            [
              2476.0526668355214,
              7063.404098371402
            ],
            [
              2467.4478162137752,
              7053.475424577079
            ],
            [
              2450.900026556571,
              7046.856308714197
            ],
            [
              2440.30944117596,
              7045.53248554162
            ],
            [
              2401.9185691712455,
              7044.8705739553325
            ],
            [
              2369.4849014431247,
              7052.151601404502
            ],
            [
              2362.865785580243,
              7058.770717267384
            ],
            [
              2360.8800508213785,
              7062.742186785113
            ],
            [
              2356.9085813036495,
              7083.261445960046
            ],
            [
              2356.2466697173613,
              7102.456881962405
            ],
            [
              2362.865785580243,
              7126.28569906878
            ],
            [
              2371.4706362019892,
              7138.8620192082535
            ],
            [
              2386.0326911003294,
              7152.7621625203055
            ],
            [
              2409.199596620416,
              7167.324217418645
            ],
            [
              2425.085474691332,
              7181.224360730697
            ],
            [
              2421.114005173603,
              7152.100250934018
            ]
          ]
        ]
      },
      "properties": {
        "annotation_id": "a0ed4885-a970-4db3-9e8d-ef82c4eaa1b5",
        "label": "GP4",
        "probabilities": null,
        "tags": []
      }
    },
    {
      "type": "Feature",
      "geometry": {
        "type": "Polygon",
        "coordinates": [
          [
            [
              2212.232961930265,
              6196.359618617443
            ],
            [
              2212.669883081745,
              6193.738091708562
            ],
            [
              2220.5344638083875,
              6198.544224374843
            ],
            [
              2223.1559907172687,
              6198.544224374843
            ],
            [
              2225.77751762615,
              6197.670382071883
            ],
            [
              2237.1374675646334,
              6197.233460920404
            ],
            [
              2241.506679079435,
              6196.359618617443
            ],
            [
              2244.128205988316,
              6195.048855163002
            ],
            [
              2247.186654048677,
              6193.301170557082
            ],
            [
              2251.555865563478,
              6189.368880193761
            ],
            [
              2252.4297078664385,
              6186.310432133399
            ],
            [
              2251.9927867149586,
              6182.815062921559
            ],
            [
              2241.943600230915,
              6165.775138013832
            ],
            [
              2238.011309867594,
              6164.464374559392
            ],
            [
              2230.5836502924312,
              6164.901295710873
            ],
            [
              2218.786779202467,
              6168.396664922713
            ],
            [
              2204.8053023551024,
              6174.513561043435
            ],
            [
              2199.5622485373406,
              6178.445851406756
            ],
            [
              2195.1930370225386,
              6182.815062921559
            ],
            [
              2192.571510113658,
              6186.310432133399
            ],
            [
              2191.6976678106976,
              6190.242722496721
            ],
            [
              2191.6976678106976,
              6195.048855163002
            ],
            [
              2193.8822735680988,
              6199.418066677804
            ],
            [
              2198.68840623438,
              6204.224199344085
            ],
            [
              2202.1837754462213,
              6205.971883950006
            ],
            [
              2212.232961930265,
              6196.359618617443
            ]
          ]
        ]
      },
      "properties": {
        "annotation_id": "a30098a5-1960-4955-bc80-757d2ebcbee1",
        "label": "GP5",
        "probabilities": null,
        "tags": []
      }
    },
    {
      "type": "Feature",
      "geometry": {
        "type": "Polygon",
        "coordinates": [
          [
            [
              3831.4300041643437,
              22184.290205592806
            ],
            [
              3827.957636127255,
              22183.364240782917
            ],
            [
              3833.3709688619983,
              22186.522018211515
            ],
            [
              3841.9420790253425,
              22190.130906701346
            ],
            [
              3851.8665223723733,
              22192.83757306872
            ],
            [
              3869.0087426990617,
              22195.54423943609
            ],
            [
              3882.0909634746918,
              22195.54423943609
            ],
            [
              3888.8576293931214,
              22197.348683681004
            ],
            [
              3889.759851515579,
              22193.739795191173
            ],
            [
              3889.759851515579,
              22189.228684578888
            ],
            [
              3887.504296209436,
              22172.0864642522
            ],
            [
              3886.6020740869785,
              22169.379797884827
            ],
            [
              3885.248740903293,
              22166.22202045623
            ],
            [
              3881.188741352235,
              22159.906465599026
            ],
            [
              3873.5198533113476,
              22153.590910741827
            ],
            [
              3867.655409515375,
              22151.335355435684
            ],
            [
              3854.5731887397446,
              22150.884244374454
            ],
            [
              3849.159856005001,
              22151.78646649691
            ],
            [
              3840.137634780428,
              22154.94424392551
            ],
            [
              3836.528746290599,
              22158.55313241534
            ],
            [
              3833.8220799232267,
              22162.6131319664
            ],
            [
              3832.017635678312,
              22167.575353639913
            ],
            [
              3830.6643024946266,
              22180.206463354316
            ],
            [
              3831.4300041643437,
              22184.290205592806
            ],
            [
              3831.4300041643437,
              22184.290205592806
            ]
          ]
        ]
      },
      "properties": {
        "annotation_id": "a9369864-e68e-41c2-a0c6-55e8722b7a8c",
        "label": "GP5",
        "probabilities": null,
        "tags": []
      }
    },
    {
      "type": "Feature",
      "geometry": {
        "type": "Polygon",
        "coordinates": [
          [
            [
              2347.4600093373742,
              13880.420260516237
            ],
            [
              2329.9107735309176,
              13862.453185762008
            ],
            [
              2305.6761145600967,
              13854.514245754326
            ],
            [
              2281.8592945370483,
              13851.171534172141
            ],
            [
              2259.2959913573186,
              13852.007212067689
            ],
            [
              2235.4791713342706,
              13848.664500485505
            ],
            [
              2223.36184184886,
              13855.349923649868
            ],
            [
              2212.498029206768,
              13856.603440493187
            ],
            [
              2189.9347260270383,
              13846.575305746643
            ],
            [
              2178.653074437173,
              13846.157466798868
            ],
            [
              2164.028711265126,
              13852.842889963233
            ],
            [
              2151.9113817797156,
              13866.631575239735
            ],
            [
              2147.732992301988,
              13882.927294202873
            ],
            [
              2152.3292207274885,
              13916.772248972467
            ],
            [
              2161.5216775784893,
              13926.800383719014
            ],
            [
              2183.6671418104465,
              13933.903645831153
            ],
            [
              2204.559089199085,
              13934.739323726697
            ],
            [
              2255.117601879591,
              13913.847376338059
            ],
            [
              2272.2489987382746,
              13915.518732129149
            ],
            [
              2282.694972432594,
              13925.129027927924
            ],
            [
              2282.277133484821,
              13933.067967935605
            ],
            [
              2274.3381934771387,
              13944.767458473245
            ],
            [
              2275.591710320457,
              13959.391821645291
            ],
            [
              2268.070609260547,
              13971.509151130702
            ],
            [
              2239.6575608119983,
              13984.879997459431
            ],
            [
              2210.826673415677,
              14005.354105900296
            ],
            [
              2193.27743760922,
              14072.626176491713
            ],
            [
              2200.380699721358,
              14085.579183872667
            ],
            [
              2218.76561342336,
              14101.039224940261
            ],
            [
              2230.88294290877,
              14106.471131261307
            ],
            [
              2245.507306080817,
              14106.88897020908
            ],
            [
              2271.4133208427293,
              14100.203547044715
            ],
            [
              2356.2346272406025,
              14008.278978534705
            ],
            [
              2368.7697956737857,
              13999.504360631476
            ],
            [
              2389.6617430624246,
              13991.565420623796
            ],
            [
              2440.22025574293,
              13915.100893181378
            ],
            [
              2447.3235178550676,
              13897.969496322694
            ],
            [
              2447.3235178550676,
              13880.002421568464
            ],
            [
              2439.8024167951576,
              13860.363991023143
            ],
            [
              2425.5958925708833,
              13853.678567858778
            ],
            [
              2395.929327279016,
              13860.363991023143
            ],
            [
              2367.098439882695,
              13888.777039471692
            ],
            [
              2359.9951777705573,
              13891.7019121061
            ],
            [
              2360.830855666103,
              13889.194878419463
            ],
            [
              2347.4600093373742,
              13880.420260516237
            ]
          ]
        ]
      },
      "properties": {
        "annotation_id": "aca67aa4-c0c0-463e-8536-d65117ad1d89",
        "label": "GP4",
        "probabilities": null,
        "tags": []
      }
    },
    {
      "type": "Feature",
      "geometry": {
        "type": "Polygon",
        "coordinates": [
          [
            [
              1911.781513507743,
              3637.179199602137
            ],
            [
              1911.0022664897006,
              3598.9960957180683
            ],
            [
              1888.4041029664768,
              3573.2809441226755
            ],
            [
              1763.7245800797232,
              3528.084617076228
            ],
            [
              1651.5130094816457,
              3527.305370058186
            ],
            [
              1601.641200326944,
              3544.4488044551135
            ],
            [
              1554.8863792444117,
              3596.6583546639413
            ],
            [
              1533.846709757272,
              3651.205645926897
            ],
            [
              1562.6788494248337,
              3709.649172280062
            ],
            [
              1653.8507505357722,
              3790.690862156452
            ],
            [
              1649.9545154455611,
              3836.6664362209417
            ],
            [
              1532.2882157211875,
              3886.538245375643
            ],
            [
              1413.842668978772,
              3803.938061463169
            ],
            [
              1370.9840829864506,
              3798.483332336873
            ],
            [
              1330.4632380482558,
              3821.0814958600977
            ],
            [
              1307.8650745250318,
              3852.2513765817857
            ],
            [
              1328.9047440121712,
              3905.2401738086564
            ],
            [
              1326.5670029580447,
              3950.436500855104
            ],
            [
              1282.149922929639,
              3964.4629471798644
            ],
            [
              1268.9027236229213,
              3983.1648756128766
            ],
            [
              1273.5782057311746,
              4002.646051063932
            ],
            [
              1239.2913369373173,
              3987.061110703088
            ],
            [
              1217.4724204321356,
              3996.4120749195936
            ],
            [
              1204.225221125418,
              4040.829154948
            ],
            [
              1219.03091446822,
              4084.466987958364
            ],
            [
              1152.7949179346324,
              4118.7538567522215
            ],
            [
              1141.8854596820413,
              4137.455785185235
            ],
            [
              1057.7267817334828,
              4120.312350788305
            ],
            [
              1044.4795824267653,
              4190.444582412105
            ],
            [
              1018.7644308313724,
              4230.186180332257
            ],
            [
              1017.2059367952882,
              4276.161754396748
            ],
            [
              1056.9475347154407,
              4289.408953703465
            ],
            [
              1150.4571768805056,
              4252.784343855481
            ],
            [
              1315.6575447054538,
              4337.722268822081
            ],
            [
              1370.9840829864506,
              4308.110882136478
            ],
            [
              1429.427609339616,
              4231.744674368342
            ],
            [
              1507.352311143837,
              4190.444582412105
            ],
            [
              1585.2770129480575,
              4128.104820968728
            ],
            [
              1615.667646651704,
              4139.014279221318
            ],
            [
              1615.667646651704,
              4184.210606267767
            ],
            [
              1638.265810174928,
              4209.92575786316
            ],
            [
              1674.1111730048694,
              4210.705004881202
            ],
            [
              1706.0603007446002,
              4227.84843927813
            ],
            [
              1791.777472729243,
              4219.276722079665
            ],
            [
              1850.2209990824085,
              4164.729430816711
            ],
            [
              1835.4153057396065,
              4068.1028005794783
            ],
            [
              1842.4285289019865,
              3982.385628594835
            ],
            [
              1856.4549752267462,
              3955.1119829633576
            ],
            [
              1892.3003380566877,
              3935.6308075123025
            ],
            [
              1927.3664538685873,
              3966.8006882339896
            ],
            [
              1973.3420279330774,
              3914.591138025163
            ],
            [
              2043.4742595568762,
              3881.8627632673897
            ],
            [
              2082.4366104589867,
              3907.5779148627817
            ],
            [
              2093.346068711577,
              3943.4232776927242
            ],
            [
              2073.8648932605224,
              4013.555509316524
            ],
            [
              2024.7723311238633,
              4043.9461430201695
            ],
            [
              1963.2118166985285,
              4041.608401966043
            ],
            [
              1928.9249479046719,
              4100.831175337249
            ],
            [
              1891.5210910386456,
              4124.208585878517
            ],
            [
              1837.7530467937331,
              4223.952204187919
            ],
            [
              1874.3776566417173,
              4245.771120693101
            ],
            [
              1881.3908798040966,
              4294.86368282976
            ],
            [
              1927.3664538685873,
              4308.890129154519
            ],
            [
              1985.8099802217528,
              4300.318411956056
            ],
            [
              2074.6441402785645,
              4364.995914453559
            ],
            [
              2151.789595064743,
              4483.441461195975
            ],
            [
              2182.9594757864315,
              4506.039624719198
            ],
            [
              2235.948273013302,
              4520.845318062
            ],
            [
              2276.469117951496,
              4508.377365773325
            ],
            [
              2286.599329186045,
              4454.609321528414
            ],
            [
              2348.939090629422,
              4453.050827492329
            ],
            [
              2349.718337647464,
              4382.139348850487
            ],
            [
              2237.5067670493863,
              4204.471028736863
            ],
            [
              2257.7671895184835,
              4122.650091842433
            ],
            [
              2254.6502014463144,
              4062.6480714531817
            ],
            [
              2237.5067670493863,
              4022.1272265149873
            ],
            [
              2255.429448464357,
              4010.438521244354
            ],
            [
              2238.286014067428,
              3928.6175843499223
            ],
            [
              2207.11613334574,
              3894.330715556066
            ],
            [
              2052.0459767553402,
              3829.6532130585615
            ],
            [
              2052.0459767553402,
              3735.3643238754544
            ],
            [
              2024.7723311238633,
              3716.662395442442
            ],
            [
              2009.9666377810613,
              3733.80582983937
            ],
            [
              1989.7062153119641,
              3734.585076857413
            ],
            [
              1972.5627809150353,
              3681.596279630543
            ],
            [
              1939.0551591392205,
              3655.8811280351492
            ],
            [
              1923.470218778376,
              3658.2188690892763
            ],
            [
              1911.781513507743,
              3637.179199602137
            ]
          ]
        ]
      },
      "properties": {
        "annotation_id": "b096cc86-72c7-4d65-aaab-cbba68195c82",
        "label": "GP4",
        "probabilities": {
          "GP3": 0.0,
          "GP4": 0.8,
          "GP5": 0.2,
          "Benign": 0.0
        },
        "tags": []
      }
    },
    {
      "type": "Feature",
      "geometry": {
        "type": "Polygon",
        "coordinates": [
          [
            [
              3238.1153546582823,
              19989.42544409599
            ],
            [
              3229.227540321004,
              19985.475304390533
            ],
            [
              3263.2974952805716,
              19996.83195604372
            ],
            [
              3280.0855890287644,
              20026.45800383465
            ],
            [
              3306.7490320406,
              20060.034191331033
            ],
            [
              3317.6119162306068,
              20059.04665640467
            ],
            [
              3339.337684610621,
              20040.28349280375
            ],
            [
              3346.744196558353,
              20026.95177129783
            ],
            [
              3354.1507085060853,
              19997.819490970083
            ],
            [
              3353.080879002523,
              19995.465866062248
            ],
            [
              3353.656941042903,
              19995.35065365417
            ],
            [
              3366.9886625488207,
              19984.48776946417
            ],
            [
              3392.664570634292,
              19947.948977188687
            ],
            [
              3432.165967688863,
              19901.53483564957
            ],
            [
              3445.003921731598,
              19876.84646249046
            ],
            [
              3474.136202059344,
              19848.207949625896
            ],
            [
              3477.098806838437,
              19834.876228119978
            ],
            [
              3468.2109925011587,
              19823.51957646679
            ],
            [
              3461.298248016609,
              19821.05073915088
            ],
            [
              3438.0911772470486,
              19820.063204224512
            ],
            [
              3425.746990667495,
              19823.51957646679
            ],
            [
              3382.2954539074667,
              19854.133159184083
            ],
            [
              3347.731731484717,
              19884.746741901374
            ],
            [
              3283.5419612710393,
              19918.81669686094
            ],
            [
              3256.3847507960218,
              19938.56739538823
            ],
            [
              3220.3397259837257,
              19969.674745568704
            ],
            [
              3206.020469551444,
              19989.91921155917
            ],
            [
              3238.1153546582823,
              19989.42544409599
            ]
          ]
        ]
      },
      "properties": {
        "annotation_id": "b14b7aee-74c6-4491-962c-9f8e512f2d23",
        "label": "GP3",
        "probabilities": null,
        "tags": []
      }
    },
    {
      "type": "Feature",
      "geometry": {
        "type": "Polygon",
        "coordinates": [
          [
            [
              2496.624050705681,
              18406.503609294698
            ],
            [
              2494.069326558755,
              18407.78097136816
            ],
            [
              2493.6435392009344,
              18410.761482872906
            ],
            [
              2497.9014127791443,
              18416.29671852458
            ],
            [
              2526.4291657531508,
              18429.921913974853
            ],
            [
              2536.6480623408547,
              18431.625063406136
            ],
            [
              2580.929947554238,
              18424.812465681
            ],
            [
              2604.7740395922137,
              18415.87093116676
            ],
            [
              2606.4771890234974,
              18413.316207019834
            ],
            [
              2612.4382120329915,
              18389.89790233968
            ],
            [
              2611.1608499595286,
              18377.124281605047
            ],
            [
              2606.9029763813187,
              18366.479597659523
            ],
            [
              2577.52364869167,
              18310.70145378497
            ],
            [
              2566.453177388324,
              18297.927833050344
            ],
            [
              2552.8279819380527,
              18286.43157438918
            ],
            [
              2535.370700267392,
              18281.322126095325
            ],
            [
              2505.1397978621007,
              18281.322126095325
            ],
            [
              2496.19826334786,
              18283.87685024225
            ],
            [
              2471.9283839520635,
              18296.22468361906
            ],
            [
              2446.806929840625,
              18319.642988299216
            ],
            [
              2442.549056262415,
              18326.02979866653
            ],
            [
              2439.142757399847,
              18336.248695254235
            ],
            [
              2439.568544757668,
              18345.616017126293
            ],
            [
              2481.2957058241254,
              18386.06581611929
            ],
            [
              2501.7334989995334,
              18400.968373643023
            ],
            [
              2496.624050705681,
              18406.503609294698
            ]
          ]
        ]
      },
      "properties": {
        "annotation_id": "b20cba47-da26-49a1-8e30-d2ebd50a0da9",
        "label": "GP3",
        "probabilities": null,
        "tags": []
      }
    },
    {
      "type": "Feature",
      "geometry": {
        "type": "Polygon",
        "coordinates": [
          [
            [
              2714.5985125749576,
              21495.665527498364
            ],
            [
              2704.5538384162337,
              21493.752256230033
            ],
            [
              2710.293652221219,
              21471.749636644257
            ],
            [
              2719.8600085628605,
              21453.57355959514
            ],
            [
              2740.905992514473,
              21433.00589346061
            ],
            [
              2762.908612100249,
              21421.047948033556
            ],
            [
              2805.478897820555,
              21430.135986558118
            ],
            [
              2829.3947886746596,
              21428.70103310687
            ],
            [
              2848.049183540861,
              21412.438227326078
            ],
            [
              2870.5301209437193,
              21376.56439104492
            ],
            [
              2884.4013376391003,
              21341.64719039793
            ],
            [
              2884.4013376391003,
              21319.644570812154
            ],
            [
              2882.00974855369,
              21308.164943202184
            ],
            [
              2873.400027846212,
              21289.988866153064
            ],
            [
              2855.223950797093,
              21260.333161493974
            ],
            [
              2845.6575944554506,
              21252.68007642066
            ],
            [
              2817.436843247607,
              21243.5920378961
            ],
            [
              2800.2174018326523,
              21242.157084444854
            ],
            [
              2781.5630069664508,
              21245.026991347346
            ],
            [
              2757.647116112346,
              21250.28848733525
            ],
            [
              2743.7758994169653,
              21258.419890225643
            ],
            [
              2727.5130936361743,
              21273.72606037227
            ],
            [
              2710.771970038301,
              21309.599896653428
            ],
            [
              2672.0282268546516,
              21425.83112620438
            ],
            [
              2667.2450486838306,
              21455.008513046385
            ],
            [
              2668.201684317995,
              21478.924403900488
            ],
            [
              2671.5499090375693,
              21489.447395876297
            ],
            [
              2714.5985125749576,
              21495.665527498364
            ]
          ]
        ]
      },
      "properties": {
        "annotation_id": "b2c4dd4a-ceee-4b13-8915-edc857f9784c",
        "label": "GP5",
        "probabilities": null,
        "tags": []
      }
    },
    {
      "type": "Feature",
      "geometry": {
        "type": "Polygon",
        "coordinates": [
          [
            [
              1562.5312096792775,
              6915.531833953776
            ],
            [
              1562.0942885277973,
              6918.153360862656
            ],
            [
              1564.7158154366784,
              6920.337966620057
            ],
            [
              1570.8327115574002,
              6920.337966620057
            ],
            [
              1593.115690282888,
              6906.356489772693
            ],
            [
              1600.5433498580505,
              6898.054987894569
            ],
            [
              1604.475640221372,
              6888.879643713486
            ],
            [
              1606.6602459787728,
              6874.898166866121
            ],
            [
              1606.2233248272926,
              6862.227453473197
            ],
            [
              1604.475640221372,
              6856.110557352475
            ],
            [
              1600.9802710095307,
              6850.430582383233
            ],
            [
              1593.5526114343681,
              6845.187528565471
            ],
            [
              1588.3095576166065,
              6843.87676511103
            ],
            [
              1573.8911596177613,
              6844.3136862625115
            ],
            [
              1561.657367376317,
              6848.245976625833
            ],
            [
              1555.977392407075,
              6853.489030443595
            ],
            [
              1553.7927866496746,
              6859.169005412837
            ],
            [
              1551.6081808922738,
              6860.916690018757
            ],
            [
              1545.9282059230316,
              6862.227453473197
            ],
            [
              1542.4328367111907,
              6867.90742844244
            ],
            [
              1540.2482309537897,
              6874.461245714641
            ],
            [
              1535.442098287508,
              6876.645851472042
            ],
            [
              1531.946729075667,
              6869.218191896879
            ],
            [
              1530.1990444697462,
              6857.858241958395
            ],
            [
              1526.266754106425,
              6850.430582383233
            ],
            [
              1523.2083060460636,
              6848.245976625833
            ],
            [
              1519.7129368342228,
              6846.935213171392
            ],
            [
              1511.8483561075798,
              6846.498292019912
            ],
            [
              1504.4206965324174,
              6849.993661231753
            ],
            [
              1497.429958108735,
              6855.236715049516
            ],
            [
              1491.749983139493,
              6866.159743836519
            ],
            [
              1486.9438504732111,
              6883.199668744244
            ],
            [
              1486.0700081702512,
              6897.61806674309
            ],
            [
              1488.6915350791319,
              6901.9872782578905
            ],
            [
              1495.2453523513343,
              6907.667253227132
            ],
            [
              1505.2945388353776,
              6912.473385893414
            ],
            [
              1524.082148349024,
              6918.590282014136
            ],
            [
              1534.5682559845477,
              6920.7748877715385
            ],
            [
              1544.180521317111,
              6919.901045468577
            ],
            [
              1561.220446224837,
              6913.784149347855
            ],
            [
              1562.5312096792775,
              6915.531833953776
            ]
          ]
        ]
      },
      "properties": {
        "annotation_id": "b457bd73-9adc-4e85-ba0d-8be31813003b",
        "label": "GP4",
        "probabilities": null,
        "tags": []
      }
    },
    {
      "type": "Feature",
      "geometry": {
        "type": "Polygon",
        "coordinates": [
          [
            [
              2702.2793445332213,
              18461.004391095783
            ],
            [
              2697.1698962393693,
              18459.72702902232
            ],
            [
              2708.666154900536,
              18460.15281638014
            ],
            [
              2757.6317010499506,
              18310.27566642715
            ],
            [
              2777.2179195097165,
              18277.490039874934
            ],
            [
              2791.69468967563,
              18268.548505360694
            ],
            [
              2805.319885125902,
              18278.7674019484
            ],
            [
              2809.151971346291,
              18290.689447967387
            ],
            [
              2782.327367803568,
              18366.905385017344
            ],
            [
              2784.030517234852,
              18419.70301738715
            ],
            [
              2794.6752011803774,
              18463.984902600532
            ],
            [
              2803.6167356946175,
              18475.90694861952
            ],
            [
              2823.628741512204,
              18482.293758986834
            ],
            [
              2866.633264652125,
              18481.01639691337
            ],
            [
              2889.6257819744587,
              18471.22328768349
            ],
            [
              2898.99310384652,
              18472.926437114773
            ],
            [
              2877.7037359554706,
              18541.05241436613
            ],
            [
              2881.1100348180385,
              18561.490207541538
            ],
            [
              2894.3094429104895,
              18576.818552423094
            ],
            [
              2909.2120004342246,
              18584.05693750605
            ],
            [
              2919.856684379749,
              18583.63115014823
            ],
            [
              2976.0606156121207,
              18560.638632825896
            ],
            [
              3013.1041157425466,
              18532.53666720971
            ],
            [
              3037.3739951383436,
              18528.70458098932
            ],
            [
              3070.585409048381,
              18509.118362529556
            ],
            [
              3087.1911160033997,
              18472.926437114773
            ],
            [
              3074.843282626591,
              18423.535103607537
            ],
            [
              3069.7338343327388,
              18417.574080598042
            ],
            [
              3056.9602135981095,
              18416.29671852458
            ],
            [
              3027.5808859084605,
              18420.554592102788
            ],
            [
              3022.471437614609,
              18425.66404039664
            ],
            [
              3018.63935139422,
              18481.442184271193
            ],
            [
              3009.272029522158,
              18483.996908418118
            ],
            [
              2995.2210467140653,
              18474.203799188235
            ],
            [
              2979.8927018325094,
              18447.37919564551
            ],
            [
              2982.0216386216143,
              18386.491603477112
            ],
            [
              2932.204517756558,
              18351.15125277797
            ],
            [
              2909.2120004342246,
              18327.73294809781
            ],
            [
              2917.727747590644,
              18275.36110308583
            ],
            [
              2910.4893625076875,
              18234.059729377193
            ],
            [
              2886.219483111891,
              18194.887292457664
            ],
            [
              2861.098029000452,
              18173.172137208792
            ],
            [
              2844.492322045433,
              18141.663872730038
            ],
            [
              2831.7187013108037,
              18133.57391293144
            ],
            [
              2815.964569071427,
              18131.444976142335
            ],
            [
              2777.6437068675373,
              18145.070171592608
            ],
            [
              2771.2568965002224,
              18178.707372860466
            ],
            [
              2781.901580445747,
              18211.918786770504
            ],
            [
              2796.804137969482,
              18232.35657994591
            ],
            [
              2846.1954714767176,
              18241.72390181797
            ],
            [
              2855.9885807066003,
              18251.517011047858
            ],
            [
              2857.691730137884,
              18271.529016865443
            ],
            [
              2844.9181094032538,
              18296.65047097688
            ],
            [
              2827.886615090415,
              18296.22468361906
            ],
            [
              2789.139965528704,
              18242.149689175792
            ],
            [
              2732.9360342963328,
              18203.828826971905
            ],
            [
              2714.201390552209,
              18212.344574128325
            ],
            [
              2696.7441088815485,
              18235.337091450656
            ],
            [
              2695.0409594502644,
              18268.122718002876
            ],
            [
              2662.255332898048,
              18271.954804223264
            ],
            [
              2653.7395857416277,
              18285.154212315712
            ],
            [
              2651.184861594702,
              18321.3461377305
            ],
            [
              2670.771080054468,
              18342.635505621547
            ],
            [
              2661.403758182406,
              18361.795936723494
            ],
            [
              2654.59116045727,
              18396.284712706994
            ],
            [
              2686.5252122938446,
              18460.578603737962
            ],
            [
              2693.3378100189802,
              18466.113839389636
            ],
            [
              2705.2598560379683,
              18465.688052031815
            ],
            [
              2702.2793445332213,
              18461.004391095783
            ]
          ]
        ]
      },
      "properties": {
        "annotation_id": "b46b2884-fc49-49d2-9eec-ce4f5f4d113f",
        "label": "GP4",
        "probabilities": null,
        "tags": []
      }
    },
    {
      "type": "Feature",
      "geometry": {
        "type": "Polygon",
        "coordinates": [
          [
            [
              1811.4482485963945,
              3362.193458741079
            ],
            [
              1847.492687200955,
              3382.3783443596326
            ],
            [
              1900.9249629883616,
              3386.3071881675314
            ],
            [
              1912.7114944120542,
              3382.3783443596326
            ],
            [
              1915.0688006967926,
              3377.6637317901564
            ],
            [
              1911.9257256504745,
              3332.8749123801254
            ],
            [
              1870.2799812867609,
              3251.940729937435
            ],
            [
              1839.6349995851604,
              3243.297273560061
            ],
            [
              1788.5600300824924,
              3243.297273560061
            ],
            [
              1779.1308049435384,
              3229.153435851631
            ],
            [
              1774.4161923740612,
              3190.6507665342338
            ],
            [
              1761.0581234272097,
              3174.1496225410647
            ],
            [
              1732.7704480103475,
              3151.362328455259
            ],
            [
              1664.4085657529306,
              3131.7181094157713
            ],
            [
              1646.335884236602,
              3091.643902575217
            ],
            [
              1625.9058964355347,
              3069.6423772509916
            ],
            [
              1578.7597707407645,
              3060.2131521120364
            ],
            [
              1558.3297829396975,
              3070.4281460125703
            ],
            [
              1542.6144077081076,
              3096.358515144694
            ],
            [
              1533.970951330733,
              3131.7181094157713
            ],
            [
              1515.1125010528247,
              3171.7923162563256
            ],
            [
              1512.7551947680863,
              3189.079229011075
            ],
            [
              1517.4698073375632,
              3199.294222911609
            ],
            [
              1588.1889958797187,
              3273.9422552616616
            ],
            [
              1621.9770526276372,
              3292.014936777991
            ],
            [
              1659.6939531834537,
              3318.731074671694
            ],
            [
              1681.6954785076796,
              3354.090668942772
            ],
            [
              1777.559267420379,
              3356.4479752275097
            ],
            [
              1808.9900178835596,
              3361.1625877969873
            ],
            [
              1811.4482485963945,
              3362.193458741079
            ],
            [
              1811.4482485963945,
              3362.193458741079
            ]
          ]
        ]
      },
      "properties": {
        "annotation_id": "b4e7bd33-2cc0-47f3-a063-aa44bc9a9058",
        "label": "GP4",
        "probabilities": null,
        "tags": []
      }
    },
    {
      "type": "Feature",
      "geometry": {
        "type": "Polygon",
        "coordinates": [
          [
            [
              3895.2409138496205,
              21146.916186770344
            ],
            [
              3897.632502935032,
              21145.00291550202
            ],
            [
              3901.93736328877,
              21145.4812333191
            ],
            [
              3917.721851252479,
              21151.221047124087
            ],
            [
              3921.070075972054,
              21151.699364941167
            ],
            [
              3924.8966185087106,
              21150.742729307003
            ],
            [
              3928.244843228285,
              21143.567962050773
            ],
            [
              3930.6364323136954,
              21135.436559160375
            ],
            [
              3931.5930679478597,
              21110.564032672108
            ],
            [
              3930.158114496614,
              21103.867583232957
            ],
            [
              3926.8098897770387,
              21096.692815976727
            ],
            [
              3911.5037196304124,
              21072.776925122624
            ],
            [
              3900.024092020442,
              21064.645522232226
            ],
            [
              3884.239604056733,
              21062.732250963898
            ],
            [
              3880.8913793371576,
              21064.645522232226
            ],
            [
              3875.151565532173,
              21070.863653854292
            ],
            [
              3870.368387361352,
              21083.77823491551
            ],
            [
              3868.4551160930237,
              21097.64945161089
            ],
            [
              3868.4551160930237,
              21115.82552866001
            ],
            [
              3869.411751727188,
              21124.43524936749
            ],
            [
              3874.194929898009,
              21138.78478387995
            ],
            [
              3884.239604056733,
              21149.307775855756
            ],
            [
              3895.719231666703,
              21156.96086092907
            ],
            [
              3895.2409138496205,
              21146.916186770344
            ]
          ]
        ]
      },
      "properties": {
        "annotation_id": "b5289d07-92a2-4a6b-9057-6942404ea7f5",
        "label": "GP4",
        "probabilities": null,
        "tags": []
      }
    },
    {
      "type": "Feature",
      "geometry": {
        "type": "Polygon",
        "coordinates": [
          [
            [
              2728.0535651911346,
              20190.8825690743
            ],
            [
              2711.265471442942,
              20202.732988190673
            ],
            [
              2713.2405412956705,
              20212.114569991132
            ],
            [
              2747.80426371842,
              20220.014849402047
            ],
            [
              2816.437941100737,
              20247.172059877063
            ],
            [
              2860.383245323947,
              20246.678292413882
            ],
            [
              2875.196269219411,
              20239.27178046615
            ],
            [
              2927.535620316718,
              20235.815408223876
            ],
            [
              2977.8999015612962,
              20219.027314475683
            ],
            [
              2991.725390530396,
              20199.77038341158
            ],
            [
              2991.725390530396,
              20167.18173084156
            ],
            [
              3006.53841442586,
              20134.099310808357
            ],
            [
              3018.8826010054136,
              20130.642938566078
            ],
            [
              3076.1596267345412,
              20141.012055292907
            ],
            [
              3090.4788831668234,
              20136.568148124265
            ],
            [
              3128.0052103686658,
              20109.90470511243
            ],
            [
              3128.0052103686658,
              20089.16647165878
            ],
            [
              3095.416557798645,
              20035.34581817193
            ],
            [
              3119.611163494569,
              20025.964236371467
            ],
            [
              3124.548838126391,
              20013.620049791913
            ],
            [
              3109.242046767745,
              19952.88665182051
            ],
            [
              3075.172091808177,
              19933.135953293226
            ],
            [
              3039.1270669958813,
              19942.517535093684
            ],
            [
              3035.670694753606,
              19950.911581967783
            ],
            [
              3041.5959043117914,
              19988.437909169625
            ],
            [
              3038.139532069517,
              20035.34581817193
            ],
            [
              3035.670694753606,
              20042.75233011966
            ],
            [
              3028.264182805874,
              20046.208702361935
            ],
            [
              3013.45115891041,
              20043.739865046024
            ],
            [
              2989.7503206776673,
              20021.520329202827
            ],
            [
              2976.912366634932,
              20017.076422034188
            ],
            [
              2959.630505423557,
              19983.5002345378
            ],
            [
              2934.448364801268,
              19967.699675715972
            ],
            [
              2896.9220375994255,
              19970.168513031884
            ],
            [
              2850.5078960603046,
              19980.043862295526
            ],
            [
              2795.205940183905,
              20008.68237516009
            ],
            [
              2776.936544046166,
              20026.45800383465
            ],
            [
              2767.061194782523,
              20048.677539677847
            ],
            [
              2765.5798923929765,
              20087.191401806052
            ],
            [
              2758.173380445245,
              20107.9296352597
            ],
            [
              2728.5473326543165,
              20149.406102167
            ],
            [
              2709.7841690533955,
              20159.281451430645
            ],
            [
              2681.1456561888313,
              20184.957359516113
            ],
            [
              2679.170586336103,
              20188.41373175839
            ],
            [
              2683.614493504742,
              20190.38880161112
            ],
            [
              2728.0535651911346,
              20190.8825690743
            ]
          ]
        ]
      },
      "properties": {
        "annotation_id": "b6f1de8b-ff61-43d9-9fa9-3b09644a883b",
        "label": "GP4",
        "probabilities": null,
        "tags": []
      }
    },
    {
      "type": "Feature",
      "geometry": {
        "type": "Polygon",
        "coordinates": [
          [
            [
              3943.651572144134,
              18881.182678088655
            ],
            [
              3941.096847997208,
              18880.756890730834
            ],
            [
              3943.225784786313,
              18879.05374129955
            ],
            [
              3945.7805089332387,
              18879.05374129955
            ],
            [
              3959.405704383511,
              18886.29212638251
            ],
            [
              3969.198813613394,
              18889.272637887254
            ],
            [
              3971.75353776032,
              18889.272637887254
            ],
            [
              3975.1598366228877,
              18887.99527581379
            ],
            [
              3977.2887734119927,
              18886.29212638251
            ],
            [
              3977.7145607698135,
              18882.88582751994
            ],
            [
              3977.2887734119927,
              18878.62795394173
            ],
            [
              3976.01141133853,
              18875.64744243698
            ],
            [
              3967.9214515399312,
              18840.73287909566
            ],
            [
              3964.5151526773634,
              18831.3655572236
            ],
            [
              3960.257279099153,
              18824.12717214064
            ],
            [
              3954.7220434474802,
              18818.59193648897
            ],
            [
              3949.1868077958075,
              18815.1856376264
            ],
            [
              3945.7805089332387,
              18814.75985026858
            ],
            [
              3942.799997428492,
              18814.75985026858
            ],
            [
              3935.1358249877144,
              18818.16614913115
            ],
            [
              3927.471652546936,
              18826.25610892975
            ],
            [
              3924.0653536843683,
              18831.79134458142
            ],
            [
              3919.3816927483376,
              18842.436028526943
            ],
            [
              3916.4011812435906,
              18855.209649261575
            ],
            [
              3915.97539388577,
              18868.409057354027
            ],
            [
              3916.826968601412,
              18873.944293005698
            ],
            [
              3922.7879916109055,
              18883.311614877763
            ],
            [
              3927.471652546936,
              18885.866339024684
            ],
            [
              3933.4326755564307,
              18886.71791374033
            ],
            [
              3941.096847997208,
              18885.866339024684
            ],
            [
              3943.651572144134,
              18881.182678088655
            ]
          ]
        ]
      },
      "properties": {
        "annotation_id": "b77c09ae-9a34-45d4-a16a-f027954a0312",
        "label": "GP5",
        "probabilities": null,
        "tags": []
      }
    },
    {
      "type": "Feature",
      "geometry": {
        "type": "Polygon",
        "coordinates": [
          [
            [
              2945.189265851281,
              21015.558493336437
            ],
            [
              2942.3193589487882,
              21016.036811153517
            ],
            [
              2951.4073974733483,
              21020.81998932434
            ],
            [
              2975.801606144535,
              21018.42840023893
            ],
            [
              3028.416566023565,
              20990.207649031086
            ],
            [
              3040.8528292676997,
              20974.423161067378
            ],
            [
              3042.2877827189454,
              20962.465215640324
            ],
            [
              3037.982922365207,
              20952.898859298683
            ],
            [
              3009.2838533402814,
              20935.679417883726
            ],
            [
              2982.0197377666022,
              20927.069697176248
            ],
            [
              2927.491506619244,
              20922.28651900543
            ],
            [
              2896.400848508908,
              20933.287828798315
            ],
            [
              2874.3982289231317,
              20949.550634579107
            ],
            [
              2831.349625385743,
              20954.81213056701
            ],
            [
              2804.563827629146,
              20953.855494932846
            ],
            [
              2791.1709287508475,
              20968.68334726239
            ],
            [
              2776.8213942383845,
              20977.29306796987
            ],
            [
              2739.5126045059815,
              20984.946153043184
            ],
            [
              2730.902883798504,
              20980.16297487236
            ],
            [
              2711.7701711152204,
              20951.94222366452
            ],
            [
              2704.595403858989,
              20947.63736331078
            ],
            [
              2669.1998853949144,
              20940.940913871633
            ],
            [
              2639.5441807358243,
              20942.375867322877
            ],
            [
              2622.3247393208694,
              20947.1590454937
            ],
            [
              2591.7123990276154,
              20968.20502944531
            ],
            [
              2582.1460426859735,
              20984.4678352261
            ],
            [
              2579.276135783481,
              21007.905408263123
            ],
            [
              2586.9292208567945,
              21043.3009267272
            ],
            [
              2610.845111710899,
              21080.6097164596
            ],
            [
              2674.939699199899,
              21140.399443594863
            ],
            [
              2717.0316671031233,
              21149.965799936504
            ],
            [
              2800.7372850924894,
              21120.310095277415
            ],
            [
              2830.8713075686615,
              21104.525607313706
            ],
            [
              2877.268135825624,
              21064.34691067881
            ],
            [
              2939.449452046296,
              21042.34429109303
            ],
            [
              2952.3640331075126,
              21032.77793475139
            ],
            [
              2945.189265851281,
              21015.558493336437
            ]
          ]
        ]
      },
      "properties": {
        "annotation_id": "b872bd70-09bd-4a22-997d-2bb700c5cfc4",
        "label": "GP4",
        "probabilities": null,
        "tags": []
      }
    },
    {
      "type": "Feature",
      "geometry": {
        "type": "Polygon",
        "coordinates": [
          [
            [
              2740.1323451510884,
              17385.86736204266
            ],
            [
              2736.7678801477523,
              17385.306617875438
            ],
            [
              2805.739412716148,
              17368.484292858757
            ],
            [
              2896.5799678062303,
              17378.577687868765
            ],
            [
              3007.0465687491082,
              17375.21322286543
            ],
            [
              3075.457357150282,
              17385.86736204266
            ],
            [
              3107.9805188492,
              17395.400012885446
            ],
            [
              3142.746657217009,
              17394.278524551002
            ],
            [
              3193.7743764342777,
              17402.689687059345
            ],
            [
              3209.475213116514,
              17398.203733721562
            ],
            [
              3216.204143123187,
              17374.652478698208
            ],
            [
              3204.9892597787325,
              17348.85824700596
            ],
            [
              3180.877260588155,
              17323.62475948094
            ],
            [
              3167.980144742032,
              17319.138806143157
            ],
            [
              3132.0925180397776,
              17319.138806143157
            ],
            [
              3105.737542180309,
              17326.989224484274
            ],
            [
              3093.401170501409,
              17323.62475948094
            ],
            [
              3066.485450474718,
              17309.04541113315
            ],
            [
              3059.7565204680454,
              17286.054900277013
            ],
            [
              3049.6631254580357,
              17270.35406359478
            ],
            [
              3028.3548471035724,
              17275.400761099783
            ],
            [
              2983.495313725754,
              17310.727643634815
            ],
            [
              2894.3369911373397,
              17297.269783621472
            ],
            [
              2859.010108602308,
              17298.391271955916
            ],
            [
              2831.5336444083937,
              17318.01731780871
            ],
            [
              2820.879505231162,
              17305.12020196259
            ],
            [
              2819.758016896716,
              17268.67183109311
            ],
            [
              2800.6927152111434,
              17257.456947748655
            ],
            [
              2767.0480651777793,
              17262.50364525366
            ],
            [
              2737.8893684821974,
              17287.17638861146
            ],
            [
              2705.3662067832793,
              17350.54047950763
            ],
            [
              2705.926950950502,
              17362.316107019305
            ],
            [
              2715.459601793288,
              17368.484292858757
            ],
            [
              2740.1323451510884,
              17385.86736204266
            ]
          ]
        ]
      },
      "properties": {
        "annotation_id": "b8f7bdbb-33b2-4ddc-ac72-42b835cded99",
        "label": "GP4",
        "probabilities": null,
        "tags": []
      }
    },
    {
      "type": "Feature",
      "geometry": {
        "type": "Polygon",
        "coordinates": [
          [
            [
              1917.503732079189,
              14019.142791176797
            ],
            [
              1915.832376288098,
              14021.231985915663
            ],
            [
              1919.17508787028,
              14022.067663811205
            ],
            [
              1944.2454247366468,
              14017.889274333478
            ],
            [
              1960.9589826475576,
              14013.710884855751
            ],
            [
              1976.4190237151502,
              14005.354105900296
            ],
            [
              1989.3720310961062,
              13994.908132205976
            ],
            [
              1997.310971103789,
              13985.297836407202
            ],
            [
              2001.9071995292895,
              13972.76266797402
            ],
            [
              2004.4142332159263,
              13950.617203742062
            ],
            [
              2000.2358437381986,
              13925.96470582347
            ],
            [
              1996.4752932082433,
              13914.683054233603
            ],
            [
              1990.2077089916518,
              13905.908436330375
            ],
            [
              1961.3768215953305,
              13879.58458262069
            ],
            [
              1924.6069941913263,
              13859.528313127597
            ],
            [
              1913.3253426014614,
              13859.946152075372
            ],
            [
              1897.4474625860958,
              13870.39212576969
            ],
            [
              1886.165810996231,
              13874.570515247417
            ],
            [
              1830.5932309424518,
              13881.255938411781
            ],
            [
              1814.7153509270865,
              13885.852166837283
            ],
            [
              1803.4336993372217,
              13892.119751053875
            ],
            [
              1791.7342087995837,
              13905.908436330375
            ],
            [
              1781.2882351052644,
              13926.800383719014
            ],
            [
              1775.8563287842185,
              13953.959915324245
            ],
            [
              1776.692006679764,
              13977.776735347292
            ],
            [
              1784.6309466874468,
              13988.640547989384
            ],
            [
              1796.748276172857,
              13992.818937467111
            ],
            [
              1807.6120888149494,
              13992.40109851934
            ],
            [
              1843.1283993756351,
              13983.208641668338
            ],
            [
              1851.0673393833179,
              13979.03025219061
            ],
            [
              1866.1095415031377,
              13964.405889018562
            ],
            [
              1883.2409383618217,
              13929.307417405651
            ],
            [
              1890.3442004739586,
              13924.71118898015
            ],
            [
              1917.503732079189,
              14019.142791176797
            ]
          ]
        ]
      },
      "properties": {
        "annotation_id": "b9535a08-2cc0-4542-83b9-465aedc90beb",
        "label": "GP4",
        "probabilities": null,
        "tags": []
      }
    },
    {
      "type": "Feature",
      "geometry": {
        "type": "Polygon",
        "coordinates": [
          [
            [
              3766.2121581060514,
              20164.52509705874
            ],
            [
              3764.0200667449726,
              20110.81885871231
            ],
            [
              3740.455084613377,
              20054.920529004805
            ],
            [
              3721.8223080442085,
              20031.90356971348
            ],
            [
              3682.364663544792,
              20004.502427699997
            ],
            [
              3657.1556128923876,
              20001.76231349865
            ],
            [
              3642.3589962051065,
              20009.434633262423
            ],
            [
              3641.8109733648366,
              20067.52505433101
            ],
            [
              3637.4267906426794,
              20094.37817350422
            ],
            [
              3627.0143566775564,
              20111.36688155258
            ],
            [
              3610.5736714694663,
              20104.242584629075
            ],
            [
              3562.3476615257355,
              20039.027866636985
            ],
            [
              3510.8335145403867,
              20002.858359179187
            ],
            [
              3470.279824360431,
              19997.92615361676
            ],
            [
              3445.618796548296,
              20009.434633262423
            ],
            [
              3424.793928618049,
              20029.16345551213
            ],
            [
              3422.053814416701,
              20071.361214212895
            ],
            [
              3437.398453944251,
              20105.886653149886
            ],
            [
              3488.3645780893303,
              20149.728480371457
            ],
            [
              3499.3250348947236,
              20168.9092797809
            ],
            [
              3501.517126255802,
              20190.282170551414
            ],
            [
              3486.7205095685213,
              20221.519472446784
            ],
            [
              3486.1724867282514,
              20237.960157654874
            ],
            [
              3533.302450991443,
              20285.090121918067
            ],
            [
              3539.3307022344093,
              20300.982784285887
            ],
            [
              3533.8504738317124,
              20314.683355292625
            ],
            [
              3520.149902824971,
              20315.2313781329
            ],
            [
              3461.511458916116,
              20291.118373161033
            ],
            [
              3448.906933589914,
              20291.666396001303
            ],
            [
              3435.754385423442,
              20309.7511497302
            ],
            [
              3432.4662483818247,
              20339.344383104763
            ],
            [
              3443.974728027487,
              20351.948908430968
            ],
            [
              3491.1046922906785,
              20374.965867722294
            ],
            [
              3528.918268269286,
              20376.6099362431
            ],
            [
              3548.099067678724,
              20383.186210326337
            ],
            [
              3565.0877757270837,
              20415.519557902247
            ],
            [
              3627.0143566775564,
              20445.11279127681
            ],
            [
              3645.0991104064547,
              20464.841613526518
            ],
            [
              3647.839224607803,
              20474.706024651372
            ],
            [
              3644.0030647259155,
              20475.802070331913
            ],
            [
              3580.980438094904,
              20452.785111040583
            ],
            [
              3542.0708164357575,
              20454.977202401664
            ],
            [
              3526.726176908207,
              20462.64952216544
            ],
            [
              3522.3419941860498,
              20490.598687019192
            ],
            [
              3601.257283184881,
              20584.310592705304
            ],
            [
              3664.279909815893,
              20603.49139211474
            ],
            [
              3671.9522295796687,
              20601.847323593935
            ],
            [
              3686.7488462669494,
              20581.02245566369
            ],
            [
              3697.1612802320733,
              20525.67214879645
            ],
            [
              3719.08219384286,
              20502.107166664857
            ],
            [
              3733.330787689871,
              20494.982869741347
            ],
            [
              3749.7714728979613,
              20503.751235185664
            ],
            [
              3774.4325007100965,
              20495.53089258162
            ],
            [
              3809.505962487355,
              20478.542184533257
            ],
            [
              3815.5342137303214,
              20464.293590686248
            ],
            [
              3813.342122369243,
              20442.920699915732
            ],
            [
              3762.9240210644334,
              20413.87548938144
            ],
            [
              3757.4437926617366,
              20354.689022632316
            ],
            [
              3733.330787689871,
              20333.864154702067
            ],
            [
              3717.9861481623207,
              20300.982784285887
            ],
            [
              3690.5850061488372,
              20267.553391029436
            ],
            [
              3694.4211660307246,
              20245.63247741865
            ],
            [
              3713.6019654401634,
              20219.875403925977
            ],
            [
              3727.8505592871747,
              20212.75110700247
            ],
            [
              3776.624592071175,
              20207.270878599775
            ],
            [
              3784.84493467522,
              20199.598558835998
            ],
            [
              3755.251701300658,
              20189.734147711144
            ],
            [
              3736.618924731489,
              20190.830193391685
            ],
            [
              3766.2121581060514,
              20164.52509705874
            ]
          ]
        ]
      },
      "properties": {
        "annotation_id": "ba1620bb-9576-4602-a4c3-333b97bdd553",
        "label": "GP4",
        "probabilities": null,
        "tags": []
      }
    },
    {
      "type": "Feature",
      "geometry": {
        "type": "Polygon",
        "coordinates": [
          [
            [
              1927.5808305766204,
              14327.741824635403
            ],
            [
              1923.7555259602323,
              14328.288296723458
            ],
            [
              1977.309790589668,
              14321.730631666793
            ],
            [
              2000.2616182879979,
              14332.6600734279
            ],
            [
              2025.9458064266048,
              14368.72723123956
            ],
            [
              2036.3287760996586,
              14397.143779818445
            ],
            [
              2021.5740297221612,
              14441.408018950939
            ],
            [
              2000.808090376053,
              14460.53454203288
            ],
            [
              1985.5068719105,
              14467.092207089545
            ],
            [
              1965.8338767405035,
              14490.59050687593
            ],
            [
              1964.194460476337,
              14516.274695014536
            ],
            [
              1970.7521255330025,
              14535.947690184534
            ],
            [
              1983.3209835582784,
              14557.260101618696
            ],
            [
              2007.9122275207744,
              14585.130178109526
            ],
            [
              2020.48108554605,
              14609.721422072023
            ],
            [
              2020.48108554605,
              14626.115584713685
            ],
            [
              1996.982785759665,
              14641.963275267295
            ],
            [
              1988.785704438833,
              14642.50974735535
            ],
            [
              1971.8450697091134,
              14633.219721858406
            ],
            [
              1949.9861861868947,
              14599.33845239897
            ],
            [
              1936.324383985508,
              14585.676650197584
            ],
            [
              1929.7667189288422,
              14592.234315254249
            ],
            [
              1934.6849677213415,
              14618.46497548091
            ],
            [
              1923.2090538721766,
              14620.104391745075
            ],
            [
              1872.3871496830182,
              14573.654264260364
            ],
            [
              1864.7365404502418,
              14561.085406235086
            ],
            [
              1863.6435962741307,
              14549.063020297865
            ],
            [
              1868.0153729785745,
              14525.018248423425
            ],
            [
              1883.3165914441277,
              14484.57931390732
            ],
            [
              1884.4095356202383,
              14469.278095441769
            ],
            [
              1881.6771751799613,
              14462.720430385103
            ],
            [
              1872.9336217710738,
              14461.081014120935
            ],
            [
              1862.55065209802,
              14465.452790825379
            ],
            [
              1839.0523523116349,
              14481.846953467044
            ],
            [
              1824.8440780221924,
              14481.300481378988
            ],
            [
              1798.0669457074744,
              14462.173958297046
            ],
            [
              1784.4051435060878,
              14448.51215609566
            ],
            [
              1777.8474784494222,
              14436.48977015844
            ],
            [
              1772.929229656923,
              14391.67905893789
            ],
            [
              1780.0333668016442,
              14375.284896296225
            ],
            [
              1790.416336474698,
              14363.808982447063
            ],
            [
              1805.7175549402511,
              14361.076622006784
            ],
            [
              1817.7399408774713,
              14363.262510359005
            ],
            [
              1829.2158547266363,
              14368.180759151504
            ],
            [
              1839.0523523116349,
              14378.56372882456
            ],
            [
              1843.4241290160783,
              14364.355454535118
            ],
            [
              1863.6435962741307,
              14345.228931453175
            ],
            [
              1888.7813123246822,
              14330.474185075678
            ],
            [
              1910.0937237588457,
              14328.288296723458
            ],
            [
              1927.5808305766204,
              14327.741824635403
            ]
          ]
        ]
      },
      "properties": {
        "annotation_id": "ba5967fe-9fdd-496c-ba5a-40b70fd67cc8",
        "label": "GP5",
        "probabilities": null,
        "tags": []
      }
    },
    {
      "type": "Feature",
      "geometry": {
        "type": "Polygon",
        "coordinates": [
          [
            [
              2034.7188434321681,
              8945.782034590658
            ],
            [
              2026.2059396574216,
              8949.711067102082
            ],
            [
              2024.2414234017108,
              8953.640099613502
            ],
            [
              2034.7188434321681,
              8962.153003388248
            ],
            [
              2059.6027160045046,
              8957.569132124925
            ],
            [
              2111.9898161567908,
              8958.878809628732
            ],
            [
              2135.56401122532,
              8946.436873342564
            ],
            [
              2153.2446575267168,
              8944.472357086852
            ],
            [
              2214.7995002056537,
              8916.314290755
            ],
            [
              2232.4801465070504,
              8902.562676965023
            ],
            [
              2252.1253090641576,
              8892.74009568647
            ],
            [
              2267.8414391098436,
              8871.130416873651
            ],
            [
              2280.938214147915,
              8834.45944676705
            ],
            [
              2282.9027304036263,
              8822.017510480882
            ],
            [
              2279.6285366441084,
              8808.92073544281
            ],
            [
              2268.4962778617473,
              8799.752992916161
            ],
            [
              2256.054341575579,
              8795.82396040474
            ],
            [
              2240.338211529893,
              8793.204605397124
            ],
            [
              2225.9317589880143,
              8794.514282900933
            ],
            [
              2213.489822701846,
              8803.02718667568
            ],
            [
              2191.2253051371245,
              8830.530414255629
            ],
            [
              2159.1382062938487,
              8859.343319339387
            ],
            [
              2147.3511087595843,
              8861.307835595097
            ],
            [
              2133.599494969609,
              8857.378803083677
            ],
            [
              2119.1930424277302,
              8856.723964331773
            ],
            [
              2066.1511035235403,
              8870.475578121748
            ],
            [
              2034.7188434321681,
              8890.77557943076
            ],
            [
              2024.2414234017108,
              8901.90783821312
            ],
            [
              2019.0027133864821,
              8910.420741987866
            ],
            [
              2013.7640033712535,
              8928.101388289262
            ],
            [
              2013.7640033712535,
              8939.888485823529
            ],
            [
              2016.383358378868,
              8944.472357086852
            ],
            [
              2034.7188434321681,
              8945.782034590658
            ]
          ]
        ]
      },
      "properties": {
        "annotation_id": "bd985d33-5ed1-4cbb-80de-c4f6efb0f33c",
        "label": "GP4",
        "probabilities": null,
        "tags": []
      }
    },
    {
      "type": "Feature",
      "geometry": {
        "type": "Polygon",
        "coordinates": [
          [
            [
              1649.4785188238275,
              7011.654487279409
            ],
            [
              1650.3523611267879,
              7009.032960370528
            ],
            [
              1665.207680277113,
              7002.0422219468455
            ],
            [
              1668.703049488954,
              6999.420695037965
            ],
            [
              1670.8876552463548,
              6996.362246977604
            ],
            [
              1676.130709064117,
              6981.943848978758
            ],
            [
              1677.4414725185575,
              6967.088529828434
            ],
            [
              1658.2169418534304,
              6921.6487300744975
            ],
            [
              1652.5369668841886,
              6915.531833953776
            ],
            [
              1646.8569919149465,
              6911.162622438974
            ],
            [
              1639.8662534912642,
              6909.851858984534
            ],
            [
              1630.690909310181,
              6912.910307044895
            ],
            [
              1626.3216977953796,
              6915.531833953776
            ],
            [
              1619.7678805231774,
              6922.085651225978
            ],
            [
              1618.4571170687368,
              6924.7071781348595
            ],
            [
              1615.8355901598559,
              6935.193285770383
            ],
            [
              1614.5248267054153,
              6946.553235708867
            ],
            [
              1615.3986690083757,
              6967.525450979913
            ],
            [
              1617.1463536142965,
              6981.506927827279
            ],
            [
              1621.078643977618,
              6996.362246977604
            ],
            [
              1629.8170670072209,
              7009.9068026734885
            ],
            [
              1635.9339631279427,
              7014.27601418829
            ],
            [
              1643.3616227031055,
              7016.023698794211
            ],
            [
              1651.2262034297482,
              7016.023698794211
            ],
            [
              1655.5954149445497,
              7014.7129353397695
            ],
            [
              1649.4785188238275,
              7011.654487279409
            ]
          ]
        ]
      },
      "properties": {
        "annotation_id": "be19a375-9825-425a-824a-6bdac2f05fa9",
        "label": "GP4",
        "probabilities": null,
        "tags": []
      }
    },
    {
      "type": "Feature",
      "geometry": {
        "type": "Polygon",
        "coordinates": [
          [
            [
              1381.8642817434272,
              5336.389891270565
            ],
            [
              1379.5846081936916,
              5335.087220670715
            ],
            [
              1391.6343112422933,
              5337.366894220451
            ],
            [
              1408.569029040328,
              5337.366894220451
            ],
            [
              1420.2930644389673,
              5335.412888320679
            ],
            [
              1428.4347556880227,
              5335.412888320679
            ],
            [
              1434.6224410373047,
              5337.041226570489
            ],
            [
              1443.0897999363222,
              5341.60057366996
            ],
            [
              1450.5801558854528,
              5342.903244269809
            ],
            [
              1457.7448441846213,
              5342.577576619846
            ],
            [
              1466.2122030836388,
              5340.297903070112
            ],
            [
              1473.7025590327694,
              5334.761553020755
            ],
            [
              1480.2159120320134,
              5326.294194121737
            ],
            [
              1488.3576032810686,
              5302.846123324458
            ],
            [
              1489.0089385809931,
              5295.355767375328
            ],
            [
              1488.0319356311068,
              5290.4707526258935
            ],
            [
              1476.3079002324673,
              5270.605025978199
            ],
            [
              1470.7715501831094,
              5266.371346528689
            ],
            [
              1464.9095324837897,
              5264.417340628918
            ],
            [
              1455.7908382848482,
              5263.440337679031
            ],
            [
              1443.7411352362465,
              5265.068675928842
            ],
            [
              1436.576446937078,
              5268.651020078426
            ],
            [
              1432.6684351375313,
              5274.838705427707
            ],
            [
              1429.4117586379095,
              5287.539743776234
            ],
            [
              1427.4577527381362,
              5288.191079076158
            ],
            [
              1414.4310467396476,
              5267.999684778501
            ],
            [
              1408.8946966902904,
              5263.440337679031
            ],
            [
              1394.565320091953,
              5260.50932882937
            ],
            [
              1382.8412846933136,
              5261.160664129295
            ],
            [
              1369.4889110448632,
              5268.325352428464
            ],
            [
              1361.9985550957324,
              5276.792711327482
            ],
            [
              1359.718881545997,
              5282.003393726877
            ],
            [
              1359.3932138960347,
              5296.658437975175
            ],
            [
              1361.347219795808,
              5306.754135124003
            ],
            [
              1365.2552315953544,
              5316.198496972908
            ],
            [
              1370.1402463447878,
              5322.711849972152
            ],
            [
              1373.3969228444096,
              5324.991523521887
            ],
            [
              1381.8642817434272,
              5336.389891270565
            ]
          ]
        ]
      },
      "properties": {
        "annotation_id": "c569c8d0-6a82-443c-9605-2d87a09c61d5",
        "label": "GP4",
        "probabilities": null,
        "tags": []
      }
    },
    {
      "type": "Feature",
      "geometry": {
        "type": "Polygon",
        "coordinates": [
          [
            [
              1763.4630041768896,
              2602.168522237364
            ],
            [
              1765.0343401881591,
              2558.1711139218164
            ],
            [
              1762.415446836043,
              2539.8388604570055
            ],
            [
              1755.0825454501187,
              2516.792598958385
            ],
            [
              1750.3685374163097,
              2506.317025549922
            ],
            [
              1747.749644064194,
              2502.6505748569593
            ],
            [
              1744.083193371232,
              2500.5554601752665
            ],
            [
              1737.7978493261535,
              2500.0316815048427
            ],
            [
              1724.1796038951506,
              2504.745689538652
            ],
            [
              1715.79914516838,
              2511.03103358373
            ],
            [
              1704.27601441907,
              2526.7443936964255
            ],
            [
              1701.6571210669538,
              2533.0297377415036
            ],
            [
              1694.8479983514528,
              2559.2186712626626
            ],
            [
              1694.8479983514528,
              2604.78741558948
            ],
            [
              1695.371777021876,
              2608.9776449528654
            ],
            [
              1699.5620063852612,
              2615.7867676683672
            ],
            [
              1710.561358464148,
              2622.072111713445
            ],
            [
              1714.2278091571102,
              2622.5958903838673
            ],
            [
              1718.9418171909192,
              2622.072111713445
            ],
            [
              1724.703382565574,
              2618.9294396909063
            ],
            [
              1747.2258653937708,
              2601.1209648965178
            ],
            [
              1763.4630041768896,
              2602.168522237364
            ]
          ]
        ]
      },
      "properties": {
        "annotation_id": "c573ff52-2631-496f-905b-ca0fb9a627db",
        "label": "GP3",
        "probabilities": null,
        "tags": []
      }
    },
    {
      "type": "Feature",
      "geometry": {
        "type": "Polygon",
        "coordinates": [
          [
            [
              2422.986293275515,
              19606.626463468026
            ],
            [
              2414.0054174869465,
              19597.645587679457
            ],
            [
              2445.438482746936,
              19546.753958210902
            ],
            [
              2502.3173627412034,
              19522.804956108055
            ],
            [
              2537.4924595797634,
              19523.55336242377
            ],
            [
              2581.6484322068923,
              19547.502364526616
            ],
            [
              2677.4444406182897,
              19528.043800318053
            ],
            [
              2797.1894511325368,
              19587.916305575178
            ],
            [
              2788.9569816596822,
              19611.865307678025
            ],
            [
              2815.1512027096733,
              19605.1296508366
            ],
            [
              2839.848611128237,
              19563.218897156614
            ],
            [
              2886.249802702507,
              19551.9928024209
            ],
            [
              2948.367526906773,
              19585.671086628034
            ],
            [
              2962.5872469053397,
              19613.36212030945
            ],
            [
              3048.653973212455,
              19684.46072030229
            ],
            [
              3077.8418195253025,
              19636.56271609659
            ],
            [
              3135.469105835284,
              19628.330246623733
            ],
            [
              3243.2396152981064,
              19730.113505560843
            ],
            [
              3303.860526870944,
              19763.043383452263
            ],
            [
              3303.1121205552295,
              19789.986010817967
            ],
            [
              3276.1694931895245,
              19815.431825552245
            ],
            [
              3199.832048986692,
              19856.594172916517
            ],
            [
              3199.0836426709775,
              19876.052737125083
            ],
            [
              3221.535832142399,
              19900.750145543647
            ],
            [
              3262.6981795066713,
              19907.485802385072
            ],
            [
              3330.0547479209354,
              19882.039987650795
            ],
            [
              3443.81250790947,
              19800.463699237964
            ],
            [
              3489.465293168026,
              19813.186606605104
            ],
            [
              3496.200950009453,
              19766.037008715117
            ],
            [
              3461.0258531708923,
              19719.635817140846
            ],
            [
              3475.9939794851734,
              19694.19000240657
            ],
            [
              3466.264697380891,
              19637.311122412302
            ],
            [
              3428.0959752794747,
              19592.406743469463
            ],
            [
              3378.701158442348,
              19560.97367820947
            ],
            [
              3352.506937392357,
              19504.843204530916
            ],
            [
              3266.4402110852416,
              19462.93245085093
            ],
            [
              3249.2268658238186,
              19391.833850858096
            ],
            [
              3303.1121205552295,
              19304.270311919554
            ],
            [
              3340.532436340932,
              19181.53167614245
            ],
            [
              3397.411316335199,
              19104.445825623905
            ],
            [
              3426.599162648047,
              18987.694440372514
            ],
            [
              3422.857131069477,
              18955.512968796807
            ],
            [
              3393.6692847566287,
              18942.041655113957
            ],
            [
              3367.4750637066372,
              18977.96515826823
            ],
            [
              3324.815903710937,
              19103.69741930819
            ],
            [
              3321.073872132367,
              19162.073111933885
            ],
            [
              3274.672680558096,
              19267.598402449563
            ],
            [
              3238.7491774038217,
              19280.321309816707
            ],
            [
              3184.1155163566973,
              19239.907368768145
            ],
            [
              3161.6633268852756,
              19243.649400346716
            ],
            [
              3160.1665142538477,
              19257.869120345284
            ],
            [
              3196.8384237238356,
              19314.74800033955
            ],
            [
              3187.857547935267,
              19358.903972966677
            ],
            [
              3169.147390042416,
              19382.104568753814
            ],
            [
              3104.7844468910084,
              19329.71612665383
            ],
            [
              3056.1380363695957,
              19313.999594023837
            ],
            [
              3101.042415312438,
              19308.76074981384
            ],
            [
              3121.249385836717,
              19293.044217183844
            ],
            [
              3095.0551647867255,
              19241.404181399572
            ],
            [
              3024.7049711096056,
              19254.127088766712
            ],
            [
              2943.1286826967753,
              19294.54102981527
            ],
            [
              2940.135057433919,
              19340.193815073828
            ],
            [
              2973.813341641051,
              19370.878474018104
            ],
            [
              3011.982063742467,
              19380.607756122386
            ],
            [
              3091.3131332081557,
              19370.13006770239
            ],
            [
              3099.5456026810098,
              19443.473886642365
            ],
            [
              3059.131661632452,
              19470.416514008073
            ],
            [
              2979.0521858510488,
              19431.49938559094
            ],
            [
              2913.192430068213,
              19371.626880333817
            ],
            [
              2937.1414321710627,
              19250.385057188145
            ],
            [
              2918.4312742782117,
              19174.796019301022
            ],
            [
              2883.2561774396518,
              19193.506177193874
            ],
            [
              2881.0109584925094,
              19222.694023506723
            ],
            [
              2840.5970174439512,
              19284.811747710988
            ],
            [
              2791.202200606824,
              19270.59202771242
            ],
            [
              2737.316945875413,
              19274.33405929099
            ],
            [
              2705.135474299709,
              19313.251187708123
            ],
            [
              2680.438065881146,
              19306.515530866694
            ],
            [
              2615.3267164140243,
              19317.741625602408
            ],
            [
              2592.1261206268887,
              19334.206564548116
            ],
            [
              2568.177118524039,
              19312.50278139241
            ],
            [
              2563.686680629755,
              19283.31493507956
            ],
            [
              2592.1261206268887,
              19213.713147718154
            ],
            [
              2590.6293079954603,
              19165.066737196743
            ],
            [
              2565.931899576897,
              19153.09223614532
            ],
            [
              2546.4733353683323,
              19124.652796148184
            ],
            [
              2473.129516428356,
              19099.206981413907
            ],
            [
              2458.909796429789,
              19116.42032667533
            ],
            [
              2482.110392216924,
              19135.13048456818
            ],
            [
              2500.0721437940615,
              19211.467928771013
            ],
            [
              2493.336486952635,
              19238.410556136718
            ],
            [
              2519.530708002627,
              19321.483657180976
            ],
            [
              2504.5625816883457,
              19345.432659283826
            ],
            [
              2432.7155753797974,
              19401.56313296238
            ],
            [
              2436.4576069583677,
              19471.164920323787
            ],
            [
              2409.5149795926623,
              19486.133046638064
            ],
            [
              2393.050040646953,
              19530.289019265194
            ],
            [
              2390.804821699811,
              19599.8908066266
            ],
            [
              2400.534103804094,
              19620.846183466594
            ],
            [
              2414.0054174869465,
              19622.342996098025
            ],
            [
              2422.986293275515,
              19606.626463468026
            ]
          ]
        ]
      },
      "properties": {
        "annotation_id": "c7d5faff-699b-4c6b-a3d8-dc16351d54f7",
        "label": "GP5",
        "probabilities": null,
        "tags": []
      }
    },
    {
      "type": "Feature",
      "geometry": {
        "type": "Polygon",
        "coordinates": [
          [
            [
              2390.2962857158136,
              9083.953011242316
            ],
            [
              2370.651123158706,
              9025.017523570994
            ],
            [
              2355.589831864924,
              9006.02719976579
            ],
            [
              2328.086604284973,
              9000.788489750561
            ],
            [
              2299.2736992012155,
              9009.301393525308
            ],
            [
              2261.947890342711,
              9040.078814864775
            ],
            [
              2240.993050281797,
              9075.440107467568
            ],
            [
              2238.3736952741824,
              9093.77559252087
            ],
            [
              2225.276920236111,
              9085.917527498026
            ],
            [
              2206.2865964309067,
              9092.465915017063
            ],
            [
              2111.9898161567908,
              9158.604628959323
            ],
            [
              2102.822073630141,
              9190.6917278026
            ],
            [
              2139.493043736741,
              9233.911085428235
            ],
            [
              2138.183366232934,
              9249.627215473922
            ],
            [
              2128.3607849543805,
              9260.759474256283
            ],
            [
              2087.1059435844545,
              9281.059475565295
            ],
            [
              2031.4446496726503,
              9249.627215473922
            ],
            [
              1998.702712077471,
              9252.246570481537
            ],
            [
              1967.2704519860993,
              9283.023991821005
            ],
            [
              1952.2091606923166,
              9321.004639431412
            ],
            [
              1905.7156093071624,
              9314.456251912377
            ],
            [
              1886.7252855019585,
              9323.623994439027
            ],
            [
              1872.9736717119831,
              9343.269156996135
            ],
            [
              1879.5220592310193,
              9366.18851331276
            ],
            [
              1909.644641818584,
              9404.169160923168
            ],
            [
              1939.7672244061487,
              9427.743355991695
            ],
            [
              1975.128517008942,
              9439.530453525962
            ],
            [
              2003.2865833407961,
              9459.830454834972
            ],
            [
              2063.5317485159258,
              9487.333682414923
            ],
            [
              2085.1414273287437,
              9488.64335991873
            ],
            [
              2145.3865925038735,
              9474.23690737685
            ],
            [
              2240.993050281797,
              9480.130456143983
            ],
            [
              2274.3898266288793,
              9473.582068624948
            ],
            [
              2344.457573082563,
              9508.94336122774
            ],
            [
              2372.615639414417,
              9501.085296204898
            ],
            [
              2421.7285458071856,
              9504.359489964416
            ],
            [
              2457.089838409979,
              9495.84658618967
            ],
            [
              2497.035002276097,
              9463.759487346393
            ],
            [
              2506.202744802748,
              9418.575613465047
            ],
            [
              2539.5995211498303,
              9407.443354682686
            ],
            [
              2556.6253286993237,
              9376.665933343218
            ],
            [
              2547.4575861726735,
              9340.64980198852
            ],
            [
              2519.954358592723,
              9312.491735656666
            ],
            [
              2547.4575861726735,
              9261.414313008187
            ],
            [
              2558.589844955034,
              9191.346566554505
            ],
            [
              2525.193068607952,
              9144.853015169349
            ],
            [
              2467.5672584404365,
              9106.217528807038
            ],
            [
              2380.47370443726,
              9100.97881879181
            ],
            [
              2392.2608019715244,
              9102.288496295616
            ],
            [
              2390.2962857158136,
              9083.953011242316
            ]
          ]
        ]
      },
      "properties": {
        "annotation_id": "c97760c7-7470-49e8-a89a-3eeda14e66c9",
        "label": "GP4",
        "probabilities": null,
        "tags": []
      }
    },
    {
      "type": "Feature",
      "geometry": {
        "type": "Polygon",
        "coordinates": [
          [
            [
              1846.084340024524,
              10042.713694513655
            ],
            [
              1838.2350158158545,
              10042.713694513655
            ],
            [
              1850.0090021288586,
              10051.871239423768
            ],
            [
              1892.5261749258184,
              10057.75823258027
            ],
            [
              1910.187154395325,
              10057.10412222955
            ],
            [
              1928.5022442155537,
              10064.299336087495
            ],
            [
              1940.2762305285578,
              10064.953446438218
            ],
            [
              2009.6119277051387,
              10100.929515727952
            ],
            [
              2041.0092245398166,
              10110.741170988791
            ],
            [
              2049.5126590992086,
              10110.087060638069
            ],
            [
              2057.361983307878,
              10102.891846780121
            ],
            [
              2078.9476248817195,
              10058.412342930993
            ],
            [
              2092.6839422468906,
              10044.676025565823
            ],
            [
              2106.4202596120626,
              10008.699956276087
            ],
            [
              2107.074369962785,
              9995.617749261637
            ],
            [
              2101.841487157005,
              9981.881431896467
            ],
            [
              2090.7216111947237,
              9972.723886986352
            ],
            [
              2068.48185927016,
              9983.18965259791
            ],
            [
              2046.2421073455962,
              9997.580080313805
            ],
            [
              2025.3105761224776,
              9998.88830101525
            ],
            [
              1985.4098447284077,
              9980.573211195022
            ],
            [
              1970.365306661791,
              9970.107445583462
            ],
            [
              1946.8173340357826,
              9958.98756962118
            ],
            [
              1916.074147551827,
              9954.408797166123
            ],
            [
              1860.4747677404182,
              9952.446466113955
            ],
            [
              1836.272684763687,
              9966.182783479127
            ],
            [
              1822.5363673985155,
              9989.730756105135
            ],
            [
              1820.5740363463483,
              10004.775294171752
            ],
            [
              1822.5363673985155,
              10008.699956276087
            ],
            [
              1829.7315812564627,
              10012.624618380421
            ],
            [
              1846.084340024524,
              10042.713694513655
            ]
          ]
        ]
      },
      "properties": {
        "annotation_id": "ca778d84-b476-47e1-aa99-8bbd3c84159e",
        "label": "GP3",
        "probabilities": null,
        "tags": []
      }
    },
    {
      "type": "Feature",
      "geometry": {
        "type": "Polygon",
        "coordinates": [
          [
            [
              2066.6347869173806,
              9645.425752105679
            ],
            [
              2063.3185961414015,
              9644.320355180353
            ],
            [
              2076.5833592453187,
              9644.873053643016
            ],
            [
              2081.0049469466244,
              9642.662259792362
            ],
            [
              2105.87637776647,
              9623.31781359915
            ],
            [
              2113.0614577810916,
              9613.369241271212
            ],
            [
              2118.035743945061,
              9592.919398152671
            ],
            [
              2116.930347019734,
              9581.312730436743
            ],
            [
              2108.0871716171227,
              9566.389871944837
            ],
            [
              2090.9535192745625,
              9552.572410378256
            ],
            [
              2082.663042334614,
              9543.176536512981
            ],
            [
              2074.372565394666,
              9540.413044199664
            ],
            [
              2054.4754207387896,
              9540.413044199664
            ],
            [
              2034.0255776202503,
              9544.83463190097
            ],
            [
              2028.498592993618,
              9548.150822676951
            ],
            [
              2011.364940651058,
              9564.179078094183
            ],
            [
              2005.8379560244257,
              9572.469555034133
            ],
            [
              2002.5217652484466,
              9580.207333511416
            ],
            [
              2004.179860636436,
              9596.23558892865
            ],
            [
              1990.9150975325185,
              9593.472096615336
            ],
            [
              1978.2030328912645,
              9596.23558892865
            ],
            [
              1961.0693805487042,
              9609.500352032568
            ],
            [
              1956.6477928473987,
              9618.343527435181
            ],
            [
              1956.6477928473987,
              9639.346069016383
            ],
            [
              1962.1747774740309,
              9654.821625970953
            ],
            [
              1972.6760482646323,
              9674.718770626829
            ],
            [
              1984.2827159805597,
              9707.880678386622
            ],
            [
              1989.2570021445288,
              9715.618456863907
            ],
            [
              2017.997322203017,
              9743.25337999707
            ],
            [
              2026.8404976056283,
              9748.22766616104
            ],
            [
              2064.4239930667277,
              9753.75465078767
            ],
            [
              2067.740183842707,
              9753.75465078767
            ],
            [
              2074.372565394666,
              9748.7803646237
            ],
            [
              2084.873836185267,
              9748.7803646237
            ],
            [
              2085.4265346479306,
              9741.042586146417
            ],
            [
              2081.0049469466244,
              9713.407663013255
            ],
            [
              2076.0306607826556,
              9695.721312208032
            ],
            [
              2071.0563746186863,
              9689.641629118736
            ],
            [
              2073.267168469339,
              9686.87813680542
            ],
            [
              2066.6347869173806,
              9645.425752105679
            ]
          ]
        ]
      },
      "properties": {
        "annotation_id": "ca9850ad-d52e-4464-b117-8d9c9c814ac1",
        "label": "GP3",
        "probabilities": null,
        "tags": []
      }
    },
    {
      "type": "Feature",
      "geometry": {
        "type": "Polygon",
        "coordinates": [
          [
            [
              2205.2422235065824,
              6339.669756302933
            ],
            [
              2224.029833020229,
              6339.669756302933
            ],
            [
              2243.6912848368356,
              6336.174387091091
            ],
            [
              2250.682023260518,
              6332.24209672777
            ],
            [
              2255.4881559267997,
              6327.4359640614875
            ],
            [
              2264.2265789564026,
              6323.940594849647
            ],
            [
              2267.2850270167637,
              6321.319067940766
            ],
            [
              2271.654238531565,
              6315.202171820043
            ],
            [
              2274.7126865919267,
              6307.337591093401
            ],
            [
              2274.7126865919267,
              6299.0360892152785
            ],
            [
              2272.5280808345256,
              6294.666877700477
            ],
            [
              2269.0327116226845,
              6290.297666185676
            ],
            [
              2257.2358405327204,
              6280.685400853113
            ],
            [
              2250.2451021090383,
              6277.190031641271
            ],
            [
              2242.8174425338752,
              6275.44234703535
            ],
            [
              2217.0390945965464,
              6275.879268186831
            ],
            [
              2205.6791446580623,
              6279.811558550152
            ],
            [
              2194.3191947195783,
              6285.491533519394
            ],
            [
              2190.8238255077376,
              6287.676139276794
            ],
            [
              2186.0176928414558,
              6292.482271943076
            ],
            [
              2182.9592447810946,
              6300.346852669719
            ],
            [
              2182.522323629614,
              6306.026827638961
            ],
            [
              2182.522323629614,
              6320.882146789287
            ],
            [
              2183.833087084055,
              6329.620569818889
            ],
            [
              2186.4546139929357,
              6337.048229394052
            ],
            [
              2190.8238255077376,
              6342.291283211813
            ],
            [
              2205.2422235065824,
              6339.669756302933
            ]
          ]
        ]
      },
      "properties": {
        "annotation_id": "cb359bf7-7857-4357-9838-d9f676ce251c",
        "label": "GP4",
        "probabilities": null,
        "tags": []
      }
    },
    {
      "type": "Feature",
      "geometry": {
        "type": "Polygon",
        "coordinates": [
          [
            [
              2605.4566744221293,
              14442.24067802852
            ],
            [
              2604.620996526584,
              14439.733644341884
            ],
            [
              2606.7101912654475,
              14438.062288550793
            ],
            [
              2625.5129439152224,
              14438.480127498566
            ],
            [
              2630.109172340723,
              14437.226610655247
            ],
            [
              2639.719468139497,
              14431.376865386428
            ],
            [
              2655.1795092070897,
              14427.616314856474
            ],
            [
              2665.6254829014088,
              14421.766569587655
            ],
            [
              2681.0855239690018,
              14416.334663266609
            ],
            [
              2683.1747187078654,
              14414.66330747552
            ],
            [
              2691.531497663321,
              14405.053011676746
            ],
            [
              2692.3671755588666,
              14399.203266407925
            ],
            [
              2691.531497663321,
              14366.61182848165
            ],
            [
              2685.2639134467295,
              14353.24098215292
            ],
            [
              2678.160651334592,
              14345.71988109301
            ],
            [
              2666.4611607969546,
              14342.377169510828
            ],
            [
              2660.193576580363,
              14341.959330563057
            ],
            [
              2634.287561818451,
              14343.630686354147
            ],
            [
              2618.827520750858,
              14347.809075831874
            ],
            [
              2610.888580743175,
              14351.56962636183
            ],
            [
              2605.038835474357,
              14357.419371630647
            ],
            [
              2598.771251257765,
              14371.208056907148
            ],
            [
              2588.3252775634455,
              14410.902756945563
            ],
            [
              2587.907438615673,
              14419.25953590102
            ],
            [
              2589.5787944067642,
              14421.766569587655
            ],
            [
              2605.4566744221293,
              14442.24067802852
            ]
          ]
        ]
      },
      "properties": {
        "annotation_id": "cde38e22-29fd-4965-bd69-e8895f40d90f",
        "label": "GP4",
        "probabilities": null,
        "tags": []
      }
    },
    {
      "type": "Feature",
      "geometry": {
        "type": "Polygon",
        "coordinates": [
          [
            [
              2944.6282875290517,
              19193.68586416719
            ],
            [
              2942.073563382126,
              19193.68586416719
            ],
            [
              2949.3119484650824,
              19192.408502093727
            ],
            [
              2971.8786784295958,
              19177.931731927813
            ],
            [
              2995.2969831097503,
              19178.357519285637
            ],
            [
              3080.0286673161277,
              19162.603387046256
            ],
            [
              3093.2280754085787,
              19153.2360651742
            ],
            [
              3100.8922478493564,
              19136.63035821918
            ],
            [
              3103.4469719962826,
              19106.399455813887
            ],
            [
              3100.466460491535,
              19094.051622437077
            ],
            [
              3088.544414472548,
              19076.594340766416
            ],
            [
              3072.36449487535,
              19066.375444178713
            ],
            [
              3055.758787920331,
              19064.24650738961
            ],
            [
              3016.5863510008,
              19076.594340766416
            ],
            [
              2968.046592209206,
              19078.723277555524
            ],
            [
              2987.207023311151,
              19060.41442116922
            ],
            [
              3014.457414211695,
              19045.937651003303
            ],
            [
              3095.7827995555044,
              19025.074070470077
            ],
            [
              3104.7243340697455,
              19016.132535955836
            ],
            [
              3109.8337823635975,
              19003.78470257903
            ],
            [
              3111.536931794881,
              18987.60478298183
            ],
            [
              3103.4469719962826,
              18942.471323052803
            ],
            [
              3092.3765006929366,
              18912.666208005336
            ],
            [
              3072.7902822331707,
              18885.415817104793
            ],
            [
              3044.2625292591642,
              18870.939046938878
            ],
            [
              3015.308988927337,
              18867.95853543413
            ],
            [
              2991.8906842471824,
              18873.493771085803
            ],
            [
              2962.5113565575334,
              18885.841604462614
            ],
            [
              2936.964115088274,
              18902.87309877545
            ],
            [
              2899.494827600027,
              18947.154983988836
            ],
            [
              2879.9086091402605,
              18982.9211220458
            ],
            [
              2862.877114827421,
              19024.222495754435
            ],
            [
              2860.3223906804947,
              19062.117570600505
            ],
            [
              2867.986563121273,
              19084.684300565015
            ],
            [
              2919.506833417613,
              19185.17011701077
            ],
            [
              2942.073563382126,
              19202.20161132361
            ],
            [
              2944.6282875290517,
              19193.68586416719
            ]
          ]
        ]
      },
      "properties": {
        "annotation_id": "ce689b43-3646-4666-a2fc-73c89308dae8",
        "label": "GP3",
        "probabilities": {
          "GP3": 1,
          "GP4": 0,
          "GP5": 0,
          "Benign": 0
        },
        "tags": []
      }
    },
    {
      "type": "Feature",
      "geometry": {
        "type": "Polygon",
        "coordinates": [
          [
            [
              1850.4180125774917,
              4862.661269827455
            ],
            [
              1843.7920228000435,
              4862.151578306113
            ],
            [
              1840.7338736719908,
              4860.112812220745
            ],
            [
              1841.753256714675,
              4856.544971571349
            ],
            [
              1863.669992132387,
              4851.448056357926
            ],
            [
              1872.844439516546,
              4850.938364836585
            ],
            [
              1875.9025886445988,
              4852.977130921954
            ],
            [
              1876.412280165941,
              4862.661269827455
            ],
            [
              1874.8832056019144,
              4874.384174818324
            ],
            [
              1875.3928971232565,
              4877.442323946377
            ],
            [
              1877.4316632086252,
              4880.500473074429
            ],
            [
              1884.057652986073,
              4880.500473074429
            ],
            [
              1890.6836427635212,
              4877.952015467718
            ],
            [
              1894.761174934258,
              4875.403557861008
            ],
            [
              1898.3290155836532,
              4871.32602569027
            ],
            [
              1903.4259307970747,
              4860.622503742085
            ],
            [
              1903.4259307970747,
              4852.977130921954
            ],
            [
              1906.4840799251274,
              4832.079778546925
            ],
            [
              1905.9743884037853,
              4824.944097248136
            ],
            [
              1904.4453138397587,
              4818.318107470687
            ],
            [
              1901.896856233048,
              4814.750266821293
            ],
            [
              1895.2708664556003,
              4810.672734650555
            ],
            [
              1891.7030258062052,
              4809.653351607872
            ],
            [
              1883.038269943389,
              4809.143660086529
            ],
            [
              1872.844439516546,
              4811.1824261718975
            ],
            [
              1865.7087582177558,
              4813.7308837786095
            ],
            [
              1853.9858532268863,
              4821.376256598742
            ],
            [
              1845.32109736407,
              4824.434405726794
            ],
            [
              1831.04973476649,
              4826.982863333505
            ],
            [
              1827.4818941170952,
              4829.021629418873
            ],
            [
              1828.5012771597794,
              4833.099161589611
            ],
            [
              1831.5594262878321,
              4836.157310717663
            ],
            [
              1850.4180125774917,
              4862.661269827455
            ]
          ]
        ]
      },
      "properties": {
        "annotation_id": "ce6ee52a-5dc5-4c32-bff9-fb1405106dcd",
        "label": "GP5",
        "probabilities": null,
        "tags": []
      }
    },
    {
      "type": "Feature",
      "geometry": {
        "type": "Polygon",
        "coordinates": [
          [
            [
              1132.7285295223385,
              5468.285289505258
            ],
            [
              1130.7745236225653,
              5467.633954205334
            ],
            [
              1143.4755619710913,
              5466.3312836054865
            ],
            [
              1177.9963328670854,
              5466.3312836054865
            ],
            [
              1180.927341716745,
              5465.3542806556
            ],
            [
              1192.6513771153845,
              5456.886921756582
            ],
            [
              1200.7930683644397,
              5448.745230507526
            ],
            [
              1205.3524154639108,
              5438.649533358699
            ],
            [
              1206.0037507638353,
              5431.484845059529
            ],
            [
              1195.9080536150068,
              5405.105765412592
            ],
            [
              1188.092030015914,
              5396.964074163536
            ],
            [
              1191.0230388655737,
              5393.707397663913
            ],
            [
              1191.3487065155357,
              5391.102056464216
            ],
            [
              1190.6973712156114,
              5387.519712314632
            ],
            [
              1186.7893594160648,
              5381.3320269653495
            ],
            [
              1173.1113181176522,
              5376.121344565953
            ],
            [
              1151.2915855701842,
              5376.121344565953
            ],
            [
              1140.5445531214316,
              5380.355024015462
            ],
            [
              1129.1461853727542,
              5386.542709364745
            ],
            [
              1115.1424764243793,
              5396.31273886361
            ],
            [
              1109.2804587250596,
              5402.826091862856
            ],
            [
              1107.0007851753242,
              5406.734103662402
            ],
            [
              1104.3954439756264,
              5416.178465511306
            ],
            [
              1103.7441086757021,
              5421.714815560664
            ],
            [
              1105.3724469255133,
              5435.718524509038
            ],
            [
              1113.8398058245307,
              5460.794933556128
            ],
            [
              1117.4221499741147,
              5466.656951255447
            ],
            [
              1123.609835323397,
              5471.541966004881
            ],
            [
              1132.7285295223385,
              5468.285289505258
            ]
          ]
        ]
      },
      "properties": {
        "annotation_id": "cf744ec9-94a0-4751-aecc-e6b72297cfe4",
        "label": "GP3",
        "probabilities": null,
        "tags": []
      }
    },
    {
      "type": "Feature",
      "geometry": {
        "type": "Polygon",
        "coordinates": [
          [
            [
              2601.784869512475,
              16081.177778325096
            ],
            [
              2591.4379757863207,
              16077.885584866774
            ],
            [
              2589.0864090303767,
              16070.830884598941
            ],
            [
              2601.784869512475,
              16028.972996343136
            ],
            [
              2605.5473763219857,
              16002.165135325373
            ],
            [
              2605.0770629707968,
              15992.288554950408
            ],
            [
              2602.7254962148527,
              15986.174481384955
            ],
            [
              2598.492676054153,
              15977.238527712365
            ],
            [
              2593.319229191076,
              15973.476020902855
            ],
            [
              2569.8035616316347,
              15968.772887390967
            ],
            [
              2559.4566679054806,
              15968.772887390967
            ],
            [
              2547.6988341257597,
              15971.5947674981
            ],
            [
              2538.292567101983,
              15977.238527712365
            ],
            [
              2523.7128532151296,
              15989.466674843276
            ],
            [
              2515.7175262449196,
              16009.690148944394
            ],
            [
              2514.7768995425417,
              16022.858922777681
            ],
            [
              2495.4940521437998,
              16020.977669372925
            ],
            [
              2489.850291929534,
              16026.62142958719
            ],
            [
              2485.1471584176456,
              16048.255843741877
            ],
            [
              2484.6768450664567,
              16076.944958164397
            ],
            [
              2489.379978578345,
              16102.341879128591
            ],
            [
              2498.7862456021217,
              16122.095039878524
            ],
            [
              2503.4893791140103,
              16126.798173390413
            ],
            [
              2512.8956461377866,
              16130.090366848735
            ],
            [
              2528.8863000782067,
              16130.560680199922
            ],
            [
              2550.050400881704,
              16138.085693818943
            ],
            [
              2569.8035616316347,
              16139.49663387251
            ],
            [
              2589.5567223815656,
              16128.679426795166
            ],
            [
              2595.67079594702,
              16127.73880009279
            ],
            [
              2595.67079594702,
              16110.337206098802
            ],
            [
              2597.552049351775,
              16105.634072586914
            ],
            [
              2604.136436268419,
              16101.401252426216
            ],
            [
              2601.784869512475,
              16081.177778325096
            ]
          ]
        ]
      },
      "properties": {
        "annotation_id": "d3b345c4-5ec9-4a98-80b1-cd320766409c",
        "label": "GP4",
        "probabilities": null,
        "tags": []
      }
    },
    {
      "type": "Feature",
      "geometry": {
        "type": "Polygon",
        "coordinates": [
          [
            [
              1788.223474833395,
              8721.970490348322
            ],
            [
              1782.9847648181662,
              8720.005974092612
            ],
            [
              1792.8073460967198,
              8722.625329100225
            ],
            [
              1809.833153646213,
              8724.589845355937
            ],
            [
              1826.2041224438026,
              8724.589845355937
            ],
            [
              1839.3008974818745,
              8722.625329100225
            ],
            [
              1866.8041250618248,
              8722.625329100225
            ],
            [
              1868.7686413175354,
              8718.696296588803
            ],
            [
              1871.38799632515,
              8701.015650287407
            ],
            [
              1872.697673828957,
              8644.6995176237
            ],
            [
              1866.1492863099213,
              8630.947903833723
            ],
            [
              1859.6008987908856,
              8622.435000058978
            ],
            [
              1849.1234787604283,
              8613.267257532327
            ],
            [
              1837.3363812261637,
              8606.064031261389
            ],
            [
              1826.2041224438026,
              8602.78983750187
            ],
            [
              1809.833153646213,
              8602.134998749967
            ],
            [
              1796.7363786081414,
              8606.718870013292
            ],
            [
              1780.3654098105521,
              8615.231773788037
            ],
            [
              1768.5783122762873,
              8625.054355066592
            ],
            [
              1760.0654085015408,
              8654.522098902253
            ],
            [
              1743.6944397039513,
              8680.060810226492
            ],
            [
              1741.7299234482405,
              8690.538230256949
            ],
            [
              1742.384762200144,
              8694.467262768372
            ],
            [
              1751.5525047267943,
              8704.944682798829
            ],
            [
              1772.507344787709,
              8717.386619084997
            ],
            [
              1788.223474833395,
              8721.970490348322
            ]
          ]
        ]
      },
      "properties": {
        "annotation_id": "d72052ae-ab53-459c-85d5-7eee2bf456d8",
        "label": "GP4",
        "probabilities": null,
        "tags": []
      }
    },
    {
      "type": "Feature",
      "geometry": {
        "type": "Polygon",
        "coordinates": [
          [
            [
              2678.549230098857,
              20928.566161327857
            ],
            [
              2691.5914163522666,
              20912.435036224953
            ],
            [
              2698.112509478972,
              20899.049634543822
            ],
            [
              2707.7225414551685,
              20853.74519808461
            ],
            [
              2708.408972310611,
              20831.436195282724
            ],
            [
              2702.91752546707,
              20809.47040790856
            ],
            [
              2683.697461514677,
              20769.65741829289
            ],
            [
              2679.9220918097426,
              20738.08159894253
            ],
            [
              2676.8331529602506,
              20728.814782394053
            ],
            [
              2667.9095518394965,
              20716.115811568365
            ],
            [
              2660.702027857349,
              20709.93793386938
            ],
            [
              2654.867365586087,
              20706.505779592168
            ],
            [
              2644.9141181821687,
              20705.13291788128
            ],
            [
              2637.7065942000213,
              20709.25150301394
            ],
            [
              2629.8126393624316,
              20719.8911812733
            ],
            [
              2618.1433148199067,
              20748.37806177417
            ],
            [
              2615.054375970415,
              20763.136325166182
            ],
            [
              2617.456883964464,
              20780.640311979972
            ],
            [
              2638.0498096277424,
              20829.72011814412
            ],
            [
              2641.4819639049556,
              20843.10551982525
            ],
            [
              2641.4819639049556,
              20864.04166091625
            ],
            [
              2629.46942393471,
              20927.87973047241
            ],
            [
              2634.960870778251,
              20931.998315605066
            ],
            [
              2645.2573336098903,
              20932.684746460513
            ],
            [
              2661.731674140513,
              20928.909376755575
            ],
            [
              2675.4602912493656,
              20923.07471448431
            ],
            [
              2678.549230098857,
              20928.566161327857
            ]
          ]
        ]
      },
      "properties": {
        "annotation_id": "d77177c3-5966-43d6-a3a5-269e797a5029",
        "label": "GP4",
        "probabilities": null,
        "tags": []
      }
    },
    {
      "type": "Feature",
      "geometry": {
        "type": "Polygon",
        "coordinates": [
          [
            [
              2446.9056789072947,
              14036.274188035482
            ],
            [
              2457.3516526016138,
              14025.41037539339
            ],
            [
              2461.9478810271144,
              14019.142791176797
            ],
            [
              2471.9760157736614,
              13986.969192198294
            ],
            [
              2479.914955781344,
              13965.659405861881
            ],
            [
              2482.0041505202075,
              13948.110170055425
            ],
            [
              2480.7506336768893,
              13945.185297421016
            ],
            [
              2478.2435999902527,
              13942.678263734379
            ],
            [
              2475.3187273558433,
              13941.424746891062
            ],
            [
              2468.633304191479,
              13941.006907943289
            ],
            [
              2453.1732631238865,
              13944.34961952547
            ],
            [
              2447.7413568028405,
              13946.856653212108
            ],
            [
              2443.1451283773395,
              13950.617203742062
            ],
            [
              2439.8024167951576,
              13956.049110063108
            ],
            [
              2434.3705104741116,
              13977.776735347292
            ],
            [
              2420.9996641453827,
              14011.203851169113
            ],
            [
              2416.403435719882,
              14027.08173118448
            ],
            [
              2415.985596772109,
              14037.945543826572
            ],
            [
              2418.4926304587457,
              14041.706094356528
            ],
            [
              2422.6710199364734,
              14043.79528909539
            ],
            [
              2426.4315704664286,
              14044.213128043164
            ],
            [
              2446.9056789072947,
              14036.274188035482
            ]
          ]
        ]
      },
      "properties": {
        "annotation_id": "d8454bb1-b19d-4975-a8a8-42818df308aa",
        "label": "GP5",
        "probabilities": null,
        "tags": []
      }
    },
    {
      "type": "Feature",
      "geometry": {
        "type": "Polygon",
        "coordinates": [
          [
            [
              1331.7207105721805,
              5035.494254477828
            ],
            [
              1325.6044123160743,
              5032.436105349776
            ],
            [
              1324.5850292733903,
              5029.377956221722
            ],
            [
              1326.1141038374165,
              5026.3198070936705
            ],
            [
              1329.1722529654696,
              5023.771349486959
            ],
            [
              1342.4242325203652,
              5020.203508837564
            ],
            [
              1350.5792968618398,
              5015.616285145484
            ],
            [
              1354.1471375112346,
              5011.538752974748
            ],
            [
              1358.734361203314,
              5001.854614069247
            ],
            [
              1362.3022018527092,
              4991.660783642405
            ],
            [
              1363.8312764167354,
              4975.8603464807975
            ],
            [
              1363.3215848953932,
              4971.273122788718
            ],
            [
              1360.2634357673405,
              4967.19559061798
            ],
            [
              1354.1471375112346,
              4965.666516053954
            ],
            [
              1349.5599138191553,
              4966.176207575297
            ],
            [
              1343.9533070843918,
              4968.214973660666
            ],
            [
              1337.837008828286,
              4971.7828143100605
            ],
            [
              1332.2304020935223,
              4976.879729523481
            ],
            [
              1322.0365716666795,
              4990.131709078378
            ],
            [
              1317.9590394959423,
              4998.286773419851
            ],
            [
              1311.8427412398364,
              5017.145359709511
            ],
            [
              1309.2942836331258,
              5032.436105349776
            ],
            [
              1309.2942836331258,
              5037.533020563196
            ],
            [
              1313.371815803863,
              5039.062095127223
            ],
            [
              1331.7207105721805,
              5035.494254477828
            ]
          ]
        ]
      },
      "properties": {
        "annotation_id": "d85b25df-fdf3-4477-9cac-382f2d21d569",
        "label": "GP5",
        "probabilities": null,
        "tags": []
      }
    },
    {
      "type": "Feature",
      "geometry": {
        "type": "Polygon",
        "coordinates": [
          [
            [
              3432.2809554011187,
              19177.956466489908
            ],
            [
              3414.397886372637,
              19180.085403279012
            ],
            [
              3386.721708114272,
              19192.43323665582
            ],
            [
              3356.490805708981,
              19221.81256434547
            ],
            [
              3349.6782079838454,
              19234.160397722277
            ],
            [
              3344.568759689994,
              19259.70763919154
            ],
            [
              3342.014035543068,
              19308.67318534095
            ],
            [
              3349.6782079838454,
              19347.419834902663
            ],
            [
              3383.741196609525,
              19401.06904198811
            ],
            [
              3408.8626507209638,
              19424.487346668266
            ],
            [
              3451.4413865030633,
              19435.13203061379
            ],
            [
              3507.2195303776134,
              19411.287938575813
            ],
            [
              3537.4504327829036,
              19387.018059180016
            ],
            [
              3540.856731645472,
              19373.392863729743
            ],
            [
              3553.6303523801016,
              19353.380857912158
            ],
            [
              3560.868737463058,
              19310.376334772238
            ],
            [
              3570.6618466929413,
              19293.77062781722
            ],
            [
              3581.3065306384665,
              19255.87555297115
            ],
            [
              3561.2945248208794,
              19218.832052840724
            ],
            [
              3540.856731645472,
              19194.136386087106
            ],
            [
              3535.74728335162,
              19192.43323665582
            ],
            [
              3521.696300543527,
              19201.800558527884
            ],
            [
              3508.0711050932555,
              19204.35528267481
            ],
            [
              3505.94216830415,
              19211.167880399946
            ],
            [
              3508.9226798088976,
              19225.21886320804
            ],
            [
              3509.3484671667184,
              19251.19189203512
            ],
            [
              3505.5163809463293,
              19261.410788622823
            ],
            [
              3492.7427602116995,
              19262.262363338465
            ],
            [
              3469.3244555315446,
              19246.082443741267
            ],
            [
              3455.699260081273,
              19227.347799997144
            ],
            [
              3443.3514267044643,
              19194.987960802748
            ],
            [
              3447.183512924853,
              19195.83953551839
            ],
            [
              3432.2809554011187,
              19177.956466489908
            ]
          ]
        ]
      },
      "properties": {
        "annotation_id": "de551050-0750-42af-af9d-2c9f5013f813",
        "label": "GP5",
        "probabilities": null,
        "tags": []
      }
    },
    {
      "type": "Feature",
      "geometry": {
        "type": "Polygon",
        "coordinates": [
          [
            [
              2033.4728791575872,
              9874.795614110917
            ],
            [
              2030.7093868442707,
              9877.00640796157
            ],
            [
              2038.4471653215562,
              9877.00640796157
            ],
            [
              2042.8687530228617,
              9874.242915648254
            ],
            [
              2051.15922996281,
              9850.476881753735
            ],
            [
              2051.15922996281,
              9839.975610963134
            ],
            [
              2047.2903407241677,
              9813.998783217963
            ],
            [
              2034.5782760829134,
              9802.944813964697
            ],
            [
              2026.8404976056283,
              9785.258463159475
            ],
            [
              2006.390654487089,
              9757.623540026312
            ],
            [
              1983.7300175178966,
              9742.700681534407
            ],
            [
              1975.4395405779483,
              9741.042586146417
            ],
            [
              1961.6220790113678,
              9741.042586146417
            ],
            [
              1958.8585866980513,
              9743.25337999707
            ],
            [
              1958.3058882353882,
              9746.569570773048
            ],
            [
              1958.8585866980513,
              9758.176238488977
            ],
            [
              1961.6220790113678,
              9764.808620040934
            ],
            [
              1975.9922390406114,
              9781.942272383496
            ],
            [
              1982.6246205925704,
              9791.890844711434
            ],
            [
              1994.783986771161,
              9817.867672456605
            ],
            [
              2013.575734501711,
              9851.029580216398
            ],
            [
              2019.102719128343,
              9856.556564843031
            ],
            [
              2026.8404976056283,
              9861.530851006999
            ],
            [
              2031.8147837695974,
              9863.18894639499
            ],
            [
              2033.4728791575872,
              9874.795614110917
            ]
          ]
        ]
      },
      "properties": {
        "annotation_id": "e0055ecb-dd26-4d85-8d69-4bf932ae4793",
        "label": "GP5",
        "probabilities": null,
        "tags": []
      }
    },
    {
      "type": "Feature",
      "geometry": {
        "type": "Polygon",
        "coordinates": [
          [
            [
              3405.938716807255,
              17803.521799701175
            ],
            [
              3400.89201930225,
              17795.110637192833
            ],
            [
              3426.686250994496,
              17646.513432878808
            ],
            [
              3422.761041823937,
              17585.953062818753
            ],
            [
              3416.0321118172637,
              17560.719575293733
            ],
            [
              3392.480856793909,
              17548.38320361483
            ],
            [
              3359.957695094991,
              17548.943947782056
            ],
            [
              3348.1820675833133,
              17537.16832027038
            ],
            [
              3328.556021730518,
              17531.000134430928
            ],
            [
              3295.472115864377,
              17499.03771689923
            ],
            [
              3250.0518383193353,
              17476.0472060431
            ],
            [
              3224.25760662709,
              17475.486461875877
            ],
            [
              3203.5100724398485,
              17482.77613604977
            ],
            [
              3187.8092357576124,
              17506.888135240348
            ],
            [
              3141.267469878125,
              17556.794366123173
            ],
            [
              3131.1740748681163,
              17588.196039487644
            ],
            [
              3126.1273773631124,
              17624.0836661899
            ],
            [
              3134.5385398714525,
              17631.373340363796
            ],
            [
              3144.6319348814623,
              17632.49482869824
            ],
            [
              3169.304678239262,
              17622.401433688232
            ],
            [
              3210.799746613744,
              17585.39231865153
            ],
            [
              3230.42579246654,
              17559.037342792064
            ],
            [
              3239.3976991421036,
              17561.280319460955
            ],
            [
              3255.659279991563,
              17574.7381794743
            ],
            [
              3265.191930834349,
              17611.186550343777
            ],
            [
              3261.827465831013,
              17628.00887536046
            ],
            [
              3224.25760662709,
              17693.055198758295
            ],
            [
              3194.538165764285,
              17697.541152096077
            ],
            [
              3166.5009574031487,
              17727.821337126108
            ],
            [
              3151.9216090553577,
              17790.06393968783
            ],
            [
              3155.286074058694,
              17827.63379889175
            ],
            [
              3159.772027396476,
              17837.72719390176
            ],
            [
              3205.1923049415172,
              17903.895005634044
            ],
            [
              3224.8183507943127,
              17911.18467980794
            ],
            [
              3235.4724899715443,
              17904.455749801265
            ],
            [
              3257.9022566604535,
              17878.66151810902
            ],
            [
              3230.42579246654,
              17836.605705567315
            ],
            [
              3232.668769135431,
              17824.269333888413
            ],
            [
              3247.248117483222,
              17806.88626470451
            ],
            [
              3280.8927675165855,
              17782.77426551393
            ],
            [
              3303.3225342054952,
              17776.606079674482
            ],
            [
              3321.827091723845,
              17778.849056343373
            ],
            [
              3370.0510901049997,
              17805.764776370066
            ],
            [
              3399.209786800582,
              17812.493706376736
            ],
            [
              3405.938716807255,
              17803.521799701175
            ]
          ]
        ]
      },
      "properties": {
        "annotation_id": "e10b8642-13e8-4d9b-8e48-f58abaa51014",
        "label": "GP4",
        "probabilities": null,
        "tags": []
      }
    },
    {
      "type": "Feature",
      "geometry": {
        "type": "Polygon",
        "coordinates": [
          [
            [
              1744.469519189774,
              2997.364631488126
            ],
            [
              1759.272774813504,
              3008.096991815331
            ],
            [
              1765.0343401881591,
              3020.1439012350643
            ],
            [
              1769.7483482219677,
              3041.6188267224143
            ],
            [
              1775.5099135966227,
              3048.95172810834
            ],
            [
              1844.6486980924828,
              3086.663792378808
            ],
            [
              1850.9340421375612,
              3077.7595549816137
            ],
            [
              1861.409615546025,
              3042.142605392838
            ],
            [
              1873.9803036361814,
              3023.2865732576033
            ],
            [
              1908.549695884111,
              3043.7139414041067
            ],
            [
              1935.7861867461168,
              3038.999933370298
            ],
            [
              1941.5477521207715,
              3017.5250078829476
            ],
            [
              1942.5953094616182,
              2992.3836317026353
            ],
            [
              1927.929506689769,
              2949.433780727934
            ],
            [
              1919.549047962998,
              2938.434428649047
            ],
            [
              1910.1210318953808,
              2932.149084603969
            ],
            [
              1817.4122072304774,
              2905.96015108281
            ],
            [
              1786.5092656755094,
              2883.4376682546126
            ],
            [
              1770.272126892391,
              2867.724308141918
            ],
            [
              1740.4167426782694,
              2852.534726699646
            ],
            [
              1708.9900224528787,
              2849.9158333475293
            ],
            [
              1692.2291049993366,
              2854.106062710916
            ],
            [
              1679.6584169091805,
              2863.5340787785326
            ],
            [
              1678.6108595683338,
              2868.2480868123403
            ],
            [
              1680.7059742500267,
              2893.3894629926544
            ],
            [
              1686.4675396246816,
              2915.388167150428
            ],
            [
              1693.8004410106062,
              2928.4826339110077
            ],
            [
              1706.894907771186,
              2937.9106499786244
            ],
            [
              1737.2740706557302,
              2974.051378237824
            ],
            [
              1744.469519189774,
              2997.364631488126
            ],
            [
              1744.469519189774,
              2997.364631488126
            ]
          ]
        ]
      },
      "properties": {
        "annotation_id": "e15bff43-f4e9-4bd1-b02e-642d584c56f4",
        "label": "GP4",
        "probabilities": null,
        "tags": []
      }
    },
    {
      "type": "Feature",
      "geometry": {
        "type": "Polygon",
        "coordinates": [
          [
            [
              1774.4718610434197,
              8750.128556680176
            ],
            [
              1746.9686334634691,
              8757.331782951116
            ],
            [
              1726.0137934025547,
              8778.941461763934
            ],
            [
              1724.049277146844,
              8801.860818080559
            ],
            [
              1733.217019673494,
              8817.576948126245
            ],
            [
              1769.8879897800944,
              8826.744690652895
            ],
            [
              1819.0008961728631,
              8810.373721855305
            ],
            [
              1866.8041250618248,
              8778.28662301203
            ],
            [
              1898.8912239051006,
              8765.189847973958
            ],
            [
              1965.6847765992657,
              8715.422102829287
            ],
            [
              2033.7880067972385,
              8687.918875249336
            ],
            [
              2070.458976903839,
              8646.66403387941
            ],
            [
              2111.058979521861,
              8625.709193818495
            ],
            [
              2139.871884605619,
              8597.55112748664
            ],
            [
              2147.729949628462,
              8585.764029952377
            ],
            [
              2147.729949628462,
              8570.04789990669
            ],
            [
              2136.597690846101,
              8537.960801063415
            ],
            [
              2213.2138248188203,
              8492.122088430164
            ],
            [
              2245.300923662096,
              8457.415634579274
            ],
            [
              2249.884794925421,
              8431.222084503132
            ],
            [
              2238.0976973911565,
              8420.08982572077
            ],
            [
              2198.8073722769414,
              8404.373695675085
            ],
            [
              2162.791240922244,
              8403.71885692318
            ],
            [
              2184.400919735063,
              8366.393048064676
            ],
            [
              2181.1267259755446,
              8342.164014244245
            ],
            [
              2171.9589834488943,
              8330.376916709978
            ],
            [
              2078.971880678586,
              8295.015624107185
            ],
            [
              2063.2557506328994,
              8276.025300301982
            ],
            [
              2063.910589384803,
              8264.238202767718
            ],
            [
              2085.5202681976216,
              8243.283362706803
            ],
            [
              2135.9428520941974,
              8253.760782737261
            ],
            [
              2150.3493046360763,
              8251.141427729646
            ],
            [
              2174.5783384565084,
              8222.328522645888
            ],
            [
              2171.9589834488943,
              8205.302715096395
            ],
            [
              2163.4460796741478,
              8196.134972569746
            ],
            [
              2126.775109567547,
              8177.799487516445
            ],
            [
              2103.200914499018,
              8176.4898100126375
            ],
            [
              2071.7686544076464,
              8192.205940058324
            ],
            [
              2014.1428442401311,
              8236.734975187766
            ],
            [
              1955.862195320712,
              8255.725298992971
            ],
            [
              1937.5267102674115,
              8277.33497780579
            ],
            [
              1915.2621927026898,
              8334.960787973305
            ],
            [
              1917.2267089584009,
              8356.570466786123
            ],
            [
              1936.2170327636045,
              8391.931759388917
            ],
            [
              1921.1557414698223,
              8401.099501915567
            ],
            [
              1873.3525125808605,
              8410.267244442217
            ],
            [
              1841.9202524894888,
              8430.567245751228
            ],
            [
              1826.8589611957063,
              8479.025313392092
            ],
            [
              1849.1234787604283,
              8487.53821716684
            ],
            [
              2018.0718767515525,
              8501.289830956814
            ],
            [
              2044.9202655795991,
              8549.093059845776
            ],
            [
              2046.8847818353102,
              8589.693062463797
            ],
            [
              2025.9299417743953,
              8596.241449982834
            ],
            [
              2004.320262961577,
              8591.657578719509
            ],
            [
              1978.126712885434,
              8575.941448673824
            ],
            [
              1910.6783214393647,
              8576.596287425726
            ],
            [
              1898.2363851531968,
              8599.515643742352
            ],
            [
              1903.4750951684255,
              8653.212421398446
            ],
            [
              1894.3073526417752,
              8688.573714001239
            ],
            [
              1877.936383844186,
              8715.422102829287
            ],
            [
              1857.6363825351746,
              8738.341459145911
            ],
            [
              1826.2041224438026,
              8757.331782951116
            ],
            [
              1775.126699795323,
              8759.95113795873
            ],
            [
              1781.6750873143592,
              8760.605976710633
            ],
            [
              1774.4718610434197,
              8750.128556680176
            ]
          ]
        ]
      },
      "properties": {
        "annotation_id": "e24b6645-0c88-4f48-938a-67bec9dad1b1",
        "label": "GP5",
        "probabilities": null,
        "tags": []
      }
    },
    {
      "type": "Feature",
      "geometry": {
        "type": "Polygon",
        "coordinates": [
          [
            [
              4054.472172087896,
              20352.496931271235
            ],
            [
              4068.1727430946376,
              20332.22008618126
            ],
            [
              4068.7207659349074,
              20312.49126393155
            ],
            [
              4049.539966525469,
              20290.022327480496
            ],
            [
              4029.263121435491,
              20280.15791635564
            ],
            [
              3979.3930429709517,
              20279.60989351537
            ],
            [
              3962.404334922592,
              20283.44605339726
            ],
            [
              3922.9466904231763,
              20269.745482390517
            ],
            [
              3884.585091604299,
              20265.36129966836
            ],
            [
              3827.0426933759845,
              20277.41780215429
            ],
            [
              3810.6020081678944,
              20298.79069292481
            ],
            [
              3813.342122369243,
              20327.835903459098
            ],
            [
              3824.3025791746363,
              20363.45738807663
            ],
            [
              3839.6472187021864,
              20395.79073565254
            ],
            [
              3862.6641779935126,
              20410.587352339822
            ],
            [
              3887.873228645917,
              20439.63256287411
            ],
            [
              3910.8901879372434,
              20484.570435776226
            ],
            [
              3944.319581193693,
              20515.25971483133
            ],
            [
              3983.7772256931084,
              20561.841656254248
            ],
            [
              4031.45521279657,
              20605.68348347582
            ],
            [
              4061.5964690114015,
              20617.739985961754
            ],
            [
              4114.20666167729,
              20578.282341462338
            ],
            [
              4126.811187003492,
              20559.64956489317
            ],
            [
              4130.09932404511,
              20543.20887968508
            ],
            [
              4115.30270735783,
              20500.463098144046
            ],
            [
              4091.737725226233,
              20474.706024651372
            ],
            [
              4030.35916711603,
              20431.960243110338
            ],
            [
              3997.477796699851,
              20416.615603582788
            ],
            [
              3954.183992318547,
              20405.655146777393
            ],
            [
              3946.511672554772,
              20400.174918374694
            ],
            [
              3943.771558353423,
              20386.474347367955
            ],
            [
              3964.048403443401,
              20366.745525118247
            ],
            [
              3972.2687460474463,
              20362.90936523636
            ],
            [
              3985.4212942139175,
              20367.293547958514
            ],
            [
              3996.9297738595806,
              20365.10145659744
            ],
            [
              4054.472172087896,
              20352.496931271235
            ]
          ]
        ]
      },
      "properties": {
        "annotation_id": "e3afee6e-82a3-49b3-8c77-f9077aa07bc6",
        "label": "GP4",
        "probabilities": null,
        "tags": []
      }
    },
    {
      "type": "Feature",
      "geometry": {
        "type": "Polygon",
        "coordinates": [
          [
            [
              2523.6476662106247,
              8353.941852030124
            ],
            [
              2520.912069750113,
              8353.941852030124
            ],
            [
              2520.456137006694,
              8350.294390082774
            ],
            [
              2522.2798679803686,
              8341.63166795782
            ],
            [
              2519.0883387764384,
              8334.79267680654
            ],
            [
              2514.529011342252,
              8328.865551142098
            ],
            [
              2508.6018856778096,
              8322.938425477656
            ],
            [
              2497.6594998357627,
              8315.64350158296
            ],
            [
              2478.054391868761,
              8305.612981227749
            ],
            [
              2470.3035352306442,
              8304.70111574091
            ],
            [
              2466.6560732832954,
              8305.612981227749
            ],
            [
              2456.1696201846667,
              8311.99603963561
            ],
            [
              2452.522158237318,
              8315.64350158296
            ],
            [
              2447.506898059713,
              8323.850290964494
            ],
            [
              2440.6679069084335,
              8341.63166795782
            ],
            [
              2440.211974165015,
              8352.118121056448
            ],
            [
              2442.0357051386895,
              8363.516439641915
            ],
            [
              2447.050965316294,
              8378.106287431312
            ],
            [
              2455.713687441248,
              8391.328336990453
            ],
            [
              2465.7442077964583,
              8397.711395398312
            ],
            [
              2479.422190099017,
              8401.81479008908
            ],
            [
              2514.9849440856706,
              8402.270722832498
            ],
            [
              2546.900236124975,
              8394.519866194383
            ],
            [
              2550.5476980723242,
              8393.152067964125
            ],
            [
              2551.91549630258,
              8390.416471503613
            ],
            [
              2551.4595635591613,
              8383.121547608916
            ],
            [
              2549.6358325854867,
              8378.56222017473
            ],
            [
              2546.4443033815564,
              8372.635094510288
            ],
            [
              2529.1188591316486,
              8350.294390082774
            ],
            [
              2525.4713971842993,
              8343.455398931495
            ],
            [
              2525.927329927718,
              8339.807936984147
            ],
            [
              2523.6476662106247,
              8353.941852030124
            ]
          ]
        ]
      },
      "properties": {
        "annotation_id": "e4823832-7edf-469b-8a73-ae8359f74d88",
        "label": "GP4",
        "probabilities": null,
        "tags": []
      }
    },
    {
      "type": "Feature",
      "geometry": {
        "type": "Polygon",
        "coordinates": [
          [
            [
              3760.185797281507,
              20672.934419036475
            ],
            [
              3726.5662779311465,
              20663.328842079234
            ],
            [
              3702.01869237374,
              20665.99705790069
            ],
            [
              3662.5290982161737,
              20678.804493843683
            ],
            [
              3619.3040019085674,
              20702.818436236797
            ],
            [
              3603.294706979824,
              20722.02959015129
            ],
            [
              3588.3526983796633,
              20772.725690758976
            ],
            [
              3586.218125722498,
              20796.2059899878
            ],
            [
              3592.088200529704,
              20810.61435542367
            ],
            [
              3629.976865194396,
              20835.161940981074
            ],
            [
              3673.7356046662935,
              20844.767517938322
            ],
            [
              3718.561630466775,
              20836.76287047395
            ],
            [
              3751.6475066528437,
              20812.215284916543
            ],
            [
              3765.5222289244216,
              20807.41249643792
            ],
            [
              3785.2670260032046,
              20870.9160329886
            ],
            [
              3805.011823081988,
              20897.06454803888
            ],
            [
              3822.0884043393144,
              20908.804697653293
            ],
            [
              3870.6499322898344,
              20909.338340817587
            ],
            [
              3893.596588354367,
              20890.127186903093
            ],
            [
              3921.3460328975216,
              20877.319750960098
            ],
            [
              3946.4272616192193,
              20884.79075526018
            ],
            [
              3964.5711292051283,
              20878.38703728868
            ],
            [
              4023.271877277186,
              20806.345210109335
            ],
            [
              4051.0213218203417,
              20785.533126701972
            ],
            [
              4062.761471434753,
              20770.591118101813
            ],
            [
              4066.496973584793,
              20737.50524191574
            ],
            [
              4053.155894477507,
              20687.342784472345
            ],
            [
              4006.19529601986,
              20677.737207515103
            ],
            [
              3973.1094198337914,
              20679.338137007973
            ],
            [
              3927.749750869019,
              20663.862485243524
            ],
            [
              3905.87038113307,
              20670.799846379312
            ],
            [
              3895.7311610115325,
              20668.66527372215
            ],
            [
              3883.4573682328296,
              20636.11304070037
            ],
            [
              3866.3807869755037,
              20612.632741471545
            ],
            [
              3855.174280525383,
              20604.628094007174
            ],
            [
              3826.357549653646,
              20597.157089707092
            ],
            [
              3817.819259024983,
              20574.210433642562
            ],
            [
              3817.2856158606915,
              20533.11990999212
            ],
            [
              3797.5408187819075,
              20509.639610763297
            ],
            [
              3780.4642375245817,
              20501.101320134636
            ],
            [
              3756.9839382957584,
              20502.168606463216
            ],
            [
              3719.095273631066,
              20533.65355315641
            ],
            [
              3721.229846288232,
              20610.49816881438
            ],
            [
              3734.0372822312265,
              20642.516758671867
            ],
            [
              3754.315722474301,
              20665.463414736398
            ],
            [
              3760.185797281507,
              20672.934419036475
            ]
          ]
        ]
      },
      "properties": {
        "annotation_id": "e6404156-5b17-49dd-90d5-f76a2b41cbcb",
        "label": "GP3",
        "probabilities": null,
        "tags": []
      }
    },
    {
      "type": "Feature",
      "geometry": {
        "type": "Polygon",
        "coordinates": [
          [
            [
              2053.0543284854684,
              9076.094946219473
            ],
            [
              2049.125295974047,
              9074.785268715666
            ],
            [
              2047.8156184702398,
              9070.856236204243
            ],
            [
              2048.4704572221435,
              9066.927203692823
            ],
            [
              2055.0188447411792,
              9048.591718639522
            ],
            [
              2064.1865872678295,
              9030.911072338125
            ],
            [
              2073.35432979448,
              9021.08849105957
            ],
            [
              2079.9027173135155,
              9018.469136051957
            ],
            [
              2094.9640086072977,
              9015.19494229244
            ],
            [
              2097.583363614912,
              9011.920748532923
            ],
            [
              2110.0252999010804,
              8949.056228350177
            ],
            [
              2108.715622397273,
              8945.127195838757
            ],
            [
              2104.7865898858513,
              8943.162679583045
            ],
            [
              2095.6188473592015,
              8944.472357086852
            ],
            [
              2081.2123948173225,
              8950.365905853985
            ],
            [
              2072.0446522906723,
              8955.604615869213
            ],
            [
              2056.98336099689,
              8970.011068411091
            ],
            [
              2050.434973477854,
              8983.762682201068
            ],
            [
              2034.7188434321681,
              9032.220749841932
            ],
            [
              2031.4446496726503,
              9045.972363631909
            ],
            [
              2030.134972168843,
              9052.520751150943
            ],
            [
              2030.134972168843,
              9062.343332429497
            ],
            [
              2035.3736821840716,
              9068.23688119663
            ],
            [
              2053.0543284854684,
              9076.094946219473
            ]
          ]
        ]
      },
      "properties": {
        "annotation_id": "e6cdfc21-99f3-4eb6-994f-16ce06189ede",
        "label": "GP5",
        "probabilities": null,
        "tags": []
      }
    },
    {
      "type": "Feature",
      "geometry": {
        "type": "Polygon",
        "coordinates": [
          [
            [
              1131.2432759637243,
              4912.101347397643
            ],
            [
              1129.2519230431303,
              4912.4332395510755
            ],
            [
              1136.3401911771457,
              4909.043198269589
            ],
            [
              1141.4371063905671,
              4905.475357620195
            ],
            [
              1148.063096168015,
              4897.829984800062
            ],
            [
              1150.6115537747257,
              4891.713686543957
            ],
            [
              1151.1212452960679,
              4888.655537415903
            ],
            [
              1150.6115537747257,
              4877.952015467718
            ],
            [
              1148.572787689357,
              4871.32602569027
            ],
            [
              1145.0049470399622,
              4865.7194189555075
            ],
            [
              1142.4564894332516,
              4863.680652870139
            ],
            [
              1136.8498826984876,
              4861.64188678477
            ],
            [
              1133.7917335704349,
              4861.64188678477
            ],
            [
              1129.7142013996977,
              4862.661269827455
            ],
            [
              1125.1269777076184,
              4864.700035912823
            ],
            [
              1121.0494455368814,
              4867.248493519533
            ],
            [
              1116.971913366144,
              4870.816334168928
            ],
            [
              1112.8943811954073,
              4875.403557861008
            ],
            [
              1110.3459235886962,
              4879.481090031746
            ],
            [
              1108.3071575033275,
              4884.578005245166
            ],
            [
              1107.2877744606433,
              4890.184611979929
            ],
            [
              1107.7974659819854,
              4895.281527193352
            ],
            [
              1112.384689674065,
              4907.514123705563
            ],
            [
              1115.95253032346,
              4913.120730440327
            ],
            [
              1125.6366692289607,
              4923.314560867169
            ],
            [
              1131.7529674850664,
              4925.86301847388
            ],
            [
              1139.3983403051984,
              4926.372709995223
            ],
            [
              1143.9855639972777,
              4925.86301847388
            ],
            [
              1131.2432759637243,
              4912.101347397643
            ]
          ]
        ]
      },
      "properties": {
        "annotation_id": "ea4961b4-70bc-46b9-84d5-aae77210a721",
        "label": "GP5",
        "probabilities": null,
        "tags": []
      }
    },
    {
      "type": "Feature",
      "geometry": {
        "type": "Polygon",
        "coordinates": [
          [
            [
              2139.7040507845595,
              6387.294161814269
            ],
            [
              2178.590033266293,
              6378.118817633185
            ],
            [
              2195.629958174019,
              6372.875763815424
            ],
            [
              2202.1837754462213,
              6368.943473452103
            ],
            [
              2204.8053023551024,
              6365.448104240261
            ],
            [
              2206.1160658095428,
              6361.51581387694
            ],
            [
              2205.2422235065824,
              6355.835838907698
            ],
            [
              2203.0576177491816,
              6353.651233150298
            ],
            [
              2198.68840623438,
              6351.466627392896
            ],
            [
              2191.6976678106976,
              6349.282021635496
            ],
            [
              2170.2885313881707,
              6347.0974158780955
            ],
            [
              2156.3070545408054,
              6344.0389678177335
            ],
            [
              2147.5686315112025,
              6343.1651255147735
            ],
            [
              2139.7040507845595,
              6343.602046666254
            ],
            [
              2135.7717604212385,
              6344.912810120694
            ],
            [
              2132.276391209397,
              6347.0974158780955
            ],
            [
              2125.285652785715,
              6354.961996604738
            ],
            [
              2122.2272047253537,
              6360.205050422499
            ],
            [
              2119.1687566649925,
              6371.565000360984
            ],
            [
              2119.1687566649925,
              6376.808054178745
            ],
            [
              2120.9164412709133,
              6382.488029147987
            ],
            [
              2123.537968179794,
              6387.294161814269
            ],
            [
              2127.033337391635,
              6391.22645217759
            ],
            [
              2139.7040507845595,
              6387.294161814269
            ]
          ]
        ]
      },
      "properties": {
        "annotation_id": "efa1846b-2ba0-4811-806d-2f533a71be32",
        "label": "GP5",
        "probabilities": null,
        "tags": []
      }
    },
    {
      "type": "Feature",
      "geometry": {
        "type": "Polygon",
        "coordinates": [
          [
            [
              1382.491440315303,
              6967.658771751402
            ],
            [
              1410.0174728585525,
              6970.280298660284
            ],
            [
              1437.5435054018021,
              6940.5696603596325
            ],
            [
              1437.5435054018021,
              6933.14200078447
            ],
            [
              1389.4821787389853,
              6864.545380002086
            ],
            [
              1343.6054578335695,
              6833.087057095516
            ],
            [
              1313.8948195329192,
              6826.533239823314
            ],
            [
              1304.719475351836,
              6820.85326485407
            ],
            [
              1299.039500382594,
              6802.939497643386
            ],
            [
              1304.2825542003561,
              6781.530361220858
            ],
            [
              1309.0886868666375,
              6774.9765439486555
            ],
            [
              1330.0609021376847,
              6776.287307403096
            ],
            [
              1415.6974478277946,
              6828.717845580714
            ],
            [
              1436.2327419473615,
              6846.631612791401
            ],
            [
              1462.4480110361708,
              6859.3023261843255
            ],
            [
              1484.7309897616585,
              6863.2346165476465
            ],
            [
              1494.3432550942218,
              6850.126982003241
            ],
            [
              1493.9063339427416,
              6829.591687883674
            ],
            [
              1485.604832064619,
              6814.736368733349
            ],
            [
              1473.3710398231747,
              6804.687182249307
            ],
            [
              1469.4387494598532,
              6791.142626553421
            ],
            [
              1440.165032310683,
              6768.859647827933
            ],
            [
              1417.0082112822352,
              6759.2473824953695
            ],
            [
              1395.1621537082274,
              6741.333615284684
            ],
            [
              1356.7130923779741,
              6735.653640315442
            ],
            [
              1332.6824290465656,
              6711.186055832553
            ],
            [
              1313.457898381439,
              6706.379923166271
            ],
            [
              1291.1749196559515,
              6717.739873104756
            ],
            [
              1288.5533927470703,
              6731.72134995212
            ],
            [
              1291.6118408074317,
              6758.810461343889
            ],
            [
              1280.2518908689476,
              6792.453390007861
            ],
            [
              1272.8242312937848,
              6795.511838068223
            ],
            [
              1266.7073351730628,
              6776.724228554576
            ],
            [
              1273.2611524452655,
              6743.955142193565
            ],
            [
              1271.5134678393447,
              6733.032113406561
            ],
            [
              1229.56903729725,
              6699.82610589407
            ],
            [
              1208.1599008747226,
              6698.078421288149
            ],
            [
              1197.6737932391989,
              6711.186055832553
            ],
            [
              1188.0615279066355,
              6713.807582741435
            ],
            [
              1168.8369972415092,
              6699.82610589407
            ],
            [
              1146.1170973645412,
              6691.087682864466
            ],
            [
              1121.6495128816528,
              6689.776919410026
            ],
            [
              1112.037247549089,
              6695.019973227787
            ],
            [
              1105.9203514283672,
              6707.253765469232
            ],
            [
              1106.7941937313274,
              6717.302951953275
            ],
            [
              1122.5233551846131,
              6735.216719163961
            ],
            [
              1137.3786743349378,
              6737.401324921362
            ],
            [
              1146.9909396675016,
              6743.955142193565
            ],
            [
              1153.5447569397038,
              6757.062776737968
            ],
            [
              1136.941753183458,
              6756.625855586489
            ],
            [
              1111.163405246129,
              6744.828984496526
            ],
            [
              1088.4435053691611,
              6747.013590253926
            ],
            [
              1081.452766945479,
              6752.693565223168
            ],
            [
              1077.0835554306773,
              6767.548884373493
            ],
            [
              1078.3943188851174,
              6779.782676614937
            ],
            [
              1083.6373727028795,
              6787.6472573415795
            ],
            [
              1120.7756705786924,
              6810.3671572185485
            ],
            [
              1129.5140936082953,
              6809.056393764107
            ],
            [
              1146.1170973645412,
              6797.259522674142
            ],
            [
              1156.1662838485847,
              6797.696443825624
            ],
            [
              1164.9047068781877,
              6836.582426307356
            ],
            [
              1178.4492625740725,
              6855.370035821003
            ],
            [
              1210.3445066321233,
              6858.865405032844
            ],
            [
              1237.870539175373,
              6854.496193518043
            ],
            [
              1266.2704140215828,
              6856.680799275444
            ],
            [
              1293.3595254133522,
              6868.477670365408
            ],
            [
              1382.491440315303,
              6962.41571793364
            ],
            [
              1397.346759465628,
              6970.717219811763
            ],
            [
              1382.491440315303,
              6967.658771751402
            ]
          ]
        ]
      },
      "properties": {
        "annotation_id": "f23626d7-4ee4-4e94-863e-3bb739d8c757",
        "label": "GP4",
        "probabilities": null,
        "tags": []
      }
    },
    {
      "type": "Feature",
      "geometry": {
        "type": "Polygon",
        "coordinates": [
          [
            [
              3367.0050330704717,
              20342.123216824675
            ],
            [
              3362.067358438651,
              20346.567123993314
            ],
            [
              3371.448940239111,
              20339.654379508764
            ],
            [
              3387.2494990609393,
              20302.621819770102
            ],
            [
              3398.1123832509466,
              20291.265168116915
            ],
            [
              3414.9004769991393,
              20267.56432988417
            ],
            [
              3418.356849241414,
              20264.107957641896
            ],
            [
              3427.7384310418747,
              20260.15781793644
            ],
            [
              3448.476664495525,
              20258.676515546893
            ],
            [
              3455.883176443256,
              20252.257538525526
            ],
            [
              3458.352013759167,
              20243.863491651427
            ],
            [
              3457.858246295985,
              20227.569165366418
            ],
            [
              3449.464199421889,
              20210.28730415504
            ],
            [
              3442.0576874741564,
              20202.38702474413
            ],
            [
              3429.2197334314214,
              20200.905722354582
            ],
            [
              3419.344384167779,
              20202.88079220731
            ],
            [
              3396.137313398218,
              20215.718746250048
            ],
            [
              3382.311824429118,
              20227.075397903238
            ],
            [
              3374.905312481386,
              20240.407119409156
            ],
            [
              3372.930242628657,
              20249.788701209614
            ],
            [
              3369.967637849565,
              20239.41958448279
            ],
            [
              3363.5486608281967,
              20228.556700292786
            ],
            [
              3342.316659911365,
              20212.262374007772
            ],
            [
              3320.097124068169,
              20207.324699375953
            ],
            [
              3310.221774804526,
              20206.83093191277
            ],
            [
              3301.82772793043,
              20210.781071618225
            ],
            [
              3298.371355688155,
              20215.224978786864
            ],
            [
              3293.433681056333,
              20226.581630440054
            ],
            [
              3287.0147040349657,
              20255.220143304618
            ],
            [
              3287.0147040349657,
              20273.489539442355
            ],
            [
              3290.4710762772406,
              20291.265168116915
            ],
            [
              3300.8401930040654,
              20311.509634107384
            ],
            [
              3314.6656819731656,
              20317.92861112875
            ],
            [
              3328.4911709422654,
              20321.384983371023
            ],
            [
              3335.4039154268153,
              20318.42237859193
            ],
            [
              3341.3291249850004,
              20310.522099181017
            ],
            [
              3345.2792646904572,
              20286.821260948273
            ],
            [
              3345.77303215364,
              20322.86628576057
            ],
            [
              3343.304194837729,
              20341.62944936149
            ],
            [
              3345.77303215364,
              20348.048426382862
            ],
            [
              3352.192009175008,
              20352.98610101468
            ],
            [
              3367.0050330704717,
              20342.123216824675
            ]
          ]
        ]
      },
      "properties": {
        "annotation_id": "f2b15727-96f6-4b40-a919-92e7d6b9f7a0",
        "label": "GP5",
        "probabilities": null,
        "tags": []
      }
    },
    {
      "type": "Feature",
      "geometry": {
        "type": "Polygon",
        "coordinates": [
          [
            [
              3656.2451056149616,
              19224.79307585022
            ],
            [
              3649.432507889825,
              19220.109414914186
            ],
            [
              3670.721875780875,
              19235.011972437922
            ],
            [
              3683.9212838733256,
              19253.320828824224
            ],
            [
              3695.8433298923137,
              19262.262363338465
            ],
            [
              3705.2106517643756,
              19261.836575980644
            ],
            [
              3717.9842724990053,
              19247.35980581473
            ],
            [
              3721.8163587193944,
              19223.515713776753
            ],
            [
              3717.1326977833633,
              19213.72260454687
            ],
            [
              3681.792347084221,
              19194.136386087106
            ],
            [
              3649.0067205320042,
              19171.995443480413
            ],
            [
              3641.3425480912265,
              19163.905483681814
            ],
            [
              3635.8073124395532,
              19151.557650305007
            ],
            [
              3634.955737723911,
              19135.37773070781
            ],
            [
              3637.510461870838,
              19127.28777090921
            ],
            [
              3643.0456975225106,
              19123.455684688823
            ],
            [
              3660.9287665509923,
              19123.88147204664
            ],
            [
              3666.464002202665,
              19118.77202375279
            ],
            [
              3671.147663138696,
              19107.27576509162
            ],
            [
              3674.553962001264,
              19073.638563823763
            ],
            [
              3673.276599927801,
              19042.981874060653
            ],
            [
              3662.631915982276,
              19025.098805032172
            ],
            [
              3655.3935308993196,
              19019.137782022677
            ],
            [
              3640.0651860177636,
              19016.583057875752
            ],
            [
              3633.2525882926275,
              19017.008845233573
            ],
            [
              3624.7368411362077,
              19021.692506169602
            ],
            [
              3620.4789675579977,
              19025.950379747814
            ],
            [
              3618.775818126714,
              19052.774983290536
            ],
            [
              3615.3695192641458,
              19061.716517804776
            ],
            [
              3597.486450235664,
              19083.005885695828
            ],
            [
              3580.4549559228244,
              19090.670058136602
            ],
            [
              3568.9586972616576,
              19087.689546631857
            ],
            [
              3542.5598810767556,
              19063.84545459388
            ],
            [
              3519.567363754422,
              19050.64604650143
            ],
            [
              3511.9031913136446,
              19047.665534996682
            ],
            [
              3499.9811452946565,
              19048.942897070145
            ],
            [
              3493.5943349273416,
              19067.67754081427
            ],
            [
              3500.8327200102985,
              19091.94742021007
            ],
            [
              3508.0711050932555,
              19102.16631679777
            ],
            [
              3516.5868522496753,
              19111.107851312012
            ],
            [
              3533.618346562515,
              19121.326747899715
            ],
            [
              3563.8492489678056,
              19125.584621477927
            ],
            [
              3582.1581053541086,
              19133.674581276526
            ],
            [
              3611.5374330437567,
              19171.14386876477
            ],
            [
              3630.6978641457017,
              19206.484219463913
            ],
            [
              3651.56144467893,
              19229.050949428427
            ],
            [
              3659.225617119708,
              19233.73461036446
            ],
            [
              3667.741364276128,
              19235.011972437922
            ],
            [
              3656.2451056149616,
              19224.79307585022
            ]
          ]
        ]
      },
      "properties": {
        "annotation_id": "f457dae3-1865-42c5-8fe1-87d1812298bb",
        "label": "GP5",
        "probabilities": null,
        "tags": []
      }
    },
    {
      "type": "Feature",
      "geometry": {
        "type": "Polygon",
        "coordinates": [
          [
            [
              1410.2132048588705,
              4982.4863362582455
            ],
            [
              1407.6647472521597,
              4980.447570172877
            ],
            [
              1408.6841302948442,
              4976.879729523481
            ],
            [
              1415.8198115936343,
              4968.724665182007
            ],
            [
              1412.2519709442395,
              4967.705282139323
            ],
            [
              1396.4515337826329,
              4971.273122788718
            ],
            [
              1382.1801711850528,
              4977.389421044823
            ],
            [
              1369.9475746728413,
              4990.131709078378
            ],
            [
              1354.1471375112346,
              5003.383688633273
            ],
            [
              1347.0114562124445,
              5014.087210581458
            ],
            [
              1343.9533070843918,
              5023.261657965617
            ],
            [
              1339.3660833923125,
              5042.120244255277
            ],
            [
              1337.837008828286,
              5053.843149246145
            ],
            [
              1338.346700349628,
              5060.469139023593
            ],
            [
              1349.5599138191553,
              5079.327725313253
            ],
            [
              1363.8312764167354,
              5093.0893963894905
            ],
            [
              1373.515415322236,
              5098.696003124254
            ],
            [
              1384.2189372704213,
              5097.67662008157
            ],
            [
              1404.606598124107,
              5089.0118642187535
            ],
            [
              1414.2907370296077,
              5082.3858744413055
            ],
            [
              1420.9167268070557,
              5071.682352493121
            ],
            [
              1430.0911741912143,
              5050.275308596751
            ],
            [
              1432.6396317979252,
              5038.552403605881
            ],
            [
              1433.6590148406094,
              5025.810115572327
            ],
            [
              1431.1105572338986,
              5015.106593624142
            ],
            [
              1425.503950499135,
              5004.403071675957
            ],
            [
              1424.4845674564506,
              4998.286773419851
            ],
            [
              1424.994258977793,
              4989.112326035693
            ],
            [
              1416.8391946363186,
              4975.8603464807975
            ],
            [
              1419.3876522430292,
              4972.802197352743
            ],
            [
              1410.2132048588705,
              4982.4863362582455
            ]
          ]
        ]
      },
      "properties": {
        "annotation_id": "f4a18978-d24b-42e3-a21b-1a5f582ab41b",
        "label": "GP3",
        "probabilities": null,
        "tags": []
      }
    },
    {
      "type": "Feature",
      "geometry": {
        "type": "Polygon",
        "coordinates": [
          [
            [
              1787.2591849371995,
              6368.708047384482
            ],
            [
              1784.9795113874638,
              6368.38237973452
            ],
            [
              1783.351173137653,
              6369.685050334368
            ],
            [
              1787.2591849371995,
              6372.616059184028
            ],
            [
              1797.6805497359899,
              6374.895732733764
            ],
            [
              1806.7992439349318,
              6375.221400383725
            ],
            [
              1811.3585910344025,
              6374.24439743384
            ],
            [
              1816.5692734337981,
              6371.31338858418
            ],
            [
              1820.4772852333447,
              6365.45137088486
            ],
            [
              1824.7109646828533,
              6356.65834433588
            ],
            [
              1827.9676411824753,
              6348.842320736787
            ],
            [
              1831.2243176820973,
              6336.466950038223
            ],
            [
              1831.5499853320596,
              6324.417246989621
            ],
            [
              1828.2933088324376,
              6316.275555740566
            ],
            [
              1822.4312911331178,
              6308.459532141474
            ],
            [
              1815.9179381338736,
              6301.620511492267
            ],
            [
              1809.4045851346293,
              6296.735496742835
            ],
            [
              1800.2858909356876,
              6293.804487893174
            ],
            [
              1788.5618555370481,
              6293.804487893174
            ],
            [
              1786.2821819873127,
              6294.455823193099
            ],
            [
              1781.3971672378798,
              6298.363834992645
            ],
            [
              1771.3014700890512,
              6312.36754394102
            ],
            [
              1766.416455339618,
              6322.463241089848
            ],
            [
              1764.136781789883,
              6329.302261739055
            ],
            [
              1760.8801052902604,
              6345.911311887127
            ],
            [
              1760.2287699903363,
              6355.355673736031
            ],
            [
              1760.8801052902604,
              6364.148700285012
            ],
            [
              1764.136781789883,
              6370.010717984331
            ],
            [
              1770.3244671391644,
              6372.616059184028
            ],
            [
              1774.232478938711,
              6372.941726833991
            ],
            [
              1787.2591849371995,
              6368.708047384482
            ]
          ]
        ]
      },
      "properties": {
        "annotation_id": "f4e090cc-21ae-4a36-bb32-a584429a8da5",
        "label": "GP4",
        "probabilities": null,
        "tags": []
      }
    },
    {
      "type": "Feature",
      "geometry": {
        "type": "Polygon",
        "coordinates": [
          [
            [
              1508.4554848043858,
              3375.418220319586
            ],
            [
              1504.559249714175,
              3378.535208391754
            ],
            [
              1539.6253655260743,
              3373.080479265459
            ],
            [
              1556.7687999230027,
              3373.080479265459
            ],
            [
              1566.1197641395095,
              3378.535208391754
            ],
            [
              1568.4575051936363,
              3401.133371914978
            ],
            [
              1567.6782581755938,
              3445.5504519433844
            ],
            [
              1571.5744932658047,
              3455.6806631779327
            ],
            [
              1586.3801866086067,
              3465.0316273944395
            ],
            [
              1591.05566871686,
              3464.252380376398
            ],
            [
              1600.4066329333666,
              3456.4599101959748
            ],
            [
              1609.7575971498732,
              3443.2127108892573
            ],
            [
              1617.550067330295,
              3423.7315354382035
            ],
            [
              1616.7708203122531,
              3418.276806311907
            ],
            [
              1606.6406090777043,
              3397.237136824767
            ],
            [
              1595.7311508251134,
              3386.3276785721764
            ],
            [
              1593.3934097709869,
              3381.652196463923
            ],
            [
              1588.7179276627335,
              3355.1577978504884
            ],
            [
              1587.9386806446912,
              3339.572857489645
            ],
            [
              1572.3537402838472,
              3311.5199648401244
            ],
            [
              1540.4046125441164,
              3280.350084118437
            ],
            [
              1530.274401309568,
              3273.3368609560557
            ],
            [
              1517.8064490208926,
              3270.2198728838885
            ],
            [
              1511.572472876555,
              3271.7783669199716
            ],
            [
              1502.2215086600481,
              3281.9085781545205
            ],
            [
              1491.3120504074575,
              3302.9482476416597
            ],
            [
              1487.4158153172461,
              3313.857705894251
            ],
            [
              1481.1818391729084,
              3357.495538904614
            ],
            [
              1481.1818391729084,
              3369.1842441752488
            ],
            [
              1483.5195802270352,
              3378.535208391754
            ],
            [
              1489.753556371373,
              3384.7691845360923
            ],
            [
              1508.4554848043858,
              3375.418220319586
            ]
          ]
        ]
      },
      "properties": {
        "annotation_id": "f4eef642-3972-48af-b30d-6ed40910e2aa",
        "label": "GP4",
        "probabilities": null,
        "tags": []
      }
    },
    {
      "type": "Feature",
      "geometry": {
        "type": "Polygon",
        "coordinates": [
          [
            [
              1528.8101598273038,
              2701.686469617768
            ],
            [
              1525.6674878047645,
              2701.686469617768
            ],
            [
              1526.715045145611,
              2704.8291416403085
            ],
            [
              1530.9052745089964,
              2706.4004776515776
            ],
            [
              1541.3808479174602,
              2705.352920310731
            ],
            [
              1574.3789041541206,
              2688.068224186766
            ],
            [
              1589.0447069259699,
              2671.831085403648
            ],
            [
              1597.4251656527406,
              2653.498831938836
            ],
            [
              1604.758067038665,
              2646.689709223334
            ],
            [
              1608.9482964020506,
              2638.833029166987
            ],
            [
              1607.9007390612041,
              2630.976349110639
            ],
            [
              1589.0447069259699,
              2618.4056610204825
            ],
            [
              1579.0929121879292,
              2606.882530271173
            ],
            [
              1559.7131013822716,
              2604.2636369190564
            ],
            [
              1563.9033307456568,
              2587.502719465514
            ],
            [
              1561.8082160639642,
              2562.3613432852026
            ],
            [
              1569.1411174498887,
              2530.934623059811
            ],
            [
              1560.7606587231178,
              2517.8401562992312
            ],
            [
              1553.9515360076166,
              2514.6974842766926
            ],
            [
              1539.8095119061904,
              2520.459049651348
            ],
            [
              1530.3814958385733,
              2529.8870657189645
            ],
            [
              1509.954127692069,
              2562.3613432852026
            ],
            [
              1496.3358822610662,
              2577.550924727475
            ],
            [
              1492.6694315681043,
              2579.1222607387435
            ],
            [
              1482.1938581596405,
              2562.8851219556254
            ],
            [
              1463.8616046948289,
              2555.0284418992774
            ],
            [
              1455.481145968058,
              2554.504663228855
            ],
            [
              1431.3873271285916,
              2566.5515726485883
            ],
            [
              1423.0068684018208,
              2572.313138023242
            ],
            [
              1415.150188345473,
              2582.7887114317064
            ],
            [
              1403.6270575961628,
              2612.644095645828
            ],
            [
              1402.5795002553166,
              2633.071463792332
            ],
            [
              1404.6746149370094,
              2641.9757011895263
            ],
            [
              1418.292860368012,
              2658.736618643068
            ],
            [
              1432.434884469438,
              2666.0695200289924
            ],
            [
              1453.9098099567886,
              2668.6884133811077
            ],
            [
              1478.5274074666781,
              2646.1659305529115
            ],
            [
              1498.9547756131822,
              2631.5001277810616
            ],
            [
              1511.0016850329152,
              2651.403717257143
            ],
            [
              1517.2870290779938,
              2682.8304374825348
            ],
            [
              1526.715045145611,
              2699.0675762656533
            ],
            [
              1530.9052745089964,
              2701.686469617768
            ],
            [
              1528.8101598273038,
              2701.686469617768
            ]
          ]
        ]
      },
      "properties": {
        "annotation_id": "f5652298-252c-40ae-9da4-e75a3ec5c6d9",
        "label": "GP3",
        "probabilities": null,
        "tags": []
      }
    },
    {
      "type": "Feature",
      "geometry": {
        "type": "Polygon",
        "coordinates": [
          [
            [
              3277.1510303670807,
              21776.462063554678
            ],
            [
              3269.4821423261938,
              21738.568734411474
            ],
            [
              3236.551034856503,
              21739.92206759516
            ],
            [
              3210.386593305242,
              21767.439842330106
            ],
            [
              3200.011038896983,
              21808.039837840686
            ],
            [
              3172.944375223264,
              21808.490948901912
            ],
            [
              3098.9621611817665,
              21849.09094441249
            ],
            [
              3082.2710519163065,
              21870.744275351466
            ],
            [
              3070.993275385591,
              21905.479827066072
            ],
            [
              3074.6021638754196,
              21955.10204380122
            ],
            [
              3083.6243850999927,
              21964.124265025795
            ],
            [
              3094.902161630709,
              21962.770931842108
            ],
            [
              3158.5088212639475,
              21917.659825719245
            ],
            [
              3163.0199318762343,
              21941.568711964363
            ],
            [
              3154.8999327741185,
              22001.115372046545
            ],
            [
              3179.711041141694,
              22103.968694006675
            ],
            [
              3234.746590611588,
              22223.062014171035
            ],
            [
              3290.68436220394,
              22242.00867874264
            ],
            [
              3317.751025877659,
              22217.648681436294
            ],
            [
              3358.351021388237,
              22198.70201686469
            ],
            [
              3360.1554656331514,
              22240.655345558953
            ],
            [
              3347.5243559187493,
              22279.902007885845
            ],
            [
              3357.4487992657796,
              22301.555338824823
            ],
            [
              3384.9665740007267,
              22322.757558702568
            ],
            [
              3401.6576832661863,
              22319.148670212737
            ],
            [
              3422.859903143933,
              22298.39756139622
            ],
            [
              3437.295457103249,
              22255.090899518273
            ],
            [
              3430.9799022460484,
              22237.49756813035
            ],
            [
              3407.9732381233875,
              22224.415347354723
            ],
            [
              3382.259907633355,
              22191.0331288238
            ],
            [
              3375.4932417149253,
              22153.139799680597
            ],
            [
              3393.086573102842,
              22124.268691761965
            ],
            [
              3435.4910128583347,
              22087.728695802445
            ],
            [
              3462.1065654708245,
              22038.55759012852
            ],
            [
              3478.3465636750557,
              22039.459812250978
            ],
            [
              3498.646561430345,
              22082.3153630677
            ],
            [
              3502.255449920174,
              22115.697581598622
            ],
            [
              3487.3687848996287,
              22172.0864642522
            ],
            [
              3480.15100791997,
              22266.819787110217
            ],
            [
              3494.1354508180584,
              22280.804230008303
            ],
            [
              3523.9087808591485,
              22271.782008783728
            ],
            [
              3541.502112247066,
              22258.6997880081
            ],
            [
              3550.0732224104104,
              22235.24201282421
            ],
            [
              3549.622111349182,
              22191.0331288238
            ],
            [
              3534.2843352674076,
              22146.824244823394
            ],
            [
              3536.088779512322,
              22105.32202719036
            ],
            [
              3551.877666655325,
              22067.428698047155
            ],
            [
              3580.2976635127293,
              22059.759810006268
            ],
            [
              3601.048772329247,
              22042.16647861835
            ],
            [
              3602.8532165741617,
              22027.279813597805
            ],
            [
              3536.539890573551,
              21961.417598658423
            ],
            [
              3524.359891920378,
              21960.966487597194
            ],
            [
              3493.233228695601,
              21983.973151719856
            ],
            [
              3474.2865641239982,
              21983.070929597397
            ],
            [
              3468.873231389254,
              21972.244264127912
            ],
            [
              3472.9332309403126,
              21945.62871151542
            ],
            [
              3519.3976702468626,
              21894.202050535354
            ],
            [
              3544.208778614438,
              21886.533162494467
            ],
            [
              3572.6287754718423,
              21894.653161596583
            ],
            [
              3601.4998833904756,
              21923.524269515216
            ],
            [
              3647.9643226970256,
              21913.599826168185
            ],
            [
              3665.106543023714,
              21916.306492535557
            ],
            [
              3703.450983228149,
              21954.199821678765
            ],
            [
              3727.3598694732673,
              21955.553154862453
            ],
            [
              3768.8620871063026,
              21928.035380127505
            ],
            [
              3772.92208665736,
              21891.044273106756
            ],
            [
              3758.0354216368146,
              21876.60871914744
            ],
            [
              3700.7443168607774,
              21861.722054126894
            ],
            [
              3699.3909836770918,
              21838.715390004232
            ],
            [
              3711.5709823302645,
              21800.3709497998
            ],
            [
              3696.6843173097195,
              21781.424285228193
            ],
            [
              3671.873208942144,
              21769.69539763625
            ],
            [
              3638.0398793499958,
              21773.75539718731
            ],
            [
              3569.0198869820133,
              21822.475391800002
            ],
            [
              3548.268778165496,
              21843.226500616518
            ],
            [
              3535.186557389865,
              21873.45094171884
            ],
            [
              3496.3910061242013,
              21830.595390902115
            ],
            [
              3453.9865663687096,
              21822.926502861228
            ],
            [
              3426.468791633762,
              21831.9487240858
            ],
            [
              3364.6665762454377,
              21874.804274902526
            ],
            [
              3327.6754692246886,
              21915.404270413102
            ],
            [
              3321.8110254287167,
              21960.51537653597
            ],
            [
              3332.6376908982043,
              22022.76870298552
            ],
            [
              3329.479913469603,
              22071.93980865944
            ],
            [
              3297.9021391835986,
              22147.726466945853
            ],
            [
              3292.9399175100834,
              22150.884244374454
            ],
            [
              3286.173251591654,
              22137.802023598822
            ],
            [
              3270.83547550988,
              22131.035357680394
            ],
            [
              3264.519920652679,
              22145.019800578484
            ],
            [
              3255.0465883668776,
              22147.275355884623
            ],
            [
              3216.7021481624424,
              22123.817580700736
            ],
            [
              3216.251037101214,
              22099.90869445562
            ],
            [
              3224.3710362033294,
              22079.1575856391
            ],
            [
              3263.166587468993,
              22111.637582047562
            ],
            [
              3282.113252040596,
              22108.93091568019
            ],
            [
              3292.037695387626,
              22006.97981584252
            ],
            [
              3286.173251591654,
              21964.124265025795
            ],
            [
              3269.933253387422,
              21945.177600454193
            ],
            [
              3269.4821423261938,
              21915.85538147433
            ],
            [
              3279.406585673224,
              21896.90871690273
            ],
            [
              3322.713247551174,
              21872.54871959638
            ],
            [
              3342.562134245234,
              21848.188722290033
            ],
            [
              3346.1710227350636,
              21831.9487240858
            ],
            [
              3321.3599143674883,
              21800.3709497998
            ],
            [
              3268.5799202037365,
              21813.904281636656
            ],
            [
              3241.5132565300178,
              21816.159836942803
            ],
            [
              3233.3932574279024,
              21810.29539314683
            ],
            [
              3277.1510303670807,
              21776.462063554678
            ]
          ]
        ]
      },
      "properties": {
        "annotation_id": "f5e19bed-68b0-4213-ab87-c8a28d4d82a2",
        "label": "GP4",
        "probabilities": null,
        "tags": []
      }
    },
    {
      "type": "Feature",
      "geometry": {
        "type": "Polygon",
        "coordinates": [
          [
            [
              3946.831949510054,
              22262.598343636488
            ],
            [
              3942.739042300688,
              22264.64479724117
            ],
            [
              3960.1338979404877,
              22278.560681753006
            ],
            [
              3977.1603919314434,
              22299.843799241702
            ],
            [
              3987.269872738573,
              22304.10042273944
            ],
            [
              3999.5076652945727,
              22300.907955116138
            ],
            [
              4009.085068164485,
              22281.753149376313
            ],
            [
              4019.1945489716145,
              22271.111590631965
            ],
            [
              4016.5341592855284,
              22248.764317268833
            ],
            [
              4004.8284446667462,
              22213.64717341249
            ],
            [
              4017.598315159963,
              22223.224576282402
            ],
            [
              4026.643640092658,
              22226.417043905705
            ],
            [
              4034.0927312137014,
              22224.288732156834
            ],
            [
              4039.413510585875,
              22210.986783726403
            ],
            [
              4041.541822334744,
              22176.401717807275
            ],
            [
              4034.6248091509187,
              22152.990288569712
            ],
            [
              4026.1115621554404,
              22140.752496013713
            ],
            [
              3997.9114314829203,
              22124.258079959975
            ],
            [
              3996.315197671269,
              22121.065612336668
            ],
            [
              4000.03974323179,
              22102.97496247128
            ],
            [
              3996.8472756084857,
              22063.601195117193
            ],
            [
              3993.6548079851814,
              22053.491714310065
            ],
            [
              3982.481171303617,
              22046.574701126236
            ],
            [
              3953.216884756662,
              22038.06145413076
            ],
            [
              3929.273377581881,
              22037.529376193543
            ],
            [
              3902.669480721013,
              22044.978467314584
            ],
            [
              3865.9561030530144,
              22060.940805431106
            ],
            [
              3852.1220766853626,
              22072.11444211267
            ],
            [
              3834.5635047571905,
              22091.801325789715
            ],
            [
              3828.710647447799,
              22106.699508031797
            ],
            [
              3832.4351930083203,
              22110.95613152954
            ],
            [
              3865.424025115797,
              22114.148599152843
            ],
            [
              3879.258051483449,
              22109.359897717888
            ],
            [
              3925.548832021359,
              22081.691844982583
            ],
            [
              3942.5753260123147,
              22084.35223466867
            ],
            [
              3952.1527288822276,
              22090.205091978063
            ],
            [
              3954.2810406310964,
              22105.10327422015
            ],
            [
              3959.6018200032704,
              22117.873144713365
            ],
            [
              3952.1527288822276,
              22148.201587134754
            ],
            [
              3955.877274442749,
              22195.5565235471
            ],
            [
              3948.4281833217055,
              22204.069770542577
            ],
            [
              3937.7866245773585,
              22205.66600435423
            ],
            [
              3933.5300010796195,
              22212.583017538054
            ],
            [
              3939.914936326228,
              22253.55301870379
            ],
            [
              3946.831949510054,
              22262.598343636488
            ]
          ]
        ]
      },
      "properties": {
        "annotation_id": "f94eb7aa-b957-42e2-97d4-f018c04ca9fb",
        "label": "GP4",
        "probabilities": null,
        "tags": []
      }
    },
    {
      "type": "Feature",
      "geometry": {
        "type": "Polygon",
        "coordinates": [
          [
            [
              3930.877951409502,
              19219.257840198545
            ],
            [
              3968.7730262555706,
              19212.445242473408
            ],
            [
              4011.7775493954914,
              19194.136386087106
            ],
            [
              4021.144871267553,
              19186.472213646328
            ],
            [
              4022.4222333410157,
              19170.71808140695
            ],
            [
              4006.242313743818,
              19154.538161809753
            ],
            [
              3980.6950722745587,
              19141.764541075125
            ],
            [
              3959.405704383509,
              19137.080880139092
            ],
            [
              3915.123819170126,
              19133.248793918705
            ],
            [
              3882.7639799757303,
              19137.080880139092
            ],
            [
              3852.9588649282605,
              19147.725564084616
            ],
            [
              3810.3801291461614,
              19155.389736525394
            ],
            [
              3791.6454854020376,
              19166.034420470918
            ],
            [
              3782.2781635299752,
              19175.401742342983
            ],
            [
              3772.4850543000925,
              19194.562173444927
            ],
            [
              3767.3756060062406,
              19218.406265482903
            ],
            [
              3765.6724565749564,
              19262.688150696285
            ],
            [
              3770.781904868809,
              19307.821610625313
            ],
            [
              3796.3291463380683,
              19357.212944132545
            ],
            [
              3801.43859463192,
              19373.392863729743
            ],
            [
              3815.489577440013,
              19394.256444262974
            ],
            [
              3847.4236292765877,
              19400.217467272465
            ],
            [
              3871.267721314563,
              19394.682231620794
            ],
            [
              3890.428152416508,
              19393.83065690515
            ],
            [
              3895.9633880681813,
              19390.424358042583
            ],
            [
              3892.1313018477917,
              19361.896605068578
            ],
            [
              3878.5061063975204,
              19340.181449819705
            ],
            [
              3853.3846522860813,
              19286.53224273426
            ],
            [
              3851.6815028547976,
              19272.481259926168
            ],
            [
              3872.119296030205,
              19235.011972437922
            ],
            [
              3886.170278838298,
              19220.960989629828
            ],
            [
              3924.4911410421873,
              19205.20685739045
            ],
            [
              3959.83149174133,
              19198.820047023135
            ],
            [
              3930.877951409502,
              19219.257840198545
            ]
          ]
        ]
      },
      "properties": {
        "annotation_id": "f99f632a-9542-4f2a-97ae-08e46003a28a",
        "label": "GP4",
        "probabilities": null,
        "tags": []
      }
    },
    {
      "type": "Feature",
      "geometry": {
        "type": "Polygon",
        "coordinates": [
          [
            [
              1686.230673343156,
              9178.863430496658
            ],
            [
              1689.5468641191353,
              9180.521525884647
            ],
            [
              1713.8655964763175,
              9180.521525884647
            ],
            [
              1726.0249626549084,
              9177.758033571332
            ],
            [
              1734.86813805752,
              9169.467556631382
            ],
            [
              1739.2897257588259,
              9161.729778154098
            ],
            [
              1752.5544888627433,
              9130.778664244957
            ],
            [
              1755.8706796387223,
              9117.51390114104
            ],
            [
              1755.3179811760592,
              9103.143741111797
            ],
            [
              1750.3436950120902,
              9093.74786724652
            ],
            [
              1743.7113134601318,
              9084.90469184391
            ],
            [
              1735.420836520183,
              9077.719611829287
            ],
            [
              1725.472264192245,
              9072.745325665317
            ],
            [
              1712.760199550991,
              9070.534531814665
            ],
            [
              1697.2846425964208,
              9071.08723027733
            ],
            [
              1690.0995625817986,
              9072.745325665317
            ],
            [
              1676.8347994778815,
              9077.719611829287
            ],
            [
              1671.3078148512488,
              9081.035802605267
            ],
            [
              1666.33352868728,
              9085.457390306572
            ],
            [
              1661.911940985974,
              9092.089771858531
            ],
            [
              1658.0430517473314,
              9099.827550335816
            ],
            [
              1651.4106701953729,
              9122.488187305009
            ],
            [
              1649.19987634472,
              9146.806919662191
            ],
            [
              1649.19987634472,
              9159.518984303444
            ],
            [
              1651.4106701953729,
              9168.362159706056
            ],
            [
              1656.384956359342,
              9174.994541258016
            ],
            [
              1660.2538455979843,
              9177.205335108669
            ],
            [
              1686.230673343156,
              9178.863430496658
            ]
          ]
        ]
      },
      "properties": {
        "annotation_id": "fb4bf9fe-c894-464f-97f6-3433958cd5b5",
        "label": "GP4",
        "probabilities": null,
        "tags": []
      }
    }
  ],
  "properties": {
    "slide_id": "dfef1319-67a8-4f3b-90eb-d8b298719fb6",
    "filename": "42.tiff",
    "openslide_quickhash1": "f22eee618b360809302c07664d85be10ec437751d0e410d6b05f78fa52d3d4e2",
    "width": 5632,
    "height": 26112,
    "coordinate_space": "slide_pixels_level0",
    "source_project": "PANDA+",
    "label_counts": {
      "Benign": 1,
      "GP3": 68,
      "GP4": 101,
      "GP5": 60
    }
  }
}