{
  "type": "FeatureCollection",
  "features": [
    {
      "type": "Feature",
      "geometry": {
        "type": "Polygon",
        "coordinates": [
          [
            [
              18921.718980516147,
              1684.024578836361
            ],
            [
              18923.383794941314,
              1691.1000401433148
            ],
            [
              18923.383794941314,
              1755.6115991184788
            ],
            [
              18924.63240576019,
              1766.0166892757634
            ],
            [
              18927.129627397935,
              1772.2597433701342
            ],
            [
              18933.7888850986,
              1780.5838154959615
            ],
            [
              18940.03193919297,
              1785.5782587714584
            ],
            [
              18947.939807712504,
              1790.1564984406634
            ],
            [
              18965.004155570452,
              1793.9023308972862
            ],
            [
              18977.906467365483,
              1794.3185345035772
            ],
            [
              18983.317114247275,
              1790.5727020469549
            ],
            [
              18984.56572506615,
              1785.162055165167
            ],
            [
              18984.56572506615,
              1772.2597433701342
            ],
            [
              18983.317114247275,
              1768.5139109135116
            ],
            [
              18973.328227696282,
              1761.4384496065582
            ],
            [
              18965.420359176744,
              1751.0333594492736
            ],
            [
              18963.339341145285,
              1745.6227125674855
            ],
            [
              18957.096287050914,
              1715.2398493082146
            ],
            [
              18953.350454594292,
              1704.418555544639
            ],
            [
              18948.356011318796,
              1696.5106870251025
            ],
            [
              18945.442586074758,
              1688.1866148992747
            ],
            [
              18921.718980516147,
              1684.024578836361
            ]
          ]
        ]
      },
      "properties": {
        "annotation_id": "024d8400-f408-4c69-a7d7-c4223376bd30",
        "label": "GP4",
        "probabilities": null,
        "tags": []
      }
    },
    {
      "type": "Feature",
      "geometry": {
        "type": "Polygon",
        "coordinates": [
          [
            [
              17446.165407376873,
              1401.7783194382748
            ],
            [
              17441.022234689353,
              1402.6859381478366
            ],
            [
              17438.601918130524,
              1406.0138734162306
            ],
            [
              17435.27398286213,
              1421.1408519089289
            ],
            [
              17434.366364152567,
              1422.9560893280523
            ],
            [
              17431.64350802388,
              1424.7713267471763
            ],
            [
              17430.433349744464,
              1429.309420294986
            ],
            [
              17430.433349744464,
              1441.7135426589984
            ],
            [
              17428.61811232534,
              1450.1846506149097
            ],
            [
              17428.315572755488,
              1463.4963916884842
            ],
            [
              17430.735889314317,
              1465.9167082473157
            ],
            [
              17437.391759851107,
              1469.2446435157096
            ],
            [
              17447.980644795996,
              1470.4548017951256
            ],
            [
              17451.30858006439,
              1469.5471830855633
            ],
            [
              17455.8466736122,
              1466.521787387024
            ],
            [
              17457.964450601175,
              1464.1014708281923
            ],
            [
              17459.477148450445,
              1458.9582981406743
            ],
            [
              17459.477148450445,
              1431.1246577141096
            ],
            [
              17460.38476716001,
              1427.191643306008
            ],
            [
              17464.015241998255,
              1421.745931048637
            ],
            [
              17468.25079597621,
              1413.5773626625796
            ],
            [
              17468.855875115918,
              1411.459585673602
            ],
            [
              17468.855875115918,
              1406.0138734162306
            ],
            [
              17446.165407376873,
              1401.7783194382748
            ]
          ]
        ]
      },
      "properties": {
        "annotation_id": "033a866f-2db9-41b7-973b-bd713a7a1257",
        "label": "GP4",
        "probabilities": null,
        "tags": []
      }
    },
    {
      "type": "Feature",
      "geometry": {
        "type": "Polygon",
        "coordinates": [
          [
            [
              17226.513212990278,
              1661.4565543526378
            ],
            [
              17221.18704950369,
              1664.2762879631846
            ],
            [
              17219.30722709666,
              1673.0487925293298
            ],
            [
              17222.44026444171,
              1728.1902498022446
            ],
            [
              17225.57330178676,
              1750.1215112176083
            ],
            [
              17235.599021290927,
              1775.185809978024
            ],
            [
              17244.058222122567,
              1784.8982257476853
            ],
            [
              17260.97662378585,
              1797.1170713933877
            ],
            [
              17270.68903955551,
              1809.9625245081006
            ],
            [
              17277.58172171462,
              1815.2886879946889
            ],
            [
              17281.65467026319,
              1813.4088655876578
            ],
            [
              17287.920744953295,
              1803.6964498179966
            ],
            [
              17296.066642050428,
              1796.177160189872
            ],
            [
              17309.22539889965,
              1795.5505527208616
            ],
            [
              17309.85200636866,
              1819.0483328087516
            ],
            [
              17300.766198068006,
              1850.065402524766
            ],
            [
              17301.39280553702,
              1860.7177294979426
            ],
            [
              17306.4056652891,
              1869.4902340640879
            ],
            [
              17316.74468852777,
              1873.5631826126555
            ],
            [
              17334.289697660064,
              1874.5030938161713
            ],
            [
              17350.581491854333,
              1879.5159535682542
            ],
            [
              17369.066412190143,
              1881.0824722407806
            ],
            [
              17373.452664473214,
              1877.0095236922125
            ],
            [
              17378.152220490792,
              1859.1512108254167
            ],
            [
              17377.83891675629,
              1842.546112896641
            ],
            [
              17364.053552438058,
              1826.2543187023712
            ],
            [
              17307.97218396163,
              1776.1257211815396
            ],
            [
              17297.31985698845,
              1759.833926987269
            ],
            [
              17288.234048687802,
              1738.5292730409155
            ],
            [
              17284.474403873737,
              1708.4521145284168
            ],
            [
              17247.81786693663,
              1675.2419186708664
            ],
            [
              17226.513212990278,
              1661.4565543526378
            ]
          ]
        ]
      },
      "properties": {
        "annotation_id": "035c846b-c3a1-4a37-b87f-53dc87649c9d",
        "label": "GP4",
        "probabilities": null,
        "tags": []
      }
    },
    {
      "type": "Feature",
      "geometry": {
        "type": "Polygon",
        "coordinates": [
          [
            [
              18666.68044319393,
              1217.6213013196632
            ],
            [
              18671.674886469427,
              1248.0041645789338
            ],
            [
              18681.66377302042,
              1271.7277701375426
            ],
            [
              18687.07441990221,
              1298.7810045464823
            ],
            [
              18697.0633064532,
              1323.7532209239653
            ],
            [
              18711.21422906711,
              1401.5832953004538
            ],
            [
              18724.116540862142,
              1427.3879188905198
            ],
            [
              18735.7702418383,
              1466.51105788191
            ],
            [
              18740.764685113798,
              1472.337908369989
            ],
            [
              18763.65588345982,
              1483.9916093461475
            ],
            [
              18816.097537852536,
              1503.5531788418425
            ],
            [
              18843.56697586777,
              1504.3855860544252
            ],
            [
              18861.047527332008,
              1496.0615139285974
            ],
            [
              18876.447060764785,
              1474.0027227951543
            ],
            [
              18877.695671583664,
              1464.4300398504529
            ],
            [
              18861.879934544588,
              1430.7175477408505
            ],
            [
              18859.798916513133,
              1405.3291277570763
            ],
            [
              18850.226233568428,
              1369.1194140097261
            ],
            [
              18838.572532592272,
              1357.4657130335677
            ],
            [
              18811.935501789623,
              1355.3846950021107
            ],
            [
              18801.94661523863,
              1350.8064553329052
            ],
            [
              18791.125321475054,
              1342.898586813369
            ],
            [
              18782.385045742933,
              1329.5800714120446
            ],
            [
              18785.298470986974,
              1302.110633396814
            ],
            [
              18789.87671065618,
              1297.5323937276085
            ],
            [
              18809.02207654558,
              1290.0407288143635
            ],
            [
              18816.929945065123,
              1274.2249917752908
            ],
            [
              18818.178555883995,
              1253.414811460722
            ],
            [
              18812.351705395915,
              1247.5879609726423
            ],
            [
              18798.6169863883,
              1244.6745357286031
            ],
            [
              18774.89338082969,
              1257.576847523636
            ],
            [
              18758.66144018433,
              1258.4092547362186
            ],
            [
              18707.884600216777,
              1211.3782472252924
            ],
            [
              18683.74479105188,
              1193.8976957610544
            ],
            [
              18666.68044319393,
              1217.6213013196632
            ]
          ]
        ]
      },
      "properties": {
        "annotation_id": "03f7d6fc-5d46-4b0f-839f-aa5e39565928",
        "label": "GP4",
        "probabilities": null,
        "tags": []
      }
    },
    {
      "type": "Feature",
      "geometry": {
        "type": "Polygon",
        "coordinates": [
          [
            [
              17286.040922546264,
              1620.413765132457
            ],
            [
              17284.161100139234,
              1629.8128771676127
            ],
            [
              17294.81342711241,
              1669.6024514497726
            ],
            [
              17300.139590599,
              1677.4350448124026
            ],
            [
              17315.178169855248,
              1685.5809419095376
            ],
            [
              17331.783267784023,
              1715.9714041565417
            ],
            [
              17337.109431270612,
              1735.0829319613588
            ],
            [
              17337.422735005115,
              1754.1944597661757
            ],
            [
              17345.255328367748,
              1770.1729502259407
            ],
            [
              17355.90765534092,
              1783.6450108096642
            ],
            [
              17380.032042897823,
              1794.610641517346
            ],
            [
              17399.14357070264,
              1827.8208373748969
            ],
            [
              17409.795897675816,
              1837.8465568790632
            ],
            [
              17416.688579834932,
              1841.2928979586204
            ],
            [
              17427.654210542612,
              1840.9795942241153
            ],
            [
              17457.418065320606,
              1804.9496647560177
            ],
            [
              17466.190569886752,
              1779.5720622610968
            ],
            [
              17467.443784824773,
              1762.3403568633107
            ],
            [
              17459.924495196647,
              1750.1215112176083
            ],
            [
              17449.272168223473,
              1743.542132792999
            ],
            [
              17439.246448719303,
              1744.7953477310198
            ],
            [
              17420.761528383497,
              1756.7008896422174
            ],
            [
              17404.783037923735,
              1758.5807120492484
            ],
            [
              17398.830266968136,
              1749.4949037485976
            ],
            [
              17416.688579834932,
              1725.3705161916976
            ],
            [
              17416.688579834932,
              1715.0314929530261
            ],
            [
              17405.409645392745,
              1697.486483820735
            ],
            [
              17382.538472773864,
              1680.5680821574547
            ],
            [
              17385.35820638441,
              1655.503783397039
            ],
            [
              17385.35820638441,
              1629.8128771676127
            ],
            [
              17382.538472773864,
              1621.980283804983
            ],
            [
              17368.439804721133,
              1606.3150970797228
            ],
            [
              17357.787477747956,
              1601.9288447966505
            ],
            [
              17330.843356580506,
              1600.049022389619
            ],
            [
              17320.504333341836,
              1602.8687560001656
            ],
            [
              17286.040922546264,
              1620.413765132457
            ]
          ]
        ]
      },
      "properties": {
        "annotation_id": "04219afb-a6d6-439c-afe0-249aaa3547c4",
        "label": "GP4",
        "probabilities": null,
        "tags": []
      }
    },
    {
      "type": "Feature",
      "geometry": {
        "type": "Polygon",
        "coordinates": [
          [
            [
              17559.797381791905,
              1345.9659915278892
            ],
            [
              17558.587223512488,
              1348.0837685168667
            ],
            [
              17556.46944652351,
              1354.4370994838005
            ],
            [
              17555.56182781395,
              1363.513286579419
            ],
            [
              17555.56182781395,
              1377.732646362556
            ],
            [
              17557.074525663218,
              1382.2707399103651
            ],
            [
              17559.797381791905,
              1386.2037543184667
            ],
            [
              17564.940554479424,
              1390.4393082964225
            ],
            [
              17574.62182071475,
              1400.4231141016032
            ],
            [
              17577.042137273584,
              1401.9358119508731
            ],
            [
              17581.58023082139,
              1403.448509800143
            ],
            [
              17587.933561788326,
              1403.448509800143
            ],
            [
              17591.866576196426,
              1400.7256536714574
            ],
            [
              17593.076734475842,
              1398.0027975427715
            ],
            [
              17593.379274045696,
              1383.1783586199274
            ],
            [
              17592.774194905985,
              1379.8504233515334
            ],
            [
              17591.26149705672,
              1376.219948513286
            ],
            [
              17583.09292867066,
              1364.4209052889812
            ],
            [
              17559.797381791905,
              1345.9659915278892
            ]
          ]
        ]
      },
      "properties": {
        "annotation_id": "064c72aa-1499-41e3-baea-5ece4fec4b4b",
        "label": "GP4",
        "probabilities": null,
        "tags": []
      }
    },
    {
      "type": "Feature",
      "geometry": {
        "type": "Polygon",
        "coordinates": [
          [
            [
              18723.70033725585,
              1562.2378873289274
            ],
            [
              18720.786912011812,
              1573.0591810925034
            ],
            [
              18720.786912011812,
              1599.696211895152
            ],
            [
              18716.208672342604,
              1616.7605597530985
            ],
            [
              18716.208672342604,
              1630.9114823670054
            ],
            [
              18718.705893980354,
              1647.1434230123696
            ],
            [
              18718.705893980354,
              1677.9424898779318
            ],
            [
              18726.1975588936,
              1707.909149530911
            ],
            [
              18726.613762499892,
              1721.2276649322353
            ],
            [
              18720.786912011812,
              1741.6216416405132
            ],
            [
              18707.46839661049,
              1767.8424688368702
            ],
            [
              18702.89015694128,
              1834.0188422372
            ],
            [
              18706.21978579161,
              1840.2618963315704
            ],
            [
              18712.879043492274,
              1844.0077287881932
            ],
            [
              18736.602649050885,
              1844.0077287881932
            ],
            [
              18744.094313964128,
              1839.0132855126963
            ],
            [
              18754.08320051512,
              1822.3651412610413
            ],
            [
              18773.64477001082,
              1774.085522931241
            ],
            [
              18775.309584435985,
              1746.6160849160094
            ],
            [
              18771.97995558565,
              1730.8003478769372
            ],
            [
              18772.396159191943,
              1704.1633170742887
            ],
            [
              18790.29291426247,
              1628.4142607292572
            ],
            [
              18790.29291426247,
              1576.3888099428343
            ],
            [
              18781.552638530353,
              1560.1568692974704
            ],
            [
              18774.89338082969,
              1553.9138152030996
            ],
            [
              18759.9100510032,
              1548.0869647150205
            ],
            [
              18751.169775271082,
              1547.6707611087288
            ],
            [
              18723.70033725585,
              1562.2378873289274
            ]
          ]
        ]
      },
      "properties": {
        "annotation_id": "07459a80-9911-4eb9-86e3-20925317914f",
        "label": "GP4",
        "probabilities": null,
        "tags": []
      }
    },
    {
      "type": "Feature",
      "geometry": {
        "type": "Polygon",
        "coordinates": [
          [
            [
              18374.8383312465,
              1407.380075046088
            ],
            [
              18369.843887971005,
              1435.6819202739023
            ],
            [
              18357.773983388553,
              1459.8217294388023
            ],
            [
              18350.28231847531,
              1491.036999910656
            ],
            [
              18352.779540113057,
              1521.8360667762183
            ],
            [
              18371.924906002463,
              1554.7161516732376
            ],
            [
              18375.670738459085,
              1579.272164444429
            ],
            [
              18367.346666333255,
              1605.492991640786
            ],
            [
              18366.930462726967,
              1626.7193755616468
            ],
            [
              18329.05593455445,
              1627.1355791679377
            ],
            [
              18329.05593455445,
              1668.7559397970758
            ],
            [
              18338.62861749915,
              1679.9934371669435
            ],
            [
              18357.773983388553,
              1685.8202876550226
            ],
            [
              18359.43879781372,
              1650.4429811202551
            ],
            [
              18367.346666333255,
              1647.5295558762155
            ],
            [
              18375.254534852793,
              1652.107795545421
            ],
            [
              18388.573050254116,
              1669.588347009659
            ],
            [
              18386.07582861637,
              1729.5216663156177
            ],
            [
              18387.740643041536,
              1746.5860141735645
            ],
            [
              18392.735086317032,
              1754.0776790868097
            ],
            [
              18411.880452206435,
              1770.3096197321734
            ],
            [
              18435.604057765042,
              1774.0554521887957
            ],
            [
              18443.51192628458,
              1779.4660990705838
            ],
            [
              18489.29432297663,
              1825.6646993689271
            ],
            [
              18505.110060015704,
              1835.2373823136286
            ],
            [
              18518.428575417027,
              1835.6535859199203
            ],
            [
              18523.006815086235,
              1829.4105318255495
            ],
            [
              18523.839222298815,
              1806.103129873232
            ],
            [
              18519.260982629614,
              1774.4716557950871
            ],
            [
              18534.244312456103,
              1742.4239781106508
            ],
            [
              18536.74153409385,
              1723.2786122212474
            ],
            [
              18517.596168204447,
              1704.1332463318436
            ],
            [
              18509.272096078617,
              1680.8258443795262
            ],
            [
              18508.855892472326,
              1665.0101073404535
            ],
            [
              18523.006815086235,
              1617.5628962232358
            ],
            [
              18525.08783311769,
              1552.2189300354892
            ],
            [
              18517.179964598152,
              1501.0258864616492
            ],
            [
              18514.682742960405,
              1426.5254409354916
            ],
            [
              18496.369784283583,
              1363.6786963854931
            ],
            [
              18486.38089773259,
              1356.6032350785392
            ],
            [
              18466.403124630608,
              1353.6898098345
            ],
            [
              18452.66840562299,
              1354.1060134407912
            ],
            [
              18437.6850757965,
              1360.7652711414532
            ],
            [
              18432.274428914712,
              1367.4245288421155
            ],
            [
              18422.701745970007,
              1409.461093077545
            ],
            [
              18417.707302694515,
              1414.4555363530415
            ],
            [
              18374.8383312465,
              1407.380075046088
            ]
          ]
        ]
      },
      "properties": {
        "annotation_id": "077364f4-1acd-4196-b189-5e43519ef525",
        "label": "GP4",
        "probabilities": null,
        "tags": []
      }
    },
    {
      "type": "Feature",
      "geometry": {
        "type": "Polygon",
        "coordinates": [
          [
            [
              15313.293152861123,
              1349.7913109776891
            ],
            [
              15313.293152861123,
              1367.7602733452022
            ],
            [
              15309.481554783162,
              1386.8182637349882
            ],
            [
              15309.481554783162,
              1402.6091700579539
            ],
            [
              15308.120269755322,
              1409.6878522027314
            ],
            [
              15308.120269755322,
              1426.023272536834
            ],
            [
              15310.57058280544,
              1441.8141788597993
            ],
            [
              15310.842839811005,
              1457.0605711716282
            ],
            [
              15317.921521955783,
              1479.1133886226662
            ],
            [
              15321.188606022606,
              1497.6268650013158
            ],
            [
              15323.911176078289,
              1503.3442621182517
            ],
            [
              15330.989858223065,
              1509.3339162407558
            ],
            [
              15342.424652456939,
              1509.3339162407558
            ],
            [
              15348.41430657944,
              1502.255234095978
            ],
            [
              15350.59236262399,
              1494.3597809344956
            ],
            [
              15353.587189685239,
              1470.945678455615
            ],
            [
              15353.587189685239,
              1458.966370210607
            ],
            [
              15342.424652456939,
              1447.8038329823037
            ],
            [
              15335.345970312159,
              1437.4580667707053
            ],
            [
              15332.895657262045,
              1432.2851836649063
            ],
            [
              15333.167914267613,
              1428.2013285813805
            ],
            [
              15337.25176935114,
              1423.028445475582
            ],
            [
              15352.770418668535,
              1411.8659082472784
            ],
            [
              15362.571670868998,
              1407.5097961581844
            ],
            [
              15368.833581997069,
              1400.7033710189748
            ],
            [
              15372.645180075026,
              1391.7188898352185
            ],
            [
              15372.645180075026,
              1371.0273574120224
            ],
            [
              15370.194867024911,
              1358.503535155877
            ],
            [
              15363.66069889127,
              1347.6132549331426
            ],
            [
              15337.524026356705,
              1335.3616896825656
            ],
            [
              15331.534372234202,
              1334.8171756714287
            ],
            [
              15323.63891907272,
              1338.084259738249
            ],
            [
              15313.293152861123,
              1349.7913109776891
            ]
          ]
        ]
      },
      "properties": {
        "annotation_id": "084b6613-9cb0-4804-ae71-acd9811d32d2",
        "label": "GP4",
        "probabilities": null,
        "tags": []
      }
    },
    {
      "type": "Feature",
      "geometry": {
        "type": "Polygon",
        "coordinates": [
          [
            [
              17621.606624155706,
              1466.02752175954
            ],
            [
              17615.85837232848,
              1466.3300613293939
            ],
            [
              17613.740595339506,
              1467.8427591786638
            ],
            [
              17612.227897490237,
              1471.4732340169114
            ],
            [
              17610.715199640963,
              1492.3484643368351
            ],
            [
              17611.01773921082,
              1505.6602054104094
            ],
            [
              17612.832976629943,
              1509.8957593883654
            ],
            [
              17620.093926306436,
              1516.2490903552984
            ],
            [
              17622.211703295416,
              1517.4592486347146
            ],
            [
              17625.53963856381,
              1518.0643277744223
            ],
            [
              17631.59042996089,
              1517.7617882045683
            ],
            [
              17640.061537916798,
              1514.4338529361748
            ],
            [
              17641.87677533592,
              1512.921155086905
            ],
            [
              17645.204710604317,
              1509.5932198185114
            ],
            [
              17652.768199850663,
              1499.9119535831842
            ],
            [
              17654.583437269786,
              1496.2814787449367
            ],
            [
              17656.09613511906,
              1487.8103707890255
            ],
            [
              17656.09613511906,
              1476.0113275647211
            ],
            [
              17650.65042286169,
              1464.2122843404159
            ],
            [
              17647.01994802344,
              1459.3716512227525
            ],
            [
              17641.574235766067,
              1453.925938965381
            ],
            [
              17634.615825659428,
              1450.5980036969875
            ],
            [
              17624.63201985425,
              1450.5980036969875
            ],
            [
              17621.606624155706,
              1466.02752175954
            ]
          ]
        ]
      },
      "properties": {
        "annotation_id": "0b5b5875-647e-426b-968d-7ae329e8fa2b",
        "label": "GP4",
        "probabilities": null,
        "tags": []
      }
    },
    {
      "type": "Feature",
      "geometry": {
        "type": "Polygon",
        "coordinates": [
          [
            [
              14198.460959925214,
              1799.0911504957044
            ],
            [
              14191.152179554118,
              1794.705882273046
            ],
            [
              14185.012804042395,
              1800.552906569924
            ],
            [
              14178.873428530675,
              1803.7687699332066
            ],
            [
              14173.611106663486,
              1808.154038155865
            ],
            [
              14160.162950780667,
              1824.818057401967
            ],
            [
              14158.116492276758,
              1831.5421353433762
            ],
            [
              14158.116492276758,
              1847.6214521597906
            ],
            [
              14159.870599565822,
              1852.2990715972926
            ],
            [
              14162.209409284573,
              1853.7608276715123
            ],
            [
              14165.7176238627,
              1854.053178886356
            ],
            [
              14189.6904234799,
              1862.2390129019848
            ],
            [
              14213.078520667412,
              1866.331929909799
            ],
            [
              14226.819027765072,
              1869.8401444879262
            ],
            [
              14240.267183647891,
              1865.7472274801119
            ],
            [
              14249.330071308053,
              1859.0231495387022
            ],
            [
              14263.362929620558,
              1856.976691034795
            ],
            [
              14269.209953917438,
              1854.6378813160438
            ],
            [
              14275.349329429158,
              1848.4985058043221
            ],
            [
              14280.611651296349,
              1839.7279693590056
            ],
            [
              14281.488704940879,
              1832.4191889879082
            ],
            [
              14272.425817280719,
              1823.6486525425912
            ],
            [
              14268.040549058062,
              1821.602194038684
            ],
            [
              14244.944803085395,
              1816.632223386338
            ],
            [
              14240.559534862736,
              1814.001062452743
            ],
            [
              14232.958403276794,
              1806.399930866802
            ],
            [
              14217.463788890069,
              1797.3370432066413
            ],
            [
              14211.032062163502,
              1795.582935917578
            ],
            [
              14199.338013569746,
              1795.582935917578
            ],
            [
              14198.460959925214,
              1799.0911504957044
            ]
          ]
        ]
      },
      "properties": {
        "annotation_id": "0f554e63-49c7-4039-ae0e-e9feb3bdf954",
        "label": "GP3",
        "probabilities": null,
        "tags": []
      }
    },
    {
      "type": "Feature",
      "geometry": {
        "type": "Polygon",
        "coordinates": [
          [
            [
              17913.11850976556,
              1224.2051068379549
            ],
            [
              17935.880258680918,
              1239.3796061148587
            ],
            [
              17957.30308118949,
              1247.8594733578345
            ],
            [
              17983.18899172068,
              1292.0440447817614
            ],
            [
              17978.725903698058,
              1308.5574704654514
            ],
            [
              17968.014492443774,
              1325.9635137536648
            ],
            [
              17965.3366396302,
              1346.9400274599736
            ],
            [
              17979.17221250032,
              1351.403115482593
            ],
            [
              18000.59503500889,
              1352.2957330871163
            ],
            [
              17983.18899172068,
              1371.9333203866393
            ],
            [
              17970.246036455083,
              1393.8024516974722
            ],
            [
              17968.014492443774,
              1426.8293030648517
            ],
            [
              17980.064830104842,
              1433.9702439010418
            ],
            [
              18001.933961415678,
              1434.416552703304
            ],
            [
              18017.554769494844,
              1445.1279639575891
            ],
            [
              18034.514503980794,
              1445.1279639575891
            ],
            [
              18038.08497439889,
              1438.8796407259224
            ],
            [
              18039.423900805676,
              1406.7454069630667
            ],
            [
              18063.524576127817,
              1405.8527893585429
            ],
            [
              18083.16216342734,
              1408.976950974376
            ],
            [
              18095.658809890676,
              1401.389701335924
            ],
            [
              18095.658809890676,
              1391.1245988839005
            ],
            [
              18086.286325043173,
              1376.84271721152
            ],
            [
              18049.6890032577,
              1376.3964084092584
            ],
            [
              18047.01115044413,
              1365.6849971549732
            ],
            [
              18046.118532839606,
              1331.7655281830696
            ],
            [
              18034.068195178534,
              1321.946734533308
            ],
            [
              18013.984299076747,
              1312.5742496858086
            ],
            [
              18012.645372669962,
              1296.0608240021186
            ],
            [
              18018.447387099368,
              1292.0440447817614
            ],
            [
              18030.9440335627,
              1291.1514271772378
            ],
            [
              18035.85343038758,
              1287.5809567591425
            ],
            [
              18048.796385653175,
              1290.258809572714
            ],
            [
              18050.13531205996,
              1321.5004257310463
            ],
            [
              18055.491017687105,
              1329.980292974022
            ],
            [
              18065.75612013913,
              1335.3359986011646
            ],
            [
              18085.39370743865,
              1351.403115482593
            ],
            [
              18095.658809890676,
              1355.4198947029497
            ],
            [
              18101.460824320082,
              1355.4198947029497
            ],
            [
              18102.353441924603,
              1341.584321832831
            ],
            [
              18093.873574681627,
              1319.7151905219987
            ],
            [
              18086.286325043173,
              1310.342705674499
            ],
            [
              18072.450752173056,
              1299.6312944202136
            ],
            [
              18061.293032116508,
              1273.2990750867623
            ],
            [
              18034.068195178534,
              1243.8426941374778
            ],
            [
              18035.40712158532,
              1241.164841323906
            ],
            [
              18052.366856071272,
              1234.91651809224
            ],
            [
              18052.813164873533,
              1225.0977244424782
            ],
            [
              18047.01115044413,
              1217.0641660017643
            ],
            [
              18017.108460692583,
              1197.8728875045035
            ],
            [
              17996.578255788536,
              1192.0708730750987
            ],
            [
              17966.229257234725,
              1189.8393290637891
            ],
            [
              17944.360125923893,
              1202.335975527122
            ],
            [
              17913.11850976556,
              1224.2051068379549
            ]
          ]
        ]
      },
      "properties": {
        "annotation_id": "10018558-8b23-4941-b218-4c332298dae2",
        "label": "GP4",
        "probabilities": null,
        "tags": []
      }
    },
    {
      "type": "Feature",
      "geometry": {
        "type": "Polygon",
        "coordinates": [
          [
            [
              17589.839969321038,
              1414.5957948843654
            ],
            [
              17583.48663835411,
              1420.9491258512987
            ],
            [
              17577.133307387172,
              1433.9583273550195
            ],
            [
              17571.38505555995,
              1456.6487950940668
            ],
            [
              17555.65299792754,
              1480.8519606823845
            ],
            [
              17552.325062659147,
              1493.256083046397
            ],
            [
              17552.627602229,
              1508.0805219692415
            ],
            [
              17557.468235346667,
              1522.9049608920861
            ],
            [
              17557.468235346667,
              1547.410666050257
            ],
            [
              17562.30886846433,
              1565.865579811349
            ],
            [
              17562.30886846433,
              1586.7408101312728
            ],
            [
              17567.149501581993,
              1601.2627094842635
            ],
            [
              17571.082515990096,
              1605.8008030320727
            ],
            [
              17578.040926096735,
              1607.9185800210507
            ],
            [
              17587.419652762208,
              1607.9185800210507
            ],
            [
              17590.14250889089,
              1606.4058821717808
            ],
            [
              17597.100918997534,
              1596.7246159364538
            ],
            [
              17597.40345856739,
              1583.715414432733
            ],
            [
              17574.712990828342,
              1523.5100400317938
            ],
            [
              17574.41045125849,
              1509.2906802486573
            ],
            [
              17576.83076781732,
              1500.517032722892
            ],
            [
              17584.091717493815,
              1491.1383060574194
            ],
            [
              17595.588221148264,
              1480.2468815426764
            ],
            [
              17604.36186867403,
              1465.1199030499781
            ],
            [
              17614.04313490936,
              1440.009118752099
            ],
            [
              17615.85837232848,
              1419.4364280020288
            ],
            [
              17606.782185232863,
              1413.0830970350955
            ],
            [
              17601.33647297549,
              1411.570399185826
            ],
            [
              17589.839969321038,
              1414.5957948843654
            ]
          ]
        ]
      },
      "properties": {
        "annotation_id": "16f8d39c-480f-4335-8348-6240c2091a47",
        "label": "GP4",
        "probabilities": null,
        "tags": []
      }
    },
    {
      "type": "Feature",
      "geometry": {
        "type": "Polygon",
        "coordinates": [
          [
            [
              18265.320401352128,
              1497.0322739485423
            ],
            [
              18262.823179714378,
              1504.5239388617874
            ],
            [
              18263.239383320673,
              1511.1831965624497
            ],
            [
              18269.898641021333,
              1532.8257840896015
            ],
            [
              18271.979659052788,
              1536.9878201525155
            ],
            [
              18276.1416951157,
              1539.901245396555
            ],
            [
              18293.20604297365,
              1545.7280958846343
            ],
            [
              18303.194929524645,
              1550.7225391601307
            ],
            [
              18309.021780012725,
              1550.7225391601307
            ],
            [
              18312.767612469346,
              1548.6415211286737
            ],
            [
              18318.178259351134,
              1541.1498562154293
            ],
            [
              18320.259277382593,
              1532.40958048331
            ],
            [
              18320.67548098888,
              1516.1776398379461
            ],
            [
              18317.34585213855,
              1504.5239388617874
            ],
            [
              18314.8486305008,
              1499.5294955862907
            ],
            [
              18310.270390831596,
              1494.118848704503
            ],
            [
              18304.027336737225,
              1489.1244054290062
            ],
            [
              18296.535671823982,
              1484.9623693660924
            ],
            [
              18282.384749210076,
              1479.135518878013
            ],
            [
              18265.320401352128,
              1497.0322739485423
            ]
          ]
        ]
      },
      "properties": {
        "annotation_id": "1731fe8a-e830-46ba-8449-e5d88b38875a",
        "label": "GP4",
        "probabilities": null,
        "tags": []
      }
    },
    {
      "type": "Feature",
      "geometry": {
        "type": "Polygon",
        "coordinates": [
          [
            [
              23114.300318820286,
              1081.1235657309965
            ],
            [
              23108.081402267744,
              1083.4147455135117
            ],
            [
              23106.772156677733,
              1091.9248418485677
            ],
            [
              23105.135599690228,
              1095.5252672210916
            ],
            [
              23096.298191957667,
              1106.981166133667
            ],
            [
              23094.334323572653,
              1111.2362143011953
            ],
            [
              23092.69776658514,
              1124.9832929962859
            ],
            [
              23092.69776658514,
              1139.712305883883
            ],
            [
              23095.64356916266,
              1144.294665448913
            ],
            [
              23097.607437547675,
              1145.2765996414196
            ],
            [
              23118.555366987814,
              1147.895090821437
            ],
            [
              23143.431033197976,
              1147.895090821437
            ],
            [
              23151.286506738026,
              1144.6219768464152
            ],
            [
              23165.688208228123,
              1135.7845691138568
            ],
            [
              23172.23443617817,
              1129.5656525613158
            ],
            [
              23176.816795743198,
              1123.3467360087748
            ],
            [
              23179.107975525712,
              1115.491262468723
            ],
            [
              23179.107975525712,
              1094.870644426087
            ],
            [
              23178.453352730707,
              1092.9067760410742
            ],
            [
              23176.162172948192,
              1088.9790392710486
            ],
            [
              23172.889058973175,
              1085.7059252960266
            ],
            [
              23166.67014242063,
              1082.7601227185075
            ],
            [
              23159.796603073086,
              1081.4508771284989
            ],
            [
              23114.300318820286,
              1081.1235657309965
            ]
          ]
        ]
      },
      "properties": {
        "annotation_id": "17a6ba63-ad72-47db-bc87-e24d596fe4c1",
        "label": "GP4",
        "probabilities": null,
        "tags": []
      }
    },
    {
      "type": "Feature",
      "geometry": {
        "type": "Polygon",
        "coordinates": [
          [
            [
              15753.855005981675,
              1453.8436292037022
            ],
            [
              15748.689345561985,
              1455.780751861086
            ],
            [
              15747.828402158704,
              1477.3043369431286
            ],
            [
              15738.788496424246,
              1490.218487992354
            ],
            [
              15730.824769943889,
              1512.172544776037
            ],
            [
              15729.318118988147,
              1541.2293846367947
            ],
            [
              15729.748590689787,
              1562.1072621663757
            ],
            [
              15737.712317170142,
              1587.9355642648268
            ],
            [
              15741.586562484912,
              1593.5316963861576
            ],
            [
              15746.96745875542,
              1595.684054894362
            ],
            [
              15772.36528915223,
              1596.114526596003
            ],
            [
              15776.670006168639,
              1592.8859888336965
            ],
            [
              15778.607128826023,
              1585.3527340549817
            ],
            [
              15780.113779781765,
              1560.8158470614533
            ],
            [
              15783.12708169325,
              1545.3188658023826
            ],
            [
              15785.925147753916,
              1518.8448561514704
            ],
            [
              15797.3326478474,
              1490.4337238431742
            ],
            [
              15804.650666775296,
              1464.1749500430824
            ],
            [
              15804.650666775296,
              1459.0092896233923
            ],
            [
              15796.471704444119,
              1451.0455631430368
            ],
            [
              15793.027930830993,
              1449.1084404856526
            ],
            [
              15785.064204350636,
              1447.6017895299096
            ],
            [
              15753.855005981675,
              1453.8436292037022
            ]
          ]
        ]
      },
      "properties": {
        "annotation_id": "1ab0ca5b-f4b3-4af0-92b5-f8a3fa94b6ff",
        "label": "GP3",
        "probabilities": null,
        "tags": []
      }
    },
    {
      "type": "Feature",
      "geometry": {
        "type": "Polygon",
        "coordinates": [
          [
            [
              17318.303140680597,
              1451.8857474860986
            ],
            [
              17324.959011217383,
              1460.9619345817175
            ],
            [
              17327.68186734607,
              1463.6847907104034
            ],
            [
              17353.70027035351,
              1481.8371649016412
            ],
            [
              17360.961220030007,
              1483.6524023207648
            ],
            [
              17373.36534239402,
              1483.6524023207648
            ],
            [
              17377.90343594183,
              1482.4422440413496
            ],
            [
              17382.138989919786,
              1479.4168483428098
            ],
            [
              17382.744069059492,
              1477.6016109236857
            ],
            [
              17382.744069059492,
              1473.668596515584
            ],
            [
              17381.836450349932,
              1470.9457403868983
            ],
            [
              17376.693277662413,
              1465.500028129527
            ],
            [
              17371.550104974896,
              1462.1720928611335
            ],
            [
              17351.279953794678,
              1452.7933661956604
            ],
            [
              17340.691068849792,
              1444.9273373794572
            ],
            [
              17335.245356592422,
              1442.2044812507713
            ],
            [
              17327.379327776216,
              1439.4816251220857
            ],
            [
              17318.303140680597,
              1451.8857474860986
            ]
          ]
        ]
      },
      "properties": {
        "annotation_id": "1afcb2ee-67bf-4b21-a4f8-47ef5660f791",
        "label": "GP4",
        "probabilities": null,
        "tags": []
      }
    },
    {
      "type": "Feature",
      "geometry": {
        "type": "Polygon",
        "coordinates": [
          [
            [
              15478.419615979043,
              1506.1447496587527
            ],
            [
              15471.143558675472,
              1504.8902570202063
            ],
            [
              15470.139964564636,
              1506.8974452418804
            ],
            [
              15469.136370453798,
              1518.1878789887992
            ],
            [
              15461.609414622517,
              1533.492689179067
            ],
            [
              15460.60582051168,
              1537.507065622416
            ],
            [
              15459.853124928553,
              1551.3064846464276
            ],
            [
              15456.591444068332,
              1559.8370345885442
            ],
            [
              15456.842342596043,
              1569.1202801137886
            ],
            [
              15462.111211677935,
              1581.6652064992536
            ],
            [
              15467.88187781525,
              1589.4430608582425
            ],
            [
              15488.455557087414,
              1603.2424798822537
            ],
            [
              15496.233411446403,
              1604.7478710485098
            ],
            [
              15502.004077583717,
              1600.7334946051612
            ],
            [
              15504.763961388519,
              1597.9736108003583
            ],
            [
              15505.767555499355,
              1595.4646255232658
            ],
            [
              15508.778337831869,
              1578.1526271113235
            ],
            [
              15509.029236359576,
              1559.3352375331256
            ],
            [
              15515.552598080018,
              1537.0052685669975
            ],
            [
              15516.807090718567,
              1528.72561715259
            ],
            [
              15516.807090718567,
              1518.9405745719273
            ],
            [
              15516.054395135436,
              1514.9261981285786
            ],
            [
              15512.541815747507,
              1507.399242297299
            ],
            [
              15504.763961388519,
              1499.1195908828925
            ],
            [
              15490.21184678138,
              1495.8579100226711
            ],
            [
              15478.419615979043,
              1506.1447496587527
            ]
          ]
        ]
      },
      "properties": {
        "annotation_id": "1b5b1276-5bfa-4057-a296-15110a1a79c5",
        "label": "GP3",
        "probabilities": null,
        "tags": []
      }
    },
    {
      "type": "Feature",
      "geometry": {
        "type": "Polygon",
        "coordinates": [
          [
            [
              14569.12881294807,
              1663.9094028963593
            ],
            [
              14566.718687573766,
              1668.7296536449683
            ],
            [
              14567.019953245555,
              1677.7676237986102
            ],
            [
              14569.12881294807,
              1686.2030626086755
            ],
            [
              14570.333875635222,
              1688.6131879829804
            ],
            [
              14582.384502506746,
              1703.375205900595
            ],
            [
              14585.397159224625,
              1709.4005193363562
            ],
            [
              14589.916144301447,
              1722.3549432232426
            ],
            [
              14592.32626967575,
              1727.1751939718513
            ],
            [
              14596.242723408997,
              1732.2967103922485
            ],
            [
              14598.351583111511,
              1733.8030387511888
            ],
            [
              14600.460442814028,
              1733.5017730794004
            ],
            [
              14604.97942789085,
              1726.2713969564873
            ],
            [
              14607.088287593364,
              1713.618238741389
            ],
            [
              14607.088287593364,
              1698.554955151986
            ],
            [
              14604.075630875484,
              1692.830907388013
            ],
            [
              14602.268036844758,
              1681.3828118600666
            ],
            [
              14596.84525475257,
              1672.646107378213
            ],
            [
              14592.32626967575,
              1667.8258566296042
            ],
            [
              14580.576908476016,
              1659.3904178195385
            ],
            [
              14574.852860712042,
              1658.4866208041744
            ],
            [
              14569.12881294807,
              1663.9094028963593
            ]
          ]
        ]
      },
      "properties": {
        "annotation_id": "1b91f18d-b0b3-47a2-add7-167dd5fc31e8",
        "label": "GP4",
        "probabilities": null,
        "tags": []
      }
    },
    {
      "type": "Feature",
      "geometry": {
        "type": "Polygon",
        "coordinates": [
          [
            [
              15580.998567699215,
              1802.727577044978
            ],
            [
              15581.751263282344,
              1823.050357789432
            ],
            [
              15585.012944142563,
              1835.0934871194786
            ],
            [
              15586.518335308821,
              1849.3947031989092
            ],
            [
              15578.238683894415,
              1871.9755706927465
            ],
            [
              15574.977003034192,
              1892.2983514372004
            ],
            [
              15565.693757508947,
              1918.893595374387
            ],
            [
              15565.94465603666,
              1930.685826176724
            ],
            [
              15568.95543836917,
              1947.2451290055385
            ],
            [
              15574.977003034192,
              1957.7828671693294
            ],
            [
              15579.493176532958,
              1959.5391568632942
            ],
            [
              15583.005755920889,
              1959.5391568632942
            ],
            [
              15587.02013236424,
              1957.5319686416199
            ],
            [
              15591.536305863006,
              1952.513998087434
            ],
            [
              15593.54349408468,
              1946.7433319501197
            ],
            [
              15594.547088195519,
              1930.4349276490148
            ],
            [
              15602.324942554507,
              1928.4277394273402
            ],
            [
              15611.608188079752,
              1923.911565928573
            ],
            [
              15615.873463050808,
              1919.1444939020962
            ],
            [
              15618.382448327904,
              1912.3702336539448
            ],
            [
              15618.633346855611,
              1899.0726116853514
            ],
            [
              15617.629752744775,
              1895.0582352420029
            ],
            [
              15615.37166599539,
              1887.7821779384328
            ],
            [
              15607.092014580985,
              1870.9719765819095
            ],
            [
              15605.837521942438,
              1864.9504119168857
            ],
            [
              15606.590217525563,
              1825.3084445388158
            ],
            [
              15604.583029303889,
              1811.2581269870943
            ],
            [
              15602.324942554507,
              1807.7455475991642
            ],
            [
              15580.998567699215,
              1802.727577044978
            ]
          ]
        ]
      },
      "properties": {
        "annotation_id": "1ee3e870-221d-4845-b7d0-2f990278eb94",
        "label": "GP4",
        "probabilities": null,
        "tags": []
      }
    },
    {
      "type": "Feature",
      "geometry": {
        "type": "Polygon",
        "coordinates": [
          [
            [
              16290.91457996475,
              1762.3534919344047
            ],
            [
              16286.409569166473,
              1764.0132327548222
            ],
            [
              16284.512722514568,
              1766.384291069704
            ],
            [
              16279.296394221827,
              1777.765370981137
            ],
            [
              16270.523478456764,
              1787.723815903641
            ],
            [
              16253.92607025259,
              1811.6715048839478
            ],
            [
              16252.029223600686,
              1843.9178979663416
            ],
            [
              16247.287106970924,
              1854.824766214798
            ],
            [
              16245.153154487527,
              1864.5461053058139
            ],
            [
              16249.183953622827,
              1901.0604033549946
            ],
            [
              16251.792117769197,
              1907.4622608051754
            ],
            [
              16259.142398545331,
              1916.7093882332147
            ],
            [
              16265.070044332537,
              1921.2143990314903
            ],
            [
              16273.605854266112,
              1925.719409829766
            ],
            [
              16278.110865064386,
              1926.4307273242302
            ],
            [
              16292.337214953679,
              1925.9565156612543
            ],
            [
              16311.305681472733,
              1917.4207057276794
            ],
            [
              16321.264126395237,
              1908.1735782996402
            ],
            [
              16330.748359654764,
              1892.050381758443
            ],
            [
              16330.748359654764,
              1884.937206813798
            ],
            [
              16316.047798102496,
              1875.6900793857587
            ],
            [
              16310.831469809755,
              1867.62848111516
            ],
            [
              16308.697517326362,
              1860.9895178334907
            ],
            [
              16308.460411494876,
              1850.3197554165224
            ],
            [
              16310.357258146782,
              1842.7323688089007
            ],
            [
              16314.15095145059,
              1834.1965588753258
            ],
            [
              16328.614407171372,
              1814.516774861806
            ],
            [
              16332.64520630667,
              1792.465932533405
            ],
            [
              16331.933888812206,
              1779.8993234645309
            ],
            [
              16315.336480608032,
              1756.4258461472004
            ],
            [
              16290.91457996475,
              1762.3534919344047
            ]
          ]
        ]
      },
      "properties": {
        "annotation_id": "2495dcff-35be-4300-90e5-846de5cfa3a5",
        "label": "GP4",
        "probabilities": null,
        "tags": []
      }
    },
    {
      "type": "Feature",
      "geometry": {
        "type": "Polygon",
        "coordinates": [
          [
            [
              18873.117431914456,
              1510.2124365425047
            ],
            [
              18867.706785032668,
              1514.3744726054185
            ],
            [
              18863.960952576046,
              1536.0170601325704
            ],
            [
              18861.879934544588,
              1559.740665691179
            ],
            [
              18861.879934544588,
              1594.2855650133638
            ],
            [
              18866.874377820084,
              1609.2688948398534
            ],
            [
              18875.198449945914,
              1625.084631878926
            ],
            [
              18880.19289322141,
              1630.9114823670054
            ],
            [
              18888.100761740945,
              1636.3221292487933
            ],
            [
              18906.82992402406,
              1644.6462013746211
            ],
            [
              18923.478068275715,
              1649.2244410438266
            ],
            [
              18931.38593679525,
              1649.2244410438266
            ],
            [
              18934.29936203929,
              1644.2299977683294
            ],
            [
              18934.71556564558,
              1638.8193508865418
            ],
            [
              18934.71556564558,
              1571.8105702736293
            ],
            [
              18938.877601708493,
              1539.3466889829012
            ],
            [
              18938.877601708493,
              1520.6175266997889
            ],
            [
              18933.883158433,
              1502.3045680229682
            ],
            [
              18927.223900732337,
              1491.0670706531014
            ],
            [
              18917.651217787636,
              1480.6619804958168
            ],
            [
              18909.32714566181,
              1479.4133696769425
            ],
            [
              18903.91649878002,
              1476.916148039194
            ],
            [
              18873.117431914456,
              1510.2124365425047
            ]
          ]
        ]
      },
      "properties": {
        "annotation_id": "29078869-f68d-43ff-809b-cde0e1201c36",
        "label": "GP3",
        "probabilities": null,
        "tags": []
      }
    },
    {
      "type": "Feature",
      "geometry": {
        "type": "Polygon",
        "coordinates": [
          [
            [
              14980.912184070412,
              1693.778356497019
            ],
            [
              14979.73104847768,
              1698.0304446308462
            ],
            [
              14980.203502714772,
              1711.73161750651
            ],
            [
              14982.329546781684,
              1721.1807022483474
            ],
            [
              14983.74690949296,
              1730.393559871639
            ],
            [
              14984.4555908486,
              1732.2833768200064
            ],
            [
              14991.778631523524,
              1742.9135971545736
            ],
            [
              14992.959767116254,
              1743.8585056287575
            ],
            [
              15000.282807791178,
              1745.2758683400327
            ],
            [
              15003.589987450821,
              1745.2758683400327
            ],
            [
              15005.479804399187,
              1743.8585056287575
            ],
            [
              15007.13339422901,
              1740.7875530876604
            ],
            [
              15009.731892533015,
              1732.0471497014605
            ],
            [
              15010.913028125746,
              1723.542973433807
            ],
            [
              15012.566617955566,
              1718.3459768257962
            ],
            [
              15012.802845074111,
              1705.117258187224
            ],
            [
              15012.330390837018,
              1703.2274412388565
            ],
            [
              15010.676801007197,
              1701.573851409035
            ],
            [
              15004.062441687913,
              1697.7942175123003
            ],
            [
              15001.700170502454,
              1697.3217632752082
            ],
            [
              14980.912184070412,
              1693.778356497019
            ]
          ]
        ]
      },
      "properties": {
        "annotation_id": "2b50fb53-1358-4f53-8abd-cc5b52c8ef88",
        "label": "GP4",
        "probabilities": null,
        "tags": []
      }
    },
    {
      "type": "Feature",
      "geometry": {
        "type": "Polygon",
        "coordinates": [
          [
            [
              15195.99042125609,
              1385.408933353222
            ],
            [
              15194.901393233813,
              1386.7702183810638
            ],
            [
              15194.629136228248,
              1394.1211575314098
            ],
            [
              15189.456253122446,
              1406.9172367931237
            ],
            [
              15186.461426061196,
              1409.6398068488074
            ],
            [
              15181.833056966532,
              1412.3623769044914
            ],
            [
              15177.749201883007,
              1418.3520310269953
            ],
            [
              15169.581491715955,
              1426.7919981996151
            ],
            [
              15167.67569267698,
              1434.6874513610976
            ],
            [
              15165.49763663243,
              1438.4990494390552
            ],
            [
              15165.49763663243,
              1442.855161528149
            ],
            [
              15167.40343567141,
              1445.0332175726955
            ],
            [
              15170.670519738229,
              1446.6667596061059
            ],
            [
              15176.660173860733,
              1448.0280446339477
            ],
            [
              15183.194341994375,
              1447.7557876283795
            ],
            [
              15195.71816425052,
              1442.0383905114436
            ],
            [
              15204.974902439846,
              1433.3261663332557
            ],
            [
              15218.587752718264,
              1416.9907459991534
            ],
            [
              15221.310322773948,
              1412.0901198989227
            ],
            [
              15222.67160780179,
              1407.7340078098287
            ],
            [
              15223.760635824063,
              1385.1366763476537
            ],
            [
              15223.488378818494,
              1383.5031343142437
            ],
            [
              15217.498724695988,
              1377.7857371973078
            ],
            [
              15195.99042125609,
              1385.408933353222
            ]
          ]
        ]
      },
      "properties": {
        "annotation_id": "2c250d2e-116b-47ce-bce7-18189018bb1e",
        "label": "GP4",
        "probabilities": null,
        "tags": []
      }
    },
    {
      "type": "Feature",
      "geometry": {
        "type": "Polygon",
        "coordinates": [
          [
            [
              14874.993846057632,
              1645.172668819028
            ],
            [
              14867.198351145615,
              1646.3538044117577
            ],
            [
              14865.308534197247,
              1650.605892545585
            ],
            [
              14864.363625723063,
              1671.866333214719
            ],
            [
              14883.970476562376,
              1669.9765162663514
            ],
            [
              14910.900368076613,
              1691.4731840540314
            ],
            [
              14922.239269766818,
              1706.3554925224253
            ],
            [
              14928.617401967558,
              1718.6393026868138
            ],
            [
              14934.759307049751,
              1737.7736992890345
            ],
            [
              14936.885351116667,
              1756.6718687727093
            ],
            [
              14945.389527384319,
              1773.6802213080164
            ],
            [
              14955.311066363249,
              1787.145167065135
            ],
            [
              14967.122422290544,
              1798.7202958738856
            ],
            [
              14978.697551099296,
              1804.153519600442
            ],
            [
              14983.185866351669,
              1803.6810653633504
            ],
            [
              14985.784364655674,
              1800.8463399407988
            ],
            [
              14985.784364655674,
              1787.145167065135
            ],
            [
              14962.16165280108,
              1747.695238267964
            ],
            [
              14951.767659585059,
              1713.6785331973492
            ],
            [
              14935.704215523934,
              1682.9690077863777
            ],
            [
              14932.869490101382,
              1669.2678349107139
            ],
            [
              14926.255130782098,
              1655.094207797957
            ],
            [
              14924.601540952279,
              1640.9205806852015
            ],
            [
              14921.294361292634,
              1630.0541332320884
            ],
            [
              14915.152456210439,
              1620.3688213717053
            ],
            [
              14909.24677824679,
              1615.6442790007861
            ],
            [
              14903.577327401688,
              1631.471495943364
            ],
            [
              14895.309378252581,
              1635.0149027215532
            ],
            [
              14874.993846057632,
              1645.172668819028
            ]
          ]
        ]
      },
      "properties": {
        "annotation_id": "3138d588-ef67-4633-a486-256fce9ef488",
        "label": "GP4",
        "probabilities": null,
        "tags": []
      }
    },
    {
      "type": "Feature",
      "geometry": {
        "type": "Polygon",
        "coordinates": [
          [
            [
              14679.693314494289,
              1556.960089411599
            ],
            [
              14678.488251807137,
              1558.4664177705392
            ],
            [
              14678.789517478923,
              1565.0942625498762
            ],
            [
              14681.500908525017,
              1581.3626088264316
            ],
            [
              14682.40470554038,
              1592.5094386825897
            ],
            [
              14687.526221960776,
              1614.5018327231178
            ],
            [
              14691.74394136581,
              1619.924614815303
            ],
            [
              14707.711021970577,
              1633.7828357175538
            ],
            [
              14711.92874137561,
              1634.6866327329178
            ],
            [
              14718.857851826733,
              1633.7828357175538
            ],
            [
              14722.77430555998,
              1631.3727103432489
            ],
            [
              14729.703416011105,
              1624.1423342203361
            ],
            [
              14735.126198103291,
              1612.6942386923897
            ],
            [
              14740.548980195475,
              1592.5094386825897
            ],
            [
              14740.548980195475,
              1582.2664058417956
            ],
            [
              14739.645183180113,
              1578.9524834521271
            ],
            [
              14734.523666759715,
              1564.7929968780884
            ],
            [
              14731.209744370044,
              1560.5752774730554
            ],
            [
              14720.665445857463,
              1554.5499640372946
            ],
            [
              14692.949004052964,
              1542.4993371657724
            ],
            [
              14679.693314494289,
              1556.960089411599
            ]
          ]
        ]
      },
      "properties": {
        "annotation_id": "31dd370d-5ba2-4cc4-9c45-96497068ffba",
        "label": "GP4",
        "probabilities": null,
        "tags": []
      }
    },
    {
      "type": "Feature",
      "geometry": {
        "type": "Polygon",
        "coordinates": [
          [
            [
              16498.031090813976,
              1838.2640684498715
            ],
            [
              16489.15149117874,
              1850.867371157945
            ],
            [
              16481.13120763724,
              1856.8825838140708
            ],
            [
              16478.266820658133,
              1862.8977964701974
            ],
            [
              16477.980381960224,
              1866.6214995430369
            ],
            [
              16477.980381960224,
              1881.8027505323073
            ],
            [
              16479.412575449776,
              1889.2501566779872
            ],
            [
              16486.85998159546,
              1906.436478552633
            ],
            [
              16492.30231685576,
              1913.597446000402
            ],
            [
              16498.603968209798,
              1918.7533425627958
            ],
            [
              16504.619180865924,
              1921.0448521460821
            ],
            [
              16543.574843781786,
              1926.7736261042974
            ],
            [
              16548.15786294836,
              1926.4871874063865
            ],
            [
              16572.791590968685,
              1917.3211490732422
            ],
            [
              16583.38982279138,
              1905.0042850630794
            ],
            [
              16587.113525864224,
              1897.5568789173994
            ],
            [
              16587.113525864224,
              1888.9637179800764
            ],
            [
              16584.249138885116,
              1881.8027505323073
            ],
            [
              16580.238997114364,
              1876.6468539699135
            ],
            [
              16564.198430031363,
              1864.3299899597507
            ],
            [
              16519.51399315728,
              1842.8470876164433
            ],
            [
              16498.031090813976,
              1838.2640684498715
            ]
          ]
        ]
      },
      "properties": {
        "annotation_id": "391c1f8a-e1ca-497c-9bc1-3eecae779876",
        "label": "GP4",
        "probabilities": null,
        "tags": []
      }
    },
    {
      "type": "Feature",
      "geometry": {
        "type": "Polygon",
        "coordinates": [
          [
            [
              17044.990248906797,
              1404.7755554645564
            ],
            [
              17043.110426499763,
              1428.5866392869511
            ],
            [
              17046.870071313828,
              1441.4320924016645
            ],
            [
              17046.556767579325,
              1447.0715596227576
            ],
            [
              17032.771403261093,
              1456.7839753924188
            ],
            [
              17029.638365916042,
              1471.5092509141637
            ],
            [
              17029.638365916042,
              1494.3804235330424
            ],
            [
              17031.204884588566,
              1502.839624364683
            ],
            [
              17043.110426499763,
              1524.7708857800467
            ],
            [
              17046.243463844818,
              1528.217226859604
            ],
            [
              17050.00310865888,
              1526.337404452573
            ],
            [
              17052.196234800416,
              1519.4447222934587
            ],
            [
              17052.509538534923,
              1501.5864094266624
            ],
            [
              17055.642575879974,
              1497.2001571435892
            ],
            [
              17061.90865057008,
              1498.7666758161154
            ],
            [
              17067.861421525675,
              1505.9726617097351
            ],
            [
              17080.70687464039,
              1512.8653438688489
            ],
            [
              17088.226164268515,
              1519.4447222934587
            ],
            [
              17094.492238958617,
              1521.3245447004895
            ],
            [
              17116.110196639474,
              1522.5777596385103
            ],
            [
              17119.86984145354,
              1519.131418558953
            ],
            [
              17125.50930867463,
              1504.4061430372092
            ],
            [
              17128.32904228518,
              1486.8611339049178
            ],
            [
              17130.20886469221,
              1450.2045969678102
            ],
            [
              17129.895560957706,
              1411.0416301546604
            ],
            [
              17121.12305639156,
              1391.9301023498435
            ],
            [
              17113.603766763434,
              1384.0975089872134
            ],
            [
              17105.771173400808,
              1378.771345500625
            ],
            [
              17088.852771737522,
              1374.3850932175524
            ],
            [
              17078.82705223336,
              1374.0717894830473
            ],
            [
              17071.307762605233,
              1378.771345500625
            ],
            [
              17066.29490285315,
              1385.3507239252342
            ],
            [
              17044.990248906797,
              1404.7755554645564
            ]
          ]
        ]
      },
      "properties": {
        "annotation_id": "3de47f36-b147-41c3-b890-e4a568985573",
        "label": "GP4",
        "probabilities": null,
        "tags": []
      }
    },
    {
      "type": "Feature",
      "geometry": {
        "type": "Polygon",
        "coordinates": [
          [
            [
              18557.63509834559,
              1213.8754688630409
            ],
            [
              18553.889265888967,
              1220.5347265637029
            ],
            [
              18553.889265888967,
              1224.2805590203252
            ],
            [
              18561.38093080221,
              1245.0907393348944
            ],
            [
              18562.629541621085,
              1260.074069161384
            ],
            [
              18570.12120653433,
              1287.5435071766153
            ],
            [
              18573.867038990953,
              1293.786561270986
            ],
            [
              18579.693889479033,
              1300.4458189716481
            ],
            [
              18584.68833275453,
              1303.3592442156878
            ],
            [
              18588.434165211154,
              1303.3592442156878
            ],
            [
              18592.596201274067,
              1300.8620225779391
            ],
            [
              18596.75823733698,
              1295.8675793024431
            ],
            [
              18599.255458974727,
              1292.1217468458203
            ],
            [
              18601.752680612477,
              1283.3814711137015
            ],
            [
              18603.00129143135,
              1275.057398987874
            ],
            [
              18603.00129143135,
              1247.5879609726423
            ],
            [
              18601.752680612477,
              1242.1773140908547
            ],
            [
              18593.84481209294,
              1227.1939842643646
            ],
            [
              18592.179997667776,
              1215.9564868944979
            ],
            [
              18588.850368817442,
              1208.0486183749613
            ],
            [
              18582.607314723075,
              1202.6379714931732
            ],
            [
              18567.623984896585,
              1201.8055642805905
            ],
            [
              18557.63509834559,
              1213.8754688630409
            ]
          ]
        ]
      },
      "properties": {
        "annotation_id": "3e5640a3-25eb-415d-9c5b-1a78bf8e8668",
        "label": "GP4",
        "probabilities": null,
        "tags": []
      }
    },
    {
      "type": "Feature",
      "geometry": {
        "type": "Polygon",
        "coordinates": [
          [
            [
              15955.467293364558,
              1324.1074285706763
            ],
            [
              15950.175510691397,
              1336.8959033641484
            ],
            [
              15947.088637465387,
              1401.279259220939
            ],
            [
              15932.095253224765,
              1402.1612229997988
            ],
            [
              15908.723213084973,
              1391.5776576534772
            ],
            [
              15895.934738291498,
              1394.223548990058
            ],
            [
              15854.482440685071,
              1451.551194615967
            ],
            [
              15841.693965891602,
              1494.7674197801136
            ],
            [
              15841.693965891602,
              1508.4378583524456
            ],
            [
              15848.749676122481,
              1519.9033874776278
            ],
            [
              15891.5249193972,
              1526.518115819079
            ],
            [
              15914.014995758134,
              1553.4180110743132
            ],
            [
              15910.48714064269,
              1560.9147031946243
            ],
            [
              15894.611792623211,
              1566.2064858677852
            ],
            [
              15862.861096584244,
              1591.783435454729
            ],
            [
              15854.923422574504,
              1607.6587834742118
            ],
            [
              15864.625024141964,
              1624.8570771619845
            ],
            [
              15907.84124930611,
              1632.7947511717257
            ],
            [
              15904.7543760801,
              1644.2602802969077
            ],
            [
              15883.587245387458,
              1661.0175920952502
            ],
            [
              15869.916806815125,
              1698.9420345862366
            ],
            [
              15871.239752483414,
              1712.6124731585685
            ],
            [
              15890.642955618338,
              1741.7172778609531
            ],
            [
              15921.070705989014,
              1743.9221873081037
            ],
            [
              15933.859180782487,
              1751.859861317845
            ],
            [
              15923.275615436165,
              1787.1384124722506
            ],
            [
              15894.17081073378,
              1817.1251809534954
            ],
            [
              15893.288846954918,
              1841.8201667615795
            ],
            [
              15908.282231195542,
              1884.1544281468664
            ],
            [
              15926.362488662175,
              1897.8248667191983
            ],
            [
              15976.634424057203,
              1893.8560297143276
            ],
            [
              15990.745844518966,
              1877.5396998054152
            ],
            [
              15997.801554749845,
              1854.6086415550515
            ],
            [
              16013.235920879899,
              1839.615257314429
            ],
            [
              16022.49654055793,
              1838.2923116461388
            ],
            [
              16069.681602726949,
              1892.9740659354673
            ],
            [
              16082.26407587661,
              1926.357863205796
            ],
            [
              16104.375432080205,
              1924.0209743349258
            ],
            [
              16123.037259916893,
              1912.7034896499179
            ],
            [
              16120.835501900836,
              1797.7219778185722
            ],
            [
              16166.697618401564,
              1730.2517487357713
            ],
            [
              16169.784491627574,
              1696.737125139086
            ],
            [
              16160.082890060114,
              1694.9731975813656
            ],
            [
              16155.673071165811,
              1699.8239983650965
            ],
            [
              16125.686302684566,
              1749.6549518706945
            ],
            [
              16089.96676964073,
              1771.7040463421984
            ],
            [
              16074.532403510677,
              1776.5548471259287
            ],
            [
              16056.893127933476,
              1774.3499376787786
            ],
            [
              16059.098037380627,
              1746.127096755254
            ],
            [
              16094.37658853503,
              1739.9533503032333
            ],
            [
              16107.165063328504,
              1732.4566581829217
            ],
            [
              16115.102737338246,
              1705.1157810382574
            ],
            [
              16109.810954665085,
              1668.0733023261314
            ],
            [
              16127.450230242286,
              1634.117696840016
            ],
            [
              16172.430382964154,
              1621.329222046544
            ],
            [
              16178.163147526744,
              1601.485037022191
            ],
            [
              16167.138600290993,
              1593.1063811230194
            ],
            [
              16150.38128849265,
              1590.4604897864388
            ],
            [
              16142.884596372338,
              1614.7144937050928
            ],
            [
              16136.269868030888,
              1620.447258267684
            ],
            [
              16123.922375126847,
              1620.888240157114
            ],
            [
              16109.369972775656,
              1606.7768196953518
            ],
            [
              16086.438914525288,
              1565.7655039783551
            ],
            [
              16086.87989641472,
              1555.6229205214634
            ],
            [
              16110.692918443943,
              1525.6361520402186
            ],
            [
              16110.692918443943,
              1519.4624055881977
            ],
            [
              16104.960153881353,
              1433.0299552599038
            ],
            [
              16080.265168073269,
              1395.1055127689178
            ],
            [
              16066.153747611506,
              1393.3415852111975
            ],
            [
              16053.365272818035,
              1404.8071143363795
            ],
            [
              16062.184910606637,
              1444.9364662745159
            ],
            [
              16075.414367289539,
              1472.27734341918
            ],
            [
              16076.296331068399,
              1492.1215284435332
            ],
            [
              16067.476693279797,
              1490.7985827752427
            ],
            [
              16046.309562587152,
              1469.1904701931699
            ],
            [
              16038.812870466843,
              1470.5134158614596
            ],
            [
              16038.37188857741,
              1485.065818212652
            ],
            [
              16031.316178346531,
              1484.183854433792
            ],
            [
              16018.086721663629,
              1456.4019953996979
            ],
            [
              16002.211373644148,
              1447.582357611096
            ],
            [
              15991.186826408395,
              1447.582357611096
            ],
            [
              15980.603261062073,
              1480.6559993183514
            ],
            [
              15972.665587052332,
              1481.0969812077815
            ],
            [
              15967.814786268602,
              1475.3642166451905
            ],
            [
              15961.641039816579,
              1462.1347599622886
            ],
            [
              15959.87711225886,
              1429.943082033893
            ],
            [
              15986.777007514092,
              1412.7447883461207
            ],
            [
              16024.260468115652,
              1419.8004985770017
            ],
            [
              16030.875196457102,
              1418.9185347981418
            ],
            [
              16031.75716023596,
              1413.1857702355505
            ],
            [
              16031.75716023596,
              1398.192385994928
            ],
            [
              16007.944138206738,
              1382.3170379754458
            ],
            [
              16001.329409865286,
              1353.2122332730612
            ],
            [
              15989.422898850673,
              1329.8401931332676
            ],
            [
              15973.988532720623,
              1319.6976096763754
            ],
            [
              15955.467293364558,
              1324.1074285706763
            ]
          ]
        ]
      },
      "properties": {
        "annotation_id": "3efec636-a19d-4ed5-bf45-addf47859b30",
        "label": "GP4",
        "probabilities": null,
        "tags": []
      }
    },
    {
      "type": "Feature",
      "geometry": {
        "type": "Polygon",
        "coordinates": [
          [
            [
              18674.588311713465,
              1668.7860105395212
            ],
            [
              18673.339700894594,
              1676.277675452766
            ],
            [
              18672.923497288302,
              1739.5406236090564
            ],
            [
              18674.588311713465,
              1742.4540488530956
            ],
            [
              18680.83136580784,
              1744.5350668845524
            ],
            [
              18696.64710284691,
              1727.8869226328975
            ],
            [
              18698.311917272076,
              1724.1410901762747
            ],
            [
              18702.89015694128,
              1702.9147062554146
            ],
            [
              18702.47395333499,
              1679.1911006968057
            ],
            [
              18699.14432448466,
              1673.3642502087264
            ],
            [
              18695.814695634326,
              1669.2022141458126
            ],
            [
              18689.57164153996,
              1664.2077708703162
            ],
            [
              18674.588311713465,
              1668.7860105395212
            ]
          ]
        ]
      },
      "properties": {
        "annotation_id": "40a121b3-8076-4e4e-b604-ed0f948a0109",
        "label": "GP4",
        "probabilities": null,
        "tags": []
      }
    },
    {
      "type": "Feature",
      "geometry": {
        "type": "Polygon",
        "coordinates": [
          [
            [
              23021.671193327173,
              1048.3924259807807
            ],
            [
              23019.707324942163,
              1050.0289829682915
            ],
            [
              23019.052702147157,
              1056.9025223158367
            ],
            [
              23019.052702147157,
              1086.3605480910314
            ],
            [
              23019.38001354466,
              1088.651727873546
            ],
            [
              23021.998504724677,
              1092.9067760410742
            ],
            [
              23024.616995904697,
              1100.107626786122
            ],
            [
              23025.5989300972,
              1107.9631003261736
            ],
            [
              23033.127092239753,
              1122.0374904187663
            ],
            [
              23041.309877177304,
              1131.2022095488269
            ],
            [
              23055.7115786674,
              1131.2022095488269
            ],
            [
              23060.948561027435,
              1128.5837183688097
            ],
            [
              23062.912429412445,
              1126.2925385862943
            ],
            [
              23064.221675002456,
              1123.019424611273
            ],
            [
              23066.185543387466,
              1112.2181484937014
            ],
            [
              23072.077148542507,
              1098.4710697986109
            ],
            [
              23073.386394132518,
              1090.9429076560614
            ],
            [
              23073.386394132518,
              1076.213894768464
            ],
            [
              23072.404459940008,
              1073.922714985949
            ],
            [
              23054.075021679888,
              1051.9928513533043
            ],
            [
              23047.201482332344,
              1046.75586899327
            ],
            [
              23038.69138599729,
              1044.1373778132527
            ],
            [
              23021.671193327173,
              1048.3924259807807
            ]
          ]
        ]
      },
      "properties": {
        "annotation_id": "42387845-47bf-4f5e-9e45-7ad1dabfdd0c",
        "label": "GP4",
        "probabilities": null,
        "tags": []
      }
    },
    {
      "type": "Feature",
      "geometry": {
        "type": "Polygon",
        "coordinates": [
          [
            [
              13680.475313150173,
              1834.2973282201842
            ],
            [
              13656.440458869523,
              1823.2813533415522
            ],
            [
              13647.177025448855,
              1821.7791749490116
            ],
            [
              13630.402700065484,
              1814.769009117155
            ],
            [
              13610.874380962454,
              1810.5128370049565
            ],
            [
              13604.11457819602,
              1810.76320007038
            ],
            [
              13599.107316887552,
              1821.0280857527414
            ],
            [
              13599.107316887552,
              1830.792245304256
            ],
            [
              13603.36348899975,
              1842.559309379158
            ],
            [
              13611.625470158724,
              1851.0716536035557
            ],
            [
              13631.904878458023,
              1882.3670367814868
            ],
            [
              13668.958612140694,
              1912.1602415668774
            ],
            [
              13687.48547898203,
              1920.672585791275
            ],
            [
              13721.034129748774,
              1925.6798470997437
            ],
            [
              13767.100933786689,
              1923.9273056417799
            ],
            [
              13778.11690866532,
              1917.6682290061933
            ],
            [
              13788.632157413105,
              1906.6522541275615
            ],
            [
              13792.637966459879,
              1897.3888207068937
            ],
            [
              13791.886877263609,
              1893.6333747255421
            ],
            [
              13785.878163693447,
              1887.6246611553793
            ],
            [
              13774.862188814815,
              1883.8692151740274
            ],
            [
              13749.074793076199,
              1885.1210305011448
            ],
            [
              13734.804098347064,
              1879.8634061272521
            ],
            [
              13723.537760403007,
              1872.6028772299724
            ],
            [
              13716.777957636574,
              1863.5898068747279
            ],
            [
              13700.50435838405,
              1848.8183860147442
            ],
            [
              13689.488383505419,
              1842.559309379158
            ],
            [
              13676.719867168822,
              1838.8038633978063
            ],
            [
              13680.475313150173,
              1834.2973282201842
            ]
          ]
        ]
      },
      "properties": {
        "annotation_id": "4661ba01-a279-40d1-b08e-cfdf9ec59afc",
        "label": "GP3",
        "probabilities": null,
        "tags": []
      }
    },
    {
      "type": "Feature",
      "geometry": {
        "type": "Polygon",
        "coordinates": [
          [
            [
              16818.111208182014,
              1504.9539194560075
            ],
            [
              16818.28663204916,
              1508.1115490645975
            ],
            [
              16821.795109392035,
              1515.128503750353
            ],
            [
              16831.267998217805,
              1526.0047835132743
            ],
            [
              16837.407833567842,
              1530.9166517933031
            ],
            [
              16851.792590673642,
              1538.1090303462026
            ],
            [
              16866.001923912296,
              1540.915812220505
            ],
            [
              16872.317183129475,
              1540.7403883533607
            ],
            [
              16886.877364102416,
              1536.8810632761954
            ],
            [
              16887.579059570995,
              1534.4251291361809
            ],
            [
              16887.228211836707,
              1515.128503750353
            ],
            [
              16888.982450508145,
              1494.2530635602304
            ],
            [
              16888.982450508145,
              1473.5530472372513
            ],
            [
              16890.91211304673,
              1460.3962572014595
            ],
            [
              16890.736689179586,
              1453.905574117136
            ],
            [
              16886.175668633845,
              1443.5555659556464
            ],
            [
              16878.983290080945,
              1434.608948731308
            ],
            [
              16874.246845668058,
              1433.380981661301
            ],
            [
              16867.58073871659,
              1434.608948731308
            ],
            [
              16855.65191575081,
              1442.152175018495
            ],
            [
              16849.51208040077,
              1450.04624903997
            ],
            [
              16848.45953719791,
              1453.2038786485602
            ],
            [
              16848.45953719791,
              1460.5716810686038
            ],
            [
              16850.564623603634,
              1475.1318620415464
            ],
            [
              16852.845133876504,
              1483.2013599301652
            ],
            [
              16857.05530668796,
              1491.446281685928
            ],
            [
              16857.406154422246,
              1495.1301828959495
            ],
            [
              16856.529035086525,
              1496.7089977002447
            ],
            [
              16848.284113330763,
              1502.3225614488492
            ],
            [
              16846.179026925038,
              1501.620865980274
            ],
            [
              16842.495125715013,
              1495.6564544973814
            ],
            [
              16818.111208182014,
              1504.9539194560075
            ]
          ]
        ]
      },
      "properties": {
        "annotation_id": "4da358ce-255d-4268-b867-3472b52347a5",
        "label": "GP4",
        "probabilities": null,
        "tags": []
      }
    },
    {
      "type": "Feature",
      "geometry": {
        "type": "Polygon",
        "coordinates": [
          [
            [
              15174.734205074852,
              1509.060943021175
            ],
            [
              15175.679113549037,
              1514.4941667477312
            ],
            [
              15175.679113549037,
              1520.3998447113795
            ],
            [
              15173.080615245031,
              1532.9198819943142
            ],
            [
              15172.371933889393,
              1541.1878311434216
            ],
            [
              15172.371933889393,
              1553.2354141892642
            ],
            [
              15173.316842363576,
              1557.2512752045454
            ],
            [
              15180.16742880141,
              1563.3931802867398
            ],
            [
              15192.687466084346,
              1565.755451472199
            ],
            [
              15200.719188114907,
              1569.0626311318422
            ],
            [
              15204.971276248734,
              1570.007539606026
            ],
            [
              15222.924537258223,
              1573.5509463842147
            ],
            [
              15226.70417115496,
              1573.3147192656693
            ],
            [
              15229.775123696056,
              1566.464132827837
            ],
            [
              15234.263438948428,
              1546.1486006328864
            ],
            [
              15234.027211829884,
              1536.9357430095954
            ],
            [
              15230.956259288787,
              1531.0300650459467
            ],
            [
              15219.61735759858,
              1515.6753023404613
            ],
            [
              15209.223364382558,
              1507.4073531913534
            ],
            [
              15200.719188114907,
              1504.336400650256
            ],
            [
              15191.978784728706,
              1502.6828108204347
            ],
            [
              15182.293472868325,
              1503.6277192946186
            ],
            [
              15174.734205074852,
              1509.060943021175
            ]
          ]
        ]
      },
      "properties": {
        "annotation_id": "4f1c499d-7873-4405-8151-addae117fda5",
        "label": "GP4",
        "probabilities": null,
        "tags": []
      }
    },
    {
      "type": "Feature",
      "geometry": {
        "type": "Polygon",
        "coordinates": [
          [
            [
              17396.56578034073,
              1553.3421440272052
            ],
            [
              17396.127909325194,
              1555.8234131152547
            ],
            [
              17398.463221408063,
              1567.645930534782
            ],
            [
              17398.901092423603,
              1592.896492430811
            ],
            [
              17399.33896343914,
              1594.7939334981422
            ],
            [
              17401.674275522008,
              1599.9024286794197
            ],
            [
              17404.885329635956,
              1603.9892248244419
            ],
            [
              17406.198942682568,
              1604.573052845159
            ],
            [
              17412.037222889743,
              1604.42709583998
            ],
            [
              17417.2916750762,
              1600.7781707104962
            ],
            [
              17419.481030153893,
              1598.2969016224467
            ],
            [
              17422.2542132523,
              1593.334363446349
            ],
            [
              17423.129955283373,
              1589.2475673013266
            ],
            [
              17423.129955283373,
              1572.462511705701
            ],
            [
              17419.043159138353,
              1561.0778653017112
            ],
            [
              17417.2916750762,
              1557.866811187765
            ],
            [
              17410.86956684831,
              1549.2553478821835
            ],
            [
              17406.928727708466,
              1547.5038638200315
            ],
            [
              17404.30150161524,
              1547.7957778303899
            ],
            [
              17396.56578034073,
              1553.3421440272052
            ]
          ]
        ]
      },
      "properties": {
        "annotation_id": "51783e43-5ec3-4c71-a264-af3de8ef548d",
        "label": "GP4",
        "probabilities": null,
        "tags": []
      }
    },
    {
      "type": "Feature",
      "geometry": {
        "type": "Polygon",
        "coordinates": [
          [
            [
              17203.60718478872,
              1526.5997513943623
            ],
            [
              17203.60718478872,
              1580.4879937292562
            ],
            [
              17205.173703461245,
              1591.140320702433
            ],
            [
              17205.173703461245,
              1607.432114896703
            ],
            [
              17198.281021302133,
              1631.5565024536033
            ],
            [
              17198.281021302133,
              1634.062932329645
            ],
            [
              17200.787451178174,
              1634.3762360641497
            ],
            [
              17209.55995574432,
              1632.1831099226135
            ],
            [
              17217.079245372446,
              1627.796857639541
            ],
            [
              17227.104964876613,
              1617.7711381353745
            ],
            [
              17229.924698487157,
              1613.384885852302
            ],
            [
              17237.443988115283,
              1574.5352227736573
            ],
            [
              17238.070595584293,
              1564.1961995349861
            ],
            [
              17243.08345533638,
              1541.3250269161065
            ],
            [
              17243.39675907088,
              1528.7928775358985
            ],
            [
              17240.89032919484,
              1525.0332327218364
            ],
            [
              17228.984787283644,
              1515.6341206866805
            ],
            [
              17218.332460310467,
              1511.2478684036078
            ],
            [
              17203.60718478872,
              1526.5997513943623
            ]
          ]
        ]
      },
      "properties": {
        "annotation_id": "56cd2bb3-8518-4493-9f31-c1b5f002722b",
        "label": "GP4",
        "probabilities": null,
        "tags": []
      }
    },
    {
      "type": "Feature",
      "geometry": {
        "type": "Polygon",
        "coordinates": [
          [
            [
              18816.097537852536,
              1626.7494463040914
            ],
            [
              18813.1841126085,
              1630.4952787607142
            ],
            [
              18811.51929818333,
              1650.889255468992
            ],
            [
              18805.692447695255,
              1661.7105492325677
            ],
            [
              18802.362818844922,
              1675.0290646338917
            ],
            [
              18799.44939360088,
              1691.2610052792556
            ],
            [
              18799.03318999459,
              1709.990167562368
            ],
            [
              18801.94661523863,
              1723.308682963692
            ],
            [
              18812.351705395915,
              1729.9679406643545
            ],
            [
              18821.508184734324,
              1738.7082163964733
            ],
            [
              18821.508184734324,
              1757.021175073294
            ],
            [
              18815.265130639957,
              1781.5771878444855
            ],
            [
              18814.01651982108,
              1804.4683861905116
            ],
            [
              18814.43272342737,
              1810.2952366785908
            ],
            [
              18818.594759490286,
              1818.6193088044186
            ],
            [
              18822.340591946908,
              1822.3651412610413
            ],
            [
              18826.502628009825,
              1822.7813448673323
            ],
            [
              18828.99984964757,
              1822.3651412610413
            ],
            [
              18831.913274891613,
              1818.6193088044186
            ],
            [
              18841.902161442602,
              1795.7281104583928
            ],
            [
              18842.734568655185,
              1757.021175073294
            ],
            [
              18844.399383080352,
              1751.1943245852149
            ],
            [
              18854.804473237637,
              1739.9568272153474
            ],
            [
              18862.71234175717,
              1735.3785875461426
            ],
            [
              18870.62021027671,
              1726.2221082077317
            ],
            [
              18879.77668961512,
              1712.0711855938248
            ],
            [
              18885.6035401032,
              1693.3420233107126
            ],
            [
              18885.6035401032,
              1683.3531367597195
            ],
            [
              18881.857707646577,
              1677.1100826653487
            ],
            [
              18845.647993899227,
              1634.657314823628
            ],
            [
              18838.988736198564,
              1623.0036138474693
            ],
            [
              18816.097537852536,
              1626.7494463040914
            ]
          ]
        ]
      },
      "properties": {
        "annotation_id": "58082a90-8cef-4909-a835-abd6a2219893",
        "label": "GP3",
        "probabilities": null,
        "tags": []
      }
    },
    {
      "type": "Feature",
      "geometry": {
        "type": "Polygon",
        "coordinates": [
          [
            [
              18254.915311194844,
              1547.3929103098
            ],
            [
              18251.58568234451,
              1554.468371616753
            ],
            [
              18249.504664313055,
              1590.2618817578123
            ],
            [
              18253.66670037597,
              1631.8822423869503
            ],
            [
              18252.834293163385,
              1682.2428787482074
            ],
            [
              18254.499107588552,
              1716.3715744641008
            ],
            [
              18270.314844627625,
              1765.483600006484
            ],
            [
              18280.303731178617,
              1785.8775767147615
            ],
            [
              18288.627803304444,
              1787.9585947462185
            ],
            [
              18293.622246579944,
              1785.8775767147615
            ],
            [
              18304.443540343516,
              1775.8886901637686
            ],
            [
              18314.8486305008,
              1760.905360337279
            ],
            [
              18316.92964853226,
              1751.7488809988681
            ],
            [
              18319.010666563714,
              1704.301669881651
            ],
            [
              18314.8486305008,
              1689.318340055161
            ],
            [
              18284.049563635243,
              1628.136409930328
            ],
            [
              18282.384749210076,
              1597.753546671057
            ],
            [
              18284.049563635243,
              1561.543832923707
            ],
            [
              18280.71993478491,
              1556.5493896482099
            ],
            [
              18267.817622989875,
              1548.6415211286737
            ],
            [
              18254.915311194844,
              1547.3929103098
            ]
          ]
        ]
      },
      "properties": {
        "annotation_id": "585f0dcc-ffaa-419d-9e87-deeb3dee0b87",
        "label": "GP4",
        "probabilities": null,
        "tags": []
      }
    },
    {
      "type": "Feature",
      "geometry": {
        "type": "Polygon",
        "coordinates": [
          [
            [
              17372.64829190236,
              1429.9144994346937
            ],
            [
              17373.55591061192,
              1442.6211613685603
            ],
            [
              17375.06860846119,
              1445.6465570671
            ],
            [
              17380.211781148704,
              1450.4871901847634
            ],
            [
              17382.632097707537,
              1451.9998880340333
            ],
            [
              17392.313363942863,
              1456.8405211516967
            ],
            [
              17398.6666949098,
              1458.9582981406743
            ],
            [
              17413.491133832642,
              1458.9582981406743
            ],
            [
              17417.7266878106,
              1456.5379815818428
            ],
            [
              17418.936846090015,
              1455.0252837325731
            ],
            [
              17419.844464799575,
              1451.6973484641794
            ],
            [
              17419.54192522972,
              1443.528780078122
            ],
            [
              17418.331766950305,
              1440.2008448097286
            ],
            [
              17412.583515123082,
              1433.5449742729413
            ],
            [
              17406.835263295856,
              1429.6119598648402
            ],
            [
              17401.08701146863,
              1426.5865641663004
            ],
            [
              17397.759076200236,
              1425.376405886884
            ],
            [
              17391.708284803157,
              1423.8637080376145
            ],
            [
              17383.842255986954,
              1423.8637080376145
            ],
            [
              17372.64829190236,
              1429.9144994346937
            ]
          ]
        ]
      },
      "properties": {
        "annotation_id": "5b85f90c-c8dc-4141-8537-0491f804e7e3",
        "label": "GP4",
        "probabilities": null,
        "tags": []
      }
    },
    {
      "type": "Feature",
      "geometry": {
        "type": "Polygon",
        "coordinates": [
          [
            [
              12746.0,
              2181.0
            ],
            [
              12736.0,
              2161.0
            ],
            [
              12698.0,
              2124.0
            ],
            [
              12675.0,
              2110.0
            ],
            [
              12651.0,
              2079.0
            ],
            [
              12634.0,
              2077.0
            ],
            [
              12598.0,
              2098.0
            ],
            [
              12589.0,
              2101.0
            ],
            [
              12565.0,
              2101.0
            ],
            [
              12560.0,
              2112.0
            ],
            [
              12549.0,
              2114.0
            ],
            [
              12543.0,
              2123.0
            ],
            [
              12517.0,
              2145.0
            ],
            [
              12516.0,
              2172.0
            ],
            [
              12508.0,
              2196.0
            ],
            [
              12515.0,
              2204.0
            ],
            [
              12514.0,
              2209.0
            ],
            [
              12479.0,
              2214.0
            ],
            [
              12456.0,
              2209.0
            ],
            [
              12417.0,
              2207.0
            ],
            [
              12416.0,
              2212.0
            ],
            [
              12422.0,
              2225.0
            ],
            [
              12422.0,
              2234.0
            ],
            [
              12435.0,
              2255.0
            ],
            [
              12438.0,
              2283.0
            ],
            [
              12453.0,
              2298.0
            ],
            [
              12477.0,
              2301.0
            ],
            [
              12487.0,
              2307.0
            ],
            [
              12495.0,
              2303.0
            ],
            [
              12518.0,
              2304.0
            ],
            [
              12526.0,
              2310.0
            ],
            [
              12523.0,
              2319.0
            ],
            [
              12526.0,
              2329.0
            ],
            [
              12540.0,
              2332.0
            ],
            [
              12548.0,
              2329.0
            ],
            [
              12562.0,
              2314.0
            ],
            [
              12565.0,
              2301.0
            ],
            [
              12577.0,
              2294.0
            ],
            [
              12578.0,
              2288.0
            ],
            [
              12572.0,
              2280.0
            ],
            [
              12581.0,
              2272.0
            ],
            [
              12594.0,
              2281.0
            ],
            [
              12615.0,
              2281.0
            ],
            [
              12646.0,
              2252.0
            ],
            [
              12660.0,
              2250.0
            ],
            [
              12689.0,
              2224.0
            ],
            [
              12731.0,
              2224.0
            ],
            [
              12747.0,
              2195.0
            ],
            [
              12746.0,
              2181.0
            ]
          ]
        ]
      },
      "properties": {
        "annotation_id": "6004_Benign_0",
        "label": "Benign",
        "probabilities": null,
        "tags": []
      }
    },
    {
      "type": "Feature",
      "geometry": {
        "type": "Polygon",
        "coordinates": [
          [
            [
              12029.0,
              2013.0
            ],
            [
              12017.0,
              2054.0
            ],
            [
              12022.0,
              2070.0
            ],
            [
              12012.0,
              2098.0
            ],
            [
              12026.0,
              2121.0
            ],
            [
              12041.0,
              2129.0
            ],
            [
              12062.0,
              2128.0
            ],
            [
              12071.0,
              2116.0
            ],
            [
              12104.0,
              2104.0
            ],
            [
              12130.0,
              2069.0
            ],
            [
              12166.0,
              2063.0
            ],
            [
              12154.0,
              2107.0
            ],
            [
              12146.0,
              2107.0
            ],
            [
              12149.0,
              2082.0
            ],
            [
              12139.0,
              2082.0
            ],
            [
              12134.0,
              2093.0
            ],
            [
              12137.0,
              2138.0
            ],
            [
              12147.0,
              2163.0
            ],
            [
              12160.0,
              2174.0
            ],
            [
              12171.0,
              2204.0
            ],
            [
              12163.0,
              2237.0
            ],
            [
              12132.0,
              2305.0
            ],
            [
              12138.0,
              2402.0
            ],
            [
              12152.0,
              2421.0
            ],
            [
              12209.0,
              2413.0
            ],
            [
              12219.0,
              2404.0
            ],
            [
              12238.0,
              2420.0
            ],
            [
              12248.0,
              2420.0
            ],
            [
              12275.0,
              2394.0
            ],
            [
              12278.0,
              2380.0
            ],
            [
              12269.0,
              2379.0
            ],
            [
              12253.0,
              2396.0
            ],
            [
              12222.0,
              2400.0
            ],
            [
              12221.0,
              2395.0
            ],
            [
              12237.0,
              2386.0
            ],
            [
              12247.0,
              2371.0
            ],
            [
              12258.0,
              2371.0
            ],
            [
              12264.0,
              2363.0
            ],
            [
              12320.0,
              2367.0
            ],
            [
              12329.0,
              2342.0
            ],
            [
              12361.0,
              2321.0
            ],
            [
              12369.0,
              2297.0
            ],
            [
              12353.0,
              2263.0
            ],
            [
              12353.0,
              2240.0
            ],
            [
              12364.0,
              2223.0
            ],
            [
              12387.0,
              2207.0
            ],
            [
              12387.0,
              2197.0
            ],
            [
              12371.0,
              2176.0
            ],
            [
              12334.0,
              2162.0
            ],
            [
              12338.0,
              2145.0
            ],
            [
              12332.0,
              2132.0
            ],
            [
              12320.0,
              2125.0
            ],
            [
              12318.0,
              2109.0
            ],
            [
              12325.0,
              2103.0
            ],
            [
              12315.0,
              2094.0
            ],
            [
              12312.0,
              2108.0
            ],
            [
              12305.0,
              2111.0
            ],
            [
              12290.0,
              2083.0
            ],
            [
              12283.0,
              2080.0
            ],
            [
              12274.0,
              2104.0
            ],
            [
              12268.0,
              2106.0
            ],
            [
              12259.0,
              2089.0
            ],
            [
              12210.0,
              2045.0
            ],
            [
              12177.0,
              2031.0
            ],
            [
              12179.0,
              2019.0
            ],
            [
              12159.0,
              2024.0
            ],
            [
              12131.0,
              2018.0
            ],
            [
              12114.0,
              2033.0
            ],
            [
              12085.0,
              2036.0
            ],
            [
              12046.0,
              2010.0
            ],
            [
              12029.0,
              2013.0
            ]
          ],
          [
            [
              12338.0,
              2177.0
            ],
            [
              12339.0,
              2178.0
            ],
            [
              12340.0,
              2178.0
            ],
            [
              12346.0,
              2184.0
            ],
            [
              12347.0,
              2184.0
            ],
            [
              12351.0,
              2188.0
            ],
            [
              12352.0,
              2188.0
            ],
            [
              12353.0,
              2189.0
            ],
            [
              12353.0,
              2203.0
            ],
            [
              12354.0,
              2204.0
            ],
            [
              12354.0,
              2209.0
            ],
            [
              12353.0,
              2210.0
            ],
            [
              12353.0,
              2212.0
            ],
            [
              12352.0,
              2213.0
            ],
            [
              12352.0,
              2220.0
            ],
            [
              12350.0,
              2222.0
            ],
            [
              12349.0,
              2222.0
            ],
            [
              12348.0,
              2223.0
            ],
            [
              12343.0,
              2223.0
            ],
            [
              12342.0,
              2222.0
            ],
            [
              12333.0,
              2222.0
            ],
            [
              12329.0,
              2226.0
            ],
            [
              12328.0,
              2226.0
            ],
            [
              12327.0,
              2227.0
            ],
            [
              12326.0,
              2226.0
            ],
            [
              12325.0,
              2226.0
            ],
            [
              12322.0,
              2223.0
            ],
            [
              12322.0,
              2221.0
            ],
            [
              12321.0,
              2220.0
            ],
            [
              12321.0,
              2216.0
            ],
            [
              12322.0,
              2215.0
            ],
            [
              12322.0,
              2214.0
            ],
            [
              12323.0,
              2213.0
            ],
            [
              12323.0,
              2212.0
            ],
            [
              12325.0,
              2210.0
            ],
            [
              12325.0,
              2203.0
            ],
            [
              12324.0,
              2202.0
            ],
            [
              12324.0,
              2200.0
            ],
            [
              12322.0,
              2197.0
            ],
            [
              12322.0,
              2194.0
            ],
            [
              12321.0,
              2193.0
            ],
            [
              12321.0,
              2190.0
            ],
            [
              12320.0,
              2189.0
            ],
            [
              12320.0,
              2188.0
            ],
            [
              12318.0,
              2186.0
            ],
            [
              12318.0,
              2183.0
            ],
            [
              12321.0,
              2181.0
            ],
            [
              12326.0,
              2181.0
            ],
            [
              12327.0,
              2180.0
            ],
            [
              12330.0,
              2180.0
            ],
            [
              12333.0,
              2178.0
            ],
            [
              12335.0,
              2178.0
            ],
            [
              12336.0,
              2177.0
            ],
            [
              12338.0,
              2177.0
            ]
          ]
        ]
      },
      "properties": {
        "annotation_id": "6004_Benign_1",
        "label": "Benign",
        "probabilities": null,
        "tags": []
      }
    },
    {
      "type": "Feature",
      "geometry": {
        "type": "Polygon",
        "coordinates": [
          [
            [
              12308.0,
              1990.0
            ],
            [
              12281.0,
              1990.0
            ],
            [
              12280.0,
              1991.0
            ],
            [
              12274.0,
              1991.0
            ],
            [
              12273.0,
              1992.0
            ],
            [
              12269.0,
              1992.0
            ],
            [
              12268.0,
              1993.0
            ],
            [
              12258.0,
              1993.0
            ],
            [
              12257.0,
              1994.0
            ],
            [
              12251.0,
              1994.0
            ],
            [
              12244.0,
              1999.0
            ],
            [
              12237.0,
              2002.0
            ],
            [
              12232.0,
              2009.0
            ],
            [
              12232.0,
              2015.0
            ],
            [
              12230.0,
              2019.0
            ],
            [
              12233.0,
              2022.0
            ],
            [
              12233.0,
              2024.0
            ],
            [
              12230.0,
              2026.0
            ],
            [
              12228.0,
              2026.0
            ],
            [
              12225.0,
              2030.0
            ],
            [
              12225.0,
              2036.0
            ],
            [
              12224.0,
              2038.0
            ],
            [
              12228.0,
              2042.0
            ],
            [
              12236.0,
              2046.0
            ],
            [
              12239.0,
              2046.0
            ],
            [
              12240.0,
              2047.0
            ],
            [
              12245.0,
              2048.0
            ],
            [
              12248.0,
              2050.0
            ],
            [
              12252.0,
              2055.0
            ],
            [
              12259.0,
              2058.0
            ],
            [
              12261.0,
              2060.0
            ],
            [
              12261.0,
              2062.0
            ],
            [
              12260.0,
              2063.0
            ],
            [
              12260.0,
              2069.0
            ],
            [
              12262.0,
              2071.0
            ],
            [
              12265.0,
              2071.0
            ],
            [
              12271.0,
              2068.0
            ],
            [
              12273.0,
              2066.0
            ],
            [
              12280.0,
              2063.0
            ],
            [
              12283.0,
              2063.0
            ],
            [
              12286.0,
              2065.0
            ],
            [
              12291.0,
              2065.0
            ],
            [
              12295.0,
              2060.0
            ],
            [
              12295.0,
              2052.0
            ],
            [
              12292.0,
              2048.0
            ],
            [
              12287.0,
              2046.0
            ],
            [
              12284.0,
              2043.0
            ],
            [
              12284.0,
              2036.0
            ],
            [
              12286.0,
              2033.0
            ],
            [
              12304.0,
              2016.0
            ],
            [
              12308.0,
              2008.0
            ],
            [
              12310.0,
              2006.0
            ],
            [
              12310.0,
              2004.0
            ],
            [
              12312.0,
              2001.0
            ],
            [
              12312.0,
              1998.0
            ],
            [
              12313.0,
              1997.0
            ],
            [
              12312.0,
              1996.0
            ],
            [
              12312.0,
              1994.0
            ],
            [
              12308.0,
              1990.0
            ]
          ]
        ]
      },
      "properties": {
        "annotation_id": "6004_Benign_3",
        "label": "Benign",
        "probabilities": null,
        "tags": []
      }
    },
    {
      "type": "Feature",
      "geometry": {
        "type": "Polygon",
        "coordinates": [
          [
            [
              22374.0,
              1068.0
            ],
            [
              22308.0,
              1068.0
            ],
            [
              22283.0,
              1090.0
            ],
            [
              22262.0,
              1158.0
            ],
            [
              22276.0,
              1200.0
            ],
            [
              22263.0,
              1253.0
            ],
            [
              22206.0,
              1350.0
            ],
            [
              22174.0,
              1446.0
            ],
            [
              22169.0,
              1687.0
            ],
            [
              22233.0,
              1888.0
            ],
            [
              22268.0,
              1921.0
            ],
            [
              22296.0,
              1919.0
            ],
            [
              22301.0,
              1900.0
            ],
            [
              22238.0,
              1839.0
            ],
            [
              22237.0,
              1805.0
            ],
            [
              22259.0,
              1806.0
            ],
            [
              22240.0,
              1772.0
            ],
            [
              22264.0,
              1776.0
            ],
            [
              22276.0,
              1761.0
            ],
            [
              22258.0,
              1702.0
            ],
            [
              22267.0,
              1639.0
            ],
            [
              22231.0,
              1512.0
            ],
            [
              22250.0,
              1358.0
            ],
            [
              22273.0,
              1361.0
            ],
            [
              22269.0,
              1299.0
            ],
            [
              22306.0,
              1278.0
            ],
            [
              22337.0,
              1198.0
            ],
            [
              22336.0,
              1126.0
            ],
            [
              22353.0,
              1131.0
            ],
            [
              22366.0,
              1168.0
            ],
            [
              22356.0,
              1244.0
            ],
            [
              22385.0,
              1223.0
            ],
            [
              22407.0,
              1236.0
            ],
            [
              22364.0,
              1254.0
            ],
            [
              22348.0,
              1277.0
            ],
            [
              22336.0,
              1367.0
            ],
            [
              22348.0,
              1477.0
            ],
            [
              22371.0,
              1489.0
            ],
            [
              22388.0,
              1472.0
            ],
            [
              22371.0,
              1361.0
            ],
            [
              22380.0,
              1313.0
            ],
            [
              22410.0,
              1302.0
            ],
            [
              22441.0,
              1326.0
            ],
            [
              22443.0,
              1349.0
            ],
            [
              22419.0,
              1418.0
            ],
            [
              22422.0,
              1485.0
            ],
            [
              22401.0,
              1502.0
            ],
            [
              22428.0,
              1549.0
            ],
            [
              22415.0,
              1581.0
            ],
            [
              22427.0,
              1705.0
            ],
            [
              22513.0,
              1801.0
            ],
            [
              22594.0,
              1811.0
            ],
            [
              22597.0,
              1738.0
            ],
            [
              22635.0,
              1584.0
            ],
            [
              22567.0,
              1324.0
            ],
            [
              22509.0,
              1200.0
            ],
            [
              22436.0,
              1107.0
            ],
            [
              22374.0,
              1068.0
            ]
          ]
        ]
      },
      "properties": {
        "annotation_id": "6004_Benign_32",
        "label": "Benign",
        "probabilities": null,
        "tags": []
      }
    },
    {
      "type": "Feature",
      "geometry": {
        "type": "Polygon",
        "coordinates": [
          [
            [
              20838.0,
              866.0
            ],
            [
              20770.0,
              965.0
            ],
            [
              20777.0,
              991.0
            ],
            [
              20810.0,
              976.0
            ],
            [
              20790.0,
              1004.0
            ],
            [
              20820.0,
              1021.0
            ],
            [
              20812.0,
              1039.0
            ],
            [
              20779.0,
              1028.0
            ],
            [
              20769.0,
              1042.0
            ],
            [
              20786.0,
              1174.0
            ],
            [
              20758.0,
              1205.0
            ],
            [
              20706.0,
              1196.0
            ],
            [
              20717.0,
              1164.0
            ],
            [
              20738.0,
              1191.0
            ],
            [
              20760.0,
              1188.0
            ],
            [
              20742.0,
              1144.0
            ],
            [
              20713.0,
              1133.0
            ],
            [
              20740.0,
              1108.0
            ],
            [
              20732.0,
              1083.0
            ],
            [
              20752.0,
              1075.0
            ],
            [
              20749.0,
              1061.0
            ],
            [
              20733.0,
              1061.0
            ],
            [
              20702.0,
              1130.0
            ],
            [
              20674.0,
              1150.0
            ],
            [
              20628.0,
              1289.0
            ],
            [
              20626.0,
              1380.0
            ],
            [
              20688.0,
              1554.0
            ],
            [
              20796.0,
              1680.0
            ],
            [
              20751.0,
              1559.0
            ],
            [
              20754.0,
              1536.0
            ],
            [
              20737.0,
              1520.0
            ],
            [
              20730.0,
              1466.0
            ],
            [
              20749.0,
              1440.0
            ],
            [
              20770.0,
              1460.0
            ],
            [
              20784.0,
              1440.0
            ],
            [
              20722.0,
              1347.0
            ],
            [
              20718.0,
              1312.0
            ],
            [
              20732.0,
              1232.0
            ],
            [
              20782.0,
              1227.0
            ],
            [
              20807.0,
              1194.0
            ],
            [
              20827.0,
              1199.0
            ],
            [
              20834.0,
              1235.0
            ],
            [
              20855.0,
              1235.0
            ],
            [
              20835.0,
              1257.0
            ],
            [
              20840.0,
              1280.0
            ],
            [
              20880.0,
              1325.0
            ],
            [
              20902.0,
              1324.0
            ],
            [
              20917.0,
              1382.0
            ],
            [
              20941.0,
              1402.0
            ],
            [
              20923.0,
              1474.0
            ],
            [
              20956.0,
              1469.0
            ],
            [
              20947.0,
              1512.0
            ],
            [
              20959.0,
              1528.0
            ],
            [
              20957.0,
              1573.0
            ],
            [
              20982.0,
              1579.0
            ],
            [
              21015.0,
              1547.0
            ],
            [
              21026.0,
              1585.0
            ],
            [
              21075.0,
              1616.0
            ],
            [
              21101.0,
              1656.0
            ],
            [
              21141.0,
              1769.0
            ],
            [
              21172.0,
              1743.0
            ],
            [
              21175.0,
              1708.0
            ],
            [
              20980.0,
              1255.0
            ],
            [
              20873.0,
              953.0
            ],
            [
              20852.0,
              970.0
            ],
            [
              20851.0,
              1014.0
            ],
            [
              20832.0,
              979.0
            ],
            [
              20838.0,
              954.0
            ],
            [
              20824.0,
              939.0
            ],
            [
              20855.0,
              906.0
            ],
            [
              20838.0,
              866.0
            ]
          ]
        ]
      },
      "properties": {
        "annotation_id": "6004_Benign_33",
        "label": "Benign",
        "probabilities": null,
        "tags": []
      }
    },
    {
      "type": "Feature",
      "geometry": {
        "type": "Polygon",
        "coordinates": [
          [
            [
              22153.0,
              847.0
            ],
            [
              22129.0,
              862.0
            ],
            [
              22118.0,
              897.0
            ],
            [
              22109.0,
              899.0
            ],
            [
              22106.0,
              890.0
            ],
            [
              22096.0,
              885.0
            ],
            [
              22077.0,
              901.0
            ],
            [
              22045.0,
              915.0
            ],
            [
              22023.0,
              918.0
            ],
            [
              22016.0,
              925.0
            ],
            [
              22016.0,
              934.0
            ],
            [
              22022.0,
              938.0
            ],
            [
              22065.0,
              938.0
            ],
            [
              22065.0,
              973.0
            ],
            [
              22057.0,
              973.0
            ],
            [
              22051.0,
              959.0
            ],
            [
              22041.0,
              956.0
            ],
            [
              22033.0,
              967.0
            ],
            [
              22033.0,
              984.0
            ],
            [
              22024.0,
              992.0
            ],
            [
              22006.0,
              958.0
            ],
            [
              21986.0,
              935.0
            ],
            [
              21990.0,
              1044.0
            ],
            [
              22001.0,
              1105.0
            ],
            [
              22012.0,
              1132.0
            ],
            [
              22024.0,
              1142.0
            ],
            [
              22045.0,
              1183.0
            ],
            [
              22082.0,
              1220.0
            ],
            [
              22138.0,
              1220.0
            ],
            [
              22194.0,
              1207.0
            ],
            [
              22235.0,
              1177.0
            ],
            [
              22248.0,
              1150.0
            ],
            [
              22256.0,
              1086.0
            ],
            [
              22253.0,
              997.0
            ],
            [
              22250.0,
              992.0
            ],
            [
              22244.0,
              1014.0
            ],
            [
              22218.0,
              1031.0
            ],
            [
              22215.0,
              1053.0
            ],
            [
              22209.0,
              1065.0
            ],
            [
              22201.0,
              1067.0
            ],
            [
              22188.0,
              1036.0
            ],
            [
              22190.0,
              1015.0
            ],
            [
              22161.0,
              1015.0
            ],
            [
              22179.0,
              995.0
            ],
            [
              22176.0,
              977.0
            ],
            [
              22166.0,
              970.0
            ],
            [
              22170.0,
              945.0
            ],
            [
              22181.0,
              925.0
            ],
            [
              22196.0,
              914.0
            ],
            [
              22197.0,
              905.0
            ],
            [
              22190.0,
              889.0
            ],
            [
              22167.0,
              870.0
            ],
            [
              22167.0,
              855.0
            ],
            [
              22153.0,
              847.0
            ]
          ],
          [
            [
              22090.0,
              980.0
            ],
            [
              22093.0,
              982.0
            ],
            [
              22093.0,
              985.0
            ],
            [
              22088.0,
              988.0
            ],
            [
              22087.0,
              1001.0
            ],
            [
              22078.0,
              1014.0
            ],
            [
              22077.0,
              1038.0
            ],
            [
              22080.0,
              1040.0
            ],
            [
              22084.0,
              1040.0
            ],
            [
              22088.0,
              1042.0
            ],
            [
              22095.0,
              1050.0
            ],
            [
              22095.0,
              1057.0
            ],
            [
              22096.0,
              1058.0
            ],
            [
              22095.0,
              1076.0
            ],
            [
              22098.0,
              1079.0
            ],
            [
              22099.0,
              1082.0
            ],
            [
              22099.0,
              1089.0
            ],
            [
              22096.0,
              1094.0
            ],
            [
              22096.0,
              1105.0
            ],
            [
              22104.0,
              1116.0
            ],
            [
              22104.0,
              1119.0
            ],
            [
              22102.0,
              1121.0
            ],
            [
              22102.0,
              1138.0
            ],
            [
              22099.0,
              1140.0
            ],
            [
              22089.0,
              1140.0
            ],
            [
              22086.0,
              1138.0
            ],
            [
              22086.0,
              1131.0
            ],
            [
              22089.0,
              1129.0
            ],
            [
              22089.0,
              1127.0
            ],
            [
              22091.0,
              1125.0
            ],
            [
              22091.0,
              1115.0
            ],
            [
              22083.0,
              1104.0
            ],
            [
              22082.0,
              1096.0
            ],
            [
              22080.0,
              1094.0
            ],
            [
              22080.0,
              1080.0
            ],
            [
              22079.0,
              1079.0
            ],
            [
              22080.0,
              1062.0
            ],
            [
              22077.0,
              1058.0
            ],
            [
              22077.0,
              1056.0
            ],
            [
              22074.0,
              1053.0
            ],
            [
              22074.0,
              1045.0
            ],
            [
              22070.0,
              1043.0
            ],
            [
              22059.0,
              1043.0
            ],
            [
              22055.0,
              1040.0
            ],
            [
              22056.0,
              1025.0
            ],
            [
              22064.0,
              1011.0
            ],
            [
              22065.0,
              995.0
            ],
            [
              22069.0,
              991.0
            ],
            [
              22079.0,
              988.0
            ],
            [
              22090.0,
              980.0
            ]
          ]
        ]
      },
      "properties": {
        "annotation_id": "6004_Benign_34",
        "label": "Benign",
        "probabilities": null,
        "tags": []
      }
    },
    {
      "type": "Feature",
      "geometry": {
        "type": "Polygon",
        "coordinates": [
          [
            [
              12266.0,
              1959.0
            ],
            [
              12262.0,
              1953.0
            ],
            [
              12260.0,
              1946.0
            ],
            [
              12257.0,
              1941.0
            ],
            [
              12249.0,
              1933.0
            ],
            [
              12239.0,
              1928.0
            ],
            [
              12235.0,
              1924.0
            ],
            [
              12233.0,
              1918.0
            ],
            [
              12228.0,
              1910.0
            ],
            [
              12224.0,
              1908.0
            ],
            [
              12212.0,
              1908.0
            ],
            [
              12209.0,
              1910.0
            ],
            [
              12204.0,
              1911.0
            ],
            [
              12193.0,
              1918.0
            ],
            [
              12191.0,
              1918.0
            ],
            [
              12188.0,
              1920.0
            ],
            [
              12181.0,
              1921.0
            ],
            [
              12173.0,
              1928.0
            ],
            [
              12174.0,
              1935.0
            ],
            [
              12173.0,
              1937.0
            ],
            [
              12166.0,
              1943.0
            ],
            [
              12168.0,
              1946.0
            ],
            [
              12168.0,
              1949.0
            ],
            [
              12161.0,
              1963.0
            ],
            [
              12161.0,
              1972.0
            ],
            [
              12163.0,
              1976.0
            ],
            [
              12166.0,
              1979.0
            ],
            [
              12174.0,
              1979.0
            ],
            [
              12182.0,
              1973.0
            ],
            [
              12184.0,
              1974.0
            ],
            [
              12189.0,
              1974.0
            ],
            [
              12194.0,
              1972.0
            ],
            [
              12201.0,
              1972.0
            ],
            [
              12202.0,
              1973.0
            ],
            [
              12212.0,
              1972.0
            ],
            [
              12226.0,
              1963.0
            ],
            [
              12231.0,
              1963.0
            ],
            [
              12236.0,
              1966.0
            ],
            [
              12237.0,
              1969.0
            ],
            [
              12244.0,
              1975.0
            ],
            [
              12251.0,
              1978.0
            ],
            [
              12259.0,
              1973.0
            ],
            [
              12264.0,
              1968.0
            ],
            [
              12266.0,
              1962.0
            ],
            [
              12266.0,
              1959.0
            ]
          ]
        ]
      },
      "properties": {
        "annotation_id": "6004_Benign_4",
        "label": "Benign",
        "probabilities": null,
        "tags": []
      }
    },
    {
      "type": "Feature",
      "geometry": {
        "type": "Polygon",
        "coordinates": [
          [
            [
              22433.0,
              1836.0
            ],
            [
              22433.0,
              1838.0
            ],
            [
              22448.0,
              1853.0
            ],
            [
              22448.0,
              1856.0
            ],
            [
              22449.0,
              1857.0
            ],
            [
              22453.0,
              1854.0
            ],
            [
              22455.0,
              1855.0
            ],
            [
              22458.0,
              1854.0
            ],
            [
              22478.0,
              1854.0
            ],
            [
              22486.0,
              1857.0
            ],
            [
              22497.0,
              1867.0
            ],
            [
              22504.0,
              1867.0
            ],
            [
              22505.0,
              1868.0
            ],
            [
              22506.0,
              1867.0
            ],
            [
              22513.0,
              1867.0
            ],
            [
              22520.0,
              1863.0
            ],
            [
              22522.0,
              1863.0
            ],
            [
              22526.0,
              1860.0
            ],
            [
              22533.0,
              1860.0
            ],
            [
              22541.0,
              1866.0
            ],
            [
              22544.0,
              1867.0
            ],
            [
              22558.0,
              1867.0
            ],
            [
              22564.0,
              1864.0
            ],
            [
              22568.0,
              1860.0
            ],
            [
              22568.0,
              1856.0
            ],
            [
              22570.0,
              1854.0
            ],
            [
              22570.0,
              1851.0
            ],
            [
              22568.0,
              1849.0
            ],
            [
              22568.0,
              1844.0
            ],
            [
              22565.0,
              1841.0
            ],
            [
              22565.0,
              1839.0
            ],
            [
              22560.0,
              1836.0
            ],
            [
              22552.0,
              1828.0
            ],
            [
              22546.0,
              1825.0
            ],
            [
              22540.0,
              1825.0
            ],
            [
              22533.0,
              1828.0
            ],
            [
              22516.0,
              1828.0
            ],
            [
              22515.0,
              1829.0
            ],
            [
              22496.0,
              1828.0
            ],
            [
              22492.0,
              1826.0
            ],
            [
              22489.0,
              1826.0
            ],
            [
              22485.0,
              1823.0
            ],
            [
              22479.0,
              1822.0
            ],
            [
              22476.0,
              1820.0
            ],
            [
              22471.0,
              1820.0
            ],
            [
              22461.0,
              1814.0
            ],
            [
              22452.0,
              1814.0
            ],
            [
              22448.0,
              1816.0
            ],
            [
              22445.0,
              1819.0
            ],
            [
              22445.0,
              1821.0
            ],
            [
              22443.0,
              1823.0
            ],
            [
              22442.0,
              1831.0
            ],
            [
              22433.0,
              1836.0
            ]
          ]
        ]
      },
      "properties": {
        "annotation_id": "6004_Benign_7",
        "label": "Benign",
        "probabilities": null,
        "tags": []
      }
    },
    {
      "type": "Feature",
      "geometry": {
        "type": "Polygon",
        "coordinates": [
          [
            [
              20806.0,
              1687.0
            ],
            [
              20810.0,
              1691.0
            ],
            [
              20813.0,
              1692.0
            ],
            [
              20819.0,
              1699.0
            ],
            [
              20827.0,
              1703.0
            ],
            [
              20830.0,
              1706.0
            ],
            [
              20839.0,
              1707.0
            ],
            [
              20843.0,
              1710.0
            ],
            [
              20851.0,
              1713.0
            ],
            [
              20854.0,
              1716.0
            ],
            [
              20861.0,
              1718.0
            ],
            [
              20872.0,
              1726.0
            ],
            [
              20877.0,
              1726.0
            ],
            [
              20884.0,
              1730.0
            ],
            [
              20885.0,
              1729.0
            ],
            [
              20892.0,
              1729.0
            ],
            [
              20912.0,
              1739.0
            ],
            [
              20917.0,
              1739.0
            ],
            [
              20920.0,
              1738.0
            ],
            [
              20925.0,
              1733.0
            ],
            [
              20926.0,
              1730.0
            ],
            [
              20926.0,
              1717.0
            ],
            [
              20923.0,
              1713.0
            ],
            [
              20922.0,
              1709.0
            ],
            [
              20923.0,
              1700.0
            ],
            [
              20925.0,
              1698.0
            ],
            [
              20920.0,
              1691.0
            ],
            [
              20920.0,
              1685.0
            ],
            [
              20933.0,
              1680.0
            ],
            [
              20935.0,
              1677.0
            ],
            [
              20935.0,
              1674.0
            ],
            [
              20933.0,
              1668.0
            ],
            [
              20930.0,
              1664.0
            ],
            [
              20929.0,
              1659.0
            ],
            [
              20922.0,
              1655.0
            ],
            [
              20915.0,
              1658.0
            ],
            [
              20899.0,
              1678.0
            ],
            [
              20891.0,
              1679.0
            ],
            [
              20886.0,
              1676.0
            ],
            [
              20876.0,
              1666.0
            ],
            [
              20862.0,
              1660.0
            ],
            [
              20853.0,
              1652.0
            ],
            [
              20844.0,
              1652.0
            ],
            [
              20836.0,
              1659.0
            ],
            [
              20831.0,
              1666.0
            ],
            [
              20830.0,
              1672.0
            ],
            [
              20826.0,
              1678.0
            ],
            [
              20822.0,
              1679.0
            ],
            [
              20818.0,
              1682.0
            ],
            [
              20814.0,
              1682.0
            ],
            [
              20806.0,
              1687.0
            ]
          ]
        ]
      },
      "properties": {
        "annotation_id": "6004_Benign_9",
        "label": "Benign",
        "probabilities": null,
        "tags": []
      }
    },
    {
      "type": "Feature",
      "geometry": {
        "type": "Polygon",
        "coordinates": [
          [
            [
              16159.064991955767,
              1323.7134536545839
            ],
            [
              16156.693933640885,
              1326.3216178009538
            ],
            [
              16155.271298651956,
              1341.9706026791744
            ],
            [
              16146.024171223917,
              1355.9598467369772
            ],
            [
              16136.302832132902,
              1379.4333240543078
            ],
            [
              16136.06572630141,
              1399.5873197308035
            ],
            [
              16149.34365286475,
              1422.1123737221812
            ],
            [
              16149.817864527728,
              1435.39030028552
            ],
            [
              16144.12732457201,
              1443.9261102190944
            ],
            [
              16144.12732457201,
              1454.832978467551
            ],
            [
              16160.487626944698,
              1482.5743607516695
            ],
            [
              16169.260542709759,
              1487.5535832129208
            ],
            [
              16175.188188496964,
              1494.4296523260782
            ],
            [
              16181.827151778634,
              1562.7161317946761
            ],
            [
              16186.806374239884,
              1569.1179892448574
            ],
            [
              16195.579290004947,
              1569.1179892448574
            ],
            [
              16202.692464949594,
              1563.427449289141
            ],
            [
              16205.537734927451,
              1555.1287451870544
            ],
            [
              16207.434581579359,
              1497.5120281354252
            ],
            [
              16230.433847233711,
              1444.6374277135592
            ],
            [
              16237.784128009846,
              1419.5042095758115
            ],
            [
              16226.640153929899,
              1401.7212722141976
            ],
            [
              16219.289873153764,
              1379.1962182228194
            ],
            [
              16206.96036991638,
              1352.1661534331663
            ],
            [
              16199.135877477269,
              1345.2900843200089
            ],
            [
              16187.043480071372,
              1339.5995443642923
            ],
            [
              16178.270564306313,
              1326.0845119694661
            ],
            [
              16159.064991955767,
              1323.7134536545839
            ]
          ]
        ]
      },
      "properties": {
        "annotation_id": "6277ba3c-d91c-4056-8828-144f2fd7df83",
        "label": "GP4",
        "probabilities": null,
        "tags": []
      }
    },
    {
      "type": "Feature",
      "geometry": {
        "type": "Polygon",
        "coordinates": [
          [
            [
              15020.205153476283,
              1394.5833026445541
            ],
            [
              15017.823347755777,
              1400.8355426608873
            ],
            [
              15016.930170610585,
              1437.4558056136973
            ],
            [
              15011.57110773944,
              1445.7921256354753
            ],
            [
              15008.296124873743,
              1473.778342851444
            ],
            [
              15001.448433427282,
              1488.366902889555
            ],
            [
              15001.150707712219,
              1514.5667658151424
            ],
            [
              15003.830239147792,
              1521.4144572616028
            ],
            [
              15009.487027733996,
              1529.7507772833806
            ],
            [
              15016.036993465394,
              1534.2166630093334
            ],
            [
              15021.991507766665,
              1536.8961944449047
            ],
            [
              15045.51183925668,
              1540.4689030256666
            ],
            [
              15057.42086785922,
              1534.2166630093334
            ],
            [
              15063.077656445425,
              1526.1780687026187
            ],
            [
              15073.49805647265,
              1515.4599429603334
            ],
            [
              15080.345747919107,
              1502.6577372126028
            ],
            [
              15083.02527935468,
              1491.3441600401898
            ],
            [
              15082.727553639617,
              1486.580548599174
            ],
            [
              15071.116250752139,
              1466.335199974856
            ],
            [
              15065.16173645087,
              1452.937542796999
            ],
            [
              15042.832307821107,
              1415.1263769839356
            ],
            [
              15039.259599240348,
              1403.515074096459
            ],
            [
              15020.205153476283,
              1394.5833026445541
            ]
          ]
        ]
      },
      "properties": {
        "annotation_id": "6365b638-c806-4c50-9177-b8cc699ccb41",
        "label": "GP4",
        "probabilities": null,
        "tags": []
      }
    },
    {
      "type": "Feature",
      "geometry": {
        "type": "Polygon",
        "coordinates": [
          [
            [
              18981.236096215816,
              1484.6630514227893
            ],
            [
              18985.39813227873,
              1493.8195307611995
            ],
            [
              18987.062946703896,
              1512.548693044312
            ],
            [
              18991.22498276681,
              1535.0236877840464
            ],
            [
              19004.543498168132,
              1558.747293342655
            ],
            [
              19011.202755868795,
              1575.3954375943104
            ],
            [
              19012.86757029396,
              1577.8926592320588
            ],
            [
              19015.780995538,
              1579.141270050933
            ],
            [
              19020.35923520721,
              1579.141270050933
            ],
            [
              19036.59117585257,
              1574.1468267754365
            ],
            [
              19042.001822734357,
              1571.2334015313963
            ],
            [
              19043.666637159524,
              1569.1523834999396
            ],
            [
              19046.580062403562,
              1559.9959041615296
            ],
            [
              19047.828673222437,
              1548.7584067916619
            ],
            [
              19047.828673222437,
              1537.937113028086
            ],
            [
              19042.83422994694,
              1524.2023940204704
            ],
            [
              19038.672193884027,
              1514.629711075769
            ],
            [
              19031.596732577076,
              1506.305638949941
            ],
            [
              19027.018492907868,
              1498.397770430405
            ],
            [
              19024.10506766383,
              1495.4843451863649
            ],
            [
              19006.2083125933,
              1482.5820333913323
            ],
            [
              18999.132851286344,
              1481.7496261787496
            ],
            [
              18981.236096215816,
              1484.6630514227893
            ]
          ]
        ]
      },
      "properties": {
        "annotation_id": "701b1c52-7eaa-453e-89f7-332410f2f0bf",
        "label": "GP4",
        "probabilities": null,
        "tags": []
      }
    },
    {
      "type": "Feature",
      "geometry": {
        "type": "Polygon",
        "coordinates": [
          [
            [
              23005.305623452066,
              1111.2362143011953
            ],
            [
              22983.375759819424,
              1121.382867623762
            ],
            [
              22973.883729291858,
              1132.1841437413332
            ],
            [
              22959.809339199266,
              1156.0778757589908
            ],
            [
              22948.680751684195,
              1188.8090155092068
            ],
            [
              22956.208913826744,
              1191.7548180867261
            ],
            [
              22978.79340025439,
              1191.427506689224
            ],
            [
              23011.524540004608,
              1168.1883974665707
            ],
            [
              23024.616995904697,
              1166.55184047906
            ],
            [
              23038.364074599787,
              1179.316984981644
            ],
            [
              23072.404459940008,
              1178.9896735841419
            ],
            [
              23102.51710851021,
              1190.4455724967172
            ],
            [
              23123.79234934785,
              1191.7548180867261
            ],
            [
              23123.137726552846,
              1208.120387961834
            ],
            [
              23105.135599690228,
              1238.5603479295348
            ],
            [
              23093.352389380147,
              1270.3095534872439
            ],
            [
              23089.42465261012,
              1306.3138072124814
            ],
            [
              23093.679700777648,
              1318.4243289200613
            ],
            [
              23109.390647857756,
              1338.0630127701907
            ],
            [
              23111.681827640266,
              1348.5369774902597
            ],
            [
              23116.9188100003,
              1354.4285826452985
            ],
            [
              23140.81254201796,
              1360.3201878003374
            ],
            [
              23158.160046085573,
              1359.9928764028352
            ],
            [
              23161.105848663094,
              1352.1374028627836
            ],
            [
              23150.959195340525,
              1318.7516403175634
            ],
            [
              23149.977261148022,
              1272.2734218722567
            ],
            [
              23172.23443617817,
              1254.5986064071403
            ],
            [
              23185.326892078254,
              1232.0141199794912
            ],
            [
              23198.092036580838,
              1250.01624684211
            ],
            [
              23217.403409033468,
              1265.3998825247115
            ],
            [
              23229.18661934354,
              1257.5444089846599
            ],
            [
              23234.096290306075,
              1248.3796898545993
            ],
            [
              23230.495864933553,
              1231.6868085819895
            ],
            [
              23212.821049468435,
              1209.1023221543405
            ],
            [
              23210.857181083422,
              1193.0640636767346
            ],
            [
              23228.53199654854,
              1171.13420004409
            ],
            [
              23239.00596126861,
              1152.477450386467
            ],
            [
              23242.933698038632,
              1134.148012126346
            ],
            [
              23239.66058406361,
              1108.94503451868
            ],
            [
              23221.985768598497,
              1085.7059252960266
            ],
            [
              23214.130295058443,
              1083.7420569110138
            ],
            [
              23209.22062409591,
              1086.0332366935288
            ],
            [
              23202.674396145867,
              1095.5252672210916
            ],
            [
              23198.746659375844,
              1141.676174268896
            ],
            [
              23191.54580863079,
              1153.7866959764754
            ],
            [
              23175.83486155069,
              1160.0056125290164
            ],
            [
              23145.394901582993,
              1155.0959415664845
            ],
            [
              23122.155792360336,
              1160.9875467215234
            ],
            [
              23102.51710851021,
              1160.6602353240207
            ],
            [
              23067.82210037498,
              1148.5497136164413
            ],
            [
              23037.38214040728,
              1132.8387665363375
            ],
            [
              23005.305623452066,
              1111.2362143011953
            ]
          ]
        ]
      },
      "properties": {
        "annotation_id": "77360e0b-4319-4ae9-8c81-2b6636a8e56d",
        "label": "GP5",
        "probabilities": null,
        "tags": []
      }
    },
    {
      "type": "Feature",
      "geometry": {
        "type": "Polygon",
        "coordinates": [
          [
            [
              14786.30948116012,
              1508.9931678462847
            ],
            [
              14779.294499195614,
              1511.4690438337573
            ],
            [
              14776.818623208143,
              1516.8334418066145
            ],
            [
              14776.818623208143,
              1558.0980415978227
            ],
            [
              14775.580685214409,
              1575.4291735101297
            ],
            [
              14778.881853197705,
              1589.0464914412287
            ],
            [
              14780.119791191439,
              1603.4891013681515
            ],
            [
              14783.008313176824,
              1611.7420213263931
            ],
            [
              14791.261233135067,
              1627.0099232491402
            ],
            [
              14797.450923103748,
              1634.0249052136455
            ],
            [
              14815.607347011879,
              1641.865179173975
            ],
            [
              14827.57408095133,
              1643.9284091635354
            ],
            [
              14838.302876897043,
              1648.0548691426563
            ],
            [
              14846.143150857373,
              1648.4675151405684
            ],
            [
              14849.031672842757,
              1645.991639153096
            ],
            [
              14853.15813282188,
              1627.0099232491402
            ],
            [
              14856.046654807262,
              1576.2544655059542
            ],
            [
              14856.046654807262,
              1566.3509615560642
            ],
            [
              14854.808716813528,
              1562.2245015769433
            ],
            [
              14850.269610836494,
              1555.209519612438
            ],
            [
              14830.049956938801,
              1533.3392817230977
            ],
            [
              14812.306179028583,
              1516.8334418066145
            ],
            [
              14805.703843061989,
              1513.119627825406
            ],
            [
              14799.514153093307,
              1511.4690438337573
            ],
            [
              14786.30948116012,
              1508.9931678462847
            ]
          ]
        ]
      },
      "properties": {
        "annotation_id": "7901ee63-3d85-488c-acea-3627fcace1e8",
        "label": "GP3",
        "probabilities": null,
        "tags": []
      }
    },
    {
      "type": "Feature",
      "geometry": {
        "type": "Polygon",
        "coordinates": [
          [
            [
              14197.455617892852,
              2035.9859223439728
            ],
            [
              14193.455742336639,
              2030.5315465854967
            ],
            [
              14188.001366578163,
              2026.168045978716
            ],
            [
              14165.456613443128,
              2015.622919512329
            ],
            [
              14157.09323728013,
              2013.0775441583737
            ],
            [
              14145.820860712614,
              2013.4411692089388
            ],
            [
              14132.366733841707,
              2020.71367022024
            ],
            [
              14126.1851079821,
              2026.895296079846
            ],
            [
              14124.730607779838,
              2030.8951716360616
            ],
            [
              14122.54885747645,
              2047.621923962055
            ],
            [
              14122.54885747645,
              2059.2579255801375
            ],
            [
              14124.00335767871,
              2066.8940516420034
            ],
            [
              14128.003233234926,
              2070.166677097089
            ],
            [
              14133.821234043966,
              2070.166677097089
            ],
            [
              14145.820860712614,
              2063.985051237483
            ],
            [
              14157.456862330697,
              2061.8033009340925
            ],
            [
              14169.820114049908,
              2061.8033009340925
            ],
            [
              14181.092490617426,
              2068.712176894829
            ],
            [
              14189.455866780423,
              2071.9848023499144
            ],
            [
              14194.910242538897,
              2073.07567750161
            ],
            [
              14210.546119713195,
              2073.07567750161
            ],
            [
              14219.636745977323,
              2068.3485518442635
            ],
            [
              14224.363871634669,
              2061.8033009340925
            ],
            [
              14227.636497089754,
              2051.6217995182706
            ],
            [
              14228.72737224145,
              2039.9857979001883
            ],
            [
              14221.818496280712,
              2034.1677970911473
            ],
            [
              14219.273120926757,
              2033.0769219394522
            ],
            [
              14209.091619510935,
              2037.076797495668
            ],
            [
              14197.455617892852,
              2035.9859223439728
            ]
          ]
        ]
      },
      "properties": {
        "annotation_id": "7ed26596-f0b8-409e-a7e1-803909cbb50c",
        "label": "GP4",
        "probabilities": null,
        "tags": []
      }
    },
    {
      "type": "Feature",
      "geometry": {
        "type": "Polygon",
        "coordinates": [
          [
            [
              17181.710778956043,
              1738.215969306411
            ],
            [
              17168.865325841332,
              1768.2931278189096
            ],
            [
              17161.346036213206,
              1794.2973377828414
            ],
            [
              17161.0327324787,
              1812.4689543841428
            ],
            [
              17164.47907355826,
              1822.4946738883089
            ],
            [
              17171.998363186383,
              1830.0139635164335
            ],
            [
              17184.843816301094,
              1838.7864680825792
            ],
            [
              17199.255788088336,
              1872.6232714091402
            ],
            [
              17203.015432902397,
              1877.009523692213
            ],
            [
              17220.873745769193,
              1885.4687245238536
            ],
            [
              17231.839376476877,
              1893.9279253554937
            ],
            [
              17253.770637892238,
              1905.833467266691
            ],
            [
              17275.075291838595,
              1910.2197195497638
            ],
            [
              17284.16110013924,
              1899.8806963110922
            ],
            [
              17286.667530015286,
              1892.0481029484624
            ],
            [
              17286.667530015286,
              1881.7090797097912
            ],
            [
              17280.714759059687,
              1854.7649585423442
            ],
            [
              17251.89081548521,
              1814.0354730566685
            ],
            [
              17239.358666105,
              1803.3831460834917
            ],
            [
              17229.332946600836,
              1799.6235012694294
            ],
            [
              17218.367315893152,
              1790.8509967032842
            ],
            [
              17216.800797220625,
              1788.0312630927374
            ],
            [
              17215.547582282605,
              1747.9283850760721
            ],
            [
              17213.35445614107,
              1736.3361468993799
            ],
            [
              17205.208559043935,
              1727.8769460677393
            ],
            [
              17200.509003026356,
              1727.250338598729
            ],
            [
              17181.710778956043,
              1738.215969306411
            ]
          ]
        ]
      },
      "properties": {
        "annotation_id": "8861d470-e09e-49dc-97ef-f5400bf4f9f1",
        "label": "GP4",
        "probabilities": null,
        "tags": []
      }
    },
    {
      "type": "Feature",
      "geometry": {
        "type": "Polygon",
        "coordinates": [
          [
            [
              17345.834241537308,
              1345.99689803721
            ],
            [
              17346.43932067702,
              1369.8975240556733
            ],
            [
              17343.11138540862,
              1381.3940277101244
            ],
            [
              17344.019004118185,
              1413.4632221146444
            ],
            [
              17347.346939386578,
              1419.8165530815781
            ],
            [
              17351.885032934388,
              1424.6571861992416
            ],
            [
              17358.84344304103,
              1426.1698840485114
            ],
            [
              17365.19677400796,
              1426.1698840485114
            ],
            [
              17371.247565405043,
              1422.2368696404099
            ],
            [
              17375.483119382996,
              1417.3962365227464
            ],
            [
              17377.90343594183,
              1408.0175098572734
            ],
            [
              17377.600896371976,
              1395.9159270631144
            ],
            [
              17376.39073809256,
              1390.470214805743
            ],
            [
              17376.39073809256,
              1352.9553081438514
            ],
            [
              17373.97042153373,
              1344.181660618086
            ],
            [
              17371.247565405043,
              1339.6435670702767
            ],
            [
              17368.222169706503,
              1338.4334087908605
            ],
            [
              17359.448522180737,
              1337.8283296511527
            ],
            [
              17353.70027035351,
              1336.3156318018828
            ],
            [
              17345.834241537308,
              1345.99689803721
            ]
          ]
        ]
      },
      "properties": {
        "annotation_id": "8ecf46ca-0cef-4c4d-8bf0-96915894eb75",
        "label": "GP4",
        "probabilities": null,
        "tags": []
      }
    },
    {
      "type": "Feature",
      "geometry": {
        "type": "Polygon",
        "coordinates": [
          [
            [
              16972.702332458393,
              1629.3633763120667
            ],
            [
              16965.18304283027,
              1632.4964136571189
            ],
            [
              16961.1100942817,
              1664.1400908421438
            ],
            [
              16971.135813785866,
              1675.1057215498256
            ],
            [
              16980.22162208652,
              1680.7451887709187
            ],
            [
              16988.36751918365,
              1692.6507306821163
            ],
            [
              17006.225832050448,
              1704.242968858809
            ],
            [
              17034.423168155918,
              1712.0755622214388
            ],
            [
              17065.753541606435,
              1678.5520626293828
            ],
            [
              17074.52604617258,
              1676.6722402223515
            ],
            [
              17087.998106756306,
              1678.2387588948773
            ],
            [
              17090.817840366853,
              1706.1227912658399
            ],
            [
              17090.817840366853,
              1757.191299990187
            ],
            [
              17087.371499287296,
              1768.4702344323741
            ],
            [
              17084.865069411255,
              1817.9722244841948
            ],
            [
              17091.444447835864,
              1829.5644626608876
            ],
            [
              17098.96373746399,
              1832.6975000059394
            ],
            [
              17114.942227923755,
              1831.1309813334133
            ],
            [
              17129.667503445497,
              1825.1782103778148
            ],
            [
              17137.813400542633,
              1812.3327572631015
            ],
            [
              17138.753311746146,
              1794.7877481308105
            ],
            [
              17126.847769834952,
              1763.7706784147963
            ],
            [
              17123.088125020888,
              1744.9724543444845
            ],
            [
              17122.77482128638,
              1728.3673564157089
            ],
            [
              17129.667503445497,
              1726.4875340086778
            ],
            [
              17137.50009680813,
              1720.2214593185738
            ],
            [
              17155.358409674922,
              1679.8052775674034
            ],
            [
              17157.238232081952,
              1656.9341049485238
            ],
            [
              17152.538676064378,
              1637.5092734092018
            ],
            [
              17146.272601374272,
              1626.2303389670146
            ],
            [
              17141.573045356694,
              1622.4706941529523
            ],
            [
              17131.860629587034,
              1624.663820294489
            ],
            [
              17126.847769834952,
              1605.8655962241771
            ],
            [
              17119.955087675837,
              1596.153180454516
            ],
            [
              17106.483027092112,
              1593.020143109464
            ],
            [
              17082.671943269717,
              1598.9729140650627
            ],
            [
              17075.779261110605,
              1617.4578344008694
            ],
            [
              17057.607644509302,
              1635.3161472676657
            ],
            [
              17049.14844367766,
              1663.8267871076382
            ],
            [
              17040.689242846023,
              1668.5263431252165
            ],
            [
              17024.39744865175,
              1645.968474240842
            ],
            [
              17012.491906740554,
              1640.0157032852435
            ],
            [
              17004.032705908914,
              1639.0757920817275
            ],
            [
              16992.127163997717,
              1627.796857639541
            ],
            [
              16978.028495944982,
              1623.0973016219632
            ],
            [
              16972.702332458393,
              1629.3633763120667
            ]
          ]
        ]
      },
      "properties": {
        "annotation_id": "9299429d-a628-4831-b4bc-c22c1942e087",
        "label": "GP4",
        "probabilities": null,
        "tags": []
      }
    },
    {
      "type": "Feature",
      "geometry": {
        "type": "Polygon",
        "coordinates": [
          [
            [
              15574.621218142793,
              1326.308742700576
            ],
            [
              15575.482161546073,
              1331.4744031202663
            ],
            [
              15573.975510590331,
              1340.0838371530833
            ],
            [
              15573.76027473951,
              1354.5046391580515
            ],
            [
              15572.038387932946,
              1365.4816675498937
            ],
            [
              15572.038387932946,
              1382.0548280630662
            ],
            [
              15579.14117101002,
              1396.9061017696754
            ],
            [
              15584.737303131351,
              1404.6545923992107
            ],
            [
              15592.485793760887,
              1409.3897811172599
            ],
            [
              15597.866690031398,
              1409.8202528189008
            ],
            [
              15610.350369378983,
              1403.363177294288
            ],
            [
              15616.807444903596,
              1397.5518093221363
            ],
            [
              15625.847350638052,
              1391.3099696483443
            ],
            [
              15631.443482759385,
              1384.637658272911
            ],
            [
              15635.317728074151,
              1377.1044034941963
            ],
            [
              15638.761501687277,
              1352.5675165006678
            ],
            [
              15638.761501687277,
              1343.9580824678508
            ],
            [
              15637.900558283996,
              1339.8686013022627
            ],
            [
              15635.963435626612,
              1336.8552993907767
            ],
            [
              15626.277822339693,
              1327.815393656319
            ],
            [
              15617.453152456055,
              1322.8649690874493
            ],
            [
              15601.310463644526,
              1321.788789833347
            ],
            [
              15574.621218142793,
              1326.308742700576
            ]
          ]
        ]
      },
      "properties": {
        "annotation_id": "99c51184-9eb9-4a58-b35b-b7e81961bd50",
        "label": "GP3",
        "probabilities": null,
        "tags": []
      }
    },
    {
      "type": "Feature",
      "geometry": {
        "type": "Polygon",
        "coordinates": [
          [
            [
              22984.030382614426,
              1213.6846817193707
            ],
            [
              22978.138777459386,
              1219.2489754769076
            ],
            [
              22972.57448370185,
              1228.4136946069677
            ],
            [
              22969.628681124334,
              1230.3775629919805
            ],
            [
              22966.028255751808,
              1231.359497184487
            ],
            [
              22935.915607181607,
              1231.359497184487
            ],
            [
              22928.387445039058,
              1234.959922557011
            ],
            [
              22925.44164246154,
              1238.2330365320322
            ],
            [
              22916.931546126485,
              1251.652803829621
            ],
            [
              22915.294989138973,
              1257.871720382162
            ],
            [
              22915.294989138973,
              1265.3998825247115
            ],
            [
              22918.240791716493,
              1276.2011586422827
            ],
            [
              22923.80508547403,
              1284.7112549773387
            ],
            [
              22934.933672989104,
              1291.5847943248841
            ],
            [
              22943.77108072166,
              1294.2032855049015
            ],
            [
              22954.57235683923,
              1299.112956467434
            ],
            [
              22959.15471640426,
              1298.4583336724293
            ],
            [
              22966.355567149312,
              1292.5667285173909
            ],
            [
              22972.90179509935,
              1292.2394171198882
            ],
            [
              22975.19297488187,
              1292.5667285173909
            ],
            [
              22987.958119384453,
              1301.731447647451
            ],
            [
              22990.57661056447,
              1302.0587590449531
            ],
            [
              22999.086706899525,
              1301.0768248524469
            ],
            [
              23006.287557644573,
              1297.4763994799232
            ],
            [
              23012.506474197115,
              1291.5847943248841
            ],
            [
              23019.052702147157,
              1277.1830928347892
            ],
            [
              23019.052702147157,
              1239.214970724539
            ],
            [
              23003.669066464554,
              1209.7569449493449
            ],
            [
              23002.032509477045,
              1208.120387961834
            ],
            [
              22996.79552711701,
              1207.7930765643316
            ],
            [
              22984.030382614426,
              1213.6846817193707
            ]
          ]
        ]
      },
      "properties": {
        "annotation_id": "9a25df8f-343b-4d98-8b15-85c00bd0d58b",
        "label": "GP4",
        "probabilities": null,
        "tags": []
      }
    },
    {
      "type": "Feature",
      "geometry": {
        "type": "Polygon",
        "coordinates": [
          [
            [
              17726.551779943635,
              1762.639302218649
            ],
            [
              17726.551779943635,
              1774.68963987972
            ],
            [
              17731.461176768516,
              1786.2936687385288
            ],
            [
              17733.692720779825,
              1789.8641391566243
            ],
            [
              17743.51151442959,
              1799.6829328063857
            ],
            [
              17749.759837661255,
              1808.1628000493617
            ],
            [
              17755.115543288397,
              1812.1795792697185
            ],
            [
              17768.504807356254,
              1815.3037408855519
            ],
            [
              17780.555145017323,
              1819.3205201059086
            ],
            [
              17788.588703458037,
              1819.7668289081703
            ],
            [
              17791.712865073874,
              1818.427902501385
            ],
            [
              17802.424276328158,
              1807.2701824448377
            ],
            [
              17807.33367315304,
              1800.5755504109095
            ],
            [
              17809.118908362085,
              1794.773535981505
            ],
            [
              17809.118908362085,
              1790.7567567611482
            ],
            [
              17807.7799819553,
              1786.739977540791
            ],
            [
              17802.87058513042,
              1782.7231983204338
            ],
            [
              17780.108836215062,
              1782.276889518172
            ],
            [
              17776.092056994705,
              1781.3842719136483
            ],
            [
              17767.61218975173,
              1768.4413166480533
            ],
            [
              17764.93433693816,
              1767.1023902412678
            ],
            [
              17726.551779943635,
              1762.639302218649
            ]
          ]
        ]
      },
      "properties": {
        "annotation_id": "9d3ec4d1-2793-455b-aabe-441bc6f8334b",
        "label": "GP4",
        "probabilities": null,
        "tags": []
      }
    },
    {
      "type": "Feature",
      "geometry": {
        "type": "Polygon",
        "coordinates": [
          [
            [
              17386.485129732326,
              1271.4498409679145
            ],
            [
              17382.552115324226,
              1278.408251074556
            ],
            [
              17387.39274844189,
              1305.9393519312666
            ],
            [
              17387.997827581596,
              1308.3596684900983
            ],
            [
              17395.863856397802,
              1321.973949133527
            ],
            [
              17398.284172956635,
              1323.184107412943
            ],
            [
              17402.21718736473,
              1323.4866469827969
            ],
            [
              17416.134007578017,
              1323.4866469827969
            ],
            [
              17430.95844650086,
              1337.7060067659334
            ],
            [
              17436.404158758232,
              1345.2694960122824
            ],
            [
              17441.54733144575,
              1350.4126686998
            ],
            [
              17444.270187574435,
              1351.6228269792157
            ],
            [
              17450.92605811122,
              1351.6228269792157
            ],
            [
              17452.741295530344,
              1350.4126686998
            ],
            [
              17455.766691228888,
              1345.2694960122824
            ],
            [
              17457.279389078158,
              1337.1009276262253
            ],
            [
              17456.9768495083,
              1324.9993448320668
            ],
            [
              17451.833676820785,
              1306.2418915011206
            ],
            [
              17451.833676820785,
              1298.6784022547715
            ],
            [
              17454.55653294947,
              1288.3920568797366
            ],
            [
              17454.55653294947,
              1272.3574596774763
            ],
            [
              17453.0438351002,
              1267.8193661296668
            ],
            [
              17449.110820692098,
              1263.8863517215652
            ],
            [
              17443.967648004582,
              1262.0711143024414
            ],
            [
              17438.52193574721,
              1262.3736538722953
            ],
            [
              17434.891460908962,
              1266.004128710543
            ],
            [
              17432.773683919986,
              1270.8447618282066
            ],
            [
              17431.260986070716,
              1277.8031719348478
            ],
            [
              17430.353367361153,
              1292.627610857692
            ],
            [
              17429.748288221446,
              1295.3504669863776
            ],
            [
              17428.235590372173,
              1296.560625265794
            ],
            [
              17416.134007578017,
              1296.560625265794
            ],
            [
              17406.45274134269,
              1290.2072942988602
            ],
            [
              17402.82226650444,
              1286.8793590304667
            ],
            [
              17401.612108225025,
              1283.8539633319274
            ],
            [
              17401.914647794878,
              1280.2234884936793
            ],
            [
              17401.00702908532,
              1277.1980927951395
            ],
            [
              17398.284172956635,
              1272.3574596774763
            ],
            [
              17386.485129732326,
              1271.4498409679145
            ]
          ]
        ]
      },
      "properties": {
        "annotation_id": "9e39312b-4e07-4f00-8b9b-4f19623fb661",
        "label": "GP4",
        "probabilities": null,
        "tags": []
      }
    },
    {
      "type": "Feature",
      "geometry": {
        "type": "Polygon",
        "coordinates": [
          [
            [
              15216.5904509249,
              1668.1613052481132
            ],
            [
              15208.322501775794,
              1677.6103899899508
            ],
            [
              15182.337518735741,
              1696.2723323550792
            ],
            [
              15164.148030607705,
              1713.5169120089326
            ],
            [
              15122.335830625074,
              1774.9359628308757
            ],
            [
              15116.902606898519,
              1792.1805424847287
            ],
            [
              15116.430152661425,
              1823.8349763698839
            ],
            [
              15135.564549263647,
              1857.3792272034066
            ],
            [
              15149.7381763764,
              1861.8675424557794
            ],
            [
              15174.77825094227,
              1863.048678048509
            ],
            [
              15181.628837380102,
              1857.1430000848607
            ],
            [
              15193.203966188854,
              1832.1029255189917
            ],
            [
              15217.771586517632,
              1802.3383085822043
            ],
            [
              15235.488620408576,
              1796.9050848556474
            ],
            [
              15246.355067861688,
              1797.849993329831
            ],
            [
              15250.843383114061,
              1801.1571729894742
            ],
            [
              15252.969427180973,
              1809.1888950200362
            ],
            [
              15252.260745825337,
              1837.063695008456
            ],
            [
              15257.457742433346,
              1856.434318729223
            ],
            [
              15261.001149211537,
              1887.8525254958322
            ],
            [
              15271.86759666465,
              1899.1914271860371
            ],
            [
              15295.254081400695,
              1912.892600061701
            ],
            [
              15312.262433936005,
              1913.837508535885
            ],
            [
              15318.404339018198,
              1906.2782407424152
            ],
            [
              15329.507013589857,
              1866.592084826698
            ],
            [
              15324.782471218938,
              1825.4885661997055
            ],
            [
              15329.034559352765,
              1761.2347899552112
            ],
            [
              15323.837562744753,
              1733.359989966791
            ],
            [
              15321.23906444075,
              1686.8232476132423
            ],
            [
              15304.93939326108,
              1661.7831730473729
            ],
            [
              15274.466094968655,
              1654.6963594909946
            ],
            [
              15246.355067861688,
              1655.1688137280867
            ],
            [
              15232.181440748933,
              1649.9718171200764
            ],
            [
              15216.5904509249,
              1668.1613052481132
            ]
          ]
        ]
      },
      "properties": {
        "annotation_id": "9ff307ae-6938-45f9-8dd4-f54325281701",
        "label": "GP4",
        "probabilities": null,
        "tags": []
      }
    },
    {
      "type": "Feature",
      "geometry": {
        "type": "Polygon",
        "coordinates": [
          [
            [
              14948.54906882962,
              1593.854285352089
            ],
            [
              14944.060753577247,
              1595.9803294190024
            ],
            [
              14945.241889169974,
              1606.8467768721155
            ],
            [
              14944.060753577247,
              1633.776668386352
            ],
            [
              14945.241889169974,
              1635.9027124532652
            ],
            [
              14953.982292556175,
              1647.4778412620162
            ],
            [
              14958.706834927092,
              1652.202383632935
            ],
            [
              14969.33705526166,
              1658.8167429522211
            ],
            [
              14975.7151874624,
              1658.8167429522211
            ],
            [
              14978.786140003496,
              1657.163153122399
            ],
            [
              14981.620865426048,
              1658.1080615965832
            ],
            [
              14987.29031627115,
              1669.9194175238797
            ],
            [
              14989.652587456609,
              1672.7541429464309
            ],
            [
              14996.975628131533,
              1678.6598209100794
            ],
            [
              15005.007350162097,
              1680.0771836213553
            ],
            [
              15006.42471287337,
              1679.1322751471712
            ],
            [
              15008.314529821739,
              1675.588868368982
            ],
            [
              15009.968119651561,
              1669.9194175238797
            ],
            [
              15009.968119651561,
              1660.9427870191344
            ],
            [
              15008.078302703194,
              1654.80088193694
            ],
            [
              15003.11753321373,
              1647.7140683805617
            ],
            [
              14993.66844847189,
              1644.6431158394646
            ],
            [
              14990.125041693702,
              1642.5170717725514
            ],
            [
              14986.81786203406,
              1637.320075164541
            ],
            [
              14985.63672644133,
              1633.5404412678058
            ],
            [
              14985.63672644133,
              1630.7057158452549
            ],
            [
              14987.762770508241,
              1625.981173474336
            ],
            [
              14989.180133219517,
              1618.8943599179581
            ],
            [
              14994.613356946074,
              1602.3584616197425
            ],
            [
              14994.37712982753,
              1598.106373485916
            ],
            [
              14991.542404404978,
              1594.0905124706348
            ],
            [
              14987.526543389697,
              1591.2557870480837
            ],
            [
              14970.754417972936,
              1587.9486073884405
            ],
            [
              14959.887970519823,
              1587.9486073884405
            ],
            [
              14948.54906882962,
              1593.854285352089
            ]
          ]
        ]
      },
      "properties": {
        "annotation_id": "a037ff81-4e30-4cef-839b-8cbbc0e57377",
        "label": "GP4",
        "probabilities": null,
        "tags": []
      }
    },
    {
      "type": "Feature",
      "geometry": {
        "type": "Polygon",
        "coordinates": [
          [
            [
              17244.87803152111,
              1316.7372060685962
            ],
            [
              17244.251424052105,
              1333.968911466382
            ],
            [
              17245.50463899012,
              1341.4882010945068
            ],
            [
              17248.32437260067,
              1349.947401926147
            ],
            [
              17257.096877166816,
              1360.9130326338288
            ],
            [
              17259.91661077736,
              1367.1791073239328
            ],
            [
              17269.002419078013,
              1400.7026069159888
            ],
            [
              17271.195545219547,
              1404.148947995546
            ],
            [
              17274.015278830095,
              1406.3420741370826
            ],
            [
              17279.341442316683,
              1408.2218965441136
            ],
            [
              17289.36716182085,
              1408.2218965441136
            ],
            [
              17316.937890457306,
              1402.8957330575254
            ],
            [
              17324.770483819935,
              1393.4966210223693
            ],
            [
              17327.27691369598,
              1387.5438500667703
            ],
            [
              17327.27691369598,
              1383.1575977836978
            ],
            [
              17317.564497926316,
              1376.5782193590885
            ],
            [
              17298.766273856007,
              1371.2520558725005
            ],
            [
              17292.813502900408,
              1367.8057147929433
            ],
            [
              17289.99376928986,
              1364.6726774478911
            ],
            [
              17287.174035679313,
              1355.900172881746
            ],
            [
              17287.174035679313,
              1344.6212384395587
            ],
            [
              17291.560287962388,
              1335.535430138908
            ],
            [
              17291.24698422788,
              1324.2564956967208
            ],
            [
              17289.36716182085,
              1320.4968508826585
            ],
            [
              17280.907960989207,
              1310.4711313784926
            ],
            [
              17273.701975095588,
              1304.5183604228937
            ],
            [
              17269.315722812516,
              1303.5784492193782
            ],
            [
              17257.723484635822,
              1304.2050566883884
            ],
            [
              17244.87803152111,
              1316.7372060685962
            ]
          ]
        ]
      },
      "properties": {
        "annotation_id": "a3e42e32-9b12-4171-b6c1-ce8eba93022d",
        "label": "GP4",
        "probabilities": null,
        "tags": []
      }
    },
    {
      "type": "Feature",
      "geometry": {
        "type": "Polygon",
        "coordinates": [
          [
            [
              14872.342329875406,
              1818.1498985903627
            ],
            [
              14870.688740045585,
              1823.5831223169191
            ],
            [
              14869.7438315714,
              1846.4971528158746
            ],
            [
              14879.901597668877,
              1866.5764578922788
            ],
            [
              14880.610279024513,
              1872.2459087373816
            ],
            [
              14880.137824787422,
              1939.8068646415186
            ],
            [
              14888.40577393653,
              1950.9095392131776
            ],
            [
              14894.78390613727,
              1955.1616273470042
            ],
            [
              14913.445848502399,
              1956.106535821188
            ],
            [
              14918.17039087332,
              1954.6891731099124
            ],
            [
              14921.005116295868,
              1951.618220568815
            ],
            [
              14923.367387481328,
              1940.7517731157022
            ],
            [
              14923.131160362784,
              1920.672468039298
            ],
            [
              14916.753028162044,
              1885.4746273759538
            ],
            [
              14915.09943833222,
              1851.457922305339
            ],
            [
              14917.225482399135,
              1850.7492409497015
            ],
            [
              14920.532662058777,
              1852.402830779523
            ],
            [
              14925.729658666787,
              1859.017190098809
            ],
            [
              14929.745519682068,
              1888.0731256799588
            ],
            [
              14932.107790867529,
              1894.2150307621532
            ],
            [
              14938.722150186813,
              1900.3569358443476
            ],
            [
              14961.872407804318,
              1914.7667900756496
            ],
            [
              14973.683763731615,
              1918.5464239723844
            ],
            [
              14978.40830610253,
              1916.8928341425628
            ],
            [
              14980.061895932355,
              1910.9871561789146
            ],
            [
              14979.589441695263,
              1890.1991697468725
            ],
            [
              14977.227170509803,
              1880.0414036493974
            ],
            [
              14956.91163831485,
              1828.7801189249294
            ],
            [
              14946.99009933592,
              1809.1732680856169
            ],
            [
              14942.029329846457,
              1802.322681647785
            ],
            [
              14936.832333238448,
              1797.8343663954122
            ],
            [
              14930.9266552748,
              1797.8343663954122
            ],
            [
              14920.060207821687,
              1813.1891291008976
            ],
            [
              14916.28057392495,
              1814.6064918121735
            ],
            [
              14899.50844850819,
              1813.6615833379897
            ],
            [
              14872.342329875406,
              1818.1498985903627
            ]
          ]
        ]
      },
      "properties": {
        "annotation_id": "a3e560b6-d7ab-4f1c-a94e-8a1967dada26",
        "label": "GP4",
        "probabilities": null,
        "tags": []
      }
    },
    {
      "type": "Feature",
      "geometry": {
        "type": "Polygon",
        "coordinates": [
          [
            [
              16233.279117211569,
              1480.6775140997638
            ],
            [
              16235.887281357936,
              1479.4919849423225
            ],
            [
              16238.732551335797,
              1479.2548791108345
            ],
            [
              16242.763350471096,
              1477.1209266274407
            ],
            [
              16247.50546710086,
              1476.172503301488
            ],
            [
              16251.536266236159,
              1476.172503301488
            ],
            [
              16253.433112888064,
              1477.5951382904173
            ],
            [
              16261.494711158663,
              1493.481229000126
            ],
            [
              16264.577086968007,
              1515.7691771600153
            ],
            [
              16263.628663642055,
              1533.5521145216294
            ],
            [
              16262.917346147591,
              1535.2118553420466
            ],
            [
              16258.412335349316,
              1539.479760308834
            ],
            [
              16252.7217953936,
              1552.0463693777083
            ],
            [
              16244.897302954489,
              1559.8708618168182
            ],
            [
              16239.918080493235,
              1562.0048143002118
            ],
            [
              16230.908058896686,
              1561.5306026372352
            ],
            [
              16229.24831807627,
              1559.63375598533
            ],
            [
              16229.011212244779,
              1557.2626976704482
            ],
            [
              16229.011212244779,
              1552.7576868721726
            ],
            [
              16229.722529739243,
              1550.8608402202674
            ],
            [
              16242.052032976631,
              1525.016304588055
            ],
            [
              16244.423091291512,
              1517.666023811921
            ],
            [
              16244.423091291512,
              1509.3673197098344
            ],
            [
              16243.47466796556,
              1506.2849439004879
            ],
            [
              16234.938858031985,
              1495.8522873150077
            ],
            [
              16233.279117211569,
              1480.6775140997638
            ]
          ]
        ]
      },
      "properties": {
        "annotation_id": "a4ed8fa7-a094-4d53-9dbd-11857aa72e6a",
        "label": "GP4",
        "probabilities": null,
        "tags": []
      }
    },
    {
      "type": "Feature",
      "geometry": {
        "type": "Polygon",
        "coordinates": [
          [
            [
              19065.725428292968,
              1395.1792760701421
            ],
            [
              19070.303667962173,
              1406.0005698337181
            ],
            [
              19070.303667962173,
              1423.0649176916647
            ],
            [
              19066.97403911184,
              1440.5454691559028
            ],
            [
              19065.725428292968,
              1464.2690747145111
            ],
            [
              19087.368015820117,
              1493.8195307611995
            ],
            [
              19090.28144106416,
              1502.97601009961
            ],
            [
              19096.940698764818,
              1548.3422031853706
            ],
            [
              19113.172639410186,
              1574.1468267754365
            ],
            [
              19128.155969236675,
              1591.627378239674
            ],
            [
              19149.798556763824,
              1600.7838575780847
            ],
            [
              19153.54438922045,
              1599.1190431529192
            ],
            [
              19159.371239708526,
              1587.8815457830517
            ],
            [
              19174.770773141307,
              1567.487569074774
            ],
            [
              19186.008270511174,
              1536.2722986029203
            ],
            [
              19191.835120999254,
              1510.0514714065635
            ],
            [
              19191.835120999254,
              1491.7385127297428
            ],
            [
              19186.84067772376,
              1463.85287110822
            ],
            [
              19181.01382723568,
              1456.7774098012665
            ],
            [
              19168.52771904694,
              1451.78296652577
            ],
            [
              19146.052724307203,
              1437.2158403055716
            ],
            [
              19138.14485578767,
              1425.1459357231215
            ],
            [
              19132.31800529959,
              1410.9950131092144
            ],
            [
              19121.08050792972,
              1395.5954796764336
            ],
            [
              19106.92958531581,
              1382.6931678814005
            ],
            [
              19094.027273520784,
              1379.7797426373609
            ],
            [
              19065.725428292968,
              1395.1792760701421
            ]
          ]
        ]
      },
      "properties": {
        "annotation_id": "aa8d204e-8c9c-42c8-84ad-a635fb3f0d28",
        "label": "GP4",
        "probabilities": null,
        "tags": []
      }
    },
    {
      "type": "Feature",
      "geometry": {
        "type": "Polygon",
        "coordinates": [
          [
            [
              17873.21845052865,
              1310.6103078544368
            ],
            [
              17862.507039274366,
              1331.1405127584835
            ],
            [
              17859.38287765853,
              1354.7948792783636
            ],
            [
              17857.15133364722,
              1401.2109947135996
            ],
            [
              17860.275495263057,
              1422.1875084199085
            ],
            [
              17870.540597715077,
              1432.8989196741936
            ],
            [
              17883.037244178413,
              1419.5096556063372
            ],
            [
              17891.070802619124,
              1419.063346804075
            ],
            [
              17892.856037828173,
              1422.1875084199085
            ],
            [
              17890.1781850146,
              1506.5398720474054
            ],
            [
              17892.856037828173,
              1540.9056498215705
            ],
            [
              17895.08758183948,
              1543.5835026351422
            ],
            [
              17904.46006668698,
              1542.2445762283562
            ],
            [
              17920.52718356841,
              1525.7311505446667
            ],
            [
              17924.543962788768,
              1529.7479297650234
            ],
            [
              17922.312418777456,
              1540.4593410193088
            ],
            [
              17881.698317771625,
              1608.744587765378
            ],
            [
              17881.698317771625,
              1623.4727782400198
            ],
            [
              17888.839258607815,
              1637.3083511101386
            ],
            [
              17907.584228302814,
              1651.5902327825188
            ],
            [
              17917.849330754838,
              1664.9794968503754
            ],
            [
              17932.13121242722,
              1694.43587779966
            ],
            [
              17938.379535658885,
              1719.4291707263258
            ],
            [
              17948.198329308645,
              1736.3889052122775
            ],
            [
              17976.315783851147,
              1769.415756579657
            ],
            [
              17986.134577500907,
              1770.754682986443
            ],
            [
              17991.93659193031,
              1758.7043453253718
            ],
            [
              17993.275518337097,
              1732.8184347941824
            ],
            [
              17965.60437259686,
              1673.0130552910894
            ],
            [
              17954.00034373805,
              1635.9694247033526
            ],
            [
              17952.661417331266,
              1611.4224405789487
            ],
            [
              17952.661417331266,
              1588.6606916635924
            ],
            [
              17962.480210981026,
              1527.5163857537143
            ],
            [
              17962.480210981026,
              1511.0029600700238
            ],
            [
              17958.46343176067,
              1502.5230928270482
            ],
            [
              17975.423166246623,
              1485.1170495388349
            ],
            [
              17977.65471025793,
              1451.1975805669313
            ],
            [
              17972.299004630786,
              1450.7512717646691
            ],
            [
              17952.215108529006,
              1481.1002703184777
            ],
            [
              17946.4130940996,
              1481.9928879230015
            ],
            [
              17937.933226856625,
              1434.2378460809796
            ],
            [
              17948.198329308645,
              1405.2277739339568
            ],
            [
              17951.768799726742,
              1346.7613208376492
            ],
            [
              17941.057388472454,
              1334.7109831765786
            ],
            [
              17933.023830031743,
              1334.2646743743164
            ],
            [
              17924.99027159103,
              1349.439173651221
            ],
            [
              17918.295639557102,
              1386.0364954366955
            ],
            [
              17913.38624273222,
              1391.3922010638382
            ],
            [
              17907.584228302814,
              1391.3922010638382
            ],
            [
              17909.369463511863,
              1336.049909583364
            ],
            [
              17900.889596268884,
              1319.5364838996743
            ],
            [
              17890.1781850146,
              1314.1807782725318
            ],
            [
              17873.21845052865,
              1310.6103078544368
            ]
          ]
        ]
      },
      "properties": {
        "annotation_id": "ada9bbdb-1134-4e41-a1af-232dd2e4d0c6",
        "label": "GP4",
        "probabilities": null,
        "tags": []
      }
    },
    {
      "type": "Feature",
      "geometry": {
        "type": "Polygon",
        "coordinates": [
          [
            [
              13951.796922991494,
              1707.0679746169103
            ],
            [
              13948.288708413369,
              1730.7484230192656
            ],
            [
              13931.039986737578,
              1776.6475637497567
            ],
            [
              13928.701177018826,
              1813.191465605243
            ],
            [
              13937.471713464145,
              1831.9019433552521
            ],
            [
              13951.796922991494,
              1845.3500992380712
            ],
            [
              13959.982757007123,
              1847.981260171666
            ],
            [
              13983.663205409479,
              1847.6889089568224
            ],
            [
              14002.958385589176,
              1839.7954261560371
            ],
            [
              14009.974814745428,
              1831.9019433552521
            ],
            [
              14008.51305867121,
              1817.8690850427452
            ],
            [
              13988.34082484698,
              1806.1750364489897
            ],
            [
              13982.786151764947,
              1800.035660937268
            ],
            [
              13983.955556624323,
              1798.5739048630483
            ],
            [
              14005.297195307927,
              1798.5739048630483
            ],
            [
              14029.854697354813,
              1806.4673876638333
            ],
            [
              14068.152706499362,
              1809.0985485974286
            ],
            [
              14086.278481819685,
              1803.5438755153948
            ],
            [
              14122.82238367517,
              1781.032831972415
            ],
            [
              14133.34702740955,
              1769.3387833786594
            ],
            [
              14161.997446464253,
              1721.977886573949
            ],
            [
              14164.920958612693,
              1714.0844037731638
            ],
            [
              14165.505661042378,
              1684.5569310739309
            ],
            [
              14154.981017307999,
              1671.6934776207997
            ],
            [
              14148.256939366589,
              1668.185263042673
            ],
            [
              14131.88527133533,
              1662.3382387457948
            ],
            [
              14113.174793585324,
              1661.7535363161073
            ],
            [
              14081.600862382182,
              1678.125204347365
            ],
            [
              14063.47508706186,
              1695.081574808311
            ],
            [
              14049.442228749354,
              1715.8385110622273
            ],
            [
              14044.179906882164,
              1719.3467256403537
            ],
            [
              14024.30002427278,
              1718.7620232106663
            ],
            [
              14002.958385589176,
              1706.1909209723788
            ],
            [
              13983.955556624323,
              1705.8985697575347
            ],
            [
              13951.796922991494,
              1707.0679746169103
            ]
          ]
        ]
      },
      "properties": {
        "annotation_id": "afa57e1b-964c-47d0-870e-9b9ede0cfdf9",
        "label": "GP3",
        "probabilities": null,
        "tags": []
      }
    },
    {
      "type": "Feature",
      "geometry": {
        "type": "Polygon",
        "coordinates": [
          [
            [
              14521.830102477345,
              1679.8764835011264
            ],
            [
              14527.25288456953,
              1689.516984998344
            ],
            [
              14532.374400989927,
              1717.8359581464215
            ],
            [
              14538.098448753899,
              1731.0916477050962
            ],
            [
              14541.713636815357,
              1736.8156954690692
            ],
            [
              14553.462998015091,
              1745.853665622711
            ],
            [
              14562.199702496944,
              1763.6283402582062
            ],
            [
              14560.994639809793,
              1822.9776776004537
            ],
            [
              14564.609827871249,
              1842.5599462666776
            ],
            [
              14573.045266681316,
              1856.1169014971401
            ],
            [
              14585.999690568202,
              1856.418167168928
            ],
            [
              14595.640192065419,
              1846.1751343281344
            ],
            [
              14622.22519046369,
              1831.6873343539037
            ],
            [
              14627.999571732329,
              1815.729269658604
            ],
            [
              14575.756657727408,
              1774.4739044425764
            ],
            [
              14575.455392055619,
              1751.5777133866843
            ],
            [
              14577.865517429924,
              1743.1422745766183
            ],
            [
              14577.865517429924,
              1730.187850689732
            ],
            [
              14565.212359214825,
              1708.79798799278
            ],
            [
              14556.475654732973,
              1679.8764835011264
            ],
            [
              14543.219965174298,
              1671.441044691061
            ],
            [
              14533.57946367708,
              1669.9347163321206
            ],
            [
              14521.830102477345,
              1679.8764835011264
            ]
          ]
        ]
      },
      "properties": {
        "annotation_id": "b3538cc2-b641-419f-8132-058cbaf31be4",
        "label": "GP4",
        "probabilities": null,
        "tags": []
      }
    },
    {
      "type": "Feature",
      "geometry": {
        "type": "Polygon",
        "coordinates": [
          [
            [
              17879.913082562576,
              1720.3217883308496
            ],
            [
              17879.020464958052,
              1728.3553467715635
            ],
            [
              17887.500332201027,
              1743.083537246206
            ],
            [
              17889.73187621234,
              1752.9023308959675
            ],
            [
              17889.73187621234,
              1766.291594963824
            ],
            [
              17885.715096991982,
              1785.929182263347
            ],
            [
              17885.268788189718,
              1804.674151958346
            ],
            [
              17889.28556741008,
              1821.6338864442978
            ],
            [
              17895.533890641746,
              1838.59362093025
            ],
            [
              17900.443287466624,
              1846.6271793709639
            ],
            [
              17917.403021952578,
              1867.1573842750106
            ],
            [
              17940.164770867934,
              1872.959398704415
            ],
            [
              17950.876182122218,
              1872.959398704415
            ],
            [
              17954.00034373805,
              1871.1741634953673
            ],
            [
              17957.570814156144,
              1860.909061043344
            ],
            [
              17957.570814156144,
              1817.617107223941
            ],
            [
              17953.107726133527,
              1801.103681540251
            ],
            [
              17934.80906524079,
              1764.5063597547764
            ],
            [
              17925.436580393292,
              1737.2815228168013
            ],
            [
              17916.956713150317,
              1722.1070235398972
            ],
            [
              17910.708389918647,
              1715.4123915059686
            ],
            [
              17899.996978664363,
              1711.8419210878735
            ],
            [
              17891.96342022365,
              1711.3956122856118
            ],
            [
              17879.913082562576,
              1720.3217883308496
            ]
          ]
        ]
      },
      "properties": {
        "annotation_id": "b55fb735-9b78-4679-9156-bfea34241dab",
        "label": "GP4",
        "probabilities": null,
        "tags": []
      }
    },
    {
      "type": "Feature",
      "geometry": {
        "type": "Polygon",
        "coordinates": [
          [
            [
              14308.724883365763,
              1961.079161927569
            ],
            [
              14305.088632860114,
              1965.8062875849148
            ],
            [
              14304.361382758983,
              1983.6239150626031
            ],
            [
              14299.270632051073,
              1998.896167186336
            ],
            [
              14299.270632051073,
              2010.168543753853
            ],
            [
              14301.816007405028,
              2015.9865445628943
            ],
            [
              14302.906882556723,
              2022.8954205236305
            ],
            [
              14304.361382758983,
              2025.804420928151
            ],
            [
              14313.088383972545,
              2033.4405469900173
            ],
            [
              14317.81550962989,
              2042.531173254144
            ],
            [
              14320.724510034412,
              2045.8037987092296
            ],
            [
              14331.269636500798,
              2046.1674237597945
            ],
            [
              14341.087512866055,
              2037.4404225462329
            ],
            [
              14346.178263573966,
              2030.8951716360616
            ],
            [
              14349.087263978487,
              2019.9864201191099
            ],
            [
              14349.450889029053,
              2005.8050431470722
            ],
            [
              14346.54188862453,
              1995.6235417312503
            ],
            [
              14341.814762967186,
              1987.2601655682538
            ],
            [
              14334.542261955885,
              1977.805914253562
            ],
            [
              14321.815385186106,
              1966.8971627366102
            ],
            [
              14308.724883365763,
              1961.079161927569
            ]
          ]
        ]
      },
      "properties": {
        "annotation_id": "b62837c0-80f6-4d66-85e0-ac3cec2c645e",
        "label": "GP4",
        "probabilities": null,
        "tags": []
      }
    },
    {
      "type": "Feature",
      "geometry": {
        "type": "Polygon",
        "coordinates": [
          [
            [
              14730.18962544408,
              1700.0482648795785
            ],
            [
              14730.18962544408,
              1719.0299807835345
            ],
            [
              14732.665501431551,
              1733.8852367083696
            ],
            [
              14735.966669414847,
              1744.6140326540835
            ],
            [
              14738.029899404406,
              1746.6772626436439
            ],
            [
              14741.743713385617,
              1753.6922446081492
            ],
            [
              14746.28281936265,
              1760.2945805747424
            ],
            [
              14748.346049352209,
              1761.9451645663905
            ],
            [
              14755.773677314626,
              1762.3578105643026
            ],
            [
              14759.900137293747,
              1759.4692885789182
            ],
            [
              14768.153057251991,
              1748.3278466352922
            ],
            [
              14777.231269206057,
              1730.5840687250727
            ],
            [
              14777.643915203966,
              1726.8702547438638
            ],
            [
              14777.643915203966,
              1712.4276448169412
            ],
            [
              14774.34274722067,
              1705.0000168545234
            ],
            [
              14769.390995245725,
              1698.8103268858424
            ],
            [
              14766.915119258254,
              1696.747096896282
            ],
            [
              14764.02659727287,
              1695.5091589025456
            ],
            [
              14759.900137293747,
              1695.0965129046335
            ],
            [
              14730.18962544408,
              1700.0482648795785
            ]
          ]
        ]
      },
      "properties": {
        "annotation_id": "ba070f63-1f92-45be-872e-a2e875abdc33",
        "label": "GP4",
        "probabilities": null,
        "tags": []
      }
    },
    {
      "type": "Feature",
      "geometry": {
        "type": "Polygon",
        "coordinates": [
          [
            [
              14723.999935475396,
              1636.088135203206
            ],
            [
              14721.936705485838,
              1643.9284091635354
            ],
            [
              14723.174643479573,
              1664.1480630612275
            ],
            [
              14736.379315412758,
              1673.6389210132052
            ],
            [
              14747.933403354298,
              1678.1780269902385
            ],
            [
              14765.677181264518,
              1694.2712209088093
            ],
            [
              14780.119791191439,
              1717.792042789798
            ],
            [
              14786.30948116012,
              1747.91520063738
            ],
            [
              14799.926799091221,
              1785.4659864473795
            ],
            [
              14806.529135057814,
              1790.8303844202367
            ],
            [
              14816.432639007702,
              1794.9568443993571
            ],
            [
              14848.206380846932,
              1799.4959503763905
            ],
            [
              14859.760468788472,
              1799.4959503763905
            ],
            [
              14865.950158757152,
              1796.6074283910057
            ],
            [
              14870.076618736271,
              1790.4177384223246
            ],
            [
              14872.965140721659,
              1779.6889424766105
            ],
            [
              14872.965140721659,
              1771.8486685162807
            ],
            [
              14866.775450752975,
              1752.8669526123251
            ],
            [
              14855.221362811439,
              1729.7587767292487
            ],
            [
              14841.60404488034,
              1709.5391228315564
            ],
            [
              14805.703843061989,
              1677.352734994414
            ],
            [
              14802.815321076603,
              1670.3377530299088
            ],
            [
              14802.815321076603,
              1653.0066211176013
            ],
            [
              14799.101507095396,
              1634.4375512115578
            ],
            [
              14794.149755120452,
              1622.058171274195
            ],
            [
              14780.945083187264,
              1608.4408533430963
            ],
            [
              14765.677181264518,
              1598.9499953911186
            ],
            [
              14754.948385318801,
              1599.3626413890306
            ],
            [
              14749.583987345946,
              1607.6155613472722
            ],
            [
              14723.999935475396,
              1636.088135203206
            ]
          ]
        ]
      },
      "properties": {
        "annotation_id": "bafca264-0d4a-4b21-94cf-bc215e2e5353",
        "label": "GP3",
        "probabilities": null,
        "tags": []
      }
    },
    {
      "type": "Feature",
      "geometry": {
        "type": "Polygon",
        "coordinates": [
          [
            [
              16363.32949038161,
              1571.0797329355248
            ],
            [
              16360.958432066725,
              1574.6363204078477
            ],
            [
              16357.876056257383,
              1584.120553667375
            ],
            [
              16357.638950425891,
              1597.8726918936898
            ],
            [
              16355.267892111011,
              1609.2537718051228
            ],
            [
              16355.030786279523,
              1629.881979144595
            ],
            [
              16358.587373751847,
              1641.5001648875161
            ],
            [
              16363.803702044586,
              1650.035974821091
            ],
            [
              16373.762146967088,
              1659.2831022491303
            ],
            [
              16380.875321911735,
              1659.994419743595
            ],
            [
              16384.669015215546,
              1657.6233614287128
            ],
            [
              16386.328756035964,
              1652.8812447989494
            ],
            [
              16388.462708519357,
              1644.1083290338865
            ],
            [
              16389.648237676796,
              1630.3561908075717
            ],
            [
              16395.338777632514,
              1617.5524759072096
            ],
            [
              16401.977740914186,
              1607.3569251532176
            ],
            [
              16410.513550847758,
              1587.6771411396978
            ],
            [
              16405.534328386508,
              1575.1105320708239
            ],
            [
              16399.606682599304,
              1565.3891929798083
            ],
            [
              16392.019295991682,
              1562.781028833438
            ],
            [
              16386.328756035964,
              1562.3068171704617
            ],
            [
              16363.32949038161,
              1571.0797329355248
            ]
          ]
        ]
      },
      "properties": {
        "annotation_id": "bd34c1dc-77a0-414d-b037-4e0c844c02bf",
        "label": "GP3",
        "probabilities": null,
        "tags": []
      }
    },
    {
      "type": "Feature",
      "geometry": {
        "type": "Polygon",
        "coordinates": [
          [
            [
              23175.83486155069,
              1270.9641762822482
            ],
            [
              23172.23443617817,
              1273.5826674622654
            ],
            [
              23164.706274035616,
              1281.4381410023175
            ],
            [
              23162.742405650606,
              1284.3839435798366
            ],
            [
              23160.123914470587,
              1292.2394171198882
            ],
            [
              23160.123914470587,
              1317.1150833300526
            ],
            [
              23158.81466888058,
              1337.7357013726885
            ],
            [
              23158.81466888058,
              1347.8823546952556
            ],
            [
              23161.105848663094,
              1352.792025657788
            ],
            [
              23165.36089683062,
              1358.029008017822
            ],
            [
              23170.597879190656,
              1360.6474991978396
            ],
            [
              23175.50755015319,
              1361.629433390346
            ],
            [
              23180.08990971822,
              1361.629433390346
            ],
            [
              23183.36302369324,
              1359.665565005333
            ],
            [
              23192.527742823302,
              1348.5369774902597
            ],
            [
              23203.00170754337,
              1338.3903241676928
            ],
            [
              23209.875246890915,
              1323.3339998825936
            ],
            [
              23212.16642667343,
              1315.8058377400437
            ],
            [
              23212.16642667343,
              1306.3138072124814
            ],
            [
              23211.511803878428,
              1304.3499388274686
            ],
            [
              23208.566001300907,
              1300.7495134549447
            ],
            [
              23199.72859356835,
              1299.7675792624382
            ],
            [
              23197.764725183337,
              1298.4583336724293
            ],
            [
              23196.782790990826,
              1291.9121057223865
            ],
            [
              23197.11010238833,
              1278.8196498223003
            ],
            [
              23196.455479593325,
              1276.855781437287
            ],
            [
              23194.16429981081,
              1274.8919130522738
            ],
            [
              23189.909251643283,
              1273.9099788597678
            ],
            [
              23175.83486155069,
              1270.9641762822482
            ]
          ]
        ]
      },
      "properties": {
        "annotation_id": "c74d3a25-bec3-4b39-8d35-f4e008ccc78f",
        "label": "GP4",
        "probabilities": null,
        "tags": []
      }
    },
    {
      "type": "Feature",
      "geometry": {
        "type": "Polygon",
        "coordinates": [
          [
            [
              15699.719957736655,
              1725.7733111144873
            ],
            [
              15692.651216846258,
              1744.5326619389975
            ],
            [
              15688.84497175143,
              1761.9326395153546
            ],
            [
              15688.30122245217,
              1776.070121296145
            ],
            [
              15692.651216846258,
              1818.7544412881462
            ],
            [
              15699.719957736655,
              1842.407535806007
            ],
            [
              15704.885576079636,
              1850.0200259956632
            ],
            [
              15708.691821174463,
              1851.379399243816
            ],
            [
              15743.491776327177,
              1850.0200259956632
            ],
            [
              15752.735514414619,
              1854.0981457401217
            ],
            [
              15762.79487645095,
              1861.7106359297784
            ],
            [
              15781.282352625829,
              1865.245006374976
            ],
            [
              15791.34171466216,
              1865.245006374976
            ],
            [
              15813.635435931868,
              1861.7106359297784
            ],
            [
              15829.676040260074,
              1851.6512738934468
            ],
            [
              15836.744781150468,
              1841.3200372074843
            ],
            [
              15837.288530449729,
              1826.9106807770638
            ],
            [
              15829.404165610444,
              1813.5888229451655
            ],
            [
              15817.169806377065,
              1801.8982130110503
            ],
            [
              15809.557316187409,
              1799.451341164375
            ],
            [
              15795.69170905625,
              1798.9075918651138
            ],
            [
              15775.572984983588,
              1804.6169595073557
            ],
            [
              15764.697998998363,
              1803.5294609088335
            ],
            [
              15764.426124348733,
              1766.8263832087052
            ],
            [
              15761.707377852426,
              1750.7857788805009
            ],
            [
              15758.17300740723,
              1742.3576647419527
            ],
            [
              15751.648015816098,
              1734.7451745522962
            ],
            [
              15739.95740588198,
              1728.2201829611622
            ],
            [
              15725.004300152299,
              1722.7826899685508
            ],
            [
              15713.857439517444,
              1722.7826899685508
            ],
            [
              15699.719957736655,
              1725.7733111144873
            ]
          ]
        ]
      },
      "properties": {
        "annotation_id": "c774206d-7390-4c0c-9b7c-b04a66d7b761",
        "label": "GP3",
        "probabilities": null,
        "tags": []
      }
    },
    {
      "type": "Feature",
      "geometry": {
        "type": "Polygon",
        "coordinates": [
          [
            [
              16136.372942059324,
              1825.523704449298
            ],
            [
              16134.036053188456,
              1829.937827872053
            ],
            [
              16136.892250697296,
              1845.7767413301738
            ],
            [
              16136.632596378311,
              1870.1842473148185
            ],
            [
              16132.997435912512,
              1881.6090373501845
            ],
            [
              16132.997435912512,
              1886.5424694109106
            ],
            [
              16136.632596378311,
              1905.4972346968584
            ],
            [
              16140.267756844109,
              1911.9885926714978
            ],
            [
              16146.759114818748,
              1917.700987689181
            ],
            [
              16158.703213492085,
              1924.9713086207776
            ],
            [
              16181.293139243833,
              1933.5399011473016
            ],
            [
              16212.4516575221,
              1933.0205925093305
            ],
            [
              16214.269237755001,
              1931.7223209144026
            ],
            [
              16215.307855030944,
              1928.0871604486044
            ],
            [
              16218.943015496741,
              1911.469284033527
            ],
            [
              16218.943015496741,
              1907.3148149297574
            ],
            [
              16209.855114332246,
              1887.8407410058387
            ],
            [
              16188.563460175428,
              1851.4891363478564
            ],
            [
              16167.531460337595,
              1835.6502228897357
            ],
            [
              16155.587361664257,
              1825.2640501303126
            ],
            [
              16136.372942059324,
              1825.523704449298
            ]
          ]
        ]
      },
      "properties": {
        "annotation_id": "cbc9243f-edd3-4b27-980f-4562cdc61a4b",
        "label": "GP4",
        "probabilities": null,
        "tags": []
      }
    },
    {
      "type": "Feature",
      "geometry": {
        "type": "Polygon",
        "coordinates": [
          [
            [
              17758.794764326016,
              1200.749574920617
            ],
            [
              17744.066573851374,
              1222.618706231449
            ],
            [
              17740.049794631017,
              1249.3972343671624
            ],
            [
              17775.308190009706,
              1299.830129022756
            ],
            [
              17777.98604282328,
              1314.558319497398
            ],
            [
              17729.33838337673,
              1318.1287899154931
            ],
            [
              17714.610192902088,
              1337.766377215016
            ],
            [
              17712.37864889078,
              1358.2965821190633
            ],
            [
              17738.71086822423,
              1382.397257441205
            ],
            [
              17753.885367501138,
              1381.950948638943
            ],
            [
              17767.72094037125,
              1373.9173901982294
            ],
            [
              17783.78805725268,
              1385.9677278593
            ],
            [
              17804.31826215673,
              1387.3066542660856
            ],
            [
              17803.871953354468,
              1419.8871968312037
            ],
            [
              17792.267924495656,
              1444.4341809556076
            ],
            [
              17763.257852348634,
              1482.3704291478678
            ],
            [
              17753.43905869887,
              1550.2093670916747
            ],
            [
              17748.529661873992,
              1553.3335287075079
            ],
            [
              17718.626972122445,
              1536.820103023818
            ],
            [
              17687.385355964114,
              1536.820103023818
            ],
            [
              17679.3517975234,
              1586.8066888771493
            ],
            [
              17697.204149613874,
              1618.9409226400055
            ],
            [
              17744.959191455895,
              1652.8603916119089
            ],
            [
              17750.7612058853,
              1653.7530092164327
            ],
            [
              17750.7612058853,
              1646.1657595779807
            ],
            [
              17732.016236190302,
              1610.0147465947678
            ],
            [
              17727.553148167684,
              1587.6993064816736
            ],
            [
              17735.5867066084,
              1589.484541690721
            ],
            [
              17760.57999953506,
              1624.7429370694103
            ],
            [
              17796.284703716017,
              1636.3469659282193
            ],
            [
              17802.086718145416,
              1651.0751564028612
            ],
            [
              17796.731012518278,
              1684.994625374765
            ],
            [
              17799.408865331847,
              1700.169124651669
            ],
            [
              17816.368599817797,
              1727.840270391906
            ],
            [
              17832.88202550149,
              1774.2563858271426
            ],
            [
              17844.039745558035,
              1784.9677970814278
            ],
            [
              17858.321627230416,
              1784.9677970814278
            ],
            [
              17861.44578884625,
              1768.4543713977378
            ],
            [
              17851.626995196486,
              1726.0550351828585
            ],
            [
              17851.626995196486,
              1679.6389197476224
            ],
            [
              17841.808201546726,
              1661.7865676571469
            ],
            [
              17827.97262867661,
              1653.306700414171
            ],
            [
              17827.526319874345,
              1646.6120683802424
            ],
            [
              17855.197465614583,
              1627.4207898829811
            ],
            [
              17863.67733285756,
              1597.518100131435
            ],
            [
              17860.99948004399,
              1574.3100424138165
            ],
            [
              17840.46927513994,
              1546.6388966735797
            ],
            [
              17862.338406450774,
              1546.6388966735797
            ],
            [
              17869.033038484704,
              1542.1758086509608
            ],
            [
              17877.066596925415,
              1526.5550005717946
            ],
            [
              17878.4055233322,
              1508.702648481319
            ],
            [
              17871.710891298273,
              1482.3704291478678
            ],
            [
              17863.67733285756,
              1474.3368707071538
            ],
            [
              17850.734377591965,
              1508.2563396790574
            ],
            [
              17837.79142232637,
              1514.5046629107235
            ],
            [
              17829.311555083394,
              1487.2798259727488
            ],
            [
              17828.86524628113,
              1462.7328418483448
            ],
            [
              17835.1135695128,
              1331.51805398335
            ],
            [
              17840.915583942202,
              1317.2361723109693
            ],
            [
              17862.338406450774,
              1293.5818057910892
            ],
            [
              17868.58672968244,
              1237.3468967060917
            ],
            [
              17861.892097648513,
              1227.52810305633
            ],
            [
              17807.44242377256,
              1231.0985734744252
            ],
            [
              17793.16054210018,
              1212.7999125816877
            ],
            [
              17774.861881207446,
              1201.6421925251404
            ],
            [
              17758.794764326016,
              1200.749574920617
            ]
          ]
        ]
      },
      "properties": {
        "annotation_id": "d1650365-df41-4b33-8c51-2015a5024f73",
        "label": "GP4",
        "probabilities": null,
        "tags": []
      }
    },
    {
      "type": "Feature",
      "geometry": {
        "type": "Polygon",
        "coordinates": [
          [
            [
              17138.668065523852,
              1318.3037247411219
            ],
            [
              17140.547887930883,
              1324.569799431226
            ],
            [
              17145.24744394846,
              1352.1405280676836
            ],
            [
              17152.45342984208,
              1366.8658035894277
            ],
            [
              17180.964069682053,
              1386.2906351287497
            ],
            [
              17186.916840637652,
              1389.1103687392967
            ],
            [
              17192.24300412424,
              1390.3635836773174
            ],
            [
              17211.66783566356,
              1389.736976208307
            ],
            [
              17213.860961805098,
              1387.5438500667703
            ],
            [
              17216.36739168114,
              1372.191967076016
            ],
            [
              17216.36739168114,
              1354.9602616782304
            ],
            [
              17211.981139398067,
              1338.6684674839598
            ],
            [
              17205.088457238955,
              1328.0161405107833
            ],
            [
              17190.676485451713,
              1316.7372060685962
            ],
            [
              17180.964069682053,
              1312.0376500510183
            ],
            [
              17164.04566801877,
              1307.9647015024505
            ],
            [
              17150.886911169553,
              1307.6513977679456
            ],
            [
              17138.668065523852,
              1318.3037247411219
            ]
          ]
        ]
      },
      "properties": {
        "annotation_id": "d8dd8dfe-fb4d-4e1d-b7a0-b1fbb490b5a3",
        "label": "GP3",
        "probabilities": null,
        "tags": []
      }
    },
    {
      "type": "Feature",
      "geometry": {
        "type": "Polygon",
        "coordinates": [
          [
            [
              18576.78046423499,
              1330.8286822309192
            ],
            [
              18573.45083538466,
              1337.9041435378722
            ],
            [
              18567.623984896585,
              1406.9939421822419
            ],
            [
              18580.526296691613,
              1436.5443982289298
            ],
            [
              18590.098979636317,
              1446.5332847799232
            ],
            [
              18595.509626518102,
              1446.1170811736317
            ],
            [
              18611.32536355718,
              1420.7286611898576
            ],
            [
              18618.40082486413,
              1419.0638467646922
            ],
            [
              18623.395268139626,
              1457.354578543499
            ],
            [
              18611.32536355718,
              1476.4999444329028
            ],
            [
              18596.34203373069,
              1482.3267949209821
            ],
            [
              18593.84481209294,
              1486.9050345901874
            ],
            [
              18593.84481209294,
              1516.0392870305839
            ],
            [
              18599.67166258102,
              1539.7628925891927
            ],
            [
              18589.682776030026,
              1578.8860315805828
            ],
            [
              18586.769350785988,
              1622.1712066348864
            ],
            [
              18568.456392109165,
              1727.0545154203148
            ],
            [
              18569.70500292804,
              1736.6271983650163
            ],
            [
              18578.029075053866,
              1744.5350668845524
            ],
            [
              18594.677219305522,
              1747.0322885223009
            ],
            [
              18612.990177982345,
              1735.3785875461426
            ],
            [
              18621.31425010817,
              1716.2332216567386
            ],
            [
              18621.31425010817,
              1616.7605597530985
            ],
            [
              18625.476286171084,
              1592.620750588198
            ],
            [
              18633.38415469062,
              1577.6374207617084
            ],
            [
              18662.93461073731,
              1546.0059466835635
            ],
            [
              18668.76146122539,
              1531.8550240696566
            ],
            [
              18669.593868437973,
              1518.1203050620409
            ],
            [
              18657.10776024923,
              1498.1425319600544
            ],
            [
              18657.10776024923,
              1476.916148039194
            ],
            [
              18665.84803598135,
              1448.6143028113802
            ],
            [
              18664.599425162476,
              1411.9883854577383
            ],
            [
              18656.691556642938,
              1399.0860736627055
            ],
            [
              18647.53507730453,
              1397.0050556312488
            ],
            [
              18645.45405927307,
              1393.259223174626
            ],
            [
              18642.54063402903,
              1363.2925635216468
            ],
            [
              18627.14110059625,
              1331.6610894435014
            ],
            [
              18605.4985130691,
              1320.007388467343
            ],
            [
              18587.185554392276,
              1318.7587776484688
            ],
            [
              18576.78046423499,
              1330.8286822309192
            ]
          ]
        ]
      },
      "properties": {
        "annotation_id": "df7ae7a7-1ac6-4b14-86d9-941de9e3e126",
        "label": "GP4",
        "probabilities": null,
        "tags": []
      }
    },
    {
      "type": "Feature",
      "geometry": {
        "type": "Polygon",
        "coordinates": [
          [
            [
              18278.69529819319,
              1237.152800072913
            ],
            [
              18267.041597217034,
              1245.4768721987402
            ],
            [
              18259.133728697496,
              1259.2115912063564
            ],
            [
              18254.971692634586,
              1305.826395110991
            ],
            [
              18259.96613591008,
              1332.8796295199309
            ],
            [
              18265.79298639816,
              1347.0305521338378
            ],
            [
              18274.533262130277,
              1360.7652711414532
            ],
            [
              18282.441130649815,
              1366.5921216295328
            ],
            [
              18288.684184744186,
              1366.5921216295328
            ],
            [
              18297.424460476304,
              1356.1870314722482
            ],
            [
              18313.65640112167,
              1319.9773177248978
            ],
            [
              18319.067048003457,
              1316.6476888745672
            ],
            [
              18341.958246349484,
              1326.63657542556
            ],
            [
              18370.676295183588,
              1329.5500006695997
            ],
            [
              18395.64851156107,
              1340.787498039467
            ],
            [
              18405.22119450577,
              1340.787498039467
            ],
            [
              18421.453135151136,
              1326.63657542556
            ],
            [
              18444.344333497163,
              1322.4745393626463
            ],
            [
              18464.32210659915,
              1309.5722275676133
            ],
            [
              18480.137843638222,
              1308.3236167487394
            ],
            [
              18498.867005921333,
              1323.306946575229
            ],
            [
              18511.769317716367,
              1338.2902764017185
            ],
            [
              18527.58505475544,
              1348.695366559003
            ],
            [
              18535.492923274975,
              1349.9439773778774
            ],
            [
              18552.14106752663,
              1332.4634259136394
            ],
            [
              18555.47069637696,
              1320.3935213311893
            ],
            [
              18557.55171440842,
              1285.0162147964218
            ],
            [
              18536.74153409385,
              1245.8930758050317
            ],
            [
              18469.732753480934,
              1244.2282613798664
            ],
            [
              18434.771650552462,
              1251.3037226868198
            ],
            [
              18415.626284663056,
              1251.719926293111
            ],
            [
              18356.52537256968,
              1235.9041892540388
            ],
            [
              18310.32677227134,
              1232.990764009999
            ],
            [
              18278.69529819319,
              1237.152800072913
            ]
          ]
        ]
      },
      "properties": {
        "annotation_id": "ed90fc0e-130c-40fb-90aa-b44e25fee8c3",
        "label": "GP4",
        "probabilities": null,
        "tags": []
      }
    },
    {
      "type": "Feature",
      "geometry": {
        "type": "Polygon",
        "coordinates": [
          [
            [
              18991.22498276681,
              1577.4764556257671
            ],
            [
              18987.062946703896,
              1581.22228808239
            ],
            [
              18986.646743097604,
              1583.719509720138
            ],
            [
              18981.652299822108,
              1591.2111746333828
            ],
            [
              18969.166191633365,
              1603.6972828221244
            ],
            [
              18966.66896999562,
              1618.264409042323
            ],
            [
              18968.33378442078,
              1676.1167103168248
            ],
            [
              18971.247209664823,
              1702.337537513182
            ],
            [
              18972.495820483695,
              1705.2509627572217
            ],
            [
              18978.322670971775,
              1711.0778132453008
            ],
            [
              18987.062946703896,
              1714.407442095632
            ],
            [
              18990.808779160518,
              1713.5750348830493
            ],
            [
              19019.943031600913,
              1691.1000401433148
            ],
            [
              19020.35923520721,
              1674.4518958916594
            ],
            [
              19014.94858832542,
              1661.5495840966264
            ],
            [
              19013.283773900253,
              1651.5606975456333
            ],
            [
              19024.93747487641,
              1648.6472723015936
            ],
            [
              19039.920804702902,
              1641.1556073883487
            ],
            [
              19045.74765519098,
              1633.663942475104
            ],
            [
              19048.24487682873,
              1623.675055924111
            ],
            [
              19048.24487682873,
              1605.3620972472897
            ],
            [
              19042.41802634065,
              1587.8815457830517
            ],
            [
              19036.59117585257,
              1584.551916932721
            ],
            [
              19024.93747487641,
              1581.638491688681
            ],
            [
              19017.029606356875,
              1575.8116412006018
            ],
            [
              18991.22498276681,
              1577.4764556257671
            ]
          ]
        ]
      },
      "properties": {
        "annotation_id": "f46f22c8-da97-412e-b410-df9358e957aa",
        "label": "GP4",
        "probabilities": null,
        "tags": []
      }
    },
    {
      "type": "Feature",
      "geometry": {
        "type": "Polygon",
        "coordinates": [
          [
            [
              13680.725676215598,
              1712.1201522935398
            ],
            [
              13674.967325710857,
              1716.626687471162
            ],
            [
              13672.714058122046,
              1722.3850379759012
            ],
            [
              13665.453529224767,
              1732.3995605928394
            ],
            [
              13663.700987766802,
              1748.6731598453641
            ],
            [
              13659.194452589181,
              1757.1855040697612
            ],
            [
              13659.194452589181,
              1764.9467590978884
            ],
            [
              13659.945541785451,
              1775.7123709110967
            ],
            [
              13664.201713897648,
              1786.9787088551518
            ],
            [
              13685.732937524066,
              1814.0179199208844
            ],
            [
              13696.24818627185,
              1824.2828056032463
            ],
            [
              13719.281588290809,
              1838.5535003323828
            ],
            [
              13740.812811917225,
              1846.0643922950862
            ],
            [
              13748.574066945353,
              1847.566570687627
            ],
            [
              13773.360010422273,
              1846.0643922950862
            ],
            [
              13788.632157413105,
              1838.8038633978063
            ],
            [
              13794.640870983267,
              1832.7951498276434
            ],
            [
              13798.897043095465,
              1824.5331686686695
            ],
            [
              13799.397769226314,
              1808.5099324815685
            ],
            [
              13796.643775506656,
              1797.7443206683602
            ],
            [
              13790.635061936491,
              1784.2247151354939
            ],
            [
              13780.620539319554,
              1768.4518420138165
            ],
            [
              13769.354201375498,
              1745.1680769294353
            ],
            [
              13758.588589562289,
              1735.1535543124978
            ],
            [
              13727.042843318935,
              1711.619426162693
            ],
            [
              13707.264161150482,
              1702.8567188728725
            ],
            [
              13699.002179991508,
              1702.8567188728725
            ],
            [
              13680.725676215598,
              1712.1201522935398
            ]
          ]
        ]
      },
      "properties": {
        "annotation_id": "f743f372-0a00-4584-a735-54d91b6642f7",
        "label": "GP3",
        "probabilities": null,
        "tags": []
      }
    },
    {
      "type": "Feature",
      "geometry": {
        "type": "Polygon",
        "coordinates": [
          [
            [
              16526.10208320923,
              1751.47314298291
            ],
            [
              16520.373309251016,
              1753.1917751703747
            ],
            [
              16519.800431855194,
              1788.7101737113094
            ],
            [
              16523.237696230124,
              1808.474443867152
            ],
            [
              16535.840998938198,
              1829.0980301167267
            ],
            [
              16545.00703727134,
              1837.9776297519606
            ],
            [
              16554.745953000307,
              1841.4148941268895
            ],
            [
              16577.94748753108,
              1842.8470876164433
            ],
            [
              16597.71175768692,
              1842.8470876164433
            ],
            [
              16601.721899457672,
              1841.9877715227112
            ],
            [
              16609.455744301264,
              1829.3844688146376
            ],
            [
              16609.455744301264,
              1821.9370626689579
            ],
            [
              16605.732041228424,
              1811.911708242081
            ],
            [
              16603.726970343047,
              1788.1372963154877
            ],
            [
              16599.7168285723,
              1777.5390644927895
            ],
            [
              16593.98805461408,
              1771.5238518366637
            ],
            [
              16576.228855343612,
              1758.0612330348579
            ],
            [
              16559.61541086479,
              1749.7545107954454
            ],
            [
              16549.303617740003,
              1746.6036851184272
            ],
            [
              16537.55963112566,
              1740.588472462301
            ],
            [
              16526.10208320923,
              1751.47314298291
            ]
          ]
        ]
      },
      "properties": {
        "annotation_id": "f796b2e8-29f5-41b9-83c7-6e0ce2f8c64a",
        "label": "GP3",
        "probabilities": null,
        "tags": []
      }
    },
    {
      "type": "Feature",
      "geometry": {
        "type": "Polygon",
        "coordinates": [
          [
            [
              17318.000601110743,
              1491.518431136968
            ],
            [
              17321.025996809283,
              1499.6869995230254
            ],
            [
              17323.446313368117,
              1503.620013931127
            ],
            [
              17326.471709066653,
              1506.9479491995205
            ],
            [
              17331.614881754173,
              1511.4860427473302
            ],
            [
              17337.665673151252,
              1515.1165175855776
            ],
            [
              17345.2291623976,
              1520.5622298429491
            ],
            [
              17347.044399816725,
              1521.469848552511
            ],
            [
              17351.885032934388,
              1521.772388122365
            ],
            [
              17355.21296820278,
              1517.2342945745552
            ],
            [
              17360.053601320447,
              1509.3682657583522
            ],
            [
              17360.658680460154,
              1507.2504887693744
            ],
            [
              17360.961220030007,
              1502.107316081857
            ],
            [
              17359.751061750594,
              1499.3844599531712
            ],
            [
              17356.423126482197,
              1495.7539851149238
            ],
            [
              17347.952018526288,
              1493.636208125946
            ],
            [
              17318.000601110743,
              1491.518431136968
            ]
          ]
        ]
      },
      "properties": {
        "annotation_id": "f973a06b-c1e9-4874-92d2-c82021cb28f2",
        "label": "GP5",
        "probabilities": null,
        "tags": []
      }
    },
    {
      "type": "Feature",
      "geometry": {
        "type": "Polygon",
        "coordinates": [
          [
            [
              16960.7115443249,
              1337.101948811434
            ],
            [
              16962.591366731933,
              1335.2221264044028
            ],
            [
              16967.29092274951,
              1337.101948811434
            ],
            [
              16974.183604908623,
              1342.7414160325275
            ],
            [
              16978.256553457188,
              1349.0074907226315
            ],
            [
              16984.522628147293,
              1365.9258923859122
            ],
            [
              16986.402450554324,
              1384.410812721719
            ],
            [
              16993.608436447943,
              1398.5094807744524
            ],
            [
              16997.994688731018,
              1404.148947995546
            ],
            [
              17007.393800766175,
              1413.8613637652072
            ],
            [
              17016.16630533232,
              1418.24761604828
            ],
            [
              17020.865861349896,
              1419.1875272517955
            ],
            [
              17025.25211363297,
              1417.3077048447644
            ],
            [
              17029.638365916042,
              1412.9214525616915
            ],
            [
              17033.71131446461,
              1404.7755554645564
            ],
            [
              17037.157655544168,
              1387.8571538012761
            ],
            [
              17037.784263013178,
              1371.2520558725005
            ],
            [
              17026.818632305494,
              1346.1877571120847
            ],
            [
              17022.119076287916,
              1329.8959629178141
            ],
            [
              17015.2263941288,
              1321.123458351669
            ],
            [
              17004.260763421124,
              1315.1706873960704
            ],
            [
              16995.17495512047,
              1313.290864989039
            ],
            [
              16976.690034784664,
              1312.3509537855234
            ],
            [
              16960.7115443249,
              1337.101948811434
            ]
          ]
        ]
      },
      "properties": {
        "annotation_id": "fbb055cc-0352-451e-a046-194931a4d6ac",
        "label": "GP4",
        "probabilities": null,
        "tags": []
      }
    }
  ],
  "properties": {
    "slide_id": "04d6bde0-67d1-4ef0-8153-2281d7917ed8",
    "filename": "6004.tiff",
    "openslide_quickhash1": "b272c9670344aaff663db546ed8b0b1251eac83c8e525ef0f773284848d13d94",
    "width": 29184,
    "height": 7936,
    "coordinate_space": "slide_pixels_level0",
    "source_project": "PANDA+",
    "label_counts": {
      "Benign": 9,
      "GP3": 15,
      "GP4": 62,
      "GP5": 2
    }
  }
}