{
  "type": "FeatureCollection",
  "features": [
    {
      "type": "Feature",
      "geometry": {
        "type": "Polygon",
        "coordinates": [
          [
            [
              2193.0,
              22831.0
            ],
            [
              2168.0,
              22864.0
            ],
            [
              2164.0,
              22943.0
            ],
            [
              2144.0,
              23067.0
            ],
            [
              2096.0,
              23179.0
            ],
            [
              2098.0,
              23287.0
            ],
            [
              2076.0,
              23350.0
            ],
            [
              2054.0,
              23475.0
            ],
            [
              2099.0,
              23572.0
            ],
            [
              2139.0,
              23603.0
            ],
            [
              2235.0,
              23636.0
            ],
            [
              2386.0,
              23620.0
            ],
            [
              2431.0,
              23591.0
            ],
            [
              2474.0,
              23509.0
            ],
            [
              2478.0,
              23410.0
            ],
            [
              2457.0,
              23285.0
            ],
            [
              2460.0,
              23242.0
            ],
            [
              2414.0,
              23156.0
            ],
            [
              2338.0,
              23078.0
            ],
            [
              2332.0,
              23062.0
            ],
            [
              2304.0,
              23035.0
            ],
            [
              2300.0,
              23021.0
            ],
            [
              2280.0,
              23006.0
            ],
            [
              2280.0,
              22995.0
            ],
            [
              2267.0,
              22978.0
            ],
            [
              2273.0,
              22962.0
            ],
            [
              2259.0,
              22955.0
            ],
            [
              2258.0,
              22939.0
            ],
            [
              2242.0,
              22935.0
            ],
            [
              2240.0,
              22918.0
            ],
            [
              2226.0,
              22924.0
            ],
            [
              2225.0,
              22911.0
            ],
            [
              2204.0,
              22897.0
            ],
            [
              2195.0,
              22869.0
            ],
            [
              2200.0,
              22837.0
            ],
            [
              2193.0,
              22831.0
            ]
          ],
          [
            [
              2161.0,
              23475.0
            ],
            [
              2165.0,
              23470.0
            ],
            [
              2177.0,
              23465.0
            ],
            [
              2180.0,
              23462.0
            ],
            [
              2182.0,
              23456.0
            ],
            [
              2185.0,
              23453.0
            ],
            [
              2189.0,
              23452.0
            ],
            [
              2201.0,
              23445.0
            ],
            [
              2216.0,
              23445.0
            ],
            [
              2217.0,
              23446.0
            ],
            [
              2223.0,
              23447.0
            ],
            [
              2231.0,
              23451.0
            ],
            [
              2236.0,
              23455.0
            ],
            [
              2236.0,
              23463.0
            ],
            [
              2233.0,
              23469.0
            ],
            [
              2233.0,
              23478.0
            ],
            [
              2235.0,
              23480.0
            ],
            [
              2239.0,
              23481.0
            ],
            [
              2242.0,
              23484.0
            ],
            [
              2244.0,
              23484.0
            ],
            [
              2247.0,
              23482.0
            ],
            [
              2250.0,
              23484.0
            ],
            [
              2250.0,
              23487.0
            ],
            [
              2249.0,
              23488.0
            ],
            [
              2249.0,
              23494.0
            ],
            [
              2245.0,
              23496.0
            ],
            [
              2240.0,
              23493.0
            ],
            [
              2238.0,
              23495.0
            ],
            [
              2234.0,
              23496.0
            ],
            [
              2230.0,
              23493.0
            ],
            [
              2229.0,
              23489.0
            ],
            [
              2226.0,
              23486.0
            ],
            [
              2222.0,
              23486.0
            ],
            [
              2217.0,
              23489.0
            ],
            [
              2210.0,
              23496.0
            ],
            [
              2206.0,
              23498.0
            ],
            [
              2201.0,
              23498.0
            ],
            [
              2192.0,
              23494.0
            ],
            [
              2188.0,
              23490.0
            ],
            [
              2183.0,
              23479.0
            ],
            [
              2179.0,
              23475.0
            ],
            [
              2175.0,
              23475.0
            ],
            [
              2166.0,
              23480.0
            ],
            [
              2162.0,
              23479.0
            ],
            [
              2161.0,
              23478.0
            ],
            [
              2161.0,
              23475.0
            ]
          ],
          [
            [
              2272.0,
              23374.0
            ],
            [
              2275.0,
              23371.0
            ],
            [
              2276.0,
              23371.0
            ],
            [
              2277.0,
              23370.0
            ],
            [
              2279.0,
              23370.0
            ],
            [
              2280.0,
              23369.0
            ],
            [
              2283.0,
              23369.0
            ],
            [
              2284.0,
              23368.0
            ],
            [
              2289.0,
              23368.0
            ],
            [
              2290.0,
              23369.0
            ],
            [
              2291.0,
              23369.0
            ],
            [
              2293.0,
              23371.0
            ],
            [
              2294.0,
              23371.0
            ],
            [
              2295.0,
              23372.0
            ],
            [
              2295.0,
              23373.0
            ],
            [
              2297.0,
              23376.0
            ],
            [
              2303.0,
              23376.0
            ],
            [
              2304.0,
              23375.0
            ],
            [
              2307.0,
              23375.0
            ],
            [
              2308.0,
              23376.0
            ],
            [
              2309.0,
              23376.0
            ],
            [
              2310.0,
              23377.0
            ],
            [
              2311.0,
              23377.0
            ],
            [
              2315.0,
              23381.0
            ],
            [
              2315.0,
              23390.0
            ],
            [
              2314.0,
              23391.0
            ],
            [
              2314.0,
              23394.0
            ],
            [
              2313.0,
              23395.0
            ],
            [
              2313.0,
              23396.0
            ],
            [
              2308.0,
              23401.0
            ],
            [
              2307.0,
              23401.0
            ],
            [
              2306.0,
              23402.0
            ],
            [
              2302.0,
              23402.0
            ],
            [
              2301.0,
              23401.0
            ],
            [
              2300.0,
              23401.0
            ],
            [
              2298.0,
              23399.0
            ],
            [
              2298.0,
              23398.0
            ],
            [
              2295.0,
              23395.0
            ],
            [
              2294.0,
              23395.0
            ],
            [
              2291.0,
              23398.0
            ],
            [
              2291.0,
              23399.0
            ],
            [
              2289.0,
              23401.0
            ],
            [
              2289.0,
              23402.0
            ],
            [
              2286.0,
              23405.0
            ],
            [
              2285.0,
              23405.0
            ],
            [
              2284.0,
              23406.0
            ],
            [
              2283.0,
              23406.0
            ],
            [
              2282.0,
              23405.0
            ],
            [
              2280.0,
              23405.0
            ],
            [
              2279.0,
              23404.0
            ],
            [
              2278.0,
              23404.0
            ],
            [
              2277.0,
              23403.0
            ],
            [
              2276.0,
              23403.0
            ],
            [
              2270.0,
              23397.0
            ],
            [
              2270.0,
              23396.0
            ],
            [
              2268.0,
              23393.0
            ],
            [
              2268.0,
              23389.0
            ],
            [
              2267.0,
              23388.0
            ],
            [
              2267.0,
              23384.0
            ],
            [
              2268.0,
              23383.0
            ],
            [
              2268.0,
              23381.0
            ],
            [
              2269.0,
              23380.0
            ],
            [
              2269.0,
              23379.0
            ],
            [
              2270.0,
              23378.0
            ],
            [
              2270.0,
              23377.0
            ],
            [
              2272.0,
              23375.0
            ],
            [
              2272.0,
              23374.0
            ]
          ],
          [
            [
              2139.0,
              23354.0
            ],
            [
              2140.0,
              23354.0
            ],
            [
              2143.0,
              23352.0
            ],
            [
              2146.0,
              23352.0
            ],
            [
              2147.0,
              23351.0
            ],
            [
              2154.0,
              23351.0
            ],
            [
              2155.0,
              23352.0
            ],
            [
              2158.0,
              23352.0
            ],
            [
              2159.0,
              23353.0
            ],
            [
              2161.0,
              23353.0
            ],
            [
              2162.0,
              23354.0
            ],
            [
              2164.0,
              23354.0
            ],
            [
              2165.0,
              23355.0
            ],
            [
              2166.0,
              23355.0
            ],
            [
              2167.0,
              23356.0
            ],
            [
              2170.0,
              23357.0
            ],
            [
              2172.0,
              23359.0
            ],
            [
              2173.0,
              23359.0
            ],
            [
              2177.0,
              23363.0
            ],
            [
              2177.0,
              23364.0
            ],
            [
              2179.0,
              23367.0
            ],
            [
              2179.0,
              23369.0
            ],
            [
              2181.0,
              23372.0
            ],
            [
              2181.0,
              23374.0
            ],
            [
              2182.0,
              23375.0
            ],
            [
              2182.0,
              23377.0
            ],
            [
              2181.0,
              23378.0
            ],
            [
              2181.0,
              23380.0
            ],
            [
              2180.0,
              23381.0
            ],
            [
              2180.0,
              23382.0
            ],
            [
              2170.0,
              23392.0
            ],
            [
              2169.0,
              23392.0
            ],
            [
              2168.0,
              23393.0
            ],
            [
              2166.0,
              23393.0
            ],
            [
              2165.0,
              23394.0
            ],
            [
              2163.0,
              23394.0
            ],
            [
              2162.0,
              23395.0
            ],
            [
              2156.0,
              23395.0
            ],
            [
              2155.0,
              23394.0
            ],
            [
              2153.0,
              23394.0
            ],
            [
              2152.0,
              23393.0
            ],
            [
              2150.0,
              23393.0
            ],
            [
              2149.0,
              23392.0
            ],
            [
              2146.0,
              23392.0
            ],
            [
              2145.0,
              23391.0
            ],
            [
              2143.0,
              23391.0
            ],
            [
              2142.0,
              23390.0
            ],
            [
              2139.0,
              23390.0
            ],
            [
              2138.0,
              23389.0
            ],
            [
              2135.0,
              23388.0
            ],
            [
              2131.0,
              23384.0
            ],
            [
              2131.0,
              23383.0
            ],
            [
              2129.0,
              23380.0
            ],
            [
              2129.0,
              23378.0
            ],
            [
              2128.0,
              23377.0
            ],
            [
              2128.0,
              23373.0
            ],
            [
              2129.0,
              23372.0
            ],
            [
              2129.0,
              23370.0
            ],
            [
              2130.0,
              23369.0
            ],
            [
              2130.0,
              23368.0
            ],
            [
              2131.0,
              23367.0
            ],
            [
              2131.0,
              23366.0
            ],
            [
              2132.0,
              23365.0
            ],
            [
              2133.0,
              23362.0
            ],
            [
              2135.0,
              23360.0
            ],
            [
              2135.0,
              23359.0
            ],
            [
              2139.0,
              23354.0
            ]
          ]
        ]
      },
      "properties": {
        "annotation_id": "6060_GP5_0",
        "label": "GP5",
        "probabilities": null,
        "tags": []
      }
    },
    {
      "type": "Feature",
      "geometry": {
        "type": "Polygon",
        "coordinates": [
          [
            [
              2514.0,
              16914.0
            ],
            [
              2499.0,
              16919.0
            ],
            [
              2471.0,
              16965.0
            ],
            [
              2443.0,
              16981.0
            ],
            [
              2421.0,
              16982.0
            ],
            [
              2379.0,
              17034.0
            ],
            [
              2370.0,
              17059.0
            ],
            [
              2381.0,
              17075.0
            ],
            [
              2288.0,
              17176.0
            ],
            [
              2291.0,
              17185.0
            ],
            [
              2308.0,
              17183.0
            ],
            [
              2315.0,
              17209.0
            ],
            [
              2256.0,
              17259.0
            ],
            [
              2251.0,
              17293.0
            ],
            [
              2220.0,
              17314.0
            ],
            [
              2225.0,
              17323.0
            ],
            [
              2211.0,
              17341.0
            ],
            [
              2209.0,
              17374.0
            ],
            [
              2189.0,
              17409.0
            ],
            [
              2161.0,
              17433.0
            ],
            [
              2107.0,
              17530.0
            ],
            [
              2091.0,
              17593.0
            ],
            [
              2091.0,
              17694.0
            ],
            [
              2058.0,
              17774.0
            ],
            [
              2061.0,
              17841.0
            ],
            [
              2031.0,
              17885.0
            ],
            [
              2052.0,
              17929.0
            ],
            [
              2040.0,
              17960.0
            ],
            [
              2049.0,
              17982.0
            ],
            [
              2082.0,
              17992.0
            ],
            [
              2154.0,
              17957.0
            ],
            [
              2294.0,
              17930.0
            ],
            [
              2348.0,
              17898.0
            ],
            [
              2427.0,
              17823.0
            ],
            [
              2451.0,
              17783.0
            ],
            [
              2465.0,
              17740.0
            ],
            [
              2468.0,
              17522.0
            ],
            [
              2462.0,
              17496.0
            ],
            [
              2415.0,
              17437.0
            ],
            [
              2412.0,
              17375.0
            ],
            [
              2434.0,
              17312.0
            ],
            [
              2458.0,
              17186.0
            ],
            [
              2469.0,
              17183.0
            ],
            [
              2548.0,
              17074.0
            ],
            [
              2536.0,
              17055.0
            ],
            [
              2551.0,
              17036.0
            ],
            [
              2546.0,
              17011.0
            ],
            [
              2528.0,
              17003.0
            ],
            [
              2497.0,
              17021.0
            ],
            [
              2482.0,
              17008.0
            ],
            [
              2501.0,
              16963.0
            ],
            [
              2529.0,
              16956.0
            ],
            [
              2530.0,
              16935.0
            ],
            [
              2514.0,
              16914.0
            ]
          ]
        ]
      },
      "properties": {
        "annotation_id": "6060_GP5_10",
        "label": "GP5",
        "probabilities": null,
        "tags": []
      }
    },
    {
      "type": "Feature",
      "geometry": {
        "type": "Polygon",
        "coordinates": [
          [
            [
              3435.0,
              16829.0
            ],
            [
              3437.0,
              16845.0
            ],
            [
              3449.0,
              16861.0
            ],
            [
              3463.0,
              16869.0
            ],
            [
              3482.0,
              16868.0
            ],
            [
              3497.0,
              16877.0
            ],
            [
              3496.0,
              16891.0
            ],
            [
              3509.0,
              16912.0
            ],
            [
              3503.0,
              16913.0
            ],
            [
              3480.0,
              16891.0
            ],
            [
              3460.0,
              16888.0
            ],
            [
              3440.0,
              16899.0
            ],
            [
              3425.0,
              16898.0
            ],
            [
              3422.0,
              16906.0
            ],
            [
              3426.0,
              16911.0
            ],
            [
              3441.0,
              16914.0
            ],
            [
              3456.0,
              16910.0
            ],
            [
              3472.0,
              16917.0
            ],
            [
              3482.0,
              16926.0
            ],
            [
              3511.0,
              16930.0
            ],
            [
              3516.0,
              16933.0
            ],
            [
              3521.0,
              16943.0
            ],
            [
              3531.0,
              16946.0
            ],
            [
              3539.0,
              16956.0
            ],
            [
              3553.0,
              16961.0
            ],
            [
              3553.0,
              16974.0
            ],
            [
              3567.0,
              16976.0
            ],
            [
              3582.0,
              16997.0
            ],
            [
              3590.0,
              16994.0
            ],
            [
              3585.0,
              16987.0
            ],
            [
              3586.0,
              16983.0
            ],
            [
              3601.0,
              16989.0
            ],
            [
              3609.0,
              16981.0
            ],
            [
              3615.0,
              16980.0
            ],
            [
              3618.0,
              16982.0
            ],
            [
              3618.0,
              17004.0
            ],
            [
              3625.0,
              17009.0
            ],
            [
              3635.0,
              17005.0
            ],
            [
              3632.0,
              16967.0
            ],
            [
              3630.0,
              16962.0
            ],
            [
              3621.0,
              16956.0
            ],
            [
              3620.0,
              16944.0
            ],
            [
              3615.0,
              16940.0
            ],
            [
              3613.0,
              16932.0
            ],
            [
              3608.0,
              16928.0
            ],
            [
              3598.0,
              16929.0
            ],
            [
              3593.0,
              16934.0
            ],
            [
              3591.0,
              16942.0
            ],
            [
              3571.0,
              16949.0
            ],
            [
              3566.0,
              16938.0
            ],
            [
              3558.0,
              16930.0
            ],
            [
              3562.0,
              16920.0
            ],
            [
              3560.0,
              16902.0
            ],
            [
              3538.0,
              16879.0
            ],
            [
              3522.0,
              16867.0
            ],
            [
              3502.0,
              16861.0
            ],
            [
              3505.0,
              16850.0
            ],
            [
              3525.0,
              16839.0
            ],
            [
              3523.0,
              16832.0
            ],
            [
              3513.0,
              16829.0
            ],
            [
              3496.0,
              16835.0
            ],
            [
              3491.0,
              16832.0
            ],
            [
              3477.0,
              16833.0
            ],
            [
              3449.0,
              16825.0
            ],
            [
              3439.0,
              16825.0
            ],
            [
              3435.0,
              16829.0
            ]
          ]
        ]
      },
      "properties": {
        "annotation_id": "6060_GP5_11",
        "label": "GP4",
        "probabilities": null,
        "tags": []
      }
    },
    {
      "type": "Feature",
      "geometry": {
        "type": "Polygon",
        "coordinates": [
          [
            [
              3783.0,
              16716.0
            ],
            [
              3784.0,
              16729.0
            ],
            [
              3797.0,
              16748.0
            ],
            [
              3804.0,
              16765.0
            ],
            [
              3784.0,
              16765.0
            ],
            [
              3751.0,
              16750.0
            ],
            [
              3747.0,
              16756.0
            ],
            [
              3731.0,
              16756.0
            ],
            [
              3720.0,
              16767.0
            ],
            [
              3720.0,
              16777.0
            ],
            [
              3731.0,
              16787.0
            ],
            [
              3732.0,
              16800.0
            ],
            [
              3700.0,
              16815.0
            ],
            [
              3698.0,
              16822.0
            ],
            [
              3700.0,
              16825.0
            ],
            [
              3714.0,
              16826.0
            ],
            [
              3721.0,
              16815.0
            ],
            [
              3736.0,
              16813.0
            ],
            [
              3745.0,
              16806.0
            ],
            [
              3759.0,
              16806.0
            ],
            [
              3772.0,
              16811.0
            ],
            [
              3780.0,
              16820.0
            ],
            [
              3783.0,
              16832.0
            ],
            [
              3778.0,
              16855.0
            ],
            [
              3769.0,
              16861.0
            ],
            [
              3768.0,
              16870.0
            ],
            [
              3759.0,
              16879.0
            ],
            [
              3763.0,
              16902.0
            ],
            [
              3776.0,
              16919.0
            ],
            [
              3784.0,
              16924.0
            ],
            [
              3797.0,
              16919.0
            ],
            [
              3809.0,
              16900.0
            ],
            [
              3816.0,
              16898.0
            ],
            [
              3839.0,
              16918.0
            ],
            [
              3849.0,
              16919.0
            ],
            [
              3858.0,
              16938.0
            ],
            [
              3864.0,
              16937.0
            ],
            [
              3876.0,
              16928.0
            ],
            [
              3876.0,
              16921.0
            ],
            [
              3861.0,
              16908.0
            ],
            [
              3862.0,
              16897.0
            ],
            [
              3857.0,
              16889.0
            ],
            [
              3856.0,
              16874.0
            ],
            [
              3850.0,
              16870.0
            ],
            [
              3840.0,
              16869.0
            ],
            [
              3836.0,
              16865.0
            ],
            [
              3834.0,
              16854.0
            ],
            [
              3828.0,
              16848.0
            ],
            [
              3816.0,
              16845.0
            ],
            [
              3803.0,
              16858.0
            ],
            [
              3791.0,
              16858.0
            ],
            [
              3794.0,
              16844.0
            ],
            [
              3799.0,
              16837.0
            ],
            [
              3814.0,
              16838.0
            ],
            [
              3822.0,
              16835.0
            ],
            [
              3815.0,
              16809.0
            ],
            [
              3820.0,
              16804.0
            ],
            [
              3824.0,
              16779.0
            ],
            [
              3832.0,
              16778.0
            ],
            [
              3842.0,
              16764.0
            ],
            [
              3838.0,
              16761.0
            ],
            [
              3829.0,
              16765.0
            ],
            [
              3824.0,
              16759.0
            ],
            [
              3809.0,
              16751.0
            ],
            [
              3802.0,
              16732.0
            ],
            [
              3783.0,
              16716.0
            ]
          ]
        ]
      },
      "properties": {
        "annotation_id": "6060_GP5_12",
        "label": "GP4",
        "probabilities": null,
        "tags": []
      }
    },
    {
      "type": "Feature",
      "geometry": {
        "type": "Polygon",
        "coordinates": [
          [
            [
              3395.0,
              16711.0
            ],
            [
              3387.0,
              16714.0
            ],
            [
              3387.0,
              16723.0
            ],
            [
              3378.0,
              16732.0
            ],
            [
              3370.0,
              16733.0
            ],
            [
              3348.0,
              16756.0
            ],
            [
              3342.0,
              16758.0
            ],
            [
              3338.0,
              16762.0
            ],
            [
              3337.0,
              16772.0
            ],
            [
              3335.0,
              16774.0
            ],
            [
              3326.0,
              16775.0
            ],
            [
              3314.0,
              16789.0
            ],
            [
              3314.0,
              16798.0
            ],
            [
              3317.0,
              16804.0
            ],
            [
              3322.0,
              16809.0
            ],
            [
              3329.0,
              16810.0
            ],
            [
              3335.0,
              16805.0
            ],
            [
              3341.0,
              16794.0
            ],
            [
              3344.0,
              16782.0
            ],
            [
              3351.0,
              16777.0
            ],
            [
              3355.0,
              16779.0
            ],
            [
              3357.0,
              16789.0
            ],
            [
              3350.0,
              16804.0
            ],
            [
              3348.0,
              16813.0
            ],
            [
              3343.0,
              16817.0
            ],
            [
              3332.0,
              16815.0
            ],
            [
              3329.0,
              16818.0
            ],
            [
              3329.0,
              16823.0
            ],
            [
              3332.0,
              16829.0
            ],
            [
              3338.0,
              16834.0
            ],
            [
              3348.0,
              16838.0
            ],
            [
              3349.0,
              16850.0
            ],
            [
              3354.0,
              16853.0
            ],
            [
              3365.0,
              16852.0
            ],
            [
              3374.0,
              16857.0
            ],
            [
              3378.0,
              16857.0
            ],
            [
              3383.0,
              16854.0
            ],
            [
              3385.0,
              16848.0
            ],
            [
              3389.0,
              16845.0
            ],
            [
              3402.0,
              16850.0
            ],
            [
              3409.0,
              16850.0
            ],
            [
              3414.0,
              16844.0
            ],
            [
              3414.0,
              16840.0
            ],
            [
              3410.0,
              16836.0
            ],
            [
              3399.0,
              16835.0
            ],
            [
              3387.0,
              16828.0
            ],
            [
              3381.0,
              16828.0
            ],
            [
              3374.0,
              16836.0
            ],
            [
              3371.0,
              16834.0
            ],
            [
              3367.0,
              16823.0
            ],
            [
              3369.0,
              16810.0
            ],
            [
              3374.0,
              16803.0
            ],
            [
              3390.0,
              16768.0
            ],
            [
              3391.0,
              16755.0
            ],
            [
              3386.0,
              16748.0
            ],
            [
              3386.0,
              16739.0
            ],
            [
              3392.0,
              16736.0
            ],
            [
              3399.0,
              16729.0
            ],
            [
              3401.0,
              16724.0
            ],
            [
              3400.0,
              16714.0
            ],
            [
              3395.0,
              16711.0
            ]
          ]
        ]
      },
      "properties": {
        "annotation_id": "6060_GP5_13",
        "label": "GP4",
        "probabilities": null,
        "tags": []
      }
    },
    {
      "type": "Feature",
      "geometry": {
        "type": "Polygon",
        "coordinates": [
          [
            [
              3462.0,
              16709.0
            ],
            [
              3462.0,
              16716.0
            ],
            [
              3463.0,
              16717.0
            ],
            [
              3463.0,
              16719.0
            ],
            [
              3461.0,
              16721.0
            ],
            [
              3461.0,
              16722.0
            ],
            [
              3462.0,
              16723.0
            ],
            [
              3462.0,
              16725.0
            ],
            [
              3465.0,
              16729.0
            ],
            [
              3465.0,
              16733.0
            ],
            [
              3471.0,
              16740.0
            ],
            [
              3491.0,
              16750.0
            ],
            [
              3491.0,
              16752.0
            ],
            [
              3488.0,
              16754.0
            ],
            [
              3488.0,
              16757.0
            ],
            [
              3489.0,
              16759.0
            ],
            [
              3491.0,
              16760.0
            ],
            [
              3493.0,
              16763.0
            ],
            [
              3495.0,
              16764.0
            ],
            [
              3498.0,
              16764.0
            ],
            [
              3506.0,
              16768.0
            ],
            [
              3509.0,
              16768.0
            ],
            [
              3515.0,
              16765.0
            ],
            [
              3524.0,
              16757.0
            ],
            [
              3529.0,
              16746.0
            ],
            [
              3531.0,
              16744.0
            ],
            [
              3531.0,
              16743.0
            ],
            [
              3533.0,
              16741.0
            ],
            [
              3535.0,
              16737.0
            ],
            [
              3535.0,
              16732.0
            ],
            [
              3533.0,
              16730.0
            ],
            [
              3532.0,
              16731.0
            ],
            [
              3528.0,
              16730.0
            ],
            [
              3526.0,
              16726.0
            ],
            [
              3524.0,
              16724.0
            ],
            [
              3521.0,
              16723.0
            ],
            [
              3518.0,
              16720.0
            ],
            [
              3515.0,
              16719.0
            ],
            [
              3508.0,
              16713.0
            ],
            [
              3506.0,
              16713.0
            ],
            [
              3502.0,
              16711.0
            ],
            [
              3499.0,
              16708.0
            ],
            [
              3497.0,
              16708.0
            ],
            [
              3496.0,
              16707.0
            ],
            [
              3492.0,
              16708.0
            ],
            [
              3489.0,
              16710.0
            ],
            [
              3486.0,
              16710.0
            ],
            [
              3482.0,
              16708.0
            ],
            [
              3479.0,
              16708.0
            ],
            [
              3478.0,
              16709.0
            ],
            [
              3476.0,
              16709.0
            ],
            [
              3473.0,
              16712.0
            ],
            [
              3473.0,
              16713.0
            ],
            [
              3470.0,
              16715.0
            ],
            [
              3468.0,
              16715.0
            ],
            [
              3465.0,
              16713.0
            ],
            [
              3465.0,
              16707.0
            ],
            [
              3464.0,
              16706.0
            ],
            [
              3462.0,
              16709.0
            ]
          ]
        ]
      },
      "properties": {
        "annotation_id": "6060_GP5_14",
        "label": "GP4",
        "probabilities": null,
        "tags": []
      }
    },
    {
      "type": "Feature",
      "geometry": {
        "type": "Polygon",
        "coordinates": [
          [
            [
              3110.0,
              16696.0
            ],
            [
              3071.0,
              16740.0
            ],
            [
              3071.0,
              16792.0
            ],
            [
              3106.0,
              16847.0
            ],
            [
              3149.0,
              17086.0
            ],
            [
              3205.0,
              17276.0
            ],
            [
              3214.0,
              17496.0
            ],
            [
              3169.0,
              17595.0
            ],
            [
              3059.0,
              17694.0
            ],
            [
              3059.0,
              17771.0
            ],
            [
              3078.0,
              17811.0
            ],
            [
              3104.0,
              17788.0
            ],
            [
              3119.0,
              17792.0
            ],
            [
              3104.0,
              17802.0
            ],
            [
              3143.0,
              17825.0
            ],
            [
              3139.0,
              17840.0
            ],
            [
              3163.0,
              17826.0
            ],
            [
              3171.0,
              17801.0
            ],
            [
              3192.0,
              17844.0
            ],
            [
              3256.0,
              17857.0
            ],
            [
              3298.0,
              17829.0
            ],
            [
              3294.0,
              17806.0
            ],
            [
              3270.0,
              17840.0
            ],
            [
              3232.0,
              17841.0
            ],
            [
              3231.0,
              17828.0
            ],
            [
              3204.0,
              17823.0
            ],
            [
              3260.0,
              17799.0
            ],
            [
              3257.0,
              17771.0
            ],
            [
              3233.0,
              17775.0
            ],
            [
              3230.0,
              17732.0
            ],
            [
              3247.0,
              17737.0
            ],
            [
              3238.0,
              17689.0
            ],
            [
              3278.0,
              17618.0
            ],
            [
              3250.0,
              17521.0
            ],
            [
              3288.0,
              17512.0
            ],
            [
              3302.0,
              17602.0
            ],
            [
              3341.0,
              17596.0
            ],
            [
              3356.0,
              17576.0
            ],
            [
              3369.0,
              17598.0
            ],
            [
              3407.0,
              17594.0
            ],
            [
              3412.0,
              17561.0
            ],
            [
              3466.0,
              17502.0
            ],
            [
              3403.0,
              17420.0
            ],
            [
              3414.0,
              17399.0
            ],
            [
              3390.0,
              17386.0
            ],
            [
              3395.0,
              17359.0
            ],
            [
              3448.0,
              17398.0
            ],
            [
              3478.0,
              17396.0
            ],
            [
              3467.0,
              17367.0
            ],
            [
              3394.0,
              17337.0
            ],
            [
              3374.0,
              17310.0
            ],
            [
              3360.0,
              17326.0
            ],
            [
              3331.0,
              17305.0
            ],
            [
              3344.0,
              17277.0
            ],
            [
              3364.0,
              17290.0
            ],
            [
              3354.0,
              17239.0
            ],
            [
              3377.0,
              17242.0
            ],
            [
              3383.0,
              17214.0
            ],
            [
              3368.0,
              17189.0
            ],
            [
              3294.0,
              17148.0
            ],
            [
              3297.0,
              17120.0
            ],
            [
              3280.0,
              17111.0
            ],
            [
              3292.0,
              17101.0
            ],
            [
              3306.0,
              17123.0
            ],
            [
              3327.0,
              17115.0
            ],
            [
              3370.0,
              17136.0
            ],
            [
              3387.0,
              17095.0
            ],
            [
              3394.0,
              17143.0
            ],
            [
              3413.0,
              17151.0
            ],
            [
              3406.0,
              17184.0
            ],
            [
              3442.0,
              17169.0
            ],
            [
              3449.0,
              17146.0
            ],
            [
              3406.0,
              17119.0
            ],
            [
              3415.0,
              17054.0
            ],
            [
              3354.0,
              16992.0
            ],
            [
              3336.0,
              16942.0
            ],
            [
              3344.0,
              16902.0
            ],
            [
              3332.0,
              16857.0
            ],
            [
              3308.0,
              16835.0
            ],
            [
              3287.0,
              16854.0
            ],
            [
              3259.0,
              16836.0
            ],
            [
              3233.0,
              16839.0
            ],
            [
              3216.0,
              16822.0
            ],
            [
              3230.0,
              16798.0
            ],
            [
              3210.0,
              16761.0
            ],
            [
              3224.0,
              16740.0
            ],
            [
              3188.0,
              16705.0
            ],
            [
              3110.0,
              16696.0
            ]
          ],
          [
            [
              3218.0,
              17766.0
            ],
            [
              3218.0,
              17770.0
            ],
            [
              3215.0,
              17773.0
            ],
            [
              3215.0,
              17774.0
            ],
            [
              3214.0,
              17775.0
            ],
            [
              3211.0,
              17776.0
            ],
            [
              3209.0,
              17778.0
            ],
            [
              3208.0,
              17778.0
            ],
            [
              3203.0,
              17783.0
            ],
            [
              3202.0,
              17783.0
            ],
            [
              3201.0,
              17784.0
            ],
            [
              3199.0,
              17784.0
            ],
            [
              3194.0,
              17787.0
            ],
            [
              3192.0,
              17787.0
            ],
            [
              3191.0,
              17788.0
            ],
            [
              3188.0,
              17788.0
            ],
            [
              3187.0,
              17789.0
            ],
            [
              3185.0,
              17789.0
            ],
            [
              3184.0,
              17790.0
            ],
            [
              3181.0,
              17790.0
            ],
            [
              3180.0,
              17789.0
            ],
            [
              3179.0,
              17790.0
            ],
            [
              3176.0,
              17790.0
            ],
            [
              3170.0,
              17794.0
            ],
            [
              3167.0,
              17792.0
            ],
            [
              3162.0,
              17792.0
            ],
            [
              3160.0,
              17794.0
            ],
            [
              3157.0,
              17795.0
            ],
            [
              3156.0,
              17794.0
            ],
            [
              3155.0,
              17794.0
            ],
            [
              3152.0,
              17791.0
            ],
            [
              3149.0,
              17791.0
            ],
            [
              3146.0,
              17793.0
            ],
            [
              3142.0,
              17790.0
            ],
            [
              3142.0,
              17788.0
            ],
            [
              3141.0,
              17787.0
            ],
            [
              3141.0,
              17779.0
            ],
            [
              3140.0,
              17778.0
            ],
            [
              3140.0,
              17772.0
            ],
            [
              3139.0,
              17771.0
            ],
            [
              3139.0,
              17764.0
            ],
            [
              3142.0,
              17762.0
            ],
            [
              3146.0,
              17765.0
            ],
            [
              3147.0,
              17764.0
            ],
            [
              3149.0,
              17764.0
            ],
            [
              3150.0,
              17765.0
            ],
            [
              3151.0,
              17765.0
            ],
            [
              3154.0,
              17768.0
            ],
            [
              3154.0,
              17769.0
            ],
            [
              3157.0,
              17771.0
            ],
            [
              3159.0,
              17771.0
            ],
            [
              3160.0,
              17770.0
            ],
            [
              3162.0,
              17770.0
            ],
            [
              3165.0,
              17768.0
            ],
            [
              3167.0,
              17768.0
            ],
            [
              3168.0,
              17767.0
            ],
            [
              3169.0,
              17767.0
            ],
            [
              3172.0,
              17763.0
            ],
            [
              3173.0,
              17763.0
            ],
            [
              3174.0,
              17762.0
            ],
            [
              3175.0,
              17763.0
            ],
            [
              3176.0,
              17762.0
            ],
            [
              3179.0,
              17762.0
            ],
            [
              3181.0,
              17760.0
            ],
            [
              3182.0,
              17760.0
            ],
            [
              3185.0,
              17758.0
            ],
            [
              3187.0,
              17758.0
            ],
            [
              3190.0,
              17760.0
            ],
            [
              3192.0,
              17760.0
            ],
            [
              3199.0,
              17765.0
            ],
            [
              3205.0,
              17765.0
            ],
            [
              3210.0,
              17762.0
            ],
            [
              3211.0,
              17763.0
            ],
            [
              3214.0,
              17763.0
            ],
            [
              3218.0,
              17766.0
            ]
          ],
          [
            [
              3262.0,
              17020.0
            ],
            [
              3263.0,
              17020.0
            ],
            [
              3264.0,
              17019.0
            ],
            [
              3265.0,
              17020.0
            ],
            [
              3266.0,
              17020.0
            ],
            [
              3278.0,
              17032.0
            ],
            [
              3279.0,
              17032.0
            ],
            [
              3280.0,
              17033.0
            ],
            [
              3280.0,
              17035.0
            ],
            [
              3287.0,
              17042.0
            ],
            [
              3288.0,
              17042.0
            ],
            [
              3289.0,
              17043.0
            ],
            [
              3291.0,
              17043.0
            ],
            [
              3292.0,
              17044.0
            ],
            [
              3294.0,
              17044.0
            ],
            [
              3295.0,
              17045.0
            ],
            [
              3297.0,
              17045.0
            ],
            [
              3298.0,
              17046.0
            ],
            [
              3300.0,
              17046.0
            ],
            [
              3301.0,
              17047.0
            ],
            [
              3302.0,
              17047.0
            ],
            [
              3306.0,
              17051.0
            ],
            [
              3306.0,
              17052.0
            ],
            [
              3308.0,
              17054.0
            ],
            [
              3309.0,
              17057.0
            ],
            [
              3312.0,
              17060.0
            ],
            [
              3312.0,
              17061.0
            ],
            [
              3314.0,
              17063.0
            ],
            [
              3314.0,
              17064.0
            ],
            [
              3316.0,
              17066.0
            ],
            [
              3316.0,
              17067.0
            ],
            [
              3323.0,
              17074.0
            ],
            [
              3323.0,
              17075.0
            ],
            [
              3325.0,
              17077.0
            ],
            [
              3325.0,
              17084.0
            ],
            [
              3323.0,
              17086.0
            ],
            [
              3322.0,
              17086.0
            ],
            [
              3321.0,
              17087.0
            ],
            [
              3316.0,
              17087.0
            ],
            [
              3315.0,
              17086.0
            ],
            [
              3310.0,
              17084.0
            ],
            [
              3308.0,
              17082.0
            ],
            [
              3307.0,
              17082.0
            ],
            [
              3305.0,
              17080.0
            ],
            [
              3304.0,
              17080.0
            ],
            [
              3292.0,
              17068.0
            ],
            [
              3292.0,
              17067.0
            ],
            [
              3288.0,
              17063.0
            ],
            [
              3285.0,
              17062.0
            ],
            [
              3281.0,
              17058.0
            ],
            [
              3280.0,
              17058.0
            ],
            [
              3279.0,
              17057.0
            ],
            [
              3278.0,
              17054.0
            ],
            [
              3276.0,
              17052.0
            ],
            [
              3276.0,
              17050.0
            ],
            [
              3275.0,
              17049.0
            ],
            [
              3274.0,
              17046.0
            ],
            [
              3271.0,
              17043.0
            ],
            [
              3271.0,
              17042.0
            ],
            [
              3267.0,
              17038.0
            ],
            [
              3267.0,
              17037.0
            ],
            [
              3262.0,
              17031.0
            ],
            [
              3262.0,
              17029.0
            ],
            [
              3261.0,
              17028.0
            ],
            [
              3261.0,
              17021.0
            ],
            [
              3262.0,
              17020.0
            ]
          ],
          [
            [
              3120.0,
              16772.0
            ],
            [
              3121.0,
              16773.0
            ],
            [
              3124.0,
              16774.0
            ],
            [
              3127.0,
              16777.0
            ],
            [
              3131.0,
              16787.0
            ],
            [
              3135.0,
              16792.0
            ],
            [
              3137.0,
              16792.0
            ],
            [
              3138.0,
              16793.0
            ],
            [
              3141.0,
              16794.0
            ],
            [
              3143.0,
              16796.0
            ],
            [
              3144.0,
              16796.0
            ],
            [
              3149.0,
              16799.0
            ],
            [
              3153.0,
              16799.0
            ],
            [
              3156.0,
              16801.0
            ],
            [
              3156.0,
              16804.0
            ],
            [
              3150.0,
              16810.0
            ],
            [
              3150.0,
              16816.0
            ],
            [
              3151.0,
              16817.0
            ],
            [
              3151.0,
              16818.0
            ],
            [
              3155.0,
              16822.0
            ],
            [
              3157.0,
              16822.0
            ],
            [
              3161.0,
              16825.0
            ],
            [
              3161.0,
              16828.0
            ],
            [
              3154.0,
              16834.0
            ],
            [
              3154.0,
              16843.0
            ],
            [
              3150.0,
              16846.0
            ],
            [
              3147.0,
              16845.0
            ],
            [
              3145.0,
              16843.0
            ],
            [
              3145.0,
              16841.0
            ],
            [
              3144.0,
              16840.0
            ],
            [
              3144.0,
              16835.0
            ],
            [
              3143.0,
              16834.0
            ],
            [
              3143.0,
              16831.0
            ],
            [
              3142.0,
              16830.0
            ],
            [
              3142.0,
              16829.0
            ],
            [
              3139.0,
              16826.0
            ],
            [
              3139.0,
              16825.0
            ],
            [
              3137.0,
              16822.0
            ],
            [
              3136.0,
              16817.0
            ],
            [
              3135.0,
              16816.0
            ],
            [
              3133.0,
              16811.0
            ],
            [
              3126.0,
              16804.0
            ],
            [
              3126.0,
              16803.0
            ],
            [
              3124.0,
              16800.0
            ],
            [
              3124.0,
              16798.0
            ],
            [
              3123.0,
              16797.0
            ],
            [
              3123.0,
              16795.0
            ],
            [
              3122.0,
              16794.0
            ],
            [
              3122.0,
              16790.0
            ],
            [
              3121.0,
              16789.0
            ],
            [
              3120.0,
              16784.0
            ],
            [
              3117.0,
              16779.0
            ],
            [
              3117.0,
              16774.0
            ],
            [
              3120.0,
              16772.0
            ]
          ]
        ]
      },
      "properties": {
        "annotation_id": "6060_GP5_15",
        "label": "GP4",
        "probabilities": null,
        "tags": []
      }
    },
    {
      "type": "Feature",
      "geometry": {
        "type": "Polygon",
        "coordinates": [
          [
            [
              3556.0,
              16747.0
            ],
            [
              3559.0,
              16750.0
            ],
            [
              3567.0,
              16752.0
            ],
            [
              3575.0,
              16757.0
            ],
            [
              3575.0,
              16760.0
            ],
            [
              3572.0,
              16762.0
            ],
            [
              3571.0,
              16771.0
            ],
            [
              3572.0,
              16775.0
            ],
            [
              3576.0,
              16779.0
            ],
            [
              3585.0,
              16778.0
            ],
            [
              3600.0,
              16767.0
            ],
            [
              3611.0,
              16755.0
            ],
            [
              3616.0,
              16753.0
            ],
            [
              3619.0,
              16755.0
            ],
            [
              3619.0,
              16758.0
            ],
            [
              3624.0,
              16762.0
            ],
            [
              3624.0,
              16764.0
            ],
            [
              3636.0,
              16772.0
            ],
            [
              3639.0,
              16776.0
            ],
            [
              3652.0,
              16784.0
            ],
            [
              3663.0,
              16785.0
            ],
            [
              3671.0,
              16778.0
            ],
            [
              3671.0,
              16768.0
            ],
            [
              3673.0,
              16765.0
            ],
            [
              3671.0,
              16761.0
            ],
            [
              3671.0,
              16744.0
            ],
            [
              3674.0,
              16742.0
            ],
            [
              3681.0,
              16742.0
            ],
            [
              3686.0,
              16739.0
            ],
            [
              3691.0,
              16742.0
            ],
            [
              3698.0,
              16742.0
            ],
            [
              3711.0,
              16730.0
            ],
            [
              3702.0,
              16725.0
            ],
            [
              3686.0,
              16732.0
            ],
            [
              3671.0,
              16732.0
            ],
            [
              3663.0,
              16728.0
            ],
            [
              3655.0,
              16727.0
            ],
            [
              3640.0,
              16728.0
            ],
            [
              3636.0,
              16725.0
            ],
            [
              3636.0,
              16722.0
            ],
            [
              3643.0,
              16713.0
            ],
            [
              3641.0,
              16710.0
            ],
            [
              3634.0,
              16708.0
            ],
            [
              3607.0,
              16710.0
            ],
            [
              3592.0,
              16705.0
            ],
            [
              3597.0,
              16686.0
            ],
            [
              3597.0,
              16681.0
            ],
            [
              3592.0,
              16679.0
            ],
            [
              3579.0,
              16688.0
            ],
            [
              3566.0,
              16703.0
            ],
            [
              3571.0,
              16713.0
            ],
            [
              3585.0,
              16723.0
            ],
            [
              3596.0,
              16728.0
            ],
            [
              3600.0,
              16733.0
            ],
            [
              3604.0,
              16734.0
            ],
            [
              3605.0,
              16739.0
            ],
            [
              3601.0,
              16741.0
            ],
            [
              3597.0,
              16739.0
            ],
            [
              3582.0,
              16738.0
            ],
            [
              3578.0,
              16735.0
            ],
            [
              3564.0,
              16731.0
            ],
            [
              3564.0,
              16735.0
            ],
            [
              3558.0,
              16740.0
            ],
            [
              3556.0,
              16747.0
            ]
          ]
        ]
      },
      "properties": {
        "annotation_id": "6060_GP5_19",
        "label": "GP4",
        "probabilities": null,
        "tags": []
      }
    },
    {
      "type": "Feature",
      "geometry": {
        "type": "Polygon",
        "coordinates": [
          [
            [
              3640.0,
              16541.0
            ],
            [
              3638.0,
              16543.0
            ],
            [
              3635.0,
              16549.0
            ],
            [
              3635.0,
              16551.0
            ],
            [
              3631.0,
              16558.0
            ],
            [
              3631.0,
              16564.0
            ],
            [
              3629.0,
              16566.0
            ],
            [
              3630.0,
              16567.0
            ],
            [
              3630.0,
              16578.0
            ],
            [
              3631.0,
              16579.0
            ],
            [
              3631.0,
              16583.0
            ],
            [
              3633.0,
              16587.0
            ],
            [
              3633.0,
              16595.0
            ],
            [
              3631.0,
              16599.0
            ],
            [
              3631.0,
              16609.0
            ],
            [
              3633.0,
              16613.0
            ],
            [
              3633.0,
              16619.0
            ],
            [
              3631.0,
              16623.0
            ],
            [
              3631.0,
              16627.0
            ],
            [
              3633.0,
              16632.0
            ],
            [
              3638.0,
              16637.0
            ],
            [
              3638.0,
              16640.0
            ],
            [
              3639.0,
              16641.0
            ],
            [
              3640.0,
              16646.0
            ],
            [
              3644.0,
              16654.0
            ],
            [
              3650.0,
              16660.0
            ],
            [
              3654.0,
              16660.0
            ],
            [
              3656.0,
              16659.0
            ],
            [
              3658.0,
              16656.0
            ],
            [
              3658.0,
              16649.0
            ],
            [
              3656.0,
              16644.0
            ],
            [
              3656.0,
              16640.0
            ],
            [
              3657.0,
              16639.0
            ],
            [
              3657.0,
              16637.0
            ],
            [
              3661.0,
              16631.0
            ],
            [
              3662.0,
              16628.0
            ],
            [
              3665.0,
              16625.0
            ],
            [
              3669.0,
              16624.0
            ],
            [
              3670.0,
              16623.0
            ],
            [
              3670.0,
              16621.0
            ],
            [
              3668.0,
              16619.0
            ],
            [
              3668.0,
              16616.0
            ],
            [
              3666.0,
              16613.0
            ],
            [
              3666.0,
              16606.0
            ],
            [
              3662.0,
              16602.0
            ],
            [
              3662.0,
              16594.0
            ],
            [
              3660.0,
              16592.0
            ],
            [
              3660.0,
              16578.0
            ],
            [
              3658.0,
              16576.0
            ],
            [
              3658.0,
              16564.0
            ],
            [
              3656.0,
              16562.0
            ],
            [
              3656.0,
              16557.0
            ],
            [
              3652.0,
              16553.0
            ],
            [
              3651.0,
              16553.0
            ],
            [
              3644.0,
              16546.0
            ],
            [
              3643.0,
              16543.0
            ],
            [
              3640.0,
              16541.0
            ]
          ]
        ]
      },
      "properties": {
        "annotation_id": "6060_GP5_20",
        "label": "GP4",
        "probabilities": null,
        "tags": []
      }
    },
    {
      "type": "Feature",
      "geometry": {
        "type": "Polygon",
        "coordinates": [
          [
            [
              3417.0,
              16300.0
            ],
            [
              3395.0,
              16339.0
            ],
            [
              3393.0,
              16393.0
            ],
            [
              3415.0,
              16437.0
            ],
            [
              3416.0,
              16467.0
            ],
            [
              3429.0,
              16468.0
            ],
            [
              3441.0,
              16498.0
            ],
            [
              3427.0,
              16499.0
            ],
            [
              3432.0,
              16490.0
            ],
            [
              3418.0,
              16480.0
            ],
            [
              3417.0,
              16506.0
            ],
            [
              3411.0,
              16509.0
            ],
            [
              3421.0,
              16523.0
            ],
            [
              3409.0,
              16530.0
            ],
            [
              3386.0,
              16526.0
            ],
            [
              3382.0,
              16517.0
            ],
            [
              3391.0,
              16507.0
            ],
            [
              3375.0,
              16492.0
            ],
            [
              3378.0,
              16480.0
            ],
            [
              3366.0,
              16446.0
            ],
            [
              3328.0,
              16411.0
            ],
            [
              3315.0,
              16411.0
            ],
            [
              3308.0,
              16423.0
            ],
            [
              3302.0,
              16482.0
            ],
            [
              3321.0,
              16481.0
            ],
            [
              3323.0,
              16460.0
            ],
            [
              3345.0,
              16460.0
            ],
            [
              3349.0,
              16476.0
            ],
            [
              3338.0,
              16506.0
            ],
            [
              3354.0,
              16508.0
            ],
            [
              3353.0,
              16519.0
            ],
            [
              3374.0,
              16538.0
            ],
            [
              3382.0,
              16558.0
            ],
            [
              3404.0,
              16567.0
            ],
            [
              3412.0,
              16551.0
            ],
            [
              3427.0,
              16565.0
            ],
            [
              3393.0,
              16580.0
            ],
            [
              3390.0,
              16591.0
            ],
            [
              3442.0,
              16586.0
            ],
            [
              3443.0,
              16598.0
            ],
            [
              3434.0,
              16598.0
            ],
            [
              3421.0,
              16620.0
            ],
            [
              3422.0,
              16638.0
            ],
            [
              3437.0,
              16651.0
            ],
            [
              3457.0,
              16619.0
            ],
            [
              3468.0,
              16623.0
            ],
            [
              3433.0,
              16701.0
            ],
            [
              3438.0,
              16717.0
            ],
            [
              3452.0,
              16689.0
            ],
            [
              3465.0,
              16683.0
            ],
            [
              3528.0,
              16704.0
            ],
            [
              3526.0,
              16691.0
            ],
            [
              3538.0,
              16687.0
            ],
            [
              3535.0,
              16663.0
            ],
            [
              3527.0,
              16660.0
            ],
            [
              3513.0,
              16672.0
            ],
            [
              3501.0,
              16666.0
            ],
            [
              3522.0,
              16647.0
            ],
            [
              3522.0,
              16632.0
            ],
            [
              3537.0,
              16609.0
            ],
            [
              3511.0,
              16575.0
            ],
            [
              3516.0,
              16563.0
            ],
            [
              3500.0,
              16554.0
            ],
            [
              3501.0,
              16543.0
            ],
            [
              3515.0,
              16537.0
            ],
            [
              3501.0,
              16525.0
            ],
            [
              3499.0,
              16516.0
            ],
            [
              3511.0,
              16508.0
            ],
            [
              3500.0,
              16504.0
            ],
            [
              3491.0,
              16467.0
            ],
            [
              3514.0,
              16479.0
            ],
            [
              3516.0,
              16501.0
            ],
            [
              3524.0,
              16506.0
            ],
            [
              3520.0,
              16524.0
            ],
            [
              3533.0,
              16528.0
            ],
            [
              3539.0,
              16544.0
            ],
            [
              3557.0,
              16549.0
            ],
            [
              3576.0,
              16589.0
            ],
            [
              3610.0,
              16589.0
            ],
            [
              3613.0,
              16530.0
            ],
            [
              3584.0,
              16499.0
            ],
            [
              3593.0,
              16479.0
            ],
            [
              3591.0,
              16459.0
            ],
            [
              3567.0,
              16413.0
            ],
            [
              3541.0,
              16394.0
            ],
            [
              3538.0,
              16405.0
            ],
            [
              3528.0,
              16406.0
            ],
            [
              3527.0,
              16389.0
            ],
            [
              3490.0,
              16358.0
            ],
            [
              3469.0,
              16324.0
            ],
            [
              3430.0,
              16300.0
            ],
            [
              3417.0,
              16300.0
            ]
          ]
        ]
      },
      "properties": {
        "annotation_id": "6060_GP5_21",
        "label": "GP4",
        "probabilities": null,
        "tags": []
      }
    },
    {
      "type": "Feature",
      "geometry": {
        "type": "Polygon",
        "coordinates": [
          [
            [
              3678.0,
              15820.0
            ],
            [
              3613.0,
              15866.0
            ],
            [
              3573.0,
              15907.0
            ],
            [
              3516.0,
              15936.0
            ],
            [
              3476.0,
              15988.0
            ],
            [
              3396.0,
              16057.0
            ],
            [
              3376.0,
              16096.0
            ],
            [
              3372.0,
              16123.0
            ],
            [
              3388.0,
              16175.0
            ],
            [
              3388.0,
              16232.0
            ],
            [
              3412.0,
              16268.0
            ],
            [
              3522.0,
              16322.0
            ],
            [
              3620.0,
              16426.0
            ],
            [
              3661.0,
              16428.0
            ],
            [
              3680.0,
              16417.0
            ],
            [
              3682.0,
              16402.0
            ],
            [
              3698.0,
              16404.0
            ],
            [
              3708.0,
              16396.0
            ],
            [
              3714.0,
              16416.0
            ],
            [
              3736.0,
              16416.0
            ],
            [
              3740.0,
              16436.0
            ],
            [
              3769.0,
              16443.0
            ],
            [
              3785.0,
              16458.0
            ],
            [
              3809.0,
              16439.0
            ],
            [
              3799.0,
              16412.0
            ],
            [
              3781.0,
              16397.0
            ],
            [
              3803.0,
              16392.0
            ],
            [
              3825.0,
              16399.0
            ],
            [
              3841.0,
              16390.0
            ],
            [
              3846.0,
              16375.0
            ],
            [
              3870.0,
              16377.0
            ],
            [
              3853.0,
              16350.0
            ],
            [
              3850.0,
              16328.0
            ],
            [
              3874.0,
              16296.0
            ],
            [
              3884.0,
              16305.0
            ],
            [
              3873.0,
              16331.0
            ],
            [
              3886.0,
              16332.0
            ],
            [
              3903.0,
              16313.0
            ],
            [
              3926.0,
              16370.0
            ],
            [
              3947.0,
              16334.0
            ],
            [
              3967.0,
              16334.0
            ],
            [
              3969.0,
              16277.0
            ],
            [
              3959.0,
              16271.0
            ],
            [
              3948.0,
              16280.0
            ],
            [
              3934.0,
              16249.0
            ],
            [
              3920.0,
              16239.0
            ],
            [
              3930.0,
              16214.0
            ],
            [
              3922.0,
              16175.0
            ],
            [
              3913.0,
              16167.0
            ],
            [
              3916.0,
              16156.0
            ],
            [
              3829.0,
              16156.0
            ],
            [
              3783.0,
              16104.0
            ],
            [
              3724.0,
              16094.0
            ],
            [
              3699.0,
              16081.0
            ],
            [
              3693.0,
              16037.0
            ],
            [
              3702.0,
              16017.0
            ],
            [
              3722.0,
              16002.0
            ],
            [
              3758.0,
              15992.0
            ],
            [
              3788.0,
              15957.0
            ],
            [
              3837.0,
              15929.0
            ],
            [
              3842.0,
              15879.0
            ],
            [
              3817.0,
              15842.0
            ],
            [
              3740.0,
              15820.0
            ],
            [
              3678.0,
              15820.0
            ]
          ],
          [
            [
              3675.0,
              16242.0
            ],
            [
              3678.0,
              16239.0
            ],
            [
              3679.0,
              16239.0
            ],
            [
              3680.0,
              16238.0
            ],
            [
              3682.0,
              16238.0
            ],
            [
              3683.0,
              16239.0
            ],
            [
              3684.0,
              16239.0
            ],
            [
              3688.0,
              16244.0
            ],
            [
              3689.0,
              16244.0
            ],
            [
              3694.0,
              16241.0
            ],
            [
              3699.0,
              16244.0
            ],
            [
              3702.0,
              16244.0
            ],
            [
              3703.0,
              16245.0
            ],
            [
              3706.0,
              16245.0
            ],
            [
              3707.0,
              16244.0
            ],
            [
              3709.0,
              16244.0
            ],
            [
              3710.0,
              16245.0
            ],
            [
              3711.0,
              16245.0
            ],
            [
              3712.0,
              16246.0
            ],
            [
              3712.0,
              16248.0
            ],
            [
              3711.0,
              16249.0
            ],
            [
              3711.0,
              16251.0
            ],
            [
              3712.0,
              16252.0
            ],
            [
              3715.0,
              16250.0
            ],
            [
              3718.0,
              16250.0
            ],
            [
              3719.0,
              16251.0
            ],
            [
              3720.0,
              16251.0
            ],
            [
              3723.0,
              16254.0
            ],
            [
              3723.0,
              16255.0
            ],
            [
              3724.0,
              16256.0
            ],
            [
              3724.0,
              16261.0
            ],
            [
              3728.0,
              16265.0
            ],
            [
              3730.0,
              16265.0
            ],
            [
              3731.0,
              16266.0
            ],
            [
              3732.0,
              16266.0
            ],
            [
              3736.0,
              16270.0
            ],
            [
              3736.0,
              16276.0
            ],
            [
              3735.0,
              16277.0
            ],
            [
              3735.0,
              16279.0
            ],
            [
              3732.0,
              16281.0
            ],
            [
              3731.0,
              16281.0
            ],
            [
              3730.0,
              16280.0
            ],
            [
              3728.0,
              16280.0
            ],
            [
              3727.0,
              16279.0
            ],
            [
              3722.0,
              16279.0
            ],
            [
              3719.0,
              16282.0
            ],
            [
              3718.0,
              16282.0
            ],
            [
              3717.0,
              16283.0
            ],
            [
              3715.0,
              16283.0
            ],
            [
              3712.0,
              16281.0
            ],
            [
              3710.0,
              16281.0
            ],
            [
              3709.0,
              16280.0
            ],
            [
              3708.0,
              16280.0
            ],
            [
              3707.0,
              16279.0
            ],
            [
              3707.0,
              16277.0
            ],
            [
              3706.0,
              16276.0
            ],
            [
              3702.0,
              16276.0
            ],
            [
              3701.0,
              16275.0
            ],
            [
              3698.0,
              16274.0
            ],
            [
              3695.0,
              16271.0
            ],
            [
              3695.0,
              16265.0
            ],
            [
              3694.0,
              16264.0
            ],
            [
              3690.0,
              16264.0
            ],
            [
              3689.0,
              16263.0
            ],
            [
              3687.0,
              16263.0
            ],
            [
              3686.0,
              16262.0
            ],
            [
              3684.0,
              16262.0
            ],
            [
              3683.0,
              16261.0
            ],
            [
              3680.0,
              16260.0
            ],
            [
              3677.0,
              16257.0
            ],
            [
              3677.0,
              16255.0
            ],
            [
              3675.0,
              16253.0
            ],
            [
              3675.0,
              16242.0
            ]
          ]
        ]
      },
      "properties": {
        "annotation_id": "6060_GP5_22",
        "label": "GP5",
        "probabilities": null,
        "tags": []
      }
    },
    {
      "type": "Feature",
      "geometry": {
        "type": "Polygon",
        "coordinates": [
          [
            [
              3119.0,
              15711.0
            ],
            [
              3122.0,
              15724.0
            ],
            [
              3074.0,
              15699.0
            ],
            [
              3015.0,
              15703.0
            ],
            [
              3039.0,
              15704.0
            ],
            [
              3035.0,
              15721.0
            ],
            [
              3059.0,
              15752.0
            ],
            [
              3057.0,
              15822.0
            ],
            [
              3069.0,
              15838.0
            ],
            [
              3075.0,
              15912.0
            ],
            [
              3045.0,
              15939.0
            ],
            [
              3017.0,
              16009.0
            ],
            [
              2997.0,
              16030.0
            ],
            [
              2985.0,
              16100.0
            ],
            [
              2933.0,
              16116.0
            ],
            [
              2899.0,
              16147.0
            ],
            [
              2895.0,
              16173.0
            ],
            [
              2851.0,
              16207.0
            ],
            [
              2825.0,
              16198.0
            ],
            [
              2800.0,
              16211.0
            ],
            [
              2794.0,
              16268.0
            ],
            [
              2775.0,
              16291.0
            ],
            [
              2741.0,
              16296.0
            ],
            [
              2683.0,
              16414.0
            ],
            [
              2691.0,
              16448.0
            ],
            [
              2728.0,
              16436.0
            ],
            [
              2743.0,
              16398.0
            ],
            [
              2770.0,
              16373.0
            ],
            [
              2771.0,
              16355.0
            ],
            [
              2816.0,
              16302.0
            ],
            [
              2836.0,
              16243.0
            ],
            [
              2888.0,
              16203.0
            ],
            [
              2907.0,
              16206.0
            ],
            [
              2906.0,
              16225.0
            ],
            [
              2840.0,
              16290.0
            ],
            [
              2845.0,
              16342.0
            ],
            [
              2802.0,
              16376.0
            ],
            [
              2790.0,
              16417.0
            ],
            [
              2765.0,
              16427.0
            ],
            [
              2753.0,
              16489.0
            ],
            [
              2679.0,
              16550.0
            ],
            [
              2672.0,
              16571.0
            ],
            [
              2647.0,
              16576.0
            ],
            [
              2693.0,
              16626.0
            ],
            [
              2752.0,
              16640.0
            ],
            [
              2815.0,
              16686.0
            ],
            [
              2863.0,
              16689.0
            ],
            [
              2847.0,
              16641.0
            ],
            [
              2849.0,
              16604.0
            ],
            [
              2898.0,
              16553.0
            ],
            [
              2969.0,
              16529.0
            ],
            [
              2972.0,
              16452.0
            ],
            [
              3014.0,
              16378.0
            ],
            [
              3079.0,
              16317.0
            ],
            [
              3162.0,
              16272.0
            ],
            [
              3215.0,
              16099.0
            ],
            [
              3302.0,
              16054.0
            ],
            [
              3302.0,
              15986.0
            ],
            [
              3235.0,
              15777.0
            ],
            [
              3191.0,
              15743.0
            ],
            [
              3119.0,
              15711.0
            ]
          ],
          [
            [
              2958.0,
              16123.0
            ],
            [
              2961.0,
              16122.0
            ],
            [
              2962.0,
              16123.0
            ],
            [
              2965.0,
              16123.0
            ],
            [
              2966.0,
              16124.0
            ],
            [
              2971.0,
              16124.0
            ],
            [
              2972.0,
              16125.0
            ],
            [
              2977.0,
              16125.0
            ],
            [
              2978.0,
              16124.0
            ],
            [
              2982.0,
              16124.0
            ],
            [
              2983.0,
              16125.0
            ],
            [
              2984.0,
              16125.0
            ],
            [
              2988.0,
              16129.0
            ],
            [
              2988.0,
              16130.0
            ],
            [
              2989.0,
              16131.0
            ],
            [
              2989.0,
              16134.0
            ],
            [
              2990.0,
              16135.0
            ],
            [
              2990.0,
              16139.0
            ],
            [
              2989.0,
              16140.0
            ],
            [
              2989.0,
              16146.0
            ],
            [
              2987.0,
              16148.0
            ],
            [
              2987.0,
              16149.0
            ],
            [
              2985.0,
              16152.0
            ],
            [
              2985.0,
              16160.0
            ],
            [
              2986.0,
              16161.0
            ],
            [
              2986.0,
              16163.0
            ],
            [
              2988.0,
              16165.0
            ],
            [
              2988.0,
              16169.0
            ],
            [
              2986.0,
              16171.0
            ],
            [
              2985.0,
              16171.0
            ],
            [
              2984.0,
              16172.0
            ],
            [
              2981.0,
              16172.0
            ],
            [
              2980.0,
              16173.0
            ],
            [
              2977.0,
              16173.0
            ],
            [
              2976.0,
              16174.0
            ],
            [
              2975.0,
              16174.0
            ],
            [
              2974.0,
              16175.0
            ],
            [
              2972.0,
              16175.0
            ],
            [
              2971.0,
              16176.0
            ],
            [
              2969.0,
              16176.0
            ],
            [
              2968.0,
              16175.0
            ],
            [
              2967.0,
              16175.0
            ],
            [
              2962.0,
              16172.0
            ],
            [
              2960.0,
              16172.0
            ],
            [
              2959.0,
              16171.0
            ],
            [
              2954.0,
              16171.0
            ],
            [
              2953.0,
              16172.0
            ],
            [
              2951.0,
              16172.0
            ],
            [
              2946.0,
              16175.0
            ],
            [
              2945.0,
              16175.0
            ],
            [
              2942.0,
              16173.0
            ],
            [
              2942.0,
              16171.0
            ],
            [
              2940.0,
              16169.0
            ],
            [
              2940.0,
              16168.0
            ],
            [
              2939.0,
              16167.0
            ],
            [
              2939.0,
              16164.0
            ],
            [
              2941.0,
              16161.0
            ],
            [
              2942.0,
              16161.0
            ],
            [
              2949.0,
              16155.0
            ],
            [
              2949.0,
              16141.0
            ],
            [
              2950.0,
              16140.0
            ],
            [
              2950.0,
              16138.0
            ],
            [
              2952.0,
              16136.0
            ],
            [
              2952.0,
              16134.0
            ],
            [
              2953.0,
              16133.0
            ],
            [
              2953.0,
              16131.0
            ],
            [
              2954.0,
              16130.0
            ],
            [
              2954.0,
              16128.0
            ],
            [
              2955.0,
              16127.0
            ],
            [
              2955.0,
              16126.0
            ],
            [
              2958.0,
              16123.0
            ]
          ]
        ]
      },
      "properties": {
        "annotation_id": "6060_GP5_24",
        "label": "GP5",
        "probabilities": null,
        "tags": []
      }
    },
    {
      "type": "Feature",
      "geometry": {
        "type": "Polygon",
        "coordinates": [
          [
            [
              4312.0,
              15366.0
            ],
            [
              4294.0,
              15361.0
            ],
            [
              4195.0,
              15427.0
            ],
            [
              4068.0,
              15571.0
            ],
            [
              4042.0,
              15612.0
            ],
            [
              3975.0,
              15670.0
            ],
            [
              3958.0,
              15716.0
            ],
            [
              3802.0,
              15782.0
            ],
            [
              3796.0,
              15800.0
            ],
            [
              3821.0,
              15830.0
            ],
            [
              3840.0,
              15839.0
            ],
            [
              3897.0,
              15839.0
            ],
            [
              3947.0,
              15825.0
            ],
            [
              3969.0,
              15851.0
            ],
            [
              4031.0,
              15855.0
            ],
            [
              4053.0,
              15832.0
            ],
            [
              4114.0,
              15828.0
            ],
            [
              4189.0,
              15812.0
            ],
            [
              4242.0,
              15776.0
            ],
            [
              4242.0,
              15751.0
            ],
            [
              4217.0,
              15735.0
            ],
            [
              4225.0,
              15726.0
            ],
            [
              4226.0,
              15708.0
            ],
            [
              4219.0,
              15691.0
            ],
            [
              4220.0,
              15661.0
            ],
            [
              4179.0,
              15635.0
            ],
            [
              4154.0,
              15628.0
            ],
            [
              4125.0,
              15601.0
            ],
            [
              4126.0,
              15591.0
            ],
            [
              4137.0,
              15594.0
            ],
            [
              4161.0,
              15620.0
            ],
            [
              4206.0,
              15626.0
            ],
            [
              4227.0,
              15641.0
            ],
            [
              4236.0,
              15640.0
            ],
            [
              4260.0,
              15595.0
            ],
            [
              4258.0,
              15572.0
            ],
            [
              4245.0,
              15567.0
            ],
            [
              4242.0,
              15558.0
            ],
            [
              4253.0,
              15542.0
            ],
            [
              4230.0,
              15505.0
            ],
            [
              4243.0,
              15498.0
            ],
            [
              4274.0,
              15526.0
            ],
            [
              4281.0,
              15502.0
            ],
            [
              4278.0,
              15455.0
            ],
            [
              4291.0,
              15453.0
            ],
            [
              4292.0,
              15445.0
            ],
            [
              4273.0,
              15428.0
            ],
            [
              4225.0,
              15415.0
            ],
            [
              4271.0,
              15408.0
            ],
            [
              4279.0,
              15421.0
            ],
            [
              4294.0,
              15419.0
            ],
            [
              4289.0,
              15387.0
            ],
            [
              4307.0,
              15378.0
            ],
            [
              4312.0,
              15366.0
            ]
          ]
        ]
      },
      "properties": {
        "annotation_id": "6060_GP5_26",
        "label": "GP5",
        "probabilities": null,
        "tags": []
      }
    },
    {
      "type": "Feature",
      "geometry": {
        "type": "Polygon",
        "coordinates": [
          [
            [
              4286.0,
              15320.0
            ],
            [
              4133.0,
              15368.0
            ],
            [
              4031.0,
              15456.0
            ],
            [
              4029.0,
              15498.0
            ],
            [
              3992.0,
              15541.0
            ],
            [
              3905.0,
              15572.0
            ],
            [
              3901.0,
              15554.0
            ],
            [
              3970.0,
              15493.0
            ],
            [
              4002.0,
              15481.0
            ],
            [
              3996.0,
              15435.0
            ],
            [
              3861.0,
              15452.0
            ],
            [
              3789.0,
              15507.0
            ],
            [
              3800.0,
              15452.0
            ],
            [
              3883.0,
              15409.0
            ],
            [
              3893.0,
              15385.0
            ],
            [
              3920.0,
              15383.0
            ],
            [
              3941.0,
              15364.0
            ],
            [
              4193.0,
              15259.0
            ],
            [
              4213.0,
              15221.0
            ],
            [
              4089.0,
              15231.0
            ],
            [
              4059.0,
              15247.0
            ],
            [
              3986.0,
              15245.0
            ],
            [
              3880.0,
              15180.0
            ],
            [
              3829.0,
              15130.0
            ],
            [
              3769.0,
              15105.0
            ],
            [
              3726.0,
              15064.0
            ],
            [
              3646.0,
              15080.0
            ],
            [
              3594.0,
              15140.0
            ],
            [
              3570.0,
              15198.0
            ],
            [
              3511.0,
              15259.0
            ],
            [
              3514.0,
              15299.0
            ],
            [
              3540.0,
              15332.0
            ],
            [
              3461.0,
              15573.0
            ],
            [
              3415.0,
              15666.0
            ],
            [
              3397.0,
              15768.0
            ],
            [
              3405.0,
              15809.0
            ],
            [
              3482.0,
              15830.0
            ],
            [
              3618.0,
              15800.0
            ],
            [
              3899.0,
              15667.0
            ],
            [
              3938.0,
              15628.0
            ],
            [
              4046.0,
              15573.0
            ],
            [
              4063.0,
              15543.0
            ],
            [
              4088.0,
              15530.0
            ],
            [
              4126.0,
              15457.0
            ],
            [
              4249.0,
              15369.0
            ],
            [
              4286.0,
              15320.0
            ]
          ],
          [
            [
              3890.0,
              15223.0
            ],
            [
              3893.0,
              15225.0
            ],
            [
              3894.0,
              15227.0
            ],
            [
              3894.0,
              15229.0
            ],
            [
              3892.0,
              15233.0
            ],
            [
              3880.0,
              15245.0
            ],
            [
              3879.0,
              15247.0
            ],
            [
              3879.0,
              15253.0
            ],
            [
              3881.0,
              15257.0
            ],
            [
              3885.0,
              15261.0
            ],
            [
              3887.0,
              15262.0
            ],
            [
              3892.0,
              15262.0
            ],
            [
              3896.0,
              15264.0
            ],
            [
              3897.0,
              15265.0
            ],
            [
              3897.0,
              15268.0
            ],
            [
              3895.0,
              15270.0
            ],
            [
              3893.0,
              15271.0
            ],
            [
              3891.0,
              15271.0
            ],
            [
              3888.0,
              15274.0
            ],
            [
              3887.0,
              15274.0
            ],
            [
              3880.0,
              15281.0
            ],
            [
              3879.0,
              15283.0
            ],
            [
              3879.0,
              15299.0
            ],
            [
              3878.0,
              15301.0
            ],
            [
              3874.0,
              15305.0
            ],
            [
              3870.0,
              15307.0
            ],
            [
              3865.0,
              15307.0
            ],
            [
              3861.0,
              15304.0
            ],
            [
              3860.0,
              15302.0
            ],
            [
              3860.0,
              15300.0
            ],
            [
              3859.0,
              15299.0
            ],
            [
              3859.0,
              15292.0
            ],
            [
              3863.0,
              15285.0
            ],
            [
              3863.0,
              15279.0
            ],
            [
              3862.0,
              15277.0
            ],
            [
              3856.0,
              15272.0
            ],
            [
              3856.0,
              15264.0
            ],
            [
              3857.0,
              15263.0
            ],
            [
              3857.0,
              15261.0
            ],
            [
              3859.0,
              15257.0
            ],
            [
              3859.0,
              15254.0
            ],
            [
              3858.0,
              15253.0
            ],
            [
              3858.0,
              15250.0
            ],
            [
              3857.0,
              15249.0
            ],
            [
              3857.0,
              15245.0
            ],
            [
              3858.0,
              15244.0
            ],
            [
              3858.0,
              15242.0
            ],
            [
              3859.0,
              15240.0
            ],
            [
              3866.0,
              15234.0
            ],
            [
              3870.0,
              15232.0
            ],
            [
              3875.0,
              15227.0
            ],
            [
              3879.0,
              15225.0
            ],
            [
              3884.0,
              15224.0
            ],
            [
              3885.0,
              15223.0
            ],
            [
              3890.0,
              15223.0
            ]
          ]
        ]
      },
      "properties": {
        "annotation_id": "6060_GP5_27",
        "label": "GP5",
        "probabilities": null,
        "tags": []
      }
    },
    {
      "type": "Feature",
      "geometry": {
        "type": "Polygon",
        "coordinates": [
          [
            [
              3414.0,
              15060.0
            ],
            [
              3375.0,
              15064.0
            ],
            [
              3301.0,
              15108.0
            ],
            [
              3294.0,
              15117.0
            ],
            [
              3298.0,
              15177.0
            ],
            [
              3282.0,
              15189.0
            ],
            [
              3258.0,
              15189.0
            ],
            [
              3243.0,
              15175.0
            ],
            [
              3216.0,
              15171.0
            ],
            [
              3200.0,
              15159.0
            ],
            [
              3196.0,
              15135.0
            ],
            [
              3236.0,
              15120.0
            ],
            [
              3259.0,
              15100.0
            ],
            [
              3259.0,
              15088.0
            ],
            [
              3249.0,
              15080.0
            ],
            [
              3171.0,
              15072.0
            ],
            [
              3157.0,
              15078.0
            ],
            [
              3108.0,
              15121.0
            ],
            [
              3091.0,
              15147.0
            ],
            [
              3091.0,
              15222.0
            ],
            [
              3075.0,
              15292.0
            ],
            [
              3095.0,
              15326.0
            ],
            [
              3095.0,
              15395.0
            ],
            [
              3084.0,
              15408.0
            ],
            [
              3067.0,
              15408.0
            ],
            [
              3054.0,
              15398.0
            ],
            [
              3036.0,
              15407.0
            ],
            [
              3032.0,
              15429.0
            ],
            [
              3046.0,
              15457.0
            ],
            [
              3069.0,
              15479.0
            ],
            [
              3071.0,
              15529.0
            ],
            [
              3063.0,
              15560.0
            ],
            [
              3025.0,
              15565.0
            ],
            [
              3014.0,
              15575.0
            ],
            [
              3014.0,
              15596.0
            ],
            [
              3034.0,
              15638.0
            ],
            [
              3059.0,
              15668.0
            ],
            [
              3104.0,
              15681.0
            ],
            [
              3163.0,
              15723.0
            ],
            [
              3285.0,
              15730.0
            ],
            [
              3359.0,
              15699.0
            ],
            [
              3368.0,
              15686.0
            ],
            [
              3372.0,
              15585.0
            ],
            [
              3357.0,
              15517.0
            ],
            [
              3357.0,
              15356.0
            ],
            [
              3382.0,
              15296.0
            ],
            [
              3420.0,
              15266.0
            ],
            [
              3430.0,
              15240.0
            ],
            [
              3432.0,
              15173.0
            ],
            [
              3418.0,
              15115.0
            ],
            [
              3434.0,
              15099.0
            ],
            [
              3434.0,
              15083.0
            ],
            [
              3414.0,
              15060.0
            ]
          ]
        ]
      },
      "properties": {
        "annotation_id": "6060_GP5_29",
        "label": "GP5",
        "probabilities": null,
        "tags": []
      }
    },
    {
      "type": "Feature",
      "geometry": {
        "type": "Polygon",
        "coordinates": [
          [
            [
              4232.0,
              14166.0
            ],
            [
              4214.0,
              14167.0
            ],
            [
              4156.0,
              14202.0
            ],
            [
              4030.0,
              14227.0
            ],
            [
              3963.0,
              14259.0
            ],
            [
              3877.0,
              14327.0
            ],
            [
              3880.0,
              14375.0
            ],
            [
              3853.0,
              14437.0
            ],
            [
              3829.0,
              14454.0
            ],
            [
              3771.0,
              14471.0
            ],
            [
              3731.0,
              14520.0
            ],
            [
              3687.0,
              14632.0
            ],
            [
              3652.0,
              14684.0
            ],
            [
              3647.0,
              14730.0
            ],
            [
              3587.0,
              14855.0
            ],
            [
              3588.0,
              14896.0
            ],
            [
              3634.0,
              14858.0
            ],
            [
              3669.0,
              14804.0
            ],
            [
              3747.0,
              14753.0
            ],
            [
              3819.0,
              14727.0
            ],
            [
              3854.0,
              14697.0
            ],
            [
              3865.0,
              14672.0
            ],
            [
              3861.0,
              14594.0
            ],
            [
              3851.0,
              14569.0
            ],
            [
              3858.0,
              14559.0
            ],
            [
              3913.0,
              14544.0
            ],
            [
              3992.0,
              14544.0
            ],
            [
              4098.0,
              14464.0
            ],
            [
              4178.0,
              14427.0
            ],
            [
              4230.0,
              14388.0
            ],
            [
              4245.0,
              14352.0
            ],
            [
              4182.0,
              14325.0
            ],
            [
              4177.0,
              14306.0
            ],
            [
              4256.0,
              14226.0
            ],
            [
              4256.0,
              14210.0
            ],
            [
              4232.0,
              14166.0
            ]
          ]
        ]
      },
      "properties": {
        "annotation_id": "6060_GP5_33",
        "label": "GP5",
        "probabilities": null,
        "tags": []
      }
    },
    {
      "type": "Feature",
      "geometry": {
        "type": "Polygon",
        "coordinates": [
          [
            [
              4107.0,
              13768.0
            ],
            [
              4064.0,
              13759.0
            ],
            [
              4021.0,
              13761.0
            ],
            [
              3985.0,
              13813.0
            ],
            [
              3944.0,
              13928.0
            ],
            [
              3932.0,
              13946.0
            ],
            [
              3901.0,
              13971.0
            ],
            [
              3879.0,
              14004.0
            ],
            [
              3825.0,
              14056.0
            ],
            [
              3809.0,
              14098.0
            ],
            [
              3800.0,
              14165.0
            ],
            [
              3804.0,
              14272.0
            ],
            [
              3819.0,
              14315.0
            ],
            [
              3853.0,
              14286.0
            ],
            [
              3885.0,
              14276.0
            ],
            [
              3901.0,
              14237.0
            ],
            [
              3913.0,
              14232.0
            ],
            [
              3967.0,
              14232.0
            ],
            [
              3998.0,
              14224.0
            ],
            [
              4059.0,
              14186.0
            ],
            [
              4091.0,
              14176.0
            ],
            [
              4116.0,
              14159.0
            ],
            [
              4132.0,
              14141.0
            ],
            [
              4177.0,
              14110.0
            ],
            [
              4214.0,
              14071.0
            ],
            [
              4255.0,
              14062.0
            ],
            [
              4297.0,
              14061.0
            ],
            [
              4322.0,
              14042.0
            ],
            [
              4329.0,
              14022.0
            ],
            [
              4327.0,
              13987.0
            ],
            [
              4313.0,
              13970.0
            ],
            [
              4208.0,
              13953.0
            ],
            [
              4161.0,
              13837.0
            ],
            [
              4138.0,
              13804.0
            ],
            [
              4122.0,
              13796.0
            ],
            [
              4107.0,
              13768.0
            ]
          ],
          [
            [
              4289.0,
              14012.0
            ],
            [
              4289.0,
              14019.0
            ],
            [
              4288.0,
              14020.0
            ],
            [
              4288.0,
              14022.0
            ],
            [
              4287.0,
              14023.0
            ],
            [
              4287.0,
              14024.0
            ],
            [
              4285.0,
              14026.0
            ],
            [
              4284.0,
              14026.0
            ],
            [
              4283.0,
              14027.0
            ],
            [
              4281.0,
              14027.0
            ],
            [
              4280.0,
              14028.0
            ],
            [
              4278.0,
              14028.0
            ],
            [
              4277.0,
              14029.0
            ],
            [
              4273.0,
              14029.0
            ],
            [
              4272.0,
              14028.0
            ],
            [
              4271.0,
              14028.0
            ],
            [
              4268.0,
              14025.0
            ],
            [
              4266.0,
              14027.0
            ],
            [
              4266.0,
              14028.0
            ],
            [
              4264.0,
              14031.0
            ],
            [
              4263.0,
              14031.0
            ],
            [
              4262.0,
              14032.0
            ],
            [
              4259.0,
              14032.0
            ],
            [
              4256.0,
              14030.0
            ],
            [
              4256.0,
              14028.0
            ],
            [
              4255.0,
              14027.0
            ],
            [
              4255.0,
              14026.0
            ],
            [
              4252.0,
              14023.0
            ],
            [
              4251.0,
              14023.0
            ],
            [
              4250.0,
              14022.0
            ],
            [
              4248.0,
              14022.0
            ],
            [
              4247.0,
              14023.0
            ],
            [
              4246.0,
              14023.0
            ],
            [
              4243.0,
              14025.0
            ],
            [
              4241.0,
              14025.0
            ],
            [
              4238.0,
              14023.0
            ],
            [
              4238.0,
              14021.0
            ],
            [
              4241.0,
              14018.0
            ],
            [
              4241.0,
              14014.0
            ],
            [
              4242.0,
              14013.0
            ],
            [
              4242.0,
              14012.0
            ],
            [
              4240.0,
              14010.0
            ],
            [
              4240.0,
              14002.0
            ],
            [
              4241.0,
              14001.0
            ],
            [
              4242.0,
              14001.0
            ],
            [
              4243.0,
              14000.0
            ],
            [
              4244.0,
              14000.0
            ],
            [
              4247.0,
              13998.0
            ],
            [
              4253.0,
              13998.0
            ],
            [
              4259.0,
              14002.0
            ],
            [
              4260.0,
              14001.0
            ],
            [
              4262.0,
              14001.0
            ],
            [
              4263.0,
              14000.0
            ],
            [
              4264.0,
              14000.0
            ],
            [
              4265.0,
              13999.0
            ],
            [
              4266.0,
              13999.0
            ],
            [
              4267.0,
              13998.0
            ],
            [
              4270.0,
              13997.0
            ],
            [
              4271.0,
              13998.0
            ],
            [
              4272.0,
              13998.0
            ],
            [
              4274.0,
              14001.0
            ],
            [
              4277.0,
              14001.0
            ],
            [
              4278.0,
              14002.0
            ],
            [
              4280.0,
              14002.0
            ],
            [
              4281.0,
              14003.0
            ],
            [
              4284.0,
              14004.0
            ],
            [
              4286.0,
              14006.0
            ],
            [
              4286.0,
              14007.0
            ],
            [
              4287.0,
              14008.0
            ],
            [
              4287.0,
              14009.0
            ],
            [
              4289.0,
              14012.0
            ]
          ]
        ]
      },
      "properties": {
        "annotation_id": "6060_GP5_37",
        "label": "GP5",
        "probabilities": null,
        "tags": []
      }
    },
    {
      "type": "Feature",
      "geometry": {
        "type": "Polygon",
        "coordinates": [
          [
            [
              4003.0,
              13261.0
            ],
            [
              3959.0,
              13255.0
            ],
            [
              3894.0,
              13305.0
            ],
            [
              3855.0,
              13316.0
            ],
            [
              3835.0,
              13304.0
            ],
            [
              3814.0,
              13275.0
            ],
            [
              3794.0,
              13282.0
            ],
            [
              3800.0,
              13371.0
            ],
            [
              3778.0,
              13440.0
            ],
            [
              3780.0,
              13461.0
            ],
            [
              3758.0,
              13466.0
            ],
            [
              3765.0,
              13490.0
            ],
            [
              3750.0,
              13554.0
            ],
            [
              3711.0,
              13595.0
            ],
            [
              3715.0,
              13621.0
            ],
            [
              3703.0,
              13659.0
            ],
            [
              3686.0,
              13657.0
            ],
            [
              3675.0,
              13668.0
            ],
            [
              3684.0,
              13684.0
            ],
            [
              3680.0,
              13710.0
            ],
            [
              3659.0,
              13702.0
            ],
            [
              3658.0,
              13769.0
            ],
            [
              3674.0,
              13772.0
            ],
            [
              3665.0,
              13830.0
            ],
            [
              3645.0,
              13851.0
            ],
            [
              3652.0,
              13886.0
            ],
            [
              3639.0,
              13917.0
            ],
            [
              3649.0,
              13938.0
            ],
            [
              3624.0,
              13958.0
            ],
            [
              3609.0,
              13996.0
            ],
            [
              3578.0,
              14033.0
            ],
            [
              3581.0,
              14045.0
            ],
            [
              3609.0,
              14053.0
            ],
            [
              3618.0,
              14072.0
            ],
            [
              3699.0,
              14073.0
            ],
            [
              3724.0,
              14024.0
            ],
            [
              3735.0,
              13944.0
            ],
            [
              3700.0,
              13839.0
            ],
            [
              3705.0,
              13743.0
            ],
            [
              3721.0,
              13731.0
            ],
            [
              3782.0,
              13730.0
            ],
            [
              3808.0,
              13719.0
            ],
            [
              3858.0,
              13644.0
            ],
            [
              3899.0,
              13605.0
            ],
            [
              3915.0,
              13571.0
            ],
            [
              3942.0,
              13550.0
            ],
            [
              3982.0,
              13535.0
            ],
            [
              4012.0,
              13567.0
            ],
            [
              4046.0,
              13581.0
            ],
            [
              4065.0,
              13559.0
            ],
            [
              4108.0,
              13558.0
            ],
            [
              4131.0,
              13533.0
            ],
            [
              4137.0,
              13505.0
            ],
            [
              4086.0,
              13471.0
            ],
            [
              4088.0,
              13386.0
            ],
            [
              4056.0,
              13323.0
            ],
            [
              4003.0,
              13261.0
            ]
          ]
        ]
      },
      "properties": {
        "annotation_id": "6060_GP5_39",
        "label": "GP5",
        "probabilities": null,
        "tags": []
      }
    },
    {
      "type": "Feature",
      "geometry": {
        "type": "Polygon",
        "coordinates": [
          [
            [
              1675.0,
              20322.0
            ],
            [
              1656.0,
              20404.0
            ],
            [
              1630.0,
              20425.0
            ],
            [
              1626.0,
              20470.0
            ],
            [
              1644.0,
              20501.0
            ],
            [
              1684.0,
              20516.0
            ],
            [
              1631.0,
              20540.0
            ],
            [
              1597.0,
              20518.0
            ],
            [
              1587.0,
              20493.0
            ],
            [
              1558.0,
              20542.0
            ],
            [
              1562.0,
              20568.0
            ],
            [
              1521.0,
              20690.0
            ],
            [
              1537.0,
              20836.0
            ],
            [
              1505.0,
              20957.0
            ],
            [
              1519.0,
              21027.0
            ],
            [
              1482.0,
              21019.0
            ],
            [
              1507.0,
              21049.0
            ],
            [
              1519.0,
              21042.0
            ],
            [
              1523.0,
              21066.0
            ],
            [
              1571.0,
              21113.0
            ],
            [
              1599.0,
              21163.0
            ],
            [
              1650.0,
              21186.0
            ],
            [
              1779.0,
              21210.0
            ],
            [
              1992.0,
              21219.0
            ],
            [
              2126.0,
              21167.0
            ],
            [
              2144.0,
              21118.0
            ],
            [
              2179.0,
              21070.0
            ],
            [
              2284.0,
              20994.0
            ],
            [
              2301.0,
              20957.0
            ],
            [
              2384.0,
              20880.0
            ],
            [
              2446.0,
              20846.0
            ],
            [
              2481.0,
              20788.0
            ],
            [
              2475.0,
              20703.0
            ],
            [
              2443.0,
              20667.0
            ],
            [
              2309.0,
              20572.0
            ],
            [
              2182.0,
              20525.0
            ],
            [
              2179.0,
              20501.0
            ],
            [
              2225.0,
              20488.0
            ],
            [
              2240.0,
              20471.0
            ],
            [
              2151.0,
              20454.0
            ],
            [
              2097.0,
              20486.0
            ],
            [
              2076.0,
              20471.0
            ],
            [
              2018.0,
              20471.0
            ],
            [
              1931.0,
              20510.0
            ],
            [
              1882.0,
              20510.0
            ],
            [
              1880.0,
              20391.0
            ],
            [
              1775.0,
              20403.0
            ],
            [
              1718.0,
              20365.0
            ],
            [
              1695.0,
              20316.0
            ],
            [
              1675.0,
              20322.0
            ]
          ],
          [
            [
              1549.0,
              20764.0
            ],
            [
              1552.0,
              20762.0
            ],
            [
              1556.0,
              20764.0
            ],
            [
              1559.0,
              20776.0
            ],
            [
              1567.0,
              20787.0
            ],
            [
              1567.0,
              20796.0
            ],
            [
              1570.0,
              20800.0
            ],
            [
              1576.0,
              20798.0
            ],
            [
              1581.0,
              20794.0
            ],
            [
              1584.0,
              20796.0
            ],
            [
              1592.0,
              20795.0
            ],
            [
              1599.0,
              20797.0
            ],
            [
              1606.0,
              20797.0
            ],
            [
              1609.0,
              20799.0
            ],
            [
              1613.0,
              20799.0
            ],
            [
              1618.0,
              20802.0
            ],
            [
              1630.0,
              20803.0
            ],
            [
              1633.0,
              20805.0
            ],
            [
              1639.0,
              20805.0
            ],
            [
              1650.0,
              20812.0
            ],
            [
              1662.0,
              20813.0
            ],
            [
              1668.0,
              20816.0
            ],
            [
              1673.0,
              20816.0
            ],
            [
              1680.0,
              20820.0
            ],
            [
              1687.0,
              20821.0
            ],
            [
              1690.0,
              20823.0
            ],
            [
              1692.0,
              20828.0
            ],
            [
              1686.0,
              20831.0
            ],
            [
              1674.0,
              20832.0
            ],
            [
              1668.0,
              20837.0
            ],
            [
              1665.0,
              20838.0
            ],
            [
              1657.0,
              20832.0
            ],
            [
              1649.0,
              20828.0
            ],
            [
              1632.0,
              20827.0
            ],
            [
              1623.0,
              20821.0
            ],
            [
              1617.0,
              20820.0
            ],
            [
              1607.0,
              20813.0
            ],
            [
              1600.0,
              20810.0
            ],
            [
              1588.0,
              20810.0
            ],
            [
              1587.0,
              20809.0
            ],
            [
              1578.0,
              20809.0
            ],
            [
              1574.0,
              20811.0
            ],
            [
              1565.0,
              20810.0
            ],
            [
              1559.0,
              20804.0
            ],
            [
              1555.0,
              20786.0
            ],
            [
              1549.0,
              20769.0
            ],
            [
              1549.0,
              20764.0
            ]
          ]
        ]
      },
      "properties": {
        "annotation_id": "6060_GP5_4",
        "label": "GP5",
        "probabilities": null,
        "tags": []
      }
    },
    {
      "type": "Feature",
      "geometry": {
        "type": "Polygon",
        "coordinates": [
          [
            [
              4112.0,
              12482.0
            ],
            [
              4057.0,
              12479.0
            ],
            [
              4041.0,
              12503.0
            ],
            [
              4034.0,
              12532.0
            ],
            [
              4018.0,
              12559.0
            ],
            [
              3995.0,
              12571.0
            ],
            [
              3972.0,
              12607.0
            ],
            [
              3970.0,
              12622.0
            ],
            [
              3988.0,
              12636.0
            ],
            [
              3986.0,
              12671.0
            ],
            [
              3961.0,
              12727.0
            ],
            [
              3923.0,
              12762.0
            ],
            [
              3911.0,
              12781.0
            ],
            [
              3919.0,
              12799.0
            ],
            [
              3903.0,
              12859.0
            ],
            [
              3880.0,
              12889.0
            ],
            [
              3855.0,
              12901.0
            ],
            [
              3843.0,
              12928.0
            ],
            [
              3843.0,
              12969.0
            ],
            [
              3860.0,
              12982.0
            ],
            [
              3854.0,
              13020.0
            ],
            [
              4000.0,
              13028.0
            ],
            [
              4068.0,
              13012.0
            ],
            [
              4125.0,
              13012.0
            ],
            [
              4168.0,
              12999.0
            ],
            [
              4180.0,
              12983.0
            ],
            [
              4184.0,
              12960.0
            ],
            [
              4167.0,
              12937.0
            ],
            [
              4125.0,
              12902.0
            ],
            [
              4119.0,
              12891.0
            ],
            [
              4125.0,
              12858.0
            ],
            [
              4142.0,
              12845.0
            ],
            [
              4168.0,
              12844.0
            ],
            [
              4190.0,
              12858.0
            ],
            [
              4198.0,
              12875.0
            ],
            [
              4216.0,
              12884.0
            ],
            [
              4245.0,
              12883.0
            ],
            [
              4255.0,
              12877.0
            ],
            [
              4280.0,
              12814.0
            ],
            [
              4287.0,
              12753.0
            ],
            [
              4276.0,
              12711.0
            ],
            [
              4253.0,
              12667.0
            ],
            [
              4245.0,
              12630.0
            ],
            [
              4209.0,
              12574.0
            ],
            [
              4154.0,
              12541.0
            ],
            [
              4137.0,
              12508.0
            ],
            [
              4112.0,
              12482.0
            ]
          ]
        ]
      },
      "properties": {
        "annotation_id": "6060_GP5_40",
        "label": "GP5",
        "probabilities": null,
        "tags": []
      }
    },
    {
      "type": "Feature",
      "geometry": {
        "type": "Polygon",
        "coordinates": [
          [
            [
              5367.0,
              9679.0
            ],
            [
              5341.0,
              9931.0
            ],
            [
              5363.0,
              10126.0
            ],
            [
              5294.0,
              10018.0
            ],
            [
              5205.0,
              10289.0
            ],
            [
              4981.0,
              10357.0
            ],
            [
              4786.0,
              10327.0
            ],
            [
              4673.0,
              10379.0
            ],
            [
              4535.0,
              10520.0
            ],
            [
              4550.0,
              10648.0
            ],
            [
              4527.0,
              10674.0
            ],
            [
              4549.0,
              10677.0
            ],
            [
              4521.0,
              10755.0
            ],
            [
              4504.0,
              10635.0
            ],
            [
              4497.0,
              10780.0
            ],
            [
              4534.0,
              10824.0
            ],
            [
              4613.0,
              10839.0
            ],
            [
              4576.0,
              10856.0
            ],
            [
              4497.0,
              10829.0
            ],
            [
              4468.0,
              11015.0
            ],
            [
              4381.0,
              11183.0
            ],
            [
              4421.0,
              11241.0
            ],
            [
              4367.0,
              11294.0
            ],
            [
              4306.0,
              11433.0
            ],
            [
              4365.0,
              11562.0
            ],
            [
              4330.0,
              11762.0
            ],
            [
              4386.0,
              11906.0
            ],
            [
              4578.0,
              11994.0
            ],
            [
              4663.0,
              12119.0
            ],
            [
              4803.0,
              12220.0
            ],
            [
              5175.0,
              12112.0
            ],
            [
              5318.0,
              11671.0
            ],
            [
              5488.0,
              11464.0
            ],
            [
              5509.0,
              11307.0
            ],
            [
              5472.0,
              11206.0
            ],
            [
              5400.0,
              11190.0
            ],
            [
              5333.0,
              11126.0
            ],
            [
              5384.0,
              11001.0
            ],
            [
              5305.0,
              10943.0
            ],
            [
              5133.0,
              10982.0
            ],
            [
              5155.0,
              10895.0
            ],
            [
              5318.0,
              10742.0
            ],
            [
              5296.0,
              10592.0
            ],
            [
              5386.0,
              10469.0
            ],
            [
              5370.0,
              10379.0
            ],
            [
              5406.0,
              10346.0
            ],
            [
              5406.0,
              10280.0
            ],
            [
              5441.0,
              10243.0
            ],
            [
              5500.0,
              10243.0
            ],
            [
              5650.0,
              10324.0
            ],
            [
              5685.0,
              10277.0
            ],
            [
              5658.0,
              10242.0
            ],
            [
              5673.0,
              10199.0
            ],
            [
              5785.0,
              10245.0
            ],
            [
              5797.0,
              10207.0
            ],
            [
              5785.0,
              10158.0
            ],
            [
              5721.0,
              10111.0
            ],
            [
              5569.0,
              10119.0
            ],
            [
              5604.0,
              9886.0
            ],
            [
              5500.0,
              9867.0
            ],
            [
              5459.0,
              9771.0
            ],
            [
              5367.0,
              9679.0
            ]
          ],
          [
            [
              4671.0,
              11933.0
            ],
            [
              4672.0,
              11933.0
            ],
            [
              4673.0,
              11932.0
            ],
            [
              4674.0,
              11932.0
            ],
            [
              4675.0,
              11931.0
            ],
            [
              4676.0,
              11931.0
            ],
            [
              4677.0,
              11930.0
            ],
            [
              4680.0,
              11930.0
            ],
            [
              4681.0,
              11929.0
            ],
            [
              4691.0,
              11929.0
            ],
            [
              4692.0,
              11930.0
            ],
            [
              4693.0,
              11930.0
            ],
            [
              4694.0,
              11931.0
            ],
            [
              4695.0,
              11931.0
            ],
            [
              4699.0,
              11935.0
            ],
            [
              4699.0,
              11936.0
            ],
            [
              4700.0,
              11937.0
            ],
            [
              4700.0,
              11938.0
            ],
            [
              4701.0,
              11939.0
            ],
            [
              4701.0,
              11940.0
            ],
            [
              4703.0,
              11942.0
            ],
            [
              4703.0,
              11943.0
            ],
            [
              4704.0,
              11944.0
            ],
            [
              4704.0,
              11945.0
            ],
            [
              4705.0,
              11946.0
            ],
            [
              4705.0,
              11954.0
            ],
            [
              4704.0,
              11955.0
            ],
            [
              4704.0,
              11958.0
            ],
            [
              4703.0,
              11959.0
            ],
            [
              4703.0,
              11961.0
            ],
            [
              4696.0,
              11968.0
            ],
            [
              4695.0,
              11968.0
            ],
            [
              4694.0,
              11969.0
            ],
            [
              4686.0,
              11969.0
            ],
            [
              4685.0,
              11968.0
            ],
            [
              4683.0,
              11968.0
            ],
            [
              4682.0,
              11967.0
            ],
            [
              4681.0,
              11967.0
            ],
            [
              4680.0,
              11966.0
            ],
            [
              4679.0,
              11966.0
            ],
            [
              4672.0,
              11959.0
            ],
            [
              4672.0,
              11958.0
            ],
            [
              4670.0,
              11956.0
            ],
            [
              4670.0,
              11955.0
            ],
            [
              4669.0,
              11954.0
            ],
            [
              4669.0,
              11953.0
            ],
            [
              4668.0,
              11952.0
            ],
            [
              4668.0,
              11938.0
            ],
            [
              4669.0,
              11937.0
            ],
            [
              4669.0,
              11935.0
            ],
            [
              4671.0,
              11933.0
            ]
          ],
          [
            [
              4757.0,
              10689.0
            ],
            [
              4761.0,
              10685.0
            ],
            [
              4762.0,
              10685.0
            ],
            [
              4765.0,
              10683.0
            ],
            [
              4766.0,
              10684.0
            ],
            [
              4767.0,
              10684.0
            ],
            [
              4771.0,
              10688.0
            ],
            [
              4772.0,
              10688.0
            ],
            [
              4775.0,
              10690.0
            ],
            [
              4779.0,
              10690.0
            ],
            [
              4780.0,
              10689.0
            ],
            [
              4783.0,
              10688.0
            ],
            [
              4786.0,
              10685.0
            ],
            [
              4787.0,
              10685.0
            ],
            [
              4790.0,
              10683.0
            ],
            [
              4792.0,
              10683.0
            ],
            [
              4793.0,
              10684.0
            ],
            [
              4796.0,
              10685.0
            ],
            [
              4798.0,
              10687.0
            ],
            [
              4799.0,
              10687.0
            ],
            [
              4800.0,
              10688.0
            ],
            [
              4803.0,
              10689.0
            ],
            [
              4805.0,
              10691.0
            ],
            [
              4806.0,
              10691.0
            ],
            [
              4807.0,
              10692.0
            ],
            [
              4807.0,
              10694.0
            ],
            [
              4808.0,
              10695.0
            ],
            [
              4808.0,
              10697.0
            ],
            [
              4809.0,
              10698.0
            ],
            [
              4809.0,
              10699.0
            ],
            [
              4811.0,
              10702.0
            ],
            [
              4811.0,
              10708.0
            ],
            [
              4810.0,
              10709.0
            ],
            [
              4810.0,
              10710.0
            ],
            [
              4806.0,
              10714.0
            ],
            [
              4805.0,
              10714.0
            ],
            [
              4804.0,
              10715.0
            ],
            [
              4803.0,
              10715.0
            ],
            [
              4802.0,
              10714.0
            ],
            [
              4801.0,
              10714.0
            ],
            [
              4800.0,
              10713.0
            ],
            [
              4799.0,
              10713.0
            ],
            [
              4796.0,
              10711.0
            ],
            [
              4790.0,
              10711.0
            ],
            [
              4787.0,
              10714.0
            ],
            [
              4786.0,
              10714.0
            ],
            [
              4783.0,
              10716.0
            ],
            [
              4781.0,
              10716.0
            ],
            [
              4780.0,
              10715.0
            ],
            [
              4778.0,
              10715.0
            ],
            [
              4777.0,
              10714.0
            ],
            [
              4774.0,
              10714.0
            ],
            [
              4773.0,
              10713.0
            ],
            [
              4771.0,
              10713.0
            ],
            [
              4770.0,
              10712.0
            ],
            [
              4769.0,
              10712.0
            ],
            [
              4766.0,
              10709.0
            ],
            [
              4766.0,
              10708.0
            ],
            [
              4758.0,
              10700.0
            ],
            [
              4758.0,
              10699.0
            ],
            [
              4757.0,
              10698.0
            ],
            [
              4757.0,
              10689.0
            ]
          ]
        ]
      },
      "properties": {
        "annotation_id": "6060_GP5_41",
        "label": "GP5",
        "probabilities": null,
        "tags": []
      }
    },
    {
      "type": "Feature",
      "geometry": {
        "type": "Polygon",
        "coordinates": [
          [
            [
              5753.0,
              9625.0
            ],
            [
              5740.0,
              9625.0
            ],
            [
              5728.0,
              9633.0
            ],
            [
              5722.0,
              9633.0
            ],
            [
              5719.0,
              9636.0
            ],
            [
              5710.0,
              9639.0
            ],
            [
              5671.0,
              9640.0
            ],
            [
              5655.0,
              9656.0
            ],
            [
              5653.0,
              9666.0
            ],
            [
              5638.0,
              9681.0
            ],
            [
              5624.0,
              9686.0
            ],
            [
              5613.0,
              9698.0
            ],
            [
              5611.0,
              9706.0
            ],
            [
              5607.0,
              9709.0
            ],
            [
              5607.0,
              9750.0
            ],
            [
              5611.0,
              9758.0
            ],
            [
              5611.0,
              9764.0
            ],
            [
              5615.0,
              9767.0
            ],
            [
              5615.0,
              9772.0
            ],
            [
              5619.0,
              9776.0
            ],
            [
              5621.0,
              9782.0
            ],
            [
              5621.0,
              9808.0
            ],
            [
              5629.0,
              9817.0
            ],
            [
              5631.0,
              9823.0
            ],
            [
              5637.0,
              9828.0
            ],
            [
              5654.0,
              9828.0
            ],
            [
              5662.0,
              9832.0
            ],
            [
              5682.0,
              9834.0
            ],
            [
              5690.0,
              9839.0
            ],
            [
              5714.0,
              9813.0
            ],
            [
              5723.0,
              9808.0
            ],
            [
              5731.0,
              9808.0
            ],
            [
              5734.0,
              9806.0
            ],
            [
              5736.0,
              9783.0
            ],
            [
              5746.0,
              9772.0
            ],
            [
              5745.0,
              9767.0
            ],
            [
              5740.0,
              9760.0
            ],
            [
              5736.0,
              9728.0
            ],
            [
              5743.0,
              9719.0
            ],
            [
              5746.0,
              9710.0
            ],
            [
              5746.0,
              9700.0
            ],
            [
              5742.0,
              9687.0
            ],
            [
              5748.0,
              9675.0
            ],
            [
              5748.0,
              9662.0
            ],
            [
              5756.0,
              9643.0
            ],
            [
              5756.0,
              9629.0
            ],
            [
              5753.0,
              9625.0
            ]
          ]
        ]
      },
      "properties": {
        "annotation_id": "6060_GP5_44",
        "label": "GP5",
        "probabilities": null,
        "tags": []
      }
    },
    {
      "type": "Feature",
      "geometry": {
        "type": "Polygon",
        "coordinates": [
          [
            [
              5285.0,
              9465.0
            ],
            [
              5199.0,
              9475.0
            ],
            [
              5183.0,
              9485.0
            ],
            [
              5159.0,
              9557.0
            ],
            [
              5091.0,
              9636.0
            ],
            [
              5089.0,
              9685.0
            ],
            [
              5066.0,
              9761.0
            ],
            [
              5006.0,
              9822.0
            ],
            [
              4985.0,
              9902.0
            ],
            [
              4976.0,
              9905.0
            ],
            [
              4957.0,
              9893.0
            ],
            [
              4941.0,
              9851.0
            ],
            [
              4883.0,
              9857.0
            ],
            [
              4865.0,
              9874.0
            ],
            [
              4833.0,
              9936.0
            ],
            [
              4819.0,
              9983.0
            ],
            [
              4786.0,
              10028.0
            ],
            [
              4769.0,
              10016.0
            ],
            [
              4742.0,
              10031.0
            ],
            [
              4744.0,
              10105.0
            ],
            [
              4776.0,
              10140.0
            ],
            [
              4799.0,
              10132.0
            ],
            [
              4837.0,
              10089.0
            ],
            [
              4861.0,
              10093.0
            ],
            [
              4861.0,
              10113.0
            ],
            [
              4841.0,
              10149.0
            ],
            [
              4841.0,
              10179.0
            ],
            [
              4859.0,
              10209.0
            ],
            [
              4932.0,
              10249.0
            ],
            [
              4994.0,
              10249.0
            ],
            [
              5037.0,
              10225.0
            ],
            [
              5137.0,
              10138.0
            ],
            [
              5176.0,
              10077.0
            ],
            [
              5246.0,
              10021.0
            ],
            [
              5269.0,
              9987.0
            ],
            [
              5271.0,
              9891.0
            ],
            [
              5257.0,
              9854.0
            ],
            [
              5235.0,
              9837.0
            ],
            [
              5233.0,
              9823.0
            ],
            [
              5263.0,
              9773.0
            ],
            [
              5277.0,
              9653.0
            ],
            [
              5327.0,
              9560.0
            ],
            [
              5325.0,
              9512.0
            ],
            [
              5285.0,
              9465.0
            ]
          ]
        ]
      },
      "properties": {
        "annotation_id": "6060_GP5_45",
        "label": "GP5",
        "probabilities": null,
        "tags": []
      }
    },
    {
      "type": "Feature",
      "geometry": {
        "type": "Polygon",
        "coordinates": [
          [
            [
              5775.0,
              8811.0
            ],
            [
              5764.0,
              8811.0
            ],
            [
              5724.0,
              8822.0
            ],
            [
              5692.0,
              8838.0
            ],
            [
              5676.0,
              8856.0
            ],
            [
              5662.0,
              8902.0
            ],
            [
              5630.0,
              8925.0
            ],
            [
              5622.0,
              8950.0
            ],
            [
              5615.0,
              8961.0
            ],
            [
              5611.0,
              8987.0
            ],
            [
              5607.0,
              8992.0
            ],
            [
              5606.0,
              9004.0
            ],
            [
              5600.0,
              9018.0
            ],
            [
              5596.0,
              9057.0
            ],
            [
              5607.0,
              9077.0
            ],
            [
              5608.0,
              9090.0
            ],
            [
              5612.0,
              9095.0
            ],
            [
              5616.0,
              9113.0
            ],
            [
              5638.0,
              9144.0
            ],
            [
              5661.0,
              9159.0
            ],
            [
              5668.0,
              9159.0
            ],
            [
              5674.0,
              9154.0
            ],
            [
              5679.0,
              9143.0
            ],
            [
              5679.0,
              9121.0
            ],
            [
              5692.0,
              9104.0
            ],
            [
              5750.0,
              9083.0
            ],
            [
              5762.0,
              9071.0
            ],
            [
              5769.0,
              9056.0
            ],
            [
              5769.0,
              9022.0
            ],
            [
              5765.0,
              9006.0
            ],
            [
              5762.0,
              9004.0
            ],
            [
              5759.0,
              8973.0
            ],
            [
              5769.0,
              8957.0
            ],
            [
              5771.0,
              8945.0
            ],
            [
              5789.0,
              8915.0
            ],
            [
              5788.0,
              8838.0
            ],
            [
              5785.0,
              8835.0
            ],
            [
              5785.0,
              8821.0
            ],
            [
              5775.0,
              8811.0
            ]
          ]
        ]
      },
      "properties": {
        "annotation_id": "6060_GP5_46",
        "label": "GP5",
        "probabilities": null,
        "tags": []
      }
    },
    {
      "type": "Feature",
      "geometry": {
        "type": "Polygon",
        "coordinates": [
          [
            [
              5410.0,
              8398.0
            ],
            [
              5309.0,
              8447.0
            ],
            [
              5189.0,
              8449.0
            ],
            [
              5146.0,
              8418.0
            ],
            [
              5087.0,
              8418.0
            ],
            [
              5014.0,
              8460.0
            ],
            [
              4893.0,
              8609.0
            ],
            [
              4818.0,
              8644.0
            ],
            [
              4791.0,
              8644.0
            ],
            [
              4725.0,
              8604.0
            ],
            [
              4711.0,
              8609.0
            ],
            [
              4716.0,
              8637.0
            ],
            [
              4692.0,
              8648.0
            ],
            [
              4692.0,
              8626.0
            ],
            [
              4674.0,
              8632.0
            ],
            [
              4602.0,
              8745.0
            ],
            [
              4580.0,
              8833.0
            ],
            [
              4563.0,
              8855.0
            ],
            [
              4570.0,
              8881.0
            ],
            [
              4531.0,
              8904.0
            ],
            [
              4529.0,
              8924.0
            ],
            [
              4551.0,
              8928.0
            ],
            [
              4527.0,
              8977.0
            ],
            [
              4525.0,
              8930.0
            ],
            [
              4501.0,
              8949.0
            ],
            [
              4519.0,
              9057.0
            ],
            [
              4567.0,
              9096.0
            ],
            [
              4587.0,
              9155.0
            ],
            [
              4648.0,
              9249.0
            ],
            [
              4821.0,
              9305.0
            ],
            [
              4887.0,
              9311.0
            ],
            [
              4894.0,
              9300.0
            ],
            [
              4886.0,
              9268.0
            ],
            [
              4745.0,
              9038.0
            ],
            [
              4742.0,
              9014.0
            ],
            [
              4807.0,
              9093.0
            ],
            [
              4951.0,
              9114.0
            ],
            [
              5070.0,
              9158.0
            ],
            [
              5217.0,
              9166.0
            ],
            [
              5304.0,
              9110.0
            ],
            [
              5358.0,
              9031.0
            ],
            [
              5377.0,
              8980.0
            ],
            [
              5381.0,
              8833.0
            ],
            [
              5357.0,
              8779.0
            ],
            [
              5355.0,
              8739.0
            ],
            [
              5466.0,
              8670.0
            ],
            [
              5466.0,
              8619.0
            ],
            [
              5402.0,
              8604.0
            ],
            [
              5402.0,
              8523.0
            ],
            [
              5428.0,
              8472.0
            ],
            [
              5410.0,
              8398.0
            ]
          ]
        ]
      },
      "properties": {
        "annotation_id": "6060_GP5_47",
        "label": "GP5",
        "probabilities": null,
        "tags": []
      }
    },
    {
      "type": "Feature",
      "geometry": {
        "type": "Polygon",
        "coordinates": [
          [
            [
              6131.0,
              7855.0
            ],
            [
              6108.0,
              7873.0
            ],
            [
              6081.0,
              7911.0
            ],
            [
              6064.0,
              7977.0
            ],
            [
              6025.0,
              8056.0
            ],
            [
              6016.0,
              8097.0
            ],
            [
              6013.0,
              8165.0
            ],
            [
              6007.0,
              8169.0
            ],
            [
              5990.0,
              8234.0
            ],
            [
              5969.0,
              8264.0
            ],
            [
              5950.0,
              8339.0
            ],
            [
              5933.0,
              8369.0
            ],
            [
              5907.0,
              8446.0
            ],
            [
              5901.0,
              8512.0
            ],
            [
              5892.0,
              8529.0
            ],
            [
              5892.0,
              8554.0
            ],
            [
              5886.0,
              8569.0
            ],
            [
              5886.0,
              8611.0
            ],
            [
              5890.0,
              8614.0
            ],
            [
              5944.0,
              8614.0
            ],
            [
              5953.0,
              8587.0
            ],
            [
              5981.0,
              8564.0
            ],
            [
              6021.0,
              8501.0
            ],
            [
              6039.0,
              8463.0
            ],
            [
              6077.0,
              8288.0
            ],
            [
              6091.0,
              8272.0
            ],
            [
              6128.0,
              8178.0
            ],
            [
              6154.0,
              8130.0
            ],
            [
              6156.0,
              8100.0
            ],
            [
              6166.0,
              8072.0
            ],
            [
              6152.0,
              7997.0
            ],
            [
              6154.0,
              7867.0
            ],
            [
              6131.0,
              7855.0
            ]
          ]
        ]
      },
      "properties": {
        "annotation_id": "6060_GP5_48",
        "label": "GP5",
        "probabilities": null,
        "tags": []
      }
    },
    {
      "type": "Feature",
      "geometry": {
        "type": "Polygon",
        "coordinates": [
          [
            [
              5221.0,
              7333.0
            ],
            [
              5163.0,
              7337.0
            ],
            [
              5045.0,
              7384.0
            ],
            [
              5030.0,
              7469.0
            ],
            [
              5065.0,
              7494.0
            ],
            [
              5074.0,
              7531.0
            ],
            [
              5105.0,
              7523.0
            ],
            [
              5111.0,
              7565.0
            ],
            [
              5092.0,
              7603.0
            ],
            [
              5058.0,
              7614.0
            ],
            [
              5042.0,
              7600.0
            ],
            [
              5036.0,
              7632.0
            ],
            [
              4954.0,
              7665.0
            ],
            [
              4916.0,
              7738.0
            ],
            [
              4892.0,
              7866.0
            ],
            [
              4953.0,
              7869.0
            ],
            [
              4970.0,
              7824.0
            ],
            [
              5031.0,
              7783.0
            ],
            [
              5094.0,
              7798.0
            ],
            [
              5176.0,
              8031.0
            ],
            [
              5273.0,
              8080.0
            ],
            [
              5289.0,
              8105.0
            ],
            [
              5265.0,
              8144.0
            ],
            [
              5273.0,
              8226.0
            ],
            [
              5144.0,
              8149.0
            ],
            [
              5055.0,
              8172.0
            ],
            [
              5022.0,
              8163.0
            ],
            [
              5031.0,
              8111.0
            ],
            [
              5083.0,
              8072.0
            ],
            [
              5091.0,
              8036.0
            ],
            [
              5014.0,
              8031.0
            ],
            [
              4995.0,
              8012.0
            ],
            [
              4985.0,
              7948.0
            ],
            [
              4901.0,
              7919.0
            ],
            [
              4889.0,
              7942.0
            ],
            [
              4917.0,
              7965.0
            ],
            [
              4931.0,
              8018.0
            ],
            [
              4933.0,
              8139.0
            ],
            [
              4897.0,
              8170.0
            ],
            [
              4897.0,
              8342.0
            ],
            [
              4913.0,
              8362.0
            ],
            [
              4952.0,
              8250.0
            ],
            [
              5031.0,
              8337.0
            ],
            [
              5165.0,
              8375.0
            ],
            [
              5275.0,
              8351.0
            ],
            [
              5287.0,
              8328.0
            ],
            [
              5278.0,
              8248.0
            ],
            [
              5306.0,
              8271.0
            ],
            [
              5329.0,
              8330.0
            ],
            [
              5424.0,
              8328.0
            ],
            [
              5455.0,
              8311.0
            ],
            [
              5514.0,
              8229.0
            ],
            [
              5532.0,
              8114.0
            ],
            [
              5498.0,
              8047.0
            ],
            [
              5435.0,
              7999.0
            ],
            [
              5435.0,
              7981.0
            ],
            [
              5540.0,
              7897.0
            ],
            [
              5659.0,
              7756.0
            ],
            [
              5657.0,
              7706.0
            ],
            [
              5639.0,
              7689.0
            ],
            [
              5510.0,
              7643.0
            ],
            [
              5400.0,
              7628.0
            ],
            [
              5325.0,
              7510.0
            ],
            [
              5209.0,
              7453.0
            ],
            [
              5253.0,
              7432.0
            ],
            [
              5278.0,
              7397.0
            ],
            [
              5275.0,
              7366.0
            ],
            [
              5223.0,
              7354.0
            ],
            [
              5221.0,
              7333.0
            ]
          ],
          [
            [
              5150.0,
              7798.0
            ],
            [
              5151.0,
              7799.0
            ],
            [
              5159.0,
              7801.0
            ],
            [
              5165.0,
              7805.0
            ],
            [
              5169.0,
              7810.0
            ],
            [
              5172.0,
              7816.0
            ],
            [
              5172.0,
              7819.0
            ],
            [
              5169.0,
              7826.0
            ],
            [
              5164.0,
              7831.0
            ],
            [
              5160.0,
              7832.0
            ],
            [
              5157.0,
              7830.0
            ],
            [
              5157.0,
              7824.0
            ],
            [
              5153.0,
              7818.0
            ],
            [
              5148.0,
              7815.0
            ],
            [
              5145.0,
              7815.0
            ],
            [
              5143.0,
              7817.0
            ],
            [
              5143.0,
              7823.0
            ],
            [
              5150.0,
              7831.0
            ],
            [
              5150.0,
              7833.0
            ],
            [
              5147.0,
              7838.0
            ],
            [
              5147.0,
              7841.0
            ],
            [
              5151.0,
              7845.0
            ],
            [
              5157.0,
              7856.0
            ],
            [
              5158.0,
              7864.0
            ],
            [
              5153.0,
              7872.0
            ],
            [
              5153.0,
              7874.0
            ],
            [
              5152.0,
              7875.0
            ],
            [
              5152.0,
              7880.0
            ],
            [
              5149.0,
              7887.0
            ],
            [
              5143.0,
              7892.0
            ],
            [
              5135.0,
              7892.0
            ],
            [
              5132.0,
              7890.0
            ],
            [
              5131.0,
              7883.0
            ],
            [
              5129.0,
              7880.0
            ],
            [
              5129.0,
              7873.0
            ],
            [
              5131.0,
              7870.0
            ],
            [
              5131.0,
              7865.0
            ],
            [
              5129.0,
              7861.0
            ],
            [
              5125.0,
              7857.0
            ],
            [
              5125.0,
              7853.0
            ],
            [
              5129.0,
              7845.0
            ],
            [
              5132.0,
              7842.0
            ],
            [
              5135.0,
              7841.0
            ],
            [
              5137.0,
              7839.0
            ],
            [
              5137.0,
              7837.0
            ],
            [
              5129.0,
              7828.0
            ],
            [
              5129.0,
              7826.0
            ],
            [
              5128.0,
              7825.0
            ],
            [
              5128.0,
              7814.0
            ],
            [
              5131.0,
              7806.0
            ],
            [
              5136.0,
              7800.0
            ],
            [
              5141.0,
              7798.0
            ],
            [
              5150.0,
              7798.0
            ]
          ]
        ]
      },
      "properties": {
        "annotation_id": "6060_GP5_49",
        "label": "GP5",
        "probabilities": null,
        "tags": []
      }
    },
    {
      "type": "Feature",
      "geometry": {
        "type": "Polygon",
        "coordinates": [
          [
            [
              5955.0,
              6014.0
            ],
            [
              5877.0,
              6029.0
            ],
            [
              5714.0,
              6178.0
            ],
            [
              5643.0,
              6179.0
            ],
            [
              5630.0,
              6210.0
            ],
            [
              5661.0,
              6211.0
            ],
            [
              5622.0,
              6261.0
            ],
            [
              5595.0,
              6222.0
            ],
            [
              5513.0,
              6230.0
            ],
            [
              5518.0,
              6191.0
            ],
            [
              5281.0,
              6252.0
            ],
            [
              5124.0,
              6516.0
            ],
            [
              5065.0,
              6679.0
            ],
            [
              5049.0,
              6847.0
            ],
            [
              5075.0,
              6885.0
            ],
            [
              5033.0,
              7009.0
            ],
            [
              5026.0,
              7223.0
            ],
            [
              5097.0,
              7182.0
            ],
            [
              5141.0,
              7038.0
            ],
            [
              5117.0,
              6640.0
            ],
            [
              5144.0,
              6551.0
            ],
            [
              5228.0,
              6486.0
            ],
            [
              5323.0,
              6480.0
            ],
            [
              5241.0,
              6626.0
            ],
            [
              5358.0,
              6829.0
            ],
            [
              5350.0,
              7063.0
            ],
            [
              5463.0,
              7270.0
            ],
            [
              5381.0,
              7215.0
            ],
            [
              5323.0,
              7057.0
            ],
            [
              5303.0,
              6849.0
            ],
            [
              5251.0,
              6753.0
            ],
            [
              5175.0,
              7131.0
            ],
            [
              5237.0,
              7262.0
            ],
            [
              5350.0,
              7330.0
            ],
            [
              5336.0,
              7407.0
            ],
            [
              5394.0,
              7532.0
            ],
            [
              5556.0,
              7627.0
            ],
            [
              5760.0,
              7622.0
            ],
            [
              5609.0,
              7427.0
            ],
            [
              5619.0,
              7328.0
            ],
            [
              5556.0,
              7306.0
            ],
            [
              5589.0,
              7273.0
            ],
            [
              5630.0,
              7286.0
            ],
            [
              5682.0,
              7391.0
            ],
            [
              5756.0,
              7423.0
            ],
            [
              5771.0,
              7483.0
            ],
            [
              5874.0,
              7538.0
            ],
            [
              5935.0,
              6961.0
            ],
            [
              5913.0,
              6926.0
            ],
            [
              5865.0,
              6946.0
            ],
            [
              5793.0,
              7082.0
            ],
            [
              5738.0,
              7097.0
            ],
            [
              5665.0,
              6960.0
            ],
            [
              5832.0,
              6919.0
            ],
            [
              5859.0,
              6886.0
            ],
            [
              5885.0,
              6687.0
            ],
            [
              5981.0,
              6372.0
            ],
            [
              5945.0,
              6352.0
            ],
            [
              6001.0,
              6334.0
            ],
            [
              5964.0,
              6294.0
            ],
            [
              5904.0,
              6354.0
            ],
            [
              5876.0,
              6323.0
            ],
            [
              5912.0,
              6323.0
            ],
            [
              5900.0,
              6283.0
            ],
            [
              5839.0,
              6294.0
            ],
            [
              5905.0,
              6263.0
            ],
            [
              5877.0,
              6193.0
            ],
            [
              5956.0,
              6193.0
            ],
            [
              5969.0,
              6255.0
            ],
            [
              6016.0,
              6284.0
            ],
            [
              6064.0,
              6236.0
            ],
            [
              6070.0,
              6150.0
            ],
            [
              5955.0,
              6014.0
            ]
          ],
          [
            [
              5788.0,
              6508.0
            ],
            [
              5789.0,
              6515.0
            ],
            [
              5788.0,
              6517.0
            ],
            [
              5783.0,
              6521.0
            ],
            [
              5780.0,
              6520.0
            ],
            [
              5775.0,
              6515.0
            ],
            [
              5770.0,
              6512.0
            ],
            [
              5763.0,
              6512.0
            ],
            [
              5760.0,
              6513.0
            ],
            [
              5750.0,
              6519.0
            ],
            [
              5739.0,
              6521.0
            ],
            [
              5725.0,
              6528.0
            ],
            [
              5716.0,
              6535.0
            ],
            [
              5707.0,
              6535.0
            ],
            [
              5700.0,
              6548.0
            ],
            [
              5693.0,
              6558.0
            ],
            [
              5689.0,
              6562.0
            ],
            [
              5684.0,
              6564.0
            ],
            [
              5676.0,
              6559.0
            ],
            [
              5677.0,
              6556.0
            ],
            [
              5679.0,
              6555.0
            ],
            [
              5685.0,
              6555.0
            ],
            [
              5687.0,
              6554.0
            ],
            [
              5691.0,
              6549.0
            ],
            [
              5689.0,
              6546.0
            ],
            [
              5685.0,
              6544.0
            ],
            [
              5685.0,
              6542.0
            ],
            [
              5688.0,
              6540.0
            ],
            [
              5688.0,
              6537.0
            ],
            [
              5682.0,
              6530.0
            ],
            [
              5682.0,
              6527.0
            ],
            [
              5686.0,
              6524.0
            ],
            [
              5693.0,
              6523.0
            ],
            [
              5699.0,
              6526.0
            ],
            [
              5705.0,
              6527.0
            ],
            [
              5721.0,
              6519.0
            ],
            [
              5725.0,
              6515.0
            ],
            [
              5732.0,
              6512.0
            ],
            [
              5742.0,
              6505.0
            ],
            [
              5752.0,
              6501.0
            ],
            [
              5773.0,
              6501.0
            ],
            [
              5776.0,
              6503.0
            ],
            [
              5781.0,
              6504.0
            ],
            [
              5788.0,
              6508.0
            ]
          ],
          [
            [
              5571.0,
              6492.0
            ],
            [
              5575.0,
              6489.0
            ],
            [
              5579.0,
              6490.0
            ],
            [
              5587.0,
              6496.0
            ],
            [
              5601.0,
              6503.0
            ],
            [
              5604.0,
              6507.0
            ],
            [
              5604.0,
              6509.0
            ],
            [
              5606.0,
              6512.0
            ],
            [
              5614.0,
              6520.0
            ],
            [
              5618.0,
              6522.0
            ],
            [
              5625.0,
              6530.0
            ],
            [
              5633.0,
              6534.0
            ],
            [
              5642.0,
              6534.0
            ],
            [
              5643.0,
              6533.0
            ],
            [
              5660.0,
              6534.0
            ],
            [
              5669.0,
              6540.0
            ],
            [
              5675.0,
              6547.0
            ],
            [
              5675.0,
              6549.0
            ],
            [
              5672.0,
              6551.0
            ],
            [
              5667.0,
              6551.0
            ],
            [
              5666.0,
              6550.0
            ],
            [
              5662.0,
              6550.0
            ],
            [
              5661.0,
              6549.0
            ],
            [
              5636.0,
              6549.0
            ],
            [
              5633.0,
              6552.0
            ],
            [
              5633.0,
              6556.0
            ],
            [
              5632.0,
              6558.0
            ],
            [
              5627.0,
              6563.0
            ],
            [
              5619.0,
              6567.0
            ],
            [
              5614.0,
              6566.0
            ],
            [
              5613.0,
              6565.0
            ],
            [
              5613.0,
              6556.0
            ],
            [
              5615.0,
              6552.0
            ],
            [
              5615.0,
              6549.0
            ],
            [
              5611.0,
              6544.0
            ],
            [
              5607.0,
              6542.0
            ],
            [
              5604.0,
              6539.0
            ],
            [
              5602.0,
              6535.0
            ],
            [
              5601.0,
              6530.0
            ],
            [
              5595.0,
              6521.0
            ],
            [
              5593.0,
              6509.0
            ],
            [
              5588.0,
              6505.0
            ],
            [
              5585.0,
              6505.0
            ],
            [
              5584.0,
              6504.0
            ],
            [
              5581.0,
              6504.0
            ],
            [
              5576.0,
              6502.0
            ],
            [
              5573.0,
              6499.0
            ],
            [
              5571.0,
              6495.0
            ],
            [
              5571.0,
              6492.0
            ]
          ],
          [
            [
              5385.0,
              6394.0
            ],
            [
              5387.0,
              6396.0
            ],
            [
              5387.0,
              6404.0
            ],
            [
              5388.0,
              6405.0
            ],
            [
              5388.0,
              6411.0
            ],
            [
              5383.0,
              6416.0
            ],
            [
              5383.0,
              6419.0
            ],
            [
              5384.0,
              6420.0
            ],
            [
              5384.0,
              6421.0
            ],
            [
              5386.0,
              6423.0
            ],
            [
              5386.0,
              6428.0
            ],
            [
              5383.0,
              6431.0
            ],
            [
              5382.0,
              6431.0
            ],
            [
              5381.0,
              6432.0
            ],
            [
              5378.0,
              6432.0
            ],
            [
              5377.0,
              6431.0
            ],
            [
              5376.0,
              6431.0
            ],
            [
              5375.0,
              6430.0
            ],
            [
              5373.0,
              6430.0
            ],
            [
              5372.0,
              6429.0
            ],
            [
              5368.0,
              6429.0
            ],
            [
              5363.0,
              6434.0
            ],
            [
              5362.0,
              6437.0
            ],
            [
              5360.0,
              6439.0
            ],
            [
              5360.0,
              6440.0
            ],
            [
              5359.0,
              6441.0
            ],
            [
              5357.0,
              6446.0
            ],
            [
              5355.0,
              6448.0
            ],
            [
              5355.0,
              6449.0
            ],
            [
              5347.0,
              6457.0
            ],
            [
              5346.0,
              6457.0
            ],
            [
              5345.0,
              6458.0
            ],
            [
              5344.0,
              6457.0
            ],
            [
              5343.0,
              6457.0
            ],
            [
              5342.0,
              6456.0
            ],
            [
              5342.0,
              6454.0
            ],
            [
              5341.0,
              6453.0
            ],
            [
              5341.0,
              6439.0
            ],
            [
              5342.0,
              6438.0
            ],
            [
              5342.0,
              6436.0
            ],
            [
              5343.0,
              6435.0
            ],
            [
              5343.0,
              6434.0
            ],
            [
              5345.0,
              6432.0
            ],
            [
              5346.0,
              6429.0
            ],
            [
              5352.0,
              6424.0
            ],
            [
              5353.0,
              6424.0
            ],
            [
              5354.0,
              6423.0
            ],
            [
              5357.0,
              6423.0
            ],
            [
              5358.0,
              6422.0
            ],
            [
              5361.0,
              6422.0
            ],
            [
              5362.0,
              6421.0
            ],
            [
              5363.0,
              6421.0
            ],
            [
              5366.0,
              6418.0
            ],
            [
              5366.0,
              6417.0
            ],
            [
              5367.0,
              6416.0
            ],
            [
              5367.0,
              6410.0
            ],
            [
              5366.0,
              6409.0
            ],
            [
              5366.0,
              6403.0
            ],
            [
              5369.0,
              6400.0
            ],
            [
              5370.0,
              6400.0
            ],
            [
              5371.0,
              6399.0
            ],
            [
              5373.0,
              6399.0
            ],
            [
              5383.0,
              6393.0
            ],
            [
              5384.0,
              6394.0
            ],
            [
              5385.0,
              6394.0
            ]
          ],
          [
            [
              5660.0,
              6263.0
            ],
            [
              5672.0,
              6269.0
            ],
            [
              5675.0,
              6273.0
            ],
            [
              5670.0,
              6286.0
            ],
            [
              5671.0,
              6295.0
            ],
            [
              5675.0,
              6303.0
            ],
            [
              5686.0,
              6313.0
            ],
            [
              5686.0,
              6323.0
            ],
            [
              5689.0,
              6328.0
            ],
            [
              5689.0,
              6334.0
            ],
            [
              5688.0,
              6335.0
            ],
            [
              5689.0,
              6347.0
            ],
            [
              5688.0,
              6348.0
            ],
            [
              5688.0,
              6354.0
            ],
            [
              5685.0,
              6359.0
            ],
            [
              5685.0,
              6364.0
            ],
            [
              5688.0,
              6367.0
            ],
            [
              5692.0,
              6368.0
            ],
            [
              5704.0,
              6368.0
            ],
            [
              5713.0,
              6374.0
            ],
            [
              5723.0,
              6378.0
            ],
            [
              5725.0,
              6381.0
            ],
            [
              5725.0,
              6384.0
            ],
            [
              5713.0,
              6395.0
            ],
            [
              5707.0,
              6396.0
            ],
            [
              5698.0,
              6394.0
            ],
            [
              5683.0,
              6380.0
            ],
            [
              5677.0,
              6377.0
            ],
            [
              5665.0,
              6377.0
            ],
            [
              5661.0,
              6379.0
            ],
            [
              5656.0,
              6379.0
            ],
            [
              5651.0,
              6377.0
            ],
            [
              5641.0,
              6377.0
            ],
            [
              5628.0,
              6370.0
            ],
            [
              5629.0,
              6365.0
            ],
            [
              5624.0,
              6359.0
            ],
            [
              5626.0,
              6332.0
            ],
            [
              5620.0,
              6323.0
            ],
            [
              5620.0,
              6318.0
            ],
            [
              5628.0,
              6308.0
            ],
            [
              5629.0,
              6287.0
            ],
            [
              5633.0,
              6281.0
            ],
            [
              5643.0,
              6277.0
            ],
            [
              5651.0,
              6269.0
            ],
            [
              5660.0,
              6263.0
            ]
          ]
        ]
      },
      "properties": {
        "annotation_id": "6060_GP5_51",
        "label": "GP5",
        "probabilities": null,
        "tags": []
      }
    },
    {
      "type": "Feature",
      "geometry": {
        "type": "Polygon",
        "coordinates": [
          [
            [
              6415.0,
              5247.0
            ],
            [
              6347.0,
              5233.0
            ],
            [
              6303.0,
              5255.0
            ],
            [
              6154.0,
              5429.0
            ],
            [
              6115.0,
              5453.0
            ],
            [
              6059.0,
              5455.0
            ],
            [
              6024.0,
              5400.0
            ],
            [
              5975.0,
              5394.0
            ],
            [
              5827.0,
              5445.0
            ],
            [
              5746.0,
              5504.0
            ],
            [
              5690.0,
              5523.0
            ],
            [
              5679.0,
              5548.0
            ],
            [
              5697.0,
              5574.0
            ],
            [
              5773.0,
              5603.0
            ],
            [
              5816.0,
              5641.0
            ],
            [
              5912.0,
              5619.0
            ],
            [
              6040.0,
              5653.0
            ],
            [
              6045.0,
              5670.0
            ],
            [
              5925.0,
              5698.0
            ],
            [
              5839.0,
              5654.0
            ],
            [
              5782.0,
              5650.0
            ],
            [
              5711.0,
              5683.0
            ],
            [
              5684.0,
              5678.0
            ],
            [
              5684.0,
              5696.0
            ],
            [
              5651.0,
              5709.0
            ],
            [
              5622.0,
              5696.0
            ],
            [
              5576.0,
              5712.0
            ],
            [
              5501.0,
              5811.0
            ],
            [
              5483.0,
              5859.0
            ],
            [
              5342.0,
              6071.0
            ],
            [
              5336.0,
              6101.0
            ],
            [
              5374.0,
              6118.0
            ],
            [
              5508.0,
              6074.0
            ],
            [
              5521.0,
              6053.0
            ],
            [
              5580.0,
              6027.0
            ],
            [
              5653.0,
              5947.0
            ],
            [
              5684.0,
              5949.0
            ],
            [
              5723.0,
              5981.0
            ],
            [
              5909.0,
              5981.0
            ],
            [
              6003.0,
              5999.0
            ],
            [
              6043.0,
              6078.0
            ],
            [
              6090.0,
              6112.0
            ],
            [
              6327.0,
              6068.0
            ],
            [
              6358.0,
              6035.0
            ],
            [
              6387.0,
              5930.0
            ],
            [
              6433.0,
              5839.0
            ],
            [
              6471.0,
              5798.0
            ],
            [
              6471.0,
              5756.0
            ],
            [
              6425.0,
              5618.0
            ],
            [
              6471.0,
              5508.0
            ],
            [
              6471.0,
              5466.0
            ],
            [
              6415.0,
              5247.0
            ]
          ],
          [
            [
              6355.0,
              5828.0
            ],
            [
              6357.0,
              5826.0
            ],
            [
              6357.0,
              5825.0
            ],
            [
              6359.0,
              5823.0
            ],
            [
              6360.0,
              5823.0
            ],
            [
              6361.0,
              5822.0
            ],
            [
              6362.0,
              5822.0
            ],
            [
              6363.0,
              5821.0
            ],
            [
              6369.0,
              5821.0
            ],
            [
              6370.0,
              5822.0
            ],
            [
              6374.0,
              5822.0
            ],
            [
              6375.0,
              5823.0
            ],
            [
              6380.0,
              5823.0
            ],
            [
              6381.0,
              5824.0
            ],
            [
              6384.0,
              5824.0
            ],
            [
              6385.0,
              5825.0
            ],
            [
              6392.0,
              5825.0
            ],
            [
              6393.0,
              5826.0
            ],
            [
              6397.0,
              5826.0
            ],
            [
              6398.0,
              5827.0
            ],
            [
              6399.0,
              5827.0
            ],
            [
              6403.0,
              5831.0
            ],
            [
              6403.0,
              5833.0
            ],
            [
              6401.0,
              5835.0
            ],
            [
              6401.0,
              5836.0
            ],
            [
              6399.0,
              5838.0
            ],
            [
              6399.0,
              5839.0
            ],
            [
              6398.0,
              5840.0
            ],
            [
              6398.0,
              5847.0
            ],
            [
              6396.0,
              5849.0
            ],
            [
              6395.0,
              5849.0
            ],
            [
              6394.0,
              5850.0
            ],
            [
              6390.0,
              5850.0
            ],
            [
              6389.0,
              5849.0
            ],
            [
              6386.0,
              5849.0
            ],
            [
              6385.0,
              5848.0
            ],
            [
              6368.0,
              5848.0
            ],
            [
              6367.0,
              5847.0
            ],
            [
              6365.0,
              5847.0
            ],
            [
              6364.0,
              5846.0
            ],
            [
              6363.0,
              5846.0
            ],
            [
              6362.0,
              5845.0
            ],
            [
              6361.0,
              5845.0
            ],
            [
              6355.0,
              5839.0
            ],
            [
              6355.0,
              5837.0
            ],
            [
              6354.0,
              5836.0
            ],
            [
              6354.0,
              5831.0
            ],
            [
              6355.0,
              5830.0
            ],
            [
              6355.0,
              5828.0
            ]
          ],
          [
            [
              6082.0,
              5749.0
            ],
            [
              6084.0,
              5747.0
            ],
            [
              6087.0,
              5746.0
            ],
            [
              6088.0,
              5747.0
            ],
            [
              6090.0,
              5747.0
            ],
            [
              6091.0,
              5748.0
            ],
            [
              6094.0,
              5749.0
            ],
            [
              6096.0,
              5751.0
            ],
            [
              6097.0,
              5751.0
            ],
            [
              6100.0,
              5753.0
            ],
            [
              6104.0,
              5753.0
            ],
            [
              6105.0,
              5754.0
            ],
            [
              6109.0,
              5754.0
            ],
            [
              6112.0,
              5756.0
            ],
            [
              6112.0,
              5758.0
            ],
            [
              6113.0,
              5759.0
            ],
            [
              6113.0,
              5760.0
            ],
            [
              6115.0,
              5762.0
            ],
            [
              6119.0,
              5762.0
            ],
            [
              6120.0,
              5761.0
            ],
            [
              6121.0,
              5761.0
            ],
            [
              6122.0,
              5760.0
            ],
            [
              6122.0,
              5756.0
            ],
            [
              6125.0,
              5754.0
            ],
            [
              6131.0,
              5758.0
            ],
            [
              6131.0,
              5759.0
            ],
            [
              6135.0,
              5763.0
            ],
            [
              6135.0,
              5766.0
            ],
            [
              6134.0,
              5767.0
            ],
            [
              6134.0,
              5768.0
            ],
            [
              6132.0,
              5770.0
            ],
            [
              6131.0,
              5770.0
            ],
            [
              6128.0,
              5772.0
            ],
            [
              6123.0,
              5772.0
            ],
            [
              6122.0,
              5773.0
            ],
            [
              6119.0,
              5773.0
            ],
            [
              6118.0,
              5774.0
            ],
            [
              6116.0,
              5774.0
            ],
            [
              6115.0,
              5775.0
            ],
            [
              6113.0,
              5775.0
            ],
            [
              6112.0,
              5776.0
            ],
            [
              6108.0,
              5776.0
            ],
            [
              6107.0,
              5777.0
            ],
            [
              6097.0,
              5777.0
            ],
            [
              6096.0,
              5778.0
            ],
            [
              6093.0,
              5778.0
            ],
            [
              6092.0,
              5777.0
            ],
            [
              6089.0,
              5777.0
            ],
            [
              6088.0,
              5776.0
            ],
            [
              6085.0,
              5775.0
            ],
            [
              6082.0,
              5772.0
            ],
            [
              6082.0,
              5771.0
            ],
            [
              6080.0,
              5768.0
            ],
            [
              6080.0,
              5763.0
            ],
            [
              6082.0,
              5760.0
            ],
            [
              6082.0,
              5749.0
            ]
          ],
          [
            [
              5950.0,
              5523.0
            ],
            [
              5953.0,
              5523.0
            ],
            [
              5954.0,
              5524.0
            ],
            [
              5956.0,
              5524.0
            ],
            [
              5957.0,
              5525.0
            ],
            [
              5959.0,
              5525.0
            ],
            [
              5962.0,
              5527.0
            ],
            [
              5964.0,
              5527.0
            ],
            [
              5965.0,
              5528.0
            ],
            [
              5967.0,
              5528.0
            ],
            [
              5968.0,
              5529.0
            ],
            [
              5971.0,
              5530.0
            ],
            [
              5975.0,
              5534.0
            ],
            [
              5976.0,
              5534.0
            ],
            [
              5979.0,
              5537.0
            ],
            [
              5980.0,
              5537.0
            ],
            [
              5987.0,
              5543.0
            ],
            [
              5987.0,
              5545.0
            ],
            [
              5988.0,
              5546.0
            ],
            [
              5988.0,
              5549.0
            ],
            [
              5989.0,
              5550.0
            ],
            [
              5989.0,
              5555.0
            ],
            [
              5990.0,
              5556.0
            ],
            [
              5990.0,
              5559.0
            ],
            [
              5993.0,
              5564.0
            ],
            [
              5993.0,
              5566.0
            ],
            [
              5996.0,
              5571.0
            ],
            [
              5996.0,
              5573.0
            ],
            [
              5993.0,
              5576.0
            ],
            [
              5987.0,
              5578.0
            ],
            [
              5985.0,
              5580.0
            ],
            [
              5984.0,
              5583.0
            ],
            [
              5981.0,
              5586.0
            ],
            [
              5980.0,
              5586.0
            ],
            [
              5977.0,
              5588.0
            ],
            [
              5976.0,
              5588.0
            ],
            [
              5975.0,
              5587.0
            ],
            [
              5973.0,
              5587.0
            ],
            [
              5972.0,
              5586.0
            ],
            [
              5971.0,
              5586.0
            ],
            [
              5970.0,
              5585.0
            ],
            [
              5965.0,
              5583.0
            ],
            [
              5963.0,
              5581.0
            ],
            [
              5962.0,
              5581.0
            ],
            [
              5956.0,
              5575.0
            ],
            [
              5956.0,
              5570.0
            ],
            [
              5958.0,
              5567.0
            ],
            [
              5958.0,
              5563.0
            ],
            [
              5957.0,
              5562.0
            ],
            [
              5957.0,
              5560.0
            ],
            [
              5956.0,
              5559.0
            ],
            [
              5956.0,
              5558.0
            ],
            [
              5954.0,
              5556.0
            ],
            [
              5954.0,
              5555.0
            ],
            [
              5952.0,
              5552.0
            ],
            [
              5952.0,
              5549.0
            ],
            [
              5951.0,
              5548.0
            ],
            [
              5951.0,
              5540.0
            ],
            [
              5946.0,
              5533.0
            ],
            [
              5946.0,
              5528.0
            ],
            [
              5947.0,
              5527.0
            ],
            [
              5947.0,
              5525.0
            ],
            [
              5950.0,
              5523.0
            ]
          ],
          [
            [
              6287.0,
              5462.0
            ],
            [
              6288.0,
              5462.0
            ],
            [
              6289.0,
              5461.0
            ],
            [
              6293.0,
              5461.0
            ],
            [
              6294.0,
              5462.0
            ],
            [
              6309.0,
              5462.0
            ],
            [
              6310.0,
              5463.0
            ],
            [
              6312.0,
              5463.0
            ],
            [
              6313.0,
              5464.0
            ],
            [
              6314.0,
              5464.0
            ],
            [
              6319.0,
              5469.0
            ],
            [
              6319.0,
              5471.0
            ],
            [
              6320.0,
              5472.0
            ],
            [
              6320.0,
              5474.0
            ],
            [
              6322.0,
              5476.0
            ],
            [
              6322.0,
              5477.0
            ],
            [
              6323.0,
              5478.0
            ],
            [
              6323.0,
              5481.0
            ],
            [
              6324.0,
              5482.0
            ],
            [
              6324.0,
              5483.0
            ],
            [
              6325.0,
              5484.0
            ],
            [
              6325.0,
              5485.0
            ],
            [
              6327.0,
              5487.0
            ],
            [
              6327.0,
              5495.0
            ],
            [
              6326.0,
              5496.0
            ],
            [
              6326.0,
              5497.0
            ],
            [
              6325.0,
              5498.0
            ],
            [
              6325.0,
              5499.0
            ],
            [
              6322.0,
              5502.0
            ],
            [
              6321.0,
              5502.0
            ],
            [
              6318.0,
              5504.0
            ],
            [
              6316.0,
              5504.0
            ],
            [
              6310.0,
              5508.0
            ],
            [
              6301.0,
              5508.0
            ],
            [
              6300.0,
              5507.0
            ],
            [
              6299.0,
              5507.0
            ],
            [
              6298.0,
              5506.0
            ],
            [
              6297.0,
              5506.0
            ],
            [
              6295.0,
              5504.0
            ],
            [
              6293.0,
              5504.0
            ],
            [
              6292.0,
              5503.0
            ],
            [
              6291.0,
              5503.0
            ],
            [
              6288.0,
              5500.0
            ],
            [
              6287.0,
              5500.0
            ],
            [
              6283.0,
              5496.0
            ],
            [
              6283.0,
              5495.0
            ],
            [
              6282.0,
              5494.0
            ],
            [
              6282.0,
              5490.0
            ],
            [
              6281.0,
              5489.0
            ],
            [
              6281.0,
              5476.0
            ],
            [
              6282.0,
              5475.0
            ],
            [
              6282.0,
              5471.0
            ],
            [
              6283.0,
              5470.0
            ],
            [
              6283.0,
              5466.0
            ],
            [
              6287.0,
              5462.0
            ]
          ],
          [
            [
              6414.0,
              5373.0
            ],
            [
              6425.0,
              5373.0
            ],
            [
              6426.0,
              5374.0
            ],
            [
              6427.0,
              5374.0
            ],
            [
              6428.0,
              5375.0
            ],
            [
              6429.0,
              5375.0
            ],
            [
              6433.0,
              5379.0
            ],
            [
              6433.0,
              5380.0
            ],
            [
              6434.0,
              5381.0
            ],
            [
              6434.0,
              5384.0
            ],
            [
              6435.0,
              5385.0
            ],
            [
              6435.0,
              5389.0
            ],
            [
              6434.0,
              5390.0
            ],
            [
              6434.0,
              5395.0
            ],
            [
              6433.0,
              5396.0
            ],
            [
              6433.0,
              5400.0
            ],
            [
              6431.0,
              5402.0
            ],
            [
              6431.0,
              5403.0
            ],
            [
              6429.0,
              5405.0
            ],
            [
              6428.0,
              5405.0
            ],
            [
              6427.0,
              5406.0
            ],
            [
              6426.0,
              5406.0
            ],
            [
              6424.0,
              5408.0
            ],
            [
              6423.0,
              5408.0
            ],
            [
              6422.0,
              5409.0
            ],
            [
              6412.0,
              5409.0
            ],
            [
              6411.0,
              5408.0
            ],
            [
              6408.0,
              5408.0
            ],
            [
              6407.0,
              5407.0
            ],
            [
              6406.0,
              5407.0
            ],
            [
              6405.0,
              5406.0
            ],
            [
              6402.0,
              5406.0
            ],
            [
              6401.0,
              5405.0
            ],
            [
              6400.0,
              5405.0
            ],
            [
              6399.0,
              5404.0
            ],
            [
              6399.0,
              5403.0
            ],
            [
              6398.0,
              5402.0
            ],
            [
              6398.0,
              5394.0
            ],
            [
              6399.0,
              5393.0
            ],
            [
              6399.0,
              5392.0
            ],
            [
              6401.0,
              5390.0
            ],
            [
              6401.0,
              5389.0
            ],
            [
              6402.0,
              5388.0
            ],
            [
              6402.0,
              5387.0
            ],
            [
              6403.0,
              5386.0
            ],
            [
              6403.0,
              5384.0
            ],
            [
              6404.0,
              5383.0
            ],
            [
              6404.0,
              5382.0
            ],
            [
              6405.0,
              5381.0
            ],
            [
              6406.0,
              5381.0
            ],
            [
              6411.0,
              5376.0
            ],
            [
              6411.0,
              5375.0
            ],
            [
              6412.0,
              5374.0
            ],
            [
              6413.0,
              5374.0
            ],
            [
              6414.0,
              5373.0
            ]
          ]
        ]
      },
      "properties": {
        "annotation_id": "6060_GP5_56",
        "label": "GP5",
        "probabilities": null,
        "tags": []
      }
    },
    {
      "type": "Feature",
      "geometry": {
        "type": "Polygon",
        "coordinates": [
          [
            [
              3222.0,
              17903.0
            ],
            [
              3223.0,
              17904.0
            ],
            [
              3223.0,
              17910.0
            ],
            [
              3227.0,
              17914.0
            ],
            [
              3234.0,
              17913.0
            ],
            [
              3236.0,
              17910.0
            ],
            [
              3237.0,
              17905.0
            ],
            [
              3240.0,
              17903.0
            ],
            [
              3243.0,
              17905.0
            ],
            [
              3244.0,
              17909.0
            ],
            [
              3248.0,
              17912.0
            ],
            [
              3253.0,
              17911.0
            ],
            [
              3254.0,
              17909.0
            ],
            [
              3258.0,
              17906.0
            ],
            [
              3270.0,
              17915.0
            ],
            [
              3270.0,
              17917.0
            ],
            [
              3263.0,
              17923.0
            ],
            [
              3263.0,
              17929.0
            ],
            [
              3268.0,
              17932.0
            ],
            [
              3273.0,
              17932.0
            ],
            [
              3276.0,
              17929.0
            ],
            [
              3276.0,
              17921.0
            ],
            [
              3275.0,
              17920.0
            ],
            [
              3275.0,
              17917.0
            ],
            [
              3273.0,
              17915.0
            ],
            [
              3273.0,
              17911.0
            ],
            [
              3277.0,
              17906.0
            ],
            [
              3279.0,
              17905.0
            ],
            [
              3284.0,
              17909.0
            ],
            [
              3283.0,
              17913.0
            ],
            [
              3285.0,
              17918.0
            ],
            [
              3287.0,
              17920.0
            ],
            [
              3293.0,
              17923.0
            ],
            [
              3299.0,
              17923.0
            ],
            [
              3301.0,
              17921.0
            ],
            [
              3301.0,
              17918.0
            ],
            [
              3310.0,
              17912.0
            ],
            [
              3312.0,
              17905.0
            ],
            [
              3314.0,
              17903.0
            ],
            [
              3321.0,
              17900.0
            ],
            [
              3320.0,
              17897.0
            ],
            [
              3322.0,
              17893.0
            ],
            [
              3322.0,
              17890.0
            ],
            [
              3320.0,
              17886.0
            ],
            [
              3313.0,
              17883.0
            ],
            [
              3311.0,
              17883.0
            ],
            [
              3308.0,
              17885.0
            ],
            [
              3290.0,
              17886.0
            ],
            [
              3286.0,
              17884.0
            ],
            [
              3279.0,
              17884.0
            ],
            [
              3275.0,
              17881.0
            ],
            [
              3268.0,
              17881.0
            ],
            [
              3262.0,
              17884.0
            ],
            [
              3250.0,
              17886.0
            ],
            [
              3244.0,
              17881.0
            ],
            [
              3239.0,
              17880.0
            ],
            [
              3234.0,
              17884.0
            ],
            [
              3232.0,
              17891.0
            ],
            [
              3230.0,
              17893.0
            ],
            [
              3226.0,
              17894.0
            ],
            [
              3222.0,
              17898.0
            ],
            [
              3222.0,
              17903.0
            ]
          ]
        ]
      },
      "properties": {
        "annotation_id": "6060_GP5_6",
        "label": "GP5",
        "probabilities": null,
        "tags": []
      }
    },
    {
      "type": "Feature",
      "geometry": {
        "type": "Polygon",
        "coordinates": [
          [
            [
              5810.0,
              4975.0
            ],
            [
              5793.0,
              4975.0
            ],
            [
              5785.0,
              4981.0
            ],
            [
              5785.0,
              5018.0
            ],
            [
              5772.0,
              5032.0
            ],
            [
              5758.0,
              5029.0
            ],
            [
              5746.0,
              5019.0
            ],
            [
              5741.0,
              5022.0
            ],
            [
              5746.0,
              5036.0
            ],
            [
              5741.0,
              5048.0
            ],
            [
              5741.0,
              5064.0
            ],
            [
              5729.0,
              5072.0
            ],
            [
              5713.0,
              5096.0
            ],
            [
              5711.0,
              5112.0
            ],
            [
              5699.0,
              5140.0
            ],
            [
              5699.0,
              5154.0
            ],
            [
              5686.0,
              5178.0
            ],
            [
              5679.0,
              5244.0
            ],
            [
              5687.0,
              5330.0
            ],
            [
              5684.0,
              5359.0
            ],
            [
              5690.0,
              5373.0
            ],
            [
              5721.0,
              5371.0
            ],
            [
              5764.0,
              5337.0
            ],
            [
              5774.0,
              5323.0
            ],
            [
              5816.0,
              5301.0
            ],
            [
              5829.0,
              5288.0
            ],
            [
              5834.0,
              5264.0
            ],
            [
              5841.0,
              5250.0
            ],
            [
              5857.0,
              5243.0
            ],
            [
              5870.0,
              5225.0
            ],
            [
              5865.0,
              5130.0
            ],
            [
              5841.0,
              5079.0
            ],
            [
              5829.0,
              5061.0
            ],
            [
              5829.0,
              5049.0
            ],
            [
              5834.0,
              5038.0
            ],
            [
              5833.0,
              4997.0
            ],
            [
              5825.0,
              4983.0
            ],
            [
              5810.0,
              4975.0
            ]
          ]
        ]
      },
      "properties": {
        "annotation_id": "6060_GP5_62",
        "label": "GP5",
        "probabilities": null,
        "tags": []
      }
    },
    {
      "type": "Feature",
      "geometry": {
        "type": "Polygon",
        "coordinates": [
          [
            [
              7102.0,
              4330.0
            ],
            [
              7015.0,
              4308.0
            ],
            [
              6983.0,
              4326.0
            ],
            [
              6957.0,
              4371.0
            ],
            [
              6922.0,
              4529.0
            ],
            [
              6870.0,
              4664.0
            ],
            [
              6872.0,
              4880.0
            ],
            [
              6853.0,
              4929.0
            ],
            [
              6810.0,
              4976.0
            ],
            [
              6773.0,
              5058.0
            ],
            [
              6766.0,
              5108.0
            ],
            [
              6687.0,
              5299.0
            ],
            [
              6667.0,
              5412.0
            ],
            [
              6657.0,
              5416.0
            ],
            [
              6664.0,
              5440.0
            ],
            [
              6710.0,
              5422.0
            ],
            [
              6767.0,
              5378.0
            ],
            [
              6790.0,
              5329.0
            ],
            [
              6803.0,
              5224.0
            ],
            [
              6815.0,
              5212.0
            ],
            [
              6822.0,
              5405.0
            ],
            [
              6844.0,
              5474.0
            ],
            [
              6857.0,
              5456.0
            ],
            [
              6883.0,
              5291.0
            ],
            [
              6879.0,
              5141.0
            ],
            [
              6895.0,
              5103.0
            ],
            [
              6892.0,
              5043.0
            ],
            [
              6943.0,
              4868.0
            ],
            [
              6930.0,
              4756.0
            ],
            [
              6969.0,
              4691.0
            ],
            [
              6983.0,
              4640.0
            ],
            [
              6979.0,
              4618.0
            ],
            [
              7002.0,
              4615.0
            ],
            [
              7042.0,
              4497.0
            ],
            [
              7076.0,
              4453.0
            ],
            [
              7112.0,
              4429.0
            ],
            [
              7129.0,
              4396.0
            ],
            [
              7127.0,
              4364.0
            ],
            [
              7102.0,
              4330.0
            ]
          ]
        ]
      },
      "properties": {
        "annotation_id": "6060_GP5_63",
        "label": "GP5",
        "probabilities": null,
        "tags": []
      }
    },
    {
      "type": "Feature",
      "geometry": {
        "type": "Polygon",
        "coordinates": [
          [
            [
              6168.0,
              3784.0
            ],
            [
              6108.0,
              3922.0
            ],
            [
              6060.0,
              3988.0
            ],
            [
              5980.0,
              4187.0
            ],
            [
              5936.0,
              4240.0
            ],
            [
              5894.0,
              4319.0
            ],
            [
              5868.0,
              4427.0
            ],
            [
              5868.0,
              4507.0
            ],
            [
              5910.0,
              4637.0
            ],
            [
              5862.0,
              4696.0
            ],
            [
              5823.0,
              4786.0
            ],
            [
              5838.0,
              4905.0
            ],
            [
              5829.0,
              4971.0
            ],
            [
              5861.0,
              5013.0
            ],
            [
              5921.0,
              5042.0
            ],
            [
              5953.0,
              5077.0
            ],
            [
              5971.0,
              5268.0
            ],
            [
              5999.0,
              5298.0
            ],
            [
              6078.0,
              5313.0
            ],
            [
              6120.0,
              5310.0
            ],
            [
              6183.0,
              5271.0
            ],
            [
              6239.0,
              5144.0
            ],
            [
              6254.0,
              5000.0
            ],
            [
              6233.0,
              4932.0
            ],
            [
              6233.0,
              4852.0
            ],
            [
              6260.0,
              4764.0
            ],
            [
              6295.0,
              4737.0
            ],
            [
              6337.0,
              4554.0
            ],
            [
              6384.0,
              4415.0
            ],
            [
              6384.0,
              4369.0
            ],
            [
              6337.0,
              4256.0
            ],
            [
              6301.0,
              4213.0
            ],
            [
              6301.0,
              4142.0
            ],
            [
              6233.0,
              4068.0
            ],
            [
              6195.0,
              3983.0
            ],
            [
              6186.0,
              3825.0
            ],
            [
              6168.0,
              3784.0
            ]
          ]
        ]
      },
      "properties": {
        "annotation_id": "6060_GP5_64",
        "label": "GP5",
        "probabilities": null,
        "tags": []
      }
    },
    {
      "type": "Feature",
      "geometry": {
        "type": "Polygon",
        "coordinates": [
          [
            [
              8467.0,
              3138.0
            ],
            [
              8392.0,
              3137.0
            ],
            [
              8373.0,
              3141.0
            ],
            [
              8330.0,
              3171.0
            ],
            [
              8314.0,
              3178.0
            ],
            [
              8304.0,
              3179.0
            ],
            [
              8296.0,
              3173.0
            ],
            [
              8296.0,
              3169.0
            ],
            [
              8308.0,
              3150.0
            ],
            [
              8312.0,
              3127.0
            ],
            [
              8298.0,
              3130.0
            ],
            [
              8286.0,
              3137.0
            ],
            [
              8268.0,
              3152.0
            ],
            [
              8251.0,
              3161.0
            ],
            [
              8234.0,
              3178.0
            ],
            [
              8213.0,
              3206.0
            ],
            [
              8182.0,
              3273.0
            ],
            [
              8176.0,
              3296.0
            ],
            [
              8178.0,
              3311.0
            ],
            [
              8189.0,
              3312.0
            ],
            [
              8192.0,
              3306.0
            ],
            [
              8209.0,
              3299.0
            ],
            [
              8214.0,
              3291.0
            ],
            [
              8224.0,
              3293.0
            ],
            [
              8250.0,
              3285.0
            ],
            [
              8264.0,
              3276.0
            ],
            [
              8268.0,
              3266.0
            ],
            [
              8279.0,
              3260.0
            ],
            [
              8283.0,
              3261.0
            ],
            [
              8288.0,
              3268.0
            ],
            [
              8298.0,
              3263.0
            ],
            [
              8303.0,
              3257.0
            ],
            [
              8313.0,
              3259.0
            ],
            [
              8316.0,
              3256.0
            ],
            [
              8310.0,
              3250.0
            ],
            [
              8327.0,
              3240.0
            ],
            [
              8333.0,
              3246.0
            ],
            [
              8339.0,
              3237.0
            ],
            [
              8356.0,
              3236.0
            ],
            [
              8360.0,
              3231.0
            ],
            [
              8370.0,
              3229.0
            ],
            [
              8389.0,
              3218.0
            ],
            [
              8397.0,
              3208.0
            ],
            [
              8404.0,
              3205.0
            ],
            [
              8411.0,
              3206.0
            ],
            [
              8423.0,
              3194.0
            ],
            [
              8428.0,
              3193.0
            ],
            [
              8451.0,
              3175.0
            ],
            [
              8467.0,
              3146.0
            ],
            [
              8467.0,
              3138.0
            ]
          ]
        ]
      },
      "properties": {
        "annotation_id": "6060_GP5_65",
        "label": "GP5",
        "probabilities": null,
        "tags": []
      }
    },
    {
      "type": "Feature",
      "geometry": {
        "type": "Polygon",
        "coordinates": [
          [
            [
              7674.0,
              3058.0
            ],
            [
              7654.0,
              3082.0
            ],
            [
              7611.0,
              3160.0
            ],
            [
              7610.0,
              3174.0
            ],
            [
              7599.0,
              3208.0
            ],
            [
              7598.0,
              3251.0
            ],
            [
              7594.0,
              3264.0
            ],
            [
              7594.0,
              3358.0
            ],
            [
              7632.0,
              3411.0
            ],
            [
              7650.0,
              3423.0
            ],
            [
              7672.0,
              3444.0
            ],
            [
              7698.0,
              3460.0
            ],
            [
              7732.0,
              3460.0
            ],
            [
              7742.0,
              3456.0
            ],
            [
              7759.0,
              3439.0
            ],
            [
              7763.0,
              3418.0
            ],
            [
              7773.0,
              3400.0
            ],
            [
              7775.0,
              3382.0
            ],
            [
              7785.0,
              3351.0
            ],
            [
              7785.0,
              3279.0
            ],
            [
              7774.0,
              3254.0
            ],
            [
              7759.0,
              3233.0
            ],
            [
              7754.0,
              3213.0
            ],
            [
              7747.0,
              3200.0
            ],
            [
              7745.0,
              3182.0
            ],
            [
              7737.0,
              3168.0
            ],
            [
              7730.0,
              3136.0
            ],
            [
              7703.0,
              3108.0
            ],
            [
              7689.0,
              3085.0
            ],
            [
              7689.0,
              3080.0
            ],
            [
              7683.0,
              3074.0
            ],
            [
              7679.0,
              3059.0
            ],
            [
              7674.0,
              3058.0
            ]
          ]
        ]
      },
      "properties": {
        "annotation_id": "6060_GP5_66",
        "label": "GP5",
        "probabilities": null,
        "tags": []
      }
    },
    {
      "type": "Feature",
      "geometry": {
        "type": "Polygon",
        "coordinates": [
          [
            [
              7991.0,
              2986.0
            ],
            [
              7968.0,
              3007.0
            ],
            [
              7963.0,
              3009.0
            ],
            [
              7961.0,
              3013.0
            ],
            [
              7952.0,
              3018.0
            ],
            [
              7939.0,
              3034.0
            ],
            [
              7933.0,
              3037.0
            ],
            [
              7914.0,
              3057.0
            ],
            [
              7909.0,
              3058.0
            ],
            [
              7883.0,
              3084.0
            ],
            [
              7849.0,
              3143.0
            ],
            [
              7835.0,
              3157.0
            ],
            [
              7829.0,
              3175.0
            ],
            [
              7829.0,
              3193.0
            ],
            [
              7853.0,
              3215.0
            ],
            [
              7853.0,
              3242.0
            ],
            [
              7850.0,
              3254.0
            ],
            [
              7851.0,
              3273.0
            ],
            [
              7896.0,
              3275.0
            ],
            [
              7903.0,
              3271.0
            ],
            [
              7921.0,
              3247.0
            ],
            [
              7921.0,
              3243.0
            ],
            [
              7939.0,
              3213.0
            ],
            [
              7947.0,
              3208.0
            ],
            [
              7977.0,
              3201.0
            ],
            [
              7989.0,
              3192.0
            ],
            [
              7989.0,
              3182.0
            ],
            [
              7978.0,
              3167.0
            ],
            [
              7977.0,
              3135.0
            ],
            [
              7981.0,
              3129.0
            ],
            [
              7982.0,
              3121.0
            ],
            [
              8005.0,
              3081.0
            ],
            [
              8012.0,
              3044.0
            ],
            [
              8012.0,
              3003.0
            ],
            [
              7991.0,
              2986.0
            ]
          ]
        ]
      },
      "properties": {
        "annotation_id": "6060_GP5_67",
        "label": "GP5",
        "probabilities": null,
        "tags": []
      }
    },
    {
      "type": "Feature",
      "geometry": {
        "type": "Polygon",
        "coordinates": [
          [
            [
              6981.0,
              2942.0
            ],
            [
              6921.0,
              2966.0
            ],
            [
              6841.0,
              3074.0
            ],
            [
              6718.0,
              3174.0
            ],
            [
              6628.0,
              3364.0
            ],
            [
              6385.0,
              3555.0
            ],
            [
              6202.0,
              3761.0
            ],
            [
              6211.0,
              3782.0
            ],
            [
              6315.0,
              3785.0
            ],
            [
              6429.0,
              3635.0
            ],
            [
              6497.0,
              3627.0
            ],
            [
              6547.0,
              3825.0
            ],
            [
              6644.0,
              3860.0
            ],
            [
              6705.0,
              3948.0
            ],
            [
              6731.0,
              4274.0
            ],
            [
              6752.0,
              4336.0
            ],
            [
              6831.0,
              4421.0
            ],
            [
              6878.0,
              4410.0
            ],
            [
              6958.0,
              4300.0
            ],
            [
              6958.0,
              4223.0
            ],
            [
              7070.0,
              4154.0
            ],
            [
              7124.0,
              4152.0
            ],
            [
              7199.0,
              4276.0
            ],
            [
              7251.0,
              4270.0
            ],
            [
              7377.0,
              4118.0
            ],
            [
              7390.0,
              4058.0
            ],
            [
              7476.0,
              3975.0
            ],
            [
              7493.0,
              3896.0
            ],
            [
              7461.0,
              3800.0
            ],
            [
              7559.0,
              3584.0
            ],
            [
              7556.0,
              3492.0
            ],
            [
              7502.0,
              3401.0
            ],
            [
              7476.0,
              3292.0
            ],
            [
              7420.0,
              3235.0
            ],
            [
              7338.0,
              3241.0
            ],
            [
              7213.0,
              3343.0
            ],
            [
              7216.0,
              3501.0
            ],
            [
              7270.0,
              3599.0
            ],
            [
              7246.0,
              3695.0
            ],
            [
              7270.0,
              3821.0
            ],
            [
              7148.0,
              3889.0
            ],
            [
              7076.0,
              3768.0
            ],
            [
              7007.0,
              3771.0
            ],
            [
              6924.0,
              3821.0
            ],
            [
              6872.0,
              3786.0
            ],
            [
              6795.0,
              3611.0
            ],
            [
              6760.0,
              3316.0
            ],
            [
              6815.0,
              3279.0
            ],
            [
              6899.0,
              3322.0
            ],
            [
              6893.0,
              3070.0
            ],
            [
              6922.0,
              3016.0
            ],
            [
              6973.0,
              2984.0
            ],
            [
              6981.0,
              2942.0
            ]
          ],
          [
            [
              6954.0,
              4114.0
            ],
            [
              6954.0,
              4124.0
            ],
            [
              6949.0,
              4130.0
            ],
            [
              6945.0,
              4131.0
            ],
            [
              6938.0,
              4138.0
            ],
            [
              6937.0,
              4140.0
            ],
            [
              6938.0,
              4149.0
            ],
            [
              6929.0,
              4159.0
            ],
            [
              6921.0,
              4161.0
            ],
            [
              6909.0,
              4168.0
            ],
            [
              6896.0,
              4164.0
            ],
            [
              6892.0,
              4165.0
            ],
            [
              6889.0,
              4168.0
            ],
            [
              6888.0,
              4174.0
            ],
            [
              6893.0,
              4180.0
            ],
            [
              6893.0,
              4186.0
            ],
            [
              6883.0,
              4197.0
            ],
            [
              6881.0,
              4198.0
            ],
            [
              6870.0,
              4197.0
            ],
            [
              6869.0,
              4198.0
            ],
            [
              6856.0,
              4199.0
            ],
            [
              6852.0,
              4197.0
            ],
            [
              6848.0,
              4191.0
            ],
            [
              6841.0,
              4186.0
            ],
            [
              6836.0,
              4188.0
            ],
            [
              6832.0,
              4188.0
            ],
            [
              6827.0,
              4185.0
            ],
            [
              6826.0,
              4179.0
            ],
            [
              6834.0,
              4170.0
            ],
            [
              6842.0,
              4166.0
            ],
            [
              6869.0,
              4160.0
            ],
            [
              6878.0,
              4154.0
            ],
            [
              6886.0,
              4145.0
            ],
            [
              6887.0,
              4141.0
            ],
            [
              6893.0,
              4133.0
            ],
            [
              6893.0,
              4131.0
            ],
            [
              6908.0,
              4116.0
            ],
            [
              6914.0,
              4113.0
            ],
            [
              6935.0,
              4113.0
            ],
            [
              6942.0,
              4110.0
            ],
            [
              6949.0,
              4110.0
            ],
            [
              6954.0,
              4114.0
            ]
          ],
          [
            [
              6879.0,
              4104.0
            ],
            [
              6879.0,
              4108.0
            ],
            [
              6877.0,
              4111.0
            ],
            [
              6877.0,
              4114.0
            ],
            [
              6874.0,
              4120.0
            ],
            [
              6861.0,
              4133.0
            ],
            [
              6860.0,
              4133.0
            ],
            [
              6857.0,
              4136.0
            ],
            [
              6854.0,
              4137.0
            ],
            [
              6852.0,
              4139.0
            ],
            [
              6834.0,
              4148.0
            ],
            [
              6832.0,
              4148.0
            ],
            [
              6829.0,
              4150.0
            ],
            [
              6826.0,
              4150.0
            ],
            [
              6825.0,
              4151.0
            ],
            [
              6823.0,
              4151.0
            ],
            [
              6821.0,
              4152.0
            ],
            [
              6815.0,
              4158.0
            ],
            [
              6811.0,
              4160.0
            ],
            [
              6806.0,
              4160.0
            ],
            [
              6800.0,
              4157.0
            ],
            [
              6796.0,
              4153.0
            ],
            [
              6796.0,
              4149.0
            ],
            [
              6801.0,
              4144.0
            ],
            [
              6806.0,
              4142.0
            ],
            [
              6808.0,
              4140.0
            ],
            [
              6809.0,
              4140.0
            ],
            [
              6811.0,
              4138.0
            ],
            [
              6815.0,
              4136.0
            ],
            [
              6817.0,
              4136.0
            ],
            [
              6818.0,
              4135.0
            ],
            [
              6820.0,
              4135.0
            ],
            [
              6822.0,
              4134.0
            ],
            [
              6829.0,
              4127.0
            ],
            [
              6830.0,
              4124.0
            ],
            [
              6833.0,
              4121.0
            ],
            [
              6833.0,
              4120.0
            ],
            [
              6835.0,
              4119.0
            ],
            [
              6838.0,
              4115.0
            ],
            [
              6841.0,
              4114.0
            ],
            [
              6844.0,
              4111.0
            ],
            [
              6846.0,
              4110.0
            ],
            [
              6849.0,
              4110.0
            ],
            [
              6851.0,
              4108.0
            ],
            [
              6857.0,
              4105.0
            ],
            [
              6859.0,
              4105.0
            ],
            [
              6861.0,
              4103.0
            ],
            [
              6862.0,
              4103.0
            ],
            [
              6866.0,
              4100.0
            ],
            [
              6874.0,
              4100.0
            ],
            [
              6876.0,
              4101.0
            ],
            [
              6879.0,
              4104.0
            ]
          ],
          [
            [
              6984.0,
              4073.0
            ],
            [
              6985.0,
              4072.0
            ],
            [
              6985.0,
              4069.0
            ],
            [
              6987.0,
              4066.0
            ],
            [
              6987.0,
              4064.0
            ],
            [
              6990.0,
              4061.0
            ],
            [
              6990.0,
              4059.0
            ],
            [
              6991.0,
              4058.0
            ],
            [
              6991.0,
              4057.0
            ],
            [
              7000.0,
              4048.0
            ],
            [
              7001.0,
              4048.0
            ],
            [
              7004.0,
              4046.0
            ],
            [
              7009.0,
              4046.0
            ],
            [
              7012.0,
              4044.0
            ],
            [
              7016.0,
              4044.0
            ],
            [
              7017.0,
              4043.0
            ],
            [
              7028.0,
              4043.0
            ],
            [
              7029.0,
              4044.0
            ],
            [
              7033.0,
              4044.0
            ],
            [
              7034.0,
              4045.0
            ],
            [
              7041.0,
              4048.0
            ],
            [
              7045.0,
              4052.0
            ],
            [
              7045.0,
              4053.0
            ],
            [
              7046.0,
              4054.0
            ],
            [
              7046.0,
              4056.0
            ],
            [
              7047.0,
              4057.0
            ],
            [
              7048.0,
              4060.0
            ],
            [
              7053.0,
              4066.0
            ],
            [
              7053.0,
              4068.0
            ],
            [
              7056.0,
              4071.0
            ],
            [
              7056.0,
              4080.0
            ],
            [
              7052.0,
              4084.0
            ],
            [
              7051.0,
              4084.0
            ],
            [
              7050.0,
              4085.0
            ],
            [
              7048.0,
              4085.0
            ],
            [
              7043.0,
              4088.0
            ],
            [
              7039.0,
              4088.0
            ],
            [
              7038.0,
              4089.0
            ],
            [
              7027.0,
              4089.0
            ],
            [
              7026.0,
              4088.0
            ],
            [
              7025.0,
              4089.0
            ],
            [
              7013.0,
              4089.0
            ],
            [
              7012.0,
              4090.0
            ],
            [
              7000.0,
              4090.0
            ],
            [
              6999.0,
              4089.0
            ],
            [
              6997.0,
              4089.0
            ],
            [
              6996.0,
              4088.0
            ],
            [
              6995.0,
              4088.0
            ],
            [
              6985.0,
              4079.0
            ],
            [
              6985.0,
              4077.0
            ],
            [
              6984.0,
              4076.0
            ],
            [
              6984.0,
              4073.0
            ]
          ],
          [
            [
              6777.0,
              3925.0
            ],
            [
              6779.0,
              3924.0
            ],
            [
              6784.0,
              3924.0
            ],
            [
              6788.0,
              3926.0
            ],
            [
              6796.0,
              3934.0
            ],
            [
              6812.0,
              3942.0
            ],
            [
              6819.0,
              3942.0
            ],
            [
              6820.0,
              3941.0
            ],
            [
              6824.0,
              3941.0
            ],
            [
              6827.0,
              3943.0
            ],
            [
              6827.0,
              3947.0
            ],
            [
              6825.0,
              3951.0
            ],
            [
              6825.0,
              3957.0
            ],
            [
              6826.0,
              3958.0
            ],
            [
              6826.0,
              3963.0
            ],
            [
              6827.0,
              3964.0
            ],
            [
              6827.0,
              3967.0
            ],
            [
              6825.0,
              3971.0
            ],
            [
              6819.0,
              3977.0
            ],
            [
              6819.0,
              3979.0
            ],
            [
              6818.0,
              3981.0
            ],
            [
              6814.0,
              3985.0
            ],
            [
              6810.0,
              3987.0
            ],
            [
              6808.0,
              3987.0
            ],
            [
              6807.0,
              3988.0
            ],
            [
              6796.0,
              3988.0
            ],
            [
              6791.0,
              3992.0
            ],
            [
              6789.0,
              3993.0
            ],
            [
              6786.0,
              3993.0
            ],
            [
              6780.0,
              3990.0
            ],
            [
              6773.0,
              3985.0
            ],
            [
              6762.0,
              3985.0
            ],
            [
              6760.0,
              3984.0
            ],
            [
              6755.0,
              3979.0
            ],
            [
              6753.0,
              3975.0
            ],
            [
              6753.0,
              3969.0
            ],
            [
              6754.0,
              3967.0
            ],
            [
              6759.0,
              3962.0
            ],
            [
              6760.0,
              3962.0
            ],
            [
              6764.0,
              3957.0
            ],
            [
              6764.0,
              3955.0
            ],
            [
              6767.0,
              3950.0
            ],
            [
              6767.0,
              3944.0
            ],
            [
              6772.0,
              3937.0
            ],
            [
              6772.0,
              3934.0
            ],
            [
              6773.0,
              3933.0
            ],
            [
              6773.0,
              3930.0
            ],
            [
              6774.0,
              3928.0
            ],
            [
              6777.0,
              3925.0
            ]
          ],
          [
            [
              6991.0,
              3905.0
            ],
            [
              6994.0,
              3902.0
            ],
            [
              6995.0,
              3902.0
            ],
            [
              6998.0,
              3900.0
            ],
            [
              7000.0,
              3900.0
            ],
            [
              7001.0,
              3899.0
            ],
            [
              7005.0,
              3899.0
            ],
            [
              7008.0,
              3897.0
            ],
            [
              7012.0,
              3897.0
            ],
            [
              7013.0,
              3896.0
            ],
            [
              7014.0,
              3896.0
            ],
            [
              7015.0,
              3895.0
            ],
            [
              7017.0,
              3895.0
            ],
            [
              7018.0,
              3894.0
            ],
            [
              7033.0,
              3894.0
            ],
            [
              7034.0,
              3895.0
            ],
            [
              7041.0,
              3895.0
            ],
            [
              7044.0,
              3897.0
            ],
            [
              7047.0,
              3897.0
            ],
            [
              7048.0,
              3898.0
            ],
            [
              7049.0,
              3898.0
            ],
            [
              7054.0,
              3903.0
            ],
            [
              7054.0,
              3905.0
            ],
            [
              7055.0,
              3906.0
            ],
            [
              7055.0,
              3908.0
            ],
            [
              7057.0,
              3910.0
            ],
            [
              7057.0,
              3912.0
            ],
            [
              7055.0,
              3914.0
            ],
            [
              7054.0,
              3914.0
            ],
            [
              7053.0,
              3915.0
            ],
            [
              7049.0,
              3915.0
            ],
            [
              7048.0,
              3916.0
            ],
            [
              7046.0,
              3916.0
            ],
            [
              7044.0,
              3918.0
            ],
            [
              7043.0,
              3918.0
            ],
            [
              7042.0,
              3919.0
            ],
            [
              7040.0,
              3919.0
            ],
            [
              7039.0,
              3920.0
            ],
            [
              7034.0,
              3920.0
            ],
            [
              7033.0,
              3919.0
            ],
            [
              7023.0,
              3919.0
            ],
            [
              7022.0,
              3920.0
            ],
            [
              7018.0,
              3920.0
            ],
            [
              7017.0,
              3921.0
            ],
            [
              7014.0,
              3921.0
            ],
            [
              7013.0,
              3920.0
            ],
            [
              7009.0,
              3920.0
            ],
            [
              7008.0,
              3919.0
            ],
            [
              7006.0,
              3919.0
            ],
            [
              7005.0,
              3918.0
            ],
            [
              7004.0,
              3918.0
            ],
            [
              7002.0,
              3916.0
            ],
            [
              7001.0,
              3916.0
            ],
            [
              7000.0,
              3915.0
            ],
            [
              6998.0,
              3915.0
            ],
            [
              6997.0,
              3914.0
            ],
            [
              6994.0,
              3913.0
            ],
            [
              6992.0,
              3911.0
            ],
            [
              6992.0,
              3908.0
            ],
            [
              6991.0,
              3907.0
            ],
            [
              6991.0,
              3905.0
            ]
          ],
          [
            [
              6676.0,
              3686.0
            ],
            [
              6684.0,
              3687.0
            ],
            [
              6689.0,
              3690.0
            ],
            [
              6692.0,
              3701.0
            ],
            [
              6698.0,
              3706.0
            ],
            [
              6707.0,
              3718.0
            ],
            [
              6711.0,
              3729.0
            ],
            [
              6712.0,
              3736.0
            ],
            [
              6720.0,
              3751.0
            ],
            [
              6723.0,
              3763.0
            ],
            [
              6731.0,
              3777.0
            ],
            [
              6731.0,
              3788.0
            ],
            [
              6740.0,
              3804.0
            ],
            [
              6739.0,
              3819.0
            ],
            [
              6742.0,
              3829.0
            ],
            [
              6741.0,
              3833.0
            ],
            [
              6731.0,
              3842.0
            ],
            [
              6709.0,
              3828.0
            ],
            [
              6702.0,
              3819.0
            ],
            [
              6704.0,
              3808.0
            ],
            [
              6701.0,
              3803.0
            ],
            [
              6700.0,
              3795.0
            ],
            [
              6693.0,
              3786.0
            ],
            [
              6693.0,
              3774.0
            ],
            [
              6691.0,
              3770.0
            ],
            [
              6691.0,
              3761.0
            ],
            [
              6686.0,
              3750.0
            ],
            [
              6686.0,
              3734.0
            ],
            [
              6684.0,
              3730.0
            ],
            [
              6677.0,
              3723.0
            ],
            [
              6675.0,
              3719.0
            ],
            [
              6675.0,
              3713.0
            ],
            [
              6665.0,
              3699.0
            ],
            [
              6666.0,
              3693.0
            ],
            [
              6676.0,
              3686.0
            ]
          ],
          [
            [
              7338.0,
              3315.0
            ],
            [
              7338.0,
              3321.0
            ],
            [
              7337.0,
              3322.0
            ],
            [
              7337.0,
              3323.0
            ],
            [
              7336.0,
              3324.0
            ],
            [
              7336.0,
              3325.0
            ],
            [
              7333.0,
              3328.0
            ],
            [
              7333.0,
              3335.0
            ],
            [
              7332.0,
              3336.0
            ],
            [
              7332.0,
              3337.0
            ],
            [
              7330.0,
              3339.0
            ],
            [
              7329.0,
              3339.0
            ],
            [
              7326.0,
              3341.0
            ],
            [
              7323.0,
              3341.0
            ],
            [
              7322.0,
              3342.0
            ],
            [
              7319.0,
              3342.0
            ],
            [
              7317.0,
              3344.0
            ],
            [
              7316.0,
              3344.0
            ],
            [
              7315.0,
              3345.0
            ],
            [
              7313.0,
              3345.0
            ],
            [
              7310.0,
              3347.0
            ],
            [
              7308.0,
              3347.0
            ],
            [
              7306.0,
              3349.0
            ],
            [
              7305.0,
              3349.0
            ],
            [
              7304.0,
              3350.0
            ],
            [
              7302.0,
              3350.0
            ],
            [
              7301.0,
              3351.0
            ],
            [
              7293.0,
              3351.0
            ],
            [
              7292.0,
              3350.0
            ],
            [
              7291.0,
              3350.0
            ],
            [
              7286.0,
              3345.0
            ],
            [
              7286.0,
              3343.0
            ],
            [
              7284.0,
              3340.0
            ],
            [
              7284.0,
              3333.0
            ],
            [
              7286.0,
              3331.0
            ],
            [
              7286.0,
              3329.0
            ],
            [
              7287.0,
              3328.0
            ],
            [
              7287.0,
              3326.0
            ],
            [
              7293.0,
              3320.0
            ],
            [
              7294.0,
              3320.0
            ],
            [
              7299.0,
              3316.0
            ],
            [
              7300.0,
              3316.0
            ],
            [
              7301.0,
              3315.0
            ],
            [
              7303.0,
              3315.0
            ],
            [
              7304.0,
              3314.0
            ],
            [
              7310.0,
              3314.0
            ],
            [
              7311.0,
              3313.0
            ],
            [
              7335.0,
              3313.0
            ],
            [
              7338.0,
              3315.0
            ]
          ]
        ]
      },
      "properties": {
        "annotation_id": "6060_GP5_68",
        "label": "GP5",
        "probabilities": null,
        "tags": []
      }
    },
    {
      "type": "Feature",
      "geometry": {
        "type": "Polygon",
        "coordinates": [
          [
            [
              3329.0,
              17651.0
            ],
            [
              3326.0,
              17651.0
            ],
            [
              3322.0,
              17655.0
            ],
            [
              3319.0,
              17661.0
            ],
            [
              3317.0,
              17663.0
            ],
            [
              3316.0,
              17670.0
            ],
            [
              3314.0,
              17674.0
            ],
            [
              3309.0,
              17679.0
            ],
            [
              3307.0,
              17683.0
            ],
            [
              3300.0,
              17689.0
            ],
            [
              3299.0,
              17688.0
            ],
            [
              3296.0,
              17688.0
            ],
            [
              3293.0,
              17686.0
            ],
            [
              3292.0,
              17687.0
            ],
            [
              3290.0,
              17687.0
            ],
            [
              3284.0,
              17693.0
            ],
            [
              3284.0,
              17694.0
            ],
            [
              3281.0,
              17697.0
            ],
            [
              3280.0,
              17700.0
            ],
            [
              3277.0,
              17703.0
            ],
            [
              3275.0,
              17707.0
            ],
            [
              3275.0,
              17713.0
            ],
            [
              3286.0,
              17726.0
            ],
            [
              3292.0,
              17726.0
            ],
            [
              3300.0,
              17720.0
            ],
            [
              3308.0,
              17717.0
            ],
            [
              3316.0,
              17710.0
            ],
            [
              3323.0,
              17713.0
            ],
            [
              3325.0,
              17715.0
            ],
            [
              3332.0,
              17715.0
            ],
            [
              3335.0,
              17713.0
            ],
            [
              3336.0,
              17711.0
            ],
            [
              3336.0,
              17706.0
            ],
            [
              3333.0,
              17703.0
            ],
            [
              3324.0,
              17702.0
            ],
            [
              3318.0,
              17698.0
            ],
            [
              3318.0,
              17696.0
            ],
            [
              3320.0,
              17694.0
            ],
            [
              3325.0,
              17692.0
            ],
            [
              3327.0,
              17690.0
            ],
            [
              3327.0,
              17687.0
            ],
            [
              3322.0,
              17682.0
            ],
            [
              3322.0,
              17679.0
            ],
            [
              3321.0,
              17678.0
            ],
            [
              3321.0,
              17672.0
            ],
            [
              3324.0,
              17670.0
            ],
            [
              3328.0,
              17671.0
            ],
            [
              3331.0,
              17679.0
            ],
            [
              3334.0,
              17679.0
            ],
            [
              3338.0,
              17677.0
            ],
            [
              3342.0,
              17672.0
            ],
            [
              3342.0,
              17669.0
            ],
            [
              3336.0,
              17660.0
            ],
            [
              3334.0,
              17655.0
            ],
            [
              3329.0,
              17651.0
            ]
          ]
        ]
      },
      "properties": {
        "annotation_id": "6060_GP5_7",
        "label": "GP5",
        "probabilities": null,
        "tags": []
      }
    },
    {
      "type": "Feature",
      "geometry": {
        "type": "Polygon",
        "coordinates": [
          [
            [
              7675.0,
              2196.0
            ],
            [
              7668.0,
              2196.0
            ],
            [
              7642.0,
              2176.0
            ],
            [
              7613.0,
              2199.0
            ],
            [
              7588.0,
              2203.0
            ],
            [
              7576.0,
              2227.0
            ],
            [
              7560.0,
              2243.0
            ],
            [
              7550.0,
              2246.0
            ],
            [
              7515.0,
              2290.0
            ],
            [
              7495.0,
              2285.0
            ],
            [
              7473.0,
              2287.0
            ],
            [
              7449.0,
              2295.0
            ],
            [
              7427.0,
              2314.0
            ],
            [
              7413.0,
              2339.0
            ],
            [
              7378.0,
              2373.0
            ],
            [
              7357.0,
              2409.0
            ],
            [
              7327.0,
              2434.0
            ],
            [
              7325.0,
              2456.0
            ],
            [
              7249.0,
              2548.0
            ],
            [
              7215.0,
              2642.0
            ],
            [
              7215.0,
              2662.0
            ],
            [
              7180.0,
              2731.0
            ],
            [
              7184.0,
              2743.0
            ],
            [
              7204.0,
              2739.0
            ],
            [
              7222.0,
              2715.0
            ],
            [
              7249.0,
              2696.0
            ],
            [
              7288.0,
              2632.0
            ],
            [
              7364.0,
              2584.0
            ],
            [
              7394.0,
              2545.0
            ],
            [
              7400.0,
              2521.0
            ],
            [
              7418.0,
              2487.0
            ],
            [
              7441.0,
              2467.0
            ],
            [
              7501.0,
              2432.0
            ],
            [
              7521.0,
              2410.0
            ],
            [
              7546.0,
              2368.0
            ],
            [
              7574.0,
              2351.0
            ],
            [
              7638.0,
              2327.0
            ],
            [
              7650.0,
              2317.0
            ],
            [
              7664.0,
              2291.0
            ],
            [
              7674.0,
              2255.0
            ],
            [
              7675.0,
              2196.0
            ]
          ]
        ]
      },
      "properties": {
        "annotation_id": "6060_GP5_76",
        "label": "GP5",
        "probabilities": null,
        "tags": []
      }
    },
    {
      "type": "Feature",
      "geometry": {
        "type": "Polygon",
        "coordinates": [
          [
            [
              7514.0,
              2448.0
            ],
            [
              7441.0,
              2596.0
            ],
            [
              7493.0,
              2893.0
            ],
            [
              7605.0,
              2865.0
            ],
            [
              7713.0,
              2909.0
            ],
            [
              7740.0,
              2859.0
            ],
            [
              7769.0,
              2857.0
            ],
            [
              7837.0,
              2897.0
            ],
            [
              8022.0,
              2936.0
            ],
            [
              8190.0,
              2944.0
            ],
            [
              8358.0,
              3058.0
            ],
            [
              8391.0,
              3048.0
            ],
            [
              8398.0,
              3006.0
            ],
            [
              8276.0,
              2922.0
            ],
            [
              8239.0,
              2810.0
            ],
            [
              8329.0,
              2775.0
            ],
            [
              8472.0,
              2652.0
            ],
            [
              8556.0,
              2668.0
            ],
            [
              8561.0,
              2580.0
            ],
            [
              8679.0,
              2576.0
            ],
            [
              8701.0,
              2818.0
            ],
            [
              8615.0,
              2960.0
            ],
            [
              8494.0,
              3030.0
            ],
            [
              8495.0,
              3139.0
            ],
            [
              8612.0,
              3071.0
            ],
            [
              8758.0,
              2890.0
            ],
            [
              8879.0,
              2423.0
            ],
            [
              8853.0,
              2383.0
            ],
            [
              8912.0,
              2352.0
            ],
            [
              8947.0,
              2252.0
            ],
            [
              8891.0,
              2237.0
            ],
            [
              8878.0,
              2206.0
            ],
            [
              8842.0,
              2210.0
            ],
            [
              8721.0,
              2424.0
            ],
            [
              8652.0,
              2445.0
            ],
            [
              8638.0,
              2397.0
            ],
            [
              8757.0,
              2177.0
            ],
            [
              8619.0,
              2157.0
            ],
            [
              8519.0,
              2230.0
            ],
            [
              8447.0,
              2250.0
            ],
            [
              8381.0,
              2329.0
            ],
            [
              8227.0,
              2444.0
            ],
            [
              8123.0,
              2465.0
            ],
            [
              8082.0,
              2425.0
            ],
            [
              8014.0,
              2123.0
            ],
            [
              7979.0,
              2085.0
            ],
            [
              7765.0,
              2268.0
            ],
            [
              7762.0,
              2289.0
            ],
            [
              7844.0,
              2308.0
            ],
            [
              7846.0,
              2340.0
            ],
            [
              7688.0,
              2503.0
            ],
            [
              7731.0,
              2387.0
            ],
            [
              7618.0,
              2393.0
            ],
            [
              7514.0,
              2448.0
            ]
          ],
          [
            [
              8087.0,
              2621.0
            ],
            [
              8087.0,
              2626.0
            ],
            [
              8079.0,
              2636.0
            ],
            [
              8079.0,
              2638.0
            ],
            [
              8078.0,
              2639.0
            ],
            [
              8074.0,
              2640.0
            ],
            [
              8073.0,
              2641.0
            ],
            [
              8065.0,
              2641.0
            ],
            [
              8062.0,
              2643.0
            ],
            [
              8058.0,
              2644.0
            ],
            [
              8056.0,
              2646.0
            ],
            [
              8052.0,
              2648.0
            ],
            [
              8049.0,
              2648.0
            ],
            [
              8047.0,
              2650.0
            ],
            [
              8043.0,
              2651.0
            ],
            [
              8036.0,
              2655.0
            ],
            [
              8033.0,
              2655.0
            ],
            [
              8032.0,
              2656.0
            ],
            [
              8029.0,
              2656.0
            ],
            [
              8028.0,
              2657.0
            ],
            [
              8019.0,
              2657.0
            ],
            [
              8018.0,
              2658.0
            ],
            [
              8013.0,
              2658.0
            ],
            [
              8012.0,
              2659.0
            ],
            [
              8001.0,
              2659.0
            ],
            [
              8000.0,
              2658.0
            ],
            [
              7995.0,
              2658.0
            ],
            [
              7992.0,
              2656.0
            ],
            [
              7992.0,
              2651.0
            ],
            [
              7994.0,
              2647.0
            ],
            [
              7998.0,
              2643.0
            ],
            [
              8003.0,
              2641.0
            ],
            [
              8008.0,
              2636.0
            ],
            [
              8008.0,
              2634.0
            ],
            [
              8014.0,
              2628.0
            ],
            [
              8017.0,
              2627.0
            ],
            [
              8020.0,
              2624.0
            ],
            [
              8030.0,
              2619.0
            ],
            [
              8037.0,
              2614.0
            ],
            [
              8047.0,
              2609.0
            ],
            [
              8051.0,
              2609.0
            ],
            [
              8052.0,
              2608.0
            ],
            [
              8059.0,
              2608.0
            ],
            [
              8060.0,
              2609.0
            ],
            [
              8069.0,
              2609.0
            ],
            [
              8076.0,
              2613.0
            ],
            [
              8078.0,
              2613.0
            ],
            [
              8082.0,
              2615.0
            ],
            [
              8086.0,
              2619.0
            ],
            [
              8087.0,
              2621.0
            ]
          ],
          [
            [
              8716.0,
              2604.0
            ],
            [
              8719.0,
              2604.0
            ],
            [
              8720.0,
              2605.0
            ],
            [
              8721.0,
              2605.0
            ],
            [
              8722.0,
              2606.0
            ],
            [
              8722.0,
              2607.0
            ],
            [
              8723.0,
              2608.0
            ],
            [
              8723.0,
              2609.0
            ],
            [
              8726.0,
              2612.0
            ],
            [
              8726.0,
              2613.0
            ],
            [
              8727.0,
              2614.0
            ],
            [
              8727.0,
              2616.0
            ],
            [
              8729.0,
              2618.0
            ],
            [
              8729.0,
              2620.0
            ],
            [
              8731.0,
              2623.0
            ],
            [
              8731.0,
              2626.0
            ],
            [
              8734.0,
              2628.0
            ],
            [
              8734.0,
              2630.0
            ],
            [
              8736.0,
              2632.0
            ],
            [
              8736.0,
              2635.0
            ],
            [
              8737.0,
              2636.0
            ],
            [
              8737.0,
              2643.0
            ],
            [
              8736.0,
              2644.0
            ],
            [
              8736.0,
              2647.0
            ],
            [
              8733.0,
              2650.0
            ],
            [
              8733.0,
              2652.0
            ],
            [
              8732.0,
              2653.0
            ],
            [
              8731.0,
              2653.0
            ],
            [
              8730.0,
              2654.0
            ],
            [
              8729.0,
              2654.0
            ],
            [
              8727.0,
              2656.0
            ],
            [
              8726.0,
              2656.0
            ],
            [
              8725.0,
              2657.0
            ],
            [
              8719.0,
              2657.0
            ],
            [
              8718.0,
              2656.0
            ],
            [
              8716.0,
              2656.0
            ],
            [
              8715.0,
              2655.0
            ],
            [
              8714.0,
              2655.0
            ],
            [
              8713.0,
              2654.0
            ],
            [
              8712.0,
              2654.0
            ],
            [
              8711.0,
              2653.0
            ],
            [
              8711.0,
              2650.0
            ],
            [
              8710.0,
              2649.0
            ],
            [
              8710.0,
              2636.0
            ],
            [
              8711.0,
              2635.0
            ],
            [
              8711.0,
              2633.0
            ],
            [
              8713.0,
              2630.0
            ],
            [
              8713.0,
              2628.0
            ],
            [
              8715.0,
              2626.0
            ],
            [
              8715.0,
              2623.0
            ],
            [
              8713.0,
              2621.0
            ],
            [
              8713.0,
              2620.0
            ],
            [
              8711.0,
              2618.0
            ],
            [
              8711.0,
              2616.0
            ],
            [
              8710.0,
              2615.0
            ],
            [
              8710.0,
              2611.0
            ],
            [
              8711.0,
              2610.0
            ],
            [
              8711.0,
              2608.0
            ],
            [
              8714.0,
              2605.0
            ],
            [
              8715.0,
              2605.0
            ],
            [
              8716.0,
              2604.0
            ]
          ],
          [
            [
              8777.0,
              2522.0
            ],
            [
              8778.0,
              2523.0
            ],
            [
              8779.0,
              2523.0
            ],
            [
              8781.0,
              2526.0
            ],
            [
              8781.0,
              2537.0
            ],
            [
              8780.0,
              2538.0
            ],
            [
              8780.0,
              2552.0
            ],
            [
              8781.0,
              2553.0
            ],
            [
              8781.0,
              2556.0
            ],
            [
              8782.0,
              2557.0
            ],
            [
              8782.0,
              2561.0
            ],
            [
              8783.0,
              2562.0
            ],
            [
              8783.0,
              2573.0
            ],
            [
              8782.0,
              2574.0
            ],
            [
              8782.0,
              2577.0
            ],
            [
              8767.0,
              2594.0
            ],
            [
              8767.0,
              2597.0
            ],
            [
              8766.0,
              2598.0
            ],
            [
              8766.0,
              2600.0
            ],
            [
              8763.0,
              2603.0
            ],
            [
              8762.0,
              2603.0
            ],
            [
              8761.0,
              2604.0
            ],
            [
              8755.0,
              2604.0
            ],
            [
              8754.0,
              2603.0
            ],
            [
              8753.0,
              2603.0
            ],
            [
              8751.0,
              2601.0
            ],
            [
              8751.0,
              2600.0
            ],
            [
              8750.0,
              2599.0
            ],
            [
              8750.0,
              2596.0
            ],
            [
              8749.0,
              2595.0
            ],
            [
              8749.0,
              2592.0
            ],
            [
              8750.0,
              2591.0
            ],
            [
              8750.0,
              2582.0
            ],
            [
              8751.0,
              2581.0
            ],
            [
              8751.0,
              2577.0
            ],
            [
              8752.0,
              2576.0
            ],
            [
              8752.0,
              2573.0
            ],
            [
              8754.0,
              2571.0
            ],
            [
              8754.0,
              2565.0
            ],
            [
              8755.0,
              2564.0
            ],
            [
              8755.0,
              2561.0
            ],
            [
              8756.0,
              2560.0
            ],
            [
              8756.0,
              2559.0
            ],
            [
              8758.0,
              2557.0
            ],
            [
              8759.0,
              2557.0
            ],
            [
              8764.0,
              2552.0
            ],
            [
              8764.0,
              2548.0
            ],
            [
              8765.0,
              2547.0
            ],
            [
              8765.0,
              2541.0
            ],
            [
              8766.0,
              2540.0
            ],
            [
              8766.0,
              2537.0
            ],
            [
              8767.0,
              2536.0
            ],
            [
              8767.0,
              2535.0
            ],
            [
              8769.0,
              2533.0
            ],
            [
              8769.0,
              2532.0
            ],
            [
              8771.0,
              2529.0
            ],
            [
              8771.0,
              2527.0
            ],
            [
              8775.0,
              2523.0
            ],
            [
              8776.0,
              2523.0
            ],
            [
              8777.0,
              2522.0
            ]
          ],
          [
            [
              7896.0,
              2500.0
            ],
            [
              7901.0,
              2495.0
            ],
            [
              7902.0,
              2495.0
            ],
            [
              7906.0,
              2491.0
            ],
            [
              7906.0,
              2490.0
            ],
            [
              7907.0,
              2489.0
            ],
            [
              7907.0,
              2487.0
            ],
            [
              7908.0,
              2486.0
            ],
            [
              7909.0,
              2486.0
            ],
            [
              7912.0,
              2483.0
            ],
            [
              7913.0,
              2483.0
            ],
            [
              7914.0,
              2482.0
            ],
            [
              7916.0,
              2482.0
            ],
            [
              7919.0,
              2484.0
            ],
            [
              7922.0,
              2484.0
            ],
            [
              7923.0,
              2485.0
            ],
            [
              7924.0,
              2485.0
            ],
            [
              7925.0,
              2486.0
            ],
            [
              7926.0,
              2486.0
            ],
            [
              7927.0,
              2487.0
            ],
            [
              7928.0,
              2487.0
            ],
            [
              7930.0,
              2489.0
            ],
            [
              7933.0,
              2489.0
            ],
            [
              7934.0,
              2490.0
            ],
            [
              7943.0,
              2490.0
            ],
            [
              7944.0,
              2491.0
            ],
            [
              7945.0,
              2491.0
            ],
            [
              7946.0,
              2492.0
            ],
            [
              7947.0,
              2492.0
            ],
            [
              7948.0,
              2493.0
            ],
            [
              7948.0,
              2494.0
            ],
            [
              7951.0,
              2497.0
            ],
            [
              7951.0,
              2499.0
            ],
            [
              7952.0,
              2500.0
            ],
            [
              7952.0,
              2502.0
            ],
            [
              7953.0,
              2503.0
            ],
            [
              7953.0,
              2507.0
            ],
            [
              7951.0,
              2510.0
            ],
            [
              7950.0,
              2510.0
            ],
            [
              7949.0,
              2511.0
            ],
            [
              7948.0,
              2511.0
            ],
            [
              7947.0,
              2512.0
            ],
            [
              7946.0,
              2512.0
            ],
            [
              7942.0,
              2516.0
            ],
            [
              7941.0,
              2516.0
            ],
            [
              7940.0,
              2517.0
            ],
            [
              7929.0,
              2517.0
            ],
            [
              7928.0,
              2516.0
            ],
            [
              7922.0,
              2516.0
            ],
            [
              7921.0,
              2515.0
            ],
            [
              7918.0,
              2515.0
            ],
            [
              7915.0,
              2513.0
            ],
            [
              7911.0,
              2513.0
            ],
            [
              7910.0,
              2512.0
            ],
            [
              7909.0,
              2512.0
            ],
            [
              7908.0,
              2511.0
            ],
            [
              7907.0,
              2511.0
            ],
            [
              7906.0,
              2510.0
            ],
            [
              7905.0,
              2510.0
            ],
            [
              7903.0,
              2508.0
            ],
            [
              7901.0,
              2508.0
            ],
            [
              7900.0,
              2507.0
            ],
            [
              7899.0,
              2507.0
            ],
            [
              7898.0,
              2506.0
            ],
            [
              7897.0,
              2506.0
            ],
            [
              7896.0,
              2505.0
            ],
            [
              7896.0,
              2500.0
            ]
          ]
        ]
      },
      "properties": {
        "annotation_id": "6060_GP5_77",
        "label": "GP5",
        "probabilities": null,
        "tags": []
      }
    },
    {
      "type": "Feature",
      "geometry": {
        "type": "Polygon",
        "coordinates": [
          [
            [
              2800.0,
              17641.0
            ],
            [
              2789.0,
              17648.0
            ],
            [
              2777.0,
              17661.0
            ],
            [
              2772.0,
              17684.0
            ],
            [
              2769.0,
              17688.0
            ],
            [
              2768.0,
              17736.0
            ],
            [
              2788.0,
              17765.0
            ],
            [
              2792.0,
              17779.0
            ],
            [
              2800.0,
              17790.0
            ],
            [
              2802.0,
              17799.0
            ],
            [
              2805.0,
              17802.0
            ],
            [
              2808.0,
              17818.0
            ],
            [
              2812.0,
              17822.0
            ],
            [
              2825.0,
              17848.0
            ],
            [
              2836.0,
              17858.0
            ],
            [
              2838.0,
              17863.0
            ],
            [
              2850.0,
              17876.0
            ],
            [
              2870.0,
              17905.0
            ],
            [
              2870.0,
              17909.0
            ],
            [
              2888.0,
              17928.0
            ],
            [
              2903.0,
              17937.0
            ],
            [
              2904.0,
              17913.0
            ],
            [
              2901.0,
              17910.0
            ],
            [
              2900.0,
              17892.0
            ],
            [
              2896.0,
              17887.0
            ],
            [
              2895.0,
              17843.0
            ],
            [
              2899.0,
              17816.0
            ],
            [
              2891.0,
              17808.0
            ],
            [
              2889.0,
              17801.0
            ],
            [
              2877.0,
              17790.0
            ],
            [
              2876.0,
              17765.0
            ],
            [
              2873.0,
              17763.0
            ],
            [
              2872.0,
              17752.0
            ],
            [
              2869.0,
              17749.0
            ],
            [
              2868.0,
              17733.0
            ],
            [
              2865.0,
              17730.0
            ],
            [
              2864.0,
              17721.0
            ],
            [
              2861.0,
              17719.0
            ],
            [
              2861.0,
              17710.0
            ],
            [
              2844.0,
              17693.0
            ],
            [
              2840.0,
              17692.0
            ],
            [
              2835.0,
              17685.0
            ],
            [
              2835.0,
              17660.0
            ],
            [
              2827.0,
              17652.0
            ],
            [
              2827.0,
              17646.0
            ],
            [
              2823.0,
              17641.0
            ],
            [
              2800.0,
              17641.0
            ]
          ]
        ]
      },
      "properties": {
        "annotation_id": "6060_GP5_8",
        "label": "GP5",
        "probabilities": null,
        "tags": []
      }
    },
    {
      "type": "Feature",
      "geometry": {
        "type": "Polygon",
        "coordinates": [
          [
            [
              8346.0,
              1197.0
            ],
            [
              8335.0,
              1200.0
            ],
            [
              8324.0,
              1193.0
            ],
            [
              8311.0,
              1197.0
            ],
            [
              8302.0,
              1207.0
            ],
            [
              8295.0,
              1222.0
            ],
            [
              8284.0,
              1232.0
            ],
            [
              8277.0,
              1244.0
            ],
            [
              8276.0,
              1254.0
            ],
            [
              8268.0,
              1264.0
            ],
            [
              8248.0,
              1307.0
            ],
            [
              8227.0,
              1333.0
            ],
            [
              8210.0,
              1362.0
            ],
            [
              8179.0,
              1388.0
            ],
            [
              8172.0,
              1399.0
            ],
            [
              8163.0,
              1425.0
            ],
            [
              8151.0,
              1444.0
            ],
            [
              8151.0,
              1454.0
            ],
            [
              8124.0,
              1493.0
            ],
            [
              8106.0,
              1511.0
            ],
            [
              8103.0,
              1519.0
            ],
            [
              8103.0,
              1535.0
            ],
            [
              8109.0,
              1543.0
            ],
            [
              8138.0,
              1544.0
            ],
            [
              8153.0,
              1538.0
            ],
            [
              8159.0,
              1520.0
            ],
            [
              8169.0,
              1509.0
            ],
            [
              8175.0,
              1496.0
            ],
            [
              8217.0,
              1456.0
            ],
            [
              8217.0,
              1446.0
            ],
            [
              8223.0,
              1438.0
            ],
            [
              8227.0,
              1415.0
            ],
            [
              8231.0,
              1411.0
            ],
            [
              8237.0,
              1376.0
            ],
            [
              8247.0,
              1362.0
            ],
            [
              8247.0,
              1355.0
            ],
            [
              8280.0,
              1317.0
            ],
            [
              8286.0,
              1315.0
            ],
            [
              8311.0,
              1291.0
            ],
            [
              8334.0,
              1281.0
            ],
            [
              8348.0,
              1265.0
            ],
            [
              8354.0,
              1250.0
            ],
            [
              8354.0,
              1213.0
            ],
            [
              8346.0,
              1197.0
            ]
          ]
        ]
      },
      "properties": {
        "annotation_id": "6060_GP5_82",
        "label": "GP5",
        "probabilities": null,
        "tags": []
      }
    },
    {
      "type": "Feature",
      "geometry": {
        "type": "Polygon",
        "coordinates": [
          [
            [
              8900.0,
              1009.0
            ],
            [
              8864.0,
              1041.0
            ],
            [
              8837.0,
              1041.0
            ],
            [
              8789.0,
              1021.0
            ],
            [
              8730.0,
              1024.0
            ],
            [
              8730.0,
              1083.0
            ],
            [
              8746.0,
              1117.0
            ],
            [
              8751.0,
              1157.0
            ],
            [
              8742.0,
              1272.0
            ],
            [
              8849.0,
              1529.0
            ],
            [
              8849.0,
              1595.0
            ],
            [
              8841.0,
              1612.0
            ],
            [
              8859.0,
              1670.0
            ],
            [
              8871.0,
              1784.0
            ],
            [
              8891.0,
              1838.0
            ],
            [
              8889.0,
              1956.0
            ],
            [
              8870.0,
              2012.0
            ],
            [
              8870.0,
              2163.0
            ],
            [
              8891.0,
              2188.0
            ],
            [
              8922.0,
              2115.0
            ],
            [
              8940.0,
              2026.0
            ],
            [
              8969.0,
              1952.0
            ],
            [
              8990.0,
              1924.0
            ],
            [
              8996.0,
              1882.0
            ],
            [
              9013.0,
              1849.0
            ],
            [
              9011.0,
              1752.0
            ],
            [
              9023.0,
              1721.0
            ],
            [
              9014.0,
              1637.0
            ],
            [
              9002.0,
              1622.0
            ],
            [
              9000.0,
              1566.0
            ],
            [
              8967.0,
              1496.0
            ],
            [
              8960.0,
              1412.0
            ],
            [
              8941.0,
              1383.0
            ],
            [
              8962.0,
              1340.0
            ],
            [
              8954.0,
              1312.0
            ],
            [
              8973.0,
              1286.0
            ],
            [
              8976.0,
              1227.0
            ],
            [
              8950.0,
              1137.0
            ],
            [
              8935.0,
              1145.0
            ],
            [
              8934.0,
              1164.0
            ],
            [
              8928.0,
              1150.0
            ],
            [
              8910.0,
              1156.0
            ],
            [
              8903.0,
              1149.0
            ],
            [
              8927.0,
              1125.0
            ],
            [
              8945.0,
              1122.0
            ],
            [
              8946.0,
              1105.0
            ],
            [
              8918.0,
              1057.0
            ],
            [
              8935.0,
              1044.0
            ],
            [
              8934.0,
              1026.0
            ],
            [
              8924.0,
              1013.0
            ],
            [
              8900.0,
              1009.0
            ]
          ]
        ]
      },
      "properties": {
        "annotation_id": "6060_GP5_83",
        "label": "GP5",
        "probabilities": null,
        "tags": []
      }
    },
    {
      "type": "Feature",
      "geometry": {
        "type": "Polygon",
        "coordinates": [
          [
            [
              3416.0,
              16960.0
            ],
            [
              3412.0,
              16962.0
            ],
            [
              3409.0,
              16965.0
            ],
            [
              3409.0,
              16968.0
            ],
            [
              3407.0,
              16970.0
            ],
            [
              3407.0,
              16972.0
            ],
            [
              3405.0,
              16974.0
            ],
            [
              3405.0,
              16982.0
            ],
            [
              3407.0,
              16984.0
            ],
            [
              3407.0,
              16986.0
            ],
            [
              3409.0,
              16988.0
            ],
            [
              3409.0,
              16991.0
            ],
            [
              3410.0,
              16992.0
            ],
            [
              3412.0,
              16991.0
            ],
            [
              3419.0,
              16991.0
            ],
            [
              3421.0,
              16992.0
            ],
            [
              3426.0,
              16998.0
            ],
            [
              3426.0,
              17010.0
            ],
            [
              3425.0,
              17011.0
            ],
            [
              3424.0,
              17016.0
            ],
            [
              3422.0,
              17019.0
            ],
            [
              3422.0,
              17026.0
            ],
            [
              3423.0,
              17027.0
            ],
            [
              3423.0,
              17029.0
            ],
            [
              3427.0,
              17033.0
            ],
            [
              3428.0,
              17033.0
            ],
            [
              3432.0,
              17038.0
            ],
            [
              3434.0,
              17038.0
            ],
            [
              3438.0,
              17035.0
            ],
            [
              3440.0,
              17035.0
            ],
            [
              3441.0,
              17036.0
            ],
            [
              3443.0,
              17035.0
            ],
            [
              3447.0,
              17035.0
            ],
            [
              3449.0,
              17033.0
            ],
            [
              3450.0,
              17033.0
            ],
            [
              3458.0,
              17024.0
            ],
            [
              3458.0,
              17023.0
            ],
            [
              3462.0,
              17019.0
            ],
            [
              3462.0,
              17018.0
            ],
            [
              3464.0,
              17016.0
            ],
            [
              3466.0,
              17012.0
            ],
            [
              3466.0,
              17009.0
            ],
            [
              3465.0,
              17008.0
            ],
            [
              3465.0,
              17006.0
            ],
            [
              3463.0,
              17002.0
            ],
            [
              3463.0,
              16999.0
            ],
            [
              3462.0,
              16998.0
            ],
            [
              3462.0,
              16982.0
            ],
            [
              3458.0,
              16978.0
            ],
            [
              3457.0,
              16978.0
            ],
            [
              3456.0,
              16976.0
            ],
            [
              3446.0,
              16966.0
            ],
            [
              3444.0,
              16966.0
            ],
            [
              3441.0,
              16964.0
            ],
            [
              3438.0,
              16964.0
            ],
            [
              3435.0,
              16962.0
            ],
            [
              3432.0,
              16962.0
            ],
            [
              3429.0,
              16960.0
            ],
            [
              3416.0,
              16960.0
            ]
          ]
        ]
      },
      "properties": {
        "annotation_id": "6060_GP5_9",
        "label": "GP4",
        "probabilities": null,
        "tags": []
      }
    },
    {
      "type": "Feature",
      "geometry": {
        "type": "Polygon",
        "coordinates": [
          [
            [
              4283.903431852408,
              14417.79702889818
            ],
            [
              4271.170317982231,
              14412.009249866283
            ],
            [
              4275.800541207749,
              14394.645912770586
            ],
            [
              4363.774782492606,
              14275.417664713477
            ],
            [
              4470.269916679539,
              14193.23120246052
            ],
            [
              4436.700798294528,
              13920.04803215491
            ],
            [
              4436.700798294528,
              13867.958020867824
            ],
            [
              4451.749023777464,
              13851.752239578507
            ],
            [
              4547.826155706979,
              13830.916235063673
            ],
            [
              4757.343756661705,
              14001.076938601489
            ],
            [
              4815.22154698069,
              13999.91938279511
            ],
            [
              4889.30511858899,
              13938.568925056985
            ],
            [
              4933.2922392314185,
              13937.411369250605
            ],
            [
              4976.121804067468,
              13955.932262152679
            ],
            [
              4952.970687939874,
              14006.864717633387
            ],
            [
              4821.009326012588,
              14120.3051866586
            ],
            [
              4663.581736344949,
              14291.623446002794
            ],
            [
              4633.485285379077,
              14394.645912770586
            ],
            [
              4658.951513119429,
              14528.92238631063
            ],
            [
              4657.793957313051,
              14743.070210490876
            ],
            [
              4639.273064410975,
              14797.475333390723
            ],
            [
              4492.2634770007535,
              15052.137610794254
            ],
            [
              4436.700798294528,
              15091.494508211164
            ],
            [
              4313.99988281828,
              15107.700289500483
            ],
            [
              4135.736288635806,
              15196.832086591718
            ],
            [
              4038.501600899911,
              15202.619865623616
            ],
            [
              3982.938922193686,
              15188.729195947059
            ],
            [
              3735.2219796284303,
              15022.041159828383
            ],
            [
              3710.9133076944563,
              14958.3755904775
            ],
            [
              3730.5917564029114,
              14805.578224035378
            ],
            [
              3747.955093498607,
              14783.584663714166
            ],
            [
              3808.1479954303513,
              14759.275991780192
            ],
            [
              3928.53379929384,
              14776.639328875886
            ],
            [
              3982.938922193686,
              14600.690846306172
            ],
            [
              4060.4951612211257,
              14550.915946631847
            ],
            [
              4155.414737344261,
              14531.23749792339
            ],
            [
              4198.24430218031,
              14508.086381795798
            ],
            [
              4280.430764433268,
              14412.009249866283
            ],
            [
              4283.903431852408,
              14417.79702889818
            ]
          ]
        ]
      },
      "properties": {
        "annotation_id": "f1572efc-edf4-4c4e-97c2-5015c4f8ffe7",
        "label": "GP5",
        "probabilities": null,
        "tags": []
      }
    }
  ],
  "properties": {
    "slide_id": "7dbf1ab3-3da8-4a64-9ff2-af5c39135d84",
    "filename": "6060.tiff",
    "openslide_quickhash1": "c4045ad38ea5a66bcad24ff874c214db991343c74e77bea3ea7bfbe0f85ebc4c",
    "width": 10496,
    "height": 36608,
    "coordinate_space": "slide_pixels_level0",
    "source_project": "PANDA+",
    "label_counts": {
      "Benign": 0,
      "GP3": 0,
      "GP4": 9,
      "GP5": 36
    }
  }
}