{
  "type": "FeatureCollection",
  "features": [
    {
      "type": "Feature",
      "geometry": {
        "type": "Polygon",
        "coordinates": [
          [
            [
              3377.2686401223177,
              15111.822935060198
            ],
            [
              3380.133424760369,
              15116.230296041816
            ],
            [
              3381.896369153017,
              15121.298761170678
            ],
            [
              3381.896369153017,
              15153.692864385574
            ],
            [
              3375.50569572967,
              15164.931634888702
            ],
            [
              3369.996494502647,
              15170.000100017563
            ],
            [
              3360.300300343086,
              15181.23887052069
            ],
            [
              3356.3336754596294,
              15184.103655158742
            ],
            [
              3352.587418625253,
              15185.425863453227
            ],
            [
              3347.07821739823,
              15185.425863453227
            ],
            [
              3343.5523286129355,
              15182.561078815175
            ],
            [
              3338.0431273859117,
              15176.39077344091
            ],
            [
              3332.7542942079695,
              15165.152002937783
            ],
            [
              3329.4487734717554,
              15149.505871453035
            ],
            [
              3329.4487734717554,
              15143.11519802969
            ],
            [
              3330.770981766241,
              15137.165260704503
            ],
            [
              3334.9579746987783,
              15128.350538741268
            ],
            [
              3338.9245995822357,
              15125.045018005054
            ],
            [
              3344.213432760178,
              15121.519129219758
            ],
            [
              3355.672571312386,
              15115.569191894574
            ],
            [
              3366.250237668271,
              15112.9247753056
            ],
            [
              3377.2686401223177,
              15111.822935060198
            ]
          ]
        ]
      },
      "properties": {
        "annotation_id": "03f02c49-e3c9-4d6f-94e8-fd713a3f9c72",
        "label": "GP3",
        "probabilities": null,
        "tags": []
      }
    },
    {
      "type": "Feature",
      "geometry": {
        "type": "Polygon",
        "coordinates": [
          [
            [
              2324.121425481364,
              9345.546956260625
            ],
            [
              2324.121425481364,
              9336.227092611616
            ],
            [
              2327.6163743497427,
              9327.68388426669
            ],
            [
              2352.857671732479,
              9297.394327407406
            ],
            [
              2383.147228591763,
              9278.366272457342
            ],
            [
              2429.746546836815,
              9260.891528115448
            ],
            [
              2460.0361036960985,
              9260.114872811364
            ],
            [
              2494.5972647278454,
              9270.988047068544
            ],
            [
              2509.353715505445,
              9280.696238369595
            ],
            [
              2525.275149239171,
              9302.054259231913
            ],
            [
              2527.605115151424,
              9319.529003573805
            ],
            [
              2527.2167874993816,
              9354.866819909637
            ],
            [
              2523.721838631003,
              9364.186683558646
            ],
            [
              2515.566957938119,
              9371.564908947446
            ],
            [
              2503.9171283768555,
              9378.554806684204
            ],
            [
              2462.754397260393,
              9390.981291549551
            ],
            [
              2413.825113103089,
              9395.641223374056
            ],
            [
              2364.8958289457846,
              9424.377469625171
            ],
            [
              2342.3728251273424,
              9445.735490487488
            ],
            [
              2328.7813573058693,
              9455.055354136497
            ],
            [
              2319.4614936568587,
              9458.161975352834
            ],
            [
              2299.2684557506695,
              9458.161975352834
            ],
            [
              2288.783609145533,
              9450.395422311993
            ],
            [
              2283.3470220169434,
              9441.852213967068
            ],
            [
              2279.8520731485646,
              9425.93078023334
            ],
            [
              2280.240400800607,
              9405.737742327152
            ],
            [
              2312.859923572143,
              9357.973441125974
            ],
            [
              2317.5198553966484,
              9354.866819909637
            ],
            [
              2324.121425481364,
              9345.546956260625
            ]
          ]
        ]
      },
      "properties": {
        "annotation_id": "0b429496-ec56-4626-b5dd-952af6b25bc8",
        "label": "GP3",
        "probabilities": null,
        "tags": []
      }
    },
    {
      "type": "Feature",
      "geometry": {
        "type": "Polygon",
        "coordinates": [
          [
            [
              2524.9186000499208,
              9824.260657075029
            ],
            [
              2523.5772209426723,
              9820.01295656874
            ],
            [
              2534.755380169743,
              9808.164107788047
            ],
            [
              2547.7220448731446,
              9799.44514359093
            ],
            [
              2553.0875613021385,
              9797.433074930059
            ],
            [
              2570.3019265118264,
              9796.538822191893
            ],
            [
              2579.6915802625654,
              9798.774454037308
            ],
            [
              2581.032959369814,
              9799.44514359093
            ],
            [
              2586.845602167891,
              9807.04629186534
            ],
            [
              2588.8576708287633,
              9812.188245109792
            ],
            [
              2588.8576708287633,
              9824.70778344411
            ],
            [
              2587.2927285369733,
              9829.849736688562
            ],
            [
              2585.5042230606423,
              9831.861805349436
            ],
            [
              2577.008822048069,
              9840.133643177469
            ],
            [
              2564.48928371375,
              9848.62904419004
            ],
            [
              2556.6645722548005,
              9852.653181511787
            ],
            [
              2540.791586152361,
              9859.136513863486
            ],
            [
              2535.6496329079087,
              9860.254329786194
            ],
            [
              2530.2841164789147,
              9860.254329786194
            ],
            [
              2524.471473680838,
              9858.018697940779
            ],
            [
              2517.5410149600543,
              9853.770997434494
            ],
            [
              2515.081819930099,
              9848.62904419004
            ],
            [
              2514.858256745558,
              9842.36927502288
            ],
            [
              2515.7525094837233,
              9838.568700885678
            ],
            [
              2524.9186000499208,
              9824.260657075029
            ]
          ]
        ]
      },
      "properties": {
        "annotation_id": "0cb4878c-e16f-4e91-a150-c8afdea92fe9",
        "label": "GP3",
        "probabilities": {
          "GP3": 0.7,
          "GP4": 0.3,
          "GP5": 0.0,
          "Benign": 0.0
        },
        "tags": []
      }
    },
    {
      "type": "Feature",
      "geometry": {
        "type": "Polygon",
        "coordinates": [
          [
            [
              2087.428756658865,
              13509.451460157294
            ],
            [
              2090.1333170195644,
              13510.465670292555
            ],
            [
              2119.883480987264,
              13497.61900857923
            ],
            [
              2130.701722430064,
              13484.434276820817
            ],
            [
              2133.7443528358517,
              13479.025156099418
            ],
            [
              2135.434703061289,
              13472.601825242757
            ],
            [
              2135.434703061289,
              13469.55919483697
            ],
            [
              2134.082422880939,
              13466.178494386093
            ],
            [
              2129.3494422497142,
              13461.107443709781
            ],
            [
              2116.5027805363893,
              13452.317622537506
            ],
            [
              2109.7413796346395,
              13449.951132221895
            ],
            [
              2102.3038386427147,
              13449.274992131719
            ],
            [
              2088.7810368392147,
              13449.274992131719
            ],
            [
              2081.34349584729,
              13450.28920226698
            ],
            [
              2067.1445539536153,
              13449.613062176806
            ],
            [
              2064.7780636380025,
              13451.303412402243
            ],
            [
              2063.087713412565,
              13455.022182898207
            ],
            [
              2058.6928028264274,
              13480.37743627977
            ],
            [
              2066.8064839085273,
              13487.13883718152
            ],
            [
              2072.553674675015,
              13490.519537632394
            ],
            [
              2087.428756658865,
              13509.451460157294
            ]
          ]
        ]
      },
      "properties": {
        "annotation_id": "1505c1e0-56a8-4848-86c2-3ff5c63842db",
        "label": "GP3",
        "probabilities": null,
        "tags": []
      }
    },
    {
      "type": "Feature",
      "geometry": {
        "type": "Polygon",
        "coordinates": [
          [
            [
              2471.4763278782593,
              13183.21386664786
            ],
            [
              2470.124047697909,
              13181.523516422421
            ],
            [
              2474.8570283291338,
              13181.185446377336
            ],
            [
              2506.9736826124463,
              13191.665617775046
            ],
            [
              2523.2010447766456,
              13190.651407639785
            ],
            [
              2535.709636444883,
              13187.946847279085
            ],
            [
              2553.62734883452,
              13175.10018556576
            ],
            [
              2562.417170006795,
              13166.98650448366
            ],
            [
              2568.50243081837,
              13152.787562589987
            ],
            [
              2568.50243081837,
              13143.997741417712
            ],
            [
              2566.1359405027574,
              13138.9266907414
            ],
            [
              2560.0506796911827,
              13132.503359884737
            ],
            [
              2552.613138699258,
              13129.12265943386
            ],
            [
              2528.272095452958,
              13125.403888937899
            ],
            [
              2508.325962792796,
              13126.41809907316
            ],
            [
              2480.6042190956214,
              13130.813009659298
            ],
            [
              2465.0529970215966,
              13136.560200425785
            ],
            [
              2457.615456029672,
              13140.955111011923
            ],
            [
              2452.882475398447,
              13146.026161688234
            ],
            [
              2450.177915037747,
              13150.421072274372
            ],
            [
              2450.177915037747,
              13156.16826304086
            ],
            [
              2471.4763278782593,
              13183.21386664786
            ]
          ]
        ]
      },
      "properties": {
        "annotation_id": "18f63740-2203-424d-9d0f-14f3d3e354b2",
        "label": "GP3",
        "probabilities": null,
        "tags": []
      }
    },
    {
      "type": "Feature",
      "geometry": {
        "type": "Polygon",
        "coordinates": [
          [
            [
              1775.5203326021285,
              12328.180990243827
            ],
            [
              1770.3206262283345,
              12340.76975304354
            ],
            [
              1747.8797881940643,
              12361.842247295232
            ],
            [
              1712.0291810905358,
              12436.280149067445
            ],
            [
              1692.051361864905,
              12489.098219074935
            ],
            [
              1686.8516554911107,
              12517.83343850906
            ],
            [
              1686.8516554911107,
              12524.127819908916
            ],
            [
              1692.051361864905,
              12530.969538821802
            ],
            [
              1714.7658686556904,
              12530.969538821802
            ],
            [
              1756.9108571590752,
              12539.726939030299
            ],
            [
              1779.8990327063766,
              12540.000607786815
            ],
            [
              1826.1490525574939,
              12525.76983244801
            ],
            [
              1861.1786533914762,
              12523.8541511524
            ],
            [
              1887.7245227734786,
              12516.191425969968
            ],
            [
              1912.3547108598725,
              12497.308281770398
            ],
            [
              1924.669804903069,
              12484.172181457654
            ],
            [
              1933.1535363550493,
              12461.457674666868
            ],
            [
              1969.0041434585783,
              12397.419185642246
            ],
            [
              1976.3931998844962,
              12379.083378955707
            ],
            [
              1977.4878749105583,
              12353.084847086737
            ],
            [
              1973.1091748063104,
              12335.022709156714
            ],
            [
              1963.2570995717529,
              12324.075958896094
            ],
            [
              1936.7112301897507,
              12316.413233713662
            ],
            [
              1904.1446481644075,
              12309.845183557289
            ],
            [
              1851.3265781569185,
              12308.476839774712
            ],
            [
              1775.5203326021285,
              12328.180990243827
            ]
          ]
        ]
      },
      "properties": {
        "annotation_id": "215ace6e-9c1d-45a3-bad9-655ac69bc7ab",
        "label": "GP4",
        "probabilities": null,
        "tags": []
      }
    },
    {
      "type": "Feature",
      "geometry": {
        "type": "Polygon",
        "coordinates": [
          [
            [
              2537.3459872874246,
              7042.024310979592
            ],
            [
              2541.780613717011,
              7036.111475740144
            ],
            [
              2552.867179790977,
              7025.024909666177
            ],
            [
              2580.214042773426,
              7008.395060555229
            ],
            [
              2602.0176227188927,
              7007.286403947834
            ],
            [
              2610.5173233756,
              7008.025508352764
            ],
            [
              2616.060606412583,
              7022.438044248919
            ],
            [
              2618.647471829842,
              7032.415953715488
            ],
            [
              2620.1256806397037,
              7055.697742470817
            ],
            [
              2619.756128437238,
              7071.218934974369
            ],
            [
              2617.9083674249105,
              7073.066695986697
            ],
            [
              2604.234935933686,
              7078.60997902368
            ],
            [
              2586.865982417806,
              7088.957440692715
            ],
            [
              2577.6271773561675,
              7092.65296271737
            ],
            [
              2565.431954674805,
              7095.609380337095
            ],
            [
              2549.171657766322,
              7095.97893253956
            ],
            [
              2540.302404907149,
              7094.131171527232
            ],
            [
              2535.1286740726314,
              7091.9138583124395
            ],
            [
              2524.781212403597,
              7084.153262060663
            ],
            [
              2519.977033771545,
              7076.023113606422
            ],
            [
              2519.2379293666136,
              7073.066695986697
            ],
            [
              2520.3465859740104,
              7069.371173962043
            ],
            [
              2537.3459872874246,
              7042.024310979592
            ]
          ]
        ]
      },
      "properties": {
        "annotation_id": "33766354-7949-4b82-a3bd-5d77c509b816",
        "label": "GP3",
        "probabilities": null,
        "tags": []
      }
    },
    {
      "type": "Feature",
      "geometry": {
        "type": "Polygon",
        "coordinates": [
          [
            [
              2823.4947457589724,
              10393.196609980801
            ],
            [
              2826.24435241156,
              10389.07220000192
            ],
            [
              2830.5978962781574,
              10385.864325573899
            ],
            [
              2847.7829378568317,
              10377.844639503852
            ],
            [
              2850.990812284851,
              10377.157237840705
            ],
            [
              2853.053017274292,
              10377.844639503852
            ],
            [
              2856.7191594777423,
              10381.510781707302
            ],
            [
              2857.4065611408896,
              10391.59267276679
            ],
            [
              2855.8026239268797,
              10399.841492724554
            ],
            [
              2850.303410621704,
              10408.777714345466
            ],
            [
              2842.7419923270877,
              10416.568266527798
            ],
            [
              2834.4931723693235,
              10421.838345945258
            ],
            [
              2815.7041935766397,
              10425.275354260993
            ],
            [
              2791.8742692542114,
              10439.71078918708
            ],
            [
              2784.771118735026,
              10439.939923074795
            ],
            [
              2780.6467087561446,
              10437.64858419764
            ],
            [
              2779.7301732052815,
              10435.128111432767
            ],
            [
              2781.7923781947225,
              10429.62889812759
            ],
            [
              2787.520725387614,
              10420.234408731249
            ],
            [
              2792.332537029643,
              10414.27692765064
            ],
            [
              2800.5813569874063,
              10409.923383784044
            ],
            [
              2823.4947457589724,
              10393.196609980801
            ]
          ]
        ]
      },
      "properties": {
        "annotation_id": "39bd8738-6229-49cc-8c8d-ae29df443ef9",
        "label": "GP3",
        "probabilities": null,
        "tags": []
      }
    },
    {
      "type": "Feature",
      "geometry": {
        "type": "Polygon",
        "coordinates": [
          [
            [
              3505.948431192155,
              15586.289932889196
            ],
            [
              3498.2613562969173,
              15581.985170947863
            ],
            [
              3492.419179376536,
              15580.755238964624
            ],
            [
              3444.7593150260595,
              15585.982449893387
            ],
            [
              3430.307614223012,
              15590.594694830528
            ],
            [
              3416.470879411583,
              15597.666803734148
            ],
            [
              3400.481763629488,
              15611.503538545578
            ],
            [
              3394.639586709107,
              15620.728028419862
            ],
            [
              3391.8722397468214,
              15630.567484285768
            ],
            [
              3390.949790759393,
              15648.401498042718
            ],
            [
              3398.9443486504406,
              15664.698096820624
            ],
            [
              3413.7035324492977,
              15684.684491548245
            ],
            [
              3425.695369285869,
              15691.756600451861
            ],
            [
              3453.983804900345,
              15699.751158342911
            ],
            [
              3469.972920682441,
              15702.518505305196
            ],
            [
              3490.2667984058694,
              15701.903539313576
            ],
            [
              3508.408295158631,
              15696.676328384814
            ],
            [
              3531.7770028401546,
              15696.061362393195
            ],
            [
              3543.768839676726,
              15693.29401543091
            ],
            [
              3548.3810846138695,
              15689.911702477006
            ],
            [
              3550.533465584536,
              15681.917144585957
            ],
            [
              3550.533465584536,
              15673.6151036991
            ],
            [
              3541.9239417018694,
              15637.024627197767
            ],
            [
              3537.926662756345,
              15610.27360656234
            ],
            [
              3527.472240898822,
              15593.362041792816
            ],
            [
              3516.095370053869,
              15584.137551918531
            ],
            [
              3502.8736012340596,
              15577.987892002338
            ],
            [
              3505.948431192155,
              15586.289932889196
            ]
          ]
        ]
      },
      "properties": {
        "annotation_id": "3d921837-e5c6-4ca9-9f0c-6fe995246d4c",
        "label": "GP3",
        "probabilities": null,
        "tags": []
      }
    },
    {
      "type": "Feature",
      "geometry": {
        "type": "Polygon",
        "coordinates": [
          [
            [
              2553.04738723231,
              7110.162838159057
            ],
            [
              2556.0234629045885,
              7111.353268427967
            ],
            [
              2560.1899688457793,
              7111.055660860739
            ],
            [
              2570.606233698755,
              7104.508294381726
            ],
            [
              2578.34403044668,
              7102.425041411132
            ],
            [
              2590.248333135795,
              7102.425041411132
            ],
            [
              2600.069382854315,
              7100.0441808733085
            ],
            [
              2602.1526358249102,
              7100.0441808733085
            ],
            [
              2603.3430660938216,
              7101.532218709448
            ],
            [
              2603.6406736610493,
              7110.162838159057
            ],
            [
              2601.5574206904544,
              7118.7934576086645
            ],
            [
              2598.2837374509477,
              7123.852786251539
            ],
            [
              2593.224408808074,
              7129.50733002887
            ],
            [
              2587.2722574635163,
              7141.411632717984
            ],
            [
              2581.0224985517307,
              7145.280531091946
            ],
            [
              2559.892361278551,
              7150.637467302049
            ],
            [
              2546.5000207532967,
              7150.637467302049
            ],
            [
              2538.762224005372,
              7143.494885688579
            ],
            [
              2533.40528779527,
              7135.161873806199
            ],
            [
              2531.917249959131,
              7126.53125435659
            ],
            [
              2532.512465093587,
              7116.7102046380705
            ],
            [
              2535.190933198637,
              7114.031736533019
            ],
            [
              2540.8454769759674,
              7113.138913831335
            ],
            [
              2553.04738723231,
              7110.162838159057
            ]
          ]
        ]
      },
      "properties": {
        "annotation_id": "49a67a98-16d3-4fae-900b-79768cc9733e",
        "label": "GP5",
        "probabilities": null,
        "tags": []
      }
    },
    {
      "type": "Feature",
      "geometry": {
        "type": "Polygon",
        "coordinates": [
          [
            [
              2975.317116578308,
              11302.420466644087
            ],
            [
              2972.765796378419,
              11301.995246610772
            ],
            [
              2972.765796378419,
              11299.443926410884
            ],
            [
              2984.6719573112337,
              11278.608144778456
            ],
            [
              2988.498937611067,
              11266.276763812328
            ],
            [
              2988.498937611067,
              11256.496703046088
            ],
            [
              2984.246737277919,
              11244.165322079958
            ],
            [
              2974.466676511678,
              11232.684381180457
            ],
            [
              2964.6866157454374,
              11227.156520747365
            ],
            [
              2950.2291346127345,
              11225.030420580792
            ],
            [
              2939.598633779864,
              11225.880860647421
            ],
            [
              2928.117692880364,
              11230.133060980568
            ],
            [
              2918.762852147438,
              11236.51136148029
            ],
            [
              2899.202730614957,
              11264.150663645754
            ],
            [
              2885.170469515568,
              11279.458584845086
            ],
            [
              2874.114748649383,
              11285.83688534481
            ],
            [
              2851.1528668503834,
              11292.640405877846
            ],
            [
              2825.21444481818,
              11313.050967476956
            ],
            [
              2818.836144318458,
              11319.854488009994
            ],
            [
              2815.859604085254,
              11327.933668642976
            ],
            [
              2815.859604085254,
              11348.344230242086
            ],
            [
              2823.088344651606,
              11360.2503911749
            ],
            [
              2835.4197256177354,
              11365.778251607993
            ],
            [
              2847.32588655055,
              11368.754791841196
            ],
            [
              2869.4373282829206,
              11367.479131741253
            ],
            [
              2908.982791381198,
              11355.572970808438
            ],
            [
              2935.7716534800306,
              11338.98938950916
            ],
            [
              2959.5839753456603,
              11316.02750771016
            ],
            [
              2974.891896544993,
              11294.341286011106
            ],
            [
              2982.9710771779746,
              11271.80462424542
            ],
            [
              2975.317116578308,
              11302.420466644087
            ]
          ]
        ]
      },
      "properties": {
        "annotation_id": "5024c525-0011-4c46-9fe2-d6802fd70bb3",
        "label": "GP3",
        "probabilities": null,
        "tags": []
      }
    },
    {
      "type": "Feature",
      "geometry": {
        "type": "Polygon",
        "coordinates": [
          [
            [
              2776.2626918873943,
              10613.340947405848
            ],
            [
              2786.573716834599,
              10611.966144079553
            ],
            [
              2796.1973401186565,
              10611.966144079553
            ],
            [
              2814.528051135909,
              10613.111813518133
            ],
            [
              2820.2563983288005,
              10614.486616844426
            ],
            [
              2831.0256910514363,
              10619.756696261886
            ],
            [
              2842.711519324935,
              10628.463783995081
            ],
            [
              2850.960339282699,
              10632.588193973963
            ],
            [
              2852.7934103844236,
              10635.33780062655
            ],
            [
              2855.7721509247276,
              10646.107093349186
            ],
            [
              2825.0682099708292,
              10660.77166216299
            ],
            [
              2820.4855322165163,
              10662.146465489282
            ],
            [
              2773.9713530102376,
              10662.833867152429
            ],
            [
              2761.5981230735924,
              10660.313394387558
            ],
            [
              2750.1414286878094,
              10654.585047194667
            ],
            [
              2746.475286484359,
              10649.314967777205
            ],
            [
              2742.809144280908,
              10638.316541166854
            ],
            [
              2743.4965459440555,
              10627.54724844422
            ],
            [
              2751.7453659018192,
              10616.548821833867
            ],
            [
              2754.953240329838,
              10615.632286283004
            ],
            [
              2776.2626918873943,
              10613.340947405848
            ]
          ]
        ]
      },
      "properties": {
        "annotation_id": "5ca9060d-76ba-498b-ac3a-89bec9f64f98",
        "label": "GP3",
        "probabilities": null,
        "tags": []
      }
    },
    {
      "type": "Feature",
      "geometry": {
        "type": "Polygon",
        "coordinates": [
          [
            [
              3049.8772240145813,
              15223.274765413105
            ],
            [
              3046.851708980235,
              15223.274765413105
            ],
            [
              3049.8772240145813,
              15224.139198280061
            ],
            [
              3068.0303142206585,
              15223.706981846584
            ],
            [
              3092.6666509289057,
              15216.359302477456
            ],
            [
              3100.0143302980323,
              15212.469354576155
            ],
            [
              3108.6586589675926,
              15199.070645138334
            ],
            [
              3113.4130397358513,
              15183.510853533127
            ],
            [
              3116.8707712036753,
              15163.196681159658
            ],
            [
              3118.1674205041095,
              15150.662404588798
            ],
            [
              3117.3029876371534,
              15130.780448648806
            ],
            [
              3115.5741219032416,
              15123.864985713157
            ],
            [
              3112.116390435417,
              15118.678388511424
            ],
            [
              3100.0143302980323,
              15110.466276275341
            ],
            [
              3089.6411358945597,
              15108.73741054143
            ],
            [
              3079.7001579245652,
              15109.601843408385
            ],
            [
              3067.5980977871804,
              15115.2206570436
            ],
            [
              3057.2249033837074,
              15124.297202146636
            ],
            [
              3049.4450075811033,
              15138.560344451413
            ],
            [
              3045.1228432463226,
              15149.79797172184
            ],
            [
              3036.4785145767623,
              15183.078637099648
            ],
            [
              3035.181865276328,
              15196.909562970945
            ],
            [
              3035.614081709806,
              15209.443839541807
            ],
            [
              3038.639596744152,
              15220.24925037876
            ],
            [
              3043.826193945889,
              15227.596929747886
            ],
            [
              3050.7416568815374,
              15231.48687764919
            ],
            [
              3058.0893362506636,
              15231.48687764919
            ],
            [
              3049.8772240145813,
              15223.274765413105
            ]
          ]
        ]
      },
      "properties": {
        "annotation_id": "62fd0756-ec65-4983-be4d-0bba1d2158be",
        "label": "GP3",
        "probabilities": null,
        "tags": []
      }
    },
    {
      "type": "Feature",
      "geometry": {
        "type": "Polygon",
        "coordinates": [
          [
            [
              1210.465059214691,
              4323.836601975747
            ],
            [
              1210.465059214691,
              4354.836601975747
            ],
            [
              1228.465059214691,
              4361.836601975747
            ],
            [
              1247.465059214691,
              4361.836601975747
            ],
            [
              1335.465059214691,
              4342.836601975747
            ],
            [
              1504.465059214691,
              4342.836601975747
            ],
            [
              1532.465059214691,
              4346.836601975747
            ],
            [
              1543.465059214691,
              4351.836601975747
            ],
            [
              1556.465059214691,
              4372.836601975747
            ],
            [
              1567.465059214691,
              4380.836601975747
            ],
            [
              1654.465059214691,
              4402.836601975747
            ],
            [
              1685.465059214691,
              4422.836601975747
            ],
            [
              1717.465059214691,
              4429.836601975747
            ],
            [
              1763.465059214691,
              4429.836601975747
            ],
            [
              1788.465059214691,
              4418.836601975747
            ],
            [
              1840.465059214691,
              4387.836601975747
            ],
            [
              1854.465059214691,
              4364.836601975747
            ],
            [
              1850.465059214691,
              4308.836601975747
            ],
            [
              1837.465059214691,
              4279.836601975747
            ],
            [
              1818.465059214691,
              4257.836601975747
            ],
            [
              1774.465059214691,
              4238.836601975747
            ],
            [
              1734.465059214691,
              4242.836601975747
            ],
            [
              1697.465059214691,
              4232.836601975747
            ],
            [
              1641.465059214691,
              4203.836601975747
            ],
            [
              1483.465059214691,
              4204.836601975747
            ],
            [
              1382.465059214691,
              4240.836601975747
            ],
            [
              1349.465059214691,
              4244.836601975747
            ],
            [
              1274.465059214691,
              4265.836601975747
            ],
            [
              1236.465059214691,
              4285.836601975747
            ],
            [
              1210.465059214691,
              4323.836601975747
            ]
          ],
          [
            [
              1259.465059214691,
              4327.836601975747
            ],
            [
              1263.465059214691,
              4320.836601975747
            ],
            [
              1262.465059214691,
              4311.836601975747
            ],
            [
              1273.465059214691,
              4303.836601975747
            ],
            [
              1280.465059214691,
              4303.836601975747
            ],
            [
              1288.465059214691,
              4289.836601975747
            ],
            [
              1336.465059214691,
              4278.836601975747
            ],
            [
              1340.465059214691,
              4265.836601975747
            ],
            [
              1344.465059214691,
              4275.836601975747
            ],
            [
              1354.465059214691,
              4275.836601975747
            ],
            [
              1373.465059214691,
              4261.836601975747
            ],
            [
              1388.465059214691,
              4262.836601975747
            ],
            [
              1429.465059214691,
              4248.836601975747
            ],
            [
              1477.465059214691,
              4238.836601975747
            ],
            [
              1514.465059214691,
              4240.836601975747
            ],
            [
              1527.465059214691,
              4236.836601975747
            ],
            [
              1552.465059214691,
              4238.836601975747
            ],
            [
              1559.465059214691,
              4244.836601975747
            ],
            [
              1566.465059214691,
              4241.836601975747
            ],
            [
              1574.465059214691,
              4245.836601975747
            ],
            [
              1590.465059214691,
              4244.836601975747
            ],
            [
              1600.465059214691,
              4251.836601975747
            ],
            [
              1625.465059214691,
              4251.836601975747
            ],
            [
              1633.465059214691,
              4258.836601975747
            ],
            [
              1647.465059214691,
              4260.836601975747
            ],
            [
              1675.465059214691,
              4276.836601975747
            ],
            [
              1678.465059214691,
              4291.836601975747
            ],
            [
              1691.465059214691,
              4282.836601975747
            ],
            [
              1702.465059214691,
              4281.836601975747
            ],
            [
              1752.465059214691,
              4298.836601975747
            ],
            [
              1781.465059214691,
              4316.836601975747
            ],
            [
              1782.465059214691,
              4323.836601975747
            ],
            [
              1774.465059214691,
              4333.836601975747
            ],
            [
              1789.465059214691,
              4347.836601975747
            ],
            [
              1767.465059214691,
              4359.836601975747
            ],
            [
              1757.465059214691,
              4375.836601975747
            ],
            [
              1731.465059214691,
              4368.836601975747
            ],
            [
              1699.465059214691,
              4367.836601975747
            ],
            [
              1664.465059214691,
              4342.836601975747
            ],
            [
              1633.465059214691,
              4328.836601975747
            ],
            [
              1594.465059214691,
              4332.836601975747
            ],
            [
              1570.465059214691,
              4323.836601975747
            ],
            [
              1559.465059214691,
              4314.836601975747
            ],
            [
              1514.465059214691,
              4302.836601975747
            ],
            [
              1503.465059214691,
              4305.836601975747
            ],
            [
              1452.465059214691,
              4303.836601975747
            ],
            [
              1425.465059214691,
              4298.836601975747
            ],
            [
              1417.465059214691,
              4291.836601975747
            ],
            [
              1407.465059214691,
              4301.836601975747
            ],
            [
              1376.465059214691,
              4317.836601975747
            ],
            [
              1340.465059214691,
              4328.836601975747
            ],
            [
              1301.465059214691,
              4332.836601975747
            ],
            [
              1262.465059214691,
              4331.836601975747
            ],
            [
              1259.465059214691,
              4327.836601975747
            ]
          ]
        ]
      },
      "properties": {
        "annotation_id": "84_Benign_0",
        "label": "Benign",
        "probabilities": null,
        "tags": []
      }
    },
    {
      "type": "Feature",
      "geometry": {
        "type": "Polygon",
        "coordinates": [
          [
            [
              996.0,
              4156.0
            ],
            [
              994.0,
              4161.0
            ],
            [
              994.0,
              4169.0
            ],
            [
              997.0,
              4172.0
            ],
            [
              1027.0,
              4172.0
            ],
            [
              1033.0,
              4175.0
            ],
            [
              1049.0,
              4175.0
            ],
            [
              1053.0,
              4178.0
            ],
            [
              1070.0,
              4181.0
            ],
            [
              1088.0,
              4191.0
            ],
            [
              1088.0,
              4193.0
            ],
            [
              1084.0,
              4196.0
            ],
            [
              1042.0,
              4197.0
            ],
            [
              1019.0,
              4211.0
            ],
            [
              1030.0,
              4246.0
            ],
            [
              1052.0,
              4246.0
            ],
            [
              1065.0,
              4244.0
            ],
            [
              1070.0,
              4241.0
            ],
            [
              1087.0,
              4238.0
            ],
            [
              1093.0,
              4234.0
            ],
            [
              1107.0,
              4230.0
            ],
            [
              1112.0,
              4224.0
            ],
            [
              1112.0,
              4220.0
            ],
            [
              1116.0,
              4215.0
            ],
            [
              1118.0,
              4204.0
            ],
            [
              1118.0,
              4177.0
            ],
            [
              1115.0,
              4174.0
            ],
            [
              1115.0,
              4169.0
            ],
            [
              1113.0,
              4166.0
            ],
            [
              1095.0,
              4151.0
            ],
            [
              1073.0,
              4142.0
            ],
            [
              1018.0,
              4142.0
            ],
            [
              1011.0,
              4143.0
            ],
            [
              1003.0,
              4148.0
            ],
            [
              996.0,
              4156.0
            ]
          ]
        ]
      },
      "properties": {
        "annotation_id": "84_Benign_2",
        "label": "GP3",
        "probabilities": null,
        "tags": []
      }
    },
    {
      "type": "Feature",
      "geometry": {
        "type": "Polygon",
        "coordinates": [
          [
            [
              2056.0,
              1997.0
            ],
            [
              2022.0,
              2009.0
            ],
            [
              2003.0,
              2026.0
            ],
            [
              1976.0,
              2063.0
            ],
            [
              1939.0,
              2089.0
            ],
            [
              1851.0,
              2202.0
            ],
            [
              1880.0,
              2196.0
            ],
            [
              1900.0,
              2184.0
            ],
            [
              1907.0,
              2186.0
            ],
            [
              1913.0,
              2200.0
            ],
            [
              1931.0,
              2202.0
            ],
            [
              1938.0,
              2191.0
            ],
            [
              1936.0,
              2187.0
            ],
            [
              1951.0,
              2176.0
            ],
            [
              1973.0,
              2175.0
            ],
            [
              1985.0,
              2156.0
            ],
            [
              2001.0,
              2160.0
            ],
            [
              2025.0,
              2145.0
            ],
            [
              2034.0,
              2135.0
            ],
            [
              2035.0,
              2125.0
            ],
            [
              2019.0,
              2118.0
            ],
            [
              2019.0,
              2114.0
            ],
            [
              2056.0,
              2108.0
            ],
            [
              2063.0,
              2119.0
            ],
            [
              2047.0,
              2127.0
            ],
            [
              2050.0,
              2144.0
            ],
            [
              2030.0,
              2167.0
            ],
            [
              2031.0,
              2181.0
            ],
            [
              2009.0,
              2199.0
            ],
            [
              1992.0,
              2202.0
            ],
            [
              1975.0,
              2215.0
            ],
            [
              1950.0,
              2216.0
            ],
            [
              1941.0,
              2225.0
            ],
            [
              1926.0,
              2221.0
            ],
            [
              1917.0,
              2209.0
            ],
            [
              1897.0,
              2209.0
            ],
            [
              1894.0,
              2225.0
            ],
            [
              1884.0,
              2232.0
            ],
            [
              1860.0,
              2222.0
            ],
            [
              1849.0,
              2229.0
            ],
            [
              1844.0,
              2220.0
            ],
            [
              1842.0,
              2247.0
            ],
            [
              1865.0,
              2267.0
            ],
            [
              1905.0,
              2288.0
            ],
            [
              1946.0,
              2288.0
            ],
            [
              1967.0,
              2281.0
            ],
            [
              2013.0,
              2253.0
            ],
            [
              2056.0,
              2214.0
            ],
            [
              2078.0,
              2163.0
            ],
            [
              2085.0,
              2106.0
            ],
            [
              2085.0,
              2046.0
            ],
            [
              2056.0,
              1997.0
            ]
          ]
        ]
      },
      "properties": {
        "annotation_id": "84_Benign_3",
        "label": "GP3",
        "probabilities": null,
        "tags": []
      }
    },
    {
      "type": "Feature",
      "geometry": {
        "type": "Polygon",
        "coordinates": [
          [
            [
              1627.375934162146,
              1943.6443026278575
            ],
            [
              1618.375934162146,
              1925.6443026278575
            ],
            [
              1556.375934162146,
              1954.6443026278575
            ],
            [
              1543.375934162146,
              1945.6443026278575
            ],
            [
              1535.375934162146,
              1975.6443026278575
            ],
            [
              1490.375934162146,
              1987.6443026278575
            ],
            [
              1479.375934162146,
              1998.6443026278575
            ],
            [
              1475.375934162146,
              1980.6443026278575
            ],
            [
              1461.375934162146,
              1985.6443026278575
            ],
            [
              1445.375934162146,
              1980.6443026278575
            ],
            [
              1435.375934162146,
              1987.6443026278575
            ],
            [
              1436.375934162146,
              2001.6443026278575
            ],
            [
              1409.375934162146,
              2010.6443026278575
            ],
            [
              1403.375934162146,
              1997.6443026278575
            ],
            [
              1382.375934162146,
              2010.6443026278575
            ],
            [
              1338.375934162146,
              2014.6443026278575
            ],
            [
              1317.375934162146,
              2008.6443026278575
            ],
            [
              1291.375934162146,
              1980.6443026278575
            ],
            [
              1229.375934162146,
              1976.6443026278575
            ],
            [
              1235.375934162146,
              1966.6443026278575
            ],
            [
              1225.375934162146,
              1936.6443026278575
            ],
            [
              1231.375934162146,
              1909.6443026278575
            ],
            [
              1252.375934162146,
              1906.6443026278575
            ],
            [
              1266.375934162146,
              1881.6443026278575
            ],
            [
              1281.375934162146,
              1882.6443026278575
            ],
            [
              1303.375934162146,
              1911.6443026278575
            ],
            [
              1336.375934162146,
              1926.6443026278575
            ],
            [
              1377.375934162146,
              1923.6443026278575
            ],
            [
              1421.375934162146,
              1939.6443026278575
            ],
            [
              1433.375934162146,
              1929.6443026278575
            ],
            [
              1470.375934162146,
              1927.6443026278575
            ],
            [
              1512.375934162146,
              1911.6443026278575
            ],
            [
              1533.375934162146,
              1883.6443026278575
            ],
            [
              1567.375934162146,
              1858.6443026278575
            ],
            [
              1588.375934162146,
              1866.6443026278575
            ],
            [
              1596.375934162146,
              1857.6443026278575
            ],
            [
              1583.375934162146,
              1823.6443026278575
            ],
            [
              1555.375934162146,
              1827.6443026278575
            ],
            [
              1519.375934162146,
              1850.6443026278575
            ],
            [
              1491.375934162146,
              1881.6443026278575
            ],
            [
              1441.375934162146,
              1901.6443026278575
            ],
            [
              1335.375934162146,
              1889.6443026278575
            ],
            [
              1317.375934162146,
              1876.6443026278575
            ],
            [
              1311.375934162146,
              1858.6443026278575
            ],
            [
              1299.375934162146,
              1848.6443026278575
            ],
            [
              1258.375934162146,
              1840.6443026278575
            ],
            [
              1213.375934162146,
              1864.6443026278575
            ],
            [
              1194.375934162146,
              1913.6443026278575
            ],
            [
              1195.375934162146,
              1961.6443026278575
            ],
            [
              1206.375934162146,
              1993.6443026278575
            ],
            [
              1234.375934162146,
              2017.6443026278575
            ],
            [
              1291.375934162146,
              2040.6443026278575
            ],
            [
              1313.375934162146,
              2061.6443026278575
            ],
            [
              1330.375934162146,
              2061.6443026278575
            ],
            [
              1346.375934162146,
              2048.6443026278575
            ],
            [
              1390.375934162146,
              2050.6443026278575
            ],
            [
              1525.375934162146,
              2012.6443026278575
            ],
            [
              1546.375934162146,
              1997.6443026278575
            ],
            [
              1553.375934162146,
              1980.6443026278575
            ],
            [
              1572.375934162146,
              1982.6443026278575
            ],
            [
              1627.375934162146,
              1943.6443026278575
            ]
          ]
        ]
      },
      "properties": {
        "annotation_id": "84_Benign_4",
        "label": "Benign",
        "probabilities": {
          "GP3": 0.683,
          "GP4": 0.0,
          "GP5": 0.0,
          "Benign": 0.317
        },
        "tags": []
      }
    },
    {
      "type": "Feature",
      "geometry": {
        "type": "Polygon",
        "coordinates": [
          [
            [
              1336.1666845900716,
              1507.1111589068587
            ],
            [
              1352.1666845900716,
              1547.1111589068587
            ],
            [
              1387.1666845900716,
              1581.1111589068587
            ],
            [
              1501.1666845900716,
              1583.1111589068587
            ],
            [
              1565.1666845900716,
              1538.1111589068587
            ],
            [
              1692.1666845900716,
              1504.1111589068587
            ],
            [
              1748.1666845900716,
              1470.1111589068587
            ],
            [
              1827.1666845900716,
              1466.1111589068587
            ],
            [
              1869.1666845900716,
              1426.1111589068587
            ],
            [
              1981.1666845900716,
              1440.1111589068587
            ],
            [
              2010.1666845900716,
              1424.1111589068587
            ],
            [
              2033.1666845900716,
              1393.1111589068587
            ],
            [
              2020.1666845900716,
              1387.1111589068587
            ],
            [
              1975.1666845900716,
              1402.1111589068587
            ],
            [
              1917.1666845900716,
              1390.1111589068587
            ],
            [
              1850.1666845900716,
              1393.1111589068587
            ],
            [
              1746.1666845900716,
              1426.1111589068587
            ],
            [
              1724.1666845900716,
              1447.1111589068587
            ],
            [
              1616.1666845900716,
              1494.1111589068587
            ],
            [
              1534.1666845900716,
              1508.1111589068587
            ],
            [
              1493.1666845900716,
              1501.1111589068587
            ],
            [
              1412.1666845900716,
              1524.1111589068587
            ],
            [
              1389.1666845900716,
              1505.1111589068587
            ],
            [
              1385.1666845900716,
              1479.1111589068587
            ],
            [
              1408.1666845900716,
              1465.1111589068587
            ],
            [
              1439.1666845900716,
              1406.1111589068587
            ],
            [
              1541.1666845900716,
              1341.1111589068587
            ],
            [
              1532.1666845900716,
              1310.1111589068587
            ],
            [
              1540.1666845900716,
              1299.1111589068587
            ],
            [
              1600.1666845900716,
              1297.1111589068587
            ],
            [
              1642.1666845900716,
              1321.1111589068587
            ],
            [
              1673.1666845900716,
              1319.1111589068587
            ],
            [
              1686.1666845900716,
              1329.1111589068587
            ],
            [
              1733.1666845900716,
              1303.1111589068587
            ],
            [
              1767.1666845900716,
              1333.1111589068587
            ],
            [
              1966.1666845900716,
              1387.1111589068587
            ],
            [
              2013.1666845900716,
              1382.1111589068587
            ],
            [
              2032.1666845900716,
              1349.1111589068587
            ],
            [
              2031.1666845900716,
              1375.1111589068587
            ],
            [
              2042.1666845900716,
              1385.1111589068587
            ],
            [
              2046.1666845900716,
              1362.1111589068587
            ],
            [
              2055.166684590072,
              1362.1111589068587
            ],
            [
              2053.166684590072,
              1334.1111589068587
            ],
            [
              2036.1666845900716,
              1315.1111589068587
            ],
            [
              1958.1666845900716,
              1350.1111589068587
            ],
            [
              1869.1666845900716,
              1333.1111589068587
            ],
            [
              1811.1666845900716,
              1313.1111589068587
            ],
            [
              1728.1666845900716,
              1263.1111589068587
            ],
            [
              1673.1666845900716,
              1280.1111589068587
            ],
            [
              1636.1666845900716,
              1220.1111589068587
            ],
            [
              1620.1666845900716,
              1208.1111589068587
            ],
            [
              1586.1666845900716,
              1208.1111589068587
            ],
            [
              1563.1666845900716,
              1227.1111589068587
            ],
            [
              1555.1666845900716,
              1261.1111589068587
            ],
            [
              1496.1666845900716,
              1291.1111589068587
            ],
            [
              1463.1666845900716,
              1339.1111589068587
            ],
            [
              1389.1666845900716,
              1385.1111589068587
            ],
            [
              1348.1666845900716,
              1427.1111589068587
            ],
            [
              1336.1666845900716,
              1507.1111589068587
            ]
          ]
        ]
      },
      "properties": {
        "annotation_id": "84_Benign_5",
        "label": "Benign",
        "probabilities": {
          "GP3": 0.597,
          "GP4": 0.0,
          "GP5": 0.0,
          "Benign": 0.403
        },
        "tags": []
      }
    },
    {
      "type": "Feature",
      "geometry": {
        "type": "Polygon",
        "coordinates": [
          [
            [
              1433.2778434969302,
              1176.499946229784
            ],
            [
              1387.2778434969302,
              1164.499946229784
            ],
            [
              1362.2778434969302,
              1164.499946229784
            ],
            [
              1338.2778434969302,
              1171.499946229784
            ],
            [
              1329.2778434969302,
              1180.499946229784
            ],
            [
              1325.2778434969302,
              1189.499946229784
            ],
            [
              1333.2778434969302,
              1191.499946229784
            ],
            [
              1343.2778434969302,
              1186.499946229784
            ],
            [
              1353.2778434969302,
              1174.499946229784
            ],
            [
              1366.2778434969302,
              1176.499946229784
            ],
            [
              1376.2778434969302,
              1172.499946229784
            ],
            [
              1402.2778434969302,
              1184.499946229784
            ],
            [
              1418.2778434969302,
              1207.499946229784
            ],
            [
              1414.2778434969302,
              1221.499946229784
            ],
            [
              1416.2778434969302,
              1237.499946229784
            ],
            [
              1403.2778434969302,
              1255.499946229784
            ],
            [
              1410.2778434969302,
              1277.499946229784
            ],
            [
              1404.2778434969302,
              1287.499946229784
            ],
            [
              1397.2778434969302,
              1292.499946229784
            ],
            [
              1373.2778434969302,
              1295.499946229784
            ],
            [
              1357.2778434969302,
              1291.499946229784
            ],
            [
              1341.2778434969302,
              1300.499946229784
            ],
            [
              1335.2778434969302,
              1298.499946229784
            ],
            [
              1310.2778434969302,
              1278.499946229784
            ],
            [
              1307.2778434969302,
              1269.499946229784
            ],
            [
              1304.2778434969302,
              1243.499946229784
            ],
            [
              1316.2778434969302,
              1220.499946229784
            ],
            [
              1317.2778434969302,
              1200.499946229784
            ],
            [
              1289.2778434969302,
              1222.499946229784
            ],
            [
              1282.2778434969302,
              1243.499946229784
            ],
            [
              1281.2778434969302,
              1272.499946229784
            ],
            [
              1292.2778434969302,
              1288.499946229784
            ],
            [
              1307.2778434969302,
              1325.499946229784
            ],
            [
              1317.2778434969302,
              1336.499946229784
            ],
            [
              1353.2778434969302,
              1343.499946229784
            ],
            [
              1401.2778434969302,
              1324.499946229784
            ],
            [
              1417.2778434969302,
              1307.499946229784
            ],
            [
              1419.2778434969302,
              1265.499946229784
            ],
            [
              1448.2778434969302,
              1234.499946229784
            ],
            [
              1455.2778434969302,
              1222.499946229784
            ],
            [
              1455.2778434969302,
              1200.499946229784
            ],
            [
              1447.2778434969302,
              1188.499946229784
            ],
            [
              1433.2778434969302,
              1176.499946229784
            ]
          ]
        ]
      },
      "properties": {
        "annotation_id": "84_Benign_6",
        "label": "Benign",
        "probabilities": null,
        "tags": []
      }
    },
    {
      "type": "Feature",
      "geometry": {
        "type": "Polygon",
        "coordinates": [
          [
            [
              1979.3887873229269,
              948.666630819856
            ],
            [
              1979.3887873229269,
              988.666630819856
            ],
            [
              1991.3887873229269,
              1002.666630819856
            ],
            [
              2003.3887873229269,
              1008.666630819856
            ],
            [
              2014.3887873229269,
              1018.666630819856
            ],
            [
              2039.3887873229269,
              1035.666630819856
            ],
            [
              2061.388787322927,
              1061.666630819856
            ],
            [
              2070.388787322927,
              1064.666630819856
            ],
            [
              2088.388787322927,
              1064.666630819856
            ],
            [
              2096.388787322927,
              1067.666630819856
            ],
            [
              2159.388787322927,
              1069.666630819856
            ],
            [
              2170.388787322927,
              1064.666630819856
            ],
            [
              2174.388787322927,
              1064.666630819856
            ],
            [
              2190.388787322927,
              1055.666630819856
            ],
            [
              2190.388787322927,
              1037.666630819856
            ],
            [
              2179.388787322927,
              1026.666630819856
            ],
            [
              2166.388787322927,
              1020.666630819856
            ],
            [
              2148.388787322927,
              1018.666630819856
            ],
            [
              2138.388787322927,
              1013.666630819856
            ],
            [
              2128.388787322927,
              1012.666630819856
            ],
            [
              2112.388787322927,
              1006.666630819856
            ],
            [
              2098.388787322927,
              1005.666630819856
            ],
            [
              2084.388787322927,
              1000.666630819856
            ],
            [
              2071.388787322927,
              998.666630819856
            ],
            [
              2053.388787322927,
              990.666630819856
            ],
            [
              2047.3887873229269,
              984.666630819856
            ],
            [
              2033.3887873229269,
              976.666630819856
            ],
            [
              2020.3887873229269,
              961.666630819856
            ],
            [
              2019.3887873229269,
              957.666630819856
            ],
            [
              2008.3887873229269,
              950.666630819856
            ],
            [
              1996.3887873229269,
              947.666630819856
            ],
            [
              1979.3887873229269,
              948.666630819856
            ]
          ]
        ]
      },
      "properties": {
        "annotation_id": "84_Benign_7",
        "label": "Benign",
        "probabilities": null,
        "tags": []
      }
    },
    {
      "type": "Feature",
      "geometry": {
        "type": "Polygon",
        "coordinates": [
          [
            [
              1879.2222102732853,
              926.1111589068587
            ],
            [
              1859.2222102732853,
              919.1111589068587
            ],
            [
              1803.2222102732853,
              920.1111589068587
            ],
            [
              1785.2222102732853,
              923.1111589068587
            ],
            [
              1773.2222102732853,
              932.1111589068587
            ],
            [
              1768.2222102732853,
              943.1111589068587
            ],
            [
              1768.2222102732853,
              960.1111589068587
            ],
            [
              1778.2222102732853,
              971.1111589068587
            ],
            [
              1777.2222102732853,
              985.1111589068587
            ],
            [
              1769.2222102732853,
              996.1111589068587
            ],
            [
              1754.2222102732853,
              1004.1111589068587
            ],
            [
              1743.2222102732853,
              1015.1111589068587
            ],
            [
              1744.2222102732853,
              1029.1111589068587
            ],
            [
              1758.2222102732853,
              1039.1111589068587
            ],
            [
              1758.2222102732853,
              1052.1111589068587
            ],
            [
              1714.2222102732853,
              1056.1111589068587
            ],
            [
              1699.2222102732853,
              1070.1111589068587
            ],
            [
              1700.2222102732853,
              1107.1111589068587
            ],
            [
              1721.2222102732853,
              1155.1111589068587
            ],
            [
              1729.2222102732853,
              1162.1111589068587
            ],
            [
              1770.2222102732853,
              1182.1111589068587
            ],
            [
              1808.2222102732853,
              1182.1111589068587
            ],
            [
              1815.2222102732853,
              1176.1111589068587
            ],
            [
              1819.2222102732853,
              1166.1111589068587
            ],
            [
              1820.2222102732853,
              1097.1111589068587
            ],
            [
              1824.2222102732853,
              1096.1111589068587
            ],
            [
              1863.2222102732853,
              1115.1111589068587
            ],
            [
              1907.2222102732853,
              1115.1111589068587
            ],
            [
              1912.2222102732853,
              1112.1111589068587
            ],
            [
              1912.2222102732853,
              1083.1111589068587
            ],
            [
              1898.2222102732853,
              1055.1111589068587
            ],
            [
              1919.2222102732853,
              1048.1111589068587
            ],
            [
              1934.2222102732853,
              1033.1111589068587
            ],
            [
              1939.2222102732853,
              1023.1111589068587
            ],
            [
              1939.2222102732853,
              991.1111589068587
            ],
            [
              1933.2222102732853,
              969.1111589068587
            ],
            [
              1928.2222102732853,
              962.1111589068587
            ],
            [
              1900.2222102732853,
              944.1111589068587
            ],
            [
              1879.2222102732853,
              926.1111589068587
            ]
          ],
          [
            [
              1773.2222102732853,
              1090.1111589068587
            ],
            [
              1774.2222102732853,
              1091.1111589068587
            ],
            [
              1775.2222102732853,
              1091.1111589068587
            ],
            [
              1777.2222102732853,
              1093.1111589068587
            ],
            [
              1778.2222102732853,
              1093.1111589068587
            ],
            [
              1781.2222102732853,
              1096.1111589068587
            ],
            [
              1781.2222102732853,
              1098.1111589068587
            ],
            [
              1782.2222102732853,
              1099.1111589068587
            ],
            [
              1782.2222102732853,
              1102.1111589068587
            ],
            [
              1783.2222102732853,
              1103.1111589068587
            ],
            [
              1783.2222102732853,
              1105.1111589068587
            ],
            [
              1785.2222102732853,
              1107.1111589068587
            ],
            [
              1785.2222102732853,
              1118.1111589068587
            ],
            [
              1787.2222102732853,
              1121.1111589068587
            ],
            [
              1787.2222102732853,
              1129.1111589068587
            ],
            [
              1783.2222102732853,
              1133.1111589068587
            ],
            [
              1782.2222102732853,
              1133.1111589068587
            ],
            [
              1781.2222102732853,
              1134.1111589068587
            ],
            [
              1774.2222102732853,
              1130.1111589068587
            ],
            [
              1764.2222102732853,
              1130.1111589068587
            ],
            [
              1763.2222102732853,
              1131.1111589068587
            ],
            [
              1762.2222102732853,
              1131.1111589068587
            ],
            [
              1760.2222102732853,
              1133.1111589068587
            ],
            [
              1759.2222102732853,
              1133.1111589068587
            ],
            [
              1757.2222102732853,
              1135.1111589068587
            ],
            [
              1757.2222102732853,
              1136.1111589068587
            ],
            [
              1751.2222102732853,
              1142.1111589068587
            ],
            [
              1750.2222102732853,
              1142.1111589068587
            ],
            [
              1749.2222102732853,
              1143.1111589068587
            ],
            [
              1748.2222102732853,
              1142.1111589068587
            ],
            [
              1747.2222102732853,
              1142.1111589068587
            ],
            [
              1745.2222102732853,
              1140.1111589068587
            ],
            [
              1745.2222102732853,
              1137.1111589068587
            ],
            [
              1744.2222102732853,
              1136.1111589068587
            ],
            [
              1744.2222102732853,
              1133.1111589068587
            ],
            [
              1742.2222102732853,
              1131.1111589068587
            ],
            [
              1742.2222102732853,
              1128.1111589068587
            ],
            [
              1741.2222102732853,
              1127.1111589068587
            ],
            [
              1741.2222102732853,
              1125.1111589068587
            ],
            [
              1740.2222102732853,
              1124.1111589068587
            ],
            [
              1740.2222102732853,
              1122.1111589068587
            ],
            [
              1739.2222102732853,
              1121.1111589068587
            ],
            [
              1739.2222102732853,
              1120.1111589068587
            ],
            [
              1737.2222102732853,
              1118.1111589068587
            ],
            [
              1737.2222102732853,
              1117.1111589068587
            ],
            [
              1735.2222102732853,
              1115.1111589068587
            ],
            [
              1735.2222102732853,
              1112.1111589068587
            ],
            [
              1734.2222102732853,
              1111.1111589068587
            ],
            [
              1734.2222102732853,
              1108.1111589068587
            ],
            [
              1735.2222102732853,
              1107.1111589068587
            ],
            [
              1735.2222102732853,
              1106.1111589068587
            ],
            [
              1737.2222102732853,
              1104.1111589068587
            ],
            [
              1738.2222102732853,
              1104.1111589068587
            ],
            [
              1741.2222102732853,
              1101.1111589068587
            ],
            [
              1741.2222102732853,
              1100.1111589068587
            ],
            [
              1740.2222102732853,
              1099.1111589068587
            ],
            [
              1740.2222102732853,
              1097.1111589068587
            ],
            [
              1742.2222102732853,
              1095.1111589068587
            ],
            [
              1743.2222102732853,
              1095.1111589068587
            ],
            [
              1746.2222102732853,
              1093.1111589068587
            ],
            [
              1751.2222102732853,
              1093.1111589068587
            ],
            [
              1756.2222102732853,
              1090.1111589068587
            ],
            [
              1773.2222102732853,
              1090.1111589068587
            ]
          ],
          [
            [
              1770.2222102732853,
              1021.1111589068587
            ],
            [
              1775.2222102732853,
              1018.1111589068587
            ],
            [
              1778.2222102732853,
              1018.1111589068587
            ],
            [
              1782.2222102732853,
              1015.1111589068587
            ],
            [
              1788.2222102732853,
              1015.1111589068587
            ],
            [
              1793.2222102732853,
              1018.1111589068587
            ],
            [
              1796.2222102732853,
              1021.1111589068587
            ],
            [
              1796.2222102732853,
              1023.1111589068587
            ],
            [
              1800.2222102732853,
              1026.1111589068587
            ],
            [
              1800.2222102732853,
              1028.1111589068587
            ],
            [
              1805.2222102732853,
              1034.1111589068587
            ],
            [
              1808.2222102732853,
              1042.1111589068587
            ],
            [
              1816.2222102732853,
              1051.1111589068587
            ],
            [
              1823.2222102732853,
              1055.1111589068587
            ],
            [
              1827.2222102732853,
              1056.1111589068587
            ],
            [
              1829.2222102732853,
              1058.1111589068587
            ],
            [
              1836.2222102732853,
              1060.1111589068587
            ],
            [
              1840.2222102732853,
              1063.1111589068587
            ],
            [
              1842.2222102732853,
              1063.1111589068587
            ],
            [
              1843.2222102732853,
              1064.1111589068587
            ],
            [
              1850.2222102732853,
              1064.1111589068587
            ],
            [
              1851.2222102732853,
              1063.1111589068587
            ],
            [
              1855.2222102732853,
              1063.1111589068587
            ],
            [
              1858.2222102732853,
              1061.1111589068587
            ],
            [
              1864.2222102732853,
              1064.1111589068587
            ],
            [
              1870.2222102732853,
              1070.1111589068587
            ],
            [
              1871.2222102732853,
              1070.1111589068587
            ],
            [
              1875.2222102732853,
              1075.1111589068587
            ],
            [
              1875.2222102732853,
              1077.1111589068587
            ],
            [
              1872.2222102732853,
              1082.1111589068587
            ],
            [
              1872.2222102732853,
              1084.1111589068587
            ],
            [
              1867.2222102732853,
              1088.1111589068587
            ],
            [
              1865.2222102732853,
              1087.1111589068587
            ],
            [
              1859.2222102732853,
              1080.1111589068587
            ],
            [
              1856.2222102732853,
              1079.1111589068587
            ],
            [
              1854.2222102732853,
              1077.1111589068587
            ],
            [
              1852.2222102732853,
              1077.1111589068587
            ],
            [
              1851.2222102732853,
              1076.1111589068587
            ],
            [
              1839.2222102732853,
              1076.1111589068587
            ],
            [
              1835.2222102732853,
              1074.1111589068587
            ],
            [
              1831.2222102732853,
              1070.1111589068587
            ],
            [
              1831.2222102732853,
              1068.1111589068587
            ],
            [
              1824.2222102732853,
              1062.1111589068587
            ],
            [
              1809.2222102732853,
              1062.1111589068587
            ],
            [
              1802.2222102732853,
              1059.1111589068587
            ],
            [
              1798.2222102732853,
              1056.1111589068587
            ],
            [
              1791.2222102732853,
              1054.1111589068587
            ],
            [
              1780.2222102732853,
              1045.1111589068587
            ],
            [
              1780.2222102732853,
              1043.1111589068587
            ],
            [
              1777.2222102732853,
              1039.1111589068587
            ],
            [
              1775.2222102732853,
              1035.1111589068587
            ],
            [
              1775.2222102732853,
              1033.1111589068587
            ],
            [
              1770.2222102732853,
              1027.1111589068587
            ],
            [
              1770.2222102732853,
              1021.1111589068587
            ]
          ],
          [
            [
              1811.2222102732853,
              954.1111589068587
            ],
            [
              1818.2222102732853,
              948.1111589068587
            ],
            [
              1828.2222102732853,
              948.1111589068587
            ],
            [
              1835.2222102732853,
              944.1111589068587
            ],
            [
              1838.2222102732853,
              946.1111589068587
            ],
            [
              1838.2222102732853,
              948.1111589068587
            ],
            [
              1834.2222102732853,
              952.1111589068587
            ],
            [
              1832.2222102732853,
              956.1111589068587
            ],
            [
              1834.2222102732853,
              958.1111589068587
            ],
            [
              1834.2222102732853,
              960.1111589068587
            ],
            [
              1843.2222102732853,
              968.1111589068587
            ],
            [
              1875.2222102732853,
              968.1111589068587
            ],
            [
              1882.2222102732853,
              972.1111589068587
            ],
            [
              1896.2222102732853,
              974.1111589068587
            ],
            [
              1901.2222102732853,
              977.1111589068587
            ],
            [
              1909.2222102732853,
              984.1111589068587
            ],
            [
              1912.2222102732853,
              990.1111589068587
            ],
            [
              1911.2222102732853,
              1014.1111589068587
            ],
            [
              1910.2222102732853,
              1015.1111589068587
            ],
            [
              1910.2222102732853,
              1019.1111589068587
            ],
            [
              1908.2222102732853,
              1022.1111589068587
            ],
            [
              1904.2222102732853,
              1025.1111589068587
            ],
            [
              1897.2222102732853,
              1026.1111589068587
            ],
            [
              1894.2222102732853,
              1028.1111589068587
            ],
            [
              1883.2222102732853,
              1031.1111589068587
            ],
            [
              1869.2222102732853,
              1040.1111589068587
            ],
            [
              1865.2222102732853,
              1041.1111589068587
            ],
            [
              1861.2222102732853,
              1040.1111589068587
            ],
            [
              1859.2222102732853,
              1037.1111589068587
            ],
            [
              1860.2222102732853,
              1032.1111589068587
            ],
            [
              1873.2222102732853,
              1019.1111589068587
            ],
            [
              1874.2222102732853,
              1016.1111589068587
            ],
            [
              1873.2222102732853,
              1007.1111589068587
            ],
            [
              1870.2222102732853,
              1004.1111589068587
            ],
            [
              1870.2222102732853,
              1002.1111589068587
            ],
            [
              1863.2222102732853,
              995.1111589068587
            ],
            [
              1859.2222102732853,
              994.1111589068587
            ],
            [
              1847.2222102732853,
              986.1111589068587
            ],
            [
              1843.2222102732853,
              986.1111589068587
            ],
            [
              1840.2222102732853,
              988.1111589068587
            ],
            [
              1831.2222102732853,
              990.1111589068587
            ],
            [
              1821.2222102732853,
              989.1111589068587
            ],
            [
              1816.2222102732853,
              986.1111589068587
            ],
            [
              1811.2222102732853,
              979.1111589068587
            ],
            [
              1804.2222102732853,
              974.1111589068587
            ],
            [
              1804.2222102732853,
              970.1111589068587
            ],
            [
              1806.2222102732853,
              967.1111589068587
            ],
            [
              1806.2222102732853,
              964.1111589068587
            ],
            [
              1809.2222102732853,
              961.1111589068587
            ],
            [
              1811.2222102732853,
              954.1111589068587
            ]
          ]
        ]
      },
      "properties": {
        "annotation_id": "84_Benign_8",
        "label": "GP3",
        "probabilities": null,
        "tags": []
      }
    },
    {
      "type": "Feature",
      "geometry": {
        "type": "Polygon",
        "coordinates": [
          [
            [
              1980.0,
              6530.0
            ],
            [
              1947.0,
              6533.0
            ],
            [
              1904.0,
              6568.0
            ],
            [
              1890.0,
              6610.0
            ],
            [
              1876.0,
              6622.0
            ],
            [
              1752.0,
              6638.0
            ],
            [
              1611.0,
              6753.0
            ],
            [
              1609.0,
              6806.0
            ],
            [
              1568.0,
              6866.0
            ],
            [
              1564.0,
              6907.0
            ],
            [
              1617.0,
              6939.0
            ],
            [
              1646.0,
              7025.0
            ],
            [
              1595.0,
              7032.0
            ],
            [
              1542.0,
              7007.0
            ],
            [
              1492.0,
              7036.0
            ],
            [
              1480.0,
              7066.0
            ],
            [
              1490.0,
              7153.0
            ],
            [
              1468.0,
              7185.0
            ],
            [
              1468.0,
              7199.0
            ],
            [
              1496.0,
              7229.0
            ],
            [
              1517.0,
              7241.0
            ],
            [
              1549.0,
              7238.0
            ],
            [
              1555.0,
              7191.0
            ],
            [
              1570.0,
              7162.0
            ],
            [
              1647.0,
              7141.0
            ],
            [
              1684.0,
              7119.0
            ],
            [
              1760.0,
              7110.0
            ],
            [
              1774.0,
              7100.0
            ],
            [
              1798.0,
              7054.0
            ],
            [
              1820.0,
              7053.0
            ],
            [
              1876.0,
              7015.0
            ],
            [
              1897.0,
              6962.0
            ],
            [
              1881.0,
              6886.0
            ],
            [
              1837.0,
              6878.0
            ],
            [
              1797.0,
              6900.0
            ],
            [
              1777.0,
              6901.0
            ],
            [
              1772.0,
              6870.0
            ],
            [
              1810.0,
              6848.0
            ],
            [
              1827.0,
              6819.0
            ],
            [
              1757.0,
              6803.0
            ],
            [
              1756.0,
              6761.0
            ],
            [
              1769.0,
              6750.0
            ],
            [
              1827.0,
              6746.0
            ],
            [
              1936.0,
              6693.0
            ],
            [
              1975.0,
              6663.0
            ],
            [
              2020.0,
              6596.0
            ],
            [
              2020.0,
              6558.0
            ],
            [
              1980.0,
              6530.0
            ]
          ],
          [
            [
              1690.0,
              7023.0
            ],
            [
              1691.0,
              7023.0
            ],
            [
              1695.0,
              7020.0
            ],
            [
              1700.0,
              7019.0
            ],
            [
              1702.0,
              7017.0
            ],
            [
              1704.0,
              7016.0
            ],
            [
              1706.0,
              7016.0
            ],
            [
              1707.0,
              7015.0
            ],
            [
              1710.0,
              7015.0
            ],
            [
              1711.0,
              7014.0
            ],
            [
              1718.0,
              7014.0
            ],
            [
              1719.0,
              7015.0
            ],
            [
              1721.0,
              7015.0
            ],
            [
              1725.0,
              7017.0
            ],
            [
              1728.0,
              7020.0
            ],
            [
              1733.0,
              7022.0
            ],
            [
              1738.0,
              7027.0
            ],
            [
              1738.0,
              7030.0
            ],
            [
              1740.0,
              7034.0
            ],
            [
              1742.0,
              7036.0
            ],
            [
              1743.0,
              7038.0
            ],
            [
              1743.0,
              7040.0
            ],
            [
              1744.0,
              7041.0
            ],
            [
              1744.0,
              7049.0
            ],
            [
              1740.0,
              7053.0
            ],
            [
              1732.0,
              7057.0
            ],
            [
              1730.0,
              7057.0
            ],
            [
              1728.0,
              7059.0
            ],
            [
              1728.0,
              7061.0
            ],
            [
              1727.0,
              7062.0
            ],
            [
              1727.0,
              7065.0
            ],
            [
              1725.0,
              7067.0
            ],
            [
              1723.0,
              7068.0
            ],
            [
              1717.0,
              7068.0
            ],
            [
              1715.0,
              7067.0
            ],
            [
              1710.0,
              7062.0
            ],
            [
              1710.0,
              7060.0
            ],
            [
              1716.0,
              7054.0
            ],
            [
              1716.0,
              7052.0
            ],
            [
              1717.0,
              7051.0
            ],
            [
              1717.0,
              7048.0
            ],
            [
              1716.0,
              7046.0
            ],
            [
              1710.0,
              7040.0
            ],
            [
              1708.0,
              7039.0
            ],
            [
              1704.0,
              7042.0
            ],
            [
              1704.0,
              7048.0
            ],
            [
              1703.0,
              7049.0
            ],
            [
              1703.0,
              7053.0
            ],
            [
              1700.0,
              7055.0
            ],
            [
              1691.0,
              7055.0
            ],
            [
              1687.0,
              7053.0
            ],
            [
              1684.0,
              7050.0
            ],
            [
              1684.0,
              7044.0
            ],
            [
              1687.0,
              7040.0
            ],
            [
              1687.0,
              7037.0
            ],
            [
              1688.0,
              7036.0
            ],
            [
              1688.0,
              7029.0
            ],
            [
              1689.0,
              7028.0
            ],
            [
              1689.0,
              7024.0
            ],
            [
              1690.0,
              7023.0
            ]
          ],
          [
            [
              1692.0,
              6887.0
            ],
            [
              1696.0,
              6887.0
            ],
            [
              1704.0,
              6892.0
            ],
            [
              1706.0,
              6892.0
            ],
            [
              1709.0,
              6894.0
            ],
            [
              1716.0,
              6896.0
            ],
            [
              1721.0,
              6899.0
            ],
            [
              1726.0,
              6906.0
            ],
            [
              1726.0,
              6910.0
            ],
            [
              1727.0,
              6911.0
            ],
            [
              1727.0,
              6928.0
            ],
            [
              1726.0,
              6929.0
            ],
            [
              1726.0,
              6935.0
            ],
            [
              1725.0,
              6936.0
            ],
            [
              1726.0,
              6946.0
            ],
            [
              1727.0,
              6947.0
            ],
            [
              1727.0,
              6955.0
            ],
            [
              1723.0,
              6963.0
            ],
            [
              1722.0,
              6973.0
            ],
            [
              1717.0,
              6979.0
            ],
            [
              1708.0,
              6984.0
            ],
            [
              1704.0,
              6983.0
            ],
            [
              1702.0,
              6980.0
            ],
            [
              1702.0,
              6978.0
            ],
            [
              1697.0,
              6973.0
            ],
            [
              1693.0,
              6971.0
            ],
            [
              1683.0,
              6971.0
            ],
            [
              1682.0,
              6972.0
            ],
            [
              1675.0,
              6972.0
            ],
            [
              1674.0,
              6973.0
            ],
            [
              1668.0,
              6973.0
            ],
            [
              1666.0,
              6972.0
            ],
            [
              1662.0,
              6968.0
            ],
            [
              1660.0,
              6963.0
            ],
            [
              1658.0,
              6961.0
            ],
            [
              1655.0,
              6955.0
            ],
            [
              1655.0,
              6953.0
            ],
            [
              1653.0,
              6950.0
            ],
            [
              1652.0,
              6942.0
            ],
            [
              1651.0,
              6941.0
            ],
            [
              1651.0,
              6931.0
            ],
            [
              1654.0,
              6924.0
            ],
            [
              1656.0,
              6922.0
            ],
            [
              1657.0,
              6913.0
            ],
            [
              1663.0,
              6903.0
            ],
            [
              1668.0,
              6899.0
            ],
            [
              1672.0,
              6897.0
            ],
            [
              1674.0,
              6897.0
            ],
            [
              1677.0,
              6895.0
            ],
            [
              1679.0,
              6895.0
            ],
            [
              1692.0,
              6887.0
            ]
          ]
        ]
      },
      "properties": {
        "annotation_id": "84_GP3_100",
        "label": "GP3",
        "probabilities": null,
        "tags": []
      }
    },
    {
      "type": "Feature",
      "geometry": {
        "type": "Polygon",
        "coordinates": [
          [
            [
              2308.0,
              6416.0
            ],
            [
              2305.0,
              6413.0
            ],
            [
              2305.0,
              6411.0
            ],
            [
              2300.0,
              6405.0
            ],
            [
              2288.0,
              6399.0
            ],
            [
              2285.0,
              6396.0
            ],
            [
              2280.0,
              6396.0
            ],
            [
              2272.0,
              6392.0
            ],
            [
              2268.0,
              6392.0
            ],
            [
              2267.0,
              6391.0
            ],
            [
              2254.0,
              6391.0
            ],
            [
              2253.0,
              6392.0
            ],
            [
              2251.0,
              6392.0
            ],
            [
              2247.0,
              6395.0
            ],
            [
              2243.0,
              6396.0
            ],
            [
              2241.0,
              6399.0
            ],
            [
              2230.0,
              6405.0
            ],
            [
              2226.0,
              6409.0
            ],
            [
              2221.0,
              6410.0
            ],
            [
              2218.0,
              6413.0
            ],
            [
              2215.0,
              6414.0
            ],
            [
              2205.0,
              6421.0
            ],
            [
              2205.0,
              6423.0
            ],
            [
              2203.0,
              6425.0
            ],
            [
              2203.0,
              6437.0
            ],
            [
              2216.0,
              6453.0
            ],
            [
              2216.0,
              6455.0
            ],
            [
              2218.0,
              6459.0
            ],
            [
              2221.0,
              6462.0
            ],
            [
              2228.0,
              6462.0
            ],
            [
              2229.0,
              6461.0
            ],
            [
              2235.0,
              6461.0
            ],
            [
              2236.0,
              6460.0
            ],
            [
              2249.0,
              6459.0
            ],
            [
              2253.0,
              6457.0
            ],
            [
              2268.0,
              6457.0
            ],
            [
              2273.0,
              6455.0
            ],
            [
              2284.0,
              6455.0
            ],
            [
              2285.0,
              6454.0
            ],
            [
              2288.0,
              6454.0
            ],
            [
              2300.0,
              6447.0
            ],
            [
              2305.0,
              6441.0
            ],
            [
              2306.0,
              6438.0
            ],
            [
              2308.0,
              6436.0
            ],
            [
              2308.0,
              6416.0
            ]
          ]
        ]
      },
      "properties": {
        "annotation_id": "84_GP3_103",
        "label": "GP3",
        "probabilities": null,
        "tags": []
      }
    },
    {
      "type": "Feature",
      "geometry": {
        "type": "Polygon",
        "coordinates": [
          [
            [
              2702.0,
              6368.0
            ],
            [
              2690.0,
              6360.0
            ],
            [
              2663.0,
              6362.0
            ],
            [
              2495.0,
              6462.0
            ],
            [
              2426.0,
              6481.0
            ],
            [
              2335.0,
              6524.0
            ],
            [
              2211.0,
              6530.0
            ],
            [
              2183.0,
              6542.0
            ],
            [
              2017.0,
              6686.0
            ],
            [
              1957.0,
              6780.0
            ],
            [
              1912.0,
              6902.0
            ],
            [
              1912.0,
              6948.0
            ],
            [
              1921.0,
              6962.0
            ],
            [
              1940.0,
              6973.0
            ],
            [
              1983.0,
              6967.0
            ],
            [
              2014.0,
              6941.0
            ],
            [
              2049.0,
              6874.0
            ],
            [
              2081.0,
              6834.0
            ],
            [
              2072.0,
              6991.0
            ],
            [
              2082.0,
              7025.0
            ],
            [
              2100.0,
              7041.0
            ],
            [
              2202.0,
              7039.0
            ],
            [
              2263.0,
              7004.0
            ],
            [
              2283.0,
              6950.0
            ],
            [
              2353.0,
              6942.0
            ],
            [
              2424.0,
              6891.0
            ],
            [
              2488.0,
              6867.0
            ],
            [
              2513.0,
              6839.0
            ],
            [
              2511.0,
              6804.0
            ],
            [
              2495.0,
              6778.0
            ],
            [
              2600.0,
              6725.0
            ],
            [
              2595.0,
              6706.0
            ],
            [
              2518.0,
              6673.0
            ],
            [
              2505.0,
              6651.0
            ],
            [
              2501.0,
              6603.0
            ],
            [
              2523.0,
              6573.0
            ],
            [
              2570.0,
              6553.0
            ],
            [
              2614.0,
              6521.0
            ],
            [
              2657.0,
              6460.0
            ],
            [
              2708.0,
              6431.0
            ],
            [
              2710.0,
              6386.0
            ],
            [
              2702.0,
              6368.0
            ]
          ],
          [
            [
              2247.0,
              6894.0
            ],
            [
              2247.0,
              6896.0
            ],
            [
              2244.0,
              6898.0
            ],
            [
              2234.0,
              6898.0
            ],
            [
              2230.0,
              6902.0
            ],
            [
              2227.0,
              6917.0
            ],
            [
              2219.0,
              6925.0
            ],
            [
              2223.0,
              6935.0
            ],
            [
              2227.0,
              6935.0
            ],
            [
              2230.0,
              6933.0
            ],
            [
              2236.0,
              6937.0
            ],
            [
              2237.0,
              6952.0
            ],
            [
              2241.0,
              6962.0
            ],
            [
              2245.0,
              6963.0
            ],
            [
              2252.0,
              6960.0
            ],
            [
              2257.0,
              6963.0
            ],
            [
              2257.0,
              6965.0
            ],
            [
              2246.0,
              6975.0
            ],
            [
              2240.0,
              6972.0
            ],
            [
              2233.0,
              6983.0
            ],
            [
              2226.0,
              6986.0
            ],
            [
              2215.0,
              6988.0
            ],
            [
              2208.0,
              6995.0
            ],
            [
              2204.0,
              6994.0
            ],
            [
              2201.0,
              6989.0
            ],
            [
              2196.0,
              6985.0
            ],
            [
              2189.0,
              6985.0
            ],
            [
              2187.0,
              6987.0
            ],
            [
              2188.0,
              6994.0
            ],
            [
              2186.0,
              6998.0
            ],
            [
              2182.0,
              7002.0
            ],
            [
              2176.0,
              7003.0
            ],
            [
              2170.0,
              6998.0
            ],
            [
              2170.0,
              6988.0
            ],
            [
              2168.0,
              6986.0
            ],
            [
              2164.0,
              6986.0
            ],
            [
              2161.0,
              6984.0
            ],
            [
              2152.0,
              6984.0
            ],
            [
              2143.0,
              6981.0
            ],
            [
              2137.0,
              6973.0
            ],
            [
              2128.0,
              6968.0
            ],
            [
              2126.0,
              6963.0
            ],
            [
              2122.0,
              6959.0
            ],
            [
              2121.0,
              6951.0
            ],
            [
              2127.0,
              6945.0
            ],
            [
              2132.0,
              6931.0
            ],
            [
              2129.0,
              6928.0
            ],
            [
              2129.0,
              6926.0
            ],
            [
              2137.0,
              6922.0
            ],
            [
              2157.0,
              6918.0
            ],
            [
              2159.0,
              6916.0
            ],
            [
              2159.0,
              6907.0
            ],
            [
              2162.0,
              6904.0
            ],
            [
              2174.0,
              6898.0
            ],
            [
              2181.0,
              6898.0
            ],
            [
              2187.0,
              6895.0
            ],
            [
              2225.0,
              6895.0
            ],
            [
              2233.0,
              6891.0
            ],
            [
              2241.0,
              6890.0
            ],
            [
              2247.0,
              6894.0
            ]
          ],
          [
            [
              2448.0,
              6805.0
            ],
            [
              2449.0,
              6806.0
            ],
            [
              2449.0,
              6807.0
            ],
            [
              2451.0,
              6810.0
            ],
            [
              2451.0,
              6812.0
            ],
            [
              2453.0,
              6814.0
            ],
            [
              2453.0,
              6818.0
            ],
            [
              2456.0,
              6821.0
            ],
            [
              2456.0,
              6824.0
            ],
            [
              2453.0,
              6827.0
            ],
            [
              2453.0,
              6828.0
            ],
            [
              2452.0,
              6829.0
            ],
            [
              2452.0,
              6833.0
            ],
            [
              2451.0,
              6834.0
            ],
            [
              2451.0,
              6835.0
            ],
            [
              2448.0,
              6837.0
            ],
            [
              2446.0,
              6837.0
            ],
            [
              2442.0,
              6841.0
            ],
            [
              2442.0,
              6842.0
            ],
            [
              2440.0,
              6844.0
            ],
            [
              2439.0,
              6844.0
            ],
            [
              2436.0,
              6846.0
            ],
            [
              2433.0,
              6846.0
            ],
            [
              2432.0,
              6845.0
            ],
            [
              2430.0,
              6845.0
            ],
            [
              2429.0,
              6846.0
            ],
            [
              2429.0,
              6847.0
            ],
            [
              2426.0,
              6849.0
            ],
            [
              2422.0,
              6849.0
            ],
            [
              2421.0,
              6848.0
            ],
            [
              2420.0,
              6848.0
            ],
            [
              2419.0,
              6847.0
            ],
            [
              2418.0,
              6847.0
            ],
            [
              2417.0,
              6846.0
            ],
            [
              2416.0,
              6846.0
            ],
            [
              2415.0,
              6845.0
            ],
            [
              2415.0,
              6842.0
            ],
            [
              2417.0,
              6840.0
            ],
            [
              2418.0,
              6840.0
            ],
            [
              2420.0,
              6838.0
            ],
            [
              2420.0,
              6835.0
            ],
            [
              2424.0,
              6831.0
            ],
            [
              2424.0,
              6829.0
            ],
            [
              2425.0,
              6828.0
            ],
            [
              2425.0,
              6826.0
            ],
            [
              2422.0,
              6823.0
            ],
            [
              2420.0,
              6823.0
            ],
            [
              2417.0,
              6821.0
            ],
            [
              2417.0,
              6819.0
            ],
            [
              2418.0,
              6818.0
            ],
            [
              2418.0,
              6817.0
            ],
            [
              2419.0,
              6816.0
            ],
            [
              2420.0,
              6816.0
            ],
            [
              2421.0,
              6815.0
            ],
            [
              2422.0,
              6815.0
            ],
            [
              2424.0,
              6813.0
            ],
            [
              2424.0,
              6812.0
            ],
            [
              2425.0,
              6811.0
            ],
            [
              2426.0,
              6811.0
            ],
            [
              2427.0,
              6810.0
            ],
            [
              2430.0,
              6810.0
            ],
            [
              2431.0,
              6809.0
            ],
            [
              2432.0,
              6809.0
            ],
            [
              2433.0,
              6808.0
            ],
            [
              2434.0,
              6808.0
            ],
            [
              2435.0,
              6807.0
            ],
            [
              2436.0,
              6807.0
            ],
            [
              2438.0,
              6805.0
            ],
            [
              2439.0,
              6805.0
            ],
            [
              2440.0,
              6804.0
            ],
            [
              2446.0,
              6804.0
            ],
            [
              2447.0,
              6805.0
            ],
            [
              2448.0,
              6805.0
            ]
          ],
          [
            [
              2205.0,
              6578.0
            ],
            [
              2209.0,
              6582.0
            ],
            [
              2218.0,
              6587.0
            ],
            [
              2220.0,
              6590.0
            ],
            [
              2217.0,
              6598.0
            ],
            [
              2210.0,
              6604.0
            ],
            [
              2209.0,
              6617.0
            ],
            [
              2217.0,
              6622.0
            ],
            [
              2217.0,
              6630.0
            ],
            [
              2212.0,
              6645.0
            ],
            [
              2196.0,
              6661.0
            ],
            [
              2188.0,
              6663.0
            ],
            [
              2178.0,
              6670.0
            ],
            [
              2172.0,
              6678.0
            ],
            [
              2163.0,
              6683.0
            ],
            [
              2156.0,
              6691.0
            ],
            [
              2154.0,
              6692.0
            ],
            [
              2145.0,
              6691.0
            ],
            [
              2142.0,
              6693.0
            ],
            [
              2136.0,
              6692.0
            ],
            [
              2130.0,
              6682.0
            ],
            [
              2116.0,
              6672.0
            ],
            [
              2103.0,
              6657.0
            ],
            [
              2104.0,
              6650.0
            ],
            [
              2113.0,
              6643.0
            ],
            [
              2123.0,
              6632.0
            ],
            [
              2137.0,
              6620.0
            ],
            [
              2142.0,
              6619.0
            ],
            [
              2147.0,
              6621.0
            ],
            [
              2153.0,
              6621.0
            ],
            [
              2160.0,
              6617.0
            ],
            [
              2169.0,
              6608.0
            ],
            [
              2171.0,
              6600.0
            ],
            [
              2164.0,
              6595.0
            ],
            [
              2163.0,
              6593.0
            ],
            [
              2164.0,
              6589.0
            ],
            [
              2169.0,
              6584.0
            ],
            [
              2179.0,
              6580.0
            ],
            [
              2183.0,
              6576.0
            ],
            [
              2184.0,
              6572.0
            ],
            [
              2186.0,
              6571.0
            ],
            [
              2192.0,
              6572.0
            ],
            [
              2205.0,
              6578.0
            ]
          ]
        ]
      },
      "properties": {
        "annotation_id": "84_GP3_104",
        "label": "GP3",
        "probabilities": null,
        "tags": []
      }
    },
    {
      "type": "Feature",
      "geometry": {
        "type": "Polygon",
        "coordinates": [
          [
            [
              2668.0,
              6140.0
            ],
            [
              2615.0,
              6101.0
            ],
            [
              2597.0,
              6103.0
            ],
            [
              2578.0,
              6133.0
            ],
            [
              2528.0,
              6137.0
            ],
            [
              2499.0,
              6105.0
            ],
            [
              2406.0,
              6084.0
            ],
            [
              2325.0,
              6084.0
            ],
            [
              2242.0,
              6117.0
            ],
            [
              2151.0,
              6119.0
            ],
            [
              2120.0,
              6130.0
            ],
            [
              1914.0,
              6280.0
            ],
            [
              1755.0,
              6334.0
            ],
            [
              1702.0,
              6362.0
            ],
            [
              1674.0,
              6436.0
            ],
            [
              1565.0,
              6437.0
            ],
            [
              1508.0,
              6467.0
            ],
            [
              1478.0,
              6518.0
            ],
            [
              1426.0,
              6561.0
            ],
            [
              1420.0,
              6597.0
            ],
            [
              1403.0,
              6619.0
            ],
            [
              1405.0,
              6719.0
            ],
            [
              1459.0,
              6754.0
            ],
            [
              1507.0,
              6716.0
            ],
            [
              1579.0,
              6682.0
            ],
            [
              1618.0,
              6619.0
            ],
            [
              1689.0,
              6611.0
            ],
            [
              1742.0,
              6541.0
            ],
            [
              1834.0,
              6512.0
            ],
            [
              1864.0,
              6468.0
            ],
            [
              1942.0,
              6423.0
            ],
            [
              1982.0,
              6420.0
            ],
            [
              2006.0,
              6462.0
            ],
            [
              2065.0,
              6462.0
            ],
            [
              2187.0,
              6385.0
            ],
            [
              2259.0,
              6382.0
            ],
            [
              2384.0,
              6354.0
            ],
            [
              2410.0,
              6334.0
            ],
            [
              2424.0,
              6303.0
            ],
            [
              2453.0,
              6285.0
            ],
            [
              2591.0,
              6247.0
            ],
            [
              2648.0,
              6221.0
            ],
            [
              2662.0,
              6199.0
            ],
            [
              2668.0,
              6140.0
            ]
          ]
        ]
      },
      "properties": {
        "annotation_id": "84_GP3_108",
        "label": "GP3",
        "probabilities": null,
        "tags": []
      }
    },
    {
      "type": "Feature",
      "geometry": {
        "type": "Polygon",
        "coordinates": [
          [
            [
              1419.0,
              5778.0
            ],
            [
              1419.0,
              5789.0
            ],
            [
              1420.0,
              5790.0
            ],
            [
              1420.0,
              5792.0
            ],
            [
              1424.0,
              5796.0
            ],
            [
              1424.0,
              5797.0
            ],
            [
              1427.0,
              5799.0
            ],
            [
              1464.0,
              5799.0
            ],
            [
              1465.0,
              5798.0
            ],
            [
              1467.0,
              5798.0
            ],
            [
              1468.0,
              5797.0
            ],
            [
              1470.0,
              5797.0
            ],
            [
              1471.0,
              5796.0
            ],
            [
              1476.0,
              5796.0
            ],
            [
              1477.0,
              5795.0
            ],
            [
              1479.0,
              5795.0
            ],
            [
              1483.0,
              5791.0
            ],
            [
              1483.0,
              5788.0
            ],
            [
              1484.0,
              5787.0
            ],
            [
              1484.0,
              5781.0
            ],
            [
              1480.0,
              5777.0
            ],
            [
              1479.0,
              5777.0
            ],
            [
              1477.0,
              5775.0
            ],
            [
              1474.0,
              5774.0
            ],
            [
              1472.0,
              5772.0
            ],
            [
              1470.0,
              5772.0
            ],
            [
              1469.0,
              5771.0
            ],
            [
              1468.0,
              5771.0
            ],
            [
              1460.0,
              5763.0
            ],
            [
              1457.0,
              5762.0
            ],
            [
              1456.0,
              5761.0
            ],
            [
              1456.0,
              5758.0
            ],
            [
              1454.0,
              5756.0
            ],
            [
              1431.0,
              5756.0
            ],
            [
              1429.0,
              5758.0
            ],
            [
              1428.0,
              5758.0
            ],
            [
              1427.0,
              5759.0
            ],
            [
              1427.0,
              5761.0
            ],
            [
              1424.0,
              5764.0
            ],
            [
              1424.0,
              5765.0
            ],
            [
              1422.0,
              5768.0
            ],
            [
              1422.0,
              5770.0
            ],
            [
              1421.0,
              5771.0
            ],
            [
              1421.0,
              5774.0
            ],
            [
              1420.0,
              5775.0
            ],
            [
              1420.0,
              5777.0
            ],
            [
              1419.0,
              5778.0
            ]
          ]
        ]
      },
      "properties": {
        "annotation_id": "84_GP3_109",
        "label": "GP3",
        "probabilities": null,
        "tags": []
      }
    },
    {
      "type": "Feature",
      "geometry": {
        "type": "Polygon",
        "coordinates": [
          [
            [
              2684.0,
              5493.0
            ],
            [
              2682.0,
              5491.0
            ],
            [
              2681.0,
              5486.0
            ],
            [
              2678.0,
              5483.0
            ],
            [
              2677.0,
              5479.0
            ],
            [
              2675.0,
              5477.0
            ],
            [
              2670.0,
              5475.0
            ],
            [
              2645.0,
              5475.0
            ],
            [
              2644.0,
              5476.0
            ],
            [
              2635.0,
              5477.0
            ],
            [
              2632.0,
              5479.0
            ],
            [
              2630.0,
              5479.0
            ],
            [
              2626.0,
              5482.0
            ],
            [
              2624.0,
              5482.0
            ],
            [
              2620.0,
              5485.0
            ],
            [
              2618.0,
              5485.0
            ],
            [
              2605.0,
              5491.0
            ],
            [
              2602.0,
              5491.0
            ],
            [
              2601.0,
              5492.0
            ],
            [
              2595.0,
              5493.0
            ],
            [
              2592.0,
              5496.0
            ],
            [
              2588.0,
              5497.0
            ],
            [
              2583.0,
              5502.0
            ],
            [
              2583.0,
              5503.0
            ],
            [
              2577.0,
              5510.0
            ],
            [
              2577.0,
              5522.0
            ],
            [
              2583.0,
              5526.0
            ],
            [
              2591.0,
              5530.0
            ],
            [
              2594.0,
              5530.0
            ],
            [
              2595.0,
              5531.0
            ],
            [
              2611.0,
              5531.0
            ],
            [
              2612.0,
              5532.0
            ],
            [
              2627.0,
              5532.0
            ],
            [
              2628.0,
              5533.0
            ],
            [
              2645.0,
              5533.0
            ],
            [
              2648.0,
              5531.0
            ],
            [
              2656.0,
              5522.0
            ],
            [
              2662.0,
              5519.0
            ],
            [
              2665.0,
              5519.0
            ],
            [
              2668.0,
              5517.0
            ],
            [
              2673.0,
              5516.0
            ],
            [
              2679.0,
              5513.0
            ],
            [
              2681.0,
              5511.0
            ],
            [
              2684.0,
              5506.0
            ],
            [
              2684.0,
              5493.0
            ]
          ]
        ]
      },
      "properties": {
        "annotation_id": "84_GP3_110",
        "label": "GP3",
        "probabilities": null,
        "tags": []
      }
    },
    {
      "type": "Feature",
      "geometry": {
        "type": "Polygon",
        "coordinates": [
          [
            [
              1041.2188418647522,
              4929.647488478366
            ],
            [
              1044.2188418647522,
              4949.647488478366
            ],
            [
              1079.2188418647522,
              4971.647488478366
            ],
            [
              1090.2188418647522,
              4984.647488478366
            ],
            [
              1117.2188418647522,
              4995.647488478366
            ],
            [
              1173.2188418647522,
              4995.647488478366
            ],
            [
              1199.2188418647522,
              5004.647488478366
            ],
            [
              1208.2188418647522,
              5011.647488478366
            ],
            [
              1208.2188418647522,
              5020.647488478366
            ],
            [
              1197.2188418647522,
              5027.647488478366
            ],
            [
              1158.2188418647522,
              5029.647488478366
            ],
            [
              1154.2188418647522,
              5037.647488478366
            ],
            [
              1157.2188418647522,
              5058.647488478366
            ],
            [
              1171.2188418647522,
              5074.647488478366
            ],
            [
              1184.2188418647522,
              5080.647488478366
            ],
            [
              1190.2188418647522,
              5090.647488478366
            ],
            [
              1190.2188418647522,
              5105.647488478366
            ],
            [
              1185.2188418647522,
              5111.647488478366
            ],
            [
              1174.2188418647522,
              5115.647488478366
            ],
            [
              1133.2188418647522,
              5115.647488478366
            ],
            [
              1097.2188418647522,
              5122.647488478366
            ],
            [
              1078.2188418647522,
              5122.647488478366
            ],
            [
              1061.2188418647522,
              5145.647488478366
            ],
            [
              1072.2188418647522,
              5159.647488478366
            ],
            [
              1091.2188418647522,
              5163.647488478366
            ],
            [
              1128.2188418647522,
              5163.647488478366
            ],
            [
              1210.2188418647522,
              5143.647488478366
            ],
            [
              1227.2188418647522,
              5134.647488478366
            ],
            [
              1244.2188418647522,
              5118.647488478366
            ],
            [
              1294.2188418647522,
              5057.647488478366
            ],
            [
              1295.2188418647522,
              5026.647488478366
            ],
            [
              1271.2188418647522,
              4998.647488478366
            ],
            [
              1261.2188418647522,
              4977.647488478366
            ],
            [
              1246.2188418647522,
              4964.647488478366
            ],
            [
              1199.2188418647522,
              4942.647488478366
            ],
            [
              1172.2188418647522,
              4935.647488478366
            ],
            [
              1072.2188418647522,
              4920.647488478366
            ],
            [
              1051.2188418647522,
              4920.647488478366
            ],
            [
              1041.2188418647522,
              4929.647488478366
            ]
          ]
        ]
      },
      "properties": {
        "annotation_id": "84_GP3_111",
        "label": "Benign",
        "probabilities": null,
        "tags": []
      }
    },
    {
      "type": "Feature",
      "geometry": {
        "type": "Polygon",
        "coordinates": [
          [
            [
              2697.392461537077,
              4926.523391624589
            ],
            [
              2605.392461537077,
              4857.523391624589
            ],
            [
              2520.392461537077,
              4880.523391624589
            ],
            [
              2374.392461537077,
              4998.523391624589
            ],
            [
              2374.392461537077,
              5091.523391624589
            ],
            [
              2302.392461537077,
              5136.523391624589
            ],
            [
              2295.392461537077,
              5161.523391624589
            ],
            [
              2224.392461537077,
              5180.523391624589
            ],
            [
              2197.392461537077,
              5254.523391624589
            ],
            [
              2107.392461537077,
              5315.523391624589
            ],
            [
              2103.392461537077,
              5397.523391624589
            ],
            [
              2040.392461537077,
              5416.523391624589
            ],
            [
              2027.392461537077,
              5392.523391624589
            ],
            [
              1947.392461537077,
              5378.523391624589
            ],
            [
              1587.392461537077,
              5453.523391624589
            ],
            [
              1635.392461537077,
              5461.523391624589
            ],
            [
              1543.392461537077,
              5494.523391624589
            ],
            [
              1420.392461537077,
              5609.523391624589
            ],
            [
              1406.392461537077,
              5661.523391624589
            ],
            [
              1462.392461537077,
              5714.523391624589
            ],
            [
              1539.392461537077,
              5697.523391624589
            ],
            [
              1589.392461537077,
              5633.523391624589
            ],
            [
              1647.392461537077,
              5695.523391624589
            ],
            [
              1505.392461537077,
              5782.523391624589
            ],
            [
              1505.392461537077,
              5881.523391624589
            ],
            [
              1470.392461537077,
              5931.523391624589
            ],
            [
              1478.392461537077,
              6079.523391624589
            ],
            [
              1438.392461537077,
              6181.523391624589
            ],
            [
              1486.392461537077,
              6217.523391624589
            ],
            [
              1388.392461537077,
              6284.523391624589
            ],
            [
              1367.392461537077,
              6468.523391624589
            ],
            [
              1529.392461537077,
              6445.523391624589
            ],
            [
              1637.392461537077,
              6332.523391624589
            ],
            [
              1756.392461537077,
              6308.523391624589
            ],
            [
              1784.392461537077,
              6261.523391624589
            ],
            [
              1890.392461537077,
              6222.523391624589
            ],
            [
              1945.392461537077,
              6157.523391624589
            ],
            [
              2008.392461537077,
              6200.523391624589
            ],
            [
              2175.392461537077,
              6069.523391624589
            ],
            [
              2349.392461537077,
              6075.523391624589
            ],
            [
              2413.392461537077,
              6037.523391624589
            ],
            [
              2545.392461537077,
              6011.523391624589
            ],
            [
              2580.392461537077,
              5945.523391624589
            ],
            [
              2580.392461537077,
              5898.523391624589
            ],
            [
              2522.392461537077,
              5815.523391624589
            ],
            [
              2654.392461537077,
              5709.523391624589
            ],
            [
              2685.392461537077,
              5629.523391624589
            ],
            [
              2584.392461537077,
              5637.523391624589
            ],
            [
              2473.392461537077,
              5689.523391624589
            ],
            [
              2455.392461537077,
              5587.523391624589
            ],
            [
              2548.392461537077,
              5494.523391624589
            ],
            [
              2714.392461537077,
              5407.523391624589
            ],
            [
              2685.392461537077,
              5218.523391624589
            ],
            [
              2734.392461537077,
              5145.523391624589
            ],
            [
              2737.392461537077,
              5090.523391624589
            ],
            [
              2697.392461537077,
              4926.523391624589
            ]
          ],
          [
            [
              1572.392461537077,
              6242.523391624589
            ],
            [
              1582.392461537077,
              6254.523391624589
            ],
            [
              1580.392461537077,
              6270.523391624589
            ],
            [
              1574.392461537077,
              6280.523391624589
            ],
            [
              1564.392461537077,
              6285.523391624589
            ],
            [
              1558.392461537077,
              6282.523391624589
            ],
            [
              1552.392461537077,
              6283.523391624589
            ],
            [
              1542.392461537077,
              6290.523391624589
            ],
            [
              1533.392461537077,
              6287.523391624589
            ],
            [
              1529.392461537077,
              6289.523391624589
            ],
            [
              1533.392461537077,
              6300.523391624589
            ],
            [
              1542.392461537077,
              6307.523391624589
            ],
            [
              1540.392461537077,
              6315.523391624589
            ],
            [
              1541.392461537077,
              6316.523391624589
            ],
            [
              1542.392461537077,
              6313.523391624589
            ],
            [
              1545.392461537077,
              6311.523391624589
            ],
            [
              1548.392461537077,
              6313.523391624589
            ],
            [
              1547.392461537077,
              6319.523391624589
            ],
            [
              1550.392461537077,
              6326.523391624589
            ],
            [
              1550.392461537077,
              6333.523391624589
            ],
            [
              1546.392461537077,
              6339.523391624589
            ],
            [
              1548.392461537077,
              6348.523391624589
            ],
            [
              1545.392461537077,
              6350.523391624589
            ],
            [
              1540.392461537077,
              6349.523391624589
            ],
            [
              1532.392461537077,
              6358.523391624589
            ],
            [
              1525.392461537077,
              6361.523391624589
            ],
            [
              1517.392461537077,
              6369.523391624589
            ],
            [
              1512.392461537077,
              6369.523391624589
            ],
            [
              1508.392461537077,
              6367.523391624589
            ],
            [
              1505.392461537077,
              6370.523391624589
            ],
            [
              1505.392461537077,
              6374.523391624589
            ],
            [
              1502.392461537077,
              6376.523391624589
            ],
            [
              1498.392461537077,
              6374.523391624589
            ],
            [
              1492.392461537077,
              6375.523391624589
            ],
            [
              1488.392461537077,
              6373.523391624589
            ],
            [
              1476.392461537077,
              6372.523391624589
            ],
            [
              1470.392461537077,
              6364.523391624589
            ],
            [
              1465.392461537077,
              6362.523391624589
            ],
            [
              1463.392461537077,
              6351.523391624589
            ],
            [
              1466.392461537077,
              6341.523391624589
            ],
            [
              1469.392461537077,
              6338.523391624589
            ],
            [
              1472.392461537077,
              6337.523391624589
            ],
            [
              1480.392461537077,
              6328.523391624589
            ],
            [
              1489.392461537077,
              6324.523391624589
            ],
            [
              1495.392461537077,
              6324.523391624589
            ],
            [
              1497.392461537077,
              6322.523391624589
            ],
            [
              1497.392461537077,
              6319.523391624589
            ],
            [
              1501.392461537077,
              6316.523391624589
            ],
            [
              1500.392461537077,
              6310.523391624589
            ],
            [
              1493.392461537077,
              6295.523391624589
            ],
            [
              1493.392461537077,
              6284.523391624589
            ],
            [
              1498.392461537077,
              6271.523391624589
            ],
            [
              1507.392461537077,
              6259.523391624589
            ],
            [
              1510.392461537077,
              6249.523391624589
            ],
            [
              1515.392461537077,
              6245.523391624589
            ],
            [
              1517.392461537077,
              6246.523391624589
            ],
            [
              1517.392461537077,
              6256.523391624589
            ],
            [
              1520.392461537077,
              6257.523391624589
            ],
            [
              1525.392461537077,
              6252.523391624589
            ],
            [
              1523.392461537077,
              6244.523391624589
            ],
            [
              1526.392461537077,
              6242.523391624589
            ],
            [
              1542.392461537077,
              6242.523391624589
            ],
            [
              1546.392461537077,
              6245.523391624589
            ],
            [
              1547.392461537077,
              6248.523391624589
            ],
            [
              1550.392461537077,
              6248.523391624589
            ],
            [
              1556.392461537077,
              6241.523391624589
            ],
            [
              1572.392461537077,
              6242.523391624589
            ]
          ],
          [
            [
              1858.392461537077,
              6144.523391624589
            ],
            [
              1862.392461537077,
              6148.523391624589
            ],
            [
              1863.392461537077,
              6150.523391624589
            ],
            [
              1863.392461537077,
              6154.523391624589
            ],
            [
              1864.392461537077,
              6155.523391624589
            ],
            [
              1864.392461537077,
              6158.523391624589
            ],
            [
              1865.392461537077,
              6159.523391624589
            ],
            [
              1865.392461537077,
              6161.523391624589
            ],
            [
              1859.392461537077,
              6166.523391624589
            ],
            [
              1859.392461537077,
              6170.523391624589
            ],
            [
              1858.392461537077,
              6172.523391624589
            ],
            [
              1855.392461537077,
              6175.523391624589
            ],
            [
              1853.392461537077,
              6180.523391624589
            ],
            [
              1850.392461537077,
              6183.523391624589
            ],
            [
              1850.392461537077,
              6186.523391624589
            ],
            [
              1847.392461537077,
              6188.523391624589
            ],
            [
              1845.392461537077,
              6188.523391624589
            ],
            [
              1844.392461537077,
              6189.523391624589
            ],
            [
              1841.392461537077,
              6189.523391624589
            ],
            [
              1837.392461537077,
              6191.523391624589
            ],
            [
              1833.392461537077,
              6195.523391624589
            ],
            [
              1829.392461537077,
              6197.523391624589
            ],
            [
              1827.392461537077,
              6197.523391624589
            ],
            [
              1826.392461537077,
              6198.523391624589
            ],
            [
              1824.392461537077,
              6198.523391624589
            ],
            [
              1823.392461537077,
              6199.523391624589
            ],
            [
              1818.392461537077,
              6200.523391624589
            ],
            [
              1815.392461537077,
              6202.523391624589
            ],
            [
              1809.392461537077,
              6202.523391624589
            ],
            [
              1807.392461537077,
              6201.523391624589
            ],
            [
              1805.392461537077,
              6199.523391624589
            ],
            [
              1804.392461537077,
              6192.523391624589
            ],
            [
              1807.392461537077,
              6188.523391624589
            ],
            [
              1807.392461537077,
              6187.523391624589
            ],
            [
              1813.392461537077,
              6182.523391624589
            ],
            [
              1814.392461537077,
              6180.523391624589
            ],
            [
              1813.392461537077,
              6178.523391624589
            ],
            [
              1813.392461537077,
              6174.523391624589
            ],
            [
              1815.392461537077,
              6173.523391624589
            ],
            [
              1818.392461537077,
              6170.523391624589
            ],
            [
              1820.392461537077,
              6165.523391624589
            ],
            [
              1823.392461537077,
              6163.523391624589
            ],
            [
              1825.392461537077,
              6163.523391624589
            ],
            [
              1827.392461537077,
              6164.523391624589
            ],
            [
              1833.392461537077,
              6169.523391624589
            ],
            [
              1833.392461537077,
              6171.523391624589
            ],
            [
              1835.392461537077,
              6173.523391624589
            ],
            [
              1836.392461537077,
              6172.523391624589
            ],
            [
              1834.392461537077,
              6169.523391624589
            ],
            [
              1834.392461537077,
              6163.523391624589
            ],
            [
              1831.392461537077,
              6160.523391624589
            ],
            [
              1831.392461537077,
              6158.523391624589
            ],
            [
              1835.392461537077,
              6154.523391624589
            ],
            [
              1837.392461537077,
              6153.523391624589
            ],
            [
              1842.392461537077,
              6154.523391624589
            ],
            [
              1844.392461537077,
              6151.523391624589
            ],
            [
              1844.392461537077,
              6147.523391624589
            ],
            [
              1847.392461537077,
              6145.523391624589
            ],
            [
              1849.392461537077,
              6145.523391624589
            ],
            [
              1850.392461537077,
              6144.523391624589
            ],
            [
              1853.392461537077,
              6144.523391624589
            ],
            [
              1854.392461537077,
              6143.523391624589
            ],
            [
              1856.392461537077,
              6143.523391624589
            ],
            [
              1858.392461537077,
              6144.523391624589
            ]
          ],
          [
            [
              1909.392461537077,
              6091.523391624589
            ],
            [
              1910.392461537077,
              6092.523391624589
            ],
            [
              1911.392461537077,
              6092.523391624589
            ],
            [
              1912.392461537077,
              6093.523391624589
            ],
            [
              1913.392461537077,
              6093.523391624589
            ],
            [
              1922.392461537077,
              6102.523391624589
            ],
            [
              1922.392461537077,
              6106.523391624589
            ],
            [
              1920.392461537077,
              6108.523391624589
            ],
            [
              1920.392461537077,
              6116.523391624589
            ],
            [
              1919.392461537077,
              6117.523391624589
            ],
            [
              1919.392461537077,
              6118.523391624589
            ],
            [
              1916.392461537077,
              6121.523391624589
            ],
            [
              1915.392461537077,
              6121.523391624589
            ],
            [
              1914.392461537077,
              6122.523391624589
            ],
            [
              1911.392461537077,
              6122.523391624589
            ],
            [
              1910.392461537077,
              6123.523391624589
            ],
            [
              1908.392461537077,
              6123.523391624589
            ],
            [
              1907.392461537077,
              6124.523391624589
            ],
            [
              1906.392461537077,
              6124.523391624589
            ],
            [
              1905.392461537077,
              6125.523391624589
            ],
            [
              1903.392461537077,
              6125.523391624589
            ],
            [
              1902.392461537077,
              6126.523391624589
            ],
            [
              1900.392461537077,
              6126.523391624589
            ],
            [
              1899.392461537077,
              6127.523391624589
            ],
            [
              1895.392461537077,
              6127.523391624589
            ],
            [
              1894.392461537077,
              6126.523391624589
            ],
            [
              1893.392461537077,
              6126.523391624589
            ],
            [
              1892.392461537077,
              6125.523391624589
            ],
            [
              1891.392461537077,
              6125.523391624589
            ],
            [
              1888.392461537077,
              6122.523391624589
            ],
            [
              1888.392461537077,
              6121.523391624589
            ],
            [
              1886.392461537077,
              6119.523391624589
            ],
            [
              1886.392461537077,
              6117.523391624589
            ],
            [
              1885.392461537077,
              6116.523391624589
            ],
            [
              1885.392461537077,
              6115.523391624589
            ],
            [
              1884.392461537077,
              6114.523391624589
            ],
            [
              1884.392461537077,
              6108.523391624589
            ],
            [
              1885.392461537077,
              6107.523391624589
            ],
            [
              1885.392461537077,
              6106.523391624589
            ],
            [
              1886.392461537077,
              6105.523391624589
            ],
            [
              1886.392461537077,
              6104.523391624589
            ],
            [
              1887.392461537077,
              6103.523391624589
            ],
            [
              1887.392461537077,
              6101.523391624589
            ],
            [
              1889.392461537077,
              6099.523391624589
            ],
            [
              1889.392461537077,
              6098.523391624589
            ],
            [
              1892.392461537077,
              6095.523391624589
            ],
            [
              1893.392461537077,
              6095.523391624589
            ],
            [
              1894.392461537077,
              6094.523391624589
            ],
            [
              1898.392461537077,
              6094.523391624589
            ],
            [
              1899.392461537077,
              6093.523391624589
            ],
            [
              1901.392461537077,
              6093.523391624589
            ],
            [
              1902.392461537077,
              6092.523391624589
            ],
            [
              1903.392461537077,
              6092.523391624589
            ],
            [
              1904.392461537077,
              6091.523391624589
            ],
            [
              1909.392461537077,
              6091.523391624589
            ]
          ],
          [
            [
              2560.392461537077,
              5745.523391624589
            ],
            [
              2560.392461537077,
              5754.523391624589
            ],
            [
              2559.392461537077,
              5755.523391624589
            ],
            [
              2559.392461537077,
              5756.523391624589
            ],
            [
              2557.392461537077,
              5758.523391624589
            ],
            [
              2556.392461537077,
              5758.523391624589
            ],
            [
              2554.392461537077,
              5760.523391624589
            ],
            [
              2553.392461537077,
              5760.523391624589
            ],
            [
              2552.392461537077,
              5761.523391624589
            ],
            [
              2551.392461537077,
              5761.523391624589
            ],
            [
              2548.392461537077,
              5763.523391624589
            ],
            [
              2546.392461537077,
              5763.523391624589
            ],
            [
              2544.392461537077,
              5765.523391624589
            ],
            [
              2543.392461537077,
              5765.523391624589
            ],
            [
              2542.392461537077,
              5766.523391624589
            ],
            [
              2541.392461537077,
              5766.523391624589
            ],
            [
              2539.392461537077,
              5768.523391624589
            ],
            [
              2538.392461537077,
              5768.523391624589
            ],
            [
              2537.392461537077,
              5769.523391624589
            ],
            [
              2533.392461537077,
              5769.523391624589
            ],
            [
              2532.392461537077,
              5770.523391624589
            ],
            [
              2519.392461537077,
              5770.523391624589
            ],
            [
              2518.392461537077,
              5769.523391624589
            ],
            [
              2514.392461537077,
              5769.523391624589
            ],
            [
              2513.392461537077,
              5768.523391624589
            ],
            [
              2512.392461537077,
              5768.523391624589
            ],
            [
              2507.392461537077,
              5763.523391624589
            ],
            [
              2507.392461537077,
              5756.523391624589
            ],
            [
              2508.392461537077,
              5755.523391624589
            ],
            [
              2508.392461537077,
              5753.523391624589
            ],
            [
              2512.392461537077,
              5749.523391624589
            ],
            [
              2513.392461537077,
              5749.523391624589
            ],
            [
              2514.392461537077,
              5748.523391624589
            ],
            [
              2515.392461537077,
              5748.523391624589
            ],
            [
              2516.392461537077,
              5747.523391624589
            ],
            [
              2517.392461537077,
              5747.523391624589
            ],
            [
              2518.392461537077,
              5746.523391624589
            ],
            [
              2519.392461537077,
              5746.523391624589
            ],
            [
              2522.392461537077,
              5743.523391624589
            ],
            [
              2523.392461537077,
              5743.523391624589
            ],
            [
              2524.392461537077,
              5742.523391624589
            ],
            [
              2525.392461537077,
              5742.523391624589
            ],
            [
              2527.392461537077,
              5740.523391624589
            ],
            [
              2528.392461537077,
              5740.523391624589
            ],
            [
              2529.392461537077,
              5739.523391624589
            ],
            [
              2530.392461537077,
              5739.523391624589
            ],
            [
              2533.392461537077,
              5737.523391624589
            ],
            [
              2543.392461537077,
              5737.523391624589
            ],
            [
              2544.392461537077,
              5738.523391624589
            ],
            [
              2548.392461537077,
              5738.523391624589
            ],
            [
              2549.392461537077,
              5739.523391624589
            ],
            [
              2550.392461537077,
              5739.523391624589
            ],
            [
              2551.392461537077,
              5740.523391624589
            ],
            [
              2552.392461537077,
              5740.523391624589
            ],
            [
              2553.392461537077,
              5741.523391624589
            ],
            [
              2554.392461537077,
              5741.523391624589
            ],
            [
              2555.392461537077,
              5742.523391624589
            ],
            [
              2556.392461537077,
              5742.523391624589
            ],
            [
              2557.392461537077,
              5743.523391624589
            ],
            [
              2558.392461537077,
              5743.523391624589
            ],
            [
              2560.392461537077,
              5745.523391624589
            ]
          ],
          [
            [
              2037.392461537077,
              5682.523391624589
            ],
            [
              2038.392461537077,
              5682.523391624589
            ],
            [
              2043.392461537077,
              5685.523391624589
            ],
            [
              2043.392461537077,
              5689.523391624589
            ],
            [
              2044.392461537077,
              5690.523391624589
            ],
            [
              2048.392461537077,
              5690.523391624589
            ],
            [
              2051.392461537077,
              5688.523391624589
            ],
            [
              2053.392461537077,
              5688.523391624589
            ],
            [
              2054.392461537077,
              5689.523391624589
            ],
            [
              2057.392461537077,
              5690.523391624589
            ],
            [
              2059.392461537077,
              5692.523391624589
            ],
            [
              2059.392461537077,
              5695.523391624589
            ],
            [
              2060.392461537077,
              5696.523391624589
            ],
            [
              2060.392461537077,
              5702.523391624589
            ],
            [
              2061.392461537077,
              5703.523391624589
            ],
            [
              2061.392461537077,
              5709.523391624589
            ],
            [
              2062.392461537077,
              5710.523391624589
            ],
            [
              2062.392461537077,
              5711.523391624589
            ],
            [
              2063.392461537077,
              5712.523391624589
            ],
            [
              2063.392461537077,
              5714.523391624589
            ],
            [
              2064.392461537077,
              5715.523391624589
            ],
            [
              2064.392461537077,
              5717.523391624589
            ],
            [
              2061.392461537077,
              5722.523391624589
            ],
            [
              2061.392461537077,
              5727.523391624589
            ],
            [
              2063.392461537077,
              5729.523391624589
            ],
            [
              2063.392461537077,
              5730.523391624589
            ],
            [
              2064.392461537077,
              5731.523391624589
            ],
            [
              2064.392461537077,
              5735.523391624589
            ],
            [
              2058.392461537077,
              5741.523391624589
            ],
            [
              2053.392461537077,
              5743.523391624589
            ],
            [
              2051.392461537077,
              5745.523391624589
            ],
            [
              2050.392461537077,
              5745.523391624589
            ],
            [
              2047.392461537077,
              5748.523391624589
            ],
            [
              2046.392461537077,
              5748.523391624589
            ],
            [
              2043.392461537077,
              5750.523391624589
            ],
            [
              2040.392461537077,
              5750.523391624589
            ],
            [
              2039.392461537077,
              5749.523391624589
            ],
            [
              2038.392461537077,
              5749.523391624589
            ],
            [
              2033.392461537077,
              5744.523391624589
            ],
            [
              2033.392461537077,
              5739.523391624589
            ],
            [
              2035.392461537077,
              5737.523391624589
            ],
            [
              2035.392461537077,
              5736.523391624589
            ],
            [
              2036.392461537077,
              5735.523391624589
            ],
            [
              2036.392461537077,
              5725.523391624589
            ],
            [
              2037.392461537077,
              5724.523391624589
            ],
            [
              2037.392461537077,
              5721.523391624589
            ],
            [
              2038.392461537077,
              5720.523391624589
            ],
            [
              2038.392461537077,
              5714.523391624589
            ],
            [
              2037.392461537077,
              5713.523391624589
            ],
            [
              2036.392461537077,
              5710.523391624589
            ],
            [
              2033.392461537077,
              5707.523391624589
            ],
            [
              2033.392461537077,
              5706.523391624589
            ],
            [
              2031.392461537077,
              5703.523391624589
            ],
            [
              2031.392461537077,
              5700.523391624589
            ],
            [
              2030.392461537077,
              5699.523391624589
            ],
            [
              2030.392461537077,
              5692.523391624589
            ],
            [
              2031.392461537077,
              5691.523391624589
            ],
            [
              2031.392461537077,
              5689.523391624589
            ],
            [
              2032.392461537077,
              5688.523391624589
            ],
            [
              2033.392461537077,
              5685.523391624589
            ],
            [
              2035.392461537077,
              5683.523391624589
            ],
            [
              2036.392461537077,
              5683.523391624589
            ],
            [
              2037.392461537077,
              5682.523391624589
            ]
          ],
          [
            [
              1915.392461537077,
              5620.523391624589
            ],
            [
              1916.392461537077,
              5621.523391624589
            ],
            [
              1916.392461537077,
              5623.523391624589
            ],
            [
              1913.392461537077,
              5626.523391624589
            ],
            [
              1913.392461537077,
              5628.523391624589
            ],
            [
              1916.392461537077,
              5631.523391624589
            ],
            [
              1919.392461537077,
              5631.523391624589
            ],
            [
              1922.392461537077,
              5633.523391624589
            ],
            [
              1922.392461537077,
              5642.523391624589
            ],
            [
              1921.392461537077,
              5643.523391624589
            ],
            [
              1921.392461537077,
              5646.523391624589
            ],
            [
              1920.392461537077,
              5647.523391624589
            ],
            [
              1920.392461537077,
              5649.523391624589
            ],
            [
              1918.392461537077,
              5653.523391624589
            ],
            [
              1914.392461537077,
              5657.523391624589
            ],
            [
              1912.392461537077,
              5661.523391624589
            ],
            [
              1912.392461537077,
              5663.523391624589
            ],
            [
              1905.392461537077,
              5670.523391624589
            ],
            [
              1904.392461537077,
              5670.523391624589
            ],
            [
              1902.392461537077,
              5672.523391624589
            ],
            [
              1901.392461537077,
              5672.523391624589
            ],
            [
              1899.392461537077,
              5674.523391624589
            ],
            [
              1895.392461537077,
              5676.523391624589
            ],
            [
              1892.392461537077,
              5679.523391624589
            ],
            [
              1889.392461537077,
              5680.523391624589
            ],
            [
              1884.392461537077,
              5685.523391624589
            ],
            [
              1882.392461537077,
              5686.523391624589
            ],
            [
              1880.392461537077,
              5686.523391624589
            ],
            [
              1879.392461537077,
              5687.523391624589
            ],
            [
              1873.392461537077,
              5687.523391624589
            ],
            [
              1872.392461537077,
              5686.523391624589
            ],
            [
              1859.392461537077,
              5686.523391624589
            ],
            [
              1856.392461537077,
              5684.523391624589
            ],
            [
              1856.392461537077,
              5682.523391624589
            ],
            [
              1862.392461537077,
              5676.523391624589
            ],
            [
              1862.392461537077,
              5674.523391624589
            ],
            [
              1860.392461537077,
              5672.523391624589
            ],
            [
              1860.392461537077,
              5671.523391624589
            ],
            [
              1857.392461537077,
              5669.523391624589
            ],
            [
              1857.392461537077,
              5666.523391624589
            ],
            [
              1859.392461537077,
              5664.523391624589
            ],
            [
              1858.392461537077,
              5662.523391624589
            ],
            [
              1858.392461537077,
              5657.523391624589
            ],
            [
              1859.392461537077,
              5656.523391624589
            ],
            [
              1859.392461537077,
              5653.523391624589
            ],
            [
              1860.392461537077,
              5652.523391624589
            ],
            [
              1860.392461537077,
              5643.523391624589
            ],
            [
              1862.392461537077,
              5641.523391624589
            ],
            [
              1862.392461537077,
              5639.523391624589
            ],
            [
              1864.392461537077,
              5637.523391624589
            ],
            [
              1867.392461537077,
              5636.523391624589
            ],
            [
              1871.392461537077,
              5632.523391624589
            ],
            [
              1873.392461537077,
              5628.523391624589
            ],
            [
              1878.392461537077,
              5626.523391624589
            ],
            [
              1882.392461537077,
              5622.523391624589
            ],
            [
              1884.392461537077,
              5621.523391624589
            ],
            [
              1886.392461537077,
              5621.523391624589
            ],
            [
              1887.392461537077,
              5620.523391624589
            ],
            [
              1890.392461537077,
              5620.523391624589
            ],
            [
              1892.392461537077,
              5618.523391624589
            ],
            [
              1896.392461537077,
              5616.523391624589
            ],
            [
              1899.392461537077,
              5616.523391624589
            ],
            [
              1900.392461537077,
              5617.523391624589
            ],
            [
              1906.392461537077,
              5617.523391624589
            ],
            [
              1907.392461537077,
              5618.523391624589
            ],
            [
              1911.392461537077,
              5618.523391624589
            ],
            [
              1915.392461537077,
              5620.523391624589
            ]
          ],
          [
            [
              2405.392461537077,
              5621.523391624589
            ],
            [
              2405.392461537077,
              5627.523391624589
            ],
            [
              2409.392461537077,
              5633.523391624589
            ],
            [
              2408.392461537077,
              5641.523391624589
            ],
            [
              2397.392461537077,
              5650.523391624589
            ],
            [
              2395.392461537077,
              5659.523391624589
            ],
            [
              2388.392461537077,
              5669.523391624589
            ],
            [
              2389.392461537077,
              5672.523391624589
            ],
            [
              2381.392461537077,
              5679.523391624589
            ],
            [
              2371.392461537077,
              5685.523391624589
            ],
            [
              2343.392461537077,
              5686.523391624589
            ],
            [
              2328.392461537077,
              5678.523391624589
            ],
            [
              2306.392461537077,
              5679.523391624589
            ],
            [
              2301.392461537077,
              5676.523391624589
            ],
            [
              2295.392461537077,
              5682.523391624589
            ],
            [
              2297.392461537077,
              5690.523391624589
            ],
            [
              2296.392461537077,
              5700.523391624589
            ],
            [
              2291.392461537077,
              5709.523391624589
            ],
            [
              2290.392461537077,
              5719.523391624589
            ],
            [
              2280.392461537077,
              5743.523391624589
            ],
            [
              2272.392461537077,
              5750.523391624589
            ],
            [
              2262.392461537077,
              5750.523391624589
            ],
            [
              2255.392461537077,
              5745.523391624589
            ],
            [
              2251.392461537077,
              5735.523391624589
            ],
            [
              2245.392461537077,
              5729.523391624589
            ],
            [
              2242.392461537077,
              5723.523391624589
            ],
            [
              2242.392461537077,
              5714.523391624589
            ],
            [
              2252.392461537077,
              5690.523391624589
            ],
            [
              2271.392461537077,
              5674.523391624589
            ],
            [
              2274.392461537077,
              5668.523391624589
            ],
            [
              2275.392461537077,
              5660.523391624589
            ],
            [
              2282.392461537077,
              5652.523391624589
            ],
            [
              2281.392461537077,
              5647.523391624589
            ],
            [
              2276.392461537077,
              5641.523391624589
            ],
            [
              2276.392461537077,
              5635.523391624589
            ],
            [
              2285.392461537077,
              5629.523391624589
            ],
            [
              2295.392461537077,
              5628.523391624589
            ],
            [
              2317.392461537077,
              5620.523391624589
            ],
            [
              2329.392461537077,
              5621.523391624589
            ],
            [
              2334.392461537077,
              5624.523391624589
            ],
            [
              2338.392461537077,
              5634.523391624589
            ],
            [
              2343.392461537077,
              5638.523391624589
            ],
            [
              2358.392461537077,
              5639.523391624589
            ],
            [
              2362.392461537077,
              5636.523391624589
            ],
            [
              2366.392461537077,
              5625.523391624589
            ],
            [
              2371.392461537077,
              5620.523391624589
            ],
            [
              2382.392461537077,
              5614.523391624589
            ],
            [
              2399.392461537077,
              5616.523391624589
            ],
            [
              2405.392461537077,
              5621.523391624589
            ]
          ],
          [
            [
              2141.392461537077,
              5557.523391624589
            ],
            [
              2144.392461537077,
              5561.523391624589
            ],
            [
              2144.392461537077,
              5565.523391624589
            ],
            [
              2142.392461537077,
              5567.523391624589
            ],
            [
              2142.392461537077,
              5572.523391624589
            ],
            [
              2136.392461537077,
              5579.523391624589
            ],
            [
              2127.392461537077,
              5584.523391624589
            ],
            [
              2123.392461537077,
              5584.523391624589
            ],
            [
              2117.392461537077,
              5579.523391624589
            ],
            [
              2115.392461537077,
              5581.523391624589
            ],
            [
              2116.392461537077,
              5586.523391624589
            ],
            [
              2115.392461537077,
              5590.523391624589
            ],
            [
              2111.392461537077,
              5592.523391624589
            ],
            [
              2106.392461537077,
              5592.523391624589
            ],
            [
              2102.392461537077,
              5590.523391624589
            ],
            [
              2090.392461537077,
              5606.523391624589
            ],
            [
              2082.392461537077,
              5607.523391624589
            ],
            [
              2079.392461537077,
              5610.523391624589
            ],
            [
              2079.392461537077,
              5612.523391624589
            ],
            [
              2084.392461537077,
              5615.523391624589
            ],
            [
              2092.392461537077,
              5623.523391624589
            ],
            [
              2100.392461537077,
              5626.523391624589
            ],
            [
              2110.392461537077,
              5632.523391624589
            ],
            [
              2111.392461537077,
              5634.523391624589
            ],
            [
              2110.392461537077,
              5637.523391624589
            ],
            [
              2108.392461537077,
              5638.523391624589
            ],
            [
              2105.392461537077,
              5636.523391624589
            ],
            [
              2100.392461537077,
              5636.523391624589
            ],
            [
              2098.392461537077,
              5638.523391624589
            ],
            [
              2104.392461537077,
              5644.523391624589
            ],
            [
              2103.392461537077,
              5649.523391624589
            ],
            [
              2093.392461537077,
              5656.523391624589
            ],
            [
              2088.392461537077,
              5658.523391624589
            ],
            [
              2080.392461537077,
              5658.523391624589
            ],
            [
              2074.392461537077,
              5654.523391624589
            ],
            [
              2064.392461537077,
              5655.523391624589
            ],
            [
              2060.392461537077,
              5653.523391624589
            ],
            [
              2056.392461537077,
              5649.523391624589
            ],
            [
              2055.392461537077,
              5642.523391624589
            ],
            [
              2064.392461537077,
              5631.523391624589
            ],
            [
              2064.392461537077,
              5629.523391624589
            ],
            [
              2051.392461537077,
              5624.523391624589
            ],
            [
              2044.392461537077,
              5614.523391624589
            ],
            [
              2045.392461537077,
              5608.523391624589
            ],
            [
              2050.392461537077,
              5603.523391624589
            ],
            [
              2050.392461537077,
              5599.523391624589
            ],
            [
              2057.392461537077,
              5588.523391624589
            ],
            [
              2062.392461537077,
              5585.523391624589
            ],
            [
              2071.392461537077,
              5576.523391624589
            ],
            [
              2085.392461537077,
              5573.523391624589
            ],
            [
              2095.392461537077,
              5566.523391624589
            ],
            [
              2102.392461537077,
              5563.523391624589
            ],
            [
              2113.392461537077,
              5553.523391624589
            ],
            [
              2120.392461537077,
              5555.523391624589
            ],
            [
              2134.392461537077,
              5554.523391624589
            ],
            [
              2141.392461537077,
              5557.523391624589
            ]
          ],
          [
            [
              2452.392461537077,
              5492.523391624589
            ],
            [
              2453.392461537077,
              5493.523391624589
            ],
            [
              2453.392461537077,
              5494.523391624589
            ],
            [
              2455.392461537077,
              5496.523391624589
            ],
            [
              2455.392461537077,
              5497.523391624589
            ],
            [
              2457.392461537077,
              5500.523391624589
            ],
            [
              2457.392461537077,
              5506.523391624589
            ],
            [
              2456.392461537077,
              5507.523391624589
            ],
            [
              2456.392461537077,
              5509.523391624589
            ],
            [
              2455.392461537077,
              5510.523391624589
            ],
            [
              2455.392461537077,
              5511.523391624589
            ],
            [
              2448.392461537077,
              5518.523391624589
            ],
            [
              2447.392461537077,
              5518.523391624589
            ],
            [
              2445.392461537077,
              5520.523391624589
            ],
            [
              2444.392461537077,
              5520.523391624589
            ],
            [
              2443.392461537077,
              5521.523391624589
            ],
            [
              2442.392461537077,
              5521.523391624589
            ],
            [
              2439.392461537077,
              5523.523391624589
            ],
            [
              2437.392461537077,
              5523.523391624589
            ],
            [
              2436.392461537077,
              5524.523391624589
            ],
            [
              2433.392461537077,
              5524.523391624589
            ],
            [
              2432.392461537077,
              5525.523391624589
            ],
            [
              2428.392461537077,
              5525.523391624589
            ],
            [
              2427.392461537077,
              5526.523391624589
            ],
            [
              2426.392461537077,
              5525.523391624589
            ],
            [
              2423.392461537077,
              5525.523391624589
            ],
            [
              2422.392461537077,
              5524.523391624589
            ],
            [
              2420.392461537077,
              5524.523391624589
            ],
            [
              2419.392461537077,
              5523.523391624589
            ],
            [
              2417.392461537077,
              5523.523391624589
            ],
            [
              2416.392461537077,
              5522.523391624589
            ],
            [
              2415.392461537077,
              5522.523391624589
            ],
            [
              2414.392461537077,
              5521.523391624589
            ],
            [
              2413.392461537077,
              5521.523391624589
            ],
            [
              2408.392461537077,
              5516.523391624589
            ],
            [
              2408.392461537077,
              5515.523391624589
            ],
            [
              2407.392461537077,
              5514.523391624589
            ],
            [
              2407.392461537077,
              5508.523391624589
            ],
            [
              2408.392461537077,
              5507.523391624589
            ],
            [
              2408.392461537077,
              5506.523391624589
            ],
            [
              2409.392461537077,
              5505.523391624589
            ],
            [
              2409.392461537077,
              5504.523391624589
            ],
            [
              2410.392461537077,
              5503.523391624589
            ],
            [
              2410.392461537077,
              5502.523391624589
            ],
            [
              2411.392461537077,
              5501.523391624589
            ],
            [
              2411.392461537077,
              5500.523391624589
            ],
            [
              2413.392461537077,
              5498.523391624589
            ],
            [
              2413.392461537077,
              5497.523391624589
            ],
            [
              2415.392461537077,
              5495.523391624589
            ],
            [
              2415.392461537077,
              5494.523391624589
            ],
            [
              2418.392461537077,
              5491.523391624589
            ],
            [
              2419.392461537077,
              5491.523391624589
            ],
            [
              2420.392461537077,
              5490.523391624589
            ],
            [
              2421.392461537077,
              5490.523391624589
            ],
            [
              2424.392461537077,
              5488.523391624589
            ],
            [
              2426.392461537077,
              5488.523391624589
            ],
            [
              2427.392461537077,
              5487.523391624589
            ],
            [
              2443.392461537077,
              5487.523391624589
            ],
            [
              2444.392461537077,
              5488.523391624589
            ],
            [
              2445.392461537077,
              5488.523391624589
            ],
            [
              2446.392461537077,
              5489.523391624589
            ],
            [
              2447.392461537077,
              5489.523391624589
            ],
            [
              2449.392461537077,
              5491.523391624589
            ],
            [
              2450.392461537077,
              5491.523391624589
            ],
            [
              2451.392461537077,
              5492.523391624589
            ],
            [
              2452.392461537077,
              5492.523391624589
            ]
          ],
          [
            [
              2131.392461537077,
              5352.523391624589
            ],
            [
              2132.392461537077,
              5351.523391624589
            ],
            [
              2132.392461537077,
              5350.523391624589
            ],
            [
              2134.392461537077,
              5348.523391624589
            ],
            [
              2134.392461537077,
              5347.523391624589
            ],
            [
              2139.392461537077,
              5342.523391624589
            ],
            [
              2140.392461537077,
              5342.523391624589
            ],
            [
              2143.392461537077,
              5340.523391624589
            ],
            [
              2151.392461537077,
              5340.523391624589
            ],
            [
              2152.392461537077,
              5341.523391624589
            ],
            [
              2156.392461537077,
              5341.523391624589
            ],
            [
              2157.392461537077,
              5342.523391624589
            ],
            [
              2158.392461537077,
              5342.523391624589
            ],
            [
              2160.392461537077,
              5344.523391624589
            ],
            [
              2163.392461537077,
              5344.523391624589
            ],
            [
              2164.392461537077,
              5345.523391624589
            ],
            [
              2173.392461537077,
              5345.523391624589
            ],
            [
              2174.392461537077,
              5346.523391624589
            ],
            [
              2180.392461537077,
              5346.523391624589
            ],
            [
              2181.392461537077,
              5347.523391624589
            ],
            [
              2182.392461537077,
              5347.523391624589
            ],
            [
              2188.392461537077,
              5353.523391624589
            ],
            [
              2188.392461537077,
              5359.523391624589
            ],
            [
              2187.392461537077,
              5360.523391624589
            ],
            [
              2186.392461537077,
              5360.523391624589
            ],
            [
              2183.392461537077,
              5362.523391624589
            ],
            [
              2181.392461537077,
              5362.523391624589
            ],
            [
              2180.392461537077,
              5361.523391624589
            ],
            [
              2174.392461537077,
              5361.523391624589
            ],
            [
              2173.392461537077,
              5362.523391624589
            ],
            [
              2172.392461537077,
              5362.523391624589
            ],
            [
              2171.392461537077,
              5363.523391624589
            ],
            [
              2170.392461537077,
              5363.523391624589
            ],
            [
              2164.392461537077,
              5369.523391624589
            ],
            [
              2163.392461537077,
              5369.523391624589
            ],
            [
              2162.392461537077,
              5370.523391624589
            ],
            [
              2156.392461537077,
              5370.523391624589
            ],
            [
              2155.392461537077,
              5369.523391624589
            ],
            [
              2153.392461537077,
              5369.523391624589
            ],
            [
              2150.392461537077,
              5367.523391624589
            ],
            [
              2147.392461537077,
              5367.523391624589
            ],
            [
              2146.392461537077,
              5366.523391624589
            ],
            [
              2143.392461537077,
              5366.523391624589
            ],
            [
              2142.392461537077,
              5365.523391624589
            ],
            [
              2141.392461537077,
              5365.523391624589
            ],
            [
              2140.392461537077,
              5364.523391624589
            ],
            [
              2139.392461537077,
              5364.523391624589
            ],
            [
              2138.392461537077,
              5363.523391624589
            ],
            [
              2137.392461537077,
              5363.523391624589
            ],
            [
              2136.392461537077,
              5362.523391624589
            ],
            [
              2135.392461537077,
              5362.523391624589
            ],
            [
              2134.392461537077,
              5361.523391624589
            ],
            [
              2133.392461537077,
              5361.523391624589
            ],
            [
              2131.392461537077,
              5358.523391624589
            ],
            [
              2131.392461537077,
              5352.523391624589
            ]
          ],
          [
            [
              2551.392461537077,
              5287.523391624589
            ],
            [
              2554.392461537077,
              5292.523391624589
            ],
            [
              2553.392461537077,
              5297.523391624589
            ],
            [
              2546.392461537077,
              5303.523391624589
            ],
            [
              2541.392461537077,
              5309.523391624589
            ],
            [
              2536.392461537077,
              5311.523391624589
            ],
            [
              2532.392461537077,
              5315.523391624589
            ],
            [
              2526.392461537077,
              5318.523391624589
            ],
            [
              2519.392461537077,
              5319.523391624589
            ],
            [
              2515.392461537077,
              5323.523391624589
            ],
            [
              2515.392461537077,
              5326.523391624589
            ],
            [
              2523.392461537077,
              5333.523391624589
            ],
            [
              2525.392461537077,
              5340.523391624589
            ],
            [
              2527.392461537077,
              5342.523391624589
            ],
            [
              2530.392461537077,
              5342.523391624589
            ],
            [
              2536.392461537077,
              5345.523391624589
            ],
            [
              2536.392461537077,
              5353.523391624589
            ],
            [
              2529.392461537077,
              5362.523391624589
            ],
            [
              2523.392461537077,
              5365.523391624589
            ],
            [
              2512.392461537077,
              5366.523391624589
            ],
            [
              2511.392461537077,
              5367.523391624589
            ],
            [
              2504.392461537077,
              5368.523391624589
            ],
            [
              2498.392461537077,
              5365.523391624589
            ],
            [
              2486.392461537077,
              5363.523391624589
            ],
            [
              2478.392461537077,
              5359.523391624589
            ],
            [
              2469.392461537077,
              5358.523391624589
            ],
            [
              2460.392461537077,
              5353.523391624589
            ],
            [
              2459.392461537077,
              5346.523391624589
            ],
            [
              2458.392461537077,
              5345.523391624589
            ],
            [
              2458.392461537077,
              5338.523391624589
            ],
            [
              2460.392461537077,
              5332.523391624589
            ],
            [
              2459.392461537077,
              5317.523391624589
            ],
            [
              2460.392461537077,
              5316.523391624589
            ],
            [
              2461.392461537077,
              5308.523391624589
            ],
            [
              2464.392461537077,
              5304.523391624589
            ],
            [
              2470.392461537077,
              5299.523391624589
            ],
            [
              2474.392461537077,
              5298.523391624589
            ],
            [
              2477.392461537077,
              5295.523391624589
            ],
            [
              2486.392461537077,
              5290.523391624589
            ],
            [
              2492.392461537077,
              5289.523391624589
            ],
            [
              2500.392461537077,
              5285.523391624589
            ],
            [
              2505.392461537077,
              5285.523391624589
            ],
            [
              2508.392461537077,
              5287.523391624589
            ],
            [
              2512.392461537077,
              5287.523391624589
            ],
            [
              2515.392461537077,
              5285.523391624589
            ],
            [
              2529.392461537077,
              5280.523391624589
            ],
            [
              2539.392461537077,
              5280.523391624589
            ],
            [
              2546.392461537077,
              5283.523391624589
            ],
            [
              2551.392461537077,
              5287.523391624589
            ]
          ]
        ]
      },
      "properties": {
        "annotation_id": "84_GP3_112",
        "label": "GP3",
        "probabilities": null,
        "tags": []
      }
    },
    {
      "type": "Feature",
      "geometry": {
        "type": "Polygon",
        "coordinates": [
          [
            [
              3305.0,
              15425.0
            ],
            [
              3305.0,
              15429.0
            ],
            [
              3300.0,
              15434.0
            ],
            [
              3299.0,
              15441.0
            ],
            [
              3297.0,
              15443.0
            ],
            [
              3297.0,
              15458.0
            ],
            [
              3299.0,
              15460.0
            ],
            [
              3299.0,
              15462.0
            ],
            [
              3301.0,
              15465.0
            ],
            [
              3313.0,
              15476.0
            ],
            [
              3321.0,
              15486.0
            ],
            [
              3321.0,
              15489.0
            ],
            [
              3334.0,
              15501.0
            ],
            [
              3337.0,
              15502.0
            ],
            [
              3350.0,
              15503.0
            ],
            [
              3351.0,
              15504.0
            ],
            [
              3370.0,
              15506.0
            ],
            [
              3371.0,
              15507.0
            ],
            [
              3383.0,
              15508.0
            ],
            [
              3384.0,
              15509.0
            ],
            [
              3393.0,
              15509.0
            ],
            [
              3396.0,
              15506.0
            ],
            [
              3396.0,
              15503.0
            ],
            [
              3400.0,
              15499.0
            ],
            [
              3400.0,
              15490.0
            ],
            [
              3401.0,
              15489.0
            ],
            [
              3401.0,
              15442.0
            ],
            [
              3399.0,
              15439.0
            ],
            [
              3399.0,
              15437.0
            ],
            [
              3396.0,
              15434.0
            ],
            [
              3396.0,
              15432.0
            ],
            [
              3391.0,
              15427.0
            ],
            [
              3387.0,
              15426.0
            ],
            [
              3383.0,
              15422.0
            ],
            [
              3381.0,
              15422.0
            ],
            [
              3375.0,
              15418.0
            ],
            [
              3360.0,
              15418.0
            ],
            [
              3359.0,
              15417.0
            ],
            [
              3314.0,
              15417.0
            ],
            [
              3305.0,
              15425.0
            ]
          ]
        ]
      },
      "properties": {
        "annotation_id": "84_GP3_12",
        "label": "GP3",
        "probabilities": null,
        "tags": []
      }
    },
    {
      "type": "Feature",
      "geometry": {
        "type": "Polygon",
        "coordinates": [
          [
            [
              2279.0,
              4843.0
            ],
            [
              2278.0,
              4845.0
            ],
            [
              2274.0,
              4848.0
            ],
            [
              2274.0,
              4850.0
            ],
            [
              2272.0,
              4852.0
            ],
            [
              2272.0,
              4855.0
            ],
            [
              2270.0,
              4857.0
            ],
            [
              2269.0,
              4862.0
            ],
            [
              2265.0,
              4867.0
            ],
            [
              2264.0,
              4871.0
            ],
            [
              2262.0,
              4873.0
            ],
            [
              2262.0,
              4887.0
            ],
            [
              2265.0,
              4890.0
            ],
            [
              2265.0,
              4894.0
            ],
            [
              2269.0,
              4899.0
            ],
            [
              2270.0,
              4903.0
            ],
            [
              2273.0,
              4905.0
            ],
            [
              2279.0,
              4912.0
            ],
            [
              2289.0,
              4919.0
            ],
            [
              2300.0,
              4929.0
            ],
            [
              2324.0,
              4929.0
            ],
            [
              2326.0,
              4927.0
            ],
            [
              2330.0,
              4926.0
            ],
            [
              2331.0,
              4924.0
            ],
            [
              2335.0,
              4921.0
            ],
            [
              2335.0,
              4918.0
            ],
            [
              2337.0,
              4913.0
            ],
            [
              2337.0,
              4900.0
            ],
            [
              2341.0,
              4897.0
            ],
            [
              2341.0,
              4895.0
            ],
            [
              2339.0,
              4893.0
            ],
            [
              2339.0,
              4883.0
            ],
            [
              2337.0,
              4881.0
            ],
            [
              2337.0,
              4869.0
            ],
            [
              2335.0,
              4865.0
            ],
            [
              2335.0,
              4860.0
            ],
            [
              2334.0,
              4859.0
            ],
            [
              2334.0,
              4857.0
            ],
            [
              2332.0,
              4855.0
            ],
            [
              2331.0,
              4851.0
            ],
            [
              2328.0,
              4848.0
            ],
            [
              2327.0,
              4844.0
            ],
            [
              2322.0,
              4839.0
            ],
            [
              2291.0,
              4839.0
            ],
            [
              2286.0,
              4842.0
            ],
            [
              2279.0,
              4843.0
            ]
          ]
        ]
      },
      "properties": {
        "annotation_id": "84_GP3_124",
        "label": "GP3",
        "probabilities": null,
        "tags": []
      }
    },
    {
      "type": "Feature",
      "geometry": {
        "type": "Polygon",
        "coordinates": [
          [
            [
              2190.0,
              4725.0
            ],
            [
              2191.0,
              4747.0
            ],
            [
              2194.0,
              4752.0
            ],
            [
              2195.0,
              4758.0
            ],
            [
              2201.0,
              4767.0
            ],
            [
              2202.0,
              4771.0
            ],
            [
              2204.0,
              4773.0
            ],
            [
              2209.0,
              4774.0
            ],
            [
              2256.0,
              4774.0
            ],
            [
              2261.0,
              4773.0
            ],
            [
              2266.0,
              4770.0
            ],
            [
              2271.0,
              4770.0
            ],
            [
              2277.0,
              4766.0
            ],
            [
              2282.0,
              4766.0
            ],
            [
              2289.0,
              4762.0
            ],
            [
              2292.0,
              4762.0
            ],
            [
              2298.0,
              4758.0
            ],
            [
              2306.0,
              4757.0
            ],
            [
              2309.0,
              4754.0
            ],
            [
              2318.0,
              4749.0
            ],
            [
              2319.0,
              4745.0
            ],
            [
              2322.0,
              4741.0
            ],
            [
              2322.0,
              4734.0
            ],
            [
              2320.0,
              4732.0
            ],
            [
              2319.0,
              4722.0
            ],
            [
              2316.0,
              4720.0
            ],
            [
              2316.0,
              4717.0
            ],
            [
              2314.0,
              4713.0
            ],
            [
              2311.0,
              4711.0
            ],
            [
              2307.0,
              4705.0
            ],
            [
              2299.0,
              4697.0
            ],
            [
              2294.0,
              4695.0
            ],
            [
              2292.0,
              4692.0
            ],
            [
              2287.0,
              4691.0
            ],
            [
              2281.0,
              4687.0
            ],
            [
              2277.0,
              4687.0
            ],
            [
              2267.0,
              4683.0
            ],
            [
              2261.0,
              4679.0
            ],
            [
              2256.0,
              4678.0
            ],
            [
              2253.0,
              4675.0
            ],
            [
              2230.0,
              4675.0
            ],
            [
              2226.0,
              4676.0
            ],
            [
              2216.0,
              4682.0
            ],
            [
              2211.0,
              4688.0
            ],
            [
              2211.0,
              4690.0
            ],
            [
              2202.0,
              4699.0
            ],
            [
              2201.0,
              4703.0
            ],
            [
              2198.0,
              4707.0
            ],
            [
              2198.0,
              4710.0
            ],
            [
              2195.0,
              4713.0
            ],
            [
              2194.0,
              4718.0
            ],
            [
              2191.0,
              4721.0
            ],
            [
              2190.0,
              4725.0
            ]
          ]
        ]
      },
      "properties": {
        "annotation_id": "84_GP3_125",
        "label": "GP3",
        "probabilities": null,
        "tags": []
      }
    },
    {
      "type": "Feature",
      "geometry": {
        "type": "Polygon",
        "coordinates": [
          [
            [
              1699.0,
              4669.0
            ],
            [
              1681.0,
              4667.0
            ],
            [
              1660.0,
              4679.0
            ],
            [
              1604.0,
              4729.0
            ],
            [
              1555.0,
              4793.0
            ],
            [
              1471.0,
              4845.0
            ],
            [
              1459.0,
              4844.0
            ],
            [
              1425.0,
              4820.0
            ],
            [
              1373.0,
              4807.0
            ],
            [
              1381.0,
              4768.0
            ],
            [
              1348.0,
              4774.0
            ],
            [
              1264.0,
              4818.0
            ],
            [
              1258.0,
              4887.0
            ],
            [
              1271.0,
              4927.0
            ],
            [
              1289.0,
              4955.0
            ],
            [
              1330.0,
              4986.0
            ],
            [
              1351.0,
              5019.0
            ],
            [
              1352.0,
              5036.0
            ],
            [
              1306.0,
              5097.0
            ],
            [
              1270.0,
              5162.0
            ],
            [
              1261.0,
              5195.0
            ],
            [
              1242.0,
              5221.0
            ],
            [
              1243.0,
              5255.0
            ],
            [
              1270.0,
              5268.0
            ],
            [
              1339.0,
              5262.0
            ],
            [
              1364.0,
              5253.0
            ],
            [
              1385.0,
              5273.0
            ],
            [
              1417.0,
              5275.0
            ],
            [
              1429.0,
              5267.0
            ],
            [
              1447.0,
              5213.0
            ],
            [
              1456.0,
              5129.0
            ],
            [
              1480.0,
              5066.0
            ],
            [
              1452.0,
              5087.0
            ],
            [
              1461.0,
              5045.0
            ],
            [
              1472.0,
              5048.0
            ],
            [
              1480.0,
              5061.0
            ],
            [
              1494.0,
              5034.0
            ],
            [
              1531.0,
              4998.0
            ],
            [
              1548.0,
              4966.0
            ],
            [
              1584.0,
              4935.0
            ],
            [
              1585.0,
              4909.0
            ],
            [
              1565.0,
              4879.0
            ],
            [
              1564.0,
              4860.0
            ],
            [
              1591.0,
              4848.0
            ],
            [
              1613.0,
              4855.0
            ],
            [
              1668.0,
              4808.0
            ],
            [
              1689.0,
              4777.0
            ],
            [
              1707.0,
              4709.0
            ],
            [
              1706.0,
              4679.0
            ],
            [
              1699.0,
              4669.0
            ]
          ],
          [
            [
              1378.0,
              4891.0
            ],
            [
              1379.0,
              4892.0
            ],
            [
              1380.0,
              4892.0
            ],
            [
              1382.0,
              4894.0
            ],
            [
              1382.0,
              4898.0
            ],
            [
              1381.0,
              4899.0
            ],
            [
              1381.0,
              4901.0
            ],
            [
              1380.0,
              4902.0
            ],
            [
              1379.0,
              4905.0
            ],
            [
              1373.0,
              4911.0
            ],
            [
              1373.0,
              4916.0
            ],
            [
              1374.0,
              4917.0
            ],
            [
              1374.0,
              4918.0
            ],
            [
              1376.0,
              4920.0
            ],
            [
              1376.0,
              4921.0
            ],
            [
              1378.0,
              4923.0
            ],
            [
              1379.0,
              4926.0
            ],
            [
              1383.0,
              4930.0
            ],
            [
              1384.0,
              4930.0
            ],
            [
              1385.0,
              4931.0
            ],
            [
              1388.0,
              4932.0
            ],
            [
              1390.0,
              4934.0
            ],
            [
              1390.0,
              4936.0
            ],
            [
              1384.0,
              4942.0
            ],
            [
              1383.0,
              4942.0
            ],
            [
              1382.0,
              4943.0
            ],
            [
              1380.0,
              4943.0
            ],
            [
              1379.0,
              4944.0
            ],
            [
              1367.0,
              4944.0
            ],
            [
              1366.0,
              4943.0
            ],
            [
              1364.0,
              4943.0
            ],
            [
              1361.0,
              4941.0
            ],
            [
              1359.0,
              4941.0
            ],
            [
              1358.0,
              4940.0
            ],
            [
              1356.0,
              4940.0
            ],
            [
              1355.0,
              4939.0
            ],
            [
              1352.0,
              4938.0
            ],
            [
              1351.0,
              4937.0
            ],
            [
              1351.0,
              4936.0
            ],
            [
              1349.0,
              4933.0
            ],
            [
              1349.0,
              4928.0
            ],
            [
              1350.0,
              4927.0
            ],
            [
              1350.0,
              4926.0
            ],
            [
              1352.0,
              4924.0
            ],
            [
              1352.0,
              4923.0
            ],
            [
              1354.0,
              4921.0
            ],
            [
              1354.0,
              4920.0
            ],
            [
              1355.0,
              4919.0
            ],
            [
              1355.0,
              4918.0
            ],
            [
              1357.0,
              4915.0
            ],
            [
              1357.0,
              4913.0
            ],
            [
              1359.0,
              4910.0
            ],
            [
              1359.0,
              4901.0
            ],
            [
              1363.0,
              4897.0
            ],
            [
              1364.0,
              4897.0
            ],
            [
              1367.0,
              4895.0
            ],
            [
              1369.0,
              4895.0
            ],
            [
              1370.0,
              4894.0
            ],
            [
              1371.0,
              4894.0
            ],
            [
              1372.0,
              4893.0
            ],
            [
              1373.0,
              4893.0
            ],
            [
              1376.0,
              4891.0
            ],
            [
              1378.0,
              4891.0
            ]
          ]
        ]
      },
      "properties": {
        "annotation_id": "84_GP3_126",
        "label": "GP3",
        "probabilities": {
          "GP3": 0.603,
          "GP4": 0.397,
          "GP5": 0.0,
          "Benign": 0.0
        },
        "tags": []
      }
    },
    {
      "type": "Feature",
      "geometry": {
        "type": "Polygon",
        "coordinates": [
          [
            [
              2238.0,
              4628.0
            ],
            [
              2238.0,
              4632.0
            ],
            [
              2235.0,
              4639.0
            ],
            [
              2235.0,
              4653.0
            ],
            [
              2241.0,
              4657.0
            ],
            [
              2243.0,
              4657.0
            ],
            [
              2248.0,
              4660.0
            ],
            [
              2250.0,
              4660.0
            ],
            [
              2254.0,
              4662.0
            ],
            [
              2256.0,
              4664.0
            ],
            [
              2259.0,
              4664.0
            ],
            [
              2263.0,
              4666.0
            ],
            [
              2266.0,
              4666.0
            ],
            [
              2276.0,
              4670.0
            ],
            [
              2306.0,
              4670.0
            ],
            [
              2307.0,
              4671.0
            ],
            [
              2321.0,
              4671.0
            ],
            [
              2325.0,
              4667.0
            ],
            [
              2331.0,
              4664.0
            ],
            [
              2333.0,
              4662.0
            ],
            [
              2335.0,
              4658.0
            ],
            [
              2335.0,
              4656.0
            ],
            [
              2337.0,
              4653.0
            ],
            [
              2337.0,
              4647.0
            ],
            [
              2338.0,
              4646.0
            ],
            [
              2338.0,
              4641.0
            ],
            [
              2339.0,
              4640.0
            ],
            [
              2339.0,
              4626.0
            ],
            [
              2333.0,
              4617.0
            ],
            [
              2330.0,
              4614.0
            ],
            [
              2327.0,
              4613.0
            ],
            [
              2323.0,
              4610.0
            ],
            [
              2272.0,
              4610.0
            ],
            [
              2271.0,
              4611.0
            ],
            [
              2264.0,
              4611.0
            ],
            [
              2261.0,
              4613.0
            ],
            [
              2257.0,
              4613.0
            ],
            [
              2251.0,
              4616.0
            ],
            [
              2249.0,
              4616.0
            ],
            [
              2241.0,
              4623.0
            ],
            [
              2240.0,
              4626.0
            ],
            [
              2238.0,
              4628.0
            ]
          ],
          [
            [
              2317.0,
              4630.0
            ],
            [
              2317.0,
              4635.0
            ],
            [
              2316.0,
              4636.0
            ],
            [
              2316.0,
              4637.0
            ],
            [
              2313.0,
              4640.0
            ],
            [
              2312.0,
              4640.0
            ],
            [
              2309.0,
              4643.0
            ],
            [
              2309.0,
              4644.0
            ],
            [
              2307.0,
              4646.0
            ],
            [
              2307.0,
              4647.0
            ],
            [
              2305.0,
              4649.0
            ],
            [
              2304.0,
              4649.0
            ],
            [
              2303.0,
              4650.0
            ],
            [
              2298.0,
              4650.0
            ],
            [
              2297.0,
              4651.0
            ],
            [
              2296.0,
              4651.0
            ],
            [
              2293.0,
              4653.0
            ],
            [
              2290.0,
              4653.0
            ],
            [
              2289.0,
              4654.0
            ],
            [
              2283.0,
              4654.0
            ],
            [
              2282.0,
              4653.0
            ],
            [
              2280.0,
              4653.0
            ],
            [
              2279.0,
              4652.0
            ],
            [
              2277.0,
              4652.0
            ],
            [
              2276.0,
              4651.0
            ],
            [
              2275.0,
              4651.0
            ],
            [
              2274.0,
              4650.0
            ],
            [
              2273.0,
              4650.0
            ],
            [
              2268.0,
              4645.0
            ],
            [
              2267.0,
              4645.0
            ],
            [
              2266.0,
              4644.0
            ],
            [
              2266.0,
              4643.0
            ],
            [
              2265.0,
              4642.0
            ],
            [
              2265.0,
              4641.0
            ],
            [
              2263.0,
              4639.0
            ],
            [
              2263.0,
              4638.0
            ],
            [
              2262.0,
              4637.0
            ],
            [
              2262.0,
              4634.0
            ],
            [
              2263.0,
              4633.0
            ],
            [
              2264.0,
              4633.0
            ],
            [
              2267.0,
              4631.0
            ],
            [
              2276.0,
              4631.0
            ],
            [
              2278.0,
              4629.0
            ],
            [
              2278.0,
              4628.0
            ],
            [
              2279.0,
              4627.0
            ],
            [
              2279.0,
              4626.0
            ],
            [
              2283.0,
              4622.0
            ],
            [
              2284.0,
              4622.0
            ],
            [
              2285.0,
              4621.0
            ],
            [
              2287.0,
              4621.0
            ],
            [
              2288.0,
              4620.0
            ],
            [
              2296.0,
              4620.0
            ],
            [
              2297.0,
              4619.0
            ],
            [
              2301.0,
              4619.0
            ],
            [
              2302.0,
              4620.0
            ],
            [
              2303.0,
              4620.0
            ],
            [
              2304.0,
              4621.0
            ],
            [
              2305.0,
              4621.0
            ],
            [
              2306.0,
              4622.0
            ],
            [
              2307.0,
              4622.0
            ],
            [
              2310.0,
              4625.0
            ],
            [
              2310.0,
              4626.0
            ],
            [
              2311.0,
              4627.0
            ],
            [
              2313.0,
              4627.0
            ],
            [
              2314.0,
              4628.0
            ],
            [
              2315.0,
              4628.0
            ],
            [
              2317.0,
              4630.0
            ]
          ]
        ]
      },
      "properties": {
        "annotation_id": "84_GP3_128",
        "label": "GP3",
        "probabilities": null,
        "tags": []
      }
    },
    {
      "type": "Feature",
      "geometry": {
        "type": "Polygon",
        "coordinates": [
          [
            [
              2466,
              15455
            ],
            [
              2458,
              15532
            ],
            [
              2550,
              15595
            ],
            [
              2576,
              15631
            ],
            [
              2658,
              15669
            ],
            [
              2764,
              15669
            ],
            [
              2786,
              15731
            ],
            [
              2847,
              15752
            ],
            [
              2869,
              15792
            ],
            [
              2915,
              15809
            ],
            [
              2968,
              15888
            ],
            [
              3011,
              15915
            ],
            [
              3025,
              16004
            ],
            [
              3057,
              16075
            ],
            [
              3150,
              16100
            ],
            [
              3313,
              16085
            ],
            [
              3422,
              16120
            ],
            [
              3460,
              16120
            ],
            [
              3500,
              16105
            ],
            [
              3563,
              16026
            ],
            [
              3588.440816585143,
              15963.355102409141
            ],
            [
              3603.876191061333,
              15807.168707297526
            ],
            [
              3520,
              15816
            ],
            [
              3444,
              15806
            ],
            [
              3532,
              15734
            ],
            [
              3530,
              15697
            ],
            [
              3501,
              15681
            ],
            [
              3443,
              15686
            ],
            [
              3397,
              15638
            ],
            [
              3368,
              15558
            ],
            [
              3345,
              15526
            ],
            [
              3274,
              15466
            ],
            [
              3008,
              15402
            ],
            [
              2925,
              15406
            ],
            [
              2882,
              15422
            ],
            [
              2848,
              15456
            ],
            [
              2828,
              15457
            ],
            [
              2723,
              15406
            ],
            [
              2660,
              15406
            ],
            [
              2592,
              15375
            ],
            [
              2525,
              15386
            ],
            [
              2466,
              15455
            ]
          ],
          [
            [
              3488,
              15875
            ],
            [
              3495,
              15876
            ],
            [
              3503,
              15884
            ],
            [
              3503,
              15886
            ],
            [
              3505,
              15888
            ],
            [
              3507,
              15894
            ],
            [
              3521,
              15908
            ],
            [
              3521,
              15910
            ],
            [
              3523,
              15912
            ],
            [
              3523,
              15926
            ],
            [
              3519,
              15932
            ],
            [
              3519,
              15942
            ],
            [
              3517,
              15944
            ],
            [
              3517,
              15964
            ],
            [
              3515,
              15966
            ],
            [
              3513,
              15972
            ],
            [
              3510,
              15974
            ],
            [
              3508,
              15974
            ],
            [
              3505,
              15977
            ],
            [
              3505,
              15980
            ],
            [
              3509,
              15982
            ],
            [
              3513,
              15988
            ],
            [
              3513,
              15994
            ],
            [
              3510,
              15997
            ],
            [
              3504,
              15998
            ],
            [
              3501,
              16000
            ],
            [
              3484,
              16000
            ],
            [
              3473,
              15994
            ],
            [
              3469,
              15993
            ],
            [
              3466,
              15990
            ],
            [
              3468,
              15984
            ],
            [
              3476,
              15977
            ],
            [
              3476,
              15960
            ],
            [
              3478,
              15958
            ],
            [
              3480,
              15952
            ],
            [
              3484,
              15949
            ],
            [
              3484,
              15943
            ],
            [
              3479,
              15940
            ],
            [
              3474,
              15940
            ],
            [
              3465,
              15944
            ],
            [
              3463,
              15944
            ],
            [
              3460,
              15942
            ],
            [
              3460,
              15938
            ],
            [
              3462,
              15936
            ],
            [
              3462,
              15934
            ],
            [
              3466,
              15930
            ],
            [
              3466,
              15926
            ],
            [
              3468,
              15924
            ],
            [
              3468,
              15922
            ],
            [
              3470,
              15920
            ],
            [
              3472,
              15914
            ],
            [
              3476,
              15910
            ],
            [
              3476,
              15908
            ],
            [
              3478,
              15906
            ],
            [
              3478,
              15886
            ],
            [
              3480,
              15884
            ],
            [
              3480,
              15882
            ],
            [
              3488,
              15875
            ]
          ],
          [
            [
              3035,
              15634
            ],
            [
              3042,
              15638
            ],
            [
              3043,
              15643
            ],
            [
              3051,
              15648
            ],
            [
              3053,
              15659
            ],
            [
              3048,
              15667
            ],
            [
              3048,
              15695
            ],
            [
              3051,
              15697
            ],
            [
              3053,
              15693
            ],
            [
              3057,
              15693
            ],
            [
              3064,
              15700
            ],
            [
              3066,
              15711
            ],
            [
              3063,
              15716
            ],
            [
              3064,
              15721
            ],
            [
              3057,
              15725
            ],
            [
              3060,
              15738
            ],
            [
              3053,
              15743
            ],
            [
              3057,
              15746
            ],
            [
              3057,
              15750
            ],
            [
              3054,
              15752
            ],
            [
              3051,
              15751
            ],
            [
              3048,
              15757
            ],
            [
              3068,
              15769
            ],
            [
              3065,
              15776
            ],
            [
              3067,
              15786
            ],
            [
              3058,
              15797
            ],
            [
              3045,
              15792
            ],
            [
              3040,
              15797
            ],
            [
              3025,
              15805
            ],
            [
              3020,
              15805
            ],
            [
              3016,
              15800
            ],
            [
              3012,
              15801
            ],
            [
              3005,
              15809
            ],
            [
              3000,
              15810
            ],
            [
              2993,
              15805
            ],
            [
              2993,
              15796
            ],
            [
              3015,
              15782
            ],
            [
              3011,
              15774
            ],
            [
              3022,
              15759
            ],
            [
              3020,
              15749
            ],
            [
              3024,
              15745
            ],
            [
              3026,
              15738
            ],
            [
              3025,
              15734
            ],
            [
              3019,
              15732
            ],
            [
              3016,
              15727
            ],
            [
              3005,
              15726
            ],
            [
              2999,
              15728
            ],
            [
              2996,
              15726
            ],
            [
              3002,
              15714
            ],
            [
              3010,
              15712
            ],
            [
              3014,
              15708
            ],
            [
              3002,
              15707
            ],
            [
              2994,
              15700
            ],
            [
              2994,
              15692
            ],
            [
              3007,
              15683
            ],
            [
              3022,
              15689
            ],
            [
              3028,
              15678
            ],
            [
              3029,
              15664
            ],
            [
              3018,
              15649
            ],
            [
              3002,
              15656
            ],
            [
              2997,
              15652
            ],
            [
              2997,
              15647
            ],
            [
              3002,
              15637
            ],
            [
              3007,
              15633
            ],
            [
              3035,
              15634
            ]
          ],
          [
            [
              2818,
              15504
            ],
            [
              2814,
              15530
            ],
            [
              2804,
              15547
            ],
            [
              2801,
              15558
            ],
            [
              2791,
              15573
            ],
            [
              2783,
              15581
            ],
            [
              2772,
              15586
            ],
            [
              2762,
              15595
            ],
            [
              2755,
              15598
            ],
            [
              2730,
              15615
            ],
            [
              2720,
              15616
            ],
            [
              2702,
              15622
            ],
            [
              2698,
              15622
            ],
            [
              2691,
              15617
            ],
            [
              2685,
              15609
            ],
            [
              2683,
              15601
            ],
            [
              2683,
              15574
            ],
            [
              2685,
              15572
            ],
            [
              2692,
              15544
            ],
            [
              2703,
              15528
            ],
            [
              2711,
              15524
            ],
            [
              2715,
              15526
            ],
            [
              2709,
              15543
            ],
            [
              2706,
              15589
            ],
            [
              2709,
              15596
            ],
            [
              2713,
              15600
            ],
            [
              2718,
              15600
            ],
            [
              2740,
              15591
            ],
            [
              2744,
              15578
            ],
            [
              2760,
              15563
            ],
            [
              2768,
              15559
            ],
            [
              2777,
              15558
            ],
            [
              2783,
              15553
            ],
            [
              2793,
              15535
            ],
            [
              2795,
              15523
            ],
            [
              2792,
              15513
            ],
            [
              2794,
              15507
            ],
            [
              2797,
              15504
            ],
            [
              2798,
              15497
            ],
            [
              2800,
              15496
            ],
            [
              2818,
              15504
            ]
          ],
          [
            [
              2680,
              15475
            ],
            [
              2679,
              15488
            ],
            [
              2667,
              15522
            ],
            [
              2634,
              15555
            ],
            [
              2633,
              15558
            ],
            [
              2629,
              15561
            ],
            [
              2614,
              15554
            ],
            [
              2607,
              15549
            ],
            [
              2606,
              15545
            ],
            [
              2609,
              15542
            ],
            [
              2613,
              15541
            ],
            [
              2618,
              15544
            ],
            [
              2622,
              15551
            ],
            [
              2628,
              15550
            ],
            [
              2630,
              15548
            ],
            [
              2629,
              15526
            ],
            [
              2632,
              15524
            ],
            [
              2643,
              15526
            ],
            [
              2652,
              15525
            ],
            [
              2655,
              15520
            ],
            [
              2655,
              15515
            ],
            [
              2660,
              15507
            ],
            [
              2659,
              15498
            ],
            [
              2656,
              15495
            ],
            [
              2654,
              15495
            ],
            [
              2646,
              15504
            ],
            [
              2638,
              15505
            ],
            [
              2635,
              15503
            ],
            [
              2631,
              15497
            ],
            [
              2628,
              15495
            ],
            [
              2623,
              15495
            ],
            [
              2621,
              15497
            ],
            [
              2621,
              15508
            ],
            [
              2615,
              15514
            ],
            [
              2606,
              15516
            ],
            [
              2600,
              15510
            ],
            [
              2600,
              15506
            ],
            [
              2603,
              15500
            ],
            [
              2614,
              15495
            ],
            [
              2617,
              15492
            ],
            [
              2619,
              15484
            ],
            [
              2633,
              15473
            ],
            [
              2641,
              15476
            ],
            [
              2650,
              15476
            ],
            [
              2659,
              15480
            ],
            [
              2666,
              15479
            ],
            [
              2673,
              15472
            ],
            [
              2680,
              15475
            ]
          ],
          [
            [
              3180,
              15467
            ],
            [
              3184,
              15468
            ],
            [
              3191,
              15475
            ],
            [
              3201,
              15477
            ],
            [
              3210,
              15486
            ],
            [
              3213,
              15494
            ],
            [
              3222,
              15496
            ],
            [
              3225,
              15499
            ],
            [
              3228,
              15507
            ],
            [
              3234,
              15508
            ],
            [
              3237,
              15513
            ],
            [
              3248,
              15519
            ],
            [
              3254,
              15525
            ],
            [
              3254,
              15527
            ],
            [
              3260,
              15533
            ],
            [
              3260,
              15537
            ],
            [
              3262,
              15539
            ],
            [
              3262,
              15559
            ],
            [
              3252,
              15569
            ],
            [
              3248,
              15576
            ],
            [
              3241,
              15580
            ],
            [
              3236,
              15581
            ],
            [
              3227,
              15575
            ],
            [
              3223,
              15578
            ],
            [
              3222,
              15586
            ],
            [
              3215,
              15589
            ],
            [
              3207,
              15590
            ],
            [
              3198,
              15595
            ],
            [
              3190,
              15597
            ],
            [
              3166,
              15594
            ],
            [
              3157,
              15590
            ],
            [
              3144,
              15581
            ],
            [
              3137,
              15572
            ],
            [
              3137,
              15566
            ],
            [
              3120,
              15550
            ],
            [
              3116,
              15538
            ],
            [
              3117,
              15521
            ],
            [
              3120,
              15518
            ],
            [
              3124,
              15505
            ],
            [
              3128,
              15502
            ],
            [
              3133,
              15501
            ],
            [
              3134,
              15498
            ],
            [
              3132,
              15494
            ],
            [
              3132,
              15490
            ],
            [
              3141,
              15485
            ],
            [
              3151,
              15476
            ],
            [
              3157,
              15476
            ],
            [
              3166,
              15472
            ],
            [
              3173,
              15472
            ],
            [
              3180,
              15467
            ]
          ],
          [
            [
              2527,
              15456
            ],
            [
              2528,
              15457
            ],
            [
              2529,
              15457
            ],
            [
              2530,
              15458
            ],
            [
              2531,
              15458
            ],
            [
              2532,
              15459
            ],
            [
              2533,
              15459
            ],
            [
              2534,
              15460
            ],
            [
              2535,
              15460
            ],
            [
              2536,
              15461
            ],
            [
              2537,
              15461
            ],
            [
              2539,
              15463
            ],
            [
              2540,
              15463
            ],
            [
              2541,
              15464
            ],
            [
              2541,
              15465
            ],
            [
              2542,
              15466
            ],
            [
              2542,
              15469
            ],
            [
              2541,
              15470
            ],
            [
              2541,
              15473
            ],
            [
              2533,
              15481
            ],
            [
              2533,
              15482
            ],
            [
              2531,
              15484
            ],
            [
              2531,
              15485
            ],
            [
              2530,
              15486
            ],
            [
              2530,
              15487
            ],
            [
              2529,
              15488
            ],
            [
              2529,
              15489
            ],
            [
              2527,
              15491
            ],
            [
              2526,
              15491
            ],
            [
              2523,
              15493
            ],
            [
              2520,
              15493
            ],
            [
              2514,
              15499
            ],
            [
              2513,
              15499
            ],
            [
              2512,
              15500
            ],
            [
              2511,
              15499
            ],
            [
              2510,
              15499
            ],
            [
              2508,
              15497
            ],
            [
              2507,
              15497
            ],
            [
              2505,
              15495
            ],
            [
              2504,
              15495
            ],
            [
              2503,
              15494
            ],
            [
              2502,
              15494
            ],
            [
              2501,
              15493
            ],
            [
              2500,
              15493
            ],
            [
              2497,
              15490
            ],
            [
              2497,
              15489
            ],
            [
              2495,
              15487
            ],
            [
              2495,
              15482
            ],
            [
              2497,
              15480
            ],
            [
              2497,
              15479
            ],
            [
              2504,
              15472
            ],
            [
              2504,
              15471
            ],
            [
              2506,
              15469
            ],
            [
              2506,
              15468
            ],
            [
              2510,
              15464
            ],
            [
              2511,
              15464
            ],
            [
              2516,
              15459
            ],
            [
              2517,
              15459
            ],
            [
              2519,
              15457
            ],
            [
              2520,
              15457
            ],
            [
              2521,
              15456
            ],
            [
              2527,
              15456
            ]
          ]
        ]
      },
      "properties": {
        "annotation_id": "84_GP3_13",
        "label": "GP3",
        "probabilities": null,
        "tags": []
      }
    },
    {
      "type": "Feature",
      "geometry": {
        "type": "Polygon",
        "coordinates": [
          [
            [
              1698.1698844947803,
              4517.224673900785
            ],
            [
              1679.1698844947803,
              4492.224673900785
            ],
            [
              1642.1698844947803,
              4466.224673900785
            ],
            [
              1554.1698844947803,
              4437.224673900785
            ],
            [
              1467.1698844947803,
              4437.224673900785
            ],
            [
              1386.1698844947803,
              4413.224673900785
            ],
            [
              1293.1698844947803,
              4406.224673900785
            ],
            [
              1203.1698844947803,
              4434.224673900785
            ],
            [
              1165.1698844947803,
              4478.224673900785
            ],
            [
              1119.1698844947803,
              4509.224673900785
            ],
            [
              1107.1698844947803,
              4560.224673900785
            ],
            [
              1107.1698844947803,
              4597.224673900785
            ],
            [
              1086.1698844947803,
              4659.224673900785
            ],
            [
              1073.1698844947803,
              4660.224673900785
            ],
            [
              1044.1698844947803,
              4642.224673900785
            ],
            [
              1023.1698844947803,
              4662.224673900785
            ],
            [
              1017.1698844947803,
              4686.224673900785
            ],
            [
              1017.1698844947803,
              4774.224673900785
            ],
            [
              1039.1698844947803,
              4861.224673900785
            ],
            [
              1071.1698844947803,
              4874.224673900785
            ],
            [
              1080.1698844947803,
              4843.224673900785
            ],
            [
              1102.1698844947803,
              4813.224673900785
            ],
            [
              1134.1698844947803,
              4839.224673900785
            ],
            [
              1151.1698844947803,
              4882.224673900785
            ],
            [
              1187.1698844947803,
              4882.224673900785
            ],
            [
              1221.1698844947803,
              4859.224673900785
            ],
            [
              1250.1698844947803,
              4816.224673900785
            ],
            [
              1316.1698844947803,
              4785.224673900785
            ],
            [
              1345.1698844947803,
              4760.224673900785
            ],
            [
              1450.1698844947803,
              4713.224673900785
            ],
            [
              1501.1698844947803,
              4660.224673900785
            ],
            [
              1594.1698844947803,
              4594.224673900785
            ],
            [
              1650.1698844947803,
              4591.224673900785
            ],
            [
              1680.1698844947803,
              4570.224673900785
            ],
            [
              1698.1698844947803,
              4549.224673900785
            ],
            [
              1698.1698844947803,
              4517.224673900785
            ]
          ],
          [
            [
              1176.1698844947803,
              4771.224673900785
            ],
            [
              1185.1698844947803,
              4771.224673900785
            ],
            [
              1186.1698844947803,
              4770.224673900785
            ],
            [
              1187.1698844947803,
              4770.224673900785
            ],
            [
              1188.1698844947803,
              4771.224673900785
            ],
            [
              1189.1698844947803,
              4771.224673900785
            ],
            [
              1192.1698844947803,
              4774.224673900785
            ],
            [
              1193.1698844947803,
              4774.224673900785
            ],
            [
              1195.1698844947803,
              4776.224673900785
            ],
            [
              1195.1698844947803,
              4777.224673900785
            ],
            [
              1201.1698844947803,
              4783.224673900785
            ],
            [
              1201.1698844947803,
              4784.224673900785
            ],
            [
              1202.1698844947803,
              4785.224673900785
            ],
            [
              1202.1698844947803,
              4787.224673900785
            ],
            [
              1203.1698844947803,
              4788.224673900785
            ],
            [
              1203.1698844947803,
              4791.224673900785
            ],
            [
              1204.1698844947803,
              4792.224673900785
            ],
            [
              1204.1698844947803,
              4803.224673900785
            ],
            [
              1202.1698844947803,
              4805.224673900785
            ],
            [
              1201.1698844947803,
              4805.224673900785
            ],
            [
              1199.1698844947803,
              4807.224673900785
            ],
            [
              1199.1698844947803,
              4810.224673900785
            ],
            [
              1201.1698844947803,
              4812.224673900785
            ],
            [
              1201.1698844947803,
              4819.224673900785
            ],
            [
              1200.1698844947803,
              4820.224673900785
            ],
            [
              1200.1698844947803,
              4822.224673900785
            ],
            [
              1197.1698844947803,
              4824.224673900785
            ],
            [
              1194.1698844947803,
              4822.224673900785
            ],
            [
              1194.1698844947803,
              4821.224673900785
            ],
            [
              1192.1698844947803,
              4819.224673900785
            ],
            [
              1192.1698844947803,
              4818.224673900785
            ],
            [
              1191.1698844947803,
              4817.224673900785
            ],
            [
              1190.1698844947803,
              4817.224673900785
            ],
            [
              1189.1698844947803,
              4816.224673900785
            ],
            [
              1188.1698844947803,
              4816.224673900785
            ],
            [
              1186.1698844947803,
              4814.224673900785
            ],
            [
              1185.1698844947803,
              4814.224673900785
            ],
            [
              1183.1698844947803,
              4812.224673900785
            ],
            [
              1182.1698844947803,
              4812.224673900785
            ],
            [
              1181.1698844947803,
              4811.224673900785
            ],
            [
              1181.1698844947803,
              4808.224673900785
            ],
            [
              1182.1698844947803,
              4807.224673900785
            ],
            [
              1182.1698844947803,
              4802.224673900785
            ],
            [
              1183.1698844947803,
              4801.224673900785
            ],
            [
              1183.1698844947803,
              4800.224673900785
            ],
            [
              1182.1698844947803,
              4799.224673900785
            ],
            [
              1182.1698844947803,
              4797.224673900785
            ],
            [
              1179.1698844947803,
              4794.224673900785
            ],
            [
              1179.1698844947803,
              4790.224673900785
            ],
            [
              1180.1698844947803,
              4789.224673900785
            ],
            [
              1180.1698844947803,
              4788.224673900785
            ],
            [
              1179.1698844947803,
              4787.224673900785
            ],
            [
              1179.1698844947803,
              4785.224673900785
            ],
            [
              1177.1698844947803,
              4783.224673900785
            ],
            [
              1176.1698844947803,
              4783.224673900785
            ],
            [
              1174.1698844947803,
              4781.224673900785
            ],
            [
              1174.1698844947803,
              4779.224673900785
            ],
            [
              1173.1698844947803,
              4778.224673900785
            ],
            [
              1173.1698844947803,
              4773.224673900785
            ],
            [
              1176.1698844947803,
              4771.224673900785
            ]
          ],
          [
            [
              1121.1698844947803,
              4688.224673900785
            ],
            [
              1130.1698844947803,
              4680.224673900785
            ],
            [
              1123.1698844947803,
              4666.224673900785
            ],
            [
              1135.1698844947803,
              4657.224673900785
            ],
            [
              1129.1698844947803,
              4649.224673900785
            ],
            [
              1131.1698844947803,
              4634.224673900785
            ],
            [
              1123.1698844947803,
              4617.224673900785
            ],
            [
              1133.1698844947803,
              4611.224673900785
            ],
            [
              1138.1698844947803,
              4600.224673900785
            ],
            [
              1144.1698844947803,
              4544.224673900785
            ],
            [
              1153.1698844947803,
              4536.224673900785
            ],
            [
              1163.1698844947803,
              4504.224673900785
            ],
            [
              1197.1698844947803,
              4481.224673900785
            ],
            [
              1211.1698844947803,
              4481.224673900785
            ],
            [
              1235.1698844947803,
              4456.224673900785
            ],
            [
              1250.1698844947803,
              4457.224673900785
            ],
            [
              1264.1698844947803,
              4449.224673900785
            ],
            [
              1274.1698844947803,
              4456.224673900785
            ],
            [
              1299.1698844947803,
              4448.224673900785
            ],
            [
              1304.1698844947803,
              4452.224673900785
            ],
            [
              1299.1698844947803,
              4468.224673900785
            ],
            [
              1321.1698844947803,
              4451.224673900785
            ],
            [
              1335.1698844947803,
              4454.224673900785
            ],
            [
              1353.1698844947803,
              4449.224673900785
            ],
            [
              1386.1698844947803,
              4466.224673900785
            ],
            [
              1424.1698844947803,
              4467.224673900785
            ],
            [
              1431.1698844947803,
              4483.224673900785
            ],
            [
              1456.1698844947803,
              4497.224673900785
            ],
            [
              1447.1698844947803,
              4505.224673900785
            ],
            [
              1453.1698844947803,
              4512.224673900785
            ],
            [
              1474.1698844947803,
              4501.224673900785
            ],
            [
              1484.1698844947803,
              4487.224673900785
            ],
            [
              1494.1698844947803,
              4498.224673900785
            ],
            [
              1505.1698844947803,
              4498.224673900785
            ],
            [
              1509.1698844947803,
              4482.224673900785
            ],
            [
              1525.1698844947803,
              4465.224673900785
            ],
            [
              1536.1698844947803,
              4476.224673900785
            ],
            [
              1530.1698844947803,
              4484.224673900785
            ],
            [
              1533.1698844947803,
              4496.224673900785
            ],
            [
              1559.1698844947803,
              4502.224673900785
            ],
            [
              1577.1698844947803,
              4500.224673900785
            ],
            [
              1584.1698844947803,
              4510.224673900785
            ],
            [
              1606.1698844947803,
              4516.224673900785
            ],
            [
              1604.1698844947803,
              4549.224673900785
            ],
            [
              1589.1698844947803,
              4547.224673900785
            ],
            [
              1565.1698844947803,
              4556.224673900785
            ],
            [
              1551.1698844947803,
              4553.224673900785
            ],
            [
              1518.3287364360297,
              4587.561684751962
            ],
            [
              1510.1698844947803,
              4558.224673900785
            ],
            [
              1497.1698844947803,
              4567.224673900785
            ],
            [
              1485.1698844947803,
              4564.224673900785
            ],
            [
              1474.1698844947803,
              4569.224673900785
            ],
            [
              1465.1698844947803,
              4595.224673900785
            ],
            [
              1448.1698844947803,
              4604.224673900785
            ],
            [
              1446.1698844947803,
              4619.224673900785
            ],
            [
              1441.1698844947803,
              4619.224673900785
            ],
            [
              1438.1698844947803,
              4611.224673900785
            ],
            [
              1420.1698844947803,
              4618.224673900785
            ],
            [
              1419.1698844947803,
              4645.224673900785
            ],
            [
              1409.1698844947803,
              4659.224673900785
            ],
            [
              1393.1698844947803,
              4668.224673900785
            ],
            [
              1392.1698844947803,
              4683.224673900785
            ],
            [
              1381.1698844947803,
              4700.224673900785
            ],
            [
              1370.1698844947803,
              4706.224673900785
            ],
            [
              1360.1698844947803,
              4704.224673900785
            ],
            [
              1327.1698844947803,
              4730.224673900785
            ],
            [
              1287.1698844947803,
              4739.224673900785
            ],
            [
              1268.1698844947803,
              4737.224673900785
            ],
            [
              1250.1698844947803,
              4752.224673900785
            ],
            [
              1250.1698844947803,
              4744.224673900785
            ],
            [
              1233.1698844947803,
              4738.224673900785
            ],
            [
              1231.1698844947803,
              4732.224673900785
            ],
            [
              1218.1698844947803,
              4749.224673900785
            ],
            [
              1212.1698844947803,
              4746.224673900785
            ],
            [
              1216.1698844947803,
              4736.224673900785
            ],
            [
              1210.1698844947803,
              4729.224673900785
            ],
            [
              1193.1698844947803,
              4727.224673900785
            ],
            [
              1186.1698844947803,
              4740.224673900785
            ],
            [
              1175.1698844947803,
              4740.224673900785
            ],
            [
              1160.1698844947803,
              4752.224673900785
            ],
            [
              1141.1698844947803,
              4730.224673900785
            ],
            [
              1142.1698844947803,
              4712.224673900785
            ],
            [
              1132.1698844947803,
              4706.224673900785
            ],
            [
              1131.1698844947803,
              4692.224673900785
            ],
            [
              1121.1698844947803,
              4688.224673900785
            ]
          ]
        ]
      },
      "properties": {
        "annotation_id": "84_GP3_130",
        "label": "Benign",
        "probabilities": null,
        "tags": []
      }
    },
    {
      "type": "Feature",
      "geometry": {
        "type": "Polygon",
        "coordinates": [
          [
            [
              2535.0,
              15348.0
            ],
            [
              2532.0,
              15346.0
            ],
            [
              2501.0,
              15346.0
            ],
            [
              2500.0,
              15347.0
            ],
            [
              2491.0,
              15347.0
            ],
            [
              2488.0,
              15349.0
            ],
            [
              2470.0,
              15349.0
            ],
            [
              2467.0,
              15351.0
            ],
            [
              2460.0,
              15351.0
            ],
            [
              2455.0,
              15354.0
            ],
            [
              2451.0,
              15354.0
            ],
            [
              2447.0,
              15357.0
            ],
            [
              2434.0,
              15374.0
            ],
            [
              2434.0,
              15414.0
            ],
            [
              2435.0,
              15415.0
            ],
            [
              2435.0,
              15421.0
            ],
            [
              2437.0,
              15424.0
            ],
            [
              2440.0,
              15426.0
            ],
            [
              2443.0,
              15426.0
            ],
            [
              2444.0,
              15427.0
            ],
            [
              2473.0,
              15427.0
            ],
            [
              2480.0,
              15419.0
            ],
            [
              2480.0,
              15417.0
            ],
            [
              2483.0,
              15413.0
            ],
            [
              2492.0,
              15405.0
            ],
            [
              2495.0,
              15400.0
            ],
            [
              2499.0,
              15396.0
            ],
            [
              2500.0,
              15393.0
            ],
            [
              2503.0,
              15390.0
            ],
            [
              2503.0,
              15388.0
            ],
            [
              2508.0,
              15382.0
            ],
            [
              2508.0,
              15380.0
            ],
            [
              2535.0,
              15358.0
            ],
            [
              2535.0,
              15348.0
            ]
          ]
        ]
      },
      "properties": {
        "annotation_id": "84_GP3_20",
        "label": "GP3",
        "probabilities": null,
        "tags": []
      }
    },
    {
      "type": "Feature",
      "geometry": {
        "type": "Polygon",
        "coordinates": [
          [
            [
              3018.0,
              15330.0
            ],
            [
              3019.0,
              15351.0
            ],
            [
              3025.0,
              15357.0
            ],
            [
              3043.0,
              15366.0
            ],
            [
              3059.0,
              15378.0
            ],
            [
              3066.0,
              15385.0
            ],
            [
              3075.0,
              15400.0
            ],
            [
              3080.0,
              15403.0
            ],
            [
              3087.0,
              15404.0
            ],
            [
              3096.0,
              15409.0
            ],
            [
              3138.0,
              15413.0
            ],
            [
              3181.0,
              15412.0
            ],
            [
              3202.0,
              15400.0
            ],
            [
              3208.0,
              15394.0
            ],
            [
              3212.0,
              15386.0
            ],
            [
              3211.0,
              15368.0
            ],
            [
              3208.0,
              15366.0
            ],
            [
              3207.0,
              15361.0
            ],
            [
              3204.0,
              15359.0
            ],
            [
              3198.0,
              15349.0
            ],
            [
              3189.0,
              15339.0
            ],
            [
              3164.0,
              15325.0
            ],
            [
              3159.0,
              15325.0
            ],
            [
              3149.0,
              15321.0
            ],
            [
              3141.0,
              15320.0
            ],
            [
              3137.0,
              15316.0
            ],
            [
              3121.0,
              15316.0
            ],
            [
              3098.0,
              15311.0
            ],
            [
              3083.0,
              15311.0
            ],
            [
              3078.0,
              15308.0
            ],
            [
              3058.0,
              15308.0
            ],
            [
              3053.0,
              15309.0
            ],
            [
              3047.0,
              15313.0
            ],
            [
              3043.0,
              15313.0
            ],
            [
              3036.0,
              15318.0
            ],
            [
              3027.0,
              15320.0
            ],
            [
              3018.0,
              15330.0
            ]
          ],
          [
            [
              3099.0,
              15351.0
            ],
            [
              3100.0,
              15350.0
            ],
            [
              3100.0,
              15349.0
            ],
            [
              3103.0,
              15346.0
            ],
            [
              3104.0,
              15346.0
            ],
            [
              3106.0,
              15344.0
            ],
            [
              3109.0,
              15343.0
            ],
            [
              3113.0,
              15340.0
            ],
            [
              3116.0,
              15340.0
            ],
            [
              3118.0,
              15338.0
            ],
            [
              3119.0,
              15335.0
            ],
            [
              3124.0,
              15332.0
            ],
            [
              3126.0,
              15332.0
            ],
            [
              3127.0,
              15333.0
            ],
            [
              3137.0,
              15333.0
            ],
            [
              3138.0,
              15334.0
            ],
            [
              3139.0,
              15334.0
            ],
            [
              3144.0,
              15339.0
            ],
            [
              3144.0,
              15340.0
            ],
            [
              3146.0,
              15342.0
            ],
            [
              3151.0,
              15342.0
            ],
            [
              3152.0,
              15343.0
            ],
            [
              3153.0,
              15343.0
            ],
            [
              3155.0,
              15346.0
            ],
            [
              3161.0,
              15346.0
            ],
            [
              3162.0,
              15347.0
            ],
            [
              3164.0,
              15347.0
            ],
            [
              3165.0,
              15348.0
            ],
            [
              3166.0,
              15348.0
            ],
            [
              3168.0,
              15350.0
            ],
            [
              3168.0,
              15353.0
            ],
            [
              3173.0,
              15357.0
            ],
            [
              3173.0,
              15363.0
            ],
            [
              3172.0,
              15364.0
            ],
            [
              3169.0,
              15365.0
            ],
            [
              3165.0,
              15369.0
            ],
            [
              3165.0,
              15370.0
            ],
            [
              3163.0,
              15373.0
            ],
            [
              3162.0,
              15373.0
            ],
            [
              3161.0,
              15374.0
            ],
            [
              3158.0,
              15374.0
            ],
            [
              3154.0,
              15377.0
            ],
            [
              3151.0,
              15377.0
            ],
            [
              3150.0,
              15378.0
            ],
            [
              3146.0,
              15378.0
            ],
            [
              3145.0,
              15379.0
            ],
            [
              3136.0,
              15379.0
            ],
            [
              3135.0,
              15378.0
            ],
            [
              3133.0,
              15378.0
            ],
            [
              3132.0,
              15379.0
            ],
            [
              3128.0,
              15379.0
            ],
            [
              3125.0,
              15377.0
            ],
            [
              3125.0,
              15374.0
            ],
            [
              3123.0,
              15372.0
            ],
            [
              3120.0,
              15375.0
            ],
            [
              3119.0,
              15375.0
            ],
            [
              3118.0,
              15376.0
            ],
            [
              3116.0,
              15376.0
            ],
            [
              3115.0,
              15375.0
            ],
            [
              3114.0,
              15375.0
            ],
            [
              3113.0,
              15374.0
            ],
            [
              3112.0,
              15371.0
            ],
            [
              3109.0,
              15368.0
            ],
            [
              3108.0,
              15368.0
            ],
            [
              3107.0,
              15367.0
            ],
            [
              3107.0,
              15366.0
            ],
            [
              3105.0,
              15364.0
            ],
            [
              3105.0,
              15363.0
            ],
            [
              3099.0,
              15357.0
            ],
            [
              3099.0,
              15351.0
            ]
          ]
        ]
      },
      "properties": {
        "annotation_id": "84_GP3_21",
        "label": "GP3",
        "probabilities": null,
        "tags": []
      }
    },
    {
      "type": "Feature",
      "geometry": {
        "type": "Polygon",
        "coordinates": [
          [
            [
              2886.0,
              15244.0
            ],
            [
              2886.0,
              15246.0
            ],
            [
              2885.0,
              15247.0
            ],
            [
              2885.0,
              15248.0
            ],
            [
              2884.0,
              15249.0
            ],
            [
              2884.0,
              15251.0
            ],
            [
              2883.0,
              15252.0
            ],
            [
              2883.0,
              15269.0
            ],
            [
              2887.0,
              15273.0
            ],
            [
              2887.0,
              15274.0
            ],
            [
              2890.0,
              15277.0
            ],
            [
              2891.0,
              15277.0
            ],
            [
              2894.0,
              15280.0
            ],
            [
              2895.0,
              15280.0
            ],
            [
              2897.0,
              15282.0
            ],
            [
              2899.0,
              15282.0
            ],
            [
              2902.0,
              15280.0
            ],
            [
              2903.0,
              15281.0
            ],
            [
              2940.0,
              15281.0
            ],
            [
              2941.0,
              15280.0
            ],
            [
              2941.0,
              15260.0
            ],
            [
              2939.0,
              15258.0
            ],
            [
              2939.0,
              15255.0
            ],
            [
              2938.0,
              15254.0
            ],
            [
              2938.0,
              15253.0
            ],
            [
              2934.0,
              15249.0
            ],
            [
              2934.0,
              15247.0
            ],
            [
              2933.0,
              15246.0
            ],
            [
              2932.0,
              15246.0
            ],
            [
              2931.0,
              15245.0
            ],
            [
              2931.0,
              15244.0
            ],
            [
              2927.0,
              15240.0
            ],
            [
              2926.0,
              15240.0
            ],
            [
              2923.0,
              15237.0
            ],
            [
              2922.0,
              15237.0
            ],
            [
              2920.0,
              15235.0
            ],
            [
              2919.0,
              15235.0
            ],
            [
              2918.0,
              15234.0
            ],
            [
              2904.0,
              15234.0
            ],
            [
              2903.0,
              15235.0
            ],
            [
              2901.0,
              15235.0
            ],
            [
              2900.0,
              15236.0
            ],
            [
              2898.0,
              15236.0
            ],
            [
              2897.0,
              15237.0
            ],
            [
              2894.0,
              15237.0
            ],
            [
              2893.0,
              15238.0
            ],
            [
              2892.0,
              15238.0
            ],
            [
              2886.0,
              15244.0
            ]
          ]
        ]
      },
      "properties": {
        "annotation_id": "84_GP3_23",
        "label": "GP3",
        "probabilities": null,
        "tags": []
      }
    },
    {
      "type": "Feature",
      "geometry": {
        "type": "Polygon",
        "coordinates": [
          [
            [
              3449.0,
              15253.0
            ],
            [
              3441.0,
              15237.0
            ],
            [
              3433.0,
              15230.0
            ],
            [
              3412.0,
              15230.0
            ],
            [
              3404.0,
              15233.0
            ],
            [
              3391.0,
              15233.0
            ],
            [
              3388.0,
              15235.0
            ],
            [
              3377.0,
              15236.0
            ],
            [
              3373.0,
              15239.0
            ],
            [
              3355.0,
              15242.0
            ],
            [
              3329.0,
              15257.0
            ],
            [
              3325.0,
              15257.0
            ],
            [
              3322.0,
              15259.0
            ],
            [
              3318.0,
              15259.0
            ],
            [
              3311.0,
              15262.0
            ],
            [
              3303.0,
              15270.0
            ],
            [
              3301.0,
              15277.0
            ],
            [
              3301.0,
              15297.0
            ],
            [
              3303.0,
              15301.0
            ],
            [
              3303.0,
              15306.0
            ],
            [
              3313.0,
              15316.0
            ],
            [
              3332.0,
              15321.0
            ],
            [
              3343.0,
              15321.0
            ],
            [
              3355.0,
              15323.0
            ],
            [
              3366.0,
              15331.0
            ],
            [
              3406.0,
              15330.0
            ],
            [
              3418.0,
              15324.0
            ],
            [
              3427.0,
              15317.0
            ],
            [
              3431.0,
              15312.0
            ],
            [
              3431.0,
              15310.0
            ],
            [
              3435.0,
              15306.0
            ],
            [
              3449.0,
              15274.0
            ],
            [
              3449.0,
              15253.0
            ]
          ]
        ]
      },
      "properties": {
        "annotation_id": "84_GP3_24",
        "label": "GP3",
        "probabilities": null,
        "tags": []
      }
    },
    {
      "type": "Feature",
      "geometry": {
        "type": "Polygon",
        "coordinates": [
          [
            [
              2436.0,
              15128.0
            ],
            [
              2424.0,
              15117.0
            ],
            [
              2406.0,
              15109.0
            ],
            [
              2352.0,
              15108.0
            ],
            [
              2340.0,
              15114.0
            ],
            [
              2326.0,
              15124.0
            ],
            [
              2318.0,
              15132.0
            ],
            [
              2318.0,
              15134.0
            ],
            [
              2312.0,
              15141.0
            ],
            [
              2310.0,
              15151.0
            ],
            [
              2303.0,
              15163.0
            ],
            [
              2302.0,
              15170.0
            ],
            [
              2295.0,
              15183.0
            ],
            [
              2294.0,
              15200.0
            ],
            [
              2292.0,
              15202.0
            ],
            [
              2292.0,
              15224.0
            ],
            [
              2299.0,
              15228.0
            ],
            [
              2315.0,
              15231.0
            ],
            [
              2345.0,
              15234.0
            ],
            [
              2365.0,
              15234.0
            ],
            [
              2374.0,
              15232.0
            ],
            [
              2386.0,
              15226.0
            ],
            [
              2391.0,
              15226.0
            ],
            [
              2402.0,
              15222.0
            ],
            [
              2414.0,
              15212.0
            ],
            [
              2432.0,
              15201.0
            ],
            [
              2439.0,
              15194.0
            ],
            [
              2449.0,
              15189.0
            ],
            [
              2455.0,
              15181.0
            ],
            [
              2455.0,
              15170.0
            ],
            [
              2451.0,
              15165.0
            ],
            [
              2445.0,
              15146.0
            ],
            [
              2436.0,
              15128.0
            ]
          ]
        ]
      },
      "properties": {
        "annotation_id": "84_GP3_25",
        "label": "GP3",
        "probabilities": null,
        "tags": []
      }
    },
    {
      "type": "Feature",
      "geometry": {
        "type": "Polygon",
        "coordinates": [
          [
            [
              2507.0,
              14801.0
            ],
            [
              2485.0,
              14810.0
            ],
            [
              2464.0,
              14824.0
            ],
            [
              2454.0,
              14841.0
            ],
            [
              2449.0,
              14861.0
            ],
            [
              2450.0,
              14904.0
            ],
            [
              2478.0,
              14951.0
            ],
            [
              2483.0,
              14966.0
            ],
            [
              2479.0,
              15079.0
            ],
            [
              2495.0,
              15098.0
            ],
            [
              2558.0,
              15137.0
            ],
            [
              2579.0,
              15140.0
            ],
            [
              2616.0,
              15134.0
            ],
            [
              2650.0,
              15110.0
            ],
            [
              2667.0,
              15110.0
            ],
            [
              2677.0,
              15106.0
            ],
            [
              2689.0,
              15095.0
            ],
            [
              2694.0,
              15083.0
            ],
            [
              2698.0,
              15016.0
            ],
            [
              2675.0,
              14982.0
            ],
            [
              2670.0,
              14965.0
            ],
            [
              2676.0,
              14938.0
            ],
            [
              2676.0,
              14898.0
            ],
            [
              2662.0,
              14884.0
            ],
            [
              2638.0,
              14872.0
            ],
            [
              2620.0,
              14868.0
            ],
            [
              2609.0,
              14860.0
            ],
            [
              2602.0,
              14850.0
            ],
            [
              2599.0,
              14821.0
            ],
            [
              2589.0,
              14809.0
            ],
            [
              2547.0,
              14798.0
            ],
            [
              2507.0,
              14801.0
            ]
          ]
        ]
      },
      "properties": {
        "annotation_id": "84_GP3_27",
        "label": "GP3",
        "probabilities": null,
        "tags": []
      }
    },
    {
      "type": "Feature",
      "geometry": {
        "type": "Polygon",
        "coordinates": [
          [
            [
              2571.0351538986533,
              13535.21399646634
            ],
            [
              2504.3692834738517,
              13511.928424824548
            ],
            [
              2475.2331645760273,
              13519.102156535217
            ],
            [
              2374.048487744801,
              13558.723052115012
            ],
            [
              2355.6341592373406,
              13513.746136718913
            ],
            [
              2332.656049478446,
              13498.464148165513
            ],
            [
              2297.711969444008,
              13499.821362344612
            ],
            [
              2282.78002889292,
              13494.716884445648
            ],
            [
              2284.3645060226618,
              13492.211411885368
            ],
            [
              2285.1372430720216,
              13508.580765547822
            ],
            [
              2289.4568444382744,
              13508.146935524852
            ],
            [
              2272.1955517631786,
              13475.320667235525
            ],
            [
              2065.1955517631786,
              13557.320667235525
            ],
            [
              1931.1955517631786,
              13551.320667235525
            ],
            [
              1867.1955517631786,
              13633.320667235525
            ],
            [
              1891.1955517631786,
              13720.320667235525
            ],
            [
              1734.1955517631786,
              13804.320667235525
            ],
            [
              1687.1955517631786,
              13918.320667235525
            ],
            [
              1844.1955517631786,
              14272.320667235525
            ],
            [
              1906.1955517631786,
              14286.320667235525
            ],
            [
              2011.1955517631786,
              14117.320667235525
            ],
            [
              2055.1955517631786,
              14122.320667235525
            ],
            [
              1919.1955517631786,
              14003.320667235525
            ],
            [
              1919.1955517631786,
              13945.320667235525
            ],
            [
              2050.1955517631786,
              13907.320667235525
            ],
            [
              2068.1955517631786,
              14046.320667235525
            ],
            [
              2181.1955517631786,
              14080.320667235525
            ],
            [
              2318.1955517631786,
              14295.320667235525
            ],
            [
              2595.1955517631786,
              14392.320667235525
            ],
            [
              2500.1955517631786,
              14433.320667235525
            ],
            [
              2387.1955517631786,
              14371.320667235525
            ],
            [
              2238.1955517631786,
              14383.320667235525
            ],
            [
              2225.1955517631786,
              14427.320667235525
            ],
            [
              2285.1955517631786,
              14556.320667235525
            ],
            [
              2434.1955517631786,
              14596.320667235525
            ],
            [
              2772.586543834597,
              14882.246175827311
            ],
            [
              2979.1955517631786,
              14920.320667235525
            ],
            [
              3058.1955517631786,
              14887.320667235525
            ],
            [
              3148.73401194599,
              14867.44670648663
            ],
            [
              3262.407784414439,
              14879.571821958976
            ],
            [
              3312.842446530253,
              14739.000000000002
            ],
            [
              3339.1955517631786,
              14566.320667235525
            ],
            [
              3266.1955517631786,
              14454.320667235525
            ],
            [
              3269.1955517631786,
              14333.320667235525
            ],
            [
              3109.1955517631786,
              13990.320667235525
            ],
            [
              3062.1955517631786,
              13708.320667235525
            ],
            [
              2986.1955517631786,
              13608.320667235525
            ],
            [
              2860.1955517631786,
              13566.320667235525
            ],
            [
              2857.1955517631786,
              13648.320667235525
            ],
            [
              2781.1955517631786,
              13656.320667235525
            ],
            [
              2772.1955517631786,
              13784.320667235525
            ],
            [
              2714.1955517631786,
              13868.320667235525
            ],
            [
              2745.9306759996907,
              13749.882059761363
            ],
            [
              2658.1955517631786,
              13536.320667235525
            ],
            [
              2541.1955517631786,
              13531.320667235525
            ],
            [
              2488.1955517631786,
              13492.320667235525
            ],
            [
              2378.1955517631786,
              13528.320667235525
            ],
            [
              2285.1955517631786,
              13473.320667235525
            ],
            [
              2474.1955517631786,
              13482.320667235525
            ],
            [
              2583.1955517631786,
              13521.320667235525
            ],
            [
              2614.78480634411,
              13534.89061615632
            ],
            [
              2671.9233139675293,
              13554.68404908399
            ],
            [
              2683.0168467459403,
              13606.831113102367
            ],
            [
              2644.812367466516,
              13639.294721382348
            ],
            [
              2683.982817021484,
              13606.816584893422
            ],
            [
              2657.295056355577,
              13547.845837166687
            ],
            [
              2621.6608269296357,
              13534.192106225233
            ],
            [
              2647.00470726259,
              13554.78016644337
            ],
            [
              2608.1881897310186,
              13521.00006736185
            ],
            [
              2571.0351538986533,
              13535.21399646634
            ]
          ],
          [
            [
              3029.1955517631786,
              14807.320667235525
            ],
            [
              3029.1955517631786,
              14810.320667235525
            ],
            [
              3027.1955517631786,
              14812.320667235525
            ],
            [
              3027.1955517631786,
              14817.320667235525
            ],
            [
              3026.1955517631786,
              14819.320667235525
            ],
            [
              3023.1955517631786,
              14822.320667235525
            ],
            [
              3021.1955517631786,
              14823.320667235525
            ],
            [
              3016.1955517631786,
              14823.320667235525
            ],
            [
              3013.1955517631786,
              14826.320667235525
            ],
            [
              3011.1955517631786,
              14831.320667235525
            ],
            [
              3008.1955517631786,
              14834.320667235525
            ],
            [
              3008.1955517631786,
              14836.320667235525
            ],
            [
              3006.1955517631786,
              14840.320667235525
            ],
            [
              3002.1955517631786,
              14844.320667235525
            ],
            [
              3002.1955517631786,
              14847.320667235525
            ],
            [
              2998.1955517631786,
              14850.320667235525
            ],
            [
              2996.1955517631786,
              14849.320667235525
            ],
            [
              2991.1955517631786,
              14843.320667235525
            ],
            [
              2990.1955517631786,
              14844.320667235525
            ],
            [
              2987.1955517631786,
              14844.320667235525
            ],
            [
              2982.1955517631786,
              14849.320667235525
            ],
            [
              2982.1955517631786,
              14857.320667235525
            ],
            [
              2979.1955517631786,
              14859.320667235525
            ],
            [
              2974.1955517631786,
              14859.320667235525
            ],
            [
              2968.1955517631786,
              14856.320667235525
            ],
            [
              2968.1955517631786,
              14853.320667235525
            ],
            [
              2970.1955517631786,
              14850.320667235525
            ],
            [
              2970.1955517631786,
              14843.320667235525
            ],
            [
              2965.1955517631786,
              14837.320667235525
            ],
            [
              2960.1955517631786,
              14837.320667235525
            ],
            [
              2955.1955517631786,
              14840.320667235525
            ],
            [
              2944.1955517631786,
              14839.320667235525
            ],
            [
              2942.1955517631786,
              14842.320667235525
            ],
            [
              2935.1955517631786,
              14847.320667235525
            ],
            [
              2931.1955517631786,
              14847.320667235525
            ],
            [
              2927.1955517631786,
              14844.320667235525
            ],
            [
              2923.1955517631786,
              14843.320667235525
            ],
            [
              2921.1955517631786,
              14841.320667235525
            ],
            [
              2921.1955517631786,
              14838.320667235525
            ],
            [
              2930.1955517631786,
              14832.320667235525
            ],
            [
              2934.1955517631786,
              14832.320667235525
            ],
            [
              2935.1955517631786,
              14833.320667235525
            ],
            [
              2941.1955517631786,
              14832.320667235525
            ],
            [
              2951.1955517631786,
              14826.320667235525
            ],
            [
              2953.1955517631786,
              14826.320667235525
            ],
            [
              2954.1955517631786,
              14825.320667235525
            ],
            [
              2958.1955517631786,
              14826.320667235525
            ],
            [
              2961.1955517631786,
              14823.320667235525
            ],
            [
              2965.1955517631786,
              14821.320667235525
            ],
            [
              2967.1955517631786,
              14821.320667235525
            ],
            [
              2973.1955517631786,
              14817.320667235525
            ],
            [
              2975.1955517631786,
              14818.320667235525
            ],
            [
              2985.1955517631786,
              14818.320667235525
            ],
            [
              2991.1955517631786,
              14815.320667235525
            ],
            [
              2999.1955517631786,
              14815.320667235525
            ],
            [
              3002.1955517631786,
              14813.320667235525
            ],
            [
              3007.1955517631786,
              14812.320667235525
            ],
            [
              3014.1955517631786,
              14808.320667235525
            ],
            [
              3016.1955517631786,
              14808.320667235525
            ],
            [
              3022.1955517631786,
              14805.320667235525
            ],
            [
              3026.1955517631786,
              14805.320667235525
            ],
            [
              3029.1955517631786,
              14807.320667235525
            ]
          ],
          [
            [
              2760.1955517631786,
              14757.320667235525
            ],
            [
              2766.1955517631786,
              14754.320667235525
            ],
            [
              2773.1955517631786,
              14754.320667235525
            ],
            [
              2776.1955517631786,
              14752.320667235525
            ],
            [
              2779.1955517631786,
              14752.320667235525
            ],
            [
              2793.1955517631786,
              14744.320667235525
            ],
            [
              2803.1955517631786,
              14748.320667235525
            ],
            [
              2813.1955517631786,
              14747.320667235525
            ],
            [
              2819.1955517631786,
              14744.320667235525
            ],
            [
              2832.1955517631786,
              14744.320667235525
            ],
            [
              2845.1955517631786,
              14755.320667235525
            ],
            [
              2856.1955517631786,
              14760.320667235525
            ],
            [
              2869.1955517631786,
              14775.320667235525
            ],
            [
              2869.1955517631786,
              14783.320667235525
            ],
            [
              2865.1955517631786,
              14787.320667235525
            ],
            [
              2866.1955517631786,
              14799.320667235525
            ],
            [
              2871.1955517631786,
              14804.320667235525
            ],
            [
              2875.1955517631786,
              14802.320667235525
            ],
            [
              2878.1955517631786,
              14804.320667235525
            ],
            [
              2879.1955517631786,
              14829.320667235525
            ],
            [
              2876.1955517631786,
              14836.320667235525
            ],
            [
              2866.1955517631786,
              14849.320667235525
            ],
            [
              2865.1955517631786,
              14854.320667235525
            ],
            [
              2861.1955517631786,
              14858.320667235525
            ],
            [
              2843.1955517631786,
              14866.320667235525
            ],
            [
              2836.1955517631786,
              14872.320667235525
            ],
            [
              2831.1955517631786,
              14872.320667235525
            ],
            [
              2821.1955517631786,
              14875.320667235525
            ],
            [
              2811.1955517631786,
              14875.320667235525
            ],
            [
              2796.1955517631786,
              14871.320667235525
            ],
            [
              2786.1955517631786,
              14866.320667235525
            ],
            [
              2778.1955517631786,
              14858.320667235525
            ],
            [
              2773.1955517631786,
              14856.320667235525
            ],
            [
              2756.1955517631786,
              14839.320667235525
            ],
            [
              2752.1955517631786,
              14827.320667235525
            ],
            [
              2745.1955517631786,
              14819.320667235525
            ],
            [
              2744.1955517631786,
              14810.320667235525
            ],
            [
              2740.1955517631786,
              14799.320667235525
            ],
            [
              2740.1955517631786,
              14796.320667235525
            ],
            [
              2742.1955517631786,
              14794.320667235525
            ],
            [
              2742.1955517631786,
              14791.320667235525
            ],
            [
              2745.1955517631786,
              14787.320667235525
            ],
            [
              2746.1955517631786,
              14782.320667235525
            ],
            [
              2753.1955517631786,
              14776.320667235525
            ],
            [
              2755.1955517631786,
              14762.320667235525
            ],
            [
              2760.1955517631786,
              14757.320667235525
            ]
          ],
          [
            [
              2822.1955517631786,
              14181.320667235525
            ],
            [
              2826.1955517631786,
              14173.320667235525
            ],
            [
              2832.1955517631786,
              14172.320667235525
            ],
            [
              2835.1955517631786,
              14170.320667235525
            ],
            [
              2840.1955517631786,
              14172.320667235525
            ],
            [
              2856.1955517631786,
              14172.320667235525
            ],
            [
              2859.1955517631786,
              14170.320667235525
            ],
            [
              2864.1955517631786,
              14170.320667235525
            ],
            [
              2875.1955517631786,
              14166.320667235525
            ],
            [
              2887.1955517631786,
              14166.320667235525
            ],
            [
              2893.1955517631786,
              14169.320667235525
            ],
            [
              2911.1955517631786,
              14187.320667235525
            ],
            [
              2911.1955517631786,
              14189.320667235525
            ],
            [
              2916.1955517631786,
              14192.320667235525
            ],
            [
              2927.1955517631786,
              14186.320667235525
            ],
            [
              2935.1955517631786,
              14186.320667235525
            ],
            [
              2942.1955517631786,
              14190.320667235525
            ],
            [
              2960.1955517631786,
              14190.320667235525
            ],
            [
              2963.1955517631786,
              14188.320667235525
            ],
            [
              2968.1955517631786,
              14188.320667235525
            ],
            [
              2974.1955517631786,
              14185.320667235525
            ],
            [
              2983.1955517631786,
              14177.320667235525
            ],
            [
              2993.1955517631786,
              14172.320667235525
            ],
            [
              2997.1955517631786,
              14173.320667235525
            ],
            [
              3003.1955517631786,
              14179.320667235525
            ],
            [
              3003.1955517631786,
              14183.320667235525
            ],
            [
              3001.1955517631786,
              14187.320667235525
            ],
            [
              2994.1955517631786,
              14194.320667235525
            ],
            [
              2988.1955517631786,
              14197.320667235525
            ],
            [
              2983.1955517631786,
              14203.320667235525
            ],
            [
              2983.1955517631786,
              14207.320667235525
            ],
            [
              2981.1955517631786,
              14209.320667235525
            ],
            [
              2981.1955517631786,
              14223.320667235525
            ],
            [
              2970.1955517631786,
              14234.320667235525
            ],
            [
              2959.1955517631786,
              14239.320667235525
            ],
            [
              2924.1955517631786,
              14239.320667235525
            ],
            [
              2913.1955517631786,
              14243.320667235525
            ],
            [
              2896.1955517631786,
              14243.320667235525
            ],
            [
              2893.1955517631786,
              14241.320667235525
            ],
            [
              2885.1955517631786,
              14240.320667235525
            ],
            [
              2869.1955517631786,
              14221.320667235525
            ],
            [
              2861.1955517631786,
              14217.320667235525
            ],
            [
              2854.1955517631786,
              14217.320667235525
            ],
            [
              2845.1955517631786,
              14209.320667235525
            ],
            [
              2837.1955517631786,
              14206.320667235525
            ],
            [
              2824.1955517631786,
              14191.320667235525
            ],
            [
              2824.1955517631786,
              14185.320667235525
            ],
            [
              2822.1955517631786,
              14181.320667235525
            ]
          ],
          [
            [
              2563.1955517631786,
              13927.320667235525
            ],
            [
              2571.1955517631786,
              13928.320667235525
            ],
            [
              2592.1955517631786,
              13919.320667235525
            ],
            [
              2604.1955517631786,
              13928.320667235525
            ],
            [
              2625.1955517631786,
              13927.320667235525
            ],
            [
              2634.1955517631786,
              13933.320667235525
            ],
            [
              2642.1955517631786,
              13935.320667235525
            ],
            [
              2649.1955517631786,
              13933.320667235525
            ],
            [
              2654.1955517631786,
              13936.320667235525
            ],
            [
              2655.1955517631786,
              13941.320667235525
            ],
            [
              2649.1955517631786,
              13945.320667235525
            ],
            [
              2648.1955517631786,
              13955.320667235525
            ],
            [
              2658.1955517631786,
              13970.320667235525
            ],
            [
              2668.1955517631786,
              13976.320667235525
            ],
            [
              2675.1955517631786,
              13983.320667235525
            ],
            [
              2678.1955517631786,
              13992.320667235525
            ],
            [
              2687.1955517631786,
              13999.320667235525
            ],
            [
              2686.1955517631786,
              14014.320667235525
            ],
            [
              2692.1955517631786,
              14022.320667235525
            ],
            [
              2692.1955517631786,
              14031.320667235525
            ],
            [
              2689.1955517631786,
              14034.320667235525
            ],
            [
              2700.1955517631786,
              14041.320667235525
            ],
            [
              2708.1955517631786,
              14032.320667235525
            ],
            [
              2714.1955517631786,
              14032.320667235525
            ],
            [
              2720.1955517631786,
              14036.320667235525
            ],
            [
              2713.1955517631786,
              14053.320667235525
            ],
            [
              2718.1955517631786,
              14075.320667235525
            ],
            [
              2715.1955517631786,
              14098.320667235525
            ],
            [
              2711.1955517631786,
              14103.320667235525
            ],
            [
              2719.1955517631786,
              14109.320667235525
            ],
            [
              2719.1955517631786,
              14113.320667235525
            ],
            [
              2688.1955517631786,
              14146.320667235525
            ],
            [
              2666.1955517631786,
              14158.320667235525
            ],
            [
              2660.1955517631786,
              14159.320667235525
            ],
            [
              2639.1955517631786,
              14153.320667235525
            ],
            [
              2622.1955517631786,
              14138.320667235525
            ],
            [
              2616.1955517631786,
              14144.320667235525
            ],
            [
              2619.1955517631786,
              14154.320667235525
            ],
            [
              2616.1955517631786,
              14159.320667235525
            ],
            [
              2601.1955517631786,
              14153.320667235525
            ],
            [
              2588.1955517631786,
              14158.320667235525
            ],
            [
              2580.1955517631786,
              14156.320667235525
            ],
            [
              2568.1955517631786,
              14146.320667235525
            ],
            [
              2564.1955517631786,
              14140.320667235525
            ],
            [
              2564.1955517631786,
              14132.320667235525
            ],
            [
              2554.1955517631786,
              14123.320667235525
            ],
            [
              2540.1955517631786,
              14099.320667235525
            ],
            [
              2541.1955517631786,
              14096.320667235525
            ],
            [
              2549.1955517631786,
              14093.320667235525
            ],
            [
              2544.1955517631786,
              14085.320667235525
            ],
            [
              2556.1955517631786,
              14081.320667235525
            ],
            [
              2563.1955517631786,
              14075.320667235525
            ],
            [
              2562.1955517631786,
              14056.320667235525
            ],
            [
              2572.1955517631786,
              14048.320667235525
            ],
            [
              2574.1955517631786,
              14038.320667235525
            ],
            [
              2585.1955517631786,
              14023.320667235525
            ],
            [
              2585.1955517631786,
              14012.320667235525
            ],
            [
              2579.1955517631786,
              14006.320667235525
            ],
            [
              2559.1955517631786,
              14005.320667235525
            ],
            [
              2556.1955517631786,
              14003.320667235525
            ],
            [
              2557.1955517631786,
              13996.320667235525
            ],
            [
              2550.1955517631786,
              13992.320667235525
            ],
            [
              2550.1955517631786,
              13989.320667235525
            ],
            [
              2562.1955517631786,
              13978.320667235525
            ],
            [
              2561.1955517631786,
              13973.320667235525
            ],
            [
              2558.1955517631786,
              13971.320667235525
            ],
            [
              2551.1955517631786,
              13973.320667235525
            ],
            [
              2547.1955517631786,
              13967.320667235525
            ],
            [
              2550.1955517631786,
              13952.320667235525
            ],
            [
              2557.1955517631786,
              13944.320667235525
            ],
            [
              2560.1955517631786,
              13929.320667235525
            ],
            [
              2563.1955517631786,
              13927.320667235525
            ]
          ],
          [
            [
              2200.1955517631786,
              13927.320667235525
            ],
            [
              2230.1955517631786,
              13899.320667235525
            ],
            [
              2267.1955517631786,
              13886.320667235525
            ],
            [
              2334.1955517631786,
              13884.320667235525
            ],
            [
              2393.1955517631786,
              13902.320667235525
            ],
            [
              2434.1955517631786,
              13946.320667235525
            ],
            [
              2452.1955517631786,
              14001.320667235525
            ],
            [
              2475.1955517631786,
              14009.320667235525
            ],
            [
              2501.1955517631786,
              14038.320667235525
            ],
            [
              2516.1955517631786,
              14125.320667235525
            ],
            [
              2540.1955517631786,
              14164.320667235525
            ],
            [
              2557.1955517631786,
              14180.320667235525
            ],
            [
              2592.1955517631786,
              14194.320667235525
            ],
            [
              2677.1955517631786,
              14208.320667235525
            ],
            [
              2739.1955517631786,
              14181.320667235525
            ],
            [
              2758.1955517631786,
              14116.320667235525
            ],
            [
              2760.1955517631786,
              14079.320667235525
            ],
            [
              2776.1955517631786,
              14068.320667235525
            ],
            [
              2792.1955517631786,
              14072.320667235525
            ],
            [
              2802.1955517631786,
              14086.320667235525
            ],
            [
              2803.1955517631786,
              14124.320667235525
            ],
            [
              2783.1955517631786,
              14198.320667235525
            ],
            [
              2786.1955517631786,
              14254.320667235525
            ],
            [
              2916.1955517631786,
              14301.320667235525
            ],
            [
              2923.1955517631786,
              14313.320667235525
            ],
            [
              2918.1955517631786,
              14336.320667235525
            ],
            [
              2893.1955517631786,
              14353.320667235525
            ],
            [
              2862.1955517631786,
              14351.320667235525
            ],
            [
              2760.1955517631786,
              14306.320667235525
            ],
            [
              2752.1955517631786,
              14294.320667235525
            ],
            [
              2711.1955517631786,
              14298.320667235525
            ],
            [
              2665.1955517631786,
              14277.320667235525
            ],
            [
              2660.1955517631786,
              14253.320667235525
            ],
            [
              2540.1955517631786,
              14229.320667235525
            ],
            [
              2507.1955517631786,
              14200.320667235525
            ],
            [
              2486.1955517631786,
              14199.320667235525
            ],
            [
              2437.1955517631786,
              14156.320667235525
            ],
            [
              2432.1955517631786,
              14131.320667235525
            ],
            [
              2380.1955517631786,
              14098.320667235525
            ],
            [
              2368.1955517631786,
              14096.320667235525
            ],
            [
              2365.1955517631786,
              14120.320667235525
            ],
            [
              2348.1955517631786,
              14135.320667235525
            ],
            [
              2325.1955517631786,
              14137.320667235525
            ],
            [
              2303.1955517631786,
              14127.320667235525
            ],
            [
              2283.1955517631786,
              14110.320667235525
            ],
            [
              2278.1955517631786,
              14089.320667235525
            ],
            [
              2208.1955517631786,
              14014.320667235525
            ],
            [
              2196.1955517631786,
              13970.320667235525
            ],
            [
              2200.1955517631786,
              13927.320667235525
            ]
          ],
          [
            [
              2528.1955517631786,
              13859.320667235525
            ],
            [
              2531.1955517631786,
              13859.320667235525
            ],
            [
              2536.1955517631786,
              13862.320667235525
            ],
            [
              2536.1955517631786,
              13864.320667235525
            ],
            [
              2533.1955517631786,
              13867.320667235525
            ],
            [
              2533.1955517631786,
              13869.320667235525
            ],
            [
              2532.1955517631786,
              13870.320667235525
            ],
            [
              2533.1955517631786,
              13872.320667235525
            ],
            [
              2535.1955517631786,
              13872.320667235525
            ],
            [
              2538.1955517631786,
              13870.320667235525
            ],
            [
              2542.1955517631786,
              13873.320667235525
            ],
            [
              2544.1955517631786,
              13873.320667235525
            ],
            [
              2547.1955517631786,
              13870.320667235525
            ],
            [
              2547.1955517631786,
              13869.320667235525
            ],
            [
              2551.1955517631786,
              13866.320667235525
            ],
            [
              2553.1955517631786,
              13866.320667235525
            ],
            [
              2556.1955517631786,
              13868.320667235525
            ],
            [
              2557.1955517631786,
              13874.320667235525
            ],
            [
              2554.1955517631786,
              13876.320667235525
            ],
            [
              2553.1955517631786,
              13875.320667235525
            ],
            [
              2551.1955517631786,
              13875.320667235525
            ],
            [
              2548.1955517631786,
              13878.320667235525
            ],
            [
              2549.1955517631786,
              13879.320667235525
            ],
            [
              2557.1955517631786,
              13881.320667235525
            ],
            [
              2560.1955517631786,
              13883.320667235525
            ],
            [
              2561.1955517631786,
              13885.320667235525
            ],
            [
              2561.1955517631786,
              13893.320667235525
            ],
            [
              2562.1955517631786,
              13894.320667235525
            ],
            [
              2562.1955517631786,
              13898.320667235525
            ],
            [
              2561.1955517631786,
              13899.320667235525
            ],
            [
              2561.1955517631786,
              13903.320667235525
            ],
            [
              2560.1955517631786,
              13904.320667235525
            ],
            [
              2559.1955517631786,
              13910.320667235525
            ],
            [
              2553.1955517631786,
              13916.320667235525
            ],
            [
              2546.1955517631786,
              13920.320667235525
            ],
            [
              2538.1955517631786,
              13919.320667235525
            ],
            [
              2531.1955517631786,
              13924.320667235525
            ],
            [
              2527.1955517631786,
              13921.320667235525
            ],
            [
              2520.1955517631786,
              13921.320667235525
            ],
            [
              2518.1955517631786,
              13920.320667235525
            ],
            [
              2515.1955517631786,
              13917.320667235525
            ],
            [
              2515.1955517631786,
              13916.320667235525
            ],
            [
              2511.1955517631786,
              13911.320667235525
            ],
            [
              2510.1955517631786,
              13907.320667235525
            ],
            [
              2509.1955517631786,
              13906.320667235525
            ],
            [
              2509.1955517631786,
              13904.320667235525
            ],
            [
              2508.1955517631786,
              13903.320667235525
            ],
            [
              2508.1955517631786,
              13898.320667235525
            ],
            [
              2511.1955517631786,
              13895.320667235525
            ],
            [
              2511.1955517631786,
              13890.320667235525
            ],
            [
              2514.1955517631786,
              13888.320667235525
            ],
            [
              2517.1955517631786,
              13888.320667235525
            ],
            [
              2519.1955517631786,
              13886.320667235525
            ],
            [
              2522.1955517631786,
              13885.320667235525
            ],
            [
              2525.1955517631786,
              13880.320667235525
            ],
            [
              2524.1955517631786,
              13878.320667235525
            ],
            [
              2523.1955517631786,
              13879.320667235525
            ],
            [
              2514.1955517631786,
              13880.320667235525
            ],
            [
              2511.1955517631786,
              13878.320667235525
            ],
            [
              2511.1955517631786,
              13875.320667235525
            ],
            [
              2514.1955517631786,
              13873.320667235525
            ],
            [
              2517.1955517631786,
              13867.320667235525
            ],
            [
              2521.1955517631786,
              13863.320667235525
            ],
            [
              2528.1955517631786,
              13859.320667235525
            ]
          ],
          [
            [
              1928.1955517631786,
              13780.320667235525
            ],
            [
              1929.1955517631786,
              13779.320667235525
            ],
            [
              1929.1955517631786,
              13778.320667235525
            ],
            [
              1931.1955517631786,
              13776.320667235525
            ],
            [
              1932.1955517631786,
              13776.320667235525
            ],
            [
              1933.1955517631786,
              13775.320667235525
            ],
            [
              1934.1955517631786,
              13776.320667235525
            ],
            [
              1935.1955517631786,
              13776.320667235525
            ],
            [
              1936.1955517631786,
              13777.320667235525
            ],
            [
              1939.1955517631786,
              13778.320667235525
            ],
            [
              1940.1955517631786,
              13779.320667235525
            ],
            [
              1940.1955517631786,
              13782.320667235525
            ],
            [
              1943.1955517631786,
              13784.320667235525
            ],
            [
              1946.1955517631786,
              13784.320667235525
            ],
            [
              1947.1955517631786,
              13783.320667235525
            ],
            [
              1949.1955517631786,
              13783.320667235525
            ],
            [
              1950.1955517631786,
              13784.320667235525
            ],
            [
              1953.1955517631786,
              13785.320667235525
            ],
            [
              1955.1955517631786,
              13787.320667235525
            ],
            [
              1956.1955517631786,
              13787.320667235525
            ],
            [
              1957.1955517631786,
              13788.320667235525
            ],
            [
              1958.1955517631786,
              13788.320667235525
            ],
            [
              1959.1955517631786,
              13789.320667235525
            ],
            [
              1962.1955517631786,
              13790.320667235525
            ],
            [
              1964.1955517631786,
              13792.320667235525
            ],
            [
              1966.1955517631786,
              13792.320667235525
            ],
            [
              1967.1955517631786,
              13793.320667235525
            ],
            [
              1969.1955517631786,
              13793.320667235525
            ],
            [
              1970.1955517631786,
              13794.320667235525
            ],
            [
              1972.1955517631786,
              13794.320667235525
            ],
            [
              1973.1955517631786,
              13795.320667235525
            ],
            [
              1974.1955517631786,
              13795.320667235525
            ],
            [
              1977.1955517631786,
              13797.320667235525
            ],
            [
              1988.1955517631786,
              13797.320667235525
            ],
            [
              1991.1955517631786,
              13799.320667235525
            ],
            [
              1991.1955517631786,
              13801.320667235525
            ],
            [
              1989.1955517631786,
              13803.320667235525
            ],
            [
              1988.1955517631786,
              13803.320667235525
            ],
            [
              1987.1955517631786,
              13804.320667235525
            ],
            [
              1985.1955517631786,
              13804.320667235525
            ],
            [
              1982.1955517631786,
              13806.320667235525
            ],
            [
              1979.1955517631786,
              13806.320667235525
            ],
            [
              1975.1955517631786,
              13810.320667235525
            ],
            [
              1974.1955517631786,
              13810.320667235525
            ],
            [
              1973.1955517631786,
              13811.320667235525
            ],
            [
              1972.1955517631786,
              13811.320667235525
            ],
            [
              1971.1955517631786,
              13810.320667235525
            ],
            [
              1970.1955517631786,
              13810.320667235525
            ],
            [
              1967.1955517631786,
              13808.320667235525
            ],
            [
              1966.1955517631786,
              13809.320667235525
            ],
            [
              1963.1955517631786,
              13809.320667235525
            ],
            [
              1960.1955517631786,
              13811.320667235525
            ],
            [
              1958.1955517631786,
              13811.320667235525
            ],
            [
              1957.1955517631786,
              13812.320667235525
            ],
            [
              1955.1955517631786,
              13812.320667235525
            ],
            [
              1954.1955517631786,
              13811.320667235525
            ],
            [
              1953.1955517631786,
              13811.320667235525
            ],
            [
              1949.1955517631786,
              13807.320667235525
            ],
            [
              1943.1955517631786,
              13807.320667235525
            ],
            [
              1942.1955517631786,
              13806.320667235525
            ],
            [
              1941.1955517631786,
              13806.320667235525
            ],
            [
              1939.1955517631786,
              13804.320667235525
            ],
            [
              1939.1955517631786,
              13803.320667235525
            ],
            [
              1937.1955517631786,
              13801.320667235525
            ],
            [
              1937.1955517631786,
              13800.320667235525
            ],
            [
              1934.1955517631786,
              13797.320667235525
            ],
            [
              1934.1955517631786,
              13796.320667235525
            ],
            [
              1930.1955517631786,
              13792.320667235525
            ],
            [
              1930.1955517631786,
              13790.320667235525
            ],
            [
              1928.1955517631786,
              13787.320667235525
            ],
            [
              1928.1955517631786,
              13780.320667235525
            ]
          ],
          [
            [
              2245.1955517631786,
              13720.320667235525
            ],
            [
              2254.1955517631786,
              13720.320667235525
            ],
            [
              2259.1955517631786,
              13723.320667235525
            ],
            [
              2265.1955517631786,
              13724.320667235525
            ],
            [
              2269.1955517631786,
              13726.320667235525
            ],
            [
              2272.1955517631786,
              13729.320667235525
            ],
            [
              2276.1955517631786,
              13736.320667235525
            ],
            [
              2279.1955517631786,
              13753.320667235525
            ],
            [
              2282.1955517631786,
              13759.320667235525
            ],
            [
              2283.1955517631786,
              13766.320667235525
            ],
            [
              2284.1955517631786,
              13767.320667235525
            ],
            [
              2284.1955517631786,
              13770.320667235525
            ],
            [
              2283.1955517631786,
              13771.320667235525
            ],
            [
              2284.1955517631786,
              13778.320667235525
            ],
            [
              2278.1955517631786,
              13786.320667235525
            ],
            [
              2275.1955517631786,
              13787.320667235525
            ],
            [
              2273.1955517631786,
              13789.320667235525
            ],
            [
              2272.1955517631786,
              13796.320667235525
            ],
            [
              2270.1955517631786,
              13798.320667235525
            ],
            [
              2265.1955517631786,
              13800.320667235525
            ],
            [
              2262.1955517631786,
              13803.320667235525
            ],
            [
              2262.1955517631786,
              13807.320667235525
            ],
            [
              2260.1955517631786,
              13809.320667235525
            ],
            [
              2254.1955517631786,
              13812.320667235525
            ],
            [
              2251.1955517631786,
              13812.320667235525
            ],
            [
              2247.1955517631786,
              13809.320667235525
            ],
            [
              2242.1955517631786,
              13807.320667235525
            ],
            [
              2241.1955517631786,
              13806.320667235525
            ],
            [
              2241.1955517631786,
              13804.320667235525
            ],
            [
              2239.1955517631786,
              13802.320667235525
            ],
            [
              2232.1955517631786,
              13801.320667235525
            ],
            [
              2224.1955517631786,
              13797.320667235525
            ],
            [
              2221.1955517631786,
              13794.320667235525
            ],
            [
              2218.1955517631786,
              13793.320667235525
            ],
            [
              2211.1955517631786,
              13786.320667235525
            ],
            [
              2210.1955517631786,
              13786.320667235525
            ],
            [
              2209.1955517631786,
              13784.320667235525
            ],
            [
              2200.1955517631786,
              13776.320667235525
            ],
            [
              2199.1955517631786,
              13774.320667235525
            ],
            [
              2199.1955517631786,
              13767.320667235525
            ],
            [
              2197.1955517631786,
              13762.320667235525
            ],
            [
              2197.1955517631786,
              13756.320667235525
            ],
            [
              2201.1955517631786,
              13748.320667235525
            ],
            [
              2211.1955517631786,
              13738.320667235525
            ],
            [
              2219.1955517631786,
              13735.320667235525
            ],
            [
              2222.1955517631786,
              13735.320667235525
            ],
            [
              2225.1955517631786,
              13737.320667235525
            ],
            [
              2229.1955517631786,
              13737.320667235525
            ],
            [
              2231.1955517631786,
              13734.320667235525
            ],
            [
              2227.1955517631786,
              13731.320667235525
            ],
            [
              2227.1955517631786,
              13729.320667235525
            ],
            [
              2229.1955517631786,
              13727.320667235525
            ],
            [
              2235.1955517631786,
              13724.320667235525
            ],
            [
              2240.1955517631786,
              13723.320667235525
            ],
            [
              2245.1955517631786,
              13720.320667235525
            ]
          ],
          [
            [
              2637.1955517631786,
              13716.320667235525
            ],
            [
              2638.1955517631786,
              13715.320667235525
            ],
            [
              2639.1955517631786,
              13715.320667235525
            ],
            [
              2640.1955517631786,
              13714.320667235525
            ],
            [
              2642.1955517631786,
              13714.320667235525
            ],
            [
              2643.1955517631786,
              13713.320667235525
            ],
            [
              2649.1955517631786,
              13713.320667235525
            ],
            [
              2650.1955517631786,
              13712.320667235525
            ],
            [
              2655.1955517631786,
              13712.320667235525
            ],
            [
              2659.1955517631786,
              13708.320667235525
            ],
            [
              2660.1955517631786,
              13708.320667235525
            ],
            [
              2661.1955517631786,
              13707.320667235525
            ],
            [
              2663.1955517631786,
              13707.320667235525
            ],
            [
              2664.1955517631786,
              13708.320667235525
            ],
            [
              2666.1955517631786,
              13708.320667235525
            ],
            [
              2667.1955517631786,
              13709.320667235525
            ],
            [
              2668.1955517631786,
              13709.320667235525
            ],
            [
              2670.1955517631786,
              13711.320667235525
            ],
            [
              2673.1955517631786,
              13712.320667235525
            ],
            [
              2678.1955517631786,
              13717.320667235525
            ],
            [
              2678.1955517631786,
              13718.320667235525
            ],
            [
              2680.1955517631786,
              13720.320667235525
            ],
            [
              2681.1955517631786,
              13720.320667235525
            ],
            [
              2682.1955517631786,
              13721.320667235525
            ],
            [
              2682.1955517631786,
              13722.320667235525
            ],
            [
              2683.1955517631786,
              13723.320667235525
            ],
            [
              2683.1955517631786,
              13728.320667235525
            ],
            [
              2684.1955517631786,
              13729.320667235525
            ],
            [
              2684.1955517631786,
              13731.320667235525
            ],
            [
              2685.1955517631786,
              13732.320667235525
            ],
            [
              2685.1955517631786,
              13734.320667235525
            ],
            [
              2686.1955517631786,
              13735.320667235525
            ],
            [
              2686.1955517631786,
              13737.320667235525
            ],
            [
              2687.1955517631786,
              13738.320667235525
            ],
            [
              2687.1955517631786,
              13742.320667235525
            ],
            [
              2688.1955517631786,
              13743.320667235525
            ],
            [
              2688.1955517631786,
              13745.320667235525
            ],
            [
              2690.1955517631786,
              13748.320667235525
            ],
            [
              2690.1955517631786,
              13751.320667235525
            ],
            [
              2685.1955517631786,
              13754.320667235525
            ],
            [
              2682.1955517631786,
              13754.320667235525
            ],
            [
              2681.1955517631786,
              13755.320667235525
            ],
            [
              2654.1955517631786,
              13755.320667235525
            ],
            [
              2653.1955517631786,
              13754.320667235525
            ],
            [
              2650.1955517631786,
              13754.320667235525
            ],
            [
              2649.1955517631786,
              13753.320667235525
            ],
            [
              2646.1955517631786,
              13753.320667235525
            ],
            [
              2645.1955517631786,
              13752.320667235525
            ],
            [
              2642.1955517631786,
              13751.320667235525
            ],
            [
              2637.1955517631786,
              13746.320667235525
            ],
            [
              2637.1955517631786,
              13735.320667235525
            ],
            [
              2636.1955517631786,
              13734.320667235525
            ],
            [
              2636.1955517631786,
              13726.320667235525
            ],
            [
              2637.1955517631786,
              13725.320667235525
            ],
            [
              2637.1955517631786,
              13716.320667235525
            ]
          ],
          [
            [
              2635.1955517631786,
              13573.320667235525
            ],
            [
              2636.1955517631786,
              13574.320667235525
            ],
            [
              2636.1955517631786,
              13577.320667235525
            ],
            [
              2631.1955517631786,
              13582.320667235525
            ],
            [
              2630.1955517631786,
              13582.320667235525
            ],
            [
              2625.1955517631786,
              13586.320667235525
            ],
            [
              2625.1955517631786,
              13587.320667235525
            ],
            [
              2626.1955517631786,
              13588.320667235525
            ],
            [
              2626.1955517631786,
              13597.320667235525
            ],
            [
              2623.1955517631786,
              13600.320667235525
            ],
            [
              2623.1955517631786,
              13602.320667235525
            ],
            [
              2622.1955517631786,
              13603.320667235525
            ],
            [
              2622.1955517631786,
              13604.320667235525
            ],
            [
              2617.1955517631786,
              13609.320667235525
            ],
            [
              2616.1955517631786,
              13609.320667235525
            ],
            [
              2615.1955517631786,
              13610.320667235525
            ],
            [
              2610.1955517631786,
              13610.320667235525
            ],
            [
              2609.1955517631786,
              13609.320667235525
            ],
            [
              2605.1955517631786,
              13609.320667235525
            ],
            [
              2600.1955517631786,
              13613.320667235525
            ],
            [
              2600.1955517631786,
              13616.320667235525
            ],
            [
              2597.1955517631786,
              13618.320667235525
            ],
            [
              2595.1955517631786,
              13618.320667235525
            ],
            [
              2594.1955517631786,
              13617.320667235525
            ],
            [
              2593.1955517631786,
              13617.320667235525
            ],
            [
              2589.1955517631786,
              13613.320667235525
            ],
            [
              2589.1955517631786,
              13611.320667235525
            ],
            [
              2591.1955517631786,
              13609.320667235525
            ],
            [
              2585.1955517631786,
              13604.320667235525
            ],
            [
              2585.1955517631786,
              13600.320667235525
            ],
            [
              2588.1955517631786,
              13597.320667235525
            ],
            [
              2587.1955517631786,
              13596.320667235525
            ],
            [
              2583.1955517631786,
              13599.320667235525
            ],
            [
              2580.1955517631786,
              13597.320667235525
            ],
            [
              2580.1955517631786,
              13595.320667235525
            ],
            [
              2582.1955517631786,
              13593.320667235525
            ],
            [
              2582.1955517631786,
              13592.320667235525
            ],
            [
              2581.1955517631786,
              13591.320667235525
            ],
            [
              2581.1955517631786,
              13590.320667235525
            ],
            [
              2578.1955517631786,
              13587.320667235525
            ],
            [
              2578.1955517631786,
              13585.320667235525
            ],
            [
              2586.1955517631786,
              13577.320667235525
            ],
            [
              2586.1955517631786,
              13576.320667235525
            ],
            [
              2587.1955517631786,
              13575.320667235525
            ],
            [
              2587.1955517631786,
              13573.320667235525
            ],
            [
              2591.1955517631786,
              13568.320667235525
            ],
            [
              2598.1955517631786,
              13565.320667235525
            ],
            [
              2600.1955517631786,
              13563.320667235525
            ],
            [
              2601.1955517631786,
              13563.320667235525
            ],
            [
              2604.1955517631786,
              13561.320667235525
            ],
            [
              2606.1955517631786,
              13561.320667235525
            ],
            [
              2607.1955517631786,
              13562.320667235525
            ],
            [
              2608.1955517631786,
              13562.320667235525
            ],
            [
              2613.1955517631786,
              13568.320667235525
            ],
            [
              2617.1955517631786,
              13568.320667235525
            ],
            [
              2620.1955517631786,
              13570.320667235525
            ],
            [
              2622.1955517631786,
              13570.320667235525
            ],
            [
              2623.1955517631786,
              13571.320667235525
            ],
            [
              2625.1955517631786,
              13571.320667235525
            ],
            [
              2626.1955517631786,
              13572.320667235525
            ],
            [
              2628.1955517631786,
              13572.320667235525
            ],
            [
              2629.1955517631786,
              13573.320667235525
            ],
            [
              2631.1955517631786,
              13573.320667235525
            ],
            [
              2632.1955517631786,
              13572.320667235525
            ],
            [
              2635.1955517631786,
              13573.320667235525
            ]
          ],
          [
            [
              2393.1955517631786,
              13553.320667235525
            ],
            [
              2398.1955517631786,
              13550.320667235525
            ],
            [
              2398.1955517631786,
              13542.320667235525
            ],
            [
              2401.1955517631786,
              13540.320667235525
            ],
            [
              2407.1955517631786,
              13544.320667235525
            ],
            [
              2410.1955517631786,
              13544.320667235525
            ],
            [
              2412.1955517631786,
              13542.320667235525
            ],
            [
              2414.1955517631786,
              13537.320667235525
            ],
            [
              2421.1955517631786,
              13532.320667235525
            ],
            [
              2423.1955517631786,
              13525.320667235525
            ],
            [
              2427.1955517631786,
              13522.320667235525
            ],
            [
              2437.1955517631786,
              13527.320667235525
            ],
            [
              2442.1955517631786,
              13527.320667235525
            ],
            [
              2451.1955517631786,
              13532.320667235525
            ],
            [
              2455.1955517631786,
              13533.320667235525
            ],
            [
              2460.1955517631786,
              13537.320667235525
            ],
            [
              2463.1955517631786,
              13537.320667235525
            ],
            [
              2469.1955517631786,
              13533.320667235525
            ],
            [
              2473.1955517631786,
              13535.320667235525
            ],
            [
              2475.1955517631786,
              13537.320667235525
            ],
            [
              2480.1955517631786,
              13539.320667235525
            ],
            [
              2487.1955517631786,
              13546.320667235525
            ],
            [
              2492.1955517631786,
              13546.320667235525
            ],
            [
              2497.1955517631786,
              13549.320667235525
            ],
            [
              2497.1955517631786,
              13559.320667235525
            ],
            [
              2496.1955517631786,
              13560.320667235525
            ],
            [
              2496.1955517631786,
              13565.320667235525
            ],
            [
              2493.1955517631786,
              13569.320667235525
            ],
            [
              2493.1955517631786,
              13571.320667235525
            ],
            [
              2485.1955517631786,
              13581.320667235525
            ],
            [
              2487.1955517631786,
              13584.320667235525
            ],
            [
              2487.1955517631786,
              13586.320667235525
            ],
            [
              2481.1955517631786,
              13591.320667235525
            ],
            [
              2469.1955517631786,
              13595.320667235525
            ],
            [
              2467.1955517631786,
              13595.320667235525
            ],
            [
              2463.1955517631786,
              13592.320667235525
            ],
            [
              2457.1955517631786,
              13595.320667235525
            ],
            [
              2454.1955517631786,
              13594.320667235525
            ],
            [
              2445.1955517631786,
              13594.320667235525
            ],
            [
              2439.1955517631786,
              13598.320667235525
            ],
            [
              2432.1955517631786,
              13598.320667235525
            ],
            [
              2428.1955517631786,
              13600.320667235525
            ],
            [
              2420.1955517631786,
              13600.320667235525
            ],
            [
              2410.1955517631786,
              13593.320667235525
            ],
            [
              2408.1955517631786,
              13587.320667235525
            ],
            [
              2404.1955517631786,
              13583.320667235525
            ],
            [
              2402.1955517631786,
              13584.320667235525
            ],
            [
              2399.1955517631786,
              13582.320667235525
            ],
            [
              2399.1955517631786,
              13577.320667235525
            ],
            [
              2402.1955517631786,
              13574.320667235525
            ],
            [
              2405.1955517631786,
              13573.320667235525
            ],
            [
              2406.1955517631786,
              13571.320667235525
            ],
            [
              2402.1955517631786,
              13568.320667235525
            ],
            [
              2400.1955517631786,
              13564.320667235525
            ],
            [
              2402.1955517631786,
              13558.320667235525
            ],
            [
              2401.1955517631786,
              13557.320667235525
            ],
            [
              2396.1955517631786,
              13557.320667235525
            ],
            [
              2394.1955517631786,
              13556.320667235525
            ],
            [
              2393.1955517631786,
              13553.320667235525
            ]
          ]
        ]
      },
      "properties": {
        "annotation_id": "84_GP3_28",
        "label": "GP3",
        "probabilities": {
          "GP3": 0.741,
          "GP4": 0.259,
          "GP5": 0.0,
          "Benign": 0.0
        },
        "tags": []
      }
    },
    {
      "type": "Feature",
      "geometry": {
        "type": "Polygon",
        "coordinates": [
          [
            [
              2779.0,
              12989.0
            ],
            [
              2758.0,
              12986.0
            ],
            [
              2742.0,
              12981.0
            ],
            [
              2718.0,
              12980.0
            ],
            [
              2695.0,
              12990.0
            ],
            [
              2691.0,
              12994.0
            ],
            [
              2673.0,
              13003.0
            ],
            [
              2664.0,
              13012.0
            ],
            [
              2655.0,
              13026.0
            ],
            [
              2635.0,
              13067.0
            ],
            [
              2636.0,
              13090.0
            ],
            [
              2639.0,
              13097.0
            ],
            [
              2653.0,
              13105.0
            ],
            [
              2659.0,
              13114.0
            ],
            [
              2669.0,
              13114.0
            ],
            [
              2672.0,
              13112.0
            ],
            [
              2675.0,
              13113.0
            ],
            [
              2676.0,
              13118.0
            ],
            [
              2669.0,
              13121.0
            ],
            [
              2672.0,
              13123.0
            ],
            [
              2702.0,
              13132.0
            ],
            [
              2717.0,
              13132.0
            ],
            [
              2750.0,
              13122.0
            ],
            [
              2751.0,
              13117.0
            ],
            [
              2762.0,
              13112.0
            ],
            [
              2769.0,
              13102.0
            ],
            [
              2773.0,
              13100.0
            ],
            [
              2776.0,
              13102.0
            ],
            [
              2786.0,
              13093.0
            ],
            [
              2796.0,
              13090.0
            ],
            [
              2816.0,
              13069.0
            ],
            [
              2818.0,
              13064.0
            ],
            [
              2818.0,
              13055.0
            ],
            [
              2816.0,
              13050.0
            ],
            [
              2807.0,
              13039.0
            ],
            [
              2801.0,
              13020.0
            ],
            [
              2795.0,
              13008.0
            ],
            [
              2779.0,
              12989.0
            ]
          ],
          [
            [
              2652.0,
              13069.0
            ],
            [
              2667.0,
              13056.0
            ],
            [
              2669.0,
              13051.0
            ],
            [
              2669.0,
              13043.0
            ],
            [
              2672.0,
              13040.0
            ],
            [
              2676.0,
              13038.0
            ],
            [
              2684.0,
              13038.0
            ],
            [
              2687.0,
              13036.0
            ],
            [
              2690.0,
              13031.0
            ],
            [
              2700.0,
              13027.0
            ],
            [
              2700.0,
              13022.0
            ],
            [
              2694.0,
              13014.0
            ],
            [
              2694.0,
              13011.0
            ],
            [
              2698.0,
              13008.0
            ],
            [
              2703.0,
              13010.0
            ],
            [
              2706.0,
              13015.0
            ],
            [
              2711.0,
              13019.0
            ],
            [
              2727.0,
              13019.0
            ],
            [
              2734.0,
              13014.0
            ],
            [
              2741.0,
              13013.0
            ],
            [
              2747.0,
              13015.0
            ],
            [
              2752.0,
              13012.0
            ],
            [
              2766.0,
              13015.0
            ],
            [
              2776.0,
              13019.0
            ],
            [
              2781.0,
              13029.0
            ],
            [
              2786.0,
              13044.0
            ],
            [
              2785.0,
              13056.0
            ],
            [
              2794.0,
              13061.0
            ],
            [
              2794.0,
              13065.0
            ],
            [
              2789.0,
              13070.0
            ],
            [
              2789.0,
              13073.0
            ],
            [
              2781.0,
              13080.0
            ],
            [
              2778.0,
              13092.0
            ],
            [
              2776.0,
              13093.0
            ],
            [
              2771.0,
              13089.0
            ],
            [
              2765.0,
              13089.0
            ],
            [
              2751.0,
              13102.0
            ],
            [
              2748.0,
              13102.0
            ],
            [
              2738.0,
              13096.0
            ],
            [
              2734.0,
              13096.0
            ],
            [
              2727.0,
              13100.0
            ],
            [
              2708.0,
              13099.0
            ],
            [
              2699.0,
              13102.0
            ],
            [
              2680.0,
              13101.0
            ],
            [
              2675.0,
              13104.0
            ],
            [
              2667.0,
              13097.0
            ],
            [
              2660.0,
              13095.0
            ],
            [
              2658.0,
              13089.0
            ],
            [
              2651.0,
              13083.0
            ],
            [
              2652.0,
              13069.0
            ]
          ]
        ]
      },
      "properties": {
        "annotation_id": "84_GP3_40",
        "label": "GP3",
        "probabilities": null,
        "tags": []
      }
    },
    {
      "type": "Feature",
      "geometry": {
        "type": "Polygon",
        "coordinates": [
          [
            [
              2802.0,
              12934.0
            ],
            [
              2798.0,
              12946.0
            ],
            [
              2798.0,
              12953.0
            ],
            [
              2794.0,
              12962.0
            ],
            [
              2794.0,
              12980.0
            ],
            [
              2795.0,
              12981.0
            ],
            [
              2802.0,
              12976.0
            ],
            [
              2809.0,
              12966.0
            ],
            [
              2813.0,
              12964.0
            ],
            [
              2818.0,
              12967.0
            ],
            [
              2824.0,
              12982.0
            ],
            [
              2829.0,
              12983.0
            ],
            [
              2832.0,
              12981.0
            ],
            [
              2829.0,
              12966.0
            ],
            [
              2836.0,
              12961.0
            ],
            [
              2845.0,
              12965.0
            ],
            [
              2847.0,
              12970.0
            ],
            [
              2855.0,
              12978.0
            ],
            [
              2855.0,
              12984.0
            ],
            [
              2865.0,
              12994.0
            ],
            [
              2866.0,
              12998.0
            ],
            [
              2864.0,
              13015.0
            ],
            [
              2856.0,
              13025.0
            ],
            [
              2844.0,
              13031.0
            ],
            [
              2837.0,
              13031.0
            ],
            [
              2829.0,
              13035.0
            ],
            [
              2825.0,
              13035.0
            ],
            [
              2825.0,
              13037.0
            ],
            [
              2832.0,
              13040.0
            ],
            [
              2844.0,
              13042.0
            ],
            [
              2859.0,
              13041.0
            ],
            [
              2873.0,
              13032.0
            ],
            [
              2891.0,
              13017.0
            ],
            [
              2902.0,
              13012.0
            ],
            [
              2908.0,
              13007.0
            ],
            [
              2913.0,
              12994.0
            ],
            [
              2914.0,
              12969.0
            ],
            [
              2913.0,
              12965.0
            ],
            [
              2906.0,
              12957.0
            ],
            [
              2880.0,
              12944.0
            ],
            [
              2875.0,
              12940.0
            ],
            [
              2854.0,
              12931.0
            ],
            [
              2834.0,
              12928.0
            ],
            [
              2811.0,
              12928.0
            ],
            [
              2806.0,
              12930.0
            ],
            [
              2802.0,
              12934.0
            ]
          ]
        ]
      },
      "properties": {
        "annotation_id": "84_GP3_42",
        "label": "GP3",
        "probabilities": null,
        "tags": []
      }
    },
    {
      "type": "Feature",
      "geometry": {
        "type": "Polygon",
        "coordinates": [
          [
            [
              2679.272684508613,
              11370.43699695724
            ],
            [
              2582.4633068739645,
              11267.140789961128
            ],
            [
              2633,
              11178
            ],
            [
              2510,
              11302
            ],
            [
              2481,
              11370
            ],
            [
              2408,
              11285
            ],
            [
              2317,
              11282
            ],
            [
              2216,
              11394
            ],
            [
              2086,
              11422
            ],
            [
              2003,
              11508
            ],
            [
              1876,
              11565
            ],
            [
              1841,
              11553
            ],
            [
              1824,
              11480
            ],
            [
              1888,
              11402
            ],
            [
              1885,
              11349
            ],
            [
              1726,
              11329
            ],
            [
              1621,
              11416
            ],
            [
              1604.142921496272,
              11576.796019494142
            ],
            [
              1694,
              11685
            ],
            [
              1685,
              11745
            ],
            [
              1630,
              11812
            ],
            [
              1719,
              11851
            ],
            [
              1648,
              11884
            ],
            [
              1749,
              11895
            ],
            [
              1954,
              11811
            ],
            [
              2083,
              11847
            ],
            [
              2038,
              11933
            ],
            [
              1903,
              11951
            ],
            [
              1798,
              12024
            ],
            [
              1709.658294500551,
              12308.843676995884
            ],
            [
              1944.9135507969122,
              12303.463493318339
            ],
            [
              1990.6331038421888,
              12351.854702543918
            ],
            [
              1952.8617109390655,
              12483.313449438809
            ],
            [
              1868,
              12653
            ],
            [
              1910,
              12716
            ],
            [
              1982,
              12731
            ],
            [
              1953,
              12851
            ],
            [
              2050,
              12982
            ],
            [
              2028,
              13092
            ],
            [
              2089,
              13195
            ],
            [
              2165,
              13243
            ],
            [
              2164,
              13268
            ],
            [
              2101,
              13288
            ],
            [
              2089,
              13336
            ],
            [
              2147,
              13353
            ],
            [
              2204,
              13274
            ],
            [
              2313,
              13295
            ],
            [
              2359,
              13265
            ],
            [
              2391,
              13198
            ],
            [
              2379,
              13134
            ],
            [
              2536,
              13077
            ],
            [
              2548,
              13002
            ],
            [
              2469,
              12985
            ],
            [
              2469,
              12917
            ],
            [
              2639,
              12774
            ],
            [
              2749,
              12597
            ],
            [
              2994,
              12500
            ],
            [
              3144,
              12301
            ],
            [
              3165,
              11995
            ],
            [
              3121,
              11797
            ],
            [
              3130,
              11573
            ],
            [
              3089.803520533037,
              11472.718482798444
            ],
            [
              2713.4603312826334,
              11630.363704786221
            ],
            [
              2679.272684508613,
              11370.43699695724
            ]
          ],
          [
            [
              2267,
              13168
            ],
            [
              2278,
              13163
            ],
            [
              2281,
              13163
            ],
            [
              2282,
              13162
            ],
            [
              2289,
              13162
            ],
            [
              2292,
              13164
            ],
            [
              2292,
              13166
            ],
            [
              2285,
              13172
            ],
            [
              2285,
              13175
            ],
            [
              2286,
              13176
            ],
            [
              2288,
              13176
            ],
            [
              2289,
              13177
            ],
            [
              2297,
              13177
            ],
            [
              2302,
              13179
            ],
            [
              2310,
              13178
            ],
            [
              2313,
              13180
            ],
            [
              2313,
              13184
            ],
            [
              2310,
              13187
            ],
            [
              2308,
              13188
            ],
            [
              2303,
              13188
            ],
            [
              2301,
              13190
            ],
            [
              2302,
              13194
            ],
            [
              2309,
              13201
            ],
            [
              2309,
              13204
            ],
            [
              2310,
              13205
            ],
            [
              2310,
              13212
            ],
            [
              2311,
              13213
            ],
            [
              2311,
              13215
            ],
            [
              2314,
              13221
            ],
            [
              2315,
              13227
            ],
            [
              2316,
              13228
            ],
            [
              2316,
              13239
            ],
            [
              2313,
              13242
            ],
            [
              2311,
              13243
            ],
            [
              2307,
              13241
            ],
            [
              2296,
              13229
            ],
            [
              2294,
              13224
            ],
            [
              2289,
              13218
            ],
            [
              2283,
              13206
            ],
            [
              2284,
              13202
            ],
            [
              2291,
              13197
            ],
            [
              2291,
              13194
            ],
            [
              2287,
              13190
            ],
            [
              2285,
              13189
            ],
            [
              2281,
              13189
            ],
            [
              2278,
              13192
            ],
            [
              2277,
              13194
            ],
            [
              2277,
              13197
            ],
            [
              2274,
              13199
            ],
            [
              2271,
              13197
            ],
            [
              2269,
              13193
            ],
            [
              2266,
              13190
            ],
            [
              2264,
              13185
            ],
            [
              2264,
              13171
            ],
            [
              2267,
              13168
            ]
          ],
          [
            [
              2260,
              12832
            ],
            [
              2261,
              12832
            ],
            [
              2262,
              12831
            ],
            [
              2264,
              12831
            ],
            [
              2265,
              12830
            ],
            [
              2267,
              12830
            ],
            [
              2268,
              12829
            ],
            [
              2271,
              12829
            ],
            [
              2277,
              12833
            ],
            [
              2283,
              12833
            ],
            [
              2284,
              12834
            ],
            [
              2289,
              12836
            ],
            [
              2294,
              12841
            ],
            [
              2295,
              12841
            ],
            [
              2297,
              12843
            ],
            [
              2298,
              12843
            ],
            [
              2299,
              12844
            ],
            [
              2299,
              12845
            ],
            [
              2300,
              12846
            ],
            [
              2300,
              12848
            ],
            [
              2299,
              12849
            ],
            [
              2299,
              12851
            ],
            [
              2298,
              12852
            ],
            [
              2298,
              12862
            ],
            [
              2297,
              12863
            ],
            [
              2297,
              12872
            ],
            [
              2302,
              12877
            ],
            [
              2303,
              12877
            ],
            [
              2305,
              12879
            ],
            [
              2305,
              12883
            ],
            [
              2303,
              12885
            ],
            [
              2302,
              12885
            ],
            [
              2301,
              12886
            ],
            [
              2299,
              12886
            ],
            [
              2298,
              12887
            ],
            [
              2296,
              12887
            ],
            [
              2294,
              12889
            ],
            [
              2293,
              12889
            ],
            [
              2290,
              12891
            ],
            [
              2285,
              12891
            ],
            [
              2284,
              12890
            ],
            [
              2282,
              12890
            ],
            [
              2281,
              12889
            ],
            [
              2278,
              12889
            ],
            [
              2277,
              12888
            ],
            [
              2276,
              12888
            ],
            [
              2272,
              12884
            ],
            [
              2271,
              12881
            ],
            [
              2269,
              12879
            ],
            [
              2269,
              12878
            ],
            [
              2266,
              12873
            ],
            [
              2266,
              12870
            ],
            [
              2267,
              12869
            ],
            [
              2267,
              12867
            ],
            [
              2268,
              12866
            ],
            [
              2268,
              12864
            ],
            [
              2269,
              12863
            ],
            [
              2269,
              12861
            ],
            [
              2268,
              12860
            ],
            [
              2268,
              12858
            ],
            [
              2265,
              12855
            ],
            [
              2265,
              12854
            ],
            [
              2263,
              12852
            ],
            [
              2263,
              12851
            ],
            [
              2260,
              12846
            ],
            [
              2260,
              12844
            ],
            [
              2258,
              12841
            ],
            [
              2258,
              12834
            ],
            [
              2260,
              12832
            ]
          ],
          [
            [
              2199,
              12842
            ],
            [
              2197,
              12848
            ],
            [
              2191,
              12854
            ],
            [
              2191,
              12861
            ],
            [
              2189,
              12864
            ],
            [
              2187,
              12865
            ],
            [
              2179,
              12860
            ],
            [
              2176,
              12860
            ],
            [
              2164,
              12871
            ],
            [
              2164,
              12877
            ],
            [
              2166,
              12879
            ],
            [
              2170,
              12880
            ],
            [
              2171,
              12883
            ],
            [
              2166,
              12888
            ],
            [
              2162,
              12890
            ],
            [
              2157,
              12891
            ],
            [
              2153,
              12890
            ],
            [
              2149,
              12887
            ],
            [
              2143,
              12887
            ],
            [
              2137,
              12893
            ],
            [
              2130,
              12894
            ],
            [
              2127,
              12892
            ],
            [
              2120,
              12891
            ],
            [
              2115,
              12888
            ],
            [
              2102,
              12887
            ],
            [
              2094,
              12882
            ],
            [
              2090,
              12882
            ],
            [
              2087,
              12884
            ],
            [
              2084,
              12882
            ],
            [
              2084,
              12880
            ],
            [
              2090,
              12876
            ],
            [
              2089,
              12862
            ],
            [
              2091,
              12858
            ],
            [
              2092,
              12850
            ],
            [
              2103,
              12838
            ],
            [
              2108,
              12837
            ],
            [
              2111,
              12835
            ],
            [
              2112,
              12828
            ],
            [
              2116,
              12825
            ],
            [
              2118,
              12826
            ],
            [
              2126,
              12826
            ],
            [
              2128,
              12825
            ],
            [
              2131,
              12821
            ],
            [
              2132,
              12816
            ],
            [
              2137,
              12812
            ],
            [
              2141,
              12813
            ],
            [
              2147,
              12822
            ],
            [
              2162,
              12828
            ],
            [
              2165,
              12828
            ],
            [
              2168,
              12824
            ],
            [
              2173,
              12822
            ],
            [
              2178,
              12825
            ],
            [
              2180,
              12828
            ],
            [
              2180,
              12836
            ],
            [
              2179,
              12837
            ],
            [
              2179,
              12849
            ],
            [
              2180,
              12850
            ],
            [
              2185,
              12849
            ],
            [
              2189,
              12844
            ],
            [
              2196,
              12840
            ],
            [
              2199,
              12842
            ]
          ],
          [
            [
              2430,
              12749
            ],
            [
              2434,
              12745
            ],
            [
              2443,
              12741
            ],
            [
              2449,
              12741
            ],
            [
              2450,
              12742
            ],
            [
              2457,
              12743
            ],
            [
              2465,
              12748
            ],
            [
              2467,
              12748
            ],
            [
              2472,
              12751
            ],
            [
              2479,
              12753
            ],
            [
              2484,
              12757
            ],
            [
              2484,
              12760
            ],
            [
              2482,
              12763
            ],
            [
              2482,
              12771
            ],
            [
              2483,
              12773
            ],
            [
              2487,
              12777
            ],
            [
              2490,
              12778
            ],
            [
              2497,
              12786
            ],
            [
              2505,
              12786
            ],
            [
              2506,
              12785
            ],
            [
              2513,
              12784
            ],
            [
              2518,
              12780
            ],
            [
              2519,
              12776
            ],
            [
              2523,
              12774
            ],
            [
              2529,
              12779
            ],
            [
              2529,
              12781
            ],
            [
              2530,
              12782
            ],
            [
              2530,
              12787
            ],
            [
              2524,
              12793
            ],
            [
              2508,
              12800
            ],
            [
              2503,
              12800
            ],
            [
              2502,
              12799
            ],
            [
              2493,
              12799
            ],
            [
              2483,
              12806
            ],
            [
              2477,
              12806
            ],
            [
              2476,
              12805
            ],
            [
              2471,
              12804
            ],
            [
              2462,
              12799
            ],
            [
              2460,
              12799
            ],
            [
              2454,
              12796
            ],
            [
              2448,
              12790
            ],
            [
              2441,
              12786
            ],
            [
              2436,
              12781
            ],
            [
              2429,
              12767
            ],
            [
              2429,
              12753
            ],
            [
              2430,
              12752
            ],
            [
              2430,
              12749
            ]
          ],
          [
            [
              2429,
              12570
            ],
            [
              2432,
              12570
            ],
            [
              2433,
              12571
            ],
            [
              2435,
              12571
            ],
            [
              2436,
              12572
            ],
            [
              2437,
              12572
            ],
            [
              2440,
              12574
            ],
            [
              2442,
              12574
            ],
            [
              2443,
              12575
            ],
            [
              2444,
              12575
            ],
            [
              2446,
              12577
            ],
            [
              2447,
              12577
            ],
            [
              2448,
              12578
            ],
            [
              2448,
              12579
            ],
            [
              2449,
              12580
            ],
            [
              2449,
              12581
            ],
            [
              2451,
              12584
            ],
            [
              2451,
              12586
            ],
            [
              2452,
              12587
            ],
            [
              2452,
              12591
            ],
            [
              2453,
              12592
            ],
            [
              2453,
              12596
            ],
            [
              2454,
              12597
            ],
            [
              2454,
              12599
            ],
            [
              2455,
              12600
            ],
            [
              2455,
              12602
            ],
            [
              2456,
              12603
            ],
            [
              2456,
              12609
            ],
            [
              2455,
              12610
            ],
            [
              2454,
              12613
            ],
            [
              2445,
              12622
            ],
            [
              2444,
              12622
            ],
            [
              2443,
              12623
            ],
            [
              2439,
              12623
            ],
            [
              2438,
              12622
            ],
            [
              2437,
              12622
            ],
            [
              2436,
              12621
            ],
            [
              2435,
              12621
            ],
            [
              2432,
              12619
            ],
            [
              2430,
              12619
            ],
            [
              2429,
              12618
            ],
            [
              2427,
              12618
            ],
            [
              2426,
              12617
            ],
            [
              2424,
              12617
            ],
            [
              2423,
              12616
            ],
            [
              2422,
              12616
            ],
            [
              2416,
              12610
            ],
            [
              2416,
              12609
            ],
            [
              2414,
              12606
            ],
            [
              2414,
              12604
            ],
            [
              2413,
              12603
            ],
            [
              2413,
              12599
            ],
            [
              2414,
              12598
            ],
            [
              2415,
              12598
            ],
            [
              2416,
              12597
            ],
            [
              2417,
              12598
            ],
            [
              2419,
              12598
            ],
            [
              2421,
              12596
            ],
            [
              2421,
              12593
            ],
            [
              2420,
              12592
            ],
            [
              2420,
              12585
            ],
            [
              2421,
              12584
            ],
            [
              2421,
              12583
            ],
            [
              2422,
              12582
            ],
            [
              2422,
              12580
            ],
            [
              2423,
              12579
            ],
            [
              2423,
              12575
            ],
            [
              2425,
              12572
            ],
            [
              2426,
              12572
            ],
            [
              2429,
              12570
            ]
          ],
          [
            [
              2567,
              12485
            ],
            [
              2572,
              12488
            ],
            [
              2578,
              12494
            ],
            [
              2577,
              12498
            ],
            [
              2586,
              12505
            ],
            [
              2587,
              12513
            ],
            [
              2591,
              12517
            ],
            [
              2590,
              12525
            ],
            [
              2592,
              12528
            ],
            [
              2594,
              12537
            ],
            [
              2591,
              12548
            ],
            [
              2588,
              12551
            ],
            [
              2586,
              12556
            ],
            [
              2580,
              12561
            ],
            [
              2579,
              12569
            ],
            [
              2576,
              12572
            ],
            [
              2576,
              12579
            ],
            [
              2573,
              12583
            ],
            [
              2571,
              12584
            ],
            [
              2565,
              12580
            ],
            [
              2558,
              12587
            ],
            [
              2554,
              12589
            ],
            [
              2544,
              12589
            ],
            [
              2540,
              12587
            ],
            [
              2538,
              12594
            ],
            [
              2539,
              12598
            ],
            [
              2535,
              12601
            ],
            [
              2528,
              12601
            ],
            [
              2525,
              12599
            ],
            [
              2527,
              12587
            ],
            [
              2521,
              12583
            ],
            [
              2522,
              12578
            ],
            [
              2516,
              12573
            ],
            [
              2516,
              12570
            ],
            [
              2512,
              12566
            ],
            [
              2512,
              12564
            ],
            [
              2509,
              12561
            ],
            [
              2506,
              12561
            ],
            [
              2502,
              12558
            ],
            [
              2499,
              12547
            ],
            [
              2497,
              12545
            ],
            [
              2494,
              12547
            ],
            [
              2489,
              12545
            ],
            [
              2489,
              12540
            ],
            [
              2492,
              12535
            ],
            [
              2493,
              12528
            ],
            [
              2498,
              12524
            ],
            [
              2501,
              12525
            ],
            [
              2502,
              12524
            ],
            [
              2505,
              12525
            ],
            [
              2508,
              12524
            ],
            [
              2516,
              12515
            ],
            [
              2527,
              12510
            ],
            [
              2527,
              12506
            ],
            [
              2525,
              12504
            ],
            [
              2521,
              12506
            ],
            [
              2516,
              12505
            ],
            [
              2515,
              12504
            ],
            [
              2516,
              12500
            ],
            [
              2520,
              12498
            ],
            [
              2528,
              12499
            ],
            [
              2533,
              12496
            ],
            [
              2536,
              12497
            ],
            [
              2544,
              12489
            ],
            [
              2551,
              12488
            ],
            [
              2556,
              12491
            ],
            [
              2561,
              12491
            ],
            [
              2563,
              12489
            ],
            [
              2563,
              12487
            ],
            [
              2567,
              12485
            ]
          ],
          [
            [
              3058,
              12385
            ],
            [
              3058,
              12389
            ],
            [
              3057,
              12391
            ],
            [
              3052,
              12396
            ],
            [
              3037,
              12404
            ],
            [
              3030,
              12405
            ],
            [
              3025,
              12407
            ],
            [
              3021,
              12407
            ],
            [
              3020,
              12408
            ],
            [
              3013,
              12408
            ],
            [
              3012,
              12409
            ],
            [
              3006,
              12409
            ],
            [
              3005,
              12410
            ],
            [
              2991,
              12412
            ],
            [
              2984,
              12415
            ],
            [
              2980,
              12418
            ],
            [
              2978,
              12418
            ],
            [
              2974,
              12420
            ],
            [
              2968,
              12420
            ],
            [
              2967,
              12419
            ],
            [
              2954,
              12417
            ],
            [
              2950,
              12415
            ],
            [
              2948,
              12412
            ],
            [
              2948,
              12407
            ],
            [
              2951,
              12405
            ],
            [
              2955,
              12404
            ],
            [
              2958,
              12401
            ],
            [
              2958,
              12397
            ],
            [
              2952,
              12393
            ],
            [
              2948,
              12393
            ],
            [
              2945,
              12391
            ],
            [
              2945,
              12389
            ],
            [
              2948,
              12386
            ],
            [
              2953,
              12384
            ],
            [
              2961,
              12377
            ],
            [
              2970,
              12372
            ],
            [
              2972,
              12372
            ],
            [
              2976,
              12370
            ],
            [
              2980,
              12370
            ],
            [
              2981,
              12369
            ],
            [
              2992,
              12369
            ],
            [
              2993,
              12368
            ],
            [
              3004,
              12367
            ],
            [
              3005,
              12366
            ],
            [
              3017,
              12366
            ],
            [
              3018,
              12367
            ],
            [
              3022,
              12367
            ],
            [
              3023,
              12368
            ],
            [
              3027,
              12368
            ],
            [
              3028,
              12369
            ],
            [
              3034,
              12369
            ],
            [
              3035,
              12370
            ],
            [
              3047,
              12370
            ],
            [
              3054,
              12375
            ],
            [
              3056,
              12382
            ],
            [
              3058,
              12385
            ]
          ],
          [
            [
              3065,
              12198
            ],
            [
              3067,
              12201
            ],
            [
              3067,
              12205
            ],
            [
              3064,
              12208
            ],
            [
              3063,
              12208
            ],
            [
              3062,
              12209
            ],
            [
              3057,
              12209
            ],
            [
              3054,
              12212
            ],
            [
              3054,
              12214
            ],
            [
              3053,
              12215
            ],
            [
              3053,
              12228
            ],
            [
              3052,
              12229
            ],
            [
              3052,
              12231
            ],
            [
              3051,
              12232
            ],
            [
              3051,
              12239
            ],
            [
              3055,
              12243
            ],
            [
              3056,
              12243
            ],
            [
              3061,
              12247
            ],
            [
              3061,
              12250
            ],
            [
              3051,
              12260
            ],
            [
              3050,
              12260
            ],
            [
              3049,
              12261
            ],
            [
              3040,
              12261
            ],
            [
              3039,
              12262
            ],
            [
              3035,
              12262
            ],
            [
              3034,
              12263
            ],
            [
              3031,
              12263
            ],
            [
              3030,
              12262
            ],
            [
              3027,
              12261
            ],
            [
              3021,
              12255
            ],
            [
              3021,
              12254
            ],
            [
              3020,
              12253
            ],
            [
              3020,
              12238
            ],
            [
              3021,
              12237
            ],
            [
              3021,
              12235
            ],
            [
              3024,
              12231
            ],
            [
              3024,
              12230
            ],
            [
              3025,
              12229
            ],
            [
              3025,
              12228
            ],
            [
              3026,
              12227
            ],
            [
              3029,
              12220
            ],
            [
              3034,
              12215
            ],
            [
              3034,
              12214
            ],
            [
              3040,
              12208
            ],
            [
              3041,
              12208
            ],
            [
              3044,
              12205
            ],
            [
              3045,
              12205
            ],
            [
              3050,
              12202
            ],
            [
              3052,
              12202
            ],
            [
              3061,
              12197
            ],
            [
              3063,
              12197
            ],
            [
              3064,
              12198
            ],
            [
              3065,
              12198
            ]
          ],
          [
            [
              2411,
              11955
            ],
            [
              2411,
              11960
            ],
            [
              2410,
              11962
            ],
            [
              2404,
              11968
            ],
            [
              2401,
              11969
            ],
            [
              2399,
              11971
            ],
            [
              2393,
              11974
            ],
            [
              2386,
              11975
            ],
            [
              2385,
              11976
            ],
            [
              2383,
              11976
            ],
            [
              2379,
              11978
            ],
            [
              2369,
              11978
            ],
            [
              2364,
              11982
            ],
            [
              2362,
              11982
            ],
            [
              2361,
              11983
            ],
            [
              2357,
              11983
            ],
            [
              2356,
              11984
            ],
            [
              2353,
              11984
            ],
            [
              2352,
              11985
            ],
            [
              2336,
              11985
            ],
            [
              2332,
              11987
            ],
            [
              2315,
              11987
            ],
            [
              2312,
              11985
            ],
            [
              2312,
              11979
            ],
            [
              2315,
              11977
            ],
            [
              2317,
              11977
            ],
            [
              2320,
              11975
            ],
            [
              2322,
              11975
            ],
            [
              2326,
              11973
            ],
            [
              2330,
              11969
            ],
            [
              2331,
              11966
            ],
            [
              2336,
              11962
            ],
            [
              2340,
              11962
            ],
            [
              2341,
              11961
            ],
            [
              2348,
              11961
            ],
            [
              2349,
              11960
            ],
            [
              2352,
              11960
            ],
            [
              2355,
              11958
            ],
            [
              2358,
              11958
            ],
            [
              2359,
              11957
            ],
            [
              2362,
              11957
            ],
            [
              2363,
              11956
            ],
            [
              2370,
              11956
            ],
            [
              2374,
              11954
            ],
            [
              2378,
              11954
            ],
            [
              2379,
              11953
            ],
            [
              2383,
              11953
            ],
            [
              2384,
              11952
            ],
            [
              2406,
              11952
            ],
            [
              2411,
              11955
            ]
          ],
          [
            [
              2117,
              11848
            ],
            [
              2118,
              11847
            ],
            [
              2118,
              11846
            ],
            [
              2120,
              11844
            ],
            [
              2121,
              11844
            ],
            [
              2122,
              11843
            ],
            [
              2123,
              11843
            ],
            [
              2128,
              11840
            ],
            [
              2131,
              11840
            ],
            [
              2132,
              11839
            ],
            [
              2149,
              11839
            ],
            [
              2150,
              11840
            ],
            [
              2153,
              11841
            ],
            [
              2155,
              11843
            ],
            [
              2156,
              11843
            ],
            [
              2157,
              11844
            ],
            [
              2157,
              11845
            ],
            [
              2158,
              11846
            ],
            [
              2159,
              11849
            ],
            [
              2165,
              11856
            ],
            [
              2166,
              11856
            ],
            [
              2167,
              11857
            ],
            [
              2170,
              11857
            ],
            [
              2171,
              11856
            ],
            [
              2173,
              11856
            ],
            [
              2174,
              11855
            ],
            [
              2177,
              11855
            ],
            [
              2178,
              11856
            ],
            [
              2179,
              11856
            ],
            [
              2181,
              11858
            ],
            [
              2182,
              11858
            ],
            [
              2183,
              11859
            ],
            [
              2183,
              11861
            ],
            [
              2182,
              11862
            ],
            [
              2182,
              11863
            ],
            [
              2176,
              11869
            ],
            [
              2175,
              11869
            ],
            [
              2172,
              11871
            ],
            [
              2170,
              11871
            ],
            [
              2169,
              11870
            ],
            [
              2154,
              11870
            ],
            [
              2153,
              11871
            ],
            [
              2136,
              11871
            ],
            [
              2131,
              11868
            ],
            [
              2131,
              11866
            ],
            [
              2130,
              11865
            ],
            [
              2130,
              11861
            ],
            [
              2128,
              11858
            ],
            [
              2127,
              11858
            ],
            [
              2125,
              11856
            ],
            [
              2124,
              11856
            ],
            [
              2123,
              11855
            ],
            [
              2120,
              11855
            ],
            [
              2117,
              11853
            ],
            [
              2117,
              11848
            ]
          ],
          [
            [
              1793,
              11747
            ],
            [
              1793,
              11753
            ],
            [
              1794,
              11754
            ],
            [
              1794,
              11757
            ],
            [
              1793,
              11758
            ],
            [
              1793,
              11760
            ],
            [
              1792,
              11761
            ],
            [
              1792,
              11762
            ],
            [
              1790,
              11764
            ],
            [
              1789,
              11764
            ],
            [
              1784,
              11767
            ],
            [
              1778,
              11767
            ],
            [
              1777,
              11766
            ],
            [
              1775,
              11766
            ],
            [
              1774,
              11765
            ],
            [
              1771,
              11765
            ],
            [
              1770,
              11764
            ],
            [
              1766,
              11764
            ],
            [
              1765,
              11763
            ],
            [
              1762,
              11763
            ],
            [
              1761,
              11762
            ],
            [
              1760,
              11762
            ],
            [
              1756,
              11758
            ],
            [
              1754,
              11758
            ],
            [
              1752,
              11760
            ],
            [
              1752,
              11762
            ],
            [
              1749,
              11764
            ],
            [
              1744,
              11764
            ],
            [
              1743,
              11763
            ],
            [
              1740,
              11762
            ],
            [
              1737,
              11759
            ],
            [
              1737,
              11757
            ],
            [
              1740,
              11755
            ],
            [
              1741,
              11756
            ],
            [
              1746,
              11756
            ],
            [
              1747,
              11755
            ],
            [
              1747,
              11754
            ],
            [
              1748,
              11753
            ],
            [
              1748,
              11751
            ],
            [
              1749,
              11750
            ],
            [
              1749,
              11748
            ],
            [
              1748,
              11747
            ],
            [
              1748,
              11745
            ],
            [
              1749,
              11744
            ],
            [
              1752,
              11743
            ],
            [
              1754,
              11741
            ],
            [
              1755,
              11741
            ],
            [
              1756,
              11740
            ],
            [
              1758,
              11740
            ],
            [
              1759,
              11739
            ],
            [
              1768,
              11739
            ],
            [
              1769,
              11740
            ],
            [
              1770,
              11740
            ],
            [
              1771,
              11741
            ],
            [
              1771,
              11743
            ],
            [
              1770,
              11744
            ],
            [
              1770,
              11748
            ],
            [
              1773,
              11750
            ],
            [
              1778,
              11750
            ],
            [
              1784,
              11744
            ],
            [
              1784,
              11743
            ],
            [
              1783,
              11742
            ],
            [
              1783,
              11740
            ],
            [
              1786,
              11738
            ],
            [
              1787,
              11739
            ],
            [
              1788,
              11739
            ],
            [
              1790,
              11741
            ],
            [
              1790,
              11742
            ],
            [
              1792,
              11744
            ],
            [
              1792,
              11746
            ],
            [
              1793,
              11747
            ]
          ],
          [
            [
              3004,
              11683
            ],
            [
              3009,
              11687
            ],
            [
              3013,
              11706
            ],
            [
              3015,
              11710
            ],
            [
              3020,
              11714
            ],
            [
              3018,
              11725
            ],
            [
              3020,
              11730
            ],
            [
              3025,
              11735
            ],
            [
              3024,
              11739
            ],
            [
              3025,
              11750
            ],
            [
              3030,
              11759
            ],
            [
              3040,
              11768
            ],
            [
              3045,
              11778
            ],
            [
              3045,
              11781
            ],
            [
              3043,
              11786
            ],
            [
              3040,
              11789
            ],
            [
              3031,
              11791
            ],
            [
              3026,
              11796
            ],
            [
              3025,
              11801
            ],
            [
              3018,
              11805
            ],
            [
              3003,
              11820
            ],
            [
              2994,
              11823
            ],
            [
              2985,
              11823
            ],
            [
              2977,
              11818
            ],
            [
              2982,
              11803
            ],
            [
              2983,
              11795
            ],
            [
              2997,
              11783
            ],
            [
              3006,
              11778
            ],
            [
              3006,
              11772
            ],
            [
              3004,
              11769
            ],
            [
              3003,
              11762
            ],
            [
              2999,
              11757
            ],
            [
              2994,
              11754
            ],
            [
              2992,
              11754
            ],
            [
              2986,
              11759
            ],
            [
              2975,
              11756
            ],
            [
              2972,
              11759
            ],
            [
              2972,
              11765
            ],
            [
              2968,
              11767
            ],
            [
              2964,
              11764
            ],
            [
              2964,
              11756
            ],
            [
              2971,
              11745
            ],
            [
              2976,
              11743
            ],
            [
              2987,
              11735
            ],
            [
              2991,
              11726
            ],
            [
              2992,
              11717
            ],
            [
              2989,
              11714
            ],
            [
              2977,
              11715
            ],
            [
              2973,
              11712
            ],
            [
              2973,
              11708
            ],
            [
              2978,
              11698
            ],
            [
              2982,
              11695
            ],
            [
              2990,
              11697
            ],
            [
              2997,
              11687
            ],
            [
              3004,
              11683
            ]
          ],
          [
            [
              2845,
              11447
            ],
            [
              2852,
              11454
            ],
            [
              2857,
              11456
            ],
            [
              2859,
              11458
            ],
            [
              2859,
              11462
            ],
            [
              2858,
              11464
            ],
            [
              2849,
              11472
            ],
            [
              2843,
              11483
            ],
            [
              2834,
              11493
            ],
            [
              2832,
              11505
            ],
            [
              2828,
              11515
            ],
            [
              2820,
              11522
            ],
            [
              2817,
              11530
            ],
            [
              2811,
              11537
            ],
            [
              2808,
              11543
            ],
            [
              2795,
              11556
            ],
            [
              2793,
              11557
            ],
            [
              2788,
              11557
            ],
            [
              2787,
              11556
            ],
            [
              2782,
              11557
            ],
            [
              2777,
              11561
            ],
            [
              2773,
              11560
            ],
            [
              2770,
              11557
            ],
            [
              2770,
              11555
            ],
            [
              2775,
              11550
            ],
            [
              2777,
              11540
            ],
            [
              2782,
              11530
            ],
            [
              2788,
              11526
            ],
            [
              2795,
              11525
            ],
            [
              2799,
              11523
            ],
            [
              2804,
              11517
            ],
            [
              2804,
              11514
            ],
            [
              2802,
              11512
            ],
            [
              2802,
              11510
            ],
            [
              2808,
              11505
            ],
            [
              2809,
              11497
            ],
            [
              2815,
              11489
            ],
            [
              2819,
              11481
            ],
            [
              2820,
              11475
            ],
            [
              2823,
              11470
            ],
            [
              2823,
              11465
            ],
            [
              2821,
              11463
            ],
            [
              2820,
              11460
            ],
            [
              2821,
              11456
            ],
            [
              2827,
              11451
            ],
            [
              2836,
              11450
            ],
            [
              2843,
              11446
            ],
            [
              2845,
              11447
            ]
          ],
          [
            [
              2709,
              11423
            ],
            [
              2709,
              11429
            ],
            [
              2703,
              11435
            ],
            [
              2702,
              11435
            ],
            [
              2697,
              11438
            ],
            [
              2695,
              11438
            ],
            [
              2694,
              11439
            ],
            [
              2692,
              11439
            ],
            [
              2691,
              11440
            ],
            [
              2688,
              11441
            ],
            [
              2678,
              11451
            ],
            [
              2677,
              11451
            ],
            [
              2676,
              11452
            ],
            [
              2674,
              11452
            ],
            [
              2673,
              11453
            ],
            [
              2671,
              11453
            ],
            [
              2670,
              11454
            ],
            [
              2668,
              11454
            ],
            [
              2666,
              11456
            ],
            [
              2665,
              11456
            ],
            [
              2659,
              11462
            ],
            [
              2659,
              11463
            ],
            [
              2657,
              11466
            ],
            [
              2656,
              11466
            ],
            [
              2655,
              11467
            ],
            [
              2654,
              11466
            ],
            [
              2653,
              11466
            ],
            [
              2651,
              11464
            ],
            [
              2651,
              11462
            ],
            [
              2650,
              11461
            ],
            [
              2650,
              11454
            ],
            [
              2651,
              11453
            ],
            [
              2651,
              11450
            ],
            [
              2652,
              11449
            ],
            [
              2653,
              11446
            ],
            [
              2656,
              11443
            ],
            [
              2656,
              11442
            ],
            [
              2657,
              11441
            ],
            [
              2658,
              11441
            ],
            [
              2661,
              11438
            ],
            [
              2662,
              11438
            ],
            [
              2663,
              11437
            ],
            [
              2664,
              11437
            ],
            [
              2665,
              11436
            ],
            [
              2668,
              11435
            ],
            [
              2671,
              11432
            ],
            [
              2672,
              11429
            ],
            [
              2678,
              11423
            ],
            [
              2679,
              11423
            ],
            [
              2682,
              11421
            ],
            [
              2684,
              11421
            ],
            [
              2685,
              11420
            ],
            [
              2695,
              11420
            ],
            [
              2696,
              11421
            ],
            [
              2706,
              11421
            ],
            [
              2709,
              11423
            ]
          ]
        ]
      },
      "properties": {
        "annotation_id": "84_GP3_43",
        "label": "GP3",
        "probabilities": {
          "GP3": 0.885,
          "GP4": 0.115,
          "GP5": 0.0,
          "Benign": 0.0
        },
        "tags": []
      }
    },
    {
      "type": "Feature",
      "geometry": {
        "type": "Polygon",
        "coordinates": [
          [
            [
              2621.0,
              11078.0
            ],
            [
              2608.0,
              11056.0
            ],
            [
              2565.0,
              11023.0
            ],
            [
              2525.0,
              11021.0
            ],
            [
              2462.0,
              11046.0
            ],
            [
              2369.0,
              11105.0
            ],
            [
              2261.0,
              11150.0
            ],
            [
              2215.0,
              11156.0
            ],
            [
              2079.0,
              11154.0
            ],
            [
              2056.0,
              11148.0
            ],
            [
              2022.0,
              11128.0
            ],
            [
              1988.0,
              11120.0
            ],
            [
              1897.0,
              11120.0
            ],
            [
              1887.0,
              11125.0
            ],
            [
              1887.0,
              11148.0
            ],
            [
              1915.0,
              11165.0
            ],
            [
              1956.0,
              11201.0
            ],
            [
              1989.0,
              11265.0
            ],
            [
              2028.0,
              11299.0
            ],
            [
              2052.0,
              11299.0
            ],
            [
              2066.0,
              11293.0
            ],
            [
              2130.0,
              11286.0
            ],
            [
              2199.0,
              11248.0
            ],
            [
              2310.0,
              11219.0
            ],
            [
              2383.0,
              11179.0
            ],
            [
              2570.0,
              11110.0
            ],
            [
              2584.0,
              11092.0
            ],
            [
              2620.0,
              11090.0
            ],
            [
              2621.0,
              11078.0
            ]
          ]
        ]
      },
      "properties": {
        "annotation_id": "84_GP3_58",
        "label": "GP3",
        "probabilities": null,
        "tags": []
      }
    },
    {
      "type": "Feature",
      "geometry": {
        "type": "Polygon",
        "coordinates": [
          [
            [
              2666.0,
              10859.0
            ],
            [
              2663.0,
              10856.0
            ],
            [
              2647.0,
              10863.0
            ],
            [
              2588.0,
              10870.0
            ],
            [
              2491.0,
              10870.0
            ],
            [
              2424.0,
              10890.0
            ],
            [
              2386.0,
              10890.0
            ],
            [
              2363.0,
              10878.0
            ],
            [
              2302.0,
              10878.0
            ],
            [
              2216.0,
              10894.0
            ],
            [
              2190.0,
              10894.0
            ],
            [
              2144.0,
              10909.0
            ],
            [
              2096.0,
              10935.0
            ],
            [
              2036.0,
              10954.0
            ],
            [
              1985.0,
              11007.0
            ],
            [
              1981.0,
              11046.0
            ],
            [
              1986.0,
              11059.0
            ],
            [
              2062.0,
              11071.0
            ],
            [
              2093.0,
              11081.0
            ],
            [
              2137.0,
              11127.0
            ],
            [
              2209.0,
              11129.0
            ],
            [
              2241.0,
              11116.0
            ],
            [
              2289.0,
              11086.0
            ],
            [
              2493.0,
              11002.0
            ],
            [
              2547.0,
              10971.0
            ],
            [
              2580.0,
              10964.0
            ],
            [
              2653.0,
              10929.0
            ],
            [
              2670.0,
              10905.0
            ],
            [
              2666.0,
              10859.0
            ]
          ]
        ]
      },
      "properties": {
        "annotation_id": "84_GP3_59",
        "label": "GP3",
        "probabilities": null,
        "tags": []
      }
    },
    {
      "type": "Feature",
      "geometry": {
        "type": "Polygon",
        "coordinates": [
          [
            [
              2138.0,
              10815.0
            ],
            [
              2138.0,
              10831.0
            ],
            [
              2142.0,
              10836.0
            ],
            [
              2149.0,
              10839.0
            ],
            [
              2151.0,
              10842.0
            ],
            [
              2156.0,
              10842.0
            ],
            [
              2159.0,
              10844.0
            ],
            [
              2163.0,
              10844.0
            ],
            [
              2166.0,
              10846.0
            ],
            [
              2175.0,
              10848.0
            ],
            [
              2183.0,
              10852.0
            ],
            [
              2186.0,
              10852.0
            ],
            [
              2191.0,
              10856.0
            ],
            [
              2231.0,
              10856.0
            ],
            [
              2234.0,
              10854.0
            ],
            [
              2241.0,
              10854.0
            ],
            [
              2243.0,
              10852.0
            ],
            [
              2249.0,
              10850.0
            ],
            [
              2252.0,
              10847.0
            ],
            [
              2260.0,
              10844.0
            ],
            [
              2268.0,
              10836.0
            ],
            [
              2271.0,
              10831.0
            ],
            [
              2271.0,
              10807.0
            ],
            [
              2262.0,
              10798.0
            ],
            [
              2253.0,
              10793.0
            ],
            [
              2250.0,
              10789.0
            ],
            [
              2243.0,
              10788.0
            ],
            [
              2234.0,
              10782.0
            ],
            [
              2226.0,
              10782.0
            ],
            [
              2223.0,
              10780.0
            ],
            [
              2190.0,
              10780.0
            ],
            [
              2187.0,
              10782.0
            ],
            [
              2175.0,
              10782.0
            ],
            [
              2172.0,
              10784.0
            ],
            [
              2166.0,
              10784.0
            ],
            [
              2164.0,
              10786.0
            ],
            [
              2159.0,
              10788.0
            ],
            [
              2149.0,
              10798.0
            ],
            [
              2149.0,
              10800.0
            ],
            [
              2145.0,
              10804.0
            ],
            [
              2145.0,
              10806.0
            ],
            [
              2140.0,
              10811.0
            ],
            [
              2140.0,
              10813.0
            ],
            [
              2138.0,
              10815.0
            ]
          ]
        ]
      },
      "properties": {
        "annotation_id": "84_GP3_60",
        "label": "GP3",
        "probabilities": null,
        "tags": []
      }
    },
    {
      "type": "Feature",
      "geometry": {
        "type": "Polygon",
        "coordinates": [
          [
            [
              2401.0,
              10796.0
            ],
            [
              2427.0,
              10818.0
            ],
            [
              2452.0,
              10832.0
            ],
            [
              2481.0,
              10842.0
            ],
            [
              2673.0,
              10844.0
            ],
            [
              2688.0,
              10835.0
            ],
            [
              2819.0,
              10791.0
            ],
            [
              2822.0,
              10781.0
            ],
            [
              2885.0,
              10758.0
            ],
            [
              2908.0,
              10738.0
            ],
            [
              2910.0,
              10713.0
            ],
            [
              2905.0,
              10706.0
            ],
            [
              2881.0,
              10700.0
            ],
            [
              2757.0,
              10696.0
            ],
            [
              2719.0,
              10677.0
            ],
            [
              2668.0,
              10669.0
            ],
            [
              2632.0,
              10669.0
            ],
            [
              2578.0,
              10685.0
            ],
            [
              2564.0,
              10685.0
            ],
            [
              2555.0,
              10691.0
            ],
            [
              2518.0,
              10694.0
            ],
            [
              2490.0,
              10706.0
            ],
            [
              2473.0,
              10718.0
            ],
            [
              2463.0,
              10720.0
            ],
            [
              2431.0,
              10741.0
            ],
            [
              2401.0,
              10780.0
            ],
            [
              2401.0,
              10796.0
            ]
          ]
        ]
      },
      "properties": {
        "annotation_id": "84_GP3_61",
        "label": "GP3",
        "probabilities": null,
        "tags": []
      }
    },
    {
      "type": "Feature",
      "geometry": {
        "type": "Polygon",
        "coordinates": [
          [
            [
              2290.0,
              10614.0
            ],
            [
              2274.0,
              10596.0
            ],
            [
              2221.0,
              10595.0
            ],
            [
              2211.0,
              10600.0
            ],
            [
              2187.0,
              10602.0
            ],
            [
              2175.0,
              10606.0
            ],
            [
              2139.0,
              10624.0
            ],
            [
              2130.0,
              10632.0
            ],
            [
              2103.0,
              10646.0
            ],
            [
              2088.0,
              10660.0
            ],
            [
              2067.0,
              10671.0
            ],
            [
              2044.0,
              10689.0
            ],
            [
              2008.0,
              10708.0
            ],
            [
              1984.0,
              10728.0
            ],
            [
              1976.0,
              10742.0
            ],
            [
              1976.0,
              10768.0
            ],
            [
              1984.0,
              10788.0
            ],
            [
              2007.0,
              10804.0
            ],
            [
              2017.0,
              10816.0
            ],
            [
              2030.0,
              10822.0
            ],
            [
              2092.0,
              10820.0
            ],
            [
              2118.0,
              10801.0
            ],
            [
              2158.0,
              10780.0
            ],
            [
              2165.0,
              10773.0
            ],
            [
              2172.0,
              10757.0
            ],
            [
              2177.0,
              10734.0
            ],
            [
              2193.0,
              10717.0
            ],
            [
              2211.0,
              10708.0
            ],
            [
              2217.0,
              10708.0
            ],
            [
              2247.0,
              10692.0
            ],
            [
              2253.0,
              10695.0
            ],
            [
              2277.0,
              10696.0
            ],
            [
              2291.0,
              10686.0
            ],
            [
              2301.0,
              10661.0
            ],
            [
              2301.0,
              10642.0
            ],
            [
              2290.0,
              10614.0
            ]
          ]
        ]
      },
      "properties": {
        "annotation_id": "84_GP3_62",
        "label": "GP3",
        "probabilities": {
          "GP3": 0.667,
          "GP4": 0.333,
          "GP5": 0.0,
          "Benign": 0.0
        },
        "tags": []
      }
    },
    {
      "type": "Feature",
      "geometry": {
        "type": "Polygon",
        "coordinates": [
          [
            [
              2703.0,
              10523.0
            ],
            [
              2700.0,
              10520.0
            ],
            [
              2698.0,
              10520.0
            ],
            [
              2694.0,
              10517.0
            ],
            [
              2689.0,
              10515.0
            ],
            [
              2686.0,
              10511.0
            ],
            [
              2684.0,
              10511.0
            ],
            [
              2681.0,
              10509.0
            ],
            [
              2659.0,
              10509.0
            ],
            [
              2658.0,
              10510.0
            ],
            [
              2653.0,
              10510.0
            ],
            [
              2646.0,
              10514.0
            ],
            [
              2639.0,
              10515.0
            ],
            [
              2635.0,
              10519.0
            ],
            [
              2632.0,
              10520.0
            ],
            [
              2629.0,
              10523.0
            ],
            [
              2623.0,
              10526.0
            ],
            [
              2619.0,
              10530.0
            ],
            [
              2616.0,
              10531.0
            ],
            [
              2613.0,
              10534.0
            ],
            [
              2607.0,
              10536.0
            ],
            [
              2604.0,
              10539.0
            ],
            [
              2603.0,
              10539.0
            ],
            [
              2600.0,
              10542.0
            ],
            [
              2600.0,
              10543.0
            ],
            [
              2596.0,
              10546.0
            ],
            [
              2596.0,
              10559.0
            ],
            [
              2599.0,
              10562.0
            ],
            [
              2599.0,
              10564.0
            ],
            [
              2607.0,
              10573.0
            ],
            [
              2611.0,
              10573.0
            ],
            [
              2616.0,
              10577.0
            ],
            [
              2620.0,
              10579.0
            ],
            [
              2624.0,
              10579.0
            ],
            [
              2625.0,
              10580.0
            ],
            [
              2631.0,
              10580.0
            ],
            [
              2632.0,
              10579.0
            ],
            [
              2639.0,
              10578.0
            ],
            [
              2643.0,
              10576.0
            ],
            [
              2650.0,
              10575.0
            ],
            [
              2654.0,
              10573.0
            ],
            [
              2657.0,
              10573.0
            ],
            [
              2661.0,
              10571.0
            ],
            [
              2665.0,
              10571.0
            ],
            [
              2667.0,
              10569.0
            ],
            [
              2673.0,
              10567.0
            ],
            [
              2680.0,
              10561.0
            ],
            [
              2684.0,
              10559.0
            ],
            [
              2687.0,
              10559.0
            ],
            [
              2699.0,
              10548.0
            ],
            [
              2699.0,
              10545.0
            ],
            [
              2703.0,
              10541.0
            ],
            [
              2703.0,
              10523.0
            ]
          ]
        ]
      },
      "properties": {
        "annotation_id": "84_GP3_63",
        "label": "GP3",
        "probabilities": null,
        "tags": []
      }
    },
    {
      "type": "Feature",
      "geometry": {
        "type": "Polygon",
        "coordinates": [
          [
            [
              2351.0,
              10251.0
            ],
            [
              2339.0,
              10241.0
            ],
            [
              2276.0,
              10230.0
            ],
            [
              2221.0,
              10229.0
            ],
            [
              2199.0,
              10216.0
            ],
            [
              2147.0,
              10217.0
            ],
            [
              2088.0,
              10246.0
            ],
            [
              2026.0,
              10300.0
            ],
            [
              1970.0,
              10289.0
            ],
            [
              1900.0,
              10320.0
            ],
            [
              1819.0,
              10322.0
            ],
            [
              1711.0,
              10373.0
            ],
            [
              1679.0,
              10402.0
            ],
            [
              1641.0,
              10453.0
            ],
            [
              1612.0,
              10555.0
            ],
            [
              1612.0,
              10750.0
            ],
            [
              1647.0,
              10837.0
            ],
            [
              1701.0,
              10838.0
            ],
            [
              1756.0,
              10823.0
            ],
            [
              1878.0,
              10770.0
            ],
            [
              1901.0,
              10728.0
            ],
            [
              1905.0,
              10674.0
            ],
            [
              1911.0,
              10668.0
            ],
            [
              1938.0,
              10711.0
            ],
            [
              1970.0,
              10714.0
            ],
            [
              2046.0,
              10666.0
            ],
            [
              2196.0,
              10513.0
            ],
            [
              2223.0,
              10444.0
            ],
            [
              2257.0,
              10395.0
            ],
            [
              2362.0,
              10310.0
            ],
            [
              2364.0,
              10275.0
            ],
            [
              2351.0,
              10251.0
            ]
          ],
          [
            [
              2162.0,
              10264.0
            ],
            [
              2163.0,
              10265.0
            ],
            [
              2163.0,
              10275.0
            ],
            [
              2162.0,
              10276.0
            ],
            [
              2162.0,
              10278.0
            ],
            [
              2161.0,
              10279.0
            ],
            [
              2161.0,
              10280.0
            ],
            [
              2158.0,
              10283.0
            ],
            [
              2158.0,
              10284.0
            ],
            [
              2155.0,
              10287.0
            ],
            [
              2155.0,
              10288.0
            ],
            [
              2152.0,
              10291.0
            ],
            [
              2152.0,
              10292.0
            ],
            [
              2149.0,
              10295.0
            ],
            [
              2149.0,
              10296.0
            ],
            [
              2144.0,
              10301.0
            ],
            [
              2144.0,
              10302.0
            ],
            [
              2142.0,
              10304.0
            ],
            [
              2141.0,
              10307.0
            ],
            [
              2139.0,
              10309.0
            ],
            [
              2138.0,
              10312.0
            ],
            [
              2136.0,
              10314.0
            ],
            [
              2135.0,
              10317.0
            ],
            [
              2129.0,
              10323.0
            ],
            [
              2128.0,
              10323.0
            ],
            [
              2127.0,
              10324.0
            ],
            [
              2124.0,
              10324.0
            ],
            [
              2123.0,
              10323.0
            ],
            [
              2120.0,
              10322.0
            ],
            [
              2117.0,
              10319.0
            ],
            [
              2117.0,
              10318.0
            ],
            [
              2116.0,
              10317.0
            ],
            [
              2116.0,
              10315.0
            ],
            [
              2115.0,
              10314.0
            ],
            [
              2115.0,
              10311.0
            ],
            [
              2114.0,
              10310.0
            ],
            [
              2114.0,
              10305.0
            ],
            [
              2115.0,
              10304.0
            ],
            [
              2115.0,
              10301.0
            ],
            [
              2116.0,
              10300.0
            ],
            [
              2116.0,
              10299.0
            ],
            [
              2117.0,
              10298.0
            ],
            [
              2118.0,
              10295.0
            ],
            [
              2120.0,
              10293.0
            ],
            [
              2120.0,
              10292.0
            ],
            [
              2122.0,
              10290.0
            ],
            [
              2122.0,
              10289.0
            ],
            [
              2123.0,
              10288.0
            ],
            [
              2123.0,
              10285.0
            ],
            [
              2124.0,
              10284.0
            ],
            [
              2124.0,
              10279.0
            ],
            [
              2125.0,
              10278.0
            ],
            [
              2125.0,
              10277.0
            ],
            [
              2135.0,
              10267.0
            ],
            [
              2136.0,
              10267.0
            ],
            [
              2137.0,
              10266.0
            ],
            [
              2139.0,
              10266.0
            ],
            [
              2140.0,
              10265.0
            ],
            [
              2151.0,
              10265.0
            ],
            [
              2152.0,
              10264.0
            ],
            [
              2154.0,
              10264.0
            ],
            [
              2155.0,
              10263.0
            ],
            [
              2157.0,
              10263.0
            ],
            [
              2158.0,
              10262.0
            ],
            [
              2159.0,
              10263.0
            ],
            [
              2162.0,
              10264.0
            ]
          ]
        ]
      },
      "properties": {
        "annotation_id": "84_GP3_64",
        "label": "GP3",
        "probabilities": {
          "GP3": 0.625,
          "GP4": 0.375,
          "GP5": 0.0,
          "Benign": 0.0
        },
        "tags": []
      }
    },
    {
      "type": "Feature",
      "geometry": {
        "type": "Polygon",
        "coordinates": [
          [
            [
              2859.0,
              9988.0
            ],
            [
              2796.0,
              9947.0
            ],
            [
              2768.0,
              9941.0
            ],
            [
              2627.0,
              10056.0
            ],
            [
              2593.0,
              10118.0
            ],
            [
              2591.0,
              10144.0
            ],
            [
              2612.0,
              10177.0
            ],
            [
              2612.0,
              10191.0
            ],
            [
              2589.0,
              10223.0
            ],
            [
              2587.0,
              10246.0
            ],
            [
              2572.0,
              10256.0
            ],
            [
              2526.0,
              10257.0
            ],
            [
              2483.0,
              10290.0
            ],
            [
              2450.0,
              10342.0
            ],
            [
              2444.0,
              10387.0
            ],
            [
              2417.0,
              10422.0
            ],
            [
              2411.0,
              10459.0
            ],
            [
              2374.0,
              10533.0
            ],
            [
              2362.0,
              10546.0
            ],
            [
              2318.0,
              10567.0
            ],
            [
              2316.0,
              10605.0
            ],
            [
              2342.0,
              10671.0
            ],
            [
              2320.0,
              10682.0
            ],
            [
              2308.0,
              10722.0
            ],
            [
              2354.0,
              10734.0
            ],
            [
              2396.0,
              10698.0
            ],
            [
              2530.0,
              10617.0
            ],
            [
              2540.0,
              10599.0
            ],
            [
              2540.0,
              10529.0
            ],
            [
              2550.0,
              10498.0
            ],
            [
              2679.0,
              10425.0
            ],
            [
              2693.0,
              10411.0
            ],
            [
              2716.0,
              10349.0
            ],
            [
              2759.0,
              10315.0
            ],
            [
              2826.0,
              10326.0
            ],
            [
              2843.0,
              10314.0
            ],
            [
              2843.0,
              10220.0
            ],
            [
              2878.0,
              10179.0
            ],
            [
              2885.0,
              10135.0
            ],
            [
              2916.0,
              10092.0
            ],
            [
              2916.0,
              10065.0
            ],
            [
              2905.0,
              10039.0
            ],
            [
              2859.0,
              9988.0
            ]
          ],
          [
            [
              2515.0,
              10345.0
            ],
            [
              2516.0,
              10344.0
            ],
            [
              2516.0,
              10343.0
            ],
            [
              2517.0,
              10342.0
            ],
            [
              2517.0,
              10341.0
            ],
            [
              2518.0,
              10340.0
            ],
            [
              2518.0,
              10339.0
            ],
            [
              2519.0,
              10338.0
            ],
            [
              2519.0,
              10336.0
            ],
            [
              2524.0,
              10331.0
            ],
            [
              2525.0,
              10331.0
            ],
            [
              2527.0,
              10329.0
            ],
            [
              2528.0,
              10329.0
            ],
            [
              2531.0,
              10326.0
            ],
            [
              2532.0,
              10326.0
            ],
            [
              2534.0,
              10324.0
            ],
            [
              2535.0,
              10324.0
            ],
            [
              2536.0,
              10323.0
            ],
            [
              2543.0,
              10323.0
            ],
            [
              2544.0,
              10324.0
            ],
            [
              2545.0,
              10324.0
            ],
            [
              2546.0,
              10325.0
            ],
            [
              2547.0,
              10325.0
            ],
            [
              2548.0,
              10326.0
            ],
            [
              2549.0,
              10326.0
            ],
            [
              2550.0,
              10327.0
            ],
            [
              2550.0,
              10329.0
            ],
            [
              2551.0,
              10330.0
            ],
            [
              2551.0,
              10332.0
            ],
            [
              2556.0,
              10337.0
            ],
            [
              2557.0,
              10337.0
            ],
            [
              2558.0,
              10338.0
            ],
            [
              2558.0,
              10339.0
            ],
            [
              2559.0,
              10340.0
            ],
            [
              2559.0,
              10345.0
            ],
            [
              2558.0,
              10346.0
            ],
            [
              2558.0,
              10347.0
            ],
            [
              2557.0,
              10348.0
            ],
            [
              2557.0,
              10349.0
            ],
            [
              2552.0,
              10354.0
            ],
            [
              2551.0,
              10354.0
            ],
            [
              2550.0,
              10355.0
            ],
            [
              2549.0,
              10355.0
            ],
            [
              2548.0,
              10354.0
            ],
            [
              2546.0,
              10354.0
            ],
            [
              2545.0,
              10353.0
            ],
            [
              2542.0,
              10353.0
            ],
            [
              2541.0,
              10352.0
            ],
            [
              2535.0,
              10352.0
            ],
            [
              2534.0,
              10353.0
            ],
            [
              2531.0,
              10353.0
            ],
            [
              2530.0,
              10354.0
            ],
            [
              2526.0,
              10354.0
            ],
            [
              2525.0,
              10355.0
            ],
            [
              2520.0,
              10355.0
            ],
            [
              2519.0,
              10354.0
            ],
            [
              2518.0,
              10354.0
            ],
            [
              2516.0,
              10352.0
            ],
            [
              2516.0,
              10351.0
            ],
            [
              2515.0,
              10350.0
            ],
            [
              2515.0,
              10345.0
            ]
          ]
        ]
      },
      "properties": {
        "annotation_id": "84_GP3_66",
        "label": "GP3",
        "probabilities": null,
        "tags": []
      }
    },
    {
      "type": "Feature",
      "geometry": {
        "type": "Polygon",
        "coordinates": [
          [
            [
              1852.0,
              9442.0
            ],
            [
              1832.0,
              9442.0
            ],
            [
              1821.0,
              9449.0
            ],
            [
              1816.0,
              9454.0
            ],
            [
              1815.0,
              9458.0
            ],
            [
              1808.0,
              9466.0
            ],
            [
              1807.0,
              9470.0
            ],
            [
              1804.0,
              9473.0
            ],
            [
              1802.0,
              9482.0
            ],
            [
              1794.0,
              9497.0
            ],
            [
              1793.0,
              9505.0
            ],
            [
              1791.0,
              9507.0
            ],
            [
              1790.0,
              9519.0
            ],
            [
              1788.0,
              9523.0
            ],
            [
              1788.0,
              9541.0
            ],
            [
              1791.0,
              9546.0
            ],
            [
              1793.0,
              9560.0
            ],
            [
              1796.0,
              9565.0
            ],
            [
              1797.0,
              9574.0
            ],
            [
              1801.0,
              9579.0
            ],
            [
              1804.0,
              9579.0
            ],
            [
              1810.0,
              9582.0
            ],
            [
              1825.0,
              9582.0
            ],
            [
              1833.0,
              9580.0
            ],
            [
              1872.0,
              9575.0
            ],
            [
              1876.0,
              9570.0
            ],
            [
              1881.0,
              9568.0
            ],
            [
              1894.0,
              9557.0
            ],
            [
              1899.0,
              9549.0
            ],
            [
              1900.0,
              9541.0
            ],
            [
              1902.0,
              9539.0
            ],
            [
              1903.0,
              9534.0
            ],
            [
              1903.0,
              9490.0
            ],
            [
              1899.0,
              9486.0
            ],
            [
              1899.0,
              9484.0
            ],
            [
              1896.0,
              9480.0
            ],
            [
              1894.0,
              9471.0
            ],
            [
              1885.0,
              9461.0
            ],
            [
              1852.0,
              9442.0
            ]
          ]
        ]
      },
      "properties": {
        "annotation_id": "84_GP3_68",
        "label": "GP3",
        "probabilities": null,
        "tags": []
      }
    },
    {
      "type": "Feature",
      "geometry": {
        "type": "Polygon",
        "coordinates": [
          [
            [
              2806.0,
              9338.0
            ],
            [
              2754.0,
              9314.0
            ],
            [
              2697.0,
              9311.0
            ],
            [
              2632.0,
              9368.0
            ],
            [
              2493.0,
              9439.0
            ],
            [
              2397.0,
              9451.0
            ],
            [
              2283.0,
              9529.0
            ],
            [
              2206.0,
              9538.0
            ],
            [
              2169.0,
              9482.0
            ],
            [
              2235.0,
              9481.0
            ],
            [
              2268.0,
              9372.0
            ],
            [
              2242.0,
              9322.0
            ],
            [
              2174.0,
              9321.0
            ],
            [
              2106.0,
              9376.0
            ],
            [
              2106.0,
              9421.0
            ],
            [
              2148.0,
              9473.0
            ],
            [
              2039.0,
              9465.0
            ],
            [
              1972.0,
              9500.0
            ],
            [
              1955.0,
              9701.0
            ],
            [
              1927.0,
              9735.0
            ],
            [
              1859.0,
              9783.0
            ],
            [
              1859.0,
              9873.0
            ],
            [
              1870.0,
              9905.0
            ],
            [
              1904.0,
              9936.0
            ],
            [
              1974.0,
              9944.0
            ],
            [
              2042.0,
              9924.0
            ],
            [
              2123.0,
              9869.0
            ],
            [
              2183.0,
              9875.0
            ],
            [
              2222.0,
              9907.0
            ],
            [
              2408.0,
              9879.0
            ],
            [
              2582.0,
              9753.0
            ],
            [
              2588.0,
              9664.0
            ],
            [
              2536.0,
              9591.0
            ],
            [
              2536.0,
              9538.0
            ],
            [
              2547.0,
              9522.0
            ],
            [
              2622.0,
              9511.0
            ],
            [
              2659.0,
              9494.0
            ],
            [
              2685.0,
              9460.0
            ],
            [
              2741.0,
              9430.0
            ],
            [
              2806.0,
              9360.0
            ],
            [
              2806.0,
              9338.0
            ]
          ],
          [
            [
              1992.0,
              9811.0
            ],
            [
              1993.0,
              9821.0
            ],
            [
              1989.0,
              9824.0
            ],
            [
              1987.0,
              9824.0
            ],
            [
              1983.0,
              9821.0
            ],
            [
              1982.0,
              9816.0
            ],
            [
              1979.0,
              9812.0
            ],
            [
              1977.0,
              9812.0
            ],
            [
              1975.0,
              9814.0
            ],
            [
              1975.0,
              9818.0
            ],
            [
              1981.0,
              9827.0
            ],
            [
              1981.0,
              9831.0
            ],
            [
              1973.0,
              9837.0
            ],
            [
              1970.0,
              9836.0
            ],
            [
              1961.0,
              9828.0
            ],
            [
              1960.0,
              9824.0
            ],
            [
              1962.0,
              9818.0
            ],
            [
              1958.0,
              9813.0
            ],
            [
              1953.0,
              9813.0
            ],
            [
              1948.0,
              9816.0
            ],
            [
              1938.0,
              9818.0
            ],
            [
              1934.0,
              9821.0
            ],
            [
              1935.0,
              9825.0
            ],
            [
              1953.0,
              9832.0
            ],
            [
              1955.0,
              9834.0
            ],
            [
              1959.0,
              9844.0
            ],
            [
              1963.0,
              9844.0
            ],
            [
              1969.0,
              9841.0
            ],
            [
              1975.0,
              9845.0
            ],
            [
              1975.0,
              9848.0
            ],
            [
              1972.0,
              9851.0
            ],
            [
              1963.0,
              9853.0
            ],
            [
              1958.0,
              9856.0
            ],
            [
              1943.0,
              9855.0
            ],
            [
              1934.0,
              9846.0
            ],
            [
              1926.0,
              9850.0
            ],
            [
              1919.0,
              9850.0
            ],
            [
              1914.0,
              9848.0
            ],
            [
              1908.0,
              9843.0
            ],
            [
              1907.0,
              9839.0
            ],
            [
              1903.0,
              9835.0
            ],
            [
              1891.0,
              9827.0
            ],
            [
              1891.0,
              9809.0
            ],
            [
              1893.0,
              9807.0
            ],
            [
              1910.0,
              9806.0
            ],
            [
              1919.0,
              9808.0
            ],
            [
              1928.0,
              9799.0
            ],
            [
              1930.0,
              9791.0
            ],
            [
              1934.0,
              9788.0
            ],
            [
              1942.0,
              9789.0
            ],
            [
              1951.0,
              9783.0
            ],
            [
              1956.0,
              9784.0
            ],
            [
              1966.0,
              9791.0
            ],
            [
              1970.0,
              9798.0
            ],
            [
              1975.0,
              9803.0
            ],
            [
              1986.0,
              9807.0
            ],
            [
              1992.0,
              9811.0
            ]
          ],
          [
            [
              2326.0,
              9636.0
            ],
            [
              2334.0,
              9640.0
            ],
            [
              2340.0,
              9640.0
            ],
            [
              2341.0,
              9639.0
            ],
            [
              2358.0,
              9640.0
            ],
            [
              2367.0,
              9634.0
            ],
            [
              2370.0,
              9634.0
            ],
            [
              2371.0,
              9633.0
            ],
            [
              2386.0,
              9633.0
            ],
            [
              2387.0,
              9634.0
            ],
            [
              2391.0,
              9634.0
            ],
            [
              2393.0,
              9635.0
            ],
            [
              2399.0,
              9641.0
            ],
            [
              2403.0,
              9643.0
            ],
            [
              2405.0,
              9645.0
            ],
            [
              2405.0,
              9648.0
            ],
            [
              2403.0,
              9652.0
            ],
            [
              2395.0,
              9660.0
            ],
            [
              2392.0,
              9661.0
            ],
            [
              2389.0,
              9664.0
            ],
            [
              2389.0,
              9669.0
            ],
            [
              2391.0,
              9673.0
            ],
            [
              2390.0,
              9676.0
            ],
            [
              2390.0,
              9684.0
            ],
            [
              2391.0,
              9685.0
            ],
            [
              2390.0,
              9697.0
            ],
            [
              2397.0,
              9703.0
            ],
            [
              2400.0,
              9704.0
            ],
            [
              2402.0,
              9707.0
            ],
            [
              2402.0,
              9709.0
            ],
            [
              2393.0,
              9715.0
            ],
            [
              2387.0,
              9715.0
            ],
            [
              2382.0,
              9712.0
            ],
            [
              2380.0,
              9703.0
            ],
            [
              2377.0,
              9699.0
            ],
            [
              2372.0,
              9695.0
            ],
            [
              2370.0,
              9695.0
            ],
            [
              2357.0,
              9702.0
            ],
            [
              2354.0,
              9700.0
            ],
            [
              2353.0,
              9693.0
            ],
            [
              2349.0,
              9684.0
            ],
            [
              2346.0,
              9680.0
            ],
            [
              2345.0,
              9676.0
            ],
            [
              2337.0,
              9667.0
            ],
            [
              2335.0,
              9663.0
            ],
            [
              2330.0,
              9657.0
            ],
            [
              2329.0,
              9649.0
            ],
            [
              2322.0,
              9642.0
            ],
            [
              2322.0,
              9638.0
            ],
            [
              2326.0,
              9636.0
            ]
          ],
          [
            [
              2431.0,
              9490.0
            ],
            [
              2428.0,
              9496.0
            ],
            [
              2416.0,
              9501.0
            ],
            [
              2411.0,
              9501.0
            ],
            [
              2402.0,
              9498.0
            ],
            [
              2392.0,
              9499.0
            ],
            [
              2385.0,
              9505.0
            ],
            [
              2385.0,
              9510.0
            ],
            [
              2389.0,
              9514.0
            ],
            [
              2404.0,
              9520.0
            ],
            [
              2410.0,
              9531.0
            ],
            [
              2417.0,
              9538.0
            ],
            [
              2421.0,
              9540.0
            ],
            [
              2437.0,
              9539.0
            ],
            [
              2446.0,
              9544.0
            ],
            [
              2444.0,
              9551.0
            ],
            [
              2445.0,
              9559.0
            ],
            [
              2441.0,
              9564.0
            ],
            [
              2436.0,
              9566.0
            ],
            [
              2426.0,
              9566.0
            ],
            [
              2419.0,
              9564.0
            ],
            [
              2408.0,
              9571.0
            ],
            [
              2396.0,
              9574.0
            ],
            [
              2388.0,
              9573.0
            ],
            [
              2374.0,
              9566.0
            ],
            [
              2369.0,
              9566.0
            ],
            [
              2365.0,
              9568.0
            ],
            [
              2346.0,
              9567.0
            ],
            [
              2338.0,
              9570.0
            ],
            [
              2333.0,
              9570.0
            ],
            [
              2329.0,
              9567.0
            ],
            [
              2327.0,
              9559.0
            ],
            [
              2318.0,
              9551.0
            ],
            [
              2317.0,
              9539.0
            ],
            [
              2322.0,
              9534.0
            ],
            [
              2327.0,
              9532.0
            ],
            [
              2332.0,
              9532.0
            ],
            [
              2344.0,
              9524.0
            ],
            [
              2348.0,
              9519.0
            ],
            [
              2349.0,
              9507.0
            ],
            [
              2352.0,
              9504.0
            ],
            [
              2366.0,
              9497.0
            ],
            [
              2378.0,
              9493.0
            ],
            [
              2382.0,
              9493.0
            ],
            [
              2399.0,
              9484.0
            ],
            [
              2411.0,
              9480.0
            ],
            [
              2417.0,
              9480.0
            ],
            [
              2431.0,
              9490.0
            ]
          ]
        ]
      },
      "properties": {
        "annotation_id": "84_GP3_69",
        "label": "GP3",
        "probabilities": null,
        "tags": []
      }
    },
    {
      "type": "Feature",
      "geometry": {
        "type": "Polygon",
        "coordinates": [
          [
            [
              2542.0,
              9244.0
            ],
            [
              2542.0,
              9258.0
            ],
            [
              2546.0,
              9267.0
            ],
            [
              2564.0,
              9291.0
            ],
            [
              2570.0,
              9303.0
            ],
            [
              2581.0,
              9313.0
            ],
            [
              2587.0,
              9314.0
            ],
            [
              2606.0,
              9325.0
            ],
            [
              2615.0,
              9327.0
            ],
            [
              2648.0,
              9326.0
            ],
            [
              2656.0,
              9321.0
            ],
            [
              2663.0,
              9314.0
            ],
            [
              2672.0,
              9309.0
            ],
            [
              2689.0,
              9292.0
            ],
            [
              2690.0,
              9286.0
            ],
            [
              2694.0,
              9280.0
            ],
            [
              2694.0,
              9271.0
            ],
            [
              2697.0,
              9266.0
            ],
            [
              2698.0,
              9259.0
            ],
            [
              2698.0,
              9244.0
            ],
            [
              2695.0,
              9242.0
            ],
            [
              2695.0,
              9240.0
            ],
            [
              2690.0,
              9235.0
            ],
            [
              2685.0,
              9233.0
            ],
            [
              2660.0,
              9214.0
            ],
            [
              2650.0,
              9213.0
            ],
            [
              2646.0,
              9210.0
            ],
            [
              2608.0,
              9210.0
            ],
            [
              2575.0,
              9227.0
            ],
            [
              2564.0,
              9230.0
            ],
            [
              2554.0,
              9235.0
            ],
            [
              2542.0,
              9244.0
            ]
          ]
        ]
      },
      "properties": {
        "annotation_id": "84_GP3_73",
        "label": "GP3",
        "probabilities": null,
        "tags": []
      }
    },
    {
      "type": "Feature",
      "geometry": {
        "type": "Polygon",
        "coordinates": [
          [
            [
              2073.0,
              9117.0
            ],
            [
              2048.0,
              9118.0
            ],
            [
              2035.0,
              9126.0
            ],
            [
              2030.0,
              9126.0
            ],
            [
              2009.0,
              9141.0
            ],
            [
              2003.0,
              9142.0
            ],
            [
              1968.0,
              9181.0
            ],
            [
              1959.0,
              9210.0
            ],
            [
              1948.0,
              9228.0
            ],
            [
              1947.0,
              9275.0
            ],
            [
              1956.0,
              9307.0
            ],
            [
              1956.0,
              9314.0
            ],
            [
              1959.0,
              9317.0
            ],
            [
              1961.0,
              9332.0
            ],
            [
              1964.0,
              9334.0
            ],
            [
              1969.0,
              9349.0
            ],
            [
              1976.0,
              9356.0
            ],
            [
              1996.0,
              9394.0
            ],
            [
              2009.0,
              9410.0
            ],
            [
              2031.0,
              9410.0
            ],
            [
              2035.0,
              9408.0
            ],
            [
              2041.0,
              9395.0
            ],
            [
              2041.0,
              9367.0
            ],
            [
              2043.0,
              9360.0
            ],
            [
              2055.0,
              9348.0
            ],
            [
              2065.0,
              9342.0
            ],
            [
              2076.0,
              9323.0
            ],
            [
              2093.0,
              9308.0
            ],
            [
              2101.0,
              9297.0
            ],
            [
              2110.0,
              9270.0
            ],
            [
              2111.0,
              9259.0
            ],
            [
              2114.0,
              9255.0
            ],
            [
              2114.0,
              9203.0
            ],
            [
              2110.0,
              9193.0
            ],
            [
              2107.0,
              9191.0
            ],
            [
              2096.0,
              9135.0
            ],
            [
              2086.0,
              9124.0
            ],
            [
              2073.0,
              9117.0
            ]
          ],
          [
            [
              2071.0,
              9129.0
            ],
            [
              2076.0,
              9133.0
            ],
            [
              2077.0,
              9139.0
            ],
            [
              2070.0,
              9159.0
            ],
            [
              2069.0,
              9173.0
            ],
            [
              2060.0,
              9183.0
            ],
            [
              2060.0,
              9186.0
            ],
            [
              2070.0,
              9194.0
            ],
            [
              2074.0,
              9203.0
            ],
            [
              2082.0,
              9209.0
            ],
            [
              2080.0,
              9215.0
            ],
            [
              2081.0,
              9223.0
            ],
            [
              2092.0,
              9236.0
            ],
            [
              2090.0,
              9258.0
            ],
            [
              2079.0,
              9266.0
            ],
            [
              2062.0,
              9267.0
            ],
            [
              2038.0,
              9275.0
            ],
            [
              2033.0,
              9272.0
            ],
            [
              2033.0,
              9267.0
            ],
            [
              2040.0,
              9258.0
            ],
            [
              2038.0,
              9246.0
            ],
            [
              2044.0,
              9238.0
            ],
            [
              2051.0,
              9236.0
            ],
            [
              2053.0,
              9233.0
            ],
            [
              2048.0,
              9229.0
            ],
            [
              2037.0,
              9229.0
            ],
            [
              2032.0,
              9226.0
            ],
            [
              2026.0,
              9227.0
            ],
            [
              2021.0,
              9232.0
            ],
            [
              2021.0,
              9238.0
            ],
            [
              2025.0,
              9248.0
            ],
            [
              2023.0,
              9258.0
            ],
            [
              2026.0,
              9262.0
            ],
            [
              2023.0,
              9279.0
            ],
            [
              2029.0,
              9282.0
            ],
            [
              2030.0,
              9285.0
            ],
            [
              2022.0,
              9298.0
            ],
            [
              2007.0,
              9300.0
            ],
            [
              1999.0,
              9291.0
            ],
            [
              1996.0,
              9284.0
            ],
            [
              1999.0,
              9267.0
            ],
            [
              1980.0,
              9259.0
            ],
            [
              1984.0,
              9241.0
            ],
            [
              1990.0,
              9235.0
            ],
            [
              1997.0,
              9236.0
            ],
            [
              2001.0,
              9233.0
            ],
            [
              2002.0,
              9226.0
            ],
            [
              1999.0,
              9222.0
            ],
            [
              2000.0,
              9216.0
            ],
            [
              2008.0,
              9204.0
            ],
            [
              2021.0,
              9193.0
            ],
            [
              2019.0,
              9183.0
            ],
            [
              2030.0,
              9166.0
            ],
            [
              2028.0,
              9162.0
            ],
            [
              2021.0,
              9158.0
            ],
            [
              2024.0,
              9149.0
            ],
            [
              2029.0,
              9145.0
            ],
            [
              2038.0,
              9145.0
            ],
            [
              2042.0,
              9136.0
            ],
            [
              2046.0,
              9133.0
            ],
            [
              2060.0,
              9133.0
            ],
            [
              2071.0,
              9129.0
            ]
          ]
        ]
      },
      "properties": {
        "annotation_id": "84_GP3_74",
        "label": "GP3",
        "probabilities": null,
        "tags": []
      }
    },
    {
      "type": "Feature",
      "geometry": {
        "type": "Polygon",
        "coordinates": [
          [
            [
              1833.0,
              8373.0
            ],
            [
              1755.0,
              8404.0
            ],
            [
              1671.0,
              8458.0
            ],
            [
              1641.0,
              8495.0
            ],
            [
              1633.0,
              8565.0
            ],
            [
              1645.0,
              8599.0
            ],
            [
              1673.0,
              8625.0
            ],
            [
              1716.0,
              8629.0
            ],
            [
              1668.0,
              8651.0
            ],
            [
              1638.0,
              8689.0
            ],
            [
              1589.0,
              8983.0
            ],
            [
              1551.0,
              9026.0
            ],
            [
              1513.0,
              9044.0
            ],
            [
              1493.0,
              9088.0
            ],
            [
              1493.0,
              9129.0
            ],
            [
              1509.0,
              9162.0
            ],
            [
              1580.0,
              9173.0
            ],
            [
              1572.0,
              9250.0
            ],
            [
              1632.0,
              9302.0
            ],
            [
              1653.0,
              9302.0
            ],
            [
              1669.0,
              9257.0
            ],
            [
              1699.0,
              9245.0
            ],
            [
              1738.0,
              9337.0
            ],
            [
              1784.0,
              9334.0
            ],
            [
              1803.0,
              9313.0
            ],
            [
              1803.0,
              9285.0
            ],
            [
              1774.0,
              9231.0
            ],
            [
              1774.0,
              9199.0
            ],
            [
              1829.0,
              9144.0
            ],
            [
              1812.0,
              9036.0
            ],
            [
              1907.0,
              9032.0
            ],
            [
              1992.0,
              8979.0
            ],
            [
              2040.0,
              8988.0
            ],
            [
              2058.0,
              8976.0
            ],
            [
              2110.0,
              8973.0
            ],
            [
              2147.0,
              8928.0
            ],
            [
              2150.0,
              8852.0
            ],
            [
              2215.0,
              8845.0
            ],
            [
              2228.0,
              8803.0
            ],
            [
              2228.0,
              8750.0
            ],
            [
              2193.0,
              8704.0
            ],
            [
              2170.0,
              8589.0
            ],
            [
              2131.0,
              8520.0
            ],
            [
              2083.0,
              8480.0
            ],
            [
              2002.0,
              8500.0
            ],
            [
              1939.0,
              8599.0
            ],
            [
              1727.0,
              8623.0
            ],
            [
              1782.0,
              8568.0
            ],
            [
              1848.0,
              8555.0
            ],
            [
              1911.0,
              8480.0
            ],
            [
              1915.0,
              8409.0
            ],
            [
              1833.0,
              8373.0
            ]
          ],
          [
            [
              2006.0,
              8853.0
            ],
            [
              2023.0,
              8853.0
            ],
            [
              2031.0,
              8859.0
            ],
            [
              2032.0,
              8861.0
            ],
            [
              2032.0,
              8863.0
            ],
            [
              2034.0,
              8866.0
            ],
            [
              2034.0,
              8872.0
            ],
            [
              2035.0,
              8873.0
            ],
            [
              2035.0,
              8876.0
            ],
            [
              2036.0,
              8877.0
            ],
            [
              2036.0,
              8889.0
            ],
            [
              2039.0,
              8894.0
            ],
            [
              2039.0,
              8897.0
            ],
            [
              2043.0,
              8904.0
            ],
            [
              2043.0,
              8909.0
            ],
            [
              2036.0,
              8922.0
            ],
            [
              2036.0,
              8930.0
            ],
            [
              2034.0,
              8934.0
            ],
            [
              2030.0,
              8937.0
            ],
            [
              2015.0,
              8937.0
            ],
            [
              2011.0,
              8934.0
            ],
            [
              2010.0,
              8934.0
            ],
            [
              2007.0,
              8929.0
            ],
            [
              2006.0,
              8924.0
            ],
            [
              2000.0,
              8918.0
            ],
            [
              1998.0,
              8913.0
            ],
            [
              1996.0,
              8911.0
            ],
            [
              1996.0,
              8908.0
            ],
            [
              1995.0,
              8907.0
            ],
            [
              1995.0,
              8905.0
            ],
            [
              1993.0,
              8901.0
            ],
            [
              1990.0,
              8898.0
            ],
            [
              1990.0,
              8894.0
            ],
            [
              1991.0,
              8893.0
            ],
            [
              1991.0,
              8890.0
            ],
            [
              1996.0,
              8880.0
            ],
            [
              1996.0,
              8877.0
            ],
            [
              1997.0,
              8876.0
            ],
            [
              1997.0,
              8864.0
            ],
            [
              2000.0,
              8858.0
            ],
            [
              2004.0,
              8854.0
            ],
            [
              2006.0,
              8853.0
            ]
          ],
          [
            [
              1965.0,
              8730.0
            ],
            [
              1970.0,
              8723.0
            ],
            [
              1974.0,
              8715.0
            ],
            [
              1978.0,
              8710.0
            ],
            [
              1980.0,
              8709.0
            ],
            [
              1982.0,
              8709.0
            ],
            [
              1983.0,
              8708.0
            ],
            [
              1990.0,
              8708.0
            ],
            [
              1991.0,
              8707.0
            ],
            [
              1993.0,
              8707.0
            ],
            [
              1994.0,
              8708.0
            ],
            [
              1996.0,
              8708.0
            ],
            [
              2004.0,
              8712.0
            ],
            [
              2007.0,
              8712.0
            ],
            [
              2008.0,
              8713.0
            ],
            [
              2016.0,
              8713.0
            ],
            [
              2023.0,
              8718.0
            ],
            [
              2024.0,
              8718.0
            ],
            [
              2026.0,
              8720.0
            ],
            [
              2027.0,
              8720.0
            ],
            [
              2030.0,
              8723.0
            ],
            [
              2030.0,
              8727.0
            ],
            [
              2029.0,
              8729.0
            ],
            [
              2025.0,
              8733.0
            ],
            [
              2025.0,
              8737.0
            ],
            [
              2026.0,
              8738.0
            ],
            [
              2028.0,
              8738.0
            ],
            [
              2030.0,
              8737.0
            ],
            [
              2032.0,
              8735.0
            ],
            [
              2032.0,
              8734.0
            ],
            [
              2036.0,
              8731.0
            ],
            [
              2041.0,
              8733.0
            ],
            [
              2042.0,
              8734.0
            ],
            [
              2042.0,
              8737.0
            ],
            [
              2028.0,
              8751.0
            ],
            [
              2026.0,
              8752.0
            ],
            [
              2022.0,
              8752.0
            ],
            [
              2014.0,
              8756.0
            ],
            [
              2008.0,
              8756.0
            ],
            [
              2006.0,
              8755.0
            ],
            [
              2004.0,
              8753.0
            ],
            [
              2003.0,
              8750.0
            ],
            [
              1998.0,
              8746.0
            ],
            [
              1992.0,
              8746.0
            ],
            [
              1991.0,
              8747.0
            ],
            [
              1986.0,
              8747.0
            ],
            [
              1985.0,
              8748.0
            ],
            [
              1978.0,
              8748.0
            ],
            [
              1977.0,
              8749.0
            ],
            [
              1976.0,
              8748.0
            ],
            [
              1973.0,
              8748.0
            ],
            [
              1969.0,
              8746.0
            ],
            [
              1967.0,
              8744.0
            ],
            [
              1967.0,
              8736.0
            ],
            [
              1965.0,
              8734.0
            ],
            [
              1965.0,
              8730.0
            ]
          ],
          [
            [
              2037.0,
              8510.0
            ],
            [
              2044.0,
              8511.0
            ],
            [
              2052.0,
              8515.0
            ],
            [
              2054.0,
              8517.0
            ],
            [
              2057.0,
              8518.0
            ],
            [
              2069.0,
              8528.0
            ],
            [
              2070.0,
              8528.0
            ],
            [
              2077.0,
              8535.0
            ],
            [
              2077.0,
              8537.0
            ],
            [
              2079.0,
              8539.0
            ],
            [
              2079.0,
              8546.0
            ],
            [
              2081.0,
              8548.0
            ],
            [
              2081.0,
              8554.0
            ],
            [
              2083.0,
              8556.0
            ],
            [
              2083.0,
              8565.0
            ],
            [
              2081.0,
              8567.0
            ],
            [
              2081.0,
              8582.0
            ],
            [
              2079.0,
              8584.0
            ],
            [
              2079.0,
              8588.0
            ],
            [
              2077.0,
              8590.0
            ],
            [
              2077.0,
              8592.0
            ],
            [
              2073.0,
              8596.0
            ],
            [
              2073.0,
              8597.0
            ],
            [
              2058.0,
              8611.0
            ],
            [
              2056.0,
              8612.0
            ],
            [
              2052.0,
              8610.0
            ],
            [
              2052.0,
              8598.0
            ],
            [
              2050.0,
              8596.0
            ],
            [
              2050.0,
              8592.0
            ],
            [
              2048.0,
              8590.0
            ],
            [
              2048.0,
              8587.0
            ],
            [
              2046.0,
              8585.0
            ],
            [
              2046.0,
              8582.0
            ],
            [
              2044.0,
              8580.0
            ],
            [
              2044.0,
              8578.0
            ],
            [
              2042.0,
              8576.0
            ],
            [
              2042.0,
              8572.0
            ],
            [
              2040.0,
              8570.0
            ],
            [
              2040.0,
              8568.0
            ],
            [
              2038.0,
              8566.0
            ],
            [
              2038.0,
              8564.0
            ],
            [
              2036.0,
              8562.0
            ],
            [
              2036.0,
              8560.0
            ],
            [
              2034.0,
              8558.0
            ],
            [
              2034.0,
              8554.0
            ],
            [
              2032.0,
              8552.0
            ],
            [
              2032.0,
              8534.0
            ],
            [
              2030.0,
              8532.0
            ],
            [
              2030.0,
              8516.0
            ],
            [
              2033.0,
              8512.0
            ],
            [
              2037.0,
              8510.0
            ]
          ]
        ]
      },
      "properties": {
        "annotation_id": "84_GP3_76",
        "label": "GP3",
        "probabilities": null,
        "tags": []
      }
    },
    {
      "type": "Feature",
      "geometry": {
        "type": "Polygon",
        "coordinates": [
          [
            [
              1820.0,
              7375.0
            ],
            [
              1772.0,
              7353.0
            ],
            [
              1713.0,
              7337.0
            ],
            [
              1634.0,
              7325.0
            ],
            [
              1563.0,
              7323.0
            ],
            [
              1487.0,
              7346.0
            ],
            [
              1420.0,
              7359.0
            ],
            [
              1381.0,
              7379.0
            ],
            [
              1362.0,
              7401.0
            ],
            [
              1345.0,
              7429.0
            ],
            [
              1343.0,
              7450.0
            ],
            [
              1393.0,
              7538.0
            ],
            [
              1395.0,
              7634.0
            ],
            [
              1389.0,
              7652.0
            ],
            [
              1389.0,
              7688.0
            ],
            [
              1421.0,
              7793.0
            ],
            [
              1469.0,
              7850.0
            ],
            [
              1494.0,
              7863.0
            ],
            [
              1540.0,
              7864.0
            ],
            [
              1565.0,
              7860.0
            ],
            [
              1617.0,
              7833.0
            ],
            [
              1623.0,
              7821.0
            ],
            [
              1623.0,
              7800.0
            ],
            [
              1617.0,
              7789.0
            ],
            [
              1616.0,
              7758.0
            ],
            [
              1630.0,
              7728.0
            ],
            [
              1679.0,
              7675.0
            ],
            [
              1688.0,
              7653.0
            ],
            [
              1726.0,
              7606.0
            ],
            [
              1791.0,
              7554.0
            ],
            [
              1814.0,
              7523.0
            ],
            [
              1837.0,
              7453.0
            ],
            [
              1835.0,
              7397.0
            ],
            [
              1820.0,
              7375.0
            ]
          ]
        ]
      },
      "properties": {
        "annotation_id": "84_GP3_80",
        "label": "GP3",
        "probabilities": {
          "GP3": 0.587,
          "GP4": 0.413,
          "GP5": 0.0,
          "Benign": 0.0
        },
        "tags": []
      }
    },
    {
      "type": "Feature",
      "geometry": {
        "type": "Polygon",
        "coordinates": [
          [
            [
              1943.0,
              7189.0
            ],
            [
              1926.0,
              7197.0
            ],
            [
              1918.0,
              7199.0
            ],
            [
              1913.0,
              7203.0
            ],
            [
              1909.0,
              7203.0
            ],
            [
              1906.0,
              7206.0
            ],
            [
              1892.0,
              7212.0
            ],
            [
              1882.0,
              7223.0
            ],
            [
              1880.0,
              7233.0
            ],
            [
              1877.0,
              7239.0
            ],
            [
              1877.0,
              7273.0
            ],
            [
              1880.0,
              7276.0
            ],
            [
              1883.0,
              7286.0
            ],
            [
              1889.0,
              7293.0
            ],
            [
              1891.0,
              7301.0
            ],
            [
              1906.0,
              7320.0
            ],
            [
              1916.0,
              7328.0
            ],
            [
              1932.0,
              7335.0
            ],
            [
              1942.0,
              7337.0
            ],
            [
              1946.0,
              7340.0
            ],
            [
              1977.0,
              7341.0
            ],
            [
              2002.0,
              7334.0
            ],
            [
              2013.0,
              7326.0
            ],
            [
              2019.0,
              7318.0
            ],
            [
              2019.0,
              7299.0
            ],
            [
              2022.0,
              7293.0
            ],
            [
              2024.0,
              7268.0
            ],
            [
              2026.0,
              7266.0
            ],
            [
              2027.0,
              7261.0
            ],
            [
              2027.0,
              7234.0
            ],
            [
              2024.0,
              7231.0
            ],
            [
              2023.0,
              7217.0
            ],
            [
              2020.0,
              7215.0
            ],
            [
              2019.0,
              7208.0
            ],
            [
              2014.0,
              7201.0
            ],
            [
              1999.0,
              7191.0
            ],
            [
              1994.0,
              7191.0
            ],
            [
              1986.0,
              7188.0
            ],
            [
              1943.0,
              7189.0
            ]
          ]
        ]
      },
      "properties": {
        "annotation_id": "84_GP3_81",
        "label": "GP3",
        "probabilities": null,
        "tags": []
      }
    },
    {
      "type": "Feature",
      "geometry": {
        "type": "Polygon",
        "coordinates": [
          [
            [
              2218.0,
              7154.0
            ],
            [
              2216.0,
              7154.0
            ],
            [
              2211.0,
              7151.0
            ],
            [
              2206.0,
              7151.0
            ],
            [
              2200.0,
              7148.0
            ],
            [
              2194.0,
              7148.0
            ],
            [
              2191.0,
              7146.0
            ],
            [
              2177.0,
              7146.0
            ],
            [
              2170.0,
              7150.0
            ],
            [
              2161.0,
              7151.0
            ],
            [
              2150.0,
              7160.0
            ],
            [
              2147.0,
              7161.0
            ],
            [
              2145.0,
              7164.0
            ],
            [
              2138.0,
              7170.0
            ],
            [
              2138.0,
              7172.0
            ],
            [
              2136.0,
              7174.0
            ],
            [
              2136.0,
              7176.0
            ],
            [
              2134.0,
              7178.0
            ],
            [
              2134.0,
              7180.0
            ],
            [
              2132.0,
              7183.0
            ],
            [
              2132.0,
              7218.0
            ],
            [
              2134.0,
              7224.0
            ],
            [
              2137.0,
              7227.0
            ],
            [
              2137.0,
              7229.0
            ],
            [
              2146.0,
              7239.0
            ],
            [
              2156.0,
              7239.0
            ],
            [
              2186.0,
              7229.0
            ],
            [
              2190.0,
              7226.0
            ],
            [
              2194.0,
              7225.0
            ],
            [
              2197.0,
              7222.0
            ],
            [
              2201.0,
              7221.0
            ],
            [
              2204.0,
              7219.0
            ],
            [
              2208.0,
              7219.0
            ],
            [
              2212.0,
              7217.0
            ],
            [
              2220.0,
              7216.0
            ],
            [
              2225.0,
              7211.0
            ],
            [
              2229.0,
              7204.0
            ],
            [
              2229.0,
              7200.0
            ],
            [
              2230.0,
              7199.0
            ],
            [
              2230.0,
              7173.0
            ],
            [
              2228.0,
              7167.0
            ],
            [
              2225.0,
              7164.0
            ],
            [
              2225.0,
              7162.0
            ],
            [
              2220.0,
              7158.0
            ],
            [
              2218.0,
              7154.0
            ]
          ]
        ]
      },
      "properties": {
        "annotation_id": "84_GP3_82",
        "label": "GP3",
        "probabilities": null,
        "tags": []
      }
    },
    {
      "type": "Feature",
      "geometry": {
        "type": "Polygon",
        "coordinates": [
          [
            [
              2403,
              7109
            ],
            [
              2235,
              7232
            ],
            [
              2217,
              7349
            ],
            [
              2087,
              7332
            ],
            [
              2036,
              7363
            ],
            [
              1954,
              7493
            ],
            [
              1842.0178069147375,
              7554.046188008763
            ],
            [
              1899,
              7633
            ],
            [
              1809,
              7754
            ],
            [
              1825,
              7853
            ],
            [
              1755,
              7859
            ],
            [
              1606,
              7949
            ],
            [
              1587,
              8021
            ],
            [
              1669,
              8053
            ],
            [
              1687,
              8122
            ],
            [
              1888,
              8177
            ],
            [
              2133,
              8159
            ],
            [
              2200,
              8230
            ],
            [
              2343,
              8183
            ],
            [
              2137,
              8418
            ],
            [
              2201,
              8613
            ],
            [
              2246,
              8679
            ],
            [
              2288,
              8660
            ],
            [
              2260,
              8607
            ],
            [
              2352,
              8551
            ],
            [
              2344,
              8479
            ],
            [
              2239,
              8408
            ],
            [
              2270,
              8351
            ],
            [
              2378,
              8429
            ],
            [
              2434,
              8381
            ],
            [
              2438,
              8494
            ],
            [
              2490,
              8517
            ],
            [
              2510,
              8584
            ],
            [
              2468,
              8652
            ],
            [
              2249,
              8706
            ],
            [
              2256,
              8811
            ],
            [
              2302,
              8865
            ],
            [
              2411,
              8888
            ],
            [
              2493,
              8952
            ],
            [
              2619,
              8973
            ],
            [
              2629,
              9043
            ],
            [
              2803,
              9098
            ],
            [
              2892,
              9046
            ],
            [
              2936,
              8942
            ],
            [
              2889,
              8904
            ],
            [
              2840,
              8930
            ],
            [
              2762,
              8857
            ],
            [
              2834,
              8761
            ],
            [
              2773,
              8724
            ],
            [
              2764,
              8644
            ],
            [
              2657,
              8538
            ],
            [
              2931,
              8562
            ],
            [
              3023,
              8500
            ],
            [
              3023,
              8420
            ],
            [
              2962,
              8249
            ],
            [
              2916,
              7907
            ],
            [
              2871,
              7824
            ],
            [
              2641,
              7990
            ],
            [
              2584,
              8068
            ],
            [
              2355,
              8174
            ],
            [
              2579,
              8042
            ],
            [
              2811,
              7834
            ],
            [
              2821,
              7711
            ],
            [
              2768,
              7636
            ],
            [
              2809,
              7556
            ],
            [
              2656,
              7434
            ],
            [
              2733,
              7412
            ],
            [
              2774,
              7296
            ],
            [
              2711,
              7139
            ],
            [
              2662,
              7128
            ],
            [
              2614,
              7180
            ],
            [
              2597,
              7335
            ],
            [
              2501,
              7367
            ],
            [
              2573.7982413672185,
              7164.722813812452
            ],
            [
              2454,
              7166
            ],
            [
              2403,
              7109
            ]
          ],
          [
            [
              2791,
              8960
            ],
            [
              2799,
              8960
            ],
            [
              2802,
              8962
            ],
            [
              2805,
              8962
            ],
            [
              2809,
              8965
            ],
            [
              2809,
              8981
            ],
            [
              2817,
              8989
            ],
            [
              2817,
              8991
            ],
            [
              2823,
              8997
            ],
            [
              2823,
              8999
            ],
            [
              2825,
              9001
            ],
            [
              2825,
              9003
            ],
            [
              2827,
              9005
            ],
            [
              2827,
              9009
            ],
            [
              2825,
              9011
            ],
            [
              2825,
              9013
            ],
            [
              2823,
              9015
            ],
            [
              2823,
              9017
            ],
            [
              2810,
              9030
            ],
            [
              2806,
              9031
            ],
            [
              2803,
              9033
            ],
            [
              2796,
              9033
            ],
            [
              2794,
              9032
            ],
            [
              2787,
              9025
            ],
            [
              2779,
              9022
            ],
            [
              2774,
              9017
            ],
            [
              2774,
              9014
            ],
            [
              2770,
              9011
            ],
            [
              2770,
              9006
            ],
            [
              2765,
              9001
            ],
            [
              2761,
              8999
            ],
            [
              2754,
              8999
            ],
            [
              2750,
              8997
            ],
            [
              2748,
              8995
            ],
            [
              2748,
              8993
            ],
            [
              2750,
              8991
            ],
            [
              2750,
              8989
            ],
            [
              2752,
              8987
            ],
            [
              2752,
              8985
            ],
            [
              2758,
              8979
            ],
            [
              2762,
              8978
            ],
            [
              2767,
              8973
            ],
            [
              2770,
              8972
            ],
            [
              2773,
              8969
            ],
            [
              2776,
              8968
            ],
            [
              2779,
              8965
            ],
            [
              2785,
              8962
            ],
            [
              2788,
              8962
            ],
            [
              2791,
              8960
            ]
          ],
          [
            [
              2377,
              8719
            ],
            [
              2377,
              8721
            ],
            [
              2379,
              8723
            ],
            [
              2379,
              8735
            ],
            [
              2377,
              8737
            ],
            [
              2377,
              8741
            ],
            [
              2375,
              8743
            ],
            [
              2375,
              8745
            ],
            [
              2372,
              8748
            ],
            [
              2369,
              8749
            ],
            [
              2364,
              8754
            ],
            [
              2363,
              8754
            ],
            [
              2362,
              8755
            ],
            [
              2358,
              8755
            ],
            [
              2355,
              8757
            ],
            [
              2350,
              8757
            ],
            [
              2347,
              8759
            ],
            [
              2334,
              8759
            ],
            [
              2333,
              8758
            ],
            [
              2332,
              8758
            ],
            [
              2327,
              8755
            ],
            [
              2325,
              8755
            ],
            [
              2324,
              8754
            ],
            [
              2323,
              8754
            ],
            [
              2320,
              8751
            ],
            [
              2320,
              8739
            ],
            [
              2322,
              8737
            ],
            [
              2322,
              8735
            ],
            [
              2332,
              8725
            ],
            [
              2333,
              8725
            ],
            [
              2334,
              8724
            ],
            [
              2336,
              8724
            ],
            [
              2339,
              8721
            ],
            [
              2340,
              8721
            ],
            [
              2341,
              8720
            ],
            [
              2342,
              8720
            ],
            [
              2343,
              8719
            ],
            [
              2344,
              8719
            ],
            [
              2349,
              8716
            ],
            [
              2354,
              8716
            ],
            [
              2357,
              8714
            ],
            [
              2369,
              8714
            ],
            [
              2370,
              8715
            ],
            [
              2371,
              8715
            ],
            [
              2372,
              8716
            ],
            [
              2375,
              8717
            ],
            [
              2377,
              8719
            ]
          ],
          [
            [
              2726,
              8688
            ],
            [
              2731,
              8727
            ],
            [
              2729,
              8739
            ],
            [
              2713,
              8766
            ],
            [
              2694,
              8784
            ],
            [
              2672,
              8792
            ],
            [
              2656,
              8810
            ],
            [
              2629,
              8823
            ],
            [
              2608,
              8844
            ],
            [
              2584,
              8853
            ],
            [
              2570,
              8869
            ],
            [
              2542,
              8865
            ],
            [
              2524,
              8880
            ],
            [
              2513,
              8881
            ],
            [
              2505,
              8865
            ],
            [
              2457,
              8851
            ],
            [
              2444,
              8842
            ],
            [
              2434,
              8827
            ],
            [
              2419,
              8817
            ],
            [
              2424,
              8811
            ],
            [
              2427,
              8797
            ],
            [
              2453,
              8766
            ],
            [
              2459,
              8729
            ],
            [
              2467,
              8720
            ],
            [
              2499,
              8702
            ],
            [
              2517,
              8702
            ],
            [
              2539,
              8711
            ],
            [
              2539,
              8731
            ],
            [
              2549,
              8751
            ],
            [
              2545,
              8771
            ],
            [
              2554,
              8776
            ],
            [
              2566,
              8776
            ],
            [
              2580,
              8758
            ],
            [
              2599,
              8770
            ],
            [
              2608,
              8766
            ],
            [
              2610,
              8726
            ],
            [
              2598,
              8719
            ],
            [
              2598,
              8713
            ],
            [
              2612,
              8702
            ],
            [
              2623,
              8673
            ],
            [
              2633,
              8676
            ],
            [
              2635,
              8703
            ],
            [
              2627,
              8730
            ],
            [
              2644,
              8758
            ],
            [
              2654,
              8764
            ],
            [
              2686,
              8739
            ],
            [
              2696,
              8717
            ],
            [
              2694,
              8699
            ],
            [
              2705,
              8682
            ],
            [
              2714,
              8678
            ],
            [
              2726,
              8688
            ]
          ],
          [
            [
              2321,
              8165
            ],
            [
              2322,
              8167
            ],
            [
              2322,
              8169
            ],
            [
              2321,
              8171
            ],
            [
              2319,
              8173
            ],
            [
              2318,
              8173
            ],
            [
              2314,
              8177
            ],
            [
              2314,
              8178
            ],
            [
              2309,
              8183
            ],
            [
              2308,
              8183
            ],
            [
              2306,
              8185
            ],
            [
              2305,
              8188
            ],
            [
              2301,
              8190
            ],
            [
              2297,
              8194
            ],
            [
              2296,
              8197
            ],
            [
              2294,
              8199
            ],
            [
              2289,
              8201
            ],
            [
              2287,
              8203
            ],
            [
              2286,
              8203
            ],
            [
              2282,
              8206
            ],
            [
              2280,
              8206
            ],
            [
              2279,
              8207
            ],
            [
              2275,
              8207
            ],
            [
              2274,
              8208
            ],
            [
              2272,
              8208
            ],
            [
              2271,
              8209
            ],
            [
              2269,
              8209
            ],
            [
              2266,
              8211
            ],
            [
              2263,
              8211
            ],
            [
              2262,
              8212
            ],
            [
              2253,
              8212
            ],
            [
              2246,
              8207
            ],
            [
              2243,
              8200
            ],
            [
              2237,
              8193
            ],
            [
              2237,
              8190
            ],
            [
              2239,
              8188
            ],
            [
              2239,
              8187
            ],
            [
              2241,
              8186
            ],
            [
              2243,
              8184
            ],
            [
              2243,
              8183
            ],
            [
              2249,
              8177
            ],
            [
              2251,
              8176
            ],
            [
              2253,
              8176
            ],
            [
              2261,
              8172
            ],
            [
              2263,
              8170
            ],
            [
              2265,
              8169
            ],
            [
              2267,
              8169
            ],
            [
              2270,
              8167
            ],
            [
              2272,
              8167
            ],
            [
              2277,
              8164
            ],
            [
              2279,
              8164
            ],
            [
              2280,
              8163
            ],
            [
              2282,
              8163
            ],
            [
              2286,
              8161
            ],
            [
              2302,
              8161
            ],
            [
              2303,
              8160
            ],
            [
              2314,
              8160
            ],
            [
              2318,
              8162
            ],
            [
              2321,
              8165
            ]
          ],
          [
            [
              2392,
              8105
            ],
            [
              2392,
              8109
            ],
            [
              2389,
              8112
            ],
            [
              2388,
              8112
            ],
            [
              2385,
              8115
            ],
            [
              2382,
              8116
            ],
            [
              2375,
              8124
            ],
            [
              2374,
              8124
            ],
            [
              2367,
              8128
            ],
            [
              2367,
              8133
            ],
            [
              2366,
              8134
            ],
            [
              2363,
              8135
            ],
            [
              2360,
              8138
            ],
            [
              2360,
              8139
            ],
            [
              2359,
              8140
            ],
            [
              2358,
              8140
            ],
            [
              2349,
              8145
            ],
            [
              2337,
              8145
            ],
            [
              2336,
              8146
            ],
            [
              2332,
              8146
            ],
            [
              2331,
              8145
            ],
            [
              2328,
              8145
            ],
            [
              2327,
              8144
            ],
            [
              2324,
              8144
            ],
            [
              2323,
              8143
            ],
            [
              2321,
              8143
            ],
            [
              2320,
              8142
            ],
            [
              2317,
              8141
            ],
            [
              2315,
              8139
            ],
            [
              2315,
              8137
            ],
            [
              2312,
              8133
            ],
            [
              2312,
              8131
            ],
            [
              2311,
              8130
            ],
            [
              2311,
              8119
            ],
            [
              2312,
              8118
            ],
            [
              2313,
              8115
            ],
            [
              2318,
              8112
            ],
            [
              2320,
              8112
            ],
            [
              2321,
              8111
            ],
            [
              2322,
              8111
            ],
            [
              2325,
              8108
            ],
            [
              2326,
              8108
            ],
            [
              2330,
              8104
            ],
            [
              2331,
              8104
            ],
            [
              2332,
              8103
            ],
            [
              2340,
              8103
            ],
            [
              2341,
              8104
            ],
            [
              2343,
              8104
            ],
            [
              2346,
              8106
            ],
            [
              2347,
              8106
            ],
            [
              2348,
              8105
            ],
            [
              2362,
              8105
            ],
            [
              2363,
              8104
            ],
            [
              2366,
              8104
            ],
            [
              2369,
              8106
            ],
            [
              2372,
              8106
            ],
            [
              2373,
              8105
            ],
            [
              2376,
              8105
            ],
            [
              2377,
              8104
            ],
            [
              2382,
              8104
            ],
            [
              2383,
              8103
            ],
            [
              2385,
              8103
            ],
            [
              2388,
              8101
            ],
            [
              2389,
              8102
            ],
            [
              2390,
              8102
            ],
            [
              2392,
              8105
            ]
          ],
          [
            [
              2539,
              7979
            ],
            [
              2540,
              7979
            ],
            [
              2543,
              7977
            ],
            [
              2548,
              7977
            ],
            [
              2549,
              7976
            ],
            [
              2554,
              7976
            ],
            [
              2555,
              7975
            ],
            [
              2557,
              7975
            ],
            [
              2558,
              7974
            ],
            [
              2560,
              7974
            ],
            [
              2561,
              7973
            ],
            [
              2573,
              7973
            ],
            [
              2574,
              7974
            ],
            [
              2577,
              7975
            ],
            [
              2579,
              7977
            ],
            [
              2580,
              7977
            ],
            [
              2582,
              7979
            ],
            [
              2583,
              7979
            ],
            [
              2584,
              7980
            ],
            [
              2586,
              7985
            ],
            [
              2588,
              7987
            ],
            [
              2588,
              7988
            ],
            [
              2592,
              7995
            ],
            [
              2592,
              8002
            ],
            [
              2591,
              8003
            ],
            [
              2591,
              8004
            ],
            [
              2581,
              8014
            ],
            [
              2580,
              8014
            ],
            [
              2577,
              8017
            ],
            [
              2576,
              8017
            ],
            [
              2569,
              8021
            ],
            [
              2560,
              8021
            ],
            [
              2559,
              8020
            ],
            [
              2555,
              8020
            ],
            [
              2554,
              8019
            ],
            [
              2550,
              8019
            ],
            [
              2549,
              8018
            ],
            [
              2545,
              8018
            ],
            [
              2544,
              8017
            ],
            [
              2539,
              8015
            ],
            [
              2536,
              8012
            ],
            [
              2535,
              8012
            ],
            [
              2533,
              8010
            ],
            [
              2532,
              8010
            ],
            [
              2525,
              8003
            ],
            [
              2525,
              7997
            ],
            [
              2527,
              7995
            ],
            [
              2528,
              7992
            ],
            [
              2530,
              7990
            ],
            [
              2530,
              7989
            ],
            [
              2533,
              7986
            ],
            [
              2533,
              7985
            ],
            [
              2539,
              7979
            ]
          ],
          [
            [
              2306,
              7983
            ],
            [
              2310,
              7978
            ],
            [
              2316,
              7977
            ],
            [
              2320,
              7972
            ],
            [
              2331,
              7964
            ],
            [
              2335,
              7963
            ],
            [
              2340,
              7965
            ],
            [
              2341,
              7964
            ],
            [
              2340,
              7957
            ],
            [
              2344,
              7954
            ],
            [
              2354,
              7954
            ],
            [
              2357,
              7951
            ],
            [
              2362,
              7950
            ],
            [
              2368,
              7954
            ],
            [
              2381,
              7955
            ],
            [
              2384,
              7960
            ],
            [
              2392,
              7967
            ],
            [
              2392,
              7969
            ],
            [
              2389,
              7971
            ],
            [
              2379,
              7970
            ],
            [
              2377,
              7973
            ],
            [
              2383,
              7975
            ],
            [
              2395,
              7991
            ],
            [
              2403,
              7992
            ],
            [
              2410,
              8000
            ],
            [
              2411,
              8006
            ],
            [
              2416,
              8010
            ],
            [
              2416,
              8012
            ],
            [
              2412,
              8014
            ],
            [
              2408,
              8019
            ],
            [
              2396,
              8022
            ],
            [
              2395,
              8025
            ],
            [
              2400,
              8029
            ],
            [
              2408,
              8032
            ],
            [
              2418,
              8040
            ],
            [
              2425,
              8039
            ],
            [
              2433,
              8040
            ],
            [
              2435,
              8044
            ],
            [
              2431,
              8056
            ],
            [
              2424,
              8060
            ],
            [
              2416,
              8060
            ],
            [
              2398,
              8064
            ],
            [
              2394,
              8062
            ],
            [
              2388,
              8055
            ],
            [
              2382,
              8057
            ],
            [
              2378,
              8056
            ],
            [
              2375,
              8053
            ],
            [
              2377,
              8045
            ],
            [
              2374,
              8043
            ],
            [
              2366,
              8043
            ],
            [
              2363,
              8045
            ],
            [
              2353,
              8044
            ],
            [
              2338,
              8037
            ],
            [
              2332,
              8031
            ],
            [
              2332,
              8029
            ],
            [
              2336,
              8026
            ],
            [
              2336,
              8023
            ],
            [
              2334,
              8021
            ],
            [
              2319,
              8023
            ],
            [
              2314,
              8019
            ],
            [
              2313,
              8012
            ],
            [
              2311,
              8010
            ],
            [
              2309,
              8011
            ],
            [
              2306,
              8009
            ],
            [
              2307,
              8003
            ],
            [
              2306,
              7997
            ],
            [
              2309,
              7993
            ],
            [
              2306,
              7983
            ]
          ],
          [
            [
              2290,
              7843
            ],
            [
              2297,
              7850
            ],
            [
              2296,
              7860
            ],
            [
              2292,
              7865
            ],
            [
              2291,
              7875
            ],
            [
              2286,
              7882
            ],
            [
              2281,
              7885
            ],
            [
              2276,
              7881
            ],
            [
              2268,
              7880
            ],
            [
              2266,
              7876
            ],
            [
              2271,
              7872
            ],
            [
              2269,
              7870
            ],
            [
              2265,
              7870
            ],
            [
              2258,
              7878
            ],
            [
              2253,
              7881
            ],
            [
              2254,
              7883
            ],
            [
              2261,
              7883
            ],
            [
              2262,
              7887
            ],
            [
              2269,
              7891
            ],
            [
              2269,
              7894
            ],
            [
              2262,
              7898
            ],
            [
              2259,
              7905
            ],
            [
              2247,
              7916
            ],
            [
              2247,
              7921
            ],
            [
              2243,
              7929
            ],
            [
              2236,
              7936
            ],
            [
              2229,
              7940
            ],
            [
              2229,
              7945
            ],
            [
              2226,
              7948
            ],
            [
              2226,
              7952
            ],
            [
              2223,
              7957
            ],
            [
              2218,
              7960
            ],
            [
              2212,
              7958
            ],
            [
              2208,
              7959
            ],
            [
              2216,
              7967
            ],
            [
              2216,
              7970
            ],
            [
              2210,
              7976
            ],
            [
              2201,
              7976
            ],
            [
              2197,
              7973
            ],
            [
              2196,
              7967
            ],
            [
              2188,
              7969
            ],
            [
              2184,
              7968
            ],
            [
              2179,
              7963
            ],
            [
              2178,
              7958
            ],
            [
              2182,
              7955
            ],
            [
              2187,
              7956
            ],
            [
              2188,
              7952
            ],
            [
              2185,
              7948
            ],
            [
              2178,
              7945
            ],
            [
              2179,
              7936
            ],
            [
              2187,
              7931
            ],
            [
              2187,
              7913
            ],
            [
              2190,
              7907
            ],
            [
              2200,
              7897
            ],
            [
              2203,
              7896
            ],
            [
              2206,
              7891
            ],
            [
              2208,
              7890
            ],
            [
              2211,
              7892
            ],
            [
              2217,
              7892
            ],
            [
              2223,
              7881
            ],
            [
              2229,
              7877
            ],
            [
              2227,
              7874
            ],
            [
              2218,
              7876
            ],
            [
              2214,
              7874
            ],
            [
              2214,
              7872
            ],
            [
              2222,
              7866
            ],
            [
              2223,
              7861
            ],
            [
              2228,
              7854
            ],
            [
              2234,
              7850
            ],
            [
              2236,
              7851
            ],
            [
              2248,
              7839
            ],
            [
              2259,
              7835
            ],
            [
              2269,
              7837
            ],
            [
              2279,
              7844
            ],
            [
              2287,
              7842
            ],
            [
              2290,
              7843
            ]
          ],
          [
            [
              2401,
              7600
            ],
            [
              2413,
              7600
            ],
            [
              2419,
              7602
            ],
            [
              2429,
              7610
            ],
            [
              2432,
              7617
            ],
            [
              2435,
              7621
            ],
            [
              2435,
              7630
            ],
            [
              2439,
              7638
            ],
            [
              2440,
              7646
            ],
            [
              2444,
              7655
            ],
            [
              2444,
              7662
            ],
            [
              2445,
              7663
            ],
            [
              2445,
              7670
            ],
            [
              2443,
              7673
            ],
            [
              2440,
              7682
            ],
            [
              2441,
              7698
            ],
            [
              2439,
              7702
            ],
            [
              2439,
              7705
            ],
            [
              2436,
              7707
            ],
            [
              2432,
              7707
            ],
            [
              2429,
              7705
            ],
            [
              2429,
              7697
            ],
            [
              2425,
              7694
            ],
            [
              2422,
              7694
            ],
            [
              2415,
              7701
            ],
            [
              2409,
              7705
            ],
            [
              2400,
              7702
            ],
            [
              2395,
              7699
            ],
            [
              2396,
              7696
            ],
            [
              2412,
              7688
            ],
            [
              2416,
              7684
            ],
            [
              2417,
              7682
            ],
            [
              2417,
              7666
            ],
            [
              2420,
              7660
            ],
            [
              2427,
              7652
            ],
            [
              2427,
              7642
            ],
            [
              2426,
              7639
            ],
            [
              2422,
              7635
            ],
            [
              2414,
              7634
            ],
            [
              2405,
              7631
            ],
            [
              2391,
              7616
            ],
            [
              2391,
              7609
            ],
            [
              2397,
              7602
            ],
            [
              2401,
              7600
            ]
          ],
          [
            [
              2579,
              7462
            ],
            [
              2587,
              7467
            ],
            [
              2592,
              7467
            ],
            [
              2595,
              7465
            ],
            [
              2597,
              7466
            ],
            [
              2602,
              7465
            ],
            [
              2611,
              7471
            ],
            [
              2611,
              7473
            ],
            [
              2607,
              7479
            ],
            [
              2606,
              7485
            ],
            [
              2600,
              7490
            ],
            [
              2600,
              7496
            ],
            [
              2602,
              7503
            ],
            [
              2604,
              7503
            ],
            [
              2610,
              7507
            ],
            [
              2616,
              7498
            ],
            [
              2616,
              7491
            ],
            [
              2625,
              7485
            ],
            [
              2630,
              7489
            ],
            [
              2632,
              7493
            ],
            [
              2633,
              7504
            ],
            [
              2634,
              7505
            ],
            [
              2634,
              7514
            ],
            [
              2633,
              7515
            ],
            [
              2632,
              7523
            ],
            [
              2624,
              7529
            ],
            [
              2623,
              7533
            ],
            [
              2618,
              7537
            ],
            [
              2612,
              7537
            ],
            [
              2611,
              7536
            ],
            [
              2608,
              7544
            ],
            [
              2604,
              7547
            ],
            [
              2602,
              7547
            ],
            [
              2598,
              7544
            ],
            [
              2594,
              7544
            ],
            [
              2591,
              7546
            ],
            [
              2578,
              7546
            ],
            [
              2572,
              7543
            ],
            [
              2557,
              7546
            ],
            [
              2552,
              7542
            ],
            [
              2549,
              7544
            ],
            [
              2547,
              7543
            ],
            [
              2543,
              7538
            ],
            [
              2543,
              7535
            ],
            [
              2541,
              7533
            ],
            [
              2542,
              7522
            ],
            [
              2544,
              7518
            ],
            [
              2552,
              7512
            ],
            [
              2553,
              7508
            ],
            [
              2558,
              7501
            ],
            [
              2559,
              7489
            ],
            [
              2562,
              7482
            ],
            [
              2572,
              7474
            ],
            [
              2574,
              7465
            ],
            [
              2579,
              7462
            ]
          ],
          [
            [
              2454,
              7426
            ],
            [
              2469,
              7438
            ],
            [
              2470,
              7449
            ],
            [
              2473,
              7452
            ],
            [
              2473,
              7454
            ],
            [
              2471,
              7456
            ],
            [
              2472,
              7460
            ],
            [
              2471,
              7470
            ],
            [
              2476,
              7472
            ],
            [
              2477,
              7471
            ],
            [
              2480,
              7473
            ],
            [
              2477,
              7488
            ],
            [
              2474,
              7490
            ],
            [
              2470,
              7490
            ],
            [
              2463,
              7487
            ],
            [
              2459,
              7494
            ],
            [
              2455,
              7495
            ],
            [
              2452,
              7499
            ],
            [
              2444,
              7504
            ],
            [
              2446,
              7506
            ],
            [
              2452,
              7504
            ],
            [
              2454,
              7502
            ],
            [
              2454,
              7499
            ],
            [
              2457,
              7497
            ],
            [
              2462,
              7498
            ],
            [
              2467,
              7495
            ],
            [
              2470,
              7497
            ],
            [
              2470,
              7499
            ],
            [
              2463,
              7505
            ],
            [
              2463,
              7507
            ],
            [
              2460,
              7509
            ],
            [
              2454,
              7510
            ],
            [
              2452,
              7512
            ],
            [
              2452,
              7515
            ],
            [
              2449,
              7518
            ],
            [
              2445,
              7520
            ],
            [
              2431,
              7521
            ],
            [
              2426,
              7518
            ],
            [
              2426,
              7516
            ],
            [
              2430,
              7512
            ],
            [
              2428,
              7510
            ],
            [
              2424,
              7509
            ],
            [
              2418,
              7515
            ],
            [
              2423,
              7519
            ],
            [
              2423,
              7523
            ],
            [
              2420,
              7525
            ],
            [
              2417,
              7525
            ],
            [
              2406,
              7517
            ],
            [
              2408,
              7510
            ],
            [
              2402,
              7504
            ],
            [
              2402,
              7495
            ],
            [
              2400,
              7492
            ],
            [
              2400,
              7489
            ],
            [
              2402,
              7486
            ],
            [
              2410,
              7484
            ],
            [
              2410,
              7482
            ],
            [
              2407,
              7478
            ],
            [
              2407,
              7466
            ],
            [
              2413,
              7462
            ],
            [
              2413,
              7458
            ],
            [
              2425,
              7438
            ],
            [
              2429,
              7437
            ],
            [
              2435,
              7431
            ],
            [
              2439,
              7429
            ],
            [
              2448,
              7429
            ],
            [
              2454,
              7426
            ]
          ],
          [
            [
              2323,
              7187
            ],
            [
              2329,
              7182
            ],
            [
              2338,
              7181
            ],
            [
              2339,
              7180
            ],
            [
              2342,
              7180
            ],
            [
              2343,
              7179
            ],
            [
              2349,
              7178
            ],
            [
              2350,
              7177
            ],
            [
              2359,
              7177
            ],
            [
              2360,
              7176
            ],
            [
              2363,
              7176
            ],
            [
              2368,
              7178
            ],
            [
              2372,
              7181
            ],
            [
              2383,
              7181
            ],
            [
              2386,
              7183
            ],
            [
              2388,
              7183
            ],
            [
              2392,
              7185
            ],
            [
              2397,
              7190
            ],
            [
              2409,
              7198
            ],
            [
              2415,
              7204
            ],
            [
              2419,
              7213
            ],
            [
              2419,
              7221
            ],
            [
              2418,
              7222
            ],
            [
              2418,
              7225
            ],
            [
              2416,
              7229
            ],
            [
              2408,
              7237
            ],
            [
              2404,
              7239
            ],
            [
              2401,
              7239
            ],
            [
              2400,
              7240
            ],
            [
              2396,
              7240
            ],
            [
              2395,
              7241
            ],
            [
              2391,
              7241
            ],
            [
              2390,
              7242
            ],
            [
              2385,
              7242
            ],
            [
              2384,
              7243
            ],
            [
              2378,
              7243
            ],
            [
              2377,
              7242
            ],
            [
              2372,
              7242
            ],
            [
              2371,
              7241
            ],
            [
              2359,
              7241
            ],
            [
              2358,
              7242
            ],
            [
              2354,
              7242
            ],
            [
              2353,
              7241
            ],
            [
              2348,
              7240
            ],
            [
              2340,
              7236
            ],
            [
              2336,
              7232
            ],
            [
              2334,
              7227
            ],
            [
              2329,
              7221
            ],
            [
              2329,
              7220
            ],
            [
              2324,
              7215
            ],
            [
              2319,
              7206
            ],
            [
              2319,
              7197
            ],
            [
              2323,
              7187
            ]
          ]
        ]
      },
      "properties": {
        "annotation_id": "84_GP3_83",
        "label": "GP3",
        "probabilities": null,
        "tags": []
      }
    },
    {
      "type": "Feature",
      "geometry": {
        "type": "Polygon",
        "coordinates": [
          [
            [
              1415.0,
              6968.0
            ],
            [
              1412.0,
              6970.0
            ],
            [
              1408.0,
              6970.0
            ],
            [
              1405.0,
              6973.0
            ],
            [
              1404.0,
              6973.0
            ],
            [
              1400.0,
              6977.0
            ],
            [
              1400.0,
              6978.0
            ],
            [
              1398.0,
              6979.0
            ],
            [
              1396.0,
              6982.0
            ],
            [
              1390.0,
              6987.0
            ],
            [
              1390.0,
              6989.0
            ],
            [
              1386.0,
              6992.0
            ],
            [
              1386.0,
              6996.0
            ],
            [
              1382.0,
              6999.0
            ],
            [
              1382.0,
              7001.0
            ],
            [
              1378.0,
              7006.0
            ],
            [
              1378.0,
              7008.0
            ],
            [
              1376.0,
              7010.0
            ],
            [
              1376.0,
              7018.0
            ],
            [
              1374.0,
              7021.0
            ],
            [
              1374.0,
              7046.0
            ],
            [
              1378.0,
              7048.0
            ],
            [
              1383.0,
              7053.0
            ],
            [
              1387.0,
              7055.0
            ],
            [
              1390.0,
              7059.0
            ],
            [
              1392.0,
              7059.0
            ],
            [
              1395.0,
              7061.0
            ],
            [
              1400.0,
              7061.0
            ],
            [
              1403.0,
              7063.0
            ],
            [
              1431.0,
              7063.0
            ],
            [
              1434.0,
              7060.0
            ],
            [
              1438.0,
              7058.0
            ],
            [
              1438.0,
              7050.0
            ],
            [
              1442.0,
              7046.0
            ],
            [
              1442.0,
              7044.0
            ],
            [
              1446.0,
              7040.0
            ],
            [
              1446.0,
              7023.0
            ],
            [
              1448.0,
              7022.0
            ],
            [
              1450.0,
              7019.0
            ],
            [
              1449.0,
              7018.0
            ],
            [
              1447.0,
              7010.0
            ],
            [
              1445.0,
              7007.0
            ],
            [
              1442.0,
              6996.0
            ],
            [
              1440.0,
              6993.0
            ],
            [
              1440.0,
              6978.0
            ],
            [
              1436.0,
              6974.0
            ],
            [
              1436.0,
              6971.0
            ],
            [
              1433.0,
              6968.0
            ],
            [
              1415.0,
              6968.0
            ]
          ]
        ]
      },
      "properties": {
        "annotation_id": "84_GP3_96",
        "label": "GP3",
        "probabilities": null,
        "tags": []
      }
    },
    {
      "type": "Feature",
      "geometry": {
        "type": "Polygon",
        "coordinates": [
          [
            [
              2428.0,
              6909.0
            ],
            [
              2427.0,
              6915.0
            ],
            [
              2424.0,
              6918.0
            ],
            [
              2424.0,
              6924.0
            ],
            [
              2422.0,
              6928.0
            ],
            [
              2419.0,
              6930.0
            ],
            [
              2419.0,
              6935.0
            ],
            [
              2416.0,
              6938.0
            ],
            [
              2415.0,
              6948.0
            ],
            [
              2411.0,
              6951.0
            ],
            [
              2410.0,
              6955.0
            ],
            [
              2408.0,
              6957.0
            ],
            [
              2408.0,
              6974.0
            ],
            [
              2415.0,
              6987.0
            ],
            [
              2420.0,
              6990.0
            ],
            [
              2436.0,
              6992.0
            ],
            [
              2457.0,
              6992.0
            ],
            [
              2475.0,
              6990.0
            ],
            [
              2499.0,
              6990.0
            ],
            [
              2502.0,
              6992.0
            ],
            [
              2537.0,
              6992.0
            ],
            [
              2545.0,
              6986.0
            ],
            [
              2550.0,
              6974.0
            ],
            [
              2553.0,
              6971.0
            ],
            [
              2554.0,
              6965.0
            ],
            [
              2557.0,
              6962.0
            ],
            [
              2557.0,
              6937.0
            ],
            [
              2556.0,
              6933.0
            ],
            [
              2548.0,
              6927.0
            ],
            [
              2548.0,
              6924.0
            ],
            [
              2544.0,
              6919.0
            ],
            [
              2544.0,
              6917.0
            ],
            [
              2541.0,
              6915.0
            ],
            [
              2532.0,
              6902.0
            ],
            [
              2526.0,
              6896.0
            ],
            [
              2520.0,
              6895.0
            ],
            [
              2512.0,
              6891.0
            ],
            [
              2505.0,
              6890.0
            ],
            [
              2449.0,
              6890.0
            ],
            [
              2440.0,
              6895.0
            ],
            [
              2431.0,
              6907.0
            ],
            [
              2428.0,
              6909.0
            ]
          ],
          [
            [
              2439.0,
              6952.0
            ],
            [
              2439.0,
              6948.0
            ],
            [
              2440.0,
              6947.0
            ],
            [
              2440.0,
              6937.0
            ],
            [
              2441.0,
              6936.0
            ],
            [
              2441.0,
              6933.0
            ],
            [
              2444.0,
              6929.0
            ],
            [
              2444.0,
              6928.0
            ],
            [
              2448.0,
              6924.0
            ],
            [
              2452.0,
              6922.0
            ],
            [
              2455.0,
              6922.0
            ],
            [
              2456.0,
              6921.0
            ],
            [
              2458.0,
              6921.0
            ],
            [
              2461.0,
              6919.0
            ],
            [
              2466.0,
              6918.0
            ],
            [
              2469.0,
              6916.0
            ],
            [
              2475.0,
              6916.0
            ],
            [
              2476.0,
              6917.0
            ],
            [
              2478.0,
              6917.0
            ],
            [
              2479.0,
              6916.0
            ],
            [
              2486.0,
              6916.0
            ],
            [
              2491.0,
              6919.0
            ],
            [
              2493.0,
              6918.0
            ],
            [
              2499.0,
              6918.0
            ],
            [
              2500.0,
              6919.0
            ],
            [
              2504.0,
              6919.0
            ],
            [
              2511.0,
              6924.0
            ],
            [
              2511.0,
              6928.0
            ],
            [
              2512.0,
              6929.0
            ],
            [
              2512.0,
              6931.0
            ],
            [
              2513.0,
              6933.0
            ],
            [
              2517.0,
              6937.0
            ],
            [
              2517.0,
              6939.0
            ],
            [
              2518.0,
              6940.0
            ],
            [
              2518.0,
              6947.0
            ],
            [
              2515.0,
              6949.0
            ],
            [
              2514.0,
              6948.0
            ],
            [
              2511.0,
              6951.0
            ],
            [
              2511.0,
              6952.0
            ],
            [
              2507.0,
              6955.0
            ],
            [
              2502.0,
              6955.0
            ],
            [
              2499.0,
              6958.0
            ],
            [
              2497.0,
              6959.0
            ],
            [
              2494.0,
              6959.0
            ],
            [
              2491.0,
              6957.0
            ],
            [
              2488.0,
              6957.0
            ],
            [
              2486.0,
              6956.0
            ],
            [
              2482.0,
              6952.0
            ],
            [
              2480.0,
              6952.0
            ],
            [
              2479.0,
              6954.0
            ],
            [
              2472.0,
              6960.0
            ],
            [
              2470.0,
              6961.0
            ],
            [
              2468.0,
              6961.0
            ],
            [
              2464.0,
              6965.0
            ],
            [
              2462.0,
              6966.0
            ],
            [
              2460.0,
              6966.0
            ],
            [
              2456.0,
              6969.0
            ],
            [
              2452.0,
              6966.0
            ],
            [
              2449.0,
              6965.0
            ],
            [
              2446.0,
              6962.0
            ],
            [
              2445.0,
              6962.0
            ],
            [
              2443.0,
              6958.0
            ],
            [
              2440.0,
              6955.0
            ],
            [
              2440.0,
              6953.0
            ],
            [
              2439.0,
              6952.0
            ]
          ]
        ]
      },
      "properties": {
        "annotation_id": "84_GP3_97",
        "label": "GP3",
        "probabilities": null,
        "tags": []
      }
    },
    {
      "type": "Feature",
      "geometry": {
        "type": "Polygon",
        "coordinates": [
          [
            [
              2680.0,
              6833.0
            ],
            [
              2665.0,
              6824.0
            ],
            [
              2659.0,
              6824.0
            ],
            [
              2653.0,
              6820.0
            ],
            [
              2647.0,
              6820.0
            ],
            [
              2646.0,
              6819.0
            ],
            [
              2622.0,
              6819.0
            ],
            [
              2617.0,
              6822.0
            ],
            [
              2603.0,
              6824.0
            ],
            [
              2598.0,
              6827.0
            ],
            [
              2592.0,
              6827.0
            ],
            [
              2587.0,
              6831.0
            ],
            [
              2578.0,
              6835.0
            ],
            [
              2572.0,
              6840.0
            ],
            [
              2572.0,
              6842.0
            ],
            [
              2569.0,
              6845.0
            ],
            [
              2569.0,
              6847.0
            ],
            [
              2566.0,
              6850.0
            ],
            [
              2565.0,
              6854.0
            ],
            [
              2562.0,
              6857.0
            ],
            [
              2562.0,
              6859.0
            ],
            [
              2557.0,
              6867.0
            ],
            [
              2557.0,
              6873.0
            ],
            [
              2555.0,
              6875.0
            ],
            [
              2555.0,
              6888.0
            ],
            [
              2572.0,
              6902.0
            ],
            [
              2580.0,
              6903.0
            ],
            [
              2583.0,
              6905.0
            ],
            [
              2588.0,
              6904.0
            ],
            [
              2591.0,
              6902.0
            ],
            [
              2596.0,
              6901.0
            ],
            [
              2610.0,
              6895.0
            ],
            [
              2620.0,
              6895.0
            ],
            [
              2621.0,
              6894.0
            ],
            [
              2624.0,
              6894.0
            ],
            [
              2628.0,
              6891.0
            ],
            [
              2632.0,
              6890.0
            ],
            [
              2634.0,
              6887.0
            ],
            [
              2644.0,
              6882.0
            ],
            [
              2652.0,
              6874.0
            ],
            [
              2661.0,
              6869.0
            ],
            [
              2662.0,
              6867.0
            ],
            [
              2667.0,
              6863.0
            ],
            [
              2670.0,
              6858.0
            ],
            [
              2674.0,
              6855.0
            ],
            [
              2674.0,
              6853.0
            ],
            [
              2680.0,
              6846.0
            ],
            [
              2680.0,
              6833.0
            ]
          ]
        ]
      },
      "properties": {
        "annotation_id": "84_GP3_99",
        "label": "GP3",
        "probabilities": null,
        "tags": []
      }
    },
    {
      "type": "Feature",
      "geometry": {
        "type": "Polygon",
        "coordinates": [
          [
            [
              2720.1487880098307,
              15148.937405967414
            ],
            [
              2737.3501528500465,
              15148.937405967414
            ],
            [
              2744.2861870598113,
              15153.376467861663
            ],
            [
              2762.3198760051987,
              15160.312502071425
            ],
            [
              2767.313820636229,
              15164.196681228896
            ],
            [
              2770.088234320135,
              15169.190625859927
            ],
            [
              2772.58520663565,
              15178.623632385204
            ],
            [
              2773.1400893724312,
              15196.379879962202
            ],
            [
              2766.4814965310575,
              15208.864741539779
            ],
            [
              2757.8808141109494,
              15217.465423959888
            ],
            [
              2751.2222212695756,
              15221.627044485746
            ],
            [
              2727.084822219595,
              15229.950285537465
            ],
            [
              2722.0908775885646,
              15231.060051011025
            ],
            [
              2714.8774020104097,
              15230.782609642634
            ],
            [
              2697.6760371701935,
              15219.13007217023
            ],
            [
              2690.740002960429,
              15213.026362065637
            ],
            [
              2679.0874654880245,
              15201.096383224842
            ],
            [
              2672.983755383432,
              15193.050583541515
            ],
            [
              2671.041665804698,
              15189.166404384048
            ],
            [
              2670.7642244363074,
              15180.565721963938
            ],
            [
              2671.041665804698,
              15178.901073753595
            ],
            [
              2675.2032863305567,
              15173.629687754175
            ],
            [
              2693.7918580127252,
              15163.086915755332
            ],
            [
              2720.1487880098307,
              15148.937405967414
            ]
          ]
        ]
      },
      "properties": {
        "annotation_id": "8a1b2a27-c385-488e-b81f-25581062b7d7",
        "label": "GP3",
        "probabilities": null,
        "tags": []
      }
    },
    {
      "type": "Feature",
      "geometry": {
        "type": "Polygon",
        "coordinates": [
          [
            [
              2999.361994957495,
              15031.567126199767
            ],
            [
              3011.6202512269256,
              15038.215671973016
            ],
            [
              3024.2940416071838,
              15058.369076348179
            ],
            [
              3031.1503544358484,
              15082.054520665386
            ],
            [
              3028.033848604637,
              15106.986567315073
            ],
            [
              3047.56395181356,
              15133.996284518904
            ],
            [
              3049.0183212014585,
              15163.291439332286
            ],
            [
              3046.52511653649,
              15193.002128256501
            ],
            [
              3041.746474261966,
              15207.961356246313
            ],
            [
              3025.12510982884,
              15220.635146626571
            ],
            [
              2999.9852961237375,
              15225.829323011925
            ],
            [
              2979.624124693158,
              15226.037090067337
            ],
            [
              2947.8357652148047,
              15215.856504352047
            ],
            [
              2917.2940080689364,
              15194.664264699813
            ],
            [
              2911.89206462817,
              15185.314747206181
            ],
            [
              2911.2687634619283,
              15167.446780440569
            ],
            [
              2914.800803403967,
              15155.811825337381
            ],
            [
              2920.410513900147,
              15147.708910176232
            ],
            [
              2942.641588829453,
              15132.541915131005
            ],
            [
              2955.73091332054,
              15118.829289473675
            ],
            [
              2951.7833392676725,
              15108.025402592144
            ],
            [
              2928.3056620058824,
              15081.638986554557
            ],
            [
              2926.227991451741,
              15070.211798506782
            ],
            [
              2929.5522643383665,
              15062.524417456461
            ],
            [
              2940.1483841644845,
              15047.56518946665
            ],
            [
              2954.0687768772273,
              15035.514700252634
            ],
            [
              2972.3522777536655,
              15030.112756811866
            ],
            [
              2986.2726704664083,
              15030.32052386728
            ],
            [
              2999.361994957495,
              15031.567126199767
            ]
          ]
        ]
      },
      "properties": {
        "annotation_id": "8bcff17e-fefb-412b-9f7d-80c3880f3cda",
        "label": "GP3",
        "probabilities": null,
        "tags": []
      }
    },
    {
      "type": "Feature",
      "geometry": {
        "type": "Polygon",
        "coordinates": [
          [
            [
              2903.004204796305,
              10337.74620915361
            ],
            [
              2898.421527041992,
              10332.017861960721
            ],
            [
              2895.90105427712,
              10325.602113104682
            ],
            [
              2892.464045961385,
              10305.66746487342
            ],
            [
              2892.6931798491005,
              10299.93911768053
            ],
            [
              2899.108928705139,
              10289.85722662104
            ],
            [
              2911.940426417216,
              10279.775335561551
            ],
            [
              2922.7097191398516,
              10274.04698836866
            ],
            [
              2943.560902921977,
              10267.63123951262
            ],
            [
              2951.80972287974,
              10267.63123951262
            ],
            [
              2960.516810612935,
              10272.213917266934
            ],
            [
              2966.703425581258,
              10278.858800010688
            ],
            [
              2970.598701672424,
              10285.274548866726
            ],
            [
              2974.9522455390215,
              10304.292661547126
            ],
            [
              2974.9522455390215,
              10313.228883168036
            ],
            [
              2966.9325594689735,
              10322.623372564378
            ],
            [
              2961.6624800515133,
              10330.643058634427
            ],
            [
              2952.9553923183184,
              10337.517075265896
            ],
            [
              2939.894760718526,
              10341.870619132495
            ],
            [
              2926.8341291187335,
              10342.328886907926
            ],
            [
              2903.004204796305,
              10337.74620915361
            ]
          ]
        ]
      },
      "properties": {
        "annotation_id": "b5af1407-c133-4bb8-98f7-8f1c15d6f539",
        "label": "GP3",
        "probabilities": null,
        "tags": []
      }
    },
    {
      "type": "Feature",
      "geometry": {
        "type": "Polygon",
        "coordinates": [
          [
            [
              3249.5612162814296,
              15213.766003876588
            ],
            [
              3247.8323505475173,
              15211.604921709199
            ],
            [
              3246.967917680561,
              15206.418324507462
            ],
            [
              3242.6457533457815,
              15196.909562970945
            ],
            [
              3239.188021877957,
              15192.587398636166
            ],
            [
              3222.763797405792,
              15181.349771365736
            ],
            [
              3201.1529757318904,
              15177.027607030956
            ],
            [
              3177.8132883240773,
              15178.756472764868
            ],
            [
              3166.575661053648,
              15182.214204232692
            ],
            [
              3155.33803378322,
              15194.316264370078
            ],
            [
              3147.990354414093,
              15205.986108073983
            ],
            [
              3145.397055813225,
              15212.901571009632
            ],
            [
              3143.2359736458347,
              15222.41033254615
            ],
            [
              3143.2359736458347,
              15228.029146181365
            ],
            [
              3147.558137980615,
              15245.750019953963
            ],
            [
              3153.6091680493078,
              15256.987647224392
            ],
            [
              3157.931332384088,
              15261.74202799265
            ],
            [
              3179.974370491467,
              15267.360841627862
            ],
            [
              3207.2040058005823,
              15266.928625194387
            ],
            [
              3217.5772002040553,
              15264.335326593518
            ],
            [
              3233.5692082427427,
              15251.368833589177
            ],
            [
              3238.323589011001,
              15246.18223638744
            ],
            [
              3240.052454744913,
              15236.241258417445
            ],
            [
              3237.891372577523,
              15217.655951777891
            ],
            [
              3249.5612162814296,
              15213.766003876588
            ]
          ]
        ]
      },
      "properties": {
        "annotation_id": "cf655b96-826f-410a-b956-ae90b9f79bdd",
        "label": "GP3",
        "probabilities": null,
        "tags": []
      }
    },
    {
      "type": "Feature",
      "geometry": {
        "type": "Polygon",
        "coordinates": [
          [
            [
              3264.2198309438,
              15226.855056680444
            ],
            [
              3268.627191925419,
              15227.956896925847
            ],
            [
              3277.221545839575,
              15232.143889858386
            ],
            [
              3288.680684391784,
              15234.127202300113
            ],
            [
              3293.749149520645,
              15236.330882790924
            ],
            [
              3298.376878551345,
              15240.51787572346
            ],
            [
              3300.139822943992,
              15246.908549146807
            ],
            [
              3300.139822943992,
              15262.554680631552
            ],
            [
              3296.173198060535,
              15270.487930398465
            ],
            [
              3286.0362678028123,
              15279.963756508945
            ],
            [
              3273.034552907038,
              15286.574797981373
            ],
            [
              3261.7957824039104,
              15290.761790913914
            ],
            [
              3240.4200816430603,
              15294.94878384645
            ],
            [
              3217.0610684404814,
              15294.728415797368
            ],
            [
              3213.094443557025,
              15286.795166030455
            ],
            [
              3210.890763066215,
              15278.421180165382
            ],
            [
              3210.6703950171345,
              15270.047194300303
            ],
            [
              3211.99260331162,
              15265.199097220526
            ],
            [
              3223.0110057656666,
              15250.21406988302
            ],
            [
              3243.064498232031,
              15235.008674496436
            ],
            [
              3249.675539704459,
              15233.245730103788
            ],
            [
              3264.2198309438,
              15226.855056680444
            ]
          ]
        ]
      },
      "properties": {
        "annotation_id": "d9f5f985-6896-4f9d-9e06-dd5a156e5eeb",
        "label": "GP3",
        "probabilities": null,
        "tags": []
      }
    },
    {
      "type": "Feature",
      "geometry": {
        "type": "Polygon",
        "coordinates": [
          [
            [
              2258.492199473137,
              13287.677510579897
            ],
            [
              2256.125709157525,
              13287.339440534808
            ],
            [
              2255.1114990222623,
              13289.367860805334
            ],
            [
              2252.74500870665,
              13295.453121616907
            ],
            [
              2252.406938661562,
              13302.552592563745
            ],
            [
              2260.8586897887494,
              13322.498725223908
            ],
            [
              2266.9439506003246,
              13328.922056080572
            ],
            [
              2288.9185035310115,
              13340.078367568458
            ],
            [
              2298.3844647934616,
              13341.09257770372
            ],
            [
              2315.9641071380115,
              13337.03573716267
            ],
            [
              2349.771111646761,
              13323.174865314084
            ],
            [
              2356.870582593598,
              13316.413464412331
            ],
            [
              2365.9984738109606,
              13301.200312383395
            ],
            [
              2370.0553143520106,
              13292.072421166034
            ],
            [
              2371.069524487273,
              13277.873479272359
            ],
            [
              2369.041104216748,
              13273.81663873131
            ],
            [
              2359.5751429542984,
              13267.731377919734
            ],
            [
              2349.0949715565857,
              13264.01260742377
            ],
            [
              2324.077788220111,
              13260.293836927809
            ],
            [
              2290.2707837113617,
              13261.30804706307
            ],
            [
              2284.523592944874,
              13259.279626792548
            ],
            [
              2280.804822448912,
              13254.546646161321
            ],
            [
              2258.492199473137,
              13287.677510579897
            ]
          ]
        ]
      },
      "properties": {
        "annotation_id": "e633b143-f8d2-48a4-bfab-63c17bc5dfd3",
        "label": "GP3",
        "probabilities": null,
        "tags": []
      }
    },
    {
      "type": "Feature",
      "geometry": {
        "type": "Polygon",
        "coordinates": [
          [
            [
              3082.293456525433,
              14999.386652871488
            ],
            [
              3079.7001579245652,
              14998.954436438009
            ],
            [
              3075.3779935897846,
              14988.149025601058
            ],
            [
              3068.0303142206585,
              14979.936913364974
            ],
            [
              3057.2249033837074,
              14976.91139833063
            ],
            [
              3049.8772240145813,
              14976.91139833063
            ],
            [
              3043.393977512411,
              14979.072480498022
            ],
            [
              3032.5885666754602,
              14987.284592734102
            ],
            [
              3022.2153722719872,
              15001.979951472356
            ],
            [
              3017.028775070251,
              15011.92092944235
            ],
            [
              3013.138827168949,
              15030.074019648428
            ],
            [
              3014.003260035905,
              15042.176079785813
            ],
            [
              3020.918722971553,
              15062.922468592757
            ],
            [
              3029.995268074592,
              15081.939991665791
            ],
            [
              3039.9362460445864,
              15092.74540250274
            ],
            [
              3059.3859855510977,
              15096.635350404043
            ],
            [
              3087.9122701606475,
              15095.338701103608
            ],
            [
              3103.0398453323783,
              15077.61782733101
            ],
            [
              3110.387524701505,
              15071.13458082884
            ],
            [
              3118.1674205041095,
              15057.73587139102
            ],
            [
              3120.3285026714993,
              15048.659326287983
            ],
            [
              3119.8962862380213,
              15042.60829621929
            ],
            [
              3112.548606868895,
              15023.158556712779
            ],
            [
              3104.7687110662905,
              15017.107526644086
            ],
            [
              3096.5565988302083,
              15013.649795176263
            ],
            [
              3081.429023658477,
              15011.056496575395
            ],
            [
              3078.835725057609,
              15011.488713008874
            ],
            [
              3079.7001579245652,
              15014.51422804322
            ],
            [
              3082.293456525433,
              14999.386652871488
            ]
          ]
        ]
      },
      "properties": {
        "annotation_id": "e66a116d-018a-4843-a678-6b7fb8a2b751",
        "label": "GP3",
        "probabilities": null,
        "tags": []
      }
    },
    {
      "type": "Feature",
      "geometry": {
        "type": "Polygon",
        "coordinates": [
          [
            [
              2908.274284213765,
              10388.155664451057
            ],
            [
              2908.7325519891965,
              10382.656451145882
            ],
            [
              2912.6278280803626,
              10379.677710605578
            ],
            [
              2929.5837357713212,
              10369.824953433805
            ],
            [
              2949.747517890299,
              10361.805267363756
            ],
            [
              2964.1829528163858,
              10360.659597925178
            ],
            [
              2982.742797721354,
              10365.013141791775
            ],
            [
              2990.075082128255,
              10369.595819546088
            ],
            [
              2993.51209044399,
              10376.240702289842
            ],
            [
              2994.657759882568,
              10382.427317258165
            ],
            [
              2994.657759882568,
              10414.27692765064
            ],
            [
              2987.0963415879514,
              10424.129684822416
            ],
            [
              2962.8081494900916,
              10447.50134136941
            ],
            [
              2938.7490912799476,
              10461.24937463235
            ],
            [
              2908.274284213765,
              10471.789533467272
            ],
            [
              2889.714439308797,
              10475.455675670722
            ],
            [
              2879.174280473877,
              10475.455675670722
            ],
            [
              2865.1971133232214,
              10472.018667354987
            ],
            [
              2858.3230966917517,
              10466.06118627438
            ],
            [
              2856.948293365458,
              10461.707642407782
            ],
            [
              2857.177427253174,
              10453.91709022545
            ],
            [
              2866.571916649516,
              10443.147797502814
            ],
            [
              2876.424673821289,
              10428.712362576727
            ],
            [
              2878.945146586161,
              10418.859605404956
            ],
            [
              2887.193966543925,
              10403.278501040291
            ],
            [
              2895.90105427712,
              10399.61235883684
            ],
            [
              2908.274284213765,
              10388.155664451057
            ]
          ]
        ]
      },
      "properties": {
        "annotation_id": "f708dfc6-8c55-4a46-b344-063831e3266d",
        "label": "GP3",
        "probabilities": null,
        "tags": []
      }
    },
    {
      "type": "Feature",
      "geometry": {
        "type": "Polygon",
        "coordinates": [
          [
            [
              2189.1878402302004,
              13426.286229065769
            ],
            [
              2187.1594199596757,
              13426.624299110856
            ],
            [
              2187.8355600498508,
              13428.652719381382
            ],
            [
              2200.682221763175,
              13429.666929516645
            ],
            [
              2219.2760742429878,
              13434.061840102782
            ],
            [
              2224.009054874213,
              13434.061840102782
            ],
            [
              2250.0404483459497,
              13422.229388524718
            ],
            [
              2263.225180104362,
              13405.663956315433
            ],
            [
              2265.929740465062,
              13399.240625458771
            ],
            [
              2267.958160735587,
              13390.450804286496
            ],
            [
              2267.958160735587,
              13383.689403384744
            ],
            [
              2264.2393902396248,
              13374.561512167384
            ],
            [
              2255.787639112437,
              13366.109761040196
            ],
            [
              2246.3216778499873,
              13360.024500228621
            ],
            [
              2239.22220690315,
              13356.643799777745
            ],
            [
              2228.40396546035,
              13353.60116937196
            ],
            [
              2182.088369283363,
              13347.177838515296
            ],
            [
              2172.9604780660006,
              13347.853978605472
            ],
            [
              2167.2132872995135,
              13349.882398875996
            ],
            [
              2161.466096533026,
              13355.291519597395
            ],
            [
              2159.7757463075886,
              13360.024500228621
            ],
            [
              2157.4092559919764,
              13370.504671626333
            ],
            [
              2155.7189057665387,
              13387.746243925796
            ],
            [
              2156.7331159018013,
              13407.35430654087
            ],
            [
              2158.761536172326,
              13413.439567352443
            ],
            [
              2161.8041665781134,
              13418.17254798367
            ],
            [
              2166.875217254426,
              13422.567458569807
            ],
            [
              2189.1878402302004,
              13426.286229065769
            ]
          ]
        ]
      },
      "properties": {
        "annotation_id": "f7c73954-2bb0-4bed-8105-2517e9249d16",
        "label": "GP3",
        "probabilities": null,
        "tags": []
      }
    }
  ],
  "properties": {
    "slide_id": "40948ec6-61bb-4c09-9e9c-6ccd8efc8ef5",
    "filename": "84.tiff",
    "openslide_quickhash1": "6a6188f14e7eda9f20c5851436ad278429979896831f33da905ec6c97ea9c926",
    "width": 6400,
    "height": 18944,
    "coordinate_space": "slide_pixels_level0",
    "source_project": "PANDA+",
    "label_counts": {
      "Benign": 7,
      "GP3": 66,
      "GP4": 1,
      "GP5": 1
    }
  }
}