id_a,id_b,cos,rank_a_to_b,rank_b_to_a,best_rank,mutual_top3,isup,split_a,split_b,cross_split,group_a,group_b,verdict
7ad575414ac3516485d5ed13602aa8b8,9cacb539b16561b6987029301b5f4bff,0.9834,2,2,2,True,1,train,test,True,307,450,
42482ed25f9001ae44f6148432da91d7,f9285fe284ce30f4d249635062db619a,0.9825,2,2,2,True,5,test,train,True,1297,1179,
5af696841a9c6453f9f667bdab0621e5,7a2980fb744ca6ea7a9b5d9fa4d838bb,0.9817,2,2,2,True,4,train,val,True,148,275,
378e5f9c174b753e2269e584ba82a086,7ad575414ac3516485d5ed13602aa8b8,0.9816,2,3,2,True,1,test,train,True,450,307,
467e6dae0cb2eb1af21e9cc3c602fde7,7a2980fb744ca6ea7a9b5d9fa4d838bb,0.9812,2,3,2,True,4,train,val,True,148,275,
5bc396007c667e5fec6587d07a9af93e,75cf9bec1ba79a53d29d9d81762e1817,0.9805,4,2,2,False,0,train,test,True,1061,1160,
5a6b69b21fd586cb4d71597a614c07e5,a3fa13e9535729ec9cb08f17bc8c03cc,0.9804,2,10,2,False,0,val,train,True,188,767,
7e8136cda906272497595cfb2088f4c4,a09c9526e3316571648552d78ac37c2d,0.9804,2,2,2,True,5,val,train,True,1055,1266,
059cbf902c5e42972587c8d17d49efed,aaef504823a0043ebc6063bc805baa38,0.9792,2,2,2,True,0,train,val,True,461,593,
378e5f9c174b753e2269e584ba82a086,819d52e0a7764b66c39bc55875e71ba8,0.9792,3,2,2,True,1,test,train,True,450,307,
64d853ef2f8fd85e3a9b09d3791780e7,6bfa122b5832ffd442a8123153f5d252,0.9792,3,3,3,True,0,val,train,True,188,1382,
58d13c5b7c1d86814e7a9451fef0d9d5,872dc7b2f6261284df1088e4ef2f8256,0.979,2,2,2,True,3,test,train,True,139,341,
490417dca347af4b988ecbe11c54db52,c8cb1c570b772e3f7943e254ba096e9e,0.9786,2,2,2,True,0,val,train,True,97,1026,
64bad048716c6feb71b7e86d4de897ef,64d853ef2f8fd85e3a9b09d3791780e7,0.9786,2,4,2,False,0,train,val,True,1382,188,
75cf9bec1ba79a53d29d9d81762e1817,9e1d450a04253ab097601c9934fb5e6a,0.9786,3,4,3,False,0,test,train,True,1160,986,
7c440d8eb7dbda63b0b45b7773fa8279,85b2c32f16826bea58d82dfd39b6d3e2,0.9785,2,2,2,True,4,val,train,True,279,862,
a3fa13e9535729ec9cb08f17bc8c03cc,b6ded09044a0e4415d7c2424f3597e3e,0.9785,13,3,3,False,0,train,val,True,767,654,
819d52e0a7764b66c39bc55875e71ba8,9cacb539b16561b6987029301b5f4bff,0.9784,3,3,3,True,1,train,test,True,307,450,
63080d06c66488c4c30285e0363ca0ad,e00a89e8381aefb07d23390b87fe5d48,0.9783,3,2,2,True,1,train,val,True,345,1064,
aa3d385635fdfe96d5194d0f0991b565,ef77487acc19480876090652206c7e05,0.9783,2,2,2,True,0,train,test,True,1083,1251,
198fa06f052feedc1684e42829c137fc,d3eb5180ac60d44370855f0c9c54f2b9,0.9782,3,2,2,True,1,train,test,True,661,941,
5acd1d61963dcd5d76670a85904815bf,7e8136cda906272497595cfb2088f4c4,0.9782,2,3,2,True,5,train,val,True,1266,1055,
1dd805b0572515c3eac56564cddf181c,c8cb1c570b772e3f7943e254ba096e9e,0.9777,2,4,2,False,0,val,train,True,97,1026,
8ef71bfdde4f67ce9c00e001e6946f5a,b75dff02d2f6c823b0a475ce346be0fb,0.9777,2,2,2,True,4,test,train,True,382,661,
abf5960dc8f8c6ba6b9d987a6dc603c0,fca1f600d0d453a15d9251eb505523fc,0.9777,7,2,2,False,0,train,test,True,824,1422,
5456189d4e5c15a790a868b70fd25625,5af696841a9c6453f9f667bdab0621e5,0.9776,2,3,2,True,4,val,train,True,275,148,
c979acbb9e62ffc47c44cd16adc3bfd2,fd5604231cba46e8cb162a987e1fb3e4,0.9776,2,2,2,True,1,train,test,True,843,1435,
621f180f39962cf8dc87f62cf681200b,d3108b3d03032e09e9c1f07492c110b8,0.9775,16,2,2,False,1,train,test,True,1026,941,
87c2116787ff620957ecc95521bc3c0f,b13de5e3add05a187e393d0eef314891,0.9773,2,2,2,True,3,train,test,True,751,611,
0db426156d588a5bb0b6036ac0465be0,e7ec6453face5f38923755adeeda2677,0.9773,5,2,2,False,0,train,test,True,1061,1160,
2a1a6a11e1eca0c26b102832b362a5f3,7234d2bf2df91f65e94e9ecc4ec5827d,0.9772,2,5,2,False,3,val,train,True,63,1132,
26a271cd2fdd034304566deb6bcfdafe,30a54c050c9eb531d2709b05ede484ce,0.9769,2,5,2,False,0,val,train,True,561,1183,
2afc7c9cd96699ecb7d88a8a6f387628,773e080a5857ba8c0669c435af2f1095,0.9768,2,2,2,True,0,test,train,True,42,911,
3659fd7b7207e8a9c2595c04aef3587e,7234d2bf2df91f65e94e9ecc4ec5827d,0.9768,2,7,2,False,3,val,train,True,63,1132,
497cc4009e9ae310b54de6412cbf8b4a,7bed5662489bd913da7e9792f715c1ed,0.9768,2,10,2,False,0,val,train,True,1129,1061,
05cc3233dcb5489d2333ee62339a3226,96336251e59082cafc68f051bc448392,0.9767,2,8,2,False,0,test,train,True,142,986,
42482ed25f9001ae44f6148432da91d7,8596a2f7e68a0e11a5653fb2457db08f,0.9765,3,2,2,True,5,test,train,True,1297,1179,
f2e0a29fb9a4f366cf2cd9c3e535e852,f9285fe284ce30f4d249635062db619a,0.9765,2,3,2,True,5,test,train,True,1297,1179,
7e8136cda906272497595cfb2088f4c4,f051273bd75ea902b5a163fa772decac,0.9764,4,3,3,False,5,val,train,True,1055,1266,
9e1d450a04253ab097601c9934fb5e6a,e7ec6453face5f38923755adeeda2677,0.9762,5,3,3,False,0,train,test,True,986,1160,
68e6f2bbdbb308624ed004484a1da2b8,eb2267a9e6ad63f9c9d1386b8688ccc0,0.9762,5,2,2,False,0,train,test,True,1026,1198,
06ef49a7b77e883f089cfdd80642d6f0,1dd805b0572515c3eac56564cddf181c,0.9761,3,3,3,True,0,train,val,True,200,97,
7ac75b11d166936c552ce33e170afd4a,bdcf536c984be757589271cd6a80066e,0.9761,3,3,3,True,1,train,test,True,911,726,
78e46173ed26ae262dc182236d017937,b440e34f6b1bc9abd0844a7ed19a6b45,0.9758,2,10,2,False,0,val,train,True,265,1132,
2b943dfeaa727bb8c9a6d8047350f57d,a36b91d58c9dae658708fac3ae14b969,0.9756,2,2,2,True,0,train,val,True,986,498,
789a88aa6341166fa4e3e08647d3d0e8,78e46173ed26ae262dc182236d017937,0.9756,9,3,3,False,0,train,val,True,1132,265,
f0197942d5cd986426ed3550e562d495,f1f9aea9e0bb9845704f9871346811aa,0.9756,2,2,2,True,0,train,test,True,911,1288,
1a09038fa60de37d48cdec28144cf98e,80f7cfb8ff20d9aa8eebcd541d0d5fd4,0.9755,2,4,2,False,4,test,train,True,1131,1185,
1a09038fa60de37d48cdec28144cf98e,bd86f3cec249d54cd3bd64763da8612b,0.9753,3,2,2,True,4,test,train,True,1131,1185,
49a0c86e2a3844bf8173990d5a5ad279,64836a799f01a425ff277deed36210cf,0.9752,2,2,2,True,0,val,train,True,265,1298,
abf5960dc8f8c6ba6b9d987a6dc603c0,e2876d9ebfde8e9b19701ac52b33dcd4,0.9752,12,2,2,False,0,train,test,True,824,1422,
4a2aec11bc2def9644ba9756f888ec24,8e8e466ee8644a88c48ff4decef87949,0.9751,2,2,2,True,0,test,train,True,1198,1026,
a2dc114f81b3e3357364a679f764f1a9,fd5604231cba46e8cb162a987e1fb3e4,0.9751,2,3,2,True,1,train,test,True,843,1435,
05c4384280a459216bca38ea2a9230ec,c4b83afb97bd83a7f8d83ce85cba4dc5,0.9751,5,2,2,False,1,train,val,True,445,851,
6eb1da90c9630e7c86f282c7eea4fe94,fc6a695ba44f4b64425c522f590bac48,0.9751,4,2,2,False,0,train,test,True,1301,1421,
0873fff5fceb087574469b8c9312eb3d,872dc7b2f6261284df1088e4ef2f8256,0.975,2,5,2,False,3,test,train,True,139,341,
441265c6b4598e9bcd10bc10eb6293cc,63ec04bc1c32dd36fc1bfa2846a0c98f,0.9749,2,3,2,True,3,val,train,True,274,995,
c907464eee427bcfd931eacfdf64a5d8,e2876d9ebfde8e9b19701ac52b33dcd4,0.9749,6,3,3,False,0,train,test,True,1290,1422,
1f86b6a526481bc5d2ca18d94f94f062,5534719b308ca4fb9f6662a81eb3e002,0.9748,2,4,2,False,0,val,train,True,231,1032,
6ea2b59534558f0d4b86d1a3891d611d,76541217a60105571466b759358ab8df,0.9748,3,2,2,True,0,train,test,True,470,258,
2c0e4995c6e82389dc1964ab5ac6a407,31a2c62376a98ed5062bbe72a92b3541,0.9747,2,2,2,True,1,train,test,True,518,389,
5acd1d61963dcd5d76670a85904815bf,df599862faf0cd78b880fa7f6644407e,0.9747,3,2,2,True,5,train,val,True,1266,1055,
baae8c3655a07ca543a7baa09b29bb52,ef77487acc19480876090652206c7e05,0.9747,5,3,3,False,0,train,test,True,1290,1251,
492bf65046ad2ac9f710930418b15a75,847db624a7a975df11caca3c97743359,0.9746,2,3,2,True,0,train,val,True,701,320,
30a54c050c9eb531d2709b05ede484ce,ab1f4d1aa956de906fa909f5fee8fbee,0.9746,9,2,2,False,0,train,val,True,1183,561,
3094f0e7f338e708620942f9f939c7cf,6ea2b59534558f0d4b86d1a3891d611d,0.9745,2,4,2,False,0,test,train,True,258,470,
6468063d0445cf082716fa830a507de2,fc547d2e786c1d19163f39dc576c0231,0.9745,2,7,2,False,0,val,train,True,186,911,
aa3d385635fdfe96d5194d0f0991b565,b801c926e3101268f1b816bd658bcc2f,0.9745,3,2,2,True,0,train,val,True,1083,665,
6b356b6a114a7663f2dbe960f217601c,cf28cb8b44e9549b766ece06085f647f,0.9744,5,2,2,False,4,train,test,True,327,895,
2d2b8462838f388306beebdc1e2994d0,d844c98b020831cd13e0dbed2f72e719,0.9743,2,2,2,True,1,val,test,True,48,1435,
f32688fe7e4e02caeb04361b8e8d223c,fc6a695ba44f4b64425c522f590bac48,0.9743,5,3,3,False,0,train,test,True,1301,1421,
0465f4b248a57b710e02d636d595bf94,7c440d8eb7dbda63b0b45b7773fa8279,0.9741,2,3,2,True,4,train,val,True,862,279,
4aac539cdb139eb4549013b591084c4f,bb6a5808a184427408654f15790faf50,0.9741,3,2,2,True,0,train,val,True,1083,698,
92e65cdbae33b846328b01eefe907fff,ab1f4d1aa956de906fa909f5fee8fbee,0.9741,2,3,2,True,0,train,val,True,1200,561,
5b4d05a2a6b70bbb2ee716979a7fb120,b801c926e3101268f1b816bd658bcc2f,0.9741,6,3,3,False,0,train,val,True,162,665,
cbff820f299b577e2af5ed136b6ef6eb,ee1605f1c4e68d7a52a07fae529e14f8,0.9741,4,2,2,False,5,train,val,True,1318,1232,
2d2b8462838f388306beebdc1e2994d0,7ac75b11d166936c552ce33e170afd4a,0.974,3,5,3,False,1,val,train,True,48,911,
84f098dc3c4bbd751d9f5e66098bbeca,97a072070bccd353b385580daed8b3f5,0.974,3,2,2,True,3,train,test,True,474,691,
0c16dad59425c963a1dba7a84638ece7,b13de5e3add05a187e393d0eef314891,0.974,4,3,3,False,3,train,test,True,751,611,
63ec04bc1c32dd36fc1bfa2846a0c98f,7a1b601b146af835cef2bc71ea599c65,0.9739,4,2,2,False,3,train,val,True,995,274,
1abb6882a5cba3d9c166736825bbe101,26a271cd2fdd034304566deb6bcfdafe,0.9738,2,3,2,True,0,train,val,True,1200,561,
6e694031c3e263b2f9da1aa122897266,efffcaf09935e68555f74277c387220a,0.9738,3,4,3,False,4,train,val,True,232,1260,
10cb295e2db9ac2cd1f32523b401d95a,497cc4009e9ae310b54de6412cbf8b4a,0.9736,3,3,3,True,0,train,val,True,1255,1129,
6468063d0445cf082716fa830a507de2,700e60e9a130333e62698a1c4ef46fa0,0.9736,3,4,3,False,0,val,train,True,186,911,
7b167a43593cb2fcbdd16b62c995ea2c,f671b51a5aae50ac44610a380de4fdb7,0.9735,2,2,2,True,5,train,test,True,1307,1460,
0ace5c189da8f9f9d9cb92e85f142904,7ef96252ee2a1ffe86730b31a54d12bc,0.9734,3,4,3,False,1,train,val,True,1010,292,
48176351db9eb0d9066ac09610039e6d,b801c926e3101268f1b816bd658bcc2f,0.9734,3,4,3,False,0,train,val,True,1062,665,
1dd5d88d1e936e032ebb4840b46546f3,7ef96252ee2a1ffe86730b31a54d12bc,0.9733,3,7,3,False,1,train,val,True,1269,292,
1f86b6a526481bc5d2ca18d94f94f062,dd893039103b58fddb9e41b1ad099d91,0.9732,3,13,3,False,0,val,train,True,231,1032,
65bcc0e4ef30b49600530a2c5c5e8d14,71a3a451b367b93c6128e26c1516379d,0.9732,2,2,2,True,1,train,test,True,894,244,
4ba2c9a9103bbbaa575dfb3b888dc195,fca1f600d0d453a15d9251eb505523fc,0.9731,13,3,3,False,0,train,test,True,1382,1422,
3659fd7b7207e8a9c2595c04aef3587e,42cb31b9fc4dca6da8112c72600ce8e3,0.973,3,11,3,False,3,val,train,True,63,971,
1784ab09ff0d41a78a89e36226bf3eb5,9dc34fcfebf02fc4fac7a84a1c99ca5d,0.9729,2,7,2,False,1,val,train,True,48,1026,
26f57dc441fe3aeb40c8ab299e49137e,b8e52f4258cf7d069e9c5c2698e44e3e,0.9729,2,2,2,True,3,test,val,True,360,674,
7a1b601b146af835cef2bc71ea599c65,da2319b5a8f33c13bcf2380c25b78e37,0.9729,3,5,3,False,3,val,train,True,274,995,
8c8fc85ded58f6e097a0aca8c56c35e0,a17e3c28db1efe5c03c927e64399f6aa,0.9728,2,2,2,True,3,val,train,True,529,1220,
35590689349e29d6540a7c14f8a3d42c,bae29f6c79dd4b58689b3d7351a1da09,0.9727,4,2,2,False,3,train,test,True,474,691,
df599862faf0cd78b880fa7f6644407e,f051273bd75ea902b5a163fa772decac,0.9727,3,4,3,False,5,val,train,True,1055,1266,
06d4ebd3d0ee6d3514d07ccfba615def,3d8afdc0aaa84acf0f6dec7cc35415b7,0.9726,5,3,3,False,1,train,test,True,911,726,
9e1d450a04253ab097601c9934fb5e6a,a36b91d58c9dae658708fac3ae14b969,0.9726,9,3,3,False,0,train,val,True,986,498,
afe59339b8fe3ed8a390ccdf9030f6b1,e8544928657b8fbb4fa8d67682ae4ee7,0.9726,2,2,2,True,2,val,train,True,599,1168,
58d13c5b7c1d86814e7a9451fef0d9d5,7b0067248bea443b4d8c135e4b626028,0.9725,4,2,2,False,3,test,train,True,139,341,
1784ab09ff0d41a78a89e36226bf3eb5,67bc9a23a87b07457464561b22515733,0.9724,3,8,3,False,1,val,train,True,48,911,
026081211406349c85c3e5b4fc4b6ff0,5252182ded15f6179aba4b367c0215dc,0.9724,10,2,2,False,0,train,test,True,117,429,
94ad34192c1c300da99532bb24fd7bf3,fab1d411448d12a807e3ded857ddeaed,0.9724,3,4,3,False,0,val,train,True,406,1397,
96c62d8799651597247be49bf790d585,aaef504823a0043ebc6063bc805baa38,0.9724,19,3,3,False,0,train,val,True,470,593,
30d1afcfeaf59da8e4f527df77e92aa9,68825cc3e6cac82167c6c7ccee576b2b,0.9723,2,2,2,True,2,train,val,True,1168,599,
760f8945b00dc239d46a48bc34909eb6,85b2c32f16826bea58d82dfd39b6d3e2,0.9723,2,4,2,False,4,val,train,True,279,862,
30d1afcfeaf59da8e4f527df77e92aa9,afe59339b8fe3ed8a390ccdf9030f6b1,0.9722,3,3,3,True,2,train,val,True,1168,599,
3e5bee4290a7ad08e44522df7ed98763,cf811d5af1bb735310b1a7775cd2ee9f,0.9722,4,2,2,False,3,val,test,True,674,899,
134160267beeb22f782f92b728cc5abd,d451ec7b30cdbf594212c1bf7549a212,0.9721,3,5,3,False,1,train,val,True,500,947,
cfdcf7c4d670c85e658b4286c7807bed,d2e99d97cea5ba41f7d2e30a221adee4,0.9721,3,2,2,True,5,train,val,True,903,932,
0ac7f7d40895378ae07006510aaca8de,aa3d385635fdfe96d5194d0f0991b565,0.9719,3,5,3,False,0,test,train,True,9,1083,
8520e95c49091fe5676146fcedfb3793,8d69850040ca70588cb37e7f0bc70390,0.9719,2,6,2,False,0,test,train,True,1421,554,
0c841425404c56ae1115867cd37a2bdb,dae2ef34973d1b237cfd6746923e2eec,0.9718,2,2,2,True,0,train,val,True,10,1031,
1d93f2db56a439730528e78b5a8c6c65,84ddef23ac361e8977e4673ac116b6dd,0.9718,2,4,2,False,0,val,train,True,406,1389,
98eff279b10d8e5186e406ef91de2f3f,dccae7781a918f447f55273efa464ff0,0.9717,5,3,3,False,0,train,val,True,1026,1023,
2afc7c9cd96699ecb7d88a8a6f387628,b65129204d2b429ad4612276e2d2dd84,0.9716,3,9,3,False,0,test,train,True,42,1223,
1a09038fa60de37d48cdec28144cf98e,5f3435341b61628b1e308362c52a9460,0.9716,4,2,2,False,4,test,train,True,1131,1185,
295f60908595262b10bfd016661819fd,cab3d02d82d55997dfabc99e84516de7,0.9715,2,23,2,False,1,test,train,True,83,1298,
1c63335d177c12cab2b3baa2ccf4c328,8b1293493098a9bd999ef0c0dfdee134,0.9714,2,2,2,True,3,train,test,True,101,447,
9c848808794be6026fe4166547f40293,9df49d12d43e709cb6b1f4c5878e8917,0.9713,2,7,2,False,2,val,train,True,888,1472,
1d93f2db56a439730528e78b5a8c6c65,7bed5662489bd913da7e9792f715c1ed,0.9712,3,27,3,False,0,val,train,True,406,1061,
0cc2bae4e8f80349576daadd44897024,aa3d385635fdfe96d5194d0f0991b565,0.9711,3,7,3,False,0,val,train,True,665,1083,
2be8c910fac204ab798528ec628e7495,6c1ff5288e07d67d22055a334df30094,0.9711,2,4,2,False,5,val,train,True,111,1061,
4b6ed79396add87dafb5a4d6846c6972,b8e52f4258cf7d069e9c5c2698e44e3e,0.9711,3,3,3,True,3,train,val,True,271,674,
1dd805b0572515c3eac56564cddf181c,5af8bba8cb7a8edb4bf416d4dd4d5228,0.971,5,3,3,False,0,val,train,True,97,804,
26a271cd2fdd034304566deb6bcfdafe,ec89dabdd536396aaad4020141dafbde,0.971,7,2,2,False,0,val,train,True,561,1217,
5ca13bda1c8a128938a5cb71e54f692c,aa8907057bf38a2c03b3e3a6cb72f9dd,0.9709,2,5,2,False,1,test,train,True,400,1170,
69ab9dae3fcb1bcb79683b95e4836252,80b59404657a6290a06e8902430be7fc,0.9709,2,2,2,True,0,test,train,True,432,1385,
12691983b96a9e8c7bc067fdd48b8d97,aa3d385635fdfe96d5194d0f0991b565,0.9708,3,8,3,False,0,val,train,True,472,1083,
2d476f44e80b5536c71dc3793b0a2bc9,8f8d20fc6e9b6aa3b145e359e104eac4,0.9708,3,3,3,True,3,val,train,True,173,1298,
0cc2bae4e8f80349576daadd44897024,f70104d45bb1a6177e3a6826b0eaa030,0.9708,4,3,3,False,0,val,train,True,665,1062,
0465f4b248a57b710e02d636d595bf94,760f8945b00dc239d46a48bc34909eb6,0.9707,3,3,3,True,4,train,val,True,862,279,
7ac75b11d166936c552ce33e170afd4a,eeb26ba1afa30bbf4f88d8c38b42c313,0.9707,17,3,3,False,1,train,test,True,911,1242,
479c67e60b431a189c31e65be43f3741,f4df16a55805e69f7013d79eca0c46a7,0.9706,2,2,2,True,5,train,val,True,123,1324,
7788ddca67e3faf4da246eacc60675a3,b30b0cebda476de77bec3bff2374cf68,0.9706,15,2,2,False,0,train,test,True,636,1288,
f5096797acc9f645ea8674d77ca2418b,fb39e72460b6da6ea5e9c8efbee2c78c,0.9705,2,2,2,True,1,train,test,True,386,1403,
668c4850b2f821babc8ff8c7e877b9b2,f5096797acc9f645ea8674d77ca2418b,0.9704,2,3,2,True,1,test,train,True,1403,386,
8596a2f7e68a0e11a5653fb2457db08f,f2e0a29fb9a4f366cf2cd9c3e535e852,0.9704,3,3,3,True,5,train,test,True,1179,1297,
1eac3c664f2d65ed9aa575797fa5a682,b8e6ad3dfea934569a772b61c88202da,0.9704,4,2,2,False,4,train,test,True,404,895,
6b356b6a114a7663f2dbe960f217601c,b8e6ad3dfea934569a772b61c88202da,0.9704,8,3,3,False,4,train,test,True,327,895,
1abb6882a5cba3d9c166736825bbe101,ab1f4d1aa956de906fa909f5fee8fbee,0.9703,3,4,3,False,0,train,val,True,1200,561,
33ec4577b716c843eb1224b41204aab2,9793c3c2317f38143d21a5187bb35652,0.9703,2,3,2,True,2,train,test,True,1319,421,
441265c6b4598e9bcd10bc10eb6293cc,da2319b5a8f33c13bcf2380c25b78e37,0.9703,3,9,3,False,3,val,train,True,274,995,
8e03d0bfa55336cccbfa604e66a878fb,c53a5bd984d2bd2b8b3d0529b081fbcf,0.9703,2,3,2,True,2,train,test,True,804,799,
56deba64468141b0968ad8899b121b15,eb2267a9e6ad63f9c9d1386b8688ccc0,0.9703,15,3,3,False,0,train,test,True,1026,1198,
1b176c9049260a8843b97349ccdd3eb7,ee1605f1c4e68d7a52a07fae529e14f8,0.9702,2,3,2,True,5,train,val,True,1318,1232,
7c0c6effa413bf976a309753c40f8bbe,ab1f4d1aa956de906fa909f5fee8fbee,0.9701,2,5,2,False,0,train,val,True,355,561,
a09c9526e3316571648552d78ac37c2d,df599862faf0cd78b880fa7f6644407e,0.9701,3,4,3,False,5,train,val,True,1266,1055,
c2edf539162ecaea59933196e84de2f5,c4b83afb97bd83a7f8d83ce85cba4dc5,0.9701,5,3,3,False,1,train,val,True,445,851,
09320344c2ed4da7bdf50d9f03b9e0be,f4df16a55805e69f7013d79eca0c46a7,0.97,3,3,3,True,5,train,val,True,1281,1324,
69ab9dae3fcb1bcb79683b95e4836252,765ac70e1d7527d06ecb6f5b7fb2247a,0.97,3,4,3,False,0,test,train,True,432,1385,
1d93f2db56a439730528e78b5a8c6c65,b828e67db7b84d0d18b5498c8c185874,0.97,6,2,2,False,0,val,train,True,406,911,
da15226ed2a9ca5a83e831a9c57f5380,dae2ef34973d1b237cfd6746923e2eec,0.97,2,3,2,True,0,train,val,True,1075,1031,
f13cd8ec6e6fde523a0a065b62086d3c,f6a5026c3875a441ac93945bd4ba9c18,0.97,2,2,2,True,2,val,train,True,1278,1345,
5252182ded15f6179aba4b367c0215dc,87fe5740deb9d4ef755cc157ff710cef,0.9699,3,22,3,False,0,test,train,True,429,1183,
1f1440204eba45ff4f999795c7d52040,b30b0cebda476de77bec3bff2374cf68,0.9699,10,3,3,False,0,train,test,True,1127,1288,
a2c484cd17f6001e7a0dae4f2f57039b,e5739e452d5b7c5e68c4171ece2557e3,0.9698,3,16,3,False,0,val,train,True,493,911,
b30b0cebda476de77bec3bff2374cf68,e63d457e162ff5875c8475210734f704,0.9698,4,3,3,False,0,test,train,True,1288,1137,
3ee71993acdc2ab83790ea25fafe319d,5ae2d48a5907763cfad33ce3a1d911f4,0.9697,2,3,2,True,1,train,test,True,747,147,
69d0aae1adb4068191d4b119e45bfddc,a08bb66f1450552e0f8d32b4e6a89254,0.9697,2,2,2,True,2,val,train,True,1006,476,
441265c6b4598e9bcd10bc10eb6293cc,72a669da75812594654ab2097000c32c,0.9697,4,3,3,False,3,val,train,True,274,995,
a7d18581b5402766aacf91d52e6143eb,ba8d55330e6d36ab991e3bf8e4e489b2,0.9697,2,4,2,False,1,test,val,True,531,688,
210411ec362d79a5e34b8b0fdbd60745,798b6d2cc34c30279d4155deebf16647,0.9696,2,2,2,True,3,train,val,True,1358,269,
196f3b66be713d67db88cd412ed8768d,a44fd7663c5ae9bfd375e6dc75b497f6,0.9695,9,2,2,False,1,train,val,True,977,924,
c707c255c4694985f6f68331571bc656,cf811d5af1bb735310b1a7775cd2ee9f,0.9695,6,3,3,False,3,train,test,True,1118,899,
0f958c8bbbc828b2e043e49ea39e16e2,e573d5bd029fefceb5463707eb41a03a,0.9694,2,2,2,True,4,train,test,True,1185,1131,
0febce723014e9ed2afe3bf5325775cc,4d1dc70143798d122476599ffc3df68b,0.9694,2,41,2,False,0,test,train,True,17,911,
6210ddaf9f3e233411579da0ea9a0484,a02eb88c0bce1422d1173ac45db29666,0.9694,2,4,2,False,3,val,train,True,173,474,
3e5bee4290a7ad08e44522df7ed98763,92c47e36f3e35b80eb8798558ad37e10,0.9694,5,3,3,False,3,val,test,True,674,899,
b5ad6c0446b987d1f33df121e2512331,befda4b7504b03a7d5e9ca92f2757c41,0.9694,2,3,2,True,3,test,train,True,859,894,
847db624a7a975df11caca3c97743359,d0461ccb7f1b70ee7dc3188422e246d9,0.9694,10,3,3,False,0,val,train,True,320,701,
714fe03e012bb674fd7f3fc8f6763c3e,e52c5685f6ebafcd377918e583486cb8,0.9693,19,2,2,False,0,train,val,True,117,1129,
17e370eedaa11c265e5cabb3601a2fd2,72aa3eb389001c2e3ceeb58e7b48dfe9,0.9692,4,3,3,False,1,train,val,True,966,947,
a4759f06b88c45d2153555b988ac52a8,d8b48c0404394e83af61c15ad7eea1a3,0.9692,2,51,2,False,1,test,train,True,606,1189,
1090bc9626ae4dec99207c3b64a1a050,7d86f8993e77d4f99ed19b2965d5067d,0.9691,2,2,2,True,2,val,test,True,325,284,
26a271cd2fdd034304566deb6bcfdafe,7c0c6effa413bf976a309753c40f8bbe,0.9691,13,3,3,False,0,val,train,True,561,355,
dae2ef34973d1b237cfd6746923e2eec,e0ca5e9b18d9d563d7b6a4fe3d919f89,0.9691,5,3,3,False,0,val,train,True,1031,1075,
0febce723014e9ed2afe3bf5325775cc,e0c370969267c34db431130a881e72f4,0.969,3,26,3,False,0,test,train,True,17,911,
6fe956eb5739f0877752cba783828cd2,bcadcbc70af9a0f20cdbfcb2e6689b6c,0.9689,2,2,2,True,4,test,train,True,237,1305,
8bc819037a6ab2932c227d1ac800102f,c830e13bcc901a882b0107569025d583,0.9689,12,3,3,False,0,train,val,True,370,828,
0f958c8bbbc828b2e043e49ea39e16e2,1a09038fa60de37d48cdec28144cf98e,0.9688,3,5,3,False,4,train,test,True,1185,1131,
295f60908595262b10bfd016661819fd,390b6c326276221cb3659d2132fb7d3e,0.9688,3,2,2,True,1,test,train,True,83,1254,
601ffcbed401250430f367a898cb3e3c,cbff820f299b577e2af5ed136b6ef6eb,0.9688,2,6,2,False,5,val,train,True,1232,1318,
8546b73cb1496ba85aed909ee151290b,9c848808794be6026fe4166547f40293,0.9688,7,3,3,False,2,train,val,True,1472,888,
a9de2f159602a6c08dde0551062fb74b,d2e99d97cea5ba41f7d2e30a221adee4,0.9688,3,3,3,True,5,train,val,True,903,932,
33deab5742944fa2f58e248c572f04d1,b7540ad7f233e9c19a6cb083945072fd,0.9688,11,2,2,False,0,train,val,True,162,660,
921e586c2b5c9ac5b164f2229f7ea9f6,ba4a1e8412d6376304ae051d32184ce6,0.9688,6,2,2,False,2,train,val,True,1472,685,
95cef4ca534e7e446accec285266416c,dfae643568b01d1f4ad5d86bac2f7994,0.9687,3,2,2,True,2,test,train,True,412,1059,
8b6bc283a0d345aaab935989639523eb,e52c5685f6ebafcd377918e583486cb8,0.9687,10,3,3,False,0,train,val,True,879,1129,
2902a2f38703f59632892819a1c72377,e2c101f2e420716fe53e2c61109faddc,0.9686,6,2,2,False,3,train,test,True,911,1099,
3e5bee4290a7ad08e44522df7ed98763,fcf3ef06a3601448061b7b1adda97b89,0.9686,8,3,3,False,3,val,train,True,674,69,
55dae64aaea4bd532b6889d0632517de,f671b51a5aae50ac44610a380de4fdb7,0.9685,2,3,2,True,5,train,test,True,503,1460,
3e6e9a534a8d92999185e99dc4293bee,af41a64b57d2f3244cab6f912383a6c1,0.9685,6,2,2,False,0,train,val,True,679,593,
30353f220e31776ecc7610f803d9b6d4,d451ec7b30cdbf594212c1bf7549a212,0.9684,2,12,2,False,1,train,val,True,70,947,
5e165e0f062426606dc1b5c217689129,83f94c8caeae1de1d931051fd1dec5c6,0.9684,2,11,2,False,1,test,train,True,159,1340,
04952a4d6f0309a8a317a56ad88d9145,1f86b6a526481bc5d2ca18d94f94f062,0.9683,3,6,3,False,0,train,val,True,1192,231,
08a8d48ec979f002383f336d988673ca,492bf65046ad2ac9f710930418b15a75,0.9683,2,4,2,False,0,val,train,True,320,701,
0c6c14ee4d822472a576f1f6650d79f0,97a072070bccd353b385580daed8b3f5,0.9683,3,3,3,True,3,train,test,True,474,691,
22d0fa89e2f644d9c6ef77735619d760,69e6550df1d1713b0bde6c627c42deab,0.9683,2,3,2,True,3,test,train,True,28,1340,
30714dc10ad30cb8cda2ed487ebd4934,84ea71bf97d02addf393ea467a336996,0.9683,2,2,2,True,2,test,val,True,284,325,
3cb832450f38c16278b3c78d15f7be7f,6b69560eba8205a182f996d752402036,0.9683,2,2,2,True,0,val,train,True,828,245,
41785d75132693f972b4f95b0f4e5e95,5bc396007c667e5fec6587d07a9af93e,0.9682,2,25,2,False,0,test,train,True,81,1061,
479c67e60b431a189c31e65be43f3741,64649896d23df686ff9bb201501a40e3,0.9682,3,2,2,True,5,train,val,True,123,1324,
7788ddca67e3faf4da246eacc60675a3,e55c0c51b9ec0963d74029d2de84f85a,0.9682,19,2,2,False,0,train,val,True,636,1130,
0ef695aff0f8378645f8de807856cc0c,92e65cdbae33b846328b01eefe907fff,0.9681,2,11,2,False,0,test,train,True,673,1200,
60f316434ad13b545269024f949698cc,88fcb6de1ead418b238f198a635179c0,0.9681,2,3,2,True,4,test,train,True,556,1298,
1e781756a0e97724ca9592a7a9d8623d,e424946aa014c140468320fda4683cb4,0.9681,7,2,2,False,1,train,test,True,53,1114,
49a0c86e2a3844bf8173990d5a5ad279,db5eaab164a4b81f27444d1c80bc33ee,0.968,30,3,3,False,0,val,train,True,265,911,
e0d6698a658131c2240e15cf4f40efa1,e55c0c51b9ec0963d74029d2de84f85a,0.968,17,3,3,False,0,train,val,True,1076,1130,
9c848808794be6026fe4166547f40293,f93148f68ff93c84d40d566a6cd1dbab,0.968,4,2,2,False,2,val,test,True,888,1381,
3cb832450f38c16278b3c78d15f7be7f,9f8dfe7b06ca41af4fa89f7deaf3b050,0.9679,3,4,3,False,0,val,train,True,828,1252,
6be53a9c6190b5a9240fac9b5b5eef58,f13cd8ec6e6fde523a0a065b62086d3c,0.9679,2,3,2,True,2,train,val,True,1345,1278,
1392751dc2ff4e148c89fe975c5a505b,8f4163f9e76ce4d47678985228bace09,0.9679,5,2,2,False,0,train,test,True,10,385,
09271f0045c19ac6179771054455b2ce,6ea2b59534558f0d4b86d1a3891d611d,0.9678,2,15,2,False,0,val,train,True,26,470,
24c1e1cef9fbcbd82978ebe7d14334cb,b81f068ea8c90ec259cf9212bbc24c22,0.9678,3,2,2,True,3,train,test,True,30,667,
531a7f47d8e6e7733e86000e5f793168,c549a1ab70c4de9755941eb6269e13f6,0.9678,2,2,2,True,5,train,test,True,123,800,
0dccbb58add854759951038d5ee736ab,166631bd73e53e8ebb1ab844dcd6d3dd,0.9677,30,3,3,False,1,train,test,True,1429,12,
2470531626032d9f836359f11fd4fdf7,ab1f4d1aa956de906fa909f5fee8fbee,0.9677,2,8,2,False,0,test,val,True,59,561,
7e7c7d39cc9b962c510facf7b92e676d,f6f6fd84d5275c9f2caa8edb15141607,0.9677,4,2,2,False,1,val,test,True,289,1350,
5252182ded15f6179aba4b367c0215dc,c7e159377563c722314bcef3e9537c10,0.9676,7,2,2,False,0,test,train,True,429,826,
8845e2a5497b43f86bb2ff4b8a0abd97,b13de5e3add05a187e393d0eef314891,0.9675,3,5,3,False,3,train,test,True,351,611,
2470531626032d9f836359f11fd4fdf7,30a54c050c9eb531d2709b05ede484ce,0.9674,3,39,3,False,0,test,train,True,59,1183,
3111867f5335731289a4feb3db5644b7,4648da3952ca9db5259d110694b9ea8d,0.9674,2,2,2,True,2,train,val,True,0,89,
80e4dd1d33d2559f42068e45284d527f,eb6d35c149072c75cee433ec81ba7c49,0.9674,2,5,2,False,0,val,train,True,713,1202,
765ac70e1d7527d06ecb6f5b7fb2247a,992494d03126bd7ffb678ab8f685a854,0.9674,8,2,2,False,0,train,test,True,1385,432,
a44fd7663c5ae9bfd375e6dc75b497f6,ee3cb4950320fa16061f3f3519f8e08e,0.9674,3,43,3,False,1,val,train,True,924,1235,
05c4384280a459216bca38ea2a9230ec,cab3be5d1206bf586249afffb74ab846,0.9674,6,2,2,False,1,train,val,True,445,851,
35e8dd323072ad8efa1ae1db44921669,a0a19caa7f2b6ff84b3e5cf0aa3fc68e,0.9673,2,10,2,False,0,test,train,True,59,1183,
9df49d12d43e709cb6b1f4c5878e8917,ce8f7d335ba01839ce10eaff44daff42,0.9673,15,2,2,False,2,train,val,True,1472,888,
8c64bb74f16d4a6c44c9b8ea5dee8543,c6d58607cc6aeb36e4c1d65fed824e84,0.9672,2,3,2,True,1,test,train,True,1135,1348,
7a2980fb744ca6ea7a9b5d9fa4d838bb,9e40b83c6ac2b92e2426b717ed1a200e,0.9672,4,3,3,False,4,val,train,True,275,460,
08abd36dda089b53088bb7bf7558336a,644009d197e73a26659353807e116e84,0.9671,2,2,2,True,2,train,val,True,305,185,
3858dedc8e091fc0315c50e7f8d74a56,58c59865a2b61e6dcd15fdd75c03f8ce,0.9671,3,3,3,True,1,val,train,True,647,1074,
4b9636cb1e3f5012072099379e9af72e,e0ca5e9b18d9d563d7b6a4fe3d919f89,0.967,2,5,2,False,0,val,train,True,102,1075,
7788ddca67e3faf4da246eacc60675a3,8001484017154333b90372d0055508b8,0.967,24,2,2,False,0,train,test,True,636,638,
0c841425404c56ae1115867cd37a2bdb,8f4163f9e76ce4d47678985228bace09,0.967,6,3,3,False,0,train,test,True,10,385,
b2de71e7e1619aa395f55e9859849f2f,f6f6fd84d5275c9f2caa8edb15141607,0.967,3,3,3,True,1,val,test,True,1338,1350,
366cff575902d8a3e43cf0634e05d96c,cf28cb8b44e9549b766ece06085f647f,0.967,7,3,3,False,4,train,test,True,327,895,
5cc8a6260ae47db4e4e69717ab8c405e,ab1f4d1aa956de906fa909f5fee8fbee,0.9669,3,11,3,False,0,train,val,True,1183,561,
99cc5f5b9f1a86c14dc1970defb07799,b2de71e7e1619aa395f55e9859849f2f,0.9669,2,4,2,False,1,test,val,True,1350,1338,
0c21345669287d5b299ed8d7d0f6e1c2,531a7f47d8e6e7733e86000e5f793168,0.9668,2,3,2,True,5,test,train,True,800,123,
21d90fcd566bcc6dc30b056ba7675a32,6ea2b59534558f0d4b86d1a3891d611d,0.9668,2,21,2,False,0,val,train,True,26,470,
80b59404657a6290a06e8902430be7fc,992494d03126bd7ffb678ab8f685a854,0.9668,3,3,3,True,0,train,test,True,1385,432,
8299e52f9a53b39407d0950456562add,e3f0542a702cef736b649df9a3a98e8c,0.9668,2,6,2,False,5,test,train,True,326,1281,
1f1440204eba45ff4f999795c7d52040,f1f9aea9e0bb9845704f9871346811aa,0.9668,16,3,3,False,0,train,test,True,1127,1288,
1090bc9626ae4dec99207c3b64a1a050,30714dc10ad30cb8cda2ed487ebd4934,0.9667,3,4,3,False,2,val,test,True,325,284,
40b2f139228855bf5f5551e8bd872ef5,83f94c8caeae1de1d931051fd1dec5c6,0.9667,3,14,3,False,1,test,train,True,159,1340,
08a8d48ec979f002383f336d988673ca,83ff615957c966e2f9defbc4339196a3,0.9667,4,3,3,False,0,val,train,True,320,1217,
33deab5742944fa2f58e248c572f04d1,b4bd3a393ca7c948b7e4d9b42c697fd3,0.9667,20,3,3,False,0,train,val,True,162,660,
6ae06c0101d0cfa56d4ca5c6aaa7750b,7584a04126c380a776b9a27c23ca2a1d,0.9666,2,4,2,False,1,test,train,True,676,872,
80e4dd1d33d2559f42068e45284d527f,d84c84c7e96c8a3609150e6afc1f1186,0.9666,3,2,2,True,0,val,train,True,713,979,
9e5cd1fc52ee72cb0658f1e403aa00ad,c8ea4dc8fe6c8348dcc4db4d01c0c84a,0.9666,2,2,2,True,3,train,test,True,1343,835,
7d86f8993e77d4f99ed19b2965d5067d,f4cc3f49c4bd4fdc3422ed1b8c5c7676,0.9665,3,2,2,True,2,test,val,True,284,1323,
0ef695aff0f8378645f8de807856cc0c,6610773ae6ab13f5fca25de96945cc4c,0.9664,3,3,3,True,0,test,train,True,673,193,
243d8c9814f5982607fd7297137bc801,b2ade8c8cf0f8da5d999e116da8cf41c,0.9664,3,4,3,False,3,test,train,True,28,623,
6ef357192c2530ee54e1bd38a3231e00,75be11818843990c70ba0b6ed753f3c0,0.9664,2,2,2,True,3,test,train,True,234,630,
9d80974f9e453383a53d81a9d5763691,d451ec7b30cdbf594212c1bf7549a212,0.9663,3,17,3,False,1,train,val,True,1458,947,
1d1163f720942d79ca68721d8f634914,bd2272491323c5b546c210316e6209b5,0.9663,39,3,3,False,0,train,val,True,1382,715,
441b527337da4319cf700b6e7da9fa0c,cab3d02d82d55997dfabc99e84516de7,0.9662,2,69,2,False,1,test,train,True,83,1298,
4bf5a250183e162fdabe2e6080a46cce,a1182a350f2f7c5b6d75aacaf5aededc,0.9662,2,2,2,True,0,test,train,True,104,481,
68e6f2bbdbb308624ed004484a1da2b8,8001484017154333b90372d0055508b8,0.9662,38,3,3,False,0,train,test,True,1026,638,
b4ec9258133fcb21d9c99fc2ae9d134e,c0097374d10cd4a1da1c4b1e6a86de64,0.9662,2,28,2,False,0,test,train,True,638,832,
203c6d9817fc00d1b1fdcc6eae2118b4,e61f5f4feabbb1cb6c09a2bd4494b916,0.9662,9,2,2,False,1,train,test,True,740,1135,
08abd36dda089b53088bb7bf7558336a,1afb7eb814308f8491a88398a6068422,0.9661,3,2,2,True,2,train,val,True,305,185,
31f51b7b36414dc9f0ddda7cac67328f,d72dce85f1954fe33809659f9cd14217,0.9661,2,2,2,True,1,test,train,True,1040,414,
20340e3ee5bd16fdb06dabb63079c835,8ed11de0354e0571d6972983dfcefd60,0.9659,2,3,2,True,1,test,train,True,23,51,
c6d58607cc6aeb36e4c1d65fed824e84,e61f5f4feabbb1cb6c09a2bd4494b916,0.9659,6,3,3,False,1,train,test,True,1348,1135,
3a08f79c589a9e1d00a258e86a1331ce,d088f8e0bbd26aeec7525368606a9fd4,0.9658,2,4,2,False,4,val,train,True,219,973,
447ceabf87de7431032ef708132594d5,d2e99d97cea5ba41f7d2e30a221adee4,0.9658,3,4,3,False,5,train,val,True,903,932,
6f23c9de94899d380bd7a075209ef415,e936e9d9d5d3a8136ae9e5c4ae048cdc,0.9658,2,3,2,True,1,val,train,True,388,1412,
b73bbfdac8fa640a792316345615b313,cec81433693d2168ddee15f9bb37dc19,0.9658,2,2,2,True,5,train,val,True,659,890,
98c76020fd2e71039c259365994f76d6,ae0dc2c2d5aed206f4ce5c529684580c,0.9657,2,3,2,True,0,test,train,True,429,126,
1f1440204eba45ff4f999795c7d52040,b4ec9258133fcb21d9c99fc2ae9d134e,0.9657,18,3,3,False,0,train,test,True,1127,638,
adef73f1a19ad047a97ba507c3312798,ffcbb41626c9267c5c20c4804bd5639a,0.9657,51,2,2,False,4,train,test,True,911,1469,
0b2cba7e97daa7f11ededc2ec7d67045,184a184ac82d72d499f99b67d6a1c631,0.9656,10,3,3,False,1,train,val,True,1074,530,
2e8e1273e497a95810ed43ca7eaf09c6,b5ad6c0446b987d1f33df121e2512331,0.9656,3,3,3,True,3,train,test,True,894,859,
5c975e69eee9359ebe8da3f2a376fefb,9f63a48ff9b5d0014f8685e43ad28d80,0.9656,3,3,3,True,5,test,train,True,153,945,
8e244ea370ffdb16c4d50bd271c538a8,e2726cffee3499287c6f87b561dd228d,0.9656,2,2,2,True,5,test,train,True,1439,1096,
2c0e4995c6e82389dc1964ab5ac6a407,9064f0eb9ef8bbb376649033116fc380,0.9656,4,2,2,False,1,train,test,True,518,389,
076737b247cef7064ad6b9f653892026,fe8b4d94ce299ed485c900f05ae508d3,0.9656,61,3,3,False,1,val,train,True,292,1452,
467e6dae0cb2eb1af21e9cc3c602fde7,5456189d4e5c15a790a868b70fd25625,0.9655,3,3,3,True,4,train,val,True,148,275,
644009d197e73a26659353807e116e84,85874a84d6fd4b14d5d9816650a6a17f,0.9655,3,4,3,False,2,val,train,True,185,375,
2be0fecc99253c5c199d478c1f655579,89f418346fc412a6458aaa05a224af3a,0.9655,9,3,3,False,2,train,val,True,206,361,
0e347ad243e4019fad579d3282a730f9,a65a095302fbc94c8e21ae65e1ccd17e,0.9654,2,8,2,False,1,test,train,True,23,1106,
5005f9cc40ba417daf4ceefa86fab751,a27a666f057315f08ce43d8da423e8ea,0.9653,2,2,2,True,1,test,train,True,112,807,
5ed3bb060e0e6d7fe6472f1982e530e9,b13de5e3add05a187e393d0eef314891,0.9653,2,7,2,False,3,train,test,True,161,611,
68825cc3e6cac82167c6c7ccee576b2b,e8544928657b8fbb4fa8d67682ae4ee7,0.9653,3,3,3,True,2,val,train,True,599,1168,
7c846f20f6dadd1b95311d19e120f438,80e4dd1d33d2559f42068e45284d527f,0.9653,3,5,3,False,0,train,val,True,979,713,
5ae2d48a5907763cfad33ce3a1d911f4,c00150f4dde0bf6e3c62c57c33d77731,0.9653,4,2,2,False,1,test,train,True,147,747,
1f16f094f5488694af5785d517bda17b,49adfe9cc766f35827b1db55e01d8cca,0.9652,2,2,2,True,5,val,test,True,121,220,
31a2c62376a98ed5062bbe72a92b3541,a5b9c716881eaccb44574cbcef8f048b,0.9652,5,2,2,False,1,test,train,True,389,518,
a65a095302fbc94c8e21ae65e1ccd17e,a7baba733c9e351d8938a493e9e96480,0.9652,9,2,2,False,1,train,val,True,1106,530,
35e8dd323072ad8efa1ae1db44921669,b604630290e6316c1cbc586733ed08c1,0.9651,3,16,3,False,0,test,train,True,59,1202,
50c1a18ccd556a1cc34f3b21e34fe03d,8c64bb74f16d4a6c44c9b8ea5dee8543,0.9651,2,3,2,True,1,val,test,True,114,1135,
0bc4086b7c5ed0463dde3926f10fc298,0e347ad243e4019fad579d3282a730f9,0.965,11,3,3,False,1,train,test,True,1079,23,
3a5a4b141bdcd49744bc7fbd4f880e22,3ee71993acdc2ab83790ea25fafe319d,0.965,2,3,2,True,1,test,train,True,147,747,
4c7ab20052bb5e2a11e998f4b8936898,6ad78c89d6b8feadad6d3ad85c743e32,0.965,2,3,2,True,4,train,test,True,426,213,
785b6f565b34da9587a5fc441edbd49b,93a53e5582574f10426754a9ee48619d,0.965,2,13,2,False,0,val,train,True,1130,911,
80f7cfb8ff20d9aa8eebcd541d0d5fd4,e573d5bd029fefceb5463707eb41a03a,0.965,8,3,3,False,4,train,test,True,1185,1131,
7788ddca67e3faf4da246eacc60675a3,785b6f565b34da9587a5fc441edbd49b,0.9649,35,3,3,False,0,train,val,True,636,1130,
7c440d8eb7dbda63b0b45b7773fa8279,858f5e5afdc19cfe16e0f8be97a28cd5,0.9649,4,3,3,False,4,val,train,True,279,862,
02a3870e56dbcb6afd73546af54a8457,3094f0e7f338e708620942f9f939c7cf,0.9648,2,13,2,False,0,train,test,True,987,258,
2a4cff606b103cb1698560ba1dee0eb6,bcadcbc70af9a0f20cdbfcb2e6689b6c,0.9648,2,3,2,True,4,test,train,True,237,1305,
6465a5ab1539fe69d2392408606dfade,f4df16a55805e69f7013d79eca0c46a7,0.9648,2,5,2,False,5,train,val,True,1281,1324,
8c5b4130d7ad948a6221527aa0087a10,c6b8dec24dcca40d214475e2366047ef,0.9648,2,3,2,True,3,val,train,True,643,1270,
a7d18581b5402766aacf91d52e6143eb,d451ec7b30cdbf594212c1bf7549a212,0.9648,3,20,3,False,1,test,val,True,531,947,
1c63335d177c12cab2b3baa2ccf4c328,9bc5cd695f30b6f98e65dc356cf6c656,0.9647,3,2,2,True,3,train,test,True,101,447,
2e1107832601b1d8e00fef91a5a41f69,baa52ab819b61626c7ca027dfca5bf31,0.9647,3,2,2,True,1,test,train,True,244,818,
3111867f5335731289a4feb3db5644b7,4600b8e6025b7af1836bedf33e2b5c66,0.9647,5,2,2,False,2,train,val,True,0,89,
08b92dd5bd510ff336949f1042c11991,78fa6eadfc403f3440ef91db24d387b6,0.9647,12,2,2,False,4,test,train,True,249,266,
55dae64aaea4bd532b6889d0632517de,ff1ca9ec7c9d1694dcacaf5176976967,0.9647,4,2,2,False,5,train,test,True,503,1460,
4cc1691f988cd4596b2a38d1e64c18ce,cf385dd3211d78cdcfa8c90c2bab5b37,0.9646,4,2,2,False,3,train,val,True,351,965,
88ef695f58a55195f0730b4090583f4c,ab1f4d1aa956de906fa909f5fee8fbee,0.9645,2,20,2,False,0,train,val,True,355,561,
b790c95b8efb85a4e600533cf0444937,e948b70d1e102a039a6b93a4be16b323,0.9645,9,3,3,False,0,train,val,True,663,1176,
2e1107832601b1d8e00fef91a5a41f69,3605ec5ecd6cd8f36a046746b1888cad,0.9644,4,2,2,False,1,test,train,True,244,61,
57d82e5381a64e28e1daae58c9806ab5,876d25db23f2f8ed17646186a30bb263,0.9644,2,12,2,False,3,val,train,True,960,681,
72aa3eb389001c2e3ceeb58e7b48dfe9,99cc5f5b9f1a86c14dc1970defb07799,0.9644,10,3,3,False,1,val,test,True,947,1350,
01d20d68bce47bec01d816b893630f18,e8ce5cd6a70ea33bf280e6fddc6da27f,0.9643,3,3,3,True,1,test,train,True,50,650,
1ab5733eafcd0a2baede5e06d4195915,7cc3935f0c256daf77c943ca91f2fcd3,0.9643,11,3,3,False,0,train,val,True,560,698,
1afb7eb814308f8491a88398a6068422,55b2b9388cfcde42069bee4804274884,0.9642,3,3,3,True,2,val,train,True,185,305,
6b1293bfb8877f750a8cf054e4e0a29e,b2545fbd121c537ccb04c90cef91631c,0.9642,2,4,2,False,2,train,test,True,823,1027,
af41a64b57d2f3244cab6f912383a6c1,bd525e9a428797c9afb48a9ffdbe5160,0.9642,3,91,3,False,0,val,train,True,593,1132,
1fa5537c8bba02102cbd68fe9b4abd27,b1d93623521ae08ba520855009692683,0.9641,2,2,2,True,4,train,val,True,492,615,
08b92dd5bd510ff336949f1042c11991,42c97dfa8a8d7ab5ee5ddcc6a5c968da,0.9641,15,2,2,False,4,test,train,True,249,266,
45bc46a31180f65994e37850418e237b,ee1605f1c4e68d7a52a07fae529e14f8,0.9641,3,5,3,False,5,train,val,True,1318,1232,
91711a1d263ddd2559f5b91669cfcb4a,c15bffae592596f8f566239c725ec577,0.9641,5,2,2,False,4,train,val,True,203,1260,
8520e95c49091fe5676146fcedfb3793,c6d41e8b7c2c101b9a927d4f403ec451,0.9641,14,3,3,False,0,test,train,True,1421,812,
49cf4320931ec7b716d8782ce29c4549,ce8f7d335ba01839ce10eaff44daff42,0.9641,19,3,3,False,2,train,val,True,880,888,
8845e2a5497b43f86bb2ff4b8a0abd97,cf385dd3211d78cdcfa8c90c2bab5b37,0.9641,4,3,3,False,3,train,val,True,351,965,
424695a2886897279fd2d40c394d7848,de053910e530a0446edf0c8dc12d31e3,0.964,2,2,2,True,1,train,test,True,414,1040,
4bf5a250183e162fdabe2e6080a46cce,6a2889f097b3501ebc0343427e9e0c3e,0.964,3,2,2,True,0,test,train,True,104,481,
4c4c624b8db2f481703c4ee6dea58bc2,72aa3eb389001c2e3ceeb58e7b48dfe9,0.964,2,11,2,False,1,test,val,True,1114,947,
8c8fc85ded58f6e097a0aca8c56c35e0,eca989843a1006206f8af3503b71b66c,0.964,3,4,3,False,3,val,train,True,529,1220,
22d0fa89e2f644d9c6ef77735619d760,4f0d03d08a5583138eaed5761f895d28,0.9639,3,11,3,False,3,test,train,True,28,724,
45b107368018ae2d6174aa5c1c6aa29c,a27a666f057315f08ce43d8da423e8ea,0.9639,2,3,2,True,1,test,train,True,112,807,
45bc46a31180f65994e37850418e237b,601ffcbed401250430f367a898cb3e3c,0.9639,4,3,3,False,5,train,val,True,1318,1232,
68ef1f45254c298cac176cabb6c0fe58,c15bffae592596f8f566239c725ec577,0.9639,4,3,3,False,4,train,val,True,203,1260,
c10eb86a927f359f5d1e573927f19945,cab3be5d1206bf586249afffb74ab846,0.9639,5,3,3,False,1,train,val,True,759,851,
e2726cffee3499287c6f87b561dd228d,fd7763888e090f5385c2c49944ce94ab,0.9639,3,2,2,True,5,train,test,True,1096,1439,
06ef45756a44d6ec0301b519700bf053,5252182ded15f6179aba4b367c0215dc,0.9638,3,18,3,False,0,train,test,True,579,429,
3d7c76e3d1106d038356561b67b4ac1a,ab17f187d0cf1522c838108906131162,0.9638,2,43,2,False,0,val,train,True,868,1132,
134d69e06d397dc06ed6794b737c63fd,52e38cf820ba3f92ca415cb2a2672ea0,0.9638,5,2,2,False,5,train,val,True,633,121,
2fd30e8bcadfd927b8280fb9d7fdb610,9868a54bf110a952ac11af9f4659c5e1,0.9636,2,3,2,True,1,test,train,True,50,1002,
0e6ba66e0b6faf748d29425b8fef9d79,7adbbe8f689e5d5c0593855b056f7019,0.9635,2,2,2,True,3,test,train,True,519,583,
17537cf7df9f40a7ffb523b4d2a2bb8e,e7638f9443ea67c64e7befcfb52d35f2,0.9635,2,2,2,True,1,test,train,True,168,1153,
95cef4ca534e7e446accec285266416c,a8e773eff750fc08a72de5075c79474f,0.9635,4,2,2,False,2,test,train,True,412,1059,
16d80dbe6d4b3bf22ecf54833b17f3ec,e8efa9929870f9695be85d3ee7276518,0.9634,2,2,2,True,5,test,train,True,153,1174,
1d0aa0b565ed9bdbc6c1f4a00bbc4f3d,31f51b7b36414dc9f0ddda7cac67328f,0.9634,3,5,3,False,1,train,test,True,414,1040,
2442cc58025c02b3d153183bb0f65bd4,8ced08fd98400f0dc7d3b1ebb782eb7b,0.9634,3,4,3,False,1,train,test,True,293,531,
339af1c837c6046bcf11ef8f6ee7a3c3,4c7ab20052bb5e2a11e998f4b8936898,0.9634,3,3,3,True,4,test,train,True,213,426,
73a68f27d9581434d99b621f0c2a434c,75835cc8ccb7fe86356cebdb35006fab,0.9634,2,17,2,False,0,val,train,True,253,1200,
71dbcf5569584dac2aae88cf712d22b1,8c5b4130d7ad948a6221527aa0087a10,0.9633,33,3,3,False,3,train,val,True,1148,643,
409d6815cecdf483be748a75c63c0b2e,8c64bb74f16d4a6c44c9b8ea5dee8543,0.9632,3,8,3,False,1,train,test,True,740,1135,
110c38159f8cc6780e2cd266baa332ef,b81f068ea8c90ec259cf9212bbc24c22,0.9632,16,3,3,False,3,train,test,True,30,667,
c6d87f56f56c456d38f3b6967eb21eab,fd73fb132d70187e69bc0638323b0ef9,0.9632,2,2,2,True,4,val,test,True,813,1438,
5c975e69eee9359ebe8da3f2a376fefb,e8efa9929870f9695be85d3ee7276518,0.9632,10,3,3,False,5,test,train,True,153,1174,
3ff30b9406f4c44c9b8dba47615f1fca,ffd2841373b39792ab0c84cccd066e31,0.9632,42,2,2,False,0,train,test,True,1298,1470,
3858dedc8e091fc0315c50e7f8d74a56,c0e652d920384bc328d1e1283178b566,0.9631,7,3,3,False,1,val,train,True,647,757,
b76e81e3f3d4feae50c826b07a7a919f,f70ed8ca14b13611e197cf07aae8f5f1,0.9631,4,2,2,False,3,train,val,True,1243,1353,
506eec1a2c0a806ef10ff76a9934cfe0,5b281fbdb595d08a630ec51d418a3196,0.963,2,2,2,True,5,test,val,True,1367,150,
71a3a451b367b93c6128e26c1516379d,fac68c117a18834ee2e9892083d82942,0.963,16,3,3,False,1,test,train,True,244,894,
035a5208729ef164213954598b8df75d,2131ddffffd2ccdc49b3c50edecf9d6e,0.9629,2,3,2,True,0,train,test,True,1420,42,
6029eceba97e1f924eec2b51df4f8daf,e7638f9443ea67c64e7befcfb52d35f2,0.9629,3,3,3,True,1,test,train,True,168,1153,
18a3bb8a5a0e5449d25195eb10804e39,210411ec362d79a5e34b8b0fdbd60745,0.9628,2,6,2,False,3,val,train,True,269,1358,
591a3db736f25c66b1261f01615e599b,efffcaf09935e68555f74277c387220a,0.9628,3,26,3,False,4,train,val,True,170,1260,
b9d2a95c3c0787c9faa9901d5b86c5a1,edb53390a53397b29cb85e21501b8efb,0.9628,2,2,2,True,3,train,val,True,680,1230,
40b2f139228855bf5f5551e8bd872ef5,e7ded102214a944d051a2628d5452faa,0.9628,5,2,2,False,1,test,train,True,159,1159,
6f23c9de94899d380bd7a075209ef415,fbed3981222546871069cdc71f07c996,0.9627,3,2,2,True,1,val,train,True,388,1412,
64d853ef2f8fd85e3a9b09d3791780e7,812a1113758fbc57bd0dfd6fd6d9a1a4,0.9627,103,3,3,False,0,val,train,True,188,1183,
06fc0c8a36a83d5150fca83d5bbb2612,8299e52f9a53b39407d0950456562add,0.9626,8,3,3,False,5,train,test,True,1281,326,
6ae06c0101d0cfa56d4ca5c6aaa7750b,c266773fdf88a75561821afdb49cc0e0,0.9626,8,2,2,False,1,test,train,True,676,1159,
c8ea4dc8fe6c8348dcc4db4d01c0c84a,f68673db7c65bc80fde188dea0e39c0b,0.9626,3,2,2,True,3,test,train,True,835,1343,
067a25212e4e5b9eab412c274ae16df6,df02f5c5fa4e85f143fef3593167ce62,0.9626,24,3,3,False,5,train,val,True,1118,1051,
1dda4dfc7a97b5f37085727da5852db2,59bc7df93b3b01dc3a1f3935555c3009,0.9625,2,2,2,True,2,val,train,True,878,500,
1f80aa9a268b5ba64292bd4f7d88fe33,e43ca92b64685313429257eab0e43c9f,0.9625,2,3,2,True,2,val,train,True,281,1161,
03a1deb18638f73ce898b2adac1c8ec9,feb0f0ab5eb812769d3a069b7be9dcf4,0.9623,2,2,2,True,5,train,test,True,288,1455,
0fee48bfc0a56f57a07134f30f54ca49,22aa8069a9ed5dd4884ae19dd73ad716,0.9623,3,2,2,True,3,test,train,True,611,161,
3d7c76e3d1106d038356561b67b4ac1a,ba688af0eaf8cb53ccca7ee628a4691a,0.9623,3,41,3,False,0,val,train,True,868,911,
06cab87cd7a132bd8eaa30aa1ea42434,4648da3952ca9db5259d110694b9ea8d,0.9623,5,3,3,False,2,train,val,True,0,89,
51ea992db967a0b925588ee2eee322ab,5252182ded15f6179aba4b367c0215dc,0.9623,3,24,3,False,0,train,test,True,117,429,
668c4850b2f821babc8ff8c7e877b9b2,e73b08596d7a8aabfdddbddb4b8996eb,0.9623,3,3,3,True,1,test,val,True,1403,1152,
c0a0956a39319920d02c5c4eb30c5e10,c24bb6e1c14b242a4744d9854f738470,0.9623,2,2,2,True,3,train,test,True,755,772,
6a43f7e8b37e4f8a63ba3f178ef78016,dc10032bf598b0a3268074de4bb2d7b6,0.9623,4,2,2,False,4,test,train,True,209,426,
1b86a85640e5832e6b27d89c8f99adf9,702c576df7dfbf43e3c17cd29f804ef9,0.9622,3,2,2,True,3,train,test,True,755,667,
01d20d68bce47bec01d816b893630f18,2f711ff54c15f3d9d627cb5e98b278fb,0.9622,5,3,3,False,1,test,train,True,50,607,
9526ed25cd1ac4113139593575131cd1,d52d28b99ef14ecc6e55b92170b883e9,0.9622,2,2,2,True,1,train,val,True,1095,1250,
bc9c6686eeb1ee886d3b461b2f584760,dd6ded8699cc4d3bf62c7e961b8a70ec,0.9622,3,4,3,False,0,train,val,True,977,1031,
d2c964910e2e8295fc329dd57918986f,df4146c2cb4e97d9c227bdd90d4dc6f8,0.9622,4,2,2,False,2,test,train,True,930,1054,
63226114e772943ce7f8017d9f5d4b90,d2c964910e2e8295fc329dd57918986f,0.9621,2,5,2,False,2,train,test,True,1054,930,
275322852b2d7d5cff8a19cc5e72ff4e,f93148f68ff93c84d40d566a6cd1dbab,0.9621,10,3,3,False,2,train,test,True,474,1381,
12942b14ee8cde158e33d537cc3582a9,cb4dce32e66ce659b386933a77ff59b1,0.962,3,2,2,True,3,val,test,True,1230,859,
0880e72eb2ad3fd25067a4500a8f0016,e90c8fb1ab71a448843dfec8f21a15c8,0.9619,27,2,2,False,4,test,train,True,25,1008,
1cb56f571749e201e1e37e166d32b0bf,d6c1175d1961ea5a938d6a6ae26d2135,0.9618,3,16,3,False,3,train,val,True,1239,965,
389758c9e3aad00e774d581150f372db,b13de5e3add05a187e393d0eef314891,0.9618,3,10,3,False,3,train,test,True,777,611,
4c547c4817c06b4e77da45768358eb98,562ed7c01bf09ec8162007d798ff0b51,0.9618,3,35,3,False,3,train,test,True,1189,468,
778bd33e4eb7fbc28402051743b78aa2,87668b74a71c46e1794107bb5f32d44d,0.9618,4,2,2,False,5,train,val,True,1105,1265,
a5a27468f2a7a299cb8b952abb941705,fa6569eb827fcd7108ee7f22dac0ea11,0.9618,3,13,3,False,2,test,train,True,517,206,
702c576df7dfbf43e3c17cd29f804ef9,75423e7c7aec5ed80bc70b62e9ff62c0,0.9617,3,7,3,False,3,test,train,True,667,1202,
765ac70e1d7527d06ecb6f5b7fb2247a,a579110fe1e670847d9d146404597750,0.9617,17,3,3,False,0,train,test,True,1385,513,
063528c18968c03f23e0c299bbba17e4,c429c26a603910717dbf17e6e7035627,0.9616,3,2,2,True,3,train,test,True,6,1444,
7c79546e808a9c6ae95c15bfe3b4b590,e43ca92b64685313429257eab0e43c9f,0.9616,2,4,2,False,2,val,train,True,281,1161,
224103c42d4b1a3ae6407993940b1e52,aa3c01d5326e3ed117d9266d5ed6ef37,0.9616,17,2,2,False,1,train,val,True,1028,549,
ac6110478f6edbee89ae89481e94b275,f4579a30dc195784ed21d13c601a2677,0.9616,2,3,2,True,4,val,train,True,572,1314,
778bd33e4eb7fbc28402051743b78aa2,f03af6a10717282de524bec7dc01111f,0.9616,5,3,3,False,5,train,val,True,1105,1265,
677998d30fbf0b08e100dc31f2fcc0ee,9ecba0a5f5caa828df43867455405dd7,0.9615,3,2,2,True,3,train,test,True,101,464,
7d86f8993e77d4f99ed19b2965d5067d,84ea71bf97d02addf393ea467a336996,0.9615,5,3,3,False,2,test,val,True,284,325,
25c0f98758c3fb09bc2070d1dca0a299,64fb4585a1a2f2ec2cdfe6e0e831dddf,0.9614,2,11,2,False,0,val,train,True,253,1200,
375771fed439d26b5374aae3f6b1d653,c7bd85a7a10ef6226a9873afaf00d3a2,0.9614,22,2,2,False,5,train,test,True,197,1455,
ba4a1e8412d6376304ae051d32184ce6,cacf5097de53eb9db8566f3f48522bda,0.9614,7,2,2,False,2,val,test,True,685,1238,
1f80aa9a268b5ba64292bd4f7d88fe33,ee84768fd0b939e9fc7369652cba4a35,0.9614,4,3,3,False,2,val,test,True,281,1238,
1ee1681eddf2ebd32e9207c583db4d09,2bb4f3202acd0b3cd10ffae292b6edf8,0.9613,2,2,2,True,0,test,val,True,44,837,
30714dc10ad30cb8cda2ed487ebd4934,eced1d0653f7c472814889665013f114,0.9613,6,3,3,False,2,test,val,True,284,1323,
6392947d42a28861f68363b1f2e536e5,fa6a64b3a0c696072eb77fc03e2858df,0.9613,13,2,2,False,0,train,val,True,1298,1394,
04e31b936f51091d43cb805a30084533,8af54c71033c8019017490db924dab70,0.9612,2,2,2,True,4,val,train,True,109,1459,
810146d1299127c8a68efd9925fd1563,b5981366ea2c3b0ea604092c3ba670ab,0.9612,3,5,3,False,4,train,val,True,302,643,
8a415b0e974861fa00ae9d88f9e3b980,fd7763888e090f5385c2c49944ce94ab,0.9612,2,3,2,True,5,train,test,True,1096,1439,
2cf2371193eb1c0cf34ca2562004d5e2,bd794a0fe18a2b0705a024096c77bac6,0.9612,7,2,2,False,1,train,val,True,1380,721,
2a8d5c257563e9fdad0a0ecb62d63a9d,ec27b4eb30828414d29c522e2a958756,0.9611,3,10,3,False,2,val,train,True,238,1214,
38da5a625694c55fccb0c6daeb2fdd58,506eec1a2c0a806ef10ff76a9934cfe0,0.9611,2,3,2,True,5,val,test,True,150,1367,
06cab87cd7a132bd8eaa30aa1ea42434,4600b8e6025b7af1836bedf33e2b5c66,0.9611,7,3,3,False,2,train,val,True,0,89,
48df3ca910d365bdea427ed5b7c31808,64e7f3ba0ab29790d1ad571eed45f655,0.9611,2,3,2,True,4,test,train,True,131,775,
6a363e70baf98838b0093f9ae93052fd,ab0c6950b69d38008bea90173b44aefa,0.9611,2,3,2,True,4,test,train,True,808,856,
b20b5b841b6f7c1726599e067de01bae,b3c9178d328c9a8362be6b7a55614287,0.9611,10,2,2,False,2,train,val,True,1389,628,
ccf9d24a414565e908da2e72beb306de,ffd2841373b39792ab0c84cccd066e31,0.9611,45,3,3,False,0,train,test,True,1200,1470,
2309b313ab206df1adf09d970478f4c0,70a840557099db07a37542bdf701df90,0.961,6,2,2,False,1,train,test,True,804,761,
7b167a43593cb2fcbdd16b62c995ea2c,ff1ca9ec7c9d1694dcacaf5176976967,0.961,3,3,3,True,5,train,test,True,1307,1460,
9ecba0a5f5caa828df43867455405dd7,ea72eb500f523697eee190bcedc8f0dd,0.9609,3,8,3,False,3,test,train,True,464,1190,
21842d9a9ebb1e4efb6527fa04163452,ac32c2c755e496c5e7bc1949b78d36c9,0.9608,3,5,3,False,1,test,train,True,830,1285,
3aab40b14fab46f52f53a5f85bf8ea34,b38e72d2908a5d20eff762250c94834d,0.9608,3,8,3,False,2,train,val,True,1204,627,
1a66b4d3dbb1089891835d2698c6deec,67560153b5cec1288c56658e789b31e9,0.9608,8,2,2,False,5,train,test,True,65,198,
9fbd2b9d9b4c1f0b811515ea0d762d61,aa3d385635fdfe96d5194d0f0991b565,0.9608,3,52,3,False,0,val,train,True,472,1083,
8fc10ce3188de7e919b9f08fe5e6993c,c429c26a603910717dbf17e6e7035627,0.9608,11,3,3,False,3,train,test,True,569,1444,
4fae900c0644c8418c2028629afbd4e5,60f316434ad13b545269024f949698cc,0.9607,3,5,3,False,4,train,test,True,973,556,
61838ed2c863a4b4d7b851854f990941,aa3c01d5326e3ed117d9266d5ed6ef37,0.9607,3,3,3,True,1,train,val,True,458,549,
107694232cb071255848ddca5efbe061,1307e25950ec553c3d02121252e6a80f,0.9606,16,3,3,False,2,test,val,True,33,1017,
25c0f98758c3fb09bc2070d1dca0a299,9dc28ee23b2f728632e3ac9c1421e23b,0.9605,3,5,3,False,0,val,train,True,253,1061,
363cd7b84bf86e6c8cd7073897b97232,55871a7a0ec1e0958ce44dd101d48be7,0.9605,2,44,2,False,0,val,train,True,498,1217,
bd794a0fe18a2b0705a024096c77bac6,d72dce85f1954fe33809659f9cd14217,0.9605,3,6,3,False,1,val,train,True,721,414,
668c4850b2f821babc8ff8c7e877b9b2,de16d4d453830a7b68b20e591f41bc6c,0.9605,4,2,2,False,1,test,val,True,1403,1152,
1d93f2db56a439730528e78b5a8c6c65,4393d46b83d4747ed613d11040dbffed,0.9604,59,3,3,False,0,val,test,True,406,81,
3f1932eefb6de2c9b6666565a6b93765,63226114e772943ce7f8017d9f5d4b90,0.9604,5,3,3,False,2,test,train,True,930,1054,
7c79546e808a9c6ae95c15bfe3b4b590,cacf5097de53eb9db8566f3f48522bda,0.9604,3,4,3,False,2,val,test,True,281,1238,
1fc02c67c10dae06aa3f259d8374a31a,20340e3ee5bd16fdb06dabb63079c835,0.9603,25,3,3,False,1,train,test,True,51,23,
a5dbc558ca9c9612b608645238c15129,f75c7cec3ddc9fbff27aca59b01c5bf5,0.9603,2,2,2,True,3,train,test,True,521,1357,
5e165e0f062426606dc1b5c217689129,e7ded102214a944d051a2628d5452faa,0.9603,10,3,3,False,1,test,train,True,159,1159,
c779f8e6464edd98859571efe4c0cc23,f70ed8ca14b13611e197cf07aae8f5f1,0.9603,16,3,3,False,3,train,val,True,1407,1353,
0c21345669287d5b299ed8d7d0f6e1c2,479c67e60b431a189c31e65be43f3741,0.9602,3,5,3,False,5,test,train,True,800,123,
3bb8426f5536b507843d3c99ab0a5e8e,61d53ad3869b865564520488312443f2,0.9602,15,3,3,False,2,train,val,True,409,628,
8b36508994d132ac03c5effd255b6eaf,97a072070bccd353b385580daed8b3f5,0.9602,2,5,2,False,3,val,test,True,1296,691,
ab0c6950b69d38008bea90173b44aefa,c614dc18ffa37f8007c2aead39e65342,0.9602,4,3,3,False,4,train,test,True,856,808,
c84fea3b1bf5a15085976b66ba0877dc,de4246495d322f1fba1889dd3783f0d5,0.9602,3,2,2,True,3,test,train,True,829,1042,
49adfe9cc766f35827b1db55e01d8cca,a4effa6d0c2e32e36e45f32f9e7e4977,0.9601,3,11,3,False,5,test,train,True,220,508,
9c848808794be6026fe4166547f40293,c93d4db23236f4e9d44fb3e4966b0bd3,0.9601,16,3,3,False,2,val,train,True,888,892,
439d66d2d3cb43a3208fd15917941334,b2de71e7e1619aa395f55e9859849f2f,0.96,3,7,3,False,1,train,val,True,1458,1338,
4ec11bb76ae0ea613a8137379dfea508,bcc84573e785de42d7af076ae2b30479,0.9599,2,4,2,False,0,val,train,True,109,712,
64e742d9850512f85145eeca0811dc0e,e424946aa014c140468320fda4683cb4,0.9599,2,12,2,False,1,train,test,True,276,1114,
68f5d0cf51594a0eea7f8d19447d4d61,d2c964910e2e8295fc329dd57918986f,0.9599,3,8,3,False,2,train,test,True,1414,930,
c7b6d326275eb46a2ec8b2e29439a99c,dd1de3a4f68b088865866c04b3917f85,0.9599,3,2,2,True,2,train,test,True,823,1027,
20f97907e71dbc8c945a87ecbe31a781,9f887e6311f6062c5741bfae853edb80,0.9598,2,9,2,False,2,val,train,True,31,555,
363cd7b84bf86e6c8cd7073897b97232,ada7c1420efe8ad02c918ac619c30d37,0.9598,3,12,3,False,0,val,train,True,498,579,
39eb89fcccf2ffc38f65fc9874435d40,42c97dfa8a8d7ab5ee5ddcc6a5c968da,0.9598,3,3,3,True,4,val,train,True,137,266,
6cf483d54bbae9d7fc1009a5e2cf782d,b2ade8c8cf0f8da5d999e116da8cf41c,0.9598,2,5,2,False,3,test,train,True,223,623,
93b69d2902a418c407b43b1da3248c8d,b3c9178d328c9a8362be6b7a55614287,0.9597,17,3,3,False,2,train,val,True,1253,628,
5c4baef054d63b3b93c99a885fc94fac,80e4dd1d33d2559f42068e45284d527f,0.9596,2,7,2,False,0,train,val,True,979,713,
3cb832450f38c16278b3c78d15f7be7f,71f72c0faf8f61d142ab33c4865ca538,0.9596,9,3,3,False,0,val,train,True,828,245,
1f16f094f5488694af5785d517bda17b,853e2ccb308b7e1119a563ca6e12a7ef,0.9596,4,3,3,False,5,val,test,True,121,326,
0bc4086b7c5ed0463dde3926f10fc298,e004796dbc56fa09c543d415a360c17b,0.9596,32,2,2,False,1,train,val,True,1079,1063,
0fb3565c36d9c379d64120b4367a83da,63e3797b14a1c9dbedcaa4c5be4b9924,0.9595,2,4,2,False,3,val,test,True,1009,182,
226579a577a7a7487e97cb9c9a2c3886,ac22e5a3ef26a2942ff5c0d0edd11040,0.9595,2,2,2,True,0,val,train,True,91,631,
341c392a86a83c179d50ff99330f067c,ab9b00885d5960b51efd3aa59cb95269,0.9595,2,7,2,False,5,test,train,True,198,961,
64fb4585a1a2f2ec2cdfe6e0e831dddf,a260fec22534be7e93d7f456ada4f452,0.9595,17,3,3,False,0,train,val,True,1200,715,
37355e29029bdc13096902e0d82a9b88,d2e99d97cea5ba41f7d2e30a221adee4,0.9593,2,6,2,False,5,train,val,True,1472,932,
3edccb2b905b03511825b5413f1ddce0,b8c6eb182fab355d181d222b34ae9dc1,0.9593,8,2,2,False,0,train,test,True,78,673,
67319450f16093d1be341212bc57c86f,c7bd85a7a10ef6226a9873afaf00d3a2,0.9593,13,3,3,False,5,train,test,True,197,1455,
170c91c206648c545cfe69c718c059f2,c18eeeb86a7027e6d3c7ca400d75c8e8,0.9592,3,26,3,False,0,test,train,True,41,762,
4800ba489b63f1cf36762ddef7683867,59c0c23b3f025bbe58e86162602ec4db,0.9592,2,3,2,True,5,val,train,True,348,935,
6c31153c5dffb6276f8adee046a09166,87c639ec5365c2d6d61581be6407c8b6,0.9592,3,2,2,True,5,train,val,True,976,348,
ee17748d9c053471c135f5a397e26560,fc04eb6968b836409723ecf4e158d48d,0.9592,2,3,2,True,3,val,train,True,1233,543,
21e9ed95b0e48b751b987794aa9cfd8d,aa4a74ecfa3460efebc1951c29b5a96a,0.9591,3,3,3,True,2,train,val,True,856,550,
3ff30b9406f4c44c9b8dba47615f1fca,b8c6eb182fab355d181d222b34ae9dc1,0.9591,80,3,3,False,0,train,test,True,1298,673,
3517a8727c26bcdb6846648c9867692a,f4579a30dc195784ed21d13c601a2677,0.959,2,5,2,False,4,val,train,True,572,1314,
9bd22fd158fa3999466350e7e5784d6d,fdc20a833738385bedbdfdabe9721bde,0.959,4,2,2,False,3,train,test,True,1234,1444,
0c625807666551dc07436779d1969b24,86983b5439f4a111cf6173c634302531,0.9588,2,6,2,False,5,test,train,True,2,595,
7efede6ad0155034347d7f2b9e50f2c7,c5a4e4c6224fc6ac14e3e777a04258c1,0.9588,2,9,2,False,1,val,train,True,721,1380,
8a415b0e974861fa00ae9d88f9e3b980,8e244ea370ffdb16c4d50bd271c538a8,0.9588,4,3,3,False,5,train,test,True,1096,1439,
07aa24f15ce062d65979b6a8bc7eb3f0,bb2def1b86b5ea93316769e51f0facde,0.9587,2,2,2,True,5,val,train,True,1416,693,
7e7c7d39cc9b962c510facf7b92e676d,9064f0eb9ef8bbb376649033116fc380,0.9587,16,3,3,False,1,val,test,True,289,389,
447ceabf87de7431032ef708132594d5,9b16f18bbaecf31ae19380009a076862,0.9587,4,2,2,False,5,train,val,True,903,932,
992494d03126bd7ffb678ab8f685a854,aeaa36ea58cad0b8121e59321ef1d41e,0.9587,6,2,2,False,0,test,train,True,432,587,
3df9fd5c97b9d9a7a92c284a5df2117e,ff811b8f07ef6d31cb60dbd6ad7b0f6c,0.9586,2,10,2,False,0,test,train,True,590,1018,
60a98f3fee72df06894ae985cd171b06,de053910e530a0446edf0c8dc12d31e3,0.9586,2,5,2,False,1,train,test,True,540,1040,
66ac9acd0174425c2ad47448fc55ca45,f73a4bb68c9e268f95ca9d8ce340cce9,0.9585,3,2,2,True,2,train,val,True,1039,1355,
64f90b30989176a0f3534d184d69e964,b96adba102a845d3fd6445ea5d7017bb,0.9585,13,3,3,False,4,val,train,True,189,1369,
84135442a04a1324138d1df78ed185d3,d824fb0c3c990c807b57825f66716839,0.9585,7,2,2,False,2,train,test,True,1084,978,
d98d4b443eaaad06c3244e059b34053f,e17b55972ff36346f98e17f963a057f0,0.9584,2,11,2,False,4,train,val,True,985,1085,
539afe8ddc8d58e7a0c07463298fb019,8c2de4d3ad43ab2d960337fe7b14f0aa,0.9583,3,13,3,False,0,val,train,True,340,1298,
9b78976098554461d749dc6ea6afc9ba,d76c8504812e17930194614c25ba21fd,0.9583,2,2,2,True,5,test,val,True,1016,972,
1f6da112dfe5edad33a992c7906ef1cc,8035c40dd9e78b21e6fdf6461613fb48,0.9582,2,18,2,False,2,test,train,True,87,298,
0f83710916fcc2edf1a7a9a103fd48ac,70b8788b7d72841a18ebf2e47e70e24e,0.9582,5,2,2,False,2,train,val,True,1448,238,
89b62c165838d36fd294a57624db8e4f,a1f79e44db2ca88a3c1b330af1343d61,0.9581,2,9,2,False,3,test,train,True,405,856,
9b16f18bbaecf31ae19380009a076862,cfdcf7c4d670c85e658b4286c7807bed,0.9581,3,5,3,False,5,val,train,True,932,903,
c286cf324f3d429aaf5d3f903e5ce634,cdcf73225944d4e87e64f178371d897b,0.9581,22,2,2,False,2,train,val,True,500,878,
bd7b04d0b48b5fc9d004e93b536f72aa,f17470445cda06cb72f8c016bfcd4e79,0.9581,4,3,3,False,4,test,train,True,722,1282,
5558579da28c0c6bed9ec761982439f7,80b59404657a6290a06e8902430be7fc,0.9579,2,13,2,False,0,test,train,True,601,1385,
637816ad02733d3306ae64bd0d2b6bee,c7bd85a7a10ef6226a9873afaf00d3a2,0.9579,2,4,2,False,5,train,test,True,179,1455,
162cd4fc05480042f1429d3eaed599d8,e7e80a801e9a9102e87bcb514b13c660,0.9579,5,2,2,False,5,train,test,True,122,1347,
17ae9e54799a59930cca9015e503ac07,97e55431d1082822b2aee62193b952ed,0.9578,3,3,3,True,0,val,train,True,102,449,
8ae069858aecbad846f4d69d405f9bd6,f75c7cec3ddc9fbff27aca59b01c5bf5,0.9578,2,3,2,True,3,train,test,True,521,1357,
81d80ab1d978f1669977d2185e798d56,ef9c72d529806d9ba341476d4c159838,0.9576,3,8,3,False,5,val,train,True,1261,575,
37355e29029bdc13096902e0d82a9b88,d170e740852da74410caa708246dc4de,0.9576,4,2,2,False,5,train,val,True,1472,1203,
8f4163f9e76ce4d47678985228bace09,ad155660b0018e92984f4ea49e246731,0.9575,11,3,3,False,0,test,train,True,385,449,
78fa6eadfc403f3440ef91db24d387b6,ce6affc23b0d11aebf574b6d14e26b79,0.9575,9,3,3,False,4,train,test,True,266,886,
db72f176da2067093266eea7b743a949,fa741c964934cb194701d6630356adb0,0.9575,2,16,2,False,3,val,train,True,1009,1395,
29fe9e445bbf0c9d84aec6799cbba4a5,a0dfaf8d608aac9ef3de97f3758ab484,0.9574,2,14,2,False,0,test,train,True,41,1451,
28e51d6764c6d71b78406be1fb53b76b,341c392a86a83c179d50ff99330f067c,0.9574,7,3,3,False,5,train,test,True,65,198,
8a1520420384d8c11733edd40969effc,edb53390a53397b29cb85e21501b8efb,0.9574,2,3,2,True,3,test,val,True,600,1230,
a28d07249631a811d3c801881c7fee47,b1d93623521ae08ba520855009692683,0.9574,3,8,3,False,4,train,val,True,492,615,
7dc96e4c875886e486b787b3787249ac,fc3d822559662122337f17910e8ed922,0.9574,6,2,2,False,5,train,test,True,455,1419,
06ef45756a44d6ec0301b519700bf053,73a68f27d9581434d99b621f0c2a434c,0.9572,8,3,3,False,0,train,val,True,579,253,
17537cf7df9f40a7ffb523b4d2a2bb8e,8ef60407163c62c9fc4f2a3f6bf7691a,0.9572,4,2,2,False,1,test,train,True,168,1153,
12942b14ee8cde158e33d537cc3582a9,b9d2a95c3c0787c9faa9901d5b86c5a1,0.9572,5,3,3,False,3,val,train,True,1230,680,
d069c3a1245936e89b9d7d8beff2f1d6,e5fc40d67ca490bb598688f92a2eff6b,0.9572,2,30,2,False,3,test,train,True,907,622,
55b2b9388cfcde42069bee4804274884,f73a4bb68c9e268f95ca9d8ce340cce9,0.9572,7,3,3,False,2,train,val,True,305,1355,
51c3d460a2f37b0c8948478f702bddb4,545d14287912a7a53a64fe279a92097e,0.9571,3,3,3,True,4,train,val,True,700,435,
2bb4f3202acd0b3cd10ffae292b6edf8,e2138754f55ba87cd4cdd2ccb8f0721d,0.957,3,4,3,False,0,val,train,True,837,1092,
50c1a18ccd556a1cc34f3b21e34fe03d,e61f5f4feabbb1cb6c09a2bd4494b916,0.957,3,21,3,False,1,val,test,True,114,1135,
f17470445cda06cb72f8c016bfcd4e79,feacfbc5a71e6ed859ad3316770eab83,0.957,4,2,2,False,4,train,test,True,1282,1454,
4035885f764d0e277b0a7f058711c6ba,a1182a350f2f7c5b6d75aacaf5aededc,0.9569,2,3,2,True,0,test,train,True,104,481,
6b8bcd9c84523e1151cefad443a137c2,ddb64fec2f66e001804e629c20867e59,0.9569,2,2,2,True,5,train,test,True,216,1038,
6fe956eb5739f0877752cba783828cd2,77d2d284e6b6962f2761d1d37797c465,0.9569,3,3,3,True,4,test,train,True,237,1305,
850b9fffc6972f75431db42dd07845a9,b28f0f94ebc50f79d1b03cf0c0baa335,0.9568,2,13,2,False,0,test,train,True,793,959,
b73bbfdac8fa640a792316345615b313,c35e39e522cb0a93ecd114c71e72af05,0.9568,6,2,2,False,5,train,test,True,659,782,
36c8f9a16788be091884e5cd1688767f,cf55f513b16209a90e3d71b1f5234c95,0.9567,3,6,3,False,5,val,train,True,1036,898,
2ee5b3ee58d54264c2a037ea1c0ada4b,fa6a64b3a0c696072eb77fc03e2858df,0.9567,23,3,3,False,0,train,val,True,1298,1394,
376ef68c69c0f8d101868342a2d50b55,fc3d822559662122337f17910e8ed922,0.9567,27,3,3,False,5,train,test,True,820,1419,
97b7f54f14c7755f68592de20ea662b1,fdc20a833738385bedbdfdabe9721bde,0.9567,9,3,3,False,3,train,test,True,483,1444,
1ae5bb38e69e00f22cb087a4d2237b43,553fa72290f35f2cb58beef577855ad8,0.9566,2,5,2,False,3,val,train,True,54,129,
733dbfd0b96484c20b09ecdc4e4b095c,c5cd08b16fd00a4d27e66bc0b133c5fb,0.9566,2,35,2,False,2,val,train,True,361,804,
c4bbe05f5d77f1a42bc95191285ab1bb,f75c7cec3ddc9fbff27aca59b01c5bf5,0.9566,3,4,3,False,3,train,test,True,1374,1357,
c7276eee7269730bae81a3fde5eb1668,e29f49849de6ff182d115fe2aa6cac3a,0.9566,9,2,2,False,3,train,val,True,817,1098,
c24bb6e1c14b242a4744d9854f738470,f6de38334730ae611fbf46dd649b1476,0.9566,6,3,3,False,3,test,train,True,772,1348,
5203b6b2f6c3e46cdb2f09b9d99a5ecd,749bbeaeb604f1b95ef49b17f9ffa417,0.9565,2,4,2,False,3,test,train,True,118,309,
5b281fbdb595d08a630ec51d418a3196,f80762497aaa467658859f20ca56f875,0.9565,3,2,2,True,5,val,test,True,150,1367,
6c7c3d7b1d1fc86bcb91b75b18f67656,e3f0542a702cef736b649df9a3a98e8c,0.9565,2,29,2,False,5,test,train,True,220,1281,
2be0fecc99253c5c199d478c1f655579,cc75ac1620668231d5cc98975937aad3,0.9565,38,2,2,False,2,train,val,True,206,866,
65bf2cc6f9ed1eed86b8e7a908efe834,d1a9750fbe2b10c8d52dfddf4cb1bde3,0.9565,31,3,3,False,2,train,val,True,1319,1120,
07d600e3fcbebf7dc75e5335d3563e63,c8ea4dc8fe6c8348dcc4db4d01c0c84a,0.9564,3,5,3,False,3,train,test,True,69,835,
25d8ff4fcd3f85d69a672b69d29b6339,f236820cf87ca90929a81b8f4b2a3e3e,0.9564,2,7,2,False,0,val,train,True,616,1348,
06cab87cd7a132bd8eaa30aa1ea42434,70b8788b7d72841a18ebf2e47e70e24e,0.9564,11,3,3,False,2,train,val,True,0,238,
733dbfd0b96484c20b09ecdc4e4b095c,9cd1f9700bb8591c07051ddd50ccdbe7,0.9564,3,17,3,False,2,val,train,True,361,1465,
db63c8584fb19a4425c8c80d86217af7,feb0f0ab5eb812769d3a069b7be9dcf4,0.9564,10,3,3,False,5,train,test,True,1008,1455,
22c2e58ea58b90066e98d86bfb8a0baf,4968e5f9e8c2d58318e33902e4617575,0.9563,4,2,2,False,0,train,test,True,103,110,
7c3ee27216049d5308310f02fba18dbb,7df260d73a124534f81a62768190ba8b,0.9563,2,20,2,False,2,test,train,True,319,285,
e29f49849de6ff182d115fe2aa6cac3a,fdc20a833738385bedbdfdabe9721bde,0.9563,3,5,3,False,3,val,test,True,1098,1444,
e2578d331ae6cb3bc649027498c8ff8d,fa185cbfa3c6bb40a7dd0397b88539d9,0.9563,4,2,2,False,1,train,test,True,1095,1390,
4bf5a250183e162fdabe2e6080a46cce,c176d5630828984c57bf0c94751145a8,0.9562,4,2,2,False,0,test,train,True,104,1081,
848d1942cc5b7feb97cc03d3ad08d6f9,d1088ba933bd7066a3a777f542f61fa6,0.9562,4,2,2,False,1,train,val,True,573,918,
0bc3b1ea9b5e5af3355cfbd9eb7561a1,749bbeaeb604f1b95ef49b17f9ffa417,0.9561,2,5,2,False,3,test,train,True,118,309,
a44fd7663c5ae9bfd375e6dc75b497f6,bfcc9e5ac8e39cf903c5a70ca5f8e2e7,0.9561,33,3,3,False,1,val,train,True,924,881,
3f1932eefb6de2c9b6666565a6b93765,df4146c2cb4e97d9c227bdd90d4dc6f8,0.9561,9,3,3,False,2,test,train,True,930,1054,
554c017aec32fb7b6448c3ba22d3f0e4,61838ed2c863a4b4d7b851854f990941,0.956,3,5,3,False,1,val,train,True,549,458,
28e51d6764c6d71b78406be1fb53b76b,67560153b5cec1288c56658e789b31e9,0.956,8,3,3,False,5,train,test,True,65,198,
aef725315551b4ac4e392c6a642bf9a9,e52c5685f6ebafcd377918e583486cb8,0.956,3,44,3,False,0,test,val,True,590,1129,
02a7b258e875cf073e2421d67ff824cd,ba79259f809a3397afb951e3f604bd90,0.956,76,3,3,False,3,train,val,True,604,686,
35f629e359399d425289242b698b3f66,3d3de59a9cdafdb58eb5ffde8dab8d70,0.9559,2,3,2,True,2,test,train,True,60,98,
42cb627feeceb770537e6c322c763dbf,5252182ded15f6179aba4b367c0215dc,0.9558,3,63,3,False,0,train,test,True,752,429,
45b99a45cfdae3158c6de1062c90055d,4fae900c0644c8418c2028629afbd4e5,0.9558,3,13,3,False,4,test,train,True,886,973,
949b9f749f20ec960b36bd2fe50ac056,d1a9750fbe2b10c8d52dfddf4cb1bde3,0.9558,2,5,2,False,2,train,val,True,831,1120,
3df9fd5c97b9d9a7a92c284a5df2117e,e52c5685f6ebafcd377918e583486cb8,0.9556,3,49,3,False,0,test,val,True,590,1129,
46f767c8c76697a603e52b56a33f86a0,b469e5dc0fe1674e4251027393658f1e,0.9556,2,2,2,True,0,val,train,True,91,631,
4968e5f9e8c2d58318e33902e4617575,4ca21d08bb5a350a586fca9867943535,0.9556,3,3,3,True,0,test,train,True,110,337,
bce6156cc1e42f3c62b14d424664c974,eb6d35c149072c75cee433ec81ba7c49,0.9556,2,37,2,False,0,val,train,True,713,1202,
850b9fffc6972f75431db42dd07845a9,cdddbff5034599ef91bdeb764280916c,0.9555,3,24,3,False,0,test,train,True,793,879,
11987580ef3e38921af9931918c88a26,a28b628b33608b2cdadff12fc6aa2537,0.9554,2,3,2,True,1,train,test,True,27,491,
90f40766a31a51bef3e27e361a65fbd4,9687ac6e7ad6d4062635df2f0cd6d9de,0.9554,3,4,3,False,5,test,train,True,1143,745,
9bc5cd695f30b6f98e65dc356cf6c656,fcf954f576b072584d4271144e57f6d3,0.9554,3,11,3,False,3,test,train,True,447,1426,
9f8dfe7b06ca41af4fa89f7deaf3b050,aef75d4c390d838aabe56e2d601b6a13,0.9554,18,3,3,False,0,train,test,True,1252,591,
130019276ea41cbc9c01147481b1d6db,afbd2c0c897b2a9cb459c5a598cfdd9c,0.9553,2,3,2,True,5,test,train,True,444,598,
823097b40e8a02f6e06021b87322fc58,af4e9bbfb08853b7b2813331fbe5b877,0.9553,3,31,3,False,1,val,train,True,1063,1074,
0fb3565c36d9c379d64120b4367a83da,5842e1854d2e47373e8ede504d525071,0.9552,5,2,2,False,3,val,test,True,1009,182,
6c7c3d7b1d1fc86bcb91b75b18f67656,a4effa6d0c2e32e36e45f32f9e7e4977,0.9552,3,34,3,False,5,test,train,True,220,508,
26f717c6128d8e5d0854376f01893c8a,880a1fc64038757f0a332bdf8b81ef05,0.9552,5,2,2,False,2,train,test,True,1121,517,
376a68a1f7236d0fc5586d3d96442295,c5a4bb3e9ebfbb7762f7fefee9ee6d6a,0.9552,11,3,3,False,5,train,test,True,69,802,
c8f84d9ecff20af2842de863f6963dfa,e2138754f55ba87cd4cdd2ccb8f0721d,0.9552,2,5,2,False,0,val,train,True,837,1092,
2f0a9b15f067539455c1a5548a114f78,54d6c9c73ffff3037136f02ad78da625,0.9551,20,3,3,False,1,train,test,True,1148,446,
6b1293bfb8877f750a8cf054e4e0a29e,9a132baeb5431f2b38862baff1c367c7,0.9551,6,2,2,False,2,train,val,True,823,437,
659605aeb955654bfd576bea20447b06,9dc4c474c8f4f01ec503bdcd3043e10a,0.9551,6,2,2,False,1,train,val,True,457,454,
2b12c146454d425994569aa61bceb435,c02993d3eb182a5a9f3ceb0fc47fb0fa,0.9549,3,2,2,True,3,train,test,True,578,749,
3a6161c02efaf0c49fe4dc6ffd76c838,d52d28b99ef14ecc6e55b92170b883e9,0.9549,3,9,3,False,1,train,val,True,175,1250,
42045280ad96d543a1edb099b0b05940,cf6d2d5e9dd37892e7aeb4cd12f76db3,0.9549,3,10,3,False,3,train,test,True,227,1163,
a08bb66f1450552e0f8d32b4e6a89254,db1d65d349a617c13f53307435d42113,0.9549,4,3,3,False,2,train,val,True,476,1006,
237d42417a3621368cfb0a3280d3f252,ca83118f81f560d2f8a27b80307089c3,0.9548,2,2,2,True,4,train,val,True,1042,850,
3ee83e295ae1fca3fbee89fb67666bc1,d1a9750fbe2b10c8d52dfddf4cb1bde3,0.9548,3,9,3,False,2,train,val,True,80,1120,
0c77493e455bd2380f899c278052fb16,c25541fd4c6bf6f78e3f364d279b63cf,0.9548,14,2,2,False,5,train,val,True,499,773,
7b8d2f39e387bc0a54504377f8318247,e5fc40d67ca490bb598688f92a2eff6b,0.9547,2,44,2,False,3,test,train,True,907,622,
777e89beb78fc98db5806423fe7f7254,e05f477f1d1693f8b4a5e629bb0745b2,0.9547,5,2,2,False,5,train,test,True,1371,1070,
1866ab99cc028bbb8ed656f1181215f1,d9c9948c3c66446410dfc95adcafd115,0.9546,2,15,2,False,3,test,train,True,1357,991,
24ecf26ce811ea7f0116d7ea5388bc4a,9f887e6311f6062c5741bfae853edb80,0.9546,3,34,3,False,2,val,train,True,31,555,
2ef31e571dd843c12f74ac96c3793d9f,b5343f9567df8a68c3276f8d8cdcc6a5,0.9546,2,5,2,False,4,test,train,True,1454,641,
31e82faf725d625e322f58692dd90ac1,5b281fbdb595d08a630ec51d418a3196,0.9546,2,4,2,False,5,test,val,True,1272,150,
44f1555353574ac79ce07ae55f40a932,e6a6f4658717ef0c20e18cc89b96f4e6,0.9546,2,3,2,True,2,test,train,True,1211,1142,
1b86a85640e5832e6b27d89c8f99adf9,6a5cc0b66b8d4af9c13f1303c6de5ffb,0.9546,11,3,3,False,3,train,test,True,755,772,
6392947d42a28861f68363b1f2e536e5,de06480e9ad90fd6fbb3b2496eb6d35b,0.9546,29,2,2,False,0,train,val,True,1298,1394,
16245569965bf8a154f6bd2defc8df7e,50c1a18ccd556a1cc34f3b21e34fe03d,0.9545,3,10,3,False,1,train,val,True,735,114,
3a9d5791b0cc64ff0dae5dd26e6006ab,70a840557099db07a37542bdf701df90,0.9545,3,3,3,True,1,train,test,True,1095,761,
4f066c3230d1e0d5f38a1837ea1a86e6,cf2d2942b89d99574da83a3dea91d8fe,0.9545,2,4,2,False,3,val,train,True,1110,896,
18eb49f9b5f5b45b3a93717ec10bfd7e,947778d55b7cb029d9b22bd048534fe5,0.9545,10,2,2,False,3,train,test,True,856,405,
aff9deb3016a3ba5db5a5edb22ecc982,c176b834c3a5045ac074fb70637cfa8d,0.9545,2,3,2,True,1,val,test,True,1268,761,
29d70921c5346342007bb79603c58303,d1071efa4e88c78030b7fb2b46217943,0.9544,2,39,2,False,0,val,train,True,940,973,
2fe856ea963cd9d023f693db12fe696e,3cb832450f38c16278b3c78d15f7be7f,0.9544,3,25,3,False,0,train,val,True,712,828,
107694232cb071255848ddca5efbe061,f800a3979b283e4b697fa2aade0c1947,0.9544,50,3,3,False,2,test,train,True,33,1365,
6b8b24a489695a356845b7fa1485b599,947778d55b7cb029d9b22bd048534fe5,0.9543,2,3,2,True,3,train,test,True,216,405,
3a9d5791b0cc64ff0dae5dd26e6006ab,fa185cbfa3c6bb40a7dd0397b88539d9,0.9543,4,3,3,False,1,train,test,True,1095,1390,
5d438b93171c54575c3248d799952a8c,87c639ec5365c2d6d61581be6407c8b6,0.9542,2,6,2,False,5,train,val,True,1195,348,
7b22fd3e61cb1d3649fa02db994ab146,901c286b8214018bb61ece49767c9004,0.9542,4,3,3,False,1,train,val,True,329,388,
3ee83e295ae1fca3fbee89fb67666bc1,e49bc96b36f660bf3aa433ef119066eb,0.9542,4,2,2,False,2,train,val,True,80,1120,
15d988a363c6d81572a8ed9ccc3f46f6,766a40322fe11a3794eada34c348b5cc,0.9541,3,22,3,False,5,test,train,True,13,961,
2ef31e571dd843c12f74ac96c3793d9f,9effeea56c413b92340b89d1240769c1,0.954,3,4,3,False,4,test,train,True,1454,641,
3517a8727c26bcdb6846648c9867692a,d49075075de98ba225b3306bc8cfca44,0.954,3,2,2,True,4,val,test,True,572,948,
48df3ca910d365bdea427ed5b7c31808,5fefc2506c90deddd4bd9854b52895c9,0.954,3,10,3,False,4,test,train,True,131,775,
b1ecc44ba2bffeba5ad09c2a339f40fa,f236820cf87ca90929a81b8f4b2a3e3e,0.954,2,14,2,False,0,val,train,True,616,1348,
226579a577a7a7487e97cb9c9a2c3886,b469e5dc0fe1674e4251027393658f1e,0.9539,3,3,3,True,0,val,train,True,91,631,
01a9472f2b061f80bb7c125dfa9771e5,86983b5439f4a111cf6173c634302531,0.9538,2,11,2,False,5,test,train,True,2,595,
3b7f094d2e4a2c14d38961d386f9b2ca,89b62c165838d36fd294a57624db8e4f,0.9538,50,3,3,False,3,train,test,True,1200,405,
a12cf12bd480d36325d9141e5fce729d,aa4a74ecfa3460efebc1951c29b5a96a,0.9538,3,5,3,False,2,train,val,True,1068,550,
2bb4f3202acd0b3cd10ffae292b6edf8,d11c87201830d5e0b853fe783ff28b70,0.9538,4,3,3,False,0,val,train,True,837,1092,
0c21345669287d5b299ed8d7d0f6e1c2,126ab775290fbfe771a67c94c6d50799,0.9537,19,2,2,False,5,test,train,True,800,301,
57ac237fd7804341517927ced4353c71,d1df1946a0d00bdf843cbbedbe98fa4b,0.9537,2,2,2,True,5,test,val,True,1375,1013,
673449b5e46a844b12b1599781684591,992494d03126bd7ffb678ab8f685a854,0.9537,2,13,2,False,0,train,test,True,587,432,
a09c9526e3316571648552d78ac37c2d,ddb64fec2f66e001804e629c20867e59,0.9537,15,3,3,False,5,train,test,True,1266,1038,
a2f1af7bf2b86cdabfcffe65d8424a3a,fd3926d5158b0502b1a51811c50c3976,0.9537,22,3,3,False,0,train,val,True,1433,1432,
2de16bc6e49ce2a2e371f01824f78600,584dd714859c8d8ac50860e98f36075b,0.9536,26,3,3,False,2,train,test,True,409,1262,
6029eceba97e1f924eec2b51df4f8daf,8ef60407163c62c9fc4f2a3f6bf7691a,0.9536,10,3,3,False,1,test,train,True,168,1153,
25a27922edaf3f338e8693ededcbe1c2,3517a8727c26bcdb6846648c9867692a,0.9535,2,4,2,False,4,test,val,True,948,572,
5842e1854d2e47373e8ede504d525071,fa741c964934cb194701d6630356adb0,0.9535,3,31,3,False,3,test,train,True,182,1395,
3a9d5791b0cc64ff0dae5dd26e6006ab,e830b99a9330e3fa4feee8ac6f219083,0.9535,5,2,2,False,1,train,test,True,1095,1390,
d341e19a76135d79774f19f5e9ecc5a9,ebb6d5ca45942536f78beb451ee43cc4,0.9535,21,2,2,False,2,test,train,True,933,1389,
074d9f9ceede2e4fad8aec367a335a77,9e5cd1fc52ee72cb0658f1e403aa00ad,0.9534,3,3,3,True,3,test,train,True,835,1343,
7e77e55ae8c546ed11cf6ffd04dda106,feb0f0ab5eb812769d3a069b7be9dcf4,0.9534,3,5,3,False,5,train,test,True,288,1455,
51eff3eca711a0e2dc3153a420c98c8d,8dc97d161e376446e0f2a80b6dbde788,0.9533,2,2,2,True,3,test,train,True,436,1047,
7baf8e46e8720b8b2d379d2ed3b776b2,c6d87f56f56c456d38f3b6967eb21eab,0.9533,3,3,3,True,4,train,val,True,1267,813,
7df260d73a124534f81a62768190ba8b,842f019a8604e0323ab1a9fe53814f54,0.9533,34,2,2,False,2,train,test,True,285,319,
bb2def1b86b5ea93316769e51f0facde,fc2fd27c7f16ed0c6f522ef43f585727,0.9533,3,2,2,True,5,train,val,True,693,1416,
23c7e23b418a44db2d86d9cde9b7ba3f,304ae907fcbca6426b7a2015eeffd501,0.9532,2,3,2,True,2,val,train,True,1355,594,
6b8bcd9c84523e1151cefad443a137c2,6fd2d42591da02ae878e2d5c74bcc98f,0.9532,3,6,3,False,5,train,test,True,216,1038,
531a7f47d8e6e7733e86000e5f793168,7982c501352a5974743b000378f161b8,0.9532,41,3,3,False,5,train,test,True,123,268,
867bf41f609802d686b544b1f8afdcc2,c8a09a4ef05f4b37037251a76d8f5d68,0.9532,2,16,2,False,3,val,train,True,335,1124,
6c20932e84b65fdc93dcfa63d9fdf1d5,9dc4c474c8f4f01ec503bdcd3043e10a,0.9532,12,3,3,False,1,train,val,True,457,454,
0c21345669287d5b299ed8d7d0f6e1c2,c2230eb928a225c9cbb7d247cbde2b4a,0.9531,23,3,3,False,5,test,train,True,800,768,
237d42417a3621368cfb0a3280d3f252,b481b56617ce096435cb591adc6dd0b9,0.9528,4,2,2,False,4,train,val,True,1042,850,
226579a577a7a7487e97cb9c9a2c3886,f5453bb85ab33f0f99e56b296293737e,0.9528,4,2,2,False,0,val,train,True,91,1291,
673449b5e46a844b12b1599781684591,69ab9dae3fcb1bcb79683b95e4836252,0.9527,3,10,3,False,0,train,test,True,587,432,
7ee503e117d755f91a4a5f75f643cb23,c6d87f56f56c456d38f3b6967eb21eab,0.9527,3,4,3,False,4,train,val,True,1267,813,
25f8b4140df3fcadc642f18b4279582d,c815395bc70fe23c78b58cb3b6f2a19c,0.9527,42,2,2,False,5,val,train,True,36,827,
074d9f9ceede2e4fad8aec367a335a77,f9b0585f3bed42786c6c9fc199e59dc8,0.9527,6,3,3,False,3,test,train,True,835,1387,
1307e25950ec553c3d02121252e6a80f,3fa1e5427fd312f27072d99cb14a63d3,0.9526,31,3,3,False,2,val,train,True,1017,1245,
60a18d14b13eb21b56f3d3e77a315af7,a23accdd92c621553d8e58b8b40eed83,0.9526,3,14,3,False,4,test,train,True,209,961,
04e31b936f51091d43cb805a30084533,a8d65bc90e175baee47ae5b445ba2476,0.9526,6,3,3,False,4,val,train,True,109,1459,
283624a201d08d9abc72c51af1da7923,f8398798a9dcd88e7475154488b11a1a,0.9525,2,5,2,False,1,val,train,True,471,278,
0c77493e455bd2380f899c278052fb16,6109a474ebb5c73ef1dc5fe36c6f7df2,0.9525,18,3,3,False,5,train,val,True,499,773,
25a27922edaf3f338e8693ededcbe1c2,ac6110478f6edbee89ae89481e94b275,0.9524,3,3,3,True,4,test,val,True,948,572,
2f051c3fc82f154a76189c707c3293ea,3d3de59a9cdafdb58eb5ffde8dab8d70,0.9524,2,5,2,False,2,test,train,True,60,98,
6edc4da86334190089f6a093bf258ab6,b464d85e4e09357df39fe623cb28fd5d,0.9524,2,13,2,False,3,test,train,True,646,1252,
723a7750742b4b7630fe743c74ce9cad,ce8f7d335ba01839ce10eaff44daff42,0.9524,2,22,2,False,2,train,val,True,729,888,
bd27ef7b7228054c910c8622a54d9906,d52d28b99ef14ecc6e55b92170b883e9,0.9524,2,11,2,False,1,train,val,True,795,1250,
b73bbfdac8fa640a792316345615b313,be9a14433ee7b842c1be4ba2eb5a19a7,0.9523,11,2,2,False,5,train,val,True,659,890,
644009d197e73a26659353807e116e84,6cd581a4c4e0314e1479c0c4a24f4eb3,0.9522,6,3,3,False,2,val,test,True,185,1275,
b13078f2ae0a4dd072a3509ab1b1a0f0,c1273fbac7df8d2188b1854ae6584e14,0.9522,2,2,2,True,0,test,train,True,1470,760,
2d0f5c3a7e2c2fc4bd659e853380fb20,55bc19f33c8e76d179d4fff167424383,0.952,3,3,3,True,0,test,train,True,47,690,
38e5d191e77117979a52ba888ea2df9e,4cb2407fb053b89d54b59d0ba09aecc1,0.952,2,3,2,True,2,val,train,True,1400,178,
c86e99892a6b79cfb79b2770530b4864,daebef24cda2600dcb449a78a83c1858,0.952,3,59,3,False,1,test,train,True,830,1453,
2ee5b3ee58d54264c2a037ea1c0ada4b,de06480e9ad90fd6fbb3b2496eb6d35b,0.952,45,3,3,False,0,train,val,True,1298,1394,
d76c8504812e17930194614c25ba21fd,dc34ce090ee7aa4ffe226b4314810434,0.9519,3,2,2,True,5,val,test,True,972,1016,
4ec11bb76ae0ea613a8137379dfea508,f0bb29042dfb17421aac02138f8e9d20,0.9519,9,2,2,False,0,val,train,True,109,1298,
2fb49b4bb80d5c1f3b5b2fc44fa8a763,7baf8e46e8720b8b2d379d2ed3b776b2,0.9518,3,4,3,False,4,val,train,True,813,1267,
56c011c71edcba80e2c4fb87d1d0f26e,64e7f3ba0ab29790d1ad571eed45f655,0.9518,2,5,2,False,4,test,train,True,131,775,
06fb67ffa126811dad6ffb6ecdb8558b,f00ec753b5618cfb30519db0947fe724,0.9518,132,3,3,False,2,train,test,True,225,1262,
0cee71ab57422e04f76e09ef2186fcd5,c24be4bf9e9be5e7898cdd383233813b,0.9517,31,2,2,False,1,train,val,True,872,918,
339af1c837c6046bcf11ef8f6ee7a3c3,dc10032bf598b0a3268074de4bb2d7b6,0.9517,8,3,3,False,4,test,train,True,213,426,
23c7e23b418a44db2d86d9cde9b7ba3f,66ac9acd0174425c2ad47448fc55ca45,0.9516,3,5,3,False,2,val,train,True,1355,1039,
29d70921c5346342007bb79603c58303,48b90b806560b21a02cbfcea8a2b3977,0.9516,3,27,3,False,0,val,train,True,940,973,
957b6739a057adf1eef9ff91f31afe43,d69244e15961cf6fb54d50a3baaaa46d,0.9516,3,2,2,True,0,test,train,True,705,964,
34bf9dcd2f03642e6d42163091900112,c549a1ab70c4de9755941eb6269e13f6,0.9515,3,53,3,False,5,train,test,True,827,800,
5e165e0f062426606dc1b5c217689129,a0714e2fe169ac0e6bfcacc028a4f391,0.9515,55,3,3,False,1,test,train,True,159,833,
52f458343920a7409c42f4ec0a9cc8e0,e7e80a801e9a9102e87bcb514b13c660,0.9515,4,3,3,False,5,train,test,True,122,1347,
29828828368fdf428816c8268444833e,4ed29df24a54fba2e6ee2c14716c2e62,0.9513,4,3,3,False,0,train,test,True,278,110,
4096244b63ae69345283dd7bad8609d0,b2ade8c8cf0f8da5d999e116da8cf41c,0.9512,2,14,2,False,3,test,train,True,749,623,
487ca72fd110eee2985954aeda10f456,7ae412eda1a4203bb31484fdcdf0864d,0.9512,3,16,3,False,4,val,train,True,919,302,
92e65cdbae33b846328b01eefe907fff,bce6156cc1e42f3c62b14d424664c974,0.9512,111,3,3,False,0,train,val,True,1200,713,
2309b313ab206df1adf09d970478f4c0,e830b99a9330e3fa4feee8ac6f219083,0.9512,32,3,3,False,1,train,test,True,804,1390,
12942b14ee8cde158e33d537cc3582a9,92d2d3c1efe901481be93f2f1b4cc2df,0.9511,9,2,2,False,3,val,train,True,1230,398,
aff9deb3016a3ba5db5a5edb22ecc982,c95bfd7e7fcb784d245163e8305143cc,0.9511,3,6,3,False,1,val,train,True,1268,840,
72e996bf235d7bcec83fd9c8f7de1977,c8f84d9ecff20af2842de863f6963dfa,0.9509,5,3,3,False,0,train,val,True,1092,837,
bc1cf017913e28ca316244b52d1fc59d,d69244e15961cf6fb54d50a3baaaa46d,0.9508,2,3,2,True,0,test,train,True,705,964,
130019276ea41cbc9c01147481b1d6db,89f8bfd1bbefd9ed29720eee5713b2c9,0.9506,3,9,3,False,5,test,train,True,444,1014,
2caf855d25d357626f5ea914bdfe5774,3b1a389348b3caccc230ca8693c52f93,0.9506,45,2,2,False,2,train,val,True,46,866,
3f3f6a1f515cd9ae79e323a4759f0888,d8530375294e4c94c9c2aa2c7f79c13c,0.9506,3,7,3,False,3,val,train,True,166,980,
82b8e31cf5bd59934af005c609d05e64,f02badb2b1c69c914644ea89c3c5846f,0.9506,2,6,2,False,5,test,train,True,782,567,
12942b14ee8cde158e33d537cc3582a9,8a1520420384d8c11733edd40969effc,0.9506,10,3,3,False,3,val,test,True,1230,600,
545d14287912a7a53a64fe279a92097e,f1f5f493f2f436a7049f899b4ca4bac6,0.9505,7,3,3,False,4,val,train,True,435,1024,
b5b2f06981b22750480a201e7d3baea4,fdb9d38ce2b5a1d31bb030cd2d3a03b9,0.9504,3,2,2,True,0,train,test,True,1280,1443,
8ed8da75b8a46d9e025378993e4dc41e,bd6a39de18227e44730c228369cea0f4,0.9504,12,3,3,False,3,train,val,True,696,720,
b2dca2c953d270bc78478df8cf5ddb62,cec81433693d2168ddee15f9bb37dc19,0.9504,5,3,3,False,5,train,val,True,1186,890,
13813facc985c2ea007fdf764ef98a5a,e2578d331ae6cb3bc649027498c8ff8d,0.9503,3,5,3,False,1,test,train,True,884,1095,
4096244b63ae69345283dd7bad8609d0,c32fba73ac1af46b2ccfd549172f1227,0.9503,3,6,3,False,3,test,train,True,749,1325,
c02993d3eb182a5a9f3ceb0fc47fb0fa,c32fba73ac1af46b2ccfd549172f1227,0.9503,3,5,3,False,3,test,train,True,749,1325,
0c625807666551dc07436779d1969b24,87668b74a71c46e1794107bb5f32d44d,0.9502,3,9,3,False,5,test,val,True,2,1265,
38da5a625694c55fccb0c6daeb2fdd58,f80762497aaa467658859f20ca56f875,0.9502,3,3,3,True,5,val,test,True,150,1367,
4c25d8ba4a2ecabe2b69b901c994e2dd,6748bc59dcdccfef45a9f45c1dac18a1,0.9501,2,2,2,True,1,train,val,True,671,454,
ef9c72d529806d9ba341476d4c159838,f0098375c984c08db1a94086d80e7f27,0.9501,22,3,3,False,5,train,val,True,575,1261,
3625e6a2deae10c191a3fc3b6fde9fdf,9b78976098554461d749dc6ea6afc9ba,0.95,2,5,2,False,5,val,test,True,972,1016,
3e5fc2e7be262fb77362fb82e4850774,d49ec86c92a9a403ccd971a0e12fe734,0.95,2,3,2,True,4,val,train,True,149,1116,
85ec340020fb63c782e84901880e8684,98b0be22ce1333d629294c2748a81ed7,0.95,3,15,3,False,4,train,val,True,332,1300,
9b761ed6330d5b6e03b1a88a8c5cc56d,cfdac1ca5172b91340648a9c1ed43a65,0.9499,2,13,2,False,2,test,train,True,443,902,
5252182ded15f6179aba4b367c0215dc,9e74e07bb8b89e8dd32057c623238f98,0.9499,107,3,3,False,0,test,train,True,429,752,
1ee1681eddf2ebd32e9207c583db4d09,c8f84d9ecff20af2842de863f6963dfa,0.9498,3,4,3,False,0,test,val,True,44,837,
3752b697cae9f81a9d5ffe44dac58e7a,bb2def1b86b5ea93316769e51f0facde,0.9498,2,4,2,False,5,val,train,True,72,693,
15d988a363c6d81572a8ed9ccc3f46f6,d0722f1c8a76133ce8400a4c1dafce5a,0.9498,6,3,3,False,5,test,train,True,13,909,
50467a6acf3c242827713dc6dd1b5836,7cbab4cb4f2b654dab01864409304a36,0.9497,2,3,2,True,4,val,train,True,1264,282,
6b8b24a489695a356845b7fa1485b599,89b62c165838d36fd294a57624db8e4f,0.9497,3,8,3,False,3,train,test,True,216,405,
d5cab685b579ccaf021401bf2589b5f0,ef68712b2ec4cd57f06e74889cc021b2,0.9495,2,4,2,False,1,test,val,True,957,1250,
37355e29029bdc13096902e0d82a9b88,eb846d2f14749c4913bf0affa0578d8d,0.9494,13,3,3,False,5,train,val,True,1472,1203,
40a7138f52ba6bcb66a4cdc432280261,98b3643c066287fc7f2418dfb7317dba,0.9493,191,2,2,False,1,test,val,True,1242,427,
162cd4fc05480042f1429d3eaed599d8,f6c0aa4b8c3f21c9077ea8bb373b4c84,0.9493,8,3,3,False,5,train,test,True,122,1347,
3b1a389348b3caccc230ca8693c52f93,8e03d0bfa55336cccbfa604e66a878fb,0.9492,3,86,3,False,2,val,train,True,866,804,
074d9f9ceede2e4fad8aec367a335a77,fac5bbaea8710fc47397548c8271757d,0.9492,10,2,2,False,3,test,val,True,835,1399,
3625e6a2deae10c191a3fc3b6fde9fdf,853e2ccb308b7e1119a563ca6e12a7ef,0.9491,3,9,3,False,5,val,test,True,972,326,
4f8c97e95011e0949b32fb9f3118177a,ddac26b8c4b0ab1a705a4aac427dd486,0.949,3,14,3,False,0,train,test,True,207,1037,
1c6073151697059354f3b8b03d9c4c8e,9ba74a2d19c4149c47a7c6661fb7eb5f,0.949,69,3,3,False,5,train,test,True,1166,444,
4dc731d30fb8010b313c357fa56459e3,fb85ad4fd2bc74adf94bd9cc36ee63da,0.9488,2,11,2,False,0,val,train,True,739,1408,
363cd7b84bf86e6c8cd7073897b97232,8334f4fbcf2dc31f0142d5b66ec36400,0.9488,28,3,3,False,0,val,train,True,498,752,
5d68ab03ab12677506d8afb5b545c5b3,d170e740852da74410caa708246dc4de,0.9486,3,7,3,False,5,train,val,True,973,1203,
5ffcf2372542336fe4ee3585bd07b6f2,d8530375294e4c94c9c2aa2c7f79c13c,0.9486,3,10,3,False,3,val,train,True,166,980,
64d89f6270efae268f99717bfbf288e8,d3c90e3b04360cdbeadad04e64cd5e2c,0.9486,59,3,3,False,0,train,val,True,666,940,
c6d87f56f56c456d38f3b6967eb21eab,f05260d375197325c7cf1775306b9eb4,0.9486,5,3,3,False,4,val,train,True,813,1267,
8e244ea370ffdb16c4d50bd271c538a8,f2196dcfec3027846cdd304448f28fa5,0.9486,6,2,2,False,5,test,train,True,1439,1289,
548a1b47c6c3d002e1fab2d2959404db,ad1592d1b4b1f734e59a92f5ebef305b,0.9485,2,16,2,False,4,test,train,True,201,1402,
98b3643c066287fc7f2418dfb7317dba,dc7254ab21584e852fe556646c86d6f4,0.9485,3,323,3,False,1,val,train,True,427,1132,
5a19b7514d9adb447ed6aa694811f1eb,c1f555f3260b361647b7084898613037,0.9485,33,3,3,False,0,test,train,True,385,764,
1406f6f2b430bc206d22fb814d6edeba,545d14287912a7a53a64fe279a92097e,0.9484,3,12,3,False,4,train,val,True,1024,435,
19cd8d1657528f7d4895398a6fd093ec,f31c2c896158865d4665f289e2a79a68,0.9484,2,14,2,False,4,train,val,True,16,1300,
294017fb97e4fec299eb8e83fd2d3be2,9bc5cd695f30b6f98e65dc356cf6c656,0.9484,3,11,3,False,3,val,test,True,438,447,
64fb4585a1a2f2ec2cdfe6e0e831dddf,b13078f2ae0a4dd072a3509ab1b1a0f0,0.9484,77,3,3,False,0,train,test,True,1200,1470,
0a97bd73cd153b33751d43821ff0a400,9f8dfe7b06ca41af4fa89f7deaf3b050,0.9483,3,45,3,False,0,test,train,True,591,1252,
226301ee1193716a8079c58d8669b4f9,cd9465086595101ef9564b9d8c303c38,0.9483,35,2,2,False,0,train,test,True,193,1468,
2ad0a0582297b6f2ddb131796e300ee3,a8321af1b53320df308a2dd4554fff52,0.9482,26,2,2,False,0,val,train,True,1432,537,
665fcad8a2159796d111633809f6d0b3,eaae490bfc1d9f10fd34caf902a6900d,0.9482,10,3,3,False,5,train,test,True,567,1419,
15081ecc0dd0de8694dd86e1dab23e54,1ee1681eddf2ebd32e9207c583db4d09,0.9481,3,4,3,False,0,train,test,True,141,44,
4800ba489b63f1cf36762ddef7683867,5d438b93171c54575c3248d799952a8c,0.9481,4,3,3,False,5,val,train,True,348,1195,
7c879895184685f2ade71c54e63960d8,85b43e64b68fce39237fcfaf32d5a7d7,0.9481,19,2,2,False,0,train,test,True,1254,1443,
95687706ffc4a2750ca1709258cc88de,c6d87f56f56c456d38f3b6967eb21eab,0.9481,3,6,3,False,4,train,val,True,1267,813,
5c9407c366d62c4e309a5fa61a48b7b7,f062f6c1128e0e9d51a76747d9018849,0.948,20,3,3,False,1,train,val,True,1100,1268,
8b8338194dd8175d057bdc068ba44945,bc1cf017913e28ca316244b52d1fc59d,0.9479,2,3,2,True,0,val,test,True,369,705,
a82ab9e22ff10be0575503d3262a1a61,ab953747c19632d5ff3078b84449596e,0.9479,38,2,2,False,4,train,val,True,1049,564,
166f7618e2d9e5c9b05e4dd358f7659e,435f5526bfee811bcd4bbf54ad40b600,0.9478,2,20,2,False,5,test,train,True,13,909,
12942b14ee8cde158e33d537cc3582a9,4e8d7f8d403847cc6c2f08d80f4ba223,0.9478,11,2,2,False,3,val,test,True,1230,786,
98b0be22ce1333d629294c2748a81ed7,f79dc41910f957d0c15aadb49bff975c,0.9478,20,3,3,False,4,val,train,True,1300,1464,
f75c7cec3ddc9fbff27aca59b01c5bf5,f84d60e83be2e1bbfdb1885a668bf3ba,0.9478,12,3,3,False,3,test,train,True,1357,1374,
35c7912e941c9bf21594deeda6c891e2,f9b0585f3bed42786c6c9fc199e59dc8,0.9477,2,7,2,False,3,val,train,True,76,1387,
38e5d191e77117979a52ba888ea2df9e,3d3de59a9cdafdb58eb5ffde8dab8d70,0.9477,3,11,3,False,2,val,train,True,1400,98,
306c500894cef0f73406f227152ef357,bec80e876b9ffa8f24cf85beaa431667,0.9475,3,2,2,True,0,train,val,True,99,739,
3752b697cae9f81a9d5ffe44dac58e7a,6fd2d42591da02ae878e2d5c74bcc98f,0.9475,3,14,3,False,5,val,test,True,72,1038,
75835cc8ccb7fe86356cebdb35006fab,cd9465086595101ef9564b9d8c303c38,0.9475,106,3,3,False,0,train,test,True,1200,1468,
10dd67ea8e8fe3edbceeabfff19d1934,c429c26a603910717dbf17e6e7035627,0.9473,3,38,3,False,3,train,test,True,6,1444,
1879de2690c241fab002235b2d6e0d6a,b6084b84b97f67f4bd6adbf1fb74f2d2,0.9473,2,5,2,False,3,train,test,True,532,646,
b481b56617ce096435cb591adc6dd0b9,d0cb73c9ad19c13c6fe93cc2c61cc073,0.9472,3,2,2,True,4,val,test,True,850,914,
283624a201d08d9abc72c51af1da7923,46d067b212c4dda9e6f87c8b82f22d79,0.9471,3,3,3,True,1,val,train,True,471,278,
b01f92809dbfa747dc4d1881f400d99b,edb53390a53397b29cb85e21501b8efb,0.9471,2,6,2,False,3,test,val,True,600,1230,
09320344c2ed4da7bdf50d9f03b9e0be,fe7dac11b3c6b6f26332b086b5c0e12d,0.9471,68,2,2,False,5,train,test,True,1281,1450,
1bdf2c81b6b6aad6aae2818a844957f0,f480b897adfe65f572f79d9f8d45ac9e,0.947,3,10,3,False,4,train,val,True,24,1320,
44f20df33112cfc1ae49f18ee2efc913,73ca95633a46136d909f5ad45c7ddda1,0.947,12,3,3,False,3,train,val,True,1220,1098,
b521d20219d57de33e48f6ccda6a24c8,c7e159377563c722314bcef3e9537c10,0.947,3,74,3,False,0,test,train,True,640,826,
6651573b179734d9205f592604191b67,d9c9948c3c66446410dfc95adcafd115,0.9469,3,51,3,False,3,val,train,True,335,991,
9e0fa510b3e5a89ab765dfa48957a4cc,a55cc8df950bcadf4cd61ff470d74246,0.9469,2,7,2,False,1,test,train,True,491,1159,
5de921452c721c77d8ffa775b9241542,aaee8c7e09fa4b50c160acd7e3302cfd,0.9469,4,2,2,False,5,train,test,True,1373,974,
1cdd6def1e3099a9763938457cf0b4be,20546599b4a51afc9eb43344f42df611,0.9468,7,2,2,False,4,val,train,True,1320,24,
35b2e442142f53c58e83e1a0f0636472,65fc1018a8862bdbe4d8a063c3130a0e,0.9468,3,7,3,False,3,val,test,True,378,310,
d52d28b99ef14ecc6e55b92170b883e9,d5cab685b579ccaf021401bf2589b5f0,0.9468,19,3,3,False,1,val,test,True,1250,957,
ee810ac96bd9f15f5e06c372f6908c8c,fdb9d38ce2b5a1d31bb030cd2d3a03b9,0.9468,3,3,3,True,0,train,test,True,1254,1443,
2d1b57132c3a9858f4d983a10e07e9a0,5b003d43ec0ce5979062442486f84cf7,0.9467,6,2,2,False,4,train,val,True,254,149,
7670f6b1a24f876a30afc5f33043ede7,f2e0a29fb9a4f366cf2cd9c3e535e852,0.9467,3,8,3,False,5,train,test,True,856,1297,
1b95a0c32503e4549326e820a57127fd,886f91a0a9f9a927fe33dbd434397ae5,0.9466,4,2,2,False,5,train,val,True,122,353,
7889a8d815877c63420df1750271bd24,b13de5e3add05a187e393d0eef314891,0.9465,3,90,3,False,3,train,test,True,777,611,
77d2d284e6b6962f2761d1d37797c465,b119f1fd77a7da8feb9fb211e894fdb9,0.9465,7,3,3,False,4,train,val,True,1305,609,
15a6a06636e0bb96ad2703a64d06fcfc,c7bd85a7a10ef6226a9873afaf00d3a2,0.9464,3,28,3,False,5,train,test,True,288,1455,
2cd038d5c85feb0a8da44407e4fb6a5a,f13cd8ec6e6fde523a0a065b62086d3c,0.9464,3,25,3,False,2,train,val,True,387,1278,
48df3ca910d365bdea427ed5b7c31808,e5c048da7a875e04bc632e048223309f,0.9464,7,2,2,False,4,test,train,True,131,1134,
1c96795fe1c10e5bdd3911731edfc623,ef55278e83dc8ce2b214880eb444d59d,0.9464,36,2,2,False,1,train,test,True,1002,1249,
46f767c8c76697a603e52b56a33f86a0,ac22e5a3ef26a2942ff5c0d0edd11040,0.9463,3,6,3,False,0,val,train,True,91,631,
6b44920a6758d2dc91635ccb975b3bb7,feb0f0ab5eb812769d3a069b7be9dcf4,0.9463,2,11,2,False,5,train,test,True,961,1455,
777e89beb78fc98db5806423fe7f7254,94de92cb54c50c8f9fab0e17d360041d,0.9463,7,3,3,False,5,train,test,True,1371,1070,
4b2af68b112c6842e2fce65b9f69473a,9793c3c2317f38143d21a5187bb35652,0.9461,3,32,3,False,2,train,test,True,101,421,
b28f0f94ebc50f79d1b03cf0c0baa335,c4cde1827d4895957ca8507e37a3cf76,0.9461,81,3,3,False,0,train,test,True,959,793,
28de07f534e1942fb63732ccd9e09338,a6df5267338c181ee62b42087d0e2292,0.9459,3,125,3,False,3,test,train,True,857,526,
41cb4989ff5f99e7fee7af7e666e8319,96b25c6d10a1c6c3814433b014afae0f,0.9458,2,2,2,True,5,test,train,True,707,589,
a099b54eb2b17f63033f310eba0a61fc,e91823c58aa142ecda43d781dc322a9c,0.9458,2,7,2,False,3,train,val,True,896,1175,
a099b54eb2b17f63033f310eba0a61fc,e3e660456c62fb96e17658af48b3e7e4,0.9457,3,3,3,True,3,train,val,True,896,1110,
3858dedc8e091fc0315c50e7f8d74a56,ee607b2abd1f6a721b4765ead3fe7aeb,0.9457,110,3,3,False,1,val,train,True,647,1236,
6fe956eb5739f0877752cba783828cd2,f39bf22d9a2f313425ee201932bac91a,0.9457,6,3,3,False,4,test,train,True,237,1305,
37b66efe115f778ffd604c60995ec946,84135442a04a1324138d1df78ed185d3,0.9456,2,36,2,False,2,test,train,True,978,1084,
585bf47f399249d4bc1e18a0aad69d2a,9f3cb251707d9950d2f6a309fc1d8ae2,0.9456,3,7,3,False,4,train,val,True,138,803,
12942b14ee8cde158e33d537cc3582a9,b01f92809dbfa747dc4d1881f400d99b,0.9456,16,3,3,False,3,val,test,True,1230,600,
4035885f764d0e277b0a7f058711c6ba,bafd986d05ece7f6ac85544866c21877,0.9454,6,3,3,False,0,test,train,True,104,760,
9a132baeb5431f2b38862baff1c367c7,c7b6d326275eb46a2ec8b2e29439a99c,0.9453,3,19,3,False,2,val,train,True,437,823,
f14ab472f807f53303d5f1b27703936b,fdb9d38ce2b5a1d31bb030cd2d3a03b9,0.9453,2,4,2,False,0,train,test,True,1280,1443,
4b3f9fe89534fa5231f41be4a1a6c739,7fbd12db8dceaec4f97268f44853fc57,0.9452,4,2,2,False,5,train,val,True,122,353,
a213e4e689988738b8fb764e958ca497,d8c62816ea17d4c932ed87af94647142,0.9452,2,3,2,True,0,test,train,True,488,983,
8dbedd97ed2b7b01525d6800d52ae073,b1f6f5539ae4fdb9b931788dda704712,0.945,2,12,2,False,3,val,train,True,378,617,
3e3d938e4279c4339473f26a7eb5020e,bfc0f3be45e3eff66989c2553cf39436,0.9449,3,8,3,False,3,val,train,True,76,1387,
92d2d3c1efe901481be93f2f1b4cc2df,edb53390a53397b29cb85e21501b8efb,0.9449,3,7,3,False,3,train,val,True,398,1230,
3a4465af672ccb78b09364132ba9e4d4,e49bc96b36f660bf3aa433ef119066eb,0.9448,3,10,3,False,2,train,val,True,80,1120,
ac6110478f6edbee89ae89481e94b275,d49075075de98ba225b3306bc8cfca44,0.9448,5,3,3,False,4,val,test,True,572,948,
166f7618e2d9e5c9b05e4dd358f7659e,d0722f1c8a76133ce8400a4c1dafce5a,0.9447,3,23,3,False,5,test,train,True,13,909,
6226ebfc1f9b743a8b02db4eb7145738,d1a9750fbe2b10c8d52dfddf4cb1bde3,0.9447,3,36,3,False,2,train,val,True,617,1120,
c2296406fa9de6a029e798d89a1c8734,f236820cf87ca90929a81b8f4b2a3e3e,0.9446,3,37,3,False,0,val,train,True,769,1348,
35c7912e941c9bf21594deeda6c891e2,f3e61a3dec438a366b62df1db47a4cd3,0.9445,3,3,3,True,3,val,train,True,76,1307,
3f1932eefb6de2c9b6666565a6b93765,99f60de23ae443fc267155050cf905eb,0.9445,40,2,2,False,2,test,val,True,930,437,
85b43e64b68fce39237fcfaf32d5a7d7,ee810ac96bd9f15f5e06c372f6908c8c,0.9442,3,4,3,False,0,test,train,True,1443,1254,
3d3988b1b72273ee018b40c5acd51e43,a288e70d5f393dd6d804ad5e024cb5d3,0.9439,2,13,2,False,5,test,train,True,318,1314,
957b6739a057adf1eef9ff91f31afe43,975e3dab22e437d040f2fd296a8d038f,0.9439,6,2,2,False,0,test,train,True,705,964,
a2fb69954b14fe15857b0f54515fc745,fb85ad4fd2bc74adf94bd9cc36ee63da,0.9439,2,25,2,False,0,val,train,True,495,1408,
bec80e876b9ffa8f24cf85beaa431667,fb85ad4fd2bc74adf94bd9cc36ee63da,0.9439,3,24,3,False,0,val,train,True,739,1408,
4e8d7f8d403847cc6c2f08d80f4ba223,edb53390a53397b29cb85e21501b8efb,0.9438,3,11,3,False,3,test,val,True,786,1230,
044b0937a90ecc3347acac21e9cd39f6,0a836ea85157d6e0b92371d8ae18a55c,0.9437,4,2,2,False,5,train,test,True,401,37,
0e6ba66e0b6faf748d29425b8fef9d79,c8a621362f5189faa7df3a4e475126dc,0.9437,23,2,2,False,3,test,train,True,519,832,
e05f477f1d1693f8b4a5e629bb0745b2,ec009ae101199666b6840588867fc1d6,0.9437,3,49,3,False,5,test,train,True,1070,1212,
4b3f9fe89534fa5231f41be4a1a6c739,886f91a0a9f9a927fe33dbd434397ae5,0.9436,5,3,3,False,5,train,val,True,122,353,
68f5d0cf51594a0eea7f8d19447d4d61,99f60de23ae443fc267155050cf905eb,0.9436,37,3,3,False,2,train,val,True,1414,437,
a5dbc558ca9c9612b608645238c15129,d1baa7e7eae6ec14a7342a27ab6a4b37,0.9436,18,2,2,False,3,train,val,True,521,922,
1e0379988bc494245913cc4bb10fb8c1,3babb9b35e40e2bea17239a5a3ffeaec,0.9434,8,3,3,False,3,val,train,True,56,398,
a0e3ae771cc087ecfd5251a95043f1f0,e29f49849de6ff182d115fe2aa6cac3a,0.9434,2,12,2,False,3,train,val,True,927,1098,
848d1942cc5b7feb97cc03d3ad08d6f9,c24be4bf9e9be5e7898cdd383233813b,0.9433,26,3,3,False,1,train,val,True,573,918,
d4dcb1cd15053d17de19d2d63ddcb173,da558caad449f980ef35d87f9bfc2fa4,0.9433,54,3,3,False,4,train,test,True,1057,1197,
51aa1de7c4bbf08d3dacf37183832cbe,98b0be22ce1333d629294c2748a81ed7,0.9432,3,30,3,False,4,train,val,True,332,1300,
427f804eef0ccf5d4f858288d6399c7d,8b8338194dd8175d057bdc068ba44945,0.9432,4,3,3,False,0,train,val,True,1199,369,
59d833e569743be1b04d6494358ed3ff,b13078f2ae0a4dd072a3509ab1b1a0f0,0.9431,3,11,3,False,0,train,test,True,141,1470,
86a2e973602ec382660c072fa42ca670,b4f0d7902a6f054dd1236f880fe1b872,0.9431,17,3,3,False,2,test,train,True,336,699,
35b5971800492e04d2ecd6b3439b0017,479200a381febadfd767615fbe77c3ea,0.943,25,2,2,False,2,train,test,True,375,419,
b73bbfdac8fa640a792316345615b313,dbd4f6f4fee92f77e8847f704635df6a,0.943,37,2,2,False,5,train,val,True,659,1013,
30eb8e531d1c9116964b7fbf45bf95bc,7bd46f8d2cc1f459bd176828df350655,0.9429,8,2,2,False,4,train,test,True,1162,356,
01d647e17ee868d2991c73a247c28cf9,a5dbc558ca9c9612b608645238c15129,0.9428,2,19,2,False,3,val,train,True,922,521,
339af1c837c6046bcf11ef8f6ee7a3c3,51dabbb3c216c71fa662fbad9f947939,0.9427,30,3,3,False,4,test,train,True,213,343,
4607eab3c100ba73a7815b20fb2f3cdb,a213e4e689988738b8fb764e958ca497,0.9427,4,3,3,False,0,train,test,True,1019,488,
dee6f372d17c4f4457948f38d13970e9,f75c7cec3ddc9fbff27aca59b01c5bf5,0.9425,2,23,2,False,3,train,test,True,1047,1357,
8dc97d161e376446e0f2a80b6dbde788,99fb9478334093d729eeb281d522ed63,0.9423,7,3,3,False,3,train,test,True,1047,436,
0c884ecf6571905365546a078c02133b,92d9151ac1696151907d63db1116efa1,0.9421,11,3,3,False,3,train,val,True,1473,1136,
d79ef0a1d3b33827f0dcd0788bfaaeb2,db6bda8b9e54352f83df9308c7b200ad,0.9421,3,2,2,True,5,test,train,True,974,1471,
f1f5f493f2f436a7049f899b4ca4bac6,f9c0aa4cd5ad8ff43fcd67fd626964b0,0.9421,11,3,3,False,4,train,test,True,1024,1438,
0d495f9f23cac774653c41214c574425,f7d2a425f1cd82d6c06dc1b0fb0af869,0.942,3,2,2,True,0,val,train,True,195,1363,
b6f1c3c748055235a8130ee71f4d3efa,dd6ded8699cc4d3bf62c7e961b8a70ec,0.9419,3,103,3,False,0,test,val,True,655,1031,
08e90c44bcfe29aa64beff429f94e291,a0d4b7a115f83077d88361dd38399cf7,0.9417,124,2,2,False,1,train,val,True,816,480,
42482ed25f9001ae44f6148432da91d7,b405faaaaf67c571d5d64206eb162878,0.9417,9,2,2,False,5,test,train,True,1297,1373,
2bb4f3202acd0b3cd10ffae292b6edf8,2bed4be8e6d950d76394d0552c59ddfa,0.9416,6,2,2,False,0,val,test,True,837,44,
864442925e04b7c4018f5c6eeb021212,fb85ad4fd2bc74adf94bd9cc36ee63da,0.9416,2,35,2,False,0,test,train,True,854,1408,
b73bbfdac8fa640a792316345615b313,d1df1946a0d00bdf843cbbedbe98fa4b,0.9416,41,3,3,False,5,train,val,True,659,1013,
c517993657aadfd868d6760a5136df94,eb18e2e49ff4b26634ed4737a7d48b2a,0.9415,13,2,2,False,4,train,test,True,798,1197,
07809f40e0b2b07d9c4b9d6600673102,e175edbb01ee93372ae54bdc1734bcf5,0.9409,2,3,2,True,0,test,train,True,47,99,
436fe677570dbf833a4298a1f0346edf,64fb4585a1a2f2ec2cdfe6e0e831dddf,0.9407,2,159,2,False,0,val,train,True,475,1200,
0feceea983889baf5672d8caa4e22781,3517a8727c26bcdb6846648c9867692a,0.9406,3,7,3,False,4,train,val,True,832,572,
166f7618e2d9e5c9b05e4dd358f7659e,79651b24fbb072aba80cd457ccee57f8,0.9406,6,2,2,False,5,test,val,True,13,294,
a8e5f38315214944e502edfdc986ea2f,eb846d2f14749c4913bf0affa0578d8d,0.9406,3,15,3,False,5,train,val,True,810,1203,
283624a201d08d9abc72c51af1da7923,cca735c397880e88192e97d68b97754e,0.9406,11,2,2,False,1,val,train,True,471,869,
345f3e86a3dcc26dce73ceeacc5a4a0a,3babb9b35e40e2bea17239a5a3ffeaec,0.9405,2,6,2,False,3,val,train,True,56,398,
15081ecc0dd0de8694dd86e1dab23e54,cafac2ca8ceb7ff02a90fc2a2094def5,0.9404,4,2,2,False,0,train,test,True,141,854,
af71c423997e01b837567d16bcced649,dbd4f6f4fee92f77e8847f704635df6a,0.9404,75,3,3,False,5,train,val,True,595,1013,
b339154c789a5103d16f3cde70f20fb9,f0f6097376bf887f51d552bd033ae5d7,0.9403,31,2,2,False,2,train,test,True,375,1275,
34f9cb8a992bc7fab6593d27d59f6abe,498406f8f2e057bd58e5ec040e78c3ba,0.9402,3,39,3,False,0,val,train,True,467,100,
57ac237fd7804341517927ced4353c71,dbd4f6f4fee92f77e8847f704635df6a,0.94,3,5,3,False,5,test,val,True,1375,1013,
166f7618e2d9e5c9b05e4dd358f7659e,7f4419ddb342092c27f745f7962fa7cd,0.94,8,2,2,False,5,test,val,True,13,294,
265e7f265773d27e1770a3cd3ce05677,c6441fa162ce23651c241f1014f96681,0.9853,3,2,2,True,0,train,train,False,767,1225,
318cb948ba8cb28995204b0a7ebba6d4,d8b48c0404394e83af61c15ad7eea1a3,0.9851,2,3,2,True,1,train,train,False,152,1189,
a3fa13e9535729ec9cb08f17bc8c03cc,a45b686526ef8327fbd9e8b770984567,0.9844,4,3,3,False,0,train,train,False,767,1225,
264e5e8732450598190acec51da65cdc,85b7018a9e5287342a1392fb02ce24a1,0.9841,3,2,2,True,0,train,train,False,767,560,
621f180f39962cf8dc87f62cf681200b,af6fbe10ab6b3bb50812e4c44b54438f,0.984,5,2,2,False,1,train,train,False,1026,916,
5e063bb2352ec2d6dfefa038d9bcb70d,79538de71a078ec7348f0340f8a7e995,0.9832,2,2,2,True,1,train,train,False,1189,152,
318cb948ba8cb28995204b0a7ebba6d4,5e063bb2352ec2d6dfefa038d9bcb70d,0.983,3,3,3,True,1,train,train,False,152,1189,
6e320ef7485ec6c55962007956985821,bd525e9a428797c9afb48a9ffdbe5160,0.9827,2,2,2,True,0,train,train,False,1225,1132,
265e7f265773d27e1770a3cd3ce05677,cee7b2752a60314af93ae14dae4124ec,0.9825,5,2,2,False,0,train,train,False,767,891,
5edc82d679cc29b4d7720bdc45c1ad45,6e320ef7485ec6c55962007956985821,0.9824,3,4,3,False,0,train,train,False,162,1225,
38a49c3566f387a867629c5f6c31a72a,6e320ef7485ec6c55962007956985821,0.9824,5,3,3,False,0,train,train,False,1132,1225,
599109af85cae9e827c3e89982f0033d,abf5960dc8f8c6ba6b9d987a6dc603c0,0.9823,3,2,2,True,0,train,train,False,1298,824,
79538de71a078ec7348f0340f8a7e995,d8b48c0404394e83af61c15ad7eea1a3,0.9823,3,5,3,False,1,train,train,False,152,1189,
bb66f91b996df6a4a78aa9b7f3ea844b,bd525e9a428797c9afb48a9ffdbe5160,0.9823,2,4,2,False,0,train,train,False,697,1132,
4d1dc70143798d122476599ffc3df68b,a3fa13e9535729ec9cb08f17bc8c03cc,0.9822,2,6,2,False,0,train,train,False,911,767,
5a147e41134b03ab6a358b3db92d30ef,644c556ebc3fc0c4345e328f8523308c,0.9822,2,2,2,True,0,train,train,False,69,1295,
a45b686526ef8327fbd9e8b770984567,ab106ca32e9155aa7e68eabef8e2ed59,0.9822,7,2,2,False,0,train,train,False,1225,560,
21f3767f9a827e5b9f64d2a47594ad27,5edc82d679cc29b4d7720bdc45c1ad45,0.9821,2,4,2,False,0,train,train,False,671,162,
7641921e308edd4de40ad5f83db43a04,d086283d558caa08041b9f13b1580737,0.9821,2,2,2,True,0,train,train,False,937,1004,
a3fa13e9535729ec9cb08f17bc8c03cc,c6441fa162ce23651c241f1014f96681,0.9821,7,3,3,False,0,train,train,False,767,1225,
344764125b7586cb29d3af60106bd807,fc841358b1ae7c119b6224d0076046f4,0.982,2,2,2,True,1,train,train,False,811,1389,
21f3767f9a827e5b9f64d2a47594ad27,cee7b2752a60314af93ae14dae4124ec,0.9818,3,3,3,True,0,train,train,False,671,891,
531ce6a7fd3f8699de151e1f07b57970,84f400518ff3cba2786849ea4dc3bbfb,0.9811,3,2,2,True,0,train,train,False,663,804,
a45b686526ef8327fbd9e8b770984567,c20411ec6a9141978e0712711bdfe0f0,0.9811,8,2,2,False,0,train,train,False,1225,767,
5edc82d679cc29b4d7720bdc45c1ad45,6bfa122b5832ffd442a8123153f5d252,0.981,5,2,2,False,0,train,train,False,162,1382,
589c60dd4940000360acc551fd112705,91dd982fbff7aa72802fbd7391cd2eff,0.9808,2,3,2,True,0,train,train,False,1117,697,
a2847e414d4c2268731dbfe0281c0123,b0b0bb292409f1613351c5a4c2f6a25a,0.9808,2,3,2,True,4,train,train,False,1382,911,
8fb12946881047895dd14ed095a99367,fc841358b1ae7c119b6224d0076046f4,0.9807,3,4,3,False,1,train,train,False,811,1389,
2362d93816e6dff7db5f3de85b660777,344764125b7586cb29d3af60106bd807,0.9806,2,3,2,True,1,train,train,False,1389,811,
310c156419ea422872c92052fddd902b,6e320ef7485ec6c55962007956985821,0.9806,2,9,2,False,0,train,train,False,1132,1225,
4e80b5738f591c7d0d91889c2bdfd39d,c6441fa162ce23651c241f1014f96681,0.9805,2,5,2,False,0,train,train,False,916,1225,
11312ffaf33b8252eef70f9274d540ac,5edc82d679cc29b4d7720bdc45c1ad45,0.9804,3,7,3,False,0,train,train,False,560,162,
6976004fb0e04f4435b0e1e127032881,96336251e59082cafc68f051bc448392,0.9804,2,3,2,True,0,train,train,False,916,986,
745ff65e8c4d1006694049e1da8b938b,ef9853b01c42ddaeaad2b6261652f13e,0.9804,2,2,2,True,0,train,train,False,1061,1255,
bd525e9a428797c9afb48a9ffdbe5160,dd4a6b2c2370f47add9ec08e2f7e7458,0.9804,5,2,2,False,0,train,train,False,1132,916,
4a3e6e77b42a7e8f8b2dec472667bdbe,d8b48c0404394e83af61c15ad7eea1a3,0.9803,2,6,2,False,1,train,train,False,152,1189,
7641921e308edd4de40ad5f83db43a04,dafa723ac789768ed1e863cce1681e4f,0.9803,4,2,2,False,0,train,train,False,937,1004,
2e5002e01c53488e4f40c4a68b3cd4b6,41a057757b0520ff53068b6dcce9731e,0.9801,2,2,2,True,0,train,train,False,136,911,
11312ffaf33b8252eef70f9274d540ac,d1de8d4b1b39a0daeb0038f93931665d,0.98,5,2,2,False,0,train,train,False,560,1132,
19638106770d8d0494e4d1ccf64e1662,745ff65e8c4d1006694049e1da8b938b,0.9799,3,3,3,True,0,train,train,False,162,1061,
310c156419ea422872c92052fddd902b,cee7b2752a60314af93ae14dae4124ec,0.9798,3,8,3,False,0,train,train,False,1132,891,
7788ddca67e3faf4da246eacc60675a3,8aeccaf12d3173a0c09f873be67be5a5,0.9798,2,2,2,True,0,train,train,False,636,1223,
1eac3c664f2d65ed9aa575797fa5a682,6b356b6a114a7663f2dbe960f217601c,0.9797,2,2,2,True,4,train,train,False,404,327,
714fe03e012bb674fd7f3fc8f6763c3e,7bed5662489bd913da7e9792f715c1ed,0.9795,2,7,2,False,0,train,train,False,117,1061,
5a6b69b21fd586cb4d71597a614c07e5,b6ded09044a0e4415d7c2424f3597e3e,0.9794,3,2,2,True,0,val,val,False,188,654,
265e7f265773d27e1770a3cd3ce05677,e0c370969267c34db431130a881e72f4,0.9794,9,2,2,False,0,train,train,False,767,911,
1e1f00a9410f29e4d4c9920530d883c0,aa176f6d6e5674ccf6e19ef3aeb3e243,0.9793,2,3,2,True,5,train,train,False,135,548,
62bfdd9e66e2cfee7f6e69c7d22b11f2,f659913017aab32c0ac0d88d0ecfe62c,0.9793,2,2,2,True,1,train,train,False,1217,971,
08347bf830e78903e36a81168c4342f9,2362d93816e6dff7db5f3de85b660777,0.9792,3,3,3,True,1,train,train,False,225,1389,
589c60dd4940000360acc551fd112705,6e320ef7485ec6c55962007956985821,0.9792,3,11,3,False,0,train,train,False,1117,1225,
d086283d558caa08041b9f13b1580737,eda92317b583435a810cac1dc7bb8025,0.9792,3,4,3,False,0,train,train,False,1004,937,
a3fa13e9535729ec9cb08f17bc8c03cc,e0c370969267c34db431130a881e72f4,0.9792,11,3,3,False,0,train,train,False,767,911,
1e4a12af1b4c664a5f7c2b4460a1aead,eef409493827bfb3b3d0e74e156923d4,0.979,2,2,2,True,0,train,train,False,1033,1246,
2ff57a1bdcf1e23c8a7ee5b37e4c3aba,6976004fb0e04f4435b0e1e127032881,0.979,2,3,2,True,0,train,train,False,986,916,
310c156419ea422872c92052fddd902b,77a4c2c4f65015fe548e5c07db9e805d,0.979,5,3,3,False,0,train,train,False,1132,891,
977a4281401b63f74739845b3ec98023,bb66f91b996df6a4a78aa9b7f3ea844b,0.9789,3,3,3,True,0,train,train,False,1132,697,
37f2d6ab184a9f4a3d3eedf3aa35dff9,e5e5afaa4adc21dd69b387dbcb91aa74,0.9788,2,2,2,True,0,train,train,False,891,1298,
41a057757b0520ff53068b6dcce9731e,aebe292567e0f8447fdc94994189a80a,0.9788,3,2,2,True,0,train,train,False,911,588,
69ec87fc8b561ab7d3ba7b86b10e2356,cee7b2752a60314af93ae14dae4124ec,0.9788,2,13,2,False,0,train,train,False,671,891,
7bed5662489bd913da7e9792f715c1ed,aebe292567e0f8447fdc94994189a80a,0.9788,8,3,3,False,0,train,train,False,1061,588,
531ce6a7fd3f8699de151e1f07b57970,df83132f9e6a7c8337e6cd91270f8f7d,0.9788,4,3,3,False,0,train,train,False,663,1056,
265e7f265773d27e1770a3cd3ce05677,618efc798c3906c2dc60618853c7e2e2,0.9787,11,2,2,False,0,train,train,False,767,171,
3d334ec1be0544fd6fff794a77631eef,f6b3c12a983a398bfafee0027cf523d5,0.9787,4,2,2,False,0,train,train,False,1061,824,
11312ffaf33b8252eef70f9274d540ac,69ec87fc8b561ab7d3ba7b86b10e2356,0.9786,10,3,3,False,0,train,train,False,560,671,
a0a19caa7f2b6ff84b3e5cf0aa3fc68e,b604630290e6316c1cbc586733ed08c1,0.9786,2,2,2,True,0,train,train,False,1183,1202,
ab17f187d0cf1522c838108906131162,ffe06afd66a93258f8fabdef6044e181,0.9786,3,4,3,False,0,train,train,False,1132,1301,
2673584f9398ce0acb21a86a1a711088,618efc798c3906c2dc60618853c7e2e2,0.9785,2,3,2,True,0,train,train,False,1354,171,
37e79d004dc122c05eab8e55f22214d0,4a3e6e77b42a7e8f8b2dec472667bdbe,0.9785,2,5,2,False,1,train,train,False,285,152,
6f5722cf3b8e5a90dc1e0eff127c4632,714fe03e012bb674fd7f3fc8f6763c3e,0.9785,4,3,3,False,0,train,train,False,1183,117,
6976004fb0e04f4435b0e1e127032881,995b9aea3d7f6ccda0440b9ec2bfc058,0.9785,4,3,3,False,0,train,train,False,916,986,
589c60dd4940000360acc551fd112705,80645c22c26e113e14fd16a0fa837f54,0.9784,6,3,3,False,0,train,train,False,1117,1132,
86ac44c7c69cbaec3cb234023c436341,96c62d8799651597247be49bf790d585,0.9784,2,4,2,False,0,train,train,False,1298,470,
19638106770d8d0494e4d1ccf64e1662,baae8c3655a07ca543a7baa09b29bb52,0.9784,4,3,3,False,0,train,train,False,162,1290,
bf990806f56c05b04af0ce599a4541bb,f95c0c54f064c14c0502f2b2d12f03ba,0.9784,2,2,2,True,0,train,train,False,746,1385,
abf5960dc8f8c6ba6b9d987a6dc603c0,e5e5afaa4adc21dd69b387dbcb91aa74,0.9784,4,3,3,False,0,train,train,False,824,1298,
37e79d004dc122c05eab8e55f22214d0,66c3f1134c199363086f278ec30c3e7a,0.9783,3,2,2,True,1,train,train,False,285,661,
516598fef0cb4c22e42999b3df120e2c,98744dbf48a8428f1cada3cd7782ac92,0.9783,2,2,2,True,3,train,train,False,303,1103,
7436cdbf9876ac812cdc3ea7557aadaa,abf5960dc8f8c6ba6b9d987a6dc603c0,0.9783,3,5,3,False,0,train,train,False,1298,824,
9872b4046512bedead9dc84501aed242,f9caed448e138e702ee5a2c906a671fc,0.9782,2,5,2,False,0,train,train,False,1165,1389,
3aeefd7ef9247470d465682c556c0c61,41a057757b0520ff53068b6dcce9731e,0.9781,2,4,2,False,0,train,train,False,1434,911,
75835cc8ccb7fe86356cebdb35006fab,b604630290e6316c1cbc586733ed08c1,0.9781,2,3,2,True,0,train,train,False,1200,1202,
c8cb1c570b772e3f7943e254ba096e9e,ecebd05f42f575630c79ca2c759246c4,0.9781,3,2,2,True,0,train,train,False,1026,1223,
521da07cca3ad8a9615ad591d9375538,85fb392d25b2a8c56e054b2e3cf4b0ad,0.978,3,3,3,True,0,train,train,False,371,1298,
599109af85cae9e827c3e89982f0033d,75d6fbb7553743b1b4231df1f327de28,0.978,8,2,2,False,0,train,train,False,1298,1132,
7d61619d2dfb5efc0f22a4d48775698d,977a4281401b63f74739845b3ec98023,0.978,2,5,2,False,0,train,train,False,1091,1132,
714fe03e012bb674fd7f3fc8f6763c3e,8b6bc283a0d345aaab935989639523eb,0.9779,5,2,2,False,0,train,train,False,117,879,
d086283d558caa08041b9f13b1580737,dd4a6b2c2370f47add9ec08e2f7e7458,0.9779,4,3,3,False,0,train,train,False,1004,916,
0cc2bae4e8f80349576daadd44897024,12691983b96a9e8c7bc067fdd48b8d97,0.9778,2,2,2,True,0,val,val,False,665,472,
1dd96a0c9793cac8d8900c57c3e8a7bf,ba99968b0499b6e2dca442a101a2259c,0.9778,2,4,2,False,2,train,train,False,20,409,
7436cdbf9876ac812cdc3ea7557aadaa,75d6fbb7553743b1b4231df1f327de28,0.9778,5,3,3,False,0,train,train,False,1298,1132,
1eac3c664f2d65ed9aa575797fa5a682,366cff575902d8a3e43cf0634e05d96c,0.9777,3,2,2,True,4,train,train,False,404,327,
6b356b6a114a7663f2dbe960f217601c,94430d425fcce2eb8de96209bbead0c5,0.9777,3,2,2,True,4,train,train,False,327,404,
66c3f1134c199363086f278ec30c3e7a,71e7c927ed3da27ceae3de5699ff2f86,0.9777,4,2,2,False,1,train,train,False,661,911,
7b87b209b60e844a1b74a6e92edaa89b,e1cbad247a96593f8ea911d0edd8cfcb,0.9777,3,3,3,True,0,train,train,False,470,1091,
026081211406349c85c3e5b4fc4b6ff0,8b6bc283a0d345aaab935989639523eb,0.9776,2,3,2,True,0,train,train,False,117,879,
56deba64468141b0968ad8899b121b15,fc547d2e786c1d19163f39dc576c0231,0.9776,2,4,2,False,0,train,train,False,1026,911,
4f06726cf77125734cf939b3ed5978ab,b69f37414ea0d604250324f8bd0e10ec,0.9776,4,2,2,False,2,train,train,False,409,20,
30a54c050c9eb531d2709b05ede484ce,3d334ec1be0544fd6fff794a77631eef,0.9775,3,7,3,False,0,train,train,False,1183,1061,
56deba64468141b0968ad8899b121b15,e5739e452d5b7c5e68c4171ece2557e3,0.9775,3,3,3,True,0,train,train,False,1026,911,
1e1f00a9410f29e4d4c9920530d883c0,28c2858a4d611799f6748464e1eb825d,0.9774,3,3,3,True,5,train,train,False,135,548,
68d72c5e4c104168c1a12ef520fbed6c,fbee536cc1352614dda57bcf0786f387,0.9774,2,3,2,True,3,train,train,False,598,696,
30a54c050c9eb531d2709b05ede484ce,767cafac7ddffdb276f3f31b61c1b7ea,0.9774,4,3,3,False,0,train,train,False,1183,737,
059cbf902c5e42972587c8d17d49efed,96c62d8799651597247be49bf790d585,0.9773,3,5,3,False,0,train,train,False,461,470,
1a66b4d3dbb1089891835d2698c6deec,96aac9c3672cadf72e9e60d634bb145a,0.9773,2,2,2,True,5,train,train,False,65,180,
71e7c927ed3da27ceae3de5699ff2f86,7907a6d9eb98127ed4906b37b5f52c7b,0.9773,3,4,3,False,1,train,train,False,911,267,
91dd982fbff7aa72802fbd7391cd2eff,fab1d411448d12a807e3ded857ddeaed,0.9773,7,2,2,False,0,train,train,False,697,1397,
140543a4d39b1a3ed0fce740ba2feb3d,331df8bf3a7f766dfe45ed525040fa85,0.9772,2,3,2,True,0,train,train,False,1389,1298,
265e7f265773d27e1770a3cd3ce05677,2fdc521c56b6cce0e7907d05a8db1f25,0.9772,16,3,3,False,0,train,train,False,767,171,
5a3e3dc26a1d2a473855a6161d870a96,a58058bcddd545690af8cbb09f71783a,0.9772,2,5,2,False,0,train,train,False,588,1389,
68d72c5e4c104168c1a12ef520fbed6c,b53db1580f4195765d45ddd7c4907e2a,0.9772,3,3,3,True,3,train,train,False,598,696,
68e6f2bbdbb308624ed004484a1da2b8,b440e34f6b1bc9abd0844a7ed19a6b45,0.9772,3,6,3,False,0,train,train,False,1026,1132,
db8ff1904b4dbb6dced48061856d9849,e89fd05c02c2297653d93f9bdaa71961,0.9772,7,3,3,False,1,train,train,False,1010,1170,
3f5ace05ae2e2cee322fdee09da53f0a,5beed3b27daf64fe7fbc4d065883826e,0.9771,3,3,3,True,2,train,train,False,1132,152,
87667e72b7fa0491a09fc9555894bfbe,cee7b2752a60314af93ae14dae4124ec,0.9771,2,17,2,False,0,train,train,False,1026,891,
19638106770d8d0494e4d1ccf64e1662,c907464eee427bcfd931eacfdf64a5d8,0.9771,5,3,3,False,0,train,train,False,162,1290,
1d1163f720942d79ca68721d8f634914,287de3ae1fa63dec27e7b5f42cfe7c66,0.977,3,2,2,True,0,train,train,False,1382,1246,
585673c1e2a7911db8386224726284ed,e1cbad247a96593f8ea911d0edd8cfcb,0.977,2,5,2,False,0,train,train,False,911,1091,
21f3767f9a827e5b9f64d2a47594ad27,a0e3a20a3cbf77644e69b241910b994a,0.977,10,2,2,False,0,train,train,False,671,911,
1dd96a0c9793cac8d8900c57c3e8a7bf,4f06726cf77125734cf939b3ed5978ab,0.9769,3,5,3,False,2,train,train,False,20,409,
026081211406349c85c3e5b4fc4b6ff0,bf1b395053b3d584ccee60148cef87b3,0.9769,4,2,2,False,0,train,train,False,117,740,
67fa39eefb55953ca818c7c46d3a8369,ae1c06e88f2823b7d13c453e8f1e2756,0.9768,3,3,3,True,0,train,train,False,359,1010,
91939627c20f2e47fa4be433363bfd6d,d8b48c0404394e83af61c15ad7eea1a3,0.9768,2,9,2,False,1,train,train,False,1277,1189,
5edc82d679cc29b4d7720bdc45c1ad45,a0e3a20a3cbf77644e69b241910b994a,0.9768,14,3,3,False,0,train,train,False,162,911,
bf990806f56c05b04af0ce599a4541bb,efbd55aede0638c4e82fb065d40fa238,0.9768,3,3,3,True,0,train,train,False,746,1385,
618efc798c3906c2dc60618853c7e2e2,98eff279b10d8e5186e406ef91de2f3f,0.9767,4,2,2,False,0,train,train,False,171,1026,
7bed5662489bd913da7e9792f715c1ed,ef9853b01c42ddaeaad2b6261652f13e,0.9767,11,3,3,False,0,train,train,False,1061,1255,
06ef49a7b77e883f089cfdd80642d6f0,c8cb1c570b772e3f7943e254ba096e9e,0.9766,2,7,2,False,0,train,train,False,200,1026,
2673584f9398ce0acb21a86a1a711088,98eff279b10d8e5186e406ef91de2f3f,0.9766,3,3,3,True,0,train,train,False,1354,1026,
bacad594d4d9ad882eda3a6738326d52,da07bf2ac3a36b2ff58e35561f15613f,0.9766,8,3,3,False,0,train,train,False,767,1026,
120f3222f28aea27936ebacdfc0af3b6,5534719b308ca4fb9f6662a81eb3e002,0.9765,3,2,2,True,0,train,train,False,746,1032,
5121187bc98e8e74d926c47644cdcf7b,c44346e3cf95312b241df6bb578ed119,0.9764,2,10,2,False,1,train,train,False,767,470,
91afb93637f5f86aacf904fcbe2bf5d9,f659913017aab32c0ac0d88d0ecfe62c,0.9764,2,4,2,False,1,train,train,False,1132,971,
41a057757b0520ff53068b6dcce9731e,e005bc3ecd718b268588742a9e86d6f8,0.9764,5,2,2,False,0,train,train,False,911,136,
67fa39eefb55953ca818c7c46d3a8369,e831ed42fe3417009705f6ac32c63e67,0.9764,5,3,3,False,0,train,train,False,359,1165,
265e7f265773d27e1770a3cd3ce05677,d98de7b36e1362dfa74903ec96e53c15,0.9763,19,2,2,False,0,train,train,False,767,986,
287de3ae1fa63dec27e7b5f42cfe7c66,4ba2c9a9103bbbaa575dfb3b888dc195,0.9762,3,5,3,False,0,train,train,False,1246,1382,
5a3e3dc26a1d2a473855a6161d870a96,7436cdbf9876ac812cdc3ea7557aadaa,0.9762,3,7,3,False,0,train,train,False,588,1298,
e28c566407ff5c15179ef801e8fbfeaf,f73836ebcc90a2855d78158b746169db,0.9762,2,2,2,True,0,train,train,False,1292,1354,
be548af60fd350e776d30cbf208312bd,fc8455773da14e90df050c6ce9f74882,0.9762,4,2,2,False,1,train,train,False,465,500,
09f37474deb25ad463c1d17e29054785,a576f47b644facaa1aa60db9c41d9db1,0.9761,2,5,2,False,1,train,train,False,1292,512,
741f6260e0f75b64a72e9a905003c29d,8bf80024b1a7f12ce52136af81a930df,0.9761,2,4,2,False,3,train,train,False,1298,371,
a07104de6e1e00d2afcec36c7879836f,da1de69a3097c5cecfc5a5c20f125340,0.9761,2,2,2,True,0,train,train,False,1032,994,
120f3222f28aea27936ebacdfc0af3b6,18533bc08197fa92ff063ad89ceddc89,0.976,4,2,2,False,0,train,train,False,746,34,
26346b4e789c4f7c871f5f0e689b41d5,78d70c1732ef444ad636a5d3e2ae733c,0.976,2,2,2,True,5,train,train,False,151,677,
2b1ea815af8da3697c64c682855f9b3b,bb25d84b4c461fad076a63b4a048c811,0.976,2,2,2,True,0,val,val,False,43,968,
7a7cf950c048a74193c9420df36cff77,e696a20c83939434527ea9a8b4d26d24,0.976,2,3,2,True,0,train,train,False,1290,1192,
1517ef21c1a72cf5ba4e1eeb6176dccc,38abe3550726a4a1f947fd0732ded83d,0.9759,3,2,2,True,1,train,train,False,465,759,
3b60ca0ed4e75480321776ba7aeba987,dafa723ac789768ed1e863cce1681e4f,0.9759,2,7,2,False,0,train,train,False,225,1004,
3c4ae78a64e6f263d159a9fac556ec7b,490417dca347af4b988ecbe11c54db52,0.9759,2,5,2,False,0,val,val,False,186,97,
5f0f7d362bd640eaef0be4076229a7ef,9904b0e39429fe1c957c7c1ee53bb248,0.9759,2,2,2,True,5,train,train,False,1340,1148,
7b87b209b60e844a1b74a6e92edaa89b,7d61619d2dfb5efc0f22a4d48775698d,0.9759,5,3,3,False,0,train,train,False,470,1091,
043489a629f6bdec1d08515a6daabb78,fc841358b1ae7c119b6224d0076046f4,0.9758,3,6,3,False,1,train,train,False,225,1389,
3b60ca0ed4e75480321776ba7aeba987,828b6eff01c7a265a2f6812b89744860,0.9758,3,4,3,False,0,train,train,False,225,661,
4e95048eb0c0413e5fc648b1447cf651,98744dbf48a8428f1cada3cd7782ac92,0.9758,3,3,3,True,3,train,train,False,303,1103,
06ef49a7b77e883f089cfdd80642d6f0,700e60e9a130333e62698a1c4ef46fa0,0.9758,5,2,2,False,0,train,train,False,200,911,
599109af85cae9e827c3e89982f0033d,a0b7d920c249437e4e7aea315df4a0a0,0.9757,14,2,2,False,0,train,train,False,1298,479,
310c156419ea422872c92052fddd902b,b74de57b5c614e1a1bbd5475c5fdff3a,0.9757,16,3,3,False,0,train,train,False,1132,943,
2caf855d25d357626f5ea914bdfe5774,c5cd08b16fd00a4d27e66bc0b133c5fb,0.9756,2,2,2,True,2,train,train,False,46,804,
1e1f00a9410f29e4d4c9920530d883c0,47f34de873955e8e03e954e3882d747f,0.9756,4,2,2,False,5,train,train,False,135,548,
6eb1da90c9630e7c86f282c7eea4fe94,da1de69a3097c5cecfc5a5c20f125340,0.9756,3,4,3,False,0,train,train,False,1301,994,
b69f37414ea0d604250324f8bd0e10ec,ba99968b0499b6e2dca442a101a2259c,0.9756,3,5,3,False,2,train,train,False,20,409,
714fe03e012bb674fd7f3fc8f6763c3e,bf1b395053b3d584ccee60148cef87b3,0.9756,6,3,3,False,0,train,train,False,117,740,
599109af85cae9e827c3e89982f0033d,f6b3c12a983a398bfafee0027cf523d5,0.9756,17,3,3,False,0,train,train,False,1298,824,
4aac539cdb139eb4549013b591084c4f,a3fa13e9535729ec9cb08f17bc8c03cc,0.9755,2,31,2,False,0,train,train,False,1083,767,
00c15b23b30a5ba061358d9641118904,67319450f16093d1be341212bc57c86f,0.9754,3,2,2,True,5,train,train,False,820,197,
28c2858a4d611799f6748464e1eb825d,577a95c3a3a0fb362b7282fdf9311015,0.9754,4,2,2,False,5,train,train,False,548,135,
607afab0ebabe2ae01a282ebf467a7ee,a83b0d472cd523b9d4fb96d01dbd547e,0.9754,2,2,2,True,1,train,train,False,1100,538,
147269cb7bcf195c64d110a4d2c8987f,b75dff02d2f6c823b0a475ce346be0fb,0.9753,2,3,2,True,4,train,train,False,252,661,
37aba3bbad701308106b141471c063f0,aa1de252963cb99a7c6cf9288d809be7,0.9753,2,3,2,True,0,train,train,False,911,1189,
5534719b308ca4fb9f6662a81eb3e002,e5e5afaa4adc21dd69b387dbcb91aa74,0.9753,3,6,3,False,0,train,train,False,1032,1298,
265e7f265773d27e1770a3cd3ce05677,b0ab4a0b140dced554f47ecae7a62859,0.9753,22,2,2,False,0,train,train,False,767,679,
da05399168ba25410d90c05f8f603012,dc474e15a61e861a6a14f334e10a7934,0.9753,2,2,2,True,0,train,train,False,993,1061,
120f3222f28aea27936ebacdfc0af3b6,f95c0c54f064c14c0502f2b2d12f03ba,0.9753,5,3,3,False,0,train,train,False,746,1385,
2071295e7aaa84c087939f5017e7f7b3,3aeefd7ef9247470d465682c556c0c61,0.9752,2,4,2,False,0,train,train,False,911,1434,
89fbdb6764c16e5901842b67da4b34c1,a0a19caa7f2b6ff84b3e5cf0aa3fc68e,0.9752,2,3,2,True,0,train,train,False,1202,1183,
b0ab4a0b140dced554f47ecae7a62859,e0c370969267c34db431130a881e72f4,0.9752,3,6,3,False,0,train,train,False,679,911,
d383a65adb84e2f3032f0c68246224eb,f526a2ca5612d5913984a67edabaf991,0.9752,2,6,2,False,0,train,train,False,937,470,
24c94ed90d7bc1ea0353ebf23c887536,fbb8090f001cfe840cbe84d42e70bab8,0.9751,2,4,2,False,0,train,train,False,762,994,
5c5a01104830e536fb03a7eb9bc02045,7788ddca67e3faf4da246eacc60675a3,0.9751,3,3,3,True,0,train,train,False,1223,636,
2325cbe32251cf6efe75a15e756493af,d7502ac103c3191346e8d4217809fc22,0.9751,5,2,2,False,2,train,train,False,1243,971,
dd893039103b58fddb9e41b1ad099d91,e10ff644b1121aeaf5a060e6875f7867,0.9751,7,2,2,False,0,train,train,False,1032,1298,
10cb295e2db9ac2cd1f32523b401d95a,75d6fbb7553743b1b4231df1f327de28,0.975,2,8,2,False,0,train,train,False,1255,1132,
147269cb7bcf195c64d110a4d2c8987f,e884656fcde94956590b64acd504a00d,0.975,3,2,2,True,4,train,train,False,252,1292,
375771fed439d26b5374aae3f6b1d653,376ef68c69c0f8d101868342a2d50b55,0.975,2,4,2,False,5,train,train,False,197,820,
37aba3bbad701308106b141471c063f0,38a49c3566f387a867629c5f6c31a72a,0.975,3,27,3,False,0,train,train,False,911,1132,
607fa473648e6c39d6eeaf4efcd9e898,94430d425fcce2eb8de96209bbead0c5,0.975,2,3,2,True,4,train,train,False,170,404,
61aa2232965122bd1e0d87d933bdf8bd,84ddef23ac361e8977e4673ac116b6dd,0.9749,3,2,2,True,0,train,train,False,911,1389,
e4bbe0282fbed7b4c2e82a36fec5246b,fa6569eb827fcd7108ee7f22dac0ea11,0.9749,2,2,2,True,2,train,train,False,1121,206,
366cff575902d8a3e43cf0634e05d96c,607fa473648e6c39d6eeaf4efcd9e898,0.9748,4,3,3,False,4,train,train,False,327,170,
78d0d8888cb53a305dd5931d7cdb84eb,a0b7d920c249437e4e7aea315df4a0a0,0.9748,2,4,2,False,0,train,train,False,1348,479,
310c156419ea422872c92052fddd902b,808b08eee6fcba85c15f66c78d2ad293,0.9748,23,2,2,False,0,train,train,False,1132,1298,
85fb392d25b2a8c56e054b2e3cf4b0ad,97ccf4cd87889cfd0c918eabd453ace4,0.9748,5,3,3,False,0,train,train,False,1298,371,
b65129204d2b429ad4612276e2d2dd84,c8cb1c570b772e3f7943e254ba096e9e,0.9748,3,12,3,False,0,train,train,False,1223,1026,
3ff30b9406f4c44c9b8dba47615f1fca,ccf9d24a414565e908da2e72beb306de,0.9747,3,3,3,True,0,train,train,False,1298,1200,
93b69d2902a418c407b43b1da3248c8d,b470c2276d978f63d5b1c8a5a9446212,0.9747,2,3,2,True,2,train,train,False,1253,1472,
80645c22c26e113e14fd16a0fa837f54,995df9b93db1e396b57692c6c7f1d673,0.9747,16,2,2,False,0,train,train,False,1132,891,
331df8bf3a7f766dfe45ed525040fa85,a280d60407c69e37fad4d7290ac948a6,0.9747,10,3,3,False,0,train,train,False,1298,1389,
d383a65adb84e2f3032f0c68246224eb,f28d60a3f5606122a0f412e1092c94a4,0.9747,3,13,3,False,0,train,train,False,937,1292,
09320344c2ed4da7bdf50d9f03b9e0be,685903725349cde80b2be656ab872194,0.9746,2,2,2,True,5,train,train,False,1281,1174,
3b67a134303b04e051676227c1f8c8bd,6ac47ff65ded3ec22e05cf158462c9f2,0.9746,2,4,2,False,0,train,train,False,554,1061,
67319450f16093d1be341212bc57c86f,afd44b28311688efd18669bd0d463ccd,0.9746,3,6,3,False,5,train,train,False,197,820,
d40af49780ea57bf40bd6248938a832e,e0d6698a658131c2240e15cf4f40efa1,0.9745,3,2,2,True,0,train,train,False,943,1076,
48176351db9eb0d9066ac09610039e6d,baae8c3655a07ca543a7baa09b29bb52,0.9744,2,6,2,False,0,train,train,False,1062,1290,
773e080a5857ba8c0669c435af2f1095,96415990a25ee1d758a8bc7ae97d593f,0.9744,4,2,2,False,0,train,train,False,911,456,
706a5789a3517393a583829512a1fb8d,9b238129762edd83f472e5b3abf9e639,0.9744,5,2,2,False,4,train,train,False,357,465,
89ce8e0a494db9c7ddc68dbf58729c68,a576f47b644facaa1aa60db9c41d9db1,0.9743,3,6,3,False,1,train,train,False,1389,512,
68d72c5e4c104168c1a12ef520fbed6c,8ed8da75b8a46d9e025378993e4dc41e,0.9743,4,3,3,False,3,train,train,False,598,696,
83661e7cf8613383d40115b08568fef6,86ac44c7c69cbaec3cb234023c436341,0.9742,2,15,2,False,0,train,train,False,832,1298,
24c94ed90d7bc1ea0353ebf23c887536,f32688fe7e4e02caeb04361b8e8d223c,0.9741,3,6,3,False,0,train,train,False,762,1301,
2b03baa16076f3848892001f9f5d392a,92e65cdbae33b846328b01eefe907fff,0.9741,2,3,2,True,0,train,train,False,193,1200,
2f491a451632c349642a575a9275f8d8,9cb403f9210675606bac5259b8cdc3e3,0.9741,2,10,2,False,1,train,train,False,285,644,
375771fed439d26b5374aae3f6b1d653,afd44b28311688efd18669bd0d463ccd,0.9741,3,7,3,False,5,train,train,False,197,820,
a07104de6e1e00d2afcec36c7879836f,e10ff644b1121aeaf5a060e6875f7867,0.9741,3,4,3,False,0,train,train,False,1032,1298,
700e60e9a130333e62698a1c4ef46fa0,b2e49a8c3c4609119bb4673cf74cb7bc,0.974,3,2,2,True,0,train,train,False,911,804,
91afb93637f5f86aacf904fcbe2bf5d9,ee3cb4950320fa16061f3f3519f8e08e,0.974,3,6,3,False,1,train,train,False,1132,1235,
91dd982fbff7aa72802fbd7391cd2eff,c7b5025d6ca0352a9feb0b83f3ecf231,0.974,10,2,2,False,0,train,train,False,697,1397,
9df49d12d43e709cb6b1f4c5878e8917,f9c3775b0d8868f38c4f86ca51ca84f6,0.974,4,2,2,False,2,train,train,False,1472,880,
b440e34f6b1bc9abd0844a7ed19a6b45,fab1d411448d12a807e3ded857ddeaed,0.974,17,3,3,False,0,train,train,False,1132,1397,
3188f3061a095a59f0ba6130014a3679,9f94f5b3ae0b2cf5b345a46ba1a32f1b,0.9739,2,2,2,True,0,train,train,False,425,753,
577a95c3a3a0fb362b7282fdf9311015,aa176f6d6e5674ccf6e19ef3aeb3e243,0.9739,3,4,3,False,5,train,train,False,135,548,
a07104de6e1e00d2afcec36c7879836f,cbf05dbfcf24b4fc7dded902c1ac37e3,0.9739,4,3,3,False,0,train,train,False,1032,1298,
7e424dff3f544c36ace6d9219aea34ef,af931670d9111cee444281fd1b8d1dec,0.9738,2,11,2,False,0,train,train,False,287,1056,
8bc819037a6ab2932c227d1ac800102f,f32688fe7e4e02caeb04361b8e8d223c,0.9738,3,7,3,False,0,train,train,False,370,1301,
2071295e7aaa84c087939f5017e7f7b3,afd477abb13dea3e8d517efcb19233c2,0.9738,4,3,3,False,0,train,train,False,911,1382,
db8ff1904b4dbb6dced48061856d9849,e187fc91f755db1d0885f19a0b333523,0.9738,24,2,2,False,1,train,train,False,1010,1086,
771b4d1f002ddd740017d6e4371df8d0,eebbd95489903a9882da3fc42426d001,0.9738,17,3,3,False,2,train,train,False,69,1243,
01f25f6392771aa0895dbbafba05054a,71dbcf5569584dac2aae88cf712d22b1,0.9737,2,2,2,True,3,train,train,False,724,1148,
1f722fff98986499a0aea339cd05a75d,e89fd05c02c2297653d93f9bdaa71961,0.9737,3,5,3,False,1,train,train,False,1101,1170,
3e6e4a8f49b190ff3656c6cb85dae975,d76be95baca47c31d827d59abbe132b6,0.9737,2,5,2,False,0,train,train,False,740,994,
59750807e9d7869288cc60f7c318314d,a07104de6e1e00d2afcec36c7879836f,0.9737,2,5,2,False,0,train,train,False,994,1032,
77a4c2c4f65015fe548e5c07db9e805d,78d0d8888cb53a305dd5931d7cdb84eb,0.9737,6,3,3,False,0,train,train,False,891,1348,
621f180f39962cf8dc87f62cf681200b,9aee8da9114ad6691c94054ca683777c,0.9737,30,3,3,False,1,train,train,False,1026,1028,
49cf4320931ec7b716d8782ce29c4549,a21ea7caca40bc45f043ed27ae2b573d,0.9737,4,3,3,False,2,train,train,False,880,738,
239660e9bd9561c6167ab5b46105b035,d76f1860a05496c0eb2d8c6479f9bee6,0.9737,8,3,3,False,5,train,train,False,767,1028,
196f3b66be713d67db88cd412ed8768d,20be7c34058e2f24ef3bb0cda3c376d5,0.9736,3,3,3,True,1,train,train,False,977,1298,
b440e34f6b1bc9abd0844a7ed19a6b45,c0097374d10cd4a1da1c4b1e6a86de64,0.9736,19,3,3,False,0,train,train,False,1132,832,
3d334ec1be0544fd6fff794a77631eef,eef409493827bfb3b3d0e74e156923d4,0.9736,14,3,3,False,0,train,train,False,1061,1246,
4aac539cdb139eb4549013b591084c4f,f70104d45bb1a6177e3a6826b0eaa030,0.9736,5,2,2,False,0,train,train,False,1083,1062,
6e0dbb5af39a9b7199796dbe16fc5765,e173f2b10faccbb5c9f5a0c38a2a1fd0,0.9735,2,2,2,True,2,train,train,False,229,1084,
8adde008fe7f97d5bf11b602b89a6377,9c5565193a8ab6ddc3b303bc0a9cca09,0.9735,2,2,2,True,2,train,train,False,1281,98,
4f0d03d08a5583138eaed5761f895d28,71dbcf5569584dac2aae88cf712d22b1,0.9734,3,4,3,False,3,train,train,False,724,1148,
89912d7c7ffbad7504be4a75676fa4c2,9e1d450a04253ab097601c9934fb5e6a,0.9734,3,8,3,False,0,train,train,False,359,986,
8e9fa23bd67888cbddd7203f3a2db9fe,a83b0d472cd523b9d4fb96d01dbd547e,0.9734,2,3,2,True,1,train,train,False,1100,538,
06ef49a7b77e883f089cfdd80642d6f0,b2e49a8c3c4609119bb4673cf74cb7bc,0.9734,11,3,3,False,0,train,train,False,200,804,
c14beccd6b55d7b57cbc2304987b324b,e1cbad247a96593f8ea911d0edd8cfcb,0.9734,2,10,2,False,0,train,train,False,811,1091,
91939627c20f2e47fa4be433363bfd6d,ea7279a8827f8457425682d436da34bb,0.9734,10,3,3,False,1,train,train,False,1277,1189,
04952a4d6f0309a8a317a56ad88d9145,e28c566407ff5c15179ef801e8fbfeaf,0.9733,2,5,2,False,0,train,train,False,1192,1292,
3e6e9a534a8d92999185e99dc4293bee,cee7b2752a60314af93ae14dae4124ec,0.9733,3,37,3,False,0,train,train,False,679,891,
49cf4320931ec7b716d8782ce29c4549,bebc85c00d7bbf56ebe048147b15ace4,0.9733,5,3,3,False,2,train,train,False,880,738,
5dfb4fde4486edf9f5863e61a1ba016c,87c150feed1c5b7c7b4f80739cfc1060,0.9732,3,4,3,False,1,train,train,False,1429,1269,
69a64d49e142407d3512c068889c0490,995b9aea3d7f6ccda0440b9ec2bfc058,0.9732,2,9,2,False,0,train,train,False,1316,986,
a8f2080a44dfee4946ac69a53e8ed0b1,f73836ebcc90a2855d78158b746169db,0.9732,3,4,3,False,0,train,train,False,1156,1354,
b5dfac1df6b023764367fc8f23de24f6,ba57c9eb0628f28c35722f0ebef5b620,0.9732,3,2,2,True,1,train,train,False,645,977,
265e7f265773d27e1770a3cd3ce05677,b9c08ad54a17440c8901a5d5516a53c6,0.9732,34,2,2,False,0,train,train,False,767,679,
7788ddca67e3faf4da246eacc60675a3,cd9c3b20829419695429f656fc340821,0.9732,6,2,2,False,0,train,train,False,636,1223,
026081211406349c85c3e5b4fc4b6ff0,cdddbff5034599ef91bdeb764280916c,0.9732,7,2,2,False,0,train,train,False,117,879,
3188f3061a095a59f0ba6130014a3679,738aeefd8bc05ac71e2ea552828e97da,0.9731,3,3,3,True,0,train,train,False,425,252,
5088ad926fb0b20d97de089d851dfabd,b2fae9c1a4c6991d1d01c1fb6df00476,0.9731,2,2,2,True,2,train,train,False,485,833,
026081211406349c85c3e5b4fc4b6ff0,57d5a6b61ecf835c28863f3e6e2e4fd0,0.9731,8,2,2,False,0,train,train,False,117,136,
b790c95b8efb85a4e600533cf0444937,df83132f9e6a7c8337e6cd91270f8f7d,0.9731,3,10,3,False,0,train,train,False,663,1056,
21f3767f9a827e5b9f64d2a47594ad27,f94a2f497ba431ae01c0d557d8c2a78f,0.9731,20,2,2,False,0,train,train,False,671,1384,
37aba3bbad701308106b141471c063f0,6447c06bb4e5d34646a8e0c97c10b588,0.973,8,2,2,False,0,train,train,False,911,477,
11312ffaf33b8252eef70f9274d540ac,995df9b93db1e396b57692c6c7f1d673,0.9729,26,3,3,False,0,train,train,False,560,891,
331df8bf3a7f766dfe45ed525040fa85,f746e9703e48b20b6c64c1b9dce29d8a,0.9729,18,3,3,False,0,train,train,False,1298,1356,
28e51d6764c6d71b78406be1fb53b76b,96aac9c3672cadf72e9e60d634bb145a,0.9728,2,4,2,False,5,train,train,False,65,180,
026081211406349c85c3e5b4fc4b6ff0,3e6e4a8f49b190ff3656c6cb85dae975,0.9728,9,3,3,False,0,train,train,False,117,740,
69a68245b813fb5a105dff02d32c6143,ee3cb4950320fa16061f3f3519f8e08e,0.9728,2,11,2,False,1,train,train,False,706,1235,
7e424dff3f544c36ace6d9219aea34ef,df83132f9e6a7c8337e6cd91270f8f7d,0.9728,3,11,3,False,0,train,train,False,287,1056,
714fe03e012bb674fd7f3fc8f6763c3e,cdddbff5034599ef91bdeb764280916c,0.9728,9,3,3,False,0,train,train,False,117,879,
5e9265276fdaddcc7b37bb29f1e78d04,db5eaab164a4b81f27444d1c80bc33ee,0.9728,10,2,2,False,0,train,train,False,1382,911,
e2ecc681ff1778f6fa897e95221deab8,e89fd05c02c2297653d93f9bdaa71961,0.9728,2,6,2,False,1,train,train,False,1101,1170,
250e91349b32a3a0a04153a94c9c5844,26b5257856e96a2a3d3d3e681ae13aa1,0.9727,2,2,2,True,5,train,train,False,1293,176,
28e69ed7b2c2b132b29d50a9ccaf6238,b463add08c217ce6678245a9873e38fe,0.9727,2,2,2,True,5,train,train,False,580,125,
59750807e9d7869288cc60f7c318314d,cbf05dbfcf24b4fc7dded902c1ac37e3,0.9727,3,4,3,False,0,train,train,False,994,1298,
91711a1d263ddd2559f5b91669cfcb4a,efd993cb48dce20304958c45829a3ff8,0.9727,2,2,2,True,4,train,train,False,203,1257,
ba8d55330e6d36ab991e3bf8e4e489b2,d451ec7b30cdbf594212c1bf7549a212,0.9727,3,4,3,False,1,val,val,False,688,947,
55321af8983669e2145d69e518fbc54c,9b238129762edd83f472e5b3abf9e639,0.9726,2,3,2,True,4,train,train,False,500,465,
4f06726cf77125734cf939b3ed5978ab,5568eb519a51d50f5b2ac52321a6efdd,0.9726,6,3,3,False,2,train,train,False,409,1389,
41a057757b0520ff53068b6dcce9731e,ee4492e15e54bfe1a23bc3af78158897,0.9726,14,2,2,False,0,train,train,False,911,994,
30a51ed1a47b8312c8607b32e37cce85,f1079a2a43462e7cbaa60faec097b2f6,0.9725,10,3,3,False,1,train,train,False,1298,1277,
37f2d6ab184a9f4a3d3eedf3aa35dff9,78d0d8888cb53a305dd5931d7cdb84eb,0.9724,3,5,3,False,0,train,train,False,891,1348,
0849749bd2b9fc46b88a56b4c47e4093,64d89f6270efae268f99717bfbf288e8,0.9723,2,2,2,True,0,train,train,False,119,666,
18533bc08197fa92ff063ad89ceddc89,463b0017e84cfe5ed9e1e78c99a22554,0.9723,3,5,3,False,0,train,train,False,34,746,
38c6319c29001aba4db299be8dcfb874,fc45d1e5ef73ee9ceccbe8cb04cc9f15,0.9723,2,11,2,False,0,train,train,False,477,661,
71dbcf5569584dac2aae88cf712d22b1,8bfc4eb8d494eacb561c26623b3581ac,0.9723,5,2,2,False,3,train,train,False,1148,724,
7907a6d9eb98127ed4906b37b5f52c7b,a9dc6f6175a76e18031ad38fc9c08026,0.9723,6,2,2,False,1,train,train,False,267,832,
31a3f7a3ae29edf51a356c3e8eaa023e,34159ad757c19c1bded93e4505dc2903,0.9722,3,11,3,False,4,train,train,False,1148,1008,
1dd5d88d1e936e032ebb4840b46546f3,44dc73a9af8cd93c44706b4152bb449a,0.9722,5,3,3,False,1,train,train,False,1269,286,
a394fed15005cc8a75f1d75aa4192cd8,acd9afcc1ca7c5ad56bf3a16f831b291,0.9722,3,2,2,True,0,train,train,False,126,1061,
50d2485d0802f6b27cff432ed6f8be70,d76f1860a05496c0eb2d8c6479f9bee6,0.9721,2,7,2,False,5,train,train,False,1214,1028,
97845cbd34d7c2f9ea7d76fa931f5412,c7e47afdac1930aadc6630b2ffdb161b,0.9721,2,3,2,True,2,train,train,False,1204,592,
cd7175bb0b7c06c92b99d1432c12ebe0,fb43ecf486bd7ba5e818be2e68f36a4a,0.9721,3,17,3,False,0,train,train,False,1244,1404,
059cbf902c5e42972587c8d17d49efed,e7b8d4f1978aa78ee6d5ba378a12348f,0.9721,7,2,2,False,0,train,train,False,461,1156,
17b83466a22a8a96ccf3a7cccd83068f,7a7cf950c048a74193c9420df36cff77,0.972,2,7,2,False,0,train,train,False,1192,1290,
dd918d3f330e54cd566615c46436495e,eef409493827bfb3b3d0e74e156923d4,0.972,3,8,3,False,0,train,train,False,1033,1246,
10d3ed411fb2f2e829fd5574e76160cc,e173f2b10faccbb5c9f5a0c38a2a1fd0,0.9719,2,3,2,True,2,train,train,False,229,1084,
28e51d6764c6d71b78406be1fb53b76b,ab9b00885d5960b51efd3aa59cb95269,0.9719,3,2,2,True,5,train,train,False,65,961,
196f3b66be713d67db88cd412ed8768d,30ec590d9ad752737dae45f47f2b37cb,0.9719,4,2,2,False,1,train,train,False,977,317,
331df8bf3a7f766dfe45ed525040fa85,3d5b16b57612afc445ab30c74f2b6972,0.9719,23,2,2,False,0,train,train,False,1298,1389,
4ada62a4e80e0cc01ceac327b2f5c57f,74121dc7165c19a5d72bdbe3eaeb90d2,0.9719,2,3,2,True,0,train,train,False,1383,1348,
0c16dad59425c963a1dba7a84638ece7,dd036a4ae490d912713ea354b58d8eb9,0.9719,6,2,2,False,3,train,train,False,751,1423,
e162a1681d6e6ab5bf85a7eb71ef7f95,eef409493827bfb3b3d0e74e156923d4,0.9719,3,9,3,False,0,train,train,False,1033,1246,
78d0d8888cb53a305dd5931d7cdb84eb,e7b8d4f1978aa78ee6d5ba378a12348f,0.9719,6,3,3,False,0,train,train,False,1348,1156,
09d4be69a2330cd49298bf30d29cc4e5,bb25d84b4c461fad076a63b4a048c811,0.9718,2,3,2,True,0,val,val,False,43,968,
1a2aac625091eebb572f8b74bb8d1ce2,e9df02bcca00d27da3a8088ea4e8b56c,0.9718,2,15,2,False,2,train,train,False,1061,1183,
1b04602fffd6117606d1a05efa96daaf,9c181659ec10a2d3c0d61ce45ef6d16b,0.9718,2,2,2,True,5,train,train,False,202,797,
83661e7cf8613383d40115b08568fef6,87fe5740deb9d4ef755cc157ff710cef,0.9718,3,12,3,False,0,train,train,False,832,1183,
9904b0e39429fe1c957c7c1ee53bb248,b32c022c602405cbdd8c23ab0a4773d6,0.9718,5,2,2,False,5,train,train,False,1148,520,
33deab5742944fa2f58e248c572f04d1,5e9265276fdaddcc7b37bb29f1e78d04,0.9717,2,13,2,False,0,train,train,False,162,1382,
5bd1ec348f050f3e5642a23207012a23,d8b48c0404394e83af61c15ad7eea1a3,0.9717,3,25,3,False,1,train,train,False,152,1189,
6610773ae6ab13f5fca25de96945cc4c,92e65cdbae33b846328b01eefe907fff,0.9717,2,7,2,False,0,train,train,False,193,1200,
6976004fb0e04f4435b0e1e127032881,69a64d49e142407d3512c068889c0490,0.9717,18,3,3,False,0,train,train,False,916,1316,
6baaf1d0cb562d864baedc5db3acaf11,dc2ec851fcbf594f11b023387ac15003,0.9717,2,8,2,False,2,train,train,False,218,937,
7817ae2d392ba4f6cb9104fbe70b6274,8ed8da75b8a46d9e025378993e4dc41e,0.9717,2,4,2,False,3,train,train,False,598,696,
9aa99fdb2c7e1853041be93f9c36bbab,e3306507fac36d68ea6c6e20bda23200,0.9717,2,2,2,True,1,train,train,False,439,1106,
9cc0b83fe973227ce03e633f5c6e5d8b,d60a54e0359baa5b161a897efa7e87ee,0.9717,2,2,2,True,3,train,train,False,856,1107,
2d972bda9d6baa13d47dbcfec586429e,f93152017b2e6dc0e9c6dbbf0400d438,0.9717,11,2,2,False,1,train,train,False,1356,1382,
1355acd8e4798125a040dd6d61578b1a,765ac70e1d7527d06ecb6f5b7fb2247a,0.9716,2,2,2,True,0,train,train,False,78,1385,
2ce35862db5e157ec48188318c015576,e5dcae49fce83049904699a5001ec0b3,0.9716,2,2,2,True,3,train,train,False,140,477,
3cb4631d3f2db61bfa503633d37dc45a,a5694e9a3cdc76a58c9ad784e909abcf,0.9716,2,3,2,True,4,train,train,False,794,664,
98744dbf48a8428f1cada3cd7782ac92,a279b450a867eb7acc4d2ef0731b3352,0.9716,4,2,2,False,3,train,train,False,1103,490,
4fbcad209342f96710a73a57aa14a55f,67319450f16093d1be341212bc57c86f,0.9715,2,5,2,False,5,train,train,False,820,197,
9aa99fdb2c7e1853041be93f9c36bbab,a65a095302fbc94c8e21ae65e1ccd17e,0.9715,3,2,2,True,1,train,train,False,439,1106,
c0910c1a35e06c172ab6403b20a6b9f0,ebd0b86bc3cf2b3fc044d8178f6541dc,0.9715,4,3,3,False,1,train,train,False,256,1472,
2a6d0c4bd562bb83e9863a175af50de4,d94046cd69c8102ff1e1a871077c7984,0.9714,2,2,2,True,5,train,train,False,961,1293,
49cf4320931ec7b716d8782ce29c4549,5724a6703905a9e591fe7f6017eab790,0.9714,6,3,3,False,2,train,train,False,880,1157,
2de26a8634efd177cb8b6085adcbd33b,9f94f5b3ae0b2cf5b345a46ba1a32f1b,0.9713,3,3,3,True,0,train,train,False,252,753,
3ff30b9406f4c44c9b8dba47615f1fca,c7bb258907e3d1c4cb536166645f7d52,0.9713,7,2,2,False,0,train,train,False,1298,824,
e9b16b6a3206f9a26acfb6fbeeab0458,eb6d35c149072c75cee433ec81ba7c49,0.9713,2,2,2,True,0,train,train,False,1183,1202,
144b7114a9ffe98d0318301946629813,ce6a38ef5d41129056e35b787bbba46e,0.9712,2,3,2,True,0,train,train,False,1061,1246,
2f5379bf67ca1190c7f168736d9d8efc,df83132f9e6a7c8337e6cd91270f8f7d,0.9712,2,14,2,False,0,train,train,False,287,1056,
4170f061044a480249355b4dcc4306cc,a3fa13e9535729ec9cb08f17bc8c03cc,0.9712,2,59,2,False,0,train,train,False,1061,767,
30a54c050c9eb531d2709b05ede484ce,c1f151640dce9fc4e33569700be7d52d,0.9712,17,3,3,False,0,train,train,False,1183,737,
3c978c3d50eeb3eb1dc90ec153ea3637,cd636fee80a3058dcd3f5428d997a153,0.9712,10,2,2,False,0,train,train,False,1301,1389,
00a7fb880dc12c5de82df39b30533da9,35df658da1f793bd9cab0a1ff94fdf33,0.9711,3,2,2,True,3,train,train,False,271,814,
8e9fa23bd67888cbddd7203f3a2db9fe,a766e096ab436d7ae7a55eb46a4fcf5e,0.9711,3,3,3,True,1,train,train,False,1100,538,
8adde008fe7f97d5bf11b602b89a6377,97845cbd34d7c2f9ea7d76fa931f5412,0.9711,4,3,3,False,2,train,train,False,1281,1204,
c7bb258907e3d1c4cb536166645f7d52,e5e5afaa4adc21dd69b387dbcb91aa74,0.9711,3,24,3,False,0,train,train,False,824,1298,
00a7fb880dc12c5de82df39b30533da9,034add55dd7134b7b5893d787eb5a32c,0.971,4,2,2,False,3,train,train,False,271,1306,
063db632c0ad279c9602070bea1d8dae,3aeefd7ef9247470d465682c556c0c61,0.971,3,9,3,False,0,train,train,False,994,1434,
17b83466a22a8a96ccf3a7cccd83068f,e28c566407ff5c15179ef801e8fbfeaf,0.971,3,8,3,False,0,train,train,False,1192,1292,
1b0ad4aabcc4be89e9134534ac554a19,57d5a6b61ecf835c28863f3e6e2e4fd0,0.971,3,4,3,False,0,train,train,False,117,136,
3ef789f8caa7186261ad9f77bb552c7a,ebbdc2a69a66aa07cc0b56dee6b04e8d,0.971,2,2,2,True,1,train,train,False,771,1208,
6976004fb0e04f4435b0e1e127032881,f4629ace176c759f45b68bca1ac2971d,0.971,20,2,2,False,0,train,train,False,916,1316,
12493fb2b3ab6e3a628dfff875cbb335,38abe3550726a4a1f947fd0732ded83d,0.9709,3,4,3,False,1,train,train,False,465,759,
3f1932eefb6de2c9b6666565a6b93765,9793c3c2317f38143d21a5187bb35652,0.9709,2,2,2,True,2,test,test,False,930,421,
c707c255c4694985f6f68331571bc656,c779f8e6464edd98859571efe4c0cc23,0.9709,3,2,2,True,3,train,train,False,1118,1407,
3d5b16b57612afc445ab30c74f2b6972,6eb1da90c9630e7c86f282c7eea4fe94,0.9708,3,6,3,False,0,train,train,False,1389,1301,
56b4f13d2216fa1eeb2adcb1db711c2b,7bed5662489bd913da7e9792f715c1ed,0.9708,2,32,2,False,0,train,train,False,1244,1061,
6447c06bb4e5d34646a8e0c97c10b588,6e320ef7485ec6c55962007956985821,0.9708,3,67,3,False,0,train,train,False,477,1225,
6e4122eef9edf14c7ba932cfb9321788,9f8dfe7b06ca41af4fa89f7deaf3b050,0.9708,2,2,2,True,0,train,train,False,103,1252,
28fe202d59a8ebbac9bb63ea093236d8,c500818f3a0e7d3a10a0c567e9665035,0.9708,16,2,2,False,0,train,train,False,1295,796,
196f3b66be713d67db88cd412ed8768d,d13eecf391803d164d6f0fd89f1871e8,0.9708,6,3,3,False,1,train,train,False,977,1298,
d437a7e3fa8a822dc781e7e9c5cbf06f,ee61886bdebe2748009da564edb587cc,0.9708,3,3,3,True,3,train,train,False,945,1407,
bdcf536c984be757589271cd6a80066e,eeb26ba1afa30bbf4f88d8c38b42c313,0.9708,12,2,2,False,1,test,test,False,726,1242,
5793129d5309364fe1d706764c78cf3e,78d0d8888cb53a305dd5931d7cdb84eb,0.9707,2,8,2,False,0,train,train,False,370,1348,
5b4d05a2a6b70bbb2ee716979a7fb120,9e5d11af345645e8379267b0d57a3b64,0.9707,17,3,3,False,0,train,train,False,162,461,
ac4184c39f8c07a414170dddbd84bcf6,f526a2ca5612d5913984a67edabaf991,0.9707,2,15,2,False,0,train,train,False,901,470,
b267fa5f2c3b44774f06581ac05996b7,ba57c9eb0628f28c35722f0ebef5b620,0.9707,3,3,3,True,1,train,train,False,645,977,
75835cc8ccb7fe86356cebdb35006fab,fd3a19b58724189865a7b6bf3d70232c,0.9707,4,2,2,False,0,train,train,False,1200,1433,
1e4a12af1b4c664a5f7c2b4460a1aead,90b46d166cca71d23d7158ce41f5863c,0.9706,5,3,3,False,0,train,train,False,1033,911,
acd9afcc1ca7c5ad56bf3a16f831b291,bb66f91b996df6a4a78aa9b7f3ea844b,0.9706,3,16,3,False,0,train,train,False,1061,697,
2b943dfeaa727bb8c9a6d8047350f57d,ec89dabdd536396aaad4020141dafbde,0.9706,6,3,3,False,0,train,train,False,986,1217,
7fa4634ab59a7832bc877fef162eacaa,fcaa47a2c6a94bdd2ba3618c6f0f2050,0.9706,11,3,3,False,3,train,train,False,504,1423,
3188f3061a095a59f0ba6130014a3679,fe592036b5e1fe67c781f61e6afc2e61,0.9706,5,3,3,False,0,train,train,False,425,553,
4170f061044a480249355b4dcc4306cc,c20411ec6a9141978e0712711bdfe0f0,0.9705,3,38,3,False,0,train,train,False,1061,767,
28e69ed7b2c2b132b29d50a9ccaf6238,421f3a986df6902d4d872a71bf93d6c5,0.9705,4,2,2,False,5,train,train,False,580,125,
810482a949cbe7f5cd785a1dd9f0122c,98744dbf48a8428f1cada3cd7782ac92,0.9705,3,5,3,False,3,train,train,False,303,1103,
37d3511b61cfe994b82147b5d4b09ae4,7b87b209b60e844a1b74a6e92edaa89b,0.9704,3,18,3,False,0,train,train,False,1290,470,
21708bb4798bdebb4bffb7414bce44cd,685903725349cde80b2be656ab872194,0.9704,4,3,3,False,5,train,train,False,1281,1174,
68ef1f45254c298cac176cabb6c0fe58,efd993cb48dce20304958c45829a3ff8,0.9704,3,3,3,True,4,train,train,False,203,1257,
6d5cb5353d700dfd4e6380508535e41b,789a88aa6341166fa4e3e08647d3d0e8,0.9704,2,32,2,False,0,train,train,False,225,1132,
bf1b395053b3d584ccee60148cef87b3,eb6d35c149072c75cee433ec81ba7c49,0.9704,7,3,3,False,0,train,train,False,740,1202,
808b08eee6fcba85c15f66c78d2ad293,ee4492e15e54bfe1a23bc3af78158897,0.9704,17,3,3,False,0,train,train,False,1298,994,
298d780b37c48a65e22016e482978113,5f8b30f872042fe9cc2b0b312094f156,0.9703,2,3,2,True,2,train,train,False,20,1159,
6b5ce8b4c2b7c2655752c4c561059328,a21ea7caca40bc45f043ed27ae2b573d,0.9703,3,6,3,False,2,train,train,False,505,738,
765f379ba8bbc988d29c8e706512d053,8bfc4eb8d494eacb561c26623b3581ac,0.9703,2,3,2,True,3,train,train,False,343,724,
b9af529d72fbbca473b126588296c1e5,c700a1b37758fd69f789af12118d12b9,0.9703,3,2,2,True,0,train,train,False,1223,815,
0d66a26a030e95c9de2173b476029b23,e2ecc681ff1778f6fa897e95221deab8,0.9703,4,3,3,False,1,train,train,False,1254,1101,
0b2cba7e97daa7f11ededc2ec7d67045,633389c0591bdabc6cfd4b0d4fc245e4,0.9702,3,2,2,True,1,train,train,False,1074,1414,
1d05f36a330dd277b194f98a84a08ee8,84ddef23ac361e8977e4673ac116b6dd,0.9702,2,12,2,False,0,train,train,False,162,1389,
1d05f36a330dd277b194f98a84a08ee8,977a4281401b63f74739845b3ec98023,0.9702,3,27,3,False,0,train,train,False,162,1132,
27556fdb820073abe367089a67ab87d3,dd549fc1dbc7db15b94d1a0cfd7de309,0.9702,3,12,3,False,5,train,train,False,69,1030,
2f5379bf67ca1190c7f168736d9d8efc,af931670d9111cee444281fd1b8d1dec,0.9702,3,22,3,False,0,train,train,False,287,1056,
339af1c837c6046bcf11ef8f6ee7a3c3,6a43f7e8b37e4f8a63ba3f178ef78016,0.9702,2,2,2,True,4,test,test,False,213,209,
773e080a5857ba8c0669c435af2f1095,9e03b5aae46d92a1442fd7e439b0c6bd,0.9702,11,2,2,False,0,train,train,False,911,456,
87c2116787ff620957ecc95521bc3c0f,dd036a4ae490d912713ea354b58d8eb9,0.9702,5,3,3,False,3,train,train,False,751,1423,
1d1163f720942d79ca68721d8f634914,f220b26c6610f8210cf859a46feba5c1,0.9702,16,3,3,False,0,train,train,False,1382,1290,
a21ea7caca40bc45f043ed27ae2b573d,f9c3775b0d8868f38c4f86ca51ca84f6,0.9702,7,3,3,False,2,train,train,False,738,880,
17f368585f7e3bd1a82bdfa88b85e5e1,2be0fecc99253c5c199d478c1f655579,0.9701,3,4,3,False,2,train,train,False,53,206,
26b5257856e96a2a3d3d3e681ae13aa1,f2b4695127e8d36d54b5214ac6675000,0.9701,3,3,3,True,5,train,train,False,176,1293,
298d780b37c48a65e22016e482978113,db197fde0bcf98431c68e0d443a88fe4,0.9701,3,2,2,True,2,train,train,False,20,1005,
bd8574cd5bcbedb9213ca45e8beb7561,c2306aeec8a202f0530df29f175fdc89,0.9701,3,2,2,True,2,train,train,False,633,770,
05042f83b5d00b7ca6e2b4f0a2b3add1,dabe405fe14fea8abeae766fdaa96185,0.9701,23,2,2,False,2,train,train,False,1008,1184,
494a1bf06ff096d5949754b5d31f6805,74121dc7165c19a5d72bdbe3eaeb90d2,0.97,3,4,3,False,0,train,train,False,333,1348,
1a66b4d3dbb1089891835d2698c6deec,ab9b00885d5960b51efd3aa59cb95269,0.97,4,3,3,False,5,train,train,False,65,961,
7d86c5e09004e3016838f192ecaac540,8bc819037a6ab2932c227d1ac800102f,0.9699,2,8,2,False,0,train,train,False,1348,370,
026081211406349c85c3e5b4fc4b6ff0,c18eeeb86a7027e6d3c7ca400d75c8e8,0.9699,15,3,3,False,0,train,train,False,117,762,
25961aea3db8652eeb0bbce7b0b539e0,3772be22ed5750f38e3eb653984d9b02,0.9698,3,2,2,True,5,train,train,False,180,65,
8b6bc283a0d345aaab935989639523eb,d7bd6d0c6842670b171b5592dcc1e9bd,0.9698,8,3,3,False,0,train,train,False,879,1061,
497cc4009e9ae310b54de6412cbf8b4a,dd6ded8699cc4d3bf62c7e961b8a70ec,0.9698,10,2,2,False,0,val,val,False,1129,1031,
5338e73d016150c190a2c4671919b4ba,a20eedc8f4a55e36f0bfc88bc5f8dd06,0.9697,2,2,2,True,2,train,train,False,633,770,
38abe3550726a4a1f947fd0732ded83d,a979f5e3d61ebeec3dcbe8943c9316ca,0.9697,6,2,2,False,1,train,train,False,759,546,
c704708bcb669c0198feba47bf9f2c81,e89fd05c02c2297653d93f9bdaa71961,0.9697,2,25,2,False,1,train,train,False,816,1170,
13e0eb0bb20ae07ee32ce2d6a70ed9ff,93b69d2902a418c407b43b1da3248c8d,0.9696,2,3,2,True,2,train,train,False,738,1253,
17e370eedaa11c265e5cabb3601a2fd2,9693d8e04d91297655abf8424d769bef,0.9696,2,8,2,False,1,train,train,False,966,500,
4d37cd687a4b6e52762a21f7e6b3f3c0,aecf833bf307570b6dd2b3f8d104e9c6,0.9696,2,2,2,True,4,train,train,False,528,956,
52385ac03a42f5ba4629f4c486abe591,e0ca5e9b18d9d563d7b6a4fe3d919f89,0.9696,2,2,2,True,0,train,train,False,119,1075,
687caedb62d68fd4692af68d695efc1c,700e60e9a130333e62698a1c4ef46fa0,0.9696,2,11,2,False,0,train,train,False,200,911,
84f400518ff3cba2786849ea4dc3bbfb,df83132f9e6a7c8337e6cd91270f8f7d,0.9696,3,18,3,False,0,train,train,False,804,1056,
9d6c47919e951f12b90c5df731cc68bb,e479a841de401149c4f149ebe92cec7e,0.9696,3,11,3,False,3,train,train,False,1453,1119,
1eac3c664f2d65ed9aa575797fa5a682,855256cd7062aaf319512b1648249481,0.9695,6,3,3,False,4,train,train,False,404,327,
9f8dfe7b06ca41af4fa89f7deaf3b050,bcc84573e785de42d7af076ae2b30479,0.9695,3,2,2,True,0,train,train,False,1252,712,
4f0d03d08a5583138eaed5761f895d28,a18b8758447c5791c60f0b1ae0f7a653,0.9695,5,2,2,False,3,train,train,False,724,485,
cf7f123c8b625d018cd97190a3fb3d51,f0197942d5cd986426ed3550e562d495,0.9695,2,10,2,False,0,train,train,False,1127,911,
0ecca6926d339cd17e1c3bdb3a6bdc18,a5a7c62ef1e0d28a54c2da8355447c22,0.9694,2,5,2,False,2,train,train,False,1020,1074,
275322852b2d7d5cff8a19cc5e72ff4e,d9ad3f3ed67f14c9c9b35a5c4e85400b,0.9694,3,2,2,True,2,train,train,False,474,988,
3479b69cf34e5241ddabe268dc304c56,514f766f399e03368682786c5d23f3e8,0.9694,2,10,2,False,0,train,train,False,706,1389,
6ac0b26f19900930a2ec02c9f5187b53,b28f0f94ebc50f79d1b03cf0c0baa335,0.9694,2,4,2,False,0,train,train,False,211,959,
067a25212e4e5b9eab412c274ae16df6,6b47d60ee262e38e5bf082837c3ca24d,0.9694,8,3,3,False,5,train,train,False,1118,1295,
203c6d9817fc00d1b1fdcc6eae2118b4,5daca040bbf1338462417b7a5dd820a3,0.9693,5,3,3,False,1,train,train,False,740,1348,
7e1474b005f731b6948e86fddcee7541,f746e9703e48b20b6c64c1b9dce29d8a,0.9693,3,10,3,False,0,train,train,False,1382,1356,
8033d6e0a204cb0881b3edea38f6167a,8aeccaf12d3173a0c09f873be67be5a5,0.9693,2,7,2,False,0,train,train,False,1235,1223,
23da95939f6c2de791206800db861c1c,765ac70e1d7527d06ecb6f5b7fb2247a,0.9692,3,6,3,False,0,train,train,False,215,1385,
983631022096bc36a1a690d72db6b1d3,ee2e1b4ce5e5290833a9a98da2d72c0f,0.9692,2,3,2,True,3,train,train,False,1126,1234,
a2f1af7bf2b86cdabfcffe65d8424a3a,d1071efa4e88c78030b7fb2b46217943,0.9692,3,3,3,True,0,train,train,False,1433,973,
26346b4e789c4f7c871f5f0e689b41d5,b9445f54b56479caf17cc14534d4ff79,0.9691,3,3,3,True,5,train,train,False,151,677,
409d6815cecdf483be748a75c63c0b2e,84110cd444dd25fd974e0cdcd1df8065,0.9691,2,3,2,True,1,train,train,False,740,636,
62795965d1330a135f09938efb22fb6f,b4c996e7f07d1193217664a4fbbfa704,0.9691,2,8,2,False,0,train,train,False,1137,636,
1836f6539ccc9e37d426603cc4526f8b,62bfdd9e66e2cfee7f6e69c7d22b11f2,0.969,2,26,2,False,1,train,train,False,1189,1217,
516598fef0cb4c22e42999b3df120e2c,64c46cb52749df98dafa527d439fa606,0.969,5,3,3,False,3,train,train,False,303,73,
7e7c7d39cc9b962c510facf7b92e676d,b2de71e7e1619aa395f55e9859849f2f,0.969,2,2,2,True,1,val,val,False,289,1338,
3d334ec1be0544fd6fff794a77631eef,da05399168ba25410d90c05f8f603012,0.969,30,3,3,False,0,train,train,False,1061,993,
0849749bd2b9fc46b88a56b4c47e4093,e0ca5e9b18d9d563d7b6a4fe3d919f89,0.9689,3,4,3,False,0,train,train,False,119,1075,
1dd96a0c9793cac8d8900c57c3e8a7bf,3bb8426f5536b507843d3c99ab0a5e8e,0.9689,7,3,3,False,2,train,train,False,20,409,
6ac0b26f19900930a2ec02c9f5187b53,8033d6e0a204cb0881b3edea38f6167a,0.9689,3,3,3,True,0,train,train,False,211,1235,
9d4c88beba0b2d533f205f1b615e6c7e,d7d09ab8218cfe95d21ff22df45e75ff,0.9689,2,2,2,True,2,train,train,False,451,240,
059cbf902c5e42972587c8d17d49efed,b828e67db7b84d0d18b5498c8c185874,0.9689,17,3,3,False,0,train,train,False,461,911,
516598fef0cb4c22e42999b3df120e2c,e312107a00076baeb1f1dc9497d2cee6,0.9689,7,2,2,False,3,train,train,False,303,1103,
3ef789f8caa7186261ad9f77bb552c7a,d2ddf3569a3480f94bccb1c995efd8ec,0.9688,3,2,2,True,1,train,train,False,771,1208,
6de1c3a8bc0ecbbe70b3b679ef52e776,9cd1f9700bb8591c07051ddd50ccdbe7,0.9688,2,3,2,True,2,train,train,False,228,1465,
a4effa6d0c2e32e36e45f32f9e7e4977,a6567125ec06dda3533e654d761ae78e,0.9688,2,3,2,True,5,train,train,False,508,1014,
30dfff7ddc76129a2a53329c4e52511a,a0e3a20a3cbf77644e69b241910b994a,0.9687,3,18,3,False,0,train,train,False,942,911,
5793129d5309364fe1d706764c78cf3e,b604630290e6316c1cbc586733ed08c1,0.9687,3,8,3,False,0,train,train,False,370,1202,
58accdf477bd85e51be2e67c291b0896,a3fa13e9535729ec9cb08f17bc8c03cc,0.9687,3,78,3,False,0,train,train,False,1026,767,
69f0dfb6f42c910861aa0bbb23a12639,b0ee38976e71dfbfba705974713ee612,0.9687,2,2,2,True,3,train,train,False,416,608,
21f3767f9a827e5b9f64d2a47594ad27,a0df9f687c355120bbaecf0b38d21181,0.9687,38,3,3,False,0,train,train,False,671,1384,
338e30b609bbf80246203caf63a2f0a0,b0ee38976e71dfbfba705974713ee612,0.9686,2,3,2,True,3,train,train,False,416,608,
36e1858ce9463be49695c4517cc3855c,ade269705aa33afafa0e6af6d20db6df,0.9686,2,3,2,True,1,train,train,False,694,1452,
ca1d0ba4f959e2f47667b94fa5e958c0,f9caed448e138e702ee5a2c906a671fc,0.9686,2,29,2,False,0,train,train,False,848,1389,
2ec367872ec7245522d6090ae792d6e0,a65a095302fbc94c8e21ae65e1ccd17e,0.9685,2,4,2,False,1,train,train,False,439,1106,
516598fef0cb4c22e42999b3df120e2c,a279b450a867eb7acc4d2ef0731b3352,0.9685,8,3,3,False,3,train,train,False,303,490,
cc69b5e397b5d44eb220566b0bfbed78,e187fc91f755db1d0885f19a0b333523,0.9685,2,4,2,False,1,train,train,False,1170,1086,
0849749bd2b9fc46b88a56b4c47e4093,da15226ed2a9ca5a83e831a9c57f5380,0.9685,5,3,3,False,0,train,train,False,119,1075,
098f7f7024f5c0de68e771c7273fc273,dcc20ce75933d9800e4ad6ab2943e359,0.9684,2,2,2,True,5,train,train,False,394,1022,
120f3222f28aea27936ebacdfc0af3b6,2592cfd1d3e053e519598bab9423d279,0.9684,12,2,2,False,0,train,train,False,746,34,
36e1858ce9463be49695c4517cc3855c,997973f9f9c08b7eabd1d7fe09050f00,0.9684,3,3,3,True,1,train,train,False,694,1283,
3aeefd7ef9247470d465682c556c0c61,44350cd9c0b41005308e65c2d9ee8ac1,0.9684,16,3,3,False,0,train,train,False,1434,994,
5b439c3bf2ed699b136dc5ca939873bc,78d70c1732ef444ad636a5d3e2ae733c,0.9684,2,5,2,False,5,train,train,False,151,677,
6a43f7e8b37e4f8a63ba3f178ef78016,6ad78c89d6b8feadad6d3ad85c743e32,0.9684,3,2,2,True,4,test,test,False,209,213,
184ade4deb68e6299183b68f1289ca5b,96fe9eb038ba77992ff6fd1b16ae9427,0.9683,3,2,2,True,5,train,train,False,341,417,
12493fb2b3ab6e3a628dfff875cbb335,514bd15da8c32fabbd07c8b00a147173,0.9683,4,2,2,False,1,train,train,False,465,1463,
6e0dbb5af39a9b7199796dbe16fc5765,84135442a04a1324138d1df78ed185d3,0.9683,3,2,2,True,2,train,train,False,229,1084,
d5110b3363bff16460ad266f1ce4ea06,e187fc91f755db1d0885f19a0b333523,0.9683,2,6,2,False,1,train,train,False,1010,1086,
0d66a26a030e95c9de2173b476029b23,ebc0cf09e9f77d222af0b8015c409a01,0.9683,9,2,2,False,1,train,train,False,1254,1209,
4d4b6d9c4e2ff4aef7674ac4ae960893,5252182ded15f6179aba4b367c0215dc,0.9682,2,5,2,False,0,test,test,False,963,429,
9d71b6e91cbc9477bc21247c3c13fb4d,a65a095302fbc94c8e21ae65e1ccd17e,0.9682,3,5,3,False,1,train,train,False,807,1106,
01f25f6392771aa0895dbbafba05054a,a18b8758447c5791c60f0b1ae0f7a653,0.9682,5,3,3,False,3,train,train,False,724,485,
00c46b336b5b06423fcdec1b4d5bee06,2ae687e6a07ac70f9391efc3c3a08746,0.9681,2,5,2,False,1,train,train,False,1057,1072,
0cb2ce337d1a2073f68553d15eacb3a8,efd993cb48dce20304958c45829a3ff8,0.9681,3,4,3,False,4,train,train,False,203,1257,
2592cfd1d3e053e519598bab9423d279,2fdc521c56b6cce0e7907d05a8db1f25,0.9681,3,18,3,False,0,train,train,False,34,171,
36eeee47a868b8ac66b6ece9e6372984,a7ca49c094be4bd969166477d5631a90,0.9681,3,5,3,False,5,train,train,False,1148,1118,
3858dedc8e091fc0315c50e7f8d74a56,d451ec7b30cdbf594212c1bf7549a212,0.9681,2,14,2,False,1,val,val,False,647,947,
95ceba057707ca5624053399bd2f14db,ab17f187d0cf1522c838108906131162,0.9681,2,27,2,False,0,train,train,False,1273,1132,
0ecca6926d339cd17e1c3bdb3a6bdc18,cc749cec9e37b3e141e62a6a33c6eaf3,0.968,3,2,2,True,2,train,train,False,1020,1074,
3531763820dc825219b9d6283721a959,b6b7accb239bacc0e3a8455acf3833fd,0.968,7,3,3,False,0,train,train,False,1010,651,
91afb93637f5f86aacf904fcbe2bf5d9,c6d58607cc6aeb36e4c1d65fed824e84,0.968,10,2,2,False,1,train,train,False,1132,1348,
ebbdc2a69a66aa07cc0b56dee6b04e8d,f18cbfc916ac8e35595c53c801784470,0.968,3,2,2,True,1,train,train,False,1208,1283,
02a2dcd6ad8bc1d9ad7fdc04ffb6dff3,1f43e244b01c44b24a7086ed2dee7bff,0.9679,2,2,2,True,5,train,train,False,1181,35,
3ea2b7849d7ce4fccad168565e8e669e,e9e062c3fcf872abdf5f44dc2c55345a,0.9679,2,4,2,False,2,train,train,False,155,1184,
0186f4811c9d089707d9dc7460160d88,96907a7abf71ca7e5e48b36514d6c7f2,0.9679,5,3,3,False,1,train,train,False,1,414,
da396e7a0a8a7c46f3e10c1ecf71459b,f102169b07ee29e61ed6001725f076e7,0.9679,3,3,3,True,3,train,train,False,997,1276,
9a3ad5844e796a97e725de8fa7518144,e9e062c3fcf872abdf5f44dc2c55345a,0.9679,24,3,3,False,2,train,train,False,1429,1184,
2e5002e01c53488e4f40c4a68b3cd4b6,fd3b376d8b119c3a43e93e57710616fd,0.9679,12,2,2,False,0,train,train,False,136,1434,
2e5002e01c53488e4f40c4a68b3cd4b6,64fb4585a1a2f2ec2cdfe6e0e831dddf,0.9678,16,2,2,False,0,train,train,False,136,1200,
73b0a645fdadb31c74ffba963d4350bc,f526a2ca5612d5913984a67edabaf991,0.9678,3,27,3,False,0,train,train,False,977,470,
64c46cb52749df98dafa527d439fa606,91ab816a1696123b34d31e6b8fc00315,0.9678,4,2,2,False,3,train,train,False,73,995,
65bcc0e4ef30b49600530a2c5c5e8d14,a2c5c5ae99d08d1397b05dc19a5b6338,0.9678,6,3,3,False,1,train,train,False,894,494,
40be6eabc1be4bd88eabd38aa07ac9ca,e2efdfdce6c126897cef60cde252def7,0.9677,2,2,2,True,0,train,train,False,668,1102,
6e70fa6670bda66963853ad613e8fcc5,7584a04126c380a776b9a27c23ca2a1d,0.9677,7,3,3,False,1,train,train,False,342,872,
890d0c582d769f001e95fa6f38252daf,afa9966f243d37df8f8cb04683163c89,0.9677,12,3,3,False,0,train,train,False,1061,1298,
6c1ff5288e07d67d22055a334df30094,c3f6dfc5c801b1f2aed4c9e318bd015d,0.9677,8,2,2,False,5,train,train,False,1061,1398,
06ef45756a44d6ec0301b519700bf053,57d5a6b61ecf835c28863f3e6e2e4fd0,0.9676,2,9,2,False,0,train,train,False,579,136,
2b03baa16076f3848892001f9f5d392a,b604630290e6316c1cbc586733ed08c1,0.9676,3,11,3,False,0,train,train,False,193,1202,
55b2b9388cfcde42069bee4804274884,85874a84d6fd4b14d5d9816650a6a17f,0.9676,2,2,2,True,2,train,train,False,305,375,
7fe78b22d81b42d3bc08fca264448aa0,cbf05dbfcf24b4fc7dded902c1ac37e3,0.9676,2,6,2,False,0,train,train,False,637,1298,
a979f5e3d61ebeec3dcbe8943c9316ca,c10eb86a927f359f5d1e573927f19945,0.9676,3,2,2,True,1,train,train,False,546,759,
1bd161a24fc63eed0e1bc3742e0dc7fd,fc8455773da14e90df050c6ce9f74882,0.9675,3,9,3,False,1,train,train,False,53,500,
28d634f91167158876095cfed86ec0d1,921e586c2b5c9ac5b164f2229f7ea9f6,0.9675,3,8,3,False,2,train,train,False,973,1472,
5b5ecc77a66ee3e3d5ea183b2bf81553,d088f8e0bbd26aeec7525368606a9fd4,0.9675,2,3,2,True,4,train,train,False,317,973,
6259bdf29094e9a832bb47b970ff8cce,f2b4695127e8d36d54b5214ac6675000,0.9675,2,4,2,False,5,train,train,False,176,1293,
3ef789f8caa7186261ad9f77bb552c7a,63119b7889164b2153a2ec1c829ea853,0.9675,4,2,2,False,1,train,train,False,771,1458,
2ee5b3ee58d54264c2a037ea1c0ada4b,64d89f6270efae268f99717bfbf288e8,0.9675,7,3,3,False,0,train,train,False,1298,666,
0c88d7c7033e2048b1068e208b105270,95eeb46ecc4a9693119627fedb8df55c,0.9675,4,2,2,False,4,train,train,False,14,1109,
9d4c88beba0b2d533f205f1b615e6c7e,c93a48dcf16ce84fd7276472ce356229,0.9675,3,2,2,True,2,train,train,False,451,240,
d5b260922fb628cf83d7960ef02c4e60,f6ba42262cffbab640e3da1e6c36a0e0,0.9675,2,28,2,False,1,train,train,False,1183,1356,
0373ed8a095e0a283da690de360ccc21,28e51d6764c6d71b78406be1fb53b76b,0.9674,2,4,2,False,5,train,train,False,961,65,
34decd8752d355a11b8428eef2c3b614,b600f26e7bc2daf1917e4078496d37ac,0.9674,2,2,2,True,2,train,train,False,228,1465,
593ebf6ab700617588d4570293721619,6b356b6a114a7663f2dbe960f217601c,0.9674,3,9,3,False,4,train,train,False,170,327,
6a1dcc77903fd69eda1aa8a631630e0d,a18b8758447c5791c60f0b1ae0f7a653,0.9674,3,4,3,False,3,train,train,False,681,485,
6a8bc78952e550d8374655274bf3e0fc,87bbc9137ece5aaeef9d67f6abeb99df,0.9674,2,2,2,True,0,train,train,False,260,553,
b289df6139ddbf04d953c2c01ec60405,cab3d02d82d55997dfabc99e84516de7,0.9674,3,54,3,False,1,train,train,False,622,1298,
10d3ed411fb2f2e829fd5574e76160cc,84135442a04a1324138d1df78ed185d3,0.9673,3,3,3,True,2,train,train,False,229,1084,
3153fb3c7de0d4451a51d7899b9107dc,8b45517c6411802b7f978e32cf741a33,0.9673,3,2,2,True,4,train,train,False,639,368,
0dccbb58add854759951038d5ee736ab,390b6c326276221cb3659d2132fb7d3e,0.9673,32,3,3,False,1,train,train,False,1429,1254,
3d4cb6729fd4c519f65029c56605aca3,f64bc2a754fc8d937ef7f307f381c9ef,0.9673,2,11,2,False,3,train,train,False,324,1341,
487dd5dc98d2980278b5be229dd56e60,872dc7b2f6261284df1088e4ef2f8256,0.9673,2,15,2,False,3,train,train,False,145,341,
598d897fefcc795632c3a0323dfcfe3d,a4f80816b9e11c4ac2ce7ffc2a526cd5,0.9673,2,3,2,True,3,train,train,False,430,509,
29cf9fd036abf9bb241580d247b39b1b,8d46a2e2abae5735ae3334c0b0fe8c34,0.9673,7,3,3,False,1,train,train,False,357,53,
36e1858ce9463be49695c4517cc3855c,bc79710a91205883cbaf384d689b87d7,0.9673,4,3,3,False,1,train,train,False,694,709,
134160267beeb22f782f92b728cc5abd,f90b38ef792d1763de8a25d33fdff1cc,0.9673,13,3,3,False,1,train,train,False,500,1380,
0d66a26a030e95c9de2173b476029b23,287288c13cab7312a9ced8268cad03ef,0.9672,11,2,2,False,1,train,train,False,1254,98,
6b1d4be55542e687bcfdc4d91b4078b5,765ac70e1d7527d06ecb6f5b7fb2247a,0.9672,2,10,2,False,0,train,train,False,215,1385,
3c4ae78a64e6f263d159a9fac556ec7b,753743ff6e00c61a67516723909f71d7,0.9672,10,3,3,False,0,val,val,False,186,1176,
9cc90be7db3d19f91f43a903142d5bfb,e64598d6884499b44b9bc615912f4f0e,0.9672,2,2,2,True,3,train,train,False,838,1138,
577a95c3a3a0fb362b7282fdf9311015,a54c950714ffed6411b859ac44766467,0.9672,4,3,3,False,5,train,train,False,135,548,
b604630290e6316c1cbc586733ed08c1,e9b16b6a3206f9a26acfb6fbeeab0458,0.9672,12,3,3,False,0,train,train,False,1202,1183,
5b439c3bf2ed699b136dc5ca939873bc,b9445f54b56479caf17cc14534d4ff79,0.9671,3,4,3,False,5,train,train,False,151,677,
e89fd05c02c2297653d93f9bdaa71961,ebc0cf09e9f77d222af0b8015c409a01,0.9671,46,3,3,False,1,train,train,False,1170,1209,
2a484c7522f0a5e3a41654eb2c452fd8,40f53e192b5ef10af5d9f176cb1705bc,0.967,3,4,3,False,3,train,train,False,1094,124,
374d5401159d9bf39ce20b395d82c0b4,e0d6698a658131c2240e15cf4f40efa1,0.967,2,25,2,False,0,train,train,False,581,1076,
59f2e4a9a209e933826447819f890aec,7788ddca67e3faf4da246eacc60675a3,0.967,2,23,2,False,0,train,train,False,906,636,
381d70c821fce9d79032bc113f10ec43,8cbc1d87857d1bc3eac98e09b7e10a3d,0.967,4,2,2,False,3,train,train,False,1276,997,
a5694e9a3cdc76a58c9ad784e909abcf,c4a30ab614d7d3e37e99434341191331,0.967,4,2,2,False,4,train,train,False,664,794,
ab17f187d0cf1522c838108906131162,f0a73ffe7d71950702ebd0ef7efa86cb,0.967,31,2,2,False,0,train,train,False,1132,1273,
ab106ca32e9155aa7e68eabef8e2ed59,f94a2f497ba431ae01c0d557d8c2a78f,0.967,45,3,3,False,0,train,train,False,560,1384,
0981f547380ba7b05772f3e5685b1beb,db8ff1904b4dbb6dced48061856d9849,0.9669,3,92,3,False,1,train,train,False,384,1010,
2fb988029403766a9fe962f57cefe124,f4303e98492beeae556655fdffe44d79,0.9669,2,2,2,True,3,train,train,False,973,1311,
2fe856ea963cd9d023f693db12fe696e,9f8dfe7b06ca41af4fa89f7deaf3b050,0.9669,2,5,2,False,0,train,train,False,712,1252,
374d5401159d9bf39ce20b395d82c0b4,cae520ae95d1e52de8b6df570d995a11,0.9669,3,31,3,False,0,train,train,False,581,1076,
3bdd92d91566a9719c76ca639db6a143,dd97a5aebd7c8ed6fb24da05ad92da74,0.9669,2,2,2,True,1,train,train,False,357,1034,
630ead3f5eee9ca3d292d65a785d480b,84f400518ff3cba2786849ea4dc3bbfb,0.9669,3,7,3,False,0,train,train,False,663,804,
b393b5fdb1c3810f70c422cca50ff720,dc474e15a61e861a6a14f334e10a7934,0.9669,2,10,2,False,0,train,train,False,993,1061,
1355acd8e4798125a040dd6d61578b1a,dd918d3f330e54cd566615c46436495e,0.9668,3,5,3,False,0,train,train,False,78,1033,
13e54c704fc23b77d23ea515c16bc955,ccf9d24a414565e908da2e72beb306de,0.9668,2,19,2,False,0,train,train,False,666,1200,
24f81c84fd8d2d14490060c548f7d9c1,51d0d7b3a0f1769117ed6e3d64445f33,0.9668,3,2,2,True,1,train,train,False,725,1080,
25f8b4140df3fcadc642f18b4279582d,f4df16a55805e69f7013d79eca0c46a7,0.9668,2,4,2,False,5,val,val,False,36,1324,
31e2791b5cab69a7ad81589bf9da9c4e,d6f1c51db42f3d11c7001141d7b417a7,0.9668,2,2,2,True,0,train,train,False,1311,973,
3772be22ed5750f38e3eb653984d9b02,ab9b00885d5960b51efd3aa59cb95269,0.9668,3,4,3,False,5,train,train,False,65,961,
765f379ba8bbc988d29c8e706512d053,b2ade8c8cf0f8da5d999e116da8cf41c,0.9668,6,3,3,False,3,train,train,False,343,623,
ab1f4d1aa956de906fa909f5fee8fbee,bd2272491323c5b546c210316e6209b5,0.9668,12,2,2,False,0,val,val,False,561,715,
0d66a26a030e95c9de2173b476029b23,cc69b5e397b5d44eb220566b0bfbed78,0.9668,15,3,3,False,1,train,train,False,1254,1170,
fc3c4b863c8e9defaf8f430cdee91183,ff20d2d7c321ffb900fdf00de6d2eefd,0.9668,3,2,2,True,4,train,train,False,1418,1461,
60e51083a75aa5283aadde7f110df48e,af3d444497d045a442cfe01a4269f47e,0.9667,2,3,2,True,1,train,train,False,1074,807,
7eb79f3619425b7b26f3acb5de6c3fda,f80e5b2afa3ebf635c446fa08a3d7a45,0.9667,2,5,2,False,2,train,train,False,290,1472,
196f3b66be713d67db88cd412ed8768d,a778ef2839b7492090564d78367aaddb,0.9667,14,3,3,False,1,train,train,False,977,1298,
2be0fecc99253c5c199d478c1f655579,be85e2b33823aeebfbd13873dc207ddc,0.9667,8,3,3,False,2,train,train,False,206,1057,
78d0d8888cb53a305dd5931d7cdb84eb,e561cdb33e597cb88ab37af8d677eeac,0.9667,19,2,2,False,0,train,train,False,1348,942,
846ffdd927cf1a58e0c5a2507e83d85f,ea5816321370d9d813bb7107c2ed0074,0.9667,7,3,3,False,2,train,train,False,1146,1312,
0841bb278823ec53920d723881c7afd9,f18cbfc916ac8e35595c53c801784470,0.9666,3,3,3,True,1,train,train,False,0,1283,
0b1775f64d774ab69e50fc0d7a124036,2a484c7522f0a5e3a41654eb2c452fd8,0.9666,3,4,3,False,3,train,train,False,124,1094,
2268c3174c1c0890af7ae1bae4c8cd74,4ba91dfdc9e3dadbf2a947592ec3ac0c,0.9666,2,2,2,True,5,train,train,False,203,632,
25a213edbcc763a0b37c60d060c028a6,53112d6426aa20a446eac73f72ef0458,0.9666,5,3,3,False,2,train,train,False,1159,833,
3bdd92d91566a9719c76ca639db6a143,704ca230d7cec3203271cf5fee986b9e,0.9666,4,3,3,False,1,train,train,False,357,1034,
79f2a04c4e2d558d425dc137ca300e14,92e65cdbae33b846328b01eefe907fff,0.9666,2,14,2,False,0,train,train,False,272,1200,
7fe78b22d81b42d3bc08fca264448aa0,fd3a19b58724189865a7b6bf3d70232c,0.9665,3,5,3,False,0,train,train,False,637,1433,
84d0f286cb639e7ceb3b185c62776100,a7ca49c094be4bd969166477d5631a90,0.9665,3,7,3,False,5,train,train,False,860,1118,
037504061b9fba71ef6e24c48c6df44d,b9af529d72fbbca473b126588296c1e5,0.9664,3,5,3,False,0,train,train,False,1021,1223,
59bb9950d1b0ae165609203a9bd76383,64d89f6270efae268f99717bfbf288e8,0.9664,2,7,2,False,0,train,train,False,449,666,
687caedb62d68fd4692af68d695efc1c,ecebd05f42f575630c79ca2c759246c4,0.9664,3,13,3,False,0,train,train,False,200,1223,
714fe03e012bb674fd7f3fc8f6763c3e,ca1d0ba4f959e2f47667b94fa5e958c0,0.9664,32,3,3,False,0,train,train,False,117,848,
06ef49a7b77e883f089cfdd80642d6f0,59f2e4a9a209e933826447819f890aec,0.9663,27,3,3,False,0,train,train,False,200,906,
1748c4d7cfd4014f04809b6371935286,1f73af67719cfb51ccbe7673118cacf4,0.9662,65,3,3,False,1,train,train,False,1189,1340,
9852092e24db80fb70f6fb0b4b8b9cbc,c211d5549cb4c71c25ebe6ba79ba85ae,0.9662,52,2,2,False,1,train,train,False,1254,938,
c55d70318adf126c5f91d224c00d2c01,ccf41d11135d582d9e184970c7eff9c8,0.9662,2,3,2,True,1,train,train,False,784,872,
134d69e06d397dc06ed6794b737c63fd,e3f0542a702cef736b649df9a3a98e8c,0.9661,3,7,3,False,5,train,train,False,633,1281,
0dccbb58add854759951038d5ee736ab,2626d578899ee91a14a09bab13ae8b07,0.9661,37,2,2,False,1,train,train,False,1429,977,
9c9a1315dee1ffce88d48728455c1199,a6567125ec06dda3533e654d761ae78e,0.9661,2,4,2,False,5,train,train,False,508,1014,
84110cd444dd25fd974e0cdcd1df8065,a00844370a83e216bd79a161d794c423,0.9661,6,2,2,False,1,train,train,False,636,750,
c6d58607cc6aeb36e4c1d65fed824e84,d5b260922fb628cf83d7960ef02c4e60,0.9661,5,3,3,False,1,train,train,False,1348,1183,
1d311ab3363fde90bede7d9f3919f5d8,a09f18e1b9cc5c4874d683b06dad9802,0.966,2,3,2,True,3,train,train,False,1124,478,
3ea2b7849d7ce4fccad168565e8e669e,dabe405fe14fea8abeae766fdaa96185,0.966,3,5,3,False,2,train,train,False,155,1184,
76d1bcd4b79d27c2171a0d6107b31349,ea5816321370d9d813bb7107c2ed0074,0.966,2,6,2,False,2,train,train,False,259,1312,
40f53e192b5ef10af5d9f176cb1705bc,8e10fdf7cf892cd38ba41c771557b0ce,0.966,7,3,3,False,3,train,train,False,124,545,
8ed11de0354e0571d6972983dfcefd60,e52afd1585ee4930b0005e42118a6e42,0.966,2,13,2,False,1,train,train,False,51,977,
49cf4320931ec7b716d8782ce29c4549,9601f5a50ae3847ee3248320b84606ff,0.966,14,3,3,False,2,train,train,False,880,1157,
a1f79e44db2ca88a3c1b330af1343d61,d60a54e0359baa5b161a897efa7e87ee,0.966,2,3,2,True,3,train,train,False,856,1107,
476f0dfb144aee7d5422dcc3b2b97a9f,d5110b3363bff16460ad266f1ce4ea06,0.966,8,3,3,False,1,train,train,False,1086,1010,
1d363430fe95e7bf857cd20b5759a9cb,ef5dbd7a78bc04a0a5d236739ce11f20,0.966,4,3,3,False,5,train,train,False,961,1293,
0373ed8a095e0a283da690de360ccc21,1a66b4d3dbb1089891835d2698c6deec,0.9659,3,6,3,False,5,train,train,False,961,65,
49db41e3293630f0b1a566d7c9a8f07e,61aa2232965122bd1e0d87d933bdf8bd,0.9659,2,50,2,False,0,train,train,False,525,911,
30a54c050c9eb531d2709b05ede484ce,4ce70385b1b2a8d59d8d52f303e76285,0.9659,48,2,2,False,0,train,train,False,1183,848,
5c083ab21fc57c0954468ab46aa7fb16,b2545fbd121c537ccb04c90cef91631c,0.9659,2,3,2,True,2,test,test,False,421,1027,
378e5f9c174b753e2269e584ba82a086,5e165e0f062426606dc1b5c217689129,0.9659,23,3,3,False,1,test,test,False,450,159,
8fced11c69f98368c493a9fdb733544c,9c5e3c81373fb5b89448fb66e733802e,0.9659,3,14,3,False,5,train,train,False,999,1132,
6ea2b59534558f0d4b86d1a3891d611d,ac4184c39f8c07a414170dddbd84bcf6,0.9659,25,3,3,False,0,train,train,False,470,901,
9d80974f9e453383a53d81a9d5763691,c23936489d103366825cbd33c09d921c,0.9659,5,2,2,False,1,train,train,False,1458,771,
4466722a9c574e8572224b7e853d4f53,dd52af5bb1333bb7ce33ed9ca36454b4,0.9659,6,2,2,False,2,train,train,False,1148,1029,
13e54c704fc23b77d23ea515c16bc955,fd3a19b58724189865a7b6bf3d70232c,0.9658,3,7,3,False,0,train,train,False,666,1433,
343071a8c11157ff068bfcdbc0f76ca9,6ac0b26f19900930a2ec02c9f5187b53,0.9658,3,5,3,False,0,train,train,False,959,211,
7c846f20f6dadd1b95311d19e120f438,ccf9d24a414565e908da2e72beb306de,0.9658,2,27,2,False,0,train,train,False,979,1200,
3ff30b9406f4c44c9b8dba47615f1fca,a3da6a9b33b3bbbbc3a2121a06a75ee3,0.9658,24,3,3,False,0,train,train,False,1298,547,
239660e9bd9561c6167ab5b46105b035,a8133622df02940b40d4dc7c6c0b2712,0.9658,53,2,2,False,5,train,train,False,767,477,
b5dfac1df6b023764367fc8f23de24f6,cf19c18868fc35dfd2628358ca4b73f1,0.9658,5,3,3,False,1,train,train,False,645,893,
30a54c050c9eb531d2709b05ede484ce,fd3b376d8b119c3a43e93e57710616fd,0.9658,51,3,3,False,0,train,train,False,1183,1434,
2626d578899ee91a14a09bab13ae8b07,2ad0f2857a4552a25127205fd04a5e9f,0.9657,3,18,3,False,1,train,train,False,977,911,
338e30b609bbf80246203caf63a2f0a0,53a0d392e204cdbaa181fe636dd62600,0.9657,3,2,2,True,3,train,train,False,416,608,
85b31dab1e9985ed09bc99e6797348e0,98744dbf48a8428f1cada3cd7782ac92,0.9657,2,6,2,False,3,train,train,False,490,1103,
89f8bfd1bbefd9ed29720eee5713b2c9,b376949adfafff2fd24c30c4cd27dd58,0.9657,3,2,2,True,5,train,train,False,1014,1212,
8fc10ce3188de7e919b9f08fe5e6993c,9fb84dd896f468b8bf464912b810d202,0.9657,3,7,3,False,3,train,train,False,569,1341,
0bc4086b7c5ed0463dde3926f10fc298,a295b26b9db32ad2795fcdeef1d853db,0.9657,7,3,3,False,1,train,train,False,1079,1472,
d5bf3e7b1d30bf762b03b60d88177b20,da396e7a0a8a7c46f3e10c1ecf71459b,0.9657,3,6,3,False,3,train,train,False,1276,997,
0b1775f64d774ab69e50fc0d7a124036,148fe91d0372058647fd126db36714d5,0.9656,5,3,3,False,3,train,train,False,124,545,
287288c13cab7312a9ced8268cad03ef,9852092e24db80fb70f6fb0b4b8b9cbc,0.9656,3,56,3,False,1,train,train,False,98,1254,
29717c0234da6f914f61eb927d138896,c8f5e704b9d4cc83d2ac4b7eec6d60ed,0.9656,2,10,2,False,4,train,train,False,1341,1189,
2b340c9844077ddcdf641adac5f116e3,f0197942d5cd986426ed3550e562d495,0.9656,2,21,2,False,0,train,train,False,285,911,
54c0ade41f99b4f8d141628ee9c6be50,b9af529d72fbbca473b126588296c1e5,0.9656,2,6,2,False,0,train,train,False,815,1223,
095d32f7716c9ff9892a7696d2325ea1,81adb00db7e7b3034900a1f95a4dc257,0.9656,5,3,3,False,1,train,train,False,53,1002,
aecf833bf307570b6dd2b3f8d104e9c6,cd9b8f5118bb6e5bf92edb4a5aed4455,0.9656,3,2,2,True,4,train,train,False,956,528,
28c2858a4d611799f6748464e1eb825d,b5fb7cc092dd1e0eefe0ff7d11b9e139,0.9656,6,2,2,False,5,train,train,False,548,496,
7453f914420e9b89a68dae903210b8b8,8546b73cb1496ba85aed909ee151290b,0.9655,3,13,3,False,2,train,train,False,1054,1472,
751b5369155b1086d5a5f3feeb21bdc5,764ec457d473f52c479f2abbb21ce157,0.9655,13,2,2,False,5,train,train,False,1214,1166,
00a7fb880dc12c5de82df39b30533da9,3f3aba7575fc6aed6c5512cfa3c11e86,0.9654,11,3,3,False,3,train,train,False,271,1256,
64fb4585a1a2f2ec2cdfe6e0e831dddf,da05399168ba25410d90c05f8f603012,0.9654,3,5,3,False,0,train,train,False,1200,993,
6de1c3a8bc0ecbbe70b3b679ef52e776,b600f26e7bc2daf1917e4078496d37ac,0.9654,3,3,3,True,2,train,train,False,228,1465,
aa47209a146185e3bea1fa18b904304a,b82ed1b48b3493902aa7f60e8fd6e795,0.9654,2,2,2,True,0,train,train,False,1102,668,
115bd4dfe4bfd01f17f11c13eb61a77c,9c5565193a8ab6ddc3b303bc0a9cca09,0.9653,2,13,2,False,2,train,train,False,971,98,
2268c3174c1c0890af7ae1bae4c8cd74,b48211c0c0fba52fcc8d919d03ed005b,0.9653,3,3,3,True,5,train,train,False,203,632,
3edccb2b905b03511825b5413f1ddce0,dd918d3f330e54cd566615c46436495e,0.9653,2,7,2,False,0,train,train,False,78,1033,
5d884cc90873f1f8d9e25cd126887986,e89fd05c02c2297653d93f9bdaa71961,0.9653,2,70,2,False,1,train,train,False,1209,1170,
689100903a58c5d137f281c058b85856,9c181659ec10a2d3c0d61ce45ef6d16b,0.9653,2,4,2,False,5,train,train,False,202,797,
9d2efe13ec9a77cb295d3098f869ad20,b896a5ef96069f889c0e72c59e48b917,0.9653,2,2,2,True,4,train,train,False,1148,670,
0bc4086b7c5ed0463dde3926f10fc298,bbc3af10b2b28e237b786efa802e226f,0.9653,10,3,3,False,1,train,train,False,1079,872,
a5a7c62ef1e0d28a54c2da8355447c22,beaeb46f623d7739758358065ecb0bab,0.9653,12,3,3,False,2,train,train,False,1074,736,
049813f2cb407d0db60d6e671af6415b,88fcb6de1ead418b238f198a635179c0,0.9652,3,4,3,False,4,train,train,False,82,1298,
51be6e37c81a33e80ec75248f001fab8,e7043a7f067f15e7a833df1f0e9c7a7a,0.9652,2,2,2,True,3,train,train,False,580,1148,
4059e344d07af05771b57fc3c89a7549,5338e73d016150c190a2c4671919b4ba,0.9652,5,3,3,False,2,train,train,False,1229,633,
5d884cc90873f1f8d9e25cd126887986,c704708bcb669c0198feba47bf9f2c81,0.9652,3,10,3,False,1,train,train,False,1209,816,
07aa4a923f58d02bd7c43c50491673d9,6ee0840e4cec3865e228b5f96fe0b188,0.9652,4,3,3,False,2,train,train,False,1312,259,
ab807d486725cdf5c662257d7a77d4de,b2fae9c1a4c6991d1d01c1fb6df00476,0.9652,3,6,3,False,2,train,train,False,485,833,
a6567125ec06dda3533e654d761ae78e,b376949adfafff2fd24c30c4cd27dd58,0.9652,5,3,3,False,5,train,train,False,1014,1212,
25a213edbcc763a0b37c60d060c028a6,c89f71d6c8fdc1bce0a230bdb46935fd,0.9652,7,2,2,False,2,train,train,False,1159,831,
5252182ded15f6179aba4b367c0215dc,d691b50f9a08b2e6b9731add26f4e8a2,0.9652,11,2,2,False,0,test,test,False,429,963,
1dd96a0c9793cac8d8900c57c3e8a7bf,db197fde0bcf98431c68e0d443a88fe4,0.9652,10,3,3,False,2,train,train,False,20,1005,
184ade4deb68e6299183b68f1289ca5b,2daec36424a8f2afeaa4aad3d33a1589,0.9651,8,2,2,False,5,train,train,False,341,417,
0bc4086b7c5ed0463dde3926f10fc298,0cee71ab57422e04f76e09ef2186fcd5,0.965,12,2,2,False,1,train,train,False,1079,872,
52385ac03a42f5ba4629f4c486abe591,6392947d42a28861f68363b1f2e536e5,0.965,3,6,3,False,0,train,train,False,119,1298,
ac8dd5aad49e4404fb74adb43e041a9a,c8b125a6ec7dae848e5a0617cbb395f7,0.965,4,2,2,False,1,train,train,False,1159,833,
2ca8a7fcf79d56c8e9fd54cdfabc402c,a54c950714ffed6411b859ac44766467,0.9649,3,5,3,False,5,train,train,False,108,548,
24f81c84fd8d2d14490060c548f7d9c1,630cd3bb436af3e09290f7f4458b8f60,0.9649,4,3,3,False,1,train,train,False,725,1080,
673035951194fa335f11d0bb408449de,8d69850040ca70588cb37e7f0bc70390,0.9649,3,14,3,False,0,train,train,False,1217,554,
07aa4a923f58d02bd7c43c50491673d9,76d1bcd4b79d27c2171a0d6107b31349,0.9649,5,3,3,False,2,train,train,False,1312,259,
208025030fedd3a2e858890eff150f36,e4bbe0282fbed7b4c2e82a36fec5246b,0.9649,5,3,3,False,2,train,train,False,206,1121,
6c1ff5288e07d67d22055a334df30094,fab7172275db33a4e186e6deeb435a7b,0.9649,13,3,3,False,5,train,train,False,1061,1398,
2a8a6a2ae403793e716160d1bf5b5441,337917b03be19ec176ed5b3e77f6e55b,0.9648,6,2,2,False,2,train,train,False,1157,880,
5a46e8adec9c72070618f776583dd581,e696a20c83939434527ea9a8b4d26d24,0.9648,2,29,2,False,0,train,train,False,1298,1192,
30353f220e31776ecc7610f803d9b6d4,7bb1820c1aa24e37399fdf647a1ed64a,0.9648,5,2,2,False,1,train,train,False,70,1253,
516598fef0cb4c22e42999b3df120e2c,85b31dab1e9985ed09bc99e6797348e0,0.9648,11,3,3,False,3,train,train,False,303,490,
65a653ff2eae408f815ffce6898173ca,97b7f54f14c7755f68592de20ea662b1,0.9648,4,3,3,False,3,train,train,False,817,483,
375771fed439d26b5374aae3f6b1d653,bf1d001ccf13938721098d0f5f3ab546,0.9648,11,3,3,False,5,train,train,False,197,741,
a5694e9a3cdc76a58c9ad784e909abcf,c4e0ad6ea862813515ef53b70ad8021e,0.9648,5,2,2,False,4,train,train,False,664,794,
4be06d7d1bc7ea4676a57de44d76f76c,c93a48dcf16ce84fd7276472ce356229,0.9648,4,3,3,False,2,train,train,False,451,240,
7e7c7d39cc9b962c510facf7b92e676d,f61ec97dd1808dd49436c25aac6e0c4c,0.9648,5,2,2,False,1,val,val,False,289,1338,
2ec367872ec7245522d6090ae792d6e0,b8f511d4afc6bed859861487f76a14d0,0.9647,3,2,2,True,1,train,train,False,439,1074,
2fc6bf2ccab59b08bb4b3cb2ee0602d9,eea0cd8ab449057ce50b7d411b63d6e3,0.9647,2,4,2,False,3,val,val,False,338,1240,
54126c6e72a07999bc079390f3af679b,78ad8ce5fe537a97afaf19db3e99628b,0.9647,7,2,2,False,1,train,train,False,211,952,
a4effa6d0c2e32e36e45f32f9e7e4977,da998451f0bdaf4e16b7b41c0881fcba,0.9647,3,3,3,True,5,train,train,False,508,1303,
0cb2ce337d1a2073f68553d15eacb3a8,cc759aa48c28b7711bfbfc7ebbbd762d,0.9647,4,3,3,False,4,train,train,False,203,1257,
36dd11dbc0aba4413623bdc44775e6fe,f02badb2b1c69c914644ea89c3c5846f,0.9646,3,3,3,True,5,train,train,False,210,567,
2de26a8634efd177cb8b6085adcbd33b,6523c91279b338c2527c4fb6c80ab542,0.9646,8,3,3,False,0,train,train,False,252,753,
dd6ded8699cc4d3bf62c7e961b8a70ec,e52c5685f6ebafcd377918e583486cb8,0.9646,3,12,3,False,0,val,val,False,1031,1129,
204a1ddef1580e571872b2d4e424b4fe,50385e37db3576fbc30b26f7258921cd,0.9645,3,3,3,True,2,train,train,False,390,113,
0c841425404c56ae1115867cd37a2bdb,48b90b806560b21a02cbfcea8a2b3977,0.9645,13,2,2,False,0,train,train,False,10,973,
250e91349b32a3a0a04153a94c9c5844,6259bdf29094e9a832bb47b970ff8cce,0.9645,4,3,3,False,5,train,train,False,1293,176,
a9ff261ddbae34cbbb6b5d5c0f2d1ce6,c552cbc6d2aa2c35dcf0e005ebd37102,0.9645,2,4,2,False,2,train,train,False,620,69,
08e90c44bcfe29aa64beff429f94e291,e89fd05c02c2297653d93f9bdaa71961,0.9644,2,82,2,False,1,train,train,False,816,1170,
63405137826f43487be86096f7191a76,812a1113758fbc57bd0dfd6fd6d9a1a4,0.9644,3,2,2,True,0,train,train,False,479,1183,
26bc992079d504e172e50fb565915bf7,c6d41e8b7c2c101b9a927d4f403ec451,0.9644,8,2,2,False,0,train,train,False,1269,812,
1a4ca4766f17d9244e867783c042fb53,b460d9967f78062cb285d1bf3bb62d6d,0.9643,2,2,2,True,2,train,train,False,1472,1299,
337917b03be19ec176ed5b3e77f6e55b,a48e97856c956d50cc4f522574cd37fb,0.9643,3,6,3,False,2,train,train,False,880,505,
3916b0e11e209f1afa4cbcadb3f1b9dc,9269a7b94ac73d384512a87c1b38fd5a,0.9643,2,2,2,True,5,train,train,False,312,731,
4ce70385b1b2a8d59d8d52f303e76285,767cafac7ddffdb276f3f31b61c1b7ea,0.9643,3,31,3,False,0,train,train,False,848,737,
2ee5b3ee58d54264c2a037ea1c0ada4b,a3fcf7e4e09f8910e49ecc061b5d8c17,0.9643,8,2,2,False,0,train,train,False,1298,502,
122bad4033a205ea7a3963d2fd585e89,6a8bc78952e550d8374655274bf3e0fc,0.9642,3,3,3,True,0,train,train,False,465,260,
7e33e3ef6468638fc307b42f5b78e98e,fd3b376d8b119c3a43e93e57710616fd,0.9642,2,7,2,False,0,train,train,False,1298,1434,
298d780b37c48a65e22016e482978113,fae6996aeed84a9a75cbe726be46bab3,0.9642,6,2,2,False,2,train,train,False,20,1159,
3916b0e11e209f1afa4cbcadb3f1b9dc,a14885c7da6514c0523a6977e2b205a4,0.9641,3,3,3,True,5,train,train,False,312,1309,
59bb9950d1b0ae165609203a9bd76383,dacdcb2643b7fb7038e1f41cb31b4932,0.9641,3,2,2,True,0,train,train,False,449,1062,
13e0eb0bb20ae07ee32ce2d6a70ed9ff,5a112beb1fb4921df86062b489f41928,0.9641,6,2,2,False,2,train,train,False,738,1253,
91c2e90cf320a9e3cbaeee14fd3b44e3,fa741c964934cb194701d6630356adb0,0.9641,2,4,2,False,3,train,train,False,991,1395,
a394fed15005cc8a75f1d75aa4192cd8,ada7c1420efe8ad02c918ac619c30d37,0.9641,8,3,3,False,0,train,train,False,126,579,
06ef49a7b77e883f089cfdd80642d6f0,d067d3241f1340c9c54c1b78a5a780cf,0.9641,30,2,2,False,0,train,train,False,200,906,
5daca040bbf1338462417b7a5dd820a3,d38a9db63e100d405ddb1a932b53d92f,0.9641,11,3,3,False,1,train,train,False,1348,938,
2ca8a7fcf79d56c8e9fd54cdfabc402c,db63c8584fb19a4425c8c80d86217af7,0.9641,7,2,2,False,5,train,train,False,108,1008,
060121a06476ef401d8a21d6567dee6d,7584a04126c380a776b9a27c23ca2a1d,0.964,2,10,2,False,1,train,train,False,1159,872,
115bd4dfe4bfd01f17f11c13eb61a77c,97845cbd34d7c2f9ea7d76fa931f5412,0.964,3,16,3,False,2,train,train,False,971,1204,
1f60da87c3550bcd5f66be5f76416113,2ad0f2857a4552a25127205fd04a5e9f,0.964,2,36,2,False,1,train,train,False,1354,911,
553fa72290f35f2cb58beef577855ad8,c8a09a4ef05f4b37037251a76d8f5d68,0.964,2,2,2,True,3,train,train,False,129,1124,
7dc96e4c875886e486b787b3787249ac,ec009ae101199666b6840588867fc1d6,0.964,2,3,2,True,5,train,train,False,455,1212,
81750e90bca04910ea17513321e4a204,b267fa5f2c3b44774f06581ac05996b7,0.964,3,7,3,False,1,train,train,False,893,645,
24c0f0bf150365059c0e8a4e1fef058b,8495f8040d55ab4ac000fd91a137b0e1,0.964,5,2,2,False,3,train,train,False,856,321,
9dc28ee23b2f728632e3ac9c1421e23b,ef9853b01c42ddaeaad2b6261652f13e,0.964,3,32,3,False,0,train,train,False,1061,1255,
b02d2e1a8b84a4e0786a8fbd2775d767,be24de51dde9ba0c9808dd4bbd28dda3,0.964,2,2,2,True,5,train,train,False,632,731,
30dfff7ddc76129a2a53329c4e52511a,aba474656aab9e8efc7c8c512fc1fb48,0.9639,6,2,2,False,0,train,train,False,942,1018,
1d311ab3363fde90bede7d9f3919f5d8,1d33889037497d32695ac48a786af6d5,0.9638,3,3,3,True,3,train,train,False,1124,478,
4695453e7447f0c2266995c8dc4c0f78,c8a09a4ef05f4b37037251a76d8f5d68,0.9638,2,3,2,True,3,train,train,False,129,1124,
2a484c7522f0a5e3a41654eb2c452fd8,6966c2b9fa1ae59141ab221b32d878cf,0.9638,5,3,3,False,3,train,train,False,1094,736,
7db49c48802f5608f38c993982b1dcec,cd9b8f5118bb6e5bf92edb4a5aed4455,0.9638,2,4,2,False,4,train,train,False,956,528,
8b45517c6411802b7f978e32cf741a33,b4f14cae24e001bad06e5a7e42f1002b,0.9638,3,4,3,False,4,train,train,False,368,639,
a308ca65706ab18e463dbfa9b0c12e3a,d18c24df948f2d59ce38b6c97a0045d0,0.9638,5,2,2,False,4,train,train,False,1431,315,
275322852b2d7d5cff8a19cc5e72ff4e,d238858042506302cfc15c63db81341b,0.9638,7,3,3,False,2,train,train,False,474,988,
825c6002ff3ab0e041ebd7025ba41b4f,e561cdb33e597cb88ab37af8d677eeac,0.9638,30,3,3,False,0,train,train,False,651,942,
0c26185c4a50226bc489999b62860aab,ec3ec6bac5536595a5837020eb0fa482,0.9637,3,2,2,True,3,train,train,False,515,1216,
208025030fedd3a2e858890eff150f36,24018895d65de3eab9c2f29b071bf2e8,0.9637,6,3,3,False,2,train,train,False,206,798,
3edccb2b905b03511825b5413f1ddce0,765ac70e1d7527d06ecb6f5b7fb2247a,0.9637,3,14,3,False,0,train,train,False,78,1385,
c8b125a6ec7dae848e5a0617cbb395f7,f55f2ee739e6885b33a64d5171b7706c,0.9637,3,3,3,True,1,train,train,False,833,1330,
044b0937a90ecc3347acac21e9cd39f6,bd4b881106dd6a8658ee1e9afdb1844f,0.9636,2,2,2,True,5,train,train,False,401,718,
29b03a7c58dbdb44f46d936788d8eb66,650dabf1b46d9fd75380b11c772e6bf6,0.9636,2,3,2,True,3,train,train,False,1148,271,
98c9716452737dafd3a149eb32aeee29,a4f80816b9e11c4ac2ce7ffc2a526cd5,0.9636,2,5,2,False,3,train,train,False,430,509,
c552cbc6d2aa2c35dcf0e005ebd37102,e70a78a696e2e294dc4ebaf48c449804,0.9636,7,3,3,False,2,train,train,False,69,500,
85874a84d6fd4b14d5d9816650a6a17f,ea60e3c915ba5b5c9a8baa619e3752bc,0.9636,6,3,3,False,2,train,train,False,375,322,
487dd5dc98d2980278b5be229dd56e60,7b0067248bea443b4d8c135e4b626028,0.9635,3,14,3,False,3,train,train,False,145,341,
5816a0df3d7ee85e541bc091cd279e9b,78d70c1732ef444ad636a5d3e2ae733c,0.9635,2,6,2,False,5,train,train,False,297,677,
6329256633b051f1e2b903afa9b5ef26,97425535f7cd9edbfdcebb3d9fdce17b,0.9635,3,2,2,True,4,train,train,False,913,731,
25a213edbcc763a0b37c60d060c028a6,64486f84f721d5873cc034802f8c31bc,0.9635,10,3,3,False,2,train,train,False,1159,1148,
511a33b7aeb1153407ed2d55cae001c8,8e1caeb7b30b4cf3b1d07e777aca6a67,0.9635,7,2,2,False,1,train,train,False,1285,379,
64fb4585a1a2f2ec2cdfe6e0e831dddf,9d4865f39effefd5da1afb0bb01157b1,0.9635,7,2,2,False,0,train,train,False,1200,1033,
bc9c6686eeb1ee886d3b461b2f584760,e0ca5e9b18d9d563d7b6a4fe3d919f89,0.9635,2,7,2,False,0,train,train,False,977,1075,
6465a5ab1539fe69d2392408606dfade,db63c8584fb19a4425c8c80d86217af7,0.9635,5,3,3,False,5,train,train,False,1281,1008,
1dd5d88d1e936e032ebb4840b46546f3,ddbeff8437def5f80c4890b394711ec2,0.9635,39,3,3,False,1,train,train,False,1269,108,
337917b03be19ec176ed5b3e77f6e55b,e7c1f39c7be220aa89d07d03514c85df,0.9635,5,3,3,False,2,train,train,False,880,1157,
08e7beb9ca5dbe53b59cbb27639bffcf,28e69ed7b2c2b132b29d50a9ccaf6238,0.9634,3,12,3,False,5,train,train,False,1270,580,
321b013478d7d444ba897b75e9f71805,5ed6b9a9612f58fb7a5ed2c9b9b32fe4,0.9634,4,3,3,False,3,train,train,False,1407,945,
7bd0182b68e2eaafde6ed8ad0dd6e3bf,84c489d89dcbf2ceeba8a30147b9e79b,0.9634,3,3,3,True,1,train,train,False,1283,694,
b74f213d6ea14c190b0f65a953d662dd,f102169b07ee29e61ed6001725f076e7,0.9634,3,4,3,False,3,train,train,False,997,1276,
29b03a7c58dbdb44f46d936788d8eb66,a1623edb50042b97567bc9662436c264,0.9633,3,3,3,True,3,train,train,False,1148,483,
3482a1ac6b5279fb56a14504a6c9fed2,53fd8c8bf3e1a9cc53ee823331428bc2,0.9633,2,3,2,True,0,train,train,False,221,911,
5a46e8adec9c72070618f776583dd581,7a7cf950c048a74193c9420df36cff77,0.9633,3,39,3,False,0,train,train,False,1298,1290,
18157fa5a744739d34a3c498e4aa8dab,6a452b5662c18fdefc5dd4c8669eb781,0.9633,5,3,3,False,5,train,train,False,1373,210,
67e16e12cd58ddb642e5e2412b5807dc,7df260d73a124534f81a62768190ba8b,0.9633,7,3,3,False,2,train,train,False,832,285,
096e33f3e3733cf2d584ec362c4e26b7,44dc73a9af8cd93c44706b4152bb449a,0.9632,2,40,2,False,1,train,train,False,40,286,
162cd4fc05480042f1429d3eaed599d8,294ceada24790459c1b9d4392fb07f4c,0.9632,3,2,2,True,5,train,train,False,122,595,
27a0805c02fc2d0fa9baff39ab5f36d6,6f5722cf3b8e5a90dc1e0eff127c4632,0.9632,3,60,3,False,0,train,train,False,1008,1183,
30dbd061bed3964c478e64269bb5870e,3ed6a37e2e5a9a48ebfe9a8f6e2f1a39,0.9632,2,2,2,True,5,train,train,False,970,313,
48b90b806560b21a02cbfcea8a2b3977,b0ba9ace7fe4fb08dd1538d83425ec94,0.9632,3,3,3,True,0,train,train,False,973,666,
83300a2310d4bcca4194a54e5c276af0,86983b5439f4a111cf6173c634302531,0.9632,2,3,2,True,5,train,train,False,312,595,
f4579a30dc195784ed21d13c601a2677,f9c41c926032f8ec5db4c05b86dd2749,0.9632,2,2,2,True,4,train,train,False,1314,1388,
0550b23f29085f41b10d165a46ad4371,1c6073151697059354f3b8b03d9c4c8e,0.9631,12,2,2,False,5,train,train,False,1028,1166,
40d8910aae2678a68e643f3e01cceb1d,d98de7b36e1362dfa74903ec96e53c15,0.9631,3,71,3,False,0,train,train,False,221,986,
51ea992db967a0b925588ee2eee322ab,75835cc8ccb7fe86356cebdb35006fab,0.9631,2,19,2,False,0,train,train,False,117,1200,
50d2485d0802f6b27cff432ed6f8be70,764ec457d473f52c479f2abbb21ce157,0.9631,20,3,3,False,5,train,train,False,1214,1166,
774c9b631a29f191836b1078a6c3a67c,d9ad3f3ed67f14c9c9b35a5c4e85400b,0.9631,2,14,2,False,2,train,train,False,729,988,
1e1f00a9410f29e4d4c9920530d883c0,9269a7b94ac73d384512a87c1b38fd5a,0.9631,6,3,3,False,5,train,train,False,135,731,
25a213edbcc763a0b37c60d060c028a6,9772703b74227547ad49265a1f70b9c5,0.9631,11,2,2,False,2,train,train,False,1159,1029,
16a9e8227156e2d8598cd22e633610be,a5e35549c722d53da64190d30859d7f3,0.9631,9,3,3,False,1,train,train,False,1472,1074,
34decd8752d355a11b8428eef2c3b614,9cd1f9700bb8591c07051ddd50ccdbe7,0.963,3,6,3,False,2,train,train,False,228,1465,
778bd33e4eb7fbc28402051743b78aa2,f5d72b1f141a139c46446d263ceb5e7c,0.963,3,6,3,False,5,train,train,False,1105,1337,
2ae687e6a07ac70f9391efc3c3a08746,81862fbd04fd29d4ce360c92e7663b7f,0.963,13,3,3,False,1,train,train,False,1072,778,
4466722a9c574e8572224b7e853d4f53,9772703b74227547ad49265a1f70b9c5,0.963,8,3,3,False,2,train,train,False,1148,1029,
1b86a85640e5832e6b27d89c8f99adf9,e7db63dae4f1dbcfe945651219d34674,0.9629,2,2,2,True,3,train,train,False,755,1158,
57fedc6c794b7ef4e0011fb9882ccaf9,9591a44ee456707bdc1def93f0007c35,0.9629,2,7,2,False,3,train,train,False,345,410,
59afbd8eceb90a30ccfb99eb039fa5eb,71dbcf5569584dac2aae88cf712d22b1,0.9629,3,35,3,False,3,train,train,False,140,1148,
6aff87e11871f4ce9682eec497239c71,def34835d0079f5fdd5bfd81b01ff7ee,0.9629,3,4,3,False,3,train,train,False,68,1048,
3edccb2b905b03511825b5413f1ddce0,6b1d4be55542e687bcfdc4d91b4078b5,0.9629,4,3,3,False,0,train,train,False,78,215,
77a8d4500bd331027b965e1b1e581ab1,f999e08da2e822cceea24d7201eec2bc,0.9629,3,3,3,True,1,train,train,False,98,555,
7c86ff19f62a250146e4a6c55168e0b9,b2de71e7e1619aa395f55e9859849f2f,0.9629,3,5,3,False,1,val,val,False,289,1338,
af71c423997e01b837567d16bcced649,b73bbfdac8fa640a792316345615b313,0.9629,2,4,2,False,5,train,train,False,595,659,
0c88d7c7033e2048b1068e208b105270,e3a34f11358350448279e275774a0263,0.9629,6,3,3,False,4,train,train,False,14,1109,
226301ee1193716a8079c58d8669b4f9,dc474e15a61e861a6a14f334e10a7934,0.9628,2,25,2,False,0,train,train,False,193,1061,
3605ec5ecd6cd8f36a046746b1888cad,c74e766851d12e6c5775f1dacbe3843d,0.9628,3,4,3,False,1,train,train,False,61,818,
1a66b4d3dbb1089891835d2698c6deec,63a41234a703cd382686631e0dde6986,0.9628,7,3,3,False,5,train,train,False,65,180,
689100903a58c5d137f281c058b85856,c507324c055ea7ec7a235159dc97675e,0.9628,3,3,3,True,5,train,train,False,202,797,
3aeefd7ef9247470d465682c556c0c61,88ef695f58a55195f0730b4090583f4c,0.9628,61,3,3,False,0,train,train,False,1434,355,
5b5ecc77a66ee3e3d5ea183b2bf81553,a82ab9e22ff10be0575503d3262a1a61,0.9628,4,3,3,False,4,train,train,False,317,1049,
be1573a19286fcb2ab6fa14b32bd68a6,f88e932503d0e42467edb710bb8b9c46,0.9628,3,35,3,False,0,train,train,False,730,911,
068b0e3be4c35ea983f77accf8351cc8,1fc2550b52a90b15a9b20484c012b6dc,0.9627,3,4,3,False,3,train,train,False,1258,366,
1f60da87c3550bcd5f66be5f76416113,aef2f50710677c1204538d88d3475e63,0.9627,3,31,3,False,1,train,train,False,1354,1429,
403b430abd712f623f549ec1bba52c4d,d7bd6d0c6842670b171b5592dcc1e9bd,0.9627,2,26,2,False,0,train,train,False,100,1061,
095d32f7716c9ff9892a7696d2325ea1,691ff411542b91ee34c47726a5665c47,0.9627,9,3,3,False,1,train,train,False,53,206,
8033d6e0a204cb0881b3edea38f6167a,aa5f6291ddf9631c11f89925308051ed,0.9627,9,2,2,False,0,train,train,False,1235,551,
ac07fd6531d7536124ceab1990d5227d,b02d2e1a8b84a4e0786a8fbd2775d767,0.9627,6,3,3,False,5,train,train,False,1337,632,
cf2d2942b89d99574da83a3dea91d8fe,f5688ca07c152e6777383cc871031692,0.9627,2,3,2,True,3,train,train,False,896,1331,
095d32f7716c9ff9892a7696d2325ea1,1c96795fe1c10e5bdd3911731edfc623,0.9626,10,2,2,False,1,train,train,False,53,1002,
1f060ebd06b1a771a40c42acf064f694,765f379ba8bbc988d29c8e706512d053,0.9626,3,18,3,False,3,train,train,False,623,343,
19f3f3265bd80f1ee68cff968541639a,2314634bf328b5e24bc7a5a3d82c08ee,0.9626,9,2,2,False,0,train,train,False,987,911,
1bd161a24fc63eed0e1bc3742e0dc7fd,6a4705f723c23536d58a72341e0eac1f,0.9626,8,2,2,False,1,train,train,False,53,1364,
d8530375294e4c94c9c2aa2c7f79c13c,ea72eb500f523697eee190bcedc8f0dd,0.9626,2,5,2,False,3,train,train,False,980,1190,
1c96795fe1c10e5bdd3911731edfc623,a2c5c5ae99d08d1397b05dc19a5b6338,0.9625,3,10,3,False,1,train,train,False,1002,494,
3b5b3a2cc026cf58cc19bfa66b4873e3,7788ddca67e3faf4da246eacc60675a3,0.9625,2,53,2,False,0,train,train,False,1393,636,
aeec9f0bc83c16e7128b26e41a4d7ff4,fc115a1b3e831ab2e51576d7e9a8b630,0.9625,3,10,3,False,4,train,train,False,589,820,
c6fa52130011bd3d19b0222fce73ecad,ccc369b1011a0bf8ab0d11b2ac495bc8,0.9625,7,3,3,False,3,train,train,False,814,870,
0214df71ae527e2144021178c453d204,129065b74e139bb331d985027c1da317,0.9624,3,4,3,False,5,train,train,False,1373,210,
0aa6472328e4807ba54a807b8332da0f,5daca040bbf1338462417b7a5dd820a3,0.9624,3,13,3,False,1,train,train,False,758,1348,
75835cc8ccb7fe86356cebdb35006fab,79f2a04c4e2d558d425dc137ca300e14,0.9624,20,3,3,False,0,train,train,False,1200,272,
9c5e3c81373fb5b89448fb66e733802e,a4514f8a6800bf122ae746c4f573ee6f,0.9624,36,2,2,False,5,train,train,False,1132,1389,
a7d5887200c7cea7046aa1adad829a1b,bd044fc0a6c80e3f94bdbefb3d36cdff,0.9624,2,16,2,False,2,train,train,False,872,1146,
b4375e422395f7dfdaa2619d18929446,ea72eb500f523697eee190bcedc8f0dd,0.9624,2,6,2,False,3,train,train,False,630,1190,
a7ca49c094be4bd969166477d5631a90,b5fb7cc092dd1e0eefe0ff7d11b9e139,0.9624,18,3,3,False,5,train,train,False,1118,496,
8d2d81395c6a14a4683d92b7db8bf18b,d2c964910e2e8295fc329dd57918986f,0.9624,6,3,3,False,2,test,test,False,1113,930,
51241cdb2f2dfd0093b8448f4a0e00d9,f236820cf87ca90929a81b8f4b2a3e3e,0.9624,4,3,3,False,0,train,train,False,762,1348,
53c42a394b9b949e8fe7c66df360aa5e,a5bf2186e2c5cfde1fad60a058d91364,0.9623,2,4,2,False,1,train,train,False,1148,520,
337917b03be19ec176ed5b3e77f6e55b,8ef59d7cb53bf92b5c589f7377edb0d7,0.9623,6,2,2,False,2,train,train,False,880,1157,
bdeb7ab6c22749f3a39e5a88ee4a0fa4,d238858042506302cfc15c63db81341b,0.9623,2,7,2,False,2,train,train,False,729,988,
4520cef8cba78d1b80ed7de894c416b5,8546b73cb1496ba85aed909ee151290b,0.9622,3,20,3,False,2,train,train,False,950,1472,
76646d841dfa7b647f6034e73417c1ee,b87f6437fa78d839439ac3052ae57ac2,0.9622,5,3,3,False,1,train,train,False,1414,669,
00ed4dbf9af6cc102e04cc9a42b313e2,8f2bf8045c49c8e298b02cb62b1c57c9,0.9621,2,6,2,False,1,train,train,False,818,476,
08f055372c7b8a7e1df97c6586542ac8,ab807d486725cdf5c662257d7a77d4de,0.9621,2,6,2,False,2,train,train,False,20,485,
1b1d9451010fce1234639d728e25f3ec,c6564f15d2fbe500571311dbdb16f78f,0.9621,2,6,2,False,1,train,train,False,1319,1074,
418aa1d085fe63ffb9c5510a9075f8e5,64d89f6270efae268f99717bfbf288e8,0.9621,2,14,2,False,0,train,train,False,502,666,
5ed3bb060e0e6d7fe6472f1982e530e9,e43ae1ef2cda811070e2c0a6d6154150,0.9621,3,22,3,False,3,train,train,False,161,751,
62795965d1330a135f09938efb22fb6f,b800f38e7f2bb9751e332a03e92d2a1f,0.9621,7,3,3,False,0,train,train,False,1137,1298,
09320344c2ed4da7bdf50d9f03b9e0be,be24de51dde9ba0c9808dd4bbd28dda3,0.9621,9,3,3,False,5,train,train,False,1281,731,
7584a04126c380a776b9a27c23ca2a1d,c55d70318adf126c5f91d224c00d2c01,0.9621,17,3,3,False,1,train,train,False,872,784,
10bf7780fc6540d6f79eae2aa2e5d4b9,9d4c88beba0b2d533f205f1b615e6c7e,0.962,3,8,3,False,2,train,train,False,240,451,
24c62d554f43181518499236941d6163,69da9f886fc4413167b8b144da775269,0.962,3,2,2,True,1,train,train,False,1231,1159,
6ae973c0f3341e2eb19e08dfe4ee42fc,d7f13cf51705adfe64e2b31c332409ca,0.962,3,3,3,True,0,train,train,False,1298,977,
768c8df7881cfb1cae96959206e73732,921e586c2b5c9ac5b164f2229f7ea9f6,0.962,2,29,2,False,2,train,train,False,973,1472,
2268c3174c1c0890af7ae1bae4c8cd74,83300a2310d4bcca4194a54e5c276af0,0.962,5,3,3,False,5,train,train,False,203,312,
8aeccaf12d3173a0c09f873be67be5a5,aa5f6291ddf9631c11f89925308051ed,0.962,27,3,3,False,0,train,train,False,1223,551,
7c86ff19f62a250146e4a6c55168e0b9,f61ec97dd1808dd49436c25aac6e0c4c,0.962,4,3,3,False,1,val,val,False,289,1338,
20c05ea5426b6c50b857057ad0ef7126,a5a7c62ef1e0d28a54c2da8355447c22,0.9619,3,22,3,False,2,train,train,False,1005,1074,
31e2791b5cab69a7ad81589bf9da9c4e,6e4122eef9edf14c7ba932cfb9321788,0.9619,3,3,3,True,0,train,train,False,1311,103,
56b528601b6b868a62fd4d73a1a0d74f,d7bd6d0c6842670b171b5592dcc1e9bd,0.9619,3,31,3,False,0,train,train,False,959,1061,
898c2d26d40846143d477f1b625971a1,fe1f503420d2d5c4a723ef6c2e7efb1d,0.9619,3,3,3,True,2,train,train,False,375,1446,
a6c30b9c00539ff6e70c8fc774232c61,f0197942d5cd986426ed3550e562d495,0.9619,3,41,3,False,0,train,train,False,525,911,
a14885c7da6514c0523a6977e2b205a4,af71c423997e01b837567d16bcced649,0.9619,4,3,3,False,5,train,train,False,1309,595,
08f055372c7b8a7e1df97c6586542ac8,3bb8426f5536b507843d3c99ab0a5e8e,0.9618,3,10,3,False,2,train,train,False,20,409,
1c36c6b2d051fd1952232efb2613808d,d088f8e0bbd26aeec7525368606a9fd4,0.9618,3,11,3,False,4,train,train,False,14,973,
0bc4086b7c5ed0463dde3926f10fc298,c81f511f1a4c64ea7f20d8c47654632f,0.9618,23,2,2,False,1,train,train,False,1079,872,
88fb00fabc97d341a95e97a593c3fc43,cf2d2942b89d99574da83a3dea91d8fe,0.9617,2,3,2,True,3,train,train,False,1331,896,
9921310eb85fdef96f5ec4b5bea102c5,ea5816321370d9d813bb7107c2ed0074,0.9617,3,15,3,False,2,train,train,False,1342,1312,
129065b74e139bb331d985027c1da317,abb4ad0009ce57bca8d400acff5d34a8,0.9617,5,3,3,False,5,train,train,False,210,567,
b4265cba12f772b5bb29989f775f8906,d088f8e0bbd26aeec7525368606a9fd4,0.9617,2,13,2,False,4,train,train,False,1049,973,
1b04602fffd6117606d1a05efa96daaf,c507324c055ea7ec7a235159dc97675e,0.9616,3,4,3,False,5,train,train,False,202,797,
3f1932eefb6de2c9b6666565a6b93765,8d2d81395c6a14a4683d92b7db8bf18b,0.9616,3,7,3,False,2,test,test,False,930,1113,
5c2c7009ec9100ff2473a4d4d6c1029d,7bb9269813e03e9e784a87f3a2486f04,0.9616,4,2,2,False,1,train,train,False,1072,1057,
5b8542dc1477f67d3d1c5984b83c14b7,9f0d890a2dd6e2d2acde15c1fc6e649d,0.9615,3,9,3,False,5,train,train,False,718,1281,
8d46a2e2abae5735ae3334c0b0fe8c34,cdf40333dfe2afec1a4c54d9eeb1ec7a,0.9615,8,3,3,False,1,train,train,False,53,881,
3b5b3a2cc026cf58cc19bfa66b4873e3,78d0d8888cb53a305dd5931d7cdb84eb,0.9614,3,51,3,False,0,train,train,False,1393,1348,
4e4ce0014805e5233656108980fc35a5,974916a28bb67ac840a9305d18d3cd61,0.9614,2,3,2,True,5,train,train,False,1212,1210,
56c263aad2786ca2d7247e1b57e32705,70f608a3fafa4e75e3201a78962109b0,0.9614,21,3,3,False,1,train,train,False,1356,812,
6baaf1d0cb562d864baedc5db3acaf11,7624415370e093d21a25464df6b3fbff,0.9614,26,2,2,False,2,train,train,False,218,852,
80fb0f7ade621da69c54fad193c70212,d7502ac103c3191346e8d4217809fc22,0.9614,3,55,3,False,2,train,train,False,1277,971,
623155cecfa8cc671054be004d6cb2cf,84bc390199b8e7466a020ca6abe11852,0.9614,11,2,2,False,4,train,train,False,375,841,
bae54bf652188fba59938ca5822b096d,c700a1b37758fd69f789af12118d12b9,0.9614,3,3,3,True,0,train,train,False,1223,815,
a9a2bdda9278e216b19a3a948f4f29ad,bfed9b44a06d5de60336ec6fe0365361,0.9614,9,3,3,False,0,train,train,False,547,1290,
cb64b562b53fad75ad9a575bb9150c00,e3f0542a702cef736b649df9a3a98e8c,0.9614,2,15,2,False,5,train,train,False,860,1281,
d4fb7f6c56896aae15919a010984a8bd,fc8455773da14e90df050c6ce9f74882,0.9614,3,28,3,False,1,train,train,False,952,500,
250e91349b32a3a0a04153a94c9c5844,d6587192c22af1403afb3c5283819cae,0.9614,5,2,2,False,5,train,train,False,1293,961,
9f887e6311f6062c5741bfae853edb80,f800a3979b283e4b697fa2aade0c1947,0.9614,7,2,2,False,2,train,train,False,555,1365,
11d510d280156e0f3d3b14d22f6fd577,30b055a2178ca6019b4d891dfe253e6f,0.9613,3,3,3,True,4,train,train,False,610,373,
149013f5cddc13244ac55531bf74f8f7,f4579a30dc195784ed21d13c601a2677,0.9613,2,4,2,False,4,train,train,False,1388,1314,
1c6073151697059354f3b8b03d9c4c8e,a7ca49c094be4bd969166477d5631a90,0.9613,3,21,3,False,5,train,train,False,1166,1118,
26f717c6128d8e5d0854376f01893c8a,fa6569eb827fcd7108ee7f22dac0ea11,0.9613,2,16,2,False,2,train,train,False,1121,206,
418aa1d085fe63ffb9c5510a9075f8e5,6392947d42a28861f68363b1f2e536e5,0.9613,3,12,3,False,0,train,train,False,502,1298,
65bf2cc6f9ed1eed86b8e7a908efe834,bda25c48ac8086cccbf2397e13166046,0.9613,9,2,2,False,2,train,train,False,1319,1142,
9cd1f9700bb8591c07051ddd50ccdbe7,e1dad4d35e61a13a237774ccfb24ae9b,0.9613,10,2,2,False,2,train,train,False,1465,1376,
5c845f5a01b97dd479aeef86b465605f,82dae0379e4a414709c98eb12dd5e711,0.9612,2,2,2,True,5,train,train,False,216,766,
5f537ae857febf9281dd301fd9ccb5f2,b0ba9ace7fe4fb08dd1538d83425ec94,0.9612,3,6,3,False,0,train,train,False,785,666,
6f0935638b47295c4e35008366c8768b,b267fa5f2c3b44774f06581ac05996b7,0.9612,3,12,3,False,1,train,train,False,1452,645,
4cf55b23a96f8015915487ff129d585c,853e2ccb308b7e1119a563ca6e12a7ef,0.9612,13,2,2,False,5,test,test,False,1082,326,
a5a7c62ef1e0d28a54c2da8355447c22,b039337ade137a34e544fa1c5a17b4c3,0.9612,29,2,2,False,2,train,train,False,1074,1020,
d6587192c22af1403afb3c5283819cae,ef5dbd7a78bc04a0a5d236739ce11f20,0.9612,3,8,3,False,5,train,train,False,961,1293,
48176351db9eb0d9066ac09610039e6d,4d3882bcb3cfa5661e84b381063d2917,0.9611,39,3,3,False,0,train,train,False,1062,1075,
7584a04126c380a776b9a27c23ca2a1d,c266773fdf88a75561821afdb49cc0e0,0.9611,27,3,3,False,1,train,train,False,872,1159,
883da8599360fdc5f7ce01ec771b2e65,d54603c7b6fda2615c5576d137c750c4,0.9611,14,3,3,False,2,train,train,False,1074,954,
3d478da1e66bfacc7567914809447099,49133c1015b7f1695b6225f4b0f1985c,0.961,2,2,2,True,5,train,train,False,107,462,
af3d444497d045a442cfe01a4269f47e,b85c0e9e08d5b97d232f295fffe7f5a9,0.961,17,3,3,False,1,train,train,False,807,880,
beac155ed4bdcad4a5a4ce22717a6c58,da15226ed2a9ca5a83e831a9c57f5380,0.961,2,13,2,False,0,train,train,False,806,1075,
8e9fa23bd67888cbddd7203f3a2db9fe,b53c1a43644615b8e537cd4ea34d12e4,0.9609,7,3,3,False,1,train,train,False,1100,988,
85537a74e1872569f03e0fed5e8fb9eb,c93d4db23236f4e9d44fb3e4966b0bd3,0.9609,14,2,2,False,2,train,train,False,880,892,
5bbfd8d8ffeddab6682224295a180bb2,98c9716452737dafd3a149eb32aeee29,0.9608,4,3,3,False,3,train,train,False,509,430,
55dae64aaea4bd532b6889d0632517de,9fdc67635e14822c347061fd50f40939,0.9608,6,2,2,False,5,train,train,False,503,766,
a09f18e1b9cc5c4874d683b06dad9802,c0fe8ca3041bec9fb48e60537e3ab02f,0.9608,4,3,3,False,3,train,train,False,478,1124,
2ad0a0582297b6f2ddb131796e300ee3,3cb832450f38c16278b3c78d15f7be7f,0.9607,2,6,2,False,0,val,val,False,1432,828,
4599ff734c6e613e38adc41ce8f798b4,b2d4e1936bbd844314468799f1f35443,0.9607,2,2,2,True,0,train,train,False,204,1019,
2fb68d6713a52e322692dbc99ac82444,fa741c964934cb194701d6630356adb0,0.9606,2,8,2,False,3,train,train,False,66,1395,
5ad5cca8bc4c96585d42a6f8369be1e7,872dc7b2f6261284df1088e4ef2f8256,0.9606,3,42,3,False,3,train,train,False,145,341,
98761fc7b42140e02f2bb550dfdacbcb,d439005ae0aeb218bcc014e67c92aba0,0.9606,3,2,2,True,3,train,train,False,776,946,
214461bdbd0837e1188244d0cad99460,6aff87e11871f4ce9682eec497239c71,0.9605,3,5,3,False,3,train,train,False,1220,68,
145ae6f948b36cb450a7eeb9cbac4cfa,418e1cef9d164228667371028ca7071c,0.9605,9,2,2,False,5,train,train,False,526,290,
77545268b9c0cec2fd73b7cb9e03d66b,87fe5740deb9d4ef755cc157ff710cef,0.9605,2,105,2,False,0,train,train,False,352,1183,
13a2f4b3f904a0893997c4fc8f2ec7d5,b4f14cae24e001bad06e5a7e42f1002b,0.9604,2,6,2,False,4,train,train,False,368,639,
333bc859088cb64ca1d20af155b8bf57,a3da6a9b33b3bbbbc3a2121a06a75ee3,0.9604,2,7,2,False,0,train,train,False,115,547,
5c9407c366d62c4e309a5fa61a48b7b7,a766e096ab436d7ae7a55eb46a4fcf5e,0.9604,3,13,3,False,1,train,train,False,1100,538,
6b5ce8b4c2b7c2655752c4c561059328,8ef59d7cb53bf92b5c589f7377edb0d7,0.9604,17,3,3,False,2,train,train,False,505,1157,
2caf855d25d357626f5ea914bdfe5774,a733ebe1241b7fbe187b49b7b5853f7c,0.9604,8,3,3,False,2,train,train,False,46,349,
55dae64aaea4bd532b6889d0632517de,c1fd67db197ac1e491453082982de933,0.9604,7,2,2,False,5,train,train,False,503,961,
a279b450a867eb7acc4d2ef0731b3352,e312107a00076baeb1f1dc9497d2cee6,0.9604,5,3,3,False,3,train,train,False,490,1103,
9a0fc7a2679d20d5c7bab1f220316e58,ff28b460869954e8ba28ff6b9919e46a,0.9604,43,2,2,False,4,train,train,False,1008,1061,
035a5208729ef164213954598b8df75d,74121dc7165c19a5d72bdbe3eaeb90d2,0.9603,3,32,3,False,0,train,train,False,1420,1348,
33f9166b614aff651d1f0cb240dc98af,7dc96e4c875886e486b787b3787249ac,0.9603,2,3,2,True,5,train,train,False,302,455,
5ad5cca8bc4c96585d42a6f8369be1e7,9bd22fd158fa3999466350e7e5784d6d,0.9603,4,3,3,False,3,train,train,False,145,1234,
bdeb7ab6c22749f3a39e5a88ee4a0fa4,d9ad3f3ed67f14c9c9b35a5c4e85400b,0.9603,3,20,3,False,2,train,train,False,729,988,
0280f8b612771801229e2dde52371141,a59374f392ff144bfbe15d5b03c23588,0.9602,2,2,2,True,1,train,train,False,950,710,
4ec6654ea6a3bb662c245cb0e45e6f6b,c89f71d6c8fdc1bce0a230bdb46935fd,0.9602,3,7,3,False,2,train,train,False,165,831,
69da9f886fc4413167b8b144da775269,f55f2ee739e6885b33a64d5171b7706c,0.9602,3,8,3,False,1,train,train,False,1159,1330,
2daec36424a8f2afeaa4aad3d33a1589,867b4fa9b0b2cc3aa0bafe948d72804a,0.9602,4,2,2,False,5,train,train,False,417,558,
8bc819037a6ab2932c227d1ac800102f,c7e159377563c722314bcef3e9537c10,0.9602,63,3,3,False,0,train,train,False,370,826,
134d69e06d397dc06ed6794b737c63fd,cb64b562b53fad75ad9a575bb9150c00,0.9602,10,3,3,False,5,train,train,False,633,860,
0e46418f938971abebfda741d6840e9b,8a415b0e974861fa00ae9d88f9e3b980,0.9601,2,3,2,True,5,train,train,False,1373,1096,
294ceada24790459c1b9d4392fb07f4c,83300a2310d4bcca4194a54e5c276af0,0.9601,3,6,3,False,5,train,train,False,595,312,
511a33b7aeb1153407ed2d55cae001c8,8179b356509349b2d8ecae80e6a4a826,0.9601,11,3,3,False,1,train,train,False,1285,53,
cf55f513b16209a90e3d71b1f5234c95,d72d765ec852ae3f40b39fa6111aa1a0,0.9601,2,3,2,True,5,train,train,False,898,1193,
4ba91dfdc9e3dadbf2a947592ec3ac0c,83300a2310d4bcca4194a54e5c276af0,0.96,3,7,3,False,5,train,train,False,632,312,
6e52a788e36a88c5267d49e219051d05,ed5eca047605a7a754ebc7889f76df63,0.96,3,6,3,False,5,train,train,False,1105,1337,
774c9b631a29f191836b1078a6c3a67c,d238858042506302cfc15c63db81341b,0.96,3,8,3,False,2,train,train,False,729,988,
494a1bf06ff096d5949754b5d31f6805,9b688ada62f8dd3fb913afa90d5a3e07,0.96,33,2,2,False,0,train,train,False,333,826,
403b430abd712f623f549ec1bba52c4d,9b688ada62f8dd3fb913afa90d5a3e07,0.96,9,3,3,False,0,train,train,False,100,826,
64d89f6270efae268f99717bfbf288e8,ad155660b0018e92984f4ea49e246731,0.96,23,2,2,False,0,train,train,False,666,449,
bcc84573e785de42d7af076ae2b30479,eacb0504ca2039d8b3e9707aa7badb2c,0.96,3,6,3,False,0,train,train,False,712,1252,
c5e9176fa34d3fc8caccc6bb1f35003c,da15226ed2a9ca5a83e831a9c57f5380,0.96,2,16,2,False,0,train,train,False,806,1075,
c8fa005ff34f3a8d77605437618f1878,e64598d6884499b44b9bc615912f4f0e,0.96,2,3,2,True,3,train,train,False,838,1138,
3111867f5335731289a4feb3db5644b7,dfae643568b01d1f4ad5d86bac2f7994,0.96,8,3,3,False,2,train,train,False,0,1059,
13a2f4b3f904a0893997c4fc8f2ec7d5,3153fb3c7de0d4451a51d7899b9107dc,0.9599,3,6,3,False,4,train,train,False,368,639,
74121dc7165c19a5d72bdbe3eaeb90d2,8d58a0c1160a5cea99d5073231becd89,0.9599,33,3,3,False,0,train,train,False,1348,959,
51d0d7b3a0f1769117ed6e3d64445f33,bd9f6b90049d6a63c66147e140bbc9eb,0.9599,6,3,3,False,1,train,train,False,1080,725,
6a4705f723c23536d58a72341e0eac1f,8d46a2e2abae5735ae3334c0b0fe8c34,0.9598,3,11,3,False,1,train,train,False,1364,53,
08e7beb9ca5dbe53b59cbb27639bffcf,77de0e765d8729e7386589f21961279f,0.9598,9,2,2,False,5,train,train,False,1270,410,
25c0f98758c3fb09bc2070d1dca0a299,a260fec22534be7e93d7f456ada4f452,0.9598,4,2,2,False,0,val,val,False,253,715,
40be6eabc1be4bd88eabd38aa07ac9ca,aa47209a146185e3bea1fa18b904304a,0.9598,5,3,3,False,0,train,train,False,668,1102,
b039337ade137a34e544fa1c5a17b4c3,bc8ca8636656c10658685c587f893dea,0.9598,3,22,3,False,2,train,train,False,1020,1074,
1dd5d88d1e936e032ebb4840b46546f3,ccf93fec7c1fccc631606b07af2342b9,0.9598,83,3,3,False,1,train,train,False,1269,40,
e4fe4288bba2a29f9ad2eadbce43cf80,ee2e1b4ce5e5290833a9a98da2d72c0f,0.9598,2,4,2,False,3,train,train,False,1126,1234,
1a4aaf5d3dbf7898979d11578955e780,5ad5cca8bc4c96585d42a6f8369be1e7,0.9597,3,6,3,False,3,train,train,False,1234,145,
302fb7c22e2b2addcb939501b25882f9,7680283193608f46ad4f0d95550c16a5,0.9597,3,4,3,False,5,train,train,False,51,1299,
c4cb40675296c2f44f631bdc7a5d1e9b,cb56eeb149fe1d3df30a43e374d7ab94,0.9597,20,3,3,False,1,train,train,False,555,863,
0e65f90aa2b3fd3e49982839aa381583,915845d6283e37f8855d3ac5c0bcd599,0.9596,2,2,2,True,0,train,train,False,4,785,
1eab1d74f5c90e353ce5f4440b502bc3,25a213edbcc763a0b37c60d060c028a6,0.9596,2,21,2,False,2,train,train,False,1029,1159,
62eab77211bf839bdd26e6ca7c93bc00,cc49ab08ac59448bd5158ab994eb7350,0.9596,3,3,3,True,4,train,train,False,196,865,
69d6fdc8e8bed1323f7dd9055aeb0e6b,9f8dfe7b06ca41af4fa89f7deaf3b050,0.9596,2,9,2,False,0,train,train,False,103,1252,
8c85b3c695c3a7ae3a9265cd7aa68769,e11d21ce3b806da540de6ecb09affe67,0.9596,4,2,2,False,4,train,train,False,373,1080,
5f95d17c869a6b92214c6b0c2aebfccb,e47409feff05e7815c2908a2af47746b,0.9596,5,3,3,False,1,train,train,False,1414,1159,
9c9a1315dee1ffce88d48728455c1199,e78a43e9cbfaae34ae2ad4929f2f8bcd,0.9596,13,2,2,False,5,train,train,False,508,1303,
1c6e04c29601f73eed22bd7b6381b8e1,780229c1e7700155517861f277640f97,0.9595,3,5,3,False,2,train,train,False,375,1187,
53c13f2dba313251cb0e86eeedda6bbd,9cc90be7db3d19f91f43a903142d5bfb,0.9595,2,3,2,True,3,train,train,False,1138,838,
a43c01d2b679f67377e6909bd94128a5,ab60f4ef0811fd3b8a75d257189e4662,0.9595,3,2,2,True,5,train,train,False,503,1307,
bafd1d2508efae102d22e55633e9891f,f659913017aab32c0ac0d88d0ecfe62c,0.9595,3,117,3,False,1,train,train,False,915,971,
921e586c2b5c9ac5b164f2229f7ea9f6,ce5578cd0044db806cbfc334f9013316,0.9595,43,3,3,False,2,train,train,False,1472,781,
d4f9cc7d8f83db9394cd95be9eb10b00,eed22b80775127e0a2143e287d79c575,0.9595,6,3,3,False,5,train,train,False,210,1210,
0c514de56dcdc9d3b7b71173361a5b7b,58476708525d4b4fb5308d069645e097,0.9594,3,7,3,False,2,train,train,False,1187,902,
b2d4e1936bbd844314468799f1f35443,d8c62816ea17d4c932ed87af94647142,0.9594,3,2,2,True,0,train,train,False,1019,983,
b4a11816441242128acc772adf40d612,d960f3c9327c1baa21ed849d867e29a1,0.9594,2,48,2,False,4,train,train,False,670,1148,
3e96addcbf4c1869d8f520348646cd60,9d92d97c1e3f9c379cc65dcd59989f13,0.9593,2,4,2,False,3,train,train,False,322,500,
4e5c75b501c348de7af7620dab9d783e,5816a0df3d7ee85e541bc091cd279e9b,0.9593,2,3,2,True,5,train,train,False,653,297,
9dd40c0127d217bc4917e4db40e06e94,ef9c72d529806d9ba341476d4c159838,0.9593,3,6,3,False,5,train,train,False,455,575,
a3a06e2c06260de535916eaaa629c466,e9f18c7e7ced779403e0b56d7b987827,0.9593,2,4,2,False,4,train,train,False,499,1185,
a2f1af7bf2b86cdabfcffe65d8424a3a,c5e9176fa34d3fc8caccc6bb1f35003c,0.9593,11,3,3,False,0,train,train,False,1433,806,
45d0ddf0aeb9b7f3c8e6c19c4405ac99,d2a97eb750bf080454727f8b67a69d92,0.9592,2,2,2,True,3,train,train,False,95,926,
6742b677fba068f36457e397969997a6,f079a9a9d4c30cbdc55917df9f5f6541,0.9592,2,8,2,False,5,train,train,False,1219,1270,
494a1bf06ff096d5949754b5d31f6805,6ddb61c8bad32ffc60da3a6c96e85b49,0.9592,40,2,2,False,0,train,train,False,333,1081,
037f29b7d62479c7fb257903f401269a,f2d2bf5ba62bbc2dcd973520a6953f57,0.9592,4,2,2,False,0,train,train,False,959,1348,
112736e8b78700f977df0da98c19e0c3,501eb15b8ae1aa3507aaf0b3ba6ca231,0.9591,20,3,3,False,2,train,train,False,322,375,
553fa72290f35f2cb58beef577855ad8,a09f18e1b9cc5c4874d683b06dad9802,0.9591,3,5,3,False,3,train,train,False,129,478,
44f20df33112cfc1ae49f18ee2efc913,62dafe3f86f1f7048c16ac69f74cb293,0.9591,6,3,3,False,3,train,train,False,1220,1048,
2daec36424a8f2afeaa4aad3d33a1589,a1fd7998cce64a8747a682bf524951bf,0.9591,5,3,3,False,5,train,train,False,417,487,
a4effa6d0c2e32e36e45f32f9e7e4977,e78a43e9cbfaae34ae2ad4929f2f8bcd,0.9591,13,3,3,False,5,train,train,False,508,1303,
00ca0c23961b5510be46c917be11c43e,f4df16a55805e69f7013d79eca0c46a7,0.959,3,14,3,False,5,val,val,False,36,1324,
4674372bd1be97535314d987e253a6c5,def34835d0079f5fdd5bfd81b01ff7ee,0.959,3,6,3,False,3,train,train,False,90,1048,
53a0d392e204cdbaa181fe636dd62600,69f0dfb6f42c910861aa0bbb23a12639,0.959,3,3,3,True,3,train,train,False,608,416,
66dc57a3320d9abd25eaf8b74c07c7bb,8546b73cb1496ba85aed909ee151290b,0.959,3,27,3,False,2,train,train,False,1054,1472,
77545268b9c0cec2fd73b7cb9e03d66b,dffa5e1d1d4501837cc9aa54a56ae1a7,0.959,3,25,3,False,0,train,train,False,352,1061,
7b7884a293fae272689b6d18e245dbe7,8b45517c6411802b7f978e32cf741a33,0.959,3,4,3,False,4,train,train,False,639,368,
a265cac37acf69f2cfeae8a184d0f510,be1573a19286fcb2ab6fa14b32bd68a6,0.959,2,10,2,False,0,train,train,False,1298,730,
6465a5ab1539fe69d2392408606dfade,a8e96a9ccdebc9ad76b206493270f670,0.959,7,3,3,False,5,train,train,False,1281,741,
3cb4631d3f2db61bfa503633d37dc45a,b79a6f8a47e79bfc1dabc48c37d54464,0.959,4,3,3,False,4,train,train,False,794,664,
d8f6b2a76413e5b03d0ee89d2792e610,ed5eca047605a7a754ebc7889f76df63,0.959,3,8,3,False,5,train,train,False,1105,1337,
a82ab9e22ff10be0575503d3262a1a61,f2f9aa01d545ac770dce5e61e6d756d4,0.959,6,2,2,False,4,train,train,False,1049,1298,
080b829ec59528590e76b57d25fdda55,381d70c821fce9d79032bc113f10ec43,0.9589,3,6,3,False,3,train,train,False,997,1276,
4747cb458c0eb0122fe1624184d3b2e0,98761fc7b42140e02f2bb550dfdacbcb,0.9589,2,4,2,False,3,train,train,False,946,776,
07aa4a923f58d02bd7c43c50491673d9,48978e6f6ae7bcc2044599737aee9b8d,0.9589,12,3,3,False,2,train,train,False,1312,876,
53c13f2dba313251cb0e86eeedda6bbd,c8fa005ff34f3a8d77605437618f1878,0.9589,3,3,3,True,3,train,train,False,1138,838,
248fc842149898be28b346ce1fb15ab1,77de0e765d8729e7386589f21961279f,0.9589,14,3,3,False,5,train,train,False,1356,410,
6a452b5662c18fdefc5dd4c8669eb781,b68551866ec91a3417b5c51a82f807bb,0.9589,7,3,3,False,5,train,train,False,210,1373,
4e95048eb0c0413e5fc648b1447cf651,bd95b9c20d2a8dd686fb0f64432aa82f,0.9589,24,3,3,False,3,train,train,False,303,724,
a7af860641a927a5b59ffead7c595f1a,d5c40ec532586debe95b6ff9f2233f0f,0.9589,5,2,2,False,5,train,train,False,528,956,
204a1ddef1580e571872b2d4e424b4fe,276ed80762773462f05abc10da5228c8,0.9588,5,3,3,False,2,train,train,False,390,113,
6966c2b9fa1ae59141ab221b32d878cf,8d042c218851d6c8385cb5f1e321ced6,0.9588,16,3,3,False,3,train,train,False,736,568,
aa62014192d20318e7dbf1ccb091499d,e241df65ca9194cb95c86f93ddd85bf7,0.9587,2,3,2,True,3,train,train,False,552,1094,
280220720b546eacfa223edf513ec94e,bc2518ea5985260ea91f96e2db178b5f,0.9587,11,2,2,False,1,train,train,False,977,1079,
22aa8069a9ed5dd4884ae19dd73ad716,f73951fddf77034c9fd44cb19f5fe6b5,0.9587,4,2,2,False,3,train,train,False,161,777,
1f43e244b01c44b24a7086ed2dee7bff,e9c30a0a07e89ca9ef91a04558d0318f,0.9586,3,2,2,True,5,train,train,False,35,1181,
40f53e192b5ef10af5d9f176cb1705bc,747573e239e3461456074695b68c1524,0.9586,25,2,2,False,3,train,train,False,124,276,
7d3af9f4ccc93603028c8bcacf2d4dff,83300a2310d4bcca4194a54e5c276af0,0.9586,3,9,3,False,5,train,train,False,1309,312,
86fad088e10612415bb805aa7d53e387,b604630290e6316c1cbc586733ed08c1,0.9586,3,44,3,False,0,train,train,False,581,1202,
8e45b3d90a0b2ff168f2851d2b0efad7,974916a28bb67ac840a9305d18d3cd61,0.9586,3,4,3,False,5,train,train,False,1371,1210,
5bccc3ae5587647b3f6b3a1f807bd9ed,9bb08719f4422442cba4253b2ba34b62,0.9586,10,2,2,False,0,train,train,False,825,445,
22c2e58ea58b90066e98d86bfb8a0baf,4ca21d08bb5a350a586fca9867943535,0.9585,3,2,2,True,0,train,train,False,103,337,
333bc859088cb64ca1d20af155b8bf57,90b46d166cca71d23d7158ce41f5863c,0.9585,3,34,3,False,0,train,train,False,115,911,
5ffcf2372542336fe4ee3585bd07b6f2,eea0cd8ab449057ce50b7d411b63d6e3,0.9585,2,15,2,False,3,val,val,False,166,1240,
ae1c6bd846449adbde74b0cba5cb7a19,b673c0657c283f76f9020350bba98614,0.9585,9,3,3,False,1,train,train,False,1458,893,
35b3399925cc2f2f00d65c842b6cf536,6a452b5662c18fdefc5dd4c8669eb781,0.9584,2,8,2,False,5,train,train,False,1373,210,
1f1440204eba45ff4f999795c7d52040,622e036c40d720a7bf557668980ea1ce,0.9584,42,3,3,False,0,train,train,False,1127,1223,
299cbccbc459c1c8c2685a92fb3c9182,6d2bcf1b97f6731338a530650f776fb4,0.9584,17,3,3,False,2,train,train,False,669,1342,
d18c24df948f2d59ce38b6c97a0045d0,efe46c2ec61f23ebe0953e0777bb7e5d,0.9584,3,7,3,False,4,train,train,False,315,1431,
35b5971800492e04d2ecd6b3439b0017,ea2f3faabd452477e8f792ca02925cd0,0.9584,7,2,2,False,2,train,train,False,375,1187,
787b336dec5e8a7dd9d993a9b23b773c,995fed12984c02ca98b247732ea080c1,0.9583,3,17,3,False,1,train,train,False,392,709,
03849b0243900d79446bb27849dc0bb2,85696dd6d6be278037fdca733e136f2a,0.9583,32,3,3,False,1,train,train,False,317,329,
1b04602fffd6117606d1a05efa96daaf,9e91403033e4553daef286da9884d860,0.9583,4,2,2,False,5,train,train,False,202,797,
02a2dcd6ad8bc1d9ad7fdc04ffb6dff3,25e85593a9a51bbe10d9a2821cb096d9,0.9582,3,2,2,True,5,train,train,False,1181,35,
58476708525d4b4fb5308d069645e097,9144106abaaa37336cad2f4ef72d3fdc,0.9582,11,3,3,False,2,train,train,False,902,357,
0b2cba7e97daa7f11ededc2ec7d67045,a55cc8df950bcadf4cd61ff470d74246,0.9582,24,2,2,False,1,train,train,False,1074,1159,
26db031a2a246f6525d08296fad489f6,c9702f84cf4495e31190352abe61160d,0.9581,2,2,2,True,5,train,train,False,849,842,
7dc96e4c875886e486b787b3787249ac,954e9c58e7e2007d308584e35368996d,0.9581,5,2,2,False,5,train,train,False,455,1212,
dc5a57e65f5f1e4aa7864083e55ea2c0,f17470445cda06cb72f8c016bfcd4e79,0.9581,3,2,2,True,4,train,train,False,1109,1282,
4d37cd687a4b6e52762a21f7e6b3f3c0,7db49c48802f5608f38c993982b1dcec,0.958,5,3,3,False,4,train,train,False,528,956,
28c2858a4d611799f6748464e1eb825d,9fa42d765e1d7d376d4fddc4c590ab37,0.958,20,2,2,False,5,train,train,False,548,856,
af1411aecef861c7f39555f2a8b0e0d3,e96abe7cf94b26fff31bc9d9ab8820f5,0.958,2,2,2,True,3,train,train,False,1258,1180,
c5d6646dda31ee94cf4bbfef14e08e76,df3d9c53189dd95a5888480835d341a9,0.958,13,3,3,False,4,train,train,False,805,1053,
136cae2844e9f6fd15f09ccc9453e0b6,1d311ab3363fde90bede7d9f3919f5d8,0.9579,3,5,3,False,3,train,train,False,478,1124,
4b6ed79396add87dafb5a4d6846c6972,598d897fefcc795632c3a0323dfcfe3d,0.9579,25,3,3,False,3,train,train,False,271,430,
6e04223880c3cae8aa29366304c2bf7f,d60a54e0359baa5b161a897efa7e87ee,0.9579,2,11,2,False,3,train,train,False,321,1107,
778bd33e4eb7fbc28402051743b78aa2,9fdc67635e14822c347061fd50f40939,0.9579,8,3,3,False,5,train,train,False,1105,766,
2f1c751ab10b8b009b3391ae86acf6c3,5b0c8d324c53998d7353ad17e591fd46,0.9578,3,2,2,True,3,train,train,False,1196,222,
2de26a8634efd177cb8b6085adcbd33b,41890d6114a8efe1afa054303c9b6b9a,0.9578,24,2,2,False,0,train,train,False,252,753,
59001f029aafc4adc0971c0397df6173,79c0ed7b8274042a87f647a1e03d01e8,0.9578,2,2,2,True,5,train,train,False,1309,216,
9bb08719f4422442cba4253b2ba34b62,c7bc54c0badbe7691fe5324a83f19cee,0.9578,3,6,3,False,0,train,train,False,445,825,
747573e239e3461456074695b68c1524,a9752cd05aa514a3102e9d8f0edeb8f7,0.9578,4,3,3,False,3,train,train,False,276,801,
b0fd3778526aec216e7db68d267c0897,d5c40ec532586debe95b6ff9f2233f0f,0.9578,12,3,3,False,5,train,train,False,961,956,
896ffc56e018a333454c4889a28459a2,eea7a758b49d5765cc9a8fe2ed6599fc,0.9577,3,2,2,True,2,train,train,False,357,1241,
2ca08ec99224f03e8db1f92682ce82d0,4dee4ae085e3e0d17e61e97bfd182fdf,0.9576,2,9,2,False,5,train,train,False,1028,1340,
389853c7149f7007e467b20351b1f552,a6e3d28846a05057588ca4a6b7bbc3ee,0.9576,3,2,2,True,4,train,train,False,453,719,
226301ee1193716a8079c58d8669b4f9,3e07800d6b2beb390b39f0c534bfd719,0.9576,6,2,2,False,0,train,train,False,193,1217,
72b9ca2c11e1a849e053013cd5e22d56,b3b6e6cf4fcbf6e6b9812f6b1097d7b8,0.9576,14,2,2,False,0,train,train,False,1062,1408,
05f4e9415af9fdabc19109c980daf5ad,c5764fe96b2725f1b48f2db0cf20cacb,0.9575,3,17,3,False,5,train,train,False,132,1158,
2fdc521c56b6cce0e7907d05a8db1f25,3482a1ac6b5279fb56a14504a6c9fed2,0.9575,87,3,3,False,0,train,train,False,171,221,
64bad048716c6feb71b7e86d4de897ef,8ad12c31792813c22bd2082d91642c91,0.9575,51,3,3,False,0,train,train,False,1382,1183,
4e1247214b51cb4a801fa001251195f4,8cd17fa38b5f8f3e658bfa55e45f509b,0.9575,9,3,3,False,2,train,train,False,349,1173,
8dc0d30245d16902077f9d5da16f1475,9f887e6311f6062c5741bfae853edb80,0.9575,2,21,2,False,2,train,train,False,1365,555,
2470531626032d9f836359f11fd4fdf7,aef725315551b4ac4e392c6a642bf9a9,0.9575,30,2,2,False,0,test,test,False,59,590,
778bd33e4eb7fbc28402051743b78aa2,c1fd67db197ac1e491453082982de933,0.9575,9,3,3,False,5,train,train,False,1105,961,
01a5e35b1ae21f3cfbe100b4b6aef451,d2bc6a6beb7e4d86acecde314f99ce4c,0.9574,2,5,2,False,4,train,train,False,138,962,
23414fe2aed7c291d2036527c761874e,5b35810de01fe586e598f49e17cfcecc,0.9574,2,4,2,False,5,train,train,False,391,217,
294ceada24790459c1b9d4392fb07f4c,52f458343920a7409c42f4ec0a9cc8e0,0.9574,5,3,3,False,5,train,train,False,595,122,
7584a04126c380a776b9a27c23ca2a1d,c60d25e72004ddd6bc308d3a42ce6dba,0.9574,42,3,3,False,1,train,train,False,872,807,
0e50d62c5d764fabebe2a05877bbdef6,6c20932e84b65fdc93dcfa63d9fdf1d5,0.9573,3,5,3,False,1,train,train,False,329,457,
111b574b0f3bed1be6764860d7ea7adf,299cbccbc459c1c8c2685a92fb3c9182,0.9573,3,21,3,False,2,train,train,False,46,669,
2b03baa16076f3848892001f9f5d392a,3e07800d6b2beb390b39f0c534bfd719,0.9573,21,3,3,False,0,train,train,False,193,1217,
5f712fa46f7c0d69e8d9a4b6cd9327bc,aa96214fca7ea520191a2263f0ee6ac0,0.9573,3,2,2,True,2,train,train,False,433,555,
6ad5640ca76614728d3b699a703ef3c8,c6fa52130011bd3d19b0222fce73ecad,0.9573,3,22,3,False,3,train,train,False,870,814,
8835fd0dded2d34601a6fcf45e346b94,a2f1af7bf2b86cdabfcffe65d8424a3a,0.9573,3,14,3,False,0,train,train,False,337,1433,
8cee5821fbe1d9167183271a8c6ae83a,ffe236a25d4cbed59438220799920749,0.9573,3,12,3,False,2,train,train,False,381,1472,
812a1113758fbc57bd0dfd6fd6d9a1a4,91e2c35b8c9d4b6c1772f0589e6a81be,0.9573,22,2,2,False,0,train,train,False,1183,473,
20295d0f4917e297c4827296397fbec1,c4e0ad6ea862813515ef53b70ad8021e,0.9572,3,4,3,False,4,train,train,False,664,794,
21dcd35e0e0aaa2e5453c871874a8ae1,32291426a698e316ff990f4b93e27e98,0.9572,7,2,2,False,3,train,train,False,379,53,
6c96bbaf8306071cfec8d90f54ede8c2,ddd2f284a0815fb717d5ad3ee2d0d3d8,0.9571,2,2,2,True,3,train,train,False,1270,1221,
6392947d42a28861f68363b1f2e536e5,a3fcf7e4e09f8910e49ecc061b5d8c17,0.9571,20,3,3,False,0,train,train,False,1298,502,
337be23a5a57efd390460172053fe5b7,b677231c72557e88e600d142bd41649a,0.957,3,13,3,False,5,train,train,False,580,898,
60a18d14b13eb21b56f3d3e77a315af7,6ad78c89d6b8feadad6d3ad85c743e32,0.957,2,5,2,False,4,test,test,False,209,213,
36dd11dbc0aba4413623bdc44775e6fe,665fcad8a2159796d111633809f6d0b3,0.957,8,3,3,False,5,train,train,False,210,567,
1b117dcc119ec9a258eccc88bd419b0f,7703dca0de143ad38738f53bee104632,0.957,16,2,2,False,0,train,train,False,553,260,
17364682bc0141eab397828f49642a60,e0d6698a658131c2240e15cf4f40efa1,0.9569,2,101,2,False,0,train,train,False,459,1076,
285186bdcabfd05a4d4fe4be52983a59,d2a97eb750bf080454727f8b67a69d92,0.9569,2,4,2,False,3,train,train,False,559,926,
71abdfb52804bed1259c90f7b414e178,aeaa36ea58cad0b8121e59321ef1d41e,0.9569,42,3,3,False,0,train,train,False,701,587,
2f0a9b15f067539455c1a5548a114f78,c4fb78f4b25153789d8c8b22b938d322,0.9569,13,3,3,False,1,train,train,False,1148,1385,
25637fe69d28ce0cb944c631222a6b52,29e2cfb8a5b8b437876e531f8c5f753c,0.9568,3,4,3,False,5,train,train,False,1430,1284,
0f09d54c1c7484c7892e834be3153964,4ab8281e038c2ca2f391b11d65e4366b,0.9568,4,2,2,False,2,train,train,False,973,323,
69187b17ca2488b677f9a79e44654277,6e4dcecad6279bd08a31ec5d920a4984,0.9568,10,3,3,False,1,train,train,False,380,1341,
026081211406349c85c3e5b4fc4b6ff0,c0525532319412db3c662254463067aa,0.9568,72,3,3,False,0,train,train,False,117,752,
5000abf0b5e24707cbad9f17e50db021,b0ba9ace7fe4fb08dd1538d83425ec94,0.9567,2,12,2,False,0,train,train,False,764,666,
0bce55d17bcc628e62c843a2420e723d,def34835d0079f5fdd5bfd81b01ff7ee,0.9566,3,9,3,False,3,train,train,False,68,1048,
2309b313ab206df1adf09d970478f4c0,c95bfd7e7fcb784d245163e8305143cc,0.9566,10,2,2,False,1,train,train,False,804,840,
4e4ce0014805e5233656108980fc35a5,9269a7b94ac73d384512a87c1b38fd5a,0.9565,3,16,3,False,5,train,train,False,1212,731,
5166d94b7a25c6b05b399b16c65a2b6a,a3da6a9b33b3bbbbc3a2121a06a75ee3,0.9565,2,12,2,False,0,train,train,False,115,547,
511a33b7aeb1153407ed2d55cae001c8,e2578d331ae6cb3bc649027498c8ff8d,0.9565,15,3,3,False,1,train,train,False,1285,1095,
0c86c8cc04ce1ef02e6f280a932a2624,b677231c72557e88e600d142bd41649a,0.9564,3,15,3,False,5,train,train,False,210,898,
2009aa01bb165a3c8a6b3d5a633ca9ce,8e6db17e55f22d47faaeed270a79d288,0.9564,2,5,2,False,3,train,train,False,1306,428,
29828828368fdf428816c8268444833e,5f537ae857febf9281dd301fd9ccb5f2,0.9564,3,6,3,False,0,train,train,False,278,785,
4e5c75b501c348de7af7620dab9d783e,b5fb7cc092dd1e0eefe0ff7d11b9e139,0.9564,3,13,3,False,5,train,train,False,653,496,
773997a45c3f0aa4f7483f3972e4b53f,82c289e2fb53713789599f77cf368bc6,0.9564,3,5,3,False,4,train,train,False,865,482,
87ead124230cbf0aa13bcfb238b7dcb6,b464d85e4e09357df39fe623cb28fd5d,0.9564,2,6,2,False,3,train,train,False,926,1252,
90a1a09e8b9543d69f9a90982ef5a789,a7af860641a927a5b59ffead7c595f1a,0.9564,3,7,3,False,5,train,train,False,391,528,
5f3435341b61628b1e308362c52a9460,a3a06e2c06260de535916eaaa629c466,0.9564,9,3,3,False,4,train,train,False,1185,499,
4ec11bb76ae0ea613a8137379dfea508,a87bddaf67f7f888914f5f9590560c47,0.9564,6,3,3,False,0,val,val,False,109,539,
5ed3bb060e0e6d7fe6472f1982e530e9,f73951fddf77034c9fd44cb19f5fe6b5,0.9564,11,3,3,False,3,train,train,False,161,777,
151fd14ad2dee1c8292dfc3d211873ed,c5764fe96b2725f1b48f2db0cf20cacb,0.9563,3,20,3,False,5,train,train,False,1429,1158,
365966c438c314e225b1c81cccacb187,53dfff0cecd06c15f600d334e7324b78,0.9563,16,2,2,False,3,train,train,False,62,433,
554970412cd2907b5a93ee5ec013965e,b470c2276d978f63d5b1c8a5a9446212,0.9563,3,33,3,False,2,train,train,False,1173,1472,
5846acd1f690271cfb0264154dcccdd9,78d0d8888cb53a305dd5931d7cdb84eb,0.9563,2,117,2,False,0,train,train,False,184,1348,
8ae069858aecbad846f4d69d405f9bd6,c4bbe05f5d77f1a42bc95191285ab1bb,0.9563,3,4,3,False,3,train,train,False,521,1374,
07aa4a923f58d02bd7c43c50491673d9,c3967d215e9b501c70e72ae95e8dac51,0.9563,22,3,3,False,2,train,train,False,1312,784,
494a1bf06ff096d5949754b5d31f6805,d2c92272a7d4464173a9488c6d0c41ed,0.9563,58,3,3,False,0,train,train,False,333,929,
0c26185c4a50226bc489999b62860aab,89d67babd435cc76b1366455fd89044f,0.9562,7,2,2,False,3,train,train,False,515,1216,
44f20df33112cfc1ae49f18ee2efc913,a47472a2ba96c2936dacc23b938bd9b6,0.9562,7,3,3,False,3,train,train,False,1220,1048,
9dd40c0127d217bc4917e4db40e06e94,eaeb7f15cb0618d6091ef52e685ec284,0.9562,5,3,3,False,5,train,train,False,455,1193,
ab807d486725cdf5c662257d7a77d4de,eee51ecfd7d7fe5b3f4c2ffe27fae0af,0.9562,16,3,3,False,2,train,train,False,485,1245,
259178ac6e1413c067aa7b0f01a13f7a,f381888b35f1fac93c009d7cd38d1608,0.956,2,2,2,True,5,train,train,False,403,1304,
4695453e7447f0c2266995c8dc4c0f78,7657e325f5f8e11b05ea3428ba89b53d,0.956,5,3,3,False,3,train,train,False,129,625,
4bb4bbbd6dec06f9938c52cbdfa0b1c9,887d935886b409acc14fa55a3c7e05ba,0.9559,2,29,2,False,3,val,val,False,570,1240,
a55cc8df950bcadf4cd61ff470d74246,af4e9bbfb08853b7b2813331fbe5b877,0.9559,3,27,3,False,1,train,train,False,1159,1074,
1bd161a24fc63eed0e1bc3742e0dc7fd,c52636abf2b202b4f65f5c85799ce363,0.9559,26,3,3,False,1,train,train,False,53,1282,
00c46b336b5b06423fcdec1b4d5bee06,20a8699c8e439631be7e4bcf6242598d,0.9558,16,3,3,False,1,train,train,False,1057,1448,
26db031a2a246f6525d08296fad489f6,464f8dbd8b906717dd1eb94a344f7262,0.9558,3,2,2,True,5,train,train,False,849,842,
037f29b7d62479c7fb257903f401269a,391ffc7ec4eefb3d19575a93b7641bcc,0.9558,10,2,2,False,0,train,train,False,959,1310,
6fd2d42591da02ae878e2d5c74bcc98f,fd7763888e090f5385c2c49944ce94ab,0.9558,3,4,3,False,5,test,test,False,1038,1439,
56b18e1507691def89ef7f07fd124136,84a64d55903e7dfbad5e59693be25669,0.9558,12,3,3,False,2,train,train,False,206,322,
a5dbc558ca9c9612b608645238c15129,c4bbe05f5d77f1a42bc95191285ab1bb,0.9558,3,5,3,False,3,train,train,False,521,1374,
3f232e619560395c4a99f858d76fb5d7,bd95b9c20d2a8dd686fb0f64432aa82f,0.9557,3,9,3,False,3,train,train,False,262,724,
87fe5740deb9d4ef755cc157ff710cef,886682be4f834c17abfcbd5137374279,0.9557,192,2,2,False,0,train,train,False,1183,352,
be4ed7eb6be88b0c859a7dbdea0c90fc,ef49ceba7efcbd20b8cc1eda40b256fa,0.9557,2,2,2,True,2,train,train,False,1000,1248,
17364682bc0141eab397828f49642a60,c54e20196fd1f02eef4fe02190e773d9,0.9556,3,98,3,False,0,train,train,False,459,1295,
6c96bbaf8306071cfec8d90f54ede8c2,d439005ae0aeb218bcc014e67c92aba0,0.9556,3,4,3,False,3,train,train,False,1270,946,
a34c0d728771285a18dfb156259eb817,afbd2c0c897b2a9cb459c5a598cfdd9c,0.9556,9,2,2,False,5,train,train,False,497,598,
035b1edd3d1aeeffc77ce5d248a01a53,b2d4e1936bbd844314468799f1f35443,0.9555,2,4,2,False,0,train,train,False,983,1019,
074c3e01525681a275a42282cd21cbde,a9dc6f6175a76e18031ad38fc9c08026,0.9555,2,69,2,False,1,train,train,False,267,832,
23a5352a05eb718d38fc0e2e8e22e9b5,75835cc8ccb7fe86356cebdb35006fab,0.9555,2,48,2,False,0,train,train,False,272,1200,
0bce55d17bcc628e62c843a2420e723d,24ccdd39791fcac60d157701cb18c200,0.9555,4,3,3,False,3,train,train,False,68,90,
2b4e8eac6e778eddf0fe5b64e7ab47a8,79b3f2787261e5c96b3c9bf9a33c7537,0.9555,2,2,2,True,3,train,train,False,1306,271,
86c1e0a1ff57b2fcf24955c8ec925f1c,97bf4d65f07954809658e01478408637,0.9555,2,2,2,True,4,train,train,False,416,836,
5bc396007c667e5fec6587d07a9af93e,9ffb0d108038b5e91cf647c4f4b61318,0.9555,145,2,2,False,0,train,train,False,1061,473,
74121dc7165c19a5d72bdbe3eaeb90d2,be2b21968d5ad6861b24d7ca54d44ad5,0.9555,60,3,3,False,0,train,train,False,1348,1393,
1e781756a0e97724ca9592a7a9d8623d,d10444705e9e97c52affab94ba03f7be,0.9555,44,3,3,False,1,train,train,False,53,917,
13676e50355c7661e2e2745ecbe2cb7a,63f8656a7b3d99b56154a4098568b894,0.9554,3,17,3,False,3,train,train,False,1148,1431,
91e29de2d26bec1ecc377921c0ff0a50,dcc20ce75933d9800e4ad6ab2943e359,0.9554,2,3,2,True,5,train,train,False,394,1022,
275d8bdfde4df9a23274d06788c7ec38,4ec11bb76ae0ea613a8137379dfea508,0.9553,2,7,2,False,0,val,val,False,539,109,
8d2b245c0b16c142dcd57fa32cbc6d86,f079a9a9d4c30cbdc55917df9f5f6541,0.9553,2,19,2,False,5,train,train,False,386,1270,
812a1113758fbc57bd0dfd6fd6d9a1a4,9ffb0d108038b5e91cf647c4f4b61318,0.9553,31,3,3,False,0,train,train,False,1183,473,
0c88d7c7033e2048b1068e208b105270,f2f9aa01d545ac770dce5e61e6d756d4,0.9553,16,3,3,False,4,train,train,False,14,1298,
3155aef3abdeacd75a4758c212d93e42,65bf2cc6f9ed1eed86b8e7a908efe834,0.9552,2,34,2,False,2,train,train,False,831,1319,
20fe45e5ea3022602775d0aa86e8ef94,a288e70d5f393dd6d804ad5e024cb5d3,0.9552,4,2,2,False,5,train,train,False,575,1314,
a599d35b7674406256a5915ffbb23e33,ec3ec6bac5536595a5837020eb0fa482,0.9552,3,3,3,True,3,train,train,False,515,1216,
c192a7c5a94aacbb3293267bf206bf5a,d0bd34262db1f6c9753c6ead015e347f,0.9552,3,3,3,True,4,train,train,False,731,913,
fbee536cc1352614dda57bcf0786f387,fda6868aea710b2e286d1b575638050f,0.9552,6,2,2,False,3,train,train,False,696,598,
4953f5a813043846c5e93b13adbcd1df,4ef6decdc9422567eb07d8048f0febb6,0.9551,47,3,3,False,2,train,train,False,1200,285,
5de86ab9d9c631edb965696097e8dc92,eee51ecfd7d7fe5b3f4c2ffe27fae0af,0.9551,2,5,2,False,2,train,train,False,157,1245,
87e53ffce13cd04e1e3fb3c1d15f4961,c0a8a6e08e518643663b9635eea0eddc,0.9551,2,12,2,False,2,train,train,False,349,756,
5000abf0b5e24707cbad9f17e50db021,64d89f6270efae268f99717bfbf288e8,0.955,3,32,3,False,0,train,train,False,764,666,
33ec4577b716c843eb1224b41204aab2,e6a6f4658717ef0c20e18cc89b96f4e6,0.955,7,2,2,False,2,train,train,False,1319,1142,
1932ff2c873d7b98914c8bf50a32f263,501eb15b8ae1aa3507aaf0b3ba6ca231,0.9549,3,9,3,False,2,train,train,False,322,375,
365b34d59b0132366fd9feb0138ca7ff,ad1592d1b4b1f734e59a92f5ebef305b,0.9549,2,5,2,False,4,train,train,False,756,1402,
79c8f162b231aebb6c639afa3f4395ae,a7ca49c094be4bd969166477d5631a90,0.9549,3,45,3,False,5,train,train,False,860,1118,
b6d692b8d90c1bd9273bc36690796a8e,ba63dbc59e855af29d4ebab53063d296,0.9549,10,2,2,False,5,train,train,False,653,7,
2caca376bbc989ff677e3c82928b5fd2,e5fc40d67ca490bb598688f92a2eff6b,0.9548,3,42,3,False,3,train,train,False,1298,622,
08fc8cebe98efe59cf5b234d8de36356,d94046cd69c8102ff1e1a871077c7984,0.9547,2,9,2,False,5,train,train,False,961,1293,
80c676be159548673ff236d808209e33,91c2e90cf320a9e3cbaeee14fd3b44e3,0.9547,2,19,2,False,3,train,train,False,533,991,
5bbfd8d8ffeddab6682224295a180bb2,8692eb523165283411d0ceef96c42592,0.9547,13,3,3,False,3,train,train,False,509,1472,
24b0dda87e02e90f4bdc747a8a1964a6,8efb75ef39c5b55cffeac6d3d19cf238,0.9547,4,2,2,False,4,train,train,False,29,499,
d12d9f200e1746eddbbe430243a46cb3,f480b897adfe65f572f79d9f8d45ac9e,0.9547,47,3,3,False,4,val,val,False,919,1320,
237d42417a3621368cfb0a3280d3f252,95a85a81c83b5998c80585869737df0b,0.9546,3,18,3,False,4,train,train,False,1042,1306,
6426935440acd920bae26da8165ca680,e0ca5e9b18d9d563d7b6a4fe3d919f89,0.9546,2,17,2,False,0,train,train,False,184,1075,
7b22fd3e61cb1d3649fa02db994ab146,a27a666f057315f08ce43d8da423e8ea,0.9546,3,12,3,False,1,train,train,False,329,807,
105cbd187035503e56605db53600b491,4517c109e23cf3b572373db82b519303,0.9545,2,2,2,True,5,train,train,False,1398,1389,
41da5a69cd944b9556aef7d8829db011,43111f9c3a9aca9f3b1daf09f392f3c8,0.9545,21,3,3,False,3,train,train,False,719,1158,
0b373388b189bee3ef6e320b841264dd,5f223137ea4f913a22c5a3074195d37c,0.9545,29,2,2,False,5,train,train,False,1118,164,
2009aa01bb165a3c8a6b3d5a633ca9ce,98ba51c7a4ca7316ff1bc776365ca14d,0.9545,7,3,3,False,3,train,train,False,1306,428,
49adfe9cc766f35827b1db55e01d8cca,9b78976098554461d749dc6ea6afc9ba,0.9545,7,3,3,False,5,test,test,False,220,1016,
23414fe2aed7c291d2036527c761874e,6bb4cd81976d643a0fdb67c50636d01c,0.9544,3,7,3,False,5,train,train,False,391,305,
339bae6b7ac013bc70f243812c863125,a1623edb50042b97567bc9662436c264,0.9544,3,11,3,False,3,train,train,False,936,483,
2f0a9b15f067539455c1a5548a114f78,8065167dbab09db4ff16c3a34da435b8,0.9544,23,3,3,False,1,train,train,False,1148,300,
08abd36dda089b53088bb7bf7558336a,8cf19589a1981643086e40e44940a4c5,0.9544,8,2,2,False,2,train,train,False,305,894,
72e996bf235d7bcec83fd9c8f7de1977,ac22e5a3ef26a2942ff5c0d0edd11040,0.9544,4,3,3,False,0,train,train,False,1092,631,
1fc2550b52a90b15a9b20484c012b6dc,81d946312f17a79100cf3471da48ac9b,0.9543,14,3,3,False,3,train,train,False,366,309,
0c26185c4a50226bc489999b62860aab,254fbd7f21925ba7732800213af7ed47,0.9542,9,2,2,False,3,train,train,False,515,536,
64e742d9850512f85145eeca0811dc0e,691a9e62ce9f6633c08462c398f7e140,0.9542,13,2,2,False,1,train,train,False,276,205,
6ce32756e33b10bd4569aa15b5db3355,eb15bfa8f37ebcbd3bf26ea07060f491,0.9542,3,3,3,True,3,train,train,False,222,1196,
7120c2334b94794a94cf54a4ef1a2303,87f54ef4d144fdbcc7a97541396e3a9b,0.9542,5,2,2,False,3,train,train,False,424,350,
080b829ec59528590e76b57d25fdda55,ecbfe1443366caf1e5c4e0d9985d5c85,0.9542,7,2,2,False,3,train,train,False,997,1221,
16d60f4cf354e55767cd9ad2b7ccc4bb,e884656fcde94956590b64acd504a00d,0.9541,2,313,2,False,4,train,train,False,1290,1292,
4c52ceaed5d168bffd8f2e0175a6ebbd,cb0a506d82d41888c1e0b1d54649a53c,0.9541,2,5,2,False,2,train,train,False,569,105,
3b5b3a2cc026cf58cc19bfa66b4873e3,5846acd1f690271cfb0264154dcccdd9,0.9541,14,3,3,False,0,train,train,False,1393,184,
88fb00fabc97d341a95e97a593c3fc43,94a91bf6dc832eda6a8f9fc70aae77bb,0.9541,3,2,2,True,3,train,train,False,1331,562,
ab58a4a56d41cbe525cc50810dd2ce3a,cf55f513b16209a90e3d71b1f5234c95,0.9541,3,9,3,False,5,train,train,False,935,898,
51c3d460a2f37b0c8948478f702bddb4,f1f5f493f2f436a7049f899b4ca4bac6,0.9541,4,2,2,False,4,train,train,False,700,1024,
0cb3f826fc871be280fd81ddd875b221,c192a7c5a94aacbb3293267bf206bf5a,0.954,3,4,3,False,4,train,train,False,913,731,
53a053373822079628726191fc5b76d6,7b167a43593cb2fcbdd16b62c995ea2c,0.954,3,5,3,False,5,train,train,False,1402,1307,
549f87924e4800a7112f6edd5c250ebe,6f5722cf3b8e5a90dc1e0eff127c4632,0.954,3,163,3,False,0,train,train,False,127,1183,
3faad4959dbc001b2529a158822193df,72e64850d127c65815492af84473a26e,0.954,23,2,2,False,0,train,train,False,730,1183,
383832c3a141f0c57b3bdef29a9b2b76,62605db0277dd94dd1fab196966d8c18,0.9539,3,4,3,False,5,train,train,False,682,496,
585bf47f399249d4bc1e18a0aad69d2a,d2bc6a6beb7e4d86acecde314f99ce4c,0.9539,2,6,2,False,4,train,train,False,138,962,
77de0e765d8729e7386589f21961279f,b7932b71e15722e1908ad98af13d50fb,0.9539,8,3,3,False,5,train,train,False,410,624,
4674372bd1be97535314d987e253a6c5,f9b0585f3bed42786c6c9fc199e59dc8,0.9539,4,2,2,False,3,train,train,False,90,1387,
16cc34b16c0b30e43e8c33f572440ae6,eee51ecfd7d7fe5b3f4c2ffe27fae0af,0.9538,2,7,2,False,2,train,train,False,157,1245,
3c7975c16b2cdfb94d17b86f33219f65,3dedb469b5184d4d8920dd9b6af01139,0.9538,3,11,3,False,1,train,train,False,146,271,
1521d8add6039d68060e919270448018,f659913017aab32c0ac0d88d0ecfe62c,0.9537,2,213,2,False,1,train,train,False,1269,971,
282661ce17b00e09fff141cc827d6849,a31ca214faca4b030f4610c79e4e5b3f,0.9537,3,2,2,True,3,train,train,False,1276,889,
6a2889f097b3501ebc0343427e9e0c3e,c176d5630828984c57bf0c94751145a8,0.9537,3,3,3,True,0,train,train,False,481,1081,
3153fb3c7de0d4451a51d7899b9107dc,ee690e4e9eb2bc1b23acaa64ecfedb3e,0.9537,13,3,3,False,4,train,train,False,639,1237,
2268c3174c1c0890af7ae1bae4c8cd74,fb01a0a69517bb47d7f4699b6217f69d,0.9537,12,3,3,False,5,train,train,False,203,1402,
02e5b03f8ea7ea2787101b758291d162,c3064f9d63880b237fb22d242a88bac9,0.9536,2,3,2,True,3,train,train,False,222,1196,
60a15dda8570e347a3529a062fb1d5c9,8334f4fbcf2dc31f0142d5b66ec36400,0.9536,3,2,2,True,0,train,train,False,1132,752,
6e1fa7c1156d3e0dda56638b893d86b6,735ed10b9f870ff45482454f55b1d807,0.9536,20,3,3,False,5,train,train,False,1021,706,
79b3f2787261e5c96b3c9bf9a33c7537,f3d92b6ae8a2ad0325d714b395229e79,0.9536,3,5,3,False,3,train,train,False,271,1306,
7f46d3906c54e47d26aa7d3114b36a9d,d72d765ec852ae3f40b39fa6111aa1a0,0.9536,2,9,2,False,5,train,train,False,898,1193,
886682be4f834c17abfcbd5137374279,a0a19caa7f2b6ff84b3e5cf0aa3fc68e,0.9536,3,80,3,False,0,train,train,False,352,1183,
c32fba73ac1af46b2ccfd549172f1227,e241df65ca9194cb95c86f93ddd85bf7,0.9536,3,7,3,False,3,train,train,False,1325,1094,
dd11c9143fb6c56396e0693465d2430e,e28c566407ff5c15179ef801e8fbfeaf,0.9536,2,111,2,False,0,train,train,False,1026,1292,
742e58363ad59930dd29cd4d23e3e2e0,d1ec2a1c9426ba4bcd9a5bb5fd047ee9,0.9535,3,9,3,False,5,train,train,False,1303,1337,
ae63763dc4f4fad673ec942dfe1c0ea9,e726a8eac36c3d91c3c4f9edba8ba713,0.9535,3,2,2,True,3,train,train,False,583,1150,
3f3f6a1f515cd9ae79e323a4759f0888,eea0cd8ab449057ce50b7d411b63d6e3,0.9534,2,35,2,False,3,val,val,False,166,1240,
3bb8426f5536b507843d3c99ab0a5e8e,3fa1e5427fd312f27072d99cb14a63d3,0.9534,39,2,2,False,2,train,train,False,409,1245,
625e6a283b25f0a077a714b3adce614c,b0fd3778526aec216e7db68d267c0897,0.9534,2,20,2,False,5,train,train,False,589,961,
5bc396007c667e5fec6587d07a9af93e,91e2c35b8c9d4b6c1772f0589e6a81be,0.9534,174,3,3,False,0,train,train,False,1061,473,
ba90d2787827da36ae89c1512c8d5523,c7b0847043525e321b2c48d04cd820e5,0.9534,11,3,3,False,0,train,train,False,690,822,
0b60ac39ce977146c4bd7978d62bedeb,294ceada24790459c1b9d4392fb07f4c,0.9533,2,8,2,False,5,train,train,False,179,595,
54c0ade41f99b4f8d141628ee9c6be50,adced66ab9dcf618633efe9f1b837fcc,0.9533,3,6,3,False,0,train,train,False,815,1346,
30dbd061bed3964c478e64269bb5870e,83388ee25283c6bdc0cd5ed50b5fb50d,0.9533,5,3,3,False,5,train,train,False,970,313,
678662d4740c7fff8751b9c57bbf25a0,87e53ffce13cd04e1e3fb3c1d15f4961,0.9533,45,3,3,False,2,train,train,False,902,349,
0f09d54c1c7484c7892e834be3153964,cf8b47846bb4ca7eb4445600a32480b1,0.9533,9,3,3,False,2,train,train,False,973,795,
29053c264a170a054de97ff356245dfc,665fcad8a2159796d111633809f6d0b3,0.9532,2,6,2,False,5,train,train,False,442,567,
7982c501352a5974743b000378f161b8,c549a1ab70c4de9755941eb6269e13f6,0.9532,2,41,2,False,5,test,test,False,268,800,
a04846524f108bb046c4e39f3dcce5d3,af71c423997e01b837567d16bcced649,0.9532,2,10,2,False,5,train,train,False,1314,595,
def34835d0079f5fdd5bfd81b01ff7ee,fd2ad62fe51a4ab6f4786f116d7e5eaa,0.9532,13,2,2,False,3,train,train,False,1048,1431,
2fb68d6713a52e322692dbc99ac82444,c565cc5d7e32aa5bb05dfa84aa5f442f,0.9531,3,7,3,False,3,train,train,False,66,801,
028dc05d52d1dd336952a437f2852a0a,b6d692b8d90c1bd9273bc36690796a8e,0.953,3,18,3,False,5,train,train,False,7,653,
2daec36424a8f2afeaa4aad3d33a1589,3848fce177d0cc469f4ca60d802445af,0.953,20,2,2,False,5,train,train,False,417,487,
5166d94b7a25c6b05b399b16c65a2b6a,90b46d166cca71d23d7158ce41f5863c,0.953,3,70,3,False,0,train,train,False,115,911,
0c26185c4a50226bc489999b62860aab,ce04c1a8d8577bb9620620c0a62edb15,0.953,10,3,3,False,3,train,train,False,515,883,
bfcc9e5ac8e39cf903c5a70ca5f8e2e7,f7d30df03c85f640e735995c61e9e2f7,0.953,5,3,3,False,1,train,train,False,881,1364,
f1a65bcc3e01e8de90ea405984c61c4e,fd1286054e5e7063369cabd6ecf7af13,0.953,7,3,3,False,5,train,train,False,1284,1430,
3c659b2837afab3af6b952fcbaa6a515,b339154c789a5103d16f3cde70f20fb9,0.9529,3,4,3,False,2,train,train,False,617,375,
94357950df8207565fbe7d59a3084a1c,9e3843c81ae2badfb22d9a46813d4470,0.9529,2,22,2,False,0,train,train,False,581,459,
040847f885854a69d231c46196288d46,145ae6f948b36cb450a7eeb9cbac4cfa,0.9528,3,39,3,False,5,train,train,False,347,526,
4c7318b58b1d1485e7c4b02e2f983e4f,514bd15da8c32fabbd07c8b00a147173,0.9528,2,56,2,False,1,train,train,False,105,1463,
637816ad02733d3306ae64bd0d2b6bee,f83af16db53783f37f6614cf3bc3e5af,0.9528,3,2,2,True,5,train,train,False,179,1373,
55dae64aaea4bd532b6889d0632517de,c1fdc376869d4832520659ead6e02eed,0.9528,17,3,3,False,5,train,train,False,503,766,
142bb88e0db1abb959a792eb24b646be,360b8957b3c406f10d61a23161609476,0.9527,2,2,2,True,4,train,train,False,92,190,
108f2256764d82324ed9b2416b958291,5ade4e241be260978daf1da130754c6a,0.9527,5,3,3,False,1,train,train,False,1458,146,
7d0ddf6bf84b1b3d6c8dafe1ab13c4ec,89afbbdd7813f149b3a047bc544046a8,0.9527,2,3,2,True,5,train,train,False,558,1314,
55a01c1ebef6b40ac9916b6abe9b57b0,d72d765ec852ae3f40b39fa6111aa1a0,0.9526,2,10,2,False,5,train,train,False,1041,1193,
a36875e181db085aea379748f6664b10,f9b0585f3bed42786c6c9fc199e59dc8,0.9526,3,4,3,False,3,train,train,False,90,1387,
7d86c5e09004e3016838f192ecaac540,f4b4036b067b9eb61cd9b86629ffb7dc,0.9526,67,3,3,False,0,train,train,False,1348,1322,
0c26185c4a50226bc489999b62860aab,1f7819845dfc427b9fb10a3420deaba4,0.9525,11,2,2,False,3,train,train,False,515,883,
84ae5b7bd213e53668fa2eeba29ac60d,85537a74e1872569f03e0fed5e8fb9eb,0.9525,3,49,3,False,2,train,train,False,323,880,
ab58a4a56d41cbe525cc50810dd2ce3a,f83af16db53783f37f6614cf3bc3e5af,0.9525,4,3,3,False,5,train,train,False,935,1373,
1bc342d4ebef1660782a5a477f916083,be95b2d37a7c10e553e074ad4cc98f78,0.9524,2,2,2,True,1,train,train,False,923,735,
616abef9b646a96fb3f9fa9171d98e28,91af122d94f80bb3d32eaed47bbce034,0.9524,3,15,3,False,2,train,train,False,1368,635,
a6da01c66cfebf7492f28f70bae9b5de,d4e11ec26633ed74394b8df2228bfb75,0.9524,2,4,2,False,1,train,train,False,565,950,
bd4b881106dd6a8658ee1e9afdb1844f,fe01b010f147bf3af7740f2f52b45da9,0.9524,3,2,2,True,5,train,train,False,718,401,
1a9dc3df5b76c7c4968530cdc05df1ec,1d5d638e25521b927dd533db4fadbd46,0.9523,2,15,2,False,2,train,train,False,1248,20,
23a5352a05eb718d38fc0e2e8e22e9b5,ccf9d24a414565e908da2e72beb306de,0.9523,3,128,3,False,0,train,train,False,272,1200,
0bdbe5375568e1df2ac1f3aa984081e4,7584a04126c380a776b9a27c23ca2a1d,0.9522,2,79,2,False,1,train,train,False,88,872,
1439d6813f1dd6acc639c12ea388c990,69da9f886fc4413167b8b144da775269,0.9522,3,17,3,False,1,train,train,False,1369,1159,
1521d8add6039d68060e919270448018,8b48c767af9bb73efebdd338e8f07891,0.9522,3,22,3,False,1,train,train,False,1269,740,
22bd68be2b5e83226add4783a892a467,259178ac6e1413c067aa7b0f01a13f7a,0.9522,2,4,2,False,5,train,train,False,1304,403,
3795ba90ba4303d37accaa4eaf82c747,99c6eb1d87928dfae4d098276b85b98c,0.9522,2,10,2,False,3,train,train,False,66,434,
85023ba8cc7feea2e418d107c5bb8e92,b7295985832c4130a410a77f37061107,0.9522,2,9,2,False,0,train,train,False,911,1361,
0841bb278823ec53920d723881c7afd9,ef7e5ebd23757e3446d0bc4c47dc8e96,0.9522,14,2,2,False,1,train,train,False,0,1253,
506eec1a2c0a806ef10ff76a9934cfe0,f0921067172c8fe3062cfb2b77a9a549,0.9522,4,2,2,False,5,test,test,False,1367,1272,
7cda8336608881de4ecf64d5319721ec,954e9c58e7e2007d308584e35368996d,0.9521,3,13,3,False,5,train,train,False,1341,1212,
33ec4577b716c843eb1224b41204aab2,ba4a7100888e96520a047cbd8f889371,0.9521,17,2,2,False,2,train,train,False,1319,80,
149013f5cddc13244ac55531bf74f8f7,dcc06d1ff01037f11254e5d5cc3c77d2,0.952,3,4,3,False,4,train,train,False,1388,1314,
3a787189b5d4eeb7bee8f05aa825775a,3c8b636f1d0af8f8e4d5cfa2479b4069,0.952,2,8,2,False,1,train,train,False,1125,379,
555d77d0fe4570a4697b91b9608d325e,eb341a42f1e27d3af125fa1bcba8c799,0.952,16,3,3,False,1,train,train,False,784,1200,
28794c06886c4abf3946538620e3e36d,a5dbc558ca9c9612b608645238c15129,0.9519,3,4,3,False,3,train,train,False,1374,521,
a8d547b83d523669de401e539503ab03,e0dbde719b3f28fa7ef3e429b44c6d41,0.9519,2,3,2,True,4,train,train,False,542,1077,
8299e52f9a53b39407d0950456562add,f6c0aa4b8c3f21c9077ea8bb373b4c84,0.9519,8,2,2,False,5,test,test,False,326,1347,
b68551866ec91a3417b5c51a82f807bb,f82ed3f5d1a4a974884f7180af4f9ba5,0.9519,5,3,3,False,5,train,train,False,1373,1371,
67319450f16093d1be341212bc57c86f,72e6fcfe23c7eec6a0474b9d86c2f506,0.9518,27,3,3,False,5,train,train,False,197,1174,
904abf17bb3b1052483e2b026d2a2a7e,9daae3ddf1e47ccd9d2013917e47f497,0.9518,33,3,3,False,2,train,train,False,620,453,
beac155ed4bdcad4a5a4ce22717a6c58,fd3a19b58724189865a7b6bf3d70232c,0.9518,3,99,3,False,0,train,train,False,806,1433,
142bb88e0db1abb959a792eb24b646be,65ac6785f8184368e0a4a2e031b048d4,0.9517,3,2,2,True,4,train,train,False,92,190,
72e64850d127c65815492af84473a26e,e28c566407ff5c15179ef801e8fbfeaf,0.9517,3,147,3,False,0,train,train,False,1183,1292,
7db49c48802f5608f38c993982b1dcec,86d4621be3deca4f8d461e3abce7d585,0.9517,4,2,2,False,4,train,train,False,956,423,
8dc97d161e376446e0f2a80b6dbde788,a068d48cb0127a48b4b8c8574b39a2e3,0.9517,3,3,3,True,3,train,train,False,1047,925,
bc8042b8de3ce084219ac65217fc9e0a,cbe58732cb94078090d6a35b712e19d8,0.9517,2,3,2,True,1,train,train,False,710,863,
11d510d280156e0f3d3b14d22f6fd577,51b9b885a29947706f22bc545238cb84,0.9516,5,3,3,False,4,train,train,False,610,373,
59001f029aafc4adc0971c0397df6173,7d0ddf6bf84b1b3d6c8dafe1ab13c4ec,0.9516,5,3,3,False,5,train,train,False,1309,558,
f8e31591718a4a1934728a9767c6459c,ff80dfefc41b8863b476c5840f88fec0,0.9516,3,4,3,False,5,train,train,False,1379,1465,
2f36ff8187d5edeea79ad2e87763a89b,fe01b010f147bf3af7740f2f52b45da9,0.9515,3,3,3,True,5,train,train,False,164,401,
06fb67ffa126811dad6ffb6ecdb8558b,ebb6d5ca45942536f78beb451ee43cc4,0.9515,138,3,3,False,2,train,train,False,225,1389,
0bdbe5375568e1df2ac1f3aa984081e4,1d0aa0b565ed9bdbc6c1f4a00bbc4f3d,0.9514,3,8,3,False,1,train,train,False,88,414,
0cbfd6b7a0e0e936db19b032096621ad,8b126306391fa2af0f8bea265f2c9666,0.9514,19,3,3,False,4,train,train,False,1431,365,
915845d6283e37f8855d3ac5c0bcd599,c5e9176fa34d3fc8caccc6bb1f35003c,0.9514,3,8,3,False,0,train,train,False,785,806,
a1182a350f2f7c5b6d75aacaf5aededc,a8bd3316f3eeb3613dc827e2a424c727,0.9514,5,3,3,False,0,train,train,False,481,541,
1d5d638e25521b927dd533db4fadbd46,ef49ceba7efcbd20b8cc1eda40b256fa,0.9514,20,3,3,False,2,train,train,False,20,1248,
494a1bf06ff096d5949754b5d31f6805,5c49f67702374025434387903daffdb7,0.9513,119,3,3,False,0,train,train,False,333,929,
6c31153c5dffb6276f8adee046a09166,cdffccb112b4bc1ccd2dcc1cc3e948cd,0.9513,7,3,3,False,5,train,train,False,976,882,
4674372bd1be97535314d987e253a6c5,bfc0f3be45e3eff66989c2553cf39436,0.9512,5,2,2,False,3,train,train,False,90,1387,
162cd4fc05480042f1429d3eaed599d8,e9c30a0a07e89ca9ef91a04558d0318f,0.9512,7,3,3,False,5,train,train,False,122,1181,
65bf2cc6f9ed1eed86b8e7a908efe834,949b9f749f20ec960b36bd2fe50ac056,0.9511,75,3,3,False,2,train,train,False,1319,831,
3d4dfa23ca380f4883de30231e679fe0,d9ad3f3ed67f14c9c9b35a5c4e85400b,0.951,3,89,3,False,2,train,train,False,729,988,
ea5816321370d9d813bb7107c2ed0074,f653a47f9ec6465f92f08db9385e89ac,0.951,49,3,3,False,2,train,train,False,1312,1342,
8ed8da75b8a46d9e025378993e4dc41e,fda6868aea710b2e286d1b575638050f,0.951,11,3,3,False,3,train,train,False,696,598,
2203dab5343f7f0da21b7fce128232db,3e732d5a09c2dda7ecdedc6662475e90,0.9508,2,2,2,True,5,train,train,False,107,462,
28d2e92f40bdd98d7cd5275fa448fe2d,3e508c22af058baeb48beebd9b03be01,0.9508,2,186,2,False,0,train,train,False,127,1061,
4b992f28f2ad9809948ec801fee0078b,8835fd0dded2d34601a6fcf45e346b94,0.9508,2,9,2,False,0,train,train,False,103,337,
905733a0eeb4e1e2fadca080fecd62da,e241df65ca9194cb95c86f93ddd85bf7,0.9508,3,10,3,False,3,train,train,False,552,1094,
94a91bf6dc832eda6a8f9fc70aae77bb,f5688ca07c152e6777383cc871031692,0.9507,3,10,3,False,3,train,train,False,562,1331,
3c8b636f1d0af8f8e4d5cfa2479b4069,e4e8ee3d5d5ddfff49f6f12077146b33,0.9507,9,3,3,False,1,train,train,False,379,1125,
4b6ed79396add87dafb5a4d6846c6972,63d658e884c126ee082316a9b764cc0e,0.9506,68,3,3,False,3,train,train,False,271,1321,
1d363430fe95e7bf857cd20b5759a9cb,d5a8225a2a912684b38167cc6da67bdd,0.9506,19,3,3,False,5,train,train,False,961,1466,
a1182a350f2f7c5b6d75aacaf5aededc,de4966a35d76fc988a17d78d895b2130,0.9506,6,2,2,False,0,train,train,False,481,1043,
63943deba402196b1f80f92b23881ddc,be95b2d37a7c10e553e074ad4cc98f78,0.9505,3,3,3,True,1,train,train,False,923,735,
6465a5ab1539fe69d2392408606dfade,76a17a9705fd4ab2ccdcdd83fb7245ce,0.9505,16,2,2,False,5,train,train,False,1281,592,
b0db6c7062db390ce41581728f2ef122,f4ee61458d542b826014e72cb224a0b6,0.9505,2,7,2,False,5,train,train,False,605,434,
ac22e5a3ef26a2942ff5c0d0edd11040,b6d811787ee589d5c13dfd8f3aa893f4,0.9505,4,3,3,False,0,train,train,False,631,1092,
126ab775290fbfe771a67c94c6d50799,87099c2824149296269d9a9598f68af6,0.9504,3,2,2,True,5,train,train,False,301,339,
2eb5bcf03e017074aeab169637feb019,ff80dfefc41b8863b476c5840f88fec0,0.9504,2,6,2,False,5,train,train,False,1142,1465,
dcc06d1ff01037f11254e5d5cc3c77d2,f9c41c926032f8ec5db4c05b86dd2749,0.9504,10,3,3,False,4,train,train,False,1314,1388,
5b0c8d324c53998d7353ad17e591fd46,eb15bfa8f37ebcbd3bf26ea07060f491,0.9503,3,4,3,False,3,train,train,False,222,1196,
8cbc1d87857d1bc3eac98e09b7e10a3d,9df270613df3c7eb10ec71bfc1aebde3,0.9502,21,3,3,False,3,train,train,False,997,545,
0b60ac39ce977146c4bd7978d62bedeb,9b4f01490d9d27e94dd2f49f8f53053e,0.9501,3,2,2,True,5,train,train,False,179,442,
0b90de9a5e884982c165c6f2a46c5762,ea5816321370d9d813bb7107c2ed0074,0.9501,2,52,2,False,2,train,train,False,548,1312,
80983c7885cd02c9e9df539b58add687,87099c2824149296269d9a9598f68af6,0.9501,2,3,2,True,5,train,train,False,301,339,
d8530375294e4c94c9c2aa2c7f79c13c,fe6984b9e99ee331bb510c61f9e5ccd4,0.9501,8,2,2,False,3,train,train,False,980,1449,
3b537df59920e10d46f14627abcd3227,ffaf4de97335595fb711d3985523106a,0.9501,8,3,3,False,1,train,train,False,1254,1420,
0bc4086b7c5ed0463dde3926f10fc298,432abc4bb7e9413b738f13e982b11868,0.95,129,3,3,False,1,train,train,False,1079,1178,
76a17a9705fd4ab2ccdcdd83fb7245ce,db63c8584fb19a4425c8c80d86217af7,0.95,3,28,3,False,5,train,train,False,592,1008,
ac34101f332f6259e55a82c11d8bc304,ee17748d9c053471c135f5a397e26560,0.95,2,3,2,True,3,val,val,False,570,1233,
b82ed1b48b3493902aa7f60e8fd6e795,e2efdfdce6c126897cef60cde252def7,0.95,10,3,3,False,0,train,train,False,668,1102,
64d89f6270efae268f99717bfbf288e8,c1f555f3260b361647b7084898613037,0.9499,50,2,2,False,0,train,train,False,666,764,
0b90de9a5e884982c165c6f2a46c5762,21e9ed95b0e48b751b987794aa9cfd8d,0.9498,3,22,3,False,2,train,train,False,548,856,
11cd4062d15d22baae8edc898f374563,1e1862f8927813cacf7391cc55848ba4,0.9498,3,3,3,True,5,train,train,False,134,902,
52385ac03a42f5ba4629f4c486abe591,6426935440acd920bae26da8165ca680,0.9498,20,3,3,False,0,train,train,False,119,184,
3155aef3abdeacd75a4758c212d93e42,ba4a7100888e96520a047cbd8f889371,0.9498,8,3,3,False,2,train,train,False,831,80,
3b5b3a2cc026cf58cc19bfa66b4873e3,f41758ea4ca2fa1520cfe98a4c064e54,0.9498,27,2,2,False,0,train,train,False,1393,1310,
867b4fa9b0b2cc3aa0bafe948d72804a,e8f7e16be2dbae2d6ac3cc218d9adb7c,0.9497,11,3,3,False,5,train,train,False,558,1431,
4ba91dfdc9e3dadbf2a947592ec3ac0c,7670f6b1a24f876a30afc5f33043ede7,0.9496,11,2,2,False,5,train,train,False,632,856,
27fd3bb44c76fb86e26ca77b4e92f7a0,7c9d2571c6ced829b53f37465b030c5b,0.9496,12,3,3,False,5,train,train,False,305,1186,
1ec31c0ef1a94feed5942cfb9643f077,55e4c013d70e60e4db9425f9f6fd8997,0.9495,2,4,2,False,4,train,train,False,254,1252,
30eb8e531d1c9116964b7fbf45bf95bc,62de6f2b44980a0b7d2a926f828446b1,0.9495,3,4,3,False,4,train,train,False,1162,920,
8692eb523165283411d0ceef96c42592,fe6984b9e99ee331bb510c61f9e5ccd4,0.9495,11,3,3,False,3,train,train,False,1472,1449,
702a3a5fd638c2f5ca38ed562122b407,b7295985832c4130a410a77f37061107,0.9493,2,16,2,False,0,train,train,False,822,1361,
83300a2310d4bcca4194a54e5c276af0,84405e9c0ebeae71e44866948dbb6e92,0.9493,22,3,3,False,5,train,train,False,312,1309,
bd27ef7b7228054c910c8622a54d9906,f8398798a9dcd88e7475154488b11a1a,0.9493,3,10,3,False,1,train,train,False,795,278,
855256cd7062aaf319512b1648249481,e10ebd20ef424d61222ccc5e97dcc76b,0.9493,9,2,2,False,4,train,train,False,327,426,
33f9166b614aff651d1f0cb240dc98af,a737733c443a5aab85263c0a8ad94e2b,0.9492,8,2,2,False,5,train,train,False,302,861,
768c8df7881cfb1cae96959206e73732,c35a5c6dd47f3c37f339ff296ef1c6fe,0.9492,26,3,3,False,2,train,train,False,973,781,
287288c13cab7312a9ced8268cad03ef,c7f98a0c815cd3e5e2e84aa10fa08a2c,0.9492,86,3,3,False,1,train,train,False,98,1158,
02e5b03f8ea7ea2787101b758291d162,eb15bfa8f37ebcbd3bf26ea07060f491,0.9491,3,5,3,False,3,train,train,False,222,1196,
4758f0c0f3fbcc8dee2d2c898b4c40f5,65ac6785f8184368e0a4a2e031b048d4,0.9491,2,3,2,True,4,train,train,False,92,190,
4674372bd1be97535314d987e253a6c5,4d929aa6fe44ea0737891aff4f927818,0.949,6,3,3,False,3,train,train,False,90,1387,
664e570c2dc978f6711795f6a8c9bc6c,e3a34f11358350448279e275774a0263,0.949,2,34,2,False,4,train,train,False,194,1109,
160a477ebf1063575de0657e87aee1c2,9fa42d765e1d7d376d4fddc4c590ab37,0.9489,3,13,3,False,5,train,train,False,1379,856,
5563ecd2b196ed9f44541bb2ce32505a,5de921452c721c77d8ffa775b9241542,0.9489,3,3,3,True,5,train,train,False,882,1373,
0446851f36b7a60cb971e05365ce0188,f084f6eabe7932229687dfa7cbb3dbed,0.9489,7,3,3,False,4,train,train,False,433,1271,
3f5bab6cda2430e7cdf7ab27566599c8,8605810b8ba16fa6e2854dedad10d573,0.9487,26,3,3,False,5,train,train,False,440,339,
87cce4cbe31864141051ce2018ed29df,d696555466a833e38bfa678c25cb8cde,0.9487,2,5,2,False,4,train,train,False,363,1473,
05f4e9415af9fdabc19109c980daf5ad,94f8884c0106deb59d2b6abfbc53fc74,0.9487,16,3,3,False,5,train,train,False,132,407,
09320344c2ed4da7bdf50d9f03b9e0be,b48da7b81527cb6b406f2187043d9626,0.9487,57,2,2,False,5,train,train,False,1281,633,
50385e37db3576fbc30b26f7258921cd,bb89e53032c071629bee7a4ab2271519,0.9487,32,3,3,False,2,train,train,False,113,806,
0a107c91216d62b2543122a46eb26541,4aae2215d4d4ca911f61b2f159c188d5,0.9486,2,3,2,True,2,train,train,False,748,1368,
44fe9866a8fbfc80642bd800e2e4954b,90d0e6728b0cae76570b1abb459b522a,0.9486,2,126,2,False,2,train,train,False,85,98,
b25e5ec86bdfecb9335f0e683acfda87,ce5f21729823eb5d67ce2d874844e70d,0.9486,2,2,2,True,0,train,train,False,621,885,
28d2e92f40bdd98d7cd5275fa448fe2d,6f5722cf3b8e5a90dc1e0eff127c4632,0.9485,3,258,3,False,0,train,train,False,127,1183,
30eb8e531d1c9116964b7fbf45bf95bc,33169dcbdfa0088266152accc011f8c8,0.9485,4,3,3,False,4,train,train,False,1162,912,
9b7a3bed1f74654040a37290572015c5,d61cca1e607df1b865e3975a5b2d74da,0.9485,2,4,2,False,0,train,train,False,1348,959,
4502c2c9c9c1041564225b9d8fad13c1,9312f1d67670056fcff9a88c21a07e7a,0.9484,3,4,3,False,0,train,train,False,86,1199,
7adbbe8f689e5d5c0593855b056f7019,bb2ab3d537fc2ff5eda009019226c37b,0.9484,3,6,3,False,3,train,train,False,583,1089,
80c676be159548673ff236d808209e33,fb25f7ff2cc4e75558a70c33645e3fb7,0.9484,3,13,3,False,3,train,train,False,533,515,
a04846524f108bb046c4e39f3dcce5d3,abb4ad0009ce57bca8d400acff5d34a8,0.9484,3,10,3,False,5,train,train,False,1314,567,
1fc2550b52a90b15a9b20484c012b6dc,25caa73d08a34c0bedd8034cb4a623b5,0.9483,41,3,3,False,3,train,train,False,366,1263,
0aa6472328e4807ba54a807b8332da0f,b8affdee909004e05802b957c7d6e61c,0.9482,64,2,2,False,1,train,train,False,758,671,
480dc522c58d59f6a6eb7b5351352d16,fd6fe1a3985b17d067f2cb4d5bc1e6e1,0.9482,6,2,2,False,4,train,train,False,1020,1437,
06977be07ef2afb3ddfa7733f0c04917,915845d6283e37f8855d3ac5c0bcd599,0.9481,2,6,2,False,0,train,train,False,4,785,
098f7f7024f5c0de68e771c7273fc273,848811eccf00a2b215360b0a94e581f5,0.9481,3,4,3,False,5,train,train,False,394,1022,
216f065ac7c14bff00b1b64208a7c5ad,60e51083a75aa5283aadde7f110df48e,0.9481,3,88,3,False,1,train,train,False,362,1074,
0bbbb6734f721f4df4d2ba60ade0ed15,e8efa9929870f9695be85d3ee7276518,0.9479,2,37,2,False,5,train,train,False,1289,1174,
69240805aeb7c006dffd474b1253139f,6a1d806e8de5224e3134a345e2ee8f74,0.9479,4,3,3,False,1,train,train,False,207,532,
6b356b6a114a7663f2dbe960f217601c,6b4c77b671e8412d65773f9614816db0,0.9479,20,2,2,False,4,train,train,False,327,426,
724fe51b29e0e47c8598ca4d3947287f,f2d3ffcb3aa600272d70fe13b62a56e9,0.9479,3,40,3,False,4,train,train,False,1046,1294,
9c181659ec10a2d3c0d61ce45ef6d16b,e31d9b2e94f0a5774796a8e8affe0180,0.9479,9,2,2,False,5,train,train,False,797,1105,
9c5229cbfdd9234f73a514b0a2f0ad4b,c3dab3559def60da07e5e8417427f28a,0.9478,33,3,3,False,0,train,train,False,449,785,
0c74f7e82d446bd1cde9628fd6fa94e3,fb5fd7ab15e699998a30b36fe169431b,0.9477,3,34,3,False,3,train,train,False,375,1405,
72e996bf235d7bcec83fd9c8f7de1977,9f17dc61c028d8f3b160c2ccbfbf884c,0.9477,7,2,2,False,0,train,train,False,1092,763,
80628cfdceb87d93ff1bc91e23fb5c92,b119f1fd77a7da8feb9fb211e894fdb9,0.9477,11,2,2,False,4,val,val,False,299,609,
28ca63263be7194fbefbfaedd0637469,3444f3932c7c9d04bb8fcb095037ad06,0.9476,3,55,3,False,3,train,train,False,305,578,
0794712a5fdd9d31bdb4ea7c4f175054,76a8ff1f9493e07c2e6cd013e3ee0d49,0.9476,17,3,3,False,2,train,train,False,954,457,
65bed78cb62fb1647b84775d6e98c553,f539f2dcee1a03c730a2a5a9e2298fb7,0.9475,2,21,2,False,3,train,train,False,858,474,
26b5257856e96a2a3d3d3e681ae13aa1,9b4f01490d9d27e94dd2f49f8f53053e,0.9475,8,3,3,False,5,train,train,False,176,442,
6b356b6a114a7663f2dbe960f217601c,e10ebd20ef424d61222ccc5e97dcc76b,0.9475,22,3,3,False,4,train,train,False,327,426,
2fe856ea963cd9d023f693db12fe696e,db9ab40f85a838fb688892d9080a3560,0.9474,10,3,3,False,0,train,train,False,712,1425,
25e85593a9a51bbe10d9a2821cb096d9,e9c30a0a07e89ca9ef91a04558d0318f,0.9473,3,5,3,False,5,train,train,False,35,1181,
27b29f95c9715edd273ed25920611a63,915dd7918f5bbd16aa1ec7a677dcfe13,0.9472,15,2,2,False,1,train,train,False,1074,392,
bca42350673fb369f1fdbb6918bff701,e90abe191f61b6fed6d6781c8305fe4b,0.9472,2,3,2,True,4,train,train,False,711,855,
0bbbb6734f721f4df4d2ba60ade0ed15,72e6fcfe23c7eec6a0474b9d86c2f506,0.9471,3,6,3,False,5,train,train,False,1289,1174,
78d70c1732ef444ad636a5d3e2ae733c,d375f524d50db8fcf857eadcb70ef5d1,0.9469,8,3,3,False,5,train,train,False,677,935,
80983c7885cd02c9e9df539b58add687,c2230eb928a225c9cbb7d247cbde2b4a,0.9468,3,6,3,False,5,train,train,False,301,768,
98a4ecddc18f1fb75a9eb0c75406c278,e80386a9191e95c3547600d94dd3e3db,0.9468,11,2,2,False,4,train,train,False,776,1162,
2af2dd6d1fb4012582c9932ab3147492,50dca6da456cc4a4970e94207fb9e8d4,0.9467,3,3,3,True,4,test,test,False,199,914,
4502c2c9c9c1041564225b9d8fad13c1,5e334341a65fa0b9148fd9eddabbe5b0,0.9467,4,3,3,False,0,train,train,False,86,541,
66ed3b7961aea86a4a44a6798884b6bc,cc49ab08ac59448bd5158ab994eb7350,0.9467,3,5,3,False,4,train,train,False,196,865,
366cff575902d8a3e43cf0634e05d96c,6b4c77b671e8412d65773f9614816db0,0.9467,15,3,3,False,4,train,train,False,327,426,
49133c1015b7f1695b6225f4b0f1985c,4d30d4e5e4ad03b56b9125263caff7ee,0.9466,4,2,2,False,5,train,train,False,462,107,
450f03b3f86c156365c1f7ef8e38f995,64e7f3ba0ab29790d1ad571eed45f655,0.9465,2,10,2,False,4,train,train,False,652,775,
915dd7918f5bbd16aa1ec7a677dcfe13,ac32c2c755e496c5e7bc1949b78d36c9,0.9465,3,44,3,False,1,train,train,False,392,1285,
623155cecfa8cc671054be004d6cb2cf,c9600084eb770e9fd5eecff32421e4d3,0.9464,83,2,2,False,4,train,train,False,375,841,
0d495f9f23cac774653c41214c574425,fd3926d5158b0502b1a51811c50c3976,0.9463,2,7,2,False,0,val,val,False,195,1432,
24b5ae892c0ba535fc16f5cddcbf8dcd,a20eedc8f4a55e36f0bfc88bc5f8dd06,0.9463,3,24,3,False,2,train,train,False,165,770,
87e53ffce13cd04e1e3fb3c1d15f4961,e8d79e4c9b85f70b581e3403241672e5,0.9463,26,3,3,False,2,train,train,False,349,1173,
0325d6b779870b7bd216f3a81f6ab3d7,df386686a83a221eda2801df56e60bcd,0.9462,2,14,2,False,0,train,train,False,1154,1409,
6f310463d3868e86be87adddeccdde19,a7eceb34129047ee2d36352e12e12fbc,0.9462,2,7,2,False,4,train,train,False,235,363,
62dc9e6f426847d6d58e12c30e35a35a,775d39466b474d54ae714215034c5a83,0.9462,11,3,3,False,3,train,train,False,73,262,
8647686bb5a90fd797ab8ca2b9e40e1c,bc79710a91205883cbaf384d689b87d7,0.9462,2,97,2,False,1,train,train,False,893,709,
035a5208729ef164213954598b8df75d,bafd986d05ece7f6ac85544866c21877,0.9462,17,2,2,False,0,train,train,False,1420,760,
061054331a952dd1c9df45c283d756b0,eaec64217afad712384c73f33591e422,0.9462,17,3,3,False,2,train,train,False,46,1194,
775abecd4e7149acd83c9c3c55e2834c,e08e093639ae659b84c6d2c95f542f0e,0.9461,3,5,3,False,5,train,train,False,208,1073,
bd27ef7b7228054c910c8622a54d9906,e1b8d76e1ff3bb07fd92b1512e8c4ce5,0.9461,4,2,2,False,1,train,train,False,795,1088,
ab0c6950b69d38008bea90173b44aefa,fd6fe1a3985b17d067f2cb4d5bc1e6e1,0.9461,11,3,3,False,4,train,train,False,856,1437,
044b0937a90ecc3347acac21e9cd39f6,2f36ff8187d5edeea79ad2e87763a89b,0.946,3,4,3,False,5,train,train,False,401,164,
620261483418740878617c4e04015457,83388ee25283c6bdc0cd5ed50b5fb50d,0.946,3,4,3,False,5,train,train,False,970,313,
55b803fc495e1b30553a8b5b589eab7a,ed3028d82ffde075540a2d54abed2b15,0.9459,3,201,3,False,2,train,train,False,1340,1225,
88fb00fabc97d341a95e97a593c3fc43,ab81f1e238ba4350b836f161a0c5c043,0.9458,8,3,3,False,3,train,train,False,1331,562,
7dc96e4c875886e486b787b3787249ac,ad52bc1015f33bb777ea49504f87988a,0.9458,23,3,3,False,5,train,train,False,455,575,
24ccdd39791fcac60d157701cb18c200,39b14d182b154dde40a68ef7e9486065,0.9457,11,3,3,False,3,train,train,False,90,68,
5fefc2506c90deddd4bd9854b52895c9,aad4f67da18c05c09584db6539fded5d,0.9457,30,3,3,False,4,train,train,False,775,558,
035b1edd3d1aeeffc77ce5d248a01a53,4607eab3c100ba73a7815b20fb2f3cdb,0.9456,3,3,3,True,0,train,train,False,983,1019,
05b09773ad1b34275f0b5adee3c650ab,bfc0f3be45e3eff66989c2553cf39436,0.9456,2,7,2,False,3,train,train,False,469,1387,
0bb772b06c9e3cd1914e31b509556ebf,167ff6e9aa4e03593520c277f4071557,0.9456,3,3,3,True,4,train,train,False,5,374,
294c41defe507592692b93bb10c33123,d5b260922fb628cf83d7960ef02c4e60,0.9455,3,135,3,False,1,train,train,False,40,1183,
3e96addcbf4c1869d8f520348646cd60,da1bf67eeb0d10c8021d69a0d6128f15,0.9455,7,2,2,False,3,train,train,False,322,877,
5560bd3b03194cf9cdb514f7254b17b5,616abef9b646a96fb3f9fa9171d98e28,0.9454,3,5,3,False,2,train,train,False,880,1368,
19cd8d1657528f7d4895398a6fd093ec,ff53524d64cae1675216bbda40ad7cac,0.9454,9,3,3,False,4,train,train,False,16,1464,
09a20094c83eaa9c6a8c4f7c92b4bac4,bc11ea87ebca072c04df741c44aeafb6,0.9453,3,2,2,True,5,train,train,False,1219,704,
3109bea8f9be6a92c492ccf55c2ec5a1,48ace73483c38f13d786c4da72ecf25e,0.9453,2,2,2,True,3,train,train,False,776,345,
9b7a3bed1f74654040a37290572015c5,f46cfdd52edc05b57287b9b2bfbc058d,0.9453,3,9,3,False,0,train,train,False,1348,1317,
6e52a788e36a88c5267d49e219051d05,c2b4cc586b3984b248e7d095d4c0bd03,0.9453,25,2,2,False,5,train,train,False,1105,776,
901a4d6d3cdfc23bf94bc1cb3e03fbc5,f079a9a9d4c30cbdc55917df9f5f6541,0.9452,3,90,3,False,5,train,train,False,403,1270,
b48da7b81527cb6b406f2187043d9626,e3f0542a702cef736b649df9a3a98e8c,0.9452,3,125,3,False,5,train,train,False,633,1281,
21842d9a9ebb1e4efb6527fa04163452,fe025faa4c6e6de2a71f964b56de7c9c,0.9452,43,3,3,False,1,test,test,False,830,1445,
607afab0ebabe2ae01a282ebf467a7ee,7269db31c46c18a2c42711373b7ac592,0.9451,40,2,2,False,1,train,train,False,1100,248,
87564cf996f25607b3f4a3c2c3738f03,9dd40c0127d217bc4917e4db40e06e94,0.945,3,36,3,False,5,train,train,False,528,455,
99f67e0699d1a1230968cad37c3fa985,f236820cf87ca90929a81b8f4b2a3e3e,0.9449,2,35,2,False,0,train,train,False,690,1348,
4d9f14a6dab9f3df7a12bf708cb4aedc,a12ac7f1bc26fe59d642674fcbe45a30,0.9449,27,3,3,False,4,train,train,False,1325,482,
6c7c3d7b1d1fc86bcb91b75b18f67656,dc34ce090ee7aa4ffe226b4314810434,0.9449,29,3,3,False,5,test,test,False,220,1016,
0bd0dd2e0b715471eab534e1d815ebb2,87cce4cbe31864141051ce2018ed29df,0.9448,2,3,2,True,4,train,train,False,235,363,
9676a10811c1fb71f39ce325e330cd06,d1766314b6c9a6f528f4cb6643798d41,0.9448,5,2,2,False,5,train,train,False,1195,920,
7989dc8593e576e3c44df1054d5d4686,fb85ad4fd2bc74adf94bd9cc36ee63da,0.9447,3,23,3,False,0,train,train,False,537,1408,
3c0e4614fe9fc45936749d12d29bb127,719a8909e15987594a62462fe4fa60e9,0.9446,3,59,3,False,2,train,train,False,728,547,
1c239449d7f8707211a0e6821848a1c1,bb2ab3d537fc2ff5eda009019226c37b,0.9445,2,10,2,False,3,train,train,False,328,1089,
39aa993dd0320beff42381bc9b6b498a,83d0de668184afcde783b9922ec962b1,0.9444,6,2,2,False,5,train,train,False,107,1065,
ab9b00885d5960b51efd3aa59cb95269,e31d9b2e94f0a5774796a8e8affe0180,0.9444,12,3,3,False,5,train,train,False,961,1105,
39026a5b4f7486acd7ab9d02482ff69b,b25e5ec86bdfecb9335f0e683acfda87,0.9443,2,3,2,True,0,train,train,False,885,621,
3db32216102af6f7106c9124bf71d097,db2ba90004c04e2de4213fa0c2614f82,0.9443,3,133,3,False,3,train,train,False,74,1256,
70fa73960db8729c176876aefff96562,d707d86264e14f3d3f5bac156693e8f9,0.9443,2,6,2,False,5,train,train,False,241,1284,
88fcb6de1ead418b238f198a635179c0,9b19a8b453e20a9b9e27385cb4f65056,0.9443,78,2,2,False,4,train,train,False,1298,1187,
c115a53d035363f2cc49ed0b98934b9a,ea2f3faabd452477e8f792ca02925cd0,0.9443,22,3,3,False,2,train,train,False,375,1187,
4dc731d30fb8010b313c357fa56459e3,5153df72c43ac1de852e734075691c30,0.9442,5,2,2,False,0,val,val,False,739,495,
6f310463d3868e86be87adddeccdde19,ad9edb9b14bbf3ae9abd4f861c5462c7,0.9442,4,2,2,False,4,train,train,False,235,855,
11a715facad7b619e3213ce126be1c77,2d1b57132c3a9858f4d983a10e07e9a0,0.9439,3,12,3,False,4,train,train,False,94,254,
70fa73960db8729c176876aefff96562,988c9deb4dc9996464fbccb6976dad1c,0.9439,3,9,3,False,5,train,train,False,241,678,
44bd92639cb37e2cc41d253bc4671241,ad9edb9b14bbf3ae9abd4f861c5462c7,0.9438,2,3,2,True,4,train,train,False,1326,855,
284dcd2d3d6d09fab242477dce6b69d1,a909701d8fa86ba27f313a84d5aa0d32,0.9437,2,10,2,False,5,train,train,False,313,1306,
18157fa5a744739d34a3c498e4aa8dab,80a9fb86cc68aade057a0e680f3e5c0a,0.9435,24,3,3,False,5,train,train,False,1373,882,
8647686bb5a90fd797ab8ca2b9e40e1c,ebbdc2a69a66aa07cc0b56dee6b04e8d,0.9435,3,127,3,False,1,train,train,False,893,1208,
72e996bf235d7bcec83fd9c8f7de1977,c19623cc0d82d0d5f219400b027d8190,0.9435,8,2,2,False,0,train,train,False,1092,763,
6742b677fba068f36457e397969997a6,bc11ea87ebca072c04df741c44aeafb6,0.9434,21,3,3,False,5,train,train,False,1219,704,
38ef6c8f4020a8fd27316f43493aec40,f88e932503d0e42467edb710bb8b9c46,0.9433,3,368,3,False,0,train,train,False,1192,911,
a66acc12fbf3f3d375bac7f768336aa5,a8bd3316f3eeb3613dc827e2a424c727,0.9433,2,8,2,False,0,train,train,False,1043,541,
6680a6ff460fc841b3898bc55926a3dd,d1766314b6c9a6f528f4cb6643798d41,0.9433,4,3,3,False,5,train,train,False,1195,920,
192ef6b5c13cb775f8a1d3047c627d99,5c023def11d24939459afd3e3cb69620,0.9432,2,43,2,False,5,train,train,False,1112,375,
01a5e35b1ae21f3cfbe100b4b6aef451,a5e2deac3b93d0f64589072881e39ca7,0.943,3,15,3,False,4,train,train,False,138,962,
44bd92639cb37e2cc41d253bc4671241,bca42350673fb369f1fdbb6918bff701,0.943,3,4,3,False,4,train,train,False,1326,711,
48ace73483c38f13d786c4da72ecf25e,ddd2f284a0815fb717d5ad3ee2d0d3d8,0.943,3,24,3,False,3,train,train,False,345,1221,
65bed78cb62fb1647b84775d6e98c553,84f098dc3c4bbd751d9f5e66098bbeca,0.943,3,29,3,False,3,train,train,False,858,474,
69f32b20f51e4166809a29e594764865,c18eeeb86a7027e6d3c7ca400d75c8e8,0.943,3,186,3,False,0,train,train,False,1335,762,
814e03e0dabe52a24961a88e331c43f7,a807e743ad2020d229347aede1882a8f,0.943,7,2,2,False,3,train,train,False,306,532,
af71c423997e01b837567d16bcced649,c2b4cc586b3984b248e7d095d4c0bd03,0.943,56,3,3,False,5,train,train,False,595,776,
3eee912c7daba1d6c5c6968ef71b5570,ca7e20935c1f277b2ac228ab363b371a,0.9429,3,6,3,False,1,train,train,False,413,1078,
09a9f7497e6ba14eb0a12388ca17540d,9fb84dd896f468b8bf464912b810d202,0.9428,3,316,3,False,3,train,train,False,345,1341,
39aa993dd0320beff42381bc9b6b498a,d7e2b72270a8d5d8a5f06ec87cff735b,0.9428,9,2,2,False,5,train,train,False,107,976,
815c0f16b5b809d54293c6c981c7daba,d5a8225a2a912684b38167cc6da67bdd,0.9427,3,8,3,False,5,train,train,False,1073,1466,
beaeb46f623d7739758358065ecb0bab,e0c2ac1e8919079234c7d0b9df13adff,0.9426,118,2,2,False,2,train,train,False,736,1074,
3ea446fb35b118a634e5f5ce509f672b,7b7884a293fae272689b6d18e245dbe7,0.9425,3,30,3,False,4,train,train,False,589,639,
9599d5f691b56b56aac30664afa7ef45,b6d811787ee589d5c13dfd8f3aa893f4,0.9424,2,6,2,False,0,train,train,False,411,1092,
467f8386fb72e5fe9970db33c8791302,a280d60407c69e37fad4d7290ac948a6,0.9423,3,111,3,False,0,train,train,False,245,1389,
4996dee45b988e6e90cdaac8d5efbe7d,5c4baef054d63b3b93c99a885fc94fac,0.9423,3,15,3,False,0,train,train,False,393,979,
05b09773ad1b34275f0b5adee3c650ab,19963a5a3c42675307056e0be36851cf,0.9422,3,16,3,False,3,train,train,False,469,1391,
0c26185c4a50226bc489999b62860aab,a82f9f71cde84001ecc92ccb09eccb5c,0.9422,31,2,2,False,3,train,train,False,515,536,
464f8dbd8b906717dd1eb94a344f7262,ca66a5c35e8d7f0e026086d58922aca7,0.9422,6,3,3,False,5,train,train,False,842,849,
11a715facad7b619e3213ce126be1c77,fb61f2df28791cf878406496100a8c95,0.9422,4,3,3,False,4,train,train,False,94,920,
24059c009e9ce9f671be3182eb6e24e3,c3dab3559def60da07e5e8417427f28a,0.9421,3,8,3,False,0,train,train,False,337,785,
3acfefa2f174d9f3f555cae12f5394ee,573cdbd8eda0e7ccf8a1df177f1764cc,0.9421,97,2,2,False,4,train,train,False,71,133,
4502c2c9c9c1041564225b9d8fad13c1,975e3dab22e437d040f2fd296a8d038f,0.9421,7,3,3,False,0,train,train,False,86,964,
30cedc1713c3941e5b45ac98586b8208,abc48431c594fdbb2441e59e9572bee6,0.942,2,3,2,True,4,train,train,False,1007,1373,
d5ac3e845ce7d8ae724837805912da91,fbe139b6227a1430960fe9359826cf89,0.942,2,2,2,True,4,train,train,False,955,1410,
31b7e0ab60877ab8de35a95e04629144,e80386a9191e95c3547600d94dd3e3db,0.9418,3,4,3,False,4,train,train,False,374,1162,
756d99387536d5721fcf4cf590627179,ec31746a04ca87e961b4b9d4d6f6bd60,0.9418,231,2,2,False,0,train,train,False,1292,1332,
141c3b4a9a4a0411e144ddf2f642eb21,40d72d6f5f5d4f243e448d8ff1838f2e,0.9417,2,8,2,False,4,train,train,False,106,332,
244d9617bd58fa1db73ab4c1f40d298e,ab58a4a56d41cbe525cc50810dd2ce3a,0.9417,3,25,3,False,5,train,train,False,79,935,
29baf6f84e1414443d5fcd1ddb1af08b,9312f1d67670056fcff9a88c21a07e7a,0.9417,3,6,3,False,0,train,train,False,86,1199,
11f9b8c48b800c4434f693f0e76bc3b4,3d3de59a9cdafdb58eb5ffde8dab8d70,0.9416,2,35,2,False,2,train,train,False,1424,98,
1406f6f2b430bc206d22fb814d6edeba,bba3d3535ac1643bc9bb0bb1ca657b7d,0.9416,10,3,3,False,4,train,train,False,1024,700,
6811459c1bf02a325e7b475a97abbdb5,d0cb73c9ad19c13c6fe93cc2c61cc073,0.9415,3,9,3,False,4,test,test,False,199,914,
1aaa3e8a1b4a738cb9a2d358dd45dbc5,ad9edb9b14bbf3ae9abd4f861c5462c7,0.9413,2,4,2,False,4,train,train,False,257,855,
360b8957b3c406f10d61a23161609476,4758f0c0f3fbcc8dee2d2c898b4c40f5,0.9408,3,3,3,True,4,train,train,False,190,92,
4599ff734c6e613e38adc41ce8f798b4,4607eab3c100ba73a7815b20fb2f3cdb,0.9407,3,7,3,False,0,train,train,False,204,1019,
450f03b3f86c156365c1f7ef8e38f995,c29e03d8171d9e1b2ddafd0bdf8e6dff,0.9406,3,2,2,True,4,train,train,False,652,775,
9c28f2bb8ecc9e89f8c141b768434d67,e31d9b2e94f0a5774796a8e8affe0180,0.9405,2,9,2,False,5,train,train,False,511,1105,
6e52a788e36a88c5267d49e219051d05,e55a0a59287bb3e3c51a6775a3ef30dc,0.9404,42,2,2,False,5,train,train,False,1105,1179,
29053c264a170a054de97ff356245dfc,63a41234a703cd382686631e0dde6986,0.9403,3,13,3,False,5,train,train,False,442,180,
ad9edb9b14bbf3ae9abd4f861c5462c7,f4fb736869313562fdc74a65b7b9eb2a,0.9402,6,3,3,False,4,train,train,False,855,1326,
05f4e9415af9fdabc19109c980daf5ad,f9404d959c3c8f6ece797507374dc386,0.9401,53,3,3,False,5,train,train,False,132,1383,
1e0ad5923738c6350a87ba9bac5ffeea,450f03b3f86c156365c1f7ef8e38f995,0.94,2,4,2,False,4,train,train,False,905,652,
